time_s,barometer_v1
0.0,96454.08504445988
0.01,96455.21327175506
0.02,96455.02707817697
0.03,96454.83425944207
0.04,96454.82179093294
0.05,96453.48567635157
0.06,96452.52674252997
0.07,96452.2237924452
0.08,96450.3187844821
0.09,96451.06233718082
0.1,96450.2256000313
0.11,96447.7588574376
0.12,96450.10700012022
0.13,96448.00009961677
0.14,96447.36245510876
0.15,96446.68193189644
0.16,96444.62294618515
0.17,96443.08610391288
0.18,96440.74034368194
0.19,96439.07797103803
0.2,96438.52202742815
0.21,96434.54804808462
0.22,96433.69397240116
0.23,96431.96795909794
0.24,96429.4907762187
0.25,96425.54359843524
0.26,96425.07605874492
0.27,96423.2714774659
0.28,96420.14417522766
0.29,96415.61898854404
0.3,96413.11362372994
0.31,96411.66647689576
0.32,96407.72968767639
0.33,96404.64529786896
0.34,96400.29107330853
0.35000000000000003,96397.22348707961
0.36,96392.56679662896
0.37,96388.40195661597
0.38,96385.55143625804
0.39,96381.56877124615
0.4,96378.11142085296
0.41000000000000003,96372.49136092198
0.42,96367.42120905974
0.43,96363.95024372583
0.44,96360.39055496771
0.45,96357.1010440692
0.46,96351.95183809065
0.47000000000000003,96345.57601446725
0.48,96343.02843115502
0.49,96336.98787536904
0.5,96332.34747341194
0.51,96325.12471352992
0.52,96319.77382760885
0.53,96314.96307115433
0.54,96308.3438226951
0.55,96303.11386757914
0.56,96297.5693114469
0.5700000000000001,96291.97790193709
0.58,96286.9807487939
0.59,96278.46636700821
0.6,96273.08109213969
0.61,96265.77427866275
0.62,96258.96037661062
0.63,96253.99052713554
0.64,96246.79902358576
0.65,96242.78542062326
0.66,96231.1790676921
0.67,96226.76857742283
0.68,96217.85325860493
0.6900000000000001,96211.27920668919
0.7000000000000001,96203.09237906708
0.71,96195.79860444747
0.72,96189.05884255875
0.73,96181.14235823978
0.74,96171.6243784951
0.75,96163.36959887967
0.76,96154.7596647425
0.77,96149.66174467021
0.78,96138.04092932357
0.79,96129.06866328382
0.8,96122.04254486394
0.81,96112.72317166558
0.8200000000000001,96104.09675692597
0.8300000000000001,96095.01461127934
0.84,96085.40323770612
0.85,96078.29709028355
0.86,96068.34074065847
0.87,96057.75023886902
0.88,96049.01534229862
0.89,96038.20236227644
0.9,96029.91134821808
0.91,96017.6322329666
0.92,96008.90256127168
0.93,95999.77888091464
0.9400000000000001,95989.86426792704
0.9500000000000001,95976.5793348859
0.96,95967.24757964196
0.97,95957.66210861014
0.98,95946.73558530642
0.99,95933.35661792342
1.0,95923.1898060591
1.01,95911.46229963971
1.02,95899.8223605733
1.03,95889.93270935249
1.04,95878.00524469654
1.05,95865.12330398092
1.06,95852.4359455319
1.07,95841.8071833451
1.08,95828.73282844418
1.09,95817.98676596474
1.1,95803.23708658518
1.11,95790.87996861045
1.12,95781.41977147933
1.1300000000000001,95767.34520143218
1.1400000000000001,95752.17788204823
1.1500000000000001,95739.7312771815
1.16,95728.04642631813
1.17,95713.67911901475
1.18,95699.38026493393
1.19,95687.00575940913
1.2,95671.76262779054
1.21,95659.7067213795
1.22,95646.10744886116
1.23,95631.25630472039
1.24,95616.62101864869
1.25,95603.75984810718
1.26,95588.64828403093
1.27,95572.59154522225
1.28,95558.4490594853
1.29,95543.10512131244
1.3,95529.8239473807
1.31,95513.05252610658
1.32,95498.85771900215
1.33,95483.39840264681
1.34,95466.8098449416
1.35,95451.29700817831
1.36,95435.70504508833
1.37,95420.99426615138
1.3800000000000001,95404.28738838912
1.3900000000000001,95388.93918014174
1.4000000000000001,95372.19596792074
1.41,95354.53718539748
1.42,95340.09536773628
1.43,95320.47169059311
1.44,95306.1812769735
1.45,95287.9627170296
1.46,95271.76558394474
1.47,95254.08465490486
1.48,95237.50682617746
1.49,95221.28170967479
1.5,95202.85961387574
1.51,95185.32348980487
1.52,95167.18130531977
1.53,95147.5020957896
1.54,95131.23554687384
1.55,95111.76416578019
1.56,95092.22498196237
1.57,95075.65492651759
1.58,95056.78409181251
1.59,95036.98568166244
1.6,95018.84509995757
1.61,94999.7632169999
1.62,94979.62538240918
1.6300000000000001,94961.06585522805
1.6400000000000001,94942.39178104728
1.6500000000000001,94922.53744323202
1.6600000000000001,94903.56388625693
1.67,94884.85293436167
1.68,94861.86788159811
1.69,94842.76733532126
1.7,94824.33507258624
1.71,94803.38158944166
1.72,94781.27433925841
1.73,94762.06130464174
1.74,94740.15987508943
1.75,94720.45841766112
1.76,94698.22261253331
1.77,94678.05575051518
1.78,94657.54041387494
1.79,94634.16020110808
1.8,94613.11062349836
1.81,94594.50397693353
1.82,94570.95247545838
1.83,94550.48681412902
1.84,94528.50501560587
1.85,94508.7783364395
1.86,94484.69268827145
1.87,94461.65069068194
1.8800000000000001,94437.7967438847
1.8900000000000001,94417.18007350173
1.9000000000000001,94393.65855977178
1.9100000000000001,94373.07964482659
1.92,94348.23005332351
1.93,94326.08322688754
1.94,94301.35348920025
1.95,94277.03147791607
1.96,94256.49252233497
1.97,94231.56947545825
1.98,94208.80396314508
1.99,94185.75618000892
2.0,94161.98920622398
2.0100000000000002,94136.85698976487
2.02,94113.14548556578
2.0300000000000002,94090.84379248999
2.04,94064.8646142636
2.05,94038.97911945914
2.06,94016.1366514345
2.07,93991.63356883604
2.08,93966.45885261262
2.09,93940.17435341321
2.1,93918.08554113867
2.11,93891.3116739257
2.12,93867.33998755309
2.13,93841.16714189273
2.14,93816.474517437
2.15,93792.73670254891
2.16,93764.50032960145
2.17,93738.54347766799
2.18,93715.05322966765
2.19,93687.71607909809
2.2,93663.38063909448
2.21,93638.08063260242
2.22,93608.30285654322
2.23,93584.10116195887
2.24,93556.98235299703
2.25,93529.48918338738
2.2600000000000002,93503.24920221508
2.27,93477.83363798096
2.2800000000000002,93452.22679065641
2.29,93424.0202357313
2.3000000000000003,93397.54150792367
2.31,93370.73263984571
2.32,93340.72874376069
2.33,93317.01424746032
2.34,93290.1242551124
2.35,93261.42104703934
2.36,93233.87334241557
2.37,93206.91191470824
2.38,93176.83770255152
2.39,93150.41094091817
2.4,93123.56756759375
2.41,93095.63510258264
2.42,93064.93643804968
2.43,93039.85997478165
2.44,93012.36929737106
2.45,92982.87015068675
2.46,92953.47371223372
2.47,92925.67339612708
2.48,92899.3052128244
2.49,92868.4096700096
2.5,92839.16502065716
2.5100000000000002,92811.74569095284
2.52,92781.99312326362
2.5300000000000002,92755.79336149622
2.54,92727.0218035005
2.5500000000000003,92698.3995313912
2.56,92669.72021309996
2.57,92641.39704438685
2.58,92611.0108893049
2.59,92581.27432283442
2.6,92556.00329358641
2.61,92524.23510034996
2.62,92494.30515305958
2.63,92467.60632600437
2.64,92436.55084829715
2.65,92410.1568492555
2.66,92379.05687947175
2.67,92351.01138749326
2.68,92321.65992213125
2.69,92291.98917816948
2.7,92264.32836937027
2.71,92233.229539393
2.72,92203.48134017964
2.73,92176.59558806894
2.74,92148.24109337083
2.75,92116.5404119267
2.7600000000000002,92086.77201181957
2.77,92057.05369104352
2.7800000000000002,92029.42855644172
2.79,92000.11906051637
2.8000000000000003,91970.37176425122
2.81,91942.13782180355
2.82,91912.45673359366
2.83,91882.00217962077
2.84,91851.45712875813
2.85,91824.40237797447
2.86,91794.20929934616
2.87,91764.72912655688
2.88,91733.71568813325
2.89,91704.86914023473
2.9,91674.40407910255
2.91,91643.92863059313
2.92,91614.65203996372
2.93,91586.0139220792
2.94,91554.85458472822
2.95,91527.18837281928
2.96,91496.0544644355
2.97,91467.37070454347
2.98,91436.84549665521
2.99,91404.62495519775
3.0,91375.64624578506
3.0100000000000002,91348.59131046661
3.02,91316.92471985331
3.0300000000000002,91287.34434096089
3.04,91256.9145620922
3.0500000000000003,91228.68723807731
3.06,91195.30331353036
3.0700000000000003,91167.47946234625
3.08,91135.66884836945
3.09,91107.54342893556
3.1,91076.48099663785
3.11,91045.01447956273
3.12,91014.78236646327
3.13,90986.81766555035
3.14,90957.73533217193
3.15,90926.84207769812
3.16,90897.06715789481
3.17,90865.05852590647
3.18,90835.74134277165
3.19,90805.90552543256
3.2,90777.73432841846
3.21,90746.97727710714
3.22,90713.95526334913
3.23,90684.77843156141
3.24,90655.31957031573
3.25,90626.05161721919
3.2600000000000002,90595.24038390428
3.27,90563.99888130564
3.2800000000000002,90534.61047437433
3.29,90501.0017906476
3.3000000000000003,90474.10718542185
3.31,90442.96898219411
3.3200000000000003,90412.9829693002
3.33,90382.17851412862
3.34,90353.57579376517
3.35,90321.63420271325
3.36,90291.27952227858
3.37,90262.45274303357
3.38,90230.70488818815
3.39,90200.47554821413
3.4,90170.87699605117
3.41,90139.81573497078
3.42,90111.35197745069
3.43,90080.26476965664
3.44,90050.47263179638
3.45,90020.924568366
3.46,89989.33016354986
3.47,89957.99955130125
3.48,89929.58911388433
3.49,89897.72521354679
3.5,89869.79651864251
3.5100000000000002,89836.01965212317
3.52,89808.88528774052
3.5300000000000002,89775.99540986323
3.54,89747.45338251459
3.5500000000000003,89717.5018642476
3.56,89686.08437691633
3.5700000000000003,89656.44116321542
3.58,89626.9373416659
3.59,89595.31125434952
3.6,89566.12354949929
3.61,89536.27407067089
3.62,89507.75572262092
3.63,89477.73452900449
3.64,89448.43305248798
3.65,89417.62971408635
3.66,89386.72753266012
3.67,89358.46031868941
3.68,89327.01749141955
3.69,89297.73390449182
3.7,89267.21876617573
3.71,89238.4404022287
3.72,89208.00047079068
3.73,89178.34895134604
3.74,89151.6053185368
3.75,89120.68527511954
3.7600000000000002,89091.4778964564
3.77,89061.44735352449
3.7800000000000002,89032.80307989617
3.79,89002.79584710984
3.8000000000000003,88973.47055563133
3.81,88942.34327196426
3.8200000000000003,88913.17694537235
3.83,88884.51477703161
3.84,88854.9681010049
3.85,88824.68551479731
3.86,88798.729731673
3.87,88768.42946612391
3.88,88738.87890187088
3.89,88709.34625370728
3.9,88681.30663073088
3.91,88651.27187125575
3.92,88621.53495307108
3.93,88592.73251790626
3.94,88563.2127483718
3.95,88536.59957469616
3.96,88507.24195638495
3.97,88479.62847230371
3.98,88447.92093259843
3.99,88420.15551155631
4.0,88392.76230880809
4.01,88363.30664585286
4.0200000000000005,88334.7575177884
4.03,88307.31222634664
4.04,88279.14460276005
4.05,88250.73860841797
4.0600000000000005,88219.40570175755
4.07,88192.90021803122
4.08,88165.26239517277
4.09,88137.51761930819
4.1,88106.91338530449
4.11,88078.33673251074
4.12,88050.6627855256
4.13,88021.53062675991
4.14,87993.29835312803
4.15,87967.54658920378
4.16,87937.66474278746
4.17,87909.50651828073
4.18,87880.81048145767
4.19,87853.81526245498
4.2,87825.47964690537
4.21,87796.86474406182
4.22,87770.92214531385
4.23,87742.55882357917
4.24,87715.27602481804
4.25,87687.04781483575
4.26,87660.03019902138
4.2700000000000005,87630.60526401512
4.28,87603.32345345491
4.29,87574.17602914409
4.3,87548.60645960153
4.3100000000000005,87520.36678698986
4.32,87491.95956838658
4.33,87464.1204032178
4.34,87438.11347023289
4.3500000000000005,87411.814696156
4.36,87382.784910806
4.37,87355.8195569551
4.38,87327.77915601169
4.39,87302.12701325527
4.4,87272.71472921368
4.41,87246.07522915887
4.42,87217.87175280528
4.43,87191.00790996733
4.44,87164.4395161687
4.45,87137.20556685909
4.46,87108.2738225915
4.47,87082.52334469512
4.48,87054.38309021013
4.49,87027.83978065559
4.5,87001.61259401686
4.51,86974.2045010154
4.5200000000000005,86946.46612747034
4.53,86920.18611644789
4.54,86894.4546047614
4.55,86866.3095000322
4.5600000000000005,86839.13988118684
4.57,86812.99925334191
4.58,86785.31132426679
4.59,86758.21922402215
4.6000000000000005,86731.33311853698
4.61,86707.0857329057
4.62,86679.76924027293
4.63,86651.45460751776
4.64,86625.59309918557
4.65,86599.37749533221
4.66,86573.25830449775
4.67,86546.32296885745
4.68,86520.53111850601
4.69,86492.6857809999
4.7,86466.57090485937
4.71,86441.36476159199
4.72,86416.31097528987
4.73,86386.34300859603
4.74,86360.79724690662
4.75,86335.52257868358
4.76,86308.67239591591
4.7700000000000005,86282.74127112389
4.78,86255.98451333323
4.79,86231.92591624672
4.8,86203.33426467748
4.8100000000000005,86178.9165486601
4.82,86151.37837509261
4.83,86127.6293035456
4.84,86102.19553765375
4.8500000000000005,86075.27473545146
4.86,86048.35643789216
4.87,86023.03522229003
4.88,85996.86338629987
4.89,85972.86444624564
4.9,85946.07238458113
4.91,85921.33982815649
4.92,85893.78796658455
4.93,85867.55575445725
4.94,85843.65295604085
4.95,85816.08712560621
4.96,85792.16080501655
4.97,85767.10119880321
4.98,85740.52362027336
4.99,85715.21173115453
5.0,85688.9085817219
5.01,85662.85638230697
5.0200000000000005,85638.31154026085
5.03,85612.6542036162
5.04,85589.23402556854
5.05,85561.94061591303
5.0600000000000005,85537.17518489275
5.07,85511.51047087162
5.08,85485.31156915291
5.09,85462.86253348898
5.1000000000000005,85435.51273417659
5.11,85411.04721946082
5.12,85386.1898571136
5.13,85361.32270059745
5.14,85334.9536439665
5.15,85308.98404574851
5.16,85283.25143602713
5.17,85259.52213451071
5.18,85234.99446628107
5.19,85209.18338081817
5.2,85185.7146369848
5.21,85159.48739581334
5.22,85135.40023277701
5.23,85109.34529252737
5.24,85085.28339834754
5.25,85060.43257046337
5.26,85036.4481857741
5.2700000000000005,85011.94408724431
5.28,84987.19838199543
5.29,84961.19430452691
5.3,84938.14664951045
5.3100000000000005,84913.33890316666
5.32,84887.78287518222
5.33,84863.61665187104
5.34,84837.65760297849
5.3500000000000005,84812.94119310907
5.36,84789.6403910331
5.37,84766.63582580494
5.38,84740.97021669986
5.39,84715.12975535121
5.4,84692.09596266589
5.41,84668.66368555262
5.42,84643.37366694123
5.43,84617.87777771693
5.44,84593.3659678763
5.45,84568.09859352934
5.46,84546.86730323547
5.47,84523.83014509414
5.48,84498.1479000992
5.49,84472.52692580377
5.5,84449.20553536173
5.51,84424.9339731969
5.5200000000000005,84400.54714058511
5.53,84375.13158963007
5.54,84353.70607889719
5.55,84329.51022401219
5.5600000000000005,84303.46928619065
5.57,84280.61701216793
5.58,84257.59471971709
5.59,84232.95311825279
5.6000000000000005,84210.14649577733
5.61,84184.10125405605
5.62,84162.16016011918
5.63,84136.08334201493
5.64,84114.11904754788
5.65,84089.88121391581
5.66,84067.55168892587
5.67,84041.33018589659
5.68,84019.34780026492
5.69,83994.52612608764
5.7,83972.79415113508
5.71,83947.2880286145
5.72,83925.87651652427
5.73,83901.83064068094
5.74,83876.24687344069
5.75,83854.29106519886
5.76,83831.57887114362
5.7700000000000005,83807.37293300146
5.78,83783.36878454457
5.79,83759.76863918122
5.8,83736.78351711325
5.8100000000000005,83713.57636201299
5.82,83690.09460559426
5.83,83666.803898242
5.84,83643.73682908727
5.8500000000000005,83621.61173599355
5.86,83597.21517221193
5.87,83574.99994739356
5.88,83549.13230307602
5.89,83526.45107928888
5.9,83504.87301860958
5.91,83481.72134777845
5.92,83459.32386401166
5.93,83434.22608706207
5.94,83412.81719649275
5.95,83390.62819604225
5.96,83366.59103282673
5.97,83340.98155554236
5.98,83318.8811981015
5.99,83295.49834399394
6.0,83274.87766539653
6.01,83250.75570986241
6.0200000000000005,83230.45196198238
6.03,83205.92762837774
6.04,83182.97577130163
6.05,83159.81810551033
6.0600000000000005,83137.35766990231
6.07,83114.31139886362
6.08,83093.21960261579
6.09,83071.89246086564
6.1000000000000005,83048.35174142901
6.11,83024.80127833455
6.12,83003.08574610355
6.13,82980.25139226209
6.140000000000001,82958.22338832816
6.15,82934.09741088799
6.16,82911.8528624517
6.17,82889.73681731934
6.18,82867.8475978734
6.19,82844.05009292903
6.2,82822.34724297393
6.21,82800.19480352952
6.22,82779.11900152183
6.23,82755.25680008814
6.24,82732.98912812264
6.25,82709.95318114171
6.26,82688.13698461754
6.2700000000000005,82667.9510982009
6.28,82643.433068499
6.29,82621.71754548281
6.3,82600.55032052542
6.3100000000000005,82576.31069438002
6.32,82554.34087171093
6.33,82533.19597574306
6.34,82513.83054102547
6.3500000000000005,82489.95054628477
6.36,82468.74668139123
6.37,82446.28955568952
6.38,82422.94671545789
6.390000000000001,82402.04446549548
6.4,82380.34354013046
6.41,82357.77187560617
6.42,82335.1403433272
6.43,82313.60752083118
6.44,82292.0699413496
6.45,82271.15938509307
6.46,82248.14716773822
6.47,82226.51818618664
6.48,82203.98110319929
6.49,82183.99209315101
6.5,82161.4340607923
6.51,82140.86569765084
6.5200000000000005,82117.04691885287
6.53,82097.48195955022
6.54,82076.12929979729
6.55,82053.25738467457
6.5600000000000005,82031.88707718211
6.57,82012.47937484215
6.58,81989.47448637377
6.59,81967.27680514462
6.6000000000000005,81946.14753518478
6.61,81924.05807029703
6.62,81902.33326597951
6.63,81880.94286360439
6.640000000000001,81861.0712297871
6.65,81838.75163398292
6.66,81818.41384680681
6.67,81794.46442064014
6.68,81773.50751817037
6.69,81753.10722284723
6.7,81731.95998133293
6.71,81711.21150693916
6.72,81689.40731574393
6.73,81667.88723304804
6.74,81646.40300709281
6.75,81625.78703271227
6.76,81605.9256277637
6.7700000000000005,81585.42786197537
6.78,81561.90540316995
6.79,81541.5825082213
6.8,81521.92743760663
6.8100000000000005,81498.57882115548
6.82,81478.92305829783
6.83,81458.81180930758
6.84,81436.66579168521
6.8500000000000005,81417.2384469498
6.86,81396.43052473216
6.87,81376.76864388469
6.88,81352.76448939907
6.890000000000001,81333.46136337606
6.9,81309.24574022717
6.91,81290.3361890242
6.92,81270.88250326656
6.93,81250.19336010586
6.94,81229.88324142432
6.95,81208.11317525609
6.96,81187.70685974542
6.97,81166.65036908262
6.98,81146.80402268542
6.99,81125.92489504453
7.0,81106.16539564289
7.01,81084.5882272427
7.0200000000000005,81063.16479013444
7.03,81044.95023016342
7.04,81022.03674986803
7.05,81003.0178931784
7.0600000000000005,80981.3897295659
7.07,80961.14645928994
7.08,80939.42930424087
7.09,80919.18101430002
7.1000000000000005,80899.85369086867
7.11,80879.99000379689
7.12,80859.31486357102
7.13,80838.9390052678
7.140000000000001,80818.21330147595
7.15,80796.58667941266
7.16,80777.50693564338
7.17,80758.04304568237
7.18,80737.5834184918
7.19,80717.86437924745
7.2,80696.6882682568
7.21,80676.09304980113
7.22,80656.63900857422
7.23,80637.27879307185
7.24,80618.44828104353
7.25,80596.46567187176
7.26,80576.67830598551
7.2700000000000005,80556.59276521091
7.28,80535.77284741755
7.29,80515.74089745752
7.3,80494.33426311942
7.3100000000000005,80477.0051122731
7.32,80455.22779160542
7.33,80437.61584761842
7.34,80415.24376391455
7.3500000000000005,80397.3791223944
7.36,80376.96782358305
7.37,80357.18931031809
7.38,80336.73467117842
7.390000000000001,80317.5651367809
7.4,80297.4254556828
7.41,80276.16261499566
7.42,80260.36297656143
7.43,80238.58061817993
7.44,80217.6055905086
7.45,80197.87311653214
7.46,80178.72002661273
7.47,80161.53912900394
7.48,80140.89315576591
7.49,80121.05375490597
7.5,80102.71499751859
7.51,80081.06181804536
7.5200000000000005,80063.0950122988
7.53,80042.81982384005
7.54,80023.61792985734
7.55,80005.22253178027
7.5600000000000005,79984.85174367885
7.57,79966.04676463078
7.58,79943.95421325715
7.59,79926.50144893456
7.6000000000000005,79905.92013514548
7.61,79887.4321994566
7.62,79868.2455017103
7.63,79848.94143982486
7.640000000000001,79828.37776753247
7.65,79810.30211028345
7.66,79791.57974239494
7.67,79772.47772118726
7.68,79753.34777697234
7.69,79733.21818500661
7.7,79713.61778922807
7.71,79694.38366183848
7.72,79676.40275787564
7.73,79657.5350710179
7.74,79636.76489048882
7.75,79616.90371446611
7.76,79599.49395228788
7.7700000000000005,79580.24163735521
7.78,79561.91674131186
7.79,79543.38301205586
7.8,79523.88794031818
7.8100000000000005,79506.04274958519
7.82,79486.07712705906
7.83,79467.05299459369
7.84,79448.93995058881
7.8500000000000005,79429.3671570714
7.86,79408.94081258205
7.87,79391.06092328395
7.88,79373.59858921186
7.890000000000001,79354.99250553916
7.9,79335.16695403527
7.91,79316.61730206106
7.92,79297.69447915499
7.930000000000001,79276.31959954476
7.94,79259.45431387503
7.95,79240.91550186992
7.96,79221.8282942648
7.97,79205.01069390068
7.98,79186.65224052686
7.99,79166.50384439905
8.0,79148.17295044845
8.01,79130.28933214411
8.02,79110.4723575581
8.03,79093.21167835678
8.040000000000001,79073.23000398745
8.05,79056.97433612475
8.06,79036.2089239821
8.07,79019.58427759161
8.08,79001.1174755354
8.09,78981.95015354543
8.1,78963.24596546443
8.11,78945.84673046044
8.120000000000001,78926.40190442727
8.13,78907.71049451434
8.14,78891.84535160841
8.15,78873.25294962923
8.16,78853.48100966982
8.17,78837.7486829947
8.18,78816.22600899765
8.19,78799.40066930914
8.2,78779.06339746775
8.21,78763.45551756881
8.22,78745.37074044118
8.23,78724.79450445843
8.24,78710.11211514217
8.25,78690.73375647058
8.26,78673.5798982091
8.27,78655.73669928018
8.28,78636.33972338185
8.290000000000001,78618.30878515696
8.3,78600.12362102319
8.31,78582.69989223983
8.32,78563.3661523174
8.33,78544.18883128709
8.34,78526.27418655253
8.35,78511.43628964569
8.36,78491.0945243628
8.370000000000001,78475.53353162757
8.38,78457.76850864779
8.39,78440.38497987844
8.4,78422.17081468657
8.41,78401.79608299624
8.42,78384.33299703612
8.43,78368.78636323234
8.44,78349.15244183781
8.45,78332.62040471456
8.46,78314.97783820784
8.47,78298.57500429996
8.48,78279.07109964699
8.49,78261.59000800083
8.5,78243.77033526047
8.51,78225.70453570322
8.52,78208.00892609374
8.53,78190.88874300377
8.540000000000001,78171.95675977379
8.55,78153.83417538946
8.56,78138.97468856964
8.57,78120.6253849235
8.58,78103.26212743347
8.59,78086.62270165967
8.6,78067.73902821516
8.61,78049.94765104876
8.620000000000001,78030.87314390023
8.63,78016.29416646533
8.64,77998.13223971058
8.65,77982.04776592448
8.66,77964.2759692633
8.67,77945.48095512911
8.68,77928.92029488497
8.69,77911.6025318114
8.700000000000001,77894.14101474747
8.71,77876.44044770324
8.72,77859.71783153937
8.73,77843.95100415805
8.74,77824.1001423458
8.75,77806.97600309619
8.76,77790.91999074903
8.77,77774.30341452497
8.78,77757.42953055176
8.790000000000001,77740.04564841073
8.8,77724.66768154044
8.81,77704.80006564272
8.82,77688.20059275179
8.83,77670.97868768327
8.84,77653.55309462629
8.85,77638.26854500416
8.86,77618.3495279018
8.870000000000001,77603.9658784611
8.88,77586.52499419969
8.89,77568.77045127467
8.9,77551.92349097862
8.91,77535.03338428368
8.92,77518.16468215048
8.93,77502.06867487721
8.94,77483.89584631946
8.950000000000001,77469.99600976091
8.96,77451.5921798953
8.97,77434.52045903112
8.98,77417.58113284706
8.99,77401.08465375763
9.0,77383.9186378206
9.01,77368.398029875
9.02,77352.01887305819
9.03,77333.53635375119
9.040000000000001,77316.9591267868
9.05,77299.64535783987
9.06,77281.86384168996
9.07,77266.97336496026
9.08,77251.79479906632
9.09,77233.96461413466
9.1,77216.49573972843
9.11,77200.00385920082
9.120000000000001,77185.14164925925
9.13,77167.34492957192
9.14,77150.19881575725
9.15,77135.07511070336
9.16,77118.3225157038
9.17,77099.53224954181
9.18,77085.75362091417
9.19,77068.88274780054
9.200000000000001,77052.54904021899
9.21,77034.24418459338
9.22,77018.14125733844
9.23,77003.03236926987
9.24,76986.73526444258
9.25,76970.28977058556
9.26,76954.9914058499
9.27,76937.26511423971
9.28,76922.4054021545
9.290000000000001,76905.14395526856
9.3,76888.98199727088
9.31,76871.5953743428
9.32,76858.11360548456
9.33,76839.87149768128
9.34,76823.13886844947
9.35,76808.31446441014
9.36,76792.9605304729
9.370000000000001,76774.94088532089
9.38,76759.27062126067
9.39,76742.81794996724
9.4,76727.74406209937
9.41,76710.6487594467
9.42,76693.73825184649
9.43,76678.5532581019
9.44,76663.12097155744
9.450000000000001,76645.61440960021
9.46,76632.69618769517
9.47,76615.91196244606
9.48,76601.03501103618
9.49,76583.3700545127
9.5,76569.734521146
9.51,76553.45921454487
9.52,76536.81471703378
9.53,76518.1464655407
9.540000000000001,76502.4794621079
9.55,76488.0263678225
9.56,76473.52887722904
9.57,76454.19033797793
9.58,76441.04020133604
9.59,76425.14585092907
9.6,76412.00489858554
9.61,76393.27282785588
9.620000000000001,76377.50314271709
9.63,76361.8465165878
9.64,76346.19356501727
9.65,76331.04279738486
9.66,76313.80027507855
9.67,76300.14789736447
9.68,76282.91319721025
9.69,76268.33688711615
9.700000000000001,76251.5550070977
9.71,76238.26577036452
9.72,76219.9392959373
9.73,76204.18061330866
9.74,76189.5625190216
9.75,76174.27125900406
9.76,76158.08958853374
9.77,76143.75580624805
9.78,76128.41704516321
9.790000000000001,76113.72458710759
9.8,76097.18959718132
9.81,76081.36667817978
9.82,76065.29590795879
9.83,76050.27167111138
9.84,76035.7400657669
9.85,76018.16917628418
9.86,76004.5067908776
9.870000000000001,75990.11553889961
9.88,75973.52266567334
9.89,75958.68507155181
9.9,75942.7688722588
9.91,75927.90661507002
9.92,75913.36380667365
9.93,75898.74385023554
9.94,75882.95472341761
9.950000000000001,75867.47702024101
9.96,75852.40489221342
9.97,75838.67676599413
9.98,75821.02481544559
9.99,75807.78426142613
10.0,75790.69943647798
10.01,75776.20798381837
10.02,75762.55093747216
10.03,75745.43412283635
10.040000000000001,75730.77478410436
10.05,75715.0627555249
10.06,75699.7320191278
10.07,75685.96867059771
10.08,75671.0147707438
10.09,75654.65319222194
10.1,75639.93607808434
10.11,75628.93172271042
10.120000000000001,75612.37986515081
10.13,75596.93446993642
10.14,75582.16573581094
10.15,75565.10048454638
10.16,75554.18477963944
10.17,75536.74754324951
10.18,75520.29450935603
10.19,75505.54508807512
10.200000000000001,75492.26591118355
10.21,75478.51134517498
10.22,75462.74903450615
10.23,75446.90615677803
10.24,75433.23533400982
10.25,75417.71310306601
10.26,75403.97059007325
10.27,75388.60880105112
10.28,75374.35854634763
10.290000000000001,75357.19789682589
10.3,75345.49615991002
10.31,75330.08232080298
10.32,75315.58428356773
10.33,75301.045261538
10.34,75285.40691264615
10.35,75270.58171498137
10.36,75256.2641441735
10.370000000000001,75241.84020753087
10.38,75227.64297474167
10.39,75213.21633163026
10.4,75200.11639827555
10.41,75186.7680915695
10.42,75171.29895592402
10.43,75156.78299966613
10.44,75142.75056262682
10.450000000000001,75125.51532069812
10.46,75111.95112526431
10.47,75098.1451807922
10.48,75084.58850997237
10.49,75068.73257554315
10.5,75056.25274149634
10.51,75038.62635496541
10.52,75026.43974513539
10.53,75011.328223821
10.540000000000001,74997.83751666744
10.55,74983.44779847648
10.56,74968.88144888631
10.57,74954.14731142095
10.58,74942.86576708569
10.59,74927.68442018396
10.6,74911.47328857491
10.61,74900.32539880901
10.620000000000001,74882.414174906
10.63,74869.95676643767
10.64,74857.08588484842
10.65,74842.78091996005
10.66,74827.25180827653
10.67,74813.20825226606
10.68,74798.2558305208
10.69,74784.11749516104
10.700000000000001,74770.3170326815
10.71,74757.21395505419
10.72,74743.35956629795
10.73,74729.14068592698
10.74,74714.14435874386
10.75,74700.4941166702
10.76,74687.62717957585
10.77,74673.84104245098
10.78,74657.97570931788
10.790000000000001,74646.87150790053
10.8,74631.90370395507
10.81,74616.16005446257
10.82,74604.50783284086
10.83,74589.90970847655
10.84,74574.8921456841
10.85,74561.84214672023
10.86,74547.62877833436
10.870000000000001,74535.79611286768
10.88,74519.78902472752
10.89,74505.91429353264
10.9,74491.59867257
10.91,74479.37591865484
10.92,74464.94966360599
10.93,74449.70481392996
10.94,74437.46924686077
10.950000000000001,74421.38393527204
10.96,74411.5559321574
10.97,74396.59321099895
10.98,74382.34978905904
10.99,74369.17227961156
11.0,74355.19680913737
11.01,74340.8506196033
11.02,74330.56363152566
11.03,74316.66262325534
11.040000000000001,74302.7428090376
11.05,74286.99076544402
11.06,74275.03889877173
11.07,74259.30715110725
11.08,74247.14748584677
11.09,74232.03267887582
11.1,74219.49091354322
11.11,74207.37974212349
11.120000000000001,74192.01640150449
11.13,74180.0372963076
11.14,74165.1222435408
11.15,74153.3160128479
11.16,74136.54586419795
11.17,74126.60480647786
11.18,74113.69795443348
11.19,74100.65372179385
11.200000000000001,74087.66733552619
11.21,74070.59949575504
11.22,74061.52493631915
11.23,74045.9179550845
11.24,74032.36546431553
11.25,74019.8962296499
11.26,74004.93063052128
11.27,73994.39056992208
11.28,73982.37664588925
11.290000000000001,73966.51778336975
11.3,73952.25131616628
11.31,73940.6690796532
11.32,73928.2179571959
11.33,73914.55715286793
11.34,73901.18567073692
11.35,73887.59389177203
11.36,73875.50671307881
11.370000000000001,73861.8560780043
11.38,73848.64861601105
11.39,73835.00975216398
11.4,73821.61954213295
11.41,73808.81584955989
11.42,73796.94990821043
11.43,73783.18210995749
11.44,73770.26869292358
11.450000000000001,73756.32637125654
11.46,73746.32014630384
11.47,73730.89489061909
11.48,73718.95136476377
11.49,73706.41892612069
11.5,73692.34112139486
11.51,73678.18407646126
11.52,73665.8447674386
11.53,73654.29136320307
11.540000000000001,73639.94929536122
11.55,73627.5966557065
11.56,73616.19005796393
11.57,73601.46026745332
11.58,73589.55433218372
11.59,73576.0003420942
11.6,73563.58063189154
11.61,73550.91574953543
11.620000000000001,73538.71933857848
11.63,73527.83615682901
11.64,73513.59524540127
11.65,73501.62575653958
11.66,73487.33294479597
11.67,73474.5443116711
11.68,73461.06349360244
11.69,73450.74830626285
11.700000000000001,73437.23290829461
11.71,73424.12321243173
11.72,73411.32739064585
11.73,73398.63347328009
11.74,73386.15267631992
11.75,73373.76277033544
11.76,73362.49462684483
11.77,73348.70724649743
11.78,73335.04340239154
11.790000000000001,73323.31679243686
11.8,73310.1118393669
11.81,73299.25287576774
11.82,73287.26891091313
11.83,73272.49502798679
11.84,73259.27581025868
11.85,73249.42647317967
11.86,73236.79938807386
11.870000000000001,73224.50060266603
11.88,73211.671273503
11.89,73197.16974190925
11.9,73186.37086217134
11.91,73173.41733268823
11.92,73162.81877516031
11.93,73151.09465331846
11.94,73137.35133917237
11.950000000000001,73124.52447928335
11.96,73111.83630514363
11.97,73099.36102083596
11.98,73088.18387589262
11.99,73076.16502865234
12.0,73063.79834356281
12.01,73050.49753691057
12.02,73040.65972636426
12.030000000000001,73025.05659098696
12.040000000000001,73014.7845280413
12.05,73004.23261269262
12.06,72990.69191039428
12.07,72979.09702542887
12.08,72966.17098154254
12.09,72955.10241083245
12.1,72942.2526211676
12.11,72928.10628118475
12.120000000000001,72918.32706937603
12.13,72907.35388535734
12.14,72894.52124888283
12.15,72879.86036713724
12.16,72869.06789360229
12.17,72856.88310985013
12.18,72845.11197598913
12.19,72833.39750390341
12.200000000000001,72822.13573579869
12.21,72810.30682455146
12.22,72796.5324361501
12.23,72786.76041960587
12.24,72773.91858444079
12.25,72762.09203866524
12.26,72749.4562213272
12.27,72735.88685858654
12.280000000000001,72726.03523914973
12.290000000000001,72715.12607500041
12.3,72700.62923981801
12.31,72691.32794890505
12.32,72680.00356279555
12.33,72666.64438432537
12.34,72652.58560675094
12.35,72645.00934760863
12.36,72631.01997127212
12.370000000000001,72620.62617413246
12.38,72607.30277451963
12.39,72598.11808213385
12.4,72584.13888889458
12.41,72571.50540959675
12.42,72560.76553079819
12.43,72550.80100588287
12.44,72536.42996426462
12.450000000000001,72528.54666539798
12.46,72513.82438867347
12.47,72501.05933713757
12.48,72493.23315099998
12.49,72481.11893705999
12.5,72469.22433924663
12.51,72456.47681729936
12.52,72442.85172155975
12.530000000000001,72434.14860714177
12.540000000000001,72421.55310447396
12.55,72411.3823476869
12.56,72399.26290508154
12.57,72385.62030274185
12.58,72374.67052125686
12.59,72363.6145261929
12.6,72355.15889928525
12.61,72339.47182198198
12.620000000000001,72329.7227294294
12.63,72317.1791393268
12.64,72309.90286033554
12.65,72295.87423553957
12.66,72284.96749125051
12.67,72272.04907407654
12.68,72261.76439836014
12.69,72251.21757021573
12.700000000000001,72237.44123309867
12.71,72227.82470539711
12.72,72216.46524515726
12.73,72203.59060202446
12.74,72194.47116707359
12.75,72181.7118180538
12.76,72170.61629500255
12.77,72159.97223195372
12.780000000000001,72147.83747508064
12.790000000000001,72137.24649806108
12.8,72126.06125786924
12.81,72115.04556578977
12.82,72104.4746330768
12.83,72092.5219644366
12.84,72081.09092849829
12.85,72069.12918889346
12.86,72058.44078275008
12.870000000000001,72049.38785860193
12.88,72037.8813010125
12.89,72024.1316203696
12.9,72014.95793455707
12.91,72002.75404291866
12.92,71992.67521259023
12.93,71980.44473925154
12.94,71969.6253257575
12.950000000000001,71958.52797896595
12.96,71949.92621709206
12.97,71936.19130759618
12.98,71925.26770903461
12.99,71913.51683109778
13.0,71904.08585424241
13.01,71891.69623887018
13.02,71881.56591159906
13.030000000000001,71872.24775329373
13.040000000000001,71860.0354118485
13.05,71849.64996704194
13.06,71838.31994396867
13.07,71827.8966051827
13.08,71816.65123389277
13.09,71806.02679792068
13.1,71795.89864815302
13.11,71783.57897928542
13.120000000000001,71772.33461521061
13.13,71761.81537298547
13.14,71751.7755941494
13.15,71741.43709237361
13.16,71730.87237845086
13.17,71719.67624864535
13.18,71709.69838000962
13.19,71698.7209308784
13.200000000000001,71686.6568330749
13.21,71675.79322155753
13.22,71666.55817270458
13.23,71656.54758080193
13.24,71643.78065567483
13.25,71633.97903452652
13.26,71622.58516029753
13.27,71610.58333261631
13.280000000000001,71601.5349576653
13.290000000000001,71590.9390045269
13.3,71579.32539292876
13.31,71568.35257767883
13.32,71559.53347621376
13.33,71548.25434050013
13.34,71535.63759868484
13.35,71529.58426360351
13.36,71517.20342288168
13.370000000000001,71505.41573123193
13.38,71495.43988354405
13.39,71485.58552394652
13.4,71476.12207419946
13.41,71466.30238803603
13.42,71453.21810150609
13.43,71442.37969092194
13.44,71432.54751016828
13.450000000000001,71423.10681635176
13.46,71411.97281734219
13.47,71401.42076420024
13.48,71392.78613325774
13.49,71382.31340888228
13.5,71370.6279786717
13.51,71360.16778346086
13.52,71350.3327025124
13.530000000000001,71337.05866381025
13.540000000000001,71329.64696468014
13.55,71317.7213659334
13.56,71309.00795118783
13.57,71298.50636543658
13.58,71288.78280407579
13.59,71276.97318032623
13.6,71267.4685551398
13.61,71256.35194373867
13.620000000000001,71245.55724868317
13.63,71235.73878814378
13.64,71225.15085053528
13.65,71216.85406567626
13.66,71206.81431033048
13.67,71197.04498067929
13.68,71186.40535742929
13.69,71175.67376955318
13.700000000000001,71165.91107726132
13.71,71153.42305663446
13.72,71146.3498803907
13.73,71135.92091656619
13.74,71124.66077271997
13.75,71116.25239937057
13.76,71105.67436109182
13.77,71095.36421992283
13.780000000000001,71083.32341887565
13.790000000000001,71074.08555119629
13.8,71065.04019877632
13.81,71052.47830952737
13.82,71045.03029212034
13.83,71035.79255205287
13.84,71025.09079740568
13.85,71013.64413311865
13.86,71003.70833692225
13.870000000000001,70992.05915716944
13.88,70984.02573604307
13.89,70976.41384271198
13.9,70964.15323061758
13.91,70954.12266660173
13.92,70945.65586283406
13.93,70934.06322313136
13.94,70923.78666996935
13.950000000000001,70916.5028803748
13.96,70905.50928680926
13.97,70895.89319394526
13.98,70885.58244755125
13.99,70876.52792042356
14.0,70865.01231921931
14.01,70858.15774647654
14.02,70847.12869066162
14.030000000000001,70837.52420933204
14.040000000000001,70827.42998218555
14.05,70818.16665396595
14.06,70809.38876851706
14.07,70799.45441228259
14.08,70788.51277914812
14.09,70778.97360662541
14.1,70770.20526421108
14.11,70758.8112688898
14.120000000000001,70750.36952131713
14.13,70740.85232464748
14.14,70728.59452105082
14.15,70720.0351650633
14.16,70712.39977102373
14.17,70702.03188657589
14.18,70692.20375992864
14.19,70681.3133096685
14.200000000000001,70672.05923381925
14.21,70662.15925801998
14.22,70654.39590937326
14.23,70645.83899038215
14.24,70634.62483755386
14.25,70625.66152186689
14.26,70615.7120817132
14.27,70604.84695147937
14.280000000000001,70597.56511773879
14.290000000000001,70587.66814123362
14.3,70577.90063485898
14.31,70569.25965911376
14.32,70560.06382982795
14.33,70550.57976895248
14.34,70542.1886243423
14.35,70531.89842822838
14.36,70521.5868507312
14.370000000000001,70512.02137804634
14.38,70503.30930978328
14.39,70493.56622433757
14.4,70486.93070361263
14.41,70475.46156154961
14.42,70466.47671904505
14.43,70455.83101597428
14.44,70446.30302949267
14.450000000000001,70438.20982449736
14.46,70426.42457172579
14.47,70419.52492181072
14.48,70410.08076877901
14.49,70401.3995624453
14.5,70392.12496148759
14.51,70382.71591849637
14.52,70373.4765298769
14.530000000000001,70363.10628242654
14.540000000000001,70354.95163326764
14.55,70345.19024039515
14.56,70338.31066305457
14.57,70326.13964083692
14.58,70317.76665428767
14.59,70311.09745906536
14.6,70300.39930495166
14.61,70291.44574661225
14.620000000000001,70282.98471484733
14.63,70271.81613648018
14.64,70265.50178881214
14.65,70253.84129929716
14.66,70245.10127030099
14.67,70237.3544519508
14.68,70227.38502457847
14.69,70217.11862130163
14.700000000000001,70209.86820791928
14.71,70201.22838551196
14.72,70190.63085597339
14.73,70182.51133049944
14.74,70173.73398793023
14.75,70163.612147982
14.76,70154.79085346998
14.77,70146.64270093669
14.780000000000001,70139.37896105359
14.790000000000001,70129.72019465233
14.8,70117.56341101254
14.81,70108.93928326844
14.82,70101.25559824899
14.83,70093.90013341254
14.84,70082.28797117957
14.85,70075.33943625478
14.86,70066.63179523408
14.870000000000001,70057.94096546581
14.88,70049.14714057781
14.89,70039.38848086669
14.9,70032.69698411846
14.91,70022.73233992777
14.92,70014.13088057397
14.93,70005.0038671966
14.94,69997.03756292413
14.950000000000001,69987.70136371344
14.96,69979.44651297027
14.97,69971.7537434281
14.98,69962.85246918228
14.99,69954.1263234076
15.0,69943.37988552677
15.01,69935.80691843343
15.02,69927.04838149907
15.030000000000001,69917.76231260184
15.040000000000001,69906.85802208343
15.05,69901.0976582424
15.06,69891.95176969281
15.07,69882.74847368522
15.08,69874.60526485644
15.09,69867.38360905246
15.1,69858.08414062322
15.11,69851.31774950355
15.120000000000001,69840.73433780509
15.13,69832.72331871698
15.14,69825.08653837604
15.15,69815.39071659948
15.16,69807.48553083953
15.17,69797.55669817123
15.18,69789.02668117662
15.19,69781.44938383985
15.200000000000001,69774.28071620058
15.21,69762.79088167097
15.22,69757.73224883435
15.23,69746.81675733723
15.24,69738.16340066714
15.25,69730.96790993564
15.26,69722.96025321593
15.27,69712.93239130522
15.280000000000001,69705.10916815483
15.290000000000001,69697.33663531656
15.3,69687.6451174835
15.31,69680.49815968359
15.32,69671.67530132429
15.33,69663.35381201598
15.34,69653.61186706169
15.35,69646.87405707051
15.36,69638.78260421193
15.370000000000001,69631.14132206306
15.38,69623.08986473623
15.39,69614.28042945122
15.4,69604.48939772324
15.41,69596.9375641502
15.42,69590.35673226
15.43,69581.45302718975
15.44,69570.77076257329
15.450000000000001,69564.05033805828
15.46,69555.94431042236
15.47,69547.73563425885
15.48,69539.26588281232
15.49,69532.37420232769
15.5,69524.93016433396
15.51,69518.10767246294
15.52,69506.85592763037
15.530000000000001,69499.61486180848
15.540000000000001,69490.91054579483
15.55,69483.46009762527
15.56,69473.02352497962
15.57,69467.72131316038
15.58,69459.38740444698
15.59,69452.00688600431
15.6,69444.16796976175
15.610000000000001,69434.68261820026
15.620000000000001,69426.93348328286
15.63,69420.0559136043
15.64,69411.5304822943
15.65,69402.6706521748
15.66,69394.33194573893
15.67,69386.9681934263
15.68,69379.407978938
15.69,69369.18575459607
15.700000000000001,69364.41150794821
15.71,69355.86309140781
15.72,69344.60334240347
15.73,69339.35496207493
15.74,69330.12297219594
15.75,69324.20793903324
15.76,69314.63474131958
15.77,69307.49500569631
15.780000000000001,69302.2983301874
15.790000000000001,69291.32486303069
15.8,69284.29504121865
15.81,69275.91083620655
15.82,69267.59112839447
15.83,69258.30671310412
15.84,69253.21294281403
15.85,69247.81653205241
15.860000000000001,69236.64664091331
15.870000000000001,69228.25708223943
15.88,69222.76007706331
15.89,69214.95986055316
15.9,69206.03029587763
15.91,69196.96135920634
15.92,69191.41474100131
15.93,69182.63495853177
15.94,69176.39334406213
15.950000000000001,69167.21821803576
15.96,69158.84225167766
15.97,69151.7725581137
15.98,69145.77257788116
15.99,69135.51785313894
16.0,69130.26077542859
16.01,69121.92507415835
16.02,69112.80457201757
16.03,69106.03832942409
16.04,69100.64262348574
16.05,69092.63220222748
16.06,69084.46072545083
16.07,69079.28619540401
16.080000000000002,69068.55538484635
16.09,69061.4205401794
16.1,69055.69268553921
16.11,69045.80975364229
16.12,69039.53163342274
16.13,69031.39096517616
16.14,69023.944938717
16.15,69017.72008886898
16.16,69008.59041087225
16.17,69001.74070971712
16.18,68994.88933568569
16.19,68988.54639283656
16.2,68979.81368341269
16.21,68970.29708110435
16.22,68965.19430786169
16.23,68956.9935881262
16.240000000000002,68950.32081976545
16.25,68943.08390467199
16.26,68936.04677224095
16.27,68928.0316049748
16.28,68920.98799127576
16.29,68914.49715989073
16.3,68904.60986012453
16.31,68898.39940721798
16.32,68889.93607735132
16.330000000000002,68883.96663072213
16.34,68874.13255444675
16.35,68869.9745140977
16.36,68861.64858258264
16.37,68854.75182216431
16.38,68847.07208834702
16.39,68840.95462034768
16.4,68833.5184250367
16.41,68827.13695454212
16.42,68818.8421488383
16.43,68811.65398874976
16.44,68805.46506741314
16.45,68796.60567139645
16.46,68790.06229880653
16.47,68782.64694581994
16.48,68776.00961420794
16.490000000000002,68769.07021847971
16.5,68760.60283481184
16.51,68753.81922792264
16.52,68747.54283010626
16.53,68739.45170065665
16.54,68731.55932831482
16.55,68725.73147329173
16.56,68718.54963154058
16.57,68711.55366423212
16.580000000000002,68705.1608558897
16.59,68698.54119012655
16.6,68689.63733606177
16.61,68682.77359964923
16.62,68676.94892116582
16.63,68668.73171721719
16.64,68663.66485457936
16.65,68655.26589007044
16.66,68649.17782640293
16.67,68640.50479710627
16.68,68634.5455054619
16.69,68629.5020777398
16.7,68620.94670513037
16.71,68614.27086871547
16.72,68607.77960738848
16.73,68601.10835070859
16.740000000000002,68593.52457388701
16.75,68585.48857283778
16.76,68579.73442885143
16.77,68574.68120534743
16.78,68565.47486245219
16.79,68560.01681746189
16.8,68552.29492685448
16.81,68544.67323310807
16.82,68538.78711250552
16.830000000000002,68532.63028353821
16.84,68525.99883028063
16.85,68517.65303215342
16.86,68512.84514738228
16.87,68504.49124484067
16.88,68497.37636084393
16.89,68491.71017274297
16.9,68484.47809079016
16.91,68477.52511885733
16.92,68471.92783049229
16.93,68464.95738167877
16.94,68458.90814787886
16.95,68452.30676797155
16.96,68444.70501531211
16.97,68438.0170855376
16.98,68429.8585139344
16.990000000000002,68424.98382303127
17.0,68418.57491393814
17.01,68412.26687673613
17.02,68404.3220493153
17.03,68396.72788669419
17.04,68391.92081514855
17.05,68385.2608952376
17.06,68377.96318088852
17.07,68370.22772937403
17.080000000000002,68364.80628578554
17.09,68357.72246421005
17.1,68351.80110558741
17.11,68345.01038107362
17.12,68338.50634182205
17.13,68333.71740207964
17.14,68324.8731080295
17.150000000000002,68319.86591617468
17.16,68314.4095325007
17.17,68307.29464508202
17.18,68300.34434093405
17.19,68291.65202167066
17.2,68288.56731493452
17.21,68280.95595912618
17.22,68274.1855524002
17.23,68267.71857331583
17.240000000000002,68263.7055859222
17.25,68256.42974645921
17.26,68249.85386309367
17.27,68242.51662864063
17.28,68236.70456465038
17.29,68229.78173778848
17.3,68224.9000766423
17.31,68217.00258205275
17.32,68210.83505039777
17.330000000000002,68204.97569714698
17.34,68197.9013507737
17.35,68191.17483915796
17.36,68187.35981204415
17.37,68178.40261674553
17.38,68173.30028856524
17.39,68166.77905335317
17.400000000000002,68161.25262192842
17.41,68154.82429066632
17.42,68147.84988895615
17.43,68141.87277355621
17.44,68136.36185651219
17.45,68129.92344888157
17.46,68124.58962771714
17.47,68118.60058707497
17.48,68110.79291953883
17.490000000000002,68104.82266381581
17.5,68099.8493348551
17.51,68093.7143242556
17.52,68086.76513925506
17.53,68080.28347015055
17.54,68075.23127715409
17.55,68067.89443717293
17.56,68061.71433259021
17.57,68057.88377272747
17.580000000000002,68050.9122926258
17.59,68041.68177744019
17.6,68038.01224000688
17.61,68033.3332181987
17.62,68026.96485347573
17.63,68019.26672135969
17.64,68014.28105273361
17.650000000000002,68007.3347799523
17.66,68002.5638578105
17.67,67996.51122419606
17.68,67990.03714231432
17.69,67982.382728914
17.7,67978.51056956591
17.71,67972.31517389114
17.72,67965.22844545021
17.73,67962.46846065692
17.740000000000002,67953.8201735856
17.75,67947.4214057312
17.76,67942.83941384035
17.77,67936.2601763248
17.78,67931.48808068619
17.79,67925.08708009619
17.8,67919.49701296566
17.81,67912.2364892087
17.82,67905.32771480714
17.830000000000002,67900.17380413714
17.84,67895.40699960632
17.85,67888.97577688446
17.86,67886.01751458418
17.87,67876.29981028193
17.88,67872.4001919993
17.89,67865.77386401498
17.900000000000002,67860.71398696049
17.91,67852.7824859475
17.92,67850.78887173354
17.93,67841.91335243025
17.94,67838.8084831955
17.95,67833.38555270187
17.96,67827.87267695257
17.97,67820.3879322852
17.98,67815.18387959905
17.990000000000002,67810.65693327755
18.0,67802.67553132013
18.01,67798.00814535723
18.02,67790.50176264558
18.03,67786.33504011086
18.04,67780.6207434437
18.05,67775.54616989798
18.06,67769.41468957848
18.07,67761.68647529725
18.080000000000002,67758.46675803875
18.09,67753.09743022692
18.1,67749.1404522869
18.11,67741.62729090331
18.12,67737.08077959316
18.13,67730.0787285241
18.14,67725.72406479389
18.150000000000002,67719.64319149597
18.16,67713.76523204925
18.17,67709.36501221459
18.18,67702.12853231482
18.19,67697.12971109545
18.2,67693.88070423991
18.21,67685.147474143
18.22,67681.99249720701
18.23,67677.48216674228
18.240000000000002,67669.92599255862
18.25,67664.99238714545
18.26,67660.43907779461
18.27,67655.00077163777
18.28,67648.27928120946
18.29,67645.17084669527
18.3,67637.68416097212
18.31,67633.51855905296
18.32,67628.64325395534
18.330000000000002,67620.98767371933
18.34,67617.42437552476
18.35,67612.60699911557
18.36,67606.35080366163
18.37,67601.0475345945
18.38,67595.00199540416
18.39,67590.55539317879
18.400000000000002,67585.23334694534
18.41,67578.55961071193
18.42,67574.17314209373
18.43,67568.06245315658
18.44,67562.18177703426
18.45,67557.26754078393
18.46,67553.69312516692
18.47,67547.92654093745
18.48,67543.50442497325
18.490000000000002,67536.47123255371
18.5,67529.9743719581
18.51,67528.79169007343
18.52,67520.31392373452
18.53,67515.35622828285
18.54,67511.14646936556
18.55,67505.91131938588
18.56,67501.49824535231
18.57,67495.21416522456
18.580000000000002,67489.31241798485
18.59,67485.5213547164
18.6,67478.51760193816
18.61,67476.51735570814
18.62,67469.7345119527
18.63,67464.09780156561
18.64,67461.39191336333
18.650000000000002,67456.6501023462
18.66,67450.34485618079
18.67,67445.8134830612
18.68,67439.66433960128
18.69,67435.76906337318
18.7,67430.17332586332
18.71,67424.71962284546
18.72,67418.42190705621
18.73,67413.42193545723
18.740000000000002,67409.25415041803
18.75,67406.58636269475
18.76,67400.0871012364
18.77,67395.03652965119
18.78,67391.13373642688
18.79,67384.90571252449
18.8,67380.0886605108
18.81,67374.9759405879
18.82,67370.84242567966
18.830000000000002,67367.43920871614
18.84,67360.82130763686
18.85,67354.23203766491
18.86,67349.8860200633
18.87,67345.48079942548
18.88,67342.22504610554
18.89,67335.39177435952
18.900000000000002,67331.68139728523
18.91,67326.16513018218
18.92,67321.86619717664
18.93,67317.65601774873
18.94,67311.61122677392
18.95,67306.66346127138
18.96,67303.15215879008
18.97,67298.14812241557
18.98,67292.78488004091
18.990000000000002,67288.96920803207
19.0,67283.4704047364
19.01,67277.83848803546
19.02,67273.78776377946
19.03,67269.85546090025
19.04,67263.191378519
19.05,67261.50226286234
19.06,67253.67182438525
19.07,67249.12662032917
19.080000000000002,67245.92165172017
19.09,67240.40574878908
19.1,67235.62445329213
19.11,67232.7023363817
19.12,67226.10718991725
19.13,67222.15935980435
19.14,67219.27351910893
19.150000000000002,67213.65262892803
19.16,67209.87697198558
19.17,67203.5815783232
19.18,67200.27008227825
19.19,67194.0305900227
19.2,67188.81036837626
19.21,67187.02978226861
19.22,67180.47366522855
19.23,67176.89422017848
19.240000000000002,67171.34281895716
19.25,67168.11147164817
19.26,67162.20111368631
19.27,67158.01035997005
19.28,67154.6751196881
19.29,67148.69467453068
19.3,67143.90405641671
19.31,67140.04268668512
19.32,67137.82550089706
19.330000000000002,67131.350815236
19.34,67124.43968895041
19.35,67121.88452988063
19.36,67117.91402525548
19.37,67115.8320116716
19.38,67109.98275953921
19.39,67105.1427462233
19.400000000000002,67101.16694799645
19.41,67095.03745801012
19.42,67092.23827405032
19.43,67087.92124688857
19.44,67082.9700267521
19.45,67076.72451680053
19.46,67074.29426508809
19.47,67068.88099914577
19.48,67064.8950162032
19.490000000000002,67063.13321710081
19.5,67056.29003845612
19.51,67052.35106290499
19.52,67049.47099192151
19.53,67043.44701279968
19.54,67039.65631990744
19.55,67035.02598962405
19.56,67033.14268990692
19.57,67026.82881986536
19.580000000000002,67023.5458297901
19.59,67019.35087271355
19.6,67015.05148195496
19.61,67012.10449110677
19.62,67006.770612906
19.63,67001.11763783297
19.64,66998.11795710566
19.650000000000002,66992.56835335813
19.66,66989.88127634696
19.67,66985.35924447568
19.68,66980.32352197276
19.69,66978.72936687847
19.7,66971.52651715673
19.71,66967.65736114839
19.72,66963.62293204991
19.73,66959.49103348465
19.740000000000002,66955.83203682344
19.75,66952.85217668378
19.76,66948.94737898101
19.77,66942.83117409068
19.78,66941.67564762836
19.79,66935.35177581673
19.8,66934.26686721826
19.81,66927.62621094451
19.82,66926.04958417754
19.830000000000002,66919.37485421993
19.84,66916.69360520411
19.85,66913.77841263528
19.86,66908.38301930716
19.87,66903.34504984935
19.88,66898.70860250367
19.89,66897.10578097592
19.900000000000002,66891.3967747245
19.91,66888.84516610057
19.92,66884.04387529827
19.93,66879.01189314874
19.94,66876.2475301123
19.95,66872.76018077836
19.96,66867.14840957925
19.97,66866.03645094835
19.98,66860.363897352
19.990000000000002,66857.92748985809
20.0,66852.95819123092
20.01,66849.31237556919
20.02,66845.13142531282
20.03,66841.38891932777
20.04,66836.12779148373
20.05,66833.16896325207
20.06,66831.67701213386
20.07,66826.45454454471
20.080000000000002,66822.69333179743
20.09,66818.69939742742
20.1,66812.97698242617
20.11,66811.99405915328
20.12,66809.55368984207
20.13,66804.24255381367
20.14,66800.31632947916
20.150000000000002,66798.05540233679
20.16,66793.68646858544
20.17,66787.81052162214
20.18,66784.46428831399
20.19,66780.634877204
20.2,66780.01250696696
20.21,66774.9071203969
20.22,66771.40569865759
20.23,66766.80845933287
20.240000000000002,66762.31640818197
20.25,66757.95638833276
20.26,66755.41510334871
20.27,66752.8310591069
20.28,66747.93685085677
20.29,66744.52710742338
20.3,66743.44106519203
20.31,66739.21358177342
20.32,66735.91022193813
20.330000000000002,66729.70889283718
20.34,66727.64645093083
20.35,66724.92947077731
20.36,66720.57445002026
20.37,66718.0948526143
20.38,66713.48681084017
20.39,66708.94832692594
20.400000000000002,66705.98184851221
20.41,66701.5243888587
20.42,66700.56749573757
20.43,66695.20022853032
20.44,66693.71976570194
20.45,66689.42826804434
20.46,66684.17087446412
20.47,66680.05371503683
20.48,66678.26935695055
20.490000000000002,66676.46552296095
20.5,66671.35507417878
20.51,66667.11342625594
20.52,66665.32546514773
20.53,66663.14599318946
20.54,66657.43271913426
20.55,66654.48856358908
20.56,66651.97641159742
20.57,66649.32337477915
20.580000000000002,66644.663796271
20.59,66643.01472909468
20.6,66636.51391993256
20.61,66633.83771154063
20.62,66631.26005888022
20.63,66629.19187226365
20.64,66624.12105897967
20.650000000000002,66620.54663335452
20.66,66619.10083937213
20.67,66614.53906190358
20.68,66612.56442913896
20.69,66609.2286176488
20.7,66605.46008815819
20.71,66602.24524290976
20.72,66600.13948762543
20.73,66595.32724396212
20.740000000000002,66591.7097174851
20.75,66589.004241392
20.76,66585.62272787355
20.77,66581.5290824888
20.78,66580.47251875834
20.79,66576.89150723358
20.8,66572.38468422682
20.81,66569.84903041128
20.82,66567.01981818811
20.830000000000002,66564.0510217575
20.84,66559.38811467937
20.85,66557.90882471485
20.86,66553.8135198548
20.87,66550.90383568479
20.88,66546.41999752095
20.89,66544.69077743308
20.900000000000002,66542.80995349823
20.91,66540.0751025156
20.92,66534.9815725967
20.93,66531.90568498745
20.94,66529.38068436338
20.95,66526.42366946107
20.96,66524.84631681735
20.97,66519.80575579472
20.98,66515.20307305132
20.990000000000002,66515.41965724659
21.0,66511.4800047681
21.01,66507.12002576399
21.02,66504.53811283618
21.03,66503.99222511858
21.04,66499.41682292857
21.05,66495.76565082015
21.06,66493.36959476248
21.07,66491.0628077096
21.080000000000002,66487.63543734846
21.09,66483.42577619
21.1,66483.53975498889
21.11,66479.4494246653
21.12,66476.55830313369
21.13,66472.938844109
21.14,66468.80772248398
21.150000000000002,66468.83499066597
21.16,66463.09083896507
21.17,66463.53641210578
21.18,66458.71112047575
21.19,66456.0055681376
21.2,66452.78356174652
21.21,66450.70599283511
21.22,66448.58555346666
21.23,66445.25209766444
21.240000000000002,66442.35051739638
21.25,66438.42718187283
21.26,66436.72928260754
21.27,66435.42799569672
21.28,66433.04550744133
21.29,66430.20447553643
21.3,66426.4226144575
21.31,66423.16668518541
21.32,66421.46412143054
21.330000000000002,66416.81956445286
21.34,66414.19089098889
21.35,66413.1800076893
21.36,66409.34993425272
21.37,66407.99753572053
21.38,66403.06446276593
21.39,66401.04296049521
21.400000000000002,66400.8043751527
21.41,66396.09164059264
21.42,66393.91017258483
21.43,66391.19955188523
21.44,66386.84002497386
21.45,66388.5604962091
21.46,66384.02049361181
21.47,66377.83607141796
21.48,66377.6523633486
21.490000000000002,66374.84778916709
21.5,66372.68960541987
21.51,66371.16748604484
21.52,66368.15283144778
21.53,66367.69652680529
21.54,66362.88456943998
21.55,66361.29652588298
21.56,66359.25953485702
21.57,66356.43159067753
21.580000000000002,66353.66014124965
21.59,66350.7856033185
21.6,66346.20174796542
21.61,66345.43443557782
21.62,66343.93374023034
21.63,66339.87780670803
21.64,66338.8922371774
21.650000000000002,66335.59634549628
21.66,66334.76158668601
21.67,66330.55593205153
21.68,66327.23031538747
21.69,66326.21147679644
21.7,66323.16070443831
21.71,66319.29595098508
21.72,66316.98012595427
21.73,66315.48038762943
21.740000000000002,66314.9596546045
21.75,66309.59041725387
21.76,66310.41017331262
21.77,66307.39344918587
21.78,66307.10420826799
21.79,66301.57927601863
21.8,66300.00169187176
21.81,66294.69537862418
21.82,66294.63547258811
21.830000000000002,66292.94673538333
21.84,66290.86812862894
21.85,66288.76471286792
21.86,66286.98599251079
21.87,66285.8192125557
21.88,66281.80651923035
21.89,66279.47645277932
21.900000000000002,66279.32597488382
21.91,66275.0282808712
21.92,66273.70955371676
21.93,66271.90474057678
21.94,66267.57742848078
21.95,66267.50921021384
21.96,66263.93683964924
21.97,66262.00440440589
21.98,66260.14520413439
21.990000000000002,66257.0458920587
22.0,66253.86697883066
22.01,66253.81621603185
22.02,66252.24222246915
22.03,66249.65210801073
22.04,66249.81233289579
22.05,66245.46574701164
22.06,66241.98655393739
22.07,66241.50695761775
22.080000000000002,66239.47395738414
22.09,66237.11966119902
22.1,66234.72252164656
22.11,66233.38790819074
22.12,66231.0343687697
22.13,66226.87220408361
22.14,66227.16292281303
22.150000000000002,66227.06483017617
22.16,66222.03497044867
22.17,66218.39676441687
22.18,66217.24062476755
22.19,66217.01032720195
22.2,66213.43479862977
22.21,66212.2877858372
22.22,66210.82860798194
22.23,66207.02195595426
22.240000000000002,66207.66420868576
22.25,66204.86356038653
22.26,66203.83493684437
22.27,66202.00698653399
22.28,66200.5371566448
22.29,66197.73494565985
22.3,66193.33387312412
22.31,66193.25504407813
22.32,66191.08531886828
22.330000000000002,66189.38846468551
22.34,66186.17466979222
22.35,66185.54662371389
22.36,66183.55241149585
22.37,66182.16325886882
22.38,66181.28868696549
22.39,66178.77440760485
22.400000000000002,66177.25689610548
22.41,66174.6697342893
22.42,66172.7373280855
22.43,66174.25819953185
22.44,66169.99858722612
22.45,66167.59924443369
22.46,66165.71417869539
22.47,66164.38938309923
22.48,66163.99168312352
22.490000000000002,66161.8643236834
22.5,66160.2562722233
22.51,66157.41338037536
22.52,66156.60919632504
22.53,66153.97098359653
22.54,66153.04040502945
22.55,66149.7932020429
22.56,66148.57507427107
22.57,66148.10064964328
22.580000000000002,66145.66650432404
22.59,66143.02542075896
22.6,66142.47263452763
22.61,66141.62628454546
22.62,66140.83237345406
22.63,66138.17339338349
22.64,66136.80823372047
22.650000000000002,66132.37563714542
22.66,66131.64181767862
22.67,66131.60283888927
22.68,66129.74301143912
22.69,66128.34344322112
22.7,66127.82654383946
22.71,66126.32372096043
22.72,66121.52203293968
22.73,66120.55913432031
22.740000000000002,66120.02508277916
22.75,66119.8746909422
22.76,66116.12228008761
22.77,66115.46187007743
22.78,66115.65872762645
22.79,66111.41696519325
22.8,66111.23292080188
22.81,66110.1808023314
22.82,66107.17700365435
22.830000000000002,66107.07187649026
22.84,66105.43553835769
22.85,66105.19120491626
22.86,66102.90400044025
22.87,66100.03753240415
22.88,66098.98713069421
22.89,66099.98177112402
22.900000000000002,66097.48622131642
22.91,66094.33466941016
22.92,66095.5708642487
22.93,66093.50912127603
22.94,66091.26029640797
22.95,66088.69995347591
22.96,66090.39611579003
22.97,66088.43353984474
22.98,66086.26318040656
22.990000000000002,66085.78162252552
23.0,66083.35532628033
23.01,66081.46118145609
23.02,66080.81414552509
23.03,66080.92867863367
23.04,66078.28885192864
23.05,66078.28416031896
23.06,66077.24815184085
23.07,66074.9121976085
23.080000000000002,66074.79072592618
23.09,66071.61872882322
23.1,66070.99937434465
23.11,66069.35115451056
23.12,66067.96260805336
23.13,66068.96386117014
23.14,66066.37046817676
23.150000000000002,66064.00524663545
23.16,66062.60486621682
23.17,66062.46987601729
23.18,66060.7215325389
23.19,66059.30592087981
23.2,66059.96219466922
23.21,66059.82719170713
23.22,66057.49533854194
23.23,66055.66137008974
23.240000000000002,66053.52596489733
23.25,66053.5067381549
23.26,66051.58948842288
23.27,66053.38283062314
23.28,66049.27562270933
23.29,66050.83196861262
23.3,66046.65941261446
23.31,66047.69384031589
23.32,66044.92977294867
23.330000000000002,66043.36345620785
23.34,66044.35498162577
23.35,66041.69924733513
23.36,66041.43981672628
23.37,66041.14075112178
23.38,66039.73681948123
23.39,66037.50445569241
23.400000000000002,66038.63329385903
23.41,66037.39034034955
23.42,66035.83322018433
23.43,66036.34763448776
23.44,66034.68573812934
23.45,66033.54968746935
23.46,66032.2323931115
23.47,66030.28325716247
23.48,66028.68627342107
23.490000000000002,66029.30687129294
23.5,66028.63449297349
23.51,66028.53721872056
23.52,66028.59731924084
23.53,66027.00168255426
23.54,66025.47207034948
23.55,66024.76557524815
23.56,66024.11873050411
23.57,66023.07626608992
23.580000000000002,66021.84966532359
23.59,66021.94027559743
23.6,66019.987809508
23.61,66019.18737775023
23.62,66017.62490589009
23.63,66017.19105709426
23.64,66018.35052344798
23.650000000000002,66015.17421074059
23.66,66015.73241108266
23.67,66014.6902427609
23.68,66013.17585904001
23.69,66014.14903645392
23.7,66011.06993625034
23.71,66012.08209567942
23.72,66011.33796557986
23.73,66011.79693377374
23.740000000000002,66010.21706692074
23.75,66007.79882260709
23.76,66008.89575203224
23.77,66008.32593763937
23.78,66007.80100749826
23.79,66006.74738124812
23.8,66006.25260970398
23.81,66004.60223010156
23.82,66004.35736863072
23.830000000000002,66004.56991981372
23.84,66003.29747558401
23.85,66000.40389508597
23.86,66001.48779459718
23.87,66000.39617446388
23.88,66000.24638374776
23.89,66000.4484398675
23.900000000000002,65999.27246189995
23.91,66001.11170587587
23.92,65996.83499420574
23.93,65998.90676938652
23.94,65998.47406697439
23.95,65997.25368562558
23.96,65996.04767597493
23.97,65996.36573814457
23.98,65995.20922826191
23.990000000000002,65995.74603763223
24.0,65994.97686819323
24.01,65993.67545766578
24.02,65993.22043966544
24.03,65992.49512789742
24.04,65993.58746789185
24.05,65992.35379988332
24.060000000000002,65991.88157379367
24.07,65990.03551298851
24.080000000000002,65990.21917119712
24.09,65991.52459732538
24.1,65990.52319184771
24.11,65992.00193642105
24.12,65989.83029606171
24.13,65987.95032094265
24.14,65989.1227771816
24.150000000000002,65989.06415923516
24.16,65987.13357781715
24.17,65986.96840489614
24.18,65986.89858642714
24.19,65986.44081302329
24.2,65987.05039778646
24.21,65987.73874613973
24.22,65985.53884902496
24.23,65985.42377403386
24.240000000000002,65985.16812901922
24.25,65984.56410706235
24.26,65984.14814056977
24.27,65982.69096506319
24.28,65985.99823067398
24.29,65984.06871869833
24.3,65983.07219098839
24.310000000000002,65983.23460210484
24.32,65984.13365159961
24.330000000000002,65985.17994403085
24.34,65981.95911907803
24.35,65980.80151043471
24.36,65982.80603317507
24.37,65983.10287607623
24.38,65980.19149961419
24.39,65980.83016160048
24.400000000000002,65981.35713316948
24.41,65980.95243545309
24.42,65980.40557189115
24.43,65982.525952219
24.44,65981.9425212737
24.45,65981.96391567324
24.46,65979.95752675558
24.47,65981.26997665437
24.48,65979.96104265618
24.490000000000002,65980.33690877222
24.5,65979.70219559871
24.51,65978.88626093998
24.52,65979.66007888819
24.53,65979.97226562761
24.54,65979.36615952611
24.55,65979.73441708981
24.560000000000002,65980.69850029652
24.57,65979.87153476533
24.580000000000002,65981.30789850422
24.59,65981.36758811746
24.6,65979.49263885808
24.61,65980.59526916337
24.62,65980.61275132347
24.63,65979.67957110258
24.64,65980.30798039962
24.650000000000002,65978.73276632214
24.66,65980.56565118833
24.67,65979.34565089687
24.68,65981.40997410542
24.69,65979.50250000173
24.7,65979.70736075277
24.71,65979.6432313396
24.72,65980.54525716948
24.73,65981.86168231175
24.740000000000002,65979.31792844168
24.75,65980.68739743889
24.76,65982.0007897813
24.77,65980.48057484928
24.78,65982.29996354564
24.79,65981.22995106783
24.8,65980.63308755467
24.810000000000002,65982.5200400057
24.82,65979.48550120671
24.830000000000002,65981.82097458983
24.84,65980.34634725963
24.85,65982.03195940387
24.86,65982.19622993615
24.87,65981.87448370212
24.88,65982.27584033282
24.89,65982.62071086644
24.900000000000002,65983.85006224945
24.91,65983.24023744112
24.92,65980.60875461821
24.93,65983.11370829123
24.94,65982.33131902783
24.95,65984.01462986087
24.96,65985.70021140068
24.97,65984.66147111166
24.98,65982.63929999611
24.990000000000002,65985.33454440982
25.0,65986.05538691135
25.01,65985.36858485216
25.02,65984.745360557
25.03,65983.60721441543
25.04,65982.80331754309
25.05,65986.2927414221
25.060000000000002,65988.63586121239
25.07,65985.52451051274
25.080000000000002,65985.38200439721
25.09,65986.27911775005
25.1,65988.34882169828
25.11,65988.4131431002
25.12,65986.8050141607
25.13,65988.82732357307
25.14,65991.33490581706
25.150000000000002,65990.59127757364
25.16,65990.03786739749
25.17,65991.1410195327
25.18,65988.47314438489
25.19,65992.10317614907
25.2,65990.01995473733
25.21,65992.38654043422
25.22,65992.16056869818
25.23,65991.61045902166
25.240000000000002,65991.73497837821
25.25,65992.56377350929
25.26,65992.7014311156
25.27,65992.59823537039
25.28,65992.89321526953
25.29,65993.26189561805
25.3,65994.271962674
25.310000000000002,65992.32433590734
25.32,65993.56261610107
25.330000000000002,65994.17047482918
25.34,65997.70299062549
25.35,65996.21670478459
25.36,65997.44122426945
25.37,65995.86359588843
25.38,65996.38136114403
25.39,65998.91208954768
25.400000000000002,65999.32445216742
25.41,65998.6322927491
25.42,65999.06085957737
25.43,66000.57219832363
25.44,65998.63762481308
25.45,66001.80120267085
25.46,66000.72437633944
25.47,66001.04181159352
25.48,66001.27823328479
25.490000000000002,66000.64822537683
25.5,66001.90132147603
25.51,66002.80712129656
25.52,66003.36640926382
25.53,66006.45454091398
25.54,66005.34474465348
25.55,66004.9734672059
25.560000000000002,66006.30867708304
25.57,66006.53575706137
25.580000000000002,66006.39435929207
25.59,66008.57548110194
25.6,66008.38227454243
25.61,66007.93289465175
25.62,66010.91253781355
25.63,66010.54486510638
25.64,66009.03986553923
25.650000000000002,66009.22241887958
25.66,66011.63410860875
25.67,66012.78349665432
25.68,66012.83368294341
25.69,66013.05678895811
25.7,66014.16549732642
25.71,66013.34810392822
25.72,66014.18975384801
25.73,66014.37798946195
25.740000000000002,66017.0822449548
25.75,66016.38180321163
25.76,66017.46235453081
25.77,66015.60075530485
25.78,66016.95814476641
25.79,66017.93993306917
25.8,66019.97705160399
25.810000000000002,66021.56966321495
25.82,66021.24482198524
25.830000000000002,66019.54674977253
25.84,66020.61978066791
25.85,66021.16656620691
25.86,66023.95754994283
25.87,66025.5840507633
25.88,66024.52991271294
25.89,66025.8727662661
25.900000000000002,66027.06696353613
25.91,66026.5720883366
25.92,66026.41412137989
25.93,66028.74675419908
25.94,66029.07614252606
25.95,66031.6187571152
25.96,66031.52414617581
25.97,66031.48256965127
25.98,66032.58050780586
25.990000000000002,66032.32044585669
26.0,66034.4468408263
26.01,66034.26216586203
26.02,66034.74741113083
26.03,66036.43070362326
26.04,66038.3543811615
26.05,66039.23802449497
26.060000000000002,66037.71904793603
26.07,66039.07236105885
26.080000000000002,66039.23754688805
26.09,66040.04645591862
26.1,66040.62729094006
26.11,66041.7679973066
26.12,66043.06717672561
26.13,66042.05061739834
26.14,66045.81938405956
26.150000000000002,66043.24394125842
26.16,66044.53513160329
26.17,66044.82936076896
26.18,66048.56510518807
26.19,66047.40760074675
26.2,66047.46314813307
26.21,66050.79322280064
26.22,66050.4383930236
26.23,66050.32194648376
26.240000000000002,66051.70110473648
26.25,66053.19140819032
26.26,66053.24176781565
26.27,66055.64167149019
26.28,66055.4278748188
26.29,66056.60911808294
26.3,66055.46152611708
26.310000000000002,66057.61715859086
26.32,66059.44020867128
26.330000000000002,66059.54341466696
26.34,66060.48932709295
26.35,66061.75262861942
26.36,66063.25980452428
26.37,66063.42002548515
26.38,66064.98540015033
26.39,66064.84250041345
26.400000000000002,66066.52234591439
26.41,66067.48444186943
26.42,66067.44300187785
26.43,66068.16375558458
26.44,66068.79979762538
26.45,66072.82673001853
26.46,66073.21526636618
26.47,66072.70082565001
26.48,66072.61676078977
26.490000000000002,66072.73822897884
26.5,66075.86092329965
26.51,66075.52365798662
26.52,66075.5886355864
26.53,66076.97989258789
26.54,66079.9641660406
26.55,66080.59259660162
26.560000000000002,66082.15291964803
26.57,66084.15713950476
26.580000000000002,66082.28839032064
26.59,66083.49471009934
26.6,66084.77873728935
26.61,66085.30466620685
26.62,66086.41479151494
26.63,66087.38178392217
26.64,66087.47604278706
26.650000000000002,66089.4102541115
26.66,66091.65093485876
26.67,66092.20730620109
26.68,66093.37509340176
26.69,66094.36614779884
26.7,66095.21899137375
26.71,66096.24514071403
26.72,66097.63172914257
26.73,66097.98938451108
26.740000000000002,66098.97928654429
26.75,66100.69809064308
26.76,66100.0211995669
26.77,66103.50440953134
26.78,66103.49738235492
26.79,66104.86694932579
26.8,66106.67889799699
26.810000000000002,66106.72186261673
26.82,66109.03682487436
26.830000000000002,66109.15382465803
26.84,66109.6736560853
26.85,66111.23148051518
26.86,66111.97062288484
26.87,66113.43205715016
26.88,66114.1379630459
26.89,66114.9057246052
26.900000000000002,66117.11983524177
26.91,66119.26473006082
26.92,66117.57715211027
26.93,66121.44890909993
26.94,66120.46766867048
26.95,66123.65976013582
26.96,66123.84782442545
26.97,66125.28668860417
26.98,66125.44209291242
26.990000000000002,66127.4276848703
27.0,66127.54298473353
27.01,66130.33402746319
27.02,66132.4975736393
27.03,66132.653624155
27.04,66133.23948085918
27.05,66132.21051690432
27.060000000000002,66135.97183284505
27.07,66137.54733944478
27.080000000000002,66137.65942155033
27.09,66139.50034155758
27.1,66141.52796577333
27.11,66142.65967853545
27.12,66143.933757525
27.13,66142.91698504452
27.14,66144.79235631428
27.150000000000002,66148.14307710952
27.16,66148.27690302893
27.17,66149.01314784684
27.18,66150.01088008801
27.19,66151.93765194462
27.2,66153.32968917457
27.21,66155.02930740708
27.22,66154.22375121989
27.23,66155.89685995477
27.240000000000002,66159.32264575743
27.25,66158.32005508426
27.26,66160.80537538468
27.27,66161.97719416222
27.28,66161.8085000633
27.29,66163.39450607543
27.3,66165.54856615743
27.310000000000002,66165.19367161852
27.32,66168.61095601946
27.330000000000002,66170.49240896774
27.34,66170.72887911164
27.35,66172.79131359639
27.36,66173.54058901814
27.37,66175.19499977067
27.38,66175.94057537917
27.39,66177.36511619676
27.400000000000002,66176.22062468652
27.41,66179.86639496306
27.42,66181.57320975003
27.43,66183.3741313546
27.44,66182.36751092701
27.45,66185.28897447187
27.46,66185.92846638366
27.47,66186.51349167897
27.48,66188.78054062407
27.490000000000002,66191.58883755533
27.5,66190.59312909648
27.51,66192.73871706205
27.52,66194.66450304711
27.53,66196.68806134164
27.54,66198.10887832033
27.55,66198.26343832245
27.560000000000002,66199.98397584097
27.57,66201.74853691702
27.580000000000002,66202.94870533817
27.59,66203.08525334642
27.6,66206.7959497027
27.61,66204.31684937913
27.62,66209.52241284493
27.63,66210.50173156254
27.64,66210.32100859427
27.650000000000002,66211.68800047634
27.66,66213.66470498416
27.67,66214.87915164536
27.68,66217.25337481826
27.69,66218.06616644899
27.7,66220.2980855471
27.71,66220.00300744217
27.72,66222.57006077665
27.73,66223.2578990006
27.740000000000002,66226.04138565506
27.75,66227.35064867337
27.76,66227.86412000016
27.77,66229.14269565216
27.78,66229.81795604504
27.79,66230.84054029819
27.8,66235.63021179906
27.810000000000002,66235.33154135183
27.82,66235.62408179979
27.830000000000002,66237.50154442586
27.84,66242.05088647561
27.85,66242.46140206372
27.86,66242.66650792146
27.87,66244.36918865737
27.88,66247.83906946442
27.89,66247.21490957045
27.900000000000002,66246.04372626192
27.91,66248.84000354304
27.92,66252.14280126004
27.93,66255.01718124522
27.94,66252.50590696844
27.95,66254.97595241452
27.96,66256.81250308029
27.97,66258.13703617087
27.98,66260.34511135619
27.990000000000002,66262.7670861021
28.0,66263.355299112
28.01,66263.11846221302
28.02,66266.26805755924
28.03,66266.75120381503
28.04,66269.07149648537
28.05,66268.35909907099
28.060000000000002,66271.88360270458
28.07,66272.6881523493
28.080000000000002,66277.83752204652
28.09,66277.23312626385
28.1,66278.71734080269
28.11,66279.80213990642
28.12,66282.74687216191
28.13,66281.6258624901
28.14,66284.23648456387
28.150000000000002,66288.4468505941
28.16,66289.6026461172
28.17,66290.87625640658
28.18,66289.94170993376
28.19,66292.5354998415
28.2,66294.34396238634
28.21,66294.91749141691
28.22,66296.28829776346
28.23,66298.84557420363
28.240000000000002,66300.63245998955
28.25,66301.39250366497
28.26,66304.83933313708
28.27,66306.68558207674
28.28,66308.47343288956
28.29,66310.18965388866
28.3,66310.15941284764
28.310000000000002,66311.9777161822
28.32,66315.38972252599
28.330000000000002,66317.02129996642
28.34,66316.80809340563
28.35,66317.50516639599
28.36,66320.84426550799
28.37,66321.89632056191
28.38,66323.82827973939
28.39,66324.58908312341
28.400000000000002,66326.59714163198
28.41,66328.84638408331
28.42,66331.27981531138
28.43,66330.4970871211
28.44,66332.99081587618
28.45,66334.17664141244
28.46,66335.44363344648
28.47,66339.02144752018
28.48,66339.70067878507
28.490000000000002,66342.3255798763
28.5,66343.64835291903
28.51,66344.27854840083
28.52,66345.51780505652
28.53,66349.06954301907
28.54,66349.97356543179
28.55,66352.36320130905
28.560000000000002,66353.87994467876
28.57,66356.3751548089
28.580000000000002,66355.57555177019
28.59,66358.02269209005
28.6,66359.8496999169
28.61,66363.45810979082
28.62,66363.35010129758
28.63,66367.39886707651
28.64,66368.27920114419
28.650000000000002,66369.34614215132
28.66,66370.85564161571
28.67,66371.51705447439
28.68,66373.58783421108
28.69,66377.58031356824
28.7,66379.79977289109
28.71,66380.0917165841
28.72,66379.29463880658
28.73,66381.4963419722
28.740000000000002,66384.202396251
28.75,66386.49050157086
28.76,66386.89618557881
28.77,66390.15595352987
28.78,66390.03820372376
28.79,66391.89646206575
28.8,66394.85149972029
28.810000000000002,66396.8500286779
28.82,66399.31310874189
28.830000000000002,66401.35104785183
28.84,66401.31734494756
28.85,66403.41630876562
28.86,66407.15137407335
28.87,66405.5364692942
28.88,66410.04699990025
28.89,66413.12652097357
28.900000000000002,66412.27717930576
28.91,66411.6138065459
28.92,66415.40574875886
28.93,66416.84202465568
28.94,66418.56351608357
28.95,66422.61441639549
28.96,66423.0345035018
28.97,66425.714384956
28.98,66428.17913620977
28.990000000000002,66427.84872819648
29.0,66431.10873600225
29.01,66433.00602276817
29.02,66433.06284384508
29.03,66435.75638864632
29.04,66438.21911874707
29.05,66439.19529571726
29.060000000000002,66440.84377216068
29.07,66445.55948077473
29.080000000000002,66445.1612424133
29.09,66446.17315210549
29.1,66448.22030799223
29.11,66449.79550983578
29.12,66451.98971746364
29.13,66454.46201062473
29.14,66456.94058992362
29.150000000000002,66458.46709136791
29.16,66459.86510678715
29.17,66461.84975973824
29.18,66463.18367435483
29.19,66463.44483082944
29.2,66465.4903294634
29.21,66468.07897954264
29.22,66472.16261293959
29.23,66471.46038469864
29.240000000000002,66475.23567070186
29.25,66476.68355796748
29.26,66479.42161814861
29.27,66479.90797028624
29.28,66482.02633028965
29.29,66484.19428314912
29.3,66484.71652572499
29.310000000000002,66487.4319365006
29.32,66489.39377347652
29.330000000000002,66491.30653989573
29.34,66494.56635596551
29.35,66495.08452840785
29.36,66496.83482290067
29.37,66499.51831520097
29.38,66500.5071859061
29.39,66501.92765426496
29.400000000000002,66503.4415665514
29.41,66506.30671083792
29.42,66508.60389846333
29.43,66509.46712573642
29.44,66511.16740348408
29.45,66513.67726898173
29.46,66516.48520350062
29.47,66518.56032812802
29.48,66520.71051235413
29.490000000000002,66522.15031168616
29.5,66522.28309695382
29.51,66525.16683795975
29.52,66527.57967101525
29.53,66529.12622706828
29.54,66530.90440053685
29.55,66534.09446104495
29.560000000000002,66535.67912537986
29.57,66536.25979857754
29.580000000000002,66538.47799944924
29.59,66542.72823118808
29.6,66543.42340607777
29.61,66544.05408827396
29.62,66546.47549387488
29.63,66549.25798236401
29.64,66550.95832770881
29.650000000000002,66553.5017227777
29.66,66555.87057992755
29.67,66556.39194530915
29.68,66560.26965410133
29.69,66558.95661901151
29.7,66564.97054068216
29.71,66565.21000567249
29.72,66567.72029154823
29.73,66567.38963681877
29.740000000000002,66570.87134066437
29.75,66573.65049029466
29.76,66574.95110158442
29.77,66577.86193993816
29.78,66577.3986452803
29.79,66581.02956468833
29.8,66583.15464639117
29.810000000000002,66585.43826756482
29.82,66585.09566272133
29.830000000000002,66588.97427847619
29.84,66589.60968606449
29.85,66591.6790234143
29.86,66592.2554467876
29.87,66594.85040176642
29.88,66598.36866293325
29.89,66599.50759446374
29.900000000000002,66601.75925057566
29.91,66606.79299169575
29.92,66605.17529313183
29.93,66606.12523551688
29.94,66609.56709558886
29.95,66612.97444023707
29.96,66614.02519755151
29.97,66616.51738352134
29.98,66620.70824571616
29.990000000000002,66618.24312665037
30.0,66621.22843972725
30.01,66624.0537068978
30.02,66626.64389445761
30.03,66629.94922354467
30.04,66629.08397763401
30.05,66632.67505842287
30.060000000000002,66634.94487801014
30.07,66635.96497801993
30.080000000000002,66637.80465266672
30.09,66641.07456362747
30.1,66641.33521463702
30.11,66644.40313898238
30.12,66645.122035837
30.13,66648.7927218101
30.14,66653.53073342919
30.150000000000002,66652.86545785305
30.16,66656.10618884386
30.17,66657.34980066934
30.18,66658.76447578418
30.19,66661.14999816706
30.2,66662.66596634821
30.21,66664.46821441838
30.22,66666.1616898904
30.23,66669.86012221228
30.240000000000002,66670.59303390015
30.25,66672.95930593876
30.26,66674.50792207483
30.27,66678.53212406466
30.28,66678.73691738403
30.29,66681.79469234473
30.3,66683.02876436264
30.310000000000002,66685.58802130439
30.32,66686.54518568344
30.330000000000002,66689.51621999765
30.34,66694.06778721401
30.35,66692.57517304698
30.36,66694.53740072277
30.37,66697.28541614139
30.38,66701.20757760288
30.39,66701.08704389096
30.400000000000002,66704.74139385289
30.41,66706.13539826829
30.42,66708.55517707019
30.43,66709.8499501632
30.44,66713.37491700295
30.45,66714.71872170141
30.46,66716.77322935524
30.47,66718.76310089386
30.48,66721.34558863938
30.490000000000002,66724.13606835222
30.5,66725.77861762751
30.51,66728.07016839231
30.52,66730.08790203849
30.53,66732.02477896496
30.54,66732.73490320228
30.55,66736.31890176295
30.560000000000002,66738.72662281475
30.57,66739.1967524541
30.580000000000002,66742.35459908894
30.59,66745.89084566977
30.6,66746.41778040174
30.61,66747.53186862623
30.62,66751.15710381967
30.63,66753.85316491207
30.64,66756.33104760997
30.650000000000002,66757.23822415035
30.66,66760.17779519352
30.67,66761.39149493945
30.68,66764.08381422935
30.69,66763.85585646691
30.7,66767.00224879906
30.71,66770.9360625477
30.72,66771.3030890846
30.73,66773.34971493593
30.740000000000002,66778.15054615664
30.75,66777.5817508653
30.76,66780.84347943953
30.77,66783.24185676411
30.78,66783.900529876
30.79,66787.41774188537
30.8,66787.71687274013
30.810000000000002,66790.53756660923
30.82,66792.99420954192
30.830000000000002,66794.93690499058
30.84,66797.90066014133
30.85,66798.16133313958
30.86,66802.08708310688
30.87,66804.04348372573
30.88,66808.02555312123
30.89,66808.48775917782
30.900000000000002,66810.7519038839
30.91,66814.48560482384
30.92,66814.69933275142
30.93,66816.56522634372
30.94,66819.39643064124
30.95,66820.74972051886
30.96,66823.54524458767
30.970000000000002,66825.81999318647
30.98,66827.39058471317
30.990000000000002,66828.64418364188
31.0,66831.18942687447
31.01,66833.74134471644
31.02,66837.13209529819
31.03,66838.31709711465
31.04,66841.82277724973
31.05,66843.31934244814
31.060000000000002,66844.87884209055
31.07,66847.06229223555
31.080000000000002,66850.35593134024
31.09,66851.40839084772
31.1,66853.45462121548
31.11,66857.01708516678
31.12,66857.20151137574
31.13,66860.2260354233
31.14,66865.1858855169
31.150000000000002,66863.27798265131
31.16,66867.83586658273
31.17,66869.75697017496
31.18,66873.13436591039
31.19,66873.75779806921
31.2,66875.45640644204
31.21,66878.57604448541
31.220000000000002,66881.3746888547
31.23,66883.85762996576
31.240000000000002,66884.53696254925
31.25,66888.93147719436
31.26,66886.60634986612
31.27,66893.81354977422
31.28,66894.55153686699
31.29,66896.43132168891
31.3,66899.5501337644
31.310000000000002,66901.09778337234
31.32,66902.3020112909
31.330000000000002,66905.48966396357
31.34,66907.00905548292
31.35,66909.0914292916
31.36,66910.86138693814
31.37,66914.2544805207
31.38,66915.10995592795
31.39,66918.3928173363
31.400000000000002,66919.20341415382
31.41,66922.53893938367
31.42,66925.99213118842
31.43,66927.3277141829
31.44,66928.27045256166
31.45,66930.76330524946
31.46,66933.85785621822
31.470000000000002,66934.52593908823
31.48,66938.05032608549
31.490000000000002,66939.54213400448
31.5,66942.5360807135
31.51,66945.10552349362
31.52,66946.2680746023
31.53,66949.06848907731
31.54,66951.33940963336
31.55,66955.09738930663
31.560000000000002,66955.55330581086
31.57,66957.50693243086
31.580000000000002,66962.69607855138
31.59,66963.59359950326
31.6,66964.28067874095
31.61,66966.37848319874
31.62,66967.87755922966
31.63,66971.64685205807
31.64,66975.40834850451
31.650000000000002,66976.26467370923
31.66,66980.4651509664
31.67,66980.21999268861
31.68,66982.98244020685
31.69,66984.74939625019
31.7,66988.74950648444
31.71,66989.76933351264
31.720000000000002,66991.66200620554
31.73,66994.03066184597
31.740000000000002,66995.41220333362
31.75,66997.79200301763
31.76,67000.62631383674
31.77,67002.80026021758
31.78,67004.71676306352
31.79,67008.03098476851
31.8,67009.46001001856
31.810000000000002,67012.35481189049
31.82,67016.0315029883
31.830000000000002,67016.78578885455
31.84,67019.63002329573
31.85,67021.09239451385
31.86,67024.30376364433
31.87,67027.03340909809
31.88,67028.36728971878
31.89,67030.69645285333
31.900000000000002,67033.59449898882
31.91,67036.03375064979
31.92,67038.80763793123
31.93,67038.9929966546
31.94,67042.8929496849
31.95,67043.26946190665
31.96,67048.73785369714
31.970000000000002,67049.49023135203
31.98,67050.84104890029
31.990000000000002,67053.75709813576
32.0,67056.88590920593
32.01,67058.86271592518
32.02,67060.39999336418
32.03,67062.55750965547
32.04,67063.2518134259
32.05,67068.76765486658
32.06,67070.02286650866
32.07,67073.92843909941
32.08,67073.95331690945
32.09,67076.29510908596
32.1,67078.30379782982
32.11,67079.40600381092
32.12,67084.83937466606
32.13,67084.58137305808
32.14,67088.4468442928
32.15,67092.3563828911
32.160000000000004,67093.64353589942
32.17,67094.39970767623
32.18,67097.03507415896
32.19,67100.5920063169
32.2,67103.40392251611
32.21,67104.72498678368
32.22,67107.64874436028
32.230000000000004,67108.91040923557
32.24,67112.02810621654
32.25,67112.48064166366
32.26,67116.18433202722
32.27,67116.76916259811
32.28,67118.93938167876
32.29,67121.7576699296
32.3,67123.96063553134
32.31,67126.832412702
32.32,67129.45916126008
32.33,67131.24570980726
32.34,67133.9788838688
32.35,67136.43932148894
32.36,67139.22664841346
32.37,67140.9487329273
32.38,67143.00728736
32.39,67148.14140371882
32.4,67146.7279331897
32.410000000000004,67148.83719276181
32.42,67151.60827722619
32.43,67155.73054747684
32.44,67156.30357590287
32.45,67159.29017257446
32.46,67161.10593735149
32.47,67164.12638796461
32.480000000000004,67165.11061821048
32.49,67169.40784641645
32.5,67170.94524189805
32.51,67173.27312933175
32.52,67176.8073301737
32.53,67177.218785216
32.54,67179.5138504261
32.55,67180.64531684713
32.56,67184.00916482738
32.57,67187.25072255038
32.58,67188.08872711688
32.59,67194.05102674765
32.6,67194.8612701826
32.61,67196.91340641714
32.62,67200.58057065193
32.63,67203.21645225953
32.64,67201.48212986143
32.65,67206.92552104159
32.660000000000004,67209.15471503235
32.67,67210.60621024418
32.68,67214.60041493892
32.69,67215.37139167933
32.7,67218.52413878562
32.71,67222.27283767366
32.72,67223.67938785486
32.730000000000004,67223.10248418894
32.74,67227.02488265348
32.75,67229.46787630439
32.76,67231.53336025974
32.77,67233.47185219306
32.78,67236.63680163737
32.79,67238.36559161439
32.8,67242.10666742155
32.81,67243.8169119462
32.82,67244.41082717654
32.83,67248.72876072784
32.84,67253.79327103453
32.85,67252.30064674304
32.86,67254.56785164306
32.87,67257.57623391035
32.88,67260.11293203317
32.89,67262.30167019679
32.9,67263.98085168516
32.910000000000004,67266.8373262816
32.92,67269.608762536
32.93,67272.89505192869
32.94,67274.78300865425
32.95,67275.72657893329
32.96,67278.72624151745
32.97,67280.4986777819
32.980000000000004,67284.33457701774
32.99,67285.42688531533
33.0,67289.35345039648
33.01,67290.03575678189
33.02,67293.3854919145
33.03,67296.61289832133
33.04,67298.33310725189
33.05,67299.89207544301
33.06,67299.81436231692
33.07,67305.39278891843
33.08,67308.6911268656
33.09,67309.80044831808
33.1,67312.28541976839
33.11,67315.52836386995
33.12,67315.2817085133
33.13,67319.25753798116
33.14,67319.64516009741
33.15,67325.3153807174
33.160000000000004,67325.86960487723
33.17,67327.03841919023
33.18,67329.80333944333
33.19,67333.8933698863
33.2,67336.31071748237
33.21,67338.64454988763
33.22,67342.75010528538
33.230000000000004,67342.15502312624
33.24,67344.5959553191
33.25,67347.66202890789
33.26,67350.07006479696
33.27,67352.19994283214
33.28,67355.1189296382
33.29,67356.44233804896
33.3,67359.55650490714
33.31,67361.8487629015
33.32,67365.38627158875
33.33,67367.51464005663
33.34,67368.10563891332
33.35,67370.8026158379
33.36,67373.41462937376
33.37,67375.42136963892
33.38,67380.29946402219
33.39,67380.03170260528
33.4,67382.68384903768
33.410000000000004,67385.9024993588
33.42,67387.82820786875
33.43,67390.72567844395
33.44,67392.5690295053
33.45,67394.72523916209
33.46,67398.24129126422
33.47,67401.12785102628
33.480000000000004,67403.37763358458
33.49,67405.28296772049
33.5,67408.86027572921
33.51,67408.6497817475
33.52,67411.45259949104
33.53,67412.93461643024
33.54,67417.01738687481
33.55,67420.28918462935
33.56,67421.27305189468
33.57,67425.29699068905
33.58,67426.69894588254
33.59,67427.94516580955
33.6,67430.59509802406
33.61,67433.67158595203
33.62,67436.39946345512
33.63,67438.30271083365
33.64,67441.10591169023
33.65,67442.63097241949
33.660000000000004,67445.0603476939
33.67,67447.88437533943
33.68,67450.14150479106
33.69,67454.83713046565
33.7,67453.92142112271
33.71,67456.65104328223
33.72,67460.91783664963
33.730000000000004,67462.5403824403
33.74,67464.1313758233
33.75,67468.2106902306
33.76,67469.61418587768
33.77,67471.95803725754
33.78,67474.3750677705
33.79,67475.05719882279
33.8,67479.79274280283
33.81,67481.4524042591
33.82,67482.42797848428
33.83,67485.50447009133
33.84,67488.51022831647
33.85,67491.25403114122
33.86,67492.97498506121
33.87,67493.98677045669
33.88,67496.90469052574
33.89,67502.34482132767
33.9,67503.25218899568
33.910000000000004,67506.9628438801
33.92,67507.03619126926
33.93,67511.73677390804
33.94,67513.87228653925
33.95,67515.80370320937
33.96,67517.50060745621
33.97,67520.23767087238
33.980000000000004,67522.87276635406
33.99,67525.01279258754
34.0,67526.70891670833
34.01,67529.31411732688
34.02,67532.80081783902
34.03,67535.54825804266
34.04,67538.02108635684
34.05,67538.7484902688
34.06,67540.45783690998
34.07,67544.11547089322
34.08,67546.59802896906
34.09,67548.39729909039
34.1,67550.72223768498
34.11,67553.60469987967
34.12,67556.63631520854
34.13,67559.2232673664
34.14,67561.5480923857
34.15,67562.71364720575
34.160000000000004,67566.31610556076
34.17,67567.64389709749
34.18,67571.04479209112
34.19,67574.13840640758
34.2,67575.52809171299
34.21,67578.63547500179
34.22,67580.11798777389
34.230000000000004,67582.71243332402
34.24,67584.91818328247
34.25,67587.53944500457
34.26,67589.10096543595
34.27,67593.78535628684
34.28,67593.71486290735
34.29,67598.19406221683
34.300000000000004,67600.65568797325
34.31,67601.12236659882
34.32,67606.86971731804
34.33,67608.28510031852
34.34,67612.1750257517
34.35,67612.29774437842
34.36,67613.9109474062
34.37,67616.95141252739
34.38,67619.10625628833
34.39,67621.55572827112
34.4,67625.10567008462
34.410000000000004,67627.61941228225
34.42,67630.92079130885
34.43,67630.78123002795
34.44,67635.83077671826
34.45,67636.48108631077
34.46,67638.88657613349
34.47,67641.67708680444
34.480000000000004,67643.79593439327
34.49,67645.07764465304
34.5,67647.97160120301
34.51,67652.0138646547
34.52,67652.18702148023
34.53,67658.76480721119
34.54,67657.74659139386
34.550000000000004,67659.50091966327
34.56,67662.99551666297
34.57,67665.34460544614
34.58,67666.38040301848
34.59,67670.8684094351
34.6,67674.02376655924
34.61,67676.44935278084
34.62,67678.32552286993
34.63,67680.19216161918
34.64,67682.19292319505
34.65,67684.74109048612
34.660000000000004,67686.63499377178
34.67,67690.5380704406
34.68,67693.44167759136
34.69,67694.02928854266
34.7,67698.59660390823
34.71,67700.66281861211
34.72,67700.04947479164
34.730000000000004,67706.03537559572
34.74,67707.80694882329
34.75,67710.9775815924
34.76,67711.6504074686
34.77,67714.79114895772
34.78,67717.04951131012
34.79,67718.9039069957
34.800000000000004,67721.58467603347
34.81,67724.25435896016
34.82,67726.49267268112
34.83,67728.93800364225
34.84,67731.89610958594
34.85,67734.58400251892
34.86,67734.25668995653
34.87,67739.93759446409
34.88,67742.48151322501
34.89,67742.7652980655
34.9,67745.98521563502
34.910000000000004,67747.87341495283
34.92,67750.21728597245
34.93,67753.43628344242
34.94,67755.61019566341
34.95,67758.48164863107
34.96,67762.01981572491
34.97,67764.7141730113
34.980000000000004,67765.87028018209
34.99,67769.10183253474
35.0,67770.33640933808
35.01,67773.33401120832
35.02,67776.59686143642
35.03,67776.77963452332
35.04,67778.35628953851
35.050000000000004,67784.32613910058
35.06,67787.49731879486
35.07,67787.30599299114
35.08,67789.62177052678
35.09,67791.80345614081
35.1,67795.9789744618
35.11,67797.37243643518
35.12,67801.00732793535
35.13,67802.76012591715
35.14,67806.91094250916
35.15,67807.25237544908
35.160000000000004,67810.04477881677
35.17,67811.1652017882
35.18,67814.37148504579
35.19,67819.37363304204
35.2,67821.42506102343
35.21,67821.00380840333
35.22,67826.50463462406
35.230000000000004,67828.81299422785
35.24,67829.02771575148
35.25,67831.85448853114
35.26,67834.5619520575
35.27,67837.63483966705
35.28,67838.70247549664
35.29,67843.39980884868
35.300000000000004,67844.59858101529
35.31,67848.41834437707
35.32,67850.78579651531
35.33,67850.94363586213
35.34,67854.31370567043
35.35,67858.48400568217
35.36,67859.11920013587
35.37,67861.14862379052
35.38,67864.08430388948
35.39,67866.18946358943
35.4,67870.22159316456
35.410000000000004,67872.4922741792
35.42,67872.90458826769
35.43,67876.10921794406
35.44,67880.06380610958
35.45,67882.59951124585
35.46,67884.26326206635
35.47,67886.76184929586
35.480000000000004,67888.5808147052
35.49,67891.80476385594
35.5,67893.23824778748
35.51,67897.12867571549
35.52,67901.02910921986
35.53,67901.47525289649
35.54,67904.2066537689
35.550000000000004,67907.01104358326
35.56,67909.89373549465
35.57,67912.0554398515
35.58,67913.92581122591
35.59,67916.42091188394
35.6,67917.63240705818
35.61,67921.84113806995
35.62,67923.24807783114
35.63,67926.05688986811
35.64,67929.75272910413
35.65,67931.26938586798
35.660000000000004,67933.63325794035
35.67,67935.63216157841
35.68,67937.64739217219
35.69,67940.98578945031
35.7,67943.81704791659
35.71,67944.4522911431
35.72,67948.92758097572
35.730000000000004,67952.17140663936
35.74,67954.16883495719
35.75,67955.00595584844
35.76,67957.65324661885
35.77,67962.03493438623
35.78,67963.24090899937
35.79,67965.53573666966
35.800000000000004,67970.46913536321
35.81,67971.45860106527
35.82,67974.64523343026
35.83,67975.56551189424
35.84,67979.3605059415
35.85,67980.94883670195
35.86,67982.10240307878
35.87,67984.39008964336
35.88,67988.48749363427
35.89,67989.10927729656
35.9,67993.87980697214
35.910000000000004,67994.57646320426
35.92,67998.06423059748
35.93,68000.73959180816
35.94,68002.31567895772
35.95,68006.74474613342
35.96,68007.17553989153
35.97,68010.25956806167
35.980000000000004,68012.27872000693
35.99,68015.70813949201
36.0,68018.84120019055
36.01,68019.70205159033
36.02,68024.12627849962
36.03,68026.77051654256
36.04,68028.67012007184
36.050000000000004,68029.88732536761
36.06,68032.06608644377
36.07,68035.85604052887
36.08,68037.4608348316
36.09,68040.1104293608
36.1,68042.70635208701
36.11,68047.21556198962
36.12,68047.66404578742
36.13,68051.18384082698
36.14,68053.00460767093
36.15,68056.0558014441
36.160000000000004,68056.03193496713
36.17,68060.1056929168
36.18,68062.15927609334
36.19,68064.0839528334
36.2,68067.95438216308
36.21,68071.46168465183
36.22,68073.33854428776
36.230000000000004,68074.0384851691
36.24,68078.58096015704
36.25,68080.72205926047
36.26,68081.60309736701
36.27,68086.58497500754
36.28,68088.32849033126
36.29,68090.5356936914
36.300000000000004,68092.52158420968
36.31,68095.51668754756
36.32,68097.86242712455
36.33,68100.02772043817
36.34,68102.25244018948
36.35,68105.6457530056
36.36,68107.67126192234
36.37,68110.48921481239
36.38,68112.73452878984
36.39,68113.76222518124
36.4,68118.86045121682
36.410000000000004,68119.52468233385
36.42,68122.68127328822
36.43,68125.4300686165
36.44,68128.20489467721
36.45,68130.24828126669
36.46,68132.36450792728
36.47,68136.66992427476
36.480000000000004,68137.2834301316
36.49,68141.90958708999
36.5,68143.52662393497
36.51,68142.88286710538
36.52,68146.85508930364
36.53,68148.99498408871
36.54,68152.31251844889
36.550000000000004,68153.74788810611
36.56,68158.45259574673
36.57,68158.23734973639
36.58,68162.83989820293
36.59,68163.68839663811
36.6,68168.98881863528
36.61,68168.81105295508
36.62,68172.76512922639
36.63,68175.28674177223
36.64,68178.31813996556
36.65,68181.08078687817
36.660000000000004,68183.24997763528
36.67,68186.31960736949
36.68,68187.59508078494
36.69,68189.36632110915
36.7,68191.64671558156
36.71,68194.94021736048
36.72,68196.6539518965
36.730000000000004,68199.24107394266
36.74,68201.43129014841
36.75,68204.2785929876
36.76,68207.64659590427
36.77,68208.79727282781
36.78,68212.4152119073
36.79,68216.44174278689
36.800000000000004,68216.4971915272
36.81,68219.72892918038
36.82,68222.03165747366
36.83,68224.73624917546
36.84,68228.29737328764
36.85,68228.47729477534
36.86,68233.61568543875
36.87,68235.01062599423
36.88,68237.78250112433
36.89,68238.7583563902
36.9,68240.96409553109
36.910000000000004,68244.44013005999
36.92,68248.29690521659
36.93,68249.19914453295
36.94,68253.07631688289
36.95,68255.75742482363
36.96,68256.59228038562
36.97,68259.31957768918
36.980000000000004,68261.464377111
36.99,68263.56947815808
37.0,68267.19930278575
37.01,68269.03680878403
37.02,68272.78440688521
37.03,68276.19225933914
37.04,68276.53949691955
37.050000000000004,68279.97742177786
37.06,68282.93467262745
37.07,68283.83113200695
37.08,68288.09083906109
37.09,68290.10898581262
37.1,68292.32810700434
37.11,68295.03913009139
37.12,68298.31748924292
37.13,68299.82077646724
37.14,68300.598274354
37.15,68304.43406961444
37.160000000000004,68306.18892999798
37.17,68309.06266893393
37.18,68311.86288876434
37.19,68314.4506434279
37.2,68315.97737156136
37.21,68317.90140266319
37.22,68323.39527516442
37.230000000000004,68323.31808435397
37.24,68327.55294987833
37.25,68329.98240254188
37.26,68332.7287733621
37.27,68335.23813179055
37.28,68336.80084805292
37.29,68339.90370802836
37.300000000000004,68342.69123139238
37.31,68343.57871172011
37.32,68348.07691099805
37.33,68350.7396947851
37.34,68352.67903321591
37.35,68355.34543115906
37.36,68357.16203524718
37.37,68360.61952043789
37.38,68361.09834765569
37.39,68365.60606761595
37.4,68367.29075216858
37.410000000000004,68370.29501529576
37.42,68372.46748859712
37.43,68373.05269417677
37.44,68378.80680419723
37.45,68379.04292221577
37.46,68382.40358449225
37.47,68385.9435533563
37.480000000000004,68385.5168402422
37.49,68389.39388770945
37.5,68391.5046135587
37.51,68395.81510140588
37.52,68396.71004661544
37.53,68400.80888756279
37.54,68403.92629205894
37.550000000000004,68405.53578773535
37.56,68407.73098127558
37.57,68409.78165315476
37.58,68410.92690804572
37.59,68413.23900756016
37.6,68418.8190166101
37.61,68422.5039129299
37.62,68421.32714031411
37.63,68423.58560335833
37.64,68427.83354972467
37.65,68429.7395918088
37.660000000000004,68432.21880361665
37.67,68433.46256444733
37.68,68437.17825362542
37.69,68439.60396734846
37.7,68442.86488858426
37.71,68444.81848898415
37.72,68447.57646082311
37.730000000000004,68448.70102206718
37.74,68452.84074182846
37.75,68453.58148149663
37.76,68458.03659548165
37.77,68460.92458421143
37.78,68462.60598380986
37.79,68465.18030303504
37.800000000000004,68468.31318627867
37.81,68469.64735886408
37.82,68471.27501429622
37.83,68475.74767458554
37.84,68476.7673375311
37.85,68478.4840826024
37.86,68481.49012435778
37.87,68485.54275006226
37.88,68488.97655138548
37.89,68489.81536329149
37.9,68492.13309891327
37.910000000000004,68495.0770491027
37.92,68497.46814675498
37.93,68500.42773516067
37.94,68502.80038343127
37.95,68508.43447398476
37.96,68506.98491558166
37.97,68510.16228763745
37.980000000000004,68514.35087902725
37.99,68514.83134458968
38.0,68518.31970226814
38.01,68519.05040383371
38.02,68523.00431058518
38.03,68526.65788717716
38.04,68527.46799615494
38.050000000000004,68530.70972551696
38.06,68532.64995215157
38.07,68533.65401849517
38.08,68537.04612027176
38.09,68540.76864648478
38.1,68543.64661098269
38.11,68544.4522130322
38.12,68547.94881272982
38.13,68549.73295606281
38.14,68552.62375436649
38.15,68554.77256932868
38.160000000000004,68559.20434817093
38.17,68561.14759055678
38.18,68563.32291049296
38.19,68565.0307567667
38.2,68567.94523036666
38.21,68569.75602685349
38.22,68573.8855155971
38.230000000000004,68575.55221733655
38.24,68576.88218357421
38.25,68581.03927111115
38.26,68585.04555627605
38.27,68586.54644594992
38.28,68588.64294241936
38.29,68590.16751402781
38.300000000000004,68594.30398681511
38.31,68597.20488883248
38.32,68599.79488265137
38.33,68601.38300622592
38.34,68604.453037101
38.35,68605.79331058769
38.36,68608.8281398731
38.37,68609.86219917193
38.38,68613.29833928587
38.39,68615.68116847886
38.4,68617.65051602747
38.410000000000004,68622.69566431204
38.42,68622.663310051
38.43,68625.92419779695
38.44,68628.12810632533
38.45,68630.79604851498
38.46,68632.99643309406
38.47,68636.79068302903
38.480000000000004,68638.29403499057
38.49,68641.08458690754
38.5,68643.2231901649
38.51,68646.06346758541
38.52,68647.36768717818
38.53,68649.68421065126
38.54,68653.42761562327
38.550000000000004,68655.90373728133
38.56,68659.02770473112
38.57,68660.68022548265
38.58,68664.10049186027
38.59,68667.56199539811
38.6,68668.147659722
38.61,68671.21520588433
38.62,68674.47578594206
38.63,68677.51447408613
38.64,68678.89110958857
38.65,68680.10469581862
38.660000000000004,68683.38889870886
38.67,68687.78627036895
38.68,68688.77022630083
38.69,68691.22910638602
38.7,68692.85685651771
38.71,68697.56834175739
38.72,68699.21112483127
38.730000000000004,68702.99882263891
38.74,68703.37131125022
38.75,68705.5078959091
38.76,68710.235909867
38.77,68709.7748086338
38.78,68714.81880588531
38.79,68718.35691911083
38.800000000000004,68718.77154733332
38.81,68720.94498755311
38.82,68723.16569530811
38.83,68726.28939489456
38.84,68728.93822574387
38.85,68732.65108795854
38.86,68733.47763063078
38.87,68736.88552558626
38.88,68739.6915323171
38.89,68741.93944849678
38.9,68742.99081295234
38.910000000000004,68750.21628283673
38.92,68749.40189411971
38.93,68751.3351927977
38.94,68755.07556621684
38.95,68757.25328246235
38.96,68760.01341406816
38.97,68761.54671902036
38.980000000000004,68764.4048315747
38.99,68768.6094285218
39.0,68769.61504860884
39.01,68771.91395898761
39.02,68775.13519795168
39.03,68778.00865765564
39.04,68781.17401983122
39.050000000000004,68782.86253120756
39.06,68785.38804187869
39.07,68788.15710499893
39.08,68791.2609872542
39.09,68792.63133986051
39.1,68793.87189952805
39.11,68797.22993774239
39.12,68798.49698286048
39.13,68803.46317920124
39.14,68807.21738625763
39.15,68807.7564799317
39.160000000000004,68811.04170618206
39.17,68813.295075473
39.18,68813.65253944504
39.19,68818.6364743553
39.2,68819.58717995291
39.21,68822.08245225536
39.22,68826.13934109184
39.230000000000004,68828.32093915298
39.24,68830.35045706245
39.25,68832.45870112383
39.26,68834.86463543953
39.27,68835.46216942342
39.28,68840.75308373511
39.29,68843.16097171417
39.300000000000004,68846.6404811036
39.31,68849.2685383891
39.32,68850.40073601129
39.33,68852.6156913638
39.34,68856.93565127587
39.35,68857.66842144786
39.36,68858.03673498015
39.37,68861.63435329565
39.38,68868.2983374275
39.39,68868.94186176924
39.4,68870.44493100999
39.410000000000004,68872.88341460862
39.42,68877.34807961344
39.43,68879.63706216872
39.44,68880.13413855844
39.45,68883.80002449344
39.46,68886.23917773334
39.47,68888.70287117675
39.480000000000004,68890.93613102648
39.49,68893.73084592493
39.5,68896.99725074072
39.51,68897.68047329424
39.52,68901.88609102085
39.53,68904.1863818814
39.54,68903.10667937627
39.550000000000004,68908.30310962448
39.56,68911.58693391478
39.57,68914.03010507289
39.58,68914.89621150622
39.59,68918.46100280821
39.6,68922.05720758844
39.61,68924.00872230476
39.62,68926.33718320062
39.63,68928.43156579642
39.64,68930.17595425266
39.65,68934.52797792114
39.660000000000004,68935.23189413895
39.67,68938.61439243898
39.68,68941.12485134516
39.69,68944.32275553135
39.7,68947.44210734933
39.71,68948.38034889066
39.72,68954.23044966951
39.730000000000004,68955.52949457259
39.74,68958.56084953948
39.75,68959.03024462711
39.76,68963.54605794749
39.77,68965.61162912766
39.78,68968.78953204543
39.79,68970.612108709
39.800000000000004,68971.8277881721
39.81,68973.78523998537
39.82,68976.36802680526
39.83,68979.78539175089
39.84,68982.1043092667
39.85,68983.67430757881
39.86,68987.72093932911
39.87,68989.37036133451
39.88,68992.52288026924
39.89,68997.43246639197
39.9,68998.52767629747
39.910000000000004,68999.49549167302
39.92,69001.4714589229
39.93,69006.43859179912
39.94,69005.7998525343
39.95,69009.53612008147
39.96,69011.83486230219
39.97,69016.42105147985
39.980000000000004,69017.06528449223
39.99,69019.48790789726
40.0,69023.47834326171
40.01,69025.17562132597
40.02,69027.0880193349
40.03,69030.17128814923
40.04,69032.25876999005
40.050000000000004,69035.15319879934
40.06,69037.8971895962
40.07,69041.70591681592
40.08,69043.70003840771
40.09,69044.85057570161
40.1,69047.41180189692
40.11,69050.77313237137
40.12,69053.81804562858
40.13,69053.55687057618
40.14,69058.29521840501
40.15,69059.54605149869
40.160000000000004,69061.75399804865
40.17,69065.18046431073
40.18,69067.867173992
40.19,69070.748034861
40.2,69072.76135238139
40.21,69076.66638705236
40.22,69077.94074005891
40.230000000000004,69079.06780216057
40.24,69083.11603962036
40.25,69084.15696503005
40.26,69087.9795909663
40.27,69090.07782886658
40.28,69093.0790638285
40.29,69093.16897672838
40.300000000000004,69099.65825675968
40.31,69101.22818330211
40.32,69104.95598298022
40.33,69106.27249274285
40.34,69107.77564400539
40.35,69111.45777003848
40.36,69114.64017502048
40.37,69115.93159879147
40.38,69117.88306982181
40.39,69121.0389119444
40.4,69122.29065026382
40.410000000000004,69126.42843413082
40.42,69129.23921252442
40.43,69132.26106105163
40.44,69135.61312070544
40.45,69135.51502428392
40.46,69138.92718813608
40.47,69142.16405943621
40.480000000000004,69144.31466981646
40.49,69144.30136763325
40.5,69148.99254854111
40.51,69152.78407832126
40.52,69153.36829699394
40.53,69156.63114664821
40.54,69160.93601997089
40.550000000000004,69160.49028522901
40.56,69164.10011448173
40.57,69166.28864679956
40.58,69169.02446088952
40.59,69172.10917170029
40.6,69172.8824438834
40.61,69178.16870368081
40.62,69178.08891223674
40.63,69182.01321361873
40.64,69183.90100881585
40.65,69188.69248332169
40.660000000000004,69188.3627237787
40.67,69191.1093485005
40.68,69195.4664328429
40.69,69198.55866970992
40.7,69198.43127995393
40.71,69202.74344875461
40.72,69204.01401638631
40.730000000000004,69204.85528972758
40.74,69211.9436221536
40.75,69212.0792129696
40.76,69217.7711934211
40.77,69217.29774841962
40.78,69220.90503819614
40.79,69223.16090470355
40.800000000000004,69226.06096539782
40.81,69227.51005819863
40.82,69231.41654043896
40.83,69233.0291617827
40.84,69236.00873416738
40.85,69238.73285667614
40.86,69241.28680976691
40.87,69244.07761843465
40.88,69245.61896990785
40.89,69247.2906725405
40.9,69251.66804265502
40.910000000000004,69253.56236008173
40.92,69256.9682806688
40.93,69258.57802300167
40.94,69259.11468354116
40.95,69262.83279971963
40.96,69265.47788170743
40.97,69268.41981376556
40.980000000000004,69272.14004872691
40.99,69272.22588896923
41.0,69274.85713035357
41.01,69278.53092488184
41.02,69280.18043058392
41.03,69283.46149833003
41.04,69286.40870168981
41.050000000000004,69289.2661857501
41.06,69290.6678609483
41.07,69293.44101782158
41.08,69298.93481354298
41.09,69298.625775441
41.1,69301.47265257585
41.11,69303.67040739629
41.12,69307.18464688171
41.13,69308.30210076703
41.14,69310.45143197797
41.15,69315.18550115306
41.160000000000004,69317.30044601667
41.17,69319.68401222103
41.18,69321.081096578
41.19,69323.3473851586
41.2,69327.01059205386
41.21,69330.63679225912
41.22,69332.22733858036
41.230000000000004,69333.75003802378
41.24,69334.94420761689
41.25,69339.67806114805
41.26,69343.89621478065
41.27,69345.06063076244
41.28,69346.31365393863
41.29,69348.1546123728
41.300000000000004,69351.51486801825
41.31,69354.79227553926
41.32,69357.53427215677
41.33,69359.080122702
41.34,69363.09634097923
41.35,69362.36528990028
41.36,69368.86362497894
41.37,69368.03238771601
41.38,69373.48212167442
41.39,69374.6950310896
41.4,69376.24767894026
41.410000000000004,69380.3929563532
41.42,69383.48114279342
41.43,69387.20657345446
41.44,69388.06929640072
41.45,69391.97869867952
41.46,69392.2958955216
41.47,69397.52788491955
41.480000000000004,69399.297993966
41.49,69400.20076836633
41.5,69403.95553320495
41.51,69403.49694988389
41.52,69406.77593121812
41.53,69410.45173560097
41.54,69412.92806149539
41.550000000000004,69416.11057264102
41.56,69418.12189797887
41.57,69421.25928409628
41.58,69425.146420132
41.59,69424.13115202355
41.6,69428.02950019223
41.61,69431.00050302838
41.62,69433.27382836785
41.63,69435.53919706446
41.64,69439.76180122986
41.65,69441.8163287495
41.660000000000004,69443.43960293206
41.67,69447.14677372863
41.68,69447.76015296328
41.69,69450.91556621772
41.7,69455.00163735906
41.71,69455.13617506596
41.72,69460.97623596727
41.730000000000004,69464.16214873511
41.74,69464.69854803773
41.75,69466.52324150976
41.76,69469.68362154279
41.77,69471.51177409924
41.78,69476.18435253945
41.79,69477.48197586657
41.800000000000004,69479.36920128485
41.81,69481.7765657128
41.82,69482.06875241344
41.83,69485.86861070666
41.84,69489.2632773891
41.85,69491.17025969659
41.86,69495.37723778255
41.87,69496.63116851733
41.88,69499.60520217767
41.89,69504.52172631111
41.9,69505.16416180563
41.910000000000004,69506.29188081212
41.92,69510.26224104072
41.93,69512.2115085401
41.94,69515.51818585773
41.95,69517.79811977914
41.96,69520.96966279158
41.97,69523.82433946984
41.980000000000004,69525.01268189306
41.99,69528.75149353156
42.0,69530.38598526867
42.01,69533.83266799281
42.02,69534.19063170203
42.03,69537.17009390624
42.04,69541.87645801243
42.050000000000004,69543.92247119175
42.06,69545.50955708636
42.07,69546.32694748312
42.08,69548.467893744
42.09,69554.36036397502
42.1,69557.27014400801
42.11,69559.975245033
42.12,69560.05155375625
42.13,69564.89185565902
42.14,69566.6780643956
42.15,69569.7890980778
42.160000000000004,69571.16033813986
42.17,69574.62992864431
42.18,69578.27935452186
42.19,69579.5416535858
42.2,69579.90579491064
42.21,69583.23955992599
42.22,69586.83985372089
42.230000000000004,69588.73536131949
42.24,69592.32225234239
42.25,69593.54610085569
42.26,69597.49714205101
42.27,69599.2426776647
42.28,69603.25432845895
42.29,69605.1672994126
42.300000000000004,69605.28226852852
42.31,69610.76207234514
42.32,69612.33998387179
42.33,69613.63383236603
42.34,69615.48716646084
42.35,69617.77640185473
42.36,69622.49541215024
42.37,69624.84389559484
42.38,69625.93971260382
42.39,69630.87729403857
42.4,69631.92833532194
42.410000000000004,69635.64743326812
42.42,69637.46606812338
42.43,69639.56302472418
42.44,69642.77829752036
42.45,69643.87166810934
42.46,69650.4382615672
42.47,69649.55724010026
42.480000000000004,69652.39139924296
42.49,69655.29280604224
42.5,69658.15561424574
42.51,69659.03229762173
42.52,69663.92150864596
42.53,69667.33358025567
42.54,69667.91645560903
42.550000000000004,69671.51709942636
42.56,69674.19359234054
42.57,69675.6118687968
42.58,69678.49660482229
42.59,69680.84011038212
42.6,69682.38496680315
42.61,69685.61245386332
42.62,69687.36539414347
42.63,69690.96986080102
42.64,69691.78882877812
42.65,69697.6729909797
42.660000000000004,69698.45655694364
42.67,69700.30040617529
42.68,69704.56898421535
42.69,69705.71151592817
42.7,69708.66084084293
42.71,69713.00836163494
42.72,69714.11833255042
42.730000000000004,69715.03570817353
42.74,69717.9839730536
42.75,69720.85797038377
42.76,69724.31541125683
42.77,69727.25705381956
42.78,69728.19273131753
42.79,69732.49199199844
42.800000000000004,69734.69857294936
42.81,69734.18703988788
42.82,69739.85446229494
42.83,69742.17368791517
42.84,69743.95633252009
42.85,69745.358266519
42.86,69750.31907037292
42.87,69751.86163288375
42.88,69753.18354041214
42.89,69757.70044528978
42.9,69759.53200886454
42.910000000000004,69762.8795021962
42.92,69764.7867359422
42.93,69766.7258486387
42.94,69768.62190447086
42.95,69771.14887550299
42.96,69774.30346198483
42.97,69778.62077427763
42.980000000000004,69779.54633809712
42.99,69781.84268782199
43.0,69784.13956754074
43.01,69789.85513296329
43.02,69789.0803847092
43.03,69793.41939631381
43.04,69794.73144076213
43.050000000000004,69797.32125775551
43.06,69799.59547512249
43.07,69804.21459084294
43.08,69804.26812215566
43.09,69806.49864954405
43.1,69811.90889915636
43.11,69813.64346239492
43.12,69815.2760297754
43.13,69819.15598590272
43.14,69821.86746246915
43.15,69822.11499281123
43.160000000000004,69824.67479205217
43.17,69829.03229154396
43.18,69829.09181856287
43.19,69835.40646543058
43.2,69837.92748442129
43.21,69839.83420634913
43.22,69839.09472816472
43.230000000000004,69844.53994681132
43.24,69846.72574276892
43.25,69847.37697618804
43.26,69851.00341323478
43.27,69854.81723816258
43.28,69854.95101996198
43.29,69858.4115039776
43.300000000000004,69860.89531940462
43.31,69862.46171330403
43.32,69866.74469005736
43.33,69867.96121303797
43.34,69871.19383092836
43.35,69874.8064572993
43.36,69879.25111952655
43.37,69880.30921216588
43.38,69882.5703522707
43.39,69882.60419178325
43.4,69886.32889459688
43.410000000000004,69890.45592635969
43.42,69890.72892708934
43.43,69894.66365319038
43.44,69897.63583445882
43.45,69899.19727739986
43.46,69903.39605862212
43.47,69905.69911895855
43.480000000000004,69908.13226314547
43.49,69909.75180954458
43.5,69912.2949214353
43.51,69914.86212073927
43.52,69917.05396983365
43.53,69919.73743969873
43.54,69922.48510963563
43.550000000000004,69924.48441783738
43.56,69926.55467576368
43.57,69930.9099043464
43.58,69934.36546854486
43.59,69934.14176432663
43.6,69941.16393365164
43.61,69940.98821534344
43.62,69944.39823265077
43.63,69944.69357734961
43.64,69948.48334003893
43.65,69950.20538305076
43.660000000000004,69953.0848393689
43.67,69957.43571911039
43.68,69959.68691190082
43.69,69962.03554917488
43.7,69962.98191997767
43.71,69965.67612100627
43.72,69967.89227985666
43.730000000000004,69971.60735108166
43.74,69973.95021243919
43.75,69977.16399926924
43.76,69980.09208875363
43.77,69980.21854936398
43.78,69983.275288069
43.79,69986.88908867085
43.800000000000004,69990.23889044664
43.81,69994.1507263614
43.82,69995.35886082162
43.83,69996.30784369112
43.84,69998.11839153366
43.85,70002.76356225528
43.86,70005.12474978625
43.87,70006.71856608744
43.88,70009.39581119598
43.89,70014.34694097776
43.9,70014.7593492469
43.910000000000004,70015.76816273913
43.92,70019.98471588349
43.93,70022.04806181967
43.94,70024.53403143166
43.95,70028.57695499354
43.96,70030.20699498735
43.97,70033.09975390081
43.980000000000004,70037.93840517623
43.99,70037.84514707552
44.0,70039.47961688042
44.01,70041.17341494282
44.02,70043.76193458495
44.03,70048.93474128419
44.04,70050.7315553772
44.050000000000004,70053.81142916616
44.06,70055.070010942
44.07,70058.40426981096
44.08,70060.54106798604
44.09,70065.07099077791
44.1,70067.07193694619
44.11,70069.68601620062
44.12,70070.63431423529
44.13,70072.78992753952
44.14,70078.9222651177
44.15,70078.20126328572
44.160000000000004,70079.88888235662
44.17,70083.42320266794
44.18,70086.19599335137
44.19,70088.8390384908
44.2,70090.7290294299
44.21,70094.17596044995
44.22,70097.30887968474
44.230000000000004,70100.16202377883
44.24,70102.469615062
44.25,70103.77477584328
44.26,70104.88905843935
44.27,70108.88378750788
44.28,70111.17522431978
44.29,70114.28876377903
44.300000000000004,70116.86984569719
44.31,70119.91192017478
44.32,70123.38336797524
44.33,70124.93006565541
44.34,70127.30872120784
44.35,70131.18757673673
44.36,70133.23272979289
44.37,70135.89415686655
44.38,70137.8990256874
44.39,70140.84073960228
44.4,70141.37950844882
44.410000000000004,70146.01060160263
44.42,70148.09020989189
44.43,70149.56079831012
44.44,70152.73459695258
44.45,70155.53353548518
44.46,70157.30413794183
44.47,70161.43087868701
44.480000000000004,70163.05480728403
44.49,70164.7042858259
44.5,70168.24584342513
44.51,70170.1707014349
44.52,70173.76720219849
44.53,70175.0922034436
44.54,70178.75466482795
44.550000000000004,70180.44080592689
44.56,70183.91079245061
44.57,70186.72636877224
44.58,70186.61002540434
44.59,70189.13504182757
44.6,70194.15528601297
44.61,70196.65409881878
44.62,70199.42436752535
44.63,70201.11064173067
44.64,70205.17295178935
44.65,70208.08296257877
44.660000000000004,70208.24361120237
44.67,70211.97793921169
44.68,70215.30662380681
44.69,70216.31165782796
44.7,70218.01302837291
44.71,70219.86757158225
44.72,70224.83517227134
44.730000000000004,70229.1651866675
44.74,70228.80839415293
44.75,70231.79960229441
44.76,70235.99291043986
44.77,70235.36679593076
44.78,70242.15545254135
44.79,70243.38335185238
44.800000000000004,70244.49797909074
44.81,70247.02523582206
44.82,70249.62921535272
44.83,70251.68744851982
44.84,70254.76146905441
44.85,70257.78355191633
44.86,70259.2958419022
44.87,70264.27391031042
44.88,70264.57596355837
44.89,70269.65341330874
44.9,70271.80094758385
44.910000000000004,70272.99475149489
44.92,70276.25853296314
44.93,70276.89331511859
44.94,70281.54312670032
44.95,70284.38205225945
44.96,70287.25269946601
44.97,70288.43378647961
44.980000000000004,70290.86572554031
44.99,70294.23196293009
45.0,70294.98391576389
45.01,70298.2580575744
45.02,70301.39263261728
45.03,70303.32751146579
45.04,70306.95008895114
45.050000000000004,70309.26615293614
45.06,70311.80424423718
45.07,70314.11946525147
45.08,70318.4723000678
45.09,70319.06754457377
45.1,70322.27121315495
45.11,70323.89095950183
45.12,70325.50722580314
45.13,70328.22717430543
45.14,70332.94726539428
45.15,70334.5512154574
45.160000000000004,70335.53741280112
45.17,70340.78571725455
45.18,70341.80923211342
45.19,70345.66119560295
45.2,70348.65004202633
45.21,70351.31386932431
45.22,70352.9466576356
45.230000000000004,70353.73435159633
45.24,70356.79718227507
45.25,70359.97481167517
45.26,70363.15964214415
45.27,70364.94241141928
45.28,70366.69001877068
45.29,70369.25101347144
45.300000000000004,70373.77899896471
45.31,70374.20972716558
45.32,70380.11775650091
45.33,70378.74089779353
45.34,70383.11305644608
45.35,70385.2324655136
45.36,70387.1329871737
45.37,70391.1157153654
45.38,70391.07488227857
45.39,70396.03791588439
45.4,70399.93861318828
45.410000000000004,70402.26028419142
45.42,70401.85852292822
45.43,70404.47244042909
45.44,70410.04335274226
45.45,70411.02507490486
45.46,70412.3396108651
45.47,70416.38005614384
45.480000000000004,70417.00333197386
45.49,70421.69420649928
45.5,70424.08830368408
45.51,70426.27933180708
45.52,70430.87936992798
45.53,70429.85532637777
45.54,70434.09192884882
45.550000000000004,70435.21377032067
45.56,70438.38427317137
45.57,70441.41754075968
45.58,70443.47123117937
45.59,70446.62765035547
45.6,70448.87630880528
45.61,70452.13168326486
45.62,70455.03317060608
45.63,70458.25628500765
45.64,70459.21611702368
45.65,70462.334248179
45.660000000000004,70464.10011175282
45.67,70465.95769245682
45.68,70470.05935847474
45.69,70474.5802971069
45.7,70476.83009788128
45.71,70477.49742549186
45.72,70480.26150904618
45.730000000000004,70481.69540892603
45.74,70484.8526026159
45.75,70487.08398301473
45.76,70489.43102660637
45.77,70492.77273464207
45.78,70496.42467697426
45.79,70496.5556135469
45.800000000000004,70500.23454190402
45.81,70502.13396625752
45.82,70505.15394966735
45.83,70509.11086638784
45.84,70511.02106488809
45.85,70512.26572536105
45.86,70515.22235626618
45.87,70519.18075590904
45.88,70519.91497128444
45.89,70523.8562207473
45.9,70528.05874112814
45.910000000000004,70528.75038886443
45.92,70530.68945211594
45.93,70534.9999331288
45.94,70537.26712582675
45.95,70539.7731902678
45.96,70542.60422604378
45.97,70545.23696056101
45.980000000000004,70546.42345404485
45.99,70550.37255096255
46.0,70552.56837958592
46.01,70554.4446757908
46.02,70556.81814766869
46.03,70560.36722382621
46.04,70560.14082719138
46.050000000000004,70563.29003345984
46.06,70566.18983112718
46.07,70570.18022906045
46.08,70575.13435596137
46.09,70575.33876137018
46.1,70576.37496324835
46.11,70579.38151481576
46.12,70581.92637734642
46.13,70585.759587611
46.14,70587.52458662164
46.15,70591.05107279452
46.160000000000004,70594.36802036638
46.17,70597.61862918426
46.18,70598.40600967803
46.19,70600.7773576177
46.2,70603.21778686588
46.21,70605.36350509971
46.22,70609.62271428399
46.230000000000004,70609.31230481924
46.24,70611.95588923153
46.25,70614.22967179093
46.26,70618.45338738541
46.27,70621.35516078975
46.28,70624.1848439517
46.29,70626.0713097113
46.300000000000004,70628.31319135865
46.31,70630.85621112473
46.32,70633.15474219734
46.33,70637.07193299998
46.34,70638.1684082255
46.35,70642.12930451237
46.36,70643.44688436636
46.37,70645.96800984898
46.38,70648.59945073527
46.39,70652.99784849782
46.4,70652.83033951231
46.410000000000004,70655.84119926573
46.42,70660.62317085032
46.43,70662.16678110932
46.44,70664.41850538382
46.45,70666.85239050079
46.46,70669.12338461472
46.47,70672.80604445247
46.480000000000004,70673.36346949803
46.49,70679.08059238023
46.5,70680.44216150953
46.51,70682.62955304484
46.52,70685.51919953129
46.53,70688.44404567097
46.54,70689.59523152234
46.550000000000004,70693.96640493389
46.56,70694.94603272257
46.57,70696.62084741736
46.58,70701.15480776668
46.59,70703.69066702071
46.6,70706.58634824702
46.61,70709.04766392206
46.62,70711.12033237598
46.63,70714.52115364466
46.64,70715.58928155064
46.65,70719.67440544144
46.660000000000004,70720.19259801722
46.67,70722.62332349089
46.68,70726.01740869538
46.69,70728.79892394909
46.7,70731.95872885486
46.71,70734.5396810233
46.72,70736.35642355708
46.730000000000004,70740.86835427266
46.74,70742.43321229899
46.75,70744.64896657158
46.76,70746.33992915197
46.77,70749.51130032945
46.78,70751.78006319022
46.79,70755.15700052837
46.800000000000004,70756.94618686549
46.81,70759.52732734862
46.82,70763.06564280693
46.83,70761.26741504167
46.84,70768.10246830259
46.85,70770.41197663835
46.86,70772.66397351261
46.87,70772.93445246927
46.88,70776.8846543066
46.89,70780.54101610542
46.9,70781.90549379203
46.910000000000004,70786.02802284263
46.92,70788.55433383705
46.93,70790.92461999915
46.94,70794.4445612809
46.95,70793.81004992432
46.96,70798.92984717763
46.97,70801.43358132467
46.980000000000004,70804.04709219352
46.99,70806.68886894373
47.0,70809.22478960143
47.01,70811.8229393451
47.02,70812.71165686035
47.03,70817.01868995646
47.04,70819.01585166021
47.050000000000004,70822.64778733278
47.06,70823.5383994327
47.07,70827.82758690776
47.08,70829.15242525261
47.09,70832.54928718544
47.1,70835.05998032265
47.11,70835.5572297
47.12,70838.62144292762
47.13,70841.60965903214
47.14,70845.40509957049
47.15,70846.56783162721
47.160000000000004,70850.73917661412
47.17,70852.15298303975
47.18,70855.21291536285
47.19,70857.16824361224
47.2,70860.97934325547
47.21,70862.64817524994
47.22,70867.41294639587
47.230000000000004,70867.21052689501
47.24,70869.08112305973
47.25,70872.38180531957
47.26,70875.79627574669
47.27,70876.1472760434
47.28,70880.23655746382
47.29,70884.3379520755
47.300000000000004,70883.68731652042
47.31,70889.7677332318
47.32,70888.27667931294
47.33,70892.17013705954
47.34,70895.08424528636
47.35,70899.06949648829
47.36,70902.03417238055
47.37,70904.39479131038
47.38,70906.47065982994
47.39,70908.74213977484
47.4,70911.89589753142
47.410000000000004,70914.80844579243
47.42,70917.13335849349
47.43,70918.69189850686
47.44,70921.08374259049
47.45,70925.18810957609
47.46,70926.1863063927
47.47,70929.71239784248
47.480000000000004,70933.42241844382
47.49,70934.02802672567
47.5,70937.93795852666
47.51,70940.41072894525
47.52,70941.13262809002
47.53,70942.59531243234
47.54,70947.51416954274
47.550000000000004,70948.19788797686
47.56,70951.6804966722
47.57,70955.78370528197
47.58,70957.67455693793
47.59,70959.7739523658
47.6,70961.31274956431
47.61,70965.23263755029
47.62,70967.45425294881
47.63,70972.61402049795
47.64,70973.8369727423
47.65,70976.7584063953
47.660000000000004,70977.70243496951
47.67,70979.22242642852
47.68,70981.9403592069
47.69,70985.46899188371
47.7,70986.69812250347
47.71,70991.78471827228
47.72,70995.32903800406
47.730000000000004,70994.78905189589
47.74,70998.26588364382
47.75,71001.75779766655
47.76,71005.26443231513
47.77,71005.36372064124
47.78,71007.48385563503
47.79,71012.20247662849
47.800000000000004,71012.96017914121
47.81,71017.26522235404
47.82,71017.77070098965
47.83,71021.93349022874
47.84,71023.38984628658
47.85,71028.02817076843
47.86,71030.19911697326
47.870000000000005,71029.69734247935
47.88,71032.3898391657
47.89,71036.29590386967
47.9,71040.47712692134
47.910000000000004,71043.54930095216
47.92,71045.16105067683
47.93,71046.8154810434
47.94,71050.95916945415
47.95,71054.05686480044
47.96,71056.79692326354
47.97,71059.79751461813
47.980000000000004,71060.76992534263
47.99,71063.9797936264
48.0,71066.01175281289
48.01,71068.85961745122
48.02,71070.40014226917
48.03,71073.31839720353
48.04,71077.0526097267
48.050000000000004,71076.84810504504
48.06,71082.23508718153
48.07,71085.65463056938
48.08,71085.06517024273
48.09,71089.72522386117
48.1,71090.81906854008
48.11,71092.78645133489
48.120000000000005,71095.45525616818
48.13,71098.10731051052
48.14,71102.67386885673
48.15,71104.057011687
48.160000000000004,71107.56442872835
48.17,71108.01801640699
48.18,71110.63187112867
48.19,71112.64537070367
48.2,71116.04305114181
48.21,71120.15081104309
48.22,71122.58563988526
48.230000000000004,71125.10428269199
48.24,71126.42829624514
48.25,71130.86413544184
48.26,71131.58678085415
48.27,71135.27154643778
48.28,71138.2508499278
48.29,71140.11711729389
48.300000000000004,71143.46232968704
48.31,71146.11096877338
48.32,71148.21387913174
48.33,71150.24096374204
48.34,71151.44574152378
48.35,71155.57106926451
48.36,71157.63087348868
48.370000000000005,71159.4087909628
48.38,71163.41651603409
48.39,71165.07619735657
48.4,71169.88553439091
48.410000000000004,71170.28153162154
48.42,71171.68482789
48.43,71175.34002888264
48.44,71179.41301217179
48.45,71182.31781195632
48.46,71182.9678975745
48.47,71186.68877538852
48.480000000000004,71188.28044587286
48.49,71192.78031082622
48.5,71192.96945313072
48.51,71196.39262379259
48.52,71199.66555878025
48.53,71201.81649486272
48.54,71201.809513309
48.550000000000004,71207.13695895538
48.56,71210.80052492721
48.57,71213.07526103412
48.58,71215.5925146777
48.59,71219.15796475923
48.6,71219.4556667565
48.61,71221.56960607771
48.620000000000005,71223.58887942054
48.63,71227.76795977709
48.64,71229.51936585736
48.65,71231.09307626694
48.660000000000004,71235.02181956968
48.67,71238.04317090976
48.68,71239.92995891884
48.69,71241.49217622391
48.7,71243.62740820754
48.71,71247.92615882447
48.72,71250.34223448092
48.730000000000004,71255.1117235581
48.74,71255.41400909169
48.75,71258.1871496538
48.76,71261.77792763949
48.77,71263.12858831426
48.78,71267.12215350827
48.79,71269.0141670714
48.800000000000004,71272.21868884543
48.81,71274.46808179839
48.82,71276.10054264213
48.83,71277.9614185902
48.84,71282.31001785978
48.85,71284.67702016505
48.86,71285.13843254859
48.870000000000005,71288.28787769492
48.88,71292.22672184241
48.89,71294.42361474258
48.9,71296.7084409812
48.910000000000004,71299.89754871975
48.92,71302.14155993631
48.93,71302.85641924464
48.94,71305.99132429076
48.95,71310.18343682718
48.96,71311.40032914946
48.97,71314.62641349815
48.980000000000004,71317.8994957974
48.99,71319.69915796128
49.0,71322.29190912505
49.01,71325.56442975615
49.02,71328.03656846644
49.03,71328.57977523435
49.04,71333.079234474
49.050000000000004,71332.56301880738
49.06,71339.01675500516
49.07,71341.7013104195
49.08,71342.78718449679
49.09,71345.48339987556
49.1,71349.62518781122
49.11,71349.1653109197
49.120000000000005,71352.83836449712
49.13,71356.5049987716
49.14,71358.7986171976
49.15,71360.79789703172
49.160000000000004,71364.20749846124
49.17,71367.88470458971
49.18,71368.76074958815
49.19,71372.21114399133
49.2,71374.29568356705
49.21,71377.49892360036
49.22,71379.35525032542
49.230000000000004,71381.60004323012
49.24,71384.85207374206
49.25,71386.68785904939
49.26,71388.9069420234
49.27,71393.9314312714
49.28,71396.25026103499
49.29,71397.116911302
49.300000000000004,71400.79411576725
49.31,71402.88949364227
49.32,71406.86186882098
49.33,71406.30467002394
49.34,71409.8584154336
49.35,71411.89776211447
49.36,71414.40060353406
49.370000000000005,71418.13873142173
49.38,71419.2571009862
49.39,71423.62523018084
49.4,71427.72881505582
49.410000000000004,71427.7105297041
49.42,71430.25372739931
49.43,71432.56716852088
49.44,71436.96180391141
49.45,71438.16673835058
49.46,71442.3865904399
49.47,71443.25270223792
49.480000000000004,71444.91295423596
49.49,71447.69574279363
49.5,71452.21501773325
49.51,71454.19057325245
49.52,71456.58119462525
49.53,71459.85129804
49.54,71462.04753444057
49.550000000000004,71463.2722164359
49.56,71468.539881164
49.57,71470.03165254595
49.58,71472.82469320856
49.59,71475.75454447967
49.6,71477.33368043942
49.61,71479.73558693704
49.620000000000005,71481.85330523955
49.63,71487.35021519389
49.64,71486.3817823385
49.65,71489.7665761046
49.660000000000004,71490.79559708461
49.67,71493.85861764612
49.68,71498.20421059916
49.69,71500.78456867159
49.7,71502.95531287229
49.71,71507.58507604389
49.72,71508.05103877152
49.730000000000004,71510.64421354685
49.74,71513.96232769049
49.75,71514.86785654309
49.76,71517.94886489649
49.77,71522.6422343463
49.78,71525.33835377506
49.79,71525.87934245756
49.800000000000004,71527.1953370337
49.81,71531.45601440684
49.82,71533.66357304758
49.83,71537.1533382904
49.84,71539.6471997823
49.85,71541.52069194088
49.86,71543.787073444
49.870000000000005,71547.24156935116
49.88,71549.64835499719
49.89,71551.48036161356
49.9,71555.80648556499
49.910000000000004,71557.35124851171
49.92,71560.53168194287
49.93,71562.35121068281
49.94,71564.52801802359
49.95,71567.74104639246
49.96,71570.91408586563
49.97,71573.0342855993
49.980000000000004,71575.06054611134
49.99,71579.00988561194
50.0,71580.56752045114
50.01,71583.8464597077
50.02,71585.09790547987
50.03,71588.36461303063
50.04,71590.4076840638
50.050000000000004,71592.71072540453
50.06,71594.61352138907
50.07,71599.11639879872
50.08,71601.35116613521
50.09,71604.95700404928
50.1,71605.89964710466
50.11,71608.03223359486
50.120000000000005,71610.93924483379
50.13,71614.49821312344
50.14,71617.40043581119
50.15,71617.85531328977
50.160000000000004,71621.63376815149
50.17,71623.37303482572
50.18,71626.06000227
50.19,71629.37802832299
50.2,71632.0260800029
50.21,71635.58162696527
50.22,71637.46702379925
50.230000000000004,71638.9235151353
50.24,71641.34748364986
50.25,71642.03659765371
50.26,71647.73359220807
50.27,71650.5488501842
50.28,71650.6648341565
50.29,71656.443608787
50.300000000000004,71658.3271123075
50.31,71659.66565949783
50.32,71662.60635460385
50.33,71665.67632346634
50.34,71667.71971133155
50.35,71671.08843686416
50.36,71673.4328538787
50.370000000000005,71674.04210648395
50.38,71678.50539321484
50.39,71679.45728902129
50.4,71683.78316214468
50.410000000000004,71687.550092735
50.42,71688.43927348689
50.43,71691.22481946569
50.44,71692.45433253869
50.45,71697.37043506988
50.46,71697.87361740267
50.47,71701.23252957928
50.480000000000004,71704.59987442418
50.49,71706.74782282115
50.5,71711.1491368959
50.51,71712.34525662317
50.52,71715.08009660014
50.53,71716.91522275799
50.54,71718.12669688284
50.550000000000004,71723.9762164848
50.56,71723.27971775115
50.57,71726.7532881282
50.58,71730.0039320164
50.59,71733.16323787285
50.6,71733.97732729469
50.61,71738.50975967858
50.620000000000005,71741.93963182323
50.63,71740.4212476058
50.64,71744.84652519858
50.65,71746.55832985985
50.660000000000004,71749.66192179442
50.67,71752.90868787596
50.68,71756.59492752467
50.69,71757.63494902654
50.7,71759.55947038154
50.71,71762.18337968538
50.72,71766.56911418457
50.730000000000004,71769.35972878162
50.74,71770.94950573843
50.75,71775.56986229464
50.76,71777.4492326872
50.77,71779.14068758812
50.78,71782.2638677612
50.79,71784.54229938755
50.800000000000004,71786.59242153181
50.81,71790.75894630059
50.82,71792.0125284124
50.83,71793.14766193413
50.84,71798.18154439364
50.85,71800.97077295274
50.86,71802.35763929454
50.870000000000005,71804.77115959527
50.88,71809.07238962888
50.89,71810.42714345189
50.9,71811.26037788705
50.910000000000004,71815.30850804823
50.92,71818.91254187023
50.93,71819.55172038754
50.94,71822.39281776255
50.95,71825.36322391858
50.96,71829.1161762563
50.97,71830.23166720172
50.980000000000004,71833.14297024786
50.99,71835.72890394833
51.0,71838.91780905785
51.01,71838.85679480058
51.02,71843.79259167048
51.03,71846.02297847357
51.04,71846.82623546879
51.050000000000004,71850.99793035505
51.06,71854.06998139864
51.07,71857.60888670947
51.08,71859.86364131475
51.09,71861.7003517912
51.1,71864.94870389483
51.11,71865.68793023593
51.120000000000005,71869.27806774637
51.13,71872.31748126267
51.14,71873.7727067544
51.15,71874.50764821249
51.160000000000004,71878.80272570335
51.17,71880.4204461998
51.18,71886.69053753706
51.19,71886.84877914752
51.2,71890.89196655639
51.21,71892.3869882034
51.22,71893.38944438896
51.230000000000004,71898.44474056612
51.24,71899.68248411962
51.25,71903.47114269056
51.26,71906.70591897116
51.27,71908.40546572434
51.28,71911.37160962459
51.29,71912.30313902129
51.300000000000004,71915.37992196326
51.31,71918.56761568894
51.32,71920.50407498852
51.33,71924.7371109365
51.34,71927.13952333583
51.35,71928.78212833725
51.36,71929.79510418256
51.370000000000005,71935.09718438935
51.38,71934.48968126262
51.39,71940.68502799622
51.4,71943.8938225479
51.410000000000004,71945.08944498922
51.42,71948.4045633573
51.43,71948.00635122819
51.44,71952.09988058542
51.45,71954.71968000871
51.46,71957.84877675862
51.47,71959.25556344273
51.480000000000004,71961.95997200812
51.49,71963.86403691367
51.5,71967.36427932547
51.51,71970.1520243558
51.52,71973.53619022752
51.53,71975.89270636796
51.54,71978.01477770718
51.550000000000004,71982.26288892093
51.56,71983.70271974805
51.57,71984.99439842998
51.58,71988.80894868933
51.59,71992.31415605356
51.6,71994.92842531456
51.61,71995.4662890606
51.620000000000005,72000.14462176846
51.63,72001.58437795387
51.64,72004.53265884996
51.65,72005.27244986246
51.660000000000004,72010.17696816918
51.67,72010.8437011149
51.68,72015.88342131602
51.69,72015.46630249366
51.7,72020.58339264448
51.71,72021.23912216496
51.72,72023.44271598883
51.730000000000004,72028.45375424794
51.74,72027.87000405636
51.75,72030.47139863748
51.76,72033.90729729549
51.77,72037.24598045842
51.78,72039.36027798314
51.79,72042.78262846691
51.800000000000004,72044.02572528011
51.81,72047.50316958054
51.82,72049.0251443377
51.83,72052.32584067355
51.84,72054.82452028555
51.85,72057.93701641366
51.86,72061.39237044781
51.870000000000005,72062.94694756775
51.88,72066.07195310059
51.89,72065.66246960624
51.9,72069.8403368793
51.910000000000004,72075.06446483069
51.92,72076.01042236006
51.93,72078.24367809611
51.94,72079.80474552164
51.95,72083.56884673468
51.96,72084.98756476337
51.97,72088.34296398578
51.980000000000004,72092.30167551308
51.99,72094.94358879158
52.0,72096.2628720998
52.01,72100.55125941662
52.02,72102.73832352863
52.03,72104.98895402177
52.04,72108.18834913861
52.050000000000004,72107.97065311781
52.06,72112.77843538133
52.07,72115.71574642429
52.08,72116.68977527932
52.09,72120.9137562612
52.1,72122.11885613459
52.11,72124.84956865765
52.120000000000005,72127.6691797161
52.13,72130.78124426311
52.14,72133.51073525591
52.15,72135.3402437945
52.160000000000004,72138.63334395266
52.17,72141.28577687492
52.18,72142.9985289504
52.19,72145.48270743022
52.2,72147.5053221413
52.21,72150.29720812872
52.22,72152.84198525111
52.230000000000004,72155.20501146447
52.24,72158.51428022204
52.25,72161.09683657467
52.26,72163.68104441244
52.27,72167.9448991394
52.28,72168.64768325762
52.29,72172.30567100483
52.300000000000004,72174.02814576516
52.31,72176.7767096171
52.32,72179.88275024468
52.33,72182.1095005403
52.34,72186.55973167773
52.35,72186.11054228985
52.36,72190.99169987587
52.370000000000005,72192.8280688482
52.38,72194.23716978746
52.39,72199.04561428713
52.4,72199.28356408952
52.410000000000004,72202.71079240643
52.42,72205.19116385416
52.43,72209.23522291132
52.44,72209.29083949524
52.45,72213.65986806677
52.46,72214.41247370675
52.47,72220.0307792983
52.480000000000004,72219.96160938658
52.49,72224.99735846143
52.5,72227.6315735142
52.51,72228.8127497071
52.52,72230.67416094222
52.53,72233.13578127071
52.54,72235.69208487723
52.550000000000004,72239.12499045608
52.56,72241.15504477343
52.57,72243.71127381013
52.58,72246.63689123883
52.59,72249.3891241581
52.6,72251.58794820783
52.61,72254.5149558279
52.620000000000005,72257.02002754757
52.63,72259.07115798343
52.64,72262.83205070741
52.65,72265.93421192451
52.660000000000004,72267.70103113675
52.67,72269.58401162137
52.68,72272.94275034628
52.69,72275.4862521625
52.7,72278.58993261475
52.71,72281.43036512482
52.72,72281.4807201444
52.730000000000004,72285.66584558036
52.74,72288.22906866175
52.75,72290.7038886126
52.76,72293.79013587275
52.77,72294.15540857821
52.78,72296.0800955719
52.79,72302.73166207534
52.800000000000004,72303.97660984569
52.81,72304.94202801827
52.82,72309.5849572766
52.83,72311.43642697427
52.84,72315.79466434232
52.85,72317.73923922764
52.86,72319.45128808096
52.870000000000005,72321.98130984658
52.88,72324.10851619218
52.89,72326.46697030446
52.9,72329.80851115599
52.910000000000004,72332.67386215803
52.92,72334.30546770913
52.93,72338.73180037983
52.94,72338.86141798188
52.95,72344.22734314608
52.96,72345.81954137833
52.97,72347.60609665386
52.980000000000004,72349.83265982523
52.99,72353.7176007854
53.0,72355.70115233537
53.01,72360.3238075921
53.02,72359.57483808651
53.03,72362.47584561449
53.04,72365.07442835547
53.050000000000004,72370.34301624497
53.06,72369.26493471113
53.07,72373.58178357549
53.08,72376.79449880059
53.09,72378.10924909486
53.1,72382.71650404492
53.11,72382.52763303838
53.120000000000005,72387.58940072224
53.13,72388.86612559333
53.14,72390.2287243011
53.15,72395.8945722771
53.160000000000004,72396.27297861897
53.17,72400.8408981602
53.18,72401.8269114786
53.19,72405.76988343113
53.2,72409.38643255341
53.21,72410.27548703515
53.22,72413.95549668444
53.230000000000004,72416.75954688806
53.24,72417.93658925906
53.25,72419.81958793873
53.26,72421.80703391768
53.27,72426.40653220034
53.28,72428.93411324878
53.29,72431.910521375
53.300000000000004,72434.98853207123
53.31,72437.45887168367
53.32,72439.70039217467
53.33,72439.19878450288
53.34,72444.48958993822
53.35,72445.0959516213
53.36,72449.05142946856
53.370000000000005,72450.59924051388
53.38,72453.96343672767
53.39,72456.05803958964
53.4,72459.26683785835
53.410000000000004,72461.28040603326
53.42,72465.65719488462
53.43,72466.4786761593
53.44,72470.3539860204
53.45,72471.71263699273
53.46,72475.07088546104
53.47,72479.55115014991
53.480000000000004,72481.02161584761
53.49,72483.75321967462
53.5,72485.65387987556
53.51,72487.8012016529
53.52,72489.36728196256
53.53,72493.87962259313
53.54,72494.50030795063
53.550000000000004,72498.81683726552
53.56,72502.03759809995
53.57,72503.73482463942
53.58,72506.1363123927
53.59,72507.76677716423
53.6,72512.02648974395
53.61,72514.17829142265
53.620000000000005,72516.74474297254
53.63,72519.09905856232
53.64,72523.71408903824
53.65,72524.26082192778
53.660000000000004,72526.95469500062
53.67,72529.35431412475
53.68,72530.80787997328
53.69,72534.31967820167
53.7,72536.51580687841
53.71,72538.28301191494
53.72,72540.17108770384
53.730000000000004,72544.10943915173
53.74,72548.1431686353
53.75,72550.74996229766
53.76,72553.42688368773
53.77,72555.69092075074
53.78,72557.50248229626
53.79,72559.32337209088
53.800000000000004,72563.56763843534
53.81,72564.36127329488
53.82,72567.9294168307
53.83,72569.55824660283
53.84,72575.05159079225
53.85,72578.15490800762
53.86,72576.2851991243
53.870000000000005,72580.98854217051
53.88,72583.48609935596
53.89,72586.05166046241
53.9,72589.19364980723
53.910000000000004,72592.60811833767
53.92,72593.71404828005
53.93,72597.54856522838
53.94,72596.9416254282
53.95,72600.43619007146
53.96,72604.31992243968
53.97,72605.77310428955
53.980000000000004,72610.92230125125
53.99,72612.36596353208
54.0,72614.70536310453
54.01,72615.1812995949
54.02,72620.82622738737
54.03,72623.33921265564
54.04,72623.64447630246
54.050000000000004,72628.73596298831
54.06,72630.49353755453
54.07,72633.18969891114
54.08,72636.01783392364
54.09,72637.78587094191
54.1,72641.60012463244
54.11,72643.24473134219
54.120000000000005,72646.2697326714
54.13,72646.88687968368
54.14,72650.48101748129
54.15,72654.14865524454
54.160000000000004,72656.79106625877
54.17,72658.94296308116
54.18,72661.12674074118
54.19,72665.36603477882
54.2,72664.77507834989
54.21,72669.50922840631
54.22,72672.0635789207
54.230000000000004,72673.89372164354
54.24,72677.8236158684
54.25,72679.70303483077
54.26,72682.9618126696
54.27,72686.40431696057
54.28,72687.7153372727
54.29,72690.16230126371
54.300000000000004,72691.27433899435
54.31,72695.83665727306
54.32,72696.95915318432
54.33,72700.3856047733
54.34,72702.75376353464
54.35,72706.20885585858
54.36,72707.5915548406
54.370000000000005,72712.62402426559
54.38,72714.19458085953
54.39,72717.87267925692
54.4,72719.35105466368
54.410000000000004,72722.75267918316
54.42,72726.0849590915
54.43,72725.67389865872
54.44,72729.73806739353
54.45,72733.54914670793
54.46,72735.82865903153
54.47,72737.17876213582
54.480000000000004,72741.0535842569
54.49,72743.46985471812
54.5,72742.54776203878
54.51,72745.46166330589
54.52,72750.85707559662
54.53,72751.984535654
54.54,72756.61035109432
54.550000000000004,72757.81323023737
54.56,72761.13118423356
54.57,72762.66893583037
54.58,72765.82164047216
54.59,72768.67891101433
54.6,72771.05661064132
54.61,72773.71451456512
54.620000000000005,72775.70284595965
54.63,72779.30967486504
54.64,72781.40997783565
54.65,72782.97399927943
54.660000000000004,72787.31405401502
54.67,72788.58030839778
54.68,72789.53992334093
54.69,72795.03216836017
54.7,72796.77270156101
54.71,72798.19887742781
54.72,72802.30995837672
54.730000000000004,72804.26371467648
54.74,72806.50861067545
54.75,72810.39131563685
54.76,72810.85023164315
54.77,72814.6537117462
54.78,72818.25796371048
54.79,72820.70116634903
54.800000000000004,72823.09710862084
54.81,72826.26194628302
54.82,72825.43918373727
54.83,72831.37688440792
54.84,72833.62766602878
54.85,72835.7065295498
54.86,72836.91625787473
54.870000000000005,72838.35978818158
54.88,72844.465452018
54.89,72844.64204278216
54.9,72849.47631168779
54.910000000000004,72850.8002754909
54.92,72854.75780227332
54.93,72856.5770156655
54.94,72858.99285879271
54.95,72861.12488544513
54.96,72864.74524583324
54.97,72868.12631033326
54.980000000000004,72868.8238417497
54.99,72871.58723638715
55.0,72873.26023607231
55.01,72876.71182299979
55.02,72877.65204022147
55.03,72880.692294072
55.04,72885.29185587748
55.050000000000004,72889.6270038969
55.06,72890.72338623673
55.07,72893.0993043281
55.08,72895.5078493264
55.09,72898.69822163561
55.1,72899.54293316817
55.11,72903.98646642861
55.120000000000005,72906.4241806346
55.13,72908.9605081496
55.14,72911.07024934186
55.15,72912.21832336285
55.160000000000004,72916.29374485971
55.17,72917.12556933973
55.18,72920.40494504845
55.19,72922.62655292929
55.2,72924.69542519192
55.21,72927.5988683823
55.22,72932.6681103055
55.230000000000004,72933.32708661596
55.24,72936.39995307355
55.25,72939.11452559558
55.26,72942.11888874171
55.27,72946.69222872802
55.28,72946.7486702376
55.29,72947.58750230356
55.300000000000004,72952.97788272516
55.31,72954.2024268237
55.32,72958.93889942302
55.33,72959.82174511129
55.34,72962.92101581015
55.35,72964.51679764896
55.36,72967.46594905765
55.370000000000005,72970.59773282833
55.38,72974.69070011949
55.39,72976.4235418371
55.4,72979.0786194301
55.410000000000004,72980.67539803749
55.42,72983.96090430891
55.43,72986.70093507055
55.44,72989.76379029144
55.45,72990.10800055093
55.46,72994.52319945484
55.47,72997.41110847218
55.480000000000004,72999.81200965888
55.49,73002.14930360833
55.5,73004.26029794873
55.51,73007.32681212941
55.52,73008.84838297735
55.53,73011.31717477214
55.54,73015.29305560137
55.550000000000004,73016.91698638759
55.56,73020.4115782416
55.57,73023.87191616227
55.58,73026.3638977632
55.59,73028.09412712554
55.6,73030.65515467728
55.61,73031.83265989808
55.620000000000005,73036.55973277577
55.63,73037.52341766759
55.64,73040.11426925355
55.65,73041.78619643456
55.660000000000004,73046.34710185017
55.67,73050.29596655235
55.68,73051.78276161238
55.69,73051.63488415994
55.7,73056.1396476212
55.71,73058.68378021257
55.72,73061.19026242629
55.730000000000004,73062.581634414
55.74,73065.68195862873
55.75,73068.93523113994
55.76,73073.50438102832
55.77,73073.63929946255
55.78,73076.63315659927
55.79,73079.17765508985
55.800000000000004,73084.18966264375
55.81,73084.89913841996
55.82,73085.83323804018
55.83,73089.61094843585
55.84,73094.50265995107
55.85,73095.86040900376
55.86,73097.56533163093
55.870000000000005,73101.23369510095
55.88,73102.33115788126
55.89,73106.6173257381
55.9,73107.08502273535
55.910000000000004,73112.97423590017
55.92,73115.1959993767
55.93,73116.02548148704
55.94,73117.8083259417
55.95,73122.32413698584
55.96,73124.76018901079
55.97,73126.31157298964
55.980000000000004,73128.67152052882
55.99,73130.82445375418
56.0,73135.3785501096
56.01,73138.8135767894
56.02,73138.33440396377
56.03,73141.85380077978
56.04,73145.05146187746
56.050000000000004,73147.0839014392
56.06,73148.95094695399
56.07,73151.55609500517
56.08,73153.02363949936
56.09,73158.17252821494
56.1,73160.34431800219
56.11,73164.47385647969
56.120000000000005,73164.49600074845
56.13,73169.96275537042
56.14,73170.42239038418
56.15,73171.95701411272
56.160000000000004,73176.67945381557
56.17,73178.11194583474
56.18,73181.82756279316
56.19,73181.6762299432
56.2,73185.37387296917
56.21,73189.68898870629
56.22,73190.29808792911
56.230000000000004,73193.162239597
56.24,73196.17114948927
56.25,73200.09670808414
56.26,73201.0858491967
56.27,73204.19251616835
56.28,73206.90897902864
56.29,73210.1794993284
56.300000000000004,73213.47281958336
56.31,73213.98157720006
56.32,73217.02020365733
56.33,73220.64614370138
56.34,73223.50414907036
56.35,73226.87865727497
56.36,73228.73368084889
56.370000000000005,73231.3281481512
56.38,73233.22284277406
56.39,73236.69714655413
56.4,73237.30318716027
56.410000000000004,73239.07854887204
56.42,73243.7380374202
56.43,73245.0685820322
56.44,73247.77589719938
56.45,73253.6800282671
56.46,73253.88254504994
56.47,73255.58936541616
56.480000000000004,73259.47774908766
56.49,73263.00238337382
56.5,73265.32224794709
56.51,73266.53244143682
56.52,73270.09999195918
56.53,73271.2327156271
56.54,73275.01448380279
56.550000000000004,73278.19211205294
56.56,73280.18198899107
56.57,73282.34262251211
56.58,73285.94403880204
56.59,73289.00412358601
56.6,73289.69779943257
56.61,73293.43961767587
56.620000000000005,73294.59467351726
56.63,73298.61223031016
56.64,73299.06645303301
56.65,73305.45806738564
56.660000000000004,73307.07910373359
56.67,73308.15062214255
56.68,73311.79699125387
56.69,73313.46336193822
56.7,73315.82503189227
56.71,73320.8505655171
56.72,73324.07332132905
56.730000000000004,73322.47291447621
56.74,73327.00740700819
56.75,73328.56886995287
56.76,73332.9521723766
56.77,73335.71736400158
56.78,73336.94837045397
56.79,73337.89955318885
56.800000000000004,73342.30440573047
56.81,73345.43002180026
56.82,73348.66607924261
56.83,73350.27337586806
56.84,73352.9120274476
56.85,73355.56813180432
56.86,73357.26712947794
56.870000000000005,73360.28963965655
56.88,73363.48640998859
56.89,73366.40605538763
56.9,73369.48445694246
56.910000000000004,73370.09601618184
56.92,73375.36563740596
56.93,73377.49588278707
56.94,73381.16832608893
56.95,73381.40410760864
56.96,73383.93030838804
56.97,73387.31792789593
56.980000000000004,73389.22053052428
56.99,73390.43983840072
57.0,73395.33169216743
57.01,73397.63026951117
57.02,73399.381003868
57.03,73403.46541735753
57.04,73406.3355240943
57.050000000000004,73409.10764852205
57.06,73409.77378480167
57.07,73412.8053267379
57.08,73414.49085116314
57.09,73416.9448776137
57.1,73419.52957484119
57.11,73424.56416274616
57.120000000000005,73427.21218319506
57.13,73426.98971401501
57.14,73430.37991824363
57.15,73434.36728919666
57.160000000000004,73437.27510132417
57.17,73438.43445885234
57.18,73441.29864913391
57.19,73445.026346648
57.2,73445.35249073092
57.21,73451.48205738688
57.22,73452.34069021775
57.230000000000004,73454.56959173453
57.24,73457.87473333425
57.25,73461.41857871976
57.26,73465.82590810646
57.27,73464.9423969211
57.28,73467.91501036279
57.29,73469.47329687416
57.300000000000004,73473.36816178476
57.31,73474.34984932558
57.32,73479.77942662407
57.33,73479.53910123688
57.34,73481.78134575477
57.35,73484.39190655063
57.36,73488.49708554738
57.370000000000005,73490.94112205255
57.38,73492.98383677595
57.39,73495.7771574664
57.4,73495.49365875131
57.410000000000004,73500.96882290907
57.42,73503.67626245374
57.43,73508.23571300087
57.44,73508.11181419561
57.45,73511.0055490914
57.46,73513.70835051314
57.47,73516.53698036299
57.480000000000004,73520.32299574887
57.49,73522.12764710527
57.5,73525.66491099281
57.51,73528.03417777536
57.52,73530.08391944465
57.53,73533.35216991263
57.54,73535.97080812222
57.550000000000004,73536.21409881944
57.56,73539.85077820893
57.57,73544.91617308857
57.58,73546.68823696613
57.59,73548.96523847182
57.6,73550.46744402777
57.61,73552.21985419732
57.620000000000005,73556.10247849359
57.63,73557.31734975435
57.64,73561.40485416043
57.65,73565.87070299772
57.660000000000004,73566.47212375668
57.67,73567.08995932648
57.68,73570.88477959197
57.69,73575.57709567784
57.7,73577.46081100791
57.71,73579.57480892235
57.72,73581.15501001816
57.730000000000004,73584.25876642631
57.74,73587.07194501672
57.75,73589.80162676967
57.76,73592.67918716147
57.77,73596.6969545065
57.78,73599.28814852229
57.79,73602.85966733735
57.800000000000004,73604.10009426474
57.81,73606.0119505581
57.82,73608.51075997816
57.83,73612.60224991739
57.84,73613.81015322487
57.85,73616.61194655958
57.86,73616.97992779622
57.870000000000005,73621.25459744444
57.88,73624.62861318556
57.89,73626.54020356236
57.9,73629.42030883365
57.910000000000004,73632.34607184613
57.92,73636.12604448186
57.93,73636.13063131589
57.94,73641.50942089898
57.95,73643.29259883019
57.96,73644.87450465519
57.97,73648.34135689579
57.980000000000004,73649.54883416917
57.99,73652.85147661585
58.0,73654.93908765502
58.01,73657.04938774533
58.02,73658.79000996
58.03,73662.92554637264
58.04,73668.4001433278
58.050000000000004,73667.54738366285
58.06,73670.6379352366
58.07,73670.63455103438
58.08,73677.2682384804
58.09,73678.80649069505
58.1,73680.9624060404
58.11,73683.49674990981
58.120000000000005,73686.28726516692
58.13,73689.6706921246
58.14,73692.78166141677
58.15,73694.61774867559
58.160000000000004,73697.71008519467
58.17,73697.92371728306
58.18,73702.37762639765
58.19,73705.24917460016
58.2,73707.25599777364
58.21,73707.63001731328
58.22,73711.72113590706
58.230000000000004,73716.76656719494
58.24,73718.6839561877
58.25,73722.02285659638
58.26,73722.54461139273
58.27,73727.46152094186
58.28,73729.58948536965
58.29,73732.03268353626
58.300000000000004,73733.41051611377
58.31,73735.80376644347
58.32,73738.13886842136
58.33,73740.34859901971
58.34,73743.68948665854
58.35,73748.24739361169
58.36,73749.74702213774
58.370000000000005,73753.85691030495
58.38,73755.21292804061
58.39,73756.98517310995
58.4,73761.06437550858
58.410000000000004,73762.27602568243
58.42,73764.06385006304
58.43,73768.74653136717
58.44,73770.37244365414
58.45,73771.16301378836
58.46,73775.53413252361
58.47,73778.42985121775
58.480000000000004,73780.57223899484
58.49,73784.08482381765
58.5,73787.0829013407
58.51,73787.39512427233
58.52,73791.65193387505
58.53,73794.39687366286
58.54,73796.44498438052
58.550000000000004,73797.01010480191
58.56,73800.88268216416
58.57,73805.0376239068
58.58,73807.1080525212
58.59,73808.65759828353
58.6,73811.60655000842
58.61,73813.91278311312
58.620000000000005,73817.49062057538
58.63,73821.44501950865
58.64,73822.59611256004
58.65,73826.1211249112
58.660000000000004,73829.5026555947
58.67,73829.6072743854
58.68,73832.44058652584
58.69,73837.29140879864
58.7,73836.71723764288
58.71,73841.6378632077
58.72,73841.66423696448
58.730000000000004,73846.44887426254
58.74,73847.92747587843
58.75,73851.54792517125
58.76,73853.43654488957
58.77,73854.7128601112
58.78,73859.25585689131
58.79,73860.67809569633
58.800000000000004,73864.75060653115
58.81,73867.3248981886
58.82,73870.91061402245
58.83,73873.03381025881
58.84,73875.48947853046
58.85,73876.82015916871
58.86,73880.17324948781
58.870000000000005,73883.2452442464
58.88,73884.75587374928
58.89,73887.95690141135
58.9,73890.7032460879
58.910000000000004,73892.38673032016
58.92,73895.828205977
58.93,73897.76781087017
58.94,73902.08970396228
58.95,73904.512876525
58.96,73905.31109441735
58.97,73907.4581929246
58.980000000000004,73913.37210471337
58.99,73913.93882459728
59.0,73917.56239880489
59.01,73919.84766474803
59.02,73922.30657182657
59.03,73921.60396231207
59.04,73926.82044569147
59.050000000000004,73929.31021333304
59.06,73932.60659085562
59.07,73935.06359457123
59.08,73936.290163955
59.09,73941.08518893537
59.1,73942.5034011879
59.11,73945.45953564462
59.120000000000005,73947.65039320962
59.13,73951.17285372844
59.14,73955.50957010372
59.15,73953.73600448358
59.160000000000004,73957.11317053485
59.17,73961.24569320999
59.18,73963.75203479422
59.19,73967.94455123757
59.2,73968.8824056798
59.21,73972.16091564731
59.22,73974.6909950954
59.230000000000004,73976.74777051204
59.24,73978.64730855833
59.25,73981.34534835863
59.26,73985.61639497602
59.27,73985.63799999074
59.28,73987.84347697116
59.29,73992.80857319645
59.300000000000004,73994.88372359842
59.31,73998.49661177352
59.32,74001.63387491756
59.33,74003.36201194431
59.34,74006.47152710678
59.35,74008.35356563612
59.36,74011.21323015154
59.370000000000005,74012.36820977405
59.38,74016.14325262005
59.39,74020.23300466963
59.4,74020.13942382192
59.410000000000004,74023.48857479575
59.42,74026.97268613374
59.43,74027.99977354049
59.44,74031.74499770324
59.45,74035.510389806
59.46,74036.41466971666
59.47,74040.46517124742
59.480000000000004,74041.53998628454
59.49,74044.75966613974
59.5,74047.71644143126
59.51,74050.19131130955
59.52,74052.57359842063
59.53,74057.23335096514
59.54,74057.7199508488
59.550000000000004,74061.3457959233
59.56,74064.9819865165
59.57,74065.99409696672
59.58,74067.09157999784
59.59,74070.77282240344
59.6,74071.03860940812
59.61,74076.33454596878
59.620000000000005,74078.84947663172
59.63,74078.33424521975
59.64,74083.02532932484
59.65,74086.57023376279
59.660000000000004,74089.95281166343
59.67,74091.938801091
59.68,74093.7610471307
59.69,74096.12681763273
59.7,74100.41288179404
59.71,74102.6397545057
59.72,74105.72325062237
59.730000000000004,74106.76956930081
59.74,74110.17620491756
59.75,74112.3001313439
59.76,74115.84423586699
59.77,74119.32531719201
59.78,74121.11028227131
59.79,74122.61998527874
59.800000000000004,74125.7923537214
59.81,74128.5351230292
59.82,74132.13792219257
59.83,74133.90989595366
59.84,74137.02316919797
59.85,74139.22279089694
59.86,74140.81452832329
59.870000000000005,74142.81353759927
59.88,74144.7855237969
59.89,74149.09314363702
59.9,74151.4394886747
59.910000000000004,74154.5964758301
59.92,74155.1245708323
59.93,74158.3970224267
59.94,74162.13233622629
59.95,74164.9753631769
59.96,74168.99911398032
59.97,74168.64035076466
59.980000000000004,74170.9990770301
59.99,74174.8924400051
60.0,74177.72855286453
60.01,74180.97735901919
60.02,74184.18484494551
60.03,74185.82076622354
60.04,74187.44260035986
60.050000000000004,74191.86767038441
60.06,74194.29129643086
60.07,74195.54537268913
60.08,74199.24213899644
60.09,74200.64032453655
60.1,74204.34978699237
60.11,74206.7931987473
60.120000000000005,74208.98319552884
60.13,74212.75639575695
60.14,74217.04646751819
60.15,74217.07679098233
60.160000000000004,74219.17846219787
60.17,74223.35483677247
60.18,74224.30086502223
60.19,74229.54788773107
60.2,74228.99711995879
60.21,74232.74751374235
60.22,74235.2117648711
60.230000000000004,74237.67449835289
60.24,74241.82228513251
60.25,74243.70798580529
60.26,74244.45652588866
60.27,74249.19613059679
60.28,74251.08800900995
60.29,74253.71772900096
60.300000000000004,74257.077482431
60.31,74259.251487478
60.32,74260.82522303422
60.33,74264.39399459376
60.34,74264.9838966122
60.35,74269.96599604846
60.36,74272.90503136345
60.370000000000005,74275.41794775934
60.38,74277.32620253063
60.39,74280.00349126977
60.4,74281.8271917002
60.410000000000004,74286.10406561845
60.42,74286.90403589627
60.43,74291.07766648055
60.44,74294.3929818532
60.45,74295.36827142109
60.46,74298.43537271123
60.47,74301.19279299975
60.480000000000004,74304.78915524486
60.49,74307.6953582083
60.5,74307.23890308928
60.51,74310.57599263334
60.52,74314.52231617171
60.53,74316.70417963799
60.54,74318.53961850013
60.550000000000004,74320.4677377923
60.56,74325.72887196296
60.57,74327.48840940697
60.58,74330.14164643057
60.59,74333.30871681713
60.6,74336.00091544722
60.61,74338.0832309383
60.620000000000005,74341.09464174908
60.63,74344.74598934937
60.64,74344.39048959651
60.65,74348.33052006888
60.660000000000004,74349.70216367304
60.67,74353.08539826323
60.68,74356.31864687453
60.69,74356.62613224785
60.7,74364.4808665204
60.71,74364.96106436712
60.72,74367.95665881353
60.730000000000004,74368.07364665307
60.74,74373.04967499225
60.75,74373.54252431147
60.76,74376.15024114013
60.77,74378.9097188402
60.78,74380.97020956708
60.79,74383.35105761868
60.800000000000004,74386.55519978105
60.81,74389.72949305327
60.82,74393.15048937389
60.83,74393.64303794054
60.84,74399.71114326516
60.85,74400.74092957926
60.86,74403.00422994292
60.870000000000005,74406.61604037553
60.88,74407.05515435878
60.89,74411.22108056297
60.9,74415.26778365289
60.910000000000004,74415.12563698464
60.92,74419.70893206203
60.93,74420.37115749103
60.94,74423.72905231328
60.95,74426.76975962108
60.96,74429.69905153966
60.97,74433.3911001054
60.980000000000004,74433.77739041048
60.99,74437.72752388271
61.0,74439.90431990744
61.01,74443.61976326008
61.02,74444.68623656518
61.03,74447.27113941773
61.04,74449.62535402465
61.050000000000004,74450.89901337647
61.06,74455.35840674266
61.07,74460.01217044015
61.08,74460.72028188684
61.09,74464.02475697486
61.1,74467.30671913004
61.11,74468.22322637806
61.120000000000005,74470.18681808417
61.13,74473.51399894862
61.14,74476.03431706612
61.15,74478.4126336561
61.160000000000004,74481.76639025011
61.17,74484.84539155266
61.18,74486.5901647774
61.19,74491.41422672509
61.2,74491.24023671601
61.21,74493.74546061456
61.22,74498.18935117433
61.230000000000004,74500.05474389966
61.24,74503.28242839477
61.25,74503.45801050507
61.26,74509.01460096994
61.27,74511.71375604862
61.28,74513.8510749873
61.29,74515.29907875138
61.300000000000004,74518.2724380804
61.31,74522.79410479563
61.32,74524.52933436412
61.33,74526.49514047647
61.34,74528.48064626803
61.35,74531.14929435505
61.36,74534.48478593685
61.370000000000005,74535.70628428957
61.38,74541.21896304087
61.39,74542.39418798492
61.4,74545.00414776393
61.410000000000004,74546.49171055062
61.42,74549.18982994852
61.43,74551.63289592699
61.44,74554.3158146398
61.45,74557.69332827926
61.46,74562.77396735808
61.47,74562.8163364122
61.480000000000004,74566.55379821746
61.49,74568.180997674
61.5,74571.43249485147
61.51,74573.51804218345
61.52,74577.48234785626
61.53,74578.9565744528
61.54,74582.7572878918
61.550000000000004,74584.20619573692
61.56,74585.41542152103
61.57,74590.41197985469
61.58,74592.07606012827
61.59,74594.68344450057
61.6,74597.37275314571
61.61,74600.6681954114
61.620000000000005,74603.85413520402
61.63,74604.69165677846
61.64,74607.09193810374
61.65,74610.84232889378
61.660000000000004,74612.74458271512
61.67,74616.26317982994
61.68,74619.32720212542
61.690000000000005,74619.35828227462
61.7,74624.60244174927
61.71,74626.43948521059
61.72,74628.72770040849
61.730000000000004,74632.36881404591
61.74,74635.74599215355
61.75,74637.84823133555
61.76,74641.50298207672
61.77,74640.62037206168
61.78,74642.76463300425
61.79,74647.29829349853
61.800000000000004,74651.44860307027
61.81,74651.35170525174
61.82,74653.99863018791
61.83,74658.4524190565
61.84,74659.44264769659
61.85,74663.23547834714
61.86,74666.87657161384
61.870000000000005,74668.03850519207
61.88,74671.84424994061
61.89,74675.28778653312
61.9,74675.01701659289
61.910000000000004,74679.53534339978
61.92,74683.44141531878
61.93,74681.13890726664
61.940000000000005,74686.11639806902
61.95,74688.4140525665
61.96,74690.6568013761
61.97,74693.15860333164
61.980000000000004,74697.49070900497
61.99,74701.11881501913
62.0,74703.29171030225
62.01,74704.46360779996
62.02,74707.00145759323
62.03,74710.1948430748
62.04,74712.56410779025
62.050000000000004,74714.17656294708
62.06,74719.37250351555
62.07,74720.96242996579
62.08,74725.2747371779
62.09,74726.8625071823
62.1,74726.04597843083
62.11,74730.43355575892
62.120000000000005,74733.20319390098
62.13,74736.15867594314
62.14,74740.32743194822
62.15,74743.06880333643
62.160000000000004,74744.30120404431
62.17,74746.61986528701
62.18,74751.29232306167
62.190000000000005,74753.22626293277
62.2,74756.81664126075
62.21,74758.73160033327
62.22,74760.55701365149
62.230000000000004,74763.19047220307
62.24,74764.11700760484
62.25,74769.55008274337
62.26,74771.1278941677
62.27,74772.82116231786
62.28,74775.03514878936
62.29,74779.20631681965
62.300000000000004,74779.58180586825
62.31,74784.71030508677
62.32,74786.61232674561
62.33,74790.32627507455
62.34,74791.81411173187
62.35,74797.30385180803
62.36,74796.63290301894
62.370000000000005,74799.30287822025
62.38,74803.25258996974
62.39,74804.05515196618
62.4,74808.46215931907
62.410000000000004,74809.63835224614
62.42,74812.77029148453
62.43,74814.74148687338
62.440000000000005,74818.70499569084
62.45,74820.6249753123
62.46,74823.30136108487
62.47,74826.73576959633
62.480000000000004,74827.06905898469
62.49,74831.88035614326
62.5,74833.63106757481
62.51,74837.93657354025
62.52,74837.88064919079
62.53,74840.74308832594
62.54,74844.18800263341
62.550000000000004,74846.07861815007
62.56,74849.61673829984
62.57,74852.41817792416
62.58,74853.67533115813
62.59,74857.03372695822
62.6,74859.07875423957
62.61,74862.67490407554
62.620000000000005,74863.85988921039
62.63,74867.63914846118
62.64,74870.22358118114
62.65,74874.49929325195
62.660000000000004,74876.24976246837
62.67,74876.64588676325
62.68,74881.07398049546
62.690000000000005,74883.16526747258
62.7,74885.89075708333
62.71,74888.61845171406
62.72,74891.22506704755
62.730000000000004,74894.57627407328
62.74,74897.24597025917
62.75,74900.50813216885
62.76,74903.10765148624
62.77,74905.25897965321
62.78,74906.7629693915
62.79,74909.40321482393
62.800000000000004,74913.70530476772
62.81,74913.9893372617
62.82,74917.21023083515
62.83,74919.41411007289
62.84,74923.47059094819
62.85,74924.42675981618
62.86,74927.56322683278
62.870000000000005,74929.53936665074
62.88,74933.48856617292
62.89,74937.2000483128
62.9,74939.83325551059
62.910000000000004,74940.28467795819
62.92,74943.33488582938
62.93,74945.29296297175
62.940000000000005,74947.64712477707
62.95,74952.37700686324
62.96,74954.99403942692
62.97,74956.07249806702
62.980000000000004,74959.15130317453
62.99,74961.29913220053
63.0,74966.07543407155
63.01,74969.76638566038
63.02,74970.82679262875
63.03,74973.01294615606
63.04,74976.46562579673
63.050000000000004,74976.42293754133
63.06,74980.61202135944
63.07,74983.35416861558
63.08,74985.73562500166
63.09,74988.18172169047
63.1,74990.17427319627
63.11,74994.11921120765
63.120000000000005,74996.54564708621
63.13,74999.64996038226
63.14,75001.32810920743
63.15,75004.58525342189
63.160000000000004,75008.46668713969
63.17,75007.37312344232
63.18,75012.66263902893
63.190000000000005,75014.46064857609
63.2,75016.5698466463
63.21,75020.3692400446
63.22,75023.19065915319
63.230000000000004,75025.27042832974
63.24,75027.98671122131
63.25,75030.00417051182
63.26,75033.74757046945
63.27,75036.23859158576
63.28,75038.42181997998
63.29,75040.12501531409
63.300000000000004,75043.02592749018
63.31,75045.9243033637
63.32,75048.273701528
63.33,75049.99867401748
63.34,75053.5155443919
63.35,75056.81406342615
63.36,75059.88513444857
63.370000000000005,75061.665460239
63.38,75062.81217660541
63.39,75067.77238106776
63.4,75070.166183587
63.410000000000004,75073.66160556098
63.42,75074.10856807217
63.43,75078.91803125013
63.440000000000005,75080.35029116273
63.45,75082.78119838468
63.46,75086.37328982935
63.47,75089.99002118042
63.480000000000004,75091.44322183898
63.49,75094.17834298736
63.5,75097.42052442634
63.51,75099.3313330128
63.52,75100.98117183177
63.53,75104.75986199967
63.54,75106.63199614655
63.550000000000004,75108.93408356301
63.56,75112.54548953973
63.57,75114.45589426476
63.58,75118.95048484244
63.59,75119.58961286576
63.6,75122.73172524817
63.61,75125.28998829234
63.620000000000005,75127.88223788181
63.63,75130.37527415383
63.64,75133.68735568902
63.65,75135.87425152147
63.660000000000004,75136.90905334818
63.67,75142.13061766738
63.68,75143.52731739124
63.690000000000005,75145.82495012674
63.7,75150.07527229893
63.71,75153.54787744912
63.72,75155.15254374592
63.730000000000004,75156.33675826245
63.74,75159.1152023247
63.75,75160.61388297506
63.76,75166.175311137
63.77,75167.9251800604
63.78,75168.69938432383
63.79,75172.43342571633
63.800000000000004,75175.69478061589
63.81,75179.62624977638
63.82,75181.04055664316
63.83,75182.3982198104
63.84,75184.60549093089
63.85,75189.44667238696
63.86,75191.55218588538
63.870000000000005,75192.07223403284
63.88,75194.70097560709
63.89,75198.38249713549
63.9,75203.94094572267
63.910000000000004,75204.93807837542
63.92,75205.85059800136
63.93,75210.08382214508
63.940000000000005,75212.07682286217
63.95,75216.00846796065
63.96,75218.09362683281
63.97,75220.14665884586
63.980000000000004,75222.47029463861
63.99,75223.75891179396
64.0,75226.799355456
64.01,75230.48779125093
64.02,75233.80769766858
64.03,75235.34288559626
64.04,75239.29680201205
64.05,75240.28713691469
64.06,75242.79133965702
64.07000000000001,75246.55764686555
64.08,75250.1934053607
64.09,75251.94697489783
64.1,75254.24272731764
64.11,75256.01262160987
64.12,75257.45584919854
64.13,75263.72369762028
64.14,75265.25852433134
64.15,75267.01588035372
64.16,75269.76500104196
64.17,75273.9891925068
64.18,75275.20247844217
64.19,75277.97838856278
64.2,75280.74040543122
64.21000000000001,75283.74644722753
64.22,75286.35483325558
64.23,75289.52888584019
64.24,75289.94344152766
64.25,75295.24251067103
64.26,75295.96249422838
64.27,75300.34376793438
64.28,75304.64738191507
64.29,75303.77525039595
64.3,75308.50799092864
64.31,75309.10481170828
64.32000000000001,75312.48840609552
64.33,75315.83182138133
64.34,75318.39572462543
64.35,75319.10307100022
64.36,75322.36792864597
64.37,75325.67268106942
64.38,75328.34399902783
64.39,75330.7952249733
64.4,75333.95032260122
64.41,75335.15147611023
64.42,75337.68413706023
64.43,75342.65548067211
64.44,75345.31024968033
64.45,75345.21004808087
64.46000000000001,75349.73486105421
64.47,75352.71754476843
64.48,75352.82612710922
64.49,75357.47540805531
64.5,75359.70385781309
64.51,75361.62702840735
64.52,75365.0524121497
64.53,75367.2731078933
64.54,75370.0404947559
64.55,75373.02753919293
64.56,75375.71303874496
64.57000000000001,75378.76945624853
64.58,75381.35969711862
64.59,75384.36970019563
64.6,75386.50212975164
64.61,75388.37012401207
64.62,75392.63602072946
64.63,75394.87454549735
64.64,75394.76939255313
64.65,75397.66355424021
64.66,75400.21287761701
64.67,75403.5532874584
64.68,75406.57526939751
64.69,75410.45324745445
64.7,75413.39400329592
64.71000000000001,75413.82805612062
64.72,75420.0915575894
64.73,75422.37006786412
64.74,75426.19368107489
64.75,75426.14166657667
64.76,75428.70828012239
64.77,75431.74810817497
64.78,75432.61807845143
64.79,75436.32359595073
64.8,75439.25860876855
64.81,75440.80428528175
64.82000000000001,75444.49889343913
64.83,75445.0656154338
64.84,75448.71479933984
64.85,75453.34932690114
64.86,75455.91601671402
64.87,75457.12205828236
64.88,75458.79380265588
64.89,75463.55829718767
64.9,75466.08548517556
64.91,75468.48612533946
64.92,75471.89061635916
64.93,75472.21828623481
64.94,75477.68830777972
64.95,75479.25715399283
64.96000000000001,75481.45702759663
64.97,75482.82436722063
64.98,75487.72134434935
64.99,75487.55502635057
65.0,75490.70934070919
65.01,75491.85436202586
65.02,75496.17177362065
65.03,75498.07020941682
65.04,75502.37969893927
65.05,75504.3175087682
65.06,75507.76500247025
65.07000000000001,75509.82524696398
65.08,75510.59680583006
65.09,75513.9201722033
65.1,75518.2362878069
65.11,75520.1391413723
65.12,75522.9533760698
65.13,75526.44276837903
65.14,75528.14326002754
65.15,75533.69821588938
65.16,75533.50006960098
65.17,75534.0354382715
65.18,75537.92043575786
65.19,75542.75550600406
65.2,75546.24619093662
65.21000000000001,75546.40379007356
65.22,75550.60732395567
65.23,75552.07776057997
65.24,75554.60316990738
65.25,75557.60780697531
65.26,75562.22294182618
65.27,75563.58138359572
65.28,75566.46594090654
65.29,75569.69138656475
65.3,75568.51270597868
65.31,75573.03202967015
65.32000000000001,75575.0406799033
65.33,75580.13481257015
65.34,75581.59732168043
65.35,75583.58958670682
65.36,75584.53739709083
65.37,75589.7285832656
65.38,75591.70150690821
65.39,75593.62867905786
65.4,75597.12668107344
65.41,75598.77151202425
65.42,75599.6012342515
65.43,75605.40655840814
65.44,75606.46971454237
65.45,75610.26421194349
65.46000000000001,75611.27482564357
65.47,75614.84633043583
65.48,75616.83889973536
65.49,75620.33334058637
65.5,75623.30291861582
65.51,75625.57403898222
65.52,75629.43220650234
65.53,75632.47610109564
65.54,75634.52809216759
65.55,75635.12037449943
65.56,75639.23739155676
65.57000000000001,75640.0774915626
65.58,75643.84659495235
65.59,75645.51736914228
65.6,75650.9008226337
65.61,75651.71613988388
65.62,75655.37428573695
65.63,75656.28846972696
65.64,75660.07294966008
65.65,75661.22626751669
65.66,75664.4151181535
65.67,75669.68949863732
65.68,75671.27392894197
65.69,75673.70407710862
65.7,75676.25582749514
65.71000000000001,75679.038003228
65.72,75682.66105166676
65.73,75683.23035524052
65.74,75687.30595892222
65.75,75689.70331029857
65.76,75694.20238704374
65.77,75695.13221371522
65.78,75696.90321852855
65.79,75698.40984500594
65.8,75702.5087674621
65.81,75706.44897194472
65.82000000000001,75708.02544670232
65.83,75711.978571827
65.84,75713.88836251988
65.85,75716.2526110178
65.86,75719.05117729917
65.87,75721.52314945601
65.88,75725.23097661894
65.89,75727.1486253955
65.9,75729.29201572812
65.91,75732.54882328039
65.92,75732.04469646582
65.93,75737.65992497932
65.94,75739.82183159511
65.95,75741.10395958749
65.96000000000001,75745.20034506342
65.97,75748.18442740898
65.98,75751.01895763449
65.99,75752.87916794977
66.0,75756.47310720175
66.01,75758.43614170713
66.02,75759.64336953232
66.03,75764.45505924996
66.04,75766.02388747722
66.05,75768.18631647008
66.06,75769.90633964825
66.07000000000001,75772.44191462298
66.08,75777.53378679445
66.09,75779.00708850997
66.1,75780.89664493478
66.11,75783.98824683993
66.12,75786.30198455299
66.13,75789.50347658807
66.14,75793.41362192905
66.15,75795.36737138075
66.16,75795.53476016638
66.17,75799.72009376805
66.18,75802.41197044385
66.19,75807.38660621393
66.2,75807.9498015663
66.21000000000001,75810.5792216591
66.22,75814.96287785415
66.23,75815.78736374133
66.24,75818.76201359295
66.25,75820.3797034864
66.26,75824.09785697993
66.27,75827.4904701611
66.28,75829.11939096279
66.29,75831.56739769984
66.3,75833.17409025994
66.31,75837.23135330991
66.32000000000001,75837.88327845446
66.33,75841.47615555298
66.34,75846.13292823256
66.35,75849.32998173384
66.36,75849.48116800538
66.37,75851.97299052717
66.38,75856.01464057085
66.39,75858.60519857
66.4,75859.3919222476
66.41,75863.74695712245
66.42,75865.6971946246
66.43,75869.2628685636
66.44,75870.94909831356
66.45,75873.89877762446
66.46000000000001,75878.43523806559
66.47,75877.6471201808
66.48,75882.58485442464
66.49,75884.7009104513
66.5,75887.32710040655
66.51,75888.37110238546
66.52,75893.25939174194
66.53,75895.13891860124
66.54,75898.43820354916
66.55,75900.12061165823
66.56,75903.6355544151
66.57000000000001,75907.14790150411
66.58,75910.10839413147
66.59,75913.14699054895
66.6,75913.99178567209
66.61,75915.96113061214
66.62,75918.71623369961
66.63,75921.44349616753
66.64,75925.08361357085
66.65,75927.36416610192
66.66,75929.28275850548
66.67,75932.25679327323
66.68,75935.42530690056
66.69,75936.13664586165
66.7,75941.96993851125
66.71000000000001,75943.88582444136
66.72,75945.10881413387
66.73,75949.45605850326
66.74,75952.36939074066
66.75,75951.98863192026
66.76,75956.8474262489
66.77,75957.51546660427
66.78,75962.1283775412
66.79,75963.23974745555
66.8,75966.49647680727
66.81,75969.04771835824
66.82000000000001,75971.28205339574
66.83,75973.53212446731
66.84,75976.961481215
66.85,75980.46456046286
66.86,75984.28455310166
66.87,75985.44199849197
66.88,75987.59412160666
66.89,75990.3163832556
66.9,75992.68052655987
66.91,75994.56953765092
66.92,75998.30266901414
66.93,76000.84091429181
66.94,76003.46641075537
66.95,76005.2780089505
66.96000000000001,76008.72704467157
66.97,76009.6296994816
66.98,76014.53624997157
66.99,76015.05272817776
67.0,76019.32996604934
67.01,76022.66059857224
67.02,76024.3087699224
67.03,76027.24768228791
67.04,76029.66539780084
67.05,76033.08663363282
67.06,76035.93621410998
67.07000000000001,76038.5865538451
67.08,76041.19681328392
67.09,76042.9953326517
67.1,76045.67261298686
67.11,76047.8670982438
67.12,76052.07620558985
67.13,76054.68132836073
67.14,76057.12233910567
67.15,76059.3253978129
67.16,76060.87021028138
67.17,76064.60274403657
67.18,76067.73497910694
67.19,76069.70475691515
67.2,76072.11219971826
67.21000000000001,76074.5206897189
67.22,76077.51296123875
67.23,76080.5482506419
67.24,76081.5615880691
67.25,76085.73433123683
67.26,76088.91444426187
67.27,76091.01119641557
67.28,76094.46069619806
67.29,76097.16947487782
67.3,76099.61732752684
67.31,76100.1233136947
67.32000000000001,76105.1081363605
67.33,76107.33185469545
67.34,76110.09589296872
67.35,76111.942038005
67.36,76113.95286846356
67.37,76119.35671950765
67.38,76119.77346129235
67.39,76123.29225426256
67.4,76126.07921699021
67.41,76127.68932725597
67.42,76131.01448626388
67.43,76134.0462559561
67.44,76135.09836854397
67.45,76138.6069715719
67.46000000000001,76140.98650633456
67.47,76144.24945757414
67.48,76146.79152779242
67.49,76149.69357620462
67.5,76153.43193170641
67.51,76154.00979359794
67.52,76158.0355240589
67.53,76159.33715126176
67.54,76161.88466308666
67.55,76166.8126247273
67.56,76166.7743709906
67.57000000000001,76169.46345498897
67.58,76172.6675278925
67.59,76175.7601249765
67.6,76178.54565996473
67.61,76182.25491286773
67.62,76183.70052867326
67.63,76186.19968822991
67.64,76187.35629757875
67.65,76190.95756771426
67.66,76192.65501039203
67.67,76196.08300138374
67.68,76199.33741177381
67.69,76201.59810318744
67.7,76204.69676594062
67.71000000000001,76206.20790013425
67.72,76210.2023385392
67.73,76212.8943621012
67.74,76215.4750435982
67.75,76218.42910940449
67.76,76219.43237070557
67.77,76222.81364654104
67.78,76226.40532983669
67.79,76229.42957509568
67.8,76230.41116743776
67.81,76234.83916398326
67.82000000000001,76237.0740483884
67.83,76238.55816548243
67.84,76242.31148584797
67.85,76244.55305670001
67.86,76246.23511522896
67.87,76249.20381126134
67.88,76250.94377654576
67.89,76255.11884928205
67.9,76256.35261571765
67.91,76258.96800639626
67.92,76262.2533724162
67.93,76264.74454334972
67.94,76268.94351964003
67.95,76270.29841626316
67.96000000000001,76274.20026728662
67.97,76276.10239434111
67.98,76278.63406924934
67.99,76280.49247645227
68.0,76282.68546277513
68.01,76286.35479081576
68.02,76288.99360011802
68.03,76292.74389985471
68.04,76295.48699797536
68.05,76298.3163449229
68.06,76299.83965778202
68.07000000000001,76301.83851991955
68.08,76303.99414706857
68.09,76308.63567076607
68.1,76310.84575972267
68.11,76313.1703450804
68.12,76313.34785177806
68.13,76317.28170713091
68.14,76321.43010944004
68.15,76324.01913380926
68.16,76325.99127487071
68.17,76328.70743157851
68.18,76331.81928017223
68.19,76333.53104871421
68.2,76335.74883394096
68.21000000000001,76340.51557278683
68.22,76342.31163360008
68.23,76344.78634207713
68.24,76347.76941647021
68.25,76350.79284778332
68.26,76353.85215903725
68.27,76356.6188390834
68.28,76358.01071336804
68.29,76361.73142983051
68.3,76362.77929881161
68.31,76366.3589636799
68.32000000000001,76370.22656557758
68.33,76373.2741071022
68.34,76374.41834600443
68.35000000000001,76378.41291662212
68.36,76378.06935456162
68.37,76382.05945532113
68.38,76385.49494700969
68.39,76386.82972781666
68.4,76391.07097204892
68.41,76392.33527466327
68.42,76397.79379918153
68.43,76397.66266683638
68.44,76399.66865251983
68.45,76403.7046474682
68.46000000000001,76406.50834477991
68.47,76406.92289805328
68.48,76410.80987378184
68.49,76415.43530964605
68.5,76416.90096387145
68.51,76419.93084823986
68.52,76420.70306994315
68.53,76423.40443693195
68.54,76426.45064781951
68.55,76430.03518577274
68.56,76432.87034477317
68.57000000000001,76435.03577778125
68.58,76435.57487527494
68.59,76440.04275789828
68.60000000000001,76442.26468406638
68.61,76444.56883054438
68.62,76448.62547224104
68.63,76452.2475807861
68.64,76454.62818537556
68.65,76457.50556885742
68.66,76459.16587119442
68.67,76462.69448844214
68.68,76464.14793748174
68.69,76467.24690386278
68.7,76471.00810383991
68.71000000000001,76472.76086398392
68.72,76475.009171036
68.73,76478.00305994734
68.74,76479.58702815736
68.75,76480.83728207154
68.76,76485.07940571227
68.77,76488.6318309761
68.78,76489.78289657352
68.79,76495.07036142227
68.8,76498.97562308323
68.81,76499.06480416679
68.82000000000001,76502.09273160485
68.83,76503.72741405433
68.84,76507.3839586124
68.85000000000001,76509.99480347446
68.86,76512.57079636033
68.87,76514.6577187242
68.88,76516.5911732824
68.89,76520.82825308655
68.9,76523.7127194055
68.91,76523.35813793955
68.92,76528.1603761207
68.93,76530.35522191762
68.94,76532.94806789307
68.95,76535.12072982446
68.96000000000001,76537.14886303282
68.97,76539.23283179011
68.98,76545.14993399846
68.99,76545.90186092597
69.0,76549.78674499366
69.01,76551.89260506607
69.02,76555.53223149624
69.03,76558.3690277984
69.04,76559.77372668119
69.05,76561.17017582404
69.06,76565.66381448178
69.07000000000001,76567.15216378815
69.08,76571.06260491797
69.09,76575.03315598286
69.10000000000001,76575.99615813018
69.11,76577.81346092855
69.12,76581.07344745853
69.13,76584.93366150685
69.14,76587.26190948891
69.15,76586.6171634403
69.16,76592.59251323184
69.17,76595.79162705463
69.18,76597.20732979817
69.19,76598.39079774832
69.2,76602.3990472923
69.21000000000001,76604.15457341778
69.22,76607.32911940402
69.23,76609.94360343227
69.24,76612.8306331186
69.25,76616.73481521904
69.26,76618.079885341
69.27,76620.20867970337
69.28,76624.18970281298
69.29,76626.33866948969
69.3,76629.08940821898
69.31,76630.38760753113
69.32000000000001,76633.38497872317
69.33,76635.5967066329
69.34,76638.74455902787
69.35000000000001,76641.78783256962
69.36,76644.35906531526
69.37,76646.38090023135
69.38,76648.83771180522
69.39,76652.58942239823
69.4,76655.53131438332
69.41,76657.16648228845
69.42,76660.84643576469
69.43,76663.11468925944
69.44,76666.24108138766
69.45,76669.33553768673
69.46000000000001,76672.04785539796
69.47,76674.12174843256
69.48,76675.1506472751
69.49,76679.60448094562
69.5,76683.01443270569
69.51,76684.51096651345
69.52,76686.64358539798
69.53,76689.31844881675
69.54,76692.46625442075
69.55,76696.22752191778
69.56,76697.49489451486
69.57000000000001,76699.63149484547
69.58,76701.79391651544
69.59,76705.12733505086
69.60000000000001,76707.69693726384
69.61,76711.3231505713
69.62,76712.55138431875
69.63,76717.14413294672
69.64,76719.84444346439
69.65,76721.08301895115
69.66,76726.52574706096
69.67,76726.73976540459
69.68,76729.20867942985
69.69,76731.5306730408
69.7,76736.7977451362
69.71000000000001,76735.9836925491
69.72,76739.84039328826
69.73,76742.29939358014
69.74,76744.80554276083
69.75,76748.7009849605
69.76,76749.86780995781
69.77,76755.69765100826
69.78,76757.0300288383
69.79,76757.99710741278
69.8,76760.33733967731
69.81,76763.813835505
69.82000000000001,76765.62589121069
69.83,76769.76444122013
69.84,76771.17357448315
69.85000000000001,76775.44636326817
69.86,76776.62328473254
69.87,76778.16572228732
69.88,76783.0644236147
69.89,76784.56388372874
69.9,76788.07328336986
69.91,76790.0799092852
69.92,76793.18419775469
69.93,76797.60347630571
69.94,76797.7089451942
69.95,76800.1866283724
69.96000000000001,76804.6956306124
69.97,76805.94521379343
69.98,76809.83795013395
69.99,76810.58210369827
70.0,76815.13329268416
70.01,76816.23629161848
70.02,76820.18864584711
70.03,76824.11533541564
70.04,76825.13280843457
70.05,76828.47375036808
70.06,76831.53922763566
70.07000000000001,76833.16854063018
70.08,76837.14101894575
70.09,76837.28948681486
70.10000000000001,76841.80384001533
70.11,76843.63901359007
70.12,76846.17192573265
70.13,76848.69699402907
70.14,76851.34980119148
70.15,76854.98117832643
70.16,76857.16641917614
70.17,76859.09631982975
70.18,76861.36424426184
70.19,76864.7634438008
70.2,76867.92361480507
70.21000000000001,76871.19666198676
70.22,76875.51350093156
70.23,76874.91743462792
70.24,76879.70764048932
70.25,76880.3395280657
70.26,76882.63763108682
70.27,76886.66306606797
70.28,76887.5921315153
70.29,76892.76253612709
70.3,76894.0572124426
70.31,76896.18055386948
70.32000000000001,76901.72809411763
70.33,76901.15488833269
70.34,76904.91780405394
70.35000000000001,76905.84415681807
70.36,76910.44333486883
70.37,76912.32473052453
70.38,76916.06087368177
70.39,76917.7768608885
70.4,76922.6221018325
70.41,76921.07464582675
70.42,76925.44415536107
70.43,76929.4314564843
70.44,76931.53598192228
70.45,76935.84005026073
70.46000000000001,76936.44448182896
70.47,76938.07120271845
70.48,76941.66656900432
70.49,76945.39946959975
70.5,76947.29146790212
70.51,76951.74017137405
70.52,76953.07741279852
70.53,76956.1505326771
70.54,76957.71622046774
70.55,76961.73446487324
70.56,76962.64616224956
70.57000000000001,76965.03938951157
70.58,76968.01149013513
70.59,76970.98159056062
70.60000000000001,76971.18253520936
70.61,76977.43292348477
70.62,76978.23554795777
70.63,76982.90618899699
70.64,76985.81325936267
70.65,76985.83127674283
70.66,76987.83376200052
70.67,76993.25005651335
70.68,76994.66453444705
70.69,76996.53790598185
70.7,77002.0754045449
70.71000000000001,77002.04102370802
70.72,77005.10661017265
70.73,77007.91617493538
70.74,77010.7147486006
70.75,77012.84364443051
70.76,77014.68290799628
70.77,77019.55788442833
70.78,77020.99124295161
70.79,77025.97661722566
70.8,77029.06038178448
70.81,77030.45016012357
70.82000000000001,77031.84662016948
70.83,77035.0912072309
70.84,77036.43073975843
70.85000000000001,77041.55835125137
70.86,77039.57863413566
70.87,77045.75562049037
70.88,77048.764410563
70.89,77049.81550632464
70.9,77054.87112543997
70.91,77056.17655382413
70.92,77058.41381031233
70.93,77060.37589296528
70.94,77065.92927520446
70.95,77067.27530735379
70.96000000000001,77073.07517897726
70.97,77072.2100959767
70.98,77073.77464051811
70.99,77077.39660883312
71.0,77080.51250706815
71.01,77080.72150162238
71.02,77085.44039321394
71.03,77088.49120911772
71.04,77089.21472487427
71.05,77092.899252479
71.06,77095.1706891694
71.07000000000001,77097.83752226189
71.08,77099.81613067251
71.09,77103.77915712769
71.10000000000001,77107.2257344148
71.11,77109.71731750414
71.12,77112.47630637436
71.13,77115.4929556823
71.14,77117.39583401059
71.15,77122.63605426929
71.16,77123.75918308599
71.17,77123.15246763523
71.18,77128.13382225306
71.19,77129.96780144007
71.2,77133.7055116432
71.21000000000001,77136.01020610765
71.22,77139.26890685195
71.23,77139.56151131346
71.24,77143.6178140931
71.25,77147.08031091894
71.26,77148.81159807525
71.27,77152.33561266362
71.28,77155.80845903681
71.29,77158.35919639314
71.3,77160.00913609554
71.31,77164.0653610196
71.32000000000001,77163.38698429446
71.33,77167.91697649733
71.34,77170.96618786224
71.35000000000001,77174.41503395764
71.36,77175.88492347585
71.37,77177.65257134671
71.38,77180.53999387428
71.39,77185.04571111317
71.4,77187.69377517076
71.41,77189.11500304657
71.42,77191.86751716935
71.43,77194.82733469861
71.44,77197.26209077598
71.45,77198.38975758148
71.46000000000001,77200.36836221172
71.47,77205.52845306823
71.48,77207.3928155468
71.49,77207.95049700723
71.5,77214.32315137409
71.51,77217.09117992269
71.52,77218.64233973957
71.53,77219.63094918907
71.54,77223.85979511637
71.55,77227.19006186753
71.56,77230.17041850019
71.57000000000001,77232.76170688473
71.58,77234.81192727806
71.59,77237.7267304194
71.60000000000001,77238.45457454407
71.61,77241.17981783912
71.62,77243.76806915172
71.63,77248.78433238818
71.64,77251.00092453482
71.65,77253.0743472444
71.66,77255.65846622175
71.67,77257.2910952376
71.68,77262.60876292526
71.69,77263.7805216084
71.7,77265.73730192031
71.71000000000001,77269.56348456602
71.72,77272.22234376852
71.73,77275.97315745922
71.74,77276.75410019961
71.75,77280.149171116
71.76,77282.68249471237
71.77,77286.1358196691
71.78,77285.95550074382
71.79,77291.87024054283
71.8,77291.52069850254
71.81,77296.32611702433
71.82000000000001,77299.15720846507
71.83,77301.17565222924
71.84,77303.7893477296
71.85000000000001,77306.7175764232
71.86,77308.89781470303
71.87,77309.80397730862
71.88,77313.16528600955
71.89,77315.09416513327
71.9,77320.76871952796
71.91,77321.45722391176
71.92,77325.61823883143
71.93,77327.92744968431
71.94,77329.9410439203
71.95,77333.70908837186
71.96000000000001,77335.22096456222
71.97,77335.31015968413
71.98,77340.7067921797
71.99,77342.92757704601
72.0,77346.22685148547
72.01,77349.26509358807
72.02,77349.69745851186
72.03,77354.94600452967
72.04,77357.41538542382
72.05,77358.68672559943
72.06,77361.53551286006
72.07000000000001,77364.43256613331
72.08,77369.17138971918
72.09,77369.47597846523
72.10000000000001,77371.47417334063
72.11,77373.46311676473
72.12,77378.48645518733
72.13,77381.8062357885
72.14,77382.0271769982
72.15,77385.61408736439
72.16,77388.17367426673
72.17,77392.2033458299
72.18,77394.61952971728
72.19,77396.83784658893
72.2,77399.19043638946
72.21000000000001,77401.71689035128
72.22,77406.6134973629
72.23,77408.27413796484
72.24,77408.06205697378
72.25,77413.04905585301
72.26,77416.4634659634
72.27,77419.22808473786
72.28,77420.43140812892
72.29,77423.44159494217
72.3,77426.98976585962
72.31,77427.79202023806
72.32000000000001,77432.97209604301
72.33,77434.04852150986
72.34,77435.67528057862
72.35000000000001,77440.16577256548
72.36,77442.88984287699
72.37,77444.54624267209
72.38,77447.46450069032
72.39,77451.67891528927
72.4,77452.78629157152
72.41,77456.68910630286
72.42,77458.7964789581
72.43,77460.11377227104
72.44,77464.25426199954
72.45,77464.60843261892
72.46000000000001,77468.52768634935
72.47,77469.6911219875
72.48,77473.7210412477
72.49,77476.88647938766
72.5,77479.12376726787
72.51,77481.47644020314
72.52,77485.94562253729
72.53,77487.54152845577
72.54,77489.68434380401
72.55,77493.32127951678
72.56,77495.75817501196
72.57000000000001,77498.38043723599
72.58,77500.31230491147
72.59,77503.6425978733
72.60000000000001,77506.98866795469
72.61,77508.27551195178
72.62,77512.80096639367
72.63,77511.50971612382
72.64,77516.99562934534
72.65,77520.19900786382
72.66,77522.5355306924
72.67,77524.81862432575
72.68,77526.28836580865
72.69,77530.20129809748
72.7,77533.38255853472
72.71000000000001,77536.78814495794
72.72,77539.42829237747
72.73,77541.63399260941
72.74,77543.04626814097
72.75,77546.25792810846
72.76,77547.33589032295
72.77,77550.65017995093
72.78,77554.27388827952
72.79,77557.850214791
72.8,77560.27538926627
72.81,77560.77113385615
72.82000000000001,77564.86827174136
72.83,77566.70340232257
72.84,77571.34267479228
72.85000000000001,77572.47974350663
72.86,77576.65825863804
72.87,77578.31579789934
72.88,77581.39546650737
72.89,77583.33882443035
72.9,77584.52718587306
72.91,77588.60772598318
72.92,77591.96197164505
72.93,77591.66892209832
72.94,77596.72029991394
72.95,77599.45160428609
72.96000000000001,77602.11035558862
72.97,77604.19084883794
72.98,77605.61655801401
72.99,77610.09022274068
73.0,77612.10151166518
73.01,77615.63589416872
73.02,77618.9904575234
73.03,77621.0419516737
73.04,77624.8278040042
73.05,77625.90968034146
73.06,77630.05026035011
73.07000000000001,77629.9086153317
73.08,77633.7287872837
73.09,77637.40208798138
73.10000000000001,77640.0426816977
73.11,77641.74623642914
73.12,77644.69856346057
73.13,77647.85691116774
73.14,77651.18630576042
73.15,77651.58038391334
73.16,77653.61924334237
73.17,77657.15690575542
73.18,77660.0067968585
73.19,77663.51636905945
73.2,77667.37310074903
73.21000000000001,77669.33439150434
73.22,77671.17620290718
73.23,77671.73478929089
73.24,77676.89686275178
73.25,77678.84601467289
73.26,77681.8620252678
73.27,77686.09467414142
73.28,77687.92349677395
73.29,77691.2302514362
73.3,77692.80111657736
73.31,77695.8825693171
73.32000000000001,77699.61667693475
73.33,77701.8810938939
73.34,77703.04054855733
73.35000000000001,77704.61027595514
73.36,77708.78366675299
73.37,77712.02729455035
73.38,77714.287721702
73.39,77716.23818234364
73.4,77718.33461850313
73.41,77723.04675755971
73.42,77725.17505612854
73.43,77728.8482156969
73.44,77730.20410511216
73.45,77733.8945938045
73.46000000000001,77734.93326300247
73.47,77737.99969356792
73.48,77740.19498832438
73.49,77743.5228456667
73.5,77745.79973948994
73.51,77747.8685224006
73.52,77751.7840112819
73.53,77755.92839667923
73.54,77757.58161526438
73.55,77759.28314011195
73.56,77761.498194834
73.57000000000001,77765.79553620853
73.58,77767.34908554853
73.59,77770.12620904988
73.60000000000001,77772.35571607036
73.61,77776.64130545163
73.62,77777.70292547927
73.63,77781.15939245344
73.64,77783.29722992978
73.65,77787.92318622593
73.66,77788.5756381037
73.67,77791.43125424352
73.68,77793.17559212587
73.69,77797.76524434477
73.7,77800.47372623967
73.71000000000001,77800.72817484074
73.72,77803.21896270393
73.73,77807.50780556822
73.74,77809.94871669277
73.75,77811.9800460785
73.76,77817.16542917585
73.77,77818.97299074577
73.78,77822.24733170598
73.79,77821.87709053824
73.8,77826.74762862377
73.81,77828.77067448369
73.82000000000001,77831.78443437381
73.83,77833.63985314479
73.84,77835.81569002314
73.85000000000001,77839.79383328103
73.86,77842.15050083995
73.87,77844.50578950782
73.88,77849.40754590223
73.89,77850.13776362957
73.9,77853.7522742756
73.91,77855.54082337707
73.92,77858.69389887636
73.93,77862.20716378816
73.94,77862.8054348616
73.95,77867.10205114988
73.96000000000001,77869.41701167251
73.97,77870.43409267008
73.98,77875.20106167364
73.99,77875.8349778496
74.0,77877.97666887482
74.01,77881.40746705848
74.02,77885.86532023294
74.03,77885.9046525968
74.04,77890.7769114616
74.05,77893.94839133043
74.06,77895.65428045846
74.07000000000001,77898.10215412133
74.08,77900.58717430981
74.09,77904.03854582872
74.10000000000001,77906.73302884838
74.11,77910.46888529745
74.12,77910.57463287385
74.13,77914.72750887115
74.14,77916.03821513904
74.15,77919.39799720509
74.16,77922.20806706112
74.17,77925.30179195051
74.18,77927.28402219358
74.19,77929.5709675537
74.2,77932.7728318599
74.21000000000001,77934.62516824016
74.22,77939.25883602908
74.23,77939.8605747669
74.24,77944.97086844964
74.25,77945.9067997067
74.26,77950.10448465608
74.27,77951.62323057392
74.28,77957.51568326898
74.29,77956.57548007701
74.3,77958.9116006019
74.31,77963.06615877783
74.32000000000001,77964.77373561503
74.33,77968.50361316199
74.34,77970.34900082006
74.35000000000001,77974.3350341209
74.36,77974.61789743649
74.37,77977.65771470187
74.38,77980.99172415372
74.39,77984.83705389267
74.4,77985.90077263866
74.41,77989.279229326
74.42,77990.31093787523
74.43,77993.94043922173
74.44,77997.86281435355
74.45,77999.37708506647
74.46000000000001,78001.79032604252
74.47,78004.48601981965
74.48,78006.14982647698
74.49,78011.19214748668
74.5,78013.85645372081
74.51,78015.07734234587
74.52,78020.49155999595
74.53,78019.87693711491
74.54,78024.43990559725
74.55,78026.01189774393
74.56,78030.51263137783
74.57000000000001,78031.37467122653
74.58,78034.76302317232
74.59,78037.53723277278
74.60000000000001,78041.1249142891
74.61,78042.34223536568
74.62,78044.38385763598
74.63,78049.01451970151
74.64,78051.53610898399
74.65,78054.18208318533
74.66,78057.30890659691
74.67,78059.67578082439
74.68,78062.15074837215
74.69,78065.07222472457
74.7,78064.85335629412
74.71000000000001,78069.7103706496
74.72,78071.9773868158
74.73,78075.36295986375
74.74,78077.15112330324
74.75,78080.44641691657
74.76,78081.74353697326
74.77,78084.58478945587
74.78,78088.90584881528
74.79,78089.3258045699
74.8,78093.54804725217
74.81,78096.48354555354
74.82000000000001,78098.66430554146
74.83,78101.84610231526
74.84,78105.24756802616
74.85000000000001,78106.94888311176
74.86,78109.89934486472
74.87,78111.63960999415
74.88,78112.05480795025
74.89,78117.94772655428
74.9,78119.31174330333
74.91,78124.28378769799
74.92,78124.49845921282
74.93,78128.15933473363
74.94,78130.09993847382
74.95,78132.71075903249
74.96000000000001,78134.4416082448
74.97,78138.49027100083
74.98,78140.46363725117
74.99,78144.24991927833
75.0,78146.33422516154
75.01,78149.19544410467
75.02,78151.85091540418
75.03,78155.20050188927
75.04,78157.12909159392
75.05,78159.77904511966
75.06,78160.92053288795
75.07000000000001,78166.52531225326
75.08,78168.46863898887
75.09,78172.36051229328
75.10000000000001,78173.38255931831
75.11,78176.73097425152
75.12,78178.57707000058
75.13,78182.92528421065
75.14,78184.29729028913
75.15,78187.6037712436
75.16,78189.64083147045
75.17,78192.58466957552
75.18,78196.37855776274
75.19,78196.63261712677
75.2,78199.73053941243
75.21000000000001,78204.91612365397
75.22,78206.04574864848
75.23,78208.82639625447
75.24,78211.58420517707
75.25,78213.5884093839
75.26,78217.39146346366
75.27,78218.63909363438
75.28,78219.96147000563
75.29,78224.51475728501
75.3,78227.6302231202
75.31,78229.1059195119
75.32000000000001,78231.40648651253
75.33,78236.10457382201
75.34,78235.82152153006
75.35000000000001,78240.31464546752
75.36,78245.3313431257
75.37,78246.0776932294
75.38,78249.78621283526
75.39,78250.78917660408
75.4,78253.2539581691
75.41,78256.23550133416
75.42,78259.71428971706
75.43,78263.02041116328
75.44,78264.07317013235
75.45,78267.44893965566
75.46000000000001,78270.92136985752
75.47,78272.73494523336
75.48,78276.84684524863
75.49,78278.33482696136
75.5,78280.7378827881
75.51,78282.99442506602
75.52,78285.50939753396
75.53,78287.59564914621
75.54,78290.69303843877
75.55,78294.16860912218
75.56,78295.45816529082
75.57000000000001,78298.10566988037
75.58,78300.57037690542
75.59,78304.65667977024
75.60000000000001,78305.09540139593
75.61,78309.3268432003
75.62,78312.65158836948
75.63,78315.03515841704
75.64,78317.88596600163
75.65,78320.22109093804
75.66,78321.31839851814
75.67,78326.00157744158
75.68,78329.79635464055
75.69,78331.06211517358
75.7,78334.3117596258
75.71000000000001,78335.89440580278
75.72,78339.7327438542
75.73,78341.3016103913
75.74,78344.93520297558
75.75,78346.37295365962
75.76,78349.95849467367
75.77,78353.75462841337
75.78,78354.6024128541
75.79,78358.62237040943
75.8,78361.10292094627
75.81,78364.63829630523
75.82000000000001,78366.16810520031
75.83,78370.4394339109
75.84,78370.62743682321
75.85000000000001,78373.86136075496
75.86,78375.93375656815
75.87,78378.21345330199
75.88,78382.74564659358
75.89,78384.6878368706
75.9,78386.3511212357
75.91,78391.95268001367
75.92,78393.50811409485
75.93,78394.44808130998
75.94,78396.3854702958
75.95,78401.45613284945
75.96000000000001,78402.69763181102
75.97,78406.47252540277
75.98,78408.81920859823
75.99,78411.71769702023
76.0,78414.0150504779
76.01,78417.40645566714
76.02,78420.79030589663
76.03,78423.09369154875
76.04,78426.33601925855
76.05,78427.46042431588
76.06,78429.51389350143
76.07000000000001,78433.88683556576
76.08,78435.5877290109
76.09,78439.58610476473
76.10000000000001,78440.27071675191
76.11,78443.4761641556
76.12,78449.71955591062
76.13,78450.15121523126
76.14,78451.76175843882
76.15,78453.99309072584
76.16,78457.4456673458
76.17,78459.68687212227
76.18,78461.2974517054
76.19,78464.8748933176
76.2,78468.40041565517
76.21000000000001,78470.20644354718
76.22,78471.73178243446
76.23,78476.01827913157
76.24,78478.08351737306
76.25,78481.32829020201
76.26,78484.37484414234
76.27,78486.44555817835
76.28,78490.90664117572
76.29,78492.20573754304
76.3,78494.55716136897
76.31,78496.80420078423
76.32000000000001,78498.31351543049
76.33,78504.08866251502
76.34,78502.8508585206
76.35000000000001,78509.01975073655
76.36,78509.86776802207
76.37,78513.54043129014
76.38,78516.1923141068
76.39,78519.03951458851
76.4,78522.63970841092
76.41,78524.64880338118
76.42,78526.46142038611
76.43,78531.10178562741
76.44,78532.06768527965
76.45,78535.11685049746
76.46000000000001,78537.16762169474
76.47,78538.42107076895
76.48,78544.44409680818
76.49,78548.3255364841
76.5,78547.28092921339
76.51,78550.11042524382
76.52,78551.89177353546
76.53,78556.63023801551
76.54,78559.22983208756
76.55,78561.80511249726
76.56,78566.46638131069
76.57000000000001,78566.0630582673
76.58,78570.00784457108
76.59,78572.73946614203
76.60000000000001,78575.75795643555
76.61,78578.55420625361
76.62,78579.48347568858
76.63,78583.30615415181
76.64,78583.65643233876
76.65,78591.06139616636
76.66,78591.669702912
76.67,78593.96161170618
76.68,78597.50678843044
76.69,78599.77558370806
76.7,78603.02377001241
76.71000000000001,78604.54335023131
76.72,78607.37920445814
76.73,78612.26479480778
76.74,78612.6750172006
76.75,78614.78193551446
76.76,78619.78779006227
76.77,78623.14844966044
76.78,78624.74916218358
76.79,78627.71867379984
76.8,78629.40154750188
76.81,78631.4336076557
76.82000000000001,78634.10776933271
76.83,78637.09491316043
76.84,78639.6746703562
76.85000000000001,78641.84382667679
76.86,78643.3214548807
76.87,78647.26680814679
76.88,78649.80446321631
76.89,78652.68374107187
76.9,78656.74407699177
76.91,78658.02955667862
76.92,78658.67291811535
76.93,78663.54024401127
76.94,78666.90166097422
76.95,78668.13455318268
76.96000000000001,78670.62260416278
76.97,78676.1220599989
76.98,78677.40006274339
76.99,78679.82777261295
77.0,78683.57085859556
77.01,78683.04972318366
77.02,78688.9280877938
77.03,78688.15519188713
77.04,78693.44702388755
77.05,78695.11745641455
77.06,78699.0488043325
77.07000000000001,78701.43447309418
77.08,78701.18665680937
77.09,78706.84552264334
77.10000000000001,78709.63040162106
77.11,78713.11896001124
77.12,78713.29633160266
77.13,78717.50477663447
77.14,78720.66966363255
77.15,78721.88513806566
77.16,78724.46518841344
77.17,78727.0667520991
77.18,78730.96822044467
77.19,78731.80652783209
77.2,78735.7493757211
77.21000000000001,78738.70199771535
77.22,78739.98578780217
77.23,78745.13840240112
77.24,78747.21677614968
77.25,78751.23213347538
77.26,78751.52382561479
77.27,78753.68639557356
77.28,78757.74170442502
77.29,78761.28414981288
77.3,78761.91857109041
77.31,78764.81766160992
77.32000000000001,78768.1560415228
77.33,78771.89910395986
77.34,78773.59980539542
77.35000000000001,78776.36379111925
77.36,78778.58092161395
77.37,78781.67386190352
77.38,78784.39665997091
77.39,78787.1875209447
77.4,78789.95389185078
77.41,78792.89408719106
77.42,78793.77877726054
77.43,78797.46295812275
77.44,78800.3403126439
77.45,78801.86891461849
77.46000000000001,78805.36677667948
77.47,78807.22315281197
77.48,78811.86430516762
77.49,78814.60769743256
77.5,78815.82777784187
77.51,78818.54163344165
77.52,78821.65686395453
77.53,78823.64739013162
77.54,78828.58476458385
77.55,78830.13428131843
77.56,78832.39615878482
77.57000000000001,78835.7503116729
77.58,78837.41305198685
77.59,78842.20969018483
77.60000000000001,78842.93501749352
77.61,78845.78826773548
77.62,78848.99574315448
77.63,78850.83097659223
77.64,78853.00634313714
77.65,78857.23261282372
77.66,78859.47500086484
77.67,78862.3719488829
77.68,78864.5460384409
77.69,78866.24560232437
77.7,78870.14063786081
77.71000000000001,78872.61572667667
77.72,78875.07895907354
77.73,78877.12052813881
77.74,78881.43865502969
77.75,78884.20879488745
77.76,78886.54087128867
77.77,78890.54620439463
77.78,78891.22228086856
77.79,78894.65098445525
77.8,78895.8201284144
77.81,78899.34064179893
77.82000000000001,78900.6022069353
77.83,78903.41325477096
77.84,78907.65482426186
77.85000000000001,78912.57131993654
77.86,78912.6285936112
77.87,78914.12368152017
77.88,78919.14902193962
77.89,78922.46466757574
77.9,78922.77155796805
77.91,78925.32700799659
77.92,78929.65582426493
77.93,78933.18656732424
77.94,78934.75408322335
77.95,78937.20296859337
77.96000000000001,78941.08304272304
77.97,78942.15802222885
77.98,78945.92340748633
77.99,78946.40181731235
78.0,78950.4098754021
78.01,78953.50071984698
78.02,78956.30636927551
78.03,78959.60973177555
78.04,78961.1673575091
78.05,78964.86832730613
78.06,78967.41983486948
78.07000000000001,78971.39942669826
78.08,78972.33236804222
78.09,78976.32144462012
78.10000000000001,78977.75545342627
78.11,78980.20324581962
78.12,78982.89993829881
78.13,78986.96672275399
78.14,78988.3969339788
78.15,78990.765948863
78.16,78992.5285135115
78.17,78996.27955289032
78.18,78998.18860172157
78.19,79004.40872498167
78.2,79004.87766977273
78.21000000000001,79004.82530034916
78.22,79007.2167919893
78.23,79013.54897258306
78.24,79015.04268293871
78.25,79017.50656441663
78.26,79018.51235135763
78.27,79022.71223885365
78.28,79026.00389512247
78.29,79027.0534415241
78.3,79031.64060419945
78.31,79034.04020436644
78.32000000000001,79036.23900897038
78.33,79038.87736714503
78.34,79042.18110047308
78.35000000000001,79045.14715968142
78.36,79048.3841446978
78.37,79050.50214655178
78.38,79053.68946372325
78.39,79055.23808801759
78.4,79060.33795696453
78.41,79060.33799790495
78.42,79064.97183277505
78.43,79065.22231536651
78.44,79069.86158451384
78.45,79072.2565275745
78.46000000000001,79074.21525023917
78.47,79076.11273705887
78.48,79079.74137769008
78.49,79080.53879300185
78.5,79083.47189730713
78.51,79088.05264783559
78.52,79090.20618430724
78.53,79092.73942732986
78.54,79097.44372895
78.55,79097.34084120912
78.56,79102.28307840631
78.57000000000001,79104.23722454716
78.58,79107.05557041727
78.59,79107.91027930233
78.60000000000001,79109.75388169044
78.61,79114.19951504082
78.62,79118.94634939473
78.63,79121.16527076994
78.64,79124.53602671108
78.65,79123.81980266416
78.66,79128.83830084589
78.67,79129.44659107304
78.68,79133.2679975141
78.69,79136.89103862864
78.7,79141.31484778954
78.71000000000001,79141.60240232923
78.72,79144.84734037262
78.73,79147.75921269465
78.74,79148.21832792032
78.75,79151.79391143293
78.76,79154.22809493753
78.77,79156.60026602821
78.78,79160.7546223873
78.79,79162.23641958163
78.8,79165.59406983151
78.81,79168.09042539801
78.82000000000001,79172.26656515355
78.83,79172.8510744336
78.84,79176.51314909625
78.85000000000001,79178.96384875034
78.86,79181.23806364066
78.87,79186.01357960109
78.88,79187.48947960853
78.89,79191.01037220286
78.9,79191.2745048227
78.91,79195.63889789079
78.92,79198.83626899486
78.93,79200.50289647319
78.94,79204.56483901342
78.95,79203.8003630993
78.96000000000001,79208.7688312096
78.97,79211.90944332161
78.98,79213.725553615
78.99,79217.04835983661
79.0,79219.99821609886
79.01,79221.76966801773
79.02,79225.54986277717
79.03,79227.44742228334
79.04,79231.22341596839
79.05,79233.4431122976
79.06,79235.72367963089
79.07000000000001,79237.80256341827
79.08,79240.5168024894
79.09,79242.74503206341
79.10000000000001,79247.16265270751
79.11,79248.25661406985
79.12,79251.57039550463
79.13,79254.52282102116
79.14,79256.26912058605
79.15,79259.60246128395
79.16,79262.37264297881
79.17,79266.51064971623
79.18,79266.75791897882
79.19,79270.77998032793
79.2,79274.09080044852
79.21000000000001,79275.97654317527
79.22,79277.77285975854
79.23,79281.81856377643
79.24,79283.84674751732
79.25,79286.2839468676
79.26,79287.84854123373
79.27,79291.53401558042
79.28,79295.76394622259
79.29,79297.30686478548
79.3,79299.46813137965
79.31,79301.43051543478
79.32000000000001,79306.88472043845
79.33,79308.45398477292
79.34,79311.7428279499
79.35000000000001,79312.93668610044
79.36,79318.15400366482
79.37,79318.58195031446
79.38,79321.31924328623
79.39,79323.96959941582
79.4,79325.88831996212
79.41,79329.2690732098
79.42,79334.24692122117
79.43,79335.25371171982
79.44,79337.44207658133
79.45,79340.20157460388
79.46000000000001,79342.0381732358
79.47,79346.84975058772
79.48,79348.73090200644
79.49,79349.97490959136
79.5,79352.99032234226
79.51,79356.73946288718
79.52,79359.67545050228
79.53,79362.6065544707
79.54,79364.76415634213
79.55,79368.35791965833
79.56,79367.75612135553
79.57000000000001,79372.16678214203
79.58,79374.6149342079
79.59,79379.87767929967
79.60000000000001,79379.33521272358
79.61,79383.89657881488
79.62,79384.22990913509
79.63,79388.08328327093
79.64,79391.13373908172
79.65,79392.97434743248
79.66,79397.00695756746
79.67,79399.44635411362
79.68,79401.94918496536
79.69,79405.22261782248
79.7,79408.2414684263
79.71000000000001,79411.6114416764
79.72,79413.25939920657
79.73,79415.13876177021
79.74,79420.04475595822
79.75,79420.56538994814
79.76,79423.25580673655
79.77,79428.02563175552
79.78,79429.83059127552
79.79,79433.36472814581
79.8,79433.94500401383
79.81,79436.72998786316
79.82000000000001,79440.57373967281
79.83,79440.51494377851
79.84,79444.66571577864
79.85000000000001,79450.53723947034
79.86,79450.78211854707
79.87,79452.40779235837
79.88,79456.56417476475
79.89,79458.89327555959
79.9,79460.55277810848
79.91,79462.80870679577
79.92,79467.44145872448
79.93,79467.74935318898
79.94,79471.44098941742
79.95,79474.4978315192
79.96000000000001,79479.79912121959
79.97,79480.62246393683
79.98,79482.01757401093
79.99,79485.51965246469
80.0,79488.61357154847
80.01,79492.36797552856
80.02,79495.7298305156
80.03,79497.44288805574
80.04,79500.02929110691
80.05,79502.46564936575
80.06,79504.01807035677
80.07000000000001,79505.96632684737
80.08,79509.24868101574
80.09,79511.3204065738
80.10000000000001,79515.49239696343
80.11,79515.13844517576
80.12,79521.1490287902
80.13,79523.82323524637
80.14,79526.66500053807
80.15,79528.28940934472
80.16,79529.81298844545
80.17,79535.27009864703
80.18,79536.95099598056
80.19,79537.66223309573
80.2,79541.92311464371
80.21000000000001,79543.97897206916
80.22,79545.50490541373
80.23,79551.51483294446
80.24,79553.50043446277
80.25,79557.26907323625
80.26,79558.45298343625
80.27,79560.65714460026
80.28,79562.23825016782
80.29,79566.67716658383
80.3,79569.7902655988
80.31,79572.15815037722
80.32000000000001,79573.80289339107
80.33,79576.58650548088
80.34,79581.57118681897
80.35000000000001,79583.08219203762
80.36,79583.79906526898
80.37,79588.3383293406
80.38,79591.97039815571
80.39,79593.42855663136
80.4,79595.63214271644
80.41,79597.67410168683
80.42,79602.78527046385
80.43,79603.75111774637
80.44,79606.74068296958
80.45,79608.877728735
80.46000000000001,79612.1336899381
80.47,79613.68427322558
80.48,79617.02791600554
80.49,79619.56619000252
80.5,79621.38272994528
80.51,79624.49078525159
80.52,79628.04185777198
80.53,79629.91095134072
80.54,79633.26372375217
80.55,79634.17926392164
80.56,79638.35470062918
80.57000000000001,79641.37937135813
80.58,79646.51533968422
80.59,79647.03368247049
80.60000000000001,79650.46546092852
80.61,79651.21607666874
80.62,79656.29014559607
80.63,79656.78577718696
80.64,79660.76339413828
80.65,79662.92091677882
80.66,79667.3985375243
80.67,79668.77126325411
80.68,79671.47674721992
80.69,79675.49971989442
80.7,79678.52301582774
80.71000000000001,79679.35710614857
80.72,79683.5784407336
80.73,79684.94071175123
80.74,79689.77367699496
80.75,79689.05172268704
80.76,79691.4838556154
80.77,79696.06945381768
80.78,79700.53468473727
80.79,79701.56975533835
80.8,79703.16119131685
80.81,79706.22533062354
80.82000000000001,79708.77136441067
80.83,79713.58461016603
80.84,79716.11835141966
80.85000000000001,79717.61570630058
80.86,79720.12935565805
80.87,79722.61627258247
80.88,79724.5735187363
80.89,79729.3326457704
80.9,79730.17486787263
80.91,79735.2465392629
80.92,79736.52408810875
80.93,79738.81187888994
80.94,79741.39576398104
80.95,79742.93661834879
80.96000000000001,79748.63093441837
80.97,79749.39226937137
80.98,79752.9703404612
80.99,79754.17891276679
81.0,79758.2146209794
81.01,79760.29475358145
81.02,79764.67781152514
81.03,79765.22594434267
81.04,79768.37277067559
81.05,79771.44436964473
81.06,79773.31689860055
81.07000000000001,79776.70738580245
81.08,79777.9741891908
81.09,79782.37652264527
81.10000000000001,79786.65219024189
81.11,79786.97340892784
81.12,79788.9145588586
81.13,79793.35053870115
81.14,79792.9051392069
81.15,79798.5429653952
81.16,79801.37021280697
81.17,79802.78354061635
81.18,79806.7669834163
81.19,79808.01227088808
81.2,79810.93037952854
81.21000000000001,79812.07287425974
81.22,79817.5190546147
81.23,79819.13529296136
81.24,79824.36788778167
81.25,79824.12915107253
81.26,79827.19937000325
81.27,79829.17631288906
81.28,79832.64395542114
81.29,79835.77933241354
81.3,79838.96259301035
81.31,79840.63520811721
81.32000000000001,79843.87670165279
81.33,79845.43612724521
81.34,79848.99803444355
81.35000000000001,79852.75349396229
81.36,79853.44521146413
81.37,79858.69057400382
81.38,79859.17951952787
81.39,79863.243889162
81.4,79864.68825872724
81.41,79868.66953281529
81.42,79870.047615817
81.43,79874.73364687421
81.44,79875.25049730245
81.45,79880.69658240814
81.46000000000001,79882.98986788075
81.47,79884.89613457334
81.48,79885.77407768862
81.49,79890.37700600266
81.5,79891.97669764853
81.51,79894.9837222367
81.52,79896.01842089249
81.53,79901.59585039972
81.54,79902.43073799965
81.55,79906.5492111452
81.56,79909.39907792205
81.57000000000001,79909.68165409843
81.58,79913.45038351354
81.59,79916.63384683485
81.60000000000001,79919.17821442182
81.61,79920.56948753173
81.62,79923.31011573783
81.63,79926.82150518442
81.64,79929.83313340443
81.65,79931.94368904876
81.66,79935.56861045647
81.67,79940.34846354944
81.68,79940.80760161292
81.69,79944.9434053482
81.7,79945.53441794786
81.71000000000001,79948.98012229892
81.72,79951.83217423511
81.73,79954.9655053658
81.74,79956.8725788204
81.75,79960.20642259548
81.76,79962.06739684932
81.77,79963.65154955219
81.78,79967.54497468549
81.79,79970.40922520631
81.8,79971.66366339463
81.81,79975.84389263525
81.82000000000001,79978.28318523051
81.83,79982.61402304062
81.84,79985.11284991214
81.85000000000001,79986.45973162683
81.86,79987.28874173737
81.87,79992.18306145843
81.88,79995.70812687653
81.89,79996.1687859009
81.9,79999.5235993741
81.91,80003.50656136955
81.92,80006.71926400538
81.93,80009.33336246769
81.94,80010.66198563146
81.95,80013.59287519356
81.96000000000001,80015.84908414983
81.97,80019.97528700248
81.98,80021.43309132456
81.99,80024.21905537817
82.0,80024.88946661852
82.01,80032.40050317306
82.02,80032.67584679363
82.03,80035.61080986685
82.04,80039.55008538706
82.05,80038.55388038677
82.06,80041.6101594064
82.07000000000001,80045.10732355784
82.08,80047.67718964991
82.09,80050.80897678711
82.10000000000001,80055.51969974127
82.11,80055.65054443407
82.12,80059.12224860165
82.13,80060.49626372762
82.14,80064.9198663207
82.15,80067.86959030927
82.16,80070.13318381947
82.17,80072.54461682324
82.18,80074.87824519706
82.19,80078.29683717058
82.2,80081.87701360545
82.21000000000001,80083.95409793517
82.22,80087.13945052013
82.23,80087.70934986194
82.24,80090.46123773218
82.25,80094.63760904955
82.26,80098.62007994516
82.27,80099.82002971988
82.28,80101.52287308878
82.29,80106.43669509249
82.3,80106.45732823711
82.31,80110.51330505432
82.32000000000001,80113.68360889117
82.33,80117.34097294197
82.34,80118.55666571802
82.35000000000001,80120.64458014541
82.36,80125.12303998602
82.37,80128.67976579898
82.38,80130.07415046875
82.39,80132.34988713129
82.4,80134.21820255205
82.41,80137.62202036112
82.42,80141.47351399888
82.43,80141.55584566646
82.44,80146.57740589713
82.45,80147.24239416969
82.46000000000001,80151.60310050234
82.47,80153.55034154585
82.48,80155.27833979318
82.49,80159.21594012463
82.5,80161.85411843719
82.51,80164.62641724605
82.52,80167.4569819162
82.53,80169.90567455026
82.54,80173.11350132023
82.55,80174.50216772854
82.56,80178.24665405173
82.57000000000001,80180.36077977243
82.58,80184.6750276516
82.59,80186.49416966771
82.60000000000001,80188.79235186978
82.61,80194.41893517628
82.62,80193.52842669998
82.63,80198.47627925285
82.64,80200.5800501001
82.65,80203.0447045935
82.66,80206.08904010536
82.67,80207.13286700814
82.68,80211.34042638096
82.69,80213.5004826409
82.7,80217.88941895573
82.71000000000001,80220.09842195449
82.72,80220.54767820194
82.73,80225.4290205923
82.74,80226.54806300663
82.75,80230.62297775819
82.76,80230.48602369984
82.77,80234.39473342455
82.78,80237.49106699495
82.79,80241.996115744
82.8,80243.88583163393
82.81,80244.36218441099
82.82000000000001,80248.56966753467
82.83,80251.73578744219
82.84,80253.60771805902
82.85000000000001,80255.98817498813
82.86,80258.63492873216
82.87,80260.70438192438
82.88,80264.9369277965
82.89,80267.22192928905
82.9,80272.20692243143
82.91,80274.2080545925
82.92,80274.71627158794
82.93,80278.12467181572
82.94,80282.1057847416
82.95,80282.81047541478
82.96000000000001,80286.83335292208
82.97,80288.16662688735
82.98,80291.8960320826
82.99,80294.80868186438
83.0,80297.31896758465
83.01,80299.03807033248
83.02,80303.13587079324
83.03,80305.69359441422
83.04,80306.81398337868
83.05,80309.94887359717
83.06,80314.09081878475
83.07000000000001,80315.46414994303
83.08,80319.69873470147
83.09,80320.7510697932
83.10000000000001,80324.55545107818
83.11,80326.25580465188
83.12,80331.78490864542
83.13,80332.14320978148
83.14,80336.95298964546
83.15,80335.87817072908
83.16,80340.78308241253
83.17,80342.60908625237
83.18,80343.3763849664
83.19,80348.49242414578
83.2,80349.58498560538
83.21000000000001,80354.87746407284
83.22,80357.72425662138
83.23,80358.35047068552
83.24,80362.18304471449
83.25,80364.93211432015
83.26,80366.49001289353
83.27,80369.67926807865
83.28,80371.28467026101
83.29,80373.27864324281
83.3,80379.35950246752
83.31,80379.17281071992
83.32000000000001,80383.4755367906
83.33,80388.10464549647
83.34,80389.18670752434
83.35000000000001,80393.03077538397
83.36,80393.94406767756
83.37,80399.17480024738
83.38,80401.9633301069
83.39,80401.97527392875
83.4,80405.82214881483
83.41,80409.24244953897
83.42,80411.3375447832
83.43,80410.45035953303
83.44,80416.68467363776
83.45,80418.02862900303
83.46000000000001,80421.59486285468
83.47,80424.44497475291
83.48,80424.34160267208
83.49,80430.3105231462
83.5,80431.60904403862
83.51,80434.06028562345
83.52,80436.93836569536
83.53,80441.0282710947
83.54,80445.0837420814
83.55,80446.20863178183
83.56,80447.7615521542
83.57000000000001,80453.00691981349
83.58,80454.68605930574
83.59,80457.30999414426
83.60000000000001,80460.92866007106
83.61,80462.01987977148
83.62,80462.86634386721
83.63,80468.50714967666
83.64,80470.06323920115
83.65,80472.62684537606
83.66,80473.88541893766
83.67,80479.68484277399
83.68,80479.31675556286
83.69,80482.29253997588
83.7,80484.7303565117
83.71000000000001,80489.7119883091
83.72,80492.41947399524
83.73,80495.48650126425
83.74,80496.94582292537
83.75,80500.0143477953
83.76,80503.27959941822
83.77,80503.80803320163
83.78,80507.24297685565
83.79,80511.43791066545
83.8,80513.113758447
83.81,80515.0975171545
83.82000000000001,80517.49935901233
83.83,80521.20336037628
83.84,80523.59533207261
83.85000000000001,80527.63237636391
83.86,80530.84814617486
83.87,80534.07051855438
83.88,80533.70751303722
83.89,80537.16985634778
83.9,80540.68167601842
83.91,80542.9907536501
83.92,80545.463550247
83.93,80547.94530081235
83.94,80550.77372301463
83.95,80553.78994910287
83.96000000000001,80557.17740683057
83.97,80559.46049459123
83.98,80562.98883628359
83.99,80564.91565646026
84.0,80568.58790839397
84.01,80571.27166250703
84.02,80571.77744275726
84.03,80574.22406275288
84.04,80578.27318393189
84.05,80580.29313245128
84.06,80583.46493016827
84.07000000000001,80585.43759864444
84.08,80590.28451581555
84.09,80591.23435018004
84.10000000000001,80595.98721173589
84.11,80596.7277398708
84.12,80597.69268249854
84.13,80600.49552388162
84.14,80606.61677913489
84.15,80607.12997251995
84.16,80611.8364853362
84.17,80613.896008003
84.18,80616.08135157735
84.19,80618.65937817987
84.2,80622.73188733196
84.21000000000001,80622.81562232811
84.22,80627.10367949288
84.23,80628.46698497367
84.24,80634.78746402022
84.25,80635.01822554527
84.26,80637.76623448105
84.27,80642.97168440811
84.28,80642.53543844579
84.29,80644.48739899833
84.3,80648.07426053977
84.31,80649.66022159481
84.32000000000001,80653.82015712743
84.33,80657.18885767438
84.34,80661.0561548889
84.35000000000001,80660.89349536844
84.36,80663.90904402583
84.37,80668.01418062263
84.38,80668.12296964556
84.39,80674.21954722881
84.4,80676.97611005403
84.41,80677.29968720509
84.42,80679.0753407559
84.43,80684.05586046781
84.44,80685.98881264175
84.45,80690.09984933742
84.46000000000001,80691.83911370621
84.47,80694.40367353294
84.48,80697.0179388163
84.49,80700.04067424468
84.5,80701.22720076806
84.51,80705.8620444293
84.52,80708.94970355922
84.53,80710.04566783307
84.54,80715.13390166298
84.55,80715.26954530564
84.56,80718.92530025213
84.57000000000001,80722.27298483797
84.58,80724.07320358044
84.59,80726.38015436115
84.60000000000001,80729.73998563585
84.61,80731.95825008051
84.62,80733.50656884907
84.63,80737.94856769363
84.64,80741.25797280199
84.65,80743.36221677769
84.66,80746.22116549537
84.67,80748.20441217783
84.68,80752.24188257728
84.69,80752.7399730074
84.7,80758.065467053
84.71000000000001,80759.67595047966
84.72,80761.94397246024
84.73,80764.16712097893
84.74,80766.58577064102
84.75,80771.23073678279
84.76,80771.65203494618
84.77,80775.78949878484
84.78,80777.9485601654
84.79,80783.2384015095
84.8,80784.37379443466
84.81,80785.78449339038
84.82000000000001,80787.95078395212
84.83,80790.0951502265
84.84,80795.79669053221
84.85000000000001,80796.85788388958
84.86,80800.7485778317
84.87,80803.88510771694
84.88,80805.39927902177
84.89,80808.65728780502
84.9,80812.17235597904
84.91,80813.26828140124
84.92,80815.15503249405
84.93,80818.70944651788
84.94,80823.33739886554
84.95,80825.07337383968
84.96000000000001,80827.75727854087
84.97,80828.64424996988
84.98,80833.67415701067
84.99,80836.03415579746
85.0,80838.09095496406
85.01,80841.98248554347
85.02,80843.59187552043
85.03,80844.40987895682
85.04,80848.13635545831
85.05,80850.96121160882
85.06,80856.14190403374
85.07000000000001,80857.22909285061
85.08,80858.55084978312
85.09,80863.61572488133
85.10000000000001,80865.06067150024
85.11,80866.77386108102
85.12,80870.37882189584
85.13,80873.2851262305
85.14,80876.10986289519
85.15,80878.25123791395
85.16,80880.70848543309
85.17,80884.61161227748
85.18,80887.65993081425
85.19,80890.68155666513
85.2,80895.59400426826
85.21000000000001,80895.04628857198
85.22,80897.59698466276
85.23,80901.38611208688
85.24,80902.58265477378
85.25,80904.19738628705
85.26,80908.67052599044
85.27,80911.55339894435
85.28,80914.22279239858
85.29,80916.36027941576
85.3,80919.53809907267
85.31,80923.19801374686
85.32000000000001,80925.62357653717
85.33,80928.50310177448
85.34,80929.36732046166
85.35000000000001,80932.9140970476
85.36,80934.9132857448
85.37,80938.11831685515
85.38,80941.45560599217
85.39,80944.19016238245
85.4,80946.84443483944
85.41,80949.28786007769
85.42,80951.43681508889
85.43,80953.9882304302
85.44,80957.70271203562
85.45,80960.28248494037
85.46000000000001,80963.7542075474
85.47,80963.02489272703
85.48,80966.71005063315
85.49,80969.38694352908
85.5,80973.6261972006
85.51,80976.4349094542
85.52,80978.71816053698
85.53,80981.87287303834
85.54,80983.98018476566
85.55,80987.29116140597
85.56,80988.91667905028
85.57000000000001,80993.07644039566
85.58,80996.0164941396
85.59,80999.37600618598
85.60000000000001,80999.54119811473
85.61,81002.52645378766
85.62,81007.0740725994
85.63,81008.61737703111
85.64,81010.17593075549
85.65,81015.9785812819
85.66,81015.81900483473
85.67,81019.8222478497
85.68,81020.96456808585
85.69,81027.10399301544
85.7,81028.98271783373
85.71000000000001,81029.5719301748
85.72,81034.2345899139
85.73,81037.33732630225
85.74,81038.82470138415
85.75,81041.82288816728
85.76,81045.1195471744
85.77,81045.69491431247
85.78,81048.1995820665
85.79,81051.56234412319
85.8,81056.26960830246
85.81,81057.7516149089
85.82000000000001,81059.18166814516
85.83,81064.37676768792
85.84,81066.15147468486
85.85000000000001,81067.17455966842
85.86,81071.56465662259
85.87,81073.46601124514
85.88,81076.23393578743
85.89,81079.29965998199
85.9,81080.89070586713
85.91,81083.56643159773
85.92,81085.78926558807
85.93,81091.49646125971
85.94,81092.3332985904
85.95,81096.48571305603
85.96000000000001,81099.00524301421
85.97,81100.15333282902
85.98,81103.45600931214
85.99,81105.86064082474
86.0,81109.47384564206
86.01,81111.8055790575
86.02,81112.0463691429
86.03,81117.02686734748
86.04,81119.98207747204
86.05,81121.73251997126
86.06,81127.42122817588
86.07000000000001,81127.15307559277
86.08,81131.75882996032
86.09,81132.60148896051
86.10000000000001,81136.91267228872
86.11,81137.89730750228
86.12,81139.69019851976
86.13,81144.04235022477
86.14,81145.80111746913
86.15,81151.65244566454
86.16,81151.69775924171
86.17,81158.08585740345
86.18,81156.65104776832
86.19,81160.01091554094
86.2,81163.47135499054
86.21000000000001,81167.03310865359
86.22,81168.68938930292
86.23,81172.06061726318
86.24,81172.86242755638
86.25,81178.28931873328
86.26,81179.01344519565
86.27,81181.49803297309
86.28,81185.92581564402
86.29,81188.01828462718
86.3,81190.35069465698
86.31,81194.58896572013
86.32000000000001,81194.15612267522
86.33,81197.7427932051
86.34,81199.93207026127
86.35000000000001,81203.98448170256
86.36,81207.2761838306
86.37,81209.48812726732
86.38,81212.44605064984
86.39,81216.74299599676
86.4,81217.7317155498
86.41,81221.00078766777
86.42,81222.58590976048
86.43,81227.11026224607
86.44,81228.70005693036
86.45,81231.33694733366
86.46000000000001,81235.6269719236
86.47,81236.30974167054
86.48,81237.98650195978
86.49,81241.70653313074
86.5,81246.74899712812
86.51,81247.86132707943
86.52,81249.1873457914
86.53,81253.8734348141
86.54,81255.36997171046
86.55,81258.5982701473
86.56,81260.26229859125
86.57000000000001,81264.64918387464
86.58,81264.82167073508
86.59,81267.99641789994
86.60000000000001,81273.30671596555
86.61,81274.46636473326
86.62,81276.0626215967
86.63,81280.19488213486
86.64,81281.92421314845
86.65,81285.86742365427
86.66,81288.21182414034
86.67,81291.55737538505
86.68,81293.70870727437
86.69,81298.43758230102
86.7,81297.99254127857
86.71000000000001,81300.92853950741
86.72,81304.45814375725
86.73,81305.99868173487
86.74,81310.41515633941
86.75,81312.20062442309
86.76,81315.95646491642
86.77,81316.55552779612
86.78,81320.9260871053
86.79,81322.0924764489
86.8,81326.91397999748
86.81,81330.64206222685
86.82000000000001,81332.1160898778
86.83,81334.71755632597
86.84,81337.64939931108
86.85000000000001,81340.86313657391
86.86,81343.32863234491
86.87,81346.14042070787
86.88,81347.74792699554
86.89,81351.15167686425
86.9,81355.58042342325
86.91,81356.90143068854
86.92,81358.92975504573
86.93,81362.67217098764
86.94,81365.10540474686
86.95,81367.64380018717
86.96000000000001,81370.09714669465
86.97,81372.38648575754
86.98,81375.65649784687
86.99,81376.56421481974
87.0,81381.30260485609
87.01,81383.51697341246
87.02,81387.79527099228
87.03,81389.39156030265
87.04,81389.25885666661
87.05,81392.14659729006
87.06,81396.57439851422
87.07000000000001,81400.11822887312
87.08,81403.19842452473
87.09,81405.59234017182
87.10000000000001,81408.51266765903
87.11,81410.07166983628
87.12,81414.24941178868
87.13,81416.31765927178
87.14,81420.12783955985
87.15,81419.58526200947
87.16,81424.68685732823
87.17,81426.78177763055
87.18,81431.0571612359
87.19,81432.90031110274
87.2,81435.18022285047
87.21000000000001,81435.78287852017
87.22,81439.58426562732
87.23,81441.5571751311
87.24,81445.9189215577
87.25,81448.44585034357
87.26,81452.20374164724
87.27,81453.07391269774
87.28,81456.12544048336
87.29,81458.96131230184
87.3,81463.47676301595
87.31,81464.31705820664
87.32000000000001,81465.40847583316
87.33,81470.98969708702
87.34,81472.27206632958
87.35000000000001,81475.6464445282
87.36,81480.20830449945
87.37,81479.57167975426
87.38,81483.75599739104
87.39,81485.51122582568
87.4,81489.12892248384
87.41,81492.1927116272
87.42,81494.42321246621
87.43,81498.54110655491
87.44,81500.27346937724
87.45,81504.78115418035
87.46000000000001,81504.7831655113
87.47,81506.98429089511
87.48,81509.94416787778
87.49,81513.3988333763
87.5,81518.6349411768
87.51,81518.63234571059
87.52,81522.30142501753
87.53,81523.7015014043
87.54,81527.07565065975
87.55,81528.66674907447
87.56,81531.2199193714
87.57000000000001,81535.37143720397
87.58,81538.83729857483
87.59,81540.91000563352
87.60000000000001,81542.33462767518
87.61,81545.37339557653
87.62,81546.00082617576
87.63,81551.63840827206
87.64,81553.76072223048
87.65,81557.91903253614
87.66,81560.07626003827
87.67,81563.46889484173
87.68,81566.6368379953
87.69,81567.69925181157
87.7,81569.75733086503
87.71000000000001,81572.60857944521
87.72,81575.21523102712
87.73,81577.53666622663
87.74,81580.73030556465
87.75,81584.19282743978
87.76,81586.17644357731
87.77,81589.16276651373
87.78,81592.65170248915
87.79,81595.46705068475
87.8,81596.34607222679
87.81,81601.60939045268
87.82000000000001,81603.23798014644
87.83,81605.18861961414
87.84,81607.29298052863
87.85000000000001,81610.53322217397
87.86,81613.56556477242
87.87,81617.80925295342
87.88,81620.63649979829
87.89,81623.95266427702
87.9,81623.87181349553
87.91,81628.90968120086
87.92,81629.22841350586
87.93,81633.51408304539
87.94,81635.98783596205
87.95,81639.17696948454
87.96000000000001,81642.29777986926
87.97,81642.12217107063
87.98,81646.67909023563
87.99,81649.98390710918
88.0,81650.59770811592
88.01,81656.21764402097
88.02,81657.24873870228
88.03,81660.409412078
88.04,81662.66569437378
88.05,81666.04792596462
88.06,81670.37970945415
88.07000000000001,81670.02692065843
88.08,81672.72104883021
88.09,81679.03112153686
88.10000000000001,81680.92224987093
88.11,81681.08875666314
88.12,81684.76720914432
88.13,81687.10596328546
88.14,81689.81038518943
88.15,81693.2246076653
88.16,81694.97379338898
88.17,81699.08451446948
88.18,81700.25759223945
88.19,81703.40628014978
88.2,81707.29455578169
88.21000000000001,81709.39409909028
88.22,81711.99757317708
88.23,81714.12642091796
88.24,81718.21366163969
88.25,81720.22821218964
88.26,81723.37398944091
88.27,81724.21952977996
88.28,81728.80804508143
88.29,81729.21087767127
88.3,81732.02275468518
88.31,81735.83236653166
88.32000000000001,81738.97363319327
88.33,81741.25579519404
88.34,81744.07113663788
88.35000000000001,81747.39951666849
88.36,81750.14302095702
88.37,81753.15885059268
88.38,81755.234426815
88.39,81758.57445336823
88.4,81760.19798850975
88.41,81766.52030673798
88.42,81764.98891610575
88.43,81768.81522864413
88.44,81771.83654841123
88.45,81772.25513013505
88.46000000000001,81777.51984171715
88.47,81780.33524112374
88.48,81781.67277707714
88.49,81786.31578395802
88.5,81788.14408074439
88.51,81791.84263541535
88.52,81791.38623536607
88.53,81795.04598151016
88.54,81799.45780828682
88.55,81802.45806239957
88.56,81805.82028242393
88.57000000000001,81805.47842206062
88.58,81808.8462112889
88.59,81814.57368769837
88.60000000000001,81816.78367005181
88.61,81816.37469564733
88.62,81820.77886804144
88.63,81822.42961374114
88.64,81827.4723938171
88.65,81827.56554255397
88.66,81829.86833366664
88.67,81833.80788421514
88.68,81837.66802877454
88.69,81837.97428135143
88.7,81841.37084165723
88.71000000000001,81845.63631326512
88.72,81846.86430450606
88.73,81850.73419115113
88.74,81852.54133090284
88.75,81859.20790676036
88.76,81858.557595254
88.77,81862.55206337916
88.78,81866.45527764519
88.79,81866.27684468433
88.8,81869.21538925664
88.81,81873.55989085778
88.82000000000001,81873.8796707844
88.83,81878.01443572479
88.84,81879.67073418
88.85000000000001,81882.46786547214
88.86,81887.18421062487
88.87,81890.12768966497
88.88,81892.02460017575
88.89,81893.16110864062
88.9,81896.5444228243
88.91,81898.39628077524
88.92,81900.19725704407
88.93,81904.62047740543
88.94,81906.6804720641
88.95,81908.33482433808
88.96000000000001,81912.56436421766
88.97,81917.41277600786
88.98,81917.8608209183
88.99,81921.02794679061
89.0,81923.82969028197
89.01,81927.4245093183
89.02,81929.66871425432
89.03,81932.62079553105
89.04,81932.87919398479
89.05,81938.79530043638
89.06,81941.06287297397
89.07000000000001,81943.44090555851
89.08,81945.69636051272
89.09,81947.66263184045
89.10000000000001,81950.26488573258
89.11,81953.92194658118
89.12,81956.98506050462
89.13,81959.8987493951
89.14,81961.92754046633
89.15,81963.84635805384
89.16,81968.04429737959
89.17,81972.10465653657
89.18,81973.48075797291
89.19,81975.98121390806
89.2,81977.04539548773
89.21000000000001,81981.51127291634
89.22,81984.94272546699
89.23,81986.90377217965
89.24,81989.32197648098
89.25,81991.83806912444
89.26,81995.81729485646
89.27,81996.42421713656
89.28,82000.47194546858
89.29,82003.6841353995
89.3,82006.58930966548
89.31,82008.71717130624
89.32000000000001,82012.22789925136
89.33,82013.67517685064
89.34,82017.684641667
89.35000000000001,82019.10347903971
89.36,82020.92744515486
89.37,82025.33664474185
89.38,82025.51458437832
89.39,82028.83677645134
89.4,82032.98843555858
89.41,82035.52058440262
89.42,82036.18315813028
89.43,82041.48419872056
89.44,82044.28551065736
89.45,82047.43250174429
89.46000000000001,82049.9938441702
89.47,82051.85145393285
89.48,82055.20252268508
89.49,82058.05235592765
89.5,82058.79016892918
89.51,82063.0910188506
89.52,82063.9388560656
89.53,82067.56284284325
89.54,82070.5785818599
89.55,82074.59124682755
89.56,82074.78672206936
89.57000000000001,82079.05151164359
89.58,82082.08429861092
89.59,82084.55094703154
89.60000000000001,82087.56636581497
89.61,82089.83710845438
89.62,82091.20553442051
89.63,82095.2951854781
89.64,82097.23079372704
89.65,82100.08712879718
89.66,82104.23557067697
89.67,82105.93716629181
89.68,82110.76740703137
89.69,82110.80704873247
89.7,82115.57582518535
89.71000000000001,82118.1506602525
89.72,82118.46009433498
89.73,82122.95547583383
89.74,82125.64960541802
89.75,82127.9950328126
89.76,82130.54677429203
89.77,82134.8442624385
89.78,82136.89272712645
89.79,82138.81484301265
89.8,82141.99140434453
89.81,82145.25168476676
89.82000000000001,82146.73159362671
89.83,82149.02787472199
89.84,82152.76063551567
89.85000000000001,82156.08102393313
89.86,82157.6457612203
89.87,82161.07789784629
89.88,82164.96892319409
89.89,82165.32363009822
89.9,82170.22241707935
89.91,82171.91222845206
89.92,82176.52285084108
89.93,82176.65073274125
89.94,82182.01121025291
89.95,82183.37005657282
89.96000000000001,82185.96044105272
89.97,82187.48516909
89.98,82190.20260383293
89.99,82193.6152267516
90.0,82196.73954921524
90.01,82198.47911123486
90.02,82202.90531059462
90.03,82203.21633431315
90.04,82207.99665325363
90.05,82211.9769642629
90.06,82213.11140481102
90.07000000000001,82215.16196479692
90.08,82216.79597595529
90.09,82221.28640608143
90.10000000000001,82222.99379412252
90.11,82225.50944671752
90.12,82228.98302696343
90.13,82232.58563641516
90.14,82235.39724045176
90.15,82238.51251539531
90.16,82239.24355626495
90.17,82242.69755512809
90.18,82245.85754081617
90.19,82247.28317312311
90.2,82251.11152028633
90.21000000000001,82253.48014903655
90.22,82256.2284652023
90.23,82257.926438702
90.24,82261.02160996475
90.25,82263.33898104985
90.26,82266.39697944142
90.27,82272.0718373033
90.28,82272.3733698402
90.29,82274.55006608916
90.3,82279.09080217601
90.31,82279.76870645655
90.32000000000001,82284.1364152339
90.33,82284.979816648
90.34,82289.5501123212
90.35000000000001,82293.18075169402
90.36,82294.93553720799
90.37,82295.70034431142
90.38,82299.42413825923
90.39,82302.71251439412
90.4,82306.8507854258
90.41,82307.70166024934
90.42,82312.21856682641
90.43,82314.11521018633
90.44,82317.43865199544
90.45,82316.2939318235
90.46000000000001,82321.81603173434
90.47,82323.7754541431
90.48,82326.54232272702
90.49,82330.85885370208
90.5,82332.57709237002
90.51,82334.55065694064
90.52,82337.59581859977
90.53,82340.59345301075
90.54,82342.37111401823
90.55,82345.43905447092
90.56,82350.67987585411
90.57000000000001,82352.45493847782
90.58,82353.64985340094
90.59,82356.09443428306
90.60000000000001,82359.47507752638
90.61,82362.22168964837
90.62,82364.33400265522
90.63,82367.61650039819
90.64,82369.48622708915
90.65,82373.76497446392
90.66,82375.54463860414
90.67,82379.22744544008
90.68,82380.32757275466
90.69,82381.26506078146
90.7,82389.88120535857
90.71000000000001,82390.54454203199
90.72,82392.43581420342
90.73,82394.81563484661
90.74,82396.29258053865
90.75,82400.03170517596
90.76,82403.22723521868
90.77,82407.19229100627
90.78,82409.39233839298
90.79,82412.03364534871
90.8,82414.77920124447
90.81,82418.85746282422
90.82000000000001,82420.17607116661
90.83,82420.09752335072
90.84,82425.1565885254
90.85000000000001,82427.05171157862
90.86,82428.49164549942
90.87,82433.60925412831
90.88,82436.43574614298
90.89,82438.36870772851
90.9,82441.24559578563
90.91,82444.41085714176
90.92,82448.08829919307
90.93,82451.84544817288
90.94,82451.6649894943
90.95,82454.52449950551
90.96000000000001,82457.81716705614
90.97,82460.86994584459
90.98,82463.89032041248
90.99,82464.88368102869
91.0,82469.09147844964
91.01,82473.27839565465
91.02,82473.99205656201
91.03,82477.3826112743
91.04,82477.97177435934
91.05,82483.98575576572
91.06,82486.6745690369
91.07000000000001,82486.89604645691
91.08,82488.89327845527
91.09,82492.43682450455
91.10000000000001,82494.70419394375
91.11,82497.11043050169
91.12,82502.53340310893
91.13,82503.09033907423
91.14,82506.97009672254
91.15,82508.54400126166
91.16,82512.88173607971
91.17,82515.55908934143
91.18,82518.09846784826
91.19,82521.94641759913
91.2,82523.46857641106
91.21000000000001,82526.71855732227
91.22,82529.54128016884
91.23,82530.68515706155
91.24,82535.14386477598
91.25,82535.39311717988
91.26,82540.64019161389
91.27,82542.81589905573
91.28,82543.4375542785
91.29,82549.72874433707
91.3,82551.47237749325
91.31,82553.50609139689
91.32000000000001,82554.57368246795
91.33,82560.49522238618
91.34,82560.93131216508
91.35000000000001,82563.02316300897
91.36,82568.72562211992
91.37,82570.15726887007
91.38,82571.41113494681
91.39,82574.37507036701
91.4,82579.31175375525
91.41,82580.55408486788
91.42,82583.61774541863
91.43,82587.91709701347
91.44,82589.0633527729
91.45,82591.52449624875
91.46000000000001,82595.22618485482
91.47,82597.73874234255
91.48,82599.4533233822
91.49,82603.0660302602
91.5,82604.68566697817
91.51,82609.34442813763
91.52,82610.40353859567
91.53,82613.55504541183
91.54,82617.40979495956
91.55,82620.33643169263
91.56,82620.77034190731
91.57000000000001,82625.7402691036
91.58,82627.26412207683
91.59,82631.67142110519
91.60000000000001,82632.99235762171
91.61,82637.45279250183
91.62,82640.00812204959
91.63,82641.94651091953
91.64,82643.68310454777
91.65,82645.99892928693
91.66,82648.93765385362
91.67,82651.77671794442
91.68,82655.22165831026
91.69,82655.59563011354
91.7,82659.29131575052
91.71000000000001,82661.46458275447
91.72,82665.5064917335
91.73,82666.80616684312
91.74,82671.22675177468
91.75,82674.062097143
91.76,82677.36434251818
91.77,82679.48088813611
91.78,82680.77746478145
91.79,82684.94374098442
91.8,82687.66907696326
91.81,82689.72832103835
91.82000000000001,82693.54552445363
91.83,82694.90295313293
91.84,82696.82826794998
91.85000000000001,82699.7882206595
91.86,82704.3260884697
91.87,82704.65727980745
91.88,82710.38711560781
91.89,82712.71624357557
91.9,82714.55040230571
91.91,82717.5643289262
91.92,82721.00442586618
91.93,82724.47790664026
91.94,82725.34812431793
91.95,82729.2532792849
91.96000000000001,82729.90534367101
91.97,82734.52916443929
91.98,82736.97708228153
91.99,82740.07810712147
92.0,82741.28154401862
92.01,82743.66613507937
92.02,82746.46565087921
92.03,82749.68924983765
92.04,82754.96667539087
92.05,82755.24282588882
92.06,82757.6387262708
92.07000000000001,82761.72951274533
92.08,82761.84871925162
92.09,82765.41002982916
92.10000000000001,82768.82757112478
92.11,82772.37293546624
92.12,82776.12887865261
92.13,82776.73108745672
92.14,82779.85858520922
92.15,82781.24876514198
92.16,82785.19006144925
92.17,82786.78574428873
92.18,82790.49552728857
92.19,82794.22946155719
92.2,82796.18643066873
92.21000000000001,82799.9466770449
92.22,82803.04997883017
92.23,82804.178311518
92.24,82807.53886902603
92.25,82810.95025111698
92.26,82812.36023026427
92.27,82817.41113458163
92.28,82819.10845513007
92.29,82822.09181033725
92.3,82824.41568871374
92.31,82827.48740145628
92.32000000000001,82828.89256267232
92.33,82832.23193404646
92.34,82835.48439300472
92.35000000000001,82836.98491850129
92.36,82840.01082987431
92.37,82843.89812847017
92.38,82844.48268084772
92.39,82847.98692311559
92.4,82852.13215524859
92.41,82852.1387081132
92.42,82857.00893676601
92.43,82860.51443576392
92.44,82861.29421976829
92.45,82863.53506706831
92.46000000000001,82866.09608071209
92.47,82870.37700856672
92.48,82873.17399270581
92.49,82874.7996815645
92.5,82878.64946879855
92.51,82880.76168372239
92.52,82883.71369852635
92.53,82886.74687474476
92.54,82888.16149458452
92.55,82891.8062076468
92.56,82894.19533242052
92.57000000000001,82897.97865528741
92.58,82900.81499374515
92.59,82902.512259458
92.60000000000001,82905.89127899834
92.61,82907.24515995645
92.62,82910.47110186817
92.63,82912.3308213265
92.64,82918.02594589905
92.65,82920.61272429132
92.66,82922.76864877909
92.67,82924.02165705452
92.68,82927.62934602649
92.69,82930.79228356834
92.7,82933.78770220547
92.71000000000001,82935.77375016801
92.72,82939.06456652327
92.73,82940.87359973924
92.74,82941.96941797453
92.75,82945.96105527965
92.76,82947.73431765736
92.77,82949.38160576459
92.78,82954.09192556562
92.79,82957.34429894932
92.8,82959.62455785813
92.81,82962.94787056609
92.82000000000001,82966.22608193404
92.83,82968.29429037467
92.84,82972.13319844774
92.85000000000001,82974.530692941
92.86,82976.87918682763
92.87,82981.09572044431
92.88,82982.30724761693
92.89,82986.53384355863
92.9,82988.07185121316
92.91,82990.21325686283
92.92,82991.1784118429
92.93,82995.85713660363
92.94,82999.18846925489
92.95,83000.25909041916
92.96000000000001,83004.526073897
92.97,83007.50926973516
92.98,83008.56648633954
92.99,83013.23135391857
93.0,83015.29281026387
93.01,83019.63060544929
93.02,83020.13926296619
93.03,83023.16731220017
93.04,83025.18363531781
93.05,83029.9230244209
93.06,83032.42077170259
93.07000000000001,83030.89176791097
93.08,83036.54346828711
93.09,83041.91218234395
93.10000000000001,83043.84008279738
93.11,83044.18102719821
93.12,83049.30049152068
93.13,83050.12253654933
93.14,83053.37292612532
93.15,83057.03238326608
93.16,83058.8266605008
93.17,83061.28937418209
93.18,83060.88649172285
93.19,83066.42556913721
93.2,83068.37294539216
93.21000000000001,83072.39597714412
93.22,83076.16837805146
93.23,83077.24603465355
93.24,83080.2884060635
93.25,83081.97303166942
93.26,83087.15976541516
93.27,83088.56014147877
93.28,83092.58104020951
93.29,83096.51707718761
93.3,83097.07680000243
93.31,83100.24632188336
93.32000000000001,83100.45062136403
93.33,83106.51424034536
93.34,83107.762588501
93.35000000000001,83110.86708796346
93.36,83114.68625449948
93.37,83116.91517910297
93.38,83118.94840767521
93.39,83120.59033327403
93.4,83124.19780017722
93.41,83127.05074636402
93.42,83130.81298141762
93.43,83134.28542945255
93.44,83136.55620021668
93.45,83136.59738042226
93.46000000000001,83140.43058363411
93.47,83144.51548688764
93.48,83146.4664345048
93.49,83147.82184568424
93.5,83150.73532119051
93.51,83154.77739826353
93.52,83157.09688466987
93.53,83160.43597394733
93.54,83161.54041933244
93.55,83165.22151616242
93.56,83169.91965386033
93.57000000000001,83171.77510117966
93.58,83174.63289171548
93.59,83175.76669534096
93.60000000000001,83178.33724108175
93.61,83182.05219285231
93.62,83184.80705305024
93.63,83185.71718437171
93.64,83190.47968169455
93.65,83192.81655683565
93.66,83195.11368100136
93.67,83197.28258061902
93.68,83200.7064214025
93.69,83202.707527281
93.7,83207.48232795832
93.71000000000001,83209.68293501908
93.72,83213.14838755903
93.73,83213.16401321445
93.74,83217.49329821458
93.75,83221.86350429259
93.76,83223.63296660478
93.77,83226.72860752224
93.78,83229.23369766968
93.79,83230.84977638864
93.8,83234.76387317381
93.81,83235.87706444415
93.82000000000001,83239.26318469657
93.83,83240.46694331059
93.84,83246.50790283972
93.85000000000001,83247.34904238126
93.86,83254.04651037209
93.87,83251.82088179275
93.88,83255.9853345152
93.89,83259.92785425141
93.9,83261.2695285873
93.91,83264.56562293877
93.92,83266.33764450905
93.93,83269.22001095096
93.94,83272.91666068466
93.95,83274.23639168678
93.96000000000001,83275.95117474567
93.97,83280.9434387479
93.98,83282.43357671215
93.99,83286.36226071249
94.0,83287.54405663215
94.01,83292.06427159921
94.02,83293.62313821969
94.03,83296.20626731073
94.04,83299.93185578035
94.05,83304.21393055013
94.06,83304.71279966035
94.07000000000001,83308.83112534638
94.08,83309.45750747828
94.09,83313.25791815942
94.10000000000001,83315.52783453913
94.11,83317.84736157418
94.12,83320.79990167067
94.13,83325.8300219071
94.14,83328.23804599942
94.15,83329.68610325195
94.16,83331.25555002122
94.17,83335.28203569527
94.18,83339.43970795238
94.19,83338.4370866822
94.2,83342.01080430266
94.21000000000001,83344.56350139393
94.22,83345.98497834723
94.23,83351.62853776287
94.24,83353.68772985258
94.25,83355.70899178149
94.26,83358.84305586085
94.27,83364.64358389081
94.28,83366.33388590258
94.29,83367.83026273559
94.3,83371.00516274011
94.31,83373.78912157912
94.32000000000001,83375.5260606115
94.33,83379.16900427584
94.34,83385.21263372382
94.35000000000001,83384.39222784036
94.36,83386.0131289146
94.37,83390.14737061596
94.38,83391.4922526638
94.39,83395.16566357356
94.4,83397.72423643483
94.41,83399.76063954346
94.42,83403.69928854497
94.43,83406.58048539737
94.44,83409.54419582164
94.45,83411.0922544523
94.46000000000001,83415.12443957147
94.47,83417.17387400626
94.48,83420.03432578883
94.49,83422.85657640919
94.5,83425.4275849966
94.51,83427.77131617357
94.52,83431.00792105269
94.53,83433.81284740187
94.54,83437.78570141479
94.55,83440.28365708992
94.56,83441.37441246066
94.57000000000001,83444.7550280412
94.58,83447.57016285957
94.59,83450.94954233947
94.60000000000001,83453.16425561771
94.61,83454.97864161906
94.62,83459.86066067744
94.63,83461.48359444976
94.64,83464.77346730867
94.65,83465.45090663854
94.66,83469.01447744928
94.67,83471.1652385744
94.68,83473.46411209047
94.69,83478.71230731133
94.7,83479.53787784881
94.71000000000001,83482.22764175101
94.72,83485.80568231254
94.73,83488.29371426406
94.74,83490.99327425468
94.75,83493.6550665093
94.76,83496.38014793188
94.77,83498.29761650694
94.78,83500.6549157901
94.79,83505.88460771382
94.8,83507.68491183764
94.81,83507.9951886881
94.82000000000001,83511.79682916115
94.83,83516.28472637838
94.84,83519.74061512874
94.85000000000001,83520.06864437158
94.86,83523.22467343911
94.87,83525.7389455054
94.88,83529.82017237364
94.89,83531.95033823584
94.9,83536.16477693905
94.91,83536.66600315884
94.92,83539.95045739814
94.93,83543.74790289065
94.94,83544.65555218358
94.95,83550.30790783296
94.96000000000001,83552.61412224513
94.97,83552.58938852517
94.98,83556.00712379794
94.99,83560.57509554042
95.0,83562.9123235896
95.01,83565.24011317863
95.02,83568.8194555741
95.03,83571.57365482723
95.04,83574.10160642855
95.05,83575.9355301675
95.06,83576.23763509748
95.07000000000001,83580.84074572047
95.08,83585.72739978367
95.09,83586.20471862314
95.10000000000001,83589.49332127265
95.11,83593.48573971412
95.12,83596.16965770315
95.13,83598.6791332768
95.14,83601.75736393222
95.15,83603.4692692516
95.16,83605.01233238861
95.17,83609.40621916213
95.18,83611.50530521454
95.19,83613.99153366892
95.2,83617.73482417884
95.21000000000001,83621.4693646059
95.22,83623.35577205362
95.23,83626.0140023175
95.24,83627.0421700771
95.25,83630.96192993397
95.26,83633.28713391534
95.27,83637.87727148096
95.28,83638.84951349846
95.29,83641.35352724606
95.3,83644.90031712392
95.31,83647.09875319527
95.32000000000001,83650.1102087814
95.33,83653.56117015718
95.34,83656.83785917185
95.35000000000001,83659.01086265827
95.36,83662.3046314049
95.37,83664.05709338123
95.38,83664.62184644904
95.39,83670.36041312477
95.4,83671.31551143041
95.41,83675.3998361905
95.42,83677.53099574304
95.43,83678.916328243
95.44,83683.16592582806
95.45,83685.15798679064
95.46000000000001,83687.3392595815
95.47,83693.33139672701
95.48,83692.25459604323
95.49,83696.12700575807
95.5,83698.28501182701
95.51,83703.72299669938
95.52,83702.20159137796
95.53,83705.89051621953
95.54,83710.52824002186
95.55,83713.99299919204
95.56,83716.59089269745
95.57000000000001,83720.09644037632
95.58,83721.54168375472
95.59,83725.9563359351
95.60000000000001,83727.9068338011
95.61,83728.98639961907
95.62,83732.77304445143
95.63,83735.92139291432
95.64,83738.51316585005
95.65,83738.61148454032
95.66,83744.25078516288
95.67,83745.06407342028
95.68,83749.18232737423
95.69,83749.4192060421
95.7,83754.30004597805
95.71000000000001,83756.12239008216
95.72,83760.42465538686
95.73,83763.6903034937
95.74000000000001,83764.85432354308
95.75,83768.32611577546
95.76,83771.07581457982
95.77,83772.58324743145
95.78,83775.97508670556
95.79,83780.56960912008
95.8,83779.82926834717
95.81,83784.98992920402
95.82000000000001,83787.8112802327
95.83,83790.92328976387
95.84,83792.42801491643
95.85000000000001,83795.72605230412
95.86,83796.92151496923
95.87,83800.23719899931
95.88,83803.16746081006
95.89,83806.46026162915
95.9,83810.09147634744
95.91,83811.26459849186
95.92,83814.3684225692
95.93,83816.91784478907
95.94,83821.22735247618
95.95,83822.99352057365
95.96000000000001,83827.48136857418
95.97,83828.33195543247
95.98,83832.61646752777
95.99000000000001,83833.41850055911
96.0,83837.29451456832
96.01,83839.20866072798
96.02,83843.27195392855
96.03,83843.9627063118
96.04,83846.40025291103
96.05,83849.64963996487
96.06,83851.99601617723
96.07000000000001,83856.24089956188
96.08,83858.72178173685
96.09,83862.2692844176
96.10000000000001,83865.23136309399
96.11,83866.93571124002
96.12,83871.04502813744
96.13,83872.99691418245
96.14,83874.71807663637
96.15,83878.5112156234
96.16,83880.10954641948
96.17,83884.12547587499
96.18,83884.84167861748
96.19,83890.33439268149
96.2,83891.96851708296
96.21000000000001,83895.53670302071
96.22,83896.70581974412
96.23,83899.48762548521
96.24000000000001,83903.5261919927
96.25,83907.18723066486
96.26,83906.53765050309
96.27,83910.09937659894
96.28,83915.15711159384
96.29,83916.77766017892
96.3,83919.69546354408
96.31,83921.6993749046
96.32000000000001,83923.13050226655
96.33,83926.46046654404
96.34,83929.10942974227
96.35000000000001,83934.38300459507
96.36,83934.97965838117
96.37,83937.47280160095
96.38,83941.19732862223
96.39,83942.53443708272
96.4,83944.73989426014
96.41,83950.29614973918
96.42,83952.13487101546
96.43,83954.06521670485
96.44,83957.91646327285
96.45,83960.02315327818
96.46000000000001,83961.53703363423
96.47,83964.80691999264
96.48,83969.25537268938
96.49000000000001,83971.08072785348
96.5,83974.15883127054
96.51,83976.47830618873
96.52,83979.1178447109
96.53,83983.81397224004
96.54,83984.3943897518
96.55,83987.73624686702
96.56,83990.11132592484
96.57000000000001,83992.77669961426
96.58,83996.39398144106
96.59,83997.39365825652
96.60000000000001,84000.26256936208
96.61,84002.94393769103
96.62,84006.46969438253
96.63,84008.48077978798
96.64,84013.43152832796
96.65,84015.47645810734
96.66,84017.59885134452
96.67,84020.52777460964
96.68,84021.96253781908
96.69,84025.1398477982
96.7,84027.48468757594
96.71000000000001,84030.94329252778
96.72,84033.19977023429
96.73,84037.4104764728
96.74000000000001,84039.87680509864
96.75,84042.50101002597
96.76,84045.89376956932
96.77,84047.66813297862
96.78,84049.14293262886
96.79,84054.27689336997
96.8,84055.66076639033
96.81,84056.7308711161
96.82000000000001,84060.75875474053
96.83,84063.58309834657
96.84,84066.73381485767
96.85000000000001,84069.96467357576
96.86,84073.16506573575
96.87,84075.06300792204
96.88,84079.07681924182
96.89,84081.85116785047
96.9,84082.8680166866
96.91,84084.3763743793
96.92,84090.45724536224
96.93,84091.48298649317
96.94,84095.59726749404
96.95,84097.81497843465
96.96000000000001,84098.83590253424
96.97,84102.129553253
96.98,84106.91683605884
96.99000000000001,84107.18913583065
97.0,84110.44743265223
97.01,84113.15878253797
97.02,84116.87624738949
97.03,84119.5382136943
97.04,84121.71875574638
97.05,84124.66801546831
97.06,84126.79339932694
97.07000000000001,84128.83099184258
97.08,84132.78567543055
97.09,84136.92047466573
97.10000000000001,84138.65908194435
97.11,84141.25238805171
97.12,84144.01319743092
97.13,84146.78567168029
97.14,84148.73880221529
97.15,84151.67398799713
97.16,84156.85163020865
97.17,84157.66915170231
97.18,84161.22663395703
97.19,84164.0841869243
97.2,84166.10919562048
97.21000000000001,84167.85950074306
97.22,84170.44578250822
97.23,84172.84128720172
97.24000000000001,84177.6671877021
97.25,84180.15559747396
97.26,84183.51818152086
97.27,84185.99813770557
97.28,84186.48195710787
97.29,84191.1064411734
97.3,84192.91575674317
97.31,84197.03283656653
97.32000000000001,84198.04472817136
97.33,84201.11741045906
97.34,84205.52103770676
97.35000000000001,84207.16767980001
97.36,84208.31967069702
97.37,84212.42645661527
97.38,84215.84011738164
97.39,84215.99650439847
97.4,84221.03597366443
97.41,84224.71823602276
97.42,84227.24565840486
97.43,84230.0424172421
97.44,84231.17310362548
97.45,84234.53523382013
97.46000000000001,84237.9954154942
97.47,84239.75829498864
97.48,84245.26237124696
97.49000000000001,84245.05806831893
97.5,84248.39611776361
97.51,84250.79867177112
97.52,84254.42415200536
97.53,84258.53688089627
97.54,84259.23234252585
97.55,84262.62449085223
97.56,84264.3518260311
97.57000000000001,84266.4699328042
97.58,84269.67611808558
97.59,84274.25787511237
97.60000000000001,84276.06222086295
97.61,84277.75873612755
97.62,84280.43485024909
97.63,84284.21271119184
97.64,84286.90764262495
97.65,84290.71087271543
97.66,84293.0102738951
97.67,84297.32973389023
97.68,84299.39683775735
97.69,84299.6751760527
97.7,84303.01871080913
97.71000000000001,84305.09218992986
97.72,84310.49655507243
97.73,84311.83074031287
97.74000000000001,84315.06690483342
97.75,84317.53908973583
97.76,84321.00271264356
97.77,84325.26652498693
97.78,84326.73474394258
97.79,84328.39075542342
97.8,84330.55473565168
97.81,84335.40886501613
97.82000000000001,84335.03587371131
97.83,84337.08566076201
97.84,84340.01219690438
97.85000000000001,84344.01109149345
97.86,84348.5841168457
97.87,84349.25318969402
97.88,84353.4804482697
97.89,84354.53580953246
97.9,84357.36602902832
97.91,84361.25512898748
97.92,84362.93232423284
97.93,84365.6933704435
97.94,84369.10282755345
97.95,84372.06665800788
97.96000000000001,84375.10711786858
97.97,84378.61018292836
97.98,84380.8929265807
97.99000000000001,84381.7360972339
98.0,84387.97032756967
98.01,84387.19917262446
98.02,84390.824489417
98.03,84393.70824354982
98.04,84396.56035761045
98.05,84399.96450564411
98.06,84402.71548677771
98.07000000000001,84405.383835527
98.08,84407.68872571162
98.09,84411.19283056233
98.10000000000001,84413.6925324489
98.11,84414.71038426946
98.12,84419.37665905825
98.13,84420.18110449793
98.14,84423.37842738895
98.15,84425.3995743426
98.16,84429.87942119366
98.17,84431.68499238446
98.18,84437.452758255
98.19,84439.62830693222
98.2,84440.51662965532
98.21000000000001,84442.58689470444
98.22,84444.19315710891
98.23,84449.2484524693
98.24000000000001,84453.25607648623
98.25,84456.13248689893
98.26,84459.02218930045
98.27,84458.5754156425
98.28,84462.3451107062
98.29,84465.13779922039
98.3,84467.83983657592
98.31,84471.65980263331
98.32000000000001,84474.51682116088
98.33,84475.93190499567
98.34,84478.75323581103
98.35000000000001,84481.93161798938
98.36,84485.14743526265
98.37,84485.37332420817
98.38,84490.38712723233
98.39,84493.66822701372
98.4,84496.75039362595
98.41,84500.83090147215
98.42,84502.30106269426
98.43,84503.85140828701
98.44,84506.87084585428
98.45,84508.39628002283
98.46000000000001,84512.46949899527
98.47,84515.71396933359
98.48,84519.65855530393
98.49000000000001,84519.27008373941
98.5,84523.3150736438
98.51,84527.12573494996
98.52,84530.24125555382
98.53,84531.98448739636
98.54,84534.1861782625
98.55,84537.03429174852
98.56,84540.35296819161
98.57000000000001,84542.2492473087
98.58,84545.32085810025
98.59,84547.98393551918
98.60000000000001,84549.3902742231
98.61,84553.74155637367
98.62,84555.59809809657
98.63,84558.47367403588
98.64,84560.97860854451
98.65,84564.7251384905
98.66,84566.1924462886
98.67,84571.70033077648
98.68,84571.13455808669
98.69,84574.06971561411
98.7,84578.13041704484
98.71000000000001,84582.70828492632
98.72,84583.57511908302
98.73,84587.18195105175
98.74000000000001,84590.69866581191
98.75,84593.9023178183
98.76,84594.64100150282
98.77,84599.07983480138
98.78,84599.91717562797
98.79,84603.32263262327
98.8,84604.66145983837
98.81,84608.34893843754
98.82000000000001,84612.74220892166
98.83,84615.34247908871
98.84,84616.60788177543
98.85000000000001,84619.63132725432
98.86,84622.12535976885
98.87,84623.6136031528
98.88,84628.87693087039
98.89,84631.18491116815
98.9,84633.66909324472
98.91,84636.4902041841
98.92,84638.76421246071
98.93,84640.84079776405
98.94,84645.14886499755
98.95,84647.74956018757
98.96000000000001,84650.39670800179
98.97,84653.65605685409
98.98,84655.70471756028
98.99000000000001,84657.10497204622
99.0,84659.96686246469
99.01,84664.24141777742
99.02,84665.78291113529
99.03,84667.67334604815
99.04,84673.72557483036
99.05,84675.65186383163
99.06,84675.53604987984
99.07000000000001,84680.43119844056
99.08,84683.42317792369
99.09,84685.22548824256
99.10000000000001,84689.45394371246
99.11,84692.30127319122
99.12,84694.03043206198
99.13,84698.20785928525
99.14,84698.82037129691
99.15,84703.46290738316
99.16,84703.06480498383
99.17,84707.45046027088
99.18,84709.67632182901
99.19,84712.94297687383
99.2,84715.85056553224
99.21000000000001,84719.30786256786
99.22,84722.1695883464
99.23,84723.4559663242
99.24000000000001,84727.25303469965
99.25,84731.81137725976
99.26,84731.94541132772
99.27,84735.38779467443
99.28,84738.824090566
99.29,84740.6668889479
99.3,84743.92644044558
99.31,84746.07591185067
99.32000000000001,84749.9339668194
99.33,84750.7337327867
99.34,84753.71815692598
99.35000000000001,84759.06511274466
99.36,84759.72480071336
99.37,84761.92493010098
99.38,84765.68327403053
99.39,84766.89681520766
99.4,84771.33875035359
99.41,84773.53180563264
99.42,84778.60346913715
99.43,84780.30793825851
99.44,84780.95758402621
99.45,84784.49970273045
99.46000000000001,84786.14005767484
99.47,84790.74888831114
99.48,84793.3947016726
99.49000000000001,84795.67499682684
99.5,84797.9860029044
99.51,84800.83278036375
99.52,84804.20517299724
99.53,84808.21137462575
99.54,84810.04402378674
99.55,84812.7372170727
99.56,84816.91498377277
99.57000000000001,84817.31464058474
99.58,84821.58066673415
99.59,84823.89432327912
99.60000000000001,84825.97856237304
99.61,84830.01760371157
99.62,84833.50994146378
99.63,84834.15828031846
99.64,84836.56034159815
99.65,84839.96550175957
99.66,84843.36823836526
99.67,84844.65481113154
99.68,84847.7583653651
99.69,84851.46188140336
99.7,84854.44630690593
99.71000000000001,84857.3280607994
99.72,84858.47774961182
99.73,84861.35861193002
99.74000000000001,84863.47145169928
99.75,84867.05001598004
99.76,84870.93059212461
99.77,84873.63053708369
99.78,84875.49316186616
99.79,84877.15020697226
99.8,84882.82675103322
99.81,84884.86565648162
99.82000000000001,84885.23277078973
99.83,84890.76274018857
99.84,84892.36261597923
99.85000000000001,84895.68516164836
99.86,84897.49792694574
99.87,84900.98208617058
99.88,84903.2951424641
99.89,84906.60617634354
99.9,84909.16733153332
99.91,84913.16886657901
99.92,84913.23848766637
99.93,84916.5883169997
99.94,84920.81928358668
99.95,84922.21562792441
99.96000000000001,84925.48011788499
99.97,84926.23355834874
99.98,84930.63786079975
99.99000000000001,84934.02723448489
100.0,84936.95174874796
100.01,84939.23832061612
100.02,84941.83262791096
100.03,84944.60400098833
100.04,84947.02041529644
100.05,84950.60243065626
100.06,84953.63450695144
100.07000000000001,84955.35216316275
100.08,84957.79462854582
100.09,84963.02221024004
100.10000000000001,84964.35312414796
100.11,84967.35067026175
100.12,84972.26718669666
100.13,84972.13527710664
100.14,84975.46975134451
100.15,84979.21482246205
100.16,84980.8096470751
100.17,84983.72283618455
100.18,84985.30702706821
100.19,84988.8130240207
100.2,84992.75618078915
100.21000000000001,84994.53716871762
100.22,84996.47193392439
100.23,85000.64891781738
100.24000000000001,85001.81983622914
100.25,85005.37259104355
100.26,85005.434566294
100.27,85011.77697967905
100.28,85013.98203776499
100.29,85016.17486229901
100.3,85020.91109328502
100.31,85021.74034841685
100.32000000000001,85025.749085535
100.33,85026.08434560121
100.34,85030.6638927108
100.35000000000001,85034.24529765315
100.36,85036.79863543762
100.37,85038.76365647285
100.38,85040.6338218573
100.39,85044.45970490976
100.4,85047.38233871023
100.41,85048.56800351627
100.42,85052.66496990721
100.43,85055.29648204602
100.44,85059.33543036111
100.45,85060.12505553555
100.46000000000001,85062.47787809279
100.47,85065.37892647591
100.48,85069.63716059092
100.49000000000001,85073.28344702034
100.5,85073.11594372505
100.51,85077.25533311078
100.52,85081.17294049979
100.53,85085.11367727567
100.54,85084.40880332408
100.55,85086.80670957023
100.56,85090.80931614857
100.57000000000001,85094.28538230639
100.58,85096.52535106496
100.59,85097.79608546644
100.60000000000001,85101.17129574266
100.61,85105.73927325687
100.62,85107.48440656955
100.63,85108.48099153077
100.64,85113.46880572218
100.65,85116.29905433876
100.66,85116.16952378835
100.67,85120.23406591125
100.68,85122.83143998243
100.69,85127.3048934396
100.7,85126.35628414183
100.71000000000001,85131.6072087273
100.72,85135.21817486634
100.73,85138.76121136309
100.74000000000001,85141.16177180235
100.75,85143.04739081295
100.76,85146.59797259112
100.77,85148.70796528895
100.78,85151.61871751376
100.79,85153.91905454245
100.8,85157.84623614176
100.81,85158.2723623877
100.82000000000001,85161.10301609384
100.83,85164.8828517435
100.84,85167.8428354808
100.85000000000001,85171.31692101673
100.86,85175.28067476542
100.87,85176.03841156249
100.88,85181.83035916345
100.89,85180.10278114407
100.9,85185.41949425849
100.91,85186.09233621709
100.92,85190.78338297975
100.93,85192.86646043221
100.94,85196.91629543884
100.95,85198.02209579105
100.96000000000001,85200.5091767742
100.97,85203.64370909982
100.98,85204.95867572138
100.99000000000001,85209.50794260838
101.0,85213.1969424642
101.01,85214.0300175903
101.02,85217.85873045945
101.03,85220.06101735648
101.04,85222.94577319053
101.05,85226.96599771387
101.06,85227.41697304376
101.07000000000001,85230.18961323785
101.08,85232.469975255
101.09,85235.52664475293
101.10000000000001,85239.10688100877
101.11,85242.90005741525
101.12,85246.27088163423
101.13,85247.07575076469
101.14,85251.72239085556
101.15,85252.59674612356
101.16,85255.5689004358
101.17,85259.62315426538
101.18,85262.19892271045
101.19,85264.12513779984
101.2,85268.827711402
101.21000000000001,85270.36557760657
101.22,85274.20225300523
101.23,85274.86346188374
101.24000000000001,85280.24540919856
101.25,85281.87322626272
101.26,85282.27600050517
101.27,85285.29808685093
101.28,85289.98420904577
101.29,85290.71800875188
101.3,85294.91554072968
101.31,85299.88428443337
101.32000000000001,85302.21630295801
101.33,85301.53292475439
101.34,85305.63214694787
101.35000000000001,85310.7726037289
101.36,85311.6170092415
101.37,85313.37219301127
101.38,85318.64663595684
101.39,85320.36281994598
101.4,85324.02191867326
101.41,85326.27033730104
101.42,85328.9476637238
101.43,85332.7676039186
101.44,85333.60577934928
101.45,85336.3356979336
101.46000000000001,85340.44336522857
101.47,85341.22614357687
101.48,85344.07537528344
101.49000000000001,85348.53730705241
101.5,85348.97643253574
101.51,85352.7068178105
101.52,85355.56893272023
101.53,85358.57785230697
101.54,85362.21661042885
101.55,85362.41058596793
101.56,85368.88633908413
101.57000000000001,85368.70221220214
101.58,85372.51722155648
101.59,85374.64619974149
101.60000000000001,85378.03880274393
101.61,85380.5776966338
101.62,85384.356083942
101.63,85386.0402546628
101.64,85388.84746007888
101.65,85392.33149252315
101.66,85397.2412012714
101.67,85397.05282176887
101.68,85402.39559604198
101.69,85403.95028556755
101.7,85406.15188342564
101.71000000000001,85410.38308349648
101.72,85410.96080489254
101.73,85413.37192544974
101.74000000000001,85415.796607883
101.75,85420.62068085333
101.76,85423.54220682067
101.77,85424.4232508651
101.78,85428.19403586345
101.79,85431.22025244692
101.8,85435.65900363323
101.81,85434.63650206708
101.82000000000001,85438.41976282853
101.83,85441.96313039055
101.84,85444.98234750012
101.85000000000001,85446.3783332577
101.86,85451.00724949117
101.87,85451.62299572128
101.88,85454.41940179621
101.89,85458.62549357343
101.9,85461.31190171212
101.91,85463.6647591617
101.92,85466.02605870043
101.93,85468.3727089708
101.94,85472.25364676109
101.95,85474.32968097574
101.96000000000001,85475.40295025193
101.97,85480.91323544279
101.98,85482.40920892572
101.99000000000001,85485.29888544163
102.0,85490.3841550949
102.01,85489.74212166197
102.02,85494.43319027603
102.03,85496.31023098507
102.04,85500.15408455512
102.05,85500.61718478355
102.06,85505.23391319586
102.07000000000001,85507.69097192706
102.08,85510.09774213837
102.09,85513.92368434144
102.10000000000001,85515.51634099553
102.11,85518.9021642825
102.12,85522.55461624678
102.13,85524.60334250363
102.14,85526.76757462528
102.15,85530.81034409403
102.16,85532.16722254684
102.17,85535.10613798459
102.18,85538.87386124617
102.19,85541.56566401836
102.2,85542.87214955421
102.21000000000001,85545.81498942281
102.22,85549.35285244141
102.23,85554.0260930354
102.24000000000001,85555.50929039455
102.25,85557.72562679107
102.26,85562.24951845924
102.27,85564.16170300104
102.28,85564.52162934068
102.29,85567.5765086461
102.3,85570.77303273212
102.31,85574.06443106031
102.32000000000001,85576.10627637204
102.33,85578.55302284802
102.34,85582.33858442398
102.35000000000001,85586.30578566891
102.36,85590.76057983362
102.37,85589.98061349506
102.38,85592.15928057898
102.39,85596.27686654923
102.4,85597.65733493793
102.41,85600.74699708914
102.42,85605.31145792211
102.43,85608.17762887929
102.44,85610.18018974847
102.45,85612.53456283579
102.46000000000001,85616.52572123277
102.47,85617.19620456296
102.48,85621.69962808341
102.49000000000001,85623.45565092316
102.5,85627.20453188865
102.51,85629.99240660536
102.52,85631.31793162297
102.53,85635.70482127964
102.54,85637.60771964534
102.55,85641.76407657746
102.56,85643.84232414016
102.57000000000001,85645.26925458721
102.58,85648.86213401426
102.59,85652.14304920161
102.60000000000001,85653.41801436763
102.61,85656.64303669472
102.62,85661.08527870446
102.63,85665.29982176937
102.64,85666.89487352212
102.65,85668.48483742031
102.66,85671.20051738546
102.67,85674.06795153025
102.68,85676.88626539173
102.69,85680.45263843403
102.7,85681.47843403615
102.71000000000001,85683.73835905024
102.72,85688.74923637733
102.73,85691.91639386494
102.74000000000001,85693.77923150662
102.75,85697.29694459109
102.76,85698.23638138555
102.77,85699.75306589673
102.78,85704.19086941941
102.79,85706.2131862411
102.8,85708.9119561107
102.81,85711.95400748965
102.82000000000001,85714.62872912173
102.83,85717.62949130118
102.84,85721.99470730737
102.85000000000001,85722.52789149767
102.86,85728.26607691178
102.87,85729.11397294857
102.88,85731.48220821773
102.89,85735.61584187161
102.9,85738.56093450457
102.91,85740.32064388476
102.92,85743.10037644205
102.93,85746.12337699653
102.94,85749.43097155943
102.95,85751.01786353608
102.96000000000001,85754.15237140577
102.97,85757.71591196228
102.98,85759.38398266477
102.99000000000001,85762.76509380384
103.0,85765.09893201565
103.01,85767.74293626267
103.02,85769.60380099386
103.03,85772.95783915711
103.04,85776.72546908677
103.05,85778.93768587253
103.06,85781.28810248543
103.07000000000001,85785.49294852988
103.08,85785.25304848241
103.09,85790.03488813501
103.10000000000001,85791.52713826313
103.11,85795.38229648798
103.12,85799.06369928816
103.13,85799.89833895395
103.14,85801.63338824599
103.15,85806.11382951844
103.16,85810.66665117924
103.17,85813.53528523879
103.18,85815.51902766826
103.19,85815.96873014698
103.2,85821.04285879567
103.21000000000001,85824.65459063524
103.22,85827.28562609028
103.23,85830.3013752899
103.24000000000001,85831.80108868651
103.25,85834.43657758136
103.26,85837.9518075243
103.27,85840.58458685348
103.28,85842.75912309914
103.29,85846.98818294001
103.3,85849.10429051929
103.31,85852.15669769395
103.32000000000001,85854.49243030002
103.33,85856.21382883686
103.34,85858.86360904631
103.35000000000001,85862.73217375099
103.36,85864.91437706778
103.37,85868.78969831574
103.38,85870.32549588721
103.39,85873.35852080982
103.4,85876.23662118468
103.41,85878.4338528865
103.42,85881.14439363607
103.43,85884.8462434981
103.44,85887.00970738521
103.45,85888.72930244931
103.46000000000001,85893.10985176082
103.47,85896.00451862803
103.48,85899.54462617317
103.49000000000001,85898.72366120621
103.5,85903.90394462133
103.51,85905.95755973225
103.52,85910.30122601005
103.53,85912.53180610803
103.54,85913.67414126499
103.55,85917.437808031
103.56,85920.66286862684
103.57000000000001,85923.76700767248
103.58,85924.65792780976
103.59,85928.75275742993
103.60000000000001,85931.00066165601
103.61,85935.02947934878
103.62,85935.20213162577
103.63,85939.39905589126
103.64,85943.5589845481
103.65,85946.82910243071
103.66,85947.75350466547
103.67,85950.46493467793
103.68,85953.96338902402
103.69,85957.50448818866
103.7,85960.04086991833
103.71000000000001,85963.09515378557
103.72,85963.80217736165
103.73,85966.30358639044
103.74000000000001,85971.6630487698
103.75,85974.61965669577
103.76,85976.0676852994
103.77,85980.21773565724
103.78,85980.37503686386
103.79,85983.6438248536
103.8,85986.15966625059
103.81,85990.35999439108
103.82000000000001,85991.4815712745
103.83,85995.56332597867
103.84,85998.69392927844
103.85000000000001,86001.73918688191
103.86,86003.7174795634
103.87,86006.17441589756
103.88,86009.14324056842
103.89,86011.37952371407
103.9,86015.33521540229
103.91,86017.92641738638
103.92,86019.76161640818
103.93,86023.429468709
103.94,86024.91094475322
103.95,86029.52537286292
103.96000000000001,86031.81293107363
103.97,86034.90730605877
103.98,86036.43030199809
103.99000000000001,86038.6549689984
104.0,86041.3941152175
104.01,86045.2723031589
104.02,86047.43163778013
104.03,86051.64178987074
104.04,86052.13030191314
104.05,86055.70767444633
104.06,86059.24290472879
104.07000000000001,86061.30847883206
104.08,86063.33562970327
104.09,86067.42610950641
104.10000000000001,86069.96801852719
104.11,86073.34149593867
104.12,86076.30064146317
104.13,86078.31169653281
104.14,86080.65373190379
104.15,86082.50930601629
104.16,86087.73265639096
104.17,86091.3204872104
104.18,86090.7792447504
104.19,86095.26302336268
104.2,86097.19499075074
104.21000000000001,86100.03468219508
104.22,86103.60288064262
104.23,86106.57710968777
104.24000000000001,86108.53749320302
104.25,86111.0607886541
104.26,86115.47791240914
104.27,86117.61958237612
104.28,86120.22751808232
104.29,86121.92860303518
104.3,86124.18696932624
104.31,86128.10896814661
104.32000000000001,86131.50170565279
104.33,86134.61100412722
104.34,86137.88037455536
104.35000000000001,86139.52682514119
104.36,86144.01436373177
104.37,86145.00216419624
104.38,86147.92720626033
104.39,86149.20728696062
104.4,86151.12797566183
104.41,86156.97165563553
104.42,86159.83222287963
104.43,86161.27132609976
104.44,86165.28831446814
104.45,86168.2278967781
104.46000000000001,86168.50163637566
104.47,86172.59261281577
104.48,86174.87977339949
104.49000000000001,86179.23840172496
104.5,86179.96989656171
104.51,86183.0186554344
104.52,86187.46143781679
104.53,86189.95632494883
104.54,86192.05539347089
104.55,86194.1396545348
104.56,86198.07073274572
104.57000000000001,86199.43104523295
104.58,86201.80115656434
104.59,86204.28134503482
104.60000000000001,86208.13414464984
104.61,86211.40279685352
104.62,86214.33947088326
104.63,86215.21508391394
104.64,86218.57993352879
104.65,86222.98201451555
104.66,86226.55952296764
104.67,86227.83362456941
104.68,86231.60413657512
104.69,86232.687158073
104.7,86236.32702437385
104.71000000000001,86240.50900199081
104.72,86240.45783655357
104.73,86244.08927506712
104.74000000000001,86246.84598618222
104.75,86249.66421810968
104.76,86253.35706431481
104.77,86256.26721592108
104.78,86259.25370901571
104.79,86263.19392772183
104.8,86263.84206647944
104.81,86266.1818075211
104.82000000000001,86268.7772478426
104.83,86272.77283356502
104.84,86273.65575362672
104.85000000000001,86278.92167669313
104.86,86280.83416328649
104.87,86283.96902386232
104.88,86286.2393524923
104.89,86288.74805613888
104.9,86292.23853098135
104.91,86295.66873874374
104.92,86297.77715760269
104.93,86300.15762118463
104.94,86303.99365770425
104.95,86305.91946529866
104.96000000000001,86308.02626210115
104.97,86314.21819389897
104.98,86314.90614602584
104.99000000000001,86316.46943093077
105.0,86320.52386748619
105.01,86321.8846700172
105.02,86326.29943517546
105.03,86326.679546296
105.04,86331.59208008587
105.05,86333.17810865433
105.06,86336.21204315776
105.07000000000001,86336.82587570525
105.08,86342.87241328038
105.09,86345.62939777192
105.10000000000001,86346.9332699455
105.11,86349.68584664402
105.12,86353.74893928756
105.13,86354.7336543218
105.14,86357.78340899792
105.15,86359.9241350771
105.16,86363.83634594305
105.17,86367.22603482332
105.18,86370.04134383614
105.19,86373.5838263745
105.2,86375.29537011478
105.21000000000001,86375.99284240384
105.22,86380.78305130023
105.23,86383.18927701631
105.24000000000001,86386.34529057011
105.25,86389.41752211955
105.26,86389.94680109243
105.27,86394.70503929487
105.28,86396.69534447264
105.29,86400.52527908237
105.3,86404.74746965872
105.31,86406.67287333666
105.32000000000001,86407.91673627286
105.33,86409.46780265891
105.34,86414.41238101502
105.35000000000001,86418.18202808166
105.36,86418.93090598863
105.37,86421.96238112758
105.38,86426.36438478557
105.39,86428.35271867902
105.4,86428.65710774115
105.41,86434.87258960817
105.42,86438.24900946504
105.43,86438.65469315626
105.44,86442.80024556522
105.45,86444.14787129645
105.46000000000001,86449.42905190153
105.47,86449.82161084004
105.48,86452.25682562593
105.49000000000001,86455.01989169553
105.5,86458.04437562649
105.51,86462.79351588812
105.52,86465.74476181659
105.53,86468.02211086689
105.54,86470.16721959224
105.55,86471.5048120444
105.56,86474.72361481682
105.57000000000001,86478.79147706297
105.58,86480.32298757826
105.59,86482.08162505725
105.60000000000001,86485.58602827926
105.61,86488.74652821371
105.62,86490.61951757575
105.63,86494.91728725852
105.64,86496.54825347905
105.65,86501.0882518465
105.66,86504.6292999163
105.67,86505.83916659899
105.68,86507.88939981055
105.69,86510.53698717097
105.7,86513.8347970137
105.71000000000001,86517.55808676388
105.72,86520.69432382796
105.73,86523.70689082383
105.74000000000001,86523.2492087223
105.75,86529.77324546361
105.76,86529.95454279867
105.77,86532.98136858556
105.78,86536.46894310067
105.79,86538.58118572371
105.8,86541.85922492649
105.81,86542.9386205692
105.82000000000001,86545.03341048288
105.83,86550.40018511876
105.84,86554.29225112607
105.85000000000001,86555.4976233133
105.86,86558.86259549383
105.87,86562.6754222773
105.88,86563.5607256661
105.89,86566.94029387193
105.9,86570.99618994883
105.91,86569.80231472994
105.92,86575.30685019711
105.93,86579.63393329059
105.94,86579.15986715918
105.95,86582.99166189463
105.96000000000001,86587.09465115558
105.97,86588.60332654658
105.98,86593.60997342087
105.99000000000001,86595.113175733
106.0,86596.96650803527
106.01,86600.16249551035
106.02,86602.3388460661
106.03,86606.39701603701
106.04,86609.283767924
106.05,86611.62662986116
106.06,86614.25620591971
106.07000000000001,86615.72916938024
106.08,86618.73177209507
106.09,86623.52056143242
106.10000000000001,86625.07402742679
106.11,86630.16713574517
106.12,86631.70748367888
106.13,86632.53576225923
106.14,86637.49967968026
106.15,86640.12296120086
106.16,86642.43559587136
106.17,86642.96033104215
106.18,86649.27827817325
106.19,86651.13214585325
106.2,86651.84227938834
106.21000000000001,86657.06124148601
106.22,86658.23048082038
106.23,86661.28281553477
106.24000000000001,86664.78143689242
106.25,86668.12857718863
106.26,86668.84209651743
106.27,86672.56232867438
106.28,86675.4658628314
106.29,86678.5990046004
106.3,86681.63529061666
106.31,86682.95298366547
106.32000000000001,86687.73935356164
106.33,86690.1053714154
106.34,86690.30883745263
106.35000000000001,86694.40814636444
106.36,86697.7989182849
106.37,86700.05746600767
106.38,86703.71842573887
106.39,86705.44995092993
106.4,86707.65197733088
106.41,86710.04158679853
106.42,86713.05681449058
106.43,86717.88920972707
106.44,86719.49979263205
106.45,86722.64825460916
106.46000000000001,86725.03643981609
106.47,86724.97689489569
106.48,86732.07690515644
106.49000000000001,86733.93754844178
106.5,86736.20523011031
106.51,86738.87781944056
106.52,86742.37817419267
106.53,86745.54580737022
106.54,86747.520331111
106.55,86750.79125515257
106.56,86752.51577256307
106.57000000000001,86755.86487404509
106.58,86758.41660736824
106.59,86761.05758367624
106.60000000000001,86764.16125184702
106.61,86766.8686484757
106.62,86771.25334087266
106.63,86773.19314225337
106.64,86774.55277163345
106.65,86779.23414070958
106.66,86780.24185512238
106.67,86784.54979245701
106.68,86785.45132439795
106.69,86789.77729577865
106.7,86793.74052269511
106.71000000000001,86792.54878033571
106.72,86797.92051381414
106.73,86800.4108046281
106.74000000000001,86803.12508301978
106.75,86807.7151931065
106.76,86809.65917679197
106.77,86811.14473743124
106.78,86814.7978964287
106.79,86816.47962666351
106.8,86820.21812320521
106.81,86823.16825549248
106.82000000000001,86825.87274708356
106.83,86829.43442145259
106.84,86830.52874511045
106.85000000000001,86834.72343975343
106.86,86836.96420071722
106.87,86839.16195009378
106.88,86840.9156864154
106.89,86844.30799957315
106.9,86846.9178388445
106.91,86849.62008785724
106.92,86852.95956142781
106.93,86854.93082973137
106.94,86857.19827420144
106.95,86861.20188924615
106.96000000000001,86862.83553859626
106.97,86867.62392900234
106.98,86869.41927209521
106.99000000000001,86873.4527128636
107.0,86874.41192564712
107.01,86877.15071944466
107.02,86881.38078453028
107.03,86883.72949459302
107.04,86886.71534074449
107.05,86888.95668460189
107.06,86891.0998060335
107.07000000000001,86894.32022066375
107.08,86899.28855699013
107.09,86899.98688193074
107.10000000000001,86902.05421698434
107.11,86906.20137122375
107.12,86909.13052729364
107.13,86912.12840411288
107.14,86915.10098585687
107.15,86917.20248366635
107.16,86920.70439790445
107.17,86922.73753004598
107.18,86926.11866019976
107.19,86929.06154427493
107.2,86932.18199622328
107.21000000000001,86934.2318532156
107.22,86935.77230867278
107.23,86940.97413110112
107.24000000000001,86942.87730803223
107.25,86942.52038543718
107.26,86947.52158551618
107.27,86950.25814072337
107.28,86953.10700256877
107.29,86955.96321531912
107.3,86959.31297688144
107.31,86961.01683345893
107.32000000000001,86964.99308980459
107.33,86965.9625221683
107.34,86970.38231327716
107.35000000000001,86973.83065101762
107.36,86975.57467826821
107.37,86977.1450425007
107.38,86979.94265761554
107.39,86982.60527403305
107.4,86986.4936185812
107.41,86990.33664812891
107.42,86993.8948492786
107.43,86997.7471541138
107.44,86997.88877254739
107.45,86999.51361917361
107.46000000000001,87003.47441112704
107.47,87005.60435965643
107.48,87008.8851097649
107.49000000000001,87012.54146928973
107.5,87014.00582752662
107.51,87018.38163031366
107.52,87021.64917489393
107.53,87023.03320847923
107.54,87025.55697797611
107.55,87030.08944069118
107.56,87032.4114546336
107.57000000000001,87032.8083133482
107.58,87037.08931615968
107.59,87040.99323102747
107.60000000000001,87043.49458555476
107.61,87045.0626442938
107.62,87049.61668117008
107.63,87051.5315748529
107.64,87053.07362135216
107.65,87057.99460742716
107.66,87059.22446467936
107.67,87063.0120132467
107.68,87064.89019605405
107.69,87067.41894259526
107.7,87068.40621040377
107.71000000000001,87072.91409183918
107.72,87075.22033598357
107.73,87079.24117246731
107.74000000000001,87081.51360550946
107.75,87085.43319416516
107.76,87088.4593574705
107.77,87089.75679805751
107.78,87093.39107592888
107.79,87094.74470026875
107.8,87096.49867898524
107.81,87101.61658924617
107.82000000000001,87105.22340485315
107.83,87108.2986650764
107.84,87110.77981313
107.85000000000001,87110.97617470549
107.86,87116.42939438744
107.87,87117.8911194073
107.88,87120.56099619083
107.89,87123.23111783696
107.9,87126.63682081242
107.91,87129.56579380794
107.92,87132.32807666787
107.93,87134.95907056183
107.94,87137.01590536418
107.95,87142.1320109106
107.96000000000001,87142.2013188851
107.97,87143.94679589666
107.98,87149.84853251145
107.99000000000001,87148.75799151155
108.0,87152.78833401548
108.01,87158.7838827396
108.02,87158.5588213177
108.03,87163.70846951798
108.04,87165.21496476683
108.05,87167.83412616544
108.06,87170.28662927242
108.07000000000001,87173.37104466456
108.08,87174.85843950314
108.09,87178.50675544981
108.10000000000001,87182.35842277881
108.11,87183.97645171534
108.12,87188.39709494212
108.13,87190.38225898934
108.14,87194.5076206673
108.15,87195.81222494614
108.16,87199.7830751826
108.17,87202.67334485945
108.18,87204.94915584775
108.19,87208.64435715218
108.2,87208.62214921645
108.21000000000001,87212.41633584694
108.22,87215.5341095398
108.23,87219.683044625
108.24000000000001,87221.3214569455
108.25,87224.5926125953
108.26,87226.39726716733
108.27,87230.45770912398
108.28,87233.24452202691
108.29,87236.10015416979
108.3,87238.48031846112
108.31,87239.06464953886
108.32000000000001,87242.05560059441
108.33,87245.9670745603
108.34,87249.19480646488
108.35000000000001,87251.94679597729
108.36,87255.58426794522
108.37,87256.69057466832
108.38,87259.16367638727
108.39,87262.4187182517
108.4,87265.939087382
108.41,87269.1364356013
108.42,87271.71925528363
108.43,87273.91310108513
108.44,87276.81338892732
108.45,87279.12211557181
108.46000000000001,87281.6800403466
108.47,87284.93524960837
108.48,87288.42566756689
108.49000000000001,87292.62912043699
108.5,87295.5234884142
108.51,87296.08100208924
108.52,87300.33873632031
108.53,87300.84555046665
108.54,87305.2022786622
108.55,87308.57691406079
108.56,87310.62047851407
108.57000000000001,87311.57646790986
108.58,87317.71467896398
108.59,87319.24811098959
108.60000000000001,87321.10146116115
108.61,87325.47343658947
108.62,87326.87570466539
108.63,87329.74357434732
108.64,87332.51834470515
108.65,87336.65000900267
108.66,87338.45184700651
108.67,87341.93230478819
108.68,87343.61491551207
108.69,87346.92075423019
108.7,87350.1808070448
108.71000000000001,87352.12193700696
108.72,87355.27763406692
108.73,87358.94392133087
108.74000000000001,87360.47139058587
108.75,87364.52943729839
108.76,87365.72622339471
108.77,87369.50460060142
108.78,87373.22936205688
108.79,87375.86180319493
108.8,87378.41344476068
108.81,87380.89070650178
108.82000000000001,87384.62114561527
108.83,87387.20716822169
108.84,87388.71590596535
108.85000000000001,87390.78565715351
108.86,87394.53429303422
108.87,87395.31943833084
108.88,87398.62255391358
108.89,87401.59020507011
108.9,87404.5265816329
108.91,87408.42147070804
108.92,87411.88091463661
108.93,87415.10006808539
108.94,87415.06714260248
108.95,87418.25591612683
108.96000000000001,87421.49430616946
108.97,87426.07225305145
108.98,87427.83236398418
108.99000000000001,87430.77234174237
109.0,87432.85724550045
109.01,87435.49971351931
109.02,87439.75270342646
109.03,87443.40125739892
109.04,87445.84781283303
109.05,87448.91157170822
109.06,87451.33702507376
109.07000000000001,87452.38043860091
109.08,87455.41312976033
109.09,87459.09362239002
109.10000000000001,87460.58355108988
109.11,87463.01607114835
109.12,87466.02125605229
109.13,87467.95211616179
109.14,87470.8564657196
109.15,87474.85637261005
109.16,87476.8786687047
109.17,87481.0758881256
109.18,87483.79133359375
109.19,87486.27606803803
109.2,87489.29983374839
109.21000000000001,87491.76728616506
109.22,87494.14229689055
109.23,87499.51377343513
109.24000000000001,87499.7536006417
109.25,87504.7641267682
109.26,87505.50557052983
109.27,87509.95783626629
109.28,87511.3550101532
109.29,87512.46627201838
109.3,87518.03634219765
109.31,87519.62745862425
109.32000000000001,87523.68698120478
109.33,87524.90764356338
109.34,87527.28419783029
109.35000000000001,87528.46613659349
109.36,87535.01885901546
109.37,87536.1124556494
109.38,87539.01419167696
109.39,87542.13566283055
109.4,87545.74534636407
109.41,87547.27065225854
109.42,87549.82904469993
109.43,87553.85236885381
109.44,87556.75511275527
109.45,87558.97795123686
109.46000000000001,87562.93131194424
109.47,87564.36800477456
109.48,87568.80428809335
109.49000000000001,87571.92096805952
109.5,87572.34087840121
109.51,87575.89294203032
109.52,87578.50145297876
109.53,87582.0510798155
109.54,87585.48407859258
109.55,87588.17239370312
109.56,87590.16121835337
109.57000000000001,87592.01392381638
109.58,87593.96353225243
109.59,87597.7430338111
109.60000000000001,87600.36532613651
109.61,87601.44358836676
109.62,87607.02265931155
109.63,87609.94108319622
109.64,87611.7690169347
109.65,87613.66402414507
109.66,87618.29207694986
109.67,87620.70151419214
109.68,87623.4860766354
109.69,87625.9141883871
109.7,87628.03070139214
109.71000000000001,87630.81480732039
109.72,87635.30648636253
109.73,87638.00498873189
109.74000000000001,87638.64032958633
109.75,87642.25345561432
109.76,87645.66442405833
109.77,87648.47014868706
109.78,87651.26734462912
109.79,87652.08315106423
109.8,87657.14526994481
109.81,87660.9280290371
109.82000000000001,87662.60285871306
109.83,87664.57216671681
109.84,87668.15596831255
109.85000000000001,87671.25123228258
109.86,87675.14906714187
109.87,87674.80040472625
109.88,87680.40931298713
109.89,87682.87241697568
109.9,87685.22352016105
109.91,87688.56530772
109.92,87689.07832203007
109.93,87692.18693994104
109.94,87694.8482314157
109.95,87700.53356550961
109.96000000000001,87699.84140853724
109.97,87703.28931221439
109.98,87707.20584865713
109.99000000000001,87709.53011287868
110.0,87711.76256921918
110.01,87716.09938796906
110.02,87718.94929206542
110.03,87720.66359405237
110.04,87724.11054110949
110.05,87727.01245984575
110.06,87730.64240086773
110.07000000000001,87732.76769149727
110.08,87736.21610268856
110.09,87737.54250998676
110.10000000000001,87740.0738363018
110.11,87743.35107877436
110.12,87746.78834878546
110.13,87750.07878306296
110.14,87750.47809476702
110.15,87754.8536757255
110.16,87757.08131949881
110.17,87757.72996628705
110.18,87762.89714191984
110.19,87765.37275248159
110.2,87767.6718376261
110.21000000000001,87771.79990669705
110.22,87774.5084758015
110.23,87777.01587341123
110.24000000000001,87781.0606201918
110.25,87782.03547732379
110.26,87785.81684004668
110.27,87788.52885575884
110.28,87791.52174198897
110.29,87793.1147182728
110.3,87796.72785451314
110.31,87798.91702670154
110.32000000000001,87802.80477563223
110.33,87805.40231578393
110.34,87807.53571319698
110.35000000000001,87811.6170513066
110.36,87814.66053609761
110.37,87818.83406928045
110.38,87818.3275482488
110.39,87823.0196425548
110.4,87825.25066923047
110.41,87826.92850018266
110.42,87828.50117974325
110.43,87833.97799799609
110.44,87835.93579269109
110.45,87838.8000287689
110.46000000000001,87841.11355185193
110.47,87842.25019249454
110.48,87847.59221184744
110.49000000000001,87849.70596104188
110.5,87852.30153981494
110.51,87855.19015398118
110.52,87857.04165830683
110.53,87860.81339046264
110.54,87865.39179084748
110.55,87866.97163260894
110.56,87868.6661516279
110.57000000000001,87872.17791316133
110.58,87876.41142309217
110.59,87877.5361931798
110.60000000000001,87880.88668181823
110.61,87885.06516781826
110.62,87885.88359880351
110.63,87891.39022090132
110.64,87892.1965159293
110.65,87893.24891868576
110.66,87895.99693556687
110.67,87900.742847049
110.68,87903.83741419205
110.69,87905.44875158404
110.7,87909.45292970953
110.71000000000001,87911.75801592869
110.72,87914.79729374583
110.73,87917.07463974824
110.74000000000001,87921.86266827579
110.75,87923.71716330374
110.76,87926.37838885192
110.77,87927.80358707835
110.78,87930.06665025037
110.79,87934.98816533668
110.8,87937.38530157649
110.81,87939.11949649832
110.82000000000001,87942.9847791367
110.83,87945.61864704323
110.84,87948.89425375698
110.85000000000001,87950.57554796083
110.86,87954.3375061638
110.87,87956.16811593369
110.88,87959.87037076251
110.89,87962.46722943474
110.9,87964.36925704186
110.91,87968.36594846395
110.92,87970.8943697428
110.93,87972.02581469237
110.94,87973.87697745994
110.95,87978.35419940687
110.96000000000001,87981.5161052921
110.97,87984.25684354191
110.98,87986.71807653006
110.99000000000001,87989.65537221423
111.0,87992.82889185997
111.01,87994.96220339391
111.02,87999.43842984096
111.03,88002.67640199987
111.04,88003.49348192064
111.05,88007.8836811681
111.06,88009.81470699892
111.07000000000001,88012.50698808675
111.08,88014.68363494694
111.09,88016.68389601055
111.10000000000001,88019.95930003103
111.11,88023.15582614207
111.12,88027.03097058354
111.13,88029.9998085524
111.14,88033.51533613622
111.15,88035.87330106183
111.16,88038.41384876223
111.17,88041.17239123714
111.18,88042.66209234193
111.19,88044.26207501013
111.2,88050.69059070716
111.21000000000001,88051.32228845496
111.22,88053.48893561284
111.23,88057.63948752137
111.24000000000001,88061.27113477074
111.25,88063.1657755442
111.26,88065.50300520609
111.27,88070.1409201797
111.28,88070.91482815276
111.29,88074.76261474309
111.3,88076.64316757378
111.31,88080.14436531489
111.32000000000001,88083.92870868483
111.33,88084.66370063275
111.34,88087.40562124748
111.35000000000001,88091.2002215893
111.36,88092.523625529
111.37,88096.04972450156
111.38,88098.00133016285
111.39,88102.18246387942
111.4,88104.73868236548
111.41,88107.47930390801
111.42,88110.42898705172
111.43,88112.24036737315
111.44,88116.196668831
111.45,88118.1250841645
111.46000000000001,88120.19079517142
111.47,88125.42725499025
111.48,88126.57950663427
111.49000000000001,88131.73156550623
111.5,88135.079279795
111.51,88135.82928480387
111.52,88138.46887059703
111.53,88141.5923297819
111.54,88144.05069025586
111.55,88146.08343704841
111.56,88149.97185156394
111.57000000000001,88152.02967030503
111.58,88155.89048533051
111.59,88159.61643397015
111.60000000000001,88160.62571865795
111.61,88164.18363801487
111.62,88165.81150818281
111.63,88168.10499631966
111.64,88171.44809271912
111.65,88173.80501317451
111.66,88178.51563016624
111.67,88180.6792013649
111.68,88183.70836974967
111.69,88186.42760536596
111.7,88189.22187169609
111.71000000000001,88191.15952276705
111.72,88194.17929563564
111.73,88198.02265171641
111.74000000000001,88200.1370821885
111.75,88203.7767389698
111.76,88206.20099413604
111.77,88208.39723711186
111.78,88213.3830204479
111.79,88213.48291237532
111.8,88217.89166347713
111.81,88218.77768026406
111.82000000000001,88220.72879284748
111.83,88225.52102821818
111.84,88227.78909508871
111.85000000000001,88230.55613125759
111.86,88232.87017033708
111.87,88235.03883382128
111.88,88239.55920515007
111.89,88243.12354508825
111.9,88245.76175309667
111.91,88245.60488187717
111.92,88251.50836320805
111.93,88254.01662066764
111.94,88253.24384182013
111.95,88260.26646005233
111.96000000000001,88260.97242925235
111.97,88264.29376350898
111.98,88267.70354003509
111.99000000000001,88269.85941112562
112.0,88274.26366888828
112.01,88277.17344357283
112.02,88279.87247393717
112.03,88282.07164006714
112.04,88285.20027921272
112.05,88287.88927052081
112.06,88290.09391168707
112.07000000000001,88292.91909874967
112.08,88295.41075727697
112.09,88297.85999030685
112.10000000000001,88302.8086176102
112.11,88305.3569308969
112.12,88308.63906540381
112.13,88309.07030414965
112.14,88311.80469508428
112.15,88313.70085892323
112.16,88318.25956336841
112.17,88320.84725226313
112.18,88323.43308396918
112.19,88327.09653875473
112.2,88329.63540892694
112.21000000000001,88332.10600847997
112.22,88335.68651568102
112.23,88338.07464122819
112.24000000000001,88341.36169367108
112.25,88342.60667998371
112.26,88345.57164008523
112.27,88347.56687137373
112.28,88350.26696656618
112.29,88355.54893561476
112.3,88356.49403542817
112.31,88362.37641171284
112.32000000000001,88362.61113885911
112.33,88365.39569740457
112.34,88369.10495843107
112.35000000000001,88370.3286955469
112.36,88374.7093203225
112.37,88377.6137416263
112.38,88378.01190202955
112.39,88383.11937703595
112.4,88385.01315665181
112.41,88389.18098526222
112.42,88391.11489213165
112.43,88394.78141919023
112.44,88395.14428428205
112.45,88399.22370418956
112.46000000000001,88402.34940822721
112.47,88405.72440096125
112.48,88409.15906967253
112.49000000000001,88411.0040568752
112.5,88411.82025416898
112.51,88418.1112998483
112.52,88418.63172675687
112.53,88421.64215180864
112.54,88426.18684471467
112.55,88426.76347863203
112.56,88431.92387469154
112.57000000000001,88432.64138140164
112.58,88436.9735548969
112.59,88437.74837373024
112.60000000000001,88441.16058534748
112.61,88445.3103407865
112.62,88448.5697047595
112.63,88449.79133244768
112.64,88453.57894637978
112.65,88455.9674766824
112.66,88458.61782209798
112.67,88460.56999539444
112.68,88463.93425468949
112.69,88466.87648662692
112.7,88468.59833074376
112.71000000000001,88472.13915019776
112.72,88475.31526703652
112.73,88478.4127246706
112.74000000000001,88480.52186640583
112.75,88484.0921748202
112.76,88485.91787729772
112.77,88489.07619008087
112.78,88493.57692423648
112.79,88494.3359049932
112.8,88497.956903557
112.81,88500.01682809883
112.82000000000001,88503.36352279369
112.83,88506.77426384634
112.84,88510.51369684447
112.85000000000001,88512.45685708127
112.86,88514.93280335837
112.87,88516.3030438144
112.88,88519.50340247568
112.89,88523.18574346168
112.9,88525.40753426221
112.91,88528.22209123398
112.92,88531.00468269932
112.93,88534.98162495185
112.94,88534.69221319632
112.95,88538.52417406125
112.96000000000001,88542.40608467515
112.97,88545.57039131815
112.98,88547.43006803744
112.99000000000001,88553.01636461758
113.0,88552.0937902848
113.01,88555.95689721323
113.02,88559.8709739559
113.03,88562.61827137138
113.04,88565.27016622726
113.05,88567.03986085209
113.06,88573.2220218651
113.07000000000001,88574.64881402472
113.08,88577.18227785901
113.09,88579.36505098047
113.10000000000001,88582.6794687062
113.11,88585.95744798453
113.12,88589.08996056956
113.13,88591.42330819936
113.14,88592.97240811631
113.15,88597.4746178742
113.16,88599.47276808569
113.17,88600.86032429626
113.18,88604.54491085015
113.19,88608.74825835826
113.2,88610.22970299453
113.21000000000001,88612.4239011251
113.22,88615.28290732206
113.23,88617.13825960051
113.24000000000001,88621.43122543539
113.25,88625.02966783753
113.26,88626.72560130573
113.27,88629.88085741231
113.28,88631.16151014985
113.29,88635.13433765549
113.3,88637.24946276394
113.31,88640.33011825885
113.32000000000001,88645.12498387488
113.33,88646.94837389787
113.34,88649.01698571171
113.35000000000001,88655.0125628356
113.36,88655.05774908524
113.37,88658.63189552883
113.38,88658.74021455273
113.39,88664.84480275388
113.4,88667.83006728445
113.41,88667.72475493474
113.42,88672.17239395133
113.43,88676.2739026059
113.44,88676.25008456055
113.45,88679.9283310441
113.46000000000001,88684.35262114709
113.47,88686.60314114192
113.48,88689.37827303467
113.49000000000001,88692.7621853524
113.5,88693.43936226351
113.51,88697.6779177957
113.52,88701.58687268193
113.53,88703.07925762645
113.54,88704.51528906042
113.55,88708.99408714949
113.56,88712.53728826079
113.57000000000001,88715.22360141716
113.58,88716.59136503124
113.59,88720.3775520481
113.60000000000001,88722.06348914781
113.61,88725.26274095269
113.62,88730.46042938063
113.63,88731.56142968635
113.64,88735.23784652364
113.65,88736.56431447476
113.66,88740.30481993422
113.67,88742.81706197617
113.68,88743.66609088375
113.69,88745.75381858785
113.7,88752.24160564337
113.71000000000001,88753.67074277592
113.72,88756.97463961584
113.73,88759.8793935195
113.74000000000001,88760.5213514836
113.75,88762.99462467084
113.76,88767.62903474944
113.77,88771.68691646897
113.78,88773.10321289273
113.79,88776.09360363719
113.8,88778.93671595238
113.81,88780.95111920855
113.82000000000001,88784.97806351821
113.83,88786.97708115343
113.84,88791.43308580999
113.85000000000001,88791.25217618764
113.86,88796.30376722742
113.87,88798.13809822038
113.88,88801.93909108006
113.89,88802.52287978369
113.9,88808.66305414686
113.91,88808.02560862976
113.92,88815.04801706095
113.93,88815.62264237508
113.94,88819.13439994972
113.95,88819.55651916473
113.96000000000001,88826.13795912264
113.97,88828.03194264881
113.98,88829.46436360439
113.99000000000001,88832.22743865826
114.0,88835.96880259678
114.01,88838.94084695047
114.02,88841.94962483893
114.03,88843.25749168554
114.04,88846.1013951186
114.05,88849.75014323859
114.06,88853.26382816806
114.07000000000001,88856.37122473182
114.08,88858.21426861311
114.09,88859.41221724324
114.10000000000001,88863.51586760023
114.11,88867.0633659633
114.12,88869.29789967484
114.13,88872.7766783474
114.14,88875.68002834314
114.15,88877.47811160433
114.16,88880.33930859553
114.17,88885.88588606053
114.18,88887.19302242524
114.19,88887.9142693393
114.2,88892.56794415342
114.21000000000001,88894.5147717491
114.22,88897.28411994582
114.23,88900.2373498771
114.24000000000001,88903.13576152532
114.25,88906.76890475853
114.26,88908.52307989885
114.27,88911.2198826232
114.28,88915.5439313113
114.29,88917.34377445826
114.3,88921.25002166908
114.31,88922.4857138225
114.32000000000001,88926.37634400265
114.33,88928.44742036535
114.34,88929.8259741255
114.35000000000001,88935.7344719271
114.36,88937.53270810799
114.37,88941.4746333591
114.38,88941.77681490102
114.39,88945.75389827038
114.4,88947.44284464282
114.41,88950.63120039125
114.42,88953.60039415039
114.43,88957.28112372008
114.44,88959.65647153012
114.45,88963.75763041826
114.46000000000001,88965.3930995258
114.47,88967.65405110802
114.48,88970.57821037613
114.49000000000001,88974.69511070353
114.5,88976.93417363109
114.51,88977.79210536808
114.52,88983.33910815889
114.53,88984.0621379616
114.54,88987.76797026546
114.55,88989.32835047907
114.56,88994.12178236329
114.57000000000001,88996.2154677451
114.58,88999.4255725255
114.59,89001.46222333239
114.60000000000001,89005.3088160492
114.61,89007.12806415652
114.62,89007.54674969622
114.63,89011.92334831203
114.64,89015.07729481759
114.65,89017.54080740506
114.66,89021.47820948448
114.67,89027.42641712473
114.68,89028.00910736647
114.69,89029.16271140691
114.7,89031.057006389
114.71000000000001,89035.44248964655
114.72,89039.8181795533
114.73,89041.03668803755
114.74000000000001,89044.23547155572
114.75,89047.6024386172
114.76,89049.22279468577
114.77,89052.12699472718
114.78,89053.98733784143
114.79,89058.13084982391
114.8,89060.28130111162
114.81,89065.5389263345
114.82000000000001,89066.65328385922
114.83,89069.37539235574
114.84,89071.77671490885
114.85000000000001,89075.80000251524
114.86,89077.63709982431
114.87,89079.8827692198
114.88,89083.70714970712
114.89,89086.9572868125
114.9,89088.15453236089
114.91,89093.83645130388
114.92,89095.71042107938
114.93,89096.46311954399
114.94,89099.80811302074
114.95,89102.49039238684
114.96000000000001,89105.69778605101
114.97,89108.64107053337
114.98,89112.09754600575
114.99000000000001,89116.03136440953
115.0,89116.09548442625
115.01,89119.35859443097
115.02,89125.70954761513
115.03,89125.58302285994
115.04,89129.13093787307
115.05,89130.92067317519
115.06,89134.76070752223
115.07000000000001,89138.04823569187
115.08,89140.05648172802
115.09,89142.26834402661
115.10000000000001,89146.58750281716
115.11,89148.86407252862
115.12,89151.43330543836
115.13,89154.62081530491
115.14,89156.18674555089
115.15,89158.86759692783
115.16,89161.02495423268
115.17,89165.96365236487
115.18,89167.98714618968
115.19,89172.23307314627
115.2,89171.89380590017
115.21000000000001,89176.6496407
115.22,89179.15389631997
115.23,89182.64256557445
115.24000000000001,89185.76284352654
115.25,89187.965792065
115.26,89190.30764726814
115.27,89193.17901998792
115.28,89196.89511196583
115.29,89198.28135797926
115.3,89203.38655735181
115.31,89205.47892559312
115.32000000000001,89208.13548649398
115.33,89210.39242051779
115.34,89213.74098848946
115.35000000000001,89215.07622188468
115.36,89218.48929293404
115.37,89221.14451586046
115.38,89221.7660601041
115.39,89227.19204730591
115.4,89228.20400746743
115.41,89234.38344777847
115.42,89237.29711867575
115.43,89240.8650331262
115.44,89241.9496321677
115.45,89245.6341165626
115.46000000000001,89247.42113241667
115.47,89248.50564577123
115.48,89253.25752619405
115.49000000000001,89255.6295630542
115.5,89258.37299031312
115.51,89259.95887368594
115.52,89264.10934815026
115.53,89265.01492288723
115.54,89269.86978584212
115.55,89272.36138849887
115.56,89273.70974569807
115.57000000000001,89278.45512133729
115.58,89280.33842568344
115.59,89283.01842337043
115.60000000000001,89285.29962548864
115.61,89288.27460152733
115.62,89291.71692558563
115.63,89294.59035798065
115.64,89299.06742522128
115.65,89300.42984233786
115.66,89302.70438151469
115.67,89304.94192834076
115.68,89309.12282241245
115.69,89312.36437642788
115.7,89315.99982636978
115.71000000000001,89318.8700331493
115.72,89320.74576451631
115.73,89322.19997543472
115.74000000000001,89327.85499021137
115.75,89328.73525434828
115.76,89333.02153124873
115.77,89334.20977721151
115.78,89337.31517145302
115.79,89340.86954222612
115.8,89343.26907691885
115.81,89347.46782693057
115.82000000000001,89348.67962825963
115.83,89350.64609185404
115.84,89354.28312095853
115.85000000000001,89357.46440216634
115.86,89361.81270330846
115.87,89364.02634655609
115.88,89363.21623793479
115.89,89369.72282806494
115.9,89372.58193786423
115.91,89374.06327862824
115.92,89376.52240704103
115.93,89379.1787353847
115.94,89381.94081622633
115.95,89386.19635695814
115.96000000000001,89389.20525581785
115.97,89389.66689178116
115.98,89394.86287497787
115.99000000000001,89397.23787558978
116.0,89399.83749628582
116.01,89402.95653226941
116.02,89404.73045137346
116.03,89407.29151177678
116.04,89411.03883903012
116.05,89412.91272495108
116.06,89416.37582151692
116.07000000000001,89418.78000126367
116.08,89420.65018135724
116.09,89423.64998540873
116.10000000000001,89428.1915174256
116.11,89430.55831405293
116.12,89434.33073909009
116.13,89435.84512504413
116.14,89438.22809172093
116.15,89442.48329616054
116.16,89444.160096235
116.17,89447.92806210856
116.18,89449.54343240338
116.19,89453.47688398352
116.2,89455.66001670578
116.21000000000001,89459.15058762231
116.22,89463.93927883376
116.23,89465.13019677471
116.24000000000001,89466.92932980014
116.25,89467.61467850373
116.26,89474.03847063988
116.27,89476.53677206785
116.28,89480.00978391526
116.29,89481.47302744033
116.3,89484.02123726765
116.31,89487.52381795221
116.32000000000001,89490.4519913264
116.33,89492.2264206821
116.34,89493.74881776012
116.35000000000001,89497.23837143151
116.36,89500.99282174054
116.37,89506.35316663195
116.38,89507.87672773018
116.39,89509.77544388232
116.4,89513.35562702148
116.41,89515.9796148103
116.42,89518.51542184963
116.43,89521.57425969474
116.44,89524.80987382962
116.45,89525.96362613435
116.46000000000001,89528.35564836106
116.47,89532.52187809262
116.48,89535.43564287561
116.49000000000001,89537.9304373842
116.5,89542.11048444195
116.51,89541.82900571001
116.52,89546.7732579007
116.53,89548.45649408712
116.54,89550.65428232437
116.55,89552.32304122276
116.56,89558.25165347349
116.57000000000001,89560.92961272542
116.58,89563.70828042271
116.59,89566.94618931148
116.60000000000001,89568.36679434952
116.61,89571.56946225019
116.62,89574.48278148314
116.63,89574.65906572422
116.64,89580.31358657769
116.65,89581.84984235124
116.66,89584.82850564504
116.67,89589.02628253476
116.68,89591.46561467316
116.69,89595.00272383698
116.7,89597.74877429387
116.71000000000001,89602.25802722764
116.72,89601.16718068272
116.73,89606.96203350942
116.74000000000001,89608.7747825779
116.75,89612.59856709793
116.76,89615.73003192557
116.77,89617.51821573327
116.78,89620.90099168624
116.79,89622.84463008598
116.8,89628.30731147171
116.81,89628.04177747754
116.82000000000001,89632.40321858365
116.83,89636.0431533716
116.84,89637.35117830982
116.85000000000001,89641.47348581855
116.86,89644.50950508629
116.87,89644.32902112484
116.88,89645.49383756422
116.89,89652.14115614079
116.9,89653.04599716802
116.91,89655.79376532324
116.92,89660.12082439147
116.93,89662.64952620899
116.94,89666.02749325556
116.95,89668.99233347824
116.96000000000001,89669.79835954201
116.97,89672.79879111578
116.98,89676.8086871911
116.99000000000001,89679.1104250938
117.0,89682.39850412974
117.01,89685.00314280488
117.02,89689.18471250075
117.03,89690.98424476782
117.04,89693.94474288732
117.05,89694.85479405093
117.06,89698.78737184098
117.07000000000001,89702.91482914997
117.08,89704.80661204606
117.09,89706.60755032502
117.10000000000001,89710.60448779921
117.11,89714.13588126925
117.12,89714.5143898454
117.13,89716.35825790498
117.14,89722.0520670177
117.15,89725.77411072132
117.16,89727.0555913361
117.17,89729.86724270384
117.18,89732.89335081998
117.19,89735.88815815226
117.2,89739.67896336327
117.21000000000001,89740.55739826743
117.22,89743.40750559
117.23,89747.42354556204
117.24000000000001,89750.58805098839
117.25,89753.53138793755
117.26,89757.82572556043
117.27,89758.56017326261
117.28,89761.22169440603
117.29,89763.52925760456
117.3,89766.81360754889
117.31,89770.85045874778
117.32000000000001,89772.8581340714
117.33,89773.65973004531
117.34,89779.06942298195
117.35000000000001,89780.80548999118
117.36,89783.4514783584
117.37,89785.29064043597
117.38,89790.0096092651
117.39,89792.11602918194
117.4,89794.54833116713
117.41,89798.99585362816
117.42,89799.27279863645
117.43,89802.96574421588
117.44,89807.68964813168
117.45,89808.85572672857
117.46000000000001,89813.18533365508
117.47,89815.16002828044
117.48,89819.77556353727
117.49000000000001,89820.10530780585
117.5,89824.70364484917
117.51,89824.82615446205
117.52,89830.12913018538
117.53,89832.59704971881
117.54,89835.56973391087
117.55,89836.88395712846
117.56,89841.37017178824
117.57000000000001,89842.94731164012
117.58,89847.55207182655
117.59,89848.63147056653
117.60000000000001,89849.94257540634
117.61,89854.4140772133
117.62,89858.87627241919
117.63,89859.35208700581
117.64,89861.97123916534
117.65,89865.83197948328
117.66,89869.54730914475
117.67,89871.75641172304
117.68,89875.14737694086
117.69,89876.41997530706
117.7,89880.13203563225
117.71000000000001,89885.17977230667
117.72,89885.17683385534
117.73,89889.31391738633
117.74000000000001,89891.34953830049
117.75,89894.26722111226
117.76,89895.80452710304
117.77,89901.00716261641
117.78,89904.70781548898
117.79,89906.15655628357
117.8,89909.60248012484
117.81,89912.6199431869
117.82000000000001,89915.5133043554
117.83,89917.71727464732
117.84,89920.71061970381
117.85000000000001,89923.05914035426
117.86,89926.34300782505
117.87,89929.87601130434
117.88,89932.79175165585
117.89,89932.8570118061
117.9,89936.17619368044
117.91,89938.54960290095
117.92,89942.24042420778
117.93,89946.48975859612
117.94,89949.28161458956
117.95,89952.33158936787
117.96000000000001,89955.27446564434
117.97,89957.79587456204
117.98,89960.33157615043
117.99000000000001,89964.4685093816
118.0,89965.0787230388
118.01,89968.18147808647
118.02,89970.41043136046
118.03,89971.99775038853
118.04,89974.26621775044
118.05,89980.53266718877
118.06,89982.15374303957
118.07000000000001,89983.72964997747
118.08,89988.01158819921
118.09,89993.13926555672
118.10000000000001,89993.52284715603
118.11,89997.65325374337
118.12,89999.98259844573
118.13,90002.49983676133
118.14,90005.97164387356
118.15,90007.45738162442
118.16,90009.57653502816
118.17,90013.2750045702
118.18,90017.98119106803
118.19,90019.56590468838
118.2,90023.66953217628
118.21000000000001,90026.61759581394
118.22,90027.39897541128
118.23,90030.15652196348
118.24000000000001,90033.32257459383
118.25,90036.40320142882
118.26,90039.58888352047
118.27,90041.70808872675
118.28,90046.26262514143
118.29,90047.18153445402
118.3,90049.25628329579
118.31,90053.63186016421
118.32000000000001,90055.76448924711
118.33,90059.6961444425
118.34,90061.99675241792
118.35000000000001,90066.73304984828
118.36,90066.8970178962
118.37,90070.72327031805
118.38,90074.13753548483
118.39,90075.59952561578
118.4,90077.94931012412
118.41,90081.61090307993
118.42,90084.41652896756
118.43,90086.13533285644
118.44,90090.37484536816
118.45,90092.38652389284
118.46000000000001,90095.7128541793
118.47,90098.80196160286
118.48,90100.44617151182
118.49000000000001,90104.05448018904
118.5,90107.77552696316
118.51,90111.0898153152
118.52,90112.28345839425
118.53,90115.77337530183
118.54,90120.43156539928
118.55,90122.66020646815
118.56,90122.96808470097
118.57000000000001,90128.5266285724
118.58,90129.49821288472
118.59,90130.88344608183
118.60000000000001,90135.57982802902
118.61,90139.5584624784
118.62,90143.67014002329
118.63,90144.07849823512
118.64,90147.84130103582
118.65,90149.3875422051
118.66,90152.71153231041
118.67,90154.56113937688
118.68,90156.78377716488
118.69,90159.73997803571
118.7,90163.79942647426
118.71000000000001,90167.56505819225
118.72,90168.28805546874
118.73,90173.49098471165
118.74000000000001,90175.48626626008
118.75,90178.4005805086
118.76,90182.46667371072
118.77,90184.58533447733
118.78,90185.97998641852
118.79,90187.82714350837
118.8,90191.72589849192
118.81,90197.07147813322
118.82000000000001,90198.51127295765
118.83,90203.10043302613
118.84,90202.57172792556
118.85000000000001,90205.69337204153
118.86,90209.78633076495
118.87,90214.07746691062
118.88,90216.93784582108
118.89,90217.14639228083
118.9,90220.48508955874
118.91,90223.36904170564
118.92,90228.8149094881
118.93,90230.41836651726
118.94,90232.1472915462
118.95,90233.55065244326
118.96000000000001,90239.22188640796
118.97,90239.8069068848
118.98,90242.51919385235
118.99000000000001,90246.93275890574
119.0,90249.87822428536
119.01,90250.39662282681
119.02,90255.52565348062
119.03,90259.34206512572
119.04,90261.17214326709
119.05,90264.66748602179
119.06,90266.07510157002
119.07000000000001,90268.90299195297
119.08,90271.36635352395
119.09,90276.13777329747
119.10000000000001,90278.4592872636
119.11,90281.53907107594
119.12,90284.41030811371
119.13,90286.48703044979
119.14,90288.83331787687
119.15,90293.00504847766
119.16,90292.97955827037
119.17,90295.94183334768
119.18,90301.73885668315
119.19,90303.97666288518
119.2,90304.11424258951
119.21000000000001,90307.57359547149
119.22,90309.57210494767
119.23,90313.48707804237
119.24000000000001,90316.88480295635
119.25,90321.34988922393
119.26,90321.5366012594
119.27,90326.89408835732
119.28,90328.63185890569
119.29,90331.8335135283
119.3,90333.8743154446
119.31,90338.5859200229
119.32000000000001,90339.77924478512
119.33,90341.85292238303
119.34,90343.05710993575
119.35000000000001,90347.11828700053
119.36,90351.98333025008
119.37,90353.72497011551
119.38,90356.54643589313
119.39,90359.05740746566
119.4,90361.02901856093
119.41,90365.67349185966
119.42,90369.72303238814
119.43,90370.79013501314
119.44,90373.0587139651
119.45,90376.4383583057
119.46000000000001,90378.41863061354
119.47,90382.90358683628
119.48,90385.85223337042
119.49000000000001,90388.65422818746
119.5,90389.78183778402
119.51,90393.1687154099
119.52,90397.11425344826
119.53,90399.89586009264
119.54,90403.2618728777
119.55,90404.92418943728
119.56,90410.27561245812
119.57000000000001,90411.39130561543
119.58,90413.80281598766
119.59,90416.92573737986
119.60000000000001,90419.69529237061
119.61,90423.38877912641
119.62,90425.9177655965
119.63,90428.39998687037
119.64,90430.3822756799
119.65,90434.08516543239
119.66,90435.92995867589
119.67,90438.87397818771
119.68,90444.91507302968
119.69,90444.97583815074
119.7,90448.42997238442
119.71000000000001,90451.63116382912
119.72,90454.79581018139
119.73,90456.64051853509
119.74000000000001,90459.5938989745
119.75,90461.26450539661
119.76,90465.06336620232
119.77,90467.77157777143
119.78,90470.60018232914
119.79,90476.07355132069
119.8,90474.39285116756
119.81,90480.37787624748
119.82000000000001,90482.03299911169
119.83,90482.9267793247
119.84,90488.39550051416
119.85000000000001,90491.45770221931
119.86,90493.41301729761
119.87,90495.58568092107
119.88,90499.80054761485
119.89,90501.8070041139
119.9,90506.63020844385
119.91,90508.89285423662
119.92,90511.33923322939
119.93,90513.20379775196
119.94,90515.63941237275
119.95,90520.021031015
119.96000000000001,90520.43454425587
119.97,90523.54758520065
119.98,90528.35367387591
119.99000000000001,90531.10022894558
120.0,90534.07163605142
120.01,90535.41157964093
120.02,90540.36325147237
120.03,90543.04343318474
120.04,90544.9986061344
120.05,90547.85164224957
120.06,90549.25097093161
120.07000000000001,90553.19257225275
120.08,90556.96692879009
120.09,90559.35557878534
120.10000000000001,90561.14628622217
120.11,90562.61288522549
120.12,90566.32362436393
120.13,90571.26286720703
120.14,90576.01485535072
120.15,90575.70071606933
120.16,90578.76047644179
120.17,90582.20803760896
120.18,90583.66982540913
120.19,90586.08388893153
120.2,90589.56341119412
120.21000000000001,90592.97338122684
120.22,90597.32162951489
120.23,90599.45865029091
120.24000000000001,90601.00276968867
120.25,90605.137632806
120.26,90606.29550217917
120.27,90612.2616090522
120.28,90615.15342344585
120.29,90616.71243485023
120.3,90618.5536692874
120.31,90621.91185562007
120.32000000000001,90623.5087625226
120.33,90628.96896593944
120.34,90631.29487830051
120.35000000000001,90633.10628690576
120.36,90636.37819164383
120.37,90638.62338429932
120.38,90641.00438703508
120.39,90642.6308508618
120.4,90647.86328769302
120.41,90648.71459803541
120.42,90654.66437845447
120.43,90655.92049851675
120.44,90659.02025508285
120.45,90662.99294656079
120.46000000000001,90665.75282002568
120.47,90669.23302685494
120.48,90668.5017078628
120.49000000000001,90672.85207802516
120.5,90675.85098981629
120.51,90679.1708076927
120.52,90681.28228602637
120.53,90683.03544841727
120.54,90687.66207271915
120.55,90689.42126867095
120.56,90694.2633365137
120.57000000000001,90696.64203003809
120.58,90699.10603910964
120.59,90700.98673620794
120.60000000000001,90704.19074167767
120.61,90707.73707974465
120.62,90711.35573406112
120.63,90713.76008681091
120.64,90714.77733809299
120.65,90718.90096462025
120.66,90719.51896994765
120.67,90723.74423674388
120.68,90728.39043781435
120.69,90730.23323319243
120.7,90733.38574565915
120.71000000000001,90737.20820833802
120.72,90739.18361779847
120.73,90741.30907811329
120.74000000000001,90744.62777036816
120.75,90747.01162866922
120.76,90750.54350102176
120.77,90751.80198074634
120.78,90755.13565370163
120.79,90757.20155436179
120.8,90762.78054791348
120.81,90764.72705292715
120.82000000000001,90765.80127956405
120.83,90770.72608653634
120.84,90772.91277111744
120.85000000000001,90775.57941141215
120.86,90778.96466385969
120.87,90783.23629584225
120.88,90782.81125631227
120.89,90787.46531024293
120.9,90790.41075838465
120.91,90792.60520443085
120.92,90795.15529044953
120.93,90796.99839320547
120.94,90800.15001559029
120.95,90803.21226527504
120.96000000000001,90809.68367365372
120.97,90809.03239413296
120.98,90814.37821909944
120.99000000000001,90816.72673332514
121.0,90816.94595287452
121.01,90819.80671418391
121.02,90822.48298247885
121.03,90827.17729989476
121.04,90829.5573407918
121.05,90832.9497753867
121.06,90837.02100335027
121.07000000000001,90839.53524227995
121.08,90839.39591593295
121.09,90845.43250670734
121.10000000000001,90847.70037620405
121.11,90849.75062968774
121.12,90853.5523886773
121.13,90856.23320027097
121.14,90857.21153144246
121.15,90860.04164107497
121.16,90863.69022755558
121.17,90868.03030713304
121.18,90869.0893518856
121.19,90872.82606892765
121.2,90875.3645273347
121.21000000000001,90876.6932311126
121.22,90879.75643133235
121.23,90883.62865998993
121.24000000000001,90887.65762665564
121.25,90891.8309014285
121.26,90893.21467103505
121.27,90894.72563058279
121.28,90897.96725365175
121.29,90900.08839365878
121.3,90903.19462333083
121.31,90905.71733477974
121.32000000000001,90910.68042275972
121.33,90911.64820252593
121.34,90916.6685604561
121.35000000000001,90917.57672257989
121.36,90919.71831401825
121.37,90923.79737954504
121.38,90925.59359305048
121.39,90930.11414599647
121.4,90932.51835040376
121.41,90935.58550085731
121.42,90938.17087593712
121.43,90940.62548585093
121.44,90944.3320855345
121.45,90946.93293008827
121.46000000000001,90949.90713177714
121.47,90952.64612637236
121.48,90954.5205596299
121.49000000000001,90958.56613314178
121.5,90961.9553943238
121.51,90964.46307928915
121.52,90965.78497090522
121.53,90970.2072683859
121.54,90971.93541984411
121.55,90976.23550338218
121.56,90978.41042961233
121.57000000000001,90980.24482840892
121.58,90984.18147350487
121.59,90985.83355112287
121.60000000000001,90988.35008317312
121.61,90993.61685561037
121.62,90994.5523083328
121.63,90996.60440675853
121.64,91001.74915141096
121.65,91003.29573909634
121.66,91006.59133029012
121.67,91009.2445786463
121.68,91012.20660876573
121.69,91013.59282177097
121.7,91018.43934663913
121.71000000000001,91021.77287225744
121.72,91023.37554814726
121.73,91027.01291697322
121.74000000000001,91029.72521344284
121.75,91033.27005377681
121.76,91035.68363722459
121.77,91036.3508800253
121.78,91040.6377042822
121.79,91043.73380152659
121.8,91045.91422351141
121.81,91049.9811148554
121.82000000000001,91052.52389534487
121.83,91054.6248048367
121.84,91058.44612940602
121.85000000000001,91061.47915915774
121.86,91065.0443357307
121.87,91065.61527421778
121.88,91070.67892900569
121.89,91072.93038829797
121.9,91076.01270542921
121.91,91078.76168798393
121.92,91081.55908098278
121.93,91084.55114205391
121.94,91086.61155504893
121.95,91089.9646006422
121.96000000000001,91092.11207131027
121.97,91095.87607893269
121.98,91097.72588282246
121.99000000000001,91099.07160223315
122.0,91102.93948322188
122.01,91106.70666885015
122.02,91109.3865769838
122.03,91113.96676702124
122.04,91113.4371315357
122.05,91116.71494086967
122.06,91121.62408152578
122.07000000000001,91123.19138172228
122.08,91127.48984031989
122.09,91129.56188493343
122.10000000000001,91134.18652553413
122.11,91134.74377014727
122.12,91137.57421004424
122.13,91140.58419801552
122.14,91144.37547164981
122.15,91147.90312623445
122.16,91148.78634578659
122.17,91151.92772381265
122.18,91154.28514361699
122.19,91158.0774068605
122.2,91161.21110089115
122.21000000000001,91163.30400632718
122.22,91165.78458543468
122.23,91168.85398813538
122.24000000000001,91173.64361793737
122.25,91175.4276797845
122.26,91179.66514850347
122.27,91180.23317030311
122.28,91184.09823231288
122.29,91186.12255755326
122.3,91189.22237791191
122.31,91192.3037397282
122.32000000000001,91195.00865403248
122.33,91197.98084198576
122.34,91200.9872651156
122.35000000000001,91203.66141905592
122.36,91205.56609691652
122.37,91210.67629459022
122.38,91212.03612077776
122.39,91214.6150462057
122.4,91217.1119824197
122.41,91219.50209267036
122.42,91225.3762721017
122.43,91228.32388029926
122.44,91229.0562039762
122.45,91233.19952144628
122.46000000000001,91235.31463082433
122.47,91236.50323094658
122.48,91240.97570709769
122.49000000000001,91243.44338651776
122.5,91245.13710495929
122.51,91251.01497755229
122.52,91253.71615835617
122.53,91254.13462608894
122.54,91259.48059877173
122.55,91261.5366515808
122.56,91264.32585431669
122.57000000000001,91266.39039175952
122.58,91269.68190692212
122.59,91271.47097551491
122.60000000000001,91273.85598751856
122.61,91277.27622890333
122.62,91279.95343307688
122.63,91285.60770046014
122.64,91286.7980596156
122.65,91289.72992946464
122.66,91293.99240948587
122.67,91295.17890280954
122.68,91298.61119546356
122.69,91301.09779988251
122.7,91301.9013744626
122.71000000000001,91306.56114995565
122.72,91309.89436655755
122.73,91310.71263389877
122.74000000000001,91316.42563106504
122.75,91317.68461557358
122.76,91320.20633026722
122.77,91324.50863225464
122.78,91327.37565240901
122.79,91329.68174555921
122.8,91332.43262635775
122.81,91334.27850341173
122.82000000000001,91339.62764510312
122.83,91340.54360164875
122.84,91343.60817222367
122.85000000000001,91346.06179944037
122.86,91349.53240423
122.87,91351.94032951014
122.88,91354.26009314852
122.89,91358.37843485134
122.9,91359.82714850448
122.91,91363.30986606241
122.92,91369.05287879184
122.93,91369.80604409336
122.94,91372.32671092394
122.95,91375.81060349203
122.96000000000001,91379.12007693156
122.97,91379.6873933619
122.98,91381.77940074957
122.99000000000001,91387.71294888417
123.0,91389.51847524173
123.01,91391.29802802204
123.02,91394.81261250238
123.03,91399.75208428685
123.04,91402.18849196823
123.05,91405.76008905059
123.06,91407.51191161094
123.07000000000001,91410.20584056244
123.08,91413.02882772166
123.09,91414.94883882331
123.10000000000001,91417.34483547474
123.11,91421.0529546195
123.12,91423.84155070543
123.13000000000001,91426.47801406313
123.14,91431.35229311894
123.15,91433.51743025736
123.16,91435.16019643855
123.17,91438.51238538833
123.18,91439.79845292943
123.19,91444.11986059678
123.2,91445.76079673112
123.21000000000001,91450.48195589097
123.22,91451.79414627349
123.23,91455.15431590528
123.24000000000001,91458.78540808213
123.25,91460.58797899455
123.26,91464.90098997287
123.27,91466.12845783314
123.28,91471.00294101132
123.29,91472.24067866661
123.3,91476.34290712191
123.31,91477.49260265318
123.32000000000001,91480.2951648548
123.33,91484.35291779954
123.34,91487.45662483979
123.35000000000001,91489.76570229154
123.36,91492.84053920879
123.37,91494.27389780046
123.38000000000001,91499.59976464207
123.39,91501.40116087387
123.4,91504.74774925988
123.41,91505.27604357812
123.42,91510.013542791
123.43,91513.0432487207
123.44,91516.2328726946
123.45,91518.07179728894
123.46000000000001,91520.64579697279
123.47,91526.2183238781
123.48,91527.9051516368
123.49000000000001,91529.68811770083
123.5,91532.95568339291
123.51,91535.54991818893
123.52,91538.87082162224
123.53,91542.7439043942
123.54,91543.61698123884
123.55,91546.69383243406
123.56,91551.16580246354
123.57000000000001,91552.91675582815
123.58,91554.98503108072
123.59,91557.17305978476
123.60000000000001,91559.97778160845
123.61,91564.86739412337
123.62,91566.5244814531
123.63000000000001,91569.27523363102
123.64,91572.72289635974
123.65,91576.96715752414
123.66,91577.6251591048
123.67,91581.20202124042
123.68,91583.79638317812
123.69,91587.2368677208
123.7,91590.04616831623
123.71000000000001,91593.5671691376
123.72,91595.98098838172
123.73,91598.96433762582
123.74000000000001,91602.62626309031
123.75,91604.9541451805
123.76,91605.14229206917
123.77,91611.10783953112
123.78,91612.76133557154
123.79,91616.92506821753
123.8,91617.9004205562
123.81,91621.96454418876
123.82000000000001,91624.10497671232
123.83,91626.74300990542
123.84,91629.78147446246
123.85000000000001,91634.54381970216
123.86,91636.68328294401
123.87,91638.26124778768
123.88000000000001,91639.64671116971
123.89,91645.11118926096
123.9,91646.45065067592
123.91,91650.67721088244
123.92,91653.77855063054
123.93,91654.6532896742
123.94,91658.67446922563
123.95,91661.32726331698
123.96000000000001,91665.87496373826
123.97,91667.06858580896
123.98,91671.43165870375
123.99000000000001,91673.00079923846
124.0,91675.61974898777
124.01,91677.67234411763
124.02,91681.89271818247
124.03,91684.3378643702
124.04,91689.00533295005
124.05,91690.67602936088
124.06,91692.80526988965
124.07000000000001,91695.13399706373
124.08,91699.58459906332
124.09,91702.10992977566
124.10000000000001,91705.81801223243
124.11,91707.24455358945
124.12,91710.03214105371
124.13000000000001,91713.63501782747
124.14,91716.6281784631
124.15,91720.74824692635
124.16,91721.65245794598
124.17,91726.0953367096
124.18,91726.17845946859
124.19,91730.10931219514
124.2,91734.4532173368
124.21000000000001,91735.72214324324
124.22,91739.45250822359
124.23,91740.87233878732
124.24000000000001,91745.93212216043
124.25,91746.1770613851
124.26,91749.53576192635
124.27,91754.02631462598
124.28,91754.9960828427
124.29,91761.44978090715
124.3,91765.10676424723
124.31,91764.06690970653
124.32000000000001,91767.4806236975
124.33,91770.56421342319
124.34,91771.65620939838
124.35000000000001,91778.09566746665
124.36,91780.56955712289
124.37,91781.88670263108
124.38000000000001,91785.20041694424
124.39,91785.54156998819
124.4,91789.99729467505
124.41,91793.16876875484
124.42,91797.0877247984
124.43,91798.60129051353
124.44,91803.14472713851
124.45,91804.65253883236
124.46000000000001,91809.54063294103
124.47,91808.72307172012
124.48,91815.19736226197
124.49000000000001,91816.78581194664
124.5,91819.65858865823
124.51,91821.52086381098
124.52,91825.9531119066
124.53,91828.74312193188
124.54,91828.71051419362
124.55,91834.2349731069
124.56,91837.67382729902
124.57000000000001,91840.37797675857
124.58,91842.71028508666
124.59,91845.96959813047
124.60000000000001,91848.87966379772
124.61,91851.42203164245
124.62,91854.23219882614
124.63000000000001,91855.26624331101
124.64,91860.8910986045
124.65,91862.2227936222
124.66,91866.06962723505
124.67,91868.31719468851
124.68,91870.15944262745
124.69,91872.94669537342
124.7,91875.51425445748
124.71000000000001,91877.67723577941
124.72,91882.8584163419
124.73,91885.4351621304
124.74000000000001,91888.14160493498
124.75,91889.24440851928
124.76,91894.08121564638
124.77,91896.98700780953
124.78,91898.86980986584
124.79,91904.67909321602
124.8,91905.95734851187
124.81,91907.89392336327
124.82000000000001,91913.12033945112
124.83,91915.44936020226
124.84,91916.56996457028
124.85000000000001,91919.87600438738
124.86,91921.03082179595
124.87,91925.92972017771
124.88000000000001,91930.94527771579
124.89,91930.1805149487
124.9,91934.21397375753
124.91,91936.61704676475
124.92,91938.63690737559
124.93,91941.51271054106
124.94,91945.8587985042
124.95,91947.26340821366
124.96000000000001,91949.2407384562
124.97,91952.47918739039
124.98,91953.34440678058
124.99000000000001,91955.47562020493
125.0,91958.71392169957
125.01,91959.92149342217
125.02,91960.9641043674
125.03,91962.02401647148
125.04,91963.9621004328
125.05,91967.51999757136
125.06,91969.17713650897
125.07000000000001,91969.96082668919
125.08,91970.93959248326
125.09,91973.21869616103
125.10000000000001,91975.0424440344
125.11,91977.64393385855
125.12,91975.85513965829
125.13000000000001,91979.24404048208
125.14,91978.99160193086
125.15,91982.364409209
125.16,91982.1349097114
125.17,91983.28016347272
125.18,91986.1945530741
125.19,91988.51834812254
125.2,91987.5995978903
125.21000000000001,91989.36246982265
125.22,91989.53946953965
125.23,91991.71940577388
125.24000000000001,91995.16887927453
125.25,91994.86297948544
125.26,91995.21259713102
125.27,91996.16521696805
125.28,91998.84172102867
125.29,91998.97868834711
125.3,91998.49541488693
125.31,92000.15706481968
125.32000000000001,92002.62711010753
125.33,92000.98045556604
125.34,92004.4309389483
125.35000000000001,92006.35760476839
125.36,92006.37545881634
125.37,92006.6837039412
125.38000000000001,92009.45377540236
125.39,92008.49853394383
125.4,92010.5173873585
125.41,92011.23315844021
125.42,92012.15945373464
125.43,92015.58632516899
125.44,92015.04336701633
125.45,92015.25556719268
125.46000000000001,92015.79032930429
125.47,92016.18113940096
125.48,92017.35153020378
125.49000000000001,92020.18836174418
125.5,92020.72639048671
125.51,92020.80382078851
125.52,92020.98619854395
125.53,92022.5912294942
125.54,92024.30475886037
125.55,92023.95441296037
125.56,92025.59386748099
125.57000000000001,92024.38516842817
125.58,92027.9193004637
125.59,92028.95101197169
125.60000000000001,92028.35130177169
125.61,92030.16697382188
125.62,92032.08808408624
125.63000000000001,92032.2768897958
125.64,92031.13245085615
125.65,92033.04868753598
125.66,92033.59949097053
125.67,92035.56540874796
125.68,92034.56270181402
125.69,92038.88857823596
125.7,92037.24248360805
125.71000000000001,92037.07056254323
125.72,92038.7341340904
125.73,92040.9468478393
125.74000000000001,92040.17839629305
125.75,92042.78371688073
125.76,92042.01274006604
125.77,92042.42073049748
125.78,92041.75242352714
125.79,92045.75937912853
125.8,92044.75183087843
125.81,92044.94666829692
125.82000000000001,92046.57228270508
125.83,92045.84361377625
125.84,92047.581933196
125.85000000000001,92049.9374657242
125.86,92049.698701485
125.87,92050.13058133775
125.88000000000001,92052.50898402541
125.89,92052.64523181293
125.9,92052.53773856141
125.91,92053.32924601847
125.92,92054.2923175711
125.93,92053.83211495272
125.94,92054.12785462261
125.95,92059.13946809128
125.96000000000001,92057.43046640417
125.97,92057.94681088201
125.98,92058.9831913955
125.99000000000001,92059.57853249554
126.0,92060.42515240611
126.01,92063.44666735717
126.02,92063.55490841708
126.03,92061.96948392341
126.04,92063.18088102821
126.05,92065.30240911091
126.06,92064.48899014007
126.07000000000001,92063.694388742
126.08,92067.60613761017
126.09,92066.12691272971
126.10000000000001,92067.45757202891
126.11,92069.46576728144
126.12,92067.50348334182
126.13000000000001,92070.84694228266
126.14,92069.84070639873
126.15,92071.35996631358
126.16,92071.74270475158
126.17,92072.04204437626
126.18,92071.29861059114
126.19,92074.68294403436
126.2,92074.88069744907
126.21000000000001,92075.25836108712
126.22,92076.63491136789
126.23,92076.55026652505
126.24000000000001,92075.98037555387
126.25,92077.5265279771
126.26,92078.78638886972
126.27,92079.99586059168
126.28,92080.15965543897
126.29,92080.99673844199
126.3,92082.557597469
126.31,92081.38534653978
126.32000000000001,92083.34305441726
126.33,92083.71631926045
126.34,92082.72671486047
126.35000000000001,92085.756529949
126.36,92083.6921943976
126.37,92085.77899552642
126.38000000000001,92085.57250893922
126.39,92089.21335843804
126.4,92088.14261973448
126.41,92089.86638233949
126.42,92087.1034238815
126.43,92091.81240805391
126.44,92090.96168009183
126.45,92092.89016908548
126.46000000000001,92089.71988930463
126.47,92094.53154640784
126.48,92094.57826295501
126.49000000000001,92093.72882043238
126.5,92094.96931496347
126.51,92096.63839977984
126.52,92095.35694248356
126.53,92094.23338114205
126.54,92096.88418111549
126.55,92097.86858597101
126.56,92097.5599464154
126.57000000000001,92099.08334244738
126.58,92099.25832702077
126.59,92101.07920667481
126.60000000000001,92099.81581752325
126.61,92101.99423834478
126.62,92103.19084946525
126.63000000000001,92103.79852126492
126.64,92104.72669408577
126.65,92104.77020209726
126.66,92104.69143065918
126.67,92107.29559532093
126.68,92107.7816119221
126.69,92107.70012691017
126.7,92106.98654618172
126.71000000000001,92108.69634290156
126.72,92109.3370364454
126.73,92111.77086677766
126.74000000000001,92109.7363482163
126.75,92113.30469099327
126.76,92112.37401296345
126.77,92112.71623508667
126.78,92111.36606971688
126.79,92113.48063193039
126.8,92114.33681677154
126.81,92112.46076566787
126.82000000000001,92115.36828111565
126.83,92115.05071556005
126.84,92117.11233254378
126.85000000000001,92117.1500948909
126.86,92117.07437247808
126.87,92119.7661900296
126.88000000000001,92121.30069521959
126.89,92119.68775790978
126.9,92123.43520214906
126.91,92121.34266139707
126.92,92121.2302431971
126.93,92122.55404461929
126.94,92124.23894572897
126.95,92125.47039128614
126.96000000000001,92123.9938754294
126.97,92124.23963840921
126.98,92126.35376028818
126.99000000000001,92127.24397777866
127.0,92125.64449372515
127.01,92127.1423344829
127.02,92128.12611910011
127.03,92130.28522509294
127.04,92128.67042056122
127.05,92129.27102691642
127.06,92131.40076873652
127.07000000000001,92131.33663290109
127.08,92131.09667699975
127.09,92132.49410445755
127.10000000000001,92132.31357496504
127.11,92135.62827430498
127.12,92136.55496436187
127.13000000000001,92135.97180204405
127.14,92137.3028557988
127.15,92137.75700119142
127.16,92138.50162906798
127.17,92140.74556112016
127.18,92139.86019881176
127.19,92141.36963902974
127.2,92139.34995874055
127.21000000000001,92141.052066555
127.22,92140.93497358583
127.23,92143.37650243739
127.24000000000001,92144.36894364536
127.25,92142.80442167966
127.26,92145.88045274343
127.27,92144.49811826211
127.28,92144.64408603363
127.29,92143.98855957377
127.3,92146.71513740282
127.31,92147.06892338087
127.32000000000001,92148.43432658436
127.33,92149.57424708804
127.34,92149.62974924804
127.35000000000001,92150.03106337937
127.36,92151.2879187258
127.37,92150.16165117065
127.38000000000001,92153.0314370469
127.39,92152.59881815739
127.4,92153.62963553536
127.41,92154.14188779987
127.42,92153.92365594553
127.43,92156.27789003
127.44,92157.9764929842
127.45,92156.78417595461
127.46000000000001,92156.62562145617
127.47,92157.14657874637
127.48,92157.87652683255
127.49000000000001,92159.27444510172
127.5,92159.62353048282
127.51,92161.3049585345
127.52,92161.59962494356
127.53,92163.31423861378
127.54,92163.54838100942
127.55,92163.42305568681
127.56,92164.45854821974
127.57000000000001,92164.01322719613
127.58,92164.6989122877
127.59,92164.3342117725
127.60000000000001,92167.2356289655
127.61,92167.1385784766
127.62,92167.61148193623
127.63000000000001,92167.75010386152
127.64,92167.41176784552
127.65,92168.21010298883
127.66,92169.89856095552
127.67,92171.8323534148
127.68,92170.15353507291
127.69,92171.27177283012
127.7,92171.51378520705
127.71000000000001,92172.65153402969
127.72,92175.53299441145
127.73,92173.7830473789
127.74000000000001,92175.45665185414
127.75,92176.11185154245
127.76,92178.28685504498
127.77,92177.02631957186
127.78,92178.2940053851
127.79,92178.61977177493
127.8,92178.48991473395
127.81,92180.61989412106
127.82000000000001,92182.31745103782
127.83,92181.08437889726
127.84,92179.29245791203
127.85000000000001,92184.7858150505
127.86,92181.39947122853
127.87,92184.00199835053
127.88000000000001,92184.36471127995
127.89,92185.17975642715
127.9,92186.16636668725
127.91,92186.6704716085
127.92,92186.88635476363
127.93,92189.38486134485
127.94,92188.81700546629
127.95,92189.96530964608
127.96000000000001,92189.57936992025
127.97,92188.88375135
127.98,92189.29805808015
127.99000000000001,92191.08788546972
128.0,92191.06291612236
128.01,92192.51256466484
128.02,92193.26940253744
128.03,92192.11830058524
128.04,92195.72948647404
128.05,92195.31732087195
128.06,92194.42953567821
128.07,92197.72664928185
128.08,92198.01755797498
128.09,92197.93400367211
128.1,92198.22795527773
128.11,92200.20833210548
128.12,92199.64707881672
128.13,92200.27545315686
128.14000000000001,92201.38341972517
128.15,92202.73081260007
128.16,92200.93362962187
128.17000000000002,92202.85144774904
128.18,92202.23240434365
128.19,92203.01222199496
128.2,92201.81861197107
128.21,92206.41625231538
128.22,92206.63996511638
128.23,92204.87321728881
128.24,92207.7866793692
128.25,92207.20989335769
128.26,92207.53086758165
128.27,92211.20083061796
128.28,92209.44737253111
128.29,92211.12943682057
128.3,92210.34974867204
128.31,92212.09993157857
128.32,92211.60946584606
128.33,92210.34157718523
128.34,92212.58235552938
128.35,92215.43670754065
128.36,92214.63640603687
128.37,92214.96713907889
128.38,92216.83252302061
128.39000000000001,92216.40132030493
128.4,92216.40083197223
128.41,92216.81592755551
128.42000000000002,92218.07147459737
128.43,92219.34208641853
128.44,92221.8092462182
128.45,92220.51227664687
128.46,92220.28140309663
128.47,92222.7026270255
128.48,92223.400323567
128.49,92222.47810147206
128.5,92222.8227873151
128.51,92224.39195164054
128.52,92226.19380658497
128.53,92225.14614126389
128.54,92225.19003496793
128.55,92226.66814243131
128.56,92228.60004426689
128.57,92227.47352830887
128.58,92225.98950548503
128.59,92229.62709411379
128.6,92231.07007515046
128.61,92230.45223682458
128.62,92233.110249289
128.63,92232.24747110606
128.64000000000001,92231.93781170229
128.65,92235.82821359586
128.66,92233.67822980304
128.67000000000002,92233.74467761932
128.68,92234.47609530228
128.69,92236.4256150995
128.7,92235.65498314647
128.71,92234.96018604274
128.72,92237.90238725708
128.73,92238.78039642457
128.74,92237.37052751642
128.75,92240.46662081558
128.76,92238.9092186583
128.77,92241.2972468416
128.78,92240.80847819621
128.79,92241.71103966906
128.8,92242.80320062648
128.81,92240.99222330116
128.82,92241.57153987847
128.83,92244.87435774588
128.84,92245.49016326119
128.85,92245.50523562229
128.86,92246.27992557688
128.87,92246.82890898873
128.88,92249.30955469827
128.89000000000001,92246.90797659678
128.9,92249.23194478179
128.91,92250.12492312306
128.92000000000002,92250.49150990014
128.93,92250.88562088671
128.94,92251.57494961735
128.95,92249.7295488309
128.96,92254.36064681507
128.97,92253.25997670979
128.98,92255.70981570438
128.99,92254.06850237647
129.0,92256.52060504007
129.01,92257.90202369752
129.02,92257.56918549772
129.03,92255.9090946466
129.04,92256.93909006538
129.05,92258.9726920354
129.06,92257.61484368297
129.07,92260.76806297452
129.08,92261.41954780373
129.09,92259.69065572637
129.1,92262.28745044387
129.11,92264.07560714957
129.12,92264.60223787051
129.13,92263.01127468442
129.14000000000001,92265.42810506061
129.15,92267.83551896138
129.16,92266.41239148815
129.17000000000002,92265.36794019754
129.18,92264.87932567521
129.19,92267.05236752545
129.2,92268.64674041832
129.21,92268.12188774753
129.22,92269.72707880414
129.23,92270.92122793736
129.24,92272.39830543996
129.25,92270.24356034887
129.26,92272.5475726198
129.27,92273.01226773024
129.28,92272.4461765618
129.29,92273.3354330907
129.3,92274.27615534156
129.31,92275.29642514154
129.32,92276.43288794623
129.33,92275.8731038541
129.34,92276.39488359587
129.35,92279.23003213675
129.36,92279.24751219485
129.37,92278.09821087672
129.38,92280.59575854939
129.39000000000001,92280.48737670832
129.4,92279.65520940597
129.41,92282.37813157811
129.42000000000002,92281.61763252503
129.43,92284.38640404948
129.44,92281.00423975592
129.45,92283.6716630908
129.46,92285.86841213645
129.47,92284.91544780193
129.48,92286.21021256813
129.49,92285.46651035534
129.5,92287.12373601757
129.51,92288.37004812638
129.52,92287.89297989811
129.53,92288.7880975252
129.54,92289.92558798777
129.55,92290.33681395822
129.56,92290.7542634251
129.57,92292.068244053
129.58,92292.20940124276
129.59,92292.09881894426
129.6,92295.57629154238
129.61,92294.76226192275
129.62,92296.94050552031
129.63,92294.86094106275
129.64000000000001,92296.926234454
129.65,92295.94191522407
129.66,92299.31824704117
129.67000000000002,92299.40323127704
129.68,92298.74427500281
129.69,92298.56877908218
129.7,92299.6491472786
129.71,92300.21898841925
129.72,92301.08924191273
129.73,92304.03314505622
129.74,92300.94357493505
129.75,92302.68106179663
129.76,92304.20846975745
129.77,92304.84740429306
129.78,92304.00041523324
129.79,92305.51625418363
129.8,92307.66521387709
129.81,92307.78281007236
129.82,92309.0492163546
129.83,92309.1355238607
129.84,92309.27846490854
129.85,92311.60686342462
129.86,92309.55595129667
129.87,92311.21731623882
129.88,92310.5556605938
129.89000000000001,92312.59963553264
129.9,92314.50506968367
129.91,92312.83527500443
129.92000000000002,92313.30678863014
129.93,92314.31841522815
129.94,92316.36787685826
129.95,92314.3626358946
129.96,92317.08812905992
129.97,92317.86166653561
129.98,92319.09496316445
129.99,92320.35049835907
130.0,92319.75691580903
130.01,92318.70491246815
130.02,92321.05072952776
130.03,92320.93027093764
130.04,92323.46139932348
130.05,92322.08839998566
130.06,92323.36449405368
130.07,92324.08345833927
130.08,92325.63194555529
130.09,92325.57883221225
130.1,92327.23329273835
130.11,92326.07423006925
130.12,92328.15457070392
130.13,92327.34958660198
130.14000000000001,92327.41501198565
130.15,92330.24171471524
130.16,92329.26007136934
130.17000000000002,92329.5565724957
130.18,92330.61428706614
130.19,92331.01499065588
130.2,92331.91941074721
130.21,92332.48967399147
130.22,92334.26036883176
130.23,92333.08111284628
130.24,92333.90850933026
130.25,92334.38072109607
130.26,92334.14185096226
130.27,92335.13257674254
130.28,92336.75538951044
130.29,92339.62151283605
130.3,92338.7682933754
130.31,92338.85537063424
130.32,92338.62594153528
130.33,92340.27731279012
130.34,92341.68029782988
130.35,92339.29843688753
130.36,92341.76469023022
130.37,92344.30408508483
130.38,92343.1334155101
130.39000000000001,92345.12204511273
130.4,92344.57542254859
130.41,92343.13724019457
130.42000000000002,92345.77254870188
130.43,92348.05827498606
130.44,92347.3153560113
130.45,92351.21536478458
130.46,92348.68090825906
130.47,92349.60135706833
130.48,92350.17518514591
130.49,92349.56434608817
130.5,92349.47433804609
130.51,92352.61129826435
130.52,92351.69084265716
130.53,92353.60340233425
130.54,92353.54235451674
130.55,92353.57055239708
130.56,92353.97658042122
130.57,92354.74636777655
130.58,92356.61297495912
130.59,92357.69947686871
130.6,92356.89780588305
130.61,92357.5424395133
130.62,92357.49928747064
130.63,92359.4689289308
130.64000000000001,92359.27926822528
130.65,92359.4498392046
130.66,92360.66502330094
130.67000000000002,92361.37107696355
130.68,92362.16987016152
130.69,92362.65317553091
130.7,92364.4384096661
130.71,92364.87573322414
130.72,92366.1284540061
130.73,92366.58673015161
130.74,92365.30128744552
130.75,92366.3493301003
130.76,92368.71888189088
130.77,92369.1100372469
130.78,92369.26533177473
130.79,92370.29884443343
130.8,92369.23480707004
130.81,92370.70102252896
130.82,92370.25091742359
130.83,92374.5269833546
130.84,92371.98386573423
130.85,92374.53982519938
130.86,92372.59411251161
130.87,92376.03231584941
130.88,92375.86908451666
130.89000000000001,92375.54041476418
130.9,92375.75680087971
130.91,92378.10963698824
130.92000000000002,92379.4895574143
130.93,92378.35713093067
130.94,92378.32110733082
130.95,92380.60982603276
130.96,92381.38225289392
130.97,92381.9195460666
130.98,92381.74648220926
130.99,92382.91569775743
131.0,92381.85294972136
131.01,92382.58626640779
131.02,92384.40106424438
131.03,92385.44031756397
131.04,92384.85250886221
131.05,92385.9961402985
131.06,92386.11773371385
131.07,92388.009140738
131.08,92389.31107498615
131.09,92389.06500277219
131.1,92390.65988136352
131.11,92389.3434013812
131.12,92390.35535290938
131.13,92391.27791898728
131.14000000000001,92392.92635416571
131.15,92392.40031331476
131.16,92393.78246634772
131.17000000000002,92393.94797322339
131.18,92396.72752915857
131.19,92397.17225360357
131.2,92396.23179582752
131.21,92396.59781322889
131.22,92397.59472024921
131.23,92398.47138300508
131.24,92400.26152264744
131.25,92398.74598137721
131.26,92398.63591304894
131.27,92400.20231847251
131.28,92399.879520441
131.29,92402.54533041116
131.3,92403.29145119342
131.31,92404.21397739096
131.32,92402.99890689102
131.33,92402.61658772272
131.34,92404.4220394641
131.35,92404.90210571093
131.36,92407.02145449507
131.37,92405.02719846005
131.38,92406.79753111656
131.39000000000001,92408.73651019878
131.4,92410.20301214723
131.41,92407.91935926948
131.42000000000002,92409.40310394083
131.43,92410.40194867367
131.44,92411.15314519378
131.45,92412.95611361775
131.46,92413.29335366563
131.47,92412.48752631208
131.48,92414.01810615975
131.49,92415.50712969106
131.5,92415.2351623767
131.51,92416.10646017957
131.52,92416.53880594237
131.53,92418.12475594912
131.54,92417.25402399112
131.55,92417.46161378165
131.56,92419.3167667629
131.57,92420.51151635498
131.58,92421.01379965647
131.59,92422.43547619294
131.6,92422.02000010376
131.61,92421.17320281254
131.62,92420.87887816336
131.63,92423.82020979695
131.64000000000001,92424.26951236498
131.65,92424.33769324953
131.66,92424.28659039969
131.67000000000002,92424.80167875011
131.68,92426.57207055412
131.69,92426.60158612957
131.7,92429.46765336263
131.71,92427.69540018946
131.72,92429.75573786334
131.73,92431.65365624204
131.74,92431.23192553494
131.75,92431.81208529635
131.76,92430.61910111169
131.77,92431.6308920786
131.78,92433.48500759336
131.79,92432.2186602093
131.8,92433.14128718992
131.81,92436.18541911081
131.82,92435.86856797228
131.83,92436.52776658071
131.84,92436.9406594406
131.85,92438.44797645893
131.86,92436.80757590204
131.87,92440.58249797841
131.88,92439.14769121712
131.89000000000001,92439.72133368794
131.9,92440.66797515578
131.91,92440.27005867621
131.92000000000002,92441.56200779592
131.93,92441.03474420562
131.94,92441.64408310874
131.95,92444.6690645158
131.96,92444.13448455368
131.97,92446.00438368843
131.98,92444.39068254248
131.99,92446.77347242569
132.0,92447.8156534775
132.01,92448.92451970441
132.02,92446.55210193143
132.03,92449.74018206965
132.04,92449.44519253729
132.05,92450.75950029664
132.06,92452.00765784501
132.07,92452.38456504089
132.08,92451.86258670132
132.09,92452.81973693472
132.1,92455.32363907764
132.11,92454.46388038564
132.12,92455.21344850183
132.13,92455.65000751714
132.14000000000001,92456.6071055396
132.15,92456.82209508272
132.16,92456.35988960486
132.17000000000002,92458.8273090296
132.18,92459.02776003926
132.19,92458.34686427648
132.2,92461.579533587
132.21,92460.36841789921
132.22,92463.34770979483
132.23,92462.56000158911
132.24,92463.21268355892
132.25,92462.55784023942
132.26,92462.87416779474
132.27,92463.96166960367
132.28,92464.06182286148
132.29,92466.39747950208
132.3,92465.56204098824
132.31,92467.5713910257
132.32,92466.36689124707
132.33,92467.89167428664
132.34,92468.11960002294
132.35,92468.05022260752
132.36,92468.59443428481
132.37,92471.71818938847
132.38,92472.45865126405
132.39000000000001,92471.14796134409
132.4,92473.66240940419
132.41,92472.54327900981
132.42000000000002,92474.30560318327
132.43,92474.62500802959
132.44,92474.9025812509
132.45,92475.96662496415
132.46,92474.70569843704
132.47,92478.40636798022
132.48,92478.38609965671
132.49,92479.28550104132
132.5,92476.98893435666
132.51,92477.42599670877
132.52,92478.97942059771
132.53,92483.77587930913
132.54,92481.18654786077
132.55,92480.38215564293
132.56,92482.15420089618
132.57,92484.39260340622
132.58,92482.33611629624
132.59,92483.50232781486
132.6,92485.36881600981
132.61,92485.51555850454
132.62,92489.33486419466
132.63,92487.52839589147
132.64000000000001,92487.83374699553
132.65,92488.72826250036
132.66,92488.50030300808
132.67000000000002,92490.83455140323
132.68,92491.48040965131
132.69,92493.41085736126
132.7,92491.24877143593
132.71,92492.7209703595
132.72,92494.17565430555
132.73,92494.36207670376
132.74,92493.77570956507
132.75,92495.80309976228
132.76,92495.49096271934
132.77,92496.71623846378
132.78,92498.26630754086
132.79,92497.84699796847
132.8,92499.1871686956
132.81,92498.18112300921
132.82,92500.13437277105
132.83,92500.17926333904
132.84,92501.15066160761
132.85,92501.26580688935
132.86,92501.33722806103
132.87,92502.75265117355
132.88,92505.30368864995
132.89000000000001,92503.64555004319
132.9,92504.0429556026
132.91,92503.6268057933
132.92000000000002,92506.86203944054
132.93,92505.76104491393
132.94,92507.30450697904
132.95,92507.99883451054
132.96,92507.93229440272
132.97,92508.38410438033
132.98,92509.66808875634
132.99,92509.89144932275
133.0,92511.40608355902
133.01,92512.27190174529
133.02,92510.74716723472
133.03,92514.6906651193
133.04,92511.17202225636
133.05,92514.04676124445
133.06,92515.19021365736
133.07,92516.68018013528
133.08,92515.63156709734
133.09,92515.96414585036
133.1,92517.08317160147
133.11,92518.06660632773
133.12,92517.13906081836
133.13,92519.78645974844
133.14000000000001,92519.75753778177
133.15,92521.97431396344
133.16,92522.10358858481
133.17000000000002,92522.37865347555
133.18,92523.1166268889
133.19,92522.91802038623
133.2,92523.48052685677
133.21,92522.81561151218
133.22,92526.18911711164
133.23,92524.48432360803
133.24,92526.35271682744
133.25,92527.30940867016
133.26,92527.50290520569
133.27,92528.07900811665
133.28,92527.33735020546
133.29,92528.0322557702
133.3,92531.63041934754
133.31,92531.481542178
133.32,92531.13025461123
133.33,92530.84173339688
133.34,92534.08714825263
133.35,92532.46383646823
133.36,92534.11676903484
133.37,92533.62659161935
133.38,92537.80239182948
133.39000000000001,92537.10468167983
133.4,92536.68851297518
133.41,92538.44921410306
133.42000000000002,92539.79240742497
133.43,92537.57588759303
133.44,92541.08237048361
133.45,92539.2727172701
133.46,92539.73837851555
133.47,92540.97235177727
133.48,92541.70197716609
133.49,92541.24181257564
133.5,92543.6616997942
133.51,92543.95462540281
133.52,92544.18086462513
133.53,92547.22414262383
133.54,92546.80733596327
133.55,92546.29126647602
133.56,92546.76743332126
133.57,92547.63785588811
133.58,92548.7017059164
133.59,92548.77316419061
133.6,92549.15396197606
133.61,92549.92428638684
133.62,92550.20753732187
133.63,92552.01988124088
133.64000000000001,92551.10505943141
133.65,92551.24847421721
133.66,92553.04517222494
133.67000000000002,92551.95873828557
133.68,92555.25960531397
133.69,92554.71368834752
133.7,92556.55654904834
133.71,92556.18891557273
133.72,92558.54477073839
133.73,92557.25616566003
133.74,92557.47127329107
133.75,92558.85576513338
133.76,92559.47561385423
133.77,92560.8438618746
133.78,92559.67045086235
133.79,92559.05838591304
133.8,92561.97836951615
133.81,92562.95498769775
133.82,92562.70143935294
133.83,92563.30927026138
133.84,92563.64927149721
133.85,92564.58292744342
133.86,92565.13118497367
133.87,92566.83788857864
133.88,92567.55612539698
133.89000000000001,92568.12359267935
133.9,92567.8745693104
133.91,92568.56450692957
133.92000000000002,92570.67717069831
133.93,92570.09292364366
133.94,92571.5025291359
133.95,92571.52006433115
133.96,92572.18470941829
133.97,92572.2925311512
133.98,92574.24374043438
133.99,92573.62734013029
134.0,92575.55041205931
134.01,92574.04697461241
134.02,92575.46403914507
134.03,92578.90909161734
134.04,92577.58043850565
134.05,92579.9883783881
134.06,92577.98473666118
134.07,92579.94927964068
134.08,92580.66315384892
134.09,92581.48460355512
134.1,92581.72413721339
134.11,92583.86288161125
134.12,92581.7467707224
134.13,92583.35648128128
134.14000000000001,92585.5828709608
134.15,92583.26950806794
134.16,92586.21042577016
134.17000000000002,92586.59761339812
134.18,92585.43567261024
134.19,92585.49087434294
134.2,92587.03500468994
134.21,92588.78998704636
134.22,92588.26427583472
134.23,92589.57579576233
134.24,92590.54414317054
134.25,92588.73966966664
134.26,92591.4073165268
134.27,92592.51031307309
134.28,92593.16482415168
134.29,92593.17289062735
134.3,92592.30840963067
134.31,92594.72833548929
134.32,92596.44563739457
134.33,92597.70727592624
134.34,92596.81731324339
134.35,92597.21767279113
134.36,92598.30565549879
134.37,92598.36218324206
134.38,92600.34539960479
134.39000000000001,92600.46190621216
134.4,92600.52586719199
134.41,92600.89125870954
134.42000000000002,92602.76644973275
134.43,92604.68898505186
134.44,92602.52022403554
134.45,92603.9197492294
134.46,92602.44287056958
134.47,92606.36449551703
134.48,92605.73275923057
134.49,92605.2969788411
134.5,92608.0319070469
134.51,92609.03101437162
134.52,92608.05515942191
134.53,92608.52612961699
134.54,92609.64988986653
134.55,92610.68076576215
134.56,92609.90616124046
134.57,92610.72659422172
134.58,92611.55132363856
134.59,92611.07367559306
134.6,92611.30397435618
134.61,92614.7556735454
134.62,92613.77240252124
134.63,92615.9831105467
134.64000000000001,92616.06681942816
134.65,92616.12141421174
134.66,92617.0887778511
134.67000000000002,92617.64862099786
134.68,92618.24798421016
134.69,92619.5857118652
134.7,92619.48128950717
134.71,92622.0274691904
134.72,92622.38034186073
134.73,92620.96665238027
134.74,92622.64248659642
134.75,92623.1196010857
134.76,92622.15388305836
134.77,92624.74616242826
134.78,92625.29918305778
134.79,92624.0723193246
134.8,92627.080044259
134.81,92627.02042893913
134.82,92628.38082892512
134.83,92627.45647655541
134.84,92629.03989833474
134.85,92629.27329165602
134.86,92628.95140298094
134.87,92630.7854740275
134.88,92632.64404298861
134.89000000000001,92630.39307514459
134.9,92635.0714162634
134.91,92632.96875253199
134.92000000000002,92633.36803537219
134.93,92634.61120136667
134.94,92636.20050478743
134.95,92636.62741175541
134.96,92636.8078861213
134.97,92634.59439835341
134.98,92638.06427795626
134.99,92638.10133098268
135.0,92639.84047955234
135.01,92641.38192196269
135.02,92638.89807338038
135.03,92642.89183991379
135.04,92642.6931478959
135.05,92640.93257806916
135.06,92641.87409160257
135.07,92643.38537235517
135.08,92641.6108047736
135.09,92644.78855782619
135.1,92644.51117301884
135.11,92645.92631478739
135.12,92645.96304518505
135.13,92647.23926571531
135.14000000000001,92647.15886418472
135.15,92647.62745820674
135.16,92647.7778630946
135.17000000000002,92650.04079685941
135.18,92649.88337058313
135.19,92649.570599036
135.2,92651.41773262968
135.21,92650.64897906833
135.22,92652.21458144014
135.23,92653.34563633232
135.24,92654.39864836141
135.25,92654.94338964345
135.26,92653.5469490221
135.27,92655.43738642336
135.28,92655.53539951857
135.29,92658.22055462442
135.3,92658.44155418563
135.31,92656.67619106258
135.32,92660.1115899453
135.33,92658.83942335375
135.34,92660.91535211413
135.35,92661.83001407351
135.36,92663.61225081846
135.37,92663.01177833324
135.38,92662.03805724352
135.39000000000001,92663.00702404109
135.4,92663.88457575584
135.41,92664.30393487595
135.42000000000002,92665.66477981223
135.43,92665.37263600645
135.44,92667.41549868943
135.45,92669.32835835029
135.46,92668.73381183817
135.47,92668.28180297735
135.48,92669.68810269416
135.49,92671.93384907494
135.5,92668.69374331401
135.51,92673.02335855455
135.52,92672.55062394145
135.53,92672.24109832555
135.54,92674.17129765051
135.55,92671.68313804251
135.56,92674.35900149192
135.57,92675.53309789991
135.58,92674.75533956742
135.59,92674.9711679003
135.6,92678.23676391404
135.61,92678.68915317042
135.62,92677.97189623603
135.63,92679.97394110079
135.64000000000001,92679.38912107659
135.65,92679.79962936376
135.66,92678.75176082505
135.67000000000002,92682.39301635257
135.68,92682.20044687878
135.69,92682.63104202261
135.7,92682.60513141818
135.71,92685.91356776972
135.72,92685.54349810701
135.73,92686.35800892928
135.74,92685.99537555566
135.75,92687.33164403487
135.76,92687.69340330592
135.77,92690.17904257496
135.78,92687.46986450162
135.79,92689.33741771513
135.8,92687.75493375467
135.81,92688.47096697209
135.82,92692.27711578253
135.83,92692.88926436123
135.84,92692.3561339246
135.85,92692.66345925348
135.86,92692.7782814428
135.87,92695.71365322157
135.88,92697.15674597914
135.89000000000001,92695.75862391056
135.9,92697.56447187196
135.91,92697.47669081997
135.92000000000002,92696.41132783343
135.93,92697.6605696008
135.94,92699.61229309706
135.95,92699.44929967092
135.96,92699.28963975041
135.97,92699.54916196507
135.98,92702.72665398134
135.99,92700.98678065046
136.0,92703.28931372006
136.01,92701.59652601388
136.02,92704.49821617293
136.03,92705.36866705697
136.04,92707.5155416957
136.05,92704.4424207654
136.06,92706.68404493996
136.07,92706.21393732617
136.08,92710.0207529684
136.09,92709.06029384413
136.1,92708.60586024314
136.11,92709.75223660479
136.12,92710.22339701565
136.13,92712.65739540698
136.14000000000001,92712.57744881428
136.15,92713.87047455492
136.16,92713.14823384289
136.17000000000002,92713.05033530106
136.18,92714.69242720141
136.19,92715.02781933916
136.2,92713.85106913926
136.21,92715.81254443426
136.22,92716.16528864628
136.23,92718.76117372392
136.24,92718.58989759663
136.25,92717.1771349879
136.26,92718.32182675041
136.27,92720.4330832615
136.28,92720.96032935986
136.29,92721.77556976641
136.3,92722.41747879598
136.31,92722.29392637506
136.32,92721.80907271164
136.33,92723.15694931406
136.34,92726.136906603
136.35,92726.11162861588
136.36,92726.7966419128
136.37,92727.54023760644
136.38,92727.86791994801
136.39000000000001,92730.30094021243
136.4,92727.6302370801
136.41,92727.87888974312
136.42000000000002,92732.50658113127
136.43,92730.87367121552
136.44,92730.91422964877
136.45,92732.13061581679
136.46,92732.67655413717
136.47,92733.87041232215
136.48,92732.30735831916
136.49,92734.55054104995
136.5,92736.58952941047
136.51,92736.38935441892
136.52,92734.79719336593
136.53,92736.03625719914
136.54,92737.18061323567
136.55,92736.66568218725
136.56,92737.4832765736
136.57,92740.355629026
136.58,92741.2791348043
136.59,92740.28541811433
136.6,92742.6242823253
136.61,92740.80391882139
136.62,92742.42306410315
136.63,92742.91426315816
136.64000000000001,92742.75149753313
136.65,92744.85487167494
136.66,92745.3471668868
136.67000000000002,92746.72030654231
136.68,92746.01362567487
136.69,92746.79780401911
136.70000000000002,92747.02770540804
136.71,92748.4935856937
136.72,92749.2463056921
136.73,92749.60253912448
136.74,92750.27312582021
136.75,92751.5203612741
136.76,92752.01153071434
136.77,92751.57847006181
136.78,92751.92382088925
136.79,92752.83640168741
136.8,92755.38204297463
136.81,92754.4161892569
136.82,92754.67076150262
136.83,92755.28367473993
136.84,92756.25483275922
136.85,92756.88036964163
136.86,92758.79463743846
136.87,92758.40332248935
136.88,92759.4112343288
136.89000000000001,92760.60892302782
136.9,92760.33250884262
136.91,92762.98253152742
136.92000000000002,92760.63117438043
136.93,92764.09896629791
136.94,92763.61520501885
136.95000000000002,92762.45747581466
136.96,92764.3679271085
136.97,92765.42015866896
136.98,92765.68524803595
136.99,92766.84213043729
137.0,92767.32361981281
137.01,92769.33822284784
137.02,92767.09754658959
137.03,92769.2810395715
137.04,92770.0866635517
137.05,92769.90037547254
137.06,92773.22202994119
137.07,92770.5336000988
137.08,92771.46530223759
137.09,92772.34150546687
137.1,92772.9023888218
137.11,92775.77308620795
137.12,92772.98803888023
137.13,92775.27207613409
137.14000000000001,92775.2568347019
137.15,92775.30410293632
137.16,92777.50763746635
137.17000000000002,92778.58942119977
137.18,92780.14898187915
137.19,92780.39904312318
137.20000000000002,92780.38371499126
137.21,92778.78559938238
137.22,92782.1592909367
137.23,92781.54251933159
137.24,92781.21738615455
137.25,92782.41832105178
137.26,92783.88411197125
137.27,92783.42722491556
137.28,92783.21700973593
137.29,92785.11797075398
137.3,92787.54801064877
137.31,92786.05236294521
137.32,92787.09433323542
137.33,92788.65385429826
137.34,92788.82407986472
137.35,92788.71833138767
137.36,92791.17799110182
137.37,92790.11039464317
137.38,92790.40455899632
137.39000000000001,92792.15274444826
137.4,92792.83899016072
137.41,92793.71401848602
137.42000000000002,92794.88489155467
137.43,92794.88928960431
137.44,92796.04115251452
137.45000000000002,92796.15676531826
137.46,92797.64400570936
137.47,92797.86365682907
137.48,92799.47153028133
137.49,92799.17721310927
137.5,92800.14522259888
137.51,92799.89289861206
137.52,92799.98351924344
137.53,92798.79875514
137.54,92798.97782596335
137.55,92800.56392151966
137.56,92801.83783796114
137.57,92802.65288433706
137.58,92803.20818927806
137.59,92804.65553423463
137.6,92804.65357201493
137.61,92805.46978870337
137.62,92806.95926183468
137.63,92807.04898873359
137.64000000000001,92808.45168991084
137.65,92808.45254059232
137.66,92809.61405733645
137.67000000000002,92809.9102790531
137.68,92811.22304199934
137.69,92809.55668549753
137.70000000000002,92811.28681895875
137.71,92812.00712224735
137.72,92814.75088112864
137.73,92812.88827501086
137.74,92814.38438326052
137.75,92813.75396793216
137.76,92812.27660142825
137.77,92815.43016181029
137.78,92818.48923011651
137.79,92817.20480688826
137.8,92817.8249912125
137.81,92818.66318528097
137.82,92820.25175843781
137.83,92820.16919915732
137.84,92820.64514618948
137.85,92820.74999277192
137.86,92820.19558408072
137.87,92822.89355942911
137.88,92820.56964764379
137.89000000000001,92822.22831651777
137.9,92823.76845140602
137.91,92825.76288215007
137.92000000000002,92825.1077195682
137.93,92825.65930533761
137.94,92826.91617230147
137.95000000000002,92828.55030067785
137.96,92829.43892929172
137.97,92828.23183466106
137.98,92830.35610124562
137.99,92828.44421168536
138.0,92831.8789583916
138.01,92831.02867008689
138.02,92832.35130693272
138.03,92831.76437741792
138.04,92834.31650278569
138.05,92834.34177989962
138.06,92835.50565054013
138.07,92836.42630321406
138.08,92836.6581458585
138.09,92838.64985700998
138.1,92836.38202206166
138.11,92839.23202868072
138.12,92839.07427445424
138.13,92838.53814676774
138.14000000000001,92840.49481572134
138.15,92838.76473028713
138.16,92840.79692875214
138.17000000000002,92842.24717079326
138.18,92840.70037838368
138.19,92841.8136034582
138.20000000000002,92843.46426909283
138.21,92844.65421584532
138.22,92845.18601529779
138.23,92846.55785693518
138.24,92847.70531113201
138.25,92845.89825341963
138.26,92849.2682346839
138.27,92847.71621792452
138.28,92847.19799564197
138.29,92849.75816179297
138.3,92851.58297270369
138.31,92851.2509629033
138.32,92849.78213980426
138.33,92849.78447058448
138.34,92852.91899640423
138.35,92852.93326075796
138.36,92852.14650405639
138.37,92853.02144576532
138.38,92854.98054436051
138.39000000000001,92853.94631775713
138.4,92858.43900113669
138.41,92857.03536922197
138.42000000000002,92856.01279738083
138.43,92857.75910708355
138.44,92858.7221232637
138.45000000000002,92859.60603390748
138.46,92860.00914419338
138.47,92861.55782611608
138.48,92861.71312543859
138.49,92862.39120544681
138.5,92862.13347099906
138.51,92864.9999506686
138.52,92865.39834968293
138.53,92865.06518174883
138.54,92865.4128750062
138.55,92865.24969662506
138.56,92865.50815906368
138.57,92866.75400101811
138.58,92869.27619256114
138.59,92867.74898080768
138.6,92871.39454305053
138.61,92870.12819889029
138.62,92871.27264646995
138.63,92872.02906529966
138.64000000000001,92870.96993899923
138.65,92872.6986900499
138.66,92871.75514287526
138.67000000000002,92873.99616739302
138.68,92875.13237569145
138.69,92876.03240201343
138.70000000000002,92873.89875283458
138.71,92876.36837930363
138.72,92876.86338494951
138.73,92876.42186057374
138.74,92877.63202650801
138.75,92878.14180596716
138.76,92878.89987516942
138.77,92878.88524866487
138.78,92881.13954805661
138.79,92879.37300016938
138.8,92883.04634634795
138.81,92881.79538750675
138.82,92885.23565839329
138.83,92882.70249419053
138.84,92886.88049058785
138.85,92884.52259549216
138.86,92883.42440639327
138.87,92886.48311906452
138.88,92885.87666214563
138.89000000000001,92887.67103506615
138.9,92888.17287319853
138.91,92889.59203587825
138.92000000000002,92890.65754607263
138.93,92889.70016867307
138.94,92889.73238256903
138.95000000000002,92891.54959504124
138.96,92892.49064419194
138.97,92893.05426077121
138.98,92894.32691435494
138.99,92894.1437821756
139.0,92894.37976283953
139.01,92895.75620275587
139.02,92894.33724658006
139.03,92896.63216080917
139.04,92897.82122682426
139.05,92897.6839612079
139.06,92897.99526337959
139.07,92897.55256855741
139.08,92899.27800459706
139.09,92901.37403830186
139.1,92902.46827954907
139.11,92901.72496579956
139.12,92903.31441221054
139.13,92902.77044064143
139.14000000000001,92902.79623914216
139.15,92905.28362921528
139.16,92905.04429908424
139.17000000000002,92906.29059384865
139.18,92905.78742642778
139.19,92905.4154172833
139.20000000000002,92906.22867548444
139.21,92908.0833619579
139.22,92909.82220980385
139.23,92908.17997419603
139.24,92909.10148251231
139.25,92910.01253162257
139.26,92911.43750757599
139.27,92911.08028529736
139.28,92912.81327115675
139.29,92915.01781675026
139.3,92914.94168746604
139.31,92912.99363599926
139.32,92914.98449804523
139.33,92915.83409724274
139.34,92916.58425842217
139.35,92917.85116643188
139.36,92918.43648625111
139.37,92920.0567753672
139.38,92919.13645488826
139.39000000000001,92919.40934289526
139.4,92921.38360227618
139.41,92921.64047850916
139.42000000000002,92920.91077456767
139.43,92921.37749708815
139.44,92924.81876003339
139.45000000000002,92923.38486692931
139.46,92925.12450465742
139.47,92923.20356015919
139.48,92926.36830490326
139.49,92925.11932043375
139.5,92925.05579010054
139.51,92927.07865382785
139.52,92926.88220798955
139.53,92929.26112850006
139.54,92930.31729636982
139.55,92929.30247356351
139.56,92930.27737285728
139.57,92931.29228363807
139.58,92930.63035175957
139.59,92932.14484759548
139.6,92935.53194657365
139.61,92933.99089263768
139.62,92933.8212080565
139.63,92936.68684074805
139.64000000000001,92935.9772051296
139.65,92936.78976787804
139.66,92938.32031567761
139.67000000000002,92937.30228999164
139.68,92939.63142988108
139.69,92939.44122692592
139.70000000000002,92939.11042412423
139.71,92939.58689947134
139.72,92940.24905476467
139.73,92942.29310781298
139.74,92942.91480257233
139.75,92942.88801034115
139.76,92945.3248659081
139.77,92944.501845606
139.78,92943.41401262453
139.79,92944.9053889042
139.8,92945.6354780114
139.81,92947.08528208915
139.82,92948.42252324677
139.83,92947.35690587937
139.84,92949.30013879533
139.85,92947.88856249768
139.86,92949.08452256871
139.87,92949.52728919493
139.88,92951.71027814054
139.89000000000001,92950.66939706002
139.9,92950.89256258812
139.91,92952.98376907902
139.92000000000002,92953.19126837036
139.93,92955.36062437698
139.94,92954.70278361088
139.95000000000002,92955.16658257552
139.96,92956.07716662313
139.97,92957.10746656955
139.98,92959.53481663781
139.99,92957.95685886573
140.0,92960.02238193883
140.01,92959.71840860175
140.02,92960.14717428345
140.03,92958.99254009026
140.04,92960.47962880194
140.05,92961.85439921415
140.06,92965.16529784023
140.07,92963.66441873062
140.08,92963.98409415498
140.09,92964.76970755303
140.1,92965.63922281259
140.11,92965.66021283367
140.12,92966.24661099233
140.13,92966.02099246775
140.14000000000001,92969.12956476289
140.15,92967.9636437215
140.16,92969.69492203265
140.17000000000002,92968.58772419984
140.18,92968.79563304801
140.19,92969.92445080816
140.20000000000002,92973.0835749926
140.21,92971.26440419642
140.22,92972.34280781003
140.23,92973.88653738674
140.24,92972.98310105033
140.25,92975.89227424399
140.26,92975.5261303425
140.27,92977.45213136768
140.28,92977.69024985717
140.29,92975.57673494112
140.3,92977.34003293849
140.31,92978.37079909959
140.32,92979.19758720332
140.33,92980.54669989897
140.34,92980.81944971958
140.35,92983.27527967386
140.36,92981.59055449929
140.37,92983.94783133955
140.38,92983.6744876165
140.39000000000001,92983.28247799896
140.4,92983.53485092173
140.41,92985.31468088199
140.42000000000002,92986.76382036807
140.43,92986.57804504082
140.44,92985.7614580627
140.45000000000002,92987.75790531882
140.46,92986.7563668099
140.47,92988.74270537835
140.48,92989.92828027369
140.49,92990.3413347607
140.5,92991.16328431194
140.51,92989.26672858307
140.52,92993.59189787801
140.53,92992.74734608545
140.54,92992.52856081851
140.55,92994.10733210632
140.56,92993.88069701896
140.57,92995.16357538613
140.58,92994.93726466091
140.59,92997.7784618405
140.6,92996.72474280866
140.61,92999.8023698833
140.62,92997.94835612157
140.63,93000.17384532915
140.64000000000001,92999.02410024912
140.65,93000.22740503073
140.66,92999.266205177
140.67000000000002,93002.2089138673
140.68,93003.29762819357
140.69,93003.25170755667
140.70000000000002,93003.90914409065
140.71,93004.5880927387
140.72,93006.28474330649
140.73,93006.70068375932
140.74,93005.64956000974
140.75,93007.02825396461
140.76,93007.89645550972
140.77,93008.76233463375
140.78,93008.2275390068
140.79,93009.85534270182
140.8,93010.14976772697
140.81,93011.86293483514
140.82,93013.10673852701
140.83,93012.07654163403
140.84,93012.31684259223
140.85,93011.99179004821
140.86,93014.51808626931
140.87,93015.58915749639
140.88,93015.34071596827
140.89000000000001,93015.86124138777
140.9,93016.05945511887
140.91,93018.55451115519
140.92000000000002,93017.33575559498
140.93,93019.54309643814
140.94,93018.66763296428
140.95000000000002,93017.97444259774
140.96,93019.56546576077
140.97,93020.39661487419
140.98,93021.30072713787
140.99,93023.30856563021
141.0,93023.44663662108
141.01,93022.92806209369
141.02,93024.12186770093
141.03,93026.69238271803
141.04,93025.22086683076
141.05,93024.54237832852
141.06,93026.89052865788
141.07,93029.65719664763
141.08,93029.07329022305
141.09,93030.3738278915
141.1,93029.51382502369
141.11,93030.16413861731
141.12,93030.04385038989
141.13,93031.3995496671
141.14000000000001,93033.14459155368
141.15,93034.61225866695
141.16,93035.69661078545
141.17000000000002,93033.13995818941
141.18,93034.5784462915
141.19,93035.33153257023
141.20000000000002,93035.16361568435
141.21,93036.44049338625
141.22,93036.39653763622
141.23,93038.18190506742
141.24,93039.01577623951
141.25,93037.75066203672
141.26,93038.97883333504
141.27,93040.71099490409
141.28,93040.97978962882
141.29,93041.13988553426
141.3,93040.80878367684
141.31,93041.92831336944
141.32,93044.87712151385
141.33,93044.34871938424
141.34,93044.27010450463
141.35,93044.36803469688
141.36,93046.99293932272
141.37,93048.15439331003
141.38,93048.49122534727
141.39000000000001,93048.39177084708
141.4,93049.2552072068
141.41,93049.6066210886
141.42000000000002,93048.59036156232
141.43,93052.01683184232
141.44,93052.47674290252
141.45000000000002,93050.1941673173
141.46,93051.77855802081
141.47,93054.06495149672
141.48,93052.99299092758
141.49,93055.2824074727
141.5,93053.13671067441
141.51,93054.09946529844
141.52,93056.27392652223
141.53,93056.2602658203
141.54,93057.9350385407
141.55,93058.05844377428
141.56,93059.4412141602
141.57,93059.57688716121
141.58,93058.97525436967
141.59,93061.25380163986
141.6,93062.73186189984
141.61,93062.53890681428
141.62,93063.1737375893
141.63,93064.75848361131
141.64000000000001,93064.13061436143
141.65,93064.9647863512
141.66,93066.19718979888
141.67000000000002,93067.5877364519
141.68,93066.00040283387
141.69,93068.68065360023
141.70000000000002,93067.66684811978
141.71,93069.26231236868
141.72,93066.79763628315
141.73,93068.92211823596
141.74,93069.04760588023
141.75,93072.42050978981
141.76,93070.38851235039
141.77,93073.11646000615
141.78,93071.9350220108
141.79,93073.9775642913
141.8,93075.07208362674
141.81,93074.11601403658
141.82,93075.72038193954
141.83,93076.31006679179
141.84,93077.98117887902
141.85,93076.80152133199
141.86,93078.49383062625
141.87,93077.63693411804
141.88,93078.63120078569
141.89000000000001,93079.7422093393
141.9,93081.77763059216
141.91,93079.44471167358
141.92000000000002,93081.49600839285
141.93,93081.66937302345
141.94,93082.7507329417
141.95000000000002,93082.15415648984
141.96,93085.89719734353
141.97,93084.53114447772
141.98,93087.14076762194
141.99,93087.12616078612
142.0,93088.17357436597
142.01,93088.5668457594
142.02,93088.29326171105
142.03,93090.61637469412
142.04,93089.20926616622
142.05,93090.21750364004
142.06,93089.62469511037
142.07,93090.96996841246
142.08,93094.25789748327
142.09,93093.1799849425
142.1,93094.24123962791
142.11,93093.97701402628
142.12,93095.74083415708
142.13,93095.72474702558
142.14000000000001,93095.25829638858
142.15,93094.09379326252
142.16,93098.17486207347
142.17000000000002,93099.4048769735
142.18,93097.24702509679
142.19,93097.50702862894
142.20000000000002,93099.4746229701
142.21,93100.92298126098
142.22,93101.3509543341
142.23,93101.43609420962
142.24,93102.56854028624
142.25,93101.70263103239
142.26,93102.45856448714
142.27,93103.87598227627
142.28,93104.94680314451
142.29,93105.60493091385
142.3,93104.97074642389
142.31,93106.70349546781
142.32,93105.2261627198
142.33,93109.44766122507
142.34,93108.81591788433
142.35,93109.53509355577
142.36,93107.70997222555
142.37,93111.2972942897
142.38,93111.75357428362
142.39000000000001,93110.71961690024
142.4,93111.07225832429
142.41,93112.24811123173
142.42000000000002,93114.8856013638
142.43,93115.37633508716
142.44,93115.32997060452
142.45000000000002,93113.91505297353
142.46,93118.32453021915
142.47,93117.52502987291
142.48,93116.8401504565
142.49,93118.1755885453
142.5,93118.81938184556
142.51,93119.30749536327
142.52,93120.1390589132
142.53,93122.20516216096
142.54,93121.90957765974
142.55,93121.64715787301
142.56,93125.01405519027
142.57,93122.50268450643
142.58,93124.13481528772
142.59,93125.45635672583
142.6,93126.19896305676
142.61,93124.51732231025
142.62,93125.8043724649
142.63,93126.59190971074
142.64000000000001,93129.1473003914
142.65,93126.89256683672
142.66,93130.04145734732
142.67000000000002,93129.24339523596
142.68,93128.17252689542
142.69,93131.00349989597
142.70000000000002,93131.0309550398
142.71,93133.14280198263
142.72,93134.21449795301
142.73,93132.92994671734
142.74,93134.87081147336
142.75,93134.00125904287
142.76,93136.05509614437
142.77,93138.50803836239
142.78,93137.70839412493
142.79,93137.52106453336
142.8,93137.62993938848
142.81,93140.50932688547
142.82,93139.46020585188
142.83,93141.3081122376
142.84,93140.61126373897
142.85,93141.32260738748
142.86,93143.08443688798
142.87,93143.7512978679
142.88,93143.98207791484
142.89000000000001,93144.88827914817
142.9,93145.22644541484
142.91,93144.95884696682
142.92000000000002,93145.70287034006
142.93,93146.61174832564
142.94,93148.30421306728
142.95000000000002,93149.36735296853
142.96,93147.9524663025
142.97,93147.99472313338
142.98,93149.10473753815
142.99,93151.1136672686
143.0,93150.15257894874
143.01,93150.70326814217
143.02,93152.64985351602
143.03,93153.19923452217
143.04,93155.06641349035
143.05,93153.79990985329
143.06,93154.68137423544
143.07,93154.40585294916
143.08,93156.70779536388
143.09,93157.18662091192
143.1,93155.33246213231
143.11,93159.75198100283
143.12,93158.71371463909
143.13,93159.30283035885
143.14000000000001,93159.19388637168
143.15,93159.02495991424
143.16,93162.5316044877
143.17000000000002,93161.472963885
143.18,93162.27717559705
143.19,93162.83715122836
143.20000000000002,93163.59436604918
143.21,93165.34205878772
143.22,93165.75101759014
143.23,93167.38775532765
143.24,93166.39871314561
143.25,93167.06660475773
143.26,93168.29969061537
143.27,93168.16235084627
143.28,93168.1418147764
143.29,93168.06158330316
143.3,93169.51111049502
143.31,93171.80554491383
143.32,93172.91420176212
143.33,93171.8833811642
143.34,93174.47265007066
143.35,93173.96904493363
143.36,93173.85231537333
143.37,93174.86654386696
143.38,93175.09910313283
143.39000000000001,93175.83466316454
143.4,93177.39302578705
143.41,93180.06751945618
143.42000000000002,93176.80117400478
143.43,93178.33705255557
143.44,93179.20975357934
143.45000000000002,93179.68325661191
143.46,93179.91535837566
143.47,93181.79687632115
143.48,93180.78861774455
143.49,93182.06035043031
143.5,93181.87979747084
143.51,93183.09242556439
143.52,93186.54793377742
143.53,93182.7459465563
143.54,93185.55998678731
143.55,93185.88247967786
143.56,93187.28504224082
143.57,93188.45657101527
143.58,93189.62830197708
143.59,93189.11637745367
143.6,93190.09295289728
143.61,93190.80888883518
143.62,93188.85406906734
143.63,93191.6424165838
143.64000000000001,93192.26772944564
143.65,93193.65154138723
143.66,93193.50989508607
143.67000000000002,93194.85213473409
143.68,93193.29677261955
143.69,93196.36793897429
143.70000000000002,93195.16345726947
143.71,93197.69242762224
143.72,93197.47023358711
143.73,93197.88539517096
143.74,93198.75747848638
143.75,93199.02696536665
143.76,93200.29547799831
143.77,93200.85616877134
143.78,93203.2128086491
143.79,93199.68019940199
143.8,93201.35276702631
143.81,93203.47614407529
143.82,93203.27082149989
143.83,93204.44475753857
143.84,93204.17519062279
143.85,93205.08063310813
143.86,93205.96048541962
143.87,93206.96241454109
143.88,93210.10384213891
143.89000000000001,93210.5326609993
143.9,93209.09992612003
143.91,93209.52759684769
143.92000000000002,93211.17693233368
143.93,93209.95027021469
143.94,93211.81084909946
143.95000000000002,93210.41118178618
143.96,93213.94951648962
143.97,93212.20170173104
143.98,93214.61088718238
143.99,93215.47968155798
144.0,93214.57217211647
144.01,93214.94400576813
144.02,93216.78566303408
144.03,93215.66977419666
144.04,93217.83452905745
144.05,93218.58740353036
144.06,93219.68608456223
144.07,93218.33432831023
144.08,93218.91619203863
144.09,93221.38424689724
144.1,93220.99232844416
144.11,93221.74472678798
144.12,93223.75489099148
144.13,93224.02083334878
144.14000000000001,93224.02785911474
144.15,93225.04271738949
144.16,93227.42490095226
144.17000000000002,93226.50149783913
144.18,93228.19729521647
144.19,93227.45376345655
144.20000000000002,93229.39060173373
144.21,93229.5205262233
144.22,93231.37331974013
144.23,93230.27681291546
144.24,93231.62483057109
144.25,93230.99064523696
144.26,93234.19922102467
144.27,93232.77526800382
144.28,93233.46591083932
144.29,93235.73462663457
144.3,93234.74534458213
144.31,93235.46988017198
144.32,93235.50537180333
144.33,93237.94264108123
144.34,93238.24059577854
144.35,93239.17840917838
144.36,93237.15581944343
144.37,93237.57640767941
144.38,93241.1427022014
144.39000000000001,93240.37207475265
144.4,93240.11113519786
144.41,93240.4965399837
144.42000000000002,93242.22250663847
144.43,93241.9135675498
144.44,93243.84243621441
144.45000000000002,93245.31877865538
144.46,93246.80176710105
144.47,93246.01670479051
144.48,93246.96878343294
144.49,93247.5139390061
144.5,93246.63812971402
144.51,93247.25870071563
144.52,93249.49134119762
144.53,93248.51556328505
144.54,93249.33573755718
144.55,93250.2355415338
144.56,93251.63800592018
144.57,93251.50216062335
144.58,93250.92407207772
144.59,93253.99289862752
144.6,93254.36433485697
144.61,93254.92235006133
144.62,93255.32449495909
144.63,93256.8818732732
144.64000000000001,93255.32897690685
144.65,93257.2147084218
144.66,93256.52589380956
144.67000000000002,93257.86322972705
144.68,93258.67535448022
144.69,93260.17610869516
144.70000000000002,93261.39940636158
144.71,93262.4617521274
144.72,93261.38695478119
144.73,93262.15170187372
144.74,93263.9635094538
144.75,93261.25139502036
144.76,93263.51972393403
144.77,93265.51393000384
144.78,93265.45430606179
144.79,93267.16118456036
144.8,93266.7464943443
144.81,93269.70056135059
144.82,93268.32569090229
144.83,93270.53283399934
144.84,93269.19041346225
144.85,93270.79029215638
144.86,93272.28397283408
144.87,93271.61410270169
144.88,93272.02819446086
144.89000000000001,93271.659361276
144.9,93272.29997094523
144.91,93273.65101469164
144.92000000000002,93275.64367968636
144.93,93273.58372149085
144.94,93275.62858299696
144.95000000000002,93276.40207810092
144.96,93276.10261596275
144.97,93279.357832177
144.98,93278.0301955777
144.99,93278.82914795482
145.0,93279.33165920454
145.01,93280.0013737809
145.02,93278.7323949648
145.03,93281.51295163347
145.04,93281.84909679892
145.05,93283.55248009466
145.06,93285.47827799783
145.07,93283.0776886832
145.08,93285.03909911773
145.09,93283.69569582706
145.1,93287.04344662683
145.11,93286.45053371538
145.12,93289.31883733041
145.13,93290.19094777046
145.14000000000001,93286.33988465351
145.15,93289.34933058478
145.16,93290.75114958322
145.17000000000002,93288.31080720962
145.18,93289.79634080667
145.19,93292.39703314642
145.20000000000002,93294.19102677998
145.21,93292.03289320588
145.22,93291.07019859385
145.23,93296.46257465202
145.24,93295.00367491264
145.25,93292.98593934687
145.26,93295.9806969725
145.27,93295.89663360038
145.28,93297.58373901763
145.29,93298.81358428577
145.3,93299.05345600839
145.31,93299.56843789075
145.32,93300.64195522
145.33,93300.4984918921
145.34,93301.17157770747
145.35,93301.87926424482
145.36,93302.59761976032
145.37,93302.60097061479
145.38,93306.990456759
145.39000000000001,93305.99098549437
145.4,93303.93921974025
145.41,93305.68938056803
145.42000000000002,93307.59833716345
145.43,93309.13956567335
145.44,93307.51447227379
145.45000000000002,93308.73076809573
145.46,93308.85716772125
145.47,93309.34173740969
145.48,93310.38352107618
145.49,93311.66492845809
145.5,93311.67138634223
145.51,93312.34325252002
145.52,93313.83259492298
145.53,93313.84893771277
145.54,93313.09159465815
145.55,93315.67789826442
145.56,93315.55008699992
145.57,93314.61408083771
145.58,93315.91757007185
145.59,93317.35141528452
145.6,93316.97999263708
145.61,93318.1257800375
145.62,93320.13697048345
145.63,93318.78667737024
145.64000000000001,93320.54959853512
145.65,93319.2703102848
145.66,93321.48402624416
145.67000000000002,93323.09688425243
145.68,93321.67226174481
145.69,93324.31588963808
145.70000000000002,93325.764103542
145.71,93324.51144765747
145.72,93326.17990402876
145.73,93325.42629390466
145.74,93324.79946328628
145.75,93328.81042637599
145.76,93328.32253635101
145.77,93328.6749441946
145.78,93330.79805777404
145.79,93329.99578463742
145.8,93329.92463700303
145.81,93330.05333144763
145.82,93330.97093152748
145.83,93332.74803549562
145.84,93331.99390591239
145.85,93334.32461486256
145.86,93334.69507190422
145.87,93334.86708130653
145.88,93334.78009914096
145.89000000000001,93335.8406166101
145.9,93337.22356290685
145.91,93339.2632912981
145.92000000000002,93338.3607082824
145.93,93337.9253955314
145.94,93339.76982235584
145.95000000000002,93340.21673648922
145.96,93342.1654583803
145.97,93342.04626860275
145.98,93342.62027735233
145.99,93342.56529579585
146.0,93342.93296047654
146.01,93343.8764233786
146.02,93346.77697197782
146.03,93345.01578196866
146.04,93346.1149203108
146.05,93348.96667201257
146.06,93346.30994931581
146.07,93348.8965579709
146.08,93349.2449093887
146.09,93349.68013384768
146.1,93350.73712826947
146.11,93349.82292278922
146.12,93350.57162135285
146.13,93351.8491067469
146.14000000000001,93352.20240531409
146.15,93352.77710247316
146.16,93356.20496259112
146.17000000000002,93354.69101397727
146.18,93355.69543184193
146.19,93357.57300247859
146.20000000000002,93355.2644469517
146.21,93356.64349463733
146.22,93358.26560222472
146.23,93357.9444583247
146.24,93360.25566164895
146.25,93358.88817526131
146.26,93359.1713633715
146.27,93360.9478681829
146.28,93360.55402328438
146.29,93365.4549417729
146.3,93363.50792798075
146.31,93364.5798638124
146.32,93364.37052332849
146.33,93363.96599831642
146.34,93365.05889804802
146.35,93367.25817464397
146.36,93368.20309413392
146.37,93367.54322354583
146.38,93368.24452539282
146.39000000000001,93369.04591422643
146.4,93369.09521582567
146.41,93367.78216484243
146.42000000000002,93369.88454484413
146.43,93371.60354255121
146.44,93371.52888423768
146.45000000000002,93372.72860669161
146.46,93373.58052488342
146.47,93374.57630921257
146.48,93375.40673719649
146.49,93374.21185796268
146.5,93374.11506434536
146.51,93377.88395225714
146.52,93377.35101939486
146.53,93379.1447195021
146.54,93379.06745731091
146.55,93377.42666867706
146.56,93378.33686853673
146.57,93378.93553008797
146.58,93380.97479547258
146.59,93379.71234929611
146.6,93382.45429680197
146.61,93382.31814229555
146.62,93381.9320813716
146.63,93384.37272615601
146.64000000000001,93384.15768761755
146.65,93386.82169402693
146.66,93387.13626655516
146.67000000000002,93388.47192718428
146.68,93386.41839728606
146.69,93389.46848889449
146.70000000000002,93388.56299176185
146.71,93388.07976350214
146.72,93389.20930545781
146.73,93390.4747837484
146.74,93390.49130423045
146.75,93390.21070263346
146.76,93394.23366810143
146.77,93392.65186894416
146.78,93393.9979389912
146.79,93395.20468552176
146.8,93395.72935268508
146.81,93396.16215965715
146.82,93397.69520249387
146.83,93395.92414262924
146.84,93395.6490867629
146.85,93400.48216510644
146.86,93397.61518059776
146.87,93398.98223763554
146.88,93400.79458277632
146.89000000000001,93400.77157578823
146.9,93401.47321714347
146.91,93400.68586358751
146.92000000000002,93404.99273626374
146.93,93403.62218688634
146.94,93404.67483757716
146.95000000000002,93405.35337638945
146.96,93405.44393402075
146.97,93406.14057760124
146.98,93405.6188232046
146.99,93409.62074178559
147.0,93407.9621789198
147.01,93408.91285420314
147.02,93409.76750951738
147.03,93408.00269419258
147.04,93411.19709357119
147.05,93411.7882956048
147.06,93411.53816618313
147.07,93412.10220248693
147.08,93412.34484803429
147.09,93414.38641592863
147.1,93413.09430265633
147.11,93414.40422289063
147.12,93416.25816350215
147.13,93415.5417403496
147.14000000000001,93416.4670439639
147.15,93417.11326799
147.16,93417.0732522042
147.17000000000002,93418.27141330276
147.18,93418.05470591082
147.19,93419.38408926972
147.20000000000002,93422.10109423862
147.21,93422.97952289278
147.22,93422.61855332965
147.23,93423.80058050223
147.24,93422.31844893692
147.25,93426.23502418258
147.26,93423.57580885367
147.27,93425.7267922703
147.28,93424.9998589628
147.29,93427.25692602311
147.3,93426.75053096686
147.31,93427.7806193723
147.32,93427.8936035495
147.33,93430.69397880883
147.34,93428.4292191745
147.35,93428.35950994333
147.36,93431.12330135044
147.37,93431.48605660698
147.38,93432.6210031371
147.39000000000001,93434.6822037549
147.4,93433.77800675573
147.41,93435.45450926825
147.42000000000002,93432.8755206368
147.43,93435.68227972747
147.44,93437.07360731212
147.45000000000002,93437.12591554788
147.46,93437.20840397471
147.47,93437.81159857914
147.48,93439.11071120758
147.49,93440.85635846537
147.5,93440.17562280114
147.51,93441.51548579126
147.52,93440.07511630509
147.53,93441.83605902345
147.54,93441.35118438803
147.55,93441.46642243197
147.56,93444.02712873448
147.57,93445.03629462472
147.58,93443.72490177919
147.59,93444.41551366258
147.6,93446.64547954276
147.61,93445.54487301373
147.62,93448.22004982545
147.63,93448.58491684882
147.64000000000001,93450.00135630422
147.65,93448.40091338947
147.66,93450.88497517725
147.67000000000002,93451.88648939166
147.68,93453.20609154401
147.69,93450.21919086273
147.70000000000002,93454.42847629094
147.71,93454.6109910711
147.72,93454.459018025
147.73,93455.89004566592
147.74,93455.04044107161
147.75,93455.15159251957
147.76,93455.95452912417
147.77,93458.34072124815
147.78,93456.84166994714
147.79,93457.19366550022
147.8,93459.02788509654
147.81,93459.97840002121
147.82,93461.14746493794
147.83,93460.50293325237
147.84,93461.44980686951
147.85,93460.25630673247
147.86,93463.19137868861
147.87,93464.25285345691
147.88,93464.42925825047
147.89000000000001,93463.51880566806
147.9,93464.27919019067
147.91,93464.40814633694
147.92000000000002,93466.27050714706
147.93,93467.39218579556
147.94,93469.12363844756
147.95000000000002,93469.61089961462
147.96,93470.61010053885
147.97,93470.45632502307
147.98,93471.57819524858
147.99,93472.48756058868
148.0,93470.88909079839
148.01,93473.71426235107
148.02,93472.38503518798
148.03,93474.89906353233
148.04,93474.03738618562
148.05,93475.75863051054
148.06,93474.8882550559
148.07,93475.65882995093
148.08,93478.02145794469
148.09,93475.23907494509
148.1,93478.36857435248
148.11,93480.85497453413
148.12,93479.64137644728
148.13,93479.90179745726
148.14000000000001,93482.17806367771
148.15,93479.45735383651
148.16,93482.80384277088
148.17000000000002,93481.85167209161
148.18,93485.04725482519
148.19,93482.29791412194
148.20000000000002,93484.3353002881
148.21,93485.31012385293
148.22,93487.59765834533
148.23,93487.69321953027
148.24,93486.91521767336
148.25,93487.72036687762
148.26,93487.74958826331
148.27,93489.79034417593
148.28,93490.36484547342
148.29,93491.27932184213
148.3,93490.13872702575
148.31,93493.45417212727
148.32,93492.07972812571
148.33,93493.68526490999
148.34,93493.66632914022
148.35,93496.04548117112
148.36,93494.82052183746
148.37,93495.3632836424
148.38,93497.1856549527
148.39000000000001,93496.1098454444
148.4,93498.67860978522
148.41,93498.27346945587
148.42000000000002,93499.23284141398
148.43,93500.59461912379
148.44,93500.2730815715
148.45000000000002,93501.28127323417
148.46,93501.58039444746
148.47,93502.70431771876
148.48,93502.3764740406
148.49,93502.71066461077
148.5,93503.7888156834
148.51,93505.29451026312
148.52,93506.3635567212
148.53,93506.60011287773
148.54,93507.2012599133
148.55,93505.61706841136
148.56,93507.73172671102
148.57,93507.47657854842
148.58,93510.29202364411
148.59,93511.5393848853
148.6,93510.59733992482
148.61,93511.33676382118
148.62,93510.66594304984
148.63,93511.98761493697
148.64000000000001,93513.02489880864
148.65,93516.27640207855
148.66,93514.48551963038
148.67000000000002,93516.64655277345
148.68,93516.15186634556
148.69,93519.12904949223
148.70000000000002,93518.46291446382
148.71,93516.98165464462
148.72,93517.43264154161
148.73,93519.1149979772
148.74,93519.41187172203
148.75,93520.6319536258
148.76,93520.93088176944
148.77,93522.50470824921
148.78,93524.0871130804
148.79,93522.8290012238
148.8,93523.10558593148
148.81,93523.01613190293
148.82,93522.99144029165
148.83,93524.54706711424
148.84,93526.46629176661
148.85,93527.07394371895
148.86,93528.10866442314
148.87,93527.84900524362
148.88,93529.86011833284
148.89000000000001,93529.63950187864
148.9,93529.7348761208
148.91,93531.52001309744
148.92000000000002,93531.32981902787
148.93,93532.87888145221
148.94,93531.79684812963
148.95000000000002,93532.50544386031
148.96,93532.23961302852
148.97,93535.39032626282
148.98,93536.16184027637
148.99,93537.32751416246
149.0,93535.8839227081
149.01,93537.9236629283
149.02,93537.41743612905
149.03,93537.78397066898
149.04,93537.72015146249
149.05,93540.74702231152
149.06,93539.6770570489
149.07,93540.62543513563
149.08,93543.43106911251
149.09,93540.57126554608
149.1,93543.52804210928
149.11,93545.14100884993
149.12,93545.90266444995
149.13,93544.43961327248
149.14000000000001,93545.40096730451
149.15,93546.388030418
149.16,93545.04512170528
149.17000000000002,93546.83824948751
149.18,93548.28966981417
149.19,93549.56024301681
149.20000000000002,93547.046165025
149.21,93548.98574857238
149.22,93547.5805367412
149.23,93552.69042529102
149.24,93551.84065797755
149.25,93552.62163279888
149.26,93552.45221206012
149.27,93553.70772636222
149.28,93552.67128491245
149.29,93554.34049640398
149.3,93554.84934838914
149.31,93556.21469106895
149.32,93557.77650810483
149.33,93558.72530537506
149.34,93559.40756989224
149.35,93557.79841620926
149.36,93560.97268195346
149.37,93559.32457000183
149.38,93561.99730960139
149.39000000000001,93561.39705683688
149.4,93561.75975861198
149.41,93562.16773733156
149.42000000000002,93562.8210787933
149.43,93564.03753629861
149.44,93562.68758838909
149.45000000000002,93564.49125511621
149.46,93565.49221208975
149.47,93566.02015890993
149.48,93568.32865365122
149.49,93568.0044081793
149.5,93567.7572239159
149.51,93568.9360950847
149.52,93570.20054104453
149.53,93570.28564945691
149.54,93570.86515777347
149.55,93571.50411696856
149.56,93573.8811134671
149.57,93574.03433975336
149.58,93574.41951664798
149.59,93573.28120976918
149.6,93575.03839588533
149.61,93577.395777162
149.62,93577.41170016196
149.63,93577.20480984262
149.64000000000001,93577.91727542535
149.65,93578.9829732208
149.66,93577.90428362586
149.67000000000002,93579.80496612011
149.68,93580.7201111368
149.69,93580.61844177595
149.70000000000002,93581.17851363223
149.71,93581.34542309857
149.72,93583.23788620275
149.73,93582.57231020348
149.74,93586.08980572288
149.75,93583.87733700457
149.76,93586.17093481663
149.77,93585.37524485942
149.78,93585.92234159377
149.79,93587.44908101838
149.8,93587.68807900566
149.81,93588.64989811194
149.82,93590.27618706881
149.83,93589.72056283397
149.84,93591.38633534228
149.85,93589.63254994228
149.86,93590.7622494963
149.87,93592.52138944155
149.88,93592.61443409142
149.89000000000001,93593.36170092867
149.9,93595.00997420489
149.91,93594.3258294733
149.92000000000002,93596.85637807108
149.93,93596.18477206262
149.94,93596.34791506224
149.95000000000002,93596.53223404342
149.96,93599.09370214694
149.97,93598.30060526103
149.98,93600.94701003005
149.99,93599.54721446593
150.0,93599.42025144347
150.01,93600.6720851047
150.02,93601.10572449188
150.03,93602.86854014148
150.04,93600.8797891619
150.05,93605.06208388323
150.06,93604.8507427086
150.07,93605.95939703238
150.08,93607.31404679101
150.09,93607.3686528916
150.1,93607.20971330079
150.11,93607.88489946908
150.12,93607.60619581353
150.13,93609.21924470935
150.14000000000001,93609.77257120165
150.15,93610.97182364548
150.16,93612.81354726445
150.17000000000002,93611.95937077359
150.18,93612.2614728396
150.19,93610.47093007636
150.20000000000002,93612.46954861752
150.21,93613.38088467256
150.22,93614.46261056178
150.23,93617.25682273592
150.24,93617.06974429198
150.25,93617.21695379041
150.26,93616.0862174002
150.27,93616.90888418134
150.28,93619.08540059562
150.29,93619.2216180619
150.3,93620.61049372211
150.31,93620.26027574924
150.32,93621.22745974894
150.33,93621.66992250466
150.34,93623.15871502907
150.35,93623.7660430166
150.36,93623.35448074824
150.37,93626.0251926791
150.38,93622.64540095854
150.39000000000001,93625.8847545452
150.4,93624.47267750469
150.41,93628.02957305765
150.42000000000002,93628.08677604586
150.43,93628.21514225156
150.44,93628.17603257831
150.45000000000002,93629.09028410558
150.46,93630.32697117208
150.47,93630.13164505291
150.48,93633.86170726124
150.49,93631.45894821384
150.5,93632.6428333928
150.51,93632.83699430255
150.52,93633.59365763655
150.53,93636.50075375034
150.54,93636.5752582408
150.55,93636.07782566216
150.56,93636.62341119161
150.57,93636.75054639707
150.58,93638.60170108399
150.59,93636.98839741133
150.6,93638.69583930189
150.61,93638.08022855295
150.62,93639.91031605046
150.63,93639.58338069229
150.64000000000001,93641.0537162058
150.65,93641.08463217277
150.66,93642.58307057261
150.67000000000002,93644.34503788671
150.68,93644.47001997818
150.69,93647.83550592948
150.70000000000002,93646.14477123957
150.71,93645.64424747434
150.72,93646.90611639182
150.73,93647.86984233533
150.74,93648.552526038
150.75,93648.1971925945
150.76,93650.94424216292
150.77,93651.04082610937
150.78,93650.52821787717
150.79,93652.54507719843
150.8,93649.31111095745
150.81,93653.3926233343
150.82,93650.10788832103
150.83,93654.09940813841
150.84,93654.33789738455
150.85,93656.70276399805
150.86,93656.51180366274
150.87,93655.37802950632
150.88,93657.25625490658
150.89000000000001,93657.58573225747
150.9,93658.80578293346
150.91,93659.03565582112
150.92000000000002,93657.7259993684
150.93,93659.46510117677
150.94,93661.51879498326
150.95000000000002,93660.87854461414
150.96,93663.13136830537
150.97,93662.91952502939
150.98,93663.58936632228
150.99,93662.73930635699
151.0,93664.31760144678
151.01,93664.89473845158
151.02,93665.51973170372
151.03,93665.10192615504
151.04,93667.58711071275
151.05,93668.21949755198
151.06,93666.50757276078
151.07,93668.86366819327
151.08,93670.5312387791
151.09,93671.62979096874
151.1,93670.08649560556
151.11,93671.95663302127
151.12,93673.51719872012
151.13,93671.6533066956
151.14000000000001,93673.00617548329
151.15,93674.19038042423
151.16,93675.05270786762
151.17000000000002,93675.0211296905
151.18,93674.89876541129
151.19,93675.42466082759
151.20000000000002,93678.81922103626
151.21,93678.83521855736
151.22,93678.9917555024
151.23,93678.6239815684
151.24,93682.02847545012
151.25,93680.16622865063
151.26,93682.29549945008
151.27,93681.7587653411
151.28,93685.08512032889
151.29,93683.21078533295
151.3,93684.01308442552
151.31,93681.72888292093
151.32,93687.6274563162
151.33,93685.9071153993
151.34,93686.17942624929
151.35,93686.87372600305
151.36,93685.68065639504
151.37,93688.43660386896
151.38,93690.34340695216
151.39000000000001,93688.48976873983
151.4,93688.85903452768
151.41,93692.69100316644
151.42000000000002,93692.6961129574
151.43,93693.43441816952
151.44,93696.10786650248
151.45000000000002,93693.15313293836
151.46,93694.39548945815
151.47,93695.75852358925
151.48,93695.03591512557
151.49,93695.57216160031
151.5,93696.66917760349
151.51,93697.17206661489
151.52,93698.17159156132
151.53,93698.25986236044
151.54,93700.73488574731
151.55,93698.49440219426
151.56,93699.66286533384
151.57,93699.81141700606
151.58,93702.93555057798
151.59,93702.87059589336
151.6,93703.27014651425
151.61,93703.67422857397
151.62,93705.40935106853
151.63,93706.51780446785
151.64000000000001,93705.98972706473
151.65,93705.525475273
151.66,93705.95506386798
151.67000000000002,93709.97135099316
151.68,93709.17303760705
151.69,93709.9753613784
151.70000000000002,93710.44987603049
151.71,93709.78340231361
151.72,93711.57235164447
151.73,93712.2701912638
151.74,93712.61368967441
151.75,93713.5028031928
151.76,93714.21893977605
151.77,93716.25239588895
151.78,93715.02507140349
151.79,93716.15308253736
151.8,93715.80099994938
151.81,93716.94453087595
151.82,93718.57131601045
151.83,93719.50580241164
151.84,93716.26958465387
151.85,93718.71498363653
151.86,93719.98055434405
151.87,93720.89643766324
151.88,93723.32579288376
151.89000000000001,93720.80217505783
151.9,93720.95554439904
151.91,93723.48133411804
151.92000000000002,93722.83973520235
151.93,93724.76867694892
151.94,93725.02592243033
151.95000000000002,93724.96695340771
151.96,93727.08509542761
151.97,93728.11322720606
151.98,93727.41875156776
151.99,93727.65214083539
152.0,93728.5229504186
152.01,93730.00555017123
152.02,93731.17318370657
152.03,93730.00879600833
152.04,93731.90581480242
152.05,93733.63604504097
152.06,93731.90689619994
152.07,93733.72147852021
152.08,93733.40524652431
152.09,93735.85099650956
152.1,93737.2732357425
152.11,93735.79642591169
152.12,93738.12387056436
152.13,93738.7128922044
152.14000000000001,93740.05767473017
152.15,93738.46865355734
152.16,93740.11012364895
152.17000000000002,93739.37500669187
152.18,93742.19550782004
152.19,93743.6528595944
152.20000000000002,93743.90245157274
152.21,93744.82666967108
152.22,93742.19962298719
152.23,93746.04676193792
152.24,93744.05569919957
152.25,93746.21326954149
152.26,93746.04277476868
152.27,93745.29024547958
152.28,93745.76079268465
152.29,93748.08855299102
152.3,93747.21819161145
152.31,93748.0710271646
152.32,93752.7224877245
152.33,93751.78273806929
152.34,93751.11245945496
152.35,93751.86963374993
152.36,93753.67713652167
152.37,93753.21205458202
152.38,93753.16556952884
152.39000000000001,93754.91193241616
152.4,93752.6885093629
152.41,93755.33588217494
152.42000000000002,93757.80670080993
152.43,93757.63419114078
152.44,93756.80525309192
152.45000000000002,93758.5110264304
152.46,93756.7504068283
152.47,93757.4086163626
152.48,93759.16738261942
152.49,93760.33578936034
152.5,93760.86791105456
152.51,93762.2458193859
152.52,93762.91353170722
152.53,93760.09741934655
152.54,93764.88077900653
152.55,93765.26438990569
152.56,93764.94258462581
152.57,93766.2960470192
152.58,93765.84469888714
152.59,93766.87381108824
152.6,93768.12053587764
152.61,93768.72076883916
152.62,93770.45429797671
152.63,93770.06058102558
152.64000000000001,93769.60753760196
152.65,93771.64707275422
152.66,93771.4092440757
152.67000000000002,93773.29312327289
152.68,93772.63487493701
152.69,93773.77686683902
152.70000000000002,93772.68784576251
152.71,93774.541237281
152.72,93773.85893093796
152.73,93776.46416614551
152.74,93776.0263394698
152.75,93778.74758747511
152.76,93778.04917052653
152.77,93777.26897194737
152.78,93777.38882568023
152.79,93780.98494684492
152.8,93781.08498490791
152.81,93781.53387877284
152.82,93781.16335882137
152.83,93782.04541977063
152.84,93780.7506291462
152.85,93783.48842304882
152.86,93785.33684953328
152.87,93784.79934881628
152.88,93785.73185733536
152.89000000000001,93785.16643543325
152.9,93787.37295493323
152.91,93788.89132012364
152.92000000000002,93788.0898792942
152.93,93790.39195550927
152.94,93789.46777208243
152.95000000000002,93790.74013217833
152.96,93789.25736385955
152.97,93792.0442236115
152.98,93791.36801010641
152.99,93792.81707973135
153.0,93792.84248273083
153.01,93793.3977409067
153.02,93792.52284722566
153.03,93794.0877905674
153.04,93796.36125418276
153.05,93798.13359581259
153.06,93796.26828748139
153.07,93798.25107712051
153.08,93798.67471083884
153.09,93799.7751228543
153.1,93800.12647890732
153.11,93800.00024379104
153.12,93800.62414795048
153.13,93800.58086484176
153.14000000000001,93801.97527357284
153.15,93802.48770058402
153.16,93805.60364396675
153.17000000000002,93805.95349693787
153.18,93803.9699546259
153.19,93806.23982898194
153.20000000000002,93805.62330201223
153.21,93809.21189492299
153.22,93809.30529033655
153.23,93809.52827606087
153.24,93810.58763886099
153.25,93809.92847661092
153.26,93810.71288761384
153.27,93812.23198288419
153.28,93812.37399883487
153.29,93810.7148852116
153.3,93812.99797930066
153.31,93813.14467895422
153.32,93814.2046592918
153.33,93815.43769764334
153.34,93815.9361082751
153.35,93815.97599872125
153.36,93818.30763819994
153.37,93818.62702064565
153.38,93816.34674300309
153.39000000000001,93820.1634295558
153.4,93820.13471714109
153.41,93819.26635589871
153.42000000000002,93819.39101874661
153.43,93820.29194561401
153.44,93821.47882087636
153.45000000000002,93823.3103001734
153.46,93823.0532536284
153.47,93823.79995500036
153.48,93823.65339705296
153.49,93826.00738573306
153.5,93825.92074030715
153.51,93826.4035740441
153.52,93825.72823308936
153.53,93827.97855682664
153.54,93826.81008316716
153.55,93830.07589994014
153.56,93830.01445732621
153.57,93831.52312468896
153.58,93831.75557181865
153.59,93832.37175707472
153.6,93832.60249259495
153.61,93833.36875449076
153.62,93832.69257502639
153.63,93833.16565709241
153.64000000000001,93834.47956835579
153.65,93835.97295503462
153.66,93837.2422606355
153.67000000000002,93836.10912323471
153.68,93837.0883590341
153.69,93836.9098895046
153.70000000000002,93838.09785571478
153.71,93839.64642955443
153.72,93840.34647143804
153.73,93840.76751279198
153.74,93842.11663373104
153.75,93840.32830045903
153.76,93843.4084428307
153.77,93843.14745413352
153.78,93843.34384900778
153.79,93843.9791768316
153.8,93845.41854906865
153.81,93844.12054826185
153.82,93844.760926475
153.83,93846.82726642689
153.84,93848.54224749099
153.85,93846.7209229484
153.86,93850.04714136444
153.87,93848.44934162464
153.88,93850.8308131503
153.89000000000001,93851.65359534658
153.9,93850.19139398435
153.91,93853.20159317653
153.92000000000002,93853.44849736085
153.93,93853.12043517872
153.94,93853.57801216656
153.95000000000002,93854.66989315407
153.96,93853.39455070141
153.97,93856.80310772739
153.98,93856.38763252928
153.99,93858.79791398985
154.0,93857.99676830547
154.01,93859.09784564965
154.02,93858.06810752988
154.03,93859.89645014142
154.04,93859.827649849
154.05,93860.08762757045
154.06,93862.53779888284
154.07,93862.3840708775
154.08,93863.07817030886
154.09,93864.30194736975
154.1,93863.73494093356
154.11,93866.24514430009
154.12,93867.17804972353
154.13,93865.3102377651
154.14000000000001,93866.8744671014
154.15,93867.94772370778
154.16,93869.61978494303
154.17000000000002,93868.5383693438
154.18,93869.39859630635
154.19,93870.6530999783
154.20000000000002,93871.65267958795
154.21,93870.72985205386
154.22,93871.6757418775
154.23,93871.61246142643
154.24,93874.28250120075
154.25,93873.70598390994
154.26,93875.34173673154
154.27,93874.43846644319
154.28,93876.09543391582
154.29,93877.62292487471
154.3,93876.93292192213
154.31,93877.53030979718
154.32,93878.57347136828
154.33,93878.4877623789
154.34,93879.6361453609
154.35,93880.45879627316
154.36,93880.38878935657
154.37,93882.47617962005
154.38,93881.84899640607
154.39000000000001,93883.05487431916
154.4,93883.74225908205
154.41,93884.66381775464
154.42000000000002,93887.99707435742
154.43,93884.59892337087
154.44,93885.8660390945
154.45000000000002,93886.84301144462
154.46,93886.76445332234
154.47,93889.00501075349
154.48,93890.58710940409
154.49,93888.91408432029
154.5,93890.81359868337
154.51,93891.58717589117
154.52,93891.46882177483
154.53,93891.88604844679
154.54,93892.84004823469
154.55,93893.05904544833
154.56,93894.44427447628
154.57,93895.52440138366
154.58,93895.5647770363
154.59,93894.91892026855
154.6,93895.01412137198
154.61,93895.24469096177
154.62,93897.03271841371
154.63,93898.41870900814
154.64000000000001,93900.09329341807
154.65,93899.18774589812
154.66,93900.09048178709
154.67000000000002,93901.31729759483
154.68,93901.71681079127
154.69,93903.58521841309
154.70000000000002,93901.97644296724
154.71,93903.99604121175
154.72,93905.12750287417
154.73,93904.46712709156
154.74,93906.78858941172
154.75,93905.52985719741
154.76,93906.5398758564
154.77,93906.08280373707
154.78,93908.1663939447
154.79,93907.88090637374
154.8,93908.48282600717
154.81,93909.90684786916
154.82,93912.0604374716
154.83,93910.74319066473
154.84,93913.22009368363
154.85,93911.87654793455
154.86,93912.70776609049
154.87,93915.37329816437
154.88,93913.18252935802
154.89000000000001,93915.49403391917
154.9,93916.41191301058
154.91,93916.40243501957
154.92000000000002,93917.11617678119
154.93,93916.40438436707
154.94,93919.15821709056
154.95000000000002,93919.71156507985
154.96,93919.39291700441
154.97,93920.87834320319
154.98,93919.05223678079
154.99,93922.08109870175
155.0,93921.72579641713
155.01,93922.50219313394
155.02,93923.58684939137
155.03,93923.93800922486
155.04,93924.26338382179
155.05,93922.79425354072
155.06,93927.36718891193
155.07,93927.3226102005
155.08,93926.0426065359
155.09,93927.63907527573
155.1,93928.05311414915
155.11,93928.74472047958
155.12,93927.37693970672
155.13,93929.58882028681
155.14000000000001,93930.5093219182
155.15,93931.16009247303
155.16,93932.91851462293
155.17000000000002,93933.15664466846
155.18,93933.4840404854
155.19,93932.93212184607
155.20000000000002,93936.10952875296
155.21,93935.10635344087
155.22,93937.30942146329
155.23,93936.33084641803
155.24,93939.0837859758
155.25,93938.54157105845
155.26,93938.0047133581
155.27,93940.93618804029
155.28,93939.79207674945
155.29,93940.80861373205
155.3,93942.04743542404
155.31,93942.02723040835
155.32,93943.93556685405
155.33,93944.15765349846
155.34,93943.93708203656
155.35,93945.8991355862
155.36,93944.97195424211
155.37,93943.02897930284
155.38,93948.49771256387
155.39000000000001,93946.99977399108
155.4,93945.2739839429
155.41,93949.29824239972
155.42000000000002,93948.18089343699
155.43,93949.19497346392
155.44,93949.17115472394
155.45000000000002,93951.48397765965
155.46,93951.29235713885
155.47,93951.67620901432
155.48,93953.86052122895
155.49,93954.96835578633
155.5,93955.1257501073
155.51,93956.73441334938
155.52,93956.65757392104
155.53,93955.47890567099
155.54,93955.03538853313
155.55,93959.35844437461
155.56,93958.59571894308
155.57,93958.84808594569
155.58,93959.04254342307
155.59,93959.46412369685
155.6,93960.65771023303
155.61,93963.0719440784
155.62,93961.49729058116
155.63,93962.4049840762
155.64000000000001,93963.8364628947
155.65,93963.90485522167
155.66,93964.75941133057
155.67000000000002,93966.1939242755
155.68,93964.84802297367
155.69,93966.19612940989
155.70000000000002,93967.8398489596
155.71,93966.60305376131
155.72,93969.27160618315
155.73,93969.76474757354
155.74,93969.9391253315
155.75,93967.29298544388
155.76,93970.95001417426
155.77,93971.9004139347
155.78,93974.75612291586
155.79,93972.89837666175
155.8,93972.85445149771
155.81,93974.34291843002
155.82,93974.73926082483
155.83,93975.70332256763
155.84,93975.87855771751
155.85,93976.29823025323
155.86,93977.71455411742
155.87,93977.81161386831
155.88,93979.06117762832
155.89000000000001,93980.771187644
155.9,93979.72015041087
155.91,93980.84641022368
155.92000000000002,93980.21904643202
155.93,93983.00101078
155.94,93982.15659779927
155.95000000000002,93984.39715238738
155.96,93982.44967709213
155.97,93983.25439567931
155.98,93985.08349806597
155.99,93985.69669492055
156.0,93986.06483251123
156.01,93987.37582191809
156.02,93987.41728011462
156.03,93989.06772170721
156.04,93989.52557197513
156.05,93989.70538051667
156.06,93989.77731502466
156.07,93990.40138913928
156.08,93990.22167299886
156.09,93993.21477350549
156.1,93992.75680577895
156.11,93993.28796047835
156.12,93995.37423988621
156.13,93995.28176756532
156.14000000000001,93998.15361315577
156.15,93996.22929768477
156.16,93996.79655451642
156.17000000000002,93998.3610868055
156.18,93998.8375778998
156.19,93998.46146842977
156.20000000000002,94000.47196421585
156.21,94000.5429133727
156.22,94000.12414769763
156.23,94000.72149054636
156.24,94003.63579213026
156.25,94002.74081618206
156.26,94002.81651151495
156.27,94003.70083239448
156.28,94004.34675504647
156.29,94005.56995280534
156.3,94006.2152673773
156.31,94006.89232546005
156.32,94007.5724967539
156.33,94006.71038129865
156.34,94009.61482505484
156.35,94008.50896915792
156.36,94009.99881009753
156.37,94008.32869902038
156.38,94009.75730121427
156.39000000000001,94012.53913129657
156.4,94011.75170837993
156.41,94013.16624343186
156.42000000000002,94012.37210662424
156.43,94014.11904096979
156.44,94014.99598213927
156.45000000000002,94014.73350794619
156.46,94015.54074039421
156.47,94017.69738558274
156.48,94017.80999141098
156.49,94017.82906918689
156.5,94017.12602752748
156.51,94020.0207118768
156.52,94019.68432608299
156.53,94018.61615890963
156.54,94019.94050505331
156.55,94023.00811679031
156.56,94020.77613915919
156.57,94021.6220514864
156.58,94020.95669475735
156.59,94025.10072493498
156.6,94026.46016593002
156.61,94025.80475663589
156.62,94026.24686185723
156.63,94027.99365834624
156.64000000000001,94028.69347703937
156.65,94029.4707986301
156.66,94029.7843670192
156.67000000000002,94028.36326611789
156.68,94030.0603794128
156.69,94030.54335289472
156.70000000000002,94031.17712521866
156.71,94029.97319432118
156.72,94031.72429346021
156.73,94034.22108058051
156.74,94034.43878669047
156.75,94034.7003012794
156.76,94034.77473237646
156.77,94036.32385163529
156.78,94038.85660399307
156.79,94038.01997615531
156.8,94037.53021597509
156.81,94040.36577451456
156.82,94038.7904563484
156.83,94040.26371886728
156.84,94040.79014445689
156.85,94040.96202999659
156.86,94043.19395538687
156.87,94043.59667207589
156.88,94043.39878060496
156.89000000000001,94044.58238294777
156.9,94043.23803814543
156.91,94043.68159000024
156.92000000000002,94046.4511660978
156.93,94046.9205095768
156.94,94046.15002712543
156.95000000000002,94048.4759628868
156.96,94047.59282814601
156.97,94047.81612364209
156.98,94050.20030928815
156.99,94049.69340908813
157.0,94052.51200192023
157.01,94052.4104687941
157.02,94052.3560849079
157.03,94054.965427799
157.04,94053.85693568284
157.05,94054.18250330881
157.06,94055.6333606807
157.07,94055.62503835354
157.08,94056.33284637732
157.09,94053.82834300863
157.1,94057.67723165997
157.11,94057.32721477606
157.12,94058.28582292606
157.13,94060.07100691093
157.14000000000001,94058.08487102903
157.15,94060.98001557833
157.16,94062.46805482135
157.17000000000002,94061.93056649563
157.18,94061.68466847265
157.19,94063.59153155354
157.20000000000002,94063.55376890996
157.21,94064.77406381039
157.22,94065.10069474102
157.23,94065.79588036203
157.24,94067.03666324426
157.25,94066.3045930307
157.26,94068.32853187407
157.27,94068.44069833832
157.28,94070.08383136624
157.29,94067.58345817367
157.3,94070.88190560276
157.31,94070.48048501684
157.32,94071.48857757341
157.33,94071.62580749029
157.34,94073.82502294738
157.35,94073.96580758083
157.36,94074.29350283154
157.37,94074.52696679022
157.38,94075.64082121626
157.39000000000001,94076.51345429955
157.4,94076.28553875
157.41,94077.85673726213
157.42000000000002,94076.87928048283
157.43,94076.62759963144
157.44,94078.48224016775
157.45000000000002,94079.84578594
157.46,94080.7420436021
157.47,94081.15464203556
157.48,94081.66263199526
157.49,94082.72671954852
157.5,94082.42508888655
157.51,94084.16233213339
157.52,94084.8760202852
157.53,94083.87135852808
157.54,94085.4935829921
157.55,94085.32033496925
157.56,94085.99020221797
157.57,94088.75102151245
157.58,94089.67062850714
157.59,94090.026566438
157.6,94091.60731410529
157.61,94090.52204964169
157.62,94090.28102856904
157.63,94091.68263046085
157.64000000000001,94093.5265423096
157.65,94092.2335719042
157.66,94093.14241320181
157.67000000000002,94093.84137026081
157.68,94097.52662683578
157.69,94094.24610714878
157.70000000000002,94095.79658467096
157.71,94097.68920371358
157.72,94097.45241718828
157.73,94098.87096429593
157.74,94100.01974265503
157.75,94099.98402082385
157.76,94098.71063487325
157.77,94099.28568160319
157.78,94100.7626782394
157.79,94103.49733605908
157.8,94103.12358090108
157.81,94104.61813113831
157.82,94104.72581533622
157.83,94102.86380424559
157.84,94105.14076591315
157.85,94104.90122569911
157.86,94105.90046894111
157.87,94106.59586197889
157.88,94108.11282129066
157.89000000000001,94107.67398590423
157.9,94108.92275344553
157.91,94109.9665820422
157.92000000000002,94109.37048223578
157.93,94110.60920149893
157.94,94111.89002686851
157.95000000000002,94110.67271476581
157.96,94113.25436977792
157.97,94114.18077233605
157.98,94112.61852023695
157.99,94115.26801144563
158.0,94116.92303778241
158.01,94116.60923877127
158.02,94118.26182783845
158.03,94119.00666164742
158.04,94118.17639335846
158.05,94120.05547855126
158.06,94118.75852053915
158.07,94121.1448066162
158.08,94121.27536993226
158.09,94121.76043599215
158.1,94121.58351026982
158.11,94122.38364850314
158.12,94122.70744935567
158.13,94122.62281362545
158.14000000000001,94126.26850317161
158.15,94125.82450793564
158.16,94125.75921660807
158.17000000000002,94125.9234764571
158.18,94128.25186938384
158.19,94125.75256214215
158.20000000000002,94128.90218601072
158.21,94128.54006286385
158.22,94128.08031450155
158.23,94129.13253445932
158.24,94131.90167514284
158.25,94130.0566890355
158.26,94133.0850009531
158.27,94134.1247511723
158.28,94131.81465586991
158.29,94133.4673764076
158.3,94133.47663020126
158.31,94134.74004315947
158.32,94137.61904580682
158.33,94136.43526123687
158.34,94137.16426794203
158.35,94138.74790403349
158.36,94138.85732175445
158.37,94138.42844288307
158.38,94141.51735014714
158.39000000000001,94140.72724925628
158.4,94142.10817073623
158.41,94140.92880800905
158.42000000000002,94142.01859634335
158.43,94143.06948718488
158.44,94144.54326366309
158.45000000000002,94143.42288383836
158.46,94145.35735609828
158.47,94145.92326219285
158.48,94147.02992229597
158.49,94146.6211860256
158.5,94147.04649549245
158.51,94150.22646441618
158.52,94148.9310230119
158.53,94146.79343555612
158.54,94150.71564649559
158.55,94149.07330038898
158.56,94154.83697430296
158.57,94152.53519505978
158.58,94151.63274173632
158.59,94152.25709268973
158.6,94154.79802586968
158.61,94156.30309063803
158.62,94156.00625441626
158.63,94155.69283414884
158.64000000000001,94157.99146832094
158.65,94157.97342609982
158.66,94157.62985094763
158.67000000000002,94158.8196631297
158.68,94158.4330578375
158.69,94159.58659674943
158.70000000000002,94161.32535288962
158.71,94160.57405492611
158.72,94161.16904156609
158.73,94162.6725453844
158.74,94161.72145803556
158.75,94162.67408686843
158.76,94164.54628066595
158.77,94164.8293469716
158.78,94165.50003750477
158.79,94169.43829046312
158.8,94165.84171328209
158.81,94166.9266767687
158.82,94167.61599720568
158.83,94167.81932096535
158.84,94169.4521900913
158.85,94169.9159422502
158.86,94171.14158925993
158.87,94170.91576218084
158.88,94171.62865466016
158.89000000000001,94171.343883535
158.9,94172.34830141
158.91,94173.25617918783
158.92000000000002,94175.61156798898
158.93,94175.78032910396
158.94,94176.34301413955
158.95000000000002,94176.95124893743
158.96,94176.32061493784
158.97,94177.58857607283
158.98,94178.19183647954
158.99,94180.50016053334
159.0,94179.25164835095
159.01,94180.36336040267
159.02,94182.03988589953
159.03,94182.57007582902
159.04,94183.01255882974
159.05,94183.33839443655
159.06,94183.77694314171
159.07,94183.96114138565
159.08,94185.29099472016
159.09,94182.9006490282
159.1,94184.7575605205
159.11,94185.69397819767
159.12,94186.88960709925
159.13,94187.27566182059
159.14000000000001,94188.33287010468
159.15,94188.91800537606
159.16,94189.36446154075
159.17000000000002,94192.33455691043
159.18,94191.48348950304
159.19,94191.09845948081
159.20000000000002,94193.68020618927
159.21,94194.65838666227
159.22,94194.07301815007
159.23,94194.36559699148
159.24,94192.85834922535
159.25,94194.62286336391
159.26,94196.37082501614
159.27,94196.96872254804
159.28,94196.60954341704
159.29,94199.31657461658
159.3,94198.127163556
159.31,94199.27894341601
159.32,94201.01103468347
159.33,94202.15261043463
159.34,94201.17032833131
159.35,94202.90410274491
159.36,94201.51487513984
159.37,94203.58766777422
159.38,94204.33674623098
159.39000000000001,94207.32100617707
159.4,94204.10124169482
159.41,94207.11551074532
159.42000000000002,94206.3675378418
159.43,94206.66143571999
159.44,94209.79754720196
159.45000000000002,94208.52414593102
159.46,94211.04089488465
159.47,94209.0389428354
159.48,94208.9848221468
159.49,94210.42371266079
159.5,94212.61370262354
159.51,94211.24402902473
159.52,94213.15403110553
159.53,94212.63939460962
159.54,94212.85029731446
159.55,94215.99392905533
159.56,94214.91354492898
159.57,94217.58417018896
159.58,94217.01866813845
159.59,94216.14759816039
159.6,94218.11401366827
159.61,94216.70619810339
159.62,94220.79914853169
159.63,94219.63669327904
159.64000000000001,94222.71370912873
159.65,94222.03528519969
159.66,94223.68246523337
159.67000000000002,94222.0281621609
159.68,94222.65711000121
159.69,94225.58431798915
159.70000000000002,94223.5769897738
159.71,94226.47741135469
159.72,94226.90205078966
159.73,94227.32940674566
159.74,94227.85241401431
159.75,94229.08645988075
159.76,94230.21893125678
159.77,94229.69921216527
159.78,94230.6230000537
159.79,94228.68623896067
159.8,94231.65891476085
159.81,94233.7370249396
159.82,94232.08148497132
159.83,94232.93178748841
159.84,94236.06110153087
159.85,94234.1352025897
159.86,94235.62783476556
159.87,94235.51755207083
159.88,94235.9645960265
159.89000000000001,94236.96435887176
159.9,94237.9267756114
159.91,94237.83214660584
159.92000000000002,94239.72769063943
159.93,94241.72332368724
159.94,94238.94600375586
159.95000000000002,94240.22421529387
159.96,94243.55843287378
159.97,94242.43147647778
159.98,94242.07503035359
159.99,94243.35451521273
160.0,94243.21038152084
160.01,94246.12604720183
160.02,94244.78706759264
160.03,94244.24412124527
160.04,94245.37099157878
160.05,94246.68555648699
160.06,94248.1601913
160.07,94249.198935905
160.08,94248.85158322837
160.09,94251.10263348215
160.1,94249.53353664897
160.11,94251.48652244055
160.12,94251.52906934671
160.13,94253.98945675556
160.14000000000001,94252.24116715355
160.15,94253.96229743192
160.16,94254.03347279
160.17000000000002,94257.06962542025
160.18,94255.02463997807
160.19,94257.00841966773
160.20000000000002,94258.61744268629
160.21,94256.53756123653
160.22,94258.2423361836
160.23,94258.81670093536
160.24,94258.71194819259
160.25,94260.97064763482
160.26,94262.46724313922
160.27,94261.38861143224
160.28,94262.72727774935
160.29,94263.31969526998
160.3,94262.70309313053
160.31,94263.79979913235
160.32,94266.98262653344
160.33,94266.83184568842
160.34,94265.83631418386
160.35,94267.22875756008
160.36,94269.09037992002
160.37,94269.42586130483
160.38,94269.15166118486
160.39000000000001,94268.45854766134
160.4,94268.8470141721
160.41,94271.55105555482
160.42000000000002,94272.94030254117
160.43,94271.32950797184
160.44,94272.11796721032
160.45000000000002,94274.71824917641
160.46,94273.9439905905
160.47,94275.00916876835
160.48,94274.08642544084
160.49,94275.19778567238
160.5,94275.7566582158
160.51,94277.66224081372
160.52,94278.33834743201
160.53,94279.2081622056
160.54,94278.34392295669
160.55,94279.64911951407
160.56,94279.33852114552
160.57,94280.3293353048
160.58,94281.64983497595
160.59,94282.64704803503
160.6,94281.63357707589
160.61,94281.33020413357
160.62,94282.6682825082
160.63,94283.42052886634
160.64000000000001,94286.32997436651
160.65,94287.3816558454
160.66,94285.97173384161
160.67000000000002,94289.43160231043
160.68,94286.2999851501
160.69,94288.64807408325
160.70000000000002,94288.50248302861
160.71,94289.05842905387
160.72,94291.96214141569
160.73,94289.44318262627
160.74,94292.62840266012
160.75,94294.11708480048
160.76,94291.13639646531
160.77,94292.98707762675
160.78,94295.9963941496
160.79,94294.2002683963
160.8,94295.93594947411
160.81,94295.94648051629
160.82,94296.72609098899
160.83,94296.79437954853
160.84,94298.30657298863
160.85,94299.66284324758
160.86,94299.55090076923
160.87,94299.79093013919
160.88,94299.99404190433
160.89000000000001,94301.32452168761
160.9,94303.28985975406
160.91,94302.2230911883
160.92000000000002,94302.12018050188
160.93,94305.40571594772
160.94,94305.11701332848
160.95000000000002,94305.0516349025
160.96,94308.0602796717
160.97,94307.72533411224
160.98,94307.16545006458
160.99,94307.3795523726
161.0,94306.9007767321
161.01,94309.28716666548
161.02,94309.97654204303
161.03,94310.2545194604
161.04,94310.44303456593
161.05,94312.21090615421
161.06,94312.24002590275
161.07,94312.8069553162
161.08,94313.81627729778
161.09,94314.86787164865
161.1,94315.84563249626
161.11,94317.58128607579
161.12,94316.52824115024
161.13,94316.52151459247
161.14000000000001,94317.62755872594
161.15,94318.10035843062
161.16,94319.77280949276
161.17000000000002,94320.05785330206
161.18,94318.89558787308
161.19,94319.5226958345
161.20000000000002,94320.62696692298
161.21,94322.72392343814
161.22,94322.77086018384
161.23,94323.72958791936
161.24,94323.91183495153
161.25,94323.67729675776
161.26,94323.85556600716
161.27,94327.10510697756
161.28,94328.17760373814
161.29,94328.14986754736
161.3,94328.5304787649
161.31,94328.66527612551
161.32,94330.38314275883
161.33,94327.60642130474
161.34,94330.11643017695
161.35,94333.19147529171
161.36,94333.00004270865
161.37,94332.11812709455
161.38,94333.18007968957
161.39000000000001,94332.62177733518
161.4,94334.4471540864
161.41,94334.70584056115
161.42000000000002,94334.87332418251
161.43,94335.30037814347
161.44,94339.81417564144
161.45000000000002,94339.4150232111
161.46,94339.94324395517
161.47,94339.85479474567
161.48,94340.16529722048
161.49,94339.66276470032
161.5,94339.25015458293
161.51,94342.7045429697
161.52,94341.3980869654
161.53,94341.69129934625
161.54,94343.21938699238
161.55,94344.2283149871
161.56,94345.51054671589
161.57,94345.39689649045
161.58,94347.03670332846
161.59,94346.35089049957
161.6,94346.97923254881
161.61,94347.02490241388
161.62,94348.17140211623
161.63,94348.79719281638
161.64000000000001,94348.98351441917
161.65,94351.28176449936
161.66,94351.354739768
161.67000000000002,94350.1289545977
161.68,94351.43626950547
161.69,94353.67559675321
161.70000000000002,94352.849825799
161.71,94354.29163128877
161.72,94353.82620808238
161.73,94355.76985457352
161.74,94356.15456050941
161.75,94357.49908546067
161.76,94357.54525786331
161.77,94358.85576636212
161.78,94357.82902876042
161.79,94359.53714704885
161.8,94359.76403940478
161.81,94361.7641754795
161.82,94362.92017301459
161.83,94364.01832579137
161.84,94362.24018672878
161.85,94363.4852518113
161.86,94363.23538065421
161.87,94365.1163984443
161.88,94365.25481666747
161.89000000000001,94364.98293159727
161.9,94366.4349856088
161.91,94367.56982086516
161.92000000000002,94368.11505245153
161.93,94368.27878902204
161.94,94370.03846731689
161.95000000000002,94369.99619777744
161.96,94370.57333502539
161.97,94370.10059390018
161.98,94371.7396400725
161.99,94372.1282451017
162.0,94371.73093084202
162.01,94373.91762597473
162.02,94373.69348651166
162.03,94375.5424733034
162.04,94377.55435273387
162.05,94376.88791752195
162.06,94377.49899490729
162.07,94378.15626238876
162.08,94378.95708939758
162.09,94380.81643217664
162.1,94380.33568912996
162.11,94381.04090639822
162.12,94381.07502118516
162.13,94381.62539117143
162.14000000000001,94383.13659300208
162.15,94382.40567856298
162.16,94382.39334509902
162.17000000000002,94384.09064740682
162.18,94384.55003923179
162.19,94386.04989019163
162.20000000000002,94386.36727508283
162.21,94386.79944745307
162.22,94389.46849782599
162.23,94387.1964239354
162.24,94388.69911207944
162.25,94389.862082438
162.26,94391.15385383402
162.27,94390.73947435083
162.28,94391.70003893362
162.29,94390.71176207691
162.3,94392.69367994733
162.31,94392.47349756518
162.32,94393.73117657905
162.33,94393.21009899853
162.34,94394.3016677542
162.35,94395.22374780934
162.36,94394.78383881006
162.37,94397.6946089551
162.38,94394.88310706316
162.39000000000001,94398.35029355
162.4,94397.7383546399
162.41,94398.1867961201
162.42000000000002,94399.70259505454
162.43,94400.04901027883
162.44,94402.55217689255
162.45000000000002,94401.08037960628
162.46,94402.06377275384
162.47,94403.59356999483
162.48,94403.06291558726
162.49,94403.9803326779
162.5,94405.73449237463
162.51,94406.85782653873
162.52,94407.7369947393
162.53,94407.62861596709
162.54,94407.79149622642
162.55,94408.17755586909
162.56,94409.04082994428
162.57,94410.91763593422
162.58,94412.52539228383
162.59,94411.27258215779
162.6,94413.04854942515
162.61,94412.95825988283
162.62,94413.22574551818
162.63,94414.35299020415
162.64000000000001,94414.36404362664
162.65,94412.22103164985
162.66,94416.20761597354
162.67000000000002,94416.06311868476
162.68,94413.58278508643
162.69,94418.28005083572
162.70000000000002,94417.01631590832
162.71,94418.801816233
162.72,94419.72899508203
162.73,94419.81983695239
162.74,94419.69567188706
162.75,94423.1782921859
162.76,94422.8205257472
162.77,94422.0201959428
162.78,94423.28676555965
162.79,94426.77184047709
162.8,94424.47667248567
162.81,94424.29328225761
162.82,94424.07557549664
162.83,94424.97764510084
162.84,94425.94863874887
162.85,94427.09648246046
162.86,94428.12863940149
162.87,94429.94185518425
162.88,94429.65122680861
162.89000000000001,94431.92246620113
162.9,94430.42894573242
162.91,94431.6838662015
162.92000000000002,94432.41723413384
162.93,94434.64118816603
162.94,94433.62123300781
162.95000000000002,94435.17070112574
162.96,94434.16432338444
162.97,94435.55567857037
162.98,94437.91922146201
162.99,94436.85971915652
163.0,94436.21632573142
163.01,94437.91516179111
163.02,94440.04160678186
163.03,94438.75568317462
163.04,94439.18502655803
163.05,94441.86851510296
163.06,94442.8537060716
163.07,94440.55797851541
163.08,94442.9332298114
163.09,94444.16999409105
163.1,94443.16597911506
163.11,94445.64010852837
163.12,94445.90178304694
163.13,94446.63276830211
163.14000000000001,94447.35463835455
163.15,94449.2297822969
163.16,94447.38314466865
163.17000000000002,94449.32389524972
163.18,94450.98916943524
163.19,94450.4980654424
163.20000000000002,94451.58916662773
163.21,94450.99479499292
163.22,94452.24994058078
163.23,94453.11975891927
163.24,94454.00396154473
163.25,94453.72100615155
163.26,94453.03769120155
163.27,94454.13116911025
163.28,94456.52277170242
163.29,94455.73980964681
163.3,94456.15652577086
163.31,94456.90427135843
163.32,94458.65908067039
163.33,94458.60654342228
163.34,94459.57090539458
163.35,94461.54750060668
163.36,94462.1542279716
163.37,94460.14070836564
163.38,94463.85898772115
163.39000000000001,94461.77528339204
163.4,94463.42545506233
163.41,94463.69575497771
163.42000000000002,94464.34719432707
163.43,94465.44516959455
163.44,94465.24740660087
163.45000000000002,94465.8979291768
163.46,94469.39134610219
163.47,94468.83481698105
163.48,94468.68591419328
163.49,94469.28140268005
163.5,94469.88151895882
163.51,94472.61237268157
163.52,94473.43730489843
163.53,94471.45258450383
163.54,94472.94708400726
163.55,94473.031988674
163.56,94473.67246155004
163.57,94473.88101660878
163.58,94476.53505947997
163.59,94474.84669534833
163.6,94476.48666431976
163.61,94473.71790045458
163.62,94477.6580022909
163.63,94478.42259596237
163.64000000000001,94479.53672008643
163.65,94479.53813191653
163.66,94480.34540237345
163.67000000000002,94480.21857362479
163.68,94481.49371642414
163.69,94482.21637205814
163.70000000000002,94483.75892925575
163.71,94483.78781615313
163.72,94483.90210620889
163.73,94483.455960258
163.74,94485.77572172572
163.75,94487.12914472306
163.76,94487.99232244623
163.77,94486.35187073897
163.78,94486.90897577729
163.79,94488.94585617971
163.8,94489.27119941257
163.81,94490.06719980705
163.82,94492.5088512592
163.83,94491.45653937351
163.84,94492.01386400293
163.85,94492.40470029737
163.86,94493.64229595962
163.87,94492.47059804744
163.88,94494.36422575006
163.89000000000001,94495.65236854096
163.9,94495.48905939514
163.91,94495.30579643053
163.92000000000002,94496.04107279475
163.93,94497.14322060786
163.94,94498.47346743016
163.95000000000002,94499.27955298281
163.96,94501.3058606897
163.97,94502.40282545438
163.98,94499.81430292988
163.99,94501.35859625037
164.0,94502.58744784554
164.01,94503.69633212386
164.02,94503.17019319754
164.03,94502.92175949282
164.04,94503.87157717282
164.05,94505.91747789875
164.06,94503.66481529307
164.07,94507.07997698875
164.08,94506.6243800372
164.09,94507.35854499791
164.1,94509.15795522889
164.11,94510.891759516
164.12,94508.90958685102
164.13,94510.35043876489
164.14000000000001,94510.69171931744
164.15,94511.5526036329
164.16,94512.39415892753
164.17000000000002,94515.48614725136
164.18,94513.40435366899
164.19,94513.42798578946
164.20000000000002,94515.90459538567
164.21,94516.8112885985
164.22,94516.30792752357
164.23,94516.493586937
164.24,94518.77267668085
164.25,94518.23163625105
164.26,94519.41171141439
164.27,94520.04540156388
164.28,94519.96713713439
164.29,94519.82102520783
164.3,94521.39857442214
164.31,94520.68460147217
164.32,94524.7119599337
164.33,94522.13793277423
164.34,94525.84550581774
164.35,94525.26901929307
164.36,94525.70505326185
164.37,94526.22039468949
164.38,94526.26434044122
164.39000000000001,94527.49648950984
164.4,94527.977577558
164.41,94529.10551267373
164.42000000000002,94531.56198302275
164.43,94531.27939343487
164.44,94531.46395879968
164.45000000000002,94530.68324910187
164.46,94531.80844656318
164.47,94532.71842944446
164.48,94532.9008382532
164.49,94534.0362230617
164.5,94534.5260483031
164.51,94534.51026369828
164.52,94535.49860343877
164.53,94537.26846456833
164.54,94535.94870827957
164.55,94537.69878122924
164.56,94537.92762317076
164.57,94538.68567789633
164.58,94539.91379802974
164.59,94539.51918347532
164.6,94540.10157616294
164.61,94539.81695671401
164.62,94542.84936061803
164.63,94540.80891463828
164.64000000000001,94542.55181398349
164.65,94543.82784904196
164.66,94545.31353501514
164.67000000000002,94546.23051527297
164.68,94544.80156187127
164.69,94544.71273596924
164.70000000000002,94546.53909299515
164.71,94545.42343811033
164.72,94548.63408220666
164.73,94548.73540094955
164.74,94550.52902685707
164.75,94548.88076021298
164.76,94552.73006709428
164.77,94553.50195588873
164.78,94553.27440375887
164.79,94553.88507909964
164.8,94553.85473421798
164.81,94552.74255882022
164.82,94555.01870831399
164.83,94556.8160164601
164.84,94556.41658026275
164.85,94557.11816432328
164.86,94557.37984878782
164.87,94559.46616523384
164.88,94557.85165879362
164.89000000000001,94559.8076457325
164.9,94561.62854977546
164.91,94559.08975863733
164.92000000000002,94562.11415169932
164.93,94563.09114550771
164.94,94562.70027037615
164.95000000000002,94563.22202018599
164.96,94564.99778502854
164.97,94564.4283699173
164.98,94564.34216200431
164.99,94566.0036705527
165.0,94565.09919946284
165.01,94566.95040866824
165.02,94567.75868598696
165.03,94566.76545166728
165.04,94569.7993589523
165.05,94568.30998115298
165.06,94569.34864051097
165.07,94571.44285969317
165.08,94572.00401088598
165.09,94572.8131627665
165.1,94572.71328078902
165.11,94573.79464347337
165.12,94574.02649682434
165.13,94574.4621233293
165.14000000000001,94578.4311266866
165.15,94577.15181374828
165.16,94577.38023199733
165.17000000000002,94578.30226750375
165.18,94580.05112498162
165.19,94579.5720772266
165.20000000000002,94578.92250356679
165.21,94580.30280503402
165.22,94581.61083480914
165.23,94581.46177478391
165.24,94580.94757094998
165.25,94579.98535911411
165.26,94583.36643830569
165.27,94585.29474946756
165.28,94584.89970790724
165.29,94585.13010480412
165.3,94585.42487233468
165.31,94586.58767611027
165.32,94586.36562701115
165.33,94588.41650395418
165.34,94586.8634915117
165.35,94589.86447508818
165.36,94589.77609254216
165.37,94589.79429631306
165.38,94591.18222710013
165.39000000000001,94593.09084036927
165.4,94591.64678865166
165.41,94592.15341661984
165.42000000000002,94594.39087801034
165.43,94594.72850202057
165.44,94594.3150765556
165.45000000000002,94593.81889377777
165.46,94596.04776742677
165.47,94597.2584148525
165.48,94599.55887062171
165.49,94597.25076067333
165.5,94597.5118345488
165.51,94600.23906449124
165.52,94599.59230735469
165.53,94600.41588853893
165.54,94601.31072493615
165.55,94603.16550890864
165.56,94600.32462977048
165.57,94604.17154061912
165.58,94603.57811561596
165.59,94605.31311071233
165.6,94606.04111805142
165.61,94605.52412820711
165.62,94606.31202447391
165.63,94605.06619051588
165.64000000000001,94608.44938389138
165.65,94610.87964940479
165.66,94609.23248093917
165.67000000000002,94608.5725445004
165.68,94609.82907335953
165.69,94612.05268757406
165.70000000000002,94613.27958575173
165.71,94612.53107337156
165.72,94612.44230825455
165.73,94613.80292025616
165.74,94613.86276057088
165.75,94615.04889513283
165.76,94615.33454401209
165.77,94617.25085326043
165.78,94616.73370206312
165.79,94615.27661927523
165.8,94617.56807095816
165.81,94620.20992886432
165.82,94618.94273059827
165.83,94619.65483621447
165.84,94620.36868323555
165.85,94621.13445236496
165.86,94622.60524953529
165.87,94624.671931477
165.88,94623.20399145978
165.89000000000001,94623.40939779219
165.9,94623.30604728569
165.91,94626.47538956231
165.92000000000002,94625.35252118067
165.93,94625.2452641452
165.94,94629.2601252927
165.95000000000002,94629.13347391831
165.96,94627.49709834467
165.97,94630.15392459225
165.98,94629.76979342094
165.99,94630.35442147938
166.0,94628.3724945032
166.01,94631.96484295692
166.02,94633.52669784873
166.03,94629.51896241253
166.04,94633.45899560546
166.05,94636.09274226216
166.06,94635.20550024419
166.07,94637.00424597398
166.08,94635.60944212048
166.09,94635.5529908671
166.1,94638.92095605234
166.11,94637.79273798421
166.12,94638.39887751738
166.13,94639.97057555956
166.14000000000001,94639.74203662857
166.15,94641.09506637916
166.16,94642.36999481142
166.17000000000002,94642.69708203984
166.18,94641.30800152739
166.19,94641.82214581607
166.20000000000002,94645.6672212778
166.21,94645.80437245443
166.22,94646.08968637942
166.23,94647.21299071681
166.24,94645.89923177572
166.25,94648.17158845736
166.26,94647.67296489535
166.27,94647.10205029146
166.28,94647.66837666447
166.29,94651.48341940969
166.3,94650.70675250648
166.31,94651.20350452216
166.32,94653.0074077623
166.33,94652.77935546424
166.34,94654.67982306967
166.35,94652.134208747
166.36,94653.40002275606
166.37,94654.73364733317
166.38,94653.36231247567
166.39000000000001,94655.65803175131
166.4,94657.08219076399
166.41,94658.50193313918
166.42000000000002,94657.61826008167
166.43,94657.7267638861
166.44,94659.18897463335
166.45000000000002,94660.4943089456
166.46,94661.96134060383
166.47,94660.29655330852
166.48,94662.10861320455
166.49,94662.32008398253
166.5,94665.02799334968
166.51,94665.29513575006
166.52,94665.19108228046
166.53,94665.12433952923
166.54,94665.90531641789
166.55,94666.79926603328
166.56,94668.09176541875
166.57,94667.68939372645
166.58,94668.67250051547
166.59,94667.44951024027
166.6,94670.27105143358
166.61,94670.17771064433
166.62,94670.15996419375
166.63,94672.56194079257
166.64000000000001,94674.455929846
166.65,94673.07630861254
166.66,94673.60006745427
166.67000000000002,94675.21589677683
166.68,94674.96362067155
166.69,94676.13953814757
166.70000000000002,94678.63915979117
166.71,94676.50167079412
166.72,94675.88498737184
166.73,94678.6466785983
166.74,94678.02793604246
166.75,94680.07502278037
166.76,94678.76631129385
166.77,94680.22849880884
166.78,94680.78667744731
166.79,94682.04097222116
166.8,94682.4279088246
166.81,94683.42268853183
166.82,94682.04677509551
166.83,94684.02723998539
166.84,94685.8382487369
166.85,94687.05467103263
166.86,94684.57512635423
166.87,94687.29503067395
166.88,94688.50916985077
166.89000000000001,94689.95140705726
166.9,94689.16857286757
166.91,94688.79936558013
166.92000000000002,94691.80279798165
166.93,94691.18968135887
166.94,94692.89741686816
166.95000000000002,94692.05595031953
166.96,94693.28222201782
166.97,94694.68356396699
166.98,94695.18470683176
166.99,94696.56523582336
167.0,94695.839896308
167.01,94697.03959946473
167.02,94695.68117203414
167.03,94697.52359338997
167.04,94698.5052650054
167.05,94699.39618997653
167.06,94699.89684886948
167.07,94700.19441812618
167.08,94700.95303583499
167.09,94700.61816583065
167.1,94700.3613937107
167.11,94703.0022437038
167.12,94702.72530153829
167.13,94706.14762676867
167.14000000000001,94704.06952317846
167.15,94706.074719811
167.16,94705.0434739413
167.17000000000002,94706.08254733453
167.18,94704.82052654774
167.19,94708.15825790878
167.20000000000002,94709.72435188698
167.21,94709.78507682534
167.22,94711.39656612609
167.23,94710.29173114809
167.24,94709.78112073618
167.25,94712.45517610942
167.26,94712.18287115845
167.27,94713.82792419352
167.28,94712.79011959131
167.29,94714.15135642448
167.3,94717.33480993973
167.31,94716.18491321435
167.32,94715.06121624913
167.33,94716.90814572631
167.34,94719.04344796482
167.35,94718.11652009985
167.36,94717.68853411615
167.37,94720.81481666464
167.38,94720.63323086771
167.39000000000001,94721.6858400447
167.4,94720.38074293843
167.41,94724.53660374647
167.42000000000002,94724.02739359626
167.43,94726.50309523138
167.44,94724.57279070168
167.45000000000002,94725.00484307941
167.46,94725.18149296484
167.47,94726.36790192302
167.48,94726.4895842669
167.49,94725.89087235818
167.5,94729.16201732625
167.51,94729.50500080753
167.52,94728.93696763835
167.53,94730.89707223541
167.54,94730.9652991845
167.55,94730.27433107464
167.56,94733.03574917182
167.57,94732.45563992212
167.58,94732.0793164494
167.59,94733.35248656519
167.6,94734.90563188397
167.61,94735.12402413512
167.62,94735.64103425601
167.63,94735.51854191379
167.64000000000001,94738.1179839039
167.65,94737.08180026062
167.66,94738.05841549298
167.67000000000002,94739.5042367248
167.68,94741.22040398701
167.69,94741.87060817648
167.70000000000002,94742.16600155439
167.71,94740.27560793485
167.72,94741.6747952315
167.73,94742.1918727802
167.74,94743.11395202366
167.75,94743.9981462584
167.76,94744.90294056688
167.77,94744.37640703161
167.78,94746.33812207816
167.79,94748.66748551354
167.8,94746.929900645
167.81,94747.5109627038
167.82,94748.48886693455
167.83,94750.61915664491
167.84,94751.30769077294
167.85,94751.06694177262
167.86,94750.30274027331
167.87,94753.69920447226
167.88,94752.69558428646
167.89000000000001,94751.84797823543
167.9,94753.84558917275
167.91,94754.84619458341
167.92000000000002,94755.48711750565
167.93,94754.87034745149
167.94,94757.72149699632
167.95000000000002,94757.73786147028
167.96,94757.8605031755
167.97,94756.70699784398
167.98,94759.4791373664
167.99,94758.54540742964
168.0,94761.6108922885
168.01,94761.73080563819
168.02,94760.46414080892
168.03,94762.00138158155
168.04,94764.43776630244
168.05,94762.84060932099
168.06,94763.62049375617
168.07,94766.07144575956
168.08,94763.00576214916
168.09,94765.01682325822
168.1,94767.04498203188
168.11,94768.54482478618
168.12,94768.61602571547
168.13,94767.86394951564
168.14000000000001,94768.69159192475
168.15,94769.17757538652
168.16,94770.74520504182
168.17000000000002,94771.40558819918
168.18,94770.81799090929
168.19,94772.63458834594
168.20000000000002,94771.47636030844
168.21,94773.06347972919
168.22,94775.66219702431
168.23,94774.0062293749
168.24,94775.41639316661
168.25,94775.51436469068
168.26,94777.14321106445
168.27,94777.47182465486
168.28,94779.21753884715
168.29,94777.79616074951
168.3,94781.61486046884
168.31,94781.11144750261
168.32,94779.6139925163
168.33,94780.2209518584
168.34,94781.78915063826
168.35,94781.3979270137
168.36,94783.76854414881
168.37,94784.8246047491
168.38,94784.54721313358
168.39000000000001,94784.92808674721
168.4,94783.71097768852
168.41,94785.16372961065
168.42000000000002,94788.66930615527
168.43,94789.83504060301
168.44,94788.03484126412
168.45000000000002,94790.68604103095
168.46,94789.73811180437
168.47,94789.72726842648
168.48,94790.25068375276
168.49,94792.11077642592
168.5,94792.0766396449
168.51,94792.69696714095
168.52,94793.35910831112
168.53,94797.3159389459
168.54,94795.09143653131
168.55,94795.65528443416
168.56,94797.89802284472
168.57,94798.20500142255
168.58,94799.45064818731
168.59,94800.41944891652
168.6,94799.9390998739
168.61,94799.30591046694
168.62,94801.54851278583
168.63,94801.50589036365
168.64000000000001,94800.76245768109
168.65,94800.79196718578
168.66,94803.89535233153
168.67000000000002,94803.63313435025
168.68,94805.01613565527
168.69,94804.3641934161
168.70000000000002,94805.31886230671
168.71,94806.03898360646
168.72,94805.7056757288
168.73,94807.70444474103
168.74,94806.8933047066
168.75,94810.33010764967
168.76,94808.0536534128
168.77,94808.3455623353
168.78,94810.67377615436
168.79,94810.48497174271
168.8,94811.92005549475
168.81,94812.8897969402
168.82,94813.8677854983
168.83,94813.45962365252
168.84,94813.96924022265
168.85,94815.24248032951
168.86,94815.06884672897
168.87,94816.51093214494
168.88,94816.11431165342
168.89000000000001,94818.01726607728
168.9,94817.8865165991
168.91,94819.13237818595
168.92000000000002,94820.66526037685
168.93,94821.32661138919
168.94,94820.03672399564
168.95000000000002,94821.94335128613
168.96,94822.09743554253
168.97,94824.16138748167
168.98,94822.0700261628
168.99,94825.13537113792
169.0,94826.8904268523
169.01,94824.96314352645
169.02,94827.39686956997
169.03,94826.38486316575
169.04,94825.7149782936
169.05,94828.62977074669
169.06,94828.38722338084
169.07,94831.20125670473
169.08,94832.02831452986
169.09,94832.17330855841
169.1,94831.67105527241
169.11,94833.73381286957
169.12,94832.95206582473
169.13,94831.29412897138
169.14000000000001,94834.37512334045
169.15,94833.46021521011
169.16,94834.83342333644
169.17000000000002,94835.5526118737
169.18,94836.35706657688
169.19,94836.79944001482
169.20000000000002,94839.32576615378
169.21,94838.19700108033
169.22,94839.85121238629
169.23,94838.98397746171
169.24,94840.90546896211
169.25,94842.8478655584
169.26,94840.27625283894
169.27,94841.5650524958
169.28,94843.36946045754
169.29,94842.76695181454
169.3,94843.96153947964
169.31,94844.80265493685
169.32,94844.6340467717
169.33,94845.62782184331
169.34,94847.80262677884
169.35,94849.4044266955
169.36,94847.76684145608
169.37,94848.68861510608
169.38,94849.03071011114
169.39000000000001,94851.21641352154
169.4,94851.75912587068
169.41,94852.62070080207
169.42000000000002,94852.13416984829
169.43,94854.55054505279
169.44,94853.94948684867
169.45000000000002,94854.34434172591
169.46,94855.71120369245
169.47,94855.8323174549
169.48,94856.6052028509
169.49,94855.48213309336
169.5,94856.6009163094
169.51,94858.58503339622
169.52,94858.29180691001
169.53,94858.7549480506
169.54,94857.41415155816
169.55,94859.25348822297
169.56,94861.6520504264
169.57,94861.07727741906
169.58,94864.1916695219
169.59,94862.82922333179
169.6,94864.29176265691
169.61,94864.3092219692
169.62,94866.88255121029
169.63,94864.73792555026
169.64000000000001,94866.46843049058
169.65,94866.65096331542
169.66,94867.34390776396
169.67000000000002,94868.08487202502
169.68,94866.90251842637
169.69,94870.32006473468
169.70000000000002,94871.19043756579
169.71,94869.90506585554
169.72,94871.42171101332
169.73,94873.13122377619
169.74,94872.6127188982
169.75,94872.36450230636
169.76,94873.59554612884
169.77,94876.59582704978
169.78,94874.85009162482
169.79,94875.72465808073
169.8,94875.56554852765
169.81,94875.98385517675
169.82,94878.72653224293
169.83,94879.02286234045
169.84,94878.2880417848
169.85,94878.74355019155
169.86,94880.9205391622
169.87,94881.73002008162
169.88,94883.41785971692
169.89000000000001,94880.3916698032
169.9,94883.32258701957
169.91,94883.11401297458
169.92000000000002,94883.56098327994
169.93,94885.8166474444
169.94,94884.36642521313
169.95000000000002,94885.10515029177
169.96,94888.86210669065
169.97,94888.34181611863
169.98,94885.78942140604
169.99,94889.84616186256
170.0,94890.21866112923
170.01,94889.92082532703
170.02,94888.3552164702
170.03,94891.25467264101
170.04,94892.49320598412
170.05,94893.98313988256
170.06,94894.29593376798
170.07,94893.59042297036
170.08,94894.16740216526
170.09,94896.92892724162
170.1,94895.72349048358
170.11,94896.53550471108
170.12,94898.96644851554
170.13,94898.70035176423
170.14000000000001,94898.99981965685
170.15,94898.09192511413
170.16,94899.68895820944
170.17000000000002,94899.25131361929
170.18,94900.80519383763
170.19,94901.27812813841
170.20000000000002,94902.86150310485
170.21,94902.13620344938
170.22,94903.46108774858
170.23,94904.12648915175
170.24,94905.60334519853
170.25,94905.35964543505
170.26,94906.34179241989
170.27,94907.3788184606
170.28,94907.9302480575
170.29,94906.67463071631
170.3,94909.74757453779
170.31,94907.68548200703
170.32,94909.8334198058
170.33,94912.34435400766
170.34,94910.86208986073
170.35,94911.02017917964
170.36,94912.87899397162
170.37,94912.7591709123
170.38,94914.7351090869
170.39000000000001,94913.56777005325
170.4,94915.32231203547
170.41,94914.65221502738
170.42000000000002,94918.53568110628
170.43,94917.95646691392
170.44,94917.3855262278
170.45000000000002,94915.73402485097
170.46,94919.87406043023
170.47,94919.59657660587
170.48,94920.85082058232
170.49,94921.45806511614
170.5,94922.12329275333
170.51,94922.28740444714
170.52,94923.13565624855
170.53,94923.3114184048
170.54,94923.7799337556
170.55,94924.316956643
170.56,94926.49379374739
170.57,94926.26012645326
170.58,94927.00311597795
170.59,94928.34869174345
170.6,94929.67359436017
170.61,94930.519579335
170.62,94929.06665940004
170.63,94930.83384944884
170.64000000000001,94929.42628886756
170.65,94932.69482284173
170.66,94933.69679603167
170.67000000000002,94932.27968600279
170.68,94935.26576095395
170.69,94933.28804245687
170.70000000000002,94933.92532330845
170.71,94935.65637733186
170.72,94935.80749498602
170.73,94935.64526669632
170.74,94936.84516271038
170.75,94936.95334957825
170.76,94938.20671354963
170.77,94939.28631440266
170.78,94937.81933106082
170.79,94939.33298874069
170.8,94941.28656395854
170.81,94940.88473560041
170.82,94942.91451028653
170.83,94942.48404206896
170.84,94944.57148701168
170.85,94943.03184517684
170.86,94945.18560885452
170.87,94944.96596826328
170.88,94948.11101331707
170.89000000000001,94947.99094252019
170.9,94946.94998384775
170.91,94945.6726325836
170.92000000000002,94949.75243349584
170.93,94949.74167573413
170.94,94949.48222920856
170.95000000000002,94950.93014621762
170.96,94951.26980345263
170.97,94954.12206144822
170.98,94951.05152259915
170.99,94954.39456233493
171.0,94953.70088817601
171.01,94953.41313699997
171.02,94954.46026941846
171.03,94955.48587691659
171.04,94957.80668858024
171.05,94956.8117344202
171.06,94955.85252638989
171.07,94959.07384885717
171.08,94958.58658021982
171.09,94958.87545627718
171.1,94958.75433939183
171.11,94959.79296028214
171.12,94962.33811788038
171.13,94961.71842763358
171.14000000000001,94962.70059767296
171.15,94962.67095237905
171.16,94965.91549125795
171.17000000000002,94965.9527984603
171.18,94964.39356152523
171.19,94966.50542338942
171.20000000000002,94966.9759925269
171.21,94966.80141263011
171.22,94969.23058168759
171.23,94968.59248560324
171.24,94969.93224465974
171.25,94970.266939584
171.26,94970.29850254797
171.27,94971.18775664517
171.28,94971.83160625602
171.29,94972.29817125344
171.3,94973.08995808328
171.31,94973.55831012837
171.32,94974.28017330686
171.33,94975.74251037305
171.34,94977.08747560601
171.35,94977.48901873943
171.36,94975.58049013537
171.37,94977.43709174148
171.38,94976.93922875583
171.39000000000001,94979.08554116605
171.4,94979.6164404785
171.41,94979.18867690368
171.42000000000002,94982.44991873375
171.43,94981.0847514665
171.44,94982.20349588244
171.45000000000002,94984.38115448246
171.46,94985.48579354912
171.47,94982.69415900965
171.48,94985.3285688362
171.49,94985.50439778077
171.5,94987.94338227487
171.51,94987.40804895615
171.52,94987.88989034289
171.53,94988.48932935054
171.54,94989.94269140718
171.55,94988.80487568419
171.56,94989.49829785316
171.57,94991.14676955587
171.58,94990.02925663149
171.59,94992.44284541658
171.6,94993.6670093238
171.61,94993.64652584448
171.62,94992.6003116103
171.63,94993.68526821151
171.64000000000001,94994.91052574896
171.65,94996.56710747782
171.66,94998.04347988105
171.67000000000002,94999.25903426268
171.68,94998.4133549699
171.69,94997.08082570309
171.70000000000002,94999.05549665606
171.71,94999.92360215908
171.72,95001.12612772382
171.73,95001.72144671605
171.74,95002.72643073072
171.75,95001.535573261
171.76,95002.87513726378
171.77,95002.49773154025
171.78,95004.31287428002
171.79,95006.49313460442
171.8,95006.4982536188
171.81,95006.0860588022
171.82,95004.90735728634
171.83,95005.9197666842
171.84,95009.7721674103
171.85,95009.42473861869
171.86,95009.60790251034
171.87,95009.14152908242
171.88,95012.53433610135
171.89000000000001,95012.4844624432
171.9,95013.53622810815
171.91,95012.0995345953
171.92000000000002,95014.84501129827
171.93,95013.37950658609
171.94,95012.79609318252
171.95000000000002,95015.94180136196
171.96,95017.46439619038
171.97,95015.41522015513
171.98,95018.15073081639
171.99,95018.17166786753
172.0,95017.50317579032
172.01,95020.01421595889
172.02,95020.38894825554
172.03,95020.98974766572
172.04,95020.1470711164
172.05,95022.39930652405
172.06,95022.34827344558
172.07,95022.85483028681
172.08,95022.46161653867
172.09,95023.40839084331
172.1,95023.06735618605
172.11,95027.96792250498
172.12,95026.60839913713
172.13,95027.14840502571
172.14000000000001,95027.66983243352
172.15,95029.12792884409
172.16,95028.31891044557
172.17000000000002,95030.58398501562
172.18,95030.36511534762
172.19,95031.17933969208
172.20000000000002,95030.71241966702
172.21,95032.0838009479
172.22,95032.11020773652
172.23,95032.81777390809
172.24,95033.5145333107
172.25,95035.21315400339
172.26,95035.21273039676
172.27,95037.3668382213
172.28,95037.35600727427
172.29,95036.28870411526
172.3,95038.62501502769
172.31,95037.38683055449
172.32,95038.59637897566
172.33,95039.60365454854
172.34,95038.71363965512
172.35,95040.7585813005
172.36,95041.46321547715
172.37,95043.61034957167
172.38,95042.5538012716
172.39000000000001,95041.9159392624
172.4,95044.40560805715
172.41,95045.39167812455
172.42000000000002,95047.20619138565
172.43,95045.91013297912
172.44,95046.77425676526
172.45000000000002,95048.16390535564
172.46,95047.9824366602
172.47,95047.66962637762
172.48,95048.50487955942
172.49,95050.65766516987
172.5,95050.43038118219
172.51,95052.77895867905
172.52,95052.87188048084
172.53,95054.11849153525
172.54,95053.38994765961
172.55,95054.25628243513
172.56,95055.50138636181
172.57,95055.4703599685
172.58,95056.04166269868
172.59,95055.65818289324
172.6,95057.09280232714
172.61,95058.22126637796
172.62,95057.7166939579
172.63,95060.51778358355
172.64000000000001,95060.72466550862
172.65,95061.22527499608
172.66,95061.84660742056
172.67000000000002,95063.28224069372
172.68,95063.2890550574
172.69,95062.75653513856
172.70000000000002,95063.42072724552
172.71,95066.05652062637
172.72,95065.31991459384
172.73,95065.57205934837
172.74,95066.36256384179
172.75,95066.74282839798
172.76,95065.9947049489
172.77,95066.17547623052
172.78,95069.70349755835
172.79,95068.1314087705
172.8,95069.75873619913
172.81,95070.94297748315
172.82,95073.06122586793
172.83,95071.03417054287
172.84,95072.23812032203
172.85,95072.39143373434
172.86,95074.92947770903
172.87,95075.67274907426
172.88,95076.45446287066
172.89000000000001,95075.77618808248
172.9,95078.45803264559
172.91,95077.4503760138
172.92000000000002,95076.05625660032
172.93,95079.21552942379
172.94,95078.91732146316
172.95000000000002,95080.0725439919
172.96,95080.18642860065
172.97,95081.8922378984
172.98,95081.51403713334
172.99,95082.03192230049
173.0,95082.19290520342
173.01,95084.19226692675
173.02,95083.93827814612
173.03,95087.54924804828
173.04,95086.13933144222
173.05,95084.95443978807
173.06,95086.27858617439
173.07,95085.99304644001
173.08,95089.6006492393
173.09,95089.46459054116
173.1,95089.34733485577
173.11,95091.40609848619
173.12,95089.591360056
173.13,95091.9003788804
173.14000000000001,95091.77123349761
173.15,95092.9778915834
173.16,95093.13324186731
173.17000000000002,95094.73646563184
173.18,95095.08412377578
173.19,95093.64114423886
173.20000000000002,95096.32901610041
173.21,95096.50739456165
173.22,95097.0309561836
173.23,95098.37619089993
173.24,95098.94953263072
173.25,95099.06664125758
173.26,95100.21386287054
173.27,95100.87557214813
173.28,95101.93794568072
173.29,95102.06201169615
173.3,95104.38054383124
173.31,95103.54963857145
173.32,95102.79087524553
173.33,95104.92334991842
173.34,95103.97101826529
173.35,95106.25917921701
173.36,95106.14961913422
173.37,95108.4963643627
173.38,95108.07808634966
173.39000000000001,95108.64814502218
173.4,95109.41591683128
173.41,95112.34107030825
173.42000000000002,95110.17459409221
173.43,95109.28294302255
173.44,95111.83044193617
173.45000000000002,95113.52781631771
173.46,95114.21526904005
173.47,95111.66923042556
173.48,95115.13040368797
173.49,95115.86408864979
173.5,95116.2270090998
173.51,95114.7312326747
173.52,95114.92921261398
173.53,95117.4494108046
173.54,95117.4639079549
173.55,95119.70937552072
173.56,95117.41131915405
173.57,95116.78798777382
173.58,95119.5209627795
173.59,95119.79721796552
173.6,95121.1658346963
173.61,95122.70834819673
173.62,95121.70469895602
173.63,95122.93327982117
173.64000000000001,95125.38505199704
173.65,95124.85853683662
173.66,95126.32075584902
173.67000000000002,95126.54916171837
173.68,95127.0181563826
173.69,95127.11107074593
173.70000000000002,95128.06461270075
173.71,95129.96700167669
173.72,95129.55127578121
173.73,95130.98405579918
173.74,95131.59841446993
173.75,95133.14092510557
173.76,95132.24275719037
173.77,95132.75733904296
173.78,95133.06539626996
173.79,95132.53146652078
173.8,95134.3904866932
173.81,95135.85872009669
173.82,95134.57172210503
173.83,95137.29456769215
173.84,95138.05672985964
173.85,95138.38676474303
173.86,95139.24550855657
173.87,95139.41791924933
173.88,95139.03718053777
173.89000000000001,95141.04418670433
173.9,95140.70597815352
173.91,95142.14306804643
173.92000000000002,95142.93230880493
173.93,95141.47250070685
173.94,95144.60362135332
173.95000000000002,95144.78633860164
173.96,95143.98253086682
173.97,95145.090094527
173.98,95148.5375875305
173.99,95148.17967273112
174.0,95147.13434591278
174.01,95149.42445388006
174.02,95149.44506491067
174.03,95150.06207660335
174.04,95151.43142633152
174.05,95150.25861582578
174.06,95151.82458586417
174.07,95153.3366513438
174.08,95153.20410431121
174.09,95153.82591697619
174.1,95153.90279686636
174.11,95153.10801690612
174.12,95154.75170521537
174.13,95156.28708592142
174.14000000000001,95157.53803592143
174.15,95156.91737432481
174.16,95158.76320469833
174.17000000000002,95158.08381360667
174.18,95159.33294760677
174.19,95159.60610082722
174.20000000000002,95161.58993797694
174.21,95161.45942343066
174.22,95162.03913748759
174.23,95161.69222115619
174.24,95163.94969913654
174.25,95163.99108992823
174.26,95164.86140559369
174.27,95166.40176631394
174.28,95165.98576357774
174.29,95167.8511561976
174.3,95167.28857816194
174.31,95167.02680456323
174.32,95168.54197435832
174.33,95170.00912578788
174.34,95170.26905095582
174.35,95169.03171234074
174.36,95170.69779376985
174.37,95172.78053307976
174.38,95171.29173107253
174.39000000000001,95173.79669276635
174.4,95174.14712989895
174.41,95175.49661066955
174.42000000000002,95175.15371726282
174.43,95175.32517066016
174.44,95177.0477542818
174.45000000000002,95175.81054660445
174.46,95178.07184060203
174.47,95178.57144187774
174.48,95178.69907591883
174.49,95181.42649765786
174.5,95181.70803007823
174.51,95181.7173312405
174.52,95181.373970604
174.53,95181.94229737716
174.54,95181.71805099389
174.55,95183.98096034111
174.56,95183.46870630336
174.57,95183.45156580799
174.58,95184.1338450833
174.59,95184.99282085124
174.6,95185.27284718759
174.61,95188.82979443287
174.62,95189.11242253073
174.63,95188.06922736081
174.64000000000001,95189.38168760252
174.65,95189.19837017087
174.66,95190.65814072512
174.67000000000002,95191.15928484601
174.68,95191.13937640868
174.69,95191.48442863509
174.70000000000002,95192.15360107897
174.71,95195.01700696387
174.72,95194.23611247382
174.73,95193.93304274915
174.74,95196.02584665458
174.75,95197.33872419613
174.76,95195.6286777058
174.77,95196.95022360448
174.78,95197.3436208335
174.79,95198.46773010386
174.8,95199.0164954351
174.81,95203.04266797674
174.82,95202.00964441668
174.83,95202.14808041879
174.84,95201.01004020803
174.85,95202.79092932683
174.86,95204.59685915877
174.87,95202.26824202955
174.88,95205.44170878788
174.89000000000001,95205.24109197641
174.9,95206.66614790945
174.91,95204.99291119461
174.92000000000002,95208.1589047602
174.93,95206.32699778803
174.94,95207.5182202036
174.95000000000002,95209.32445910375
174.96,95209.07889903977
174.97,95210.12707924956
174.98,95211.129441491
174.99,95210.61711132535
175.0,95211.02867187718
175.01,95211.5581448844
175.02,95215.38358395988
175.03,95214.64736728622
175.04,95216.24789775115
175.05,95215.5006313712
175.06,95215.69493714524
175.07,95216.24924526109
175.08,95216.62098378816
175.09,95218.02831639441
175.1,95218.16047220185
175.11,95218.79187639868
175.12,95219.19659673142
175.13,95221.07190124056
175.14000000000001,95221.50849157997
175.15,95222.46891331018
175.16,95222.04400493832
175.17000000000002,95222.39860471652
175.18,95225.25816470245
175.19,95225.85219812725
175.20000000000002,95226.25442412331
175.21,95226.25822764149
175.22,95226.62480715834
175.23,95228.8482098581
175.24,95228.83828735902
175.25,95228.25472036803
175.26,95228.8286294519
175.27,95229.15311875715
175.28,95231.59904341192
175.29,95230.98914525128
175.3,95231.15521451097
175.31,95231.14972483277
175.32,95234.32607480838
175.33,95234.01621795152
175.34,95236.27129500096
175.35,95235.06883713251
175.36,95234.6393723291
175.37,95236.20795015732
175.38,95237.15973749105
175.39000000000001,95236.98763134271
175.4,95238.66168736541
175.41,95238.58747101386
175.42000000000002,95239.58700903784
175.43,95239.0417592296
175.44,95241.51188292919
175.45000000000002,95242.85204295591
175.46,95241.88723521754
175.47,95241.6960767507
175.48,95244.62919660489
175.49,95243.28293400818
175.5,95244.0866482011
175.51,95245.96888725682
175.52,95245.63356922824
175.53,95247.62052975662
175.54,95247.15984895645
175.55,95246.52697571898
175.56,95249.32735573509
175.57,95251.39208854754
175.58,95250.51202888161
175.59,95252.17366663982
175.6,95253.97394933323
175.61,95253.94737636785
175.62,95253.64003387696
175.63,95252.31181576785
175.64000000000001,95252.97954529533
175.65,95255.31551946915
175.66,95255.24793640131
175.67000000000002,95254.48926284147
175.68,95256.97971513458
175.69,95256.90410051857
175.70000000000002,95257.08761508836
175.71,95256.52020486254
175.72,95258.98561043688
175.73,95260.67592128075
175.74,95260.9998146994
175.75,95262.13722067498
175.76,95261.9783656453
175.77,95262.65524393992
175.78,95263.01816022262
175.79,95263.88713957403
175.8,95264.54456606039
175.81,95265.4986099578
175.82,95265.14388454023
175.83,95267.03855746804
175.84,95265.38054973076
175.85,95267.98560621364
175.86,95267.99469390119
175.87,95268.34658247049
175.88,95270.23932629482
175.89000000000001,95270.19660824984
175.9,95270.40036556915
175.91,95272.89301634934
175.92000000000002,95273.10838992262
175.93,95272.9728543213
175.94,95272.878807485
175.95000000000002,95271.89579814492
175.96,95273.865895247
175.97,95275.42647765616
175.98,95274.9439409637
175.99,95275.19834239673
176.0,95276.25299454085
176.01,95277.42058580848
176.02,95279.06932353329
176.03,95279.84743570437
176.04,95280.78334706061
176.05,95281.08450489171
176.06,95283.16129519578
176.07,95281.64634406625
176.08,95281.97399267585
176.09,95284.2021558645
176.1,95281.96884829836
176.11,95283.67713204912
176.12,95284.95865956454
176.13,95287.02031911664
176.14000000000001,95285.5072039898
176.15,95288.11582356661
176.16,95286.14125972577
176.17000000000002,95288.12033297628
176.18,95286.67499174007
176.19,95288.9079440954
176.20000000000002,95289.07026990144
176.21,95290.74891321194
176.22,95289.49979695454
176.23,95293.1479080269
176.24,95292.70795985535
176.25,95292.89469919207
176.26,95293.1613346532
176.27,95296.69077584548
176.28,95294.80730480392
176.29,95294.8654155139
176.3,95298.25348855756
176.31,95297.34325844437
176.32,95297.5711466917
176.33,95297.08731465158
176.34,95299.75038154697
176.35,95299.38740820393
176.36,95298.20623079488
176.37,95301.5782406937
176.38,95300.64261191321
176.39000000000001,95301.8757215094
176.4,95303.89913793458
176.41,95303.82732928876
176.42000000000002,95303.54452252408
176.43,95305.87055627475
176.44,95305.93090253585
176.45000000000002,95308.75703440732
176.46,95305.4835129753
176.47,95307.38692110045
176.48,95306.18344567464
176.49,95308.58131960176
176.5,95308.3374817948
176.51,95309.12936140079
176.52,95310.23905950817
176.53,95312.94910209779
176.54,95312.09541966008
176.55,95311.75628374048
176.56,95312.01500644886
176.57,95314.4211087244
176.58,95314.3082067595
176.59,95314.82673152773
176.6,95316.03904698773
176.61,95317.42401422498
176.62,95316.81021373955
176.63,95317.99567272158
176.64000000000001,95318.8643200458
176.65,95318.41078968532
176.66,95317.97305377095
176.67000000000002,95319.86035567682
176.68,95320.72661247541
176.69,95322.19078018995
176.70000000000002,95322.52396991917
176.71,95324.05173115875
176.72,95323.04148259235
176.73,95325.12155981016
176.74,95324.77723484693
176.75,95325.71570959374
176.76,95324.89522876099
176.77,95328.53757116313
176.78,95327.9404162619
176.79,95329.24619055758
176.8,95328.10837056416
176.81,95330.19416775113
176.82,95329.62659075389
176.83,95330.0299090818
176.84,95331.36035554882
176.85,95331.87403646989
176.86,95332.16688541668
176.87,95332.79913553837
176.88,95334.31084728036
176.89000000000001,95333.59256786907
176.9,95334.83189808499
176.91,95336.00149526588
176.92000000000002,95336.1188858773
176.93,95337.20429598064
176.94,95337.26454055459
176.95000000000002,95339.15310911342
176.96,95339.22012054453
176.97,95338.59583913632
176.98,95340.05450569333
176.99,95341.27584961853
177.0,95340.13782611424
177.01,95341.17898814514
177.02,95342.9239999509
177.03,95343.04681508035
177.04,95343.52015636895
177.05,95345.31693641456
177.06,95346.9670057363
177.07,95346.60890367336
177.08,95346.3685735175
177.09,95347.70474761068
177.1,95349.0809474786
177.11,95347.52528627568
177.12,95351.4115143306
177.13,95350.2557373171
177.14000000000001,95349.47300501345
177.15,95351.50240382069
177.16,95350.37328148453
177.17000000000002,95351.76656062371
177.18,95354.92226730293
177.19,95352.96400390206
177.20000000000002,95356.04196176022
177.21,95353.83964233543
177.22,95355.88824192705
177.23,95356.66039353839
177.24,95355.9719088818
177.25,95356.04278242556
177.26,95359.73948726969
177.27,95360.28037327883
177.28,95358.42109757946
177.29,95360.5539875198
177.3,95359.75495060597
177.31,95361.57758106402
177.32,95360.84072123501
177.33,95363.62492397935
177.34,95362.71106840992
177.35,95365.37713022095
177.36,95364.78005321114
177.37,95365.60936127206
177.38,95365.11115930542
177.39000000000001,95366.85903971175
177.4,95368.03838111182
177.41,95367.45073018837
177.42000000000002,95369.16406623874
177.43,95369.49168770909
177.44,95369.53843494573
177.45000000000002,95369.99940947669
177.46,95370.76282326502
177.47,95369.38077262277
177.48,95371.57757411244
177.49,95374.22834490423
177.5,95374.7538621688
177.51,95376.07299025958
177.52,95374.9285220058
177.53,95376.02195533531
177.54,95376.97143173827
177.55,95377.62051572732
177.56,95380.00471108047
177.57,95379.01914163471
177.58,95380.44162047826
177.59,95380.11553023384
177.6,95381.02800200554
177.61,95382.46614519793
177.62,95379.85217849212
177.63,95382.17112024156
177.64000000000001,95384.12639687884
177.65,95383.38042325825
177.66,95384.83205306761
177.67000000000002,95385.09397130816
177.68,95383.34949776577
177.69,95386.70200608479
177.70000000000002,95385.93856692761
177.71,95388.12067780088
177.72,95385.85690357084
177.73,95389.21979607295
177.74,95389.96364478998
177.75,95389.97243537038
177.76,95390.30835511787
177.77,95391.36448199372
177.78,95392.82928759581
177.79,95393.046314886
177.8,95393.33547124907
177.81,95393.41262479131
177.82,95393.92753092985
177.83,95395.47778636974
177.84,95395.632461869
177.85,95398.53116523709
177.86,95396.595607928
177.87,95398.6808821192
177.88,95398.00549136264
177.89000000000001,95399.5813495954
177.9,95399.95535145942
177.91,95401.85431234504
177.92000000000002,95402.71584649189
177.93,95402.8350414105
177.94,95401.67123231398
177.95000000000002,95402.88876014983
177.96,95403.04925463753
177.97,95404.94119593863
177.98,95407.15129131597
177.99,95405.38916832712
178.0,95406.39918594499
178.01,95405.35845526538
178.02,95409.68715930765
178.03,95409.06084275129
178.04,95409.42018944489
178.05,95410.29515163024
178.06,95409.71361864098
178.07,95410.57906322366
178.08,95411.23084915729
178.09,95411.59853236098
178.1,95412.39661807487
178.11,95415.4316537141
178.12,95414.27393410722
178.13,95415.04350348472
178.14000000000001,95415.99634478745
178.15,95414.15686488817
178.16,95416.43024106431
178.17000000000002,95418.74431411483
178.18,95419.01077329714
178.19,95418.60823713911
178.20000000000002,95418.61097978835
178.21,95421.95052707466
178.22,95418.54978513133
178.23,95422.09804250298
178.24,95421.58736565175
178.25,95421.07176320592
178.26,95424.95561764133
178.27,95425.19573152153
178.28,95423.82099691257
178.29,95425.5155043913
178.3,95426.70602165691
178.31,95426.191472836
178.32,95426.08344102732
178.33,95428.57683572485
178.34,95427.62535780798
178.35,95429.66346899763
178.36,95430.42758554906
178.37,95427.7025620327
178.38,95431.35206384865
178.39000000000001,95430.77772572331
178.4,95432.74303259747
178.41,95434.08549192606
178.42000000000002,95435.21700091957
178.43,95432.94145465815
178.44,95434.93486614763
178.45000000000002,95436.04439832731
178.46,95435.28472386737
178.47,95436.67502616871
178.48,95438.6257274991
178.49,95437.31577347135
178.5,95437.01100977676
178.51,95440.03236787945
178.52,95439.81839159869
178.53,95438.50043274702
178.54,95441.94365835137
178.55,95440.02827214033
178.56,95444.51946940825
178.57,95443.97717324474
178.58,95442.78673679571
178.59,95444.64506823453
178.6,95443.61617941446
178.61,95443.72521031716
178.62,95447.55347603688
178.63,95447.40519253572
178.64000000000001,95447.78351441369
178.65,95447.97605401758
178.66,95450.76500764009
178.67000000000002,95448.71583041655
178.68,95451.02679686504
178.69,95450.08171954425
178.70000000000002,95451.57246154491
178.71,95451.19511511586
178.72,95451.58248167107
178.73,95452.02930440602
178.74,95453.84800619568
178.75,95456.1319117045
178.76,95455.56905293788
178.77,95456.66791621878
178.78,95456.52435734765
178.79,95455.51898620809
178.8,95457.9087985473
178.81,95456.92657536977
178.82,95459.75246487539
178.83,95459.6575794266
178.84,95461.08183879127
178.85,95461.95403394144
178.86,95459.41652393695
178.87,95461.89244897739
178.88,95464.16133010737
178.89000000000001,95462.23845551613
178.9,95463.61126877615
178.91,95465.25072252244
178.92000000000002,95466.364755226
178.93,95464.04007639921
178.94,95466.86526972684
178.95000000000002,95465.89235954077
178.96,95468.71416811578
178.97,95469.5972878789
178.98,95469.5059659426
178.99,95470.92610002137
179.0,95471.1051200069
179.01,95471.2763782622
179.02,95471.84109867226
179.03,95473.14131049541
179.04,95472.2640602933
179.05,95473.76694533105
179.06,95475.00716308007
179.07,95474.70582723324
179.08,95475.33756910264
179.09,95477.81571078085
179.1,95476.98136643188
179.11,95478.4466100655
179.12,95478.83265636433
179.13,95478.62041298326
179.14000000000001,95481.19142640586
179.15,95481.0817788861
179.16,95481.39977006166
179.17000000000002,95483.2405826244
179.18,95482.63911389513
179.19,95483.16195363885
179.20000000000002,95482.48859039863
179.21,95484.66929720396
179.22,95484.48744198732
179.23,95487.88528808155
179.24,95486.47935854278
179.25,95486.63070503315
179.26,95487.18603652224
179.27,95489.10871977899
179.28,95489.28383602241
179.29,95489.93301263519
179.3,95490.45142097613
179.31,95490.04691577936
179.32,95492.73365869513
179.33,95493.01426993278
179.34,95493.08033572546
179.35,95493.65319122809
179.36,95493.48880512439
179.37,95496.58103039785
179.38,95495.1740161446
179.39000000000001,95497.16093820237
179.4,95498.19856558471
179.41,95497.93235905575
179.42000000000002,95498.82967629946
179.43,95497.7431291221
179.44,95499.20729174463
179.45000000000002,95500.37720744094
179.46,95498.78449323434
179.47,95501.01560135366
179.48,95501.65440838037
179.49,95502.8151322781
179.5,95503.12233919733
179.51,95504.85576111065
179.52,95504.07637058533
179.53,95505.86322711673
179.54,95506.14350319814
179.55,95506.80959450883
179.56,95507.49973662027
179.57,95509.69069824141
179.58,95510.4065102074
179.59,95508.30741596004
179.6,95509.81392565403
179.61,95509.86905477637
179.62,95510.97693612092
179.63,95513.14441285774
179.64000000000001,95513.30947609838
179.65,95512.64377366542
179.66,95515.46400075711
179.67000000000002,95513.45330161958
179.68,95513.05762742745
179.69,95515.33408549563
179.70000000000002,95515.28645202568
179.71,95517.86899737865
179.72,95520.77858868882
179.73,95518.5287520107
179.74,95518.58061296726
179.75,95519.52295804505
179.76,95520.14289253743
179.77,95520.08443782508
179.78,95518.55915293525
179.79,95523.35534332281
179.8,95522.7725152896
179.81,95523.60325331615
179.82,95525.29081517863
179.83,95524.57826138688
179.84,95525.97159909864
179.85,95524.23945121086
179.86,95528.2853084414
179.87,95525.68989837171
179.88,95528.18059731551
179.89000000000001,95528.21718862142
179.9,95531.24212362956
179.91,95530.94174560632
179.92000000000002,95531.6241255136
179.93,95531.60670515992
179.94,95530.42531712264
179.95000000000002,95531.93918256991
179.96,95535.62347432462
179.97,95531.71717536499
179.98,95535.14869205921
179.99,95535.84174841101
180.0,95535.52800810734
180.01,95536.66043515755
180.02,95538.13350125555
180.03,95537.95669840575
180.04,95539.93320731116
180.05,95538.87567118427
180.06,95540.57505868902
180.07,95541.2621632369
180.08,95540.05871931958
180.09,95541.61096628563
180.1,95541.2451674119
180.11,95541.86550889169
180.12,95543.18371553373
180.13,95542.53687151421
180.14000000000001,95546.8310904358
180.15,95546.13949699528
180.16,95544.77754706431
180.17000000000002,95548.08801913168
180.18,95545.46001216555
180.19,95546.56507481847
180.20000000000002,95548.20169502612
180.21,95550.96957424692
180.22,95550.88402915359
180.23,95549.30536322175
180.24,95550.66636665542
180.25,95551.10161616515
180.26,95552.46801936424
180.27,95553.76300221706
180.28,95554.08235916145
180.29,95554.73110309406
180.3,95556.04633403254
180.31,95554.94642142237
180.32,95554.01659964031
180.33,95556.99050016835
180.34,95558.55922014201
180.35,95557.99110910931
180.36,95559.2756411599
180.37,95559.12340293726
180.38,95560.49879144886
180.39000000000001,95561.25258623403
180.4,95561.6407586377
180.41,95562.33185915204
180.42000000000002,95563.3913731604
180.43,95561.8456638869
180.44,95565.84029230672
180.45000000000002,95565.10155418425
180.46,95565.97325376538
180.47,95567.35172668294
180.48,95568.23724023237
180.49,95568.57161207868
180.5,95567.64307657287
180.51,95567.33012160257
180.52,95568.88637280805
180.53,95569.06534198872
180.54,95570.35037428906
180.55,95572.11123488643
180.56,95572.29958978416
180.57,95571.97103505491
180.58,95571.80335105296
180.59,95575.16145705583
180.6,95575.58672545406
180.61,95574.51342867398
180.62,95578.21589716562
180.63,95578.12219056416
180.64000000000001,95575.25597792263
180.65,95578.33858635233
180.66,95578.13226218631
180.67000000000002,95578.53911473705
180.68,95578.90293654987
180.69,95580.67484710884
180.70000000000002,95579.93858448794
180.71,95583.03248722594
180.72,95582.0894653991
180.73,95582.66387970727
180.74,95581.56314263778
180.75,95585.51904713828
180.76,95585.79388770857
180.77,95586.75118464133
180.78,95586.836188006
180.79,95584.65459319089
180.8,95588.06116512272
180.81,95587.58932657467
180.82,95588.78713879659
180.83,95589.10213733533
180.84,95589.22489664616
180.85,95590.78750264285
180.86,95590.46172097698
180.87,95590.86770130627
180.88,95592.87894356422
180.89000000000001,95594.11385159941
180.9,95593.43694781518
180.91,95594.25760203501
180.92000000000002,95597.155834267
180.93,95594.1590868245
180.94,95595.62096590223
180.95000000000002,95597.81881273966
180.96,95597.5130310357
180.97,95599.41992452837
180.98,95599.88829456641
180.99,95599.5895962397
181.0,95601.73320471215
181.01,95601.08772446486
181.02,95602.45931525114
181.03,95601.17448818049
181.04,95603.92572010958
181.05,95604.55804770988
181.06,95604.56188772041
181.07,95603.31934533926
181.08,95604.70454899882
181.09,95606.54632204869
181.1,95606.79079230138
181.11,95608.01705251602
181.12,95609.04745698323
181.13,95608.58353501195
181.14000000000001,95609.74089507258
181.15,95609.42694688271
181.16,95611.83588730275
181.17000000000002,95610.9932609632
181.18,95610.22205576827
181.19,95610.86132292052
181.20000000000002,95614.44582106246
181.21,95613.25307048685
181.22,95614.47947144948
181.23,95615.87139194751
181.24,95615.63066550557
181.25,95619.00753358715
181.26,95618.47862114263
181.27,95617.95800976001
181.28,95620.2015428098
181.29,95618.12044297074
181.3,95620.8219816693
181.31,95619.21741986412
181.32,95619.48414031992
181.33,95622.66806961212
181.34,95620.76105331168
181.35,95623.55084774652
181.36,95624.65289529436
181.37,95624.54494972422
181.38,95625.18555736444
181.39000000000001,95625.50474468332
181.4,95626.05999142317
181.41,95626.67025801317
181.42000000000002,95628.10383220953
181.43,95628.54670797962
181.44,95628.45474184284
181.45000000000002,95631.40407884652
181.46,95629.05978753422
181.47,95627.74489091436
181.48,95631.97237451415
181.49,95631.94463558578
181.5,95633.2144084828
181.51,95632.81541634051
181.52,95631.78693668603
181.53,95636.27656407768
181.54,95637.64919957765
181.55,95635.21440327041
181.56,95636.85686264525
181.57,95638.13194595465
181.58,95637.34425568662
181.59,95638.87210197622
181.6,95638.93082042408
181.61,95639.24904694055
181.62,95639.44015324583
181.63,95641.93174232064
181.64000000000001,95642.6371346296
181.65,95640.3346349518
181.66,95640.77067378836
181.67000000000002,95643.65994412749
181.68,95644.52468300173
181.69,95644.16090668786
181.70000000000002,95646.1725592754
181.71,95646.63837506386
181.72,95647.56448133993
181.73,95647.23051629255
181.74,95647.73562990426
181.75,95648.47614719979
181.76,95649.70515399594
181.77,95649.69111155192
181.78,95651.39383135989
181.79,95651.9095074524
181.8,95651.74573399562
181.81,95652.27476555454
181.82,95653.76101616769
181.83,95655.06764118759
181.84,95653.93431808741
181.85,95654.89509639991
181.86,95656.04984976137
181.87,95658.5350459175
181.88,95657.26912244793
181.89000000000001,95657.57134256397
181.9,95659.91996115398
181.91,95659.9408311577
181.92000000000002,95659.8816108282
181.93,95660.88315769316
181.94,95661.22669338135
181.95000000000002,95662.40169298067
181.96,95663.34318699934
181.97,95662.52838985581
181.98,95664.0341623051
181.99,95664.3028332113
182.0,95664.9855065132
182.01,95666.2951344851
182.02,95666.75335521305
182.03,95666.69178984241
182.04,95665.64410102235
182.05,95668.75147692356
182.06,95671.28337740396
182.07,95671.12118866597
182.08,95669.18431831394
182.09,95671.46151850451
182.1,95671.77217251348
182.11,95671.09722371514
182.12,95672.39371017269
182.13,95673.5297514328
182.14000000000001,95674.74783747406
182.15,95676.27613259273
182.16,95674.83841601577
182.17000000000002,95676.74310069994
182.18,95676.27124117188
182.19,95678.74141284738
182.20000000000002,95679.28611191947
182.21,95678.70051671583
182.22,95677.58407913
182.23,95680.76676257799
182.24,95680.12777053923
182.25,95681.58921889994
182.26,95682.27944566395
182.27,95683.46416274407
182.28,95683.07467690024
182.29,95684.56766430796
182.3,95686.51399574576
182.31,95684.85080302763
182.32,95686.25956979432
182.33,95688.36681989442
182.34,95688.01228796528
182.35,95687.78051126536
182.36,95689.23082911152
182.37,95688.65165531241
182.38,95689.44899276082
182.39000000000001,95689.47273979135
182.4,95689.55810088331
182.41,95692.40154832415
182.42000000000002,95692.35073879252
182.43,95694.5146267789
182.44,95695.39056339404
182.45000000000002,95693.22358203304
182.46,95694.55422064327
182.47,95697.30529627534
182.48,95697.27563943728
182.49,95697.36036813834
182.5,95698.53120401526
182.51,95697.87276578828
182.52,95700.5825922921
182.53,95698.76588945145
182.54,95700.94763165631
182.55,95699.25462285071
182.56,95699.181112525
182.57,95702.73336212743
182.58,95702.20383638948
182.59,95704.51198596173
182.6,95704.40918984487
182.61,95703.40102108986
182.62,95704.38426342381
182.63,95704.79423920538
182.64000000000001,95705.7966867244
182.65,95705.78239299695
182.66,95707.00594058412
182.67000000000002,95706.58312178185
182.68,95708.52436125324
182.69,95709.17970268898
182.70000000000002,95710.80318677929
182.71,95712.85120235351
182.72,95710.55496328509
182.73,95711.89564091658
182.74,95712.8666662584
182.75,95712.97207272031
182.76,95713.87462542547
182.77,95713.57467299188
182.78,95715.9604409003
182.79,95715.95629532106
182.8,95717.79666198068
182.81,95718.58092180162
182.82,95718.84569380847
182.83,95717.07378928625
182.84,95720.48568629705
182.85,95719.86447710768
182.86,95720.49959817073
182.87,95721.4312411971
182.88,95721.20429475549
182.89000000000001,95721.96477684309
182.9,95724.24372498252
182.91,95723.13385301028
182.92000000000002,95725.03280881111
182.93,95725.2705211189
182.94,95725.92572058545
182.95000000000002,95725.61430961872
182.96,95727.8026326634
182.97,95727.35102119848
182.98,95729.87052432324
182.99,95728.90611613747
183.0,95730.30612133282
183.01,95729.35905357322
183.02,95731.268051752
183.03,95730.53486325943
183.04,95733.43718106697
183.05,95734.62461420169
183.06,95734.27066932383
183.07,95734.17791872102
183.08,95735.2067712333
183.09,95735.40999572547
183.1,95735.24375359541
183.11,95736.93918877371
183.12,95738.76484780415
183.13,95737.16700996777
183.14000000000001,95737.12879397855
183.15,95739.5953297873
183.16,95738.66011069801
183.17000000000002,95740.23054650977
183.18,95743.5811908637
183.19,95741.46134038287
183.20000000000002,95742.3209241487
183.21,95743.21175156646
183.22,95744.84311271654
183.23,95744.62073046995
183.24,95746.29116927809
183.25,95744.28979222843
183.26,95745.60725676954
183.27,95745.1986041785
183.28,95747.58711115639
183.29,95748.84265713724
183.3,95750.6523926325
183.31,95748.74746891075
183.32,95752.18222701673
183.33,95750.80387009904
183.34,95751.81480054653
183.35,95752.33739086318
183.36,95752.8622148077
183.37,95753.13648306076
183.38,95756.4079940524
183.39000000000001,95756.83583166638
183.4,95755.6918087255
183.41,95755.25853692568
183.42000000000002,95757.25348627173
183.43,95757.3417643983
183.44,95758.11483594542
183.45000000000002,95758.23725933801
183.46,95760.92809866162
183.47,95760.3565703069
183.48,95760.57165381718
183.49,95760.84049603197
183.5,95762.12312261794
183.51,95764.11825631188
183.52,95762.91639114809
183.53,95765.16554932386
183.54,95765.47371263259
183.55,95764.66271498057
183.56,95765.68505477195
183.57,95765.74710256715
183.58,95767.99350259024
183.59,95768.12041756195
183.6,95770.13372796947
183.61,95769.89173466997
183.62,95770.56662923648
183.63,95770.10699701178
183.64000000000001,95771.89478292779
183.65,95771.21754057148
183.66,95772.38314268066
183.67000000000002,95771.56489822776
183.68,95774.57901517577
183.69,95774.85592334712
183.70000000000002,95775.69644597241
183.71,95775.20891679703
183.72,95775.02626756944
183.73,95776.01758462036
183.74,95777.98317517967
183.75,95778.46925511918
183.76,95778.78395915437
183.77,95779.68775117205
183.78,95780.45588938915
183.79,95780.92851884774
183.8,95781.08130298601
183.81,95781.65152189863
183.82,95782.36311025776
183.83,95782.78200954417
183.84,95783.82521716657
183.85,95783.38617835016
183.86,95785.67888717989
183.87,95786.77029741231
183.88,95786.98977487042
183.89000000000001,95785.30208137294
183.9,95788.20335634337
183.91,95788.92747617314
183.92000000000002,95790.24227146296
183.93,95790.4998998821
183.94,95790.45996847513
183.95000000000002,95791.46505931811
183.96,95791.23225367519
183.97,95792.20834507857
183.98,95793.58483072507
183.99,95794.47753734673
184.0,95795.09060283909
184.01,95795.20345291753
184.02,95796.58312792957
184.03,95795.22572797956
184.04,95798.60183484045
184.05,95798.0202838516
184.06,95798.50916016403
184.07,95797.10373901714
184.08,95800.78832253866
184.09,95797.59716926276
184.1,95803.4351654832
184.11,95800.68964998735
184.12,95800.9185852683
184.13,95801.6891243577
184.14000000000001,95802.20011167992
184.15,95803.97304689365
184.16,95803.73470719946
184.17000000000002,95804.51641903046
184.18,95806.7908443595
184.19,95806.64817742592
184.20000000000002,95808.07559078658
184.21,95807.93346599751
184.22,95809.44002207981
184.23,95810.6718440261
184.24,95810.54455606239
184.25,95813.31358434803
184.26,95810.16300713058
184.27,95811.1932330409
184.28,95812.31928629515
184.29,95812.72204974602
184.3,95813.494887988
184.31,95815.28386236583
184.32,95814.63459697415
184.33,95815.92404650006
184.34,95816.62589161149
184.35,95819.07834984627
184.36,95818.97055754556
184.37,95818.18649928416
184.38,95817.84300181705
184.39000000000001,95819.79257462452
184.4,95821.95582270477
184.41,95819.27877107437
184.42000000000002,95822.61606689071
184.43,95820.45691140035
184.44,95823.24654487254
184.45000000000002,95822.20424042993
184.46,95825.70538126602
184.47,95824.35200394789
184.48,95826.53128048996
184.49,95827.89803912888
184.5,95828.35884916148
184.51,95827.17583673519
184.52,95827.03596261302
184.53,95828.69368225038
184.54,95828.85899979452
184.55,95829.84664663901
184.56,95831.18747318158
184.57,95830.62469720932
184.58,95831.06546946213
184.59,95832.58309522658
184.6,95833.98174825034
184.61,95833.54892649964
184.62,95836.09882620058
184.63,95833.03997123784
184.64000000000001,95836.72307660486
184.65,95837.06786373699
184.66,95835.87075271163
184.67000000000002,95838.17852316581
184.68,95838.60403223052
184.69,95840.12029916207
184.70000000000002,95839.09800480136
184.71,95840.51908322386
184.72,95840.0889273277
184.73,95841.92767250244
184.74,95841.8710234284
184.75,95842.70809220488
184.76,95842.68151119315
184.77,95843.85654591507
184.78,95846.71043001021
184.79,95847.20830110987
184.8,95847.84898752482
184.81,95845.99909105121
184.82,95847.72131481525
184.83,95848.17211459782
184.84,95849.63026389974
184.85,95848.81553934433
184.86,95849.76557675585
184.87,95852.65093636798
184.88,95851.09113717204
184.89000000000001,95851.89875527676
184.9,95853.04800979691
184.91,95852.03023231753
184.92000000000002,95855.38460827453
184.93,95856.62290459519
184.94,95853.30419257923
184.95000000000002,95856.75669600251
184.96,95855.0360355789
184.97,95856.09657136993
184.98,95856.907055855
184.99,95857.22091709323
185.0,95858.58108799777
185.01,95859.91998718669
185.02,95860.77652091261
185.03,95861.36839220847
185.04,95860.81489652184
185.05,95863.55835639873
185.06,95862.56825672256
185.07,95864.81633551556
185.08,95864.5843032827
185.09,95864.28676446938
185.1,95867.3346687614
185.11,95864.12548117948
185.12,95866.38573757533
185.13,95868.41571646032
185.14000000000001,95868.60034922164
185.15,95869.34161062588
185.16,95869.98543641453
185.17000000000002,95870.86107691632
185.18,95870.13326774939
185.19,95871.447035453
185.20000000000002,95873.51009209383
185.21,95873.60904508678
185.22,95874.38472157651
185.23,95875.01565861839
185.24,95874.12748620546
185.25,95876.19960617585
185.26,95874.42093590293
185.27,95876.32661505452
185.28,95877.99854208571
185.29,95877.04333235207
185.3,95878.99414655942
185.31,95878.49208755605
185.32,95880.56160736278
185.33,95880.94558538764
185.34,95882.7635154004
185.35,95881.84632244894
185.36,95882.64858273255
185.37,95881.41606638127
185.38,95885.18036550951
185.39000000000001,95885.63387541952
185.4,95885.02508391363
185.41,95886.26538579025
185.42000000000002,95885.32951843027
185.43,95888.13533173534
185.44,95886.51286774655
185.45000000000002,95887.6779791765
185.46,95890.5769645403
185.47,95890.35052198205
185.48,95890.61415081246
185.49,95892.2134317524
185.5,95892.1995588098
185.51,95891.92018366183
185.52,95891.95653053171
185.53,95892.70508493052
185.54,95894.41983351053
185.55,95895.07482582438
185.56,95893.70283909296
185.57,95896.4832841741
185.58,95894.57097581304
185.59,95895.10459449707
185.6,95897.75115327485
185.61,95899.48123226667
185.62,95900.5386804943
185.63,95900.88633090076
185.64000000000001,95902.29687539785
185.65,95901.20826263218
185.66,95901.53729744913
185.67000000000002,95900.57593661024
185.68,95903.83495632898
185.69,95903.00906977088
185.70000000000002,95906.17142468452
185.71,95905.33774929491
185.72,95907.476648962
185.73,95908.4472852469
185.74,95906.59512409437
185.75,95907.89687242324
185.76,95908.26912419495
185.77,95910.11045279665
185.78,95909.7865801403
185.79,95910.43202910507
185.8,95910.8220960055
185.81,95911.45661759673
185.82,95912.47465619174
185.83,95912.65235348121
185.84,95913.62640170057
185.85,95913.50947420463
185.86,95914.55381738646
185.87,95916.59644521913
185.88,95917.66528940908
185.89000000000001,95917.0430594357
185.9,95917.66476486882
185.91,95918.14543940572
185.92000000000002,95916.70714169831
185.93,95918.72369452732
185.94,95921.82260398827
185.95000000000002,95922.7713208555
185.96,95921.99791623357
185.97,95922.71908371914
185.98,95923.91546714063
185.99,95921.73544037262
186.0,95923.59785645487
186.01,95925.81651847705
186.02,95924.25082362264
186.03,95928.37438695932
186.04,95926.77898060354
186.05,95926.54498400797
186.06,95928.13239413378
186.07,95929.35263207596
186.08,95929.78135973706
186.09,95930.4444823459
186.1,95930.17197976579
186.11,95930.96865023418
186.12,95931.47302586019
186.13,95932.41125939971
186.14000000000001,95932.47060663057
186.15,95933.31800870164
186.16,95934.00956147035
186.17000000000002,95934.47756169601
186.18,95934.92592399828
186.19,95934.10732947278
186.20000000000002,95936.86510942805
186.21,95935.26865381117
186.22,95938.7550890001
186.23,95940.59318367387
186.24,95939.4341255473
186.25,95939.71135831492
186.26,95939.75266850754
186.27,95944.45102608179
186.28,95943.13508067888
186.29,95941.58396387451
186.3,95944.39995377653
186.31,95942.90981813127
186.32,95944.42770452132
186.33,95944.90685831688
186.34,95946.38020985278
186.35,95947.16353279006
186.36,95947.31201346622
186.37,95947.55102209005
186.38,95949.08530184733
186.39000000000001,95951.70098729829
186.4,95949.21042806338
186.41,95950.66989928225
186.42000000000002,95952.736194067
186.43,95950.8261278191
186.44,95951.90056439048
186.45000000000002,95952.53386303084
186.46,95951.18838751837
186.47,95955.75069507853
186.48,95954.54772623468
186.49,95956.24746529346
186.5,95956.453784931
186.51,95957.2167034538
186.52,95957.65999336173
186.53,95957.9113274094
186.54,95958.7079797201
186.55,95960.30658000617
186.56,95961.11694302045
186.57,95961.51090021206
186.58,95960.98449684112
186.59,95962.70732341612
186.6,95963.54127803986
186.61,95963.36628626552
186.62,95962.5773400906
186.63,95963.96309903963
186.64000000000001,95964.7378811505
186.65,95965.5517870392
186.66,95966.99273098775
186.67000000000002,95967.05100336616
186.68,95970.08118622936
186.69,95969.22380755455
186.70000000000002,95969.90371926737
186.71,95970.01760388023
186.72,95971.06680640717
186.73,95970.20040076172
186.74,95971.92391996217
186.75,95973.52799976744
186.76,95972.30002355804
186.77,95972.83437963814
186.78,95974.6934766992
186.79,95976.56934247633
186.8,95976.8654078781
186.81,95978.87631235596
186.82,95977.36514346255
186.83,95977.84624848832
186.84,95979.54354875923
186.85,95979.79137852919
186.86,95978.60701840944
186.87,95979.51319592755
186.88,95981.24562284417
186.89000000000001,95982.16145847715
186.9,95983.85269652992
186.91,95983.38333143623
186.92000000000002,95982.62473774655
186.93,95985.49332851826
186.94,95986.04875999261
186.95000000000002,95984.97324101634
186.96,95985.694233765
186.97,95987.00360032287
186.98,95987.20462849272
186.99,95988.9064860871
187.0,95987.67582887797
187.01,95988.94557457643
187.02,95989.09223902189
187.03,95990.17863744035
187.04,95990.92280601307
187.05,95993.29654692484
187.06,95992.60500455646
187.07,95993.42483990695
187.08,95995.31782810044
187.09,95993.49713098785
187.1,95995.08098924102
187.11,95996.51084346847
187.12,95995.91456177676
187.13,95997.71946243163
187.14000000000001,95998.618333295
187.15,95999.06197720832
187.16,95999.39327218261
187.17000000000002,96000.98085300268
187.18,96001.00729453255
187.19,96000.95355561205
187.20000000000002,95999.05524568047
187.21,96003.66650815742
187.22,96003.32449125675
187.23,96004.022618567
187.24,96005.73735120503
187.25,96006.59995657644
187.26,96006.19647907947
187.27,96004.56520104554
187.28,96005.48266487943
187.29,96007.4581210811
187.3,96007.98274162743
187.31,96007.63273598265
187.32,96008.9812980241
187.33,96011.1074321302
187.34,96010.30238677819
187.35,96012.20099596251
187.36,96012.88256453277
187.37,96015.13440692046
187.38,96012.9233315386
187.39000000000001,96012.72763099844
187.4,96015.3019273076
187.41,96015.25108239539
187.42000000000002,96016.70270644492
187.43,96017.00631876575
187.44,96017.1984665805
187.45000000000002,96019.09686965474
187.46,96017.58775915053
187.47,96020.36736151998
187.48,96019.63614466501
187.49,96021.93175472961
187.5,96022.17022591611
187.51,96021.83491796166
187.52,96023.79984373691
187.53,96023.89976337897
187.54,96025.15674160233
187.55,96024.97443297645
187.56,96024.34017125747
187.57,96025.22155266561
187.58,96028.25813411138
187.59,96026.81100870219
187.6,96025.72571548019
187.61,96027.93431501625
187.62,96030.07350219534
187.63,96029.28929701145
187.64000000000001,96031.95589312221
187.65,96031.95122989247
187.66,96031.38602388815
187.67000000000002,96032.48685947909
187.68,96034.82305123266
187.69,96032.56377330884
187.70000000000002,96033.51386750615
187.71,96033.90728735384
187.72,96035.62499338503
187.73,96036.67219611394
187.74,96036.62688160759
187.75,96035.77106692795
187.76,96038.92520720219
187.77,96038.82991287828
187.78,96037.47892074421
187.79,96040.48099513822
187.8,96041.06532840655
187.81,96041.24810546082
187.82,96040.8824496202
187.83,96043.12369956619
187.84,96042.11275317032
187.85,96042.64320892542
187.86,96044.5424770537
187.87,96046.64914136243
187.88,96045.1480634429
187.89000000000001,96046.65036195453
187.9,96046.72013252738
187.91,96048.57395986706
187.92000000000002,96046.29153266536
187.93,96049.40039794844
187.94,96048.10093740348
187.95000000000002,96051.24268388594
187.96,96050.48190926154
187.97,96051.43822965104
187.98,96051.82799137245
187.99,96054.16437234491
188.0,96053.41646813905
188.01,96054.52903479128
188.02,96054.18508417408
188.03,96054.73580197181
188.04,96054.99532233544
188.05,96056.39699527495
188.06,96057.73944193772
188.07,96059.3464804432
188.08,96059.45791399383
188.09,96060.7763020785
188.1,96059.60668913781
188.11,96061.28614122793
188.12,96060.93835476766
188.13,96061.13620453986
188.14000000000001,96061.71776414022
188.15,96063.49109711575
188.16,96062.93980885805
188.17000000000002,96064.79665250902
188.18,96064.66767484281
188.19,96065.62029692713
188.20000000000002,96066.03093767741
188.21,96069.38948376336
188.22,96068.03521301967
188.23,96069.15359241399
188.24,96068.8470794137
188.25,96071.41284334016
188.26,96068.66665097633
188.27,96070.24464486905
188.28,96072.71997314041
188.29,96072.26071231303
188.3,96072.87000108116
188.31,96074.57725330179
188.32,96073.93862365023
188.33,96073.93949806485
188.34,96076.38997533765
188.35,96076.73955356053
188.36,96075.75114814276
188.37,96077.5037602599
188.38,96078.74850679182
188.39000000000001,96077.29051761514
188.4,96080.15753515436
188.41,96079.440909442
188.42000000000002,96080.91497458633
188.43,96080.46319145588
188.44,96082.34290740197
188.45000000000002,96082.53328757432
188.46,96083.74355470968
188.47,96083.7528337483
188.48,96083.37326687366
188.49,96087.13949033876
188.5,96086.05394469244
188.51,96088.17985112178
188.52,96086.8943814211
188.53,96088.95215187942
188.54,96086.65354211448
188.55,96089.99781081764
188.56,96089.5829528322
188.57,96091.26035409975
188.58,96092.28573978682
188.59,96093.56037916453
188.6,96092.36786412117
188.61,96091.92137763306
188.62,96095.733731266
188.63,96095.47790591347
188.64000000000001,96095.29924862494
188.65,96096.31896344037
188.66,96096.57710923773
188.67000000000002,96095.32771528441
188.68,96098.22696617724
188.69,96098.67073289191
188.70000000000002,96099.36041406528
188.71,96099.84347453502
188.72,96100.07090780744
188.73,96100.93309548292
188.74,96100.62072170369
188.75,96100.50241147283
188.76,96100.95773085837
188.77,96104.70228143591
188.78,96103.7572480406
188.79,96107.24294423053
188.8,96106.34246887805
188.81,96106.52994054309
188.82,96106.87681650916
188.83,96106.71464841042
188.84,96109.87108496355
188.85,96108.66487836276
188.86,96109.29298511277
188.87,96110.31917413938
188.88,96112.61003622682
188.89000000000001,96112.3819688768
188.9,96110.34487043114
188.91,96114.00322922374
188.92000000000002,96110.65154241063
188.93,96113.97411294196
188.94,96112.96325035175
188.95000000000002,96116.8820610022
188.96,96114.49014026506
188.97,96115.38306303463
188.98,96116.34029308493
188.99,96118.33135527343
189.0,96119.11662199812
189.01,96118.04237477823
189.02,96120.31323873343
189.03,96120.26052244609
189.04,96119.74723371728
189.05,96122.49879184428
189.06,96121.38371162226
189.07,96123.64072105277
189.08,96122.50342586583
189.09,96123.08641098517
189.1,96124.66550646181
189.11,96126.16135768591
189.12,96124.52430025472
189.13,96125.88884943005
189.14000000000001,96130.28090871971
189.15,96126.6096790323
189.16,96129.36976131184
189.17000000000002,96129.17261896256
189.18,96131.06930618046
189.19,96129.471253812
189.20000000000002,96131.0194307638
189.21,96130.88854394741
189.22,96132.34859607273
189.23,96132.82780558907
189.24,96132.76502560456
189.25,96134.48721483229
189.26,96135.07999480973
189.27,96136.76602196637
189.28,96137.74165390394
189.29,96137.99714777849
189.3,96136.48138913224
189.31,96137.31033341205
189.32,96139.97678514346
189.33,96140.33156657842
189.34,96140.52944239
189.35,96140.05914249188
189.36,96142.63847965957
189.37,96142.73439106515
189.38,96141.87360639613
189.39000000000001,96143.67613378502
189.4,96143.62231204248
189.41,96145.87217684812
189.42000000000002,96145.57584187618
189.43,96144.5759875036
189.44,96147.21080064414
189.45000000000002,96149.4244103614
189.46,96148.00965241385
189.47,96147.54178271303
189.48,96149.62259203062
189.49,96150.3965442674
189.5,96151.37215165111
189.51,96150.44095607025
189.52,96151.74786879373
189.53,96153.25253105887
189.54,96151.72655536233
189.55,96154.16907963398
189.56,96154.7503412492
189.57,96154.42536388354
189.58,96156.09328365616
189.59,96155.85195508247
189.6,96155.57639062985
189.61,96158.02361004574
189.62,96158.28545115795
189.63,96160.20029549922
189.64000000000001,96159.05812448804
189.65,96161.24172288855
189.66,96160.78728561626
189.67000000000002,96161.60652145221
189.68,96163.3886999762
189.69,96162.3690470667
189.70000000000002,96163.90460345297
189.71,96164.7143090125
189.72,96165.55377835351
189.73,96165.25738152846
189.74,96166.55679669286
189.75,96167.35827658349
189.76,96166.08277467126
189.77,96167.73558156367
189.78,96168.95430084306
189.79,96170.5789827351
189.8,96169.49618342242
189.81,96172.11767411251
189.82,96172.4582189658
189.83,96171.50900753833
189.84,96172.69210295677
189.85,96173.89497018297
189.86,96174.29895669731
189.87,96176.13482909623
189.88,96174.84000377584
189.89000000000001,96175.09704732307
189.9,96176.50281152106
189.91,96177.51626866776
189.92000000000002,96179.99937790348
189.93,96177.62585138934
189.94,96178.39993334589
189.95000000000002,96181.6847428342
189.96,96181.68291968136
189.97,96180.35796391533
189.98,96182.4198511493
189.99,96183.48649176394
190.0,96183.48456688633
190.01,96182.96918734211
190.02,96183.66423160685
190.03,96184.49533057182
190.04,96186.71992325805
190.05,96187.28811228994
190.06,96186.98394957345
190.07,96187.9106266755
190.08,96188.13145935789
190.09,96188.67325580948
190.1,96189.44588121668
190.11,96189.65603567248
190.12,96189.93362695012
190.13,96192.36133228047
190.14000000000001,96192.38705279533
190.15,96191.90057197829
190.16,96195.0318303913
190.17000000000002,96193.30478830462
190.18,96194.3177054507
190.19,96195.5819155205
190.20000000000002,96197.22398349583
190.21,96195.25861812627
190.22,96200.07051705912
190.23,96198.11288236527
190.24,96199.01981235729
190.25,96198.23421715279
190.26,96200.68405357793
190.27,96199.84568952555
190.28,96203.38308420223
190.29,96200.85480313683
190.3,96202.21163622386
190.31,96203.19621275601
190.32,96203.68685013634
190.33,96202.13460109965
190.34,96205.01255754216
190.35,96205.18712666017
190.36,96206.7633936744
190.37,96207.1599724779
190.38,96207.45227470623
190.39000000000001,96208.39908977442
190.4,96209.25406353033
190.41,96208.68002341391
190.42000000000002,96208.72135387456
190.43,96211.6029015536
190.44,96212.73209194
190.45000000000002,96211.74523608682
190.46,96212.85271113251
190.47,96214.53738314766
190.48,96213.36696274964
190.49,96213.88565163156
190.5,96215.74729056233
190.51,96215.10173874829
190.52,96215.12383798906
190.53,96218.40934196499
190.54,96218.42408381244
190.55,96217.61413745972
190.56,96218.52992115317
190.57,96220.44031174105
190.58,96221.53515907409
190.59,96222.31363378663
190.6,96222.17779914805
190.61,96223.36179371239
190.62,96221.6419041006
190.63,96222.12615977282
190.64000000000001,96223.95554775682
190.65,96226.83240133179
190.66,96225.4300984002
190.67000000000002,96226.74269818384
190.68,96225.56051206424
190.69,96226.89552128702
190.70000000000002,96229.86861855087
190.71,96230.90507601363
190.72,96230.11240499598
190.73,96229.48592603763
190.74,96231.50230677854
190.75,96234.56762292064
190.76,96231.89425071624
190.77,96232.8322352179
190.78,96234.20009653819
190.79,96234.01753057807
190.8,96234.7621988549
190.81,96233.70262517165
190.82,96235.28104075229
190.83,96236.74268859955
190.84,96237.56690503046
190.85,96238.22678957411
190.86,96239.66290927779
190.87,96239.09735277016
190.88,96240.86953485514
190.89000000000001,96239.86783650595
190.9,96240.75305761569
190.91,96242.93241644281
190.92000000000002,96242.46892310762
190.93,96246.3245157176
190.94,96242.08392590217
190.95000000000002,96245.24762576335
190.96,96243.6562060708
190.97,96246.05552341546
190.98,96246.11780448421
190.99,96246.07969624618
191.0,96246.72490491971
191.01,96248.02399786444
191.02,96248.32350464036
191.03,96249.40771979549
191.04,96248.89714609915
191.05,96250.75652343477
191.06,96252.32767719381
191.07,96252.35288442322
191.08,96251.46900767746
191.09,96253.21979815059
191.1,96252.4915158058
191.11,96254.57751639941
191.12,96255.54952177769
191.13,96257.52847700003
191.14000000000001,96256.05440360964
191.15,96258.14708392097
191.16,96258.48410377261
191.17000000000002,96258.04062816482
191.18,96259.62613464074
191.19,96261.685062299
191.20000000000002,96262.8249945084
191.21,96260.72248414955
191.22,96262.3524688367
191.23000000000002,96263.89168869097
191.24,96262.36018886228
191.25,96263.39462859064
191.26,96263.09141707564
191.27,96265.13737174102
191.28,96265.87015090702
191.29,96267.82187474209
191.3,96267.62420382169
191.31,96267.91054630696
191.32,96268.91147481828
191.33,96268.28647013151
191.34,96268.88472368468
191.35,96270.95145651017
191.36,96271.53870452172
191.37,96270.48382447725
191.38,96273.14405325195
191.39000000000001,96273.83071512375
191.4,96274.29708117526
191.41,96274.5389870226
191.42000000000002,96275.5482176776
191.43,96275.48242613804
191.44,96277.79771535222
191.45000000000002,96276.88936116066
191.46,96276.3151822728
191.47,96277.36471570765
191.48000000000002,96279.2137172269
191.49,96280.07974923599
191.5,96279.73356579324
191.51,96282.46716706846
191.52,96279.99388269537
191.53,96280.77173303234
191.54,96283.01075794769
191.55,96283.63998692243
191.56,96283.22554949956
191.57,96284.02804839471
191.58,96285.16876159224
191.59,96285.04572152717
191.6,96284.30599951893
191.61,96284.98242378808
191.62,96286.34733957362
191.63,96289.77477268803
191.64000000000001,96288.42326803126
191.65,96290.450296783
191.66,96291.03232676788
191.67000000000002,96290.97463956247
191.68,96291.28907233669
191.69,96294.16717276191
191.70000000000002,96293.97576482096
191.71,96293.9470560571
191.72,96294.44186514909
191.73000000000002,96294.16848112494
191.74,96295.60202614513
191.75,96296.8317529393
191.76,96296.97499496896
191.77,96297.21704881954
191.78,96298.7244312766
191.79,96298.66456342935
191.8,96301.70816946498
191.81,96298.91519917706
191.82,96300.1794669257
191.83,96300.56186880334
191.84,96302.75975878724
191.85,96302.40190109296
191.86,96304.89422061686
191.87,96305.7917843977
191.88,96306.61290342809
191.89000000000001,96305.00580036342
191.9,96306.08779849157
191.91,96306.3335733755
191.92000000000002,96306.64613293689
191.93,96310.97735043355
191.94,96309.05397278066
191.95000000000002,96308.76198751965
191.96,96307.80411587971
191.97,96310.5392822607
191.98000000000002,96312.16232853466
191.99,96311.14425372033
192.0,96312.64049862903
192.01,96314.04522024629
192.02,96313.08110987215
192.03,96313.64667520978
192.04,96315.51104422731
192.05,96314.84141483568
192.06,96317.73904253588
192.07,96317.53510437557
192.08,96318.84432733289
192.09,96316.99455468678
192.1,96318.96645523673
192.11,96320.00242088208
192.12,96318.7077792415
192.13,96320.52425108214
192.14000000000001,96322.49182404738
192.15,96322.08760638122
192.16,96323.7744181682
192.17000000000002,96323.14057487716
192.18,96324.68074977458
192.19,96323.8504523838
192.20000000000002,96324.23003523542
192.21,96326.66713267537
192.22,96325.71942089994
192.23000000000002,96328.60420725423
192.24,96327.99743609721
192.25,96328.54502738762
192.26,96327.54789036706
192.27,96329.14627266221
192.28,96329.02353846552
192.29,96334.45676316261
192.3,96331.44146146806
192.31,96333.606780864
192.32,96333.76409782754
192.33,96332.89714241723
192.34,96333.3314217566
192.35,96335.33002596835
192.36,96337.69711805532
192.37,96336.38779083674
192.38,96338.32342632768
192.39000000000001,96338.35486466286
192.4,96338.61847272307
192.41,96339.01480252904
192.42000000000002,96340.6612676027
192.43,96339.56075913266
192.44,96338.92687840355
192.45000000000002,96341.44179607861
192.46,96342.85045634203
192.47,96341.44889904499
192.48000000000002,96344.50342289486
192.49,96345.2031990322
192.5,96342.95442765027
192.51,96345.11004465377
192.52,96345.81295273175
192.53,96347.07353692462
192.54,96347.33065648278
192.55,96348.13956584543
192.56,96347.45972833353
192.57,96349.01139530323
192.58,96349.55923183597
192.59,96352.60343204846
192.6,96351.41742019184
192.61,96352.62710096537
192.62,96352.77581879518
192.63,96352.12756158983
192.64000000000001,96353.72492028223
192.65,96354.33419200421
192.66,96356.37145791421
192.67000000000002,96355.48537730584
192.68,96356.53403469849
192.69,96356.72958967922
192.70000000000002,96356.52314671403
192.71,96357.57484553239
192.72,96360.17065769173
192.73000000000002,96359.41196424424
192.74,96361.38277404316
192.75,96359.97222193539
192.76,96362.20300005625
192.77,96361.37224459847
192.78,96364.33339702903
192.79,96361.62833451678
192.8,96364.58936679695
192.81,96363.76977940185
192.82,96364.30282355401
192.83,96365.86593458256
192.84,96367.06772763355
192.85,96368.78243762377
192.86,96368.09710623007
192.87,96369.69899378266
192.88,96369.78096342037
192.89000000000001,96368.67761876735
192.9,96370.61173140374
192.91,96371.0384896485
192.92000000000002,96370.47957819786
192.93,96371.55222880625
192.94,96372.83189825961
192.95000000000002,96374.71509163994
192.96,96373.2143523795
192.97,96376.24929076903
192.98000000000002,96375.83312566973
192.99,96375.76888282516
193.0,96377.74220843955
193.01,96378.87777881225
193.02,96378.971249917
193.03,96380.70536527093
193.04,96379.8764249751
193.05,96380.208010008
193.06,96382.50393808962
193.07,96382.53376365984
193.08,96381.85408695682
193.09,96382.86967325729
193.1,96383.1625494179
193.11,96384.7669884441
193.12,96385.9115996958
193.13,96387.08070922323
193.14000000000001,96386.6578715377
193.15,96388.11663896893
193.16,96386.54693475003
193.17000000000002,96389.92709622932
193.18,96387.30893877293
193.19,96390.27571703271
193.20000000000002,96389.18474874334
193.21,96390.76164151744
193.22,96390.33173912138
193.23000000000002,96391.33044262422
193.24,96391.64618451546
193.25,96394.8102372321
193.26,96395.79470311433
193.27,96392.74102769775
193.28,96395.58701980737
193.29,96395.4627304614
193.3,96397.28068570506
193.31,96398.42894470452
193.32,96398.51565910915
193.33,96398.32368187376
193.34,96396.53792082692
193.35,96400.33487348928
193.36,96400.5937683783
193.37,96400.75603374961
193.38,96400.97185683716
193.39000000000001,96402.11228623045
193.4,96403.80187478212
193.41,96402.8235361544
193.42000000000002,96404.7115815095
193.43,96404.38860669953
193.44,96404.83034473023
193.45000000000002,96407.77911046609
193.46,96405.65862324185
193.47,96405.79956182797
193.48000000000002,96410.5722885891
193.49,96408.31048616723
193.5,96410.19225176307
193.51,96411.21011746916
193.52,96410.70053728885
193.53,96411.21900840662
193.54,96411.40326470138
193.55,96410.87177713403
193.56,96413.68162030658
193.57,96414.5613679346
193.58,96413.5564556062
193.59,96416.04825180977
193.6,96415.47751046032
193.61,96415.833459154
193.62,96417.49027343218
193.63,96419.63777303054
193.64000000000001,96419.36607303344
193.65,96418.84558858017
193.66,96418.29827827064
193.67000000000002,96421.51219779612
193.68,96420.54589804666
193.69,96421.40537713541
193.70000000000002,96422.99371357492
193.71,96422.40573723528
193.72,96424.21548069465
193.73000000000002,96424.30075048227
193.74,96425.08314409204
193.75,96426.88881175619
193.76,96426.90586093243
193.77,96427.23394519309
193.78,96426.36677570124
193.79,96428.02760697242
193.8,96427.09027290934
193.81,96430.21990366677
193.82,96431.01888468851
193.83,96431.57099298383
193.84,96431.97485742572
193.85,96431.9139162771
193.86,96430.76629153179
193.87,96435.28634825077
193.88,96436.03536224402
193.89000000000001,96433.05559151008
193.9,96437.39653748529
193.91,96436.25726773529
193.92000000000002,96437.26971256573
193.93,96437.44944230196
193.94,96438.46127539087
193.95000000000002,96438.53955139295
193.96,96439.42771515521
193.97,96439.06622147991
193.98000000000002,96440.68221800636
193.99,96440.88634035879
194.0,96443.16003723962
194.01,96443.09699650272
194.02,96443.42521088211
194.03,96443.0744120425
194.04,96445.49759931388
194.05,96445.92834390578
194.06,96446.21399725274
194.07,96446.46769773879
194.08,96447.30592453662
194.09,96447.86642719024
194.1,96450.5090750604
194.11,96449.7936036995
194.12,96449.00470189829
