time_s,gnss_x,gnss_y,gnss_z
0.0,33.49858790809836,-99.33759035988587,420.7495833322028
0.1,33.498605133493506,-99.33767185617558,419.17760574814065
0.2,33.49863143525771,-99.33758633061396,412.94171047386396
0.3,33.49859612066247,-99.33759589041925,417.4486806715187
0.4,33.498612107093344,-99.33766051903531,426.47233604641326
0.5,33.498606321643514,-99.33758626809627,431.5965775488305
0.6,33.498623612717886,-99.33760965141255,447.37744448894904
0.7000000000000001,33.498635868109226,-99.33757061732267,439.2442541765306
0.8,33.49864020156448,-99.33759533672841,441.5899674062095
0.9,33.498592187093074,-99.3375959690958,451.2175397035909
1.0,33.49862758349782,-99.33761545803152,461.59159233295816
1.1,33.498600572228845,-99.33761005117658,475.9797800912154
1.2,33.4986194852003,-99.33761295725208,476.1922861333798
1.3,33.498629101252085,-99.33759972561596,490.2396544348593
1.4000000000000001,33.4986301490198,-99.33761551827484,510.69093676826594
1.5,33.49864079183682,-99.33761405238899,524.9304129344858
1.6,33.498652536367416,-99.33761087389891,538.4615297454642
1.7,33.49860013239624,-99.33761261907492,557.4769846923232
1.8,33.49858171382742,-99.33765646022442,567.9537215892808
1.9000000000000001,33.49864323874833,-99.33763959273841,586.8126680860486
2.0,33.49863472890083,-99.33768594988467,618.9989562754622
2.1,33.49861705351517,-99.33764595698109,641.2854760725304
2.2,33.49866115421842,-99.337705994495,658.4468434594753
2.3000000000000003,33.498625958354644,-99.33768920296549,680.4155408831205
2.4,33.49863320706867,-99.3376591962838,697.9934051414028
2.5,33.498657925626794,-99.33766522498367,726.9639444525337
2.6,33.49866877373988,-99.33772087220254,757.3546478994343
2.7,33.49868696578147,-99.33770577534243,789.5588196953933
2.8000000000000003,33.49868615860764,-99.33775611749132,800.1106301638735
2.9,33.49869417378719,-99.33774263299765,839.1089291838238
3.0,33.49867047250967,-99.33773752886134,864.2133583209841
3.1,33.498669764693425,-99.33775361262911,888.5987509756081
3.2,33.49873324013982,-99.33772443015667,917.1225321496071
3.3000000000000003,33.49869547990353,-99.33776040433696,939.3452472233888
3.4,33.4986594163138,-99.33780936343672,970.0545787238117
3.5,33.49873431525348,-99.33780964637198,1000.3743304517674
3.6,33.4986744879552,-99.33780933402336,1025.7261857163098
3.7,33.498614946973525,-99.33784347577242,1056.8104957293283
3.8000000000000003,33.49869270677642,-99.33785755554302,1087.8419911297647
3.9,33.498648048354724,-99.33788144696736,1108.8808336789125
4.0,33.49868022335545,-99.33783258913998,1140.88803366257
4.1,33.49869554067594,-99.33786600367024,1166.534956818302
4.2,33.498675119044414,-99.33788255727194,1191.233224836643
4.3,33.49869239290253,-99.33786384334688,1212.3164614281543
4.4,33.498738229186344,-99.33786372426584,1236.5280666527947
4.5,33.498686570799045,-99.33789431373657,1264.1113552398017
4.6000000000000005,33.49873913422389,-99.33793325716137,1287.0784086944757
4.7,33.49871470985145,-99.33799117046867,1322.6408375309056
4.8,33.49870459735863,-99.3379494515862,1350.2469773006824
4.9,33.49871919064569,-99.3379953226071,1359.4733295584035
5.0,33.4987441300603,-99.33798050816092,1389.594086522688
5.1000000000000005,33.4987570788525,-99.33804488920127,1416.886793458703
5.2,33.49869755549466,-99.33799804796502,1434.0789824398103
5.3,33.498774429965295,-99.33796805620332,1460.696036277669
5.4,33.49876310626119,-99.33801535121727,1481.1524750990436
5.5,33.49876682637726,-99.3380145229919,1508.958847143772
5.6000000000000005,33.49871498801944,-99.33796639771742,1540.9576752911528
5.7,33.49873708413907,-99.33803828460174,1554.7854579375696
5.8,33.498748491583015,-99.33805208082852,1588.0388076795844
5.9,33.498752498598535,-99.33805291461942,1604.9007423248884
6.0,33.498783308686725,-99.33809535236036,1629.7695942286255
6.1000000000000005,33.49877217064973,-99.33805234681058,1643.0650045361053
6.2,33.49873277357498,-99.33803432751421,1666.801589798657
6.3,33.49878891896783,-99.33807455171056,1695.3378533265784
6.4,33.498764894665236,-99.3381118876197,1714.1466440128086
6.5,33.49879749127107,-99.33809538080388,1735.133128023564
6.6000000000000005,33.49875138997295,-99.33808470351005,1761.4539382765772
6.7,33.498816787277086,-99.33809661199277,1775.7493289967888
6.8,33.49877999416199,-99.33815863942317,1800.143539666775
6.9,33.498748917376666,-99.33816675697325,1818.230858986682
7.0,33.498790066648084,-99.33815549083387,1836.760798533832
7.1000000000000005,33.498835759307106,-99.33808590066118,1858.9577216419682
7.2,33.498840177882876,-99.33816739675989,1883.9851883162348
7.3,33.49881819545634,-99.338178379176,1894.7009401327446
7.4,33.49879316615294,-99.33824747171454,1923.6862594924442
7.5,33.498739223788405,-99.33820974848184,1931.9487084662887
7.6000000000000005,33.4987657826412,-99.33826093018943,1961.363203246849
7.7,33.49880484119846,-99.33815569023052,1980.2322341293186
7.8,33.49881165502978,-99.33826674008426,1990.5818201288673
7.9,33.49884899483171,-99.33822441225331,2014.295934487381
8.0,33.49881702012173,-99.33828407169258,2039.625241675854
8.1,33.498853198023674,-99.33822867753723,2050.8677661636843
8.2,33.498848971157486,-99.33830267607877,2069.645985321669
8.3,33.49884776449493,-99.33826145592126,2083.0945669473917
8.4,33.49885739303399,-99.33829909423794,2116.1125007841674
8.5,33.49880774318219,-99.33830803447421,2119.781761967331
8.6,33.498830103688135,-99.33823028173167,2148.680305387854
8.700000000000001,33.49888373953453,-99.3382322810404,2156.7373642333387
8.8,33.498821226431296,-99.33832151408654,2179.8901054811727
8.9,33.49885513399976,-99.33833242398096,2202.0924728028212
9.0,33.49880673679584,-99.3383110213183,2212.6427337116656
9.1,33.49888573475053,-99.33829785064553,2242.61639236568
9.200000000000001,33.498877094193226,-99.33833671215609,2248.0834378258764
9.3,33.49888142237269,-99.33829772135557,2265.618390197959
9.4,33.49885929227284,-99.33835213351031,2280.6456340824666
9.5,33.49882646904719,-99.33832977194646,2300.8534618376157
9.6,33.49884784882545,-99.33835354132268,2318.629301911749
9.700000000000001,33.49884876275899,-99.3383669188642,2338.8143933566016
9.8,33.498896172930955,-99.33843073916763,2358.079309763205
9.9,33.49889426657119,-99.33838451317288,2367.2228464209084
10.0,33.4988718575784,-99.33836151277175,2378.5228129274765
10.1,33.498873488828465,-99.33841541965124,2400.660821708878
10.200000000000001,33.498882700704506,-99.3383699617423,2415.1588044698105
10.3,33.49890515034941,-99.33846235763278,2437.2286375299987
10.4,33.49883732664668,-99.33846006812482,2437.458824254159
10.5,33.498882056911256,-99.33844014029376,2458.49975072189
10.6,33.49888881571491,-99.33841573521937,2474.677231386634
10.700000000000001,33.49889590409391,-99.33841426466059,2493.4809688330974
10.8,33.49886237682714,-99.33844338863734,2503.867331256127
10.9,33.49890688463447,-99.33846716262362,2519.184806525923
11.0,33.498857980049806,-99.33843186717363,2540.5797048502577
11.1,33.498923230961815,-99.33849902790215,2560.834287562933
11.200000000000001,33.498907332939254,-99.33846453754416,2562.8094042828166
11.3,33.49892049671992,-99.33847546158543,2583.1824300785174
11.4,33.498898982246466,-99.33851563509398,2591.9985169094125
11.5,33.498905757812985,-99.33851123774375,2607.9421617674593
11.6,33.49886165760585,-99.33854185220095,2626.30219361097
11.700000000000001,33.49890611206868,-99.3385193003525,2626.3996876534607
11.8,33.49889698985707,-99.3385035222459,2648.789651752723
11.9,33.498853927796425,-99.33847279190957,2660.3764642497517
12.0,33.49890080678168,-99.33851636860753,2671.0357464776225
12.1,33.4989552203217,-99.33853644639066,2689.7463100638333
12.200000000000001,33.498886206053896,-99.33859903452924,2692.971082070958
12.3,33.49885260098049,-99.33853925557185,2720.1695202574865
12.4,33.49889171429759,-99.3385361195995,2721.939170538435
12.5,33.4989446628709,-99.33855252795128,2745.9924057019857
12.6,33.49889808397521,-99.33857271716627,2754.9913078369777
12.700000000000001,33.498935084067654,-99.3385422729565,2757.664003082705
12.8,33.49894157594105,-99.33855298023174,2771.5549820384317
12.9,33.498923403852885,-99.33858119628587,2798.624357828601
13.0,33.498915201585696,-99.3385810981047,2800.699643624487
13.1,33.498889781403975,-99.33854046977059,2817.2086357831577
13.200000000000001,33.498930407102904,-99.33866729417095,2825.990647744782
13.3,33.49893499144635,-99.33861815944427,2842.8366668877916
13.4,33.498922150992044,-99.33857754568267,2843.663606276811
13.5,33.49890935935103,-99.3386363053689,2859.9444579401484
13.6,33.49888079658464,-99.3387078439761,2871.4749082212616
13.700000000000001,33.49894778795417,-99.33864728763812,2879.1187463039
13.8,33.498957389213054,-99.33859499633567,2890.9688773506214
13.9,33.49894574517582,-99.33862071380752,2906.06894354659
14.0,33.498925838093975,-99.33861638570103,2914.3477620272974
14.1,33.498976666509186,-99.33861175947298,2918.9704738577707
14.200000000000001,33.4989560254944,-99.33865772620973,2941.6674287949354
14.3,33.498931061597496,-99.3386162147181,2946.7210864824433
14.4,33.49891690227914,-99.33865607575498,2951.259064053239
14.5,33.49893056044553,-99.33872892155054,2974.710463649003
14.6,33.49894317922099,-99.33868228467706,2970.673888974394
14.700000000000001,33.498976509432474,-99.33870374014593,2998.238031948802
14.8,33.49895735876003,-99.33866826268054,3006.1132037222296
14.9,33.49895294520833,-99.33867371650693,3015.6645287554597
15.0,33.4989650209851,-99.33863958856077,3021.052509463202
15.1,33.49893410709008,-99.33874325170017,3022.110861410088
15.200000000000001,33.498915963503656,-99.33870549648202,3035.093831089311
15.3,33.49898408408175,-99.33876849153113,3051.047252732775
15.4,33.49897202762545,-99.33872228329969,3059.310112031062
15.5,33.49899212047853,-99.33865731990947,3064.688335885022
15.6,33.49897510455818,-99.33875814697338,3075.2417447334406
15.700000000000001,33.49900060795121,-99.33876623518556,3075.58387861888
15.8,33.49898018059554,-99.33876291146191,3094.3206286618106
15.9,33.49893697098075,-99.33874755661756,3096.8406774795335
16.0,33.4989788858164,-99.33878879233866,3113.385056510125
16.1,33.49902993225507,-99.33876703241842,3118.0629995889585
16.2,33.49899841133461,-99.33873691231543,3120.10605597755
16.3,33.49899835538278,-99.33875267551876,3143.4749789979933
16.4,33.498967343913975,-99.33874571745227,3136.6430227723768
16.5,33.498987334062164,-99.33885284990731,3151.6720862930724
16.6,33.498984419293656,-99.33881810126523,3158.600583521426
16.7,33.499017862952684,-99.33881709517705,3163.558563522189
16.8,33.49898694574886,-99.33884574360553,3176.256738094359
16.9,33.498970094674114,-99.33879244372994,3190.6626766760264
17.0,33.49900634917893,-99.33890004706086,3193.01412957498
17.1,33.49899161656065,-99.33880752177997,3199.8405606739825
17.2,33.49904387257174,-99.33881163074362,3204.8616873932565
17.3,33.49896869409649,-99.33881855649172,3220.699437230262
17.400000000000002,33.499015710532596,-99.33882708933575,3217.9049697526502
17.5,33.49895889161613,-99.3388687734214,3226.0549449835635
17.6,33.49901232554624,-99.33887054093518,3237.7570572407
17.7,33.49899273682942,-99.33891233590957,3238.6278349834893
17.8,33.49899769602377,-99.33884899707076,3253.703137209192
17.900000000000002,33.4989897875856,-99.33887668469573,3260.2162804171376
18.0,33.4989354538729,-99.338803681395,3263.5211654988366
18.1,33.4990171709323,-99.33883437222718,3273.291363299245
18.2,33.49898661970387,-99.33886850142648,3278.3330764812845
18.3,33.49894501660309,-99.33887509035323,3284.7139010573183
18.400000000000002,33.49898208219715,-99.33891573126054,3295.1314509850154
18.5,33.499024955754734,-99.33891720919118,3297.1981066781227
18.6,33.498967695969746,-99.33890041361445,3299.786560012663
18.7,33.49904297477069,-99.33888603429082,3308.7385825328347
18.8,33.49902265474308,-99.33888372995759,3312.140983147181
18.900000000000002,33.49902528775163,-99.33892632370956,3322.0592029547565
19.0,33.49893687280146,-99.3389214339169,3311.9413575405215
19.1,33.498999973488715,-99.33895221461655,3330.112603203096
19.2,33.499032154876836,-99.33893416769746,3335.6609744148295
19.3,33.49901742332536,-99.33894711260481,3330.6938960636276
19.400000000000002,33.49900225612585,-99.33894438414926,3350.268752749263
19.5,33.498959259835935,-99.33894494546117,3348.254087659356
19.6,33.49901207379053,-99.33893384852041,3350.536107836706
19.7,33.499058968375024,-99.33894473532915,3360.0604721595932
19.8,33.498946705217946,-99.33899466389458,3362.811275953478
19.900000000000002,33.498987548831614,-99.33893512259276,3367.155474609287
20.0,33.499034558077554,-99.33896788250674,3371.9704460888643
20.1,33.49904036521395,-99.33895877483332,3380.9541452147073
20.2,33.499017625815156,-99.33895679540655,3377.674167606132
20.3,33.498993780564845,-99.33900023993525,3385.539911981004
20.400000000000002,33.49904365990296,-99.33895844941613,3394.6354305018517
20.5,33.49905879011887,-99.33900383294954,3397.186701521465
20.6,33.49905717544294,-99.33898902701868,3400.328774790508
20.7,33.499016413830816,-99.33902113290604,3395.9633568561085
20.8,33.49902620905996,-99.33898496498992,3399.880455814206
20.900000000000002,33.49905886381481,-99.33897234664609,3404.7727131161323
21.0,33.498969344744985,-99.33893910859214,3408.423464307628
21.1,33.499050409238976,-99.33899880851877,3424.6133724641904
21.2,33.499040112361556,-99.33896304196054,3425.408529252753
21.3,33.499038621791456,-99.33901349477993,3423.536139827806
21.400000000000002,33.49903908590289,-99.33902591213953,3433.567063265384
21.5,33.49909170577743,-99.33905266375328,3424.7713303857663
21.6,33.49905071595079,-99.33905894458874,3429.187986962862
21.7,33.49906103218162,-99.33900668295611,3439.8283121612744
21.8,33.49902966992779,-99.33906086888334,3450.8880270008326
21.900000000000002,33.49903171844277,-99.33905052450588,3441.140427848197
22.0,33.499012422590376,-99.33905427378488,3442.9225582410513
22.1,33.49903894013486,-99.33900611633142,3446.6564271650627
22.2,33.49900684013598,-99.33905152771851,3444.5250191017008
22.3,33.49908527986,-99.33909097120103,3444.5454398504676
22.400000000000002,33.49906552409327,-99.3390826120199,3444.987363113634
22.5,33.49905591349027,-99.33911667006991,3455.9036099530513
22.6,33.4990845971386,-99.33900869123214,3454.266184910829
22.7,33.49904778054215,-99.33903585187993,3457.4451380035844
22.8,33.49903847972563,-99.33911725011738,3458.1431325896465
22.900000000000002,33.49907943733362,-99.33908852512498,3462.9849494698014
23.0,33.49906941062719,-99.33910969988308,3467.827217394522
23.1,33.499075494449215,-99.33911783221671,3473.66339236851
23.2,33.499047332149956,-99.33907961727971,3468.5199611069147
23.3,33.49905362517707,-99.33905872030999,3462.680508035561
23.400000000000002,33.49906373955138,-99.33909933157422,3473.1640117585816
23.5,33.49911775652726,-99.33908585878754,3463.476684453001
23.6,33.49905927038371,-99.33915800572014,3473.320697820972
23.7,33.4990503286416,-99.33916366309359,3475.8013730246944
23.8,33.49906268039009,-99.33911885632962,3478.8747559080525
23.900000000000002,33.49911979445467,-99.33914318615084,3478.4069068231684
24.0,33.499089009404464,-99.3391377269629,3474.1120566508107
24.1,33.49908383555894,-99.33911987784944,3476.7764609481264
24.2,33.49912829785427,-99.33914718080793,3478.1236468597895
24.3,33.49909295982915,-99.33906904062545,3481.621405221237
24.400000000000002,33.49908281951448,-99.3391694667423,3477.462948512427
24.5,33.499062146104734,-99.33917700736174,3475.7420582227755
24.6,33.49905767790223,-99.33913757896562,3464.6974447820453
24.7,33.499076501067954,-99.33916903292402,3472.6696461434753
24.8,33.49910984740238,-99.33921367130834,3476.164180084784
24.900000000000002,33.499103614728455,-99.33915151319263,3480.4160087589185
25.0,33.49907568626503,-99.33917544031463,3473.669144982227
25.1,33.499067325484106,-99.33921934652487,3479.7677814083386
25.2,33.499148543869595,-99.33911806726408,3464.0791566783037
25.3,33.49909059946434,-99.33917692299711,3477.96463975954
25.400000000000002,33.49911131219047,-99.33920151359209,3473.4400802186306
25.5,33.4990301180297,-99.33917843160727,3466.2022814372444
25.6,33.49907144453437,-99.33918660202566,3479.2031175986763
25.7,33.499079146606725,-99.33914378474401,3468.6545069041495
25.8,33.49911528664317,-99.33916816593826,3473.896045903687
25.900000000000002,33.49911165275524,-99.33917061508754,3471.7322778604803
26.0,33.49905410230653,-99.33915630800229,3473.5667507642283
26.1,33.49905966898052,-99.33920115567625,3460.945876198104
26.2,33.499091588758866,-99.3392169706581,3467.989909779514
26.3,33.49911709600489,-99.33925813356605,3467.1177855413603
26.400000000000002,33.49906585940167,-99.33923751675945,3467.3744014428735
26.5,33.49914171584663,-99.33923112268873,3456.62515387861
26.6,33.49912450010096,-99.33918771306776,3466.8076307849756
26.7,33.499087177162366,-99.33921127965652,3457.789576586856
26.8,33.49910167955939,-99.33923967425211,3461.3339269476396
26.900000000000002,33.49906334256978,-99.33920973486599,3450.804019545828
27.0,33.49907449348533,-99.33921201598609,3453.9687215365952
27.1,33.49905034489212,-99.3391717790258,3448.186440423596
27.2,33.49910086778267,-99.33919721181971,3462.0984619268675
27.3,33.499140701385876,-99.3392176956043,3460.0417909074586
27.400000000000002,33.49909741998562,-99.33920990726922,3447.9320631178784
27.5,33.49908865157887,-99.3391566791874,3460.5952933817593
27.6,33.49907864740905,-99.33919732097891,3449.898946313576
27.7,33.499114381119185,-99.33919073802802,3448.4231531977557
27.8,33.49904580430835,-99.33926332112338,3441.931082431239
27.900000000000002,33.49907206976024,-99.33918704379668,3448.7550982833855
28.0,33.499123581546,-99.33920040369203,3445.196524433556
28.1,33.49906681363919,-99.3392567052293,3448.17570868727
28.2,33.49908993043252,-99.33920621710068,3438.0360528133415
28.3,33.49903166708643,-99.33918077156123,3431.2720507042873
28.400000000000002,33.49907668483049,-99.33920249053656,3433.9786000042877
28.5,33.49906832450827,-99.33919447828761,3438.9908814190976
28.6,33.49903289963352,-99.33924793713975,3427.047203403853
28.7,33.499015862189026,-99.3391724167608,3435.9797633296503
28.8,33.49910904150257,-99.33922221917607,3424.830462279875
28.900000000000002,33.49905370167528,-99.33922439960135,3426.924524430085
29.0,33.49905081322196,-99.33920623362067,3422.892389264838
29.1,33.499060291507256,-99.33917310136981,3425.2624832385463
29.2,33.49906719403101,-99.33914857732415,3422.550587134192
29.3,33.499018928828335,-99.33923377108826,3410.962681304856
29.400000000000002,33.499071345010265,-99.33922146333508,3411.275731747913
29.5,33.49906869481052,-99.33916634291181,3416.196967819683
29.6,33.49901838608985,-99.33913638175474,3415.089708541184
29.7,33.49905694974329,-99.33912209431011,3409.3751423340614
29.8,33.49909836580785,-99.33911329096226,3406.4858842545677
29.900000000000002,33.499079761111695,-99.3391164763032,3399.092256035262
30.0,33.49905758689795,-99.3391882190892,3409.14431978914
30.1,33.49906689011765,-99.3391188943526,3401.1344429351084
30.2,33.499049046081566,-99.33914863231155,3400.3744961197676
30.3,33.499049459816035,-99.33911521059913,3398.1536726559943
30.400000000000002,33.49902047379146,-99.33909899915257,3393.7778208318296
30.5,33.49901833577054,-99.33917002896567,3387.4344889609492
30.6,33.499047592752255,-99.33911409186683,3384.854297211998
30.7,33.49905285100285,-99.33911493559154,3390.242027210952
30.8,33.4990404574313,-99.33915138806158,3374.2715143612686
30.900000000000002,33.49902074277159,-99.33911535219586,3379.6609795880886
31.0,33.499055045041494,-99.33909625578397,3378.2327276940687
31.1,33.49909170551333,-99.33911054973264,3374.522694426223
31.2,33.4990270310867,-99.33913686017145,3370.702223998867
31.3,33.49901319867648,-99.33907037307343,3357.5857651083625
31.400000000000002,33.49908332275315,-99.33907945222911,3359.3918499590304
31.5,33.49906283486135,-99.33907853937804,3361.283989871193
31.6,33.49897078574547,-99.3390326922227,3366.3914772896624
31.7,33.4990006960008,-99.33910628978413,3365.306813525246
31.8,33.49899830698554,-99.33904624299693,3349.3464483810512
31.900000000000002,33.49901539469331,-99.33905757861824,3353.09202930537
32.0,33.49901359645611,-99.33905424469854,3347.5795166053954
32.1,33.49893099375901,-99.33905288831862,3351.6425270854356
32.2,33.49897601714375,-99.3389999774905,3347.0253186397276
32.3,33.49902161876528,-99.33908433680492,3347.376876679697
32.4,33.498943835482955,-99.33897347996123,3334.511505007595
32.5,33.49896371228749,-99.33903056336469,3333.8513685610137
32.6,33.49898627912211,-99.33907835845314,3339.8019361839106
32.7,33.498991675375414,-99.33903320935062,3336.1067742968316
32.8,33.49897492596754,-99.33902521654646,3322.4882437549018
32.9,33.49898002637831,-99.3389654025323,3328.064173528745
33.0,33.49899333665379,-99.33892087972603,3334.2945485660616
33.1,33.49895967224693,-99.33897147195974,3322.8114988691214
33.2,33.4989416732414,-99.3389672489303,3321.443043567896
33.3,33.498973863735024,-99.3390146852791,3308.5778689094745
33.4,33.49896753093052,-99.33891792178132,3306.9913142788605
33.5,33.49898235813262,-99.33892668692123,3313.455553116128
33.6,33.49893382014875,-99.33897197126973,3303.7690377167037
33.7,33.49890516560034,-99.33897712362611,3289.1708747594625
33.8,33.498963728886395,-99.33892014274736,3301.102668049207
33.9,33.49897145649709,-99.33894464866665,3293.089274404769
34.0,33.49897458732144,-99.3389398233617,3292.1218933846667
34.1,33.4989219334535,-99.33896151636159,3294.1938913644144
34.2,33.49890738467145,-99.3389396029901,3290.3467734678065
34.300000000000004,33.498903967256965,-99.33886777849585,3285.5466639597403
34.4,33.498969758753425,-99.33901200772623,3279.7953586172644
34.5,33.49891462773347,-99.33888677557408,3282.735468065673
34.6,33.49894661438899,-99.33890040269173,3275.250008823371
34.7,33.498899662219834,-99.3388208072828,3281.968717407866
34.800000000000004,33.498888139775055,-99.33888259946558,3266.955960477863
34.9,33.498871984523646,-99.33889346510885,3274.46688179496
35.0,33.49889066367159,-99.33885635847307,3282.2505626064917
35.1,33.498890788374204,-99.33879595275566,3268.8521569234504
35.2,33.49887180611884,-99.33882987181603,3259.0527694460798
35.300000000000004,33.49884369952197,-99.33876685355054,3251.5445682647173
35.4,33.49891467017579,-99.33880642339571,3248.12397122037
35.5,33.49889350818007,-99.33875695528408,3253.8623486827955
35.6,33.49883414684776,-99.33885855750324,3251.038873810581
35.7,33.49888199720652,-99.33879351114801,3250.3202262351833
35.800000000000004,33.49890457669973,-99.33878859780339,3236.2776772102775
35.9,33.49886859337637,-99.33875266563062,3246.507705793791
36.0,33.498876994339184,-99.33873611961451,3242.505021672771
36.1,33.4988609425434,-99.3387544641557,3237.774255286609
36.2,33.49888013777397,-99.33871495166534,3239.520638142738
36.300000000000004,33.49887521884297,-99.33872658857598,3228.103021597942
36.4,33.49886433386646,-99.33873692747707,3226.6998553026524
36.5,33.49888407453715,-99.33870233079395,3220.650011038957
36.6,33.49881191446219,-99.3386871382011,3220.49451133284
36.7,33.49884019521358,-99.33868279652725,3214.210990381274
36.800000000000004,33.49884776258541,-99.33866775259781,3211.903183919843
36.9,33.498800659367056,-99.3386703514528,3220.6984187839066
37.0,33.4988206177257,-99.33866538390693,3212.0265270196246
37.1,33.49884829614612,-99.33862997107265,3196.1539413395158
37.2,33.49882352780921,-99.3387043784013,3199.4371182262084
37.300000000000004,33.49885429403348,-99.3386186942837,3205.263333244119
37.4,33.49882172646657,-99.33861854298047,3198.2431808774713
37.5,33.49883005050965,-99.33863128526968,3204.0163161549754
37.6,33.49880554091563,-99.33862552091797,3197.2395710624337
37.7,33.498839083234635,-99.338602787365,3195.218878408655
37.800000000000004,33.498826634095096,-99.33859509692206,3184.9153147797592
37.9,33.49881265183662,-99.33857839767663,3175.0547218092493
38.0,33.49877734773019,-99.33854342660838,3182.616727848727
38.1,33.49877336053499,-99.33860843338402,3175.4948324028505
38.2,33.49879684093324,-99.33849847403314,3173.909787864807
38.300000000000004,33.4987884555778,-99.3385615546161,3174.9124074780493
38.4,33.49879266610037,-99.3384935939928,3173.553894885396
38.5,33.49874524187019,-99.33853402196108,3167.6606644454146
38.6,33.498775205284566,-99.33848334368955,3173.7352439804763
38.7,33.49874813692435,-99.33855745050943,3148.92447226659
38.800000000000004,33.498804064586395,-99.33848427236897,3152.6371998936715
38.9,33.498731306909434,-99.33847461324142,3158.404408985211
39.0,33.49870818369899,-99.33847337977755,3163.285205674065
39.1,33.49874585606408,-99.33851328318306,3149.1951757957145
39.2,33.498726800350425,-99.33852661976474,3147.175786478034
39.300000000000004,33.49878155359138,-99.33844371471403,3145.166772388806
39.4,33.49868735351203,-99.33838266678973,3145.3834366002166
39.5,33.498726586331664,-99.33840173438305,3138.4876345647344
39.6,33.49870350057058,-99.3383906063807,3135.7112840448535
39.7,33.49873383786404,-99.33841742982085,3126.8454113966695
39.800000000000004,33.49873528440869,-99.33840742705063,3131.844145252801
39.9,33.49874019031709,-99.33836622820469,3131.252124698669
40.0,33.4987862542456,-99.33841289774703,3125.6548176980687
40.1,33.49872503101797,-99.33835694157959,3117.5044314312413
40.2,33.49865228729242,-99.3383230327262,3111.528298131543
40.300000000000004,33.498760860300266,-99.33836602218179,3116.8352909729138
40.4,33.498701190822906,-99.33831664524072,3116.1598977092835
40.5,33.49868406142925,-99.3383309899536,3116.754492254176
40.6,33.49871045346951,-99.33837892279128,3115.4608215045664
40.7,33.49869452646023,-99.33827480046148,3115.1722630344784
40.800000000000004,33.49872385896982,-99.33832132502478,3096.6093290249833
40.9,33.49865200996661,-99.33828783894944,3096.756338318302
41.0,33.49868100525635,-99.33829582758838,3099.727573867937
41.1,33.49868336028517,-99.33823949031542,3095.5938615750842
41.2,33.498641633406066,-99.33830502711962,3098.556857648295
41.300000000000004,33.49867656247648,-99.33829316231703,3094.652687069979
41.4,33.49865952198879,-99.3382662518597,3092.752081729072
41.5,33.498666627088724,-99.33825512267073,3086.1857937026143
41.6,33.49862060038929,-99.33818421723998,3082.249122070937
41.7,33.49859093379313,-99.3382086681331,3071.3039180780206
41.800000000000004,33.49861994792932,-99.33823677721044,3073.4284640561536
41.9,33.498670416482696,-99.33815886648063,3077.905531347977
42.0,33.49865518783078,-99.33820231235296,3072.5249343063547
42.1,33.49859037437832,-99.33816526114464,3061.2134853241996
42.2,33.49862366625376,-99.33816769210294,3060.2450930796244
42.300000000000004,33.49866410413634,-99.33819901588868,3054.263058967263
42.4,33.49860888018105,-99.33815640037588,3048.3049254513057
42.5,33.498566179663804,-99.3381317884605,3054.7125742082553
42.6,33.49863188399944,-99.33812172512191,3058.0193285611113
42.7,33.498620562852544,-99.33814457189153,3045.9319519455253
42.800000000000004,33.498658722984686,-99.33808742071633,3032.0723262122874
42.9,33.498610308920284,-99.33806170838815,3034.856964275301
43.0,33.498605175545244,-99.33810466214123,3039.7734451249157
43.1,33.49858540495121,-99.33810115448,3031.5548880986157
43.2,33.49858038962049,-99.33807286718272,3030.0152431247907
43.300000000000004,33.498553192156045,-99.3380766135824,3033.7031004900177
43.4,33.4986021750278,-99.33806973410697,3034.4381556991775
43.5,33.49860839979492,-99.33804167330328,3028.1211468271304
43.6,33.49853978127222,-99.33806096230228,3018.3637058232266
43.7,33.49858626253257,-99.33798157896196,3018.9467589292776
43.800000000000004,33.49851387170722,-99.33802228016867,3018.019100266582
43.9,33.49854661195217,-99.33803210496754,3016.9350516429013
44.0,33.49853291665125,-99.33796993122964,3009.386153683217
44.1,33.49854939409984,-99.3379581864389,3010.3797215688296
44.2,33.498498866335936,-99.33799750931426,2990.80783265782
44.300000000000004,33.49852894161471,-99.3379534995943,2998.948842062696
44.4,33.498554240249014,-99.337927124186,2993.589881112669
44.5,33.49853254206262,-99.33791865052626,3002.223157118553
44.6,33.49855381079265,-99.33790914671481,3001.9976769060445
44.7,33.49852256637899,-99.33789758828925,2985.012423396518
44.800000000000004,33.49848818707451,-99.33794523320442,2986.6040244412115
44.9,33.49851275573172,-99.33794517633471,2987.2068181524182
45.0,33.49847059705458,-99.33788337623898,2974.151699434572
45.1,33.49849443522753,-99.33786841605337,2979.7386318642184
45.2,33.49847307867732,-99.33789768606643,2976.4792538443976
45.300000000000004,33.498466164735504,-99.33792083756971,2971.516348809578
45.4,33.49849216886866,-99.33787826590142,2961.0468865630783
45.5,33.49844848251676,-99.33786444402533,2967.598592261082
45.6,33.49844146204372,-99.3378663470161,2966.3013122039683
45.7,33.49842619854044,-99.33783058697051,2959.981581039224
45.800000000000004,33.498490645667,-99.33782243680538,2966.6120674796093
45.9,33.49849464000729,-99.33777525665025,2958.6397387138727
46.0,33.49845256139718,-99.33781202992402,2946.108942356271
46.1,33.49848188875671,-99.33782850576226,2949.3381720422703
46.2,33.49847237856387,-99.3377652782314,2946.685649496836
46.300000000000004,33.49843727887174,-99.33772961816192,2933.6809082093364
46.4,33.49845453126063,-99.3377097347454,2939.7221374099363
46.5,33.49845078224257,-99.33778882017047,2939.0615906449802
46.6,33.498430998958796,-99.33773856521395,2927.7104793076965
46.7,33.49846619331833,-99.33776938888181,2933.344109949785
46.800000000000004,33.49844208986256,-99.3377311824766,2924.441093019064
46.9,33.49845048620742,-99.3377309343842,2924.1744694493614
47.0,33.498451792698944,-99.33765974202764,2926.7236190933877
47.1,33.4984529175006,-99.33767099754854,2918.7933093942243
47.2,33.4983974096198,-99.33763719915615,2912.248489892196
47.300000000000004,33.498418125386834,-99.3376697142877,2913.1447538048
47.4,33.49842532115792,-99.33768162783034,2912.2054971745483
47.5,33.49840650982515,-99.337649125009,2910.602104721072
47.6,33.49837371047809,-99.33764676723783,2912.002250277998
47.7,33.498419608882394,-99.33760607725543,2907.6401751435587
47.800000000000004,33.49839523004515,-99.33757282908735,2906.5024319689355
47.9,33.498388096857845,-99.33765125486654,2897.2724630940515
48.0,33.4983735969463,-99.33763489216479,2893.303357546946
48.1,33.498390716383454,-99.33764094413034,2886.5267348995535
48.2,33.498381588154196,-99.33760157672417,2888.8504112642463
48.300000000000004,33.498402962039904,-99.33753680547917,2890.7569519845124
48.4,33.49833668459333,-99.33756147925726,2884.984630296863
48.5,33.49835498417702,-99.33756557853339,2883.115495696032
48.6,33.49838686293114,-99.33751495391638,2884.0505937712446
48.7,33.498349657186196,-99.33756583943513,2872.63292856131
48.800000000000004,33.498307304521,-99.33752638541618,2872.6729736202187
48.9,33.498373508580684,-99.33752493574595,2861.584286195243
49.0,33.498385978945684,-99.33747993410479,2852.231277368508
49.1,33.498351341243186,-99.33745666686887,2868.8643157139827
49.2,33.49835772001289,-99.33752085279788,2864.9551478824524
49.300000000000004,33.498386057385225,-99.33748153824862,2855.85459561157
49.4,33.49828714630432,-99.33747479793776,2850.5837284123154
49.5,33.498342886248125,-99.33746488545289,2850.675716442311
49.6,33.49832186755029,-99.33742124445823,2850.875810351804
49.7,33.49833766499685,-99.33743854138716,2837.908160477707
49.800000000000004,33.49830823588386,-99.33746660853427,2844.7329703572464
49.9,33.49830440959392,-99.33745854004529,2840.194885711736
50.0,33.498255302971735,-99.33746243951069,2841.724414228141
50.1,33.498345841714695,-99.33743675004155,2837.3006775667113
50.2,33.49828464797798,-99.33742061912727,2832.079030119296
50.300000000000004,33.49833452855214,-99.3373665989281,2820.651683027922
50.4,33.498291021766434,-99.33737140457512,2818.0758513813366
50.5,33.49826595739209,-99.33735729122672,2820.4222659832294
50.6,33.49830044391373,-99.33734115245585,2815.727293053199
50.7,33.49834343787909,-99.33733813250078,2817.3113842968996
50.800000000000004,33.498275771374296,-99.33735838753702,2810.0104341555375
50.9,33.498240899854835,-99.33734191832916,2807.5221004686637
51.0,33.49824116073557,-99.33732176866135,2806.176925547753
51.1,33.49828442809568,-99.33730336337587,2813.2708096905835
51.2,33.4982293466173,-99.33727271982417,2801.805141465562
51.300000000000004,33.49828775046543,-99.3372365400545,2803.014168167831
51.4,33.498261781802285,-99.3372767946249,2792.7202793228726
51.5,33.4982025861398,-99.33731799738099,2789.6541443970564
51.6,33.49823603987508,-99.33723623428678,2789.620697578965
51.7,33.498212378591596,-99.33723351812242,2781.8130298796773
51.800000000000004,33.49822627141234,-99.3371425621877,2794.491111703174
51.9,33.498206625018696,-99.3371937290309,2795.6514763352616
52.0,33.49825910033041,-99.33721493192398,2781.0330955375834
52.1,33.498209896827916,-99.33720006498586,2786.5426298217053
52.2,33.498191693109234,-99.33715348166164,2782.9270514124796
52.300000000000004,33.49821160915103,-99.33721271446977,2771.586501326461
52.4,33.49819942377487,-99.3371392794773,2764.14193399644
52.5,33.49820647002794,-99.33711799788834,2768.837451816367
52.6,33.4982156956169,-99.33709295321646,2772.9646552605445
52.7,33.49817166184815,-99.33718204616325,2763.5882029815652
52.800000000000004,33.498213800489594,-99.33718053748855,2767.691776665446
52.9,33.49818474236779,-99.33719025657749,2752.7263830518154
53.0,33.49817721397788,-99.3371056012218,2750.451282798063
53.1,33.498199246739254,-99.33708764763331,2742.2364074393035
53.2,33.49819732490965,-99.33712358370795,2747.154236643345
53.300000000000004,33.4981621583891,-99.33709543532841,2743.63914001842
53.4,33.498177796891724,-99.33700812000852,2743.5651538793154
53.5,33.49814307465995,-99.33713111238849,2739.222462427365
53.6,33.49816008226347,-99.33702797593988,2746.0816215909585
53.7,33.49812715930743,-99.33708893226755,2743.094957473821
53.800000000000004,33.49815775708677,-99.33703761184819,2729.685511269726
53.9,33.49815140174256,-99.33705182304436,2720.23989306942
54.0,33.49811876133061,-99.33698688299297,2722.290924472118
54.1,33.49813968583735,-99.33699963383772,2721.2640377976268
54.2,33.49815306625584,-99.33702998858871,2718.455606232274
54.300000000000004,33.49812942148126,-99.33703071252926,2715.3688426592284
54.4,33.49811056435258,-99.33696353121027,2710.466315888117
54.5,33.49814824510816,-99.33693654316282,2715.7275758544347
54.6,33.498092930892035,-99.33699894717417,2711.7982004845717
54.7,33.498080677933615,-99.33696606663878,2708.195338172824
54.800000000000004,33.49812440180984,-99.33694745592811,2701.198014075974
54.9,33.49810221874057,-99.33697251790541,2685.9246157650637
55.0,33.498036858065646,-99.33696126519527,2701.2571826748244
55.1,33.49810286995204,-99.33692180972662,2695.117207923082
55.2,33.49810893839841,-99.3368708215228,2687.4135038810164
55.300000000000004,33.49805597552131,-99.33690515763726,2688.4030070240383
55.4,33.498062447642404,-99.33692776465303,2688.316907034091
55.5,33.498020961191315,-99.3368228284271,2687.7139740596685
55.6,33.498053246459435,-99.33688492267959,2673.3052148542733
55.7,33.49803593469019,-99.33687571378516,2682.9869457445106
55.800000000000004,33.498076061509835,-99.33689972697937,2671.4481830950604
55.9,33.49805704092904,-99.33680042482345,2664.3486129558128
56.0,33.498011090433714,-99.33682100400391,2669.5988175844295
56.1,33.498047995278654,-99.3368459458258,2666.113482063316
56.2,33.49802527687437,-99.33681741963618,2649.40069007758
56.300000000000004,33.49805796577897,-99.3367985927171,2656.336432835396
56.4,33.49805479973142,-99.33674197373071,2660.324691529695
56.5,33.498043808954435,-99.3367964848083,2654.5378346076527
56.6,33.498051606122836,-99.33679155784387,2636.2669992545884
56.7,33.498037823287284,-99.33677727370178,2647.3127272777697
56.800000000000004,33.49801696468872,-99.33677888820823,2645.7751954121572
56.9,33.49807073655469,-99.33675409772509,2642.3601088575238
57.0,33.49802031735313,-99.33675899009113,2636.864454167309
57.1,33.49801420073609,-99.33683110415764,2640.4342987123173
57.2,33.498038508609206,-99.33674904530443,2633.5063458743994
57.300000000000004,33.49800087315555,-99.33674442214574,2631.884676280039
57.4,33.49804124359546,-99.3366694177673,2620.0797185221995
57.5,33.49801882311786,-99.33667496104971,2627.605544853477
57.6,33.497977747018076,-99.33675144524173,2620.9864910948963
57.7,33.49801552817409,-99.33665665820216,2624.5139590843064
57.800000000000004,33.4979748287527,-99.33662947448376,2610.8706225151427
57.9,33.49799164895807,-99.33666480958628,2617.7288300925493
58.0,33.497969037484054,-99.33662080687179,2614.2847306335425
58.1,33.497966505615295,-99.33665049463747,2601.6686459639736
58.2,33.49799461165536,-99.33660765684458,2599.5668469859725
58.300000000000004,33.49796608950686,-99.3366045976187,2603.3565104934028
58.4,33.497953412403746,-99.33662644045499,2599.2878709479296
58.5,33.49794879882178,-99.33669536990779,2592.40379950623
58.6,33.497937002593495,-99.33659908904782,2596.6962796803837
58.7,33.49794977698318,-99.33657947712912,2593.8677782498935
58.800000000000004,33.49796134242218,-99.33661825716283,2594.388919951225
58.9,33.497958156284156,-99.33657178537158,2584.0145058231415
59.0,33.49797212262899,-99.33653779091816,2583.7432912503755
59.1,33.497953889328784,-99.33654147450557,2577.5827145365656
59.2,33.49800161533208,-99.33653098226188,2583.2286772714992
59.300000000000004,33.49793666530078,-99.3365145325515,2575.221816415027
59.4,33.49793851604763,-99.33650703713299,2564.4246161920714
59.5,33.49795999598039,-99.33656378016634,2567.2600703468634
59.6,33.49791465647286,-99.33649917951443,2565.367318971405
59.7,33.49790767425731,-99.33647964464517,2564.734499870849
59.800000000000004,33.497908593838105,-99.33648887567416,2555.4095221463185
59.9,33.497901729934355,-99.33645372846584,2557.858061963741
60.0,33.49792919503559,-99.33650170878553,2548.3122610051246
60.1,33.49789010029105,-99.33646162430931,2559.3486054424225
60.2,33.497900152077754,-99.33645991311916,2542.632740806987
60.300000000000004,33.497922651316244,-99.33642256115026,2547.825152447023
60.4,33.49788087729585,-99.3364223108252,2551.5932297682652
60.5,33.49785436941109,-99.33641079206235,2536.583553237505
60.6,33.497929179243876,-99.33643871142368,2542.006080877048
60.7,33.49789334470021,-99.3363415610652,2539.0995867877295
60.800000000000004,33.49790505719465,-99.3364132988201,2543.1993755516523
60.9,33.49789104868272,-99.3363248301829,2526.861342545426
61.0,33.49787780090952,-99.33633310682545,2528.5247077774898
61.1,33.49788248082874,-99.33638414698304,2523.962870205531
61.2,33.49780875379123,-99.33638550216487,2520.6499377909963
61.300000000000004,33.49783824528264,-99.33635813380062,2531.135441379724
61.4,33.4978265862738,-99.33627101028628,2514.933843398157
61.5,33.497853058869104,-99.33630322795207,2507.009039332572
61.6,33.4978557101792,-99.33628393395827,2510.758459127202
61.7,33.497838238609425,-99.33633205390188,2506.932237870733
61.800000000000004,33.49786116467937,-99.33632104268082,2511.555655581181
61.9,33.49787181239308,-99.33626601505424,2508.215503844211
62.0,33.49784041231293,-99.33629402171314,2499.584508900554
62.1,33.497815531674426,-99.33628944467428,2495.737085478231
62.2,33.4978387052666,-99.33627381299331,2499.8946874279545
62.300000000000004,33.49785934653834,-99.3362204317587,2495.179685941811
62.4,33.4978284206563,-99.33625643049777,2488.7884013103303
62.5,33.497801099805486,-99.33618379856908,2487.64693446502
62.6,33.49779925402049,-99.33619410429813,2482.8678858703643
62.7,33.497772035445195,-99.33624128144537,2480.4369579261024
62.800000000000004,33.49780406606955,-99.33627609060454,2476.057354926527
62.9,33.49777017468645,-99.33617890683688,2467.9933170062145
63.0,33.49777865696141,-99.3361459960814,2462.1076276133326
63.1,33.497715704341,-99.33626903080673,2468.6058407710743
63.2,33.49779982660286,-99.33618513138889,2458.8456423560106
63.300000000000004,33.49780912921263,-99.33618266268967,2467.012647106341
63.4,33.497787203838946,-99.33617730959918,2458.8563015345735
63.5,33.4977807172981,-99.3361198569487,2451.5339204679817
63.6,33.497767250910584,-99.33611386451064,2461.2241743386635
63.7,33.49772984008917,-99.33614779300936,2462.8316632048904
63.800000000000004,33.4977988283113,-99.33609148553992,2443.643313753978
63.9,33.49779194863198,-99.33606160195899,2440.5189836057575
64.0,33.49779416177954,-99.33609525160671,2441.851809406325
64.1,33.4977460656808,-99.33611237639863,2431.3154983415066
64.2,33.49776449440089,-99.3361045313154,2432.837711369349
64.3,33.497710275242675,-99.33604972497187,2432.02497021831
64.4,33.49773223364838,-99.3360534503543,2438.4959335620956
64.5,33.497752542278775,-99.33600323916785,2421.1083608919275
64.6,33.49773253801649,-99.33607763727375,2430.169694541803
64.7,33.49775419551878,-99.33607885510717,2419.2943527801685
64.8,33.497720986929735,-99.33599666608971,2409.7042063643166
64.9,33.49770100179615,-99.33602967795468,2410.2536921228684
65.0,33.49769117862453,-99.33603813631048,2415.0618169117056
65.1,33.49773316541278,-99.33598067702185,2414.995276968307
65.2,33.49770129930107,-99.33593357410871,2414.380996288403
65.3,33.497732122527594,-99.33599262020043,2410.4881953537315
65.4,33.497699820493565,-99.33599804910446,2403.089161855938
65.5,33.497687472651215,-99.3359676443475,2408.5551962824443
65.6,33.49768351461017,-99.33592634129846,2409.0440162328473
65.7,33.49764810708991,-99.33595738075587,2389.9140282696594
65.8,33.497691737176794,-99.33598603563856,2390.0948545194947
65.9,33.49765881452345,-99.33595280848263,2381.2480122658153
66.0,33.497673272649145,-99.3359493318809,2388.391926063245
66.1,33.49767726789906,-99.33585313251382,2381.7687209093124
66.2,33.49769469865982,-99.33589447070305,2373.698349481692
66.3,33.49765284792679,-99.33588085408371,2385.0882215959628
66.4,33.49764594609558,-99.33586321168163,2386.216624547575
66.5,33.49766727564993,-99.33590560808976,2371.8067876602295
66.6,33.49764842713713,-99.3357903233914,2371.294978807537
66.7,33.49764526301853,-99.33582733092393,2370.9065700416504
66.8,33.49764295479397,-99.33589936214726,2367.165554196188
66.9,33.49764292663584,-99.3359018902898,2356.617799916723
67.0,33.497654896470664,-99.33586330040971,2358.6560618425688
67.1,33.497683530021995,-99.3358656744322,2358.3878953265644
67.2,33.49763687650792,-99.33583210140745,2357.774890808507
67.3,33.497639958604175,-99.33585621757206,2341.051890911756
67.4,33.497627001219,-99.33576604522243,2341.3036813215085
67.5,33.497574049001514,-99.33580282916107,2336.633846602003
67.6,33.497624131051104,-99.33576377374169,2339.7087991653793
67.7,33.497633463797364,-99.33577770350342,2339.848468944368
67.8,33.49755011071259,-99.33572984354375,2337.759478030001
67.9,33.497626540126326,-99.33571522079647,2327.994208512478
68.0,33.4976037360466,-99.33572967437208,2336.7729340414176
68.1,33.49761642464703,-99.33575481529014,2332.9050154369384
68.2,33.49760681477236,-99.33569379246937,2325.4080885133144
68.3,33.49760123891399,-99.3356698228883,2326.8040425438962
68.4,33.49760190416399,-99.33571712377923,2321.2941094921807
68.5,33.497592733763945,-99.33571005612546,2326.20841748787
68.60000000000001,33.49758790495107,-99.33569911596477,2303.575730817902
68.7,33.49757129103695,-99.33571363083749,2313.880149158648
68.8,33.49758904520098,-99.33569654821613,2303.4452963733593
68.9,33.49755107004253,-99.33563338990754,2311.8938085413515
69.0,33.497627089463734,-99.33561885720925,2303.006582828015
69.10000000000001,33.497571410620886,-99.33559368183182,2300.776633050439
69.2,33.49754358402469,-99.33568938024548,2303.6383075990257
69.3,33.4975643005368,-99.33565386158415,2290.391567760533
69.4,33.497555581024216,-99.33562997346101,2289.139782870227
69.5,33.497566410598914,-99.33562548084662,2288.306709713461
69.60000000000001,33.49749112808944,-99.33559161039899,2284.2248384062127
69.7,33.49758320790543,-99.33562566393897,2285.2264184638307
69.8,33.497584367362826,-99.33560592879803,2284.986726308276
69.9,33.49751918622571,-99.33557493880787,2288.5188488170957
70.0,33.497514836174965,-99.33559548225658,2279.372024797977
70.10000000000001,33.49753405871521,-99.33555508000862,2279.1836267734775
70.2,33.49752876098871,-99.33561481790524,2276.1987686587086
70.3,33.49755437927498,-99.33551273579266,2274.040906797611
70.4,33.49752413906226,-99.3355191546507,2266.984647051635
70.5,33.49753896989875,-99.33556473253563,2264.6247446789807
70.60000000000001,33.49750205355371,-99.3355263162757,2259.919689910126
70.7,33.49746551673761,-99.3355700624682,2258.034840150438
70.8,33.49752820839682,-99.33549421034103,2256.521443196886
70.9,33.49755694948847,-99.33551497082222,2258.329656325345
71.0,33.497454501674504,-99.33555335929347,2244.89886459392
71.10000000000001,33.497547169856325,-99.33552547435673,2243.5251376283327
71.2,33.49752207184988,-99.33554730926701,2247.003966604464
71.3,33.497431866355456,-99.3354818223198,2234.5542174615543
71.4,33.497504308111544,-99.33547713365186,2233.4906340908874
71.5,33.497507154237375,-99.33543675608821,2237.8662946865284
71.60000000000001,33.497531584927906,-99.33542282100545,2234.2993736389635
71.7,33.497447539537006,-99.3354381870054,2237.1090925336157
71.8,33.497464932272116,-99.3354186777403,2222.289769200039
71.9,33.49741849682348,-99.33532798518159,2217.4125455730527
72.0,33.49743068319973,-99.33538416850044,2211.387437523444
72.10000000000001,33.49742733452852,-99.33546172141699,2213.768322896924
72.2,33.49749379386975,-99.3354194946301,2211.9073489663983
72.3,33.49741811897588,-99.33534718091624,2208.762346902821
72.4,33.497416483852234,-99.33530490726324,2211.4457772304027
72.5,33.497480458065446,-99.33535355837562,2204.592230290412
72.60000000000001,33.497466895571314,-99.3353478613196,2206.009990216454
72.7,33.4974368774807,-99.33537119053868,2205.1059018712863
72.8,33.497431987710655,-99.33529707786941,2203.193337634425
72.9,33.49744293383686,-99.33533550857216,2193.8462419076686
73.0,33.49740504519235,-99.33530059645767,2198.7630827809003
73.10000000000001,33.49745426459752,-99.33530287438472,2185.9597135260847
73.2,33.49744083527827,-99.33534541160785,2195.577032274857
73.3,33.49744903117107,-99.33526851417858,2179.4454401159305
73.4,33.49738423323672,-99.3352823890579,2184.2247346842028
73.5,33.497418692784585,-99.3352583225073,2175.921619361852
73.60000000000001,33.49743838377587,-99.33533664010685,2180.149236648708
73.7,33.49744265197042,-99.33517944076708,2175.51377639699
73.8,33.49739415412615,-99.33521659877384,2174.482755613951
73.9,33.49737577705324,-99.33526132437855,2161.19337597403
74.0,33.49741009701988,-99.33521183504203,2171.3344848594006
74.10000000000001,33.49736480787677,-99.33523917230347,2168.1889651405127
74.2,33.497387080944264,-99.33525357590344,2159.1974450214857
74.3,33.49740796990385,-99.33522126895666,2150.3661811851866
74.4,33.497344353533364,-99.33522473366918,2146.82255788292
74.5,33.49740506984431,-99.33516181430194,2158.3685985233415
74.60000000000001,33.497369367961326,-99.3351939205286,2143.2924500568065
74.7,33.49734512591955,-99.33513732252719,2145.785002256645
74.8,33.497397675454664,-99.33516889259556,2137.3416169891652
74.9,33.49731827110529,-99.33522801630988,2138.247637020904
75.0,33.49735255441995,-99.33516272544588,2139.2292029274176
75.10000000000001,33.49735343135976,-99.33514602855635,2133.7462851191844
75.2,33.49734011764285,-99.3351372185617,2127.0841257852444
75.3,33.49736626664677,-99.33516245405744,2131.1090681321352
75.4,33.49735945454845,-99.3351070749506,2135.6275513604824
75.5,33.49733390545505,-99.33507051049403,2122.9559129637346
75.60000000000001,33.49732639463672,-99.33508988819283,2118.7258991518474
75.7,33.497325089299984,-99.33509588337077,2122.318476022839
75.8,33.49734441258629,-99.33509168497999,2119.126304893289
75.9,33.49733068885483,-99.33509586963292,2115.8950777216437
76.0,33.497314583557106,-99.33508036751547,2110.5634802206655
76.10000000000001,33.497329959633,-99.33504624261417,2110.0157521946217
76.2,33.49733257273393,-99.33506151605886,2107.1175973374707
76.3,33.497316516806684,-99.33505609816444,2103.65017700883
76.4,33.49732924702834,-99.33503990137294,2102.7858301128085
76.5,33.49727669154762,-99.33505614127179,2097.1024098131384
76.60000000000001,33.49732685315846,-99.33498818158469,2091.1849923077034
76.7,33.497316491618754,-99.33500871077119,2101.8958413470914
76.8,33.49731953922531,-99.33500491067645,2095.144274830922
76.9,33.49733767191625,-99.33497356106594,2090.570385741558
77.0,33.49728752313824,-99.33500744263715,2073.9651934207036
77.10000000000001,33.497326042090016,-99.33500860824984,2078.3967143102536
77.2,33.49731190231212,-99.33502382686132,2080.8369516508455
77.3,33.49728542978387,-99.33499606728523,2079.2381033128468
77.4,33.49726212364568,-99.33497198180814,2072.767730493042
77.5,33.49727390231136,-99.33495238955534,2058.850769660055
77.60000000000001,33.49726884923156,-99.33491292255331,2068.410308429104
77.7,33.49726020458929,-99.33500079724163,2071.0741557510255
77.8,33.49727878860502,-99.3348892622457,2065.1076473555977
77.9,33.49724026045858,-99.33495023380819,2052.4291777570425
78.0,33.49727703205251,-99.33492667156375,2058.942470804713
78.10000000000001,33.49724364054857,-99.33489287777256,2055.6570662110553
78.2,33.49722893302999,-99.33488163621814,2051.5238368551018
78.3,33.497226376812634,-99.3348812275074,2044.1979215623992
78.4,33.49726906361361,-99.33486567248272,2038.9472995490778
78.5,33.49719855368983,-99.33488988620036,2037.2219063149282
78.60000000000001,33.497213956328906,-99.33480459278216,2047.050141625586
78.7,33.497227834496435,-99.33487530764876,2034.3656366121145
78.8,33.49724853062435,-99.33485375757147,2041.1058455741377
78.9,33.49722672805993,-99.33483969604987,2030.60587855009
79.0,33.49721773829509,-99.3348253511506,2029.2516341539122
79.10000000000001,33.49716696934198,-99.33484271175544,2022.1199764546116
79.2,33.49722029236605,-99.33480338896753,2021.5661973019883
79.3,33.497203727537475,-99.33482150760105,2010.6945895717545
79.4,33.497172385635494,-99.33478890703026,2024.0480839280685
79.5,33.49721248982903,-99.33475491895682,2007.694201140039
79.60000000000001,33.497200662881745,-99.3348215274988,2015.5189138963638
79.7,33.49722050856469,-99.33480458660442,2013.076175514527
79.8,33.497207578869855,-99.33470972275222,2003.9720860825657
79.9,33.497238184209216,-99.33476220322878,1995.0652169372033
80.0,33.49723723879036,-99.33477462234389,2004.7954907170144
80.10000000000001,33.49720876209126,-99.33475481633182,1999.866682005491
80.2,33.497254556930095,-99.33472696482791,1992.7746093317394
80.3,33.49717328269863,-99.33464366497878,1998.9950806017357
80.4,33.49716056998134,-99.3346990741881,1993.4359860418951
80.5,33.49713109066282,-99.3347235557006,1984.180431954534
80.60000000000001,33.49719018420537,-99.33470429245675,1989.2529455304316
80.7,33.49713512267933,-99.33473001818425,1983.7885950275272
80.8,33.497143988644204,-99.33462315799868,1985.6031036307204
80.9,33.49716236558819,-99.33467911048292,1981.6665308150039
81.0,33.49717595993796,-99.33469161369872,1986.7658123820843
81.10000000000001,33.49717193611682,-99.33463830336026,1969.087061629954
81.2,33.497145331669856,-99.33461710191426,1966.5178732976078
81.3,33.49716466572825,-99.33464540251059,1963.1829113986378
81.4,33.49713493755964,-99.33464838348313,1963.548897400843
81.5,33.49713684716985,-99.33461047796733,1970.7902726348977
81.60000000000001,33.497170350062305,-99.33464620569231,1961.90377120438
81.7,33.497160058187525,-99.33460507888354,1962.156223972157
81.8,33.49712784210096,-99.33462073115189,1943.8575722695637
81.9,33.49712669504619,-99.33460234222602,1953.0022519722972
82.0,33.49713243474102,-99.33455554829654,1940.1739103310529
82.10000000000001,33.49711262301912,-99.33456108942131,1955.6638872995286
82.2,33.49715964359664,-99.33452660136058,1948.5067911658596
82.3,33.49708369311123,-99.33460436041838,1931.6416217188766
82.4,33.49709413830777,-99.33455724089218,1932.5130353587558
82.5,33.497121250159076,-99.33455692986355,1932.2067078282137
82.60000000000001,33.49709588686453,-99.33457295581755,1928.0183742626177
82.7,33.49704993535589,-99.3345442057473,1924.6368234726174
82.8,33.49708651102304,-99.3345592802483,1918.1533700037273
82.9,33.497089545617186,-99.33448492289723,1922.6152234270826
83.0,33.49706314294146,-99.3345345843188,1920.7594134966773
83.10000000000001,33.497073826821634,-99.33453370988337,1919.8087206632126
83.2,33.497027542010585,-99.33452904594911,1918.604934734889
83.3,33.49713212076992,-99.33448184228381,1913.3415094070886
83.4,33.49701663911151,-99.33443681289351,1904.2565359382313
83.5,33.497040425597135,-99.33445573516303,1900.543737002515
83.60000000000001,33.49703409269537,-99.33447884207882,1900.126439501079
83.7,33.49707171676614,-99.33440018757541,1902.044914574513
83.8,33.4970633513241,-99.33446861213166,1892.9112559278224
83.9,33.49710458701624,-99.33443503949724,1894.7894996083255
84.0,33.497048717045395,-99.33440754950654,1896.5512581296623
84.10000000000001,33.49703845148345,-99.33443320787414,1892.464435366472
84.2,33.49706009799845,-99.33440398196666,1894.6210497845423
84.3,33.49703422740723,-99.33437736546163,1889.8364633944675
84.4,33.49706221801537,-99.33440713180052,1872.460661785268
84.5,33.49707289678845,-99.33439770700221,1878.7325134106889
84.60000000000001,33.497059631594944,-99.33436988158843,1872.727720476088
84.7,33.49703055477898,-99.33433211732851,1881.9258299976157
84.8,33.497040186300644,-99.33437451152047,1868.466979918614
84.9,33.49707701782036,-99.33436083446614,1865.5720431785405
85.0,33.49705564347852,-99.33432745047976,1874.517160875644
85.10000000000001,33.49701090422506,-99.33432525165057,1869.19216758002
85.2,33.4970219508499,-99.33430939340906,1860.4371406650464
85.3,33.49703250334752,-99.33437745000933,1861.917548559458
85.4,33.49702494341322,-99.33431835255014,1850.8708816096155
85.5,33.49704355169702,-99.33437237971036,1851.418756141973
85.60000000000001,33.497036174013395,-99.33431232759156,1853.4582432214343
85.7,33.49699168477804,-99.33427702912594,1848.8462834646573
85.8,33.49702309178569,-99.33429165876402,1834.7599597417827
85.9,33.49698997954341,-99.33426400200929,1842.1362488506884
86.0,33.497012982842065,-99.33431886051264,1844.7315394429907
86.10000000000001,33.49692889117593,-99.33422681082024,1836.9736282074548
86.2,33.49697877954867,-99.3342085791813,1835.8622414483905
86.3,33.49700545950847,-99.33419289537194,1827.659301292344
86.4,33.49696970895552,-99.33419815285276,1829.9544984040472
86.5,33.496974845498485,-99.33428419395293,1831.7415078208055
86.60000000000001,33.496999252955305,-99.3342427472879,1815.728270614126
86.7,33.49696537379643,-99.33424130057986,1815.515658193049
86.8,33.496960742061695,-99.33422898309114,1820.6951490059453
86.9,33.496977126446,-99.33423472696121,1820.12093907343
87.0,33.49699200734228,-99.33422121642259,1818.3848498740165
87.10000000000001,33.49696515903503,-99.33418738046097,1805.545762172715
87.2,33.49696450438745,-99.33414617428262,1807.2693388312493
87.3,33.49689147102922,-99.3341090284953,1801.3565940891413
87.4,33.49695602515076,-99.33415882426758,1796.6809116754546
87.5,33.496954525297056,-99.33419972110168,1794.6916454281081
87.60000000000001,33.49692415245956,-99.33416750548848,1802.2791463588915
87.7,33.49693183492023,-99.33414612424684,1789.3836902836154
87.8,33.49689308156378,-99.33405823715871,1784.7390389985817
87.9,33.496984692526304,-99.33416229443905,1788.4322028590827
88.0,33.49691949466676,-99.33411547321957,1778.5412105531898
88.10000000000001,33.49689501356403,-99.3341780825805,1782.644261312833
88.2,33.49697629009842,-99.33412786136353,1783.6420294941815
88.3,33.496917641158085,-99.33406576543915,1772.227498894633
88.4,33.496928051558314,-99.3340578664603,1780.5860812988399
88.5,33.49692149726135,-99.33414977690695,1778.1779231609512
88.60000000000001,33.4969161313713,-99.33405065834724,1768.4469820832321
88.7,33.496930114682584,-99.3340634306598,1762.0628166072572
88.8,33.49692970409544,-99.33404065929476,1766.0169621600082
88.9,33.496952069616896,-99.33400717881702,1760.0996732237702
89.0,33.496905908197746,-99.33405730264703,1761.4398598571056
89.10000000000001,33.496900642960526,-99.33405335818199,1752.6240360989225
89.2,33.496948254470745,-99.33403760724055,1762.8791698137172
89.3,33.49689789276689,-99.33405263169631,1747.7592583870264
89.4,33.496855232117355,-99.3340319673297,1751.1368916658773
89.5,33.49684716026268,-99.33403772853175,1742.4019680778
89.60000000000001,33.49692797010444,-99.33397498689932,1740.7141251186285
89.7,33.496918420784056,-99.33402601439542,1741.6682419577282
89.8,33.49689154135728,-99.33392314829453,1736.8283485554075
89.9,33.496874971920946,-99.33395925622168,1734.153434182837
90.0,33.49684648455329,-99.3339720059637,1730.858393940811
90.10000000000001,33.49690069205558,-99.33396013456255,1722.0245032810471
90.2,33.496852121962014,-99.33396768043617,1733.5262978071935
90.3,33.496839213840786,-99.33398256151126,1724.998143326868
90.4,33.49677519593336,-99.3339310066964,1716.8521624456623
90.5,33.49685380468226,-99.33394675246306,1720.7374534638416
90.60000000000001,33.49681719734838,-99.33391490408385,1720.4234711825673
90.7,33.49685916379504,-99.33393589994823,1716.9319563062952
90.8,33.49684082710041,-99.33394105366163,1709.3322254209831
90.9,33.496869730607116,-99.33385692118557,1703.584279002297
91.0,33.49678395729747,-99.33391542127879,1707.7394746419575
91.10000000000001,33.496858885771616,-99.33388340206434,1691.5405153677993
91.2,33.49676977122613,-99.33390777285382,1698.7145798520028
91.3,33.49683191261108,-99.33386958123712,1693.8736498145458
91.4,33.49686368227752,-99.33384598121593,1696.731128695694
91.5,33.49682685220331,-99.33392947135943,1690.658562056314
91.60000000000001,33.49677075490308,-99.33387451657228,1698.5717830446436
91.7,33.4968270535393,-99.33383076156221,1693.0383325567814
91.8,33.49684491044285,-99.33382977943188,1684.4270982577232
91.9,33.49676341205129,-99.33386192151687,1674.6477763423272
92.0,33.496789294902776,-99.3338334150058,1674.9375412407123
92.10000000000001,33.49683411380636,-99.33382306449873,1673.5592781226376
92.2,33.49680837982763,-99.33381936542905,1669.012633003992
92.3,33.496814320234435,-99.33381606894574,1676.5733829276126
92.4,33.49677239838481,-99.33376444565306,1668.9373699784087
92.5,33.49683000732112,-99.33378697915944,1661.0830147888232
92.60000000000001,33.496813663055995,-99.33382779155286,1661.9610532037227
92.7,33.496836817986924,-99.3337439932392,1651.0609351774476
92.8,33.49677810267673,-99.33382078472644,1656.2364290862042
92.9,33.4968085199553,-99.33381051878727,1656.0507360928618
93.0,33.496773571138235,-99.33377686989263,1652.3980411627674
93.10000000000001,33.49679431275687,-99.33375588563942,1649.9666117021804
93.2,33.49674418669409,-99.33370825572764,1646.3595929974695
93.3,33.49675457457271,-99.33376812094619,1644.505606642749
93.4,33.496841191576266,-99.33371269801347,1636.8620018912322
93.5,33.49675596628224,-99.3337468437361,1637.0358382646139
93.60000000000001,33.49675217613265,-99.333726557034,1640.5707680066935
93.7,33.496752815132254,-99.3337086013495,1639.436327820194
93.8,33.49678889038902,-99.3336967624039,1618.3306239869287
93.9,33.49678001514785,-99.33369507892068,1637.5931654662481
94.0,33.49676895825683,-99.33371981873175,1616.663753108893
94.10000000000001,33.496722736650966,-99.33367812753954,1621.820418704485
94.2,33.49673620410631,-99.33371319497842,1621.2188073919037
94.3,33.49671146824814,-99.33370263686427,1616.5428428557323
94.4,33.496716097102286,-99.33367375047854,1617.476176512385
94.5,33.49673397646897,-99.33359719217245,1606.1579202804983
94.60000000000001,33.49675616352067,-99.3336586593183,1608.4653266741998
94.7,33.49672827444039,-99.33362557921306,1605.2958106830267
94.8,33.49675176327554,-99.33358835768873,1607.3333366104412
94.9,33.496710078398884,-99.33360431275091,1600.3979927203504
95.0,33.49676911990593,-99.33360842653707,1595.4492394946772
95.10000000000001,33.49667504718149,-99.33361245478707,1582.3836633843323
95.2,33.49667944368533,-99.33361216673161,1593.6007635695473
95.3,33.4967301317714,-99.33357511294612,1591.3520227757424
95.4,33.49672344447887,-99.33356707850322,1592.802943855575
95.5,33.49671496442957,-99.33360829991493,1578.2479659731268
95.60000000000001,33.4966800190959,-99.33358965739303,1581.4830165276687
95.7,33.496685440286356,-99.33354578676372,1582.0658959923019
95.8,33.496678504275685,-99.33358639989935,1572.6612414423682
95.9,33.496727156823646,-99.3335455624846,1578.2165785885377
96.0,33.49671338130524,-99.33356985905431,1567.3554371256278
96.10000000000001,33.49667833252948,-99.33356314817462,1567.4176071612053
96.2,33.496732831932064,-99.3335508861617,1565.1980239267507
96.3,33.49663003180471,-99.33355688404318,1559.7300941294807
96.4,33.49671127459613,-99.3334718927515,1556.6023076740507
96.5,33.49668448877067,-99.33351450407083,1542.4022730348952
96.60000000000001,33.49666374843944,-99.33345696107995,1549.0039659018264
96.7,33.4966996480994,-99.33351598116245,1563.658896648487
96.8,33.496657680511085,-99.33349154645667,1553.596214431611
96.9,33.496644477980915,-99.33350044721072,1539.087375443612
97.0,33.4966392445267,-99.33349870525443,1541.5494090595316
97.10000000000001,33.49666430889044,-99.33343000328858,1538.513403815821
97.2,33.49664507972155,-99.33343040703191,1533.6311395578357
97.3,33.49666054544915,-99.3333912474814,1533.4107115924216
97.4,33.496653596942714,-99.3334459463644,1521.5861197716356
97.5,33.496697465361585,-99.33337744960437,1529.57761538828
97.60000000000001,33.49666039474124,-99.3334800174027,1529.2626719059326
97.7,33.49665015845727,-99.33344135940277,1528.3214129095566
97.8,33.4966065488498,-99.33345590762882,1517.8462848415588
97.9,33.49666777705095,-99.33343088947169,1517.7636596942634
98.0,33.49664242236313,-99.33346943996914,1522.856359137898
98.10000000000001,33.49664932710379,-99.33338687632985,1510.0339226391777
98.2,33.4966559321871,-99.33335689708863,1515.5775571510783
98.3,33.49659197885181,-99.3333658930936,1510.1700766006927
98.4,33.49664829770628,-99.33340360713198,1509.7117974826988
98.5,33.496644154230545,-99.33334096399567,1507.315359071435
98.60000000000001,33.49662875093829,-99.33339344658496,1498.5954463768187
98.7,33.496601819761835,-99.33335860714166,1498.6368091463669
98.8,33.49658326707115,-99.33336635564335,1498.4057405453264
98.9,33.49661371993232,-99.33338568740672,1490.6578818696082
99.0,33.49665287927219,-99.33340368391333,1490.6492572361872
99.10000000000001,33.496607375704805,-99.33332996405524,1488.6982103759094
99.2,33.49662216357874,-99.33331903276088,1487.181652709168
99.3,33.49660923324785,-99.33334823207232,1482.0744514866253
99.4,33.49657893469583,-99.33325657201793,1482.5646641214137
99.5,33.496593241556,-99.33336050540716,1476.3831465759677
99.60000000000001,33.49653216897054,-99.33323656915047,1485.0294485721822
99.7,33.49662085215133,-99.33331261544953,1466.9140761665415
99.8,33.49655093195571,-99.33329992263057,1464.4959036352714
99.9,33.49655252336711,-99.33328275253831,1467.270666612173
100.0,33.49655794292691,-99.33332644472932,1470.1311896807395
100.10000000000001,33.49659164102104,-99.33324482039137,1464.9315369791536
100.2,33.496567251581595,-99.33324044753205,1467.379290028067
100.3,33.49656235855779,-99.33321212104279,1459.2293347633859
100.4,33.496585765294064,-99.3332646616138,1456.8000499873704
100.5,33.49654654068452,-99.33327735020606,1443.1029938845713
100.60000000000001,33.4965561245443,-99.33320005442806,1444.5486690067655
100.7,33.496488881102245,-99.3332386671348,1436.4009330376043
100.8,33.496583221070324,-99.33320801342249,1441.62292284798
100.9,33.496625363408384,-99.3331544697544,1434.123425048551
101.0,33.496547357195375,-99.33320408880313,1441.3023550312487
101.10000000000001,33.49656339564085,-99.33313726861377,1436.2815781857546
101.2,33.49657016255286,-99.33319541380672,1441.9280027961893
101.3,33.4965237010031,-99.33314174512509,1432.0348959441264
101.4,33.49652710427486,-99.33315043815894,1431.2338387007428
101.5,33.49655339226129,-99.33320295958713,1422.2365287194036
101.60000000000001,33.49652665020179,-99.33313544926247,1418.7722377550554
101.7,33.49650472205718,-99.33312678880273,1418.7496574466538
101.8,33.49651115837005,-99.33315120305998,1402.1969123285444
101.9,33.49649612216068,-99.3330869108923,1417.915960795896
102.0,33.49651768082137,-99.33311701603381,1407.9623492170901
102.10000000000001,33.4964804707565,-99.33311099399863,1407.3346338010167
102.2,33.49651888091397,-99.33312254866965,1411.8988648058767
102.3,33.49648604405358,-99.33310998366937,1400.751818841746
102.4,33.49648816360743,-99.3331203940784,1397.7457717783896
102.5,33.496491931414795,-99.33309274943085,1402.1844744032214
102.60000000000001,33.49652722521566,-99.33307607679916,1392.901267240511
102.7,33.49646291515128,-99.333104093116,1376.9514139602923
102.8,33.49648721491543,-99.33309431515224,1385.8086188144528
102.9,33.49650283913541,-99.3330840636304,1387.8340780741526
103.0,33.49645472744358,-99.3331090037401,1388.2319549819535
103.10000000000001,33.49648147807696,-99.33304635375471,1385.6794078817932
103.2,33.49652190447509,-99.33306609382377,1384.91893301117
103.3,33.496477398244586,-99.33305020974875,1385.3193952588458
103.4,33.49642668152147,-99.33304481554428,1373.952815875904
103.5,33.496481473711675,-99.33304217265697,1382.6815935253755
103.60000000000001,33.49647439244393,-99.3330455060477,1376.224389069119
103.7,33.496495648568356,-99.33299016639722,1371.2489764765708
103.8,33.49646871603443,-99.33301807286742,1361.0257620551065
103.9,33.496454994272014,-99.33300850208065,1355.6774401803204
104.0,33.49645862376514,-99.33300360901904,1353.3470314992617
104.10000000000001,33.4965357973503,-99.33299454123818,1349.5281457699389
104.2,33.496493321683616,-99.33301263667548,1349.577109200234
104.3,33.496448804196795,-99.33295344513837,1359.0127989280377
104.4,33.496429612387836,-99.33297979958161,1345.9455066456085
104.5,33.496490895255775,-99.33296381194535,1344.1563315456742
104.60000000000001,33.4964711997267,-99.33292673638714,1336.985171194592
104.7,33.496429393407695,-99.33289744134844,1339.0637375844606
104.8,33.49646414401646,-99.33294486462107,1340.6744421622243
104.9,33.496409626608695,-99.33292728918825,1328.0363703545408
105.0,33.496396972460616,-99.332931215463,1330.7890341992106
105.10000000000001,33.49643721830029,-99.33291192937243,1323.215359590599
105.2,33.496395898339756,-99.33299423899224,1321.3186010052866
105.3,33.49644124919448,-99.3329221422325,1324.839591079706
105.4,33.49642350359678,-99.3328949065252,1327.62195894853
105.5,33.49639176675729,-99.33290629105491,1320.0558556859764
105.60000000000001,33.49639090574038,-99.33285073722901,1314.5626949628156
105.7,33.496365130378706,-99.3329318714124,1307.863523062425
105.8,33.49642813277528,-99.33289757829158,1311.7238460976318
105.9,33.496471671464775,-99.33289249125053,1304.8862905270937
106.0,33.49634299366977,-99.33280362905867,1307.9309270839076
106.10000000000001,33.496409880567136,-99.332900631403,1302.5761093643953
106.2,33.496429347628286,-99.33292786047808,1300.6040235374726
106.3,33.49644229507964,-99.33281802035141,1298.3970809546724
106.4,33.49642688148206,-99.33285629893886,1292.1934720069771
106.5,33.49641121272791,-99.332883215937,1294.2925741202623
106.60000000000001,33.49637556277386,-99.33284409876296,1276.0920338801307
106.7,33.49640945835231,-99.33284324627213,1277.2858979193481
106.8,33.4963736880245,-99.33284230535583,1279.8040510934886
106.9,33.496408604512325,-99.33284920441602,1276.3251772558026
107.0,33.49629514528598,-99.33278583700053,1271.386670881693
107.10000000000001,33.496417045122556,-99.33281834576519,1275.2671976506729
107.2,33.496367312076224,-99.33282758632214,1275.1057517304719
107.3,33.496369130401455,-99.33281908536897,1274.2647684318745
107.4,33.496393226962326,-99.33282252563554,1274.6755285287604
107.5,33.49635456090483,-99.33274586345699,1269.992565749748
107.60000000000001,33.496352668948205,-99.33275925142743,1258.662836737417
107.7,33.4963508668222,-99.3328200917481,1267.5737010072064
107.8,33.49636864880194,-99.33277615206265,1257.5793299019288
107.9,33.496381956090076,-99.33279140235828,1262.8618699079143
108.0,33.496347518377576,-99.33274620277521,1256.469668263869
108.10000000000001,33.49631715008635,-99.33276979623872,1254.1765858923745
108.2,33.496326571775995,-99.33276002732062,1243.253107303251
108.3,33.4963879497993,-99.33277323449207,1243.2511715340274
108.4,33.49634196673463,-99.33277193815732,1252.075535810128
108.5,33.49641038158185,-99.33277724053103,1241.223204497365
108.60000000000001,33.4963483369888,-99.33276361192563,1227.2760409379123
108.7,33.49630829535205,-99.33271563690872,1229.71038440159
108.8,33.49631963937044,-99.33266881793409,1241.9280935874956
108.9,33.49641519619569,-99.33264970283378,1230.3921122658642
109.0,33.49635688373232,-99.3326626926749,1222.9923285728237
109.10000000000001,33.496315407935704,-99.33267967447823,1224.7062001105412
109.2,33.49629447257292,-99.33267351356544,1225.0806543737565
109.3,33.496367206518045,-99.3326256399355,1209.8928157186479
109.4,33.496331094294156,-99.33260959538066,1213.4132140431595
109.5,33.49633221054329,-99.33264268885041,1218.2413611066088
109.60000000000001,33.49633999016548,-99.33262675072714,1206.0342363377963
109.7,33.49630303703339,-99.33263123550141,1192.7692490706384
109.8,33.49630611233384,-99.33262189119753,1199.716651144251
109.9,33.49635031347994,-99.33264501608176,1203.3863834357824
110.0,33.49630119257418,-99.33259717301164,1194.1084858675345
110.10000000000001,33.49632130268208,-99.33259200575817,1192.8181961975406
110.2,33.496294114190555,-99.33267070718092,1192.4897807349269
110.3,33.496327630156486,-99.3325902214016,1196.8111502415684
110.4,33.496340718119384,-99.3326179968487,1189.3123454767724
110.5,33.49627586911999,-99.33264163719461,1186.0767712765323
110.60000000000001,33.496243745293754,-99.33254756507385,1182.3239768653434
110.7,33.49630888534645,-99.33255960037825,1189.372173941918
110.8,33.49626768657808,-99.33263404987353,1174.8582304513334
110.9,33.49626152780507,-99.33257222340349,1175.5786539766143
111.0,33.49626873371577,-99.33262010757684,1165.3111784679684
111.10000000000001,33.496254969327715,-99.33255937595496,1161.1990204081512
111.2,33.49625124640338,-99.3325599964954,1162.2121387559819
111.3,33.49627625565074,-99.33257814465607,1167.7092527789073
111.4,33.49626825215224,-99.3325014045285,1156.6355710554642
111.5,33.496279909587926,-99.33254371245484,1164.2525847795239
111.60000000000001,33.49627600571478,-99.33253739402718,1157.2781746603887
111.7,33.49624375418797,-99.33249693618907,1158.8120158794177
111.8,33.49625641078304,-99.33257739340989,1143.9989165977845
111.9,33.49635351100521,-99.3325112446245,1150.0279287708058
112.0,33.49629037474686,-99.33253331555377,1146.2593174261779
112.10000000000001,33.49623330531132,-99.33252662124731,1146.872741201009
112.2,33.49623498443205,-99.33249040956473,1137.7841995356596
112.3,33.49624595471225,-99.33247651991302,1137.2852425357655
112.4,33.49623478944739,-99.33247027109421,1136.8941127047035
112.5,33.49624441227035,-99.33240637695452,1137.6694959171605
112.60000000000001,33.49623778293015,-99.33247202773758,1123.5748318175692
112.7,33.49622388518825,-99.33240574633065,1126.1582987321822
112.8,33.49623044474277,-99.33249534788665,1132.5764429643343
112.9,33.49622811956942,-99.33241691175432,1132.9205787723004
113.0,33.49625357623175,-99.33246511481583,1122.1830249935947
113.10000000000001,33.49624351021123,-99.33244247552534,1122.1664538671555
113.2,33.49625818424628,-99.33239991493157,1118.7509386998795
113.3,33.49625928492147,-99.332476024349,1112.4807531697638
113.4,33.49619812611814,-99.3324166961481,1115.6244251622936
113.5,33.49621085031913,-99.33243663261901,1105.6648783862447
113.60000000000001,33.49625357757849,-99.33242778998593,1110.0815349247903
113.7,33.49620789957965,-99.33240792332052,1101.2683200498284
113.8,33.49623234711127,-99.33239403536491,1103.9206288147814
113.9,33.49619179495074,-99.33237416349677,1097.0140592137416
114.0,33.49619639342163,-99.33242934737349,1090.4814025422756
114.10000000000001,33.49619933441091,-99.33242442756264,1090.5889269784016
114.2,33.496215846065226,-99.33235453228471,1085.0868454835136
114.3,33.49619549464547,-99.33235630824616,1078.309858618673
114.4,33.496225809403114,-99.33236953054359,1086.382027404876
114.5,33.49628502920525,-99.33230167230644,1081.670345370918
114.60000000000001,33.49621032015605,-99.3324364578202,1073.4746926829941
114.7,33.49626093929527,-99.33235692871828,1084.8854873559908
114.8,33.4962256577526,-99.33235893952951,1076.3725639710813
114.9,33.496176859877984,-99.33238243460133,1069.1026295998154
115.0,33.49619693001523,-99.33234085963598,1073.4155723830875
115.10000000000001,33.49615535773611,-99.33230527199609,1068.716955043759
115.2,33.496189337997826,-99.33230295893135,1065.1950971911826
115.3,33.49622369992771,-99.33229232956725,1063.6320742635285
115.4,33.49618432734593,-99.33231163645299,1065.024095632103
115.5,33.496148972361475,-99.33231610654457,1056.212367392191
115.60000000000001,33.49621547180302,-99.33234221449094,1048.656174387872
115.7,33.49614991019057,-99.33228082112173,1051.5085490564718
115.8,33.496159166207896,-99.33233827482859,1046.4002783676
115.9,33.496196643818095,-99.33231242883905,1049.1822985338833
116.0,33.496171507725855,-99.33231910848873,1038.4798518583739
116.10000000000001,33.49612453851232,-99.33226959806554,1036.8625646409066
116.2,33.496199522735594,-99.3322616762429,1042.6240807174127
116.3,33.4961482853211,-99.33231623361148,1032.769932413739
116.4,33.49613596159194,-99.33227384658888,1021.1258503346966
116.5,33.49617125932271,-99.33228868979127,1029.4334179199573
116.60000000000001,33.49614872065651,-99.33221629359814,1026.6743401028489
116.7,33.496159169145386,-99.33223606346455,1018.7180458648551
116.8,33.49619326400767,-99.33225292727505,1021.8642234286401
116.9,33.49616251715663,-99.33227749728535,1022.0341625635896
117.0,33.496134221177634,-99.33223011941978,1020.9706811918427
117.10000000000001,33.49615151519775,-99.33222080236568,1003.3874391314149
117.2,33.49612092648337,-99.33223667876639,1013.8965697459889
117.3,33.496186181704054,-99.33219155923759,1014.2153457874421
117.4,33.49606711306509,-99.33216648308357,997.2834627862411
117.5,33.49608989921288,-99.3321966745522,993.072064910443
117.60000000000001,33.496150196415144,-99.33226300988953,990.2363104688379
117.7,33.49609805898603,-99.33218071745239,1004.7085878137865
117.8,33.496152759935924,-99.33217043267486,994.2909352646615
117.9,33.49607759193591,-99.33218165112449,991.2589180439257
118.0,33.49612661254238,-99.33222878834326,996.0096200305544
118.10000000000001,33.496174164814796,-99.33212183672897,982.803097179485
118.2,33.49614010594495,-99.33217246038431,989.5183421292377
118.3,33.49618833484855,-99.33221457744746,980.0492864664117
118.4,33.49615293717741,-99.33213173802635,984.2430440568521
118.5,33.49612634715715,-99.33211341614648,980.1682549140171
118.60000000000001,33.496071490403004,-99.33218346110237,975.4785230212345
118.7,33.49610463554096,-99.33216808966105,978.0797249639813
118.8,33.49612446016635,-99.33211203332762,976.7234820199941
118.9,33.496106614571474,-99.33213840587786,966.2230776921509
119.0,33.49609444148359,-99.33212991320582,963.4567605706919
119.10000000000001,33.49612181088268,-99.33211720472346,961.75622289126
119.2,33.496105503116844,-99.33212091052093,957.7101764895691
119.3,33.49605857077612,-99.33210986193541,954.8607062842915
119.4,33.49604793092134,-99.33209724912082,958.481147073941
119.5,33.49604926016104,-99.33207298125441,950.2343932423629
119.60000000000001,33.49609680012013,-99.33208051653254,946.8012952975048
119.7,33.49609028706698,-99.3320744601253,936.5179803682266
119.8,33.49610018508889,-99.33213315259552,944.0689946103498
119.9,33.49611811699988,-99.33207849236801,938.3352078676987
120.0,33.49607750479974,-99.33207599403636,943.0351916083908
120.10000000000001,33.49606423767886,-99.33204286996039,934.6505691041414
120.2,33.49609137516311,-99.33205147119614,930.1399629754764
120.3,33.496065693613794,-99.33210081017478,925.4651072083306
120.4,33.49612101247193,-99.3320079256965,926.7374595424994
120.5,33.49606318620804,-99.33204259170017,929.7716452157739
120.60000000000001,33.49607335762101,-99.33208513572545,917.4630588490788
120.7,33.496006190660324,-99.33203004320231,926.7377550144274
120.8,33.496018634791184,-99.33204676939683,917.0939945275325
120.9,33.49602390119945,-99.33204127123227,912.5519031869972
121.0,33.49609105415168,-99.33206316882912,916.8630299529885
121.10000000000001,33.49609507693024,-99.3319799391064,899.2713338252734
121.2,33.496077477044764,-99.33197310479777,913.4004634860372
121.3,33.49605465551563,-99.33207480956649,912.3919123724454
121.4,33.49605750615719,-99.33204695873576,907.4009039068559
121.5,33.49604611188444,-99.33201041259773,896.1950778589239
121.60000000000001,33.49604837924287,-99.33198602535582,893.019207741654
121.7,33.49603887977975,-99.33203948220594,894.0456032998511
121.8,33.496035872259455,-99.33196083136461,884.9507541591413
121.9,33.49602674465099,-99.33198938420314,893.2265903424748
122.0,33.49602988550795,-99.33201943856385,887.739771619555
122.10000000000001,33.496027066542865,-99.33200984527055,881.7577347749542
122.2,33.496057064275014,-99.33196399991998,876.1000915429553
122.3,33.49604439962953,-99.3319974081248,878.540471196117
122.4,33.49609718502519,-99.3320274139448,878.0554059744541
122.5,33.49604121134342,-99.33195777770348,873.7403966241365
122.60000000000001,33.496082484311906,-99.33198485395964,866.090024874137
122.7,33.49601329814705,-99.33198167261729,864.2271918752973
122.8,33.49605999912179,-99.33194293357704,868.2670256377482
122.9,33.49603535066498,-99.3320417005069,863.240703073722
123.0,33.496049429738896,-99.33194371615005,862.3604298006983
123.10000000000001,33.49603112478555,-99.33195150564944,865.0587596976607
123.2,33.496022930347756,-99.33194668995438,852.7903316260702
123.3,33.49604983076138,-99.33198958886486,853.233802153507
123.4,33.4960342578559,-99.33198093900651,847.0944692882117
123.5,33.49597241426011,-99.33194788537968,848.56062114242
123.60000000000001,33.496022154834556,-99.33194208274234,848.8651354844225
123.7,33.49599335771734,-99.33190697315659,840.862713523854
123.8,33.49603972693898,-99.33191839364251,849.8368753621257
123.9,33.49602639609321,-99.3319125884189,839.9278057465577
124.0,33.496037716034216,-99.33191748616719,839.4236488123313
124.10000000000001,33.49604790325048,-99.33193661421713,830.0618866056492
124.2,33.496073298598965,-99.33183520118315,830.3994387962898
124.3,33.49597395768098,-99.33189414410565,824.5717158935666
124.4,33.496041070277116,-99.33188317986622,816.6142060059279
124.5,33.496011964707925,-99.33187386696899,818.9011517687793
124.60000000000001,33.495982638417146,-99.33183574200696,815.5824759553618
124.7,33.49599120132061,-99.331856729402,815.1846234495098
124.8,33.495981758928515,-99.331863713593,814.4313889098629
124.9,33.496050625570184,-99.33184763260648,816.6623782686114
125.0,33.49602415054999,-99.33190613500891,810.0794006930121
125.10000000000001,33.49598780999049,-99.33185996716685,811.8580107984603
125.2,33.49603000297906,-99.33190646671328,802.9019043143303
125.3,33.49596421765291,-99.33190338099917,812.1817577874715
125.4,33.496007738736495,-99.33187994588728,802.2807528210323
125.5,33.495982068776804,-99.33182287679634,805.8015569303177
125.60000000000001,33.495965748164025,-99.3318669187041,800.0695818181497
125.7,33.49594394770227,-99.33179440543017,802.2361004683178
125.8,33.4959870995327,-99.33178463906789,802.510032134646
125.9,33.495923292825225,-99.33183836830197,804.6176960560674
126.0,33.49595444190186,-99.33184832184713,802.0657569490797
126.10000000000001,33.495990176593196,-99.33178251389043,801.9790439886165
126.2,33.495947595465964,-99.33179890441231,800.7432060261382
126.3,33.49597228302985,-99.33181889390566,801.3653454951792
126.4,33.49593992109261,-99.33185011748121,798.1044982057214
126.5,33.49595957505732,-99.33187321218475,801.2152564121475
126.60000000000001,33.49598113730408,-99.33185971943969,785.9411020366044
126.7,33.49598492101731,-99.33180610670031,798.983593005399
126.8,33.49597995776594,-99.33186706258495,794.8628496874055
126.9,33.49597036176644,-99.33178354800378,796.77816637553
127.0,33.495968236791725,-99.33184084640455,793.399397266503
127.10000000000001,33.49597986652803,-99.33183413619138,795.7452291608424
127.2,33.49596850546784,-99.3317983744857,792.7533281048258
127.3,33.49596922948959,-99.33179459808356,794.6568945243266
127.4,33.49590844582975,-99.33177247386108,786.0454652492798
127.5,33.49595441525784,-99.33176341638884,794.7215127414429
127.60000000000001,33.4959530815615,-99.33180768520882,787.6478441159809
127.7,33.49595019250349,-99.3317119364668,797.1002755723702
127.8,33.495957459995694,-99.33177705843536,793.1847404879591
127.9,33.495936737718665,-99.3318150571304,784.8153875385252
128.0,33.49595885063229,-99.3317683359731,788.9732243127562
128.1,33.49592967277226,-99.33176332418955,788.2984596977711
128.2,33.49592226739544,-99.33174982920097,794.9581416584092
128.3,33.495882688935666,-99.33171664378676,783.5961122794757
128.4,33.495952106215036,-99.33172124351326,792.6576162000289
128.5,33.495934795204136,-99.33170100266074,793.5835681317619
128.6,33.495924897634076,-99.33170130621721,793.2473096064348
128.7,33.49598248458163,-99.33173237446232,782.7903743999701
128.8,33.49590848786595,-99.33173054020466,789.7498412811518
128.9,33.49596645620838,-99.33176809487584,788.6024828967458
129.0,33.49590926897836,-99.33173586178174,788.0096161695641
129.1,33.49588617213323,-99.33172942083766,785.6982438237559
129.2,33.49586080161948,-99.33168431949385,782.8940848688749
129.3,33.49594195772996,-99.3316792565025,776.5600869467537
129.4,33.49594652794219,-99.33174079183263,784.6541317143426
129.5,33.49588599255049,-99.33169589334501,780.8166705933786
129.6,33.49590878528281,-99.33168447807313,776.0342961441049
129.7,33.495951552341616,-99.33177338661689,778.0733938560764
129.8,33.495967114562994,-99.33165926696581,780.8969415275069
129.9,33.495914145793456,-99.33167878607144,778.7951427702794
130.0,33.49589786600213,-99.33169765649323,773.0590785144169
130.1,33.495937394504274,-99.33167265559315,770.6669440454932
130.2,33.495941118988604,-99.33167621906925,773.5646713114252
130.3,33.49596785323421,-99.33166530418241,777.6543272644997
130.4,33.495931853058174,-99.33162852881472,779.1589622228387
130.5,33.495945199587126,-99.33165881263672,774.5188617666207
130.6,33.49589534668604,-99.33169638693957,774.3482645792271
130.7,33.4958763023459,-99.33158567788576,777.6182828204439
130.8,33.49592288248469,-99.33170296415788,780.2297954502959
130.9,33.49586561343023,-99.33164289279757,779.323528890775
131.0,33.495902938680395,-99.33162997419966,773.232899210815
131.1,33.49587039480895,-99.3316878662744,773.0726475188453
131.2,33.49583927682888,-99.33166431815017,763.1738958414652
131.3,33.49589183630901,-99.33166692338867,766.354462421417
131.4,33.49593275339834,-99.33165889435514,772.217867020823
131.5,33.49590294081399,-99.3316662713093,773.2546361147548
131.6,33.495889921277836,-99.33161944337802,770.4480261529325
131.7,33.49588582606809,-99.33163654891581,766.7598807523311
131.8,33.495847457683446,-99.33166289857243,766.8614815775849
131.9,33.495928901041054,-99.33155514100173,755.7397718120011
132.0,33.49583880781823,-99.3316642842962,762.9648373914142
132.1,33.49587044528885,-99.33158138572561,771.0839026384938
132.2,33.49590360357412,-99.33161205305404,757.4471885895855
132.3,33.49587320054462,-99.33161631624047,768.4730890329154
132.4,33.49585316944439,-99.33158579233408,771.224669439743
132.5,33.495880616086815,-99.3316257133355,758.0670634383362
132.6,33.49587342142089,-99.33164148811503,764.2926766765712
132.7,33.49589706448046,-99.33159313984362,775.8453048887143
132.8,33.49587612632122,-99.33157418575063,754.4892575457621
132.9,33.4958953596406,-99.33157766357111,765.7396835298039
133.0,33.495856364308246,-99.33157831704415,761.9331987579251
133.1,33.49590028834017,-99.33154165493998,758.1668190869301
133.2,33.49588263286476,-99.33155067816014,753.8466549035226
133.3,33.495888318825926,-99.33150099452102,765.5915110106831
133.4,33.49588522087644,-99.33153368114552,761.0558187193493
133.5,33.49584906329749,-99.33158513874287,759.3620586289794
133.6,33.49586377956825,-99.33156144525847,757.3345440037765
133.7,33.49584699778489,-99.33157987088799,748.7548957884607
133.8,33.49586155686197,-99.33151389599739,752.3073450629483
133.9,33.49586261017109,-99.33153702780133,764.7839219840297
134.0,33.49581755096317,-99.33145252838935,753.6694902134237
134.1,33.495769080571904,-99.33152268449419,763.2698827776244
134.2,33.49588688296271,-99.33152547386277,750.5548332719745
134.3,33.49585110430795,-99.33149034915563,752.0520476643343
134.4,33.49583120780196,-99.33154435906717,753.8987290637502
134.5,33.495835179019465,-99.33152349578071,752.5709997337688
134.6,33.495818246045665,-99.33152904724373,752.9432330971864
134.7,33.495830938228806,-99.33154290885152,755.9086888410244
134.8,33.495849579685434,-99.33151332323938,755.508040718806
134.9,33.49582348534834,-99.33141421334193,751.2885247292087
135.0,33.495849340272905,-99.3315767669652,746.4126561946584
135.1,33.49584558518465,-99.33143236181206,754.263609619913
135.2,33.4958275779411,-99.3314971050253,750.9403727038831
135.3,33.49586532468572,-99.33144947771727,745.1763006262944
135.4,33.495829436907435,-99.33152448161579,756.3383979032616
135.5,33.495794461657376,-99.33146529917867,745.3972853531351
135.6,33.495768942311514,-99.33148143660773,749.9805112752524
135.7,33.49585988951072,-99.33146569726986,752.2955399077055
135.8,33.495848975419484,-99.33146312199887,756.1570210161271
135.9,33.49582495785176,-99.33151300474465,742.01440163039
136.0,33.495838868772736,-99.3315211962924,754.6802308867144
136.1,33.49580073018124,-99.33151938865885,739.0460868520989
136.2,33.495834760371494,-99.3314412073098,742.754342071985
136.3,33.49580149925874,-99.33144963245158,745.4891153278375
136.4,33.49580800420834,-99.3314487381491,744.3535312861492
136.5,33.49573796476581,-99.33149448908246,741.1836459022782
136.6,33.495795266602066,-99.33150336860085,748.1081582150857
136.70000000000002,33.49580685566013,-99.33136212500341,738.0500059483535
136.8,33.4958583124715,-99.33143046595485,736.7809642443983
136.9,33.49581203215146,-99.33144331563739,738.9480887561512
137.0,33.49578589941904,-99.33147178998748,743.2904702934245
137.1,33.495801743590135,-99.33141788260254,740.1634069018818
137.20000000000002,33.49586280761833,-99.3314378903536,745.382785334929
137.3,33.49578817146632,-99.33135198371882,737.2472541784151
137.4,33.495824111604705,-99.33143865601264,735.1617892468151
137.5,33.49581124369187,-99.33137519191719,734.3330783873838
137.6,33.49579036895281,-99.33146504567983,732.1081748098336
137.70000000000002,33.495812265541254,-99.3314198384031,733.9785331850734
137.8,33.495808840504594,-99.33146154492319,734.3854076276227
137.9,33.49582119281296,-99.33141836269598,741.9589492668254
138.0,33.49581344610223,-99.33146897744125,734.0925852431776
138.1,33.495824263034606,-99.33141009871159,729.9048243898585
138.20000000000002,33.495820425569754,-99.33137594647526,731.069973047598
138.3,33.49580246911491,-99.33138159442088,733.2104070343083
138.4,33.49580029041358,-99.33144030856813,734.1869567453975
138.5,33.495783226706415,-99.33145496913045,723.2615931867333
138.6,33.49578508838042,-99.33136058276953,734.8826291437869
138.70000000000002,33.4957629625467,-99.33136563541102,741.8148972017217
138.8,33.4957591823085,-99.33134616643068,742.106130017546
138.9,33.49577549837115,-99.33139942900395,732.1721526312762
139.0,33.49578565846088,-99.33134058417335,734.2199175101333
139.1,33.49576655218873,-99.33136926117918,733.2820311600171
139.20000000000002,33.49578233958618,-99.33141174214626,732.9780265360278
139.3,33.495812532696576,-99.33136997337155,732.5672779125589
139.4,33.495756370130664,-99.33142191859272,725.1800806236779
139.5,33.495792663233196,-99.33137181122972,720.4366026104078
139.6,33.49574014190116,-99.33136675914164,720.3824959823734
139.70000000000002,33.49579110275207,-99.33133553795726,731.6254670743692
139.8,33.495734960487106,-99.33136329560156,723.0946917312621
139.9,33.49576942157957,-99.33130852796732,727.433369920277
140.0,33.49577560345183,-99.33133546544782,716.0640329405162
140.1,33.49580490684778,-99.331330427729,725.805045130163
140.20000000000002,33.49575769325159,-99.33133380216691,722.8314848764605
140.3,33.49576459299394,-99.3313216266498,715.514579370602
140.4,33.49576490134828,-99.33128960215173,709.2293174768877
140.5,33.49579301744107,-99.33134172188535,722.2267380663783
140.6,33.495779766353145,-99.33133774545439,716.984868885829
140.70000000000002,33.495751999309014,-99.33131569583976,719.6025772406049
140.8,33.49582648822883,-99.33129616337682,717.6284387567135
140.9,33.49570518959008,-99.33124324419212,711.9193936564785
141.0,33.49573989078257,-99.33134660514038,708.8947749754021
141.1,33.495813893168155,-99.33127666232865,718.8615650716531
141.20000000000002,33.4957747024376,-99.33133819966464,720.1242784056739
141.3,33.495782752670614,-99.33126011059198,718.6882856154385
141.4,33.49572425781744,-99.33127536871234,702.0640452925702
141.5,33.49578722414823,-99.33129243380583,711.6967751735039
141.6,33.495752590226196,-99.33130472405308,722.682426523693
141.70000000000002,33.4957349094618,-99.33128780148351,710.6540608434112
141.8,33.495734438268535,-99.33128143331213,711.5379684828205
141.9,33.495758241575714,-99.33127511649955,710.5672658785186
142.0,33.49572171545128,-99.33127395450025,708.7665325589364
142.1,33.49571764186944,-99.33123967482774,705.0604895800948
142.20000000000002,33.49572152400786,-99.33127773256726,710.5559688540958
142.3,33.495757446731446,-99.33125013778259,703.1162951169321
142.4,33.495725639931926,-99.3312572943224,708.6884114655494
142.5,33.495753274091065,-99.33129070943941,712.0283623023524
142.6,33.49572935912761,-99.33129011710378,701.3323420324593
142.70000000000002,33.4957059037358,-99.3312998874533,701.6997599579245
142.8,33.49573005941636,-99.33123043827885,700.1075152859898
142.9,33.495766360459065,-99.3312351388355,703.1908782545271
143.0,33.49568667505649,-99.33124517132617,715.1057806667399
143.1,33.49577125138257,-99.33124259977568,700.9947557438741
143.20000000000002,33.49568949974497,-99.33128076813531,705.7755216943013
143.3,33.49571824312027,-99.33125193021877,704.4831695449021
143.4,33.49571942056376,-99.33126428461708,700.4640517693048
143.5,33.49574001734044,-99.33125439370474,701.5812578101808
143.6,33.495737548800605,-99.33120339001361,707.6283259850716
143.70000000000002,33.49569942815009,-99.33125493885449,703.8796564677882
143.8,33.49573460840639,-99.3312092928194,701.6675538980384
143.9,33.495674253714334,-99.33118314106787,703.5034143973924
144.0,33.4957555535798,-99.3311890124716,695.7390868243692
144.1,33.49573622303514,-99.33112953520377,695.2413524685411
144.20000000000002,33.495724103443294,-99.33117576529108,689.4263198923832
144.3,33.49570875804962,-99.3311670166361,690.874251340883
144.4,33.495700862380254,-99.33117511181636,695.7165806261837
144.5,33.49569761268598,-99.33118016535812,698.8000469490462
144.6,33.49567611993377,-99.33115915041154,697.2440979497264
144.70000000000002,33.49571920548901,-99.33121092839416,693.3964754742611
144.8,33.495725124909924,-99.33118353196583,692.5372980744346
144.9,33.49573146716985,-99.33116871698743,693.0319056486853
145.0,33.49569266035939,-99.33118123640133,695.5029769786296
145.1,33.49577148306345,-99.33116893155598,687.2039891545236
145.20000000000002,33.49572850805195,-99.33119294381157,691.689312999334
145.3,33.49567355521943,-99.33117510963939,690.9489118167089
145.4,33.495725599586216,-99.33115661093976,689.3830957386153
145.5,33.49565552893974,-99.33114307929668,684.0360981442083
145.6,33.495683854285105,-99.3311350660068,697.9286298521955
145.70000000000002,33.495682180990954,-99.3311718157214,685.7329773486853
145.8,33.495735217537856,-99.33116464431004,691.7933193311756
145.9,33.49570974188528,-99.33119137170375,678.0090186286275
146.0,33.49568825857973,-99.33109317061408,680.724052735869
146.1,33.49568157323458,-99.33113277156745,682.7073024556141
146.20000000000002,33.49564928908023,-99.33116445271382,698.2430360144124
146.3,33.49568679543792,-99.33111813035453,691.9230842760685
146.4,33.49569550313958,-99.33115855584285,690.4181881607919
146.5,33.49564616163314,-99.33116926931001,687.2287770926935
146.6,33.49568765531234,-99.33116628596662,696.8762020694292
146.70000000000002,33.4956349747349,-99.33116224581698,685.8479900110055
146.8,33.49562906829772,-99.33113759519725,678.9034556811348
146.9,33.49566651870884,-99.33105902008869,684.7779688270908
147.0,33.495715220928595,-99.33111441635965,674.93761204745
147.1,33.495691704448966,-99.33110601132444,683.323450257006
147.20000000000002,33.49568245447371,-99.3311461103724,684.0280775436819
147.3,33.49567694386121,-99.3311311436782,682.7546998649144
147.4,33.49560256343111,-99.33110731863407,675.1394014319709
147.5,33.49564596731036,-99.33110721093978,675.5912621079426
147.6,33.495678387299165,-99.33114539432964,689.3291835216489
147.70000000000002,33.4956773041375,-99.33111947186981,678.2193177679164
147.8,33.49569493125044,-99.3310538147765,666.3619617330482
147.9,33.495682763377054,-99.33109310425017,676.995604853585
148.0,33.495689721688585,-99.33109085948944,671.3683284302816
148.1,33.49567529886241,-99.3310961887103,684.2473475307572
148.20000000000002,33.49565655646563,-99.3310901780716,675.7158415139097
148.3,33.49574247776599,-99.33110716438917,680.7980431699967
148.4,33.49564489278869,-99.33108486050669,665.386350375766
148.5,33.49564574294569,-99.33109151265668,676.4014873173018
148.6,33.49568071144526,-99.33113371872177,676.6186516597057
148.70000000000002,33.49566306441289,-99.33104601673635,682.5082523942531
148.8,33.49563384452429,-99.33108937724225,664.9672878974668
148.9,33.495635241503834,-99.33110389839351,669.2948600047014
149.0,33.495689486351544,-99.33105385132266,662.5394042266028
149.1,33.495665142898225,-99.33104644955374,669.2818656153097
149.20000000000002,33.4956365057837,-99.33111175737332,664.7882331604385
149.3,33.495598486784225,-99.33111413616275,659.5849119256188
149.4,33.49566612158363,-99.33108052268254,669.1207353990884
149.5,33.4956317258166,-99.33098300785353,681.195841890062
149.6,33.49566203733836,-99.331071802446,667.3356132901263
149.70000000000002,33.495680191779755,-99.33105140106844,673.7497687334144
149.8,33.4956075405759,-99.33100208823294,659.5826389859803
149.9,33.49559800332345,-99.33108457604082,674.1750100380756
150.0,33.495645987716834,-99.33096120559429,659.7227165652313
150.1,33.4956344056416,-99.33103904010821,671.4059218893315
150.20000000000002,33.49564272466174,-99.3309983087468,662.3786930612498
150.3,33.49565116266424,-99.33099377031489,666.759279381194
150.4,33.4955980227725,-99.33100618913623,666.7507306967925
150.5,33.495626151423174,-99.33099226464992,664.909360520931
150.6,33.4956528656834,-99.3310206688944,663.2744473675857
150.70000000000002,33.49563752456428,-99.33103060265248,670.9125712134916
150.8,33.495638005788265,-99.33095281406393,650.7407673181361
150.9,33.495662695713364,-99.33103948488525,657.8430457502732
151.0,33.49566163206091,-99.33096261005156,657.7331736943122
151.1,33.4956222868433,-99.33100502208214,660.7453365851525
151.20000000000002,33.495648756586164,-99.33103697003239,667.3373055065615
151.3,33.49566328060632,-99.33095179564403,654.8089140180123
151.4,33.495604875682105,-99.33101336865205,652.2862290586276
151.5,33.495636190267255,-99.3309905824868,652.6561373850689
151.6,33.49563434460422,-99.33100755839362,656.2959996157632
151.70000000000002,33.49561908222275,-99.33093737220756,654.4675793826027
151.8,33.495593139760054,-99.33097461587367,656.9478532450017
151.9,33.49561643365348,-99.3309800383728,656.2893380281846
152.0,33.49561343558348,-99.33094310152472,658.8975934096992
152.1,33.49565713692283,-99.33093571751675,651.2067629941876
152.20000000000002,33.49559016952646,-99.3309780622357,645.9529423077308
152.3,33.49563985741438,-99.33094428567796,652.6925264144267
152.4,33.495614422570526,-99.33101164507406,664.3508082366873
152.5,33.49561449490176,-99.33097372648338,654.1828284594857
152.6,33.49559093713522,-99.33099580240719,648.5711071810123
152.70000000000002,33.49559803134349,-99.33098461080522,651.2214244699438
152.8,33.49563106746696,-99.33094743923989,653.7104263909782
152.9,33.4955970525599,-99.33093663244601,652.4544690187834
153.0,33.495593595094036,-99.33098102890277,646.4484479756958
153.1,33.495584043877955,-99.33094035328794,638.0279052863325
153.20000000000002,33.49563377043877,-99.33091137209223,645.3253362639894
153.3,33.49554585139207,-99.33090337769144,638.4608533624071
153.4,33.49562909150583,-99.33096935582327,642.246189783922
153.5,33.495604724207766,-99.33097180749137,645.8046960555048
153.6,33.49561437205847,-99.33091680333567,645.302877272463
153.70000000000002,33.49563403311317,-99.33091557125923,641.7279546659489
153.8,33.49561353646627,-99.33095815202043,639.108482666962
153.9,33.495619656761754,-99.3309686102312,650.1855599634434
154.0,33.49561565594159,-99.33092232846477,637.7542962820165
154.1,33.49560731855149,-99.33091635869283,651.0514398476168
154.20000000000002,33.49560947819858,-99.33094998193832,636.6403680778448
154.3,33.49558105815077,-99.33093350833597,639.8367928039131
154.4,33.4955856953252,-99.33090549809815,647.2378506616483
154.5,33.495607716202784,-99.33086699008398,644.1674870964459
154.6,33.49559744675455,-99.330890174736,643.178568566841
154.70000000000002,33.495573001449145,-99.33093436837696,632.0705011042081
154.8,33.49556013924751,-99.33089000930508,635.3138079250576
154.9,33.49560828737583,-99.33084677518647,633.4251873364527
155.0,33.495610565088576,-99.3308470167417,636.6043662675431
155.1,33.495585219141226,-99.33085696403231,635.767912406232
155.20000000000002,33.49551040534962,-99.33092821551031,635.2752189273444
155.3,33.495593379488305,-99.33090735907192,633.4538283215511
155.4,33.495600997335615,-99.3308723604219,629.509632677115
155.5,33.49560543748279,-99.33085023065853,638.5735786403873
155.6,33.49556804101529,-99.33092369428927,628.3375820051742
155.70000000000002,33.495605766540955,-99.33083126039362,631.6653614022863
155.8,33.49554380779442,-99.33091354093357,635.3452575207435
155.9,33.495558568155055,-99.33086077934931,626.4643541618087
156.0,33.4956205434631,-99.33080094882627,634.8586770773164
156.1,33.495576114009694,-99.33088681019689,625.5769406539425
156.20000000000002,33.495572453342774,-99.33084160820468,627.8325008629998
156.3,33.49552714195239,-99.33092439041455,627.5481362959191
156.4,33.49553761179057,-99.33083026010782,633.696402601721
156.5,33.49558865172926,-99.3308624594467,632.0798900647507
156.6,33.49556032108189,-99.33085134359449,633.4284304300733
156.70000000000002,33.495536162952625,-99.33078076459309,620.4695670868352
156.8,33.49560047627238,-99.33080692320006,633.1834990553413
156.9,33.495579860559154,-99.3308197661244,618.6270479740291
157.0,33.49557358616426,-99.3307770984335,621.9482071219126
157.1,33.49556220279475,-99.33075470562132,631.9748410902293
157.20000000000002,33.49560698844829,-99.33077780046112,619.1885755275707
157.3,33.49553541729025,-99.33083520202324,616.7573312980742
157.4,33.49554393620661,-99.33079933922971,631.4087022054258
157.5,33.49555733876884,-99.33081975747947,624.8653951612062
157.6,33.49558231812915,-99.33085160095254,631.6436283407459
157.70000000000002,33.49559941681321,-99.33078401793897,625.1279257367154
157.8,33.49551910828167,-99.33080197418313,623.1819294178686
157.9,33.495545416942925,-99.33080228120093,618.6201925144168
158.0,33.49554011647095,-99.3307728819662,615.9066243861243
158.1,33.49555815849261,-99.33078333977987,616.191376764343
158.20000000000002,33.49558493306864,-99.33078877430427,626.4982649246581
158.3,33.49558453016163,-99.33078521023585,622.4051777728432
158.4,33.49556573668893,-99.33079118102621,612.9362041790251
158.5,33.495538191586455,-99.33080188234511,615.2613208969688
158.6,33.495507284014494,-99.33071290067855,621.2810994125631
158.70000000000002,33.49548182901527,-99.33078134833808,621.7553301015334
158.8,33.49553513442517,-99.33079613855986,617.9092107590693
158.9,33.49546404069931,-99.33075869076471,617.6701204082628
159.0,33.49554916079819,-99.33080824310147,612.8806310218121
159.1,33.495561151023885,-99.3308019909633,606.8618474794657
159.20000000000002,33.49557032308255,-99.33077558076211,617.2263412558561
159.3,33.49551916776061,-99.33074027201972,607.4508980549128
159.4,33.49554634344694,-99.33075774550646,619.7012914384412
159.5,33.495517296735414,-99.33077871063041,606.9979791198373
159.6,33.495523168337314,-99.33070953386184,605.2028504922646
159.70000000000002,33.495523694665586,-99.33075246504616,614.2968773710588
159.8,33.495536261518744,-99.3307627047162,608.0423955079175
159.9,33.495486417901944,-99.3307454529515,604.9236543177275
160.0,33.49555334113667,-99.33074647034141,611.7118282396544
160.1,33.49555263406594,-99.33071821765888,610.9674751444973
160.20000000000002,33.49547152269452,-99.33070665566044,611.1610565143809
160.3,33.495560052353774,-99.3307367590384,608.037168092463
160.4,33.49547948478468,-99.3306876805393,611.6590613349952
160.5,33.495570058485676,-99.33075684619081,601.5431397648149
160.6,33.49556385304295,-99.33074534467718,608.3358217736181
160.70000000000002,33.49554556811349,-99.33068343220773,611.7191781006878
160.8,33.49553655703764,-99.33063506953589,612.8811107911704
160.9,33.4955354530697,-99.33065660895043,598.2412870663245
161.0,33.49547773102269,-99.330754590488,604.4400511639949
161.1,33.49550194807285,-99.33076486711876,602.2849506550468
161.20000000000002,33.49552286224168,-99.3307196823998,599.416315667386
161.3,33.495545315247654,-99.33073907642823,598.6237649822424
161.4,33.495472392631484,-99.33067521630029,596.0972314505012
161.5,33.495501067270304,-99.33072420477816,598.9875779436032
161.6,33.495558254965914,-99.33071893544758,600.7828068807391
161.70000000000002,33.49550862008588,-99.3307213004388,599.8629721092477
161.8,33.495505804557254,-99.33068800973349,597.3173673263886
161.9,33.49555503515014,-99.33071604310108,591.9097968072845
162.0,33.495478034157244,-99.33069608799845,600.7453442435632
162.1,33.495511490875494,-99.33068347742432,588.545384455552
162.20000000000002,33.49551134019216,-99.3306801786868,598.1760642516849
162.3,33.49550737803267,-99.33066525853773,589.7640533360214
162.4,33.49548223492272,-99.33068956364913,596.1719724819341
162.5,33.49548592720894,-99.33066383231711,589.1164060281851
162.6,33.495507725044625,-99.33065806195188,593.3107076136899
162.70000000000002,33.495466440993205,-99.33070411932489,595.6767751032903
162.8,33.49549342132865,-99.3306891272274,597.3027456411788
162.9,33.49552986723223,-99.3307187783866,587.3860379630905
163.0,33.49551457283786,-99.3306649776758,587.4142104046335
163.1,33.495497142655786,-99.33069265232157,595.8955090690448
163.20000000000002,33.49555921312658,-99.33065409460667,592.5746696309113
163.3,33.495480904362026,-99.33069995743902,590.5206341121362
163.4,33.49546764655939,-99.33064499892694,593.033623732775
163.5,33.49549429514962,-99.3306537256301,586.5635155941517
163.6,33.49550230905895,-99.33066654819936,590.0384101335677
163.70000000000002,33.4954953826594,-99.33066514122403,579.9477388252761
163.8,33.49548541561499,-99.33061491406625,595.3511117171614
163.9,33.49549648143032,-99.33059253800732,585.3246519854098
164.0,33.49548778246833,-99.33063179614027,584.04433701873
164.1,33.49545599936943,-99.33065742000518,591.0841616211039
164.20000000000002,33.49550350049555,-99.33065200049498,582.1810080196528
164.3,33.49547553482224,-99.33061216440743,593.374684486816
164.4,33.49548945630357,-99.3306003454569,579.9286094326807
164.5,33.495548028443224,-99.33060620230806,590.9092736814065
164.6,33.49549547419608,-99.33062020580535,579.31412297449
164.70000000000002,33.49546156701701,-99.33067876523974,572.7656012487487
164.8,33.49546340521373,-99.33063714712829,583.9543821971694
164.9,33.49545970012568,-99.33065049293248,580.4267788894418
165.0,33.49556006558183,-99.33059499517611,578.039472915195
165.1,33.49549654633995,-99.33062944453022,569.193904733946
165.20000000000002,33.49548315187066,-99.33062494902825,578.2929887213442
165.3,33.4954718603264,-99.33054364639014,575.1415778927666
165.4,33.49549214480468,-99.33061841158667,590.472012570971
165.5,33.49545912598748,-99.33057444359048,573.6538386076322
165.6,33.49546584158634,-99.33063320714362,568.0416411618736
165.70000000000002,33.495444927025254,-99.33056634415753,575.3074298553793
165.8,33.495463293741835,-99.33060083403193,577.2656197335257
165.9,33.49547315653615,-99.3306154129843,570.9891677779618
166.0,33.495434178944976,-99.33059588473115,574.4315725676569
166.1,33.49550647246536,-99.3305736153886,574.8764250057475
166.20000000000002,33.49549874761413,-99.33056041221448,567.7045625794838
166.3,33.49546660857658,-99.33057584999737,572.2571592171656
166.4,33.49543497790542,-99.33060708081487,566.2815705240062
166.5,33.49544656158465,-99.33061870345797,570.0114328029895
166.6,33.49550302573164,-99.3305759889076,573.149397372383
166.70000000000002,33.495446079547754,-99.33055246149449,572.7565321017653
166.8,33.49549313627401,-99.33054214982305,569.2560386606602
166.9,33.49545506762202,-99.33059623560737,562.41623088344
167.0,33.495462936237836,-99.33054078657435,573.3957892214614
167.1,33.49550653728529,-99.3305472368987,568.8890331243896
167.20000000000002,33.495448386209496,-99.33053050475243,568.2644025185681
167.3,33.49548015065169,-99.3305443851166,570.8865237182873
167.4,33.495459608744326,-99.33061112019865,565.0151885199562
167.5,33.49546796903913,-99.33058750115109,564.3606873008185
167.6,33.49544844356287,-99.33047274314026,564.2546330975573
167.70000000000002,33.49545284136078,-99.33049916814755,570.116725577325
167.8,33.49544332534973,-99.33061376093346,566.0120054429151
167.9,33.495493663724496,-99.3305556156338,562.6522292131665
168.0,33.49547253169297,-99.33051261100354,561.1222993276593
168.1,33.495441282858856,-99.33053296092852,550.6853588023602
168.20000000000002,33.49547753133917,-99.33049549823374,558.1591205044738
168.3,33.49544009284039,-99.33058908241136,564.577714812462
168.4,33.49541176183219,-99.33051677520159,560.6338894115326
168.5,33.49545228732709,-99.33051574132979,557.5916991179092
168.6,33.49543944597775,-99.33055160741537,563.0105867482735
168.70000000000002,33.49541988104358,-99.33044636550628,566.4588384927087
168.8,33.49545015499594,-99.33047682368738,566.2978385875068
168.9,33.495433072297466,-99.33049620503114,561.3901308135427
169.0,33.495455758929026,-99.33051075830564,557.3035338348074
169.1,33.495496239848656,-99.33051008565617,554.8492035800862
169.20000000000002,33.49544965782485,-99.33047981509002,548.6359791001137
169.3,33.49542359292324,-99.33049899477099,560.9733050755239
169.4,33.4954710992439,-99.33050248429852,557.0251269530328
169.5,33.495435227397564,-99.33043687179834,552.6032909680132
169.6,33.49545219943493,-99.33053297135163,547.5174212839896
169.70000000000002,33.49543878445711,-99.33049379227786,548.8523855512958
169.8,33.495413634558226,-99.33051908777284,556.1919927683703
169.9,33.4954532134514,-99.33053749699715,558.5830088512766
170.0,33.49542819970593,-99.33046804433897,547.1361057682419
170.1,33.49542187708268,-99.3304623802881,560.2789934086746
170.20000000000002,33.495490790583325,-99.33048958123202,550.3600113604782
170.3,33.49548551074586,-99.33044399029583,558.769538591032
170.4,33.49541562975199,-99.33046019275145,556.8998497886531
170.5,33.49543607581691,-99.33047727807825,552.9901463071244
170.6,33.4954350334558,-99.33054118986861,544.7582949755458
170.70000000000002,33.49546909828857,-99.33049362687179,547.9512555134696
170.8,33.495440984176994,-99.33047602147761,552.0698456327187
170.9,33.49545282897371,-99.33042670962395,544.4565714168648
171.0,33.495428924003576,-99.33047880481833,541.4291549901238
171.1,33.495457538405525,-99.33051745433623,550.9186934924597
171.20000000000002,33.49549124994888,-99.33045061426667,551.0271810864587
171.3,33.495435008378976,-99.33043512513265,542.0482165524847
171.4,33.49547221462166,-99.33045526411586,550.8019751255952
171.5,33.495400477018855,-99.33044204925459,553.2309999684147
171.6,33.49546039735403,-99.33052866999778,539.8558402860784
171.70000000000002,33.49546471712269,-99.33045580258725,550.9034675504715
171.8,33.49544306733983,-99.33039785023642,538.4386509025966
171.9,33.49544416864091,-99.33051278213378,545.7466995072908
172.0,33.4954100476874,-99.33045746520914,536.3086638836585
172.1,33.49539926393441,-99.33045857059082,532.9622982520384
172.20000000000002,33.495438200335386,-99.33044297624156,545.4991950475123
172.3,33.495410094984514,-99.33044726898675,536.4117790334017
172.4,33.49542013397245,-99.33039992134971,536.3173127175806
172.5,33.495385200022966,-99.33044531323155,536.4720825781255
172.6,33.495462064963256,-99.33042374334681,546.4737453745439
172.70000000000002,33.49542306004608,-99.33041858196309,548.8865527521873
172.8,33.49538999986545,-99.3303734226673,531.2856970433729
172.9,33.49540662311763,-99.33043923350316,525.0439653599518
173.0,33.495414420662925,-99.33042129935919,538.6225326722086
173.1,33.495381872206366,-99.33046763184419,533.9233163166248
173.20000000000002,33.49542697604106,-99.3304151447232,535.187508666507
173.3,33.49545391042761,-99.33042820855337,530.6106348005709
173.4,33.49543851933803,-99.33047593277581,538.115628476566
173.5,33.495422970794486,-99.33042040856031,525.5069440466145
173.6,33.49537310919757,-99.33042166348939,535.2438356155205
173.70000000000002,33.49539452294114,-99.33038436608923,530.230712570022
173.8,33.49540740403062,-99.33035206888546,527.8090696051854
173.9,33.49544207180344,-99.33039936887525,532.9235583638697
174.0,33.495428097783126,-99.33035381341593,520.0797197244757
174.1,33.49536993846666,-99.33033838142397,525.3507544111784
174.20000000000002,33.49539592135726,-99.33038234692931,523.4345621341887
174.3,33.49545082043517,-99.33042133111339,535.6989328314747
174.4,33.495411018349266,-99.3304166509549,528.710498214068
174.5,33.49533720336917,-99.33041557207788,531.7331172234284
174.6,33.49544829007909,-99.33037079570992,516.4065604739191
174.70000000000002,33.495413567304304,-99.3303773374052,522.661849704045
174.8,33.49539023380931,-99.33034368436064,523.6515697076742
174.9,33.49545477137849,-99.33036096632144,522.4452003686697
175.0,33.49540124816792,-99.3303053806196,525.6605490223458
175.1,33.495357422964034,-99.33039339784523,522.0542118308956
175.20000000000002,33.49541887191505,-99.33042404630112,528.0478629025247
175.3,33.495353081121316,-99.3302950613352,525.7986633442603
175.4,33.495371695782154,-99.330408834267,517.2572824541487
175.5,33.495390043343725,-99.33030578979081,524.1811162622339
175.6,33.495410744655025,-99.33034697961354,521.1515555635817
175.70000000000002,33.495369284443335,-99.33041905312324,512.0852752311425
175.8,33.49538888618117,-99.33034984407543,520.6120084310337
175.9,33.49539063446773,-99.3303852717445,519.7062477071635
176.0,33.495411231782384,-99.3303665878248,520.151924695248
176.1,33.49537128972127,-99.33032649237835,509.14379910270736
176.20000000000002,33.495382698733884,-99.33035096949278,513.1136246213174
176.3,33.495395491138986,-99.3303597322483,521.3449194641022
176.4,33.49536605447743,-99.3303624570716,513.0591620638585
176.5,33.495408896029,-99.33035395430443,522.1821803898065
176.6,33.495425698116186,-99.33038907223256,521.3564616893705
176.70000000000002,33.495402743186894,-99.33028092691274,513.2302838297337
176.8,33.49534787418664,-99.33041029484508,517.3815342505944
176.9,33.49536060204758,-99.33031204614245,508.39774162853547
177.0,33.495349941498276,-99.33038572058449,507.24824691058626
177.1,33.49538936330444,-99.33030414468493,510.5267555091107
177.20000000000002,33.495439667287044,-99.33025248743931,504.8503984545101
177.3,33.49532830339234,-99.3302980189374,509.49163236456155
177.4,33.49538546754995,-99.33029296167355,519.0346698183613
177.5,33.495343452189864,-99.33031343551437,511.0238563710058
177.6,33.495355860245944,-99.33025862237945,514.4389879400716
177.70000000000002,33.495365388271466,-99.33029097602427,504.26971896744794
177.8,33.49539424100443,-99.33032151198002,510.28109715307966
177.9,33.495363978589424,-99.33032657053703,509.23612232107564
178.0,33.495377688961746,-99.33029948998399,515.3234362940941
178.1,33.495359999722446,-99.33026871019828,504.8966330427374
178.20000000000002,33.495354409834654,-99.33032130348323,508.49307745826303
178.3,33.495360739329335,-99.3303261236026,509.31665592705565
178.4,33.49537406586404,-99.3302587568078,500.68927029313977
178.5,33.495398926460176,-99.33032409115388,503.83941700103594
178.6,33.49536647964502,-99.33022807152156,511.25943889235197
178.70000000000002,33.49537301316034,-99.33036826976205,517.4415520787525
178.8,33.495375254350584,-99.33031726167665,507.0216263441664
178.9,33.495374020055145,-99.33029142743655,501.516978010734
179.0,33.4953981497285,-99.33030912168631,492.91759368643824
179.1,33.49536063747454,-99.33025066652553,508.14791887821866
179.20000000000002,33.495399032103926,-99.33028008519803,498.5899887926326
179.3,33.49534191486264,-99.33028662010469,499.6447825192651
179.4,33.49537042230334,-99.33023127970858,493.1901716775037
179.5,33.49536628565304,-99.33035749791199,495.40867994502145
179.6,33.495365689951264,-99.33026334723928,492.1096940830983
179.70000000000002,33.49533474675999,-99.33032103513288,501.74332271820396
179.8,33.495366465517854,-99.33023545927597,496.9856015847396
179.9,33.49538163778469,-99.33025681908865,493.2541609700265
180.0,33.495377992831514,-99.33028177923359,501.87509781608657
180.1,33.49535501707901,-99.33018653375348,495.61176643774866
180.20000000000002,33.49531493509317,-99.330219247958,492.8167292072901
180.3,33.49538696028529,-99.33029814442025,496.7973017988073
180.4,33.49537842312354,-99.33027588006891,481.4142107085748
180.5,33.49535626697748,-99.33032075702725,499.2471605989281
180.6,33.495327921590864,-99.33031761038966,483.89280648340514
180.70000000000002,33.4953511747852,-99.330267075541,500.4069677583417
180.8,33.49536760931205,-99.33027116147817,490.77036463130275
180.9,33.49531737036068,-99.33028238475211,494.4628310131703
181.0,33.49538210248314,-99.33028764948114,496.6769275142171
181.1,33.49534317723562,-99.33018923049552,488.68672479321793
181.20000000000002,33.49535262378189,-99.33022273153429,490.27688340673444
181.3,33.49534872655296,-99.33027036353494,488.5634318662325
181.4,33.495310207983174,-99.33024260179084,492.5803084227642
181.5,33.495331761039004,-99.33028975094985,488.0964453042881
181.6,33.49531774097406,-99.33021062992565,482.7567028389801
181.70000000000002,33.49539755937278,-99.33027039019272,481.949247841128
181.8,33.495326879193236,-99.33022844127555,477.40738007204226
181.9,33.4953337614653,-99.3302145788523,482.16568202458353
182.0,33.49536055336896,-99.33021166537154,482.24025600957077
182.1,33.49534030841965,-99.33022942997484,483.5578275744168
182.20000000000002,33.495349807305566,-99.33022280314331,484.9966501445472
182.3,33.49537206220827,-99.33024251848842,480.27788313369837
182.4,33.49536851319085,-99.33022251897737,489.4583803058266
182.5,33.49539115382663,-99.33022987623065,486.23012075163894
182.6,33.49530706296442,-99.33017635587727,480.8309353906211
182.70000000000002,33.495316062465726,-99.3302030800091,474.4216419917551
182.8,33.49532166064226,-99.33020612805035,471.47366992594806
182.9,33.49535221370709,-99.3302462081102,478.78481926379783
183.0,33.49534567902159,-99.33027399455287,474.24215518002677
183.1,33.49532316912011,-99.33017550625058,475.7373477199857
183.20000000000002,33.49535309999382,-99.33019746020322,481.4861982546943
183.3,33.49536803968583,-99.33018591088221,475.9597665088392
183.4,33.49528908179975,-99.33013524842507,478.9618496989944
183.5,33.49534394303156,-99.3302410324963,472.3021269318993
183.6,33.49533203593043,-99.33023135216384,478.5357234389658
183.70000000000002,33.49531837676063,-99.3301775098031,479.9472577935331
183.8,33.49532916927217,-99.3301954644722,473.1653975478304
183.9,33.49530390348889,-99.33023122624996,470.3936437303198
184.0,33.495314404900896,-99.33017719735365,478.6630867190833
184.1,33.49534552152886,-99.33021269156139,470.0995889720738
184.20000000000002,33.4953207309019,-99.33028820107249,470.7931720293718
184.3,33.49527607435092,-99.33017473825124,469.1140323995769
184.4,33.4953346686376,-99.33013217825598,462.8343885486045
184.5,33.495301646367245,-99.33016112668574,481.9796967075104
184.6,33.495292324985996,-99.33018556394698,463.3873723051831
184.70000000000002,33.49527966932952,-99.33015382172991,458.5109854149268
184.8,33.49526136703416,-99.33018219634529,474.3776852802376
184.9,33.495320242548566,-99.33010641262302,467.6067078868839
185.0,33.49527620852266,-99.3301149242143,468.6803596844733
185.1,33.495315171832516,-99.33022727384513,463.29128354118234
185.20000000000002,33.495338788853246,-99.33020781248041,471.01098696052867
185.3,33.49529240453926,-99.33013132762237,465.0092136624218
185.4,33.49529459673235,-99.33015727910121,463.6131128502394
185.5,33.495309713101186,-99.33016241407374,452.60108431908805
185.6,33.495286044178435,-99.330167153816,469.6222251186215
185.70000000000002,33.49533380203787,-99.33013802834797,460.72832392960646
185.8,33.49533612680402,-99.33013231205109,465.18832643286385
185.9,33.4953738106422,-99.33008899780295,458.26507729239324
186.0,33.495315904438996,-99.33006591282347,461.5722294107048
186.1,33.4953166819829,-99.33017840580533,458.9673027081918
186.20000000000002,33.49534281500804,-99.33015646285865,450.7441721748627
186.3,33.495339835223774,-99.3301692885618,465.57269365957814
186.4,33.495319643171534,-99.33016416681521,464.22325604673
186.5,33.49528052761944,-99.33016702275303,454.3239626596006
186.6,33.49531551961956,-99.33008387088925,457.4225106896135
186.70000000000002,33.49530493146413,-99.33009879980706,450.55474486723335
186.8,33.49532438519167,-99.33013868141087,460.0966990638914
186.9,33.495268043315185,-99.33014332966629,459.5365878100622
187.0,33.49532998447526,-99.33012380207492,460.6089676823557
187.1,33.49535545287919,-99.33013505500874,459.17348865008887
187.20000000000002,33.495283295064034,-99.33011666395788,463.5710744329306
187.3,33.495303500444415,-99.33012461639329,451.5087464820102
187.4,33.495325229787404,-99.33020118237671,453.9451345435904
187.5,33.49531670541713,-99.33011374115674,451.71765548826966
187.6,33.49530981197863,-99.33008259746363,456.77632929945275
187.70000000000002,33.49528327818101,-99.3301337111054,459.5688098537725
187.8,33.49524215780092,-99.33013278722161,442.1891120194629
187.9,33.495322520277625,-99.33011452101711,450.9633890982342
188.0,33.495333231776335,-99.33014229530373,449.6499407975145
188.1,33.49531837022266,-99.33011653312327,456.9106054132394
188.20000000000002,33.49525808467013,-99.33015313654101,447.4979788508836
188.3,33.49526644458423,-99.33011566177787,446.8065363164717
188.4,33.49529154758019,-99.33011028385062,454.1205314787904
188.5,33.49528145492707,-99.33012933978398,463.0271464866646
188.6,33.49525225303482,-99.33017213438487,445.07789578522556
188.70000000000002,33.495262166402526,-99.33002052601456,451.81333599805885
188.8,33.495305051617784,-99.33002771129297,443.3930300474541
188.9,33.49531688986307,-99.33002999695249,441.0243364161727
189.0,33.49531890820447,-99.33009338547315,443.92619686615427
189.1,33.49527135340457,-99.33011070646369,447.3033137430116
189.20000000000002,33.49528013691103,-99.33008960021556,450.5432021359396
189.3,33.49533350176391,-99.33007552675227,447.5474681978629
189.4,33.49528592991176,-99.33006657360434,440.09516209243895
189.5,33.495290587277836,-99.33009407542085,445.8779171860815
189.6,33.495299993146354,-99.33007720992362,441.6243163324031
189.70000000000002,33.49531563595503,-99.33008375319602,447.8700045646508
189.8,33.49524369715034,-99.33008256058356,432.46614312788597
189.9,33.495304374540495,-99.33000514438525,437.320946459471
190.0,33.49532149217562,-99.33003627147116,435.78425002729983
190.1,33.495292979525814,-99.33009550067679,435.56956341340947
190.20000000000002,33.49527433780523,-99.3300485749432,438.101229509589
190.3,33.495376540589966,-99.33007464333281,436.9473945601284
190.4,33.49536390867769,-99.33004437565621,431.4765281356202
190.5,33.49527182816183,-99.33004169389848,434.2974060171126
190.6,33.49528578323205,-99.3300209818464,446.96499535910215
190.70000000000002,33.49534350074619,-99.33010369706193,426.64453928981015
190.8,33.495295740502876,-99.33006140728862,439.84096754808
190.9,33.49528984497627,-99.33009407761247,435.7475593077092
191.0,33.49527567368914,-99.33008363080305,434.9603184255943
191.1,33.49532445269996,-99.33000736930165,436.87505164085655
191.20000000000002,33.495231062623866,-99.33009955999471,426.2798413733796
191.3,33.49527692555151,-99.3300185260848,426.23650000447765
191.4,33.495274086141784,-99.33001468710047,435.50497390439284
191.5,33.49529851626443,-99.33003297815763,430.01902759299594
191.6,33.49532075130847,-99.32998320213544,424.0986089400955
191.70000000000002,33.49525378118978,-99.33003459878258,432.8228936585872
191.8,33.49530636066095,-99.3300926942171,426.38615960803236
191.9,33.49527422753228,-99.33002772999839,423.50562984403035
192.0,33.49530394658218,-99.33003467265107,432.72245436574246
192.1,33.49527013813562,-99.33003560549139,423.3498155062151
192.20000000000002,33.495307522155244,-99.3300477286572,429.0920482608878
192.3,33.49530689230643,-99.33005664322717,420.9670213611318
192.4,33.495318432505655,-99.33005455493424,426.0318616967305
192.5,33.495287009079114,-99.33003108822818,425.7970018075958
192.6,33.49527947416748,-99.3300693581543,428.77765698008733
192.70000000000002,33.49533972515573,-99.3300329830369,424.073038481016
192.8,33.49533135224077,-99.33005433173753,425.2585806170328
192.9,33.49525994365693,-99.33005368398032,424.85190068322083
193.0,33.49525797739293,-99.3300634066119,426.1394051358256
193.1,33.49525765165829,-99.32998277293248,416.80139800690745
193.20000000000002,33.49526945261609,-99.32995940267587,419.5248322645915
193.3,33.49525582015877,-99.33000467059466,422.5094713804217
193.4,33.49530033541528,-99.33000219274552,423.42370298690895
193.5,33.49524744818666,-99.33000435252968,411.2655856414315
193.6,33.49526382410652,-99.33001172362742,426.0945051602345
193.70000000000002,33.49526764287185,-99.33001180719745,416.9112339902106
193.8,33.495234611823136,-99.32995705393537,420.40872388416597
193.9,33.49525475013074,-99.33001771761171,417.46493577293273
194.0,33.49527333023128,-99.3300115949942,416.8080043602985
194.1,33.495339914889264,-99.33001805118543,415.7874634396924
