Year,Month,Day,Time,Flight_Time_(s),Sync,Temperature_(F),Baro_Press_(atm),Baro_Altitude_ASL_(feet),Baro_Altitude_AGL_(feet),Batt_Volts,Apo_Volts,Main_Volts,3rd_Volts,4th_Volts,Velocity_Up,Velocity_DR,Velocity_CR,Inertial_Altitude,Inertial_DR_Position,Inertial_CR_position,Tilt_Angle_(deg),Future_Angle_(deg),Roll_Angle_(deg),Reserved_1,Reserved_2,Reserved_3,Rocket_FER_Hex,Apo_FER_H  ex,Main_FER_Hex,3rd_FER_Hex,4th_FER_Hex,Liftoff,Apogee,Press_Increasing,Burnout_Coast,Apo_fired,Main_fired,3rd_fired,4th_fired,Normal_Ascent,Accel_Vel_LE_0,ECI_Vvel_le_0,Tilt Exceeded 90deg,Reserved,LT_AGL1,GT_AGL2,LT_FANG1,GT_FANG2,GT_FUTANG,LT_TVAL1,GT_TVAL2,LT_VEL1,GT_VEL2,LT_BVEL1,GT_BURN,Armed,Reserved,Reserved,LT_AGL1,GT_AGL2,LT_FANG1,GT_FANG2,GT_FUTANG,LT_TVAL1,GT_TVAL2,LT_VEL1,GT_VEL2,LT_BVEL1,GT_BURN,Armed,Reserved,Reserved,LT_AGL1,GT_AGL2,LT_FANG1,GT_FANG2,GT_FUTANG,LT_TVAL1,GT_TVAL2,LT_VEL1,GT_VEL2,LT_BVEL1,GT_BURN,Armed,Reserved,Reserved,LT_AGL1,GT_AGL2,LT_FANG1,GT_FANG2,GT_FUTANG,LT_TVAL1,GT_TVAL2,LT_VEL1,GT_VEL2,LT_BVEL1,GT_BURN,Armed,Reserved,Reserved
2026,3,29,23:17:04.087,0.00,128,59.0,0.9756,681.4,-3314.7,4.068,1.66,2.38,0.01,0.01,-419.0,-48.0,1420.0,-15669.0,-2483,-12525,144.7,0.0,53.0,0,0,0,eff,cc9,cc9,cc9,cc9,1,1,1,1,1,1,1,1,0,1,1,1,0,1,0,0,1,0,0,1,1,0,0,1,1,0,0,1,0,0,1,0,0,1,1,0,0,1,1,0,0,1,0,0,1,0,0,1,1,0,0,1,1,0,0,1,0,0,1,0,0,1,1,0,0,1,1,0,0
2026,3,29,23:17:04.107,0.02,148,59.0,0.9756,681.4,-3314.7,4.067,1.66,2.38,0.01,0.01,-419.0,-48.0,1421.0,-15677.0,-2484,-12497,144.7,0.0,53.0,0,0,0,eff,cc9,cc9,cc9,cc9,1,1,1,1,1,1,1,1,0,1,1,1,0,1,0,0,1,0,0,1,1,0,0,1,1,0,0,1,0,0,1,0,0,1,1,0,0,1,1,0,0,1,0,0,1,0,0,1,1,0,0,1,1,0,0,1,0,0,1,0,0,1,1,0,0,1,1,0,0
2026,3,29,23:17:04.127,0.04,168,59.0,0.9756,681.4,-3314.7,4.067,1.66,2.38,0.01,0.01,-419.0,-48.0,1421.0,-15686.0,-2485,-12468,144.7,0.0,53.0,0,0,0,eff,cc9,cc9,cc9,cc9,1,1,1,1,1,1,1,1,0,1,1,1,0,1,0,0,1,0,0,1,1,0,0,1,1,0,0,1,0,0,1,0,0,1,1,0,0,1,1,0,0,1,0,0,1,0,0,1,1,0,0,1,1,0,0,1,0,0,1,0,0,1,1,0,0,1,1,0,0
2026,3,29,23:17:04.147,0.06,188,59.0,0.9756,681.4,-3314.7,4.067,1.66,2.38,0.01,0.01,-419.0,-48.0,1422.0,-15694.0,-2486,-12440,144.7,0.0,53.0,0,0,0,eff,cc9,cc9,cc9,cc9,1,1,1,1,1,1,1,1,0,1,1,1,0,1,0,0,1,0,0,1,1,0,0,1,1,0,0,1,0,0,1,0,0,1,1,0,0,1,1,0,0,1,0,0,1,0,0,1,1,0,0,1,1,0,0,1,0,0,1,0,0,1,1,0,0,1,1,0,0
2026,3,29,08:48:44.826,0.08,45,67.1,0.8433,4639.9,643.9,3.939,2.08,3.89,0.01,0.01,-657.0,1800.0,341.0,-24223.0,20600,836,36.4,0.0,10531.0,0,0,0,e1f,d4e,d4a,d4a,d4a,1,1,1,1,1,0,0,0,0,1,1,1,0,0,1,1,1,0,0,1,0,1,0,1,1,0,0,0,1,0,1,0,0,1,0,1,0,1,1,0,0,0,1,0,1,0,0,1,0,1,0,1,1,0,0,0,1,0,1,0,0,1,0,1,0,1,1,0,0
2026,3,29,08:48:44.846,0.10,65,67.1,0.8428,4655.8,659.8,3.939,2.08,3.89,0.01,0.01,-656.0,1800.0,341.0,-24236.0,20636,842,36.9,0.0,10534.0,0,0,0,e1f,d4e,d4a,d4a,d4a,1,1,1,1,1,0,0,0,0,1,1,1,0,0,1,1,1,0,0,1,0,1,0,1,1,0,0,0,1,0,1,0,0,1,0,1,0,1,1,0,0,0,1,0,1,0,0,1,0,1,0,1,1,0,0,0,1,0,1,0,0,1,0,1,0,1,1,0,0
2026,3,29,08:48:44.866,0.12,85,67.0,0.8428,4657.1,661.0,3.940,2.08,3.89,0.01,0.01,-656.0,1800.0,341.0,-24250.0,20672,849,37.2,0.0,10537.0,0,0,0,e1f,d4e,d4a,d4a,d4a,1,1,1,1,1,0,0,0,0,1,1,1,0,0,1,1,1,0,0,1,0,1,0,1,1,0,0,0,1,0,1,0,0,1,0,1,0,1,1,0,0,0,1,0,1,0,0,1,0,1,0,1,1,0,0,0,1,0,1,0,0,1,0,1,0,1,1,0,0
2026,3,29,08:48:44.886,0.14,105,67.0,0.8422,4674.9,678.8,3.939,2.08,3.89,0.01,0.01,-656.0,1800.0,341.0,-24263.0,20708,856,37.3,0.0,10540.0,0,0,0,e1f,d4e,d4a,d4a,d4a,1,1,1,1,1,0,0,0,0,1,1,1,0,0,1,1,1,0,0,1,0,1,0,1,1,0,0,0,1,0,1,0,0,1,0,1,0,1,1,0,0,0,1,0,1,0,0,1,0,1,0,1,1,0,0,0,1,0,1,0,0,1,0,1,0,1,1,0,0
2026,3,29,08:48:44.906,0.16,125,67.0,0.8422,4675.5,679.5,3.939,2.08,3.89,0.01,0.01,-656.0,1800.0,341.0,-24276.0,20744,863,37.2,0.0,10543.0,0,0,0,e1f,d4e,d4a,d4a,d4a,1,1,1,1,1,0,0,0,0,1,1,1,0,0,1,1,1,0,0,1,0,1,0,1,1,0,0,0,1,0,1,0,0,1,0,1,0,1,1,0,0,0,1,0,1,0,0,1,0,1,0,1,1,0,0,0,1,0,1,0,0,1,0,1,0,1,1,0,0
2026,3,29,08:48:44.926,0.18,145,67.0,0.8416,4693.3,697.3,3.939,2.08,3.89,0.01,0.01,-656.0,1800.0,340.0,-24289.0,20780,870,36.8,0.0,10546.0,0,0,0,e1f,d4e,d4a,d4a,d4a,1,1,1,1,1,0,0,0,0,1,1,1,0,0,1,1,1,0,0,1,0,1,0,1,1,0,0,0,1,0,1,0,0,1,0,1,0,1,1,0,0,0,1,0,1,0,0,1,0,1,0,1,1,0,0,0,1,0,1,0,0,1,0,1,0,1,1,0,0
2026,3,29,08:48:44.946,0.20,165,67.0,0.8416,4694.6,698.5,3.939,2.08,3.89,0.01,0.01,-655.0,1800.0,340.0,-24302.0,20816,876,36.3,0.0,10550.0,0,0,0,e1f,d4e,d4a,d4a,d4a,1,1,1,1,1,0,0,0,0,1,1,1,0,0,1,1,1,0,0,1,0,1,0,1,1,0,0,0,1,0,1,0,0,1,0,1,0,1,1,0,0,0,1,0,1,0,0,1,0,1,0,1,1,0,0,0,1,0,1,0,0,1,0,1,0,1,1,0,0
2026,3,29,08:48:44.966,0.22,185,67.0,0.8409,4717.5,721.5,3.939,2.08,3.89,0.01,0.01,-655.0,1800.0,340.0,-24315.0,20852,883,35.5,0.0,10553.0,0,0,0,e1f,d4e,d4a,d4a,d4a,1,1,1,1,1,0,0,0,0,1,1,1,0,0,1,1,1,0,0,1,0,1,0,1,1,0,0,0,1,0,1,0,0,1,0,1,0,1,1,0,0,0,1,0,1,0,0,1,0,1,0,1,1,0,0,0,1,0,1,0,0,1,0,1,0,1,1,0,0
2026,3,29,08:48:44.986,0.24,205,66.9,0.8408,4718.8,722.7,3.939,2.08,3.89,0.01,0.01,-655.0,1800.0,340.0,-24328.0,20888,890,34.7,0.0,10556.0,0,0,0,e1f,d4e,d4a,d4a,d4a,1,1,1,1,1,0,0,0,0,1,1,1,0,0,1,1,1,0,0,1,0,1,0,1,1,0,0,0,1,0,1,0,0,1,0,1,0,1,1,0,0,0,1,0,1,0,0,1,0,1,0,1,1,0,0,0,1,0,1,0,0,1,0,1,0,1,1,0,0
2026,3,29,08:48:45.006,0.26,225,66.9,0.8399,4748.1,752.0,3.938,2.08,3.89,0.01,0.01,-655.0,1801.0,340.0,-24341.0,20924,897,33.6,0.0,10559.0,0,0,0,e1f,d4e,d4a,d4a,d4a,1,1,1,1,1,0,0,0,0,1,1,1,0,0,1,1,1,0,0,1,0,1,0,1,1,0,0,0,1,0,1,0,0,1,0,1,0,1,1,0,0,0,1,0,1,0,0,1,0,1,0,1,1,0,0,0,1,0,1,0,0,1,0,1,0,1,1,0,0
2026,3,29,08:48:45.026,0.28,245,66.9,0.8399,4749.4,753.3,3.938,2.08,3.89,0.01,0.01,-655.0,1801.0,340.0,-24355.0,20960,904,32.5,0.0,10562.0,0,0,0,e1f,d4e,d4a,d4a,d4a,1,1,1,1,1,0,0,0,0,1,1,1,0,0,1,1,1,0,0,1,0,1,0,1,1,0,0,0,1,0,1,0,0,1,0,1,0,1,1,0,0,0,1,0,1,0,0,1,0,1,0,1,1,0,0,0,1,0,1,0,0,1,0,1,0,1,1,0,0
2026,3,29,08:48:45.046,0.30,15,66.9,0.8392,4770.4,774.4,3.939,2.08,3.89,0.01,0.01,-655.0,1801.0,340.0,-24368.0,20996,911,31.4,0.0,10565.0,0,0,0,e1f,d4e,d4a,d4a,d4a,1,1,1,1,1,0,0,0,0,1,1,1,0,0,1,1,1,0,0,1,0,1,0,1,1,0,0,0,1,0,1,0,0,1,0,1,0,1,1,0,0,0,1,0,1,0,0,1,0,1,0,1,1,0,0,0,1,0,1,0,0,1,0,1,0,1,1,0,0
2026,3,29,08:48:45.066,0.32,35,66.9,0.8392,4771.7,775.6,3.939,2.08,3.88,0.01,0.01,-655.0,1802.0,340.0,-24381.0,21032,917,30.3,0.0,10568.0,0,0,0,e1f,d4e,d4a,d4a,d4a,1,1,1,1,1,0,0,0,0,1,1,1,0,0,1,1,1,0,0,1,0,1,0,1,1,0,0,0,1,0,1,0,0,1,0,1,0,1,1,0,0,0,1,0,1,0,0,1,0,1,0,1,1,0,0,0,1,0,1,0,0,1,0,1,0,1,1,0,0
2026,3,29,08:48:45.086,0.34,55,66.9,0.8387,4787.6,791.6,3.939,2.08,3.88,0.01,0.01,-656.0,1802.0,341.0,-24394.0,21068,924,29.3,0.0,10571.0,0,0,0,e1f,d4e,d4a,d4a,d4a,1,1,1,1,1,0,0,0,0,1,1,1,0,0,1,1,1,0,0,1,0,1,0,1,1,0,0,0,1,0,1,0,0,1,0,1,0,1,1,0,0,0,1,0,1,0,0,1,0,1,0,1,1,0,0,0,1,0,1,0,0,1,0,1,0,1,1,0,0
2026,3,29,08:48:45.106,0.36,75,66.8,0.8387,4788.3,792.2,3.939,2.08,3.89,0.01,0.01,-656.0,1803.0,341.0,-24407.0,21104,931,28.5,0.0,10574.0,0,0,0,e1f,d4e,d4a,d4a,d4a,1,1,1,1,1,0,0,0,0,1,1,1,0,0,1,1,1,0,0,1,0,1,0,1,1,0,0,0,1,0,1,0,0,1,0,1,0,1,1,0,0,0,1,0,1,0,0,1,0,1,0,1,1,0,0,0,1,0,1,0,0,1,0,1,0,1,1,0,0
2026,3,29,08:48:45.126,0.38,95,66.8,0.8381,4806.8,810.7,3.939,2.09,3.89,0.01,0.01,-656.0,1803.0,342.0,-24420.0,21140,938,27.8,0.0,10577.0,0,0,0,e1f,d4e,d4a,d4a,d4a,1,1,1,1,1,0,0,0,0,1,1,1,0,0,1,1,1,0,0,1,0,1,0,1,1,0,0,0,1,0,1,0,0,1,0,1,0,1,1,0,0,0,1,0,1,0,0,1,0,1,0,1,1,0,0,0,1,0,1,0,0,1,0,1,0,1,1,0,0
2026,3,29,08:48:45.146,0.40,115,66.8,0.8381,4807.4,811.4,3.939,2.09,3.89,0.01,0.01,-657.0,1804.0,343.0,-24433.0,21176,945,27.3,0.0,10580.0,0,0,0,e1f,d4e,d4a,d4a,d4a,1,1,1,1,1,0,0,0,0,1,1,1,0,0,1,1,1,0,0,1,0,1,0,1,1,0,0,0,1,0,1,0,0,1,0,1,0,1,1,0,0,0,1,0,1,0,0,1,0,1,0,1,1,0,0,0,1,0,1,0,0,1,0,1,0,1,1,0,0
2026,3,29,08:48:45.166,0.42,135,66.8,0.8373,4830.4,834.4,3.940,2.09,3.89,0.01,0.01,-657.0,1804.0,343.0,-24446.0,21212,952,27.0,0.0,10583.0,0,0,0,e1f,d4e,d4a,d4a,d4a,1,1,1,1,1,0,0,0,0,1,1,1,0,0,1,1,1,0,0,1,0,1,0,1,1,0,0,0,1,0,1,0,0,1,0,1,0,1,1,0,0,0,1,0,1,0,0,1,0,1,0,1,1,0,0,0,1,0,1,0,0,1,0,1,0,1,1,0,0
2026,3,29,08:48:45.186,0.44,155,66.8,0.8373,4830.4,834.4,3.939,2.09,3.89,0.01,0.01,-657.0,1804.0,344.0,-24460.0,21248,958,26.9,0.0,10586.0,0,0,0,e1f,d4e,d4a,d4a,d4a,1,1,1,1,1,0,0,0,0,1,1,1,0,0,1,1,1,0,0,1,0,1,0,1,1,0,0,0,1,0,1,0,0,1,0,1,0,1,1,0,0,0,1,0,1,0,0,1,0,1,0,1,1,0,0,0,1,0,1,0,0,1,0,1,0,1,1,0,0
2026,3,29,08:48:45.206,0.46,175,66.8,0.8369,4845.1,849.1,3.939,2.09,3.89,0.01,0.01,-658.0,1805.0,344.0,-24473.0,21284,965,27.0,0.0,10589.0,0,0,0,e1f,d4e,d4a,d4a,d4a,1,1,1,1,1,0,0,0,0,1,1,1,0,0,1,1,1,0,0,1,0,1,0,1,1,0,0,0,1,0,1,0,0,1,0,1,0,1,1,0,0,0,1,0,1,0,0,1,0,1,0,1,1,0,0,0,1,0,1,0,0,1,0,1,0,1,1,0,0
2026,3,29,08:48:45.226,0.48,195,66.8,0.8368,4846.4,850.4,3.939,2.09,3.89,0.01,0.01,-658.0,1805.0,345.0,-24486.0,21320,972,27.2,0.0,10592.0,0,0,0,e1f,d4e,d4a,d4a,d4a,1,1,1,1,1,0,0,0,0,1,1,1,0,0,1,1,1,0,0,1,0,1,0,1,1,0,0,0,1,0,1,0,0,1,0,1,0,1,1,0,0,0,1,0,1,0,0,1,0,1,0,1,1,0,0,0,1,0,1,0,0,1,0,1,0,1,1,0,0
2026,3,29,08:48:45.246,0.50,215,66.8,0.8366,4852.8,856.7,3.939,2.09,3.89,0.01,0.01,-658.0,1805.0,345.0,-24499.0,21356,979,27.7,0.0,10595.0,0,0,0,e1f,d4e,d4a,d4a,d4a,1,1,1,1,1,0,0,0,0,1,1,1,0,0,1,1,1,0,0,1,0,1,0,1,1,0,0,0,1,0,1,0,0,1,0,1,0,1,1,0,0,0,1,0,1,0,0,1,0,1,0,1,1,0,0,0,1,0,1,0,0,1,0,1,0,1,1,0,0
2026,3,29,08:48:45.266,0.52,235,66.8,0.8366,4853.4,857.4,3.940,2.09,3.89,0.01,0.01,-659.0,1806.0,345.0,-24512.0,21393,986,28.3,0.0,10598.0,0,0,0,e1f,d4e,d4a,d4a,d4a,1,1,1,1,1,0,0,0,0,1,1,1,0,0,1,1,1,0,0,1,0,1,0,1,1,0,0,0,1,0,1,0,0,1,0,1,0,1,1,0,0,0,1,0,1,0,0,1,0,1,0,1,1,0,0,0,1,0,1,0,0,1,0,1,0,1,1,0,0
2026,3,29,08:48:45.286,0.54,5,66.8,0.8363,4863.0,867.0,3.940,2.09,3.89,0.01,0.01,-659.0,1806.0,346.0,-24525.0,21429,993,29.1,0.0,10602.0,0,0,0,e1f,d4e,d4a,d4a,d4a,1,1,1,1,1,0,0,0,0,1,1,1,0,0,1,1,1,0,0,1,0,1,0,1,1,0,0,0,1,0,1,0,0,1,0,1,0,1,1,0,0,0,1,0,1,0,0,1,0,1,0,1,1,0,0,0,1,0,1,0,0,1,0,1,0,1,1,0,0
2026,3,29,08:48:45.306,0.56,25,66.8,0.8363,4863.7,867.6,3.939,2.09,3.89,0.01,0.01,-659.0,1806.0,346.0,-24539.0,21465,1000,29.9,0.0,10605.0,0,0,0,e1f,d4e,d4a,d4a,d4a,1,1,1,1,1,0,0,0,0,1,1,1,0,0,1,1,1,0,0,1,0,1,0,1,1,0,0,0,1,0,1,0,0,1,0,1,0,1,1,0,0,0,1,0,1,0,0,1,0,1,0,1,1,0,0,0,1,0,1,0,0,1,0,1,0,1,1,0,0
2026,3,29,08:48:45.326,0.58,45,66.8,0.8364,4860.5,864.4,3.939,2.09,3.89,0.01,0.01,-659.0,1807.0,346.0,-24552.0,21501,1007,30.8,0.0,10608.0,0,0,0,e1f,d4e,d4a,d4a,d4a,1,1,1,1,1,0,0,0,0,1,1,1,0,0,1,1,1,0,0,1,0,1,0,1,1,0,0,0,1,0,1,0,0,1,0,1,0,1,1,0,0,0,1,0,1,0,0,1,0,1,0,1,1,0,0,0,1,0,1,0,0,1,0,1,0,1,1,0,0
2026,3,29,08:48:45.346,0.60,65,66.8,0.8364,4859.8,863.8,3.940,2.09,3.89,0.01,0.01,-659.0,1807.0,346.0,-24565.0,21537,1014,31.8,0.0,10611.0,0,0,0,e1f,d4e,d4a,d4a,d4a,1,1,1,1,1,0,0,0,0,1,1,1,0,0,1,1,1,0,0,1,0,1,0,1,1,0,0,0,1,0,1,0,0,1,0,1,0,1,1,0,0,0,1,0,1,0,0,1,0,1,0,1,1,0,0,0,1,0,1,0,0,1,0,1,0,1,1,0,0
2026,3,29,08:48:45.366,0.62,85,66.8,0.8365,4858.6,862.5,3.939,2.09,3.89,0.01,0.01,-659.0,1808.0,345.0,-24578.0,21573,1021,32.8,0.0,10614.0,0,0,0,e1f,d4e,d4a,d4a,d4a,1,1,1,1,1,0,0,0,0,1,1,1,0,0,1,1,1,0,0,1,0,1,0,1,1,0,0,0,1,0,1,0,0,1,0,1,0,1,1,0,0,0,1,0,1,0,0,1,0,1,0,1,1,0,0,0,1,0,1,0,0,1,0,1,0,1,1,0,0
2026,3,29,08:48:45.386,0.64,105,66.8,0.8365,4858.6,862.5,3.939,2.09,3.89,0.01,0.01,-659.0,1808.0,345.0,-24591.0,21610,1028,33.7,0.0,10617.0,0,0,0,e1f,d4e,d4a,d4a,d4a,1,1,1,1,1,0,0,0,0,1,1,1,0,0,1,1,1,0,0,1,0,1,0,1,1,0,0,0,1,0,1,0,0,1,0,1,0,1,1,0,0,0,1,0,1,0,0,1,0,1,0,1,1,0,0,0,1,0,1,0,0,1,0,1,0,1,1,0,0
2026,3,29,08:48:45.406,0.66,125,66.8,0.8366,4854.7,858.7,3.939,2.09,3.89,0.01,0.01,-659.0,1809.0,345.0,-24605.0,21646,1034,34.7,0.0,10620.0,0,0,0,e1f,d4e,d4a,d4a,d4a,1,1,1,1,1,0,0,0,0,1,1,1,0,0,1,1,1,0,0,1,0,1,0,1,1,0,0,0,1,0,1,0,0,1,0,1,0,1,1,0,0,0,1,0,1,0,0,1,0,1,0,1,1,0,0,0,1,0,1,0,0,1,0,1,0,1,1,0,0
2026,3,29,08:48:45.426,0.68,145,66.8,0.8366,4854.1,858.0,3.939,2.09,3.89,0.01,0.01,-659.0,1809.0,345.0,-24618.0,21682,1041,35.5,0.0,10622.0,0,0,0,e1f,d4e,d4a,d4a,d4a,1,1,1,1,1,0,0,0,0,1,1,1,0,0,1,1,1,0,0,1,0,1,0,1,1,0,0,0,1,0,1,0,0,1,0,1,0,1,1,0,0,0,1,0,1,0,0,1,0,1,0,1,1,0,0,0,1,0,1,0,0,1,0,1,0,1,1,0,0
2026,3,29,08:48:45.446,0.70,165,66.8,0.8371,4839.4,843.3,3.939,2.09,3.89,0.01,0.01,-659.0,1810.0,344.0,-24631.0,21718,1048,36.3,0.0,10625.0,0,0,0,e1f,d4e,d4a,d4a,d4a,1,1,1,1,1,0,0,0,0,1,1,1,0,0,1,1,1,0,0,1,0,1,0,1,1,0,0,0,1,0,1,0,0,1,0,1,0,1,1,0,0,0,1,0,1,0,0,1,0,1,0,1,1,0,0,0,1,0,1,0,0,1,0,1,0,1,1,0,0
2026,3,29,08:48:45.466,0.72,185,66.8,0.8371,4838.7,842.7,3.940,2.09,3.89,0.01,0.01,-658.0,1810.0,344.0,-24644.0,21754,1055,37.0,0.0,10627.0,0,0,0,e1f,d4e,d4a,d4a,d4a,1,1,1,1,1,0,0,0,0,1,1,1,0,0,1,1,1,0,0,1,0,1,0,1,1,0,0,0,1,0,1,0,0,1,0,1,0,1,1,0,0,0,1,0,1,0,0,1,0,1,0,1,1,0,0,0,1,0,1,0,0,1,0,1,0,1,1,0,0
2026,3,29,08:48:45.486,0.74,205,66.8,0.8371,4838.7,842.7,3.939,2.09,3.89,0.01,0.01,-658.0,1811.0,343.0,-24657.0,21790,1062,37.6,0.0,10629.0,0,0,0,e1f,d4e,d4a,d4a,d4a,1,1,1,1,1,0,0,0,0,1,1,1,0,0,1,1,1,0,0,1,0,1,0,1,1,0,0,0,1,0,1,0,0,1,0,1,0,1,1,0,0,0,1,0,1,0,0,1,0,1,0,1,1,0,0,0,1,0,1,0,0,1,0,1,0,1,1,0,0
2026,3,29,08:48:45.506,0.76,225,66.8,0.8371,4838.1,842.0,3.940,2.09,3.89,0.01,0.01,-658.0,1811.0,343.0,-24670.0,21827,1069,38.0,0.0,10631.0,0,0,0,e1f,d4e,d4a,d4a,d4a,1,1,1,1,1,0,0,0,0,1,1,1,0,0,1,1,1,0,0,1,0,1,0,1,1,0,0,0,1,0,1,0,0,1,0,1,0,1,1,0,0,0,1,0,1,0,0,1,0,1,0,1,1,0,0,0,1,0,1,0,0,1,0,1,0,1,1,0,0
2026,3,29,08:48:45.526,0.78,245,66.8,0.8376,4823.4,827.3,3.939,2.09,3.89,0.01,0.01,-658.0,1812.0,343.0,-24684.0,21863,1076,38.4,0.0,10633.0,0,0,0,e1f,d4e,d4a,d4a,d4a,1,1,1,1,1,0,0,0,0,1,1,1,0,0,1,1,1,0,0,1,0,1,0,1,1,0,0,0,1,0,1,0,0,1,0,1,0,1,1,0,0,0,1,0,1,0,0,1,0,1,0,1,1,0,0,0,1,0,1,0,0,1,0,1,0,1,1,0,0
2026,3,29,08:48:45.546,0.80,15,66.9,0.8376,4822.1,826.1,3.940,2.09,3.89,0.01,0.01,-658.0,1812.0,343.0,-24697.0,21899,1083,38.6,0.0,10635.0,0,0,0,e1f,d4e,d4a,d4a,d4a,1,1,1,1,1,0,0,0,0,1,1,1,0,0,1,1,1,0,0,1,0,1,0,1,1,0,0,0,1,0,1,0,0,1,0,1,0,1,1,0,0,0,1,0,1,0,0,1,0,1,0,1,1,0,0,0,1,0,1,0,0,1,0,1,0,1,1,0,0
2026,3,29,08:48:45.566,0.82,35,66.9,0.8381,4806.2,810.1,3.939,2.09,3.89,0.01,0.01,-657.0,1813.0,342.0,-24710.0,21935,1090,38.8,0.0,10637.0,0,0,0,e1f,d4e,d4a,d4a,d4a,1,1,1,1,1,0,0,0,0,1,1,1,0,0,1,1,1,0,0,1,0,1,0,1,1,0,0,0,1,0,1,0,0,1,0,1,0,1,1,0,0,0,1,0,1,0,0,1,0,1,0,1,1,0,0,0,1,0,1,0,0,1,0,1,0,1,1,0,0
2026,3,29,08:48:45.586,0.84,55,66.9,0.8381,4804.9,808.8,3.939,2.09,3.89,0.01,0.01,-657.0,1814.0,342.0,-24723.0,21972,1096,38.8,0.0,10639.0,0,0,0,e1f,d4e,d4a,d4a,d4a,1,1,1,1,1,0,0,0,0,1,1,1,0,0,1,1,1,0,0,1,0,1,0,1,1,0,0,0,1,0,1,0,0,1,0,1,0,1,1,0,0,0,1,0,1,0,0,1,0,1,0,1,1,0,0,0,1,0,1,0,0,1,0,1,0,1,1,0,0
2026,3,29,08:48:45.606,0.86,75,66.9,0.8387,4787.0,791.0,3.940,2.09,3.89,0.01,0.01,-657.0,1815.0,342.0,-24736.0,22008,1103,38.6,0.0,10641.0,0,0,0,e1f,d4e,d4a,d4a,d4a,1,1,1,1,1,0,0,0,0,1,1,1,0,0,1,1,1,0,0,1,0,1,0,1,1,0,0,0,1,0,1,0,0,1,0,1,0,1,1,0,0,0,1,0,1,0,0,1,0,1,0,1,1,0,0,0,1,0,1,0,0,1,0,1,0,1,1,0,0
2026,3,29,08:48:45.626,0.88,95,66.9,0.8387,4785.7,789.7,3.939,2.09,3.89,0.01,0.01,-657.0,1816.0,342.0,-24749.0,22044,1110,38.4,0.0,10644.0,0,0,0,e1f,d4e,d4a,d4a,d4a,1,1,1,1,1,0,0,0,0,1,1,1,0,0,1,1,1,0,0,1,0,1,0,1,1,0,0,0,1,0,1,0,0,1,0,1,0,1,1,0,0,0,1,0,1,0,0,1,0,1,0,1,1,0,0,0,1,0,1,0,0,1,0,1,0,1,1,0,0
2026,3,29,08:48:45.646,0.90,115,66.9,0.8398,4753.2,757.1,3.939,2.09,3.89,0.01,0.01,-656.0,1816.0,342.0,-24763.0,22081,1117,37.9,0.0,10646.0,0,0,0,e1f,d4e,d4a,d4a,d4a,1,1,1,1,1,0,0,0,0,1,1,1,0,0,1,1,1,0,0,1,0,1,0,1,1,0,0,0,1,0,1,0,0,1,0,1,0,1,1,0,0,0,1,0,1,0,0,1,0,1,0,1,1,0,0,0,1,0,1,0,0,1,0,1,0,1,1,0,0
2026,3,29,08:48:45.666,0.92,135,67.0,0.8398,4752.6,756.5,3.939,2.09,3.89,0.01,0.01,-656.0,1817.0,342.0,-24776.0,22117,1124,37.4,0.0,10648.0,0,0,0,e1f,d4e,d4a,d4a,d4a,1,1,1,1,1,0,0,0,0,1,1,1,0,0,1,1,1,0,0,1,0,1,0,1,1,0,0,0,1,0,1,0,0,1,0,1,0,1,1,0,0,0,1,0,1,0,0,1,0,1,0,1,1,0,0,0,1,0,1,0,0,1,0,1,0,1,1,0,0
2026,3,29,08:48:45.686,0.94,155,67.0,0.8405,4730.9,734.8,3.940,2.10,3.89,0.01,0.01,-656.0,1818.0,342.0,-24789.0,22153,1131,36.7,0.0,10650.0,0,0,0,e1f,d4e,d4a,d4a,d4a,1,1,1,1,1,0,0,0,0,1,1,1,0,0,1,1,1,0,0,1,0,1,0,1,1,0,0,0,1,0,1,0,0,1,0,1,0,1,1,0,0,0,1,0,1,0,0,1,0,1,0,1,1,0,0,0,1,0,1,0,0,1,0,1,0,1,1,0,0
2026,3,29,08:48:45.706,0.96,175,67.0,0.8405,4730.3,734.2,3.939,2.10,3.89,0.01,0.01,-656.0,1819.0,342.0,-24802.0,22190,1138,35.9,0.0,10651.0,0,0,0,e1f,d4e,d4a,d4a,d4a,1,1,1,1,1,0,0,0,0,1,1,1,0,0,1,1,1,0,0,1,0,1,0,1,1,0,0,0,1,0,1,0,0,1,0,1,0,1,1,0,0,0,1,0,1,0,0,1,0,1,0,1,1,0,0,0,1,0,1,0,0,1,0,1,0,1,1,0,0
2026,3,29,08:48:45.726,0.98,195,67.0,0.8410,4712.4,716.4,3.940,2.10,3.89,0.01,0.01,-656.0,1820.0,343.0,-24815.0,22226,1144,35.1,0.0,10653.0,0,0,0,e1f,d4e,d4a,d4a,d4a,1,1,1,1,1,0,0,0,0,1,1,1,0,0,1,1,1,0,0,1,0,1,0,1,1,0,0,0,1,0,1,0,0,1,0,1,0,1,1,0,0,0,1,0,1,0,0,1,0,1,0,1,1,0,0,0,1,0,1,0,0,1,0,1,0,1,1,0,0
2026,3,29,08:48:45.746,1.00,215,67.0,0.8411,4711.8,715.7,3.940,2.10,3.89,0.01,0.01,-656.0,1821.0,343.0,-24828.0,22263,1151,34.2,0.0,10654.0,0,0,0,e1f,d4e,d4a,d4a,d4a,1,1,1,1,1,0,0,0,0,1,1,1,0,0,1,1,1,0,0,1,0,1,0,1,1,0,0,0,1,0,1,0,0,1,0,1,0,1,1,0,0,0,1,0,1,0,0,1,0,1,0,1,1,0,0,0,1,0,1,0,0,1,0,1,0,1,1,0,0
2026,3,29,08:48:45.766,1.02,235,67.0,0.8413,4704.2,708.1,3.939,2.10,3.89,0.01,0.01,-656.0,1822.0,344.0,-24841.0,22299,1158,33.2,0.0,10655.0,0,0,0,e1f,d4e,d4a,d4a,d4a,1,1,1,1,1,0,0,0,0,1,1,1,0,0,1,1,1,0,0,1,0,1,0,1,1,0,0,0,1,0,1,0,0,1,0,1,0,1,1,0,0,0,1,0,1,0,0,1,0,1,0,1,1,0,0,0,1,0,1,0,0,1,0,1,0,1,1,0,0
2026,3,29,08:48:45.786,1.04,5,67.0,0.8413,4702.9,706.8,3.940,2.10,3.89,0.01,0.01,-656.0,1823.0,344.0,-24854.0,22335,1165,32.3,0.0,10656.0,0,0,0,e1f,d4e,d4a,d4a,d4a,1,1,1,1,1,0,0,0,0,1,1,1,0,0,1,1,1,0,0,1,0,1,0,1,1,0,0,0,1,0,1,0,0,1,0,1,0,1,1,0,0,0,1,0,1,0,0,1,0,1,0,1,1,0,0,0,1,0,1,0,0,1,0,1,0,1,1,0,0
2026,3,29,08:48:45.806,1.06,25,67.0,0.8416,4693.3,697.3,3.939,2.10,3.89,0.01,0.01,-656.0,1824.0,345.0,-24868.0,22372,1172,31.3,0.0,10656.0,0,0,0,e1f,d4e,d4a,d4a,d4a,1,1,1,1,1,0,0,0,0,1,1,1,0,0,1,1,1,0,0,1,0,1,0,1,1,0,0,0,1,0,1,0,0,1,0,1,0,1,1,0,0,0,1,0,1,0,0,1,0,1,0,1,1,0,0,0,1,0,1,0,0,1,0,1,0,1,1,0,0
2026,3,29,08:48:45.826,1.08,45,67.0,0.8416,4693.3,697.3,3.938,2.10,3.89,0.01,0.01,-656.0,1824.0,346.0,-24881.0,22408,1179,30.3,0.0,10657.0,0,0,0,e1f,d4e,d4a,d4a,d4a,1,1,1,1,1,0,0,0,0,1,1,1,0,0,1,1,1,0,0,1,0,1,0,1,1,0,0,0,1,0,1,0,0,1,0,1,0,1,1,0,0,0,1,0,1,0,0,1,0,1,0,1,1,0,0,0,1,0,1,0,0,1,0,1,0,1,1,0,0
2026,3,29,08:48:45.846,1.10,65,67.0,0.8418,4688.2,692.2,3.939,2.10,3.89,0.01,0.01,-656.0,1825.0,347.0,-24894.0,22445,1186,29.3,0.0,10658.0,0,0,0,e1f,d4e,d4a,d4a,d4a,1,1,1,1,1,0,0,0,0,1,1,1,0,0,1,1,1,0,0,1,0,1,0,1,1,0,0,0,1,0,1,0,0,1,0,1,0,1,1,0,0,0,1,0,1,0,0,1,0,1,0,1,1,0,0,0,1,0,1,0,0,1,0,1,0,1,1,0,0
2026,3,29,08:48:45.866,1.12,85,67.0,0.8418,4688.9,692.8,3.939,2.10,3.89,0.01,0.01,-657.0,1826.0,348.0,-24907.0,22481,1193,28.3,0.0,10658.0,0,0,0,e1f,d4e,d4a,d4a,d4a,1,1,1,1,1,0,0,0,0,1,1,1,0,0,1,1,1,0,0,1,0,1,0,1,1,0,0,0,1,0,1,0,0,1,0,1,0,1,1,0,0,0,1,0,1,0,0,1,0,1,0,1,1,0,0,0,1,0,1,0,0,1,0,1,0,1,1,0,0
2026,3,29,08:48:45.886,1.14,105,67.0,0.8419,4683.8,687.7,3.939,2.10,3.89,0.01,0.01,-657.0,1827.0,348.0,-24920.0,22518,1200,27.4,0.0,10658.0,0,0,0,e1f,d4e,d4a,d4a,d4a,1,1,1,1,1,0,0,0,0,1,1,1,0,0,1,1,1,0,0,1,0,1,0,1,1,0,0,0,1,0,1,0,0,1,0,1,0,1,1,0,0,0,1,0,1,0,0,1,0,1,0,1,1,0,0,0,1,0,1,0,0,1,0,1,0,1,1,0,0
2026,3,29,08:48:45.906,1.16,125,67.0,0.8419,4683.8,687.7,3.939,2.10,3.89,0.01,0.01,-657.0,1828.0,349.0,-24933.0,22555,1207,26.5,0.0,10659.0,0,0,0,e1f,d4e,d4a,d4a,d4a,1,1,1,1,1,0,0,0,0,1,1,1,0,0,1,1,1,0,0,1,0,1,0,1,1,0,0,0,1,0,1,0,0,1,0,1,0,1,1,0,0,0,1,0,1,0,0,1,0,1,0,1,1,0,0,0,1,0,1,0,0,1,0,1,0,1,1,0,0
2026,3,29,08:48:45.926,1.18,145,67.0,0.8421,4677.4,681.4,3.940,2.10,3.89,0.01,0.01,-657.0,1828.0,350.0,-24946.0,22591,1214,25.6,0.0,10659.0,0,0,0,e1f,d4e,d4a,d4a,d4a,1,1,1,1,1,0,0,0,0,1,1,1,0,0,1,1,1,0,0,1,0,1,0,1,1,0,0,0,1,0,1,0,0,1,0,1,0,1,1,0,0,0,1,0,1,0,0,1,0,1,0,1,1,0,0,0,1,0,1,0,0,1,0,1,0,1,1,0,0
2026,3,29,08:48:45.946,1.20,165,67.0,0.8421,4678.1,682.0,3.940,2.10,3.89,0.01,0.01,-658.0,1829.0,351.0,-24960.0,22628,1221,24.9,0.0,10659.0,0,0,0,e1f,d4e,d4a,d4a,d4a,1,1,1,1,1,0,0,0,0,1,1,1,0,0,1,1,1,0,0,1,0,1,0,1,1,0,0,0,1,0,1,0,0,1,0,1,0,1,1,0,0,0,1,0,1,0,0,1,0,1,0,1,1,0,0,0,1,0,1,0,0,1,0,1,0,1,1,0,0
2026,3,29,08:48:45.966,1.22,185,67.0,0.8421,4678.1,682.0,3.938,2.10,3.89,0.01,0.01,-658.0,1829.0,351.0,-24973.0,22664,1228,24.2,0.0,10659.0,0,0,0,e1f,d4e,d4a,d4a,d4a,1,1,1,1,1,0,0,0,0,1,1,1,0,0,1,1,1,0,0,1,0,1,0,1,1,0,0,0,1,0,1,0,0,1,0,1,0,1,1,0,0,0,1,0,1,0,0,1,0,1,0,1,1,0,0,0,1,0,1,0,0,1,0,1,0,1,1,0,0
2026,3,29,08:48:45.986,1.24,205,67.0,0.8421,4678.7,682.6,3.939,2.10,3.89,0.01,0.01,-658.0,1830.0,352.0,-24986.0,22701,1235,23.7,0.0,10659.0,0,0,0,e1f,d4e,d4a,d4a,d4a,1,1,1,1,1,0,0,0,0,1,1,1,0,0,1,1,1,0,0,1,0,1,0,1,1,0,0,0,1,0,1,0,0,1,0,1,0,1,1,0,0,0,1,0,1,0,0,1,0,1,0,1,1,0,0,0,1,0,1,0,0,1,0,1,0,1,1,0,0
2026,3,29,08:48:46.006,1.26,225,67.0,0.8422,4675.5,679.5,3.940,2.10,3.89,0.01,0.01,-659.0,1831.0,352.0,-24999.0,22738,1242,23.3,0.0,10659.0,0,0,0,e1f,d4e,d4a,d4a,d4a,1,1,1,1,1,0,0,0,0,1,1,1,0,0,1,1,1,0,0,1,0,1,0,1,1,0,0,0,1,0,1,0,0,1,0,1,0,1,1,0,0,0,1,0,1,0,0,1,0,1,0,1,1,0,0,0,1,0,1,0,0,1,0,1,0,1,1,0,0
2026,3,29,08:48:46.026,1.28,245,67.0,0.8422,4675.5,679.5,3.939,2.10,3.89,0.01,0.01,-659.0,1831.0,353.0,-25012.0,22774,1249,23.0,0.0,10660.0,0,0,0,e1f,d4e,d4a,d4a,d4a,1,1,1,1,1,0,0,0,0,1,1,1,0,0,1,1,1,0,0,1,0,1,0,1,1,0,0,0,1,0,1,0,0,1,0,1,0,1,1,0,0,0,1,0,1,0,0,1,0,1,0,1,1,0,0,0,1,0,1,0,0,1,0,1,0,1,1,0,0
2026,3,29,08:48:46.046,1.30,15,67.0,0.8421,4678.7,682.6,3.939,2.10,3.89,0.01,0.01,-659.0,1832.0,353.0,-25025.0,22811,1256,22.8,0.0,10660.0,0,0,0,e1f,d4e,d4a,d4a,d4a,1,1,1,1,1,0,0,0,0,1,1,1,0,0,1,1,1,0,0,1,0,1,0,1,1,0,0,0,1,0,1,0,0,1,0,1,0,1,1,0,0,0,1,0,1,0,0,1,0,1,0,1,1,0,0,0,1,0,1,0,0,1,0,1,0,1,1,0,0
2026,3,29,08:48:46.066,1.32,35,66.9,0.8421,4679.3,683.3,3.940,2.10,3.89,0.01,0.01,-660.0,1833.0,353.0,-25039.0,22847,1263,22.8,0.0,10660.0,0,0,0,e1f,d4e,d4a,d4a,d4a,1,1,1,1,1,0,0,0,0,1,1,1,0,0,1,1,1,0,0,1,0,1,0,1,1,0,0,0,1,0,1,0,0,1,0,1,0,1,1,0,0,0,1,0,1,0,0,1,0,1,0,1,1,0,0,0,1,0,1,0,0,1,0,1,0,1,1,0,0
2026,3,29,08:48:46.086,1.34,55,66.9,0.8418,4688.9,692.8,3.939,2.10,3.89,0.01,0.01,-660.0,1833.0,353.0,-25052.0,22884,1270,22.9,0.0,10661.0,0,0,0,e1f,d4e,d4a,d4a,d4a,1,1,1,1,1,0,0,0,0,1,1,1,0,0,1,1,1,0,0,1,0,1,0,1,1,0,0,0,1,0,1,0,0,1,0,1,0,1,1,0,0,0,1,0,1,0,0,1,0,1,0,1,1,0,0,0,1,0,1,0,0,1,0,1,0,1,1,0,0
2026,3,29,08:48:46.106,1.36,75,66.9,0.8417,4690.2,694.1,3.939,2.10,3.89,0.01,0.01,-660.0,1834.0,354.0,-25065.0,22921,1277,23.1,0.0,10661.0,0,0,0,e1f,d4e,d4a,d4a,d4a,1,1,1,1,1,0,0,0,0,1,1,1,0,0,1,1,1,0,0,1,0,1,0,1,1,0,0,0,1,0,1,0,0,1,0,1,0,1,1,0,0,0,1,0,1,0,0,1,0,1,0,1,1,0,0,0,1,0,1,0,0,1,0,1,0,1,1,0,0
2026,3,29,08:48:46.126,1.38,95,66.9,0.8418,4687.0,690.9,3.940,2.10,3.89,0.01,0.01,-661.0,1835.0,354.0,-25078.0,22958,1284,23.4,0.0,10662.0,0,0,0,e1f,d4e,d4a,d4a,d4a,1,1,1,1,1,0,0,0,0,1,1,1,0,0,1,1,1,0,0,1,0,1,0,1,1,0,0,0,1,0,1,0,0,1,0,1,0,1,1,0,0,0,1,0,1,0,0,1,0,1,0,1,1,0,0,0,1,0,1,0,0,1,0,1,0,1,1,0,0
2026,3,29,08:48:46.146,1.40,115,66.9,0.8418,4687.6,691.5,3.940,2.10,3.89,0.01,0.01,-661.0,1835.0,354.0,-25092.0,22994,1291,23.9,0.0,10663.0,0,0,0,e1f,d4e,d4a,d4a,d4a,1,1,1,1,1,0,0,0,0,1,1,1,0,0,1,1,1,0,0,1,0,1,0,1,1,0,0,0,1,0,1,0,0,1,0,1,0,1,1,0,0,0,1,0,1,0,0,1,0,1,0,1,1,0,0,0,1,0,1,0,0,1,0,1,0,1,1,0,0
2026,3,29,08:48:46.166,1.42,135,66.9,0.8418,4688.9,692.8,3.939,2.10,3.89,0.01,0.01,-661.0,1836.0,354.0,-25105.0,23031,1298,24.4,0.0,10664.0,0,0,0,e1f,d4e,d4a,d4a,d4a,1,1,1,1,1,0,0,0,0,1,1,1,0,0,1,1,1,0,0,1,0,1,0,1,1,0,0,0,1,0,1,0,0,1,0,1,0,1,1,0,0,0,1,0,1,0,0,1,0,1,0,1,1,0,0,0,1,0,1,0,0,1,0,1,0,1,1,0,0
2026,3,29,08:48:46.186,1.44,155,66.9,0.8418,4688.9,692.8,3.939,2.10,3.89,0.01,0.01,-662.0,1837.0,354.0,-25118.0,23068,1306,25.1,0.0,10666.0,0,0,0,e1f,d4e,d4a,d4a,d4a,1,1,1,1,1,0,0,0,0,1,1,1,0,0,1,1,1,0,0,1,0,1,0,1,1,0,0,0,1,0,1,0,0,1,0,1,0,1,1,0,0,0,1,0,1,0,0,1,0,1,0,1,1,0,0,0,1,0,1,0,0,1,0,1,0,1,1,0,0
2026,3,29,08:48:46.206,1.46,175,66.9,0.8419,4685.7,689.6,3.939,2.10,3.89,0.01,0.01,-662.0,1838.0,354.0,-25131.0,23104,1313,25.9,0.0,10667.0,0,0,0,e1f,d4e,d4a,d4a,d4a,1,1,1,1,1,0,0,0,0,1,1,1,0,0,1,1,1,0,0,1,0,1,0,1,1,0,0,0,1,0,1,0,0,1,0,1,0,1,1,0,0,0,1,0,1,0,0,1,0,1,0,1,1,0,0,0,1,0,1,0,0,1,0,1,0,1,1,0,0
2026,3,29,08:48:46.226,1.48,195,66.9,0.8419,4685.7,689.6,3.940,2.10,3.89,0.01,0.01,-662.0,1839.0,354.0,-25145.0,23141,1320,26.8,0.0,10669.0,0,0,0,e1f,d4e,d4a,d4a,d4a,1,1,1,1,1,0,0,0,0,1,1,1,0,0,1,1,1,0,0,1,0,1,0,1,1,0,0,0,1,0,1,0,0,1,0,1,0,1,1,0,0,0,1,0,1,0,0,1,0,1,0,1,1,0,0,0,1,0,1,0,0,1,0,1,0,1,1,0,0
2026,3,29,08:48:46.246,1.50,215,66.9,0.8421,4678.1,682.0,3.939,2.11,3.89,0.01,0.01,-662.0,1840.0,354.0,-25158.0,23178,1327,27.9,0.0,10671.0,0,0,0,e1f,d4e,d4a,d4a,d4a,1,1,1,1,1,0,0,0,0,1,1,1,0,0,1,1,1,0,0,1,0,1,0,1,1,0,0,0,1,0,1,0,0,1,0,1,0,1,1,0,0,0,1,0,1,0,0,1,0,1,0,1,1,0,0,0,1,0,1,0,0,1,0,1,0,1,1,0,0
2026,3,29,08:48:46.266,1.52,235,66.9,0.8421,4678.1,682.0,3.940,2.11,3.89,0.01,0.01,-663.0,1841.0,354.0,-25171.0,23215,1334,29.3,0.0,10673.0,0,0,0,e1f,d4e,d4a,d4a,d4a,1,1,1,1,1,0,0,0,0,1,1,1,0,0,1,1,1,0,0,1,0,1,0,1,1,0,0,0,1,0,1,0,0,1,0,1,0,1,1,0,0,0,1,0,1,0,0,1,0,1,0,1,1,0,0,0,1,0,1,0,0,1,0,1,0,1,1,0,0
2026,3,29,08:48:46.286,1.54,5,66.9,0.8425,4666.6,670.6,3.940,2.11,3.89,0.01,0.01,-663.0,1841.0,353.0,-25184.0,23252,1341,30.8,0.0,10676.0,0,0,0,e1f,d4e,d4a,d4a,d4a,1,1,1,1,1,0,0,0,0,1,1,1,0,0,1,1,1,0,0,1,0,1,0,1,1,0,0,0,1,0,1,0,0,1,0,1,0,1,1,0,0,0,1,0,1,0,0,1,0,1,0,1,1,0,0,0,1,0,1,0,0,1,0,1,0,1,1,0,0
2026,3,29,08:48:46.306,1.56,25,66.9,0.8425,4666.6,670.6,3.939,2.11,3.89,0.01,0.01,-664.0,1842.0,353.0,-25198.0,23288,1348,32.6,0.0,10678.0,0,0,0,e1f,d4e,d4a,d4a,d4a,1,1,1,1,1,0,0,0,0,1,1,1,0,0,1,1,1,0,0,1,0,1,0,1,1,0,0,0,1,0,1,0,0,1,0,1,0,1,1,0,0,0,1,0,1,0,0,1,0,1,0,1,1,0,0,0,1,0,1,0,0,1,0,1,0,1,1,0,0
2026,3,29,08:48:46.326,1.58,45,66.9,0.8431,4648.2,652.1,3.939,2.11,3.89,0.01,0.01,-664.0,1842.0,353.0,-25211.0,23325,1355,34.6,0.0,10681.0,0,0,0,e1f,d4e,d4a,d4a,d4a,1,1,1,1,1,0,0,0,0,1,1,1,0,0,1,1,1,0,0,1,0,1,0,1,1,0,0,0,1,0,1,0,0,1,0,1,0,1,1,0,0,0,1,0,1,0,0,1,0,1,0,1,1,0,0,0,1,0,1,0,0,1,0,1,0,1,1,0,0
2026,3,29,08:48:46.346,1.60,65,66.9,0.8431,4648.2,652.1,3.940,2.11,3.89,0.01,0.01,-664.0,1843.0,353.0,-25224.0,23362,1362,36.7,0.0,10684.0,0,0,0,e1f,d4e,d4a,d4a,d4a,1,1,1,1,1,0,0,0,0,1,1,1,0,0,1,1,1,0,0,1,0,1,0,1,1,0,0,0,1,0,1,0,0,1,0,1,0,1,1,0,0,0,1,0,1,0,0,1,0,1,0,1,1,0,0,0,1,0,1,0,0,1,0,1,0,1,1,0,0
2026,3,29,08:48:46.366,1.62,85,66.9,0.8437,4628.5,632.4,3.940,2.11,3.89,0.01,0.01,-664.0,1843.0,352.0,-25237.0,23399,1369,38.8,0.0,10687.0,0,0,0,e1f,d4e,d4a,d4a,d4a,1,1,1,1,1,0,0,0,0,1,1,1,0,0,1,1,1,0,0,1,0,1,0,1,1,0,0,0,1,0,1,0,0,1,0,1,0,1,1,0,0,0,1,0,1,0,0,1,0,1,0,1,1,0,0,0,1,0,1,0,0,1,0,1,0,1,1,0,0
2026,3,29,08:48:46.386,1.64,105,66.9,0.8437,4627.9,631.8,3.940,2.11,3.89,0.01,0.01,-664.0,1843.0,352.0,-25251.0,23436,1376,41.0,0.0,10690.0,0,0,0,e1f,d4e,d4a,d4a,d4a,1,1,1,1,1,0,0,0,0,1,1,1,0,0,1,1,1,0,0,1,0,1,0,1,1,0,0,0,1,0,1,0,0,1,0,1,0,1,1,0,0,0,1,0,1,0,0,1,0,1,0,1,1,0,0,0,1,0,1,0,0,1,0,1,0,1,1,0,0
2026,3,29,08:48:46.406,1.66,125,66.9,0.8445,4603.1,607.0,3.940,2.11,3.89,0.01,0.01,-664.0,1843.0,352.0,-25264.0,23473,1383,43.0,0.0,10693.0,0,0,0,e1f,d4e,d4a,d4a,d4a,1,1,1,1,1,0,0,0,0,1,1,1,0,0,1,1,1,0,0,1,0,1,0,1,1,0,0,0,1,0,1,0,0,1,0,1,0,1,1,0,0,0,1,0,1,0,0,1,0,1,0,1,1,0,0,0,1,0,1,0,0,1,0,1,0,1,1,0,0
2026,3,29,08:48:46.426,1.68,145,67.0,0.8445,4602.5,606.4,3.939,2.11,3.89,0.01,0.01,-665.0,1842.0,352.0,-25277.0,23510,1390,45.1,0.0,10697.0,0,0,0,e1f,d4e,d4a,d4a,d4a,1,1,1,1,1,0,0,0,0,1,1,1,0,0,1,1,1,0,0,1,0,1,0,1,1,0,0,0,1,0,1,0,0,1,0,1,0,1,1,0,0,0,1,0,1,0,0,1,0,1,0,1,1,0,0,0,1,0,1,0,0,1,0,1,0,1,1,0,0
2026,3,29,08:48:46.446,1.70,165,67.0,0.8453,4577.7,581.7,3.939,2.11,3.89,0.01,0.01,-665.0,1842.0,352.0,-25291.0,23547,1397,47.1,0.0,10700.0,0,0,0,e1f,d4e,d4a,d4a,d4a,1,1,1,1,1,0,0,0,0,1,1,1,0,0,1,1,1,0,0,1,0,1,0,1,1,0,0,0,1,0,1,0,0,1,0,1,0,1,1,0,0,0,1,0,1,0,0,1,0,1,0,1,1,0,0,0,1,0,1,0,0,1,0,1,0,1,1,0,0
2026,3,29,08:48:46.466,1.72,185,67.0,0.8453,4576.5,580.4,3.939,2.11,3.89,0.01,0.01,-665.0,1842.0,352.0,-25304.0,23583,1404,49.0,0.0,10703.0,0,0,0,e1f,d4e,d4a,d4a,d4a,1,1,1,1,1,0,0,0,0,1,1,1,0,0,1,1,1,0,0,1,0,1,0,1,1,0,0,0,1,0,1,0,0,1,0,1,0,1,1,0,0,0,1,0,1,0,0,1,0,1,0,1,1,0,0,0,1,0,1,0,0,1,0,1,0,1,1,0,0
2026,3,29,08:48:46.486,1.74,205,67.0,0.8463,4546.0,550.0,3.939,2.11,3.89,0.01,0.01,-665.0,1842.0,351.0,-25317.0,23620,1412,50.9,0.0,10707.0,0,0,0,e1f,d4e,d4a,d4a,d4a,1,1,1,1,1,0,0,0,0,1,1,1,0,0,1,1,1,0,0,1,0,1,0,1,1,0,0,0,1,0,1,0,0,1,0,1,0,1,1,0,0,0,1,0,1,0,0,1,0,1,0,1,1,0,0,0,1,0,1,0,0,1,0,1,0,1,1,0,0
2026,3,29,08:48:46.506,1.76,225,67.0,0.8463,4544.8,548.7,3.939,2.11,3.89,0.01,0.01,-665.0,1842.0,351.0,-25331.0,23657,1419,52.7,0.0,10710.0,0,0,0,e1f,d4e,d4a,d4a,d4a,1,1,1,1,1,0,0,0,0,1,1,1,0,0,1,1,1,0,0,1,0,1,0,1,1,0,0,0,1,0,1,0,0,1,0,1,0,1,1,0,0,0,1,0,1,0,0,1,0,1,0,1,1,0,0,0,1,0,1,0,0,1,0,1,0,1,1,0,0
2026,3,29,08:48:46.526,1.78,245,67.0,0.8472,4516.9,520.8,3.940,2.11,3.89,0.01,0.01,-665.0,1841.0,351.0,-25344.0,23694,1426,54.4,0.0,10713.0,0,0,0,e1f,d4e,d4a,d4a,d4a,1,1,1,1,1,0,0,0,0,1,1,1,0,0,1,1,1,0,0,1,0,1,0,1,1,0,0,0,1,0,1,0,0,1,0,1,0,1,1,0,0,0,1,0,1,0,0,1,0,1,0,1,1,0,0,0,1,0,1,0,0,1,0,1,0,1,1,0,0
2026,3,29,08:48:46.546,1.80,15,67.1,0.8472,4516.3,520.2,3.939,2.11,3.89,0.01,0.01,-664.0,1841.0,351.0,-25357.0,23731,1433,55.9,0.0,10717.0,0,0,0,e1f,d4e,d4a,d4a,d4a,1,1,1,1,1,0,0,0,0,1,1,1,0,0,1,1,1,0,0,1,0,1,0,1,1,0,0,0,1,0,1,0,0,1,0,1,0,1,1,0,0,0,1,0,1,0,0,1,0,1,0,1,1,0,0,0,1,0,1,0,0,1,0,1,0,1,1,0,0
2026,3,29,08:48:46.566,1.82,35,67.1,0.8479,4495.4,499.3,3.940,2.12,3.89,0.01,0.01,-663.0,1841.0,351.0,-25370.0,23768,1440,57.2,0.0,10721.0,0,0,0,e1f,d4e,d4a,d4a,d4a,1,1,1,1,1,0,0,0,0,1,1,1,0,0,1,1,1,0,0,1,0,1,0,1,1,0,0,0,1,0,1,0,0,1,0,1,0,1,1,0,0,0,1,0,1,0,0,1,0,1,0,1,1,0,0,0,1,0,1,0,0,1,0,1,0,1,1,0,0
2026,3,29,08:48:46.586,1.84,55,67.1,0.8479,4494.1,498.1,3.937,2.12,3.89,0.01,0.01,-663.0,1841.0,351.0,-25384.0,23805,1447,58.2,0.0,10724.0,0,0,0,e1f,d4e,d4a,d4a,d4a,1,1,1,1,1,0,0,0,0,1,1,1,0,0,1,1,1,0,0,1,0,1,0,1,1,0,0,0,1,0,1,0,0,1,0,1,0,1,1,0,0,0,1,0,1,0,0,1,0,1,0,1,1,0,0,0,1,0,1,0,0,1,0,1,0,1,1,0,0
2026,3,29,08:48:46.606,1.86,75,67.1,0.8483,4481.5,485.4,3.939,2.12,3.89,0.01,0.01,-663.0,1841.0,351.0,-25397.0,23842,1454,59.1,0.0,10728.0,0,0,0,e1f,d4e,d4a,d4a,d4a,1,1,1,1,1,0,0,0,0,1,1,1,0,0,1,1,1,0,0,1,0,1,0,1,1,0,0,0,1,0,1,0,0,1,0,1,0,1,1,0,0,0,1,0,1,0,0,1,0,1,0,1,1,0,0,0,1,0,1,0,0,1,0,1,0,1,1,0,0
2026,3,29,08:48:46.626,1.88,95,67.1,0.8483,4481.5,485.4,3.940,2.12,3.89,0.01,0.01,-662.0,1841.0,350.0,-25410.0,23878,1461,59.9,0.0,10732.0,0,0,0,e1f,d4e,d4a,d4a,d4a,1,1,1,1,1,0,0,0,0,1,1,1,0,0,1,1,1,0,0,1,0,1,0,1,1,0,0,0,1,0,1,0,0,1,0,1,0,1,1,0,0,0,1,0,1,0,0,1,0,1,0,1,1,0,0,0,1,0,1,0,0,1,0,1,0,1,1,0,0
2026,3,29,08:48:46.646,1.90,115,67.1,0.8486,4473.3,477.2,3.940,2.12,3.89,0.01,0.01,-662.0,1841.0,350.0,-25424.0,23915,1468,60.5,0.0,10736.0,0,0,0,e1f,d4e,d4a,d4a,d4a,1,1,1,1,1,0,0,0,0,1,1,1,0,0,1,1,1,0,0,1,0,1,0,1,1,0,0,0,1,0,1,0,0,1,0,1,0,1,1,0,0,0,1,0,1,0,0,1,0,1,0,1,1,0,0,0,1,0,1,0,0,1,0,1,0,1,1,0,0
2026,3,29,08:48:46.666,1.92,135,67.1,0.8486,4472.6,476.6,3.940,2.12,3.89,0.01,0.01,-662.0,1841.0,350.0,-25437.0,23952,1475,61.2,0.0,10740.0,0,0,0,e1f,d4e,d4a,d4a,d4a,1,1,1,1,1,0,0,0,0,1,1,1,0,0,1,1,1,0,0,1,0,1,0,1,1,0,0,0,1,0,1,0,0,1,0,1,0,1,1,0,0,0,1,0,1,0,0,1,0,1,0,1,1,0,0,0,1,0,1,0,0,1,0,1,0,1,1,0,0
2026,3,29,08:48:46.686,1.94,155,67.1,0.8489,4464.4,468.3,3.939,2.12,3.89,0.01,0.01,-662.0,1841.0,350.0,-25450.0,23989,1482,61.8,0.0,10744.0,0,0,0,e1f,d4e,d4a,d4a,d4a,1,1,1,1,1,0,0,0,0,1,1,1,0,0,1,1,1,0,0,1,0,1,0,1,1,0,0,0,1,0,1,0,0,1,0,1,0,1,1,0,0,0,1,0,1,0,0,1,0,1,0,1,1,0,0,0,1,0,1,0,0,1,0,1,0,1,1,0,0
2026,3,29,08:48:46.706,1.96,175,67.1,0.8489,4464.4,468.3,3.939,2.13,3.89,0.01,0.01,-662.0,1841.0,350.0,-25463.0,24026,1489,62.3,0.0,10748.0,0,0,0,e1f,d4e,d4a,d4a,d4a,1,1,1,1,1,0,0,0,0,1,1,1,0,0,1,1,1,0,0,1,0,1,0,1,1,0,0,0,1,0,1,0,0,1,0,1,0,1,1,0,0,0,1,0,1,0,0,1,0,1,0,1,1,0,0,0,1,0,1,0,0,1,0,1,0,1,1,0,0
2026,3,29,08:48:46.726,1.98,195,67.1,0.8493,4451.8,455.7,3.939,2.13,3.89,0.01,0.01,-662.0,1841.0,350.0,-25477.0,24063,1496,62.8,0.0,10752.0,0,0,0,e1f,d4e,d4a,d4a,d4a,1,1,1,1,1,0,0,0,0,1,1,1,0,0,1,1,1,0,0,1,0,1,0,1,1,0,0,0,1,0,1,0,0,1,0,1,0,1,1,0,0,0,1,0,1,0,0,1,0,1,0,1,1,0,0,0,1,0,1,0,0,1,0,1,0,1,1,0,0
2026,3,29,08:48:46.746,2.00,215,67.1,0.8493,4451.1,455.1,3.939,2.13,3.89,0.01,0.01,-662.0,1841.0,350.0,-25490.0,24100,1503,63.1,0.0,10756.0,0,0,0,e1f,d4e,d4a,d4a,d4a,1,1,1,1,1,0,0,0,0,1,1,1,0,0,1,1,1,0,0,1,0,1,0,1,1,0,0,0,1,0,1,0,0,1,0,1,0,1,1,0,0,0,1,0,1,0,0,1,0,1,0,1,1,0,0,0,1,0,1,0,0,1,0,1,0,1,1,0,0
2026,3,29,08:48:46.766,2.02,235,67.1,0.8493,4449.9,453.8,3.939,2.13,3.89,0.01,0.01,-661.0,1841.0,350.0,-25503.0,24136,1510,63.4,0.0,10760.0,0,0,0,e1f,d4e,d4a,d4a,d4a,1,1,1,1,1,0,0,0,0,1,1,1,0,0,1,1,1,0,0,1,0,1,0,1,1,0,0,0,1,0,1,0,0,1,0,1,0,1,1,0,0,0,1,0,1,0,0,1,0,1,0,1,1,0,0,0,1,0,1,0,0,1,0,1,0,1,1,0,0
2026,3,29,08:48:46.786,2.04,5,67.1,0.8493,4449.2,453.2,3.939,2.13,3.89,0.01,0.01,-661.0,1841.0,350.0,-25516.0,24173,1517,63.5,0.0,10764.0,0,0,0,e1f,d4e,d4a,d4a,d4a,1,1,1,1,1,0,0,0,0,1,1,1,0,0,1,1,1,0,0,1,0,1,0,1,1,0,0,0,1,0,1,0,0,1,0,1,0,1,1,0,0,0,1,0,1,0,0,1,0,1,0,1,1,0,0,0,1,0,1,0,0,1,0,1,0,1,1,0,0
2026,3,29,08:48:46.806,2.06,25,67.1,0.8496,4441.7,445.6,3.939,2.13,3.89,0.01,0.01,-661.0,1841.0,350.0,-25530.0,24210,1524,63.5,0.0,10769.0,0,0,0,e1f,d4e,d4a,d4a,d4a,1,1,1,1,1,0,0,0,0,1,1,1,0,0,1,1,1,0,0,1,0,1,0,1,1,0,0,0,1,0,1,0,0,1,0,1,0,1,1,0,0,0,1,0,1,0,0,1,0,1,0,1,1,0,0,0,1,0,1,0,0,1,0,1,0,1,1,0,0
2026,3,29,08:48:46.826,2.08,45,67.1,0.8496,4441.7,445.6,3.939,2.14,3.89,0.01,0.01,-660.0,1841.0,351.0,-25543.0,24247,1531,63.4,0.0,10773.0,0,0,0,e1f,d4e,d4a,d4a,d4a,1,1,1,1,1,0,0,0,0,1,1,1,0,0,1,1,1,0,0,1,0,1,0,1,1,0,0,0,1,0,1,0,0,1,0,1,0,1,1,0,0,0,1,0,1,0,0,1,0,1,0,1,1,0,0,0,1,0,1,0,0,1,0,1,0,1,1,0,0
2026,3,29,08:48:46.846,2.10,65,67.1,0.8496,4441.7,445.6,3.940,2.14,3.89,0.01,0.01,-660.0,1841.0,351.0,-25556.0,24284,1538,63.1,0.0,10777.0,0,0,0,e1f,d4e,d4a,d4a,d4a,1,1,1,1,1,0,0,0,0,1,1,1,0,0,1,1,1,0,0,1,0,1,0,1,1,0,0,0,1,0,1,0,0,1,0,1,0,1,1,0,0,0,1,0,1,0,0,1,0,1,0,1,1,0,0,0,1,0,1,0,0,1,0,1,0,1,1,0,0
2026,3,29,08:48:46.866,2.12,85,67.1,0.8496,4441.7,445.6,3.939,2.14,3.89,0.01,0.01,-660.0,1841.0,351.0,-25569.0,24320,1545,62.8,0.0,10781.0,0,0,0,e1f,d4e,d4a,d4a,d4a,1,1,1,1,1,0,0,0,0,1,1,1,0,0,1,1,1,0,0,1,0,1,0,1,1,0,0,0,1,0,1,0,0,1,0,1,0,1,1,0,0,0,1,0,1,0,0,1,0,1,0,1,1,0,0,0,1,0,1,0,0,1,0,1,0,1,1,0,0
2026,3,29,08:48:46.886,2.14,105,67.1,0.8497,4436.6,440.6,3.939,2.14,3.89,0.01,0.01,-660.0,1841.0,352.0,-25582.0,24357,1552,62.3,0.0,10785.0,0,0,0,e1f,d4e,d4a,d4a,d4a,1,1,1,1,1,0,0,0,0,1,1,1,0,0,1,1,1,0,0,1,0,1,0,1,1,0,0,0,1,0,1,0,0,1,0,1,0,1,1,0,0,0,1,0,1,0,0,1,0,1,0,1,1,0,0,0,1,0,1,0,0,1,0,1,0,1,1,0,0
2026,3,29,08:48:46.906,2.16,125,67.1,0.8497,4436.6,440.6,3.940,2.14,3.89,0.01,0.01,-660.0,1841.0,352.0,-25596.0,24394,1559,61.8,0.0,10788.0,0,0,0,e1f,d4e,d4a,d4a,d4a,1,1,1,1,1,0,0,0,0,1,1,1,0,0,1,1,1,0,0,1,0,1,0,1,1,0,0,0,1,0,1,0,0,1,0,1,0,1,1,0,0,0,1,0,1,0,0,1,0,1,0,1,1,0,0,0,1,0,1,0,0,1,0,1,0,1,1,0,0
2026,3,29,08:48:46.926,2.18,145,67.1,0.8498,4433.5,437.4,3.939,2.15,3.89,0.01,0.01,-659.0,1841.0,353.0,-25609.0,24431,1566,61.1,0.0,10792.0,0,0,0,e1f,d4e,d4a,d4a,d4a,1,1,1,1,1,0,0,0,0,1,1,1,0,0,1,1,1,0,0,1,0,1,0,1,1,0,0,0,1,0,1,0,0,1,0,1,0,1,1,0,0,0,1,0,1,0,0,1,0,1,0,1,1,0,0,0,1,0,1,0,0,1,0,1,0,1,1,0,0
2026,3,29,08:48:46.946,2.20,165,67.1,0.8498,4433.5,437.4,3.939,2.15,3.89,0.01,0.01,-659.0,1841.0,353.0,-25622.0,24468,1573,60.3,0.0,10796.0,0,0,0,e1f,d4e,d4a,d4a,d4a,1,1,1,1,1,0,0,0,0,1,1,1,0,0,1,1,1,0,0,1,0,1,0,1,1,0,0,0,1,0,1,0,0,1,0,1,0,1,1,0,0,0,1,0,1,0,0,1,0,1,0,1,1,0,0,0,1,0,1,0,0,1,0,1,0,1,1,0,0
2026,3,29,08:48:46.966,2.22,185,67.1,0.8498,4434.7,438.7,3.939,2.15,3.89,0.01,0.01,-659.0,1841.0,354.0,-25635.0,24504,1580,59.4,0.0,10800.0,0,0,0,e1f,d4e,d4a,d4a,d4a,1,1,1,1,1,0,0,0,0,1,1,1,0,0,1,1,1,0,0,1,0,1,0,1,1,0,0,0,1,0,1,0,0,1,0,1,0,1,1,0,0,0,1,0,1,0,0,1,0,1,0,1,1,0,0,0,1,0,1,0,0,1,0,1,0,1,1,0,0
2026,3,29,08:48:46.986,2.24,205,67.1,0.8498,4434.7,438.7,3.940,2.15,3.89,0.01,0.01,-659.0,1841.0,354.0,-25648.0,24541,1587,58.4,0.0,10803.0,0,0,0,e1f,d4e,d4a,d4a,d4a,1,1,1,1,1,0,0,0,0,1,1,1,0,0,1,1,1,0,0,1,0,1,0,1,1,0,0,0,1,0,1,0,0,1,0,1,0,1,1,0,0,0,1,0,1,0,0,1,0,1,0,1,1,0,0,0,1,0,1,0,0,1,0,1,0,1,1,0,0
2026,3,29,08:48:47.006,2.26,225,67.1,0.8500,4429.7,433.6,3.940,2.15,3.89,0.01,0.01,-659.0,1842.0,355.0,-25662.0,24578,1594,57.3,0.0,10807.0,0,0,0,e1f,d4e,d4a,d4a,d4a,1,1,1,1,1,0,0,0,0,1,1,1,0,0,1,1,1,0,0,1,0,1,0,1,1,0,0,0,1,0,1,0,0,1,0,1,0,1,1,0,0,0,1,0,1,0,0,1,0,1,0,1,1,0,0,0,1,0,1,0,0,1,0,1,0,1,1,0,0
2026,3,29,08:48:47.026,2.28,245,67.1,0.8499,4430.3,434.2,3.941,2.15,3.89,0.01,0.01,-659.0,1842.0,355.0,-25675.0,24615,1602,56.1,0.0,10811.0,0,0,0,e1f,d4e,d4a,d4a,d4a,1,1,1,1,1,0,0,0,0,1,1,1,0,0,1,1,1,0,0,1,0,1,0,1,1,0,0,0,1,0,1,0,0,1,0,1,0,1,1,0,0,0,1,0,1,0,0,1,0,1,0,1,1,0,0,0,1,0,1,0,0,1,0,1,0,1,1,0,0
2026,3,29,08:48:47.046,2.30,15,67.1,0.8500,4428.4,432.3,3.939,2.15,3.89,0.01,0.01,-659.0,1842.0,356.0,-25688.0,24652,1609,54.7,0.0,10814.0,0,0,0,e1f,d4e,d4a,d4a,d4a,1,1,1,1,1,0,0,0,0,1,1,1,0,0,1,1,1,0,0,1,0,1,0,1,1,0,0,0,1,0,1,0,0,1,0,1,0,1,1,0,0,0,1,0,1,0,0,1,0,1,0,1,1,0,0,0,1,0,1,0,0,1,0,1,0,1,1,0,0
2026,3,29,08:48:47.066,2.32,35,67.1,0.8500,4428.4,432.3,3.940,2.15,3.89,0.01,0.01,-659.0,1842.0,357.0,-25701.0,24689,1616,53.2,0.0,10818.0,0,0,0,e1f,d4e,d4a,d4a,d4a,1,1,1,1,1,0,0,0,0,1,1,1,0,0,1,1,1,0,0,1,0,1,0,1,1,0,0,0,1,0,1,0,0,1,0,1,0,1,1,0,0,0,1,0,1,0,0,1,0,1,0,1,1,0,0,0,1,0,1,0,0,1,0,1,0,1,1,0,0
2026,3,29,08:48:47.086,2.34,55,67.1,0.8499,4431.6,435.5,3.939,2.15,3.89,0.01,0.01,-659.0,1842.0,357.0,-25714.0,24726,1623,51.7,0.0,10821.0,0,0,0,e1f,d4e,d4a,d4a,d4a,1,1,1,1,1,0,0,0,0,1,1,1,0,0,1,1,1,0,0,1,0,1,0,1,1,0,0,0,1,0,1,0,0,1,0,1,0,1,1,0,0,0,1,0,1,0,0,1,0,1,0,1,1,0,0,0,1,0,1,0,0,1,0,1,0,1,1,0,0
2026,3,29,08:48:47.106,2.36,75,67.1,0.8499,4431.6,435.5,3.940,2.15,3.89,0.01,0.01,-659.0,1842.0,358.0,-25727.0,24763,1630,50.0,0.0,10824.0,0,0,0,e1f,d4e,d4a,d4a,d4a,1,1,1,1,1,0,0,0,0,1,1,1,0,0,1,1,1,0,0,1,0,1,0,1,1,0,0,0,1,0,1,0,0,1,0,1,0,1,1,0,0,0,1,0,1,0,0,1,0,1,0,1,1,0,0,0,1,0,1,0,0,1,0,1,0,1,1,0,0
2026,3,29,08:48:47.126,2.38,95,67.1,0.8500,4428.4,432.3,3.939,2.15,3.89,0.01,0.01,-659.0,1842.0,359.0,-25741.0,24799,1637,48.2,0.0,10827.0,0,0,0,e1f,d4e,d4a,d4a,d4a,1,1,1,1,1,0,0,0,0,1,1,1,0,0,1,1,1,0,0,1,0,1,0,1,1,0,0,0,1,0,1,0,0,1,0,1,0,1,1,0,0,0,1,0,1,0,0,1,0,1,0,1,1,0,0,0,1,0,1,0,0,1,0,1,0,1,1,0,0
2026,3,29,08:48:47.146,2.40,115,67.1,0.8500,4428.4,432.3,3.940,2.15,3.89,0.01,0.01,-659.0,1842.0,359.0,-25754.0,24836,1644,46.3,0.0,10830.0,0,0,0,e1f,d4e,d4a,d4a,d4a,1,1,1,1,1,0,0,0,0,1,1,1,0,0,1,1,1,0,0,1,0,1,0,1,1,0,0,0,1,0,1,0,0,1,0,1,0,1,1,0,0,0,1,0,1,0,0,1,0,1,0,1,1,0,0,0,1,0,1,0,0,1,0,1,0,1,1,0,0
2026,3,29,08:48:47.166,2.42,135,67.1,0.8504,4417.0,421.0,3.940,2.16,3.89,0.01,0.01,-659.0,1842.0,360.0,-25767.0,24873,1652,44.3,0.0,10833.0,0,0,0,e1f,d4e,d4a,d4a,d4a,1,1,1,1,1,0,0,0,0,1,1,1,0,0,1,1,1,0,0,1,0,1,0,1,1,0,0,0,1,0,1,0,0,1,0,1,0,1,1,0,0,0,1,0,1,0,0,1,0,1,0,1,1,0,0,0,1,0,1,0,0,1,0,1,0,1,1,0,0
2026,3,29,08:48:47.186,2.44,155,67.1,0.8504,4417.0,421.0,3.939,2.16,3.89,0.01,0.01,-659.0,1843.0,361.0,-25780.0,24910,1659,42.2,0.0,10836.0,0,0,0,e1f,d4e,d4a,d4a,d4a,1,1,1,1,1,0,0,0,0,1,1,1,0,0,1,1,1,0,0,1,0,1,0,1,1,0,0,0,1,0,1,0,0,1,0,1,0,1,1,0,0,0,1,0,1,0,0,1,0,1,0,1,1,0,0,0,1,0,1,0,0,1,0,1,0,1,1,0,0
2026,3,29,08:48:47.206,2.46,175,67.1,0.8504,4415.8,419.7,3.939,2.16,3.89,0.01,0.01,-659.0,1843.0,362.0,-25793.0,24947,1666,39.9,0.0,10839.0,0,0,0,e1f,d4e,d4a,d4a,d4a,1,1,1,1,1,0,0,0,0,1,1,1,0,0,1,1,1,0,0,1,0,1,0,1,1,0,0,0,1,0,1,0,0,1,0,1,0,1,1,0,0,0,1,0,1,0,0,1,0,1,0,1,1,0,0,0,1,0,1,0,0,1,0,1,0,1,1,0,0
2026,3,29,08:48:47.226,2.48,195,67.1,0.8504,4415.8,419.7,3.940,2.16,3.89,0.01,0.01,-659.0,1843.0,363.0,-25807.0,24984,1673,37.5,0.0,10842.0,0,0,0,e1f,d4e,d4a,d4a,d4a,1,1,1,1,1,0,0,0,0,1,1,1,0,0,1,1,1,0,0,1,0,1,0,1,1,0,0,0,1,0,1,0,0,1,0,1,0,1,1,0,0,0,1,0,1,0,0,1,0,1,0,1,1,0,0,0,1,0,1,0,0,1,0,1,0,1,1,0,0
2026,3,29,08:48:47.246,2.50,215,67.1,0.8504,4415.8,419.7,3.939,2.16,3.89,0.01,0.01,-659.0,1843.0,364.0,-25820.0,25021,1681,34.9,0.0,10845.0,0,0,0,e1f,d4e,d4a,d4a,d4a,1,1,1,1,1,0,0,0,0,1,1,1,0,0,1,1,1,0,0,1,0,1,0,1,1,0,0,0,1,0,1,0,0,1,0,1,0,1,1,0,0,0,1,0,1,0,0,1,0,1,0,1,1,0,0,0,1,0,1,0,0,1,0,1,0,1,1,0,0
2026,3,29,08:48:47.266,2.52,235,67.1,0.8504,4415.8,419.7,3.940,2.16,3.89,0.01,0.01,-659.0,1844.0,364.0,-25833.0,25058,1688,32.3,0.0,10848.0,0,0,0,e1f,d4e,d4a,d4a,d4a,1,1,1,1,1,0,0,0,0,1,1,1,0,0,1,1,1,0,0,1,0,1,0,1,1,0,0,0,1,0,1,0,0,1,0,1,0,1,1,0,0,0,1,0,1,0,0,1,0,1,0,1,1,0,0,0,1,0,1,0,0,1,0,1,0,1,1,0,0
2026,3,29,08:48:47.286,2.54,5,67.1,0.8508,4402.5,406.5,3.939,2.16,3.89,0.01,0.01,-660.0,1844.0,365.0,-25846.0,25094,1695,29.7,0.0,10851.0,0,0,0,e1f,d4e,d4a,d4a,d4a,1,1,1,1,1,0,0,0,0,1,1,1,0,0,1,1,1,0,0,1,0,1,0,1,1,0,0,0,1,0,1,0,0,1,0,1,0,1,1,0,0,0,1,0,1,0,0,1,0,1,0,1,1,0,0,0,1,0,1,0,0,1,0,1,0,1,1,0,0
2026,3,29,08:48:47.306,2.56,25,67.1,0.8508,4402.5,406.5,3.939,2.16,3.89,0.01,0.01,-660.0,1845.0,366.0,-25859.0,25131,1703,27.1,0.0,10853.0,0,0,0,e1f,d4e,d4a,d4a,d4a,1,1,1,1,1,0,0,0,0,1,1,1,0,0,1,1,1,0,0,1,0,1,0,1,1,0,0,0,1,0,1,0,0,1,0,1,0,1,1,0,0,0,1,0,1,0,0,1,0,1,0,1,1,0,0,0,1,0,1,0,0,1,0,1,0,1,1,0,0
2026,3,29,08:48:47.326,2.58,45,67.1,0.8508,4404.4,408.4,3.939,2.16,3.89,0.01,0.01,-661.0,1845.0,366.0,-25873.0,25168,1710,24.5,0.0,10856.0,0,0,0,e1f,d4e,d4a,d4a,d4a,1,1,1,1,1,0,0,0,0,1,1,1,0,0,1,1,1,0,0,1,0,1,0,1,1,0,0,0,1,0,1,0,0,1,0,1,0,1,1,0,0,0,1,0,1,0,0,1,0,1,0,1,1,0,0,0,1,0,1,0,0,1,0,1,0,1,1,0,0
2026,3,29,08:48:47.346,2.60,65,67.1,0.8508,4404.4,408.4,3.940,2.16,3.89,0.01,0.01,-661.0,1846.0,367.0,-25886.0,25205,1717,22.0,0.0,10859.0,0,0,0,e1f,d4e,d4a,d4a,d4a,1,1,1,1,1,0,0,0,0,1,1,1,0,0,1,1,1,0,0,1,0,1,0,1,1,0,0,0,1,0,1,0,0,1,0,1,0,1,1,0,0,0,1,0,1,0,0,1,0,1,0,1,1,0,0,0,1,0,1,0,0,1,0,1,0,1,1,0,0
2026,3,29,08:48:47.366,2.62,85,67.1,0.8510,4396.2,400.2,3.939,2.16,3.89,0.01,0.01,-662.0,1847.0,367.0,-25899.0,25242,1725,19.5,0.0,10862.0,0,0,0,e1f,d4e,d4a,d4a,d4a,1,1,1,1,1,0,0,0,0,1,1,1,0,0,1,1,1,0,0,1,0,1,0,1,1,0,0,0,1,0,1,0,0,1,0,1,0,1,1,0,0,0,1,0,1,0,0,1,0,1,0,1,1,0,0,0,1,0,1,0,0,1,0,1,0,1,1,0,0
2026,3,29,08:48:47.386,2.64,105,67.1,0.8510,4396.2,400.2,3.939,2.16,3.89,0.01,0.01,-662.0,1848.0,367.0,-25912.0,25279,1732,17.3,0.0,10864.0,0,0,0,e1f,d4e,d4a,d4a,d4a,1,1,1,1,1,0,0,0,0,1,1,1,0,0,1,1,1,0,0,1,0,1,0,1,1,0,0,0,1,0,1,0,0,1,0,1,0,1,1,0,0,0,1,0,1,0,0,1,0,1,0,1,1,0,0,0,1,0,1,0,0,1,0,1,0,1,1,0,0
2026,3,29,08:48:47.406,2.66,125,67.1,0.8511,4393.1,397.0,3.940,2.16,3.89,0.01,0.01,-663.0,1848.0,368.0,-25926.0,25316,1739,15.2,0.0,10867.0,0,0,0,e1f,d4e,d4a,d4a,d4a,1,1,1,1,1,0,0,0,0,1,1,1,0,0,1,1,1,0,0,1,0,1,0,1,1,0,0,0,1,0,1,0,0,1,0,1,0,1,1,0,0,0,1,0,1,0,0,1,0,1,0,1,1,0,0,0,1,0,1,0,0,1,0,1,0,1,1,0,0
2026,3,29,08:48:47.426,2.68,145,67.1,0.8511,4393.7,397.6,3.938,2.16,3.89,0.01,0.01,-663.0,1849.0,368.0,-25939.0,25353,1747,13.5,0.0,10869.0,0,0,0,e1f,d4e,d4a,d4a,d4a,1,1,1,1,1,0,0,0,0,1,1,1,0,0,1,1,1,0,0,1,0,1,0,1,1,0,0,0,1,0,1,0,0,1,0,1,0,1,1,0,0,0,1,0,1,0,0,1,0,1,0,1,1,0,0,0,1,0,1,0,0,1,0,1,0,1,1,0,0
2026,3,29,08:48:47.446,2.70,165,67.1,0.8508,4401.9,405.8,3.939,2.16,3.89,0.01,0.01,-664.0,1850.0,368.0,-25952.0,25390,1754,12.0,0.0,10872.0,0,0,0,e1f,d4e,d4a,d4a,d4e,1,1,1,1,1,0,0,0,0,1,1,1,0,0,1,1,1,0,0,1,0,1,0,1,1,0,0,0,1,0,1,0,0,1,0,1,0,1,1,0,0,0,1,0,1,0,0,1,0,1,0,1,1,0,0,0,1,1,1,0,0,1,0,1,0,1,1,0,0
2026,3,29,08:48:47.466,2.72,185,67.1,0.8508,4402.5,406.5,3.939,2.16,3.89,0.01,0.01,-664.0,1851.0,368.0,-25965.0,25427,1761,11.0,0.0,10875.0,0,0,0,e1f,d4e,d4a,d4a,d4e,1,1,1,1,1,0,0,0,0,1,1,1,0,0,1,1,1,0,0,1,0,1,0,1,1,0,0,0,1,0,1,0,0,1,0,1,0,1,1,0,0,0,1,0,1,0,0,1,0,1,0,1,1,0,0,0,1,1,1,0,0,1,0,1,0,1,1,0,0
2026,3,29,08:48:47.486,2.74,205,67.1,0.8502,4423.4,427.3,3.939,2.16,3.89,0.01,0.01,-664.0,1851.0,368.0,-25979.0,25464,1769,10.6,0.0,10877.0,0,0,0,e1f,d46,d42,d42,d46,1,1,1,1,1,0,0,0,0,1,1,1,0,0,1,1,0,0,0,1,0,1,0,1,1,0,0,0,1,0,0,0,0,1,0,1,0,1,1,0,0,0,1,0,0,0,0,1,0,1,0,1,1,0,0,0,1,1,0,0,0,1,0,1,0,1,1,0,0
2026,3,29,08:48:47.506,2.76,225,67.0,0.8501,4424.6,428.6,3.939,2.16,3.89,0.01,0.01,-665.0,1852.0,368.0,-25992.0,25501,1776,10.6,0.0,10880.0,0,0,0,e1f,d46,d42,d42,d46,1,1,1,1,1,0,0,0,0,1,1,1,0,0,1,1,0,0,0,1,0,1,0,1,1,0,0,0,1,0,0,0,0,1,0,1,0,1,1,0,0,0,1,0,0,0,0,1,0,1,0,1,1,0,0,0,1,1,0,0,0,1,0,1,0,1,1,0,0
2026,3,29,08:48:47.526,2.78,245,67.0,0.8497,4437.2,441.2,3.939,2.16,3.89,0.01,0.01,-665.0,1853.0,369.0,-26005.0,25538,1784,11.1,0.0,10882.0,0,0,0,e1f,d46,d42,d42,d46,1,1,1,1,1,0,0,0,0,1,1,1,0,0,1,1,0,0,0,1,0,1,0,1,1,0,0,0,1,0,0,0,0,1,0,1,0,1,1,0,0,0,1,0,0,0,0,1,0,1,0,1,1,0,0,0,1,1,0,0,0,1,0,1,0,1,1,0,0
2026,3,29,08:48:47.546,2.80,15,67.0,0.8497,4438.5,442.4,3.939,2.17,3.89,0.01,0.01,-665.0,1854.0,369.0,-26019.0,25575,1791,11.9,0.0,10885.0,0,0,0,e1f,d46,d42,d42,d46,1,1,1,1,1,0,0,0,0,1,1,1,0,0,1,1,0,0,0,1,0,1,0,1,1,0,0,0,1,0,0,0,0,1,0,1,0,1,1,0,0,0,1,0,0,0,0,1,0,1,0,1,1,0,0,0,1,1,0,0,0,1,0,1,0,1,1,0,0
2026,3,29,08:48:47.566,2.82,35,67.0,0.8489,4462.5,466.4,3.938,2.17,3.89,0.01,0.01,-665.0,1855.0,369.0,-26032.0,25612,1798,13.0,0.0,10887.0,0,0,0,e1f,d46,d42,d42,d46,1,1,1,1,1,0,0,0,0,1,1,1,0,0,1,1,0,0,0,1,0,1,0,1,1,0,0,0,1,0,0,0,0,1,0,1,0,1,1,0,0,0,1,0,0,0,0,1,0,1,0,1,1,0,0,0,1,1,0,0,0,1,0,1,0,1,1,0,0
2026,3,29,08:48:47.586,2.84,55,67.0,0.8489,4463.8,467.7,3.939,2.17,3.89,0.01,0.01,-666.0,1856.0,369.0,-26045.0,25650,1806,14.2,0.0,10890.0,0,0,0,e1f,d4e,d4a,d4a,d4e,1,1,1,1,1,0,0,0,0,1,1,1,0,0,1,1,1,0,0,1,0,1,0,1,1,0,0,0,1,0,1,0,0,1,0,1,0,1,1,0,0,0,1,0,1,0,0,1,0,1,0,1,1,0,0,0,1,1,1,0,0,1,0,1,0,1,1,0,0
2026,3,29,08:48:47.606,2.86,75,67.0,0.8481,4489.7,493.6,3.939,2.17,3.89,0.01,0.01,-666.0,1857.0,369.0,-26059.0,25687,1813,15.6,0.0,10892.0,0,0,0,e1f,d4e,d4a,d4a,d4e,1,1,1,1,1,0,0,0,0,1,1,1,0,0,1,1,1,0,0,1,0,1,0,1,1,0,0,0,1,0,1,0,0,1,0,1,0,1,1,0,0,0,1,0,1,0,0,1,0,1,0,1,1,0,0,0,1,1,1,0,0,1,0,1,0,1,1,0,0
2026,3,29,08:48:47.626,2.88,95,66.9,0.8480,4491.0,494.9,3.939,2.17,3.89,0.01,0.01,-666.0,1858.0,370.0,-26072.0,25724,1820,17.1,0.0,10895.0,0,0,0,e1f,d4e,d4a,d4a,d4a,1,1,1,1,1,0,0,0,0,1,1,1,0,0,1,1,1,0,0,1,0,1,0,1,1,0,0,0,1,0,1,0,0,1,0,1,0,1,1,0,0,0,1,0,1,0,0,1,0,1,0,1,1,0,0,0,1,0,1,0,0,1,0,1,0,1,1,0,0
2026,3,29,08:48:47.646,2.90,115,66.9,0.8474,4509.9,513.9,3.939,2.17,3.89,0.01,0.01,-666.0,1858.0,370.0,-26085.0,25761,1828,18.7,0.0,10897.0,0,0,0,e1f,d4e,d4a,d4a,d4a,1,1,1,1,1,0,0,0,0,1,1,1,0,0,1,1,1,0,0,1,0,1,0,1,1,0,0,0,1,0,1,0,0,1,0,1,0,1,1,0,0,0,1,0,1,0,0,1,0,1,0,1,1,0,0,0,1,0,1,0,0,1,0,1,0,1,1,0,0
2026,3,29,08:48:47.666,2.92,135,66.9,0.8474,4511.8,515.8,3.940,2.17,3.89,0.01,0.01,-667.0,1859.0,370.0,-26099.0,25798,1835,20.4,0.0,10900.0,0,0,0,e1f,d4e,d4a,d4a,d4a,1,1,1,1,1,0,0,0,0,1,1,1,0,0,1,1,1,0,0,1,0,1,0,1,1,0,0,0,1,0,1,0,0,1,0,1,0,1,1,0,0,0,1,0,1,0,0,1,0,1,0,1,1,0,0,0,1,0,1,0,0,1,0,1,0,1,1,0,0
2026,3,29,08:48:47.686,2.94,155,66.9,0.8464,4541.0,544.9,3.939,2.17,3.89,0.01,0.01,-667.0,1860.0,370.0,-26112.0,25835,1843,22.2,0.0,10902.0,0,0,0,e1f,d4e,d4a,d4a,d4a,1,1,1,1,1,0,0,0,0,1,1,1,0,0,1,1,1,0,0,1,0,1,0,1,1,0,0,0,1,0,1,0,0,1,0,1,0,1,1,0,0,0,1,0,1,0,0,1,0,1,0,1,1,0,0,0,1,0,1,0,0,1,0,1,0,1,1,0,0
2026,3,29,08:48:47.706,2.96,175,66.9,0.8464,4541.6,545.5,3.939,2.17,3.89,0.01,0.01,-667.0,1861.0,370.0,-26125.0,25873,1850,24.1,0.0,10904.0,0,0,0,e1f,d4e,d4a,d4a,d4a,1,1,1,1,1,0,0,0,0,1,1,1,0,0,1,1,1,0,0,1,0,1,0,1,1,0,0,0,1,0,1,0,0,1,0,1,0,1,1,0,0,0,1,0,1,0,0,1,0,1,0,1,1,0,0,0,1,0,1,0,0,1,0,1,0,1,1,0,0
2026,3,29,08:48:47.726,2.98,195,66.9,0.8457,4564.4,568.3,3.940,2.17,3.89,0.01,0.01,-668.0,1861.0,371.0,-26139.0,25910,1858,26.2,0.0,10907.0,0,0,0,e1f,d4e,d4a,d4a,d4a,1,1,1,1,1,0,0,0,0,1,1,1,0,0,1,1,1,0,0,1,0,1,0,1,1,0,0,0,1,0,1,0,0,1,0,1,0,1,1,0,0,0,1,0,1,0,0,1,0,1,0,1,1,0,0,0,1,0,1,0,0,1,0,1,0,1,1,0,0
2026,3,29,08:48:47.746,3.00,215,66.8,0.8457,4565.7,569.6,3.939,2.17,3.89,0.01,0.01,-668.0,1862.0,371.0,-26152.0,25947,1865,28.5,0.0,10909.0,0,0,0,e1f,d4e,d4a,d4a,d4a,1,1,1,1,1,0,0,0,0,1,1,1,0,0,1,1,1,0,0,1,0,1,0,1,1,0,0,0,1,0,1,0,0,1,0,1,0,1,1,0,0,0,1,0,1,0,0,1,0,1,0,1,1,0,0,0,1,0,1,0,0,1,0,1,0,1,1,0,0
2026,3,29,08:48:47.766,3.02,235,66.8,0.8452,4579.0,582.9,3.938,2.17,3.89,0.01,0.01,-669.0,1862.0,371.0,-26165.0,25984,1872,30.9,0.0,10912.0,0,0,0,e1f,d4e,d4a,d4a,d4a,1,1,1,1,1,0,0,0,0,1,1,1,0,0,1,1,1,0,0,1,0,1,0,1,1,0,0,0,1,0,1,0,0,1,0,1,0,1,1,0,0,0,1,0,1,0,0,1,0,1,0,1,1,0,0,0,1,0,1,0,0,1,0,1,0,1,1,0,0
2026,3,29,08:48:47.786,3.04,5,66.8,0.8452,4579.6,583.6,3.939,2.17,3.89,0.01,0.01,-670.0,1863.0,371.0,-26179.0,26022,1880,33.4,0.0,10914.0,0,0,0,e1f,d4e,d4a,d4a,d4a,1,1,1,1,1,0,0,0,0,1,1,1,0,0,1,1,1,0,0,1,0,1,0,1,1,0,0,0,1,0,1,0,0,1,0,1,0,1,1,0,0,0,1,0,1,0,0,1,0,1,0,1,1,0,0,0,1,0,1,0,0,1,0,1,0,1,1,0,0
2026,3,29,08:48:47.806,3.06,25,66.8,0.8444,4606.9,610.8,3.939,2.17,3.89,0.01,0.01,-670.0,1863.0,370.0,-26192.0,26059,1887,36.1,0.0,10917.0,0,0,0,e1f,d4e,d4a,d4a,d4a,1,1,1,1,1,0,0,0,0,1,1,1,0,0,1,1,1,0,0,1,0,1,0,1,1,0,0,0,1,0,1,0,0,1,0,1,0,1,1,0,0,0,1,0,1,0,0,1,0,1,0,1,1,0,0,0,1,0,1,0,0,1,0,1,0,1,1,0,0
2026,3,29,08:48:47.826,3.08,45,66.8,0.8443,4608.2,612.1,3.939,2.17,3.89,0.01,0.01,-671.0,1863.0,370.0,-26206.0,26096,1895,38.9,0.0,10919.0,0,0,0,e1f,d4e,d4a,d4a,d4a,1,1,1,1,1,0,0,0,0,1,1,1,0,0,1,1,1,0,0,1,0,1,0,1,1,0,0,0,1,0,1,0,0,1,0,1,0,1,1,0,0,0,1,0,1,0,0,1,0,1,0,1,1,0,0,0,1,0,1,0,0,1,0,1,0,1,1,0,0
2026,3,29,08:48:47.846,3.10,65,66.8,0.8440,4619.6,623.5,3.939,2.17,3.89,0.01,0.01,-672.0,1864.0,370.0,-26219.0,26133,1902,41.9,0.0,10922.0,0,0,0,e1f,d4e,d4a,d4a,d4a,1,1,1,1,1,0,0,0,0,1,1,1,0,0,1,1,1,0,0,1,0,1,0,1,1,0,0,0,1,0,1,0,0,1,0,1,0,1,1,0,0,0,1,0,1,0,0,1,0,1,0,1,1,0,0,0,1,0,1,0,0,1,0,1,0,1,1,0,0
2026,3,29,08:48:47.866,3.12,85,66.8,0.8440,4619.6,623.5,3.939,2.17,3.89,0.01,0.01,-673.0,1864.0,370.0,-26232.0,26171,1909,45.0,0.0,10924.0,0,0,0,e1f,d4e,d4a,d4a,d4a,1,1,1,1,1,0,0,0,0,1,1,1,0,0,1,1,1,0,0,1,0,1,0,1,1,0,0,0,1,0,1,0,0,1,0,1,0,1,1,0,0,0,1,0,1,0,0,1,0,1,0,1,1,0,0,0,1,0,1,0,0,1,0,1,0,1,1,0,0
2026,3,29,08:48:47.886,3.14,105,66.8,0.8442,4613.3,617.2,3.940,2.17,3.89,0.01,0.01,-674.0,1864.0,370.0,-26246.0,26208,1917,48.3,0.0,10927.0,0,0,0,e1f,d4e,d4a,d4a,d4a,1,1,1,1,1,0,0,0,0,1,1,1,0,0,1,1,1,0,0,1,0,1,0,1,1,0,0,0,1,0,1,0,0,1,0,1,0,1,1,0,0,0,1,0,1,0,0,1,0,1,0,1,1,0,0,0,1,0,1,0,0,1,0,1,0,1,1,0,0
2026,3,29,08:48:47.906,3.16,125,66.8,0.8441,4613.9,617.8,3.939,2.17,3.89,0.01,0.01,-674.0,1865.0,369.0,-26259.0,26245,1924,51.7,0.0,10929.0,0,0,0,e1f,d4e,d4a,d4a,d4a,1,1,1,1,1,0,0,0,0,1,1,1,0,0,1,1,1,0,0,1,0,1,0,1,1,0,0,0,1,0,1,0,0,1,0,1,0,1,1,0,0,0,1,0,1,0,0,1,0,1,0,1,1,0,0,0,1,0,1,0,0,1,0,1,0,1,1,0,0
2026,3,29,08:48:47.926,3.18,145,66.8,0.8439,4621.5,625.4,3.940,2.17,3.89,0.01,0.01,-675.0,1865.0,369.0,-26273.0,26283,1932,55.3,0.0,10932.0,0,0,0,e1f,d4e,d4a,d4a,d4a,1,1,1,1,1,0,0,0,0,1,1,1,0,0,1,1,1,0,0,1,0,1,0,1,1,0,0,0,1,0,1,0,0,1,0,1,0,1,1,0,0,0,1,0,1,0,0,1,0,1,0,1,1,0,0,0,1,0,1,0,0,1,0,1,0,1,1,0,0
2026,3,29,08:48:47.946,3.20,165,66.8,0.8439,4621.5,625.4,3.939,2.17,3.89,0.01,0.01,-676.0,1866.0,369.0,-26286.0,26320,1939,58.9,0.0,10935.0,0,0,0,e1f,d4e,d4a,d4a,d4a,1,1,1,1,1,0,0,0,0,1,1,1,0,0,1,1,1,0,0,1,0,1,0,1,1,0,0,0,1,0,1,0,0,1,0,1,0,1,1,0,0,0,1,0,1,0,0,1,0,1,0,1,1,0,0,0,1,0,1,0,0,1,0,1,0,1,1,0,0
2026,3,29,08:48:47.966,3.22,185,66.8,0.8439,4620.2,624.2,3.939,2.17,3.89,0.01,0.01,-676.0,1866.0,368.0,-26300.0,26357,1946,62.6,0.0,10938.0,0,0,0,e1f,d4e,d4a,d4a,d4a,1,1,1,1,1,0,0,0,0,1,1,1,0,0,1,1,1,0,0,1,0,1,0,1,1,0,0,0,1,0,1,0,0,1,0,1,0,1,1,0,0,0,1,0,1,0,0,1,0,1,0,1,1,0,0,0,1,0,1,0,0,1,0,1,0,1,1,0,0
2026,3,29,08:48:47.986,3.24,205,66.8,0.8440,4619.6,623.5,3.940,2.17,3.89,0.01,0.01,-677.0,1867.0,367.0,-26314.0,26395,1954,66.4,0.0,10942.0,0,0,0,e1f,d4e,d4a,d4a,d4a,1,1,1,1,1,0,0,0,0,1,1,1,0,0,1,1,1,0,0,1,0,1,0,1,1,0,0,0,1,0,1,0,0,1,0,1,0,1,1,0,0,0,1,0,1,0,0,1,0,1,0,1,1,0,0,0,1,0,1,0,0,1,0,1,0,1,1,0,0
2026,3,29,08:48:48.006,3.26,225,66.8,0.8443,4608.2,612.1,3.939,2.17,3.89,0.01,0.01,-677.0,1867.0,367.0,-26327.0,26432,1961,70.3,0.0,10946.0,0,0,0,e1f,d4e,d4a,d4a,d4a,1,1,1,1,1,0,0,0,0,1,1,1,0,0,1,1,1,0,0,1,0,1,0,1,1,0,0,0,1,0,1,0,0,1,0,1,0,1,1,0,0,0,1,0,1,0,0,1,0,1,0,1,1,0,0,0,1,0,1,0,0,1,0,1,0,1,1,0,0
2026,3,29,08:48:48.026,3.28,245,66.8,0.8443,4607.5,611.5,3.940,2.17,3.89,0.01,0.01,-678.0,1868.0,366.0,-26341.0,26469,1969,74.2,0.0,10950.0,0,0,0,e1f,d4e,d4a,d4a,d4a,1,1,1,1,1,0,0,0,0,1,1,1,0,0,1,1,1,0,0,1,0,1,0,1,1,0,0,0,1,0,1,0,0,1,0,1,0,1,1,0,0,0,1,0,1,0,0,1,0,1,0,1,1,0,0,0,1,0,1,0,0,1,0,1,0,1,1,0,0
2026,3,29,08:48:48.046,3.30,15,66.8,0.8450,4586.0,589.9,3.940,2.17,3.89,0.01,0.01,-678.0,1868.0,366.0,-26354.0,26507,1976,78.1,0.0,10954.0,0,0,0,e1f,d4e,d4a,d4a,d4a,1,1,1,1,1,0,0,0,0,1,1,1,0,0,1,1,1,0,0,1,0,1,0,1,1,0,0,0,1,0,1,0,0,1,0,1,0,1,1,0,0,0,1,0,1,0,0,1,0,1,0,1,1,0,0,0,1,0,1,0,0,1,0,1,0,1,1,0,0
2026,3,29,08:48:48.066,3.32,35,66.9,0.8451,4584.1,588.0,3.939,2.17,3.89,0.01,0.01,-678.0,1869.0,365.0,-26368.0,26544,1983,81.9,0.0,10960.0,0,0,0,e1f,d4e,d4a,d4a,d4a,1,1,1,1,1,0,0,0,0,1,1,1,0,0,1,1,1,0,0,1,0,1,0,1,1,0,0,0,1,0,1,0,0,1,0,1,0,1,1,0,0,0,1,0,1,0,0,1,0,1,0,1,1,0,0,0,1,0,1,0,0,1,0,1,0,1,1,0,0
2026,3,29,08:48:48.086,3.34,55,66.9,0.8466,4537.2,541.1,3.939,2.17,3.89,0.01,0.01,-678.0,1869.0,364.0,-26381.0,26581,1990,85.8,0.0,10966.0,0,0,0,e1f,d4e,d4a,d4a,d4a,1,1,1,1,1,0,0,0,0,1,1,1,0,0,1,1,1,0,0,1,0,1,0,1,1,0,0,0,1,0,1,0,0,1,0,1,0,1,1,0,0,0,1,0,1,0,0,1,0,1,0,1,1,0,0,0,1,0,1,0,0,1,0,1,0,1,1,0,0
2026,3,29,08:48:48.106,3.36,75,66.9,0.8466,4535.3,539.2,3.939,2.17,3.89,0.01,0.01,-678.0,1870.0,364.0,-26395.0,26619,1998,89.6,0.0,10972.0,0,0,0,e1f,d4e,d4a,d4a,d4a,1,1,1,1,1,0,0,0,0,1,1,1,0,0,1,1,1,0,0,1,0,1,0,1,1,0,0,0,1,0,1,0,0,1,0,1,0,1,1,0,0,0,1,0,1,0,0,1,0,1,0,1,1,0,0,0,1,0,1,0,0,1,0,1,0,1,1,0,0
2026,3,29,08:48:48.126,3.38,95,66.9,0.8482,4486.5,490.5,3.940,2.17,3.89,0.01,0.01,-678.0,1870.0,363.0,-26409.0,26656,2005,93.3,0.0,10979.0,0,0,0,e1f,d4e,d4a,d4a,d4a,1,1,1,1,1,0,0,0,0,1,1,1,0,0,1,1,1,0,0,1,0,1,0,1,1,0,0,0,1,0,1,0,0,1,0,1,0,1,1,0,0,0,1,0,1,0,0,1,0,1,0,1,1,0,0,0,1,0,1,0,0,1,0,1,0,1,1,0,0
2026,3,29,08:48:48.146,3.40,115,67.0,0.8482,4484.6,488.6,3.939,2.17,3.89,0.01,0.01,-678.0,1871.0,363.0,-26422.0,26694,2012,97.0,0.0,10985.0,0,0,0,e1f,d4a,d4a,d4a,d4a,1,1,1,1,1,0,0,0,0,1,1,1,0,0,1,0,1,0,0,1,0,1,0,1,1,0,0,0,1,0,1,0,0,1,0,1,0,1,1,0,0,0,1,0,1,0,0,1,0,1,0,1,1,0,0,0,1,0,1,0,0,1,0,1,0,1,1,0,0
2026,3,29,08:48:48.166,3.42,135,67.0,0.8496,4442.3,446.2,3.939,2.18,3.89,0.01,0.01,-677.0,1871.0,362.0,-26436.0,26731,2020,100.6,0.0,10991.0,0,0,0,e1f,d4a,d4a,d4a,d4a,1,1,1,1,1,0,0,0,0,1,1,1,0,0,1,0,1,0,0,1,0,1,0,1,1,0,0,0,1,0,1,0,0,1,0,1,0,1,1,0,0,0,1,0,1,0,0,1,0,1,0,1,1,0,0,0,1,0,1,0,0,1,0,1,0,1,1,0,0
2026,3,29,08:48:48.186,3.44,155,67.0,0.8496,4441.0,445.0,3.940,2.18,3.89,0.01,0.01,-677.0,1872.0,362.0,-26449.0,26769,2027,104.2,0.0,10997.0,0,0,0,e1f,d4a,d4a,d4a,d4a,1,1,1,1,1,0,0,0,0,1,1,1,0,0,1,0,1,0,0,1,0,1,0,1,1,0,0,0,1,0,1,0,0,1,0,1,0,1,1,0,0,0,1,0,1,0,0,1,0,1,0,1,1,0,0,0,1,0,1,0,0,1,0,1,0,1,1,0,0
2026,3,29,08:48:48.206,3.46,175,67.0,0.8506,4408.2,412.1,3.940,2.18,3.89,0.01,0.01,-677.0,1872.0,362.0,-26463.0,26806,2034,107.7,0.0,11002.0,0,0,0,e1f,d4a,d4a,d4a,d4a,1,1,1,1,1,0,0,0,0,1,1,1,0,0,1,0,1,0,0,1,0,1,0,1,1,0,0,0,1,0,1,0,0,1,0,1,0,1,1,0,0,0,1,0,1,0,0,1,0,1,0,1,1,0,0,0,1,0,1,0,0,1,0,1,0,1,1,0,0
2026,3,29,08:48:48.226,3.48,195,67.1,0.8506,4408.2,412.1,3.939,2.18,3.89,0.01,0.01,-677.0,1872.0,362.0,-26476.0,26843,2041,111.1,0.0,11006.0,0,0,0,e1f,d4a,d4a,d4a,d4a,1,1,1,1,1,0,0,0,0,1,1,1,0,0,1,0,1,0,0,1,0,1,0,1,1,0,0,0,1,0,1,0,0,1,0,1,0,1,1,0,0,0,1,0,1,0,0,1,0,1,0,1,1,0,0,0,1,0,1,0,0,1,0,1,0,1,1,0,0
2026,3,29,08:48:48.246,3.50,215,67.1,0.8503,4419.6,423.5,3.939,2.18,3.89,0.01,0.01,-676.0,1872.0,362.0,-26490.0,26881,2049,114.4,0.0,11011.0,0,0,0,e1f,d4a,d4a,d4a,d4a,1,1,1,1,1,0,0,0,0,1,1,1,0,0,1,0,1,0,0,1,0,1,0,1,1,0,0,0,1,0,1,0,0,1,0,1,0,1,1,0,0,0,1,0,1,0,0,1,0,1,0,1,1,0,0,0,1,0,1,0,0,1,0,1,0,1,1,0,0
2026,3,29,08:48:48.266,3.52,235,67.1,0.8503,4418.3,422.2,3.939,2.18,3.89,0.01,0.01,-676.0,1873.0,362.0,-26503.0,26918,2056,117.7,0.0,11016.0,0,0,0,e1f,d4a,d4a,d4a,d4a,1,1,1,1,1,0,0,0,0,1,1,1,0,0,1,0,1,0,0,1,0,1,0,1,1,0,0,0,1,0,1,0,0,1,0,1,0,1,1,0,0,0,1,0,1,0,0,1,0,1,0,1,1,0,0,0,1,0,1,0,0,1,0,1,0,1,1,0,0
2026,3,29,08:48:48.286,3.54,5,67.1,0.8510,4397.5,401.4,3.939,2.18,3.89,0.01,0.01,-676.0,1873.0,362.0,-26517.0,26956,2063,120.8,0.0,11020.0,0,0,0,e1f,d4a,d4a,d4a,d4a,1,1,1,1,1,0,0,0,0,1,1,1,0,0,1,0,1,0,0,1,0,1,0,1,1,0,0,0,1,0,1,0,0,1,0,1,0,1,1,0,0,0,1,0,1,0,0,1,0,1,0,1,1,0,0,0,1,0,1,0,0,1,0,1,0,1,1,0,0
2026,3,29,08:48:48.306,3.56,25,67.1,0.8510,4397.5,401.4,3.940,2.18,3.89,0.01,0.01,-675.0,1873.0,362.0,-26530.0,26993,2070,123.8,0.0,11025.0,0,0,0,e1f,d4a,d4a,d4a,d4a,1,1,1,1,1,0,0,0,0,1,1,1,0,0,1,0,1,0,0,1,0,1,0,1,1,0,0,0,1,0,1,0,0,1,0,1,0,1,1,0,0,0,1,0,1,0,0,1,0,1,0,1,1,0,0,0,1,0,1,0,0,1,0,1,0,1,1,0,0
2026,3,29,08:48:48.326,3.58,45,67.1,0.8512,4389.3,393.2,3.939,2.18,3.89,0.01,0.01,-675.0,1874.0,362.0,-26544.0,27031,2078,126.5,0.0,11030.0,0,0,0,e1f,d4a,d4a,d4a,d4a,1,1,1,1,1,0,0,0,0,1,1,1,0,0,1,0,1,0,0,1,0,1,0,1,1,0,0,0,1,0,1,0,0,1,0,1,0,1,1,0,0,0,1,0,1,0,0,1,0,1,0,1,1,0,0,0,1,0,1,0,0,1,0,1,0,1,1,0,0
2026,3,29,08:48:48.346,3.60,65,67.1,0.8512,4389.3,393.2,3.939,2.18,3.89,0.01,0.01,-674.0,1874.0,363.0,-26557.0,27068,2085,129.1,0.0,11035.0,0,0,0,e1f,d4a,d4a,d4a,d4a,1,1,1,1,1,0,0,0,0,1,1,1,0,0,1,0,1,0,0,1,0,1,0,1,1,0,0,0,1,0,1,0,0,1,0,1,0,1,1,0,0,0,1,0,1,0,0,1,0,1,0,1,1,0,0,0,1,0,1,0,0,1,0,1,0,1,1,0,0
2026,3,29,08:48:48.366,3.62,85,67.1,0.8516,4379.2,383.1,3.939,2.18,3.89,0.01,0.01,-674.0,1874.0,363.0,-26571.0,27106,2092,131.5,0.0,11040.0,0,0,0,e1f,d4a,d4a,d4a,d4a,1,1,1,1,1,0,0,0,0,1,1,1,0,0,1,0,1,0,0,1,0,1,0,1,1,0,0,0,1,0,1,0,0,1,0,1,0,1,1,0,0,0,1,0,1,0,0,1,0,1,0,1,1,0,0,0,1,0,1,0,0,1,0,1,0,1,1,0,0
2026,3,29,08:48:48.386,3.64,105,67.1,0.8515,4379.8,383.8,3.939,2.18,3.89,0.01,0.01,-674.0,1874.0,364.0,-26584.0,27143,2099,133.7,0.0,11046.0,0,0,0,e1f,d4a,d4a,d4a,d4a,1,1,1,1,1,0,0,0,0,1,1,1,0,0,1,0,1,0,0,1,0,1,0,1,1,0,0,0,1,0,1,0,0,1,0,1,0,1,1,0,0,0,1,0,1,0,0,1,0,1,0,1,1,0,0,0,1,0,1,0,0,1,0,1,0,1,1,0,0
2026,3,29,08:48:48.406,3.66,125,67.1,0.8521,4362.2,366.1,3.939,2.18,3.89,0.01,0.01,-674.0,1875.0,364.0,-26598.0,27181,2107,135.8,0.0,11052.0,0,0,0,e1f,d4a,d4a,d4a,d4a,1,1,1,1,1,0,0,0,0,1,1,1,0,0,1,0,1,0,0,1,0,1,0,1,1,0,0,0,1,0,1,0,0,1,0,1,0,1,1,0,0,0,1,0,1,0,0,1,0,1,0,1,1,0,0,0,1,0,1,0,0,1,0,1,0,1,1,0,0
2026,3,29,08:48:48.426,3.68,145,67.1,0.8521,4361.6,365.5,3.939,2.18,3.89,0.01,0.01,-674.0,1875.0,365.0,-26611.0,27218,2114,137.7,0.0,11059.0,0,0,0,e1f,d4a,d4a,d4a,d4a,1,1,1,1,1,0,0,0,0,1,1,1,0,0,1,0,1,0,0,1,0,1,0,1,1,0,0,0,1,0,1,0,0,1,0,1,0,1,1,0,0,0,1,0,1,0,0,1,0,1,0,1,1,0,0,0,1,0,1,0,0,1,0,1,0,1,1,0,0
2026,3,29,08:48:48.446,3.70,165,67.1,0.8528,4340.8,344.7,3.940,2.18,3.89,0.01,0.01,-674.0,1875.0,365.0,-26625.0,27256,2121,139.5,0.0,11065.0,0,0,0,e1f,d4a,d4a,d4a,d4a,1,1,1,1,1,0,0,0,0,1,1,1,0,0,1,0,1,0,0,1,0,1,0,1,1,0,0,0,1,0,1,0,0,1,0,1,0,1,1,0,0,0,1,0,1,0,0,1,0,1,0,1,1,0,0,0,1,0,1,0,0,1,0,1,0,1,1,0,0
2026,3,29,08:48:48.466,3.72,185,67.1,0.8528,4340.8,344.7,3.940,2.18,3.89,0.01,0.01,-674.0,1875.0,366.0,-26638.0,27293,2129,141.2,0.0,11071.0,0,0,0,e1f,d4a,d4a,d4a,d4a,1,1,1,1,1,0,0,0,0,1,1,1,0,0,1,0,1,0,0,1,0,1,0,1,1,0,0,0,1,0,1,0,0,1,0,1,0,1,1,0,0,0,1,0,1,0,0,1,0,1,0,1,1,0,0,0,1,0,1,0,0,1,0,1,0,1,1,0,0
2026,3,29,08:48:48.486,3.74,205,67.1,0.8528,4340.8,344.7,3.940,2.18,3.89,0.01,0.01,-674.0,1875.0,366.0,-26652.0,27331,2136,142.7,0.0,11077.0,0,0,0,e1f,d4a,d4a,d4a,d4a,1,1,1,1,1,0,0,0,0,1,1,1,0,0,1,0,1,0,0,1,0,1,0,1,1,0,0,0,1,0,1,0,0,1,0,1,0,1,1,0,0,0,1,0,1,0,0,1,0,1,0,1,1,0,0,0,1,0,1,0,0,1,0,1,0,1,1,0,0
2026,3,29,08:48:48.506,3.76,225,67.1,0.8528,4340.8,344.7,3.940,2.18,3.89,0.01,0.01,-674.0,1875.0,367.0,-26665.0,27368,2143,144.2,0.0,11083.0,0,0,0,e1f,d4a,d4a,d4a,d4a,1,1,1,1,1,0,0,0,0,1,1,1,0,0,1,0,1,0,0,1,0,1,0,1,1,0,0,0,1,0,1,0,0,1,0,1,0,1,1,0,0,0,1,0,1,0,0,1,0,1,0,1,1,0,0,0,1,0,1,0,0,1,0,1,0,1,1,0,0
2026,3,29,08:48:48.526,3.78,245,67.1,0.8537,4313.1,317.0,3.940,2.18,3.89,0.01,0.01,-675.0,1875.0,367.0,-26679.0,27406,2151,145.6,0.0,11088.0,0,0,0,e1f,d4a,d4a,d4a,d4a,1,1,1,1,1,0,0,0,0,1,1,1,0,0,1,0,1,0,0,1,0,1,0,1,1,0,0,0,1,0,1,0,0,1,0,1,0,1,1,0,0,0,1,0,1,0,0,1,0,1,0,1,1,0,0,0,1,0,1,0,0,1,0,1,0,1,1,0,0
2026,3,29,08:48:48.546,3.80,15,67.1,0.8537,4313.1,317.0,3.940,2.18,3.89,0.01,0.01,-675.0,1875.0,367.0,-26692.0,27443,2158,147.0,0.0,11092.0,0,0,0,e1f,d4a,d4a,d4a,d4a,1,1,1,1,1,0,0,0,0,1,1,1,0,0,1,0,1,0,0,1,0,1,0,1,1,0,0,0,1,0,1,0,0,1,0,1,0,1,1,0,0,0,1,0,1,0,0,1,0,1,0,1,1,0,0,0,1,0,1,0,0,1,0,1,0,1,1,0,0
2026,3,29,08:48:48.566,3.82,35,67.1,0.8538,4308.7,312.6,3.939,2.18,3.89,0.01,0.01,-675.0,1876.0,368.0,-26706.0,27481,2165,148.3,0.0,11097.0,0,0,0,e1f,d4a,d4a,d4a,d4a,1,1,1,1,1,0,0,0,0,1,1,1,0,0,1,0,1,0,0,1,0,1,0,1,1,0,0,0,1,0,1,0,0,1,0,1,0,1,1,0,0,0,1,0,1,0,0,1,0,1,0,1,1,0,0,0,1,0,1,0,0,1,0,1,0,1,1,0,0
2026,3,29,08:48:48.586,3.84,55,67.1,0.8538,4308.7,312.6,3.940,2.18,3.89,0.01,0.01,-676.0,1876.0,368.0,-26719.0,27518,2173,149.6,0.0,11101.0,0,0,0,e1f,d4a,d4a,d4a,d4a,1,1,1,1,1,0,0,0,0,1,1,1,0,0,1,0,1,0,0,1,0,1,0,1,1,0,0,0,1,0,1,0,0,1,0,1,0,1,1,0,0,0,1,0,1,0,0,1,0,1,0,1,1,0,0,0,1,0,1,0,0,1,0,1,0,1,1,0,0
2026,3,29,08:48:48.606,3.86,75,67.1,0.8543,4293.6,297.5,3.940,2.18,3.89,0.01,0.01,-676.0,1877.0,368.0,-26733.0,27556,2180,150.9,0.0,11105.0,0,0,0,e1f,d4a,d4a,d4a,d4a,1,1,1,1,1,0,0,0,0,1,1,1,0,0,1,0,1,0,0,1,0,1,0,1,1,0,0,0,1,0,1,0,0,1,0,1,0,1,1,0,0,0,1,0,1,0,0,1,0,1,0,1,1,0,0,0,1,0,1,0,0,1,0,1,0,1,1,0,0
2026,3,29,08:48:48.626,3.88,95,67.1,0.8543,4293.6,297.5,3.940,2.18,3.89,0.01,0.01,-676.0,1877.0,369.0,-26747.0,27593,2187,152.1,0.0,11109.0,0,0,0,e1f,d4a,d4a,d4a,d4a,1,1,1,1,1,0,0,0,0,1,1,1,0,0,1,0,1,0,0,1,0,1,0,1,1,0,0,0,1,0,1,0,0,1,0,1,0,1,1,0,0,0,1,0,1,0,0,1,0,1,0,1,1,0,0,0,1,0,1,0,0,1,0,1,0,1,1,0,0
2026,3,29,08:48:48.646,3.90,115,67.1,0.8542,4296.7,300.7,3.940,2.18,3.89,0.01,0.01,-677.0,1878.0,369.0,-26760.0,27631,2195,153.2,0.0,11114.0,0,0,0,e1f,d4a,d4a,d4a,d4a,1,1,1,1,1,0,0,0,0,1,1,1,0,0,1,0,1,0,0,1,0,1,0,1,1,0,0,0,1,0,1,0,0,1,0,1,0,1,1,0,0,0,1,0,1,0,0,1,0,1,0,1,1,0,0,0,1,0,1,0,0,1,0,1,0,1,1,0,0
2026,3,29,23:17:04.087,3.92,128,59.0,0.9756,681.4,-3314.7,4.068,1.66,2.38,0.01,0.01,-419.0,-48.0,1420.0,-15669.0,-2483,-12525,144.7,0.0,53.0,0,0,0,eff,cc9,cc9,cc9,cc9,1,1,1,1,1,1,1,1,0,1,1,1,0,1,0,0,1,0,0,1,1,0,0,1,1,0,0,1,0,0,1,0,0,1,1,0,0,1,1,0,0,1,0,0,1,0,0,1,1,0,0,1,1,0,0,1,0,0,1,0,0,1,1,0,0,1,1,0,0
2026,3,29,23:17:04.107,3.94,148,59.0,0.9756,681.4,-3314.7,4.067,1.66,2.38,0.01,0.01,-419.0,-48.0,1421.0,-15677.0,-2484,-12497,144.7,0.0,53.0,0,0,0,eff,cc9,cc9,cc9,cc9,1,1,1,1,1,1,1,1,0,1,1,1,0,1,0,0,1,0,0,1,1,0,0,1,1,0,0,1,0,0,1,0,0,1,1,0,0,1,1,0,0,1,0,0,1,0,0,1,1,0,0,1,1,0,0,1,0,0,1,0,0,1,1,0,0,1,1,0,0
2026,3,29,23:17:04.127,3.96,168,59.0,0.9756,681.4,-3314.7,4.067,1.66,2.38,0.01,0.01,-419.0,-48.0,1421.0,-15686.0,-2485,-12468,144.7,0.0,53.0,0,0,0,eff,cc9,cc9,cc9,cc9,1,1,1,1,1,1,1,1,0,1,1,1,0,1,0,0,1,0,0,1,1,0,0,1,1,0,0,1,0,0,1,0,0,1,1,0,0,1,1,0,0,1,0,0,1,0,0,1,1,0,0,1,1,0,0,1,0,0,1,0,0,1,1,0,0,1,1,0,0
2026,3,29,23:17:04.147,3.98,188,59.0,0.9756,681.4,-3314.7,4.067,1.66,2.38,0.01,0.01,-419.0,-48.0,1422.0,-15694.0,-2486,-12440,144.7,0.0,53.0,0,0,0,eff,cc9,cc9,cc9,cc9,1,1,1,1,1,1,1,1,0,1,1,1,0,1,0,0,1,0,0,1,1,0,0,1,1,0,0,1,0,0,1,0,0,1,1,0,0,1,1,0,0,1,0,0,1,0,0,1,1,0,0,1,1,0,0,1,0,0,1,0,0,1,1,0,0,1,1,0,0
2026,3,29,08:48:44.826,4.00,45,67.1,0.8433,4639.9,643.9,3.939,2.08,3.89,0.01,0.01,-657.0,1800.0,341.0,-24223.0,20600,836,36.4,0.0,10531.0,0,0,0,e1f,d4e,d4a,d4a,d4a,1,1,1,1,1,0,0,0,0,1,1,1,0,0,1,1,1,0,0,1,0,1,0,1,1,0,0,0,1,0,1,0,0,1,0,1,0,1,1,0,0,0,1,0,1,0,0,1,0,1,0,1,1,0,0,0,1,0,1,0,0,1,0,1,0,1,1,0,0
2026,3,29,08:48:44.846,4.02,65,67.1,0.8428,4655.8,659.8,3.939,2.08,3.89,0.01,0.01,-656.0,1800.0,341.0,-24236.0,20636,842,36.9,0.0,10534.0,0,0,0,e1f,d4e,d4a,d4a,d4a,1,1,1,1,1,0,0,0,0,1,1,1,0,0,1,1,1,0,0,1,0,1,0,1,1,0,0,0,1,0,1,0,0,1,0,1,0,1,1,0,0,0,1,0,1,0,0,1,0,1,0,1,1,0,0,0,1,0,1,0,0,1,0,1,0,1,1,0,0
2026,3,29,08:48:44.866,4.04,85,67.0,0.8428,4657.1,661.0,3.940,2.08,3.89,0.01,0.01,-656.0,1800.0,341.0,-24250.0,20672,849,37.2,0.0,10537.0,0,0,0,e1f,d4e,d4a,d4a,d4a,1,1,1,1,1,0,0,0,0,1,1,1,0,0,1,1,1,0,0,1,0,1,0,1,1,0,0,0,1,0,1,0,0,1,0,1,0,1,1,0,0,0,1,0,1,0,0,1,0,1,0,1,1,0,0,0,1,0,1,0,0,1,0,1,0,1,1,0,0
2026,3,29,08:48:44.886,4.06,105,67.0,0.8422,4674.9,678.8,3.939,2.08,3.89,0.01,0.01,-656.0,1800.0,341.0,-24263.0,20708,856,37.3,0.0,10540.0,0,0,0,e1f,d4e,d4a,d4a,d4a,1,1,1,1,1,0,0,0,0,1,1,1,0,0,1,1,1,0,0,1,0,1,0,1,1,0,0,0,1,0,1,0,0,1,0,1,0,1,1,0,0,0,1,0,1,0,0,1,0,1,0,1,1,0,0,0,1,0,1,0,0,1,0,1,0,1,1,0,0
2026,3,29,08:48:44.906,4.08,125,67.0,0.8422,4675.5,679.5,3.939,2.08,3.89,0.01,0.01,-656.0,1800.0,341.0,-24276.0,20744,863,37.2,0.0,10543.0,0,0,0,e1f,d4e,d4a,d4a,d4a,1,1,1,1,1,0,0,0,0,1,1,1,0,0,1,1,1,0,0,1,0,1,0,1,1,0,0,0,1,0,1,0,0,1,0,1,0,1,1,0,0,0,1,0,1,0,0,1,0,1,0,1,1,0,0,0,1,0,1,0,0,1,0,1,0,1,1,0,0
2026,3,29,08:48:44.926,4.10,145,67.0,0.8416,4693.3,697.3,3.939,2.08,3.89,0.01,0.01,-656.0,1800.0,340.0,-24289.0,20780,870,36.8,0.0,10546.0,0,0,0,e1f,d4e,d4a,d4a,d4a,1,1,1,1,1,0,0,0,0,1,1,1,0,0,1,1,1,0,0,1,0,1,0,1,1,0,0,0,1,0,1,0,0,1,0,1,0,1,1,0,0,0,1,0,1,0,0,1,0,1,0,1,1,0,0,0,1,0,1,0,0,1,0,1,0,1,1,0,0
2026,3,29,08:48:44.946,4.12,165,67.0,0.8416,4694.6,698.5,3.939,2.08,3.89,0.01,0.01,-655.0,1800.0,340.0,-24302.0,20816,876,36.3,0.0,10550.0,0,0,0,e1f,d4e,d4a,d4a,d4a,1,1,1,1,1,0,0,0,0,1,1,1,0,0,1,1,1,0,0,1,0,1,0,1,1,0,0,0,1,0,1,0,0,1,0,1,0,1,1,0,0,0,1,0,1,0,0,1,0,1,0,1,1,0,0,0,1,0,1,0,0,1,0,1,0,1,1,0,0
2026,3,29,08:48:44.966,4.14,185,67.0,0.8409,4717.5,721.5,3.939,2.08,3.89,0.01,0.01,-655.0,1800.0,340.0,-24315.0,20852,883,35.5,0.0,10553.0,0,0,0,e1f,d4e,d4a,d4a,d4a,1,1,1,1,1,0,0,0,0,1,1,1,0,0,1,1,1,0,0,1,0,1,0,1,1,0,0,0,1,0,1,0,0,1,0,1,0,1,1,0,0,0,1,0,1,0,0,1,0,1,0,1,1,0,0,0,1,0,1,0,0,1,0,1,0,1,1,0,0
2026,3,29,08:48:44.986,4.16,205,66.9,0.8408,4718.8,722.7,3.939,2.08,3.89,0.01,0.01,-655.0,1800.0,340.0,-24328.0,20888,890,34.7,0.0,10556.0,0,0,0,e1f,d4e,d4a,d4a,d4a,1,1,1,1,1,0,0,0,0,1,1,1,0,0,1,1,1,0,0,1,0,1,0,1,1,0,0,0,1,0,1,0,0,1,0,1,0,1,1,0,0,0,1,0,1,0,0,1,0,1,0,1,1,0,0,0,1,0,1,0,0,1,0,1,0,1,1,0,0
2026,3,29,08:48:45.006,4.18,225,66.9,0.8399,4748.1,752.0,3.938,2.08,3.89,0.01,0.01,-655.0,1801.0,340.0,-24341.0,20924,897,33.6,0.0,10559.0,0,0,0,e1f,d4e,d4a,d4a,d4a,1,1,1,1,1,0,0,0,0,1,1,1,0,0,1,1,1,0,0,1,0,1,0,1,1,0,0,0,1,0,1,0,0,1,0,1,0,1,1,0,0,0,1,0,1,0,0,1,0,1,0,1,1,0,0,0,1,0,1,0,0,1,0,1,0,1,1,0,0
2026,3,29,08:48:45.026,4.20,245,66.9,0.8399,4749.4,753.3,3.938,2.08,3.89,0.01,0.01,-655.0,1801.0,340.0,-24355.0,20960,904,32.5,0.0,10562.0,0,0,0,e1f,d4e,d4a,d4a,d4a,1,1,1,1,1,0,0,0,0,1,1,1,0,0,1,1,1,0,0,1,0,1,0,1,1,0,0,0,1,0,1,0,0,1,0,1,0,1,1,0,0,0,1,0,1,0,0,1,0,1,0,1,1,0,0,0,1,0,1,0,0,1,0,1,0,1,1,0,0
2026,3,29,08:48:45.046,4.22,15,66.9,0.8392,4770.4,774.4,3.939,2.08,3.89,0.01,0.01,-655.0,1801.0,340.0,-24368.0,20996,911,31.4,0.0,10565.0,0,0,0,e1f,d4e,d4a,d4a,d4a,1,1,1,1,1,0,0,0,0,1,1,1,0,0,1,1,1,0,0,1,0,1,0,1,1,0,0,0,1,0,1,0,0,1,0,1,0,1,1,0,0,0,1,0,1,0,0,1,0,1,0,1,1,0,0,0,1,0,1,0,0,1,0,1,0,1,1,0,0
2026,3,29,08:48:45.066,4.24,35,66.9,0.8392,4771.7,775.6,3.939,2.08,3.88,0.01,0.01,-655.0,1802.0,340.0,-24381.0,21032,917,30.3,0.0,10568.0,0,0,0,e1f,d4e,d4a,d4a,d4a,1,1,1,1,1,0,0,0,0,1,1,1,0,0,1,1,1,0,0,1,0,1,0,1,1,0,0,0,1,0,1,0,0,1,0,1,0,1,1,0,0,0,1,0,1,0,0,1,0,1,0,1,1,0,0,0,1,0,1,0,0,1,0,1,0,1,1,0,0
2026,3,29,08:48:45.086,4.26,55,66.9,0.8387,4787.6,791.6,3.939,2.08,3.88,0.01,0.01,-656.0,1802.0,341.0,-24394.0,21068,924,29.3,0.0,10571.0,0,0,0,e1f,d4e,d4a,d4a,d4a,1,1,1,1,1,0,0,0,0,1,1,1,0,0,1,1,1,0,0,1,0,1,0,1,1,0,0,0,1,0,1,0,0,1,0,1,0,1,1,0,0,0,1,0,1,0,0,1,0,1,0,1,1,0,0,0,1,0,1,0,0,1,0,1,0,1,1,0,0
2026,3,29,08:48:45.106,4.28,75,66.8,0.8387,4788.3,792.2,3.939,2.08,3.89,0.01,0.01,-656.0,1803.0,341.0,-24407.0,21104,931,28.5,0.0,10574.0,0,0,0,e1f,d4e,d4a,d4a,d4a,1,1,1,1,1,0,0,0,0,1,1,1,0,0,1,1,1,0,0,1,0,1,0,1,1,0,0,0,1,0,1,0,0,1,0,1,0,1,1,0,0,0,1,0,1,0,0,1,0,1,0,1,1,0,0,0,1,0,1,0,0,1,0,1,0,1,1,0,0
2026,3,29,08:48:45.126,4.30,95,66.8,0.8381,4806.8,810.7,3.939,2.09,3.89,0.01,0.01,-656.0,1803.0,342.0,-24420.0,21140,938,27.8,0.0,10577.0,0,0,0,e1f,d4e,d4a,d4a,d4a,1,1,1,1,1,0,0,0,0,1,1,1,0,0,1,1,1,0,0,1,0,1,0,1,1,0,0,0,1,0,1,0,0,1,0,1,0,1,1,0,0,0,1,0,1,0,0,1,0,1,0,1,1,0,0,0,1,0,1,0,0,1,0,1,0,1,1,0,0
2026,3,29,08:48:45.146,4.32,115,66.8,0.8381,4807.4,811.4,3.939,2.09,3.89,0.01,0.01,-657.0,1804.0,343.0,-24433.0,21176,945,27.3,0.0,10580.0,0,0,0,e1f,d4e,d4a,d4a,d4a,1,1,1,1,1,0,0,0,0,1,1,1,0,0,1,1,1,0,0,1,0,1,0,1,1,0,0,0,1,0,1,0,0,1,0,1,0,1,1,0,0,0,1,0,1,0,0,1,0,1,0,1,1,0,0,0,1,0,1,0,0,1,0,1,0,1,1,0,0
2026,3,29,08:48:45.166,4.34,135,66.8,0.8373,4830.4,834.4,3.940,2.09,3.89,0.01,0.01,-657.0,1804.0,343.0,-24446.0,21212,952,27.0,0.0,10583.0,0,0,0,e1f,d4e,d4a,d4a,d4a,1,1,1,1,1,0,0,0,0,1,1,1,0,0,1,1,1,0,0,1,0,1,0,1,1,0,0,0,1,0,1,0,0,1,0,1,0,1,1,0,0,0,1,0,1,0,0,1,0,1,0,1,1,0,0,0,1,0,1,0,0,1,0,1,0,1,1,0,0
2026,3,29,08:48:45.186,4.36,155,66.8,0.8373,4830.4,834.4,3.939,2.09,3.89,0.01,0.01,-657.0,1804.0,344.0,-24460.0,21248,958,26.9,0.0,10586.0,0,0,0,e1f,d4e,d4a,d4a,d4a,1,1,1,1,1,0,0,0,0,1,1,1,0,0,1,1,1,0,0,1,0,1,0,1,1,0,0,0,1,0,1,0,0,1,0,1,0,1,1,0,0,0,1,0,1,0,0,1,0,1,0,1,1,0,0,0,1,0,1,0,0,1,0,1,0,1,1,0,0
2026,3,29,08:48:45.206,4.38,175,66.8,0.8369,4845.1,849.1,3.939,2.09,3.89,0.01,0.01,-658.0,1805.0,344.0,-24473.0,21284,965,27.0,0.0,10589.0,0,0,0,e1f,d4e,d4a,d4a,d4a,1,1,1,1,1,0,0,0,0,1,1,1,0,0,1,1,1,0,0,1,0,1,0,1,1,0,0,0,1,0,1,0,0,1,0,1,0,1,1,0,0,0,1,0,1,0,0,1,0,1,0,1,1,0,0,0,1,0,1,0,0,1,0,1,0,1,1,0,0
2026,3,29,08:48:45.226,4.40,195,66.8,0.8368,4846.4,850.4,3.939,2.09,3.89,0.01,0.01,-658.0,1805.0,345.0,-24486.0,21320,972,27.2,0.0,10592.0,0,0,0,e1f,d4e,d4a,d4a,d4a,1,1,1,1,1,0,0,0,0,1,1,1,0,0,1,1,1,0,0,1,0,1,0,1,1,0,0,0,1,0,1,0,0,1,0,1,0,1,1,0,0,0,1,0,1,0,0,1,0,1,0,1,1,0,0,0,1,0,1,0,0,1,0,1,0,1,1,0,0
2026,3,29,08:48:45.246,4.42,215,66.8,0.8366,4852.8,856.7,3.939,2.09,3.89,0.01,0.01,-658.0,1805.0,345.0,-24499.0,21356,979,27.7,0.0,10595.0,0,0,0,e1f,d4e,d4a,d4a,d4a,1,1,1,1,1,0,0,0,0,1,1,1,0,0,1,1,1,0,0,1,0,1,0,1,1,0,0,0,1,0,1,0,0,1,0,1,0,1,1,0,0,0,1,0,1,0,0,1,0,1,0,1,1,0,0,0,1,0,1,0,0,1,0,1,0,1,1,0,0
2026,3,29,08:48:45.266,4.44,235,66.8,0.8366,4853.4,857.4,3.940,2.09,3.89,0.01,0.01,-659.0,1806.0,345.0,-24512.0,21393,986,28.3,0.0,10598.0,0,0,0,e1f,d4e,d4a,d4a,d4a,1,1,1,1,1,0,0,0,0,1,1,1,0,0,1,1,1,0,0,1,0,1,0,1,1,0,0,0,1,0,1,0,0,1,0,1,0,1,1,0,0,0,1,0,1,0,0,1,0,1,0,1,1,0,0,0,1,0,1,0,0,1,0,1,0,1,1,0,0
2026,3,29,08:48:45.286,4.46,5,66.8,0.8363,4863.0,867.0,3.940,2.09,3.89,0.01,0.01,-659.0,1806.0,346.0,-24525.0,21429,993,29.1,0.0,10602.0,0,0,0,e1f,d4e,d4a,d4a,d4a,1,1,1,1,1,0,0,0,0,1,1,1,0,0,1,1,1,0,0,1,0,1,0,1,1,0,0,0,1,0,1,0,0,1,0,1,0,1,1,0,0,0,1,0,1,0,0,1,0,1,0,1,1,0,0,0,1,0,1,0,0,1,0,1,0,1,1,0,0
2026,3,29,08:48:45.306,4.48,25,66.8,0.8363,4863.7,867.6,3.939,2.09,3.89,0.01,0.01,-659.0,1806.0,346.0,-24539.0,21465,1000,29.9,0.0,10605.0,0,0,0,e1f,d4e,d4a,d4a,d4a,1,1,1,1,1,0,0,0,0,1,1,1,0,0,1,1,1,0,0,1,0,1,0,1,1,0,0,0,1,0,1,0,0,1,0,1,0,1,1,0,0,0,1,0,1,0,0,1,0,1,0,1,1,0,0,0,1,0,1,0,0,1,0,1,0,1,1,0,0
2026,3,29,08:48:45.326,4.50,45,66.8,0.8364,4860.5,864.4,3.939,2.09,3.89,0.01,0.01,-659.0,1807.0,346.0,-24552.0,21501,1007,30.8,0.0,10608.0,0,0,0,e1f,d4e,d4a,d4a,d4a,1,1,1,1,1,0,0,0,0,1,1,1,0,0,1,1,1,0,0,1,0,1,0,1,1,0,0,0,1,0,1,0,0,1,0,1,0,1,1,0,0,0,1,0,1,0,0,1,0,1,0,1,1,0,0,0,1,0,1,0,0,1,0,1,0,1,1,0,0
2026,3,29,08:48:45.346,4.52,65,66.8,0.8364,4859.8,863.8,3.940,2.09,3.89,0.01,0.01,-659.0,1807.0,346.0,-24565.0,21537,1014,31.8,0.0,10611.0,0,0,0,e1f,d4e,d4a,d4a,d4a,1,1,1,1,1,0,0,0,0,1,1,1,0,0,1,1,1,0,0,1,0,1,0,1,1,0,0,0,1,0,1,0,0,1,0,1,0,1,1,0,0,0,1,0,1,0,0,1,0,1,0,1,1,0,0,0,1,0,1,0,0,1,0,1,0,1,1,0,0
2026,3,29,08:48:45.366,4.54,85,66.8,0.8365,4858.6,862.5,3.939,2.09,3.89,0.01,0.01,-659.0,1808.0,345.0,-24578.0,21573,1021,32.8,0.0,10614.0,0,0,0,e1f,d4e,d4a,d4a,d4a,1,1,1,1,1,0,0,0,0,1,1,1,0,0,1,1,1,0,0,1,0,1,0,1,1,0,0,0,1,0,1,0,0,1,0,1,0,1,1,0,0,0,1,0,1,0,0,1,0,1,0,1,1,0,0,0,1,0,1,0,0,1,0,1,0,1,1,0,0
2026,3,29,08:48:45.386,4.56,105,66.8,0.8365,4858.6,862.5,3.939,2.09,3.89,0.01,0.01,-659.0,1808.0,345.0,-24591.0,21610,1028,33.7,0.0,10617.0,0,0,0,e1f,d4e,d4a,d4a,d4a,1,1,1,1,1,0,0,0,0,1,1,1,0,0,1,1,1,0,0,1,0,1,0,1,1,0,0,0,1,0,1,0,0,1,0,1,0,1,1,0,0,0,1,0,1,0,0,1,0,1,0,1,1,0,0,0,1,0,1,0,0,1,0,1,0,1,1,0,0
2026,3,29,08:48:45.406,4.58,125,66.8,0.8366,4854.7,858.7,3.939,2.09,3.89,0.01,0.01,-659.0,1809.0,345.0,-24605.0,21646,1034,34.7,0.0,10620.0,0,0,0,e1f,d4e,d4a,d4a,d4a,1,1,1,1,1,0,0,0,0,1,1,1,0,0,1,1,1,0,0,1,0,1,0,1,1,0,0,0,1,0,1,0,0,1,0,1,0,1,1,0,0,0,1,0,1,0,0,1,0,1,0,1,1,0,0,0,1,0,1,0,0,1,0,1,0,1,1,0,0
2026,3,29,08:48:45.426,4.60,145,66.8,0.8366,4854.1,858.0,3.939,2.09,3.89,0.01,0.01,-659.0,1809.0,345.0,-24618.0,21682,1041,35.5,0.0,10622.0,0,0,0,e1f,d4e,d4a,d4a,d4a,1,1,1,1,1,0,0,0,0,1,1,1,0,0,1,1,1,0,0,1,0,1,0,1,1,0,0,0,1,0,1,0,0,1,0,1,0,1,1,0,0,0,1,0,1,0,0,1,0,1,0,1,1,0,0,0,1,0,1,0,0,1,0,1,0,1,1,0,0
2026,3,29,08:48:45.446,4.62,165,66.8,0.8371,4839.4,843.3,3.939,2.09,3.89,0.01,0.01,-659.0,1810.0,344.0,-24631.0,21718,1048,36.3,0.0,10625.0,0,0,0,e1f,d4e,d4a,d4a,d4a,1,1,1,1,1,0,0,0,0,1,1,1,0,0,1,1,1,0,0,1,0,1,0,1,1,0,0,0,1,0,1,0,0,1,0,1,0,1,1,0,0,0,1,0,1,0,0,1,0,1,0,1,1,0,0,0,1,0,1,0,0,1,0,1,0,1,1,0,0
2026,3,29,08:48:45.466,4.64,185,66.8,0.8371,4838.7,842.7,3.940,2.09,3.89,0.01,0.01,-658.0,1810.0,344.0,-24644.0,21754,1055,37.0,0.0,10627.0,0,0,0,e1f,d4e,d4a,d4a,d4a,1,1,1,1,1,0,0,0,0,1,1,1,0,0,1,1,1,0,0,1,0,1,0,1,1,0,0,0,1,0,1,0,0,1,0,1,0,1,1,0,0,0,1,0,1,0,0,1,0,1,0,1,1,0,0,0,1,0,1,0,0,1,0,1,0,1,1,0,0
2026,3,29,08:48:45.486,4.66,205,66.8,0.8371,4838.7,842.7,3.939,2.09,3.89,0.01,0.01,-658.0,1811.0,343.0,-24657.0,21790,1062,37.6,0.0,10629.0,0,0,0,e1f,d4e,d4a,d4a,d4a,1,1,1,1,1,0,0,0,0,1,1,1,0,0,1,1,1,0,0,1,0,1,0,1,1,0,0,0,1,0,1,0,0,1,0,1,0,1,1,0,0,0,1,0,1,0,0,1,0,1,0,1,1,0,0,0,1,0,1,0,0,1,0,1,0,1,1,0,0
2026,3,29,08:48:45.506,4.68,225,66.8,0.8371,4838.1,842.0,3.940,2.09,3.89,0.01,0.01,-658.0,1811.0,343.0,-24670.0,21827,1069,38.0,0.0,10631.0,0,0,0,e1f,d4e,d4a,d4a,d4a,1,1,1,1,1,0,0,0,0,1,1,1,0,0,1,1,1,0,0,1,0,1,0,1,1,0,0,0,1,0,1,0,0,1,0,1,0,1,1,0,0,0,1,0,1,0,0,1,0,1,0,1,1,0,0,0,1,0,1,0,0,1,0,1,0,1,1,0,0
2026,3,29,08:48:45.526,4.70,245,66.8,0.8376,4823.4,827.3,3.939,2.09,3.89,0.01,0.01,-658.0,1812.0,343.0,-24684.0,21863,1076,38.4,0.0,10633.0,0,0,0,e1f,d4e,d4a,d4a,d4a,1,1,1,1,1,0,0,0,0,1,1,1,0,0,1,1,1,0,0,1,0,1,0,1,1,0,0,0,1,0,1,0,0,1,0,1,0,1,1,0,0,0,1,0,1,0,0,1,0,1,0,1,1,0,0,0,1,0,1,0,0,1,0,1,0,1,1,0,0
2026,3,29,08:48:45.546,4.72,15,66.9,0.8376,4822.1,826.1,3.940,2.09,3.89,0.01,0.01,-658.0,1812.0,343.0,-24697.0,21899,1083,38.6,0.0,10635.0,0,0,0,e1f,d4e,d4a,d4a,d4a,1,1,1,1,1,0,0,0,0,1,1,1,0,0,1,1,1,0,0,1,0,1,0,1,1,0,0,0,1,0,1,0,0,1,0,1,0,1,1,0,0,0,1,0,1,0,0,1,0,1,0,1,1,0,0,0,1,0,1,0,0,1,0,1,0,1,1,0,0
2026,3,29,08:48:45.566,4.74,35,66.9,0.8381,4806.2,810.1,3.939,2.09,3.89,0.01,0.01,-657.0,1813.0,342.0,-24710.0,21935,1090,38.8,0.0,10637.0,0,0,0,e1f,d4e,d4a,d4a,d4a,1,1,1,1,1,0,0,0,0,1,1,1,0,0,1,1,1,0,0,1,0,1,0,1,1,0,0,0,1,0,1,0,0,1,0,1,0,1,1,0,0,0,1,0,1,0,0,1,0,1,0,1,1,0,0,0,1,0,1,0,0,1,0,1,0,1,1,0,0
2026,3,29,08:48:45.586,4.76,55,66.9,0.8381,4804.9,808.8,3.939,2.09,3.89,0.01,0.01,-657.0,1814.0,342.0,-24723.0,21972,1096,38.8,0.0,10639.0,0,0,0,e1f,d4e,d4a,d4a,d4a,1,1,1,1,1,0,0,0,0,1,1,1,0,0,1,1,1,0,0,1,0,1,0,1,1,0,0,0,1,0,1,0,0,1,0,1,0,1,1,0,0,0,1,0,1,0,0,1,0,1,0,1,1,0,0,0,1,0,1,0,0,1,0,1,0,1,1,0,0
2026,3,29,08:48:45.606,4.78,75,66.9,0.8387,4787.0,791.0,3.940,2.09,3.89,0.01,0.01,-657.0,1815.0,342.0,-24736.0,22008,1103,38.6,0.0,10641.0,0,0,0,e1f,d4e,d4a,d4a,d4a,1,1,1,1,1,0,0,0,0,1,1,1,0,0,1,1,1,0,0,1,0,1,0,1,1,0,0,0,1,0,1,0,0,1,0,1,0,1,1,0,0,0,1,0,1,0,0,1,0,1,0,1,1,0,0,0,1,0,1,0,0,1,0,1,0,1,1,0,0
2026,3,29,08:48:45.626,4.80,95,66.9,0.8387,4785.7,789.7,3.939,2.09,3.89,0.01,0.01,-657.0,1816.0,342.0,-24749.0,22044,1110,38.4,0.0,10644.0,0,0,0,e1f,d4e,d4a,d4a,d4a,1,1,1,1,1,0,0,0,0,1,1,1,0,0,1,1,1,0,0,1,0,1,0,1,1,0,0,0,1,0,1,0,0,1,0,1,0,1,1,0,0,0,1,0,1,0,0,1,0,1,0,1,1,0,0,0,1,0,1,0,0,1,0,1,0,1,1,0,0
2026,3,29,08:48:45.646,4.82,115,66.9,0.8398,4753.2,757.1,3.939,2.09,3.89,0.01,0.01,-656.0,1816.0,342.0,-24763.0,22081,1117,37.9,0.0,10646.0,0,0,0,e1f,d4e,d4a,d4a,d4a,1,1,1,1,1,0,0,0,0,1,1,1,0,0,1,1,1,0,0,1,0,1,0,1,1,0,0,0,1,0,1,0,0,1,0,1,0,1,1,0,0,0,1,0,1,0,0,1,0,1,0,1,1,0,0,0,1,0,1,0,0,1,0,1,0,1,1,0,0
2026,3,29,08:48:45.666,4.84,135,67.0,0.8398,4752.6,756.5,3.939,2.09,3.89,0.01,0.01,-656.0,1817.0,342.0,-24776.0,22117,1124,37.4,0.0,10648.0,0,0,0,e1f,d4e,d4a,d4a,d4a,1,1,1,1,1,0,0,0,0,1,1,1,0,0,1,1,1,0,0,1,0,1,0,1,1,0,0,0,1,0,1,0,0,1,0,1,0,1,1,0,0,0,1,0,1,0,0,1,0,1,0,1,1,0,0,0,1,0,1,0,0,1,0,1,0,1,1,0,0
2026,3,29,08:48:45.686,4.86,155,67.0,0.8405,4730.9,734.8,3.940,2.10,3.89,0.01,0.01,-656.0,1818.0,342.0,-24789.0,22153,1131,36.7,0.0,10650.0,0,0,0,e1f,d4e,d4a,d4a,d4a,1,1,1,1,1,0,0,0,0,1,1,1,0,0,1,1,1,0,0,1,0,1,0,1,1,0,0,0,1,0,1,0,0,1,0,1,0,1,1,0,0,0,1,0,1,0,0,1,0,1,0,1,1,0,0,0,1,0,1,0,0,1,0,1,0,1,1,0,0
2026,3,29,08:48:45.706,4.88,175,67.0,0.8405,4730.3,734.2,3.939,2.10,3.89,0.01,0.01,-656.0,1819.0,342.0,-24802.0,22190,1138,35.9,0.0,10651.0,0,0,0,e1f,d4e,d4a,d4a,d4a,1,1,1,1,1,0,0,0,0,1,1,1,0,0,1,1,1,0,0,1,0,1,0,1,1,0,0,0,1,0,1,0,0,1,0,1,0,1,1,0,0,0,1,0,1,0,0,1,0,1,0,1,1,0,0,0,1,0,1,0,0,1,0,1,0,1,1,0,0
2026,3,29,08:48:45.726,4.90,195,67.0,0.8410,4712.4,716.4,3.940,2.10,3.89,0.01,0.01,-656.0,1820.0,343.0,-24815.0,22226,1144,35.1,0.0,10653.0,0,0,0,e1f,d4e,d4a,d4a,d4a,1,1,1,1,1,0,0,0,0,1,1,1,0,0,1,1,1,0,0,1,0,1,0,1,1,0,0,0,1,0,1,0,0,1,0,1,0,1,1,0,0,0,1,0,1,0,0,1,0,1,0,1,1,0,0,0,1,0,1,0,0,1,0,1,0,1,1,0,0
2026,3,29,08:48:45.746,4.92,215,67.0,0.8411,4711.8,715.7,3.940,2.10,3.89,0.01,0.01,-656.0,1821.0,343.0,-24828.0,22263,1151,34.2,0.0,10654.0,0,0,0,e1f,d4e,d4a,d4a,d4a,1,1,1,1,1,0,0,0,0,1,1,1,0,0,1,1,1,0,0,1,0,1,0,1,1,0,0,0,1,0,1,0,0,1,0,1,0,1,1,0,0,0,1,0,1,0,0,1,0,1,0,1,1,0,0,0,1,0,1,0,0,1,0,1,0,1,1,0,0
2026,3,29,08:48:45.766,4.94,235,67.0,0.8413,4704.2,708.1,3.939,2.10,3.89,0.01,0.01,-656.0,1822.0,344.0,-24841.0,22299,1158,33.2,0.0,10655.0,0,0,0,e1f,d4e,d4a,d4a,d4a,1,1,1,1,1,0,0,0,0,1,1,1,0,0,1,1,1,0,0,1,0,1,0,1,1,0,0,0,1,0,1,0,0,1,0,1,0,1,1,0,0,0,1,0,1,0,0,1,0,1,0,1,1,0,0,0,1,0,1,0,0,1,0,1,0,1,1,0,0
2026,3,29,08:48:45.786,4.96,5,67.0,0.8413,4702.9,706.8,3.940,2.10,3.89,0.01,0.01,-656.0,1823.0,344.0,-24854.0,22335,1165,32.3,0.0,10656.0,0,0,0,e1f,d4e,d4a,d4a,d4a,1,1,1,1,1,0,0,0,0,1,1,1,0,0,1,1,1,0,0,1,0,1,0,1,1,0,0,0,1,0,1,0,0,1,0,1,0,1,1,0,0,0,1,0,1,0,0,1,0,1,0,1,1,0,0,0,1,0,1,0,0,1,0,1,0,1,1,0,0
2026,3,29,08:48:45.806,4.98,25,67.0,0.8416,4693.3,697.3,3.939,2.10,3.89,0.01,0.01,-656.0,1824.0,345.0,-24868.0,22372,1172,31.3,0.0,10656.0,0,0,0,e1f,d4e,d4a,d4a,d4a,1,1,1,1,1,0,0,0,0,1,1,1,0,0,1,1,1,0,0,1,0,1,0,1,1,0,0,0,1,0,1,0,0,1,0,1,0,1,1,0,0,0,1,0,1,0,0,1,0,1,0,1,1,0,0,0,1,0,1,0,0,1,0,1,0,1,1,0,0
2026,3,29,08:48:45.826,5.00,45,67.0,0.8416,4693.3,697.3,3.938,2.10,3.89,0.01,0.01,-656.0,1824.0,346.0,-24881.0,22408,1179,30.3,0.0,10657.0,0,0,0,e1f,d4e,d4a,d4a,d4a,1,1,1,1,1,0,0,0,0,1,1,1,0,0,1,1,1,0,0,1,0,1,0,1,1,0,0,0,1,0,1,0,0,1,0,1,0,1,1,0,0,0,1,0,1,0,0,1,0,1,0,1,1,0,0,0,1,0,1,0,0,1,0,1,0,1,1,0,0
2026,3,29,08:48:45.846,5.02,65,67.0,0.8418,4688.2,692.2,3.939,2.10,3.89,0.01,0.01,-656.0,1825.0,347.0,-24894.0,22445,1186,29.3,0.0,10658.0,0,0,0,e1f,d4e,d4a,d4a,d4a,1,1,1,1,1,0,0,0,0,1,1,1,0,0,1,1,1,0,0,1,0,1,0,1,1,0,0,0,1,0,1,0,0,1,0,1,0,1,1,0,0,0,1,0,1,0,0,1,0,1,0,1,1,0,0,0,1,0,1,0,0,1,0,1,0,1,1,0,0
2026,3,29,08:48:45.866,5.04,85,67.0,0.8418,4688.9,692.8,3.939,2.10,3.89,0.01,0.01,-657.0,1826.0,348.0,-24907.0,22481,1193,28.3,0.0,10658.0,0,0,0,e1f,d4e,d4a,d4a,d4a,1,1,1,1,1,0,0,0,0,1,1,1,0,0,1,1,1,0,0,1,0,1,0,1,1,0,0,0,1,0,1,0,0,1,0,1,0,1,1,0,0,0,1,0,1,0,0,1,0,1,0,1,1,0,0,0,1,0,1,0,0,1,0,1,0,1,1,0,0
2026,3,29,08:48:45.886,5.06,105,67.0,0.8419,4683.8,687.7,3.939,2.10,3.89,0.01,0.01,-657.0,1827.0,348.0,-24920.0,22518,1200,27.4,0.0,10658.0,0,0,0,e1f,d4e,d4a,d4a,d4a,1,1,1,1,1,0,0,0,0,1,1,1,0,0,1,1,1,0,0,1,0,1,0,1,1,0,0,0,1,0,1,0,0,1,0,1,0,1,1,0,0,0,1,0,1,0,0,1,0,1,0,1,1,0,0,0,1,0,1,0,0,1,0,1,0,1,1,0,0
2026,3,29,08:48:45.906,5.08,125,67.0,0.8419,4683.8,687.7,3.939,2.10,3.89,0.01,0.01,-657.0,1828.0,349.0,-24933.0,22555,1207,26.5,0.0,10659.0,0,0,0,e1f,d4e,d4a,d4a,d4a,1,1,1,1,1,0,0,0,0,1,1,1,0,0,1,1,1,0,0,1,0,1,0,1,1,0,0,0,1,0,1,0,0,1,0,1,0,1,1,0,0,0,1,0,1,0,0,1,0,1,0,1,1,0,0,0,1,0,1,0,0,1,0,1,0,1,1,0,0
2026,3,29,08:48:45.926,5.10,145,67.0,0.8421,4677.4,681.4,3.940,2.10,3.89,0.01,0.01,-657.0,1828.0,350.0,-24946.0,22591,1214,25.6,0.0,10659.0,0,0,0,e1f,d4e,d4a,d4a,d4a,1,1,1,1,1,0,0,0,0,1,1,1,0,0,1,1,1,0,0,1,0,1,0,1,1,0,0,0,1,0,1,0,0,1,0,1,0,1,1,0,0,0,1,0,1,0,0,1,0,1,0,1,1,0,0,0,1,0,1,0,0,1,0,1,0,1,1,0,0
2026,3,29,08:48:45.946,5.12,165,67.0,0.8421,4678.1,682.0,3.940,2.10,3.89,0.01,0.01,-658.0,1829.0,351.0,-24960.0,22628,1221,24.9,0.0,10659.0,0,0,0,e1f,d4e,d4a,d4a,d4a,1,1,1,1,1,0,0,0,0,1,1,1,0,0,1,1,1,0,0,1,0,1,0,1,1,0,0,0,1,0,1,0,0,1,0,1,0,1,1,0,0,0,1,0,1,0,0,1,0,1,0,1,1,0,0,0,1,0,1,0,0,1,0,1,0,1,1,0,0
2026,3,29,08:48:45.966,5.14,185,67.0,0.8421,4678.1,682.0,3.938,2.10,3.89,0.01,0.01,-658.0,1829.0,351.0,-24973.0,22664,1228,24.2,0.0,10659.0,0,0,0,e1f,d4e,d4a,d4a,d4a,1,1,1,1,1,0,0,0,0,1,1,1,0,0,1,1,1,0,0,1,0,1,0,1,1,0,0,0,1,0,1,0,0,1,0,1,0,1,1,0,0,0,1,0,1,0,0,1,0,1,0,1,1,0,0,0,1,0,1,0,0,1,0,1,0,1,1,0,0
2026,3,29,08:48:45.986,5.16,205,67.0,0.8421,4678.7,682.6,3.939,2.10,3.89,0.01,0.01,-658.0,1830.0,352.0,-24986.0,22701,1235,23.7,0.0,10659.0,0,0,0,e1f,d4e,d4a,d4a,d4a,1,1,1,1,1,0,0,0,0,1,1,1,0,0,1,1,1,0,0,1,0,1,0,1,1,0,0,0,1,0,1,0,0,1,0,1,0,1,1,0,0,0,1,0,1,0,0,1,0,1,0,1,1,0,0,0,1,0,1,0,0,1,0,1,0,1,1,0,0
2026,3,29,08:48:46.006,5.18,225,67.0,0.8422,4675.5,679.5,3.940,2.10,3.89,0.01,0.01,-659.0,1831.0,352.0,-24999.0,22738,1242,23.3,0.0,10659.0,0,0,0,e1f,d4e,d4a,d4a,d4a,1,1,1,1,1,0,0,0,0,1,1,1,0,0,1,1,1,0,0,1,0,1,0,1,1,0,0,0,1,0,1,0,0,1,0,1,0,1,1,0,0,0,1,0,1,0,0,1,0,1,0,1,1,0,0,0,1,0,1,0,0,1,0,1,0,1,1,0,0
2026,3,29,08:48:46.026,5.20,245,67.0,0.8422,4675.5,679.5,3.939,2.10,3.89,0.01,0.01,-659.0,1831.0,353.0,-25012.0,22774,1249,23.0,0.0,10660.0,0,0,0,e1f,d4e,d4a,d4a,d4a,1,1,1,1,1,0,0,0,0,1,1,1,0,0,1,1,1,0,0,1,0,1,0,1,1,0,0,0,1,0,1,0,0,1,0,1,0,1,1,0,0,0,1,0,1,0,0,1,0,1,0,1,1,0,0,0,1,0,1,0,0,1,0,1,0,1,1,0,0
2026,3,29,08:48:46.046,5.22,15,67.0,0.8421,4678.7,682.6,3.939,2.10,3.89,0.01,0.01,-659.0,1832.0,353.0,-25025.0,22811,1256,22.8,0.0,10660.0,0,0,0,e1f,d4e,d4a,d4a,d4a,1,1,1,1,1,0,0,0,0,1,1,1,0,0,1,1,1,0,0,1,0,1,0,1,1,0,0,0,1,0,1,0,0,1,0,1,0,1,1,0,0,0,1,0,1,0,0,1,0,1,0,1,1,0,0,0,1,0,1,0,0,1,0,1,0,1,1,0,0
2026,3,29,08:48:46.066,5.24,35,66.9,0.8421,4679.3,683.3,3.940,2.10,3.89,0.01,0.01,-660.0,1833.0,353.0,-25039.0,22847,1263,22.8,0.0,10660.0,0,0,0,e1f,d4e,d4a,d4a,d4a,1,1,1,1,1,0,0,0,0,1,1,1,0,0,1,1,1,0,0,1,0,1,0,1,1,0,0,0,1,0,1,0,0,1,0,1,0,1,1,0,0,0,1,0,1,0,0,1,0,1,0,1,1,0,0,0,1,0,1,0,0,1,0,1,0,1,1,0,0
2026,3,29,08:48:46.086,5.26,55,66.9,0.8418,4688.9,692.8,3.939,2.10,3.89,0.01,0.01,-660.0,1833.0,353.0,-25052.0,22884,1270,22.9,0.0,10661.0,0,0,0,e1f,d4e,d4a,d4a,d4a,1,1,1,1,1,0,0,0,0,1,1,1,0,0,1,1,1,0,0,1,0,1,0,1,1,0,0,0,1,0,1,0,0,1,0,1,0,1,1,0,0,0,1,0,1,0,0,1,0,1,0,1,1,0,0,0,1,0,1,0,0,1,0,1,0,1,1,0,0
2026,3,29,08:48:46.106,5.28,75,66.9,0.8417,4690.2,694.1,3.939,2.10,3.89,0.01,0.01,-660.0,1834.0,354.0,-25065.0,22921,1277,23.1,0.0,10661.0,0,0,0,e1f,d4e,d4a,d4a,d4a,1,1,1,1,1,0,0,0,0,1,1,1,0,0,1,1,1,0,0,1,0,1,0,1,1,0,0,0,1,0,1,0,0,1,0,1,0,1,1,0,0,0,1,0,1,0,0,1,0,1,0,1,1,0,0,0,1,0,1,0,0,1,0,1,0,1,1,0,0
2026,3,29,08:48:46.126,5.30,95,66.9,0.8418,4687.0,690.9,3.940,2.10,3.89,0.01,0.01,-661.0,1835.0,354.0,-25078.0,22958,1284,23.4,0.0,10662.0,0,0,0,e1f,d4e,d4a,d4a,d4a,1,1,1,1,1,0,0,0,0,1,1,1,0,0,1,1,1,0,0,1,0,1,0,1,1,0,0,0,1,0,1,0,0,1,0,1,0,1,1,0,0,0,1,0,1,0,0,1,0,1,0,1,1,0,0,0,1,0,1,0,0,1,0,1,0,1,1,0,0
2026,3,29,08:48:46.146,5.32,115,66.9,0.8418,4687.6,691.5,3.940,2.10,3.89,0.01,0.01,-661.0,1835.0,354.0,-25092.0,22994,1291,23.9,0.0,10663.0,0,0,0,e1f,d4e,d4a,d4a,d4a,1,1,1,1,1,0,0,0,0,1,1,1,0,0,1,1,1,0,0,1,0,1,0,1,1,0,0,0,1,0,1,0,0,1,0,1,0,1,1,0,0,0,1,0,1,0,0,1,0,1,0,1,1,0,0,0,1,0,1,0,0,1,0,1,0,1,1,0,0
2026,3,29,08:48:46.166,5.34,135,66.9,0.8418,4688.9,692.8,3.939,2.10,3.89,0.01,0.01,-661.0,1836.0,354.0,-25105.0,23031,1298,24.4,0.0,10664.0,0,0,0,e1f,d4e,d4a,d4a,d4a,1,1,1,1,1,0,0,0,0,1,1,1,0,0,1,1,1,0,0,1,0,1,0,1,1,0,0,0,1,0,1,0,0,1,0,1,0,1,1,0,0,0,1,0,1,0,0,1,0,1,0,1,1,0,0,0,1,0,1,0,0,1,0,1,0,1,1,0,0
2026,3,29,08:48:46.186,5.36,155,66.9,0.8418,4688.9,692.8,3.939,2.10,3.89,0.01,0.01,-662.0,1837.0,354.0,-25118.0,23068,1306,25.1,0.0,10666.0,0,0,0,e1f,d4e,d4a,d4a,d4a,1,1,1,1,1,0,0,0,0,1,1,1,0,0,1,1,1,0,0,1,0,1,0,1,1,0,0,0,1,0,1,0,0,1,0,1,0,1,1,0,0,0,1,0,1,0,0,1,0,1,0,1,1,0,0,0,1,0,1,0,0,1,0,1,0,1,1,0,0
2026,3,29,08:48:46.206,5.38,175,66.9,0.8419,4685.7,689.6,3.939,2.10,3.89,0.01,0.01,-662.0,1838.0,354.0,-25131.0,23104,1313,25.9,0.0,10667.0,0,0,0,e1f,d4e,d4a,d4a,d4a,1,1,1,1,1,0,0,0,0,1,1,1,0,0,1,1,1,0,0,1,0,1,0,1,1,0,0,0,1,0,1,0,0,1,0,1,0,1,1,0,0,0,1,0,1,0,0,1,0,1,0,1,1,0,0,0,1,0,1,0,0,1,0,1,0,1,1,0,0
2026,3,29,08:48:46.226,5.40,195,66.9,0.8419,4685.7,689.6,3.940,2.10,3.89,0.01,0.01,-662.0,1839.0,354.0,-25145.0,23141,1320,26.8,0.0,10669.0,0,0,0,e1f,d4e,d4a,d4a,d4a,1,1,1,1,1,0,0,0,0,1,1,1,0,0,1,1,1,0,0,1,0,1,0,1,1,0,0,0,1,0,1,0,0,1,0,1,0,1,1,0,0,0,1,0,1,0,0,1,0,1,0,1,1,0,0,0,1,0,1,0,0,1,0,1,0,1,1,0,0
2026,3,29,08:48:46.246,5.42,215,66.9,0.8421,4678.1,682.0,3.939,2.11,3.89,0.01,0.01,-662.0,1840.0,354.0,-25158.0,23178,1327,27.9,0.0,10671.0,0,0,0,e1f,d4e,d4a,d4a,d4a,1,1,1,1,1,0,0,0,0,1,1,1,0,0,1,1,1,0,0,1,0,1,0,1,1,0,0,0,1,0,1,0,0,1,0,1,0,1,1,0,0,0,1,0,1,0,0,1,0,1,0,1,1,0,0,0,1,0,1,0,0,1,0,1,0,1,1,0,0
2026,3,29,08:48:46.266,5.44,235,66.9,0.8421,4678.1,682.0,3.940,2.11,3.89,0.01,0.01,-663.0,1841.0,354.0,-25171.0,23215,1334,29.3,0.0,10673.0,0,0,0,e1f,d4e,d4a,d4a,d4a,1,1,1,1,1,0,0,0,0,1,1,1,0,0,1,1,1,0,0,1,0,1,0,1,1,0,0,0,1,0,1,0,0,1,0,1,0,1,1,0,0,0,1,0,1,0,0,1,0,1,0,1,1,0,0,0,1,0,1,0,0,1,0,1,0,1,1,0,0
2026,3,29,08:48:46.286,5.46,5,66.9,0.8425,4666.6,670.6,3.940,2.11,3.89,0.01,0.01,-663.0,1841.0,353.0,-25184.0,23252,1341,30.8,0.0,10676.0,0,0,0,e1f,d4e,d4a,d4a,d4a,1,1,1,1,1,0,0,0,0,1,1,1,0,0,1,1,1,0,0,1,0,1,0,1,1,0,0,0,1,0,1,0,0,1,0,1,0,1,1,0,0,0,1,0,1,0,0,1,0,1,0,1,1,0,0,0,1,0,1,0,0,1,0,1,0,1,1,0,0
2026,3,29,08:48:46.306,5.48,25,66.9,0.8425,4666.6,670.6,3.939,2.11,3.89,0.01,0.01,-664.0,1842.0,353.0,-25198.0,23288,1348,32.6,0.0,10678.0,0,0,0,e1f,d4e,d4a,d4a,d4a,1,1,1,1,1,0,0,0,0,1,1,1,0,0,1,1,1,0,0,1,0,1,0,1,1,0,0,0,1,0,1,0,0,1,0,1,0,1,1,0,0,0,1,0,1,0,0,1,0,1,0,1,1,0,0,0,1,0,1,0,0,1,0,1,0,1,1,0,0
2026,3,29,08:48:46.326,5.50,45,66.9,0.8431,4648.2,652.1,3.939,2.11,3.89,0.01,0.01,-664.0,1842.0,353.0,-25211.0,23325,1355,34.6,0.0,10681.0,0,0,0,e1f,d4e,d4a,d4a,d4a,1,1,1,1,1,0,0,0,0,1,1,1,0,0,1,1,1,0,0,1,0,1,0,1,1,0,0,0,1,0,1,0,0,1,0,1,0,1,1,0,0,0,1,0,1,0,0,1,0,1,0,1,1,0,0,0,1,0,1,0,0,1,0,1,0,1,1,0,0
2026,3,29,08:48:46.346,5.52,65,66.9,0.8431,4648.2,652.1,3.940,2.11,3.89,0.01,0.01,-664.0,1843.0,353.0,-25224.0,23362,1362,36.7,0.0,10684.0,0,0,0,e1f,d4e,d4a,d4a,d4a,1,1,1,1,1,0,0,0,0,1,1,1,0,0,1,1,1,0,0,1,0,1,0,1,1,0,0,0,1,0,1,0,0,1,0,1,0,1,1,0,0,0,1,0,1,0,0,1,0,1,0,1,1,0,0,0,1,0,1,0,0,1,0,1,0,1,1,0,0
2026,3,29,08:48:46.366,5.54,85,66.9,0.8437,4628.5,632.4,3.940,2.11,3.89,0.01,0.01,-664.0,1843.0,352.0,-25237.0,23399,1369,38.8,0.0,10687.0,0,0,0,e1f,d4e,d4a,d4a,d4a,1,1,1,1,1,0,0,0,0,1,1,1,0,0,1,1,1,0,0,1,0,1,0,1,1,0,0,0,1,0,1,0,0,1,0,1,0,1,1,0,0,0,1,0,1,0,0,1,0,1,0,1,1,0,0,0,1,0,1,0,0,1,0,1,0,1,1,0,0
2026,3,29,08:48:46.386,5.56,105,66.9,0.8437,4627.9,631.8,3.940,2.11,3.89,0.01,0.01,-664.0,1843.0,352.0,-25251.0,23436,1376,41.0,0.0,10690.0,0,0,0,e1f,d4e,d4a,d4a,d4a,1,1,1,1,1,0,0,0,0,1,1,1,0,0,1,1,1,0,0,1,0,1,0,1,1,0,0,0,1,0,1,0,0,1,0,1,0,1,1,0,0,0,1,0,1,0,0,1,0,1,0,1,1,0,0,0,1,0,1,0,0,1,0,1,0,1,1,0,0
2026,3,29,08:48:46.406,5.58,125,66.9,0.8445,4603.1,607.0,3.940,2.11,3.89,0.01,0.01,-664.0,1843.0,352.0,-25264.0,23473,1383,43.0,0.0,10693.0,0,0,0,e1f,d4e,d4a,d4a,d4a,1,1,1,1,1,0,0,0,0,1,1,1,0,0,1,1,1,0,0,1,0,1,0,1,1,0,0,0,1,0,1,0,0,1,0,1,0,1,1,0,0,0,1,0,1,0,0,1,0,1,0,1,1,0,0,0,1,0,1,0,0,1,0,1,0,1,1,0,0
2026,3,29,08:48:46.426,5.60,145,67.0,0.8445,4602.5,606.4,3.939,2.11,3.89,0.01,0.01,-665.0,1842.0,352.0,-25277.0,23510,1390,45.1,0.0,10697.0,0,0,0,e1f,d4e,d4a,d4a,d4a,1,1,1,1,1,0,0,0,0,1,1,1,0,0,1,1,1,0,0,1,0,1,0,1,1,0,0,0,1,0,1,0,0,1,0,1,0,1,1,0,0,0,1,0,1,0,0,1,0,1,0,1,1,0,0,0,1,0,1,0,0,1,0,1,0,1,1,0,0
2026,3,29,08:48:46.446,5.62,165,67.0,0.8453,4577.7,581.7,3.939,2.11,3.89,0.01,0.01,-665.0,1842.0,352.0,-25291.0,23547,1397,47.1,0.0,10700.0,0,0,0,e1f,d4e,d4a,d4a,d4a,1,1,1,1,1,0,0,0,0,1,1,1,0,0,1,1,1,0,0,1,0,1,0,1,1,0,0,0,1,0,1,0,0,1,0,1,0,1,1,0,0,0,1,0,1,0,0,1,0,1,0,1,1,0,0,0,1,0,1,0,0,1,0,1,0,1,1,0,0
2026,3,29,08:48:46.466,5.64,185,67.0,0.8453,4576.5,580.4,3.939,2.11,3.89,0.01,0.01,-665.0,1842.0,352.0,-25304.0,23583,1404,49.0,0.0,10703.0,0,0,0,e1f,d4e,d4a,d4a,d4a,1,1,1,1,1,0,0,0,0,1,1,1,0,0,1,1,1,0,0,1,0,1,0,1,1,0,0,0,1,0,1,0,0,1,0,1,0,1,1,0,0,0,1,0,1,0,0,1,0,1,0,1,1,0,0,0,1,0,1,0,0,1,0,1,0,1,1,0,0
2026,3,29,08:48:46.486,5.66,205,67.0,0.8463,4546.0,550.0,3.939,2.11,3.89,0.01,0.01,-665.0,1842.0,351.0,-25317.0,23620,1412,50.9,0.0,10707.0,0,0,0,e1f,d4e,d4a,d4a,d4a,1,1,1,1,1,0,0,0,0,1,1,1,0,0,1,1,1,0,0,1,0,1,0,1,1,0,0,0,1,0,1,0,0,1,0,1,0,1,1,0,0,0,1,0,1,0,0,1,0,1,0,1,1,0,0,0,1,0,1,0,0,1,0,1,0,1,1,0,0
2026,3,29,08:48:46.506,5.68,225,67.0,0.8463,4544.8,548.7,3.939,2.11,3.89,0.01,0.01,-665.0,1842.0,351.0,-25331.0,23657,1419,52.7,0.0,10710.0,0,0,0,e1f,d4e,d4a,d4a,d4a,1,1,1,1,1,0,0,0,0,1,1,1,0,0,1,1,1,0,0,1,0,1,0,1,1,0,0,0,1,0,1,0,0,1,0,1,0,1,1,0,0,0,1,0,1,0,0,1,0,1,0,1,1,0,0,0,1,0,1,0,0,1,0,1,0,1,1,0,0
2026,3,29,08:48:46.526,5.70,245,67.0,0.8472,4516.9,520.8,3.940,2.11,3.89,0.01,0.01,-665.0,1841.0,351.0,-25344.0,23694,1426,54.4,0.0,10713.0,0,0,0,e1f,d4e,d4a,d4a,d4a,1,1,1,1,1,0,0,0,0,1,1,1,0,0,1,1,1,0,0,1,0,1,0,1,1,0,0,0,1,0,1,0,0,1,0,1,0,1,1,0,0,0,1,0,1,0,0,1,0,1,0,1,1,0,0,0,1,0,1,0,0,1,0,1,0,1,1,0,0
2026,3,29,08:48:46.546,5.72,15,67.1,0.8472,4516.3,520.2,3.939,2.11,3.89,0.01,0.01,-664.0,1841.0,351.0,-25357.0,23731,1433,55.9,0.0,10717.0,0,0,0,e1f,d4e,d4a,d4a,d4a,1,1,1,1,1,0,0,0,0,1,1,1,0,0,1,1,1,0,0,1,0,1,0,1,1,0,0,0,1,0,1,0,0,1,0,1,0,1,1,0,0,0,1,0,1,0,0,1,0,1,0,1,1,0,0,0,1,0,1,0,0,1,0,1,0,1,1,0,0
2026,3,29,08:48:46.566,5.74,35,67.1,0.8479,4495.4,499.3,3.940,2.12,3.89,0.01,0.01,-663.0,1841.0,351.0,-25370.0,23768,1440,57.2,0.0,10721.0,0,0,0,e1f,d4e,d4a,d4a,d4a,1,1,1,1,1,0,0,0,0,1,1,1,0,0,1,1,1,0,0,1,0,1,0,1,1,0,0,0,1,0,1,0,0,1,0,1,0,1,1,0,0,0,1,0,1,0,0,1,0,1,0,1,1,0,0,0,1,0,1,0,0,1,0,1,0,1,1,0,0
2026,3,29,08:48:46.586,5.76,55,67.1,0.8479,4494.1,498.1,3.937,2.12,3.89,0.01,0.01,-663.0,1841.0,351.0,-25384.0,23805,1447,58.2,0.0,10724.0,0,0,0,e1f,d4e,d4a,d4a,d4a,1,1,1,1,1,0,0,0,0,1,1,1,0,0,1,1,1,0,0,1,0,1,0,1,1,0,0,0,1,0,1,0,0,1,0,1,0,1,1,0,0,0,1,0,1,0,0,1,0,1,0,1,1,0,0,0,1,0,1,0,0,1,0,1,0,1,1,0,0
2026,3,29,08:48:46.606,5.78,75,67.1,0.8483,4481.5,485.4,3.939,2.12,3.89,0.01,0.01,-663.0,1841.0,351.0,-25397.0,23842,1454,59.1,0.0,10728.0,0,0,0,e1f,d4e,d4a,d4a,d4a,1,1,1,1,1,0,0,0,0,1,1,1,0,0,1,1,1,0,0,1,0,1,0,1,1,0,0,0,1,0,1,0,0,1,0,1,0,1,1,0,0,0,1,0,1,0,0,1,0,1,0,1,1,0,0,0,1,0,1,0,0,1,0,1,0,1,1,0,0
2026,3,29,08:48:46.626,5.80,95,67.1,0.8483,4481.5,485.4,3.940,2.12,3.89,0.01,0.01,-662.0,1841.0,350.0,-25410.0,23878,1461,59.9,0.0,10732.0,0,0,0,e1f,d4e,d4a,d4a,d4a,1,1,1,1,1,0,0,0,0,1,1,1,0,0,1,1,1,0,0,1,0,1,0,1,1,0,0,0,1,0,1,0,0,1,0,1,0,1,1,0,0,0,1,0,1,0,0,1,0,1,0,1,1,0,0,0,1,0,1,0,0,1,0,1,0,1,1,0,0
2026,3,29,08:48:46.646,5.82,115,67.1,0.8486,4473.3,477.2,3.940,2.12,3.89,0.01,0.01,-662.0,1841.0,350.0,-25424.0,23915,1468,60.5,0.0,10736.0,0,0,0,e1f,d4e,d4a,d4a,d4a,1,1,1,1,1,0,0,0,0,1,1,1,0,0,1,1,1,0,0,1,0,1,0,1,1,0,0,0,1,0,1,0,0,1,0,1,0,1,1,0,0,0,1,0,1,0,0,1,0,1,0,1,1,0,0,0,1,0,1,0,0,1,0,1,0,1,1,0,0
2026,3,29,08:48:46.666,5.84,135,67.1,0.8486,4472.6,476.6,3.940,2.12,3.89,0.01,0.01,-662.0,1841.0,350.0,-25437.0,23952,1475,61.2,0.0,10740.0,0,0,0,e1f,d4e,d4a,d4a,d4a,1,1,1,1,1,0,0,0,0,1,1,1,0,0,1,1,1,0,0,1,0,1,0,1,1,0,0,0,1,0,1,0,0,1,0,1,0,1,1,0,0,0,1,0,1,0,0,1,0,1,0,1,1,0,0,0,1,0,1,0,0,1,0,1,0,1,1,0,0
2026,3,29,08:48:46.686,5.86,155,67.1,0.8489,4464.4,468.3,3.939,2.12,3.89,0.01,0.01,-662.0,1841.0,350.0,-25450.0,23989,1482,61.8,0.0,10744.0,0,0,0,e1f,d4e,d4a,d4a,d4a,1,1,1,1,1,0,0,0,0,1,1,1,0,0,1,1,1,0,0,1,0,1,0,1,1,0,0,0,1,0,1,0,0,1,0,1,0,1,1,0,0,0,1,0,1,0,0,1,0,1,0,1,1,0,0,0,1,0,1,0,0,1,0,1,0,1,1,0,0
2026,3,29,08:48:46.706,5.88,175,67.1,0.8489,4464.4,468.3,3.939,2.13,3.89,0.01,0.01,-662.0,1841.0,350.0,-25463.0,24026,1489,62.3,0.0,10748.0,0,0,0,e1f,d4e,d4a,d4a,d4a,1,1,1,1,1,0,0,0,0,1,1,1,0,0,1,1,1,0,0,1,0,1,0,1,1,0,0,0,1,0,1,0,0,1,0,1,0,1,1,0,0,0,1,0,1,0,0,1,0,1,0,1,1,0,0,0,1,0,1,0,0,1,0,1,0,1,1,0,0
2026,3,29,08:48:46.726,5.90,195,67.1,0.8493,4451.8,455.7,3.939,2.13,3.89,0.01,0.01,-662.0,1841.0,350.0,-25477.0,24063,1496,62.8,0.0,10752.0,0,0,0,e1f,d4e,d4a,d4a,d4a,1,1,1,1,1,0,0,0,0,1,1,1,0,0,1,1,1,0,0,1,0,1,0,1,1,0,0,0,1,0,1,0,0,1,0,1,0,1,1,0,0,0,1,0,1,0,0,1,0,1,0,1,1,0,0,0,1,0,1,0,0,1,0,1,0,1,1,0,0
2026,3,29,08:48:46.746,5.92,215,67.1,0.8493,4451.1,455.1,3.939,2.13,3.89,0.01,0.01,-662.0,1841.0,350.0,-25490.0,24100,1503,63.1,0.0,10756.0,0,0,0,e1f,d4e,d4a,d4a,d4a,1,1,1,1,1,0,0,0,0,1,1,1,0,0,1,1,1,0,0,1,0,1,0,1,1,0,0,0,1,0,1,0,0,1,0,1,0,1,1,0,0,0,1,0,1,0,0,1,0,1,0,1,1,0,0,0,1,0,1,0,0,1,0,1,0,1,1,0,0
2026,3,29,08:48:46.766,5.94,235,67.1,0.8493,4449.9,453.8,3.939,2.13,3.89,0.01,0.01,-661.0,1841.0,350.0,-25503.0,24136,1510,63.4,0.0,10760.0,0,0,0,e1f,d4e,d4a,d4a,d4a,1,1,1,1,1,0,0,0,0,1,1,1,0,0,1,1,1,0,0,1,0,1,0,1,1,0,0,0,1,0,1,0,0,1,0,1,0,1,1,0,0,0,1,0,1,0,0,1,0,1,0,1,1,0,0,0,1,0,1,0,0,1,0,1,0,1,1,0,0
2026,3,29,08:48:46.786,5.96,5,67.1,0.8493,4449.2,453.2,3.939,2.13,3.89,0.01,0.01,-661.0,1841.0,350.0,-25516.0,24173,1517,63.5,0.0,10764.0,0,0,0,e1f,d4e,d4a,d4a,d4a,1,1,1,1,1,0,0,0,0,1,1,1,0,0,1,1,1,0,0,1,0,1,0,1,1,0,0,0,1,0,1,0,0,1,0,1,0,1,1,0,0,0,1,0,1,0,0,1,0,1,0,1,1,0,0,0,1,0,1,0,0,1,0,1,0,1,1,0,0
2026,3,29,08:48:46.806,5.98,25,67.1,0.8496,4441.7,445.6,3.939,2.13,3.89,0.01,0.01,-661.0,1841.0,350.0,-25530.0,24210,1524,63.5,0.0,10769.0,0,0,0,e1f,d4e,d4a,d4a,d4a,1,1,1,1,1,0,0,0,0,1,1,1,0,0,1,1,1,0,0,1,0,1,0,1,1,0,0,0,1,0,1,0,0,1,0,1,0,1,1,0,0,0,1,0,1,0,0,1,0,1,0,1,1,0,0,0,1,0,1,0,0,1,0,1,0,1,1,0,0
2026,3,29,08:48:46.826,6.00,45,67.1,0.8496,4441.7,445.6,3.939,2.14,3.89,0.01,0.01,-660.0,1841.0,351.0,-25543.0,24247,1531,63.4,0.0,10773.0,0,0,0,e1f,d4e,d4a,d4a,d4a,1,1,1,1,1,0,0,0,0,1,1,1,0,0,1,1,1,0,0,1,0,1,0,1,1,0,0,0,1,0,1,0,0,1,0,1,0,1,1,0,0,0,1,0,1,0,0,1,0,1,0,1,1,0,0,0,1,0,1,0,0,1,0,1,0,1,1,0,0
2026,3,29,08:48:46.846,6.02,65,67.1,0.8496,4441.7,445.6,3.940,2.14,3.89,0.01,0.01,-660.0,1841.0,351.0,-25556.0,24284,1538,63.1,0.0,10777.0,0,0,0,e1f,d4e,d4a,d4a,d4a,1,1,1,1,1,0,0,0,0,1,1,1,0,0,1,1,1,0,0,1,0,1,0,1,1,0,0,0,1,0,1,0,0,1,0,1,0,1,1,0,0,0,1,0,1,0,0,1,0,1,0,1,1,0,0,0,1,0,1,0,0,1,0,1,0,1,1,0,0
2026,3,29,08:48:46.866,6.04,85,67.1,0.8496,4441.7,445.6,3.939,2.14,3.89,0.01,0.01,-660.0,1841.0,351.0,-25569.0,24320,1545,62.8,0.0,10781.0,0,0,0,e1f,d4e,d4a,d4a,d4a,1,1,1,1,1,0,0,0,0,1,1,1,0,0,1,1,1,0,0,1,0,1,0,1,1,0,0,0,1,0,1,0,0,1,0,1,0,1,1,0,0,0,1,0,1,0,0,1,0,1,0,1,1,0,0,0,1,0,1,0,0,1,0,1,0,1,1,0,0
2026,3,29,08:48:46.886,6.06,105,67.1,0.8497,4436.6,440.6,3.939,2.14,3.89,0.01,0.01,-660.0,1841.0,352.0,-25582.0,24357,1552,62.3,0.0,10785.0,0,0,0,e1f,d4e,d4a,d4a,d4a,1,1,1,1,1,0,0,0,0,1,1,1,0,0,1,1,1,0,0,1,0,1,0,1,1,0,0,0,1,0,1,0,0,1,0,1,0,1,1,0,0,0,1,0,1,0,0,1,0,1,0,1,1,0,0,0,1,0,1,0,0,1,0,1,0,1,1,0,0
2026,3,29,08:48:46.906,6.08,125,67.1,0.8497,4436.6,440.6,3.940,2.14,3.89,0.01,0.01,-660.0,1841.0,352.0,-25596.0,24394,1559,61.8,0.0,10788.0,0,0,0,e1f,d4e,d4a,d4a,d4a,1,1,1,1,1,0,0,0,0,1,1,1,0,0,1,1,1,0,0,1,0,1,0,1,1,0,0,0,1,0,1,0,0,1,0,1,0,1,1,0,0,0,1,0,1,0,0,1,0,1,0,1,1,0,0,0,1,0,1,0,0,1,0,1,0,1,1,0,0
2026,3,29,08:48:46.926,6.10,145,67.1,0.8498,4433.5,437.4,3.939,2.15,3.89,0.01,0.01,-659.0,1841.0,353.0,-25609.0,24431,1566,61.1,0.0,10792.0,0,0,0,e1f,d4e,d4a,d4a,d4a,1,1,1,1,1,0,0,0,0,1,1,1,0,0,1,1,1,0,0,1,0,1,0,1,1,0,0,0,1,0,1,0,0,1,0,1,0,1,1,0,0,0,1,0,1,0,0,1,0,1,0,1,1,0,0,0,1,0,1,0,0,1,0,1,0,1,1,0,0
2026,3,29,08:48:46.946,6.12,165,67.1,0.8498,4433.5,437.4,3.939,2.15,3.89,0.01,0.01,-659.0,1841.0,353.0,-25622.0,24468,1573,60.3,0.0,10796.0,0,0,0,e1f,d4e,d4a,d4a,d4a,1,1,1,1,1,0,0,0,0,1,1,1,0,0,1,1,1,0,0,1,0,1,0,1,1,0,0,0,1,0,1,0,0,1,0,1,0,1,1,0,0,0,1,0,1,0,0,1,0,1,0,1,1,0,0,0,1,0,1,0,0,1,0,1,0,1,1,0,0
2026,3,29,08:48:46.966,6.14,185,67.1,0.8498,4434.7,438.7,3.939,2.15,3.89,0.01,0.01,-659.0,1841.0,354.0,-25635.0,24504,1580,59.4,0.0,10800.0,0,0,0,e1f,d4e,d4a,d4a,d4a,1,1,1,1,1,0,0,0,0,1,1,1,0,0,1,1,1,0,0,1,0,1,0,1,1,0,0,0,1,0,1,0,0,1,0,1,0,1,1,0,0,0,1,0,1,0,0,1,0,1,0,1,1,0,0,0,1,0,1,0,0,1,0,1,0,1,1,0,0
2026,3,29,08:48:46.986,6.16,205,67.1,0.8498,4434.7,438.7,3.940,2.15,3.89,0.01,0.01,-659.0,1841.0,354.0,-25648.0,24541,1587,58.4,0.0,10803.0,0,0,0,e1f,d4e,d4a,d4a,d4a,1,1,1,1,1,0,0,0,0,1,1,1,0,0,1,1,1,0,0,1,0,1,0,1,1,0,0,0,1,0,1,0,0,1,0,1,0,1,1,0,0,0,1,0,1,0,0,1,0,1,0,1,1,0,0,0,1,0,1,0,0,1,0,1,0,1,1,0,0
2026,3,29,08:48:47.006,6.18,225,67.1,0.8500,4429.7,433.6,3.940,2.15,3.89,0.01,0.01,-659.0,1842.0,355.0,-25662.0,24578,1594,57.3,0.0,10807.0,0,0,0,e1f,d4e,d4a,d4a,d4a,1,1,1,1,1,0,0,0,0,1,1,1,0,0,1,1,1,0,0,1,0,1,0,1,1,0,0,0,1,0,1,0,0,1,0,1,0,1,1,0,0,0,1,0,1,0,0,1,0,1,0,1,1,0,0,0,1,0,1,0,0,1,0,1,0,1,1,0,0
2026,3,29,08:48:47.026,6.20,245,67.1,0.8499,4430.3,434.2,3.941,2.15,3.89,0.01,0.01,-659.0,1842.0,355.0,-25675.0,24615,1602,56.1,0.0,10811.0,0,0,0,e1f,d4e,d4a,d4a,d4a,1,1,1,1,1,0,0,0,0,1,1,1,0,0,1,1,1,0,0,1,0,1,0,1,1,0,0,0,1,0,1,0,0,1,0,1,0,1,1,0,0,0,1,0,1,0,0,1,0,1,0,1,1,0,0,0,1,0,1,0,0,1,0,1,0,1,1,0,0
2026,3,29,08:48:47.046,6.22,15,67.1,0.8500,4428.4,432.3,3.939,2.15,3.89,0.01,0.01,-659.0,1842.0,356.0,-25688.0,24652,1609,54.7,0.0,10814.0,0,0,0,e1f,d4e,d4a,d4a,d4a,1,1,1,1,1,0,0,0,0,1,1,1,0,0,1,1,1,0,0,1,0,1,0,1,1,0,0,0,1,0,1,0,0,1,0,1,0,1,1,0,0,0,1,0,1,0,0,1,0,1,0,1,1,0,0,0,1,0,1,0,0,1,0,1,0,1,1,0,0
2026,3,29,08:48:47.066,6.24,35,67.1,0.8500,4428.4,432.3,3.940,2.15,3.89,0.01,0.01,-659.0,1842.0,357.0,-25701.0,24689,1616,53.2,0.0,10818.0,0,0,0,e1f,d4e,d4a,d4a,d4a,1,1,1,1,1,0,0,0,0,1,1,1,0,0,1,1,1,0,0,1,0,1,0,1,1,0,0,0,1,0,1,0,0,1,0,1,0,1,1,0,0,0,1,0,1,0,0,1,0,1,0,1,1,0,0,0,1,0,1,0,0,1,0,1,0,1,1,0,0
2026,3,29,08:48:47.086,6.26,55,67.1,0.8499,4431.6,435.5,3.939,2.15,3.89,0.01,0.01,-659.0,1842.0,357.0,-25714.0,24726,1623,51.7,0.0,10821.0,0,0,0,e1f,d4e,d4a,d4a,d4a,1,1,1,1,1,0,0,0,0,1,1,1,0,0,1,1,1,0,0,1,0,1,0,1,1,0,0,0,1,0,1,0,0,1,0,1,0,1,1,0,0,0,1,0,1,0,0,1,0,1,0,1,1,0,0,0,1,0,1,0,0,1,0,1,0,1,1,0,0
2026,3,29,08:48:47.106,6.28,75,67.1,0.8499,4431.6,435.5,3.940,2.15,3.89,0.01,0.01,-659.0,1842.0,358.0,-25727.0,24763,1630,50.0,0.0,10824.0,0,0,0,e1f,d4e,d4a,d4a,d4a,1,1,1,1,1,0,0,0,0,1,1,1,0,0,1,1,1,0,0,1,0,1,0,1,1,0,0,0,1,0,1,0,0,1,0,1,0,1,1,0,0,0,1,0,1,0,0,1,0,1,0,1,1,0,0,0,1,0,1,0,0,1,0,1,0,1,1,0,0
2026,3,29,08:48:47.126,6.30,95,67.1,0.8500,4428.4,432.3,3.939,2.15,3.89,0.01,0.01,-659.0,1842.0,359.0,-25741.0,24799,1637,48.2,0.0,10827.0,0,0,0,e1f,d4e,d4a,d4a,d4a,1,1,1,1,1,0,0,0,0,1,1,1,0,0,1,1,1,0,0,1,0,1,0,1,1,0,0,0,1,0,1,0,0,1,0,1,0,1,1,0,0,0,1,0,1,0,0,1,0,1,0,1,1,0,0,0,1,0,1,0,0,1,0,1,0,1,1,0,0
2026,3,29,08:48:47.146,6.32,115,67.1,0.8500,4428.4,432.3,3.940,2.15,3.89,0.01,0.01,-659.0,1842.0,359.0,-25754.0,24836,1644,46.3,0.0,10830.0,0,0,0,e1f,d4e,d4a,d4a,d4a,1,1,1,1,1,0,0,0,0,1,1,1,0,0,1,1,1,0,0,1,0,1,0,1,1,0,0,0,1,0,1,0,0,1,0,1,0,1,1,0,0,0,1,0,1,0,0,1,0,1,0,1,1,0,0,0,1,0,1,0,0,1,0,1,0,1,1,0,0
2026,3,29,08:48:47.166,6.34,135,67.1,0.8504,4417.0,421.0,3.940,2.16,3.89,0.01,0.01,-659.0,1842.0,360.0,-25767.0,24873,1652,44.3,0.0,10833.0,0,0,0,e1f,d4e,d4a,d4a,d4a,1,1,1,1,1,0,0,0,0,1,1,1,0,0,1,1,1,0,0,1,0,1,0,1,1,0,0,0,1,0,1,0,0,1,0,1,0,1,1,0,0,0,1,0,1,0,0,1,0,1,0,1,1,0,0,0,1,0,1,0,0,1,0,1,0,1,1,0,0
2026,3,29,08:48:47.186,6.36,155,67.1,0.8504,4417.0,421.0,3.939,2.16,3.89,0.01,0.01,-659.0,1843.0,361.0,-25780.0,24910,1659,42.2,0.0,10836.0,0,0,0,e1f,d4e,d4a,d4a,d4a,1,1,1,1,1,0,0,0,0,1,1,1,0,0,1,1,1,0,0,1,0,1,0,1,1,0,0,0,1,0,1,0,0,1,0,1,0,1,1,0,0,0,1,0,1,0,0,1,0,1,0,1,1,0,0,0,1,0,1,0,0,1,0,1,0,1,1,0,0
2026,3,29,08:48:47.206,6.38,175,67.1,0.8504,4415.8,419.7,3.939,2.16,3.89,0.01,0.01,-659.0,1843.0,362.0,-25793.0,24947,1666,39.9,0.0,10839.0,0,0,0,e1f,d4e,d4a,d4a,d4a,1,1,1,1,1,0,0,0,0,1,1,1,0,0,1,1,1,0,0,1,0,1,0,1,1,0,0,0,1,0,1,0,0,1,0,1,0,1,1,0,0,0,1,0,1,0,0,1,0,1,0,1,1,0,0,0,1,0,1,0,0,1,0,1,0,1,1,0,0
2026,3,29,08:48:47.226,6.40,195,67.1,0.8504,4415.8,419.7,3.940,2.16,3.89,0.01,0.01,-659.0,1843.0,363.0,-25807.0,24984,1673,37.5,0.0,10842.0,0,0,0,e1f,d4e,d4a,d4a,d4a,1,1,1,1,1,0,0,0,0,1,1,1,0,0,1,1,1,0,0,1,0,1,0,1,1,0,0,0,1,0,1,0,0,1,0,1,0,1,1,0,0,0,1,0,1,0,0,1,0,1,0,1,1,0,0,0,1,0,1,0,0,1,0,1,0,1,1,0,0
2026,3,29,08:48:47.246,6.42,215,67.1,0.8504,4415.8,419.7,3.939,2.16,3.89,0.01,0.01,-659.0,1843.0,364.0,-25820.0,25021,1681,34.9,0.0,10845.0,0,0,0,e1f,d4e,d4a,d4a,d4a,1,1,1,1,1,0,0,0,0,1,1,1,0,0,1,1,1,0,0,1,0,1,0,1,1,0,0,0,1,0,1,0,0,1,0,1,0,1,1,0,0,0,1,0,1,0,0,1,0,1,0,1,1,0,0,0,1,0,1,0,0,1,0,1,0,1,1,0,0
2026,3,29,08:48:47.266,6.44,235,67.1,0.8504,4415.8,419.7,3.940,2.16,3.89,0.01,0.01,-659.0,1844.0,364.0,-25833.0,25058,1688,32.3,0.0,10848.0,0,0,0,e1f,d4e,d4a,d4a,d4a,1,1,1,1,1,0,0,0,0,1,1,1,0,0,1,1,1,0,0,1,0,1,0,1,1,0,0,0,1,0,1,0,0,1,0,1,0,1,1,0,0,0,1,0,1,0,0,1,0,1,0,1,1,0,0,0,1,0,1,0,0,1,0,1,0,1,1,0,0
2026,3,29,08:48:47.286,6.46,5,67.1,0.8508,4402.5,406.5,3.939,2.16,3.89,0.01,0.01,-660.0,1844.0,365.0,-25846.0,25094,1695,29.7,0.0,10851.0,0,0,0,e1f,d4e,d4a,d4a,d4a,1,1,1,1,1,0,0,0,0,1,1,1,0,0,1,1,1,0,0,1,0,1,0,1,1,0,0,0,1,0,1,0,0,1,0,1,0,1,1,0,0,0,1,0,1,0,0,1,0,1,0,1,1,0,0,0,1,0,1,0,0,1,0,1,0,1,1,0,0
2026,3,29,08:48:47.306,6.48,25,67.1,0.8508,4402.5,406.5,3.939,2.16,3.89,0.01,0.01,-660.0,1845.0,366.0,-25859.0,25131,1703,27.1,0.0,10853.0,0,0,0,e1f,d4e,d4a,d4a,d4a,1,1,1,1,1,0,0,0,0,1,1,1,0,0,1,1,1,0,0,1,0,1,0,1,1,0,0,0,1,0,1,0,0,1,0,1,0,1,1,0,0,0,1,0,1,0,0,1,0,1,0,1,1,0,0,0,1,0,1,0,0,1,0,1,0,1,1,0,0
2026,3,29,08:48:47.326,6.50,45,67.1,0.8508,4404.4,408.4,3.939,2.16,3.89,0.01,0.01,-661.0,1845.0,366.0,-25873.0,25168,1710,24.5,0.0,10856.0,0,0,0,e1f,d4e,d4a,d4a,d4a,1,1,1,1,1,0,0,0,0,1,1,1,0,0,1,1,1,0,0,1,0,1,0,1,1,0,0,0,1,0,1,0,0,1,0,1,0,1,1,0,0,0,1,0,1,0,0,1,0,1,0,1,1,0,0,0,1,0,1,0,0,1,0,1,0,1,1,0,0
2026,3,29,08:48:47.346,6.52,65,67.1,0.8508,4404.4,408.4,3.940,2.16,3.89,0.01,0.01,-661.0,1846.0,367.0,-25886.0,25205,1717,22.0,0.0,10859.0,0,0,0,e1f,d4e,d4a,d4a,d4a,1,1,1,1,1,0,0,0,0,1,1,1,0,0,1,1,1,0,0,1,0,1,0,1,1,0,0,0,1,0,1,0,0,1,0,1,0,1,1,0,0,0,1,0,1,0,0,1,0,1,0,1,1,0,0,0,1,0,1,0,0,1,0,1,0,1,1,0,0
2026,3,29,08:48:47.366,6.54,85,67.1,0.8510,4396.2,400.2,3.939,2.16,3.89,0.01,0.01,-662.0,1847.0,367.0,-25899.0,25242,1725,19.5,0.0,10862.0,0,0,0,e1f,d4e,d4a,d4a,d4a,1,1,1,1,1,0,0,0,0,1,1,1,0,0,1,1,1,0,0,1,0,1,0,1,1,0,0,0,1,0,1,0,0,1,0,1,0,1,1,0,0,0,1,0,1,0,0,1,0,1,0,1,1,0,0,0,1,0,1,0,0,1,0,1,0,1,1,0,0
2026,3,29,08:48:47.386,6.56,105,67.1,0.8510,4396.2,400.2,3.939,2.16,3.89,0.01,0.01,-662.0,1848.0,367.0,-25912.0,25279,1732,17.3,0.0,10864.0,0,0,0,e1f,d4e,d4a,d4a,d4a,1,1,1,1,1,0,0,0,0,1,1,1,0,0,1,1,1,0,0,1,0,1,0,1,1,0,0,0,1,0,1,0,0,1,0,1,0,1,1,0,0,0,1,0,1,0,0,1,0,1,0,1,1,0,0,0,1,0,1,0,0,1,0,1,0,1,1,0,0
2026,3,29,08:48:47.406,6.58,125,67.1,0.8511,4393.1,397.0,3.940,2.16,3.89,0.01,0.01,-663.0,1848.0,368.0,-25926.0,25316,1739,15.2,0.0,10867.0,0,0,0,e1f,d4e,d4a,d4a,d4a,1,1,1,1,1,0,0,0,0,1,1,1,0,0,1,1,1,0,0,1,0,1,0,1,1,0,0,0,1,0,1,0,0,1,0,1,0,1,1,0,0,0,1,0,1,0,0,1,0,1,0,1,1,0,0,0,1,0,1,0,0,1,0,1,0,1,1,0,0
2026,3,29,08:48:47.426,6.60,145,67.1,0.8511,4393.7,397.6,3.938,2.16,3.89,0.01,0.01,-663.0,1849.0,368.0,-25939.0,25353,1747,13.5,0.0,10869.0,0,0,0,e1f,d4e,d4a,d4a,d4a,1,1,1,1,1,0,0,0,0,1,1,1,0,0,1,1,1,0,0,1,0,1,0,1,1,0,0,0,1,0,1,0,0,1,0,1,0,1,1,0,0,0,1,0,1,0,0,1,0,1,0,1,1,0,0,0,1,0,1,0,0,1,0,1,0,1,1,0,0
2026,3,29,08:48:47.446,6.62,165,67.1,0.8508,4401.9,405.8,3.939,2.16,3.89,0.01,0.01,-664.0,1850.0,368.0,-25952.0,25390,1754,12.0,0.0,10872.0,0,0,0,e1f,d4e,d4a,d4a,d4e,1,1,1,1,1,0,0,0,0,1,1,1,0,0,1,1,1,0,0,1,0,1,0,1,1,0,0,0,1,0,1,0,0,1,0,1,0,1,1,0,0,0,1,0,1,0,0,1,0,1,0,1,1,0,0,0,1,1,1,0,0,1,0,1,0,1,1,0,0
2026,3,29,08:48:47.466,6.64,185,67.1,0.8508,4402.5,406.5,3.939,2.16,3.89,0.01,0.01,-664.0,1851.0,368.0,-25965.0,25427,1761,11.0,0.0,10875.0,0,0,0,e1f,d4e,d4a,d4a,d4e,1,1,1,1,1,0,0,0,0,1,1,1,0,0,1,1,1,0,0,1,0,1,0,1,1,0,0,0,1,0,1,0,0,1,0,1,0,1,1,0,0,0,1,0,1,0,0,1,0,1,0,1,1,0,0,0,1,1,1,0,0,1,0,1,0,1,1,0,0
2026,3,29,08:48:47.486,6.66,205,67.1,0.8502,4423.4,427.3,3.939,2.16,3.89,0.01,0.01,-664.0,1851.0,368.0,-25979.0,25464,1769,10.6,0.0,10877.0,0,0,0,e1f,d46,d42,d42,d46,1,1,1,1,1,0,0,0,0,1,1,1,0,0,1,1,0,0,0,1,0,1,0,1,1,0,0,0,1,0,0,0,0,1,0,1,0,1,1,0,0,0,1,0,0,0,0,1,0,1,0,1,1,0,0,0,1,1,0,0,0,1,0,1,0,1,1,0,0
2026,3,29,08:48:47.506,6.68,225,67.0,0.8501,4424.6,428.6,3.939,2.16,3.89,0.01,0.01,-665.0,1852.0,368.0,-25992.0,25501,1776,10.6,0.0,10880.0,0,0,0,e1f,d46,d42,d42,d46,1,1,1,1,1,0,0,0,0,1,1,1,0,0,1,1,0,0,0,1,0,1,0,1,1,0,0,0,1,0,0,0,0,1,0,1,0,1,1,0,0,0,1,0,0,0,0,1,0,1,0,1,1,0,0,0,1,1,0,0,0,1,0,1,0,1,1,0,0
2026,3,29,08:48:47.526,6.70,245,67.0,0.8497,4437.2,441.2,3.939,2.16,3.89,0.01,0.01,-665.0,1853.0,369.0,-26005.0,25538,1784,11.1,0.0,10882.0,0,0,0,e1f,d46,d42,d42,d46,1,1,1,1,1,0,0,0,0,1,1,1,0,0,1,1,0,0,0,1,0,1,0,1,1,0,0,0,1,0,0,0,0,1,0,1,0,1,1,0,0,0,1,0,0,0,0,1,0,1,0,1,1,0,0,0,1,1,0,0,0,1,0,1,0,1,1,0,0
2026,3,29,08:48:47.546,6.72,15,67.0,0.8497,4438.5,442.4,3.939,2.17,3.89,0.01,0.01,-665.0,1854.0,369.0,-26019.0,25575,1791,11.9,0.0,10885.0,0,0,0,e1f,d46,d42,d42,d46,1,1,1,1,1,0,0,0,0,1,1,1,0,0,1,1,0,0,0,1,0,1,0,1,1,0,0,0,1,0,0,0,0,1,0,1,0,1,1,0,0,0,1,0,0,0,0,1,0,1,0,1,1,0,0,0,1,1,0,0,0,1,0,1,0,1,1,0,0
2026,3,29,08:48:47.566,6.74,35,67.0,0.8489,4462.5,466.4,3.938,2.17,3.89,0.01,0.01,-665.0,1855.0,369.0,-26032.0,25612,1798,13.0,0.0,10887.0,0,0,0,e1f,d46,d42,d42,d46,1,1,1,1,1,0,0,0,0,1,1,1,0,0,1,1,0,0,0,1,0,1,0,1,1,0,0,0,1,0,0,0,0,1,0,1,0,1,1,0,0,0,1,0,0,0,0,1,0,1,0,1,1,0,0,0,1,1,0,0,0,1,0,1,0,1,1,0,0
2026,3,29,08:48:47.586,6.76,55,67.0,0.8489,4463.8,467.7,3.939,2.17,3.89,0.01,0.01,-666.0,1856.0,369.0,-26045.0,25650,1806,14.2,0.0,10890.0,0,0,0,e1f,d4e,d4a,d4a,d4e,1,1,1,1,1,0,0,0,0,1,1,1,0,0,1,1,1,0,0,1,0,1,0,1,1,0,0,0,1,0,1,0,0,1,0,1,0,1,1,0,0,0,1,0,1,0,0,1,0,1,0,1,1,0,0,0,1,1,1,0,0,1,0,1,0,1,1,0,0
2026,3,29,08:48:47.606,6.78,75,67.0,0.8481,4489.7,493.6,3.939,2.17,3.89,0.01,0.01,-666.0,1857.0,369.0,-26059.0,25687,1813,15.6,0.0,10892.0,0,0,0,e1f,d4e,d4a,d4a,d4e,1,1,1,1,1,0,0,0,0,1,1,1,0,0,1,1,1,0,0,1,0,1,0,1,1,0,0,0,1,0,1,0,0,1,0,1,0,1,1,0,0,0,1,0,1,0,0,1,0,1,0,1,1,0,0,0,1,1,1,0,0,1,0,1,0,1,1,0,0
2026,3,29,08:48:47.626,6.80,95,66.9,0.8480,4491.0,494.9,3.939,2.17,3.89,0.01,0.01,-666.0,1858.0,370.0,-26072.0,25724,1820,17.1,0.0,10895.0,0,0,0,e1f,d4e,d4a,d4a,d4a,1,1,1,1,1,0,0,0,0,1,1,1,0,0,1,1,1,0,0,1,0,1,0,1,1,0,0,0,1,0,1,0,0,1,0,1,0,1,1,0,0,0,1,0,1,0,0,1,0,1,0,1,1,0,0,0,1,0,1,0,0,1,0,1,0,1,1,0,0
2026,3,29,08:48:47.646,6.82,115,66.9,0.8474,4509.9,513.9,3.939,2.17,3.89,0.01,0.01,-666.0,1858.0,370.0,-26085.0,25761,1828,18.7,0.0,10897.0,0,0,0,e1f,d4e,d4a,d4a,d4a,1,1,1,1,1,0,0,0,0,1,1,1,0,0,1,1,1,0,0,1,0,1,0,1,1,0,0,0,1,0,1,0,0,1,0,1,0,1,1,0,0,0,1,0,1,0,0,1,0,1,0,1,1,0,0,0,1,0,1,0,0,1,0,1,0,1,1,0,0
2026,3,29,08:48:47.666,6.84,135,66.9,0.8474,4511.8,515.8,3.940,2.17,3.89,0.01,0.01,-667.0,1859.0,370.0,-26099.0,25798,1835,20.4,0.0,10900.0,0,0,0,e1f,d4e,d4a,d4a,d4a,1,1,1,1,1,0,0,0,0,1,1,1,0,0,1,1,1,0,0,1,0,1,0,1,1,0,0,0,1,0,1,0,0,1,0,1,0,1,1,0,0,0,1,0,1,0,0,1,0,1,0,1,1,0,0,0,1,0,1,0,0,1,0,1,0,1,1,0,0
2026,3,29,08:48:47.686,6.86,155,66.9,0.8464,4541.0,544.9,3.939,2.17,3.89,0.01,0.01,-667.0,1860.0,370.0,-26112.0,25835,1843,22.2,0.0,10902.0,0,0,0,e1f,d4e,d4a,d4a,d4a,1,1,1,1,1,0,0,0,0,1,1,1,0,0,1,1,1,0,0,1,0,1,0,1,1,0,0,0,1,0,1,0,0,1,0,1,0,1,1,0,0,0,1,0,1,0,0,1,0,1,0,1,1,0,0,0,1,0,1,0,0,1,0,1,0,1,1,0,0
2026,3,29,08:48:47.706,6.88,175,66.9,0.8464,4541.6,545.5,3.939,2.17,3.89,0.01,0.01,-667.0,1861.0,370.0,-26125.0,25873,1850,24.1,0.0,10904.0,0,0,0,e1f,d4e,d4a,d4a,d4a,1,1,1,1,1,0,0,0,0,1,1,1,0,0,1,1,1,0,0,1,0,1,0,1,1,0,0,0,1,0,1,0,0,1,0,1,0,1,1,0,0,0,1,0,1,0,0,1,0,1,0,1,1,0,0,0,1,0,1,0,0,1,0,1,0,1,1,0,0
2026,3,29,08:48:47.726,6.90,195,66.9,0.8457,4564.4,568.3,3.940,2.17,3.89,0.01,0.01,-668.0,1861.0,371.0,-26139.0,25910,1858,26.2,0.0,10907.0,0,0,0,e1f,d4e,d4a,d4a,d4a,1,1,1,1,1,0,0,0,0,1,1,1,0,0,1,1,1,0,0,1,0,1,0,1,1,0,0,0,1,0,1,0,0,1,0,1,0,1,1,0,0,0,1,0,1,0,0,1,0,1,0,1,1,0,0,0,1,0,1,0,0,1,0,1,0,1,1,0,0
2026,3,29,08:48:47.746,6.92,215,66.8,0.8457,4565.7,569.6,3.939,2.17,3.89,0.01,0.01,-668.0,1862.0,371.0,-26152.0,25947,1865,28.5,0.0,10909.0,0,0,0,e1f,d4e,d4a,d4a,d4a,1,1,1,1,1,0,0,0,0,1,1,1,0,0,1,1,1,0,0,1,0,1,0,1,1,0,0,0,1,0,1,0,0,1,0,1,0,1,1,0,0,0,1,0,1,0,0,1,0,1,0,1,1,0,0,0,1,0,1,0,0,1,0,1,0,1,1,0,0
2026,3,29,08:48:47.766,6.94,235,66.8,0.8452,4579.0,582.9,3.938,2.17,3.89,0.01,0.01,-669.0,1862.0,371.0,-26165.0,25984,1872,30.9,0.0,10912.0,0,0,0,e1f,d4e,d4a,d4a,d4a,1,1,1,1,1,0,0,0,0,1,1,1,0,0,1,1,1,0,0,1,0,1,0,1,1,0,0,0,1,0,1,0,0,1,0,1,0,1,1,0,0,0,1,0,1,0,0,1,0,1,0,1,1,0,0,0,1,0,1,0,0,1,0,1,0,1,1,0,0
2026,3,29,08:48:47.786,6.96,5,66.8,0.8452,4579.6,583.6,3.939,2.17,3.89,0.01,0.01,-670.0,1863.0,371.0,-26179.0,26022,1880,33.4,0.0,10914.0,0,0,0,e1f,d4e,d4a,d4a,d4a,1,1,1,1,1,0,0,0,0,1,1,1,0,0,1,1,1,0,0,1,0,1,0,1,1,0,0,0,1,0,1,0,0,1,0,1,0,1,1,0,0,0,1,0,1,0,0,1,0,1,0,1,1,0,0,0,1,0,1,0,0,1,0,1,0,1,1,0,0
2026,3,29,08:48:47.806,6.98,25,66.8,0.8444,4606.9,610.8,3.939,2.17,3.89,0.01,0.01,-670.0,1863.0,370.0,-26192.0,26059,1887,36.1,0.0,10917.0,0,0,0,e1f,d4e,d4a,d4a,d4a,1,1,1,1,1,0,0,0,0,1,1,1,0,0,1,1,1,0,0,1,0,1,0,1,1,0,0,0,1,0,1,0,0,1,0,1,0,1,1,0,0,0,1,0,1,0,0,1,0,1,0,1,1,0,0,0,1,0,1,0,0,1,0,1,0,1,1,0,0
2026,3,29,08:48:47.826,7.00,45,66.8,0.8443,4608.2,612.1,3.939,2.17,3.89,0.01,0.01,-671.0,1863.0,370.0,-26206.0,26096,1895,38.9,0.0,10919.0,0,0,0,e1f,d4e,d4a,d4a,d4a,1,1,1,1,1,0,0,0,0,1,1,1,0,0,1,1,1,0,0,1,0,1,0,1,1,0,0,0,1,0,1,0,0,1,0,1,0,1,1,0,0,0,1,0,1,0,0,1,0,1,0,1,1,0,0,0,1,0,1,0,0,1,0,1,0,1,1,0,0
2026,3,29,08:48:47.846,7.02,65,66.8,0.8440,4619.6,623.5,3.939,2.17,3.89,0.01,0.01,-672.0,1864.0,370.0,-26219.0,26133,1902,41.9,0.0,10922.0,0,0,0,e1f,d4e,d4a,d4a,d4a,1,1,1,1,1,0,0,0,0,1,1,1,0,0,1,1,1,0,0,1,0,1,0,1,1,0,0,0,1,0,1,0,0,1,0,1,0,1,1,0,0,0,1,0,1,0,0,1,0,1,0,1,1,0,0,0,1,0,1,0,0,1,0,1,0,1,1,0,0
2026,3,29,08:48:47.866,7.04,85,66.8,0.8440,4619.6,623.5,3.939,2.17,3.89,0.01,0.01,-673.0,1864.0,370.0,-26232.0,26171,1909,45.0,0.0,10924.0,0,0,0,e1f,d4e,d4a,d4a,d4a,1,1,1,1,1,0,0,0,0,1,1,1,0,0,1,1,1,0,0,1,0,1,0,1,1,0,0,0,1,0,1,0,0,1,0,1,0,1,1,0,0,0,1,0,1,0,0,1,0,1,0,1,1,0,0,0,1,0,1,0,0,1,0,1,0,1,1,0,0
2026,3,29,08:48:47.886,7.06,105,66.8,0.8442,4613.3,617.2,3.940,2.17,3.89,0.01,0.01,-674.0,1864.0,370.0,-26246.0,26208,1917,48.3,0.0,10927.0,0,0,0,e1f,d4e,d4a,d4a,d4a,1,1,1,1,1,0,0,0,0,1,1,1,0,0,1,1,1,0,0,1,0,1,0,1,1,0,0,0,1,0,1,0,0,1,0,1,0,1,1,0,0,0,1,0,1,0,0,1,0,1,0,1,1,0,0,0,1,0,1,0,0,1,0,1,0,1,1,0,0
2026,3,29,08:48:47.906,7.08,125,66.8,0.8441,4613.9,617.8,3.939,2.17,3.89,0.01,0.01,-674.0,1865.0,369.0,-26259.0,26245,1924,51.7,0.0,10929.0,0,0,0,e1f,d4e,d4a,d4a,d4a,1,1,1,1,1,0,0,0,0,1,1,1,0,0,1,1,1,0,0,1,0,1,0,1,1,0,0,0,1,0,1,0,0,1,0,1,0,1,1,0,0,0,1,0,1,0,0,1,0,1,0,1,1,0,0,0,1,0,1,0,0,1,0,1,0,1,1,0,0
2026,3,29,08:48:47.926,7.10,145,66.8,0.8439,4621.5,625.4,3.940,2.17,3.89,0.01,0.01,-675.0,1865.0,369.0,-26273.0,26283,1932,55.3,0.0,10932.0,0,0,0,e1f,d4e,d4a,d4a,d4a,1,1,1,1,1,0,0,0,0,1,1,1,0,0,1,1,1,0,0,1,0,1,0,1,1,0,0,0,1,0,1,0,0,1,0,1,0,1,1,0,0,0,1,0,1,0,0,1,0,1,0,1,1,0,0,0,1,0,1,0,0,1,0,1,0,1,1,0,0
2026,3,29,08:48:47.946,7.12,165,66.8,0.8439,4621.5,625.4,3.939,2.17,3.89,0.01,0.01,-676.0,1866.0,369.0,-26286.0,26320,1939,58.9,0.0,10935.0,0,0,0,e1f,d4e,d4a,d4a,d4a,1,1,1,1,1,0,0,0,0,1,1,1,0,0,1,1,1,0,0,1,0,1,0,1,1,0,0,0,1,0,1,0,0,1,0,1,0,1,1,0,0,0,1,0,1,0,0,1,0,1,0,1,1,0,0,0,1,0,1,0,0,1,0,1,0,1,1,0,0
2026,3,29,08:48:47.966,7.14,185,66.8,0.8439,4620.2,624.2,3.939,2.17,3.89,0.01,0.01,-676.0,1866.0,368.0,-26300.0,26357,1946,62.6,0.0,10938.0,0,0,0,e1f,d4e,d4a,d4a,d4a,1,1,1,1,1,0,0,0,0,1,1,1,0,0,1,1,1,0,0,1,0,1,0,1,1,0,0,0,1,0,1,0,0,1,0,1,0,1,1,0,0,0,1,0,1,0,0,1,0,1,0,1,1,0,0,0,1,0,1,0,0,1,0,1,0,1,1,0,0
2026,3,29,08:48:47.986,7.16,205,66.8,0.8440,4619.6,623.5,3.940,2.17,3.89,0.01,0.01,-677.0,1867.0,367.0,-26314.0,26395,1954,66.4,0.0,10942.0,0,0,0,e1f,d4e,d4a,d4a,d4a,1,1,1,1,1,0,0,0,0,1,1,1,0,0,1,1,1,0,0,1,0,1,0,1,1,0,0,0,1,0,1,0,0,1,0,1,0,1,1,0,0,0,1,0,1,0,0,1,0,1,0,1,1,0,0,0,1,0,1,0,0,1,0,1,0,1,1,0,0
2026,3,29,08:48:48.006,7.18,225,66.8,0.8443,4608.2,612.1,3.939,2.17,3.89,0.01,0.01,-677.0,1867.0,367.0,-26327.0,26432,1961,70.3,0.0,10946.0,0,0,0,e1f,d4e,d4a,d4a,d4a,1,1,1,1,1,0,0,0,0,1,1,1,0,0,1,1,1,0,0,1,0,1,0,1,1,0,0,0,1,0,1,0,0,1,0,1,0,1,1,0,0,0,1,0,1,0,0,1,0,1,0,1,1,0,0,0,1,0,1,0,0,1,0,1,0,1,1,0,0
2026,3,29,08:48:48.026,7.20,245,66.8,0.8443,4607.5,611.5,3.940,2.17,3.89,0.01,0.01,-678.0,1868.0,366.0,-26341.0,26469,1969,74.2,0.0,10950.0,0,0,0,e1f,d4e,d4a,d4a,d4a,1,1,1,1,1,0,0,0,0,1,1,1,0,0,1,1,1,0,0,1,0,1,0,1,1,0,0,0,1,0,1,0,0,1,0,1,0,1,1,0,0,0,1,0,1,0,0,1,0,1,0,1,1,0,0,0,1,0,1,0,0,1,0,1,0,1,1,0,0
2026,3,29,08:48:48.046,7.22,15,66.8,0.8450,4586.0,589.9,3.940,2.17,3.89,0.01,0.01,-678.0,1868.0,366.0,-26354.0,26507,1976,78.1,0.0,10954.0,0,0,0,e1f,d4e,d4a,d4a,d4a,1,1,1,1,1,0,0,0,0,1,1,1,0,0,1,1,1,0,0,1,0,1,0,1,1,0,0,0,1,0,1,0,0,1,0,1,0,1,1,0,0,0,1,0,1,0,0,1,0,1,0,1,1,0,0,0,1,0,1,0,0,1,0,1,0,1,1,0,0
2026,3,29,08:48:48.066,7.24,35,66.9,0.8451,4584.1,588.0,3.939,2.17,3.89,0.01,0.01,-678.0,1869.0,365.0,-26368.0,26544,1983,81.9,0.0,10960.0,0,0,0,e1f,d4e,d4a,d4a,d4a,1,1,1,1,1,0,0,0,0,1,1,1,0,0,1,1,1,0,0,1,0,1,0,1,1,0,0,0,1,0,1,0,0,1,0,1,0,1,1,0,0,0,1,0,1,0,0,1,0,1,0,1,1,0,0,0,1,0,1,0,0,1,0,1,0,1,1,0,0
2026,3,29,08:48:48.086,7.26,55,66.9,0.8466,4537.2,541.1,3.939,2.17,3.89,0.01,0.01,-678.0,1869.0,364.0,-26381.0,26581,1990,85.8,0.0,10966.0,0,0,0,e1f,d4e,d4a,d4a,d4a,1,1,1,1,1,0,0,0,0,1,1,1,0,0,1,1,1,0,0,1,0,1,0,1,1,0,0,0,1,0,1,0,0,1,0,1,0,1,1,0,0,0,1,0,1,0,0,1,0,1,0,1,1,0,0,0,1,0,1,0,0,1,0,1,0,1,1,0,0
2026,3,29,08:48:48.106,7.28,75,66.9,0.8466,4535.3,539.2,3.939,2.17,3.89,0.01,0.01,-678.0,1870.0,364.0,-26395.0,26619,1998,89.6,0.0,10972.0,0,0,0,e1f,d4e,d4a,d4a,d4a,1,1,1,1,1,0,0,0,0,1,1,1,0,0,1,1,1,0,0,1,0,1,0,1,1,0,0,0,1,0,1,0,0,1,0,1,0,1,1,0,0,0,1,0,1,0,0,1,0,1,0,1,1,0,0,0,1,0,1,0,0,1,0,1,0,1,1,0,0
2026,3,29,08:48:48.126,7.30,95,66.9,0.8482,4486.5,490.5,3.940,2.17,3.89,0.01,0.01,-678.0,1870.0,363.0,-26409.0,26656,2005,93.3,0.0,10979.0,0,0,0,e1f,d4e,d4a,d4a,d4a,1,1,1,1,1,0,0,0,0,1,1,1,0,0,1,1,1,0,0,1,0,1,0,1,1,0,0,0,1,0,1,0,0,1,0,1,0,1,1,0,0,0,1,0,1,0,0,1,0,1,0,1,1,0,0,0,1,0,1,0,0,1,0,1,0,1,1,0,0
2026,3,29,08:48:48.146,7.32,115,67.0,0.8482,4484.6,488.6,3.939,2.17,3.89,0.01,0.01,-678.0,1871.0,363.0,-26422.0,26694,2012,97.0,0.0,10985.0,0,0,0,e1f,d4a,d4a,d4a,d4a,1,1,1,1,1,0,0,0,0,1,1,1,0,0,1,0,1,0,0,1,0,1,0,1,1,0,0,0,1,0,1,0,0,1,0,1,0,1,1,0,0,0,1,0,1,0,0,1,0,1,0,1,1,0,0,0,1,0,1,0,0,1,0,1,0,1,1,0,0
2026,3,29,08:48:48.166,7.34,135,67.0,0.8496,4442.3,446.2,3.939,2.18,3.89,0.01,0.01,-677.0,1871.0,362.0,-26436.0,26731,2020,100.6,0.0,10991.0,0,0,0,e1f,d4a,d4a,d4a,d4a,1,1,1,1,1,0,0,0,0,1,1,1,0,0,1,0,1,0,0,1,0,1,0,1,1,0,0,0,1,0,1,0,0,1,0,1,0,1,1,0,0,0,1,0,1,0,0,1,0,1,0,1,1,0,0,0,1,0,1,0,0,1,0,1,0,1,1,0,0
2026,3,29,08:48:48.186,7.36,155,67.0,0.8496,4441.0,445.0,3.940,2.18,3.89,0.01,0.01,-677.0,1872.0,362.0,-26449.0,26769,2027,104.2,0.0,10997.0,0,0,0,e1f,d4a,d4a,d4a,d4a,1,1,1,1,1,0,0,0,0,1,1,1,0,0,1,0,1,0,0,1,0,1,0,1,1,0,0,0,1,0,1,0,0,1,0,1,0,1,1,0,0,0,1,0,1,0,0,1,0,1,0,1,1,0,0,0,1,0,1,0,0,1,0,1,0,1,1,0,0
2026,3,29,08:48:48.206,7.38,175,67.0,0.8506,4408.2,412.1,3.940,2.18,3.89,0.01,0.01,-677.0,1872.0,362.0,-26463.0,26806,2034,107.7,0.0,11002.0,0,0,0,e1f,d4a,d4a,d4a,d4a,1,1,1,1,1,0,0,0,0,1,1,1,0,0,1,0,1,0,0,1,0,1,0,1,1,0,0,0,1,0,1,0,0,1,0,1,0,1,1,0,0,0,1,0,1,0,0,1,0,1,0,1,1,0,0,0,1,0,1,0,0,1,0,1,0,1,1,0,0
2026,3,29,08:48:48.226,7.40,195,67.1,0.8506,4408.2,412.1,3.939,2.18,3.89,0.01,0.01,-677.0,1872.0,362.0,-26476.0,26843,2041,111.1,0.0,11006.0,0,0,0,e1f,d4a,d4a,d4a,d4a,1,1,1,1,1,0,0,0,0,1,1,1,0,0,1,0,1,0,0,1,0,1,0,1,1,0,0,0,1,0,1,0,0,1,0,1,0,1,1,0,0,0,1,0,1,0,0,1,0,1,0,1,1,0,0,0,1,0,1,0,0,1,0,1,0,1,1,0,0
2026,3,29,08:48:48.246,7.42,215,67.1,0.8503,4419.6,423.5,3.939,2.18,3.89,0.01,0.01,-676.0,1872.0,362.0,-26490.0,26881,2049,114.4,0.0,11011.0,0,0,0,e1f,d4a,d4a,d4a,d4a,1,1,1,1,1,0,0,0,0,1,1,1,0,0,1,0,1,0,0,1,0,1,0,1,1,0,0,0,1,0,1,0,0,1,0,1,0,1,1,0,0,0,1,0,1,0,0,1,0,1,0,1,1,0,0,0,1,0,1,0,0,1,0,1,0,1,1,0,0
2026,3,29,08:48:48.266,7.44,235,67.1,0.8503,4418.3,422.2,3.939,2.18,3.89,0.01,0.01,-676.0,1873.0,362.0,-26503.0,26918,2056,117.7,0.0,11016.0,0,0,0,e1f,d4a,d4a,d4a,d4a,1,1,1,1,1,0,0,0,0,1,1,1,0,0,1,0,1,0,0,1,0,1,0,1,1,0,0,0,1,0,1,0,0,1,0,1,0,1,1,0,0,0,1,0,1,0,0,1,0,1,0,1,1,0,0,0,1,0,1,0,0,1,0,1,0,1,1,0,0
2026,3,29,08:48:48.286,7.46,5,67.1,0.8510,4397.5,401.4,3.939,2.18,3.89,0.01,0.01,-676.0,1873.0,362.0,-26517.0,26956,2063,120.8,0.0,11020.0,0,0,0,e1f,d4a,d4a,d4a,d4a,1,1,1,1,1,0,0,0,0,1,1,1,0,0,1,0,1,0,0,1,0,1,0,1,1,0,0,0,1,0,1,0,0,1,0,1,0,1,1,0,0,0,1,0,1,0,0,1,0,1,0,1,1,0,0,0,1,0,1,0,0,1,0,1,0,1,1,0,0
2026,3,29,08:48:48.306,7.48,25,67.1,0.8510,4397.5,401.4,3.940,2.18,3.89,0.01,0.01,-675.0,1873.0,362.0,-26530.0,26993,2070,123.8,0.0,11025.0,0,0,0,e1f,d4a,d4a,d4a,d4a,1,1,1,1,1,0,0,0,0,1,1,1,0,0,1,0,1,0,0,1,0,1,0,1,1,0,0,0,1,0,1,0,0,1,0,1,0,1,1,0,0,0,1,0,1,0,0,1,0,1,0,1,1,0,0,0,1,0,1,0,0,1,0,1,0,1,1,0,0
2026,3,29,08:48:48.326,7.50,45,67.1,0.8512,4389.3,393.2,3.939,2.18,3.89,0.01,0.01,-675.0,1874.0,362.0,-26544.0,27031,2078,126.5,0.0,11030.0,0,0,0,e1f,d4a,d4a,d4a,d4a,1,1,1,1,1,0,0,0,0,1,1,1,0,0,1,0,1,0,0,1,0,1,0,1,1,0,0,0,1,0,1,0,0,1,0,1,0,1,1,0,0,0,1,0,1,0,0,1,0,1,0,1,1,0,0,0,1,0,1,0,0,1,0,1,0,1,1,0,0
2026,3,29,08:48:48.346,7.52,65,67.1,0.8512,4389.3,393.2,3.939,2.18,3.89,0.01,0.01,-674.0,1874.0,363.0,-26557.0,27068,2085,129.1,0.0,11035.0,0,0,0,e1f,d4a,d4a,d4a,d4a,1,1,1,1,1,0,0,0,0,1,1,1,0,0,1,0,1,0,0,1,0,1,0,1,1,0,0,0,1,0,1,0,0,1,0,1,0,1,1,0,0,0,1,0,1,0,0,1,0,1,0,1,1,0,0,0,1,0,1,0,0,1,0,1,0,1,1,0,0
2026,3,29,08:48:48.366,7.54,85,67.1,0.8516,4379.2,383.1,3.939,2.18,3.89,0.01,0.01,-674.0,1874.0,363.0,-26571.0,27106,2092,131.5,0.0,11040.0,0,0,0,e1f,d4a,d4a,d4a,d4a,1,1,1,1,1,0,0,0,0,1,1,1,0,0,1,0,1,0,0,1,0,1,0,1,1,0,0,0,1,0,1,0,0,1,0,1,0,1,1,0,0,0,1,0,1,0,0,1,0,1,0,1,1,0,0,0,1,0,1,0,0,1,0,1,0,1,1,0,0
2026,3,29,08:48:48.386,7.56,105,67.1,0.8515,4379.8,383.8,3.939,2.18,3.89,0.01,0.01,-674.0,1874.0,364.0,-26584.0,27143,2099,133.7,0.0,11046.0,0,0,0,e1f,d4a,d4a,d4a,d4a,1,1,1,1,1,0,0,0,0,1,1,1,0,0,1,0,1,0,0,1,0,1,0,1,1,0,0,0,1,0,1,0,0,1,0,1,0,1,1,0,0,0,1,0,1,0,0,1,0,1,0,1,1,0,0,0,1,0,1,0,0,1,0,1,0,1,1,0,0
2026,3,29,08:48:48.406,7.58,125,67.1,0.8521,4362.2,366.1,3.939,2.18,3.89,0.01,0.01,-674.0,1875.0,364.0,-26598.0,27181,2107,135.8,0.0,11052.0,0,0,0,e1f,d4a,d4a,d4a,d4a,1,1,1,1,1,0,0,0,0,1,1,1,0,0,1,0,1,0,0,1,0,1,0,1,1,0,0,0,1,0,1,0,0,1,0,1,0,1,1,0,0,0,1,0,1,0,0,1,0,1,0,1,1,0,0,0,1,0,1,0,0,1,0,1,0,1,1,0,0
2026,3,29,08:48:48.426,7.60,145,67.1,0.8521,4361.6,365.5,3.939,2.18,3.89,0.01,0.01,-674.0,1875.0,365.0,-26611.0,27218,2114,137.7,0.0,11059.0,0,0,0,e1f,d4a,d4a,d4a,d4a,1,1,1,1,1,0,0,0,0,1,1,1,0,0,1,0,1,0,0,1,0,1,0,1,1,0,0,0,1,0,1,0,0,1,0,1,0,1,1,0,0,0,1,0,1,0,0,1,0,1,0,1,1,0,0,0,1,0,1,0,0,1,0,1,0,1,1,0,0
2026,3,29,08:48:48.446,7.62,165,67.1,0.8528,4340.8,344.7,3.940,2.18,3.89,0.01,0.01,-674.0,1875.0,365.0,-26625.0,27256,2121,139.5,0.0,11065.0,0,0,0,e1f,d4a,d4a,d4a,d4a,1,1,1,1,1,0,0,0,0,1,1,1,0,0,1,0,1,0,0,1,0,1,0,1,1,0,0,0,1,0,1,0,0,1,0,1,0,1,1,0,0,0,1,0,1,0,0,1,0,1,0,1,1,0,0,0,1,0,1,0,0,1,0,1,0,1,1,0,0
2026,3,29,08:48:48.466,7.64,185,67.1,0.8528,4340.8,344.7,3.940,2.18,3.89,0.01,0.01,-674.0,1875.0,366.0,-26638.0,27293,2129,141.2,0.0,11071.0,0,0,0,e1f,d4a,d4a,d4a,d4a,1,1,1,1,1,0,0,0,0,1,1,1,0,0,1,0,1,0,0,1,0,1,0,1,1,0,0,0,1,0,1,0,0,1,0,1,0,1,1,0,0,0,1,0,1,0,0,1,0,1,0,1,1,0,0,0,1,0,1,0,0,1,0,1,0,1,1,0,0
2026,3,29,08:48:48.486,7.66,205,67.1,0.8528,4340.8,344.7,3.940,2.18,3.89,0.01,0.01,-674.0,1875.0,366.0,-26652.0,27331,2136,142.7,0.0,11077.0,0,0,0,e1f,d4a,d4a,d4a,d4a,1,1,1,1,1,0,0,0,0,1,1,1,0,0,1,0,1,0,0,1,0,1,0,1,1,0,0,0,1,0,1,0,0,1,0,1,0,1,1,0,0,0,1,0,1,0,0,1,0,1,0,1,1,0,0,0,1,0,1,0,0,1,0,1,0,1,1,0,0
2026,3,29,08:48:48.506,7.68,225,67.1,0.8528,4340.8,344.7,3.940,2.18,3.89,0.01,0.01,-674.0,1875.0,367.0,-26665.0,27368,2143,144.2,0.0,11083.0,0,0,0,e1f,d4a,d4a,d4a,d4a,1,1,1,1,1,0,0,0,0,1,1,1,0,0,1,0,1,0,0,1,0,1,0,1,1,0,0,0,1,0,1,0,0,1,0,1,0,1,1,0,0,0,1,0,1,0,0,1,0,1,0,1,1,0,0,0,1,0,1,0,0,1,0,1,0,1,1,0,0
2026,3,29,08:48:48.526,7.70,245,67.1,0.8537,4313.1,317.0,3.940,2.18,3.89,0.01,0.01,-675.0,1875.0,367.0,-26679.0,27406,2151,145.6,0.0,11088.0,0,0,0,e1f,d4a,d4a,d4a,d4a,1,1,1,1,1,0,0,0,0,1,1,1,0,0,1,0,1,0,0,1,0,1,0,1,1,0,0,0,1,0,1,0,0,1,0,1,0,1,1,0,0,0,1,0,1,0,0,1,0,1,0,1,1,0,0,0,1,0,1,0,0,1,0,1,0,1,1,0,0
2026,3,29,08:48:48.546,7.72,15,67.1,0.8537,4313.1,317.0,3.940,2.18,3.89,0.01,0.01,-675.0,1875.0,367.0,-26692.0,27443,2158,147.0,0.0,11092.0,0,0,0,e1f,d4a,d4a,d4a,d4a,1,1,1,1,1,0,0,0,0,1,1,1,0,0,1,0,1,0,0,1,0,1,0,1,1,0,0,0,1,0,1,0,0,1,0,1,0,1,1,0,0,0,1,0,1,0,0,1,0,1,0,1,1,0,0,0,1,0,1,0,0,1,0,1,0,1,1,0,0
2026,3,29,08:48:48.566,7.74,35,67.1,0.8538,4308.7,312.6,3.939,2.18,3.89,0.01,0.01,-675.0,1876.0,368.0,-26706.0,27481,2165,148.3,0.0,11097.0,0,0,0,e1f,d4a,d4a,d4a,d4a,1,1,1,1,1,0,0,0,0,1,1,1,0,0,1,0,1,0,0,1,0,1,0,1,1,0,0,0,1,0,1,0,0,1,0,1,0,1,1,0,0,0,1,0,1,0,0,1,0,1,0,1,1,0,0,0,1,0,1,0,0,1,0,1,0,1,1,0,0
2026,3,29,08:48:48.586,7.76,55,67.1,0.8538,4308.7,312.6,3.940,2.18,3.89,0.01,0.01,-676.0,1876.0,368.0,-26719.0,27518,2173,149.6,0.0,11101.0,0,0,0,e1f,d4a,d4a,d4a,d4a,1,1,1,1,1,0,0,0,0,1,1,1,0,0,1,0,1,0,0,1,0,1,0,1,1,0,0,0,1,0,1,0,0,1,0,1,0,1,1,0,0,0,1,0,1,0,0,1,0,1,0,1,1,0,0,0,1,0,1,0,0,1,0,1,0,1,1,0,0
2026,3,29,08:48:48.606,7.78,75,67.1,0.8543,4293.6,297.5,3.940,2.18,3.89,0.01,0.01,-676.0,1877.0,368.0,-26733.0,27556,2180,150.9,0.0,11105.0,0,0,0,e1f,d4a,d4a,d4a,d4a,1,1,1,1,1,0,0,0,0,1,1,1,0,0,1,0,1,0,0,1,0,1,0,1,1,0,0,0,1,0,1,0,0,1,0,1,0,1,1,0,0,0,1,0,1,0,0,1,0,1,0,1,1,0,0,0,1,0,1,0,0,1,0,1,0,1,1,0,0
2026,3,29,08:48:48.626,7.80,95,67.1,0.8543,4293.6,297.5,3.940,2.18,3.89,0.01,0.01,-676.0,1877.0,369.0,-26747.0,27593,2187,152.1,0.0,11109.0,0,0,0,e1f,d4a,d4a,d4a,d4a,1,1,1,1,1,0,0,0,0,1,1,1,0,0,1,0,1,0,0,1,0,1,0,1,1,0,0,0,1,0,1,0,0,1,0,1,0,1,1,0,0,0,1,0,1,0,0,1,0,1,0,1,1,0,0,0,1,0,1,0,0,1,0,1,0,1,1,0,0
2026,3,29,08:48:48.646,7.82,115,67.1,0.8542,4296.7,300.7,3.940,2.18,3.89,0.01,0.01,-677.0,1878.0,369.0,-26760.0,27631,2195,153.2,0.0,11114.0,0,0,0,e1f,d4a,d4a,d4a,d4a,1,1,1,1,1,0,0,0,0,1,1,1,0,0,1,0,1,0,0,1,0,1,0,1,1,0,0,0,1,0,1,0,0,1,0,1,0,1,1,0,0,0,1,0,1,0,0,1,0,1,0,1,1,0,0,0,1,0,1,0,0,1,0,1,0,1,1,0,0
2026,3,29,08:48:48.906,7.84,125,67.1,0.8533,4325.7,329.6,3.939,2.19,3.89,0.01,0.01,-682.0,1883.0,372.0,-26937.0,28120,2291,162.4,0.0,11169.0,0,0,0,e1f,d4a,d4a,d4a,d4a,1,1,1,1,1,0,0,0,0,1,1,1,0,0,1,0,1,0,0,1,0,1,0,1,1,0,0,0,1,0,1,0,0,1,0,1,0,1,1,0,0,0,1,0,1,0,0,1,0,1,0,1,1,0,0,0,1,0,1,0,0,1,0,1,0,1,1,0,0
2026,3,29,08:48:48.926,7.86,145,67.1,0.8536,4314.3,318.3,3.940,2.19,3.89,0.01,0.01,-682.0,1884.0,372.0,-26950.0,28158,2299,163.0,0.0,11170.0,0,0,0,e1f,d4a,d4a,d4a,d4a,1,1,1,1,1,0,0,0,0,1,1,1,0,0,1,0,1,0,0,1,0,1,0,1,1,0,0,0,1,0,1,0,0,1,0,1,0,1,1,0,0,0,1,0,1,0,0,1,0,1,0,1,1,0,0,0,1,0,1,0,0,1,0,1,0,1,1,0,0
2026,3,29,08:48:48.946,7.88,165,67.1,0.8536,4314.3,318.3,3.939,2.19,3.89,0.01,0.01,-682.0,1884.0,372.0,-26964.0,28195,2306,163.6,0.0,11170.0,0,0,0,e1f,d4a,d4a,d4a,d4a,1,1,1,1,1,0,0,0,0,1,1,1,0,0,1,0,1,0,0,1,0,1,0,1,1,0,0,0,1,0,1,0,0,1,0,1,0,1,1,0,0,0,1,0,1,0,0,1,0,1,0,1,1,0,0,0,1,0,1,0,0,1,0,1,0,1,1,0,0
2026,3,29,08:48:48.966,7.90,185,67.1,0.8534,4321.3,325.2,3.939,2.19,3.89,0.01,0.01,-682.0,1885.0,372.0,-26978.0,28233,2314,164.1,0.0,11169.0,0,0,0,e1f,d4a,d4a,d4a,d4a,1,1,1,1,1,0,0,0,0,1,1,1,0,0,1,0,1,0,0,1,0,1,0,1,1,0,0,0,1,0,1,0,0,1,0,1,0,1,1,0,0,0,1,0,1,0,0,1,0,1,0,1,1,0,0,0,1,0,1,0,0,1,0,1,0,1,1,0,0
2026,3,29,23:17:04.087,7.92,128,59.0,0.9756,681.4,-3314.7,4.068,1.66,2.38,0.01,0.01,-419.0,-48.0,1420.0,-15669.0,-2483,-12525,144.7,0.0,53.0,0,0,0,eff,cc9,cc9,cc9,cc9,1,1,1,1,1,1,1,1,0,1,1,1,0,1,0,0,1,0,0,1,1,0,0,1,1,0,0,1,0,0,1,0,0,1,1,0,0,1,1,0,0,1,0,0,1,0,0,1,1,0,0,1,1,0,0,1,0,0,1,0,0,1,1,0,0,1,1,0,0
2026,3,29,23:17:04.107,7.94,148,59.0,0.9756,681.4,-3314.7,4.067,1.66,2.38,0.01,0.01,-419.0,-48.0,1421.0,-15677.0,-2484,-12497,144.7,0.0,53.0,0,0,0,eff,cc9,cc9,cc9,cc9,1,1,1,1,1,1,1,1,0,1,1,1,0,1,0,0,1,0,0,1,1,0,0,1,1,0,0,1,0,0,1,0,0,1,1,0,0,1,1,0,0,1,0,0,1,0,0,1,1,0,0,1,1,0,0,1,0,0,1,0,0,1,1,0,0,1,1,0,0
2026,3,29,23:17:04.127,7.96,168,59.0,0.9756,681.4,-3314.7,4.067,1.66,2.38,0.01,0.01,-419.0,-48.0,1421.0,-15686.0,-2485,-12468,144.7,0.0,53.0,0,0,0,eff,cc9,cc9,cc9,cc9,1,1,1,1,1,1,1,1,0,1,1,1,0,1,0,0,1,0,0,1,1,0,0,1,1,0,0,1,0,0,1,0,0,1,1,0,0,1,1,0,0,1,0,0,1,0,0,1,1,0,0,1,1,0,0,1,0,0,1,0,0,1,1,0,0,1,1,0,0
2026,3,29,23:17:04.147,7.98,188,59.0,0.9756,681.4,-3314.7,4.067,1.66,2.38,0.01,0.01,-419.0,-48.0,1422.0,-15694.0,-2486,-12440,144.7,0.0,53.0,0,0,0,eff,cc9,cc9,cc9,cc9,1,1,1,1,1,1,1,1,0,1,1,1,0,1,0,0,1,0,0,1,1,0,0,1,1,0,0,1,0,0,1,0,0,1,1,0,0,1,1,0,0,1,0,0,1,0,0,1,1,0,0,1,1,0,0,1,0,0,1,0,0,1,1,0,0,1,1,0,0
2026,3,29,08:48:44.826,8.00,45,67.1,0.8433,4639.9,643.9,3.939,2.08,3.89,0.01,0.01,-657.0,1800.0,341.0,-24223.0,20600,836,36.4,0.0,10531.0,0,0,0,e1f,d4e,d4a,d4a,d4a,1,1,1,1,1,0,0,0,0,1,1,1,0,0,1,1,1,0,0,1,0,1,0,1,1,0,0,0,1,0,1,0,0,1,0,1,0,1,1,0,0,0,1,0,1,0,0,1,0,1,0,1,1,0,0,0,1,0,1,0,0,1,0,1,0,1,1,0,0
2026,3,29,08:48:44.846,8.02,65,67.1,0.8428,4655.8,659.8,3.939,2.08,3.89,0.01,0.01,-656.0,1800.0,341.0,-24236.0,20636,842,36.9,0.0,10534.0,0,0,0,e1f,d4e,d4a,d4a,d4a,1,1,1,1,1,0,0,0,0,1,1,1,0,0,1,1,1,0,0,1,0,1,0,1,1,0,0,0,1,0,1,0,0,1,0,1,0,1,1,0,0,0,1,0,1,0,0,1,0,1,0,1,1,0,0,0,1,0,1,0,0,1,0,1,0,1,1,0,0
2026,3,29,08:48:44.866,8.04,85,67.0,0.8428,4657.1,661.0,3.940,2.08,3.89,0.01,0.01,-656.0,1800.0,341.0,-24250.0,20672,849,37.2,0.0,10537.0,0,0,0,e1f,d4e,d4a,d4a,d4a,1,1,1,1,1,0,0,0,0,1,1,1,0,0,1,1,1,0,0,1,0,1,0,1,1,0,0,0,1,0,1,0,0,1,0,1,0,1,1,0,0,0,1,0,1,0,0,1,0,1,0,1,1,0,0,0,1,0,1,0,0,1,0,1,0,1,1,0,0
2026,3,29,08:48:44.886,8.06,105,67.0,0.8422,4674.9,678.8,3.939,2.08,3.89,0.01,0.01,-656.0,1800.0,341.0,-24263.0,20708,856,37.3,0.0,10540.0,0,0,0,e1f,d4e,d4a,d4a,d4a,1,1,1,1,1,0,0,0,0,1,1,1,0,0,1,1,1,0,0,1,0,1,0,1,1,0,0,0,1,0,1,0,0,1,0,1,0,1,1,0,0,0,1,0,1,0,0,1,0,1,0,1,1,0,0,0,1,0,1,0,0,1,0,1,0,1,1,0,0
2026,3,29,08:48:44.906,8.08,125,67.0,0.8422,4675.5,679.5,3.939,2.08,3.89,0.01,0.01,-656.0,1800.0,341.0,-24276.0,20744,863,37.2,0.0,10543.0,0,0,0,e1f,d4e,d4a,d4a,d4a,1,1,1,1,1,0,0,0,0,1,1,1,0,0,1,1,1,0,0,1,0,1,0,1,1,0,0,0,1,0,1,0,0,1,0,1,0,1,1,0,0,0,1,0,1,0,0,1,0,1,0,1,1,0,0,0,1,0,1,0,0,1,0,1,0,1,1,0,0
2026,3,29,08:48:44.926,8.10,145,67.0,0.8416,4693.3,697.3,3.939,2.08,3.89,0.01,0.01,-656.0,1800.0,340.0,-24289.0,20780,870,36.8,0.0,10546.0,0,0,0,e1f,d4e,d4a,d4a,d4a,1,1,1,1,1,0,0,0,0,1,1,1,0,0,1,1,1,0,0,1,0,1,0,1,1,0,0,0,1,0,1,0,0,1,0,1,0,1,1,0,0,0,1,0,1,0,0,1,0,1,0,1,1,0,0,0,1,0,1,0,0,1,0,1,0,1,1,0,0
2026,3,29,08:48:44.946,8.12,165,67.0,0.8416,4694.6,698.5,3.939,2.08,3.89,0.01,0.01,-655.0,1800.0,340.0,-24302.0,20816,876,36.3,0.0,10550.0,0,0,0,e1f,d4e,d4a,d4a,d4a,1,1,1,1,1,0,0,0,0,1,1,1,0,0,1,1,1,0,0,1,0,1,0,1,1,0,0,0,1,0,1,0,0,1,0,1,0,1,1,0,0,0,1,0,1,0,0,1,0,1,0,1,1,0,0,0,1,0,1,0,0,1,0,1,0,1,1,0,0
2026,3,29,08:48:44.966,8.14,185,67.0,0.8409,4717.5,721.5,3.939,2.08,3.89,0.01,0.01,-655.0,1800.0,340.0,-24315.0,20852,883,35.5,0.0,10553.0,0,0,0,e1f,d4e,d4a,d4a,d4a,1,1,1,1,1,0,0,0,0,1,1,1,0,0,1,1,1,0,0,1,0,1,0,1,1,0,0,0,1,0,1,0,0,1,0,1,0,1,1,0,0,0,1,0,1,0,0,1,0,1,0,1,1,0,0,0,1,0,1,0,0,1,0,1,0,1,1,0,0
2026,3,29,08:48:44.986,8.16,205,66.9,0.8408,4718.8,722.7,3.939,2.08,3.89,0.01,0.01,-655.0,1800.0,340.0,-24328.0,20888,890,34.7,0.0,10556.0,0,0,0,e1f,d4e,d4a,d4a,d4a,1,1,1,1,1,0,0,0,0,1,1,1,0,0,1,1,1,0,0,1,0,1,0,1,1,0,0,0,1,0,1,0,0,1,0,1,0,1,1,0,0,0,1,0,1,0,0,1,0,1,0,1,1,0,0,0,1,0,1,0,0,1,0,1,0,1,1,0,0
2026,3,29,08:48:45.006,8.18,225,66.9,0.8399,4748.1,752.0,3.938,2.08,3.89,0.01,0.01,-655.0,1801.0,340.0,-24341.0,20924,897,33.6,0.0,10559.0,0,0,0,e1f,d4e,d4a,d4a,d4a,1,1,1,1,1,0,0,0,0,1,1,1,0,0,1,1,1,0,0,1,0,1,0,1,1,0,0,0,1,0,1,0,0,1,0,1,0,1,1,0,0,0,1,0,1,0,0,1,0,1,0,1,1,0,0,0,1,0,1,0,0,1,0,1,0,1,1,0,0
2026,3,29,08:48:45.026,8.20,245,66.9,0.8399,4749.4,753.3,3.938,2.08,3.89,0.01,0.01,-655.0,1801.0,340.0,-24355.0,20960,904,32.5,0.0,10562.0,0,0,0,e1f,d4e,d4a,d4a,d4a,1,1,1,1,1,0,0,0,0,1,1,1,0,0,1,1,1,0,0,1,0,1,0,1,1,0,0,0,1,0,1,0,0,1,0,1,0,1,1,0,0,0,1,0,1,0,0,1,0,1,0,1,1,0,0,0,1,0,1,0,0,1,0,1,0,1,1,0,0
2026,3,29,08:48:45.046,8.22,15,66.9,0.8392,4770.4,774.4,3.939,2.08,3.89,0.01,0.01,-655.0,1801.0,340.0,-24368.0,20996,911,31.4,0.0,10565.0,0,0,0,e1f,d4e,d4a,d4a,d4a,1,1,1,1,1,0,0,0,0,1,1,1,0,0,1,1,1,0,0,1,0,1,0,1,1,0,0,0,1,0,1,0,0,1,0,1,0,1,1,0,0,0,1,0,1,0,0,1,0,1,0,1,1,0,0,0,1,0,1,0,0,1,0,1,0,1,1,0,0
2026,3,29,08:48:45.066,8.24,35,66.9,0.8392,4771.7,775.6,3.939,2.08,3.88,0.01,0.01,-655.0,1802.0,340.0,-24381.0,21032,917,30.3,0.0,10568.0,0,0,0,e1f,d4e,d4a,d4a,d4a,1,1,1,1,1,0,0,0,0,1,1,1,0,0,1,1,1,0,0,1,0,1,0,1,1,0,0,0,1,0,1,0,0,1,0,1,0,1,1,0,0,0,1,0,1,0,0,1,0,1,0,1,1,0,0,0,1,0,1,0,0,1,0,1,0,1,1,0,0
2026,3,29,08:48:45.086,8.26,55,66.9,0.8387,4787.6,791.6,3.939,2.08,3.88,0.01,0.01,-656.0,1802.0,341.0,-24394.0,21068,924,29.3,0.0,10571.0,0,0,0,e1f,d4e,d4a,d4a,d4a,1,1,1,1,1,0,0,0,0,1,1,1,0,0,1,1,1,0,0,1,0,1,0,1,1,0,0,0,1,0,1,0,0,1,0,1,0,1,1,0,0,0,1,0,1,0,0,1,0,1,0,1,1,0,0,0,1,0,1,0,0,1,0,1,0,1,1,0,0
2026,3,29,08:48:45.106,8.28,75,66.8,0.8387,4788.3,792.2,3.939,2.08,3.89,0.01,0.01,-656.0,1803.0,341.0,-24407.0,21104,931,28.5,0.0,10574.0,0,0,0,e1f,d4e,d4a,d4a,d4a,1,1,1,1,1,0,0,0,0,1,1,1,0,0,1,1,1,0,0,1,0,1,0,1,1,0,0,0,1,0,1,0,0,1,0,1,0,1,1,0,0,0,1,0,1,0,0,1,0,1,0,1,1,0,0,0,1,0,1,0,0,1,0,1,0,1,1,0,0
2026,3,29,08:48:45.126,8.30,95,66.8,0.8381,4806.8,810.7,3.939,2.09,3.89,0.01,0.01,-656.0,1803.0,342.0,-24420.0,21140,938,27.8,0.0,10577.0,0,0,0,e1f,d4e,d4a,d4a,d4a,1,1,1,1,1,0,0,0,0,1,1,1,0,0,1,1,1,0,0,1,0,1,0,1,1,0,0,0,1,0,1,0,0,1,0,1,0,1,1,0,0,0,1,0,1,0,0,1,0,1,0,1,1,0,0,0,1,0,1,0,0,1,0,1,0,1,1,0,0
2026,3,29,08:48:45.146,8.32,115,66.8,0.8381,4807.4,811.4,3.939,2.09,3.89,0.01,0.01,-657.0,1804.0,343.0,-24433.0,21176,945,27.3,0.0,10580.0,0,0,0,e1f,d4e,d4a,d4a,d4a,1,1,1,1,1,0,0,0,0,1,1,1,0,0,1,1,1,0,0,1,0,1,0,1,1,0,0,0,1,0,1,0,0,1,0,1,0,1,1,0,0,0,1,0,1,0,0,1,0,1,0,1,1,0,0,0,1,0,1,0,0,1,0,1,0,1,1,0,0
2026,3,29,08:48:45.166,8.34,135,66.8,0.8373,4830.4,834.4,3.940,2.09,3.89,0.01,0.01,-657.0,1804.0,343.0,-24446.0,21212,952,27.0,0.0,10583.0,0,0,0,e1f,d4e,d4a,d4a,d4a,1,1,1,1,1,0,0,0,0,1,1,1,0,0,1,1,1,0,0,1,0,1,0,1,1,0,0,0,1,0,1,0,0,1,0,1,0,1,1,0,0,0,1,0,1,0,0,1,0,1,0,1,1,0,0,0,1,0,1,0,0,1,0,1,0,1,1,0,0
2026,3,29,08:48:45.186,8.36,155,66.8,0.8373,4830.4,834.4,3.939,2.09,3.89,0.01,0.01,-657.0,1804.0,344.0,-24460.0,21248,958,26.9,0.0,10586.0,0,0,0,e1f,d4e,d4a,d4a,d4a,1,1,1,1,1,0,0,0,0,1,1,1,0,0,1,1,1,0,0,1,0,1,0,1,1,0,0,0,1,0,1,0,0,1,0,1,0,1,1,0,0,0,1,0,1,0,0,1,0,1,0,1,1,0,0,0,1,0,1,0,0,1,0,1,0,1,1,0,0
2026,3,29,08:48:45.206,8.38,175,66.8,0.8369,4845.1,849.1,3.939,2.09,3.89,0.01,0.01,-658.0,1805.0,344.0,-24473.0,21284,965,27.0,0.0,10589.0,0,0,0,e1f,d4e,d4a,d4a,d4a,1,1,1,1,1,0,0,0,0,1,1,1,0,0,1,1,1,0,0,1,0,1,0,1,1,0,0,0,1,0,1,0,0,1,0,1,0,1,1,0,0,0,1,0,1,0,0,1,0,1,0,1,1,0,0,0,1,0,1,0,0,1,0,1,0,1,1,0,0
2026,3,29,08:48:45.226,8.40,195,66.8,0.8368,4846.4,850.4,3.939,2.09,3.89,0.01,0.01,-658.0,1805.0,345.0,-24486.0,21320,972,27.2,0.0,10592.0,0,0,0,e1f,d4e,d4a,d4a,d4a,1,1,1,1,1,0,0,0,0,1,1,1,0,0,1,1,1,0,0,1,0,1,0,1,1,0,0,0,1,0,1,0,0,1,0,1,0,1,1,0,0,0,1,0,1,0,0,1,0,1,0,1,1,0,0,0,1,0,1,0,0,1,0,1,0,1,1,0,0
2026,3,29,08:48:45.246,8.42,215,66.8,0.8366,4852.8,856.7,3.939,2.09,3.89,0.01,0.01,-658.0,1805.0,345.0,-24499.0,21356,979,27.7,0.0,10595.0,0,0,0,e1f,d4e,d4a,d4a,d4a,1,1,1,1,1,0,0,0,0,1,1,1,0,0,1,1,1,0,0,1,0,1,0,1,1,0,0,0,1,0,1,0,0,1,0,1,0,1,1,0,0,0,1,0,1,0,0,1,0,1,0,1,1,0,0,0,1,0,1,0,0,1,0,1,0,1,1,0,0
2026,3,29,08:48:45.266,8.44,235,66.8,0.8366,4853.4,857.4,3.940,2.09,3.89,0.01,0.01,-659.0,1806.0,345.0,-24512.0,21393,986,28.3,0.0,10598.0,0,0,0,e1f,d4e,d4a,d4a,d4a,1,1,1,1,1,0,0,0,0,1,1,1,0,0,1,1,1,0,0,1,0,1,0,1,1,0,0,0,1,0,1,0,0,1,0,1,0,1,1,0,0,0,1,0,1,0,0,1,0,1,0,1,1,0,0,0,1,0,1,0,0,1,0,1,0,1,1,0,0
2026,3,29,08:48:45.286,8.46,5,66.8,0.8363,4863.0,867.0,3.940,2.09,3.89,0.01,0.01,-659.0,1806.0,346.0,-24525.0,21429,993,29.1,0.0,10602.0,0,0,0,e1f,d4e,d4a,d4a,d4a,1,1,1,1,1,0,0,0,0,1,1,1,0,0,1,1,1,0,0,1,0,1,0,1,1,0,0,0,1,0,1,0,0,1,0,1,0,1,1,0,0,0,1,0,1,0,0,1,0,1,0,1,1,0,0,0,1,0,1,0,0,1,0,1,0,1,1,0,0
2026,3,29,08:48:45.306,8.48,25,66.8,0.8363,4863.7,867.6,3.939,2.09,3.89,0.01,0.01,-659.0,1806.0,346.0,-24539.0,21465,1000,29.9,0.0,10605.0,0,0,0,e1f,d4e,d4a,d4a,d4a,1,1,1,1,1,0,0,0,0,1,1,1,0,0,1,1,1,0,0,1,0,1,0,1,1,0,0,0,1,0,1,0,0,1,0,1,0,1,1,0,0,0,1,0,1,0,0,1,0,1,0,1,1,0,0,0,1,0,1,0,0,1,0,1,0,1,1,0,0
2026,3,29,08:48:45.326,8.50,45,66.8,0.8364,4860.5,864.4,3.939,2.09,3.89,0.01,0.01,-659.0,1807.0,346.0,-24552.0,21501,1007,30.8,0.0,10608.0,0,0,0,e1f,d4e,d4a,d4a,d4a,1,1,1,1,1,0,0,0,0,1,1,1,0,0,1,1,1,0,0,1,0,1,0,1,1,0,0,0,1,0,1,0,0,1,0,1,0,1,1,0,0,0,1,0,1,0,0,1,0,1,0,1,1,0,0,0,1,0,1,0,0,1,0,1,0,1,1,0,0
2026,3,29,08:48:45.346,8.52,65,66.8,0.8364,4859.8,863.8,3.940,2.09,3.89,0.01,0.01,-659.0,1807.0,346.0,-24565.0,21537,1014,31.8,0.0,10611.0,0,0,0,e1f,d4e,d4a,d4a,d4a,1,1,1,1,1,0,0,0,0,1,1,1,0,0,1,1,1,0,0,1,0,1,0,1,1,0,0,0,1,0,1,0,0,1,0,1,0,1,1,0,0,0,1,0,1,0,0,1,0,1,0,1,1,0,0,0,1,0,1,0,0,1,0,1,0,1,1,0,0
2026,3,29,08:48:45.366,8.54,85,66.8,0.8365,4858.6,862.5,3.939,2.09,3.89,0.01,0.01,-659.0,1808.0,345.0,-24578.0,21573,1021,32.8,0.0,10614.0,0,0,0,e1f,d4e,d4a,d4a,d4a,1,1,1,1,1,0,0,0,0,1,1,1,0,0,1,1,1,0,0,1,0,1,0,1,1,0,0,0,1,0,1,0,0,1,0,1,0,1,1,0,0,0,1,0,1,0,0,1,0,1,0,1,1,0,0,0,1,0,1,0,0,1,0,1,0,1,1,0,0
2026,3,29,08:48:45.386,8.56,105,66.8,0.8365,4858.6,862.5,3.939,2.09,3.89,0.01,0.01,-659.0,1808.0,345.0,-24591.0,21610,1028,33.7,0.0,10617.0,0,0,0,e1f,d4e,d4a,d4a,d4a,1,1,1,1,1,0,0,0,0,1,1,1,0,0,1,1,1,0,0,1,0,1,0,1,1,0,0,0,1,0,1,0,0,1,0,1,0,1,1,0,0,0,1,0,1,0,0,1,0,1,0,1,1,0,0,0,1,0,1,0,0,1,0,1,0,1,1,0,0
2026,3,29,08:48:45.406,8.58,125,66.8,0.8366,4854.7,858.7,3.939,2.09,3.89,0.01,0.01,-659.0,1809.0,345.0,-24605.0,21646,1034,34.7,0.0,10620.0,0,0,0,e1f,d4e,d4a,d4a,d4a,1,1,1,1,1,0,0,0,0,1,1,1,0,0,1,1,1,0,0,1,0,1,0,1,1,0,0,0,1,0,1,0,0,1,0,1,0,1,1,0,0,0,1,0,1,0,0,1,0,1,0,1,1,0,0,0,1,0,1,0,0,1,0,1,0,1,1,0,0
2026,3,29,08:48:45.426,8.60,145,66.8,0.8366,4854.1,858.0,3.939,2.09,3.89,0.01,0.01,-659.0,1809.0,345.0,-24618.0,21682,1041,35.5,0.0,10622.0,0,0,0,e1f,d4e,d4a,d4a,d4a,1,1,1,1,1,0,0,0,0,1,1,1,0,0,1,1,1,0,0,1,0,1,0,1,1,0,0,0,1,0,1,0,0,1,0,1,0,1,1,0,0,0,1,0,1,0,0,1,0,1,0,1,1,0,0,0,1,0,1,0,0,1,0,1,0,1,1,0,0
2026,3,29,08:48:45.446,8.62,165,66.8,0.8371,4839.4,843.3,3.939,2.09,3.89,0.01,0.01,-659.0,1810.0,344.0,-24631.0,21718,1048,36.3,0.0,10625.0,0,0,0,e1f,d4e,d4a,d4a,d4a,1,1,1,1,1,0,0,0,0,1,1,1,0,0,1,1,1,0,0,1,0,1,0,1,1,0,0,0,1,0,1,0,0,1,0,1,0,1,1,0,0,0,1,0,1,0,0,1,0,1,0,1,1,0,0,0,1,0,1,0,0,1,0,1,0,1,1,0,0
2026,3,29,08:48:45.466,8.64,185,66.8,0.8371,4838.7,842.7,3.940,2.09,3.89,0.01,0.01,-658.0,1810.0,344.0,-24644.0,21754,1055,37.0,0.0,10627.0,0,0,0,e1f,d4e,d4a,d4a,d4a,1,1,1,1,1,0,0,0,0,1,1,1,0,0,1,1,1,0,0,1,0,1,0,1,1,0,0,0,1,0,1,0,0,1,0,1,0,1,1,0,0,0,1,0,1,0,0,1,0,1,0,1,1,0,0,0,1,0,1,0,0,1,0,1,0,1,1,0,0
2026,3,29,08:48:45.486,8.66,205,66.8,0.8371,4838.7,842.7,3.939,2.09,3.89,0.01,0.01,-658.0,1811.0,343.0,-24657.0,21790,1062,37.6,0.0,10629.0,0,0,0,e1f,d4e,d4a,d4a,d4a,1,1,1,1,1,0,0,0,0,1,1,1,0,0,1,1,1,0,0,1,0,1,0,1,1,0,0,0,1,0,1,0,0,1,0,1,0,1,1,0,0,0,1,0,1,0,0,1,0,1,0,1,1,0,0,0,1,0,1,0,0,1,0,1,0,1,1,0,0
2026,3,29,08:48:45.506,8.68,225,66.8,0.8371,4838.1,842.0,3.940,2.09,3.89,0.01,0.01,-658.0,1811.0,343.0,-24670.0,21827,1069,38.0,0.0,10631.0,0,0,0,e1f,d4e,d4a,d4a,d4a,1,1,1,1,1,0,0,0,0,1,1,1,0,0,1,1,1,0,0,1,0,1,0,1,1,0,0,0,1,0,1,0,0,1,0,1,0,1,1,0,0,0,1,0,1,0,0,1,0,1,0,1,1,0,0,0,1,0,1,0,0,1,0,1,0,1,1,0,0
2026,3,29,08:48:45.526,8.70,245,66.8,0.8376,4823.4,827.3,3.939,2.09,3.89,0.01,0.01,-658.0,1812.0,343.0,-24684.0,21863,1076,38.4,0.0,10633.0,0,0,0,e1f,d4e,d4a,d4a,d4a,1,1,1,1,1,0,0,0,0,1,1,1,0,0,1,1,1,0,0,1,0,1,0,1,1,0,0,0,1,0,1,0,0,1,0,1,0,1,1,0,0,0,1,0,1,0,0,1,0,1,0,1,1,0,0,0,1,0,1,0,0,1,0,1,0,1,1,0,0
2026,3,29,08:48:45.546,8.72,15,66.9,0.8376,4822.1,826.1,3.940,2.09,3.89,0.01,0.01,-658.0,1812.0,343.0,-24697.0,21899,1083,38.6,0.0,10635.0,0,0,0,e1f,d4e,d4a,d4a,d4a,1,1,1,1,1,0,0,0,0,1,1,1,0,0,1,1,1,0,0,1,0,1,0,1,1,0,0,0,1,0,1,0,0,1,0,1,0,1,1,0,0,0,1,0,1,0,0,1,0,1,0,1,1,0,0,0,1,0,1,0,0,1,0,1,0,1,1,0,0
2026,3,29,08:48:45.566,8.74,35,66.9,0.8381,4806.2,810.1,3.939,2.09,3.89,0.01,0.01,-657.0,1813.0,342.0,-24710.0,21935,1090,38.8,0.0,10637.0,0,0,0,e1f,d4e,d4a,d4a,d4a,1,1,1,1,1,0,0,0,0,1,1,1,0,0,1,1,1,0,0,1,0,1,0,1,1,0,0,0,1,0,1,0,0,1,0,1,0,1,1,0,0,0,1,0,1,0,0,1,0,1,0,1,1,0,0,0,1,0,1,0,0,1,0,1,0,1,1,0,0
2026,3,29,08:48:45.586,8.76,55,66.9,0.8381,4804.9,808.8,3.939,2.09,3.89,0.01,0.01,-657.0,1814.0,342.0,-24723.0,21972,1096,38.8,0.0,10639.0,0,0,0,e1f,d4e,d4a,d4a,d4a,1,1,1,1,1,0,0,0,0,1,1,1,0,0,1,1,1,0,0,1,0,1,0,1,1,0,0,0,1,0,1,0,0,1,0,1,0,1,1,0,0,0,1,0,1,0,0,1,0,1,0,1,1,0,0,0,1,0,1,0,0,1,0,1,0,1,1,0,0
2026,3,29,08:48:45.606,8.78,75,66.9,0.8387,4787.0,791.0,3.940,2.09,3.89,0.01,0.01,-657.0,1815.0,342.0,-24736.0,22008,1103,38.6,0.0,10641.0,0,0,0,e1f,d4e,d4a,d4a,d4a,1,1,1,1,1,0,0,0,0,1,1,1,0,0,1,1,1,0,0,1,0,1,0,1,1,0,0,0,1,0,1,0,0,1,0,1,0,1,1,0,0,0,1,0,1,0,0,1,0,1,0,1,1,0,0,0,1,0,1,0,0,1,0,1,0,1,1,0,0
2026,3,29,08:48:45.626,8.80,95,66.9,0.8387,4785.7,789.7,3.939,2.09,3.89,0.01,0.01,-657.0,1816.0,342.0,-24749.0,22044,1110,38.4,0.0,10644.0,0,0,0,e1f,d4e,d4a,d4a,d4a,1,1,1,1,1,0,0,0,0,1,1,1,0,0,1,1,1,0,0,1,0,1,0,1,1,0,0,0,1,0,1,0,0,1,0,1,0,1,1,0,0,0,1,0,1,0,0,1,0,1,0,1,1,0,0,0,1,0,1,0,0,1,0,1,0,1,1,0,0
2026,3,29,08:48:45.646,8.82,115,66.9,0.8398,4753.2,757.1,3.939,2.09,3.89,0.01,0.01,-656.0,1816.0,342.0,-24763.0,22081,1117,37.9,0.0,10646.0,0,0,0,e1f,d4e,d4a,d4a,d4a,1,1,1,1,1,0,0,0,0,1,1,1,0,0,1,1,1,0,0,1,0,1,0,1,1,0,0,0,1,0,1,0,0,1,0,1,0,1,1,0,0,0,1,0,1,0,0,1,0,1,0,1,1,0,0,0,1,0,1,0,0,1,0,1,0,1,1,0,0
2026,3,29,08:48:45.666,8.84,135,67.0,0.8398,4752.6,756.5,3.939,2.09,3.89,0.01,0.01,-656.0,1817.0,342.0,-24776.0,22117,1124,37.4,0.0,10648.0,0,0,0,e1f,d4e,d4a,d4a,d4a,1,1,1,1,1,0,0,0,0,1,1,1,0,0,1,1,1,0,0,1,0,1,0,1,1,0,0,0,1,0,1,0,0,1,0,1,0,1,1,0,0,0,1,0,1,0,0,1,0,1,0,1,1,0,0,0,1,0,1,0,0,1,0,1,0,1,1,0,0
2026,3,29,08:48:45.686,8.86,155,67.0,0.8405,4730.9,734.8,3.940,2.10,3.89,0.01,0.01,-656.0,1818.0,342.0,-24789.0,22153,1131,36.7,0.0,10650.0,0,0,0,e1f,d4e,d4a,d4a,d4a,1,1,1,1,1,0,0,0,0,1,1,1,0,0,1,1,1,0,0,1,0,1,0,1,1,0,0,0,1,0,1,0,0,1,0,1,0,1,1,0,0,0,1,0,1,0,0,1,0,1,0,1,1,0,0,0,1,0,1,0,0,1,0,1,0,1,1,0,0
2026,3,29,08:48:45.706,8.88,175,67.0,0.8405,4730.3,734.2,3.939,2.10,3.89,0.01,0.01,-656.0,1819.0,342.0,-24802.0,22190,1138,35.9,0.0,10651.0,0,0,0,e1f,d4e,d4a,d4a,d4a,1,1,1,1,1,0,0,0,0,1,1,1,0,0,1,1,1,0,0,1,0,1,0,1,1,0,0,0,1,0,1,0,0,1,0,1,0,1,1,0,0,0,1,0,1,0,0,1,0,1,0,1,1,0,0,0,1,0,1,0,0,1,0,1,0,1,1,0,0
2026,3,29,08:48:45.726,8.90,195,67.0,0.8410,4712.4,716.4,3.940,2.10,3.89,0.01,0.01,-656.0,1820.0,343.0,-24815.0,22226,1144,35.1,0.0,10653.0,0,0,0,e1f,d4e,d4a,d4a,d4a,1,1,1,1,1,0,0,0,0,1,1,1,0,0,1,1,1,0,0,1,0,1,0,1,1,0,0,0,1,0,1,0,0,1,0,1,0,1,1,0,0,0,1,0,1,0,0,1,0,1,0,1,1,0,0,0,1,0,1,0,0,1,0,1,0,1,1,0,0
2026,3,29,08:48:45.746,8.92,215,67.0,0.8411,4711.8,715.7,3.940,2.10,3.89,0.01,0.01,-656.0,1821.0,343.0,-24828.0,22263,1151,34.2,0.0,10654.0,0,0,0,e1f,d4e,d4a,d4a,d4a,1,1,1,1,1,0,0,0,0,1,1,1,0,0,1,1,1,0,0,1,0,1,0,1,1,0,0,0,1,0,1,0,0,1,0,1,0,1,1,0,0,0,1,0,1,0,0,1,0,1,0,1,1,0,0,0,1,0,1,0,0,1,0,1,0,1,1,0,0
2026,3,29,08:48:45.766,8.94,235,67.0,0.8413,4704.2,708.1,3.939,2.10,3.89,0.01,0.01,-656.0,1822.0,344.0,-24841.0,22299,1158,33.2,0.0,10655.0,0,0,0,e1f,d4e,d4a,d4a,d4a,1,1,1,1,1,0,0,0,0,1,1,1,0,0,1,1,1,0,0,1,0,1,0,1,1,0,0,0,1,0,1,0,0,1,0,1,0,1,1,0,0,0,1,0,1,0,0,1,0,1,0,1,1,0,0,0,1,0,1,0,0,1,0,1,0,1,1,0,0
2026,3,29,08:48:45.786,8.96,5,67.0,0.8413,4702.9,706.8,3.940,2.10,3.89,0.01,0.01,-656.0,1823.0,344.0,-24854.0,22335,1165,32.3,0.0,10656.0,0,0,0,e1f,d4e,d4a,d4a,d4a,1,1,1,1,1,0,0,0,0,1,1,1,0,0,1,1,1,0,0,1,0,1,0,1,1,0,0,0,1,0,1,0,0,1,0,1,0,1,1,0,0,0,1,0,1,0,0,1,0,1,0,1,1,0,0,0,1,0,1,0,0,1,0,1,0,1,1,0,0
2026,3,29,08:48:45.806,8.98,25,67.0,0.8416,4693.3,697.3,3.939,2.10,3.89,0.01,0.01,-656.0,1824.0,345.0,-24868.0,22372,1172,31.3,0.0,10656.0,0,0,0,e1f,d4e,d4a,d4a,d4a,1,1,1,1,1,0,0,0,0,1,1,1,0,0,1,1,1,0,0,1,0,1,0,1,1,0,0,0,1,0,1,0,0,1,0,1,0,1,1,0,0,0,1,0,1,0,0,1,0,1,0,1,1,0,0,0,1,0,1,0,0,1,0,1,0,1,1,0,0
2026,3,29,08:48:45.826,9.00,45,67.0,0.8416,4693.3,697.3,3.938,2.10,3.89,0.01,0.01,-656.0,1824.0,346.0,-24881.0,22408,1179,30.3,0.0,10657.0,0,0,0,e1f,d4e,d4a,d4a,d4a,1,1,1,1,1,0,0,0,0,1,1,1,0,0,1,1,1,0,0,1,0,1,0,1,1,0,0,0,1,0,1,0,0,1,0,1,0,1,1,0,0,0,1,0,1,0,0,1,0,1,0,1,1,0,0,0,1,0,1,0,0,1,0,1,0,1,1,0,0
2026,3,29,08:48:45.846,9.02,65,67.0,0.8418,4688.2,692.2,3.939,2.10,3.89,0.01,0.01,-656.0,1825.0,347.0,-24894.0,22445,1186,29.3,0.0,10658.0,0,0,0,e1f,d4e,d4a,d4a,d4a,1,1,1,1,1,0,0,0,0,1,1,1,0,0,1,1,1,0,0,1,0,1,0,1,1,0,0,0,1,0,1,0,0,1,0,1,0,1,1,0,0,0,1,0,1,0,0,1,0,1,0,1,1,0,0,0,1,0,1,0,0,1,0,1,0,1,1,0,0
2026,3,29,08:48:45.866,9.04,85,67.0,0.8418,4688.9,692.8,3.939,2.10,3.89,0.01,0.01,-657.0,1826.0,348.0,-24907.0,22481,1193,28.3,0.0,10658.0,0,0,0,e1f,d4e,d4a,d4a,d4a,1,1,1,1,1,0,0,0,0,1,1,1,0,0,1,1,1,0,0,1,0,1,0,1,1,0,0,0,1,0,1,0,0,1,0,1,0,1,1,0,0,0,1,0,1,0,0,1,0,1,0,1,1,0,0,0,1,0,1,0,0,1,0,1,0,1,1,0,0
2026,3,29,08:48:45.886,9.06,105,67.0,0.8419,4683.8,687.7,3.939,2.10,3.89,0.01,0.01,-657.0,1827.0,348.0,-24920.0,22518,1200,27.4,0.0,10658.0,0,0,0,e1f,d4e,d4a,d4a,d4a,1,1,1,1,1,0,0,0,0,1,1,1,0,0,1,1,1,0,0,1,0,1,0,1,1,0,0,0,1,0,1,0,0,1,0,1,0,1,1,0,0,0,1,0,1,0,0,1,0,1,0,1,1,0,0,0,1,0,1,0,0,1,0,1,0,1,1,0,0
2026,3,29,08:48:45.906,9.08,125,67.0,0.8419,4683.8,687.7,3.939,2.10,3.89,0.01,0.01,-657.0,1828.0,349.0,-24933.0,22555,1207,26.5,0.0,10659.0,0,0,0,e1f,d4e,d4a,d4a,d4a,1,1,1,1,1,0,0,0,0,1,1,1,0,0,1,1,1,0,0,1,0,1,0,1,1,0,0,0,1,0,1,0,0,1,0,1,0,1,1,0,0,0,1,0,1,0,0,1,0,1,0,1,1,0,0,0,1,0,1,0,0,1,0,1,0,1,1,0,0
2026,3,29,08:48:45.926,9.10,145,67.0,0.8421,4677.4,681.4,3.940,2.10,3.89,0.01,0.01,-657.0,1828.0,350.0,-24946.0,22591,1214,25.6,0.0,10659.0,0,0,0,e1f,d4e,d4a,d4a,d4a,1,1,1,1,1,0,0,0,0,1,1,1,0,0,1,1,1,0,0,1,0,1,0,1,1,0,0,0,1,0,1,0,0,1,0,1,0,1,1,0,0,0,1,0,1,0,0,1,0,1,0,1,1,0,0,0,1,0,1,0,0,1,0,1,0,1,1,0,0
2026,3,29,08:48:45.946,9.12,165,67.0,0.8421,4678.1,682.0,3.940,2.10,3.89,0.01,0.01,-658.0,1829.0,351.0,-24960.0,22628,1221,24.9,0.0,10659.0,0,0,0,e1f,d4e,d4a,d4a,d4a,1,1,1,1,1,0,0,0,0,1,1,1,0,0,1,1,1,0,0,1,0,1,0,1,1,0,0,0,1,0,1,0,0,1,0,1,0,1,1,0,0,0,1,0,1,0,0,1,0,1,0,1,1,0,0,0,1,0,1,0,0,1,0,1,0,1,1,0,0
2026,3,29,08:48:45.966,9.14,185,67.0,0.8421,4678.1,682.0,3.938,2.10,3.89,0.01,0.01,-658.0,1829.0,351.0,-24973.0,22664,1228,24.2,0.0,10659.0,0,0,0,e1f,d4e,d4a,d4a,d4a,1,1,1,1,1,0,0,0,0,1,1,1,0,0,1,1,1,0,0,1,0,1,0,1,1,0,0,0,1,0,1,0,0,1,0,1,0,1,1,0,0,0,1,0,1,0,0,1,0,1,0,1,1,0,0,0,1,0,1,0,0,1,0,1,0,1,1,0,0
2026,3,29,08:48:45.986,9.16,205,67.0,0.8421,4678.7,682.6,3.939,2.10,3.89,0.01,0.01,-658.0,1830.0,352.0,-24986.0,22701,1235,23.7,0.0,10659.0,0,0,0,e1f,d4e,d4a,d4a,d4a,1,1,1,1,1,0,0,0,0,1,1,1,0,0,1,1,1,0,0,1,0,1,0,1,1,0,0,0,1,0,1,0,0,1,0,1,0,1,1,0,0,0,1,0,1,0,0,1,0,1,0,1,1,0,0,0,1,0,1,0,0,1,0,1,0,1,1,0,0
2026,3,29,08:48:46.006,9.18,225,67.0,0.8422,4675.5,679.5,3.940,2.10,3.89,0.01,0.01,-659.0,1831.0,352.0,-24999.0,22738,1242,23.3,0.0,10659.0,0,0,0,e1f,d4e,d4a,d4a,d4a,1,1,1,1,1,0,0,0,0,1,1,1,0,0,1,1,1,0,0,1,0,1,0,1,1,0,0,0,1,0,1,0,0,1,0,1,0,1,1,0,0,0,1,0,1,0,0,1,0,1,0,1,1,0,0,0,1,0,1,0,0,1,0,1,0,1,1,0,0
2026,3,29,08:48:46.026,9.20,245,67.0,0.8422,4675.5,679.5,3.939,2.10,3.89,0.01,0.01,-659.0,1831.0,353.0,-25012.0,22774,1249,23.0,0.0,10660.0,0,0,0,e1f,d4e,d4a,d4a,d4a,1,1,1,1,1,0,0,0,0,1,1,1,0,0,1,1,1,0,0,1,0,1,0,1,1,0,0,0,1,0,1,0,0,1,0,1,0,1,1,0,0,0,1,0,1,0,0,1,0,1,0,1,1,0,0,0,1,0,1,0,0,1,0,1,0,1,1,0,0
2026,3,29,08:48:46.046,9.22,15,67.0,0.8421,4678.7,682.6,3.939,2.10,3.89,0.01,0.01,-659.0,1832.0,353.0,-25025.0,22811,1256,22.8,0.0,10660.0,0,0,0,e1f,d4e,d4a,d4a,d4a,1,1,1,1,1,0,0,0,0,1,1,1,0,0,1,1,1,0,0,1,0,1,0,1,1,0,0,0,1,0,1,0,0,1,0,1,0,1,1,0,0,0,1,0,1,0,0,1,0,1,0,1,1,0,0,0,1,0,1,0,0,1,0,1,0,1,1,0,0
2026,3,29,08:48:46.066,9.24,35,66.9,0.8421,4679.3,683.3,3.940,2.10,3.89,0.01,0.01,-660.0,1833.0,353.0,-25039.0,22847,1263,22.8,0.0,10660.0,0,0,0,e1f,d4e,d4a,d4a,d4a,1,1,1,1,1,0,0,0,0,1,1,1,0,0,1,1,1,0,0,1,0,1,0,1,1,0,0,0,1,0,1,0,0,1,0,1,0,1,1,0,0,0,1,0,1,0,0,1,0,1,0,1,1,0,0,0,1,0,1,0,0,1,0,1,0,1,1,0,0
2026,3,29,08:48:46.086,9.26,55,66.9,0.8418,4688.9,692.8,3.939,2.10,3.89,0.01,0.01,-660.0,1833.0,353.0,-25052.0,22884,1270,22.9,0.0,10661.0,0,0,0,e1f,d4e,d4a,d4a,d4a,1,1,1,1,1,0,0,0,0,1,1,1,0,0,1,1,1,0,0,1,0,1,0,1,1,0,0,0,1,0,1,0,0,1,0,1,0,1,1,0,0,0,1,0,1,0,0,1,0,1,0,1,1,0,0,0,1,0,1,0,0,1,0,1,0,1,1,0,0
2026,3,29,08:48:46.106,9.28,75,66.9,0.8417,4690.2,694.1,3.939,2.10,3.89,0.01,0.01,-660.0,1834.0,354.0,-25065.0,22921,1277,23.1,0.0,10661.0,0,0,0,e1f,d4e,d4a,d4a,d4a,1,1,1,1,1,0,0,0,0,1,1,1,0,0,1,1,1,0,0,1,0,1,0,1,1,0,0,0,1,0,1,0,0,1,0,1,0,1,1,0,0,0,1,0,1,0,0,1,0,1,0,1,1,0,0,0,1,0,1,0,0,1,0,1,0,1,1,0,0
2026,3,29,08:48:46.126,9.30,95,66.9,0.8418,4687.0,690.9,3.940,2.10,3.89,0.01,0.01,-661.0,1835.0,354.0,-25078.0,22958,1284,23.4,0.0,10662.0,0,0,0,e1f,d4e,d4a,d4a,d4a,1,1,1,1,1,0,0,0,0,1,1,1,0,0,1,1,1,0,0,1,0,1,0,1,1,0,0,0,1,0,1,0,0,1,0,1,0,1,1,0,0,0,1,0,1,0,0,1,0,1,0,1,1,0,0,0,1,0,1,0,0,1,0,1,0,1,1,0,0
2026,3,29,08:48:46.146,9.32,115,66.9,0.8418,4687.6,691.5,3.940,2.10,3.89,0.01,0.01,-661.0,1835.0,354.0,-25092.0,22994,1291,23.9,0.0,10663.0,0,0,0,e1f,d4e,d4a,d4a,d4a,1,1,1,1,1,0,0,0,0,1,1,1,0,0,1,1,1,0,0,1,0,1,0,1,1,0,0,0,1,0,1,0,0,1,0,1,0,1,1,0,0,0,1,0,1,0,0,1,0,1,0,1,1,0,0,0,1,0,1,0,0,1,0,1,0,1,1,0,0
2026,3,29,08:48:46.166,9.34,135,66.9,0.8418,4688.9,692.8,3.939,2.10,3.89,0.01,0.01,-661.0,1836.0,354.0,-25105.0,23031,1298,24.4,0.0,10664.0,0,0,0,e1f,d4e,d4a,d4a,d4a,1,1,1,1,1,0,0,0,0,1,1,1,0,0,1,1,1,0,0,1,0,1,0,1,1,0,0,0,1,0,1,0,0,1,0,1,0,1,1,0,0,0,1,0,1,0,0,1,0,1,0,1,1,0,0,0,1,0,1,0,0,1,0,1,0,1,1,0,0
2026,3,29,08:48:46.186,9.36,155,66.9,0.8418,4688.9,692.8,3.939,2.10,3.89,0.01,0.01,-662.0,1837.0,354.0,-25118.0,23068,1306,25.1,0.0,10666.0,0,0,0,e1f,d4e,d4a,d4a,d4a,1,1,1,1,1,0,0,0,0,1,1,1,0,0,1,1,1,0,0,1,0,1,0,1,1,0,0,0,1,0,1,0,0,1,0,1,0,1,1,0,0,0,1,0,1,0,0,1,0,1,0,1,1,0,0,0,1,0,1,0,0,1,0,1,0,1,1,0,0
2026,3,29,08:48:46.206,9.38,175,66.9,0.8419,4685.7,689.6,3.939,2.10,3.89,0.01,0.01,-662.0,1838.0,354.0,-25131.0,23104,1313,25.9,0.0,10667.0,0,0,0,e1f,d4e,d4a,d4a,d4a,1,1,1,1,1,0,0,0,0,1,1,1,0,0,1,1,1,0,0,1,0,1,0,1,1,0,0,0,1,0,1,0,0,1,0,1,0,1,1,0,0,0,1,0,1,0,0,1,0,1,0,1,1,0,0,0,1,0,1,0,0,1,0,1,0,1,1,0,0
2026,3,29,08:48:46.226,9.40,195,66.9,0.8419,4685.7,689.6,3.940,2.10,3.89,0.01,0.01,-662.0,1839.0,354.0,-25145.0,23141,1320,26.8,0.0,10669.0,0,0,0,e1f,d4e,d4a,d4a,d4a,1,1,1,1,1,0,0,0,0,1,1,1,0,0,1,1,1,0,0,1,0,1,0,1,1,0,0,0,1,0,1,0,0,1,0,1,0,1,1,0,0,0,1,0,1,0,0,1,0,1,0,1,1,0,0,0,1,0,1,0,0,1,0,1,0,1,1,0,0
2026,3,29,08:48:46.246,9.42,215,66.9,0.8421,4678.1,682.0,3.939,2.11,3.89,0.01,0.01,-662.0,1840.0,354.0,-25158.0,23178,1327,27.9,0.0,10671.0,0,0,0,e1f,d4e,d4a,d4a,d4a,1,1,1,1,1,0,0,0,0,1,1,1,0,0,1,1,1,0,0,1,0,1,0,1,1,0,0,0,1,0,1,0,0,1,0,1,0,1,1,0,0,0,1,0,1,0,0,1,0,1,0,1,1,0,0,0,1,0,1,0,0,1,0,1,0,1,1,0,0
2026,3,29,08:48:46.266,9.44,235,66.9,0.8421,4678.1,682.0,3.940,2.11,3.89,0.01,0.01,-663.0,1841.0,354.0,-25171.0,23215,1334,29.3,0.0,10673.0,0,0,0,e1f,d4e,d4a,d4a,d4a,1,1,1,1,1,0,0,0,0,1,1,1,0,0,1,1,1,0,0,1,0,1,0,1,1,0,0,0,1,0,1,0,0,1,0,1,0,1,1,0,0,0,1,0,1,0,0,1,0,1,0,1,1,0,0,0,1,0,1,0,0,1,0,1,0,1,1,0,0
2026,3,29,08:48:46.286,9.46,5,66.9,0.8425,4666.6,670.6,3.940,2.11,3.89,0.01,0.01,-663.0,1841.0,353.0,-25184.0,23252,1341,30.8,0.0,10676.0,0,0,0,e1f,d4e,d4a,d4a,d4a,1,1,1,1,1,0,0,0,0,1,1,1,0,0,1,1,1,0,0,1,0,1,0,1,1,0,0,0,1,0,1,0,0,1,0,1,0,1,1,0,0,0,1,0,1,0,0,1,0,1,0,1,1,0,0,0,1,0,1,0,0,1,0,1,0,1,1,0,0
2026,3,29,08:48:46.306,9.48,25,66.9,0.8425,4666.6,670.6,3.939,2.11,3.89,0.01,0.01,-664.0,1842.0,353.0,-25198.0,23288,1348,32.6,0.0,10678.0,0,0,0,e1f,d4e,d4a,d4a,d4a,1,1,1,1,1,0,0,0,0,1,1,1,0,0,1,1,1,0,0,1,0,1,0,1,1,0,0,0,1,0,1,0,0,1,0,1,0,1,1,0,0,0,1,0,1,0,0,1,0,1,0,1,1,0,0,0,1,0,1,0,0,1,0,1,0,1,1,0,0
2026,3,29,08:48:46.326,9.50,45,66.9,0.8431,4648.2,652.1,3.939,2.11,3.89,0.01,0.01,-664.0,1842.0,353.0,-25211.0,23325,1355,34.6,0.0,10681.0,0,0,0,e1f,d4e,d4a,d4a,d4a,1,1,1,1,1,0,0,0,0,1,1,1,0,0,1,1,1,0,0,1,0,1,0,1,1,0,0,0,1,0,1,0,0,1,0,1,0,1,1,0,0,0,1,0,1,0,0,1,0,1,0,1,1,0,0,0,1,0,1,0,0,1,0,1,0,1,1,0,0
2026,3,29,08:48:46.346,9.52,65,66.9,0.8431,4648.2,652.1,3.940,2.11,3.89,0.01,0.01,-664.0,1843.0,353.0,-25224.0,23362,1362,36.7,0.0,10684.0,0,0,0,e1f,d4e,d4a,d4a,d4a,1,1,1,1,1,0,0,0,0,1,1,1,0,0,1,1,1,0,0,1,0,1,0,1,1,0,0,0,1,0,1,0,0,1,0,1,0,1,1,0,0,0,1,0,1,0,0,1,0,1,0,1,1,0,0,0,1,0,1,0,0,1,0,1,0,1,1,0,0
2026,3,29,08:48:46.366,9.54,85,66.9,0.8437,4628.5,632.4,3.940,2.11,3.89,0.01,0.01,-664.0,1843.0,352.0,-25237.0,23399,1369,38.8,0.0,10687.0,0,0,0,e1f,d4e,d4a,d4a,d4a,1,1,1,1,1,0,0,0,0,1,1,1,0,0,1,1,1,0,0,1,0,1,0,1,1,0,0,0,1,0,1,0,0,1,0,1,0,1,1,0,0,0,1,0,1,0,0,1,0,1,0,1,1,0,0,0,1,0,1,0,0,1,0,1,0,1,1,0,0
2026,3,29,08:48:46.386,9.56,105,66.9,0.8437,4627.9,631.8,3.940,2.11,3.89,0.01,0.01,-664.0,1843.0,352.0,-25251.0,23436,1376,41.0,0.0,10690.0,0,0,0,e1f,d4e,d4a,d4a,d4a,1,1,1,1,1,0,0,0,0,1,1,1,0,0,1,1,1,0,0,1,0,1,0,1,1,0,0,0,1,0,1,0,0,1,0,1,0,1,1,0,0,0,1,0,1,0,0,1,0,1,0,1,1,0,0,0,1,0,1,0,0,1,0,1,0,1,1,0,0
2026,3,29,08:48:46.406,9.58,125,66.9,0.8445,4603.1,607.0,3.940,2.11,3.89,0.01,0.01,-664.0,1843.0,352.0,-25264.0,23473,1383,43.0,0.0,10693.0,0,0,0,e1f,d4e,d4a,d4a,d4a,1,1,1,1,1,0,0,0,0,1,1,1,0,0,1,1,1,0,0,1,0,1,0,1,1,0,0,0,1,0,1,0,0,1,0,1,0,1,1,0,0,0,1,0,1,0,0,1,0,1,0,1,1,0,0,0,1,0,1,0,0,1,0,1,0,1,1,0,0
2026,3,29,08:48:46.426,9.60,145,67.0,0.8445,4602.5,606.4,3.939,2.11,3.89,0.01,0.01,-665.0,1842.0,352.0,-25277.0,23510,1390,45.1,0.0,10697.0,0,0,0,e1f,d4e,d4a,d4a,d4a,1,1,1,1,1,0,0,0,0,1,1,1,0,0,1,1,1,0,0,1,0,1,0,1,1,0,0,0,1,0,1,0,0,1,0,1,0,1,1,0,0,0,1,0,1,0,0,1,0,1,0,1,1,0,0,0,1,0,1,0,0,1,0,1,0,1,1,0,0
2026,3,29,08:48:46.446,9.62,165,67.0,0.8453,4577.7,581.7,3.939,2.11,3.89,0.01,0.01,-665.0,1842.0,352.0,-25291.0,23547,1397,47.1,0.0,10700.0,0,0,0,e1f,d4e,d4a,d4a,d4a,1,1,1,1,1,0,0,0,0,1,1,1,0,0,1,1,1,0,0,1,0,1,0,1,1,0,0,0,1,0,1,0,0,1,0,1,0,1,1,0,0,0,1,0,1,0,0,1,0,1,0,1,1,0,0,0,1,0,1,0,0,1,0,1,0,1,1,0,0
2026,3,29,08:48:46.466,9.64,185,67.0,0.8453,4576.5,580.4,3.939,2.11,3.89,0.01,0.01,-665.0,1842.0,352.0,-25304.0,23583,1404,49.0,0.0,10703.0,0,0,0,e1f,d4e,d4a,d4a,d4a,1,1,1,1,1,0,0,0,0,1,1,1,0,0,1,1,1,0,0,1,0,1,0,1,1,0,0,0,1,0,1,0,0,1,0,1,0,1,1,0,0,0,1,0,1,0,0,1,0,1,0,1,1,0,0,0,1,0,1,0,0,1,0,1,0,1,1,0,0
2026,3,29,08:48:46.486,9.66,205,67.0,0.8463,4546.0,550.0,3.939,2.11,3.89,0.01,0.01,-665.0,1842.0,351.0,-25317.0,23620,1412,50.9,0.0,10707.0,0,0,0,e1f,d4e,d4a,d4a,d4a,1,1,1,1,1,0,0,0,0,1,1,1,0,0,1,1,1,0,0,1,0,1,0,1,1,0,0,0,1,0,1,0,0,1,0,1,0,1,1,0,0,0,1,0,1,0,0,1,0,1,0,1,1,0,0,0,1,0,1,0,0,1,0,1,0,1,1,0,0
2026,3,29,08:48:46.506,9.68,225,67.0,0.8463,4544.8,548.7,3.939,2.11,3.89,0.01,0.01,-665.0,1842.0,351.0,-25331.0,23657,1419,52.7,0.0,10710.0,0,0,0,e1f,d4e,d4a,d4a,d4a,1,1,1,1,1,0,0,0,0,1,1,1,0,0,1,1,1,0,0,1,0,1,0,1,1,0,0,0,1,0,1,0,0,1,0,1,0,1,1,0,0,0,1,0,1,0,0,1,0,1,0,1,1,0,0,0,1,0,1,0,0,1,0,1,0,1,1,0,0
2026,3,29,08:48:46.526,9.70,245,67.0,0.8472,4516.9,520.8,3.940,2.11,3.89,0.01,0.01,-665.0,1841.0,351.0,-25344.0,23694,1426,54.4,0.0,10713.0,0,0,0,e1f,d4e,d4a,d4a,d4a,1,1,1,1,1,0,0,0,0,1,1,1,0,0,1,1,1,0,0,1,0,1,0,1,1,0,0,0,1,0,1,0,0,1,0,1,0,1,1,0,0,0,1,0,1,0,0,1,0,1,0,1,1,0,0,0,1,0,1,0,0,1,0,1,0,1,1,0,0
2026,3,29,08:48:46.546,9.72,15,67.1,0.8472,4516.3,520.2,3.939,2.11,3.89,0.01,0.01,-664.0,1841.0,351.0,-25357.0,23731,1433,55.9,0.0,10717.0,0,0,0,e1f,d4e,d4a,d4a,d4a,1,1,1,1,1,0,0,0,0,1,1,1,0,0,1,1,1,0,0,1,0,1,0,1,1,0,0,0,1,0,1,0,0,1,0,1,0,1,1,0,0,0,1,0,1,0,0,1,0,1,0,1,1,0,0,0,1,0,1,0,0,1,0,1,0,1,1,0,0
2026,3,29,08:48:46.566,9.74,35,67.1,0.8479,4495.4,499.3,3.940,2.12,3.89,0.01,0.01,-663.0,1841.0,351.0,-25370.0,23768,1440,57.2,0.0,10721.0,0,0,0,e1f,d4e,d4a,d4a,d4a,1,1,1,1,1,0,0,0,0,1,1,1,0,0,1,1,1,0,0,1,0,1,0,1,1,0,0,0,1,0,1,0,0,1,0,1,0,1,1,0,0,0,1,0,1,0,0,1,0,1,0,1,1,0,0,0,1,0,1,0,0,1,0,1,0,1,1,0,0
2026,3,29,08:48:46.586,9.76,55,67.1,0.8479,4494.1,498.1,3.937,2.12,3.89,0.01,0.01,-663.0,1841.0,351.0,-25384.0,23805,1447,58.2,0.0,10724.0,0,0,0,e1f,d4e,d4a,d4a,d4a,1,1,1,1,1,0,0,0,0,1,1,1,0,0,1,1,1,0,0,1,0,1,0,1,1,0,0,0,1,0,1,0,0,1,0,1,0,1,1,0,0,0,1,0,1,0,0,1,0,1,0,1,1,0,0,0,1,0,1,0,0,1,0,1,0,1,1,0,0
2026,3,29,08:48:46.606,9.78,75,67.1,0.8483,4481.5,485.4,3.939,2.12,3.89,0.01,0.01,-663.0,1841.0,351.0,-25397.0,23842,1454,59.1,0.0,10728.0,0,0,0,e1f,d4e,d4a,d4a,d4a,1,1,1,1,1,0,0,0,0,1,1,1,0,0,1,1,1,0,0,1,0,1,0,1,1,0,0,0,1,0,1,0,0,1,0,1,0,1,1,0,0,0,1,0,1,0,0,1,0,1,0,1,1,0,0,0,1,0,1,0,0,1,0,1,0,1,1,0,0
2026,3,29,08:48:46.626,9.80,95,67.1,0.8483,4481.5,485.4,3.940,2.12,3.89,0.01,0.01,-662.0,1841.0,350.0,-25410.0,23878,1461,59.9,0.0,10732.0,0,0,0,e1f,d4e,d4a,d4a,d4a,1,1,1,1,1,0,0,0,0,1,1,1,0,0,1,1,1,0,0,1,0,1,0,1,1,0,0,0,1,0,1,0,0,1,0,1,0,1,1,0,0,0,1,0,1,0,0,1,0,1,0,1,1,0,0,0,1,0,1,0,0,1,0,1,0,1,1,0,0
2026,3,29,08:48:46.646,9.82,115,67.1,0.8486,4473.3,477.2,3.940,2.12,3.89,0.01,0.01,-662.0,1841.0,350.0,-25424.0,23915,1468,60.5,0.0,10736.0,0,0,0,e1f,d4e,d4a,d4a,d4a,1,1,1,1,1,0,0,0,0,1,1,1,0,0,1,1,1,0,0,1,0,1,0,1,1,0,0,0,1,0,1,0,0,1,0,1,0,1,1,0,0,0,1,0,1,0,0,1,0,1,0,1,1,0,0,0,1,0,1,0,0,1,0,1,0,1,1,0,0
2026,3,29,08:48:46.666,9.84,135,67.1,0.8486,4472.6,476.6,3.940,2.12,3.89,0.01,0.01,-662.0,1841.0,350.0,-25437.0,23952,1475,61.2,0.0,10740.0,0,0,0,e1f,d4e,d4a,d4a,d4a,1,1,1,1,1,0,0,0,0,1,1,1,0,0,1,1,1,0,0,1,0,1,0,1,1,0,0,0,1,0,1,0,0,1,0,1,0,1,1,0,0,0,1,0,1,0,0,1,0,1,0,1,1,0,0,0,1,0,1,0,0,1,0,1,0,1,1,0,0
2026,3,29,08:48:46.686,9.86,155,67.1,0.8489,4464.4,468.3,3.939,2.12,3.89,0.01,0.01,-662.0,1841.0,350.0,-25450.0,23989,1482,61.8,0.0,10744.0,0,0,0,e1f,d4e,d4a,d4a,d4a,1,1,1,1,1,0,0,0,0,1,1,1,0,0,1,1,1,0,0,1,0,1,0,1,1,0,0,0,1,0,1,0,0,1,0,1,0,1,1,0,0,0,1,0,1,0,0,1,0,1,0,1,1,0,0,0,1,0,1,0,0,1,0,1,0,1,1,0,0
2026,3,29,08:48:46.706,9.88,175,67.1,0.8489,4464.4,468.3,3.939,2.13,3.89,0.01,0.01,-662.0,1841.0,350.0,-25463.0,24026,1489,62.3,0.0,10748.0,0,0,0,e1f,d4e,d4a,d4a,d4a,1,1,1,1,1,0,0,0,0,1,1,1,0,0,1,1,1,0,0,1,0,1,0,1,1,0,0,0,1,0,1,0,0,1,0,1,0,1,1,0,0,0,1,0,1,0,0,1,0,1,0,1,1,0,0,0,1,0,1,0,0,1,0,1,0,1,1,0,0
2026,3,29,08:48:46.726,9.90,195,67.1,0.8493,4451.8,455.7,3.939,2.13,3.89,0.01,0.01,-662.0,1841.0,350.0,-25477.0,24063,1496,62.8,0.0,10752.0,0,0,0,e1f,d4e,d4a,d4a,d4a,1,1,1,1,1,0,0,0,0,1,1,1,0,0,1,1,1,0,0,1,0,1,0,1,1,0,0,0,1,0,1,0,0,1,0,1,0,1,1,0,0,0,1,0,1,0,0,1,0,1,0,1,1,0,0,0,1,0,1,0,0,1,0,1,0,1,1,0,0
2026,3,29,08:48:46.746,9.92,215,67.1,0.8493,4451.1,455.1,3.939,2.13,3.89,0.01,0.01,-662.0,1841.0,350.0,-25490.0,24100,1503,63.1,0.0,10756.0,0,0,0,e1f,d4e,d4a,d4a,d4a,1,1,1,1,1,0,0,0,0,1,1,1,0,0,1,1,1,0,0,1,0,1,0,1,1,0,0,0,1,0,1,0,0,1,0,1,0,1,1,0,0,0,1,0,1,0,0,1,0,1,0,1,1,0,0,0,1,0,1,0,0,1,0,1,0,1,1,0,0
2026,3,29,08:48:46.766,9.94,235,67.1,0.8493,4449.9,453.8,3.939,2.13,3.89,0.01,0.01,-661.0,1841.0,350.0,-25503.0,24136,1510,63.4,0.0,10760.0,0,0,0,e1f,d4e,d4a,d4a,d4a,1,1,1,1,1,0,0,0,0,1,1,1,0,0,1,1,1,0,0,1,0,1,0,1,1,0,0,0,1,0,1,0,0,1,0,1,0,1,1,0,0,0,1,0,1,0,0,1,0,1,0,1,1,0,0,0,1,0,1,0,0,1,0,1,0,1,1,0,0
2026,3,29,08:48:46.786,9.96,5,67.1,0.8493,4449.2,453.2,3.939,2.13,3.89,0.01,0.01,-661.0,1841.0,350.0,-25516.0,24173,1517,63.5,0.0,10764.0,0,0,0,e1f,d4e,d4a,d4a,d4a,1,1,1,1,1,0,0,0,0,1,1,1,0,0,1,1,1,0,0,1,0,1,0,1,1,0,0,0,1,0,1,0,0,1,0,1,0,1,1,0,0,0,1,0,1,0,0,1,0,1,0,1,1,0,0,0,1,0,1,0,0,1,0,1,0,1,1,0,0
2026,3,29,08:48:46.806,9.98,25,67.1,0.8496,4441.7,445.6,3.939,2.13,3.89,0.01,0.01,-661.0,1841.0,350.0,-25530.0,24210,1524,63.5,0.0,10769.0,0,0,0,e1f,d4e,d4a,d4a,d4a,1,1,1,1,1,0,0,0,0,1,1,1,0,0,1,1,1,0,0,1,0,1,0,1,1,0,0,0,1,0,1,0,0,1,0,1,0,1,1,0,0,0,1,0,1,0,0,1,0,1,0,1,1,0,0,0,1,0,1,0,0,1,0,1,0,1,1,0,0
2026,3,29,08:48:46.826,10.00,45,67.1,0.8496,4441.7,445.6,3.939,2.14,3.89,0.01,0.01,-660.0,1841.0,351.0,-25543.0,24247,1531,63.4,0.0,10773.0,0,0,0,e1f,d4e,d4a,d4a,d4a,1,1,1,1,1,0,0,0,0,1,1,1,0,0,1,1,1,0,0,1,0,1,0,1,1,0,0,0,1,0,1,0,0,1,0,1,0,1,1,0,0,0,1,0,1,0,0,1,0,1,0,1,1,0,0,0,1,0,1,0,0,1,0,1,0,1,1,0,0
2026,3,29,08:48:46.846,10.02,65,67.1,0.8496,4441.7,445.6,3.940,2.14,3.89,0.01,0.01,-660.0,1841.0,351.0,-25556.0,24284,1538,63.1,0.0,10777.0,0,0,0,e1f,d4e,d4a,d4a,d4a,1,1,1,1,1,0,0,0,0,1,1,1,0,0,1,1,1,0,0,1,0,1,0,1,1,0,0,0,1,0,1,0,0,1,0,1,0,1,1,0,0,0,1,0,1,0,0,1,0,1,0,1,1,0,0,0,1,0,1,0,0,1,0,1,0,1,1,0,0
2026,3,29,08:48:46.866,10.04,85,67.1,0.8496,4441.7,445.6,3.939,2.14,3.89,0.01,0.01,-660.0,1841.0,351.0,-25569.0,24320,1545,62.8,0.0,10781.0,0,0,0,e1f,d4e,d4a,d4a,d4a,1,1,1,1,1,0,0,0,0,1,1,1,0,0,1,1,1,0,0,1,0,1,0,1,1,0,0,0,1,0,1,0,0,1,0,1,0,1,1,0,0,0,1,0,1,0,0,1,0,1,0,1,1,0,0,0,1,0,1,0,0,1,0,1,0,1,1,0,0
2026,3,29,08:48:46.886,10.06,105,67.1,0.8497,4436.6,440.6,3.939,2.14,3.89,0.01,0.01,-660.0,1841.0,352.0,-25582.0,24357,1552,62.3,0.0,10785.0,0,0,0,e1f,d4e,d4a,d4a,d4a,1,1,1,1,1,0,0,0,0,1,1,1,0,0,1,1,1,0,0,1,0,1,0,1,1,0,0,0,1,0,1,0,0,1,0,1,0,1,1,0,0,0,1,0,1,0,0,1,0,1,0,1,1,0,0,0,1,0,1,0,0,1,0,1,0,1,1,0,0
2026,3,29,08:48:46.906,10.08,125,67.1,0.8497,4436.6,440.6,3.940,2.14,3.89,0.01,0.01,-660.0,1841.0,352.0,-25596.0,24394,1559,61.8,0.0,10788.0,0,0,0,e1f,d4e,d4a,d4a,d4a,1,1,1,1,1,0,0,0,0,1,1,1,0,0,1,1,1,0,0,1,0,1,0,1,1,0,0,0,1,0,1,0,0,1,0,1,0,1,1,0,0,0,1,0,1,0,0,1,0,1,0,1,1,0,0,0,1,0,1,0,0,1,0,1,0,1,1,0,0
2026,3,29,08:48:46.926,10.10,145,67.1,0.8498,4433.5,437.4,3.939,2.15,3.89,0.01,0.01,-659.0,1841.0,353.0,-25609.0,24431,1566,61.1,0.0,10792.0,0,0,0,e1f,d4e,d4a,d4a,d4a,1,1,1,1,1,0,0,0,0,1,1,1,0,0,1,1,1,0,0,1,0,1,0,1,1,0,0,0,1,0,1,0,0,1,0,1,0,1,1,0,0,0,1,0,1,0,0,1,0,1,0,1,1,0,0,0,1,0,1,0,0,1,0,1,0,1,1,0,0
2026,3,29,08:48:46.946,10.12,165,67.1,0.8498,4433.5,437.4,3.939,2.15,3.89,0.01,0.01,-659.0,1841.0,353.0,-25622.0,24468,1573,60.3,0.0,10796.0,0,0,0,e1f,d4e,d4a,d4a,d4a,1,1,1,1,1,0,0,0,0,1,1,1,0,0,1,1,1,0,0,1,0,1,0,1,1,0,0,0,1,0,1,0,0,1,0,1,0,1,1,0,0,0,1,0,1,0,0,1,0,1,0,1,1,0,0,0,1,0,1,0,0,1,0,1,0,1,1,0,0
2026,3,29,08:48:46.966,10.14,185,67.1,0.8498,4434.7,438.7,3.939,2.15,3.89,0.01,0.01,-659.0,1841.0,354.0,-25635.0,24504,1580,59.4,0.0,10800.0,0,0,0,e1f,d4e,d4a,d4a,d4a,1,1,1,1,1,0,0,0,0,1,1,1,0,0,1,1,1,0,0,1,0,1,0,1,1,0,0,0,1,0,1,0,0,1,0,1,0,1,1,0,0,0,1,0,1,0,0,1,0,1,0,1,1,0,0,0,1,0,1,0,0,1,0,1,0,1,1,0,0
2026,3,29,08:48:46.986,10.16,205,67.1,0.8498,4434.7,438.7,3.940,2.15,3.89,0.01,0.01,-659.0,1841.0,354.0,-25648.0,24541,1587,58.4,0.0,10803.0,0,0,0,e1f,d4e,d4a,d4a,d4a,1,1,1,1,1,0,0,0,0,1,1,1,0,0,1,1,1,0,0,1,0,1,0,1,1,0,0,0,1,0,1,0,0,1,0,1,0,1,1,0,0,0,1,0,1,0,0,1,0,1,0,1,1,0,0,0,1,0,1,0,0,1,0,1,0,1,1,0,0
2026,3,29,08:48:47.006,10.18,225,67.1,0.8500,4429.7,433.6,3.940,2.15,3.89,0.01,0.01,-659.0,1842.0,355.0,-25662.0,24578,1594,57.3,0.0,10807.0,0,0,0,e1f,d4e,d4a,d4a,d4a,1,1,1,1,1,0,0,0,0,1,1,1,0,0,1,1,1,0,0,1,0,1,0,1,1,0,0,0,1,0,1,0,0,1,0,1,0,1,1,0,0,0,1,0,1,0,0,1,0,1,0,1,1,0,0,0,1,0,1,0,0,1,0,1,0,1,1,0,0
2026,3,29,08:48:47.026,10.20,245,67.1,0.8499,4430.3,434.2,3.941,2.15,3.89,0.01,0.01,-659.0,1842.0,355.0,-25675.0,24615,1602,56.1,0.0,10811.0,0,0,0,e1f,d4e,d4a,d4a,d4a,1,1,1,1,1,0,0,0,0,1,1,1,0,0,1,1,1,0,0,1,0,1,0,1,1,0,0,0,1,0,1,0,0,1,0,1,0,1,1,0,0,0,1,0,1,0,0,1,0,1,0,1,1,0,0,0,1,0,1,0,0,1,0,1,0,1,1,0,0
2026,3,29,08:48:47.046,10.22,15,67.1,0.8500,4428.4,432.3,3.939,2.15,3.89,0.01,0.01,-659.0,1842.0,356.0,-25688.0,24652,1609,54.7,0.0,10814.0,0,0,0,e1f,d4e,d4a,d4a,d4a,1,1,1,1,1,0,0,0,0,1,1,1,0,0,1,1,1,0,0,1,0,1,0,1,1,0,0,0,1,0,1,0,0,1,0,1,0,1,1,0,0,0,1,0,1,0,0,1,0,1,0,1,1,0,0,0,1,0,1,0,0,1,0,1,0,1,1,0,0
2026,3,29,08:48:47.066,10.24,35,67.1,0.8500,4428.4,432.3,3.940,2.15,3.89,0.01,0.01,-659.0,1842.0,357.0,-25701.0,24689,1616,53.2,0.0,10818.0,0,0,0,e1f,d4e,d4a,d4a,d4a,1,1,1,1,1,0,0,0,0,1,1,1,0,0,1,1,1,0,0,1,0,1,0,1,1,0,0,0,1,0,1,0,0,1,0,1,0,1,1,0,0,0,1,0,1,0,0,1,0,1,0,1,1,0,0,0,1,0,1,0,0,1,0,1,0,1,1,0,0
2026,3,29,08:48:47.086,10.26,55,67.1,0.8499,4431.6,435.5,3.939,2.15,3.89,0.01,0.01,-659.0,1842.0,357.0,-25714.0,24726,1623,51.7,0.0,10821.0,0,0,0,e1f,d4e,d4a,d4a,d4a,1,1,1,1,1,0,0,0,0,1,1,1,0,0,1,1,1,0,0,1,0,1,0,1,1,0,0,0,1,0,1,0,0,1,0,1,0,1,1,0,0,0,1,0,1,0,0,1,0,1,0,1,1,0,0,0,1,0,1,0,0,1,0,1,0,1,1,0,0
2026,3,29,08:48:47.106,10.28,75,67.1,0.8499,4431.6,435.5,3.940,2.15,3.89,0.01,0.01,-659.0,1842.0,358.0,-25727.0,24763,1630,50.0,0.0,10824.0,0,0,0,e1f,d4e,d4a,d4a,d4a,1,1,1,1,1,0,0,0,0,1,1,1,0,0,1,1,1,0,0,1,0,1,0,1,1,0,0,0,1,0,1,0,0,1,0,1,0,1,1,0,0,0,1,0,1,0,0,1,0,1,0,1,1,0,0,0,1,0,1,0,0,1,0,1,0,1,1,0,0
2026,3,29,08:48:47.126,10.30,95,67.1,0.8500,4428.4,432.3,3.939,2.15,3.89,0.01,0.01,-659.0,1842.0,359.0,-25741.0,24799,1637,48.2,0.0,10827.0,0,0,0,e1f,d4e,d4a,d4a,d4a,1,1,1,1,1,0,0,0,0,1,1,1,0,0,1,1,1,0,0,1,0,1,0,1,1,0,0,0,1,0,1,0,0,1,0,1,0,1,1,0,0,0,1,0,1,0,0,1,0,1,0,1,1,0,0,0,1,0,1,0,0,1,0,1,0,1,1,0,0
2026,3,29,08:48:47.146,10.32,115,67.1,0.8500,4428.4,432.3,3.940,2.15,3.89,0.01,0.01,-659.0,1842.0,359.0,-25754.0,24836,1644,46.3,0.0,10830.0,0,0,0,e1f,d4e,d4a,d4a,d4a,1,1,1,1,1,0,0,0,0,1,1,1,0,0,1,1,1,0,0,1,0,1,0,1,1,0,0,0,1,0,1,0,0,1,0,1,0,1,1,0,0,0,1,0,1,0,0,1,0,1,0,1,1,0,0,0,1,0,1,0,0,1,0,1,0,1,1,0,0
2026,3,29,08:48:47.166,10.34,135,67.1,0.8504,4417.0,421.0,3.940,2.16,3.89,0.01,0.01,-659.0,1842.0,360.0,-25767.0,24873,1652,44.3,0.0,10833.0,0,0,0,e1f,d4e,d4a,d4a,d4a,1,1,1,1,1,0,0,0,0,1,1,1,0,0,1,1,1,0,0,1,0,1,0,1,1,0,0,0,1,0,1,0,0,1,0,1,0,1,1,0,0,0,1,0,1,0,0,1,0,1,0,1,1,0,0,0,1,0,1,0,0,1,0,1,0,1,1,0,0
2026,3,29,08:48:47.186,10.36,155,67.1,0.8504,4417.0,421.0,3.939,2.16,3.89,0.01,0.01,-659.0,1843.0,361.0,-25780.0,24910,1659,42.2,0.0,10836.0,0,0,0,e1f,d4e,d4a,d4a,d4a,1,1,1,1,1,0,0,0,0,1,1,1,0,0,1,1,1,0,0,1,0,1,0,1,1,0,0,0,1,0,1,0,0,1,0,1,0,1,1,0,0,0,1,0,1,0,0,1,0,1,0,1,1,0,0,0,1,0,1,0,0,1,0,1,0,1,1,0,0
2026,3,29,08:48:47.206,10.38,175,67.1,0.8504,4415.8,419.7,3.939,2.16,3.89,0.01,0.01,-659.0,1843.0,362.0,-25793.0,24947,1666,39.9,0.0,10839.0,0,0,0,e1f,d4e,d4a,d4a,d4a,1,1,1,1,1,0,0,0,0,1,1,1,0,0,1,1,1,0,0,1,0,1,0,1,1,0,0,0,1,0,1,0,0,1,0,1,0,1,1,0,0,0,1,0,1,0,0,1,0,1,0,1,1,0,0,0,1,0,1,0,0,1,0,1,0,1,1,0,0
2026,3,29,08:48:47.226,10.40,195,67.1,0.8504,4415.8,419.7,3.940,2.16,3.89,0.01,0.01,-659.0,1843.0,363.0,-25807.0,24984,1673,37.5,0.0,10842.0,0,0,0,e1f,d4e,d4a,d4a,d4a,1,1,1,1,1,0,0,0,0,1,1,1,0,0,1,1,1,0,0,1,0,1,0,1,1,0,0,0,1,0,1,0,0,1,0,1,0,1,1,0,0,0,1,0,1,0,0,1,0,1,0,1,1,0,0,0,1,0,1,0,0,1,0,1,0,1,1,0,0
2026,3,29,08:48:47.246,10.42,215,67.1,0.8504,4415.8,419.7,3.939,2.16,3.89,0.01,0.01,-659.0,1843.0,364.0,-25820.0,25021,1681,34.9,0.0,10845.0,0,0,0,e1f,d4e,d4a,d4a,d4a,1,1,1,1,1,0,0,0,0,1,1,1,0,0,1,1,1,0,0,1,0,1,0,1,1,0,0,0,1,0,1,0,0,1,0,1,0,1,1,0,0,0,1,0,1,0,0,1,0,1,0,1,1,0,0,0,1,0,1,0,0,1,0,1,0,1,1,0,0
2026,3,29,08:48:47.266,10.44,235,67.1,0.8504,4415.8,419.7,3.940,2.16,3.89,0.01,0.01,-659.0,1844.0,364.0,-25833.0,25058,1688,32.3,0.0,10848.0,0,0,0,e1f,d4e,d4a,d4a,d4a,1,1,1,1,1,0,0,0,0,1,1,1,0,0,1,1,1,0,0,1,0,1,0,1,1,0,0,0,1,0,1,0,0,1,0,1,0,1,1,0,0,0,1,0,1,0,0,1,0,1,0,1,1,0,0,0,1,0,1,0,0,1,0,1,0,1,1,0,0
2026,3,29,08:48:47.286,10.46,5,67.1,0.8508,4402.5,406.5,3.939,2.16,3.89,0.01,0.01,-660.0,1844.0,365.0,-25846.0,25094,1695,29.7,0.0,10851.0,0,0,0,e1f,d4e,d4a,d4a,d4a,1,1,1,1,1,0,0,0,0,1,1,1,0,0,1,1,1,0,0,1,0,1,0,1,1,0,0,0,1,0,1,0,0,1,0,1,0,1,1,0,0,0,1,0,1,0,0,1,0,1,0,1,1,0,0,0,1,0,1,0,0,1,0,1,0,1,1,0,0
2026,3,29,08:48:47.306,10.48,25,67.1,0.8508,4402.5,406.5,3.939,2.16,3.89,0.01,0.01,-660.0,1845.0,366.0,-25859.0,25131,1703,27.1,0.0,10853.0,0,0,0,e1f,d4e,d4a,d4a,d4a,1,1,1,1,1,0,0,0,0,1,1,1,0,0,1,1,1,0,0,1,0,1,0,1,1,0,0,0,1,0,1,0,0,1,0,1,0,1,1,0,0,0,1,0,1,0,0,1,0,1,0,1,1,0,0,0,1,0,1,0,0,1,0,1,0,1,1,0,0
2026,3,29,08:48:47.326,10.50,45,67.1,0.8508,4404.4,408.4,3.939,2.16,3.89,0.01,0.01,-661.0,1845.0,366.0,-25873.0,25168,1710,24.5,0.0,10856.0,0,0,0,e1f,d4e,d4a,d4a,d4a,1,1,1,1,1,0,0,0,0,1,1,1,0,0,1,1,1,0,0,1,0,1,0,1,1,0,0,0,1,0,1,0,0,1,0,1,0,1,1,0,0,0,1,0,1,0,0,1,0,1,0,1,1,0,0,0,1,0,1,0,0,1,0,1,0,1,1,0,0
2026,3,29,08:48:47.346,10.52,65,67.1,0.8508,4404.4,408.4,3.940,2.16,3.89,0.01,0.01,-661.0,1846.0,367.0,-25886.0,25205,1717,22.0,0.0,10859.0,0,0,0,e1f,d4e,d4a,d4a,d4a,1,1,1,1,1,0,0,0,0,1,1,1,0,0,1,1,1,0,0,1,0,1,0,1,1,0,0,0,1,0,1,0,0,1,0,1,0,1,1,0,0,0,1,0,1,0,0,1,0,1,0,1,1,0,0,0,1,0,1,0,0,1,0,1,0,1,1,0,0
2026,3,29,08:48:47.366,10.54,85,67.1,0.8510,4396.2,400.2,3.939,2.16,3.89,0.01,0.01,-662.0,1847.0,367.0,-25899.0,25242,1725,19.5,0.0,10862.0,0,0,0,e1f,d4e,d4a,d4a,d4a,1,1,1,1,1,0,0,0,0,1,1,1,0,0,1,1,1,0,0,1,0,1,0,1,1,0,0,0,1,0,1,0,0,1,0,1,0,1,1,0,0,0,1,0,1,0,0,1,0,1,0,1,1,0,0,0,1,0,1,0,0,1,0,1,0,1,1,0,0
2026,3,29,08:48:47.386,10.56,105,67.1,0.8510,4396.2,400.2,3.939,2.16,3.89,0.01,0.01,-662.0,1848.0,367.0,-25912.0,25279,1732,17.3,0.0,10864.0,0,0,0,e1f,d4e,d4a,d4a,d4a,1,1,1,1,1,0,0,0,0,1,1,1,0,0,1,1,1,0,0,1,0,1,0,1,1,0,0,0,1,0,1,0,0,1,0,1,0,1,1,0,0,0,1,0,1,0,0,1,0,1,0,1,1,0,0,0,1,0,1,0,0,1,0,1,0,1,1,0,0
2026,3,29,08:48:47.406,10.58,125,67.1,0.8511,4393.1,397.0,3.940,2.16,3.89,0.01,0.01,-663.0,1848.0,368.0,-25926.0,25316,1739,15.2,0.0,10867.0,0,0,0,e1f,d4e,d4a,d4a,d4a,1,1,1,1,1,0,0,0,0,1,1,1,0,0,1,1,1,0,0,1,0,1,0,1,1,0,0,0,1,0,1,0,0,1,0,1,0,1,1,0,0,0,1,0,1,0,0,1,0,1,0,1,1,0,0,0,1,0,1,0,0,1,0,1,0,1,1,0,0
2026,3,29,08:48:47.426,10.60,145,67.1,0.8511,4393.7,397.6,3.938,2.16,3.89,0.01,0.01,-663.0,1849.0,368.0,-25939.0,25353,1747,13.5,0.0,10869.0,0,0,0,e1f,d4e,d4a,d4a,d4a,1,1,1,1,1,0,0,0,0,1,1,1,0,0,1,1,1,0,0,1,0,1,0,1,1,0,0,0,1,0,1,0,0,1,0,1,0,1,1,0,0,0,1,0,1,0,0,1,0,1,0,1,1,0,0,0,1,0,1,0,0,1,0,1,0,1,1,0,0
2026,3,29,08:48:47.446,10.62,165,67.1,0.8508,4401.9,405.8,3.939,2.16,3.89,0.01,0.01,-664.0,1850.0,368.0,-25952.0,25390,1754,12.0,0.0,10872.0,0,0,0,e1f,d4e,d4a,d4a,d4e,1,1,1,1,1,0,0,0,0,1,1,1,0,0,1,1,1,0,0,1,0,1,0,1,1,0,0,0,1,0,1,0,0,1,0,1,0,1,1,0,0,0,1,0,1,0,0,1,0,1,0,1,1,0,0,0,1,1,1,0,0,1,0,1,0,1,1,0,0
2026,3,29,08:48:47.466,10.64,185,67.1,0.8508,4402.5,406.5,3.939,2.16,3.89,0.01,0.01,-664.0,1851.0,368.0,-25965.0,25427,1761,11.0,0.0,10875.0,0,0,0,e1f,d4e,d4a,d4a,d4e,1,1,1,1,1,0,0,0,0,1,1,1,0,0,1,1,1,0,0,1,0,1,0,1,1,0,0,0,1,0,1,0,0,1,0,1,0,1,1,0,0,0,1,0,1,0,0,1,0,1,0,1,1,0,0,0,1,1,1,0,0,1,0,1,0,1,1,0,0
2026,3,29,08:48:47.486,10.66,205,67.1,0.8502,4423.4,427.3,3.939,2.16,3.89,0.01,0.01,-664.0,1851.0,368.0,-25979.0,25464,1769,10.6,0.0,10877.0,0,0,0,e1f,d46,d42,d42,d46,1,1,1,1,1,0,0,0,0,1,1,1,0,0,1,1,0,0,0,1,0,1,0,1,1,0,0,0,1,0,0,0,0,1,0,1,0,1,1,0,0,0,1,0,0,0,0,1,0,1,0,1,1,0,0,0,1,1,0,0,0,1,0,1,0,1,1,0,0
2026,3,29,08:48:47.506,10.68,225,67.0,0.8501,4424.6,428.6,3.939,2.16,3.89,0.01,0.01,-665.0,1852.0,368.0,-25992.0,25501,1776,10.6,0.0,10880.0,0,0,0,e1f,d46,d42,d42,d46,1,1,1,1,1,0,0,0,0,1,1,1,0,0,1,1,0,0,0,1,0,1,0,1,1,0,0,0,1,0,0,0,0,1,0,1,0,1,1,0,0,0,1,0,0,0,0,1,0,1,0,1,1,0,0,0,1,1,0,0,0,1,0,1,0,1,1,0,0
2026,3,29,08:48:47.526,10.70,245,67.0,0.8497,4437.2,441.2,3.939,2.16,3.89,0.01,0.01,-665.0,1853.0,369.0,-26005.0,25538,1784,11.1,0.0,10882.0,0,0,0,e1f,d46,d42,d42,d46,1,1,1,1,1,0,0,0,0,1,1,1,0,0,1,1,0,0,0,1,0,1,0,1,1,0,0,0,1,0,0,0,0,1,0,1,0,1,1,0,0,0,1,0,0,0,0,1,0,1,0,1,1,0,0,0,1,1,0,0,0,1,0,1,0,1,1,0,0
2026,3,29,08:48:47.546,10.72,15,67.0,0.8497,4438.5,442.4,3.939,2.17,3.89,0.01,0.01,-665.0,1854.0,369.0,-26019.0,25575,1791,11.9,0.0,10885.0,0,0,0,e1f,d46,d42,d42,d46,1,1,1,1,1,0,0,0,0,1,1,1,0,0,1,1,0,0,0,1,0,1,0,1,1,0,0,0,1,0,0,0,0,1,0,1,0,1,1,0,0,0,1,0,0,0,0,1,0,1,0,1,1,0,0,0,1,1,0,0,0,1,0,1,0,1,1,0,0
2026,3,29,08:48:47.566,10.74,35,67.0,0.8489,4462.5,466.4,3.938,2.17,3.89,0.01,0.01,-665.0,1855.0,369.0,-26032.0,25612,1798,13.0,0.0,10887.0,0,0,0,e1f,d46,d42,d42,d46,1,1,1,1,1,0,0,0,0,1,1,1,0,0,1,1,0,0,0,1,0,1,0,1,1,0,0,0,1,0,0,0,0,1,0,1,0,1,1,0,0,0,1,0,0,0,0,1,0,1,0,1,1,0,0,0,1,1,0,0,0,1,0,1,0,1,1,0,0
2026,3,29,08:48:47.586,10.76,55,67.0,0.8489,4463.8,467.7,3.939,2.17,3.89,0.01,0.01,-666.0,1856.0,369.0,-26045.0,25650,1806,14.2,0.0,10890.0,0,0,0,e1f,d4e,d4a,d4a,d4e,1,1,1,1,1,0,0,0,0,1,1,1,0,0,1,1,1,0,0,1,0,1,0,1,1,0,0,0,1,0,1,0,0,1,0,1,0,1,1,0,0,0,1,0,1,0,0,1,0,1,0,1,1,0,0,0,1,1,1,0,0,1,0,1,0,1,1,0,0
2026,3,29,08:48:47.606,10.78,75,67.0,0.8481,4489.7,493.6,3.939,2.17,3.89,0.01,0.01,-666.0,1857.0,369.0,-26059.0,25687,1813,15.6,0.0,10892.0,0,0,0,e1f,d4e,d4a,d4a,d4e,1,1,1,1,1,0,0,0,0,1,1,1,0,0,1,1,1,0,0,1,0,1,0,1,1,0,0,0,1,0,1,0,0,1,0,1,0,1,1,0,0,0,1,0,1,0,0,1,0,1,0,1,1,0,0,0,1,1,1,0,0,1,0,1,0,1,1,0,0
2026,3,29,08:48:47.626,10.80,95,66.9,0.8480,4491.0,494.9,3.939,2.17,3.89,0.01,0.01,-666.0,1858.0,370.0,-26072.0,25724,1820,17.1,0.0,10895.0,0,0,0,e1f,d4e,d4a,d4a,d4a,1,1,1,1,1,0,0,0,0,1,1,1,0,0,1,1,1,0,0,1,0,1,0,1,1,0,0,0,1,0,1,0,0,1,0,1,0,1,1,0,0,0,1,0,1,0,0,1,0,1,0,1,1,0,0,0,1,0,1,0,0,1,0,1,0,1,1,0,0
2026,3,29,08:48:47.646,10.82,115,66.9,0.8474,4509.9,513.9,3.939,2.17,3.89,0.01,0.01,-666.0,1858.0,370.0,-26085.0,25761,1828,18.7,0.0,10897.0,0,0,0,e1f,d4e,d4a,d4a,d4a,1,1,1,1,1,0,0,0,0,1,1,1,0,0,1,1,1,0,0,1,0,1,0,1,1,0,0,0,1,0,1,0,0,1,0,1,0,1,1,0,0,0,1,0,1,0,0,1,0,1,0,1,1,0,0,0,1,0,1,0,0,1,0,1,0,1,1,0,0
2026,3,29,08:48:47.666,10.84,135,66.9,0.8474,4511.8,515.8,3.940,2.17,3.89,0.01,0.01,-667.0,1859.0,370.0,-26099.0,25798,1835,20.4,0.0,10900.0,0,0,0,e1f,d4e,d4a,d4a,d4a,1,1,1,1,1,0,0,0,0,1,1,1,0,0,1,1,1,0,0,1,0,1,0,1,1,0,0,0,1,0,1,0,0,1,0,1,0,1,1,0,0,0,1,0,1,0,0,1,0,1,0,1,1,0,0,0,1,0,1,0,0,1,0,1,0,1,1,0,0
2026,3,29,08:48:47.686,10.86,155,66.9,0.8464,4541.0,544.9,3.939,2.17,3.89,0.01,0.01,-667.0,1860.0,370.0,-26112.0,25835,1843,22.2,0.0,10902.0,0,0,0,e1f,d4e,d4a,d4a,d4a,1,1,1,1,1,0,0,0,0,1,1,1,0,0,1,1,1,0,0,1,0,1,0,1,1,0,0,0,1,0,1,0,0,1,0,1,0,1,1,0,0,0,1,0,1,0,0,1,0,1,0,1,1,0,0,0,1,0,1,0,0,1,0,1,0,1,1,0,0
2026,3,29,08:48:47.706,10.88,175,66.9,0.8464,4541.6,545.5,3.939,2.17,3.89,0.01,0.01,-667.0,1861.0,370.0,-26125.0,25873,1850,24.1,0.0,10904.0,0,0,0,e1f,d4e,d4a,d4a,d4a,1,1,1,1,1,0,0,0,0,1,1,1,0,0,1,1,1,0,0,1,0,1,0,1,1,0,0,0,1,0,1,0,0,1,0,1,0,1,1,0,0,0,1,0,1,0,0,1,0,1,0,1,1,0,0,0,1,0,1,0,0,1,0,1,0,1,1,0,0
2026,3,29,08:48:47.726,10.90,195,66.9,0.8457,4564.4,568.3,3.940,2.17,3.89,0.01,0.01,-668.0,1861.0,371.0,-26139.0,25910,1858,26.2,0.0,10907.0,0,0,0,e1f,d4e,d4a,d4a,d4a,1,1,1,1,1,0,0,0,0,1,1,1,0,0,1,1,1,0,0,1,0,1,0,1,1,0,0,0,1,0,1,0,0,1,0,1,0,1,1,0,0,0,1,0,1,0,0,1,0,1,0,1,1,0,0,0,1,0,1,0,0,1,0,1,0,1,1,0,0
2026,3,29,08:48:47.746,10.92,215,66.8,0.8457,4565.7,569.6,3.939,2.17,3.89,0.01,0.01,-668.0,1862.0,371.0,-26152.0,25947,1865,28.5,0.0,10909.0,0,0,0,e1f,d4e,d4a,d4a,d4a,1,1,1,1,1,0,0,0,0,1,1,1,0,0,1,1,1,0,0,1,0,1,0,1,1,0,0,0,1,0,1,0,0,1,0,1,0,1,1,0,0,0,1,0,1,0,0,1,0,1,0,1,1,0,0,0,1,0,1,0,0,1,0,1,0,1,1,0,0
2026,3,29,08:48:47.766,10.94,235,66.8,0.8452,4579.0,582.9,3.938,2.17,3.89,0.01,0.01,-669.0,1862.0,371.0,-26165.0,25984,1872,30.9,0.0,10912.0,0,0,0,e1f,d4e,d4a,d4a,d4a,1,1,1,1,1,0,0,0,0,1,1,1,0,0,1,1,1,0,0,1,0,1,0,1,1,0,0,0,1,0,1,0,0,1,0,1,0,1,1,0,0,0,1,0,1,0,0,1,0,1,0,1,1,0,0,0,1,0,1,0,0,1,0,1,0,1,1,0,0
2026,3,29,08:48:47.786,10.96,5,66.8,0.8452,4579.6,583.6,3.939,2.17,3.89,0.01,0.01,-670.0,1863.0,371.0,-26179.0,26022,1880,33.4,0.0,10914.0,0,0,0,e1f,d4e,d4a,d4a,d4a,1,1,1,1,1,0,0,0,0,1,1,1,0,0,1,1,1,0,0,1,0,1,0,1,1,0,0,0,1,0,1,0,0,1,0,1,0,1,1,0,0,0,1,0,1,0,0,1,0,1,0,1,1,0,0,0,1,0,1,0,0,1,0,1,0,1,1,0,0
2026,3,29,08:48:47.806,10.98,25,66.8,0.8444,4606.9,610.8,3.939,2.17,3.89,0.01,0.01,-670.0,1863.0,370.0,-26192.0,26059,1887,36.1,0.0,10917.0,0,0,0,e1f,d4e,d4a,d4a,d4a,1,1,1,1,1,0,0,0,0,1,1,1,0,0,1,1,1,0,0,1,0,1,0,1,1,0,0,0,1,0,1,0,0,1,0,1,0,1,1,0,0,0,1,0,1,0,0,1,0,1,0,1,1,0,0,0,1,0,1,0,0,1,0,1,0,1,1,0,0
2026,3,29,08:48:47.826,11.00,45,66.8,0.8443,4608.2,612.1,3.939,2.17,3.89,0.01,0.01,-671.0,1863.0,370.0,-26206.0,26096,1895,38.9,0.0,10919.0,0,0,0,e1f,d4e,d4a,d4a,d4a,1,1,1,1,1,0,0,0,0,1,1,1,0,0,1,1,1,0,0,1,0,1,0,1,1,0,0,0,1,0,1,0,0,1,0,1,0,1,1,0,0,0,1,0,1,0,0,1,0,1,0,1,1,0,0,0,1,0,1,0,0,1,0,1,0,1,1,0,0
2026,3,29,08:48:47.846,11.02,65,66.8,0.8440,4619.6,623.5,3.939,2.17,3.89,0.01,0.01,-672.0,1864.0,370.0,-26219.0,26133,1902,41.9,0.0,10922.0,0,0,0,e1f,d4e,d4a,d4a,d4a,1,1,1,1,1,0,0,0,0,1,1,1,0,0,1,1,1,0,0,1,0,1,0,1,1,0,0,0,1,0,1,0,0,1,0,1,0,1,1,0,0,0,1,0,1,0,0,1,0,1,0,1,1,0,0,0,1,0,1,0,0,1,0,1,0,1,1,0,0
2026,3,29,08:48:47.866,11.04,85,66.8,0.8440,4619.6,623.5,3.939,2.17,3.89,0.01,0.01,-673.0,1864.0,370.0,-26232.0,26171,1909,45.0,0.0,10924.0,0,0,0,e1f,d4e,d4a,d4a,d4a,1,1,1,1,1,0,0,0,0,1,1,1,0,0,1,1,1,0,0,1,0,1,0,1,1,0,0,0,1,0,1,0,0,1,0,1,0,1,1,0,0,0,1,0,1,0,0,1,0,1,0,1,1,0,0,0,1,0,1,0,0,1,0,1,0,1,1,0,0
2026,3,29,08:48:47.886,11.06,105,66.8,0.8442,4613.3,617.2,3.940,2.17,3.89,0.01,0.01,-674.0,1864.0,370.0,-26246.0,26208,1917,48.3,0.0,10927.0,0,0,0,e1f,d4e,d4a,d4a,d4a,1,1,1,1,1,0,0,0,0,1,1,1,0,0,1,1,1,0,0,1,0,1,0,1,1,0,0,0,1,0,1,0,0,1,0,1,0,1,1,0,0,0,1,0,1,0,0,1,0,1,0,1,1,0,0,0,1,0,1,0,0,1,0,1,0,1,1,0,0
2026,3,29,08:48:47.906,11.08,125,66.8,0.8441,4613.9,617.8,3.939,2.17,3.89,0.01,0.01,-674.0,1865.0,369.0,-26259.0,26245,1924,51.7,0.0,10929.0,0,0,0,e1f,d4e,d4a,d4a,d4a,1,1,1,1,1,0,0,0,0,1,1,1,0,0,1,1,1,0,0,1,0,1,0,1,1,0,0,0,1,0,1,0,0,1,0,1,0,1,1,0,0,0,1,0,1,0,0,1,0,1,0,1,1,0,0,0,1,0,1,0,0,1,0,1,0,1,1,0,0
2026,3,29,08:48:47.926,11.10,145,66.8,0.8439,4621.5,625.4,3.940,2.17,3.89,0.01,0.01,-675.0,1865.0,369.0,-26273.0,26283,1932,55.3,0.0,10932.0,0,0,0,e1f,d4e,d4a,d4a,d4a,1,1,1,1,1,0,0,0,0,1,1,1,0,0,1,1,1,0,0,1,0,1,0,1,1,0,0,0,1,0,1,0,0,1,0,1,0,1,1,0,0,0,1,0,1,0,0,1,0,1,0,1,1,0,0,0,1,0,1,0,0,1,0,1,0,1,1,0,0
2026,3,29,08:48:47.946,11.12,165,66.8,0.8439,4621.5,625.4,3.939,2.17,3.89,0.01,0.01,-676.0,1866.0,369.0,-26286.0,26320,1939,58.9,0.0,10935.0,0,0,0,e1f,d4e,d4a,d4a,d4a,1,1,1,1,1,0,0,0,0,1,1,1,0,0,1,1,1,0,0,1,0,1,0,1,1,0,0,0,1,0,1,0,0,1,0,1,0,1,1,0,0,0,1,0,1,0,0,1,0,1,0,1,1,0,0,0,1,0,1,0,0,1,0,1,0,1,1,0,0
2026,3,29,08:48:47.966,11.14,185,66.8,0.8439,4620.2,624.2,3.939,2.17,3.89,0.01,0.01,-676.0,1866.0,368.0,-26300.0,26357,1946,62.6,0.0,10938.0,0,0,0,e1f,d4e,d4a,d4a,d4a,1,1,1,1,1,0,0,0,0,1,1,1,0,0,1,1,1,0,0,1,0,1,0,1,1,0,0,0,1,0,1,0,0,1,0,1,0,1,1,0,0,0,1,0,1,0,0,1,0,1,0,1,1,0,0,0,1,0,1,0,0,1,0,1,0,1,1,0,0
2026,3,29,08:48:47.986,11.16,205,66.8,0.8440,4619.6,623.5,3.940,2.17,3.89,0.01,0.01,-677.0,1867.0,367.0,-26314.0,26395,1954,66.4,0.0,10942.0,0,0,0,e1f,d4e,d4a,d4a,d4a,1,1,1,1,1,0,0,0,0,1,1,1,0,0,1,1,1,0,0,1,0,1,0,1,1,0,0,0,1,0,1,0,0,1,0,1,0,1,1,0,0,0,1,0,1,0,0,1,0,1,0,1,1,0,0,0,1,0,1,0,0,1,0,1,0,1,1,0,0
2026,3,29,08:48:48.006,11.18,225,66.8,0.8443,4608.2,612.1,3.939,2.17,3.89,0.01,0.01,-677.0,1867.0,367.0,-26327.0,26432,1961,70.3,0.0,10946.0,0,0,0,e1f,d4e,d4a,d4a,d4a,1,1,1,1,1,0,0,0,0,1,1,1,0,0,1,1,1,0,0,1,0,1,0,1,1,0,0,0,1,0,1,0,0,1,0,1,0,1,1,0,0,0,1,0,1,0,0,1,0,1,0,1,1,0,0,0,1,0,1,0,0,1,0,1,0,1,1,0,0
2026,3,29,08:48:48.026,11.20,245,66.8,0.8443,4607.5,611.5,3.940,2.17,3.89,0.01,0.01,-678.0,1868.0,366.0,-26341.0,26469,1969,74.2,0.0,10950.0,0,0,0,e1f,d4e,d4a,d4a,d4a,1,1,1,1,1,0,0,0,0,1,1,1,0,0,1,1,1,0,0,1,0,1,0,1,1,0,0,0,1,0,1,0,0,1,0,1,0,1,1,0,0,0,1,0,1,0,0,1,0,1,0,1,1,0,0,0,1,0,1,0,0,1,0,1,0,1,1,0,0
2026,3,29,08:48:48.046,11.22,15,66.8,0.8450,4586.0,589.9,3.940,2.17,3.89,0.01,0.01,-678.0,1868.0,366.0,-26354.0,26507,1976,78.1,0.0,10954.0,0,0,0,e1f,d4e,d4a,d4a,d4a,1,1,1,1,1,0,0,0,0,1,1,1,0,0,1,1,1,0,0,1,0,1,0,1,1,0,0,0,1,0,1,0,0,1,0,1,0,1,1,0,0,0,1,0,1,0,0,1,0,1,0,1,1,0,0,0,1,0,1,0,0,1,0,1,0,1,1,0,0
2026,3,29,08:48:48.066,11.24,35,66.9,0.8451,4584.1,588.0,3.939,2.17,3.89,0.01,0.01,-678.0,1869.0,365.0,-26368.0,26544,1983,81.9,0.0,10960.0,0,0,0,e1f,d4e,d4a,d4a,d4a,1,1,1,1,1,0,0,0,0,1,1,1,0,0,1,1,1,0,0,1,0,1,0,1,1,0,0,0,1,0,1,0,0,1,0,1,0,1,1,0,0,0,1,0,1,0,0,1,0,1,0,1,1,0,0,0,1,0,1,0,0,1,0,1,0,1,1,0,0
2026,3,29,08:48:48.086,11.26,55,66.9,0.8466,4537.2,541.1,3.939,2.17,3.89,0.01,0.01,-678.0,1869.0,364.0,-26381.0,26581,1990,85.8,0.0,10966.0,0,0,0,e1f,d4e,d4a,d4a,d4a,1,1,1,1,1,0,0,0,0,1,1,1,0,0,1,1,1,0,0,1,0,1,0,1,1,0,0,0,1,0,1,0,0,1,0,1,0,1,1,0,0,0,1,0,1,0,0,1,0,1,0,1,1,0,0,0,1,0,1,0,0,1,0,1,0,1,1,0,0
2026,3,29,08:48:48.106,11.28,75,66.9,0.8466,4535.3,539.2,3.939,2.17,3.89,0.01,0.01,-678.0,1870.0,364.0,-26395.0,26619,1998,89.6,0.0,10972.0,0,0,0,e1f,d4e,d4a,d4a,d4a,1,1,1,1,1,0,0,0,0,1,1,1,0,0,1,1,1,0,0,1,0,1,0,1,1,0,0,0,1,0,1,0,0,1,0,1,0,1,1,0,0,0,1,0,1,0,0,1,0,1,0,1,1,0,0,0,1,0,1,0,0,1,0,1,0,1,1,0,0
2026,3,29,08:48:48.126,11.30,95,66.9,0.8482,4486.5,490.5,3.940,2.17,3.89,0.01,0.01,-678.0,1870.0,363.0,-26409.0,26656,2005,93.3,0.0,10979.0,0,0,0,e1f,d4e,d4a,d4a,d4a,1,1,1,1,1,0,0,0,0,1,1,1,0,0,1,1,1,0,0,1,0,1,0,1,1,0,0,0,1,0,1,0,0,1,0,1,0,1,1,0,0,0,1,0,1,0,0,1,0,1,0,1,1,0,0,0,1,0,1,0,0,1,0,1,0,1,1,0,0
2026,3,29,08:48:48.146,11.32,115,67.0,0.8482,4484.6,488.6,3.939,2.17,3.89,0.01,0.01,-678.0,1871.0,363.0,-26422.0,26694,2012,97.0,0.0,10985.0,0,0,0,e1f,d4a,d4a,d4a,d4a,1,1,1,1,1,0,0,0,0,1,1,1,0,0,1,0,1,0,0,1,0,1,0,1,1,0,0,0,1,0,1,0,0,1,0,1,0,1,1,0,0,0,1,0,1,0,0,1,0,1,0,1,1,0,0,0,1,0,1,0,0,1,0,1,0,1,1,0,0
2026,3,29,08:48:48.166,11.34,135,67.0,0.8496,4442.3,446.2,3.939,2.18,3.89,0.01,0.01,-677.0,1871.0,362.0,-26436.0,26731,2020,100.6,0.0,10991.0,0,0,0,e1f,d4a,d4a,d4a,d4a,1,1,1,1,1,0,0,0,0,1,1,1,0,0,1,0,1,0,0,1,0,1,0,1,1,0,0,0,1,0,1,0,0,1,0,1,0,1,1,0,0,0,1,0,1,0,0,1,0,1,0,1,1,0,0,0,1,0,1,0,0,1,0,1,0,1,1,0,0
2026,3,29,08:48:48.186,11.36,155,67.0,0.8496,4441.0,445.0,3.940,2.18,3.89,0.01,0.01,-677.0,1872.0,362.0,-26449.0,26769,2027,104.2,0.0,10997.0,0,0,0,e1f,d4a,d4a,d4a,d4a,1,1,1,1,1,0,0,0,0,1,1,1,0,0,1,0,1,0,0,1,0,1,0,1,1,0,0,0,1,0,1,0,0,1,0,1,0,1,1,0,0,0,1,0,1,0,0,1,0,1,0,1,1,0,0,0,1,0,1,0,0,1,0,1,0,1,1,0,0
2026,3,29,08:48:48.206,11.38,175,67.0,0.8506,4408.2,412.1,3.940,2.18,3.89,0.01,0.01,-677.0,1872.0,362.0,-26463.0,26806,2034,107.7,0.0,11002.0,0,0,0,e1f,d4a,d4a,d4a,d4a,1,1,1,1,1,0,0,0,0,1,1,1,0,0,1,0,1,0,0,1,0,1,0,1,1,0,0,0,1,0,1,0,0,1,0,1,0,1,1,0,0,0,1,0,1,0,0,1,0,1,0,1,1,0,0,0,1,0,1,0,0,1,0,1,0,1,1,0,0
2026,3,29,08:48:48.226,11.40,195,67.1,0.8506,4408.2,412.1,3.939,2.18,3.89,0.01,0.01,-677.0,1872.0,362.0,-26476.0,26843,2041,111.1,0.0,11006.0,0,0,0,e1f,d4a,d4a,d4a,d4a,1,1,1,1,1,0,0,0,0,1,1,1,0,0,1,0,1,0,0,1,0,1,0,1,1,0,0,0,1,0,1,0,0,1,0,1,0,1,1,0,0,0,1,0,1,0,0,1,0,1,0,1,1,0,0,0,1,0,1,0,0,1,0,1,0,1,1,0,0
2026,3,29,08:48:48.246,11.42,215,67.1,0.8503,4419.6,423.5,3.939,2.18,3.89,0.01,0.01,-676.0,1872.0,362.0,-26490.0,26881,2049,114.4,0.0,11011.0,0,0,0,e1f,d4a,d4a,d4a,d4a,1,1,1,1,1,0,0,0,0,1,1,1,0,0,1,0,1,0,0,1,0,1,0,1,1,0,0,0,1,0,1,0,0,1,0,1,0,1,1,0,0,0,1,0,1,0,0,1,0,1,0,1,1,0,0,0,1,0,1,0,0,1,0,1,0,1,1,0,0
2026,3,29,08:48:48.266,11.44,235,67.1,0.8503,4418.3,422.2,3.939,2.18,3.89,0.01,0.01,-676.0,1873.0,362.0,-26503.0,26918,2056,117.7,0.0,11016.0,0,0,0,e1f,d4a,d4a,d4a,d4a,1,1,1,1,1,0,0,0,0,1,1,1,0,0,1,0,1,0,0,1,0,1,0,1,1,0,0,0,1,0,1,0,0,1,0,1,0,1,1,0,0,0,1,0,1,0,0,1,0,1,0,1,1,0,0,0,1,0,1,0,0,1,0,1,0,1,1,0,0
2026,3,29,08:48:48.286,11.46,5,67.1,0.8510,4397.5,401.4,3.939,2.18,3.89,0.01,0.01,-676.0,1873.0,362.0,-26517.0,26956,2063,120.8,0.0,11020.0,0,0,0,e1f,d4a,d4a,d4a,d4a,1,1,1,1,1,0,0,0,0,1,1,1,0,0,1,0,1,0,0,1,0,1,0,1,1,0,0,0,1,0,1,0,0,1,0,1,0,1,1,0,0,0,1,0,1,0,0,1,0,1,0,1,1,0,0,0,1,0,1,0,0,1,0,1,0,1,1,0,0
2026,3,29,08:48:48.306,11.48,25,67.1,0.8510,4397.5,401.4,3.940,2.18,3.89,0.01,0.01,-675.0,1873.0,362.0,-26530.0,26993,2070,123.8,0.0,11025.0,0,0,0,e1f,d4a,d4a,d4a,d4a,1,1,1,1,1,0,0,0,0,1,1,1,0,0,1,0,1,0,0,1,0,1,0,1,1,0,0,0,1,0,1,0,0,1,0,1,0,1,1,0,0,0,1,0,1,0,0,1,0,1,0,1,1,0,0,0,1,0,1,0,0,1,0,1,0,1,1,0,0
2026,3,29,08:48:48.326,11.50,45,67.1,0.8512,4389.3,393.2,3.939,2.18,3.89,0.01,0.01,-675.0,1874.0,362.0,-26544.0,27031,2078,126.5,0.0,11030.0,0,0,0,e1f,d4a,d4a,d4a,d4a,1,1,1,1,1,0,0,0,0,1,1,1,0,0,1,0,1,0,0,1,0,1,0,1,1,0,0,0,1,0,1,0,0,1,0,1,0,1,1,0,0,0,1,0,1,0,0,1,0,1,0,1,1,0,0,0,1,0,1,0,0,1,0,1,0,1,1,0,0
2026,3,29,08:48:48.346,11.52,65,67.1,0.8512,4389.3,393.2,3.939,2.18,3.89,0.01,0.01,-674.0,1874.0,363.0,-26557.0,27068,2085,129.1,0.0,11035.0,0,0,0,e1f,d4a,d4a,d4a,d4a,1,1,1,1,1,0,0,0,0,1,1,1,0,0,1,0,1,0,0,1,0,1,0,1,1,0,0,0,1,0,1,0,0,1,0,1,0,1,1,0,0,0,1,0,1,0,0,1,0,1,0,1,1,0,0,0,1,0,1,0,0,1,0,1,0,1,1,0,0
2026,3,29,08:48:48.366,11.54,85,67.1,0.8516,4379.2,383.1,3.939,2.18,3.89,0.01,0.01,-674.0,1874.0,363.0,-26571.0,27106,2092,131.5,0.0,11040.0,0,0,0,e1f,d4a,d4a,d4a,d4a,1,1,1,1,1,0,0,0,0,1,1,1,0,0,1,0,1,0,0,1,0,1,0,1,1,0,0,0,1,0,1,0,0,1,0,1,0,1,1,0,0,0,1,0,1,0,0,1,0,1,0,1,1,0,0,0,1,0,1,0,0,1,0,1,0,1,1,0,0
2026,3,29,08:48:48.386,11.56,105,67.1,0.8515,4379.8,383.8,3.939,2.18,3.89,0.01,0.01,-674.0,1874.0,364.0,-26584.0,27143,2099,133.7,0.0,11046.0,0,0,0,e1f,d4a,d4a,d4a,d4a,1,1,1,1,1,0,0,0,0,1,1,1,0,0,1,0,1,0,0,1,0,1,0,1,1,0,0,0,1,0,1,0,0,1,0,1,0,1,1,0,0,0,1,0,1,0,0,1,0,1,0,1,1,0,0,0,1,0,1,0,0,1,0,1,0,1,1,0,0
2026,3,29,08:48:48.406,11.58,125,67.1,0.8521,4362.2,366.1,3.939,2.18,3.89,0.01,0.01,-674.0,1875.0,364.0,-26598.0,27181,2107,135.8,0.0,11052.0,0,0,0,e1f,d4a,d4a,d4a,d4a,1,1,1,1,1,0,0,0,0,1,1,1,0,0,1,0,1,0,0,1,0,1,0,1,1,0,0,0,1,0,1,0,0,1,0,1,0,1,1,0,0,0,1,0,1,0,0,1,0,1,0,1,1,0,0,0,1,0,1,0,0,1,0,1,0,1,1,0,0
2026,3,29,08:48:48.426,11.60,145,67.1,0.8521,4361.6,365.5,3.939,2.18,3.89,0.01,0.01,-674.0,1875.0,365.0,-26611.0,27218,2114,137.7,0.0,11059.0,0,0,0,e1f,d4a,d4a,d4a,d4a,1,1,1,1,1,0,0,0,0,1,1,1,0,0,1,0,1,0,0,1,0,1,0,1,1,0,0,0,1,0,1,0,0,1,0,1,0,1,1,0,0,0,1,0,1,0,0,1,0,1,0,1,1,0,0,0,1,0,1,0,0,1,0,1,0,1,1,0,0
2026,3,29,08:48:48.446,11.62,165,67.1,0.8528,4340.8,344.7,3.940,2.18,3.89,0.01,0.01,-674.0,1875.0,365.0,-26625.0,27256,2121,139.5,0.0,11065.0,0,0,0,e1f,d4a,d4a,d4a,d4a,1,1,1,1,1,0,0,0,0,1,1,1,0,0,1,0,1,0,0,1,0,1,0,1,1,0,0,0,1,0,1,0,0,1,0,1,0,1,1,0,0,0,1,0,1,0,0,1,0,1,0,1,1,0,0,0,1,0,1,0,0,1,0,1,0,1,1,0,0
2026,3,29,08:48:48.466,11.64,185,67.1,0.8528,4340.8,344.7,3.940,2.18,3.89,0.01,0.01,-674.0,1875.0,366.0,-26638.0,27293,2129,141.2,0.0,11071.0,0,0,0,e1f,d4a,d4a,d4a,d4a,1,1,1,1,1,0,0,0,0,1,1,1,0,0,1,0,1,0,0,1,0,1,0,1,1,0,0,0,1,0,1,0,0,1,0,1,0,1,1,0,0,0,1,0,1,0,0,1,0,1,0,1,1,0,0,0,1,0,1,0,0,1,0,1,0,1,1,0,0
2026,3,29,08:48:48.486,11.66,205,67.1,0.8528,4340.8,344.7,3.940,2.18,3.89,0.01,0.01,-674.0,1875.0,366.0,-26652.0,27331,2136,142.7,0.0,11077.0,0,0,0,e1f,d4a,d4a,d4a,d4a,1,1,1,1,1,0,0,0,0,1,1,1,0,0,1,0,1,0,0,1,0,1,0,1,1,0,0,0,1,0,1,0,0,1,0,1,0,1,1,0,0,0,1,0,1,0,0,1,0,1,0,1,1,0,0,0,1,0,1,0,0,1,0,1,0,1,1,0,0
2026,3,29,08:48:48.506,11.68,225,67.1,0.8528,4340.8,344.7,3.940,2.18,3.89,0.01,0.01,-674.0,1875.0,367.0,-26665.0,27368,2143,144.2,0.0,11083.0,0,0,0,e1f,d4a,d4a,d4a,d4a,1,1,1,1,1,0,0,0,0,1,1,1,0,0,1,0,1,0,0,1,0,1,0,1,1,0,0,0,1,0,1,0,0,1,0,1,0,1,1,0,0,0,1,0,1,0,0,1,0,1,0,1,1,0,0,0,1,0,1,0,0,1,0,1,0,1,1,0,0
2026,3,29,08:48:48.526,11.70,245,67.1,0.8537,4313.1,317.0,3.940,2.18,3.89,0.01,0.01,-675.0,1875.0,367.0,-26679.0,27406,2151,145.6,0.0,11088.0,0,0,0,e1f,d4a,d4a,d4a,d4a,1,1,1,1,1,0,0,0,0,1,1,1,0,0,1,0,1,0,0,1,0,1,0,1,1,0,0,0,1,0,1,0,0,1,0,1,0,1,1,0,0,0,1,0,1,0,0,1,0,1,0,1,1,0,0,0,1,0,1,0,0,1,0,1,0,1,1,0,0
2026,3,29,08:48:48.546,11.72,15,67.1,0.8537,4313.1,317.0,3.940,2.18,3.89,0.01,0.01,-675.0,1875.0,367.0,-26692.0,27443,2158,147.0,0.0,11092.0,0,0,0,e1f,d4a,d4a,d4a,d4a,1,1,1,1,1,0,0,0,0,1,1,1,0,0,1,0,1,0,0,1,0,1,0,1,1,0,0,0,1,0,1,0,0,1,0,1,0,1,1,0,0,0,1,0,1,0,0,1,0,1,0,1,1,0,0,0,1,0,1,0,0,1,0,1,0,1,1,0,0
2026,3,29,08:48:48.566,11.74,35,67.1,0.8538,4308.7,312.6,3.939,2.18,3.89,0.01,0.01,-675.0,1876.0,368.0,-26706.0,27481,2165,148.3,0.0,11097.0,0,0,0,e1f,d4a,d4a,d4a,d4a,1,1,1,1,1,0,0,0,0,1,1,1,0,0,1,0,1,0,0,1,0,1,0,1,1,0,0,0,1,0,1,0,0,1,0,1,0,1,1,0,0,0,1,0,1,0,0,1,0,1,0,1,1,0,0,0,1,0,1,0,0,1,0,1,0,1,1,0,0
2026,3,29,08:48:48.586,11.76,55,67.1,0.8538,4308.7,312.6,3.940,2.18,3.89,0.01,0.01,-676.0,1876.0,368.0,-26719.0,27518,2173,149.6,0.0,11101.0,0,0,0,e1f,d4a,d4a,d4a,d4a,1,1,1,1,1,0,0,0,0,1,1,1,0,0,1,0,1,0,0,1,0,1,0,1,1,0,0,0,1,0,1,0,0,1,0,1,0,1,1,0,0,0,1,0,1,0,0,1,0,1,0,1,1,0,0,0,1,0,1,0,0,1,0,1,0,1,1,0,0
2026,3,29,08:48:48.606,11.78,75,67.1,0.8543,4293.6,297.5,3.940,2.18,3.89,0.01,0.01,-676.0,1877.0,368.0,-26733.0,27556,2180,150.9,0.0,11105.0,0,0,0,e1f,d4a,d4a,d4a,d4a,1,1,1,1,1,0,0,0,0,1,1,1,0,0,1,0,1,0,0,1,0,1,0,1,1,0,0,0,1,0,1,0,0,1,0,1,0,1,1,0,0,0,1,0,1,0,0,1,0,1,0,1,1,0,0,0,1,0,1,0,0,1,0,1,0,1,1,0,0
2026,3,29,08:48:48.626,11.80,95,67.1,0.8543,4293.6,297.5,3.940,2.18,3.89,0.01,0.01,-676.0,1877.0,369.0,-26747.0,27593,2187,152.1,0.0,11109.0,0,0,0,e1f,d4a,d4a,d4a,d4a,1,1,1,1,1,0,0,0,0,1,1,1,0,0,1,0,1,0,0,1,0,1,0,1,1,0,0,0,1,0,1,0,0,1,0,1,0,1,1,0,0,0,1,0,1,0,0,1,0,1,0,1,1,0,0,0,1,0,1,0,0,1,0,1,0,1,1,0,0
2026,3,29,08:48:48.646,11.82,115,67.1,0.8542,4296.7,300.7,3.940,2.18,3.89,0.01,0.01,-677.0,1878.0,369.0,-26760.0,27631,2195,153.2,0.0,11114.0,0,0,0,e1f,d4a,d4a,d4a,d4a,1,1,1,1,1,0,0,0,0,1,1,1,0,0,1,0,1,0,0,1,0,1,0,1,1,0,0,0,1,0,1,0,0,1,0,1,0,1,1,0,0,0,1,0,1,0,0,1,0,1,0,1,1,0,0,0,1,0,1,0,0,1,0,1,0,1,1,0,0
2026,3,29,23:17:04.087,11.84,128,59.0,0.9756,681.4,-3314.7,4.068,1.66,2.38,0.01,0.01,-419.0,-48.0,1420.0,-15669.0,-2483,-12525,144.7,0.0,53.0,0,0,0,eff,cc9,cc9,cc9,cc9,1,1,1,1,1,1,1,1,0,1,1,1,0,1,0,0,1,0,0,1,1,0,0,1,1,0,0,1,0,0,1,0,0,1,1,0,0,1,1,0,0,1,0,0,1,0,0,1,1,0,0,1,1,0,0,1,0,0,1,0,0,1,1,0,0,1,1,0,0
2026,3,29,23:17:04.107,11.86,148,59.0,0.9756,681.4,-3314.7,4.067,1.66,2.38,0.01,0.01,-419.0,-48.0,1421.0,-15677.0,-2484,-12497,144.7,0.0,53.0,0,0,0,eff,cc9,cc9,cc9,cc9,1,1,1,1,1,1,1,1,0,1,1,1,0,1,0,0,1,0,0,1,1,0,0,1,1,0,0,1,0,0,1,0,0,1,1,0,0,1,1,0,0,1,0,0,1,0,0,1,1,0,0,1,1,0,0,1,0,0,1,0,0,1,1,0,0,1,1,0,0
2026,3,29,23:17:04.127,11.88,168,59.0,0.9756,681.4,-3314.7,4.067,1.66,2.38,0.01,0.01,-419.0,-48.0,1421.0,-15686.0,-2485,-12468,144.7,0.0,53.0,0,0,0,eff,cc9,cc9,cc9,cc9,1,1,1,1,1,1,1,1,0,1,1,1,0,1,0,0,1,0,0,1,1,0,0,1,1,0,0,1,0,0,1,0,0,1,1,0,0,1,1,0,0,1,0,0,1,0,0,1,1,0,0,1,1,0,0,1,0,0,1,0,0,1,1,0,0,1,1,0,0
2026,3,29,23:17:04.147,11.90,188,59.0,0.9756,681.4,-3314.7,4.067,1.66,2.38,0.01,0.01,-419.0,-48.0,1422.0,-15694.0,-2486,-12440,144.7,0.0,53.0,0,0,0,eff,cc9,cc9,cc9,cc9,1,1,1,1,1,1,1,1,0,1,1,1,0,1,0,0,1,0,0,1,1,0,0,1,1,0,0,1,0,0,1,0,0,1,1,0,0,1,1,0,0,1,0,0,1,0,0,1,1,0,0,1,1,0,0,1,0,0,1,0,0,1,1,0,0,1,1,0,0
2026,3,29,08:48:44.826,11.92,45,67.1,0.8433,4639.9,643.9,3.939,2.08,3.89,0.01,0.01,-657.0,1800.0,341.0,-24223.0,20600,836,36.4,0.0,10531.0,0,0,0,e1f,d4e,d4a,d4a,d4a,1,1,1,1,1,0,0,0,0,1,1,1,0,0,1,1,1,0,0,1,0,1,0,1,1,0,0,0,1,0,1,0,0,1,0,1,0,1,1,0,0,0,1,0,1,0,0,1,0,1,0,1,1,0,0,0,1,0,1,0,0,1,0,1,0,1,1,0,0
2026,3,29,08:48:44.846,11.94,65,67.1,0.8428,4655.8,659.8,3.939,2.08,3.89,0.01,0.01,-656.0,1800.0,341.0,-24236.0,20636,842,36.9,0.0,10534.0,0,0,0,e1f,d4e,d4a,d4a,d4a,1,1,1,1,1,0,0,0,0,1,1,1,0,0,1,1,1,0,0,1,0,1,0,1,1,0,0,0,1,0,1,0,0,1,0,1,0,1,1,0,0,0,1,0,1,0,0,1,0,1,0,1,1,0,0,0,1,0,1,0,0,1,0,1,0,1,1,0,0
2026,3,29,08:48:44.866,11.96,85,67.0,0.8428,4657.1,661.0,3.940,2.08,3.89,0.01,0.01,-656.0,1800.0,341.0,-24250.0,20672,849,37.2,0.0,10537.0,0,0,0,e1f,d4e,d4a,d4a,d4a,1,1,1,1,1,0,0,0,0,1,1,1,0,0,1,1,1,0,0,1,0,1,0,1,1,0,0,0,1,0,1,0,0,1,0,1,0,1,1,0,0,0,1,0,1,0,0,1,0,1,0,1,1,0,0,0,1,0,1,0,0,1,0,1,0,1,1,0,0
2026,3,29,08:48:44.886,11.98,105,67.0,0.8422,4674.9,678.8,3.939,2.08,3.89,0.01,0.01,-656.0,1800.0,341.0,-24263.0,20708,856,37.3,0.0,10540.0,0,0,0,e1f,d4e,d4a,d4a,d4a,1,1,1,1,1,0,0,0,0,1,1,1,0,0,1,1,1,0,0,1,0,1,0,1,1,0,0,0,1,0,1,0,0,1,0,1,0,1,1,0,0,0,1,0,1,0,0,1,0,1,0,1,1,0,0,0,1,0,1,0,0,1,0,1,0,1,1,0,0
2026,3,29,08:48:44.906,12.00,125,67.0,0.8422,4675.5,679.5,3.939,2.08,3.89,0.01,0.01,-656.0,1800.0,341.0,-24276.0,20744,863,37.2,0.0,10543.0,0,0,0,e1f,d4e,d4a,d4a,d4a,1,1,1,1,1,0,0,0,0,1,1,1,0,0,1,1,1,0,0,1,0,1,0,1,1,0,0,0,1,0,1,0,0,1,0,1,0,1,1,0,0,0,1,0,1,0,0,1,0,1,0,1,1,0,0,0,1,0,1,0,0,1,0,1,0,1,1,0,0
2026,3,29,08:48:44.926,12.02,145,67.0,0.8416,4693.3,697.3,3.939,2.08,3.89,0.01,0.01,-656.0,1800.0,340.0,-24289.0,20780,870,36.8,0.0,10546.0,0,0,0,e1f,d4e,d4a,d4a,d4a,1,1,1,1,1,0,0,0,0,1,1,1,0,0,1,1,1,0,0,1,0,1,0,1,1,0,0,0,1,0,1,0,0,1,0,1,0,1,1,0,0,0,1,0,1,0,0,1,0,1,0,1,1,0,0,0,1,0,1,0,0,1,0,1,0,1,1,0,0
2026,3,29,08:48:44.946,12.04,165,67.0,0.8416,4694.6,698.5,3.939,2.08,3.89,0.01,0.01,-655.0,1800.0,340.0,-24302.0,20816,876,36.3,0.0,10550.0,0,0,0,e1f,d4e,d4a,d4a,d4a,1,1,1,1,1,0,0,0,0,1,1,1,0,0,1,1,1,0,0,1,0,1,0,1,1,0,0,0,1,0,1,0,0,1,0,1,0,1,1,0,0,0,1,0,1,0,0,1,0,1,0,1,1,0,0,0,1,0,1,0,0,1,0,1,0,1,1,0,0
2026,3,29,08:48:44.966,12.06,185,67.0,0.8409,4717.5,721.5,3.939,2.08,3.89,0.01,0.01,-655.0,1800.0,340.0,-24315.0,20852,883,35.5,0.0,10553.0,0,0,0,e1f,d4e,d4a,d4a,d4a,1,1,1,1,1,0,0,0,0,1,1,1,0,0,1,1,1,0,0,1,0,1,0,1,1,0,0,0,1,0,1,0,0,1,0,1,0,1,1,0,0,0,1,0,1,0,0,1,0,1,0,1,1,0,0,0,1,0,1,0,0,1,0,1,0,1,1,0,0
2026,3,29,08:48:44.986,12.08,205,66.9,0.8408,4718.8,722.7,3.939,2.08,3.89,0.01,0.01,-655.0,1800.0,340.0,-24328.0,20888,890,34.7,0.0,10556.0,0,0,0,e1f,d4e,d4a,d4a,d4a,1,1,1,1,1,0,0,0,0,1,1,1,0,0,1,1,1,0,0,1,0,1,0,1,1,0,0,0,1,0,1,0,0,1,0,1,0,1,1,0,0,0,1,0,1,0,0,1,0,1,0,1,1,0,0,0,1,0,1,0,0,1,0,1,0,1,1,0,0
2026,3,29,08:48:45.006,12.10,225,66.9,0.8399,4748.1,752.0,3.938,2.08,3.89,0.01,0.01,-655.0,1801.0,340.0,-24341.0,20924,897,33.6,0.0,10559.0,0,0,0,e1f,d4e,d4a,d4a,d4a,1,1,1,1,1,0,0,0,0,1,1,1,0,0,1,1,1,0,0,1,0,1,0,1,1,0,0,0,1,0,1,0,0,1,0,1,0,1,1,0,0,0,1,0,1,0,0,1,0,1,0,1,1,0,0,0,1,0,1,0,0,1,0,1,0,1,1,0,0
2026,3,29,08:48:45.026,12.12,245,66.9,0.8399,4749.4,753.3,3.938,2.08,3.89,0.01,0.01,-655.0,1801.0,340.0,-24355.0,20960,904,32.5,0.0,10562.0,0,0,0,e1f,d4e,d4a,d4a,d4a,1,1,1,1,1,0,0,0,0,1,1,1,0,0,1,1,1,0,0,1,0,1,0,1,1,0,0,0,1,0,1,0,0,1,0,1,0,1,1,0,0,0,1,0,1,0,0,1,0,1,0,1,1,0,0,0,1,0,1,0,0,1,0,1,0,1,1,0,0
2026,3,29,08:48:45.046,12.14,15,66.9,0.8392,4770.4,774.4,3.939,2.08,3.89,0.01,0.01,-655.0,1801.0,340.0,-24368.0,20996,911,31.4,0.0,10565.0,0,0,0,e1f,d4e,d4a,d4a,d4a,1,1,1,1,1,0,0,0,0,1,1,1,0,0,1,1,1,0,0,1,0,1,0,1,1,0,0,0,1,0,1,0,0,1,0,1,0,1,1,0,0,0,1,0,1,0,0,1,0,1,0,1,1,0,0,0,1,0,1,0,0,1,0,1,0,1,1,0,0
2026,3,29,08:48:45.066,12.16,35,66.9,0.8392,4771.7,775.6,3.939,2.08,3.88,0.01,0.01,-655.0,1802.0,340.0,-24381.0,21032,917,30.3,0.0,10568.0,0,0,0,e1f,d4e,d4a,d4a,d4a,1,1,1,1,1,0,0,0,0,1,1,1,0,0,1,1,1,0,0,1,0,1,0,1,1,0,0,0,1,0,1,0,0,1,0,1,0,1,1,0,0,0,1,0,1,0,0,1,0,1,0,1,1,0,0,0,1,0,1,0,0,1,0,1,0,1,1,0,0
2026,3,29,08:48:45.086,12.18,55,66.9,0.8387,4787.6,791.6,3.939,2.08,3.88,0.01,0.01,-656.0,1802.0,341.0,-24394.0,21068,924,29.3,0.0,10571.0,0,0,0,e1f,d4e,d4a,d4a,d4a,1,1,1,1,1,0,0,0,0,1,1,1,0,0,1,1,1,0,0,1,0,1,0,1,1,0,0,0,1,0,1,0,0,1,0,1,0,1,1,0,0,0,1,0,1,0,0,1,0,1,0,1,1,0,0,0,1,0,1,0,0,1,0,1,0,1,1,0,0
2026,3,29,08:48:45.106,12.20,75,66.8,0.8387,4788.3,792.2,3.939,2.08,3.89,0.01,0.01,-656.0,1803.0,341.0,-24407.0,21104,931,28.5,0.0,10574.0,0,0,0,e1f,d4e,d4a,d4a,d4a,1,1,1,1,1,0,0,0,0,1,1,1,0,0,1,1,1,0,0,1,0,1,0,1,1,0,0,0,1,0,1,0,0,1,0,1,0,1,1,0,0,0,1,0,1,0,0,1,0,1,0,1,1,0,0,0,1,0,1,0,0,1,0,1,0,1,1,0,0
2026,3,29,08:48:45.126,12.22,95,66.8,0.8381,4806.8,810.7,3.939,2.09,3.89,0.01,0.01,-656.0,1803.0,342.0,-24420.0,21140,938,27.8,0.0,10577.0,0,0,0,e1f,d4e,d4a,d4a,d4a,1,1,1,1,1,0,0,0,0,1,1,1,0,0,1,1,1,0,0,1,0,1,0,1,1,0,0,0,1,0,1,0,0,1,0,1,0,1,1,0,0,0,1,0,1,0,0,1,0,1,0,1,1,0,0,0,1,0,1,0,0,1,0,1,0,1,1,0,0
2026,3,29,08:48:45.146,12.24,115,66.8,0.8381,4807.4,811.4,3.939,2.09,3.89,0.01,0.01,-657.0,1804.0,343.0,-24433.0,21176,945,27.3,0.0,10580.0,0,0,0,e1f,d4e,d4a,d4a,d4a,1,1,1,1,1,0,0,0,0,1,1,1,0,0,1,1,1,0,0,1,0,1,0,1,1,0,0,0,1,0,1,0,0,1,0,1,0,1,1,0,0,0,1,0,1,0,0,1,0,1,0,1,1,0,0,0,1,0,1,0,0,1,0,1,0,1,1,0,0
2026,3,29,08:48:45.166,12.26,135,66.8,0.8373,4830.4,834.4,3.940,2.09,3.89,0.01,0.01,-657.0,1804.0,343.0,-24446.0,21212,952,27.0,0.0,10583.0,0,0,0,e1f,d4e,d4a,d4a,d4a,1,1,1,1,1,0,0,0,0,1,1,1,0,0,1,1,1,0,0,1,0,1,0,1,1,0,0,0,1,0,1,0,0,1,0,1,0,1,1,0,0,0,1,0,1,0,0,1,0,1,0,1,1,0,0,0,1,0,1,0,0,1,0,1,0,1,1,0,0
2026,3,29,08:48:45.186,12.28,155,66.8,0.8373,4830.4,834.4,3.939,2.09,3.89,0.01,0.01,-657.0,1804.0,344.0,-24460.0,21248,958,26.9,0.0,10586.0,0,0,0,e1f,d4e,d4a,d4a,d4a,1,1,1,1,1,0,0,0,0,1,1,1,0,0,1,1,1,0,0,1,0,1,0,1,1,0,0,0,1,0,1,0,0,1,0,1,0,1,1,0,0,0,1,0,1,0,0,1,0,1,0,1,1,0,0,0,1,0,1,0,0,1,0,1,0,1,1,0,0
2026,3,29,08:48:45.206,12.30,175,66.8,0.8369,4845.1,849.1,3.939,2.09,3.89,0.01,0.01,-658.0,1805.0,344.0,-24473.0,21284,965,27.0,0.0,10589.0,0,0,0,e1f,d4e,d4a,d4a,d4a,1,1,1,1,1,0,0,0,0,1,1,1,0,0,1,1,1,0,0,1,0,1,0,1,1,0,0,0,1,0,1,0,0,1,0,1,0,1,1,0,0,0,1,0,1,0,0,1,0,1,0,1,1,0,0,0,1,0,1,0,0,1,0,1,0,1,1,0,0
2026,3,29,08:48:45.226,12.32,195,66.8,0.8368,4846.4,850.4,3.939,2.09,3.89,0.01,0.01,-658.0,1805.0,345.0,-24486.0,21320,972,27.2,0.0,10592.0,0,0,0,e1f,d4e,d4a,d4a,d4a,1,1,1,1,1,0,0,0,0,1,1,1,0,0,1,1,1,0,0,1,0,1,0,1,1,0,0,0,1,0,1,0,0,1,0,1,0,1,1,0,0,0,1,0,1,0,0,1,0,1,0,1,1,0,0,0,1,0,1,0,0,1,0,1,0,1,1,0,0
2026,3,29,08:48:45.246,12.34,215,66.8,0.8366,4852.8,856.7,3.939,2.09,3.89,0.01,0.01,-658.0,1805.0,345.0,-24499.0,21356,979,27.7,0.0,10595.0,0,0,0,e1f,d4e,d4a,d4a,d4a,1,1,1,1,1,0,0,0,0,1,1,1,0,0,1,1,1,0,0,1,0,1,0,1,1,0,0,0,1,0,1,0,0,1,0,1,0,1,1,0,0,0,1,0,1,0,0,1,0,1,0,1,1,0,0,0,1,0,1,0,0,1,0,1,0,1,1,0,0
2026,3,29,08:48:45.266,12.36,235,66.8,0.8366,4853.4,857.4,3.940,2.09,3.89,0.01,0.01,-659.0,1806.0,345.0,-24512.0,21393,986,28.3,0.0,10598.0,0,0,0,e1f,d4e,d4a,d4a,d4a,1,1,1,1,1,0,0,0,0,1,1,1,0,0,1,1,1,0,0,1,0,1,0,1,1,0,0,0,1,0,1,0,0,1,0,1,0,1,1,0,0,0,1,0,1,0,0,1,0,1,0,1,1,0,0,0,1,0,1,0,0,1,0,1,0,1,1,0,0
2026,3,29,08:48:45.286,12.38,5,66.8,0.8363,4863.0,867.0,3.940,2.09,3.89,0.01,0.01,-659.0,1806.0,346.0,-24525.0,21429,993,29.1,0.0,10602.0,0,0,0,e1f,d4e,d4a,d4a,d4a,1,1,1,1,1,0,0,0,0,1,1,1,0,0,1,1,1,0,0,1,0,1,0,1,1,0,0,0,1,0,1,0,0,1,0,1,0,1,1,0,0,0,1,0,1,0,0,1,0,1,0,1,1,0,0,0,1,0,1,0,0,1,0,1,0,1,1,0,0
2026,3,29,08:48:45.306,12.40,25,66.8,0.8363,4863.7,867.6,3.939,2.09,3.89,0.01,0.01,-659.0,1806.0,346.0,-24539.0,21465,1000,29.9,0.0,10605.0,0,0,0,e1f,d4e,d4a,d4a,d4a,1,1,1,1,1,0,0,0,0,1,1,1,0,0,1,1,1,0,0,1,0,1,0,1,1,0,0,0,1,0,1,0,0,1,0,1,0,1,1,0,0,0,1,0,1,0,0,1,0,1,0,1,1,0,0,0,1,0,1,0,0,1,0,1,0,1,1,0,0
2026,3,29,08:48:45.326,12.42,45,66.8,0.8364,4860.5,864.4,3.939,2.09,3.89,0.01,0.01,-659.0,1807.0,346.0,-24552.0,21501,1007,30.8,0.0,10608.0,0,0,0,e1f,d4e,d4a,d4a,d4a,1,1,1,1,1,0,0,0,0,1,1,1,0,0,1,1,1,0,0,1,0,1,0,1,1,0,0,0,1,0,1,0,0,1,0,1,0,1,1,0,0,0,1,0,1,0,0,1,0,1,0,1,1,0,0,0,1,0,1,0,0,1,0,1,0,1,1,0,0
2026,3,29,08:48:45.346,12.44,65,66.8,0.8364,4859.8,863.8,3.940,2.09,3.89,0.01,0.01,-659.0,1807.0,346.0,-24565.0,21537,1014,31.8,0.0,10611.0,0,0,0,e1f,d4e,d4a,d4a,d4a,1,1,1,1,1,0,0,0,0,1,1,1,0,0,1,1,1,0,0,1,0,1,0,1,1,0,0,0,1,0,1,0,0,1,0,1,0,1,1,0,0,0,1,0,1,0,0,1,0,1,0,1,1,0,0,0,1,0,1,0,0,1,0,1,0,1,1,0,0
2026,3,29,08:48:45.366,12.46,85,66.8,0.8365,4858.6,862.5,3.939,2.09,3.89,0.01,0.01,-659.0,1808.0,345.0,-24578.0,21573,1021,32.8,0.0,10614.0,0,0,0,e1f,d4e,d4a,d4a,d4a,1,1,1,1,1,0,0,0,0,1,1,1,0,0,1,1,1,0,0,1,0,1,0,1,1,0,0,0,1,0,1,0,0,1,0,1,0,1,1,0,0,0,1,0,1,0,0,1,0,1,0,1,1,0,0,0,1,0,1,0,0,1,0,1,0,1,1,0,0
2026,3,29,08:48:45.386,12.48,105,66.8,0.8365,4858.6,862.5,3.939,2.09,3.89,0.01,0.01,-659.0,1808.0,345.0,-24591.0,21610,1028,33.7,0.0,10617.0,0,0,0,e1f,d4e,d4a,d4a,d4a,1,1,1,1,1,0,0,0,0,1,1,1,0,0,1,1,1,0,0,1,0,1,0,1,1,0,0,0,1,0,1,0,0,1,0,1,0,1,1,0,0,0,1,0,1,0,0,1,0,1,0,1,1,0,0,0,1,0,1,0,0,1,0,1,0,1,1,0,0
2026,3,29,08:48:45.406,12.50,125,66.8,0.8366,4854.7,858.7,3.939,2.09,3.89,0.01,0.01,-659.0,1809.0,345.0,-24605.0,21646,1034,34.7,0.0,10620.0,0,0,0,e1f,d4e,d4a,d4a,d4a,1,1,1,1,1,0,0,0,0,1,1,1,0,0,1,1,1,0,0,1,0,1,0,1,1,0,0,0,1,0,1,0,0,1,0,1,0,1,1,0,0,0,1,0,1,0,0,1,0,1,0,1,1,0,0,0,1,0,1,0,0,1,0,1,0,1,1,0,0
2026,3,29,08:48:45.426,12.52,145,66.8,0.8366,4854.1,858.0,3.939,2.09,3.89,0.01,0.01,-659.0,1809.0,345.0,-24618.0,21682,1041,35.5,0.0,10622.0,0,0,0,e1f,d4e,d4a,d4a,d4a,1,1,1,1,1,0,0,0,0,1,1,1,0,0,1,1,1,0,0,1,0,1,0,1,1,0,0,0,1,0,1,0,0,1,0,1,0,1,1,0,0,0,1,0,1,0,0,1,0,1,0,1,1,0,0,0,1,0,1,0,0,1,0,1,0,1,1,0,0
2026,3,29,08:48:45.446,12.54,165,66.8,0.8371,4839.4,843.3,3.939,2.09,3.89,0.01,0.01,-659.0,1810.0,344.0,-24631.0,21718,1048,36.3,0.0,10625.0,0,0,0,e1f,d4e,d4a,d4a,d4a,1,1,1,1,1,0,0,0,0,1,1,1,0,0,1,1,1,0,0,1,0,1,0,1,1,0,0,0,1,0,1,0,0,1,0,1,0,1,1,0,0,0,1,0,1,0,0,1,0,1,0,1,1,0,0,0,1,0,1,0,0,1,0,1,0,1,1,0,0
2026,3,29,08:48:45.466,12.56,185,66.8,0.8371,4838.7,842.7,3.940,2.09,3.89,0.01,0.01,-658.0,1810.0,344.0,-24644.0,21754,1055,37.0,0.0,10627.0,0,0,0,e1f,d4e,d4a,d4a,d4a,1,1,1,1,1,0,0,0,0,1,1,1,0,0,1,1,1,0,0,1,0,1,0,1,1,0,0,0,1,0,1,0,0,1,0,1,0,1,1,0,0,0,1,0,1,0,0,1,0,1,0,1,1,0,0,0,1,0,1,0,0,1,0,1,0,1,1,0,0
2026,3,29,08:48:45.486,12.58,205,66.8,0.8371,4838.7,842.7,3.939,2.09,3.89,0.01,0.01,-658.0,1811.0,343.0,-24657.0,21790,1062,37.6,0.0,10629.0,0,0,0,e1f,d4e,d4a,d4a,d4a,1,1,1,1,1,0,0,0,0,1,1,1,0,0,1,1,1,0,0,1,0,1,0,1,1,0,0,0,1,0,1,0,0,1,0,1,0,1,1,0,0,0,1,0,1,0,0,1,0,1,0,1,1,0,0,0,1,0,1,0,0,1,0,1,0,1,1,0,0
2026,3,29,08:48:45.506,12.60,225,66.8,0.8371,4838.1,842.0,3.940,2.09,3.89,0.01,0.01,-658.0,1811.0,343.0,-24670.0,21827,1069,38.0,0.0,10631.0,0,0,0,e1f,d4e,d4a,d4a,d4a,1,1,1,1,1,0,0,0,0,1,1,1,0,0,1,1,1,0,0,1,0,1,0,1,1,0,0,0,1,0,1,0,0,1,0,1,0,1,1,0,0,0,1,0,1,0,0,1,0,1,0,1,1,0,0,0,1,0,1,0,0,1,0,1,0,1,1,0,0
2026,3,29,08:48:45.526,12.62,245,66.8,0.8376,4823.4,827.3,3.939,2.09,3.89,0.01,0.01,-658.0,1812.0,343.0,-24684.0,21863,1076,38.4,0.0,10633.0,0,0,0,e1f,d4e,d4a,d4a,d4a,1,1,1,1,1,0,0,0,0,1,1,1,0,0,1,1,1,0,0,1,0,1,0,1,1,0,0,0,1,0,1,0,0,1,0,1,0,1,1,0,0,0,1,0,1,0,0,1,0,1,0,1,1,0,0,0,1,0,1,0,0,1,0,1,0,1,1,0,0
2026,3,29,08:48:45.546,12.64,15,66.9,0.8376,4822.1,826.1,3.940,2.09,3.89,0.01,0.01,-658.0,1812.0,343.0,-24697.0,21899,1083,38.6,0.0,10635.0,0,0,0,e1f,d4e,d4a,d4a,d4a,1,1,1,1,1,0,0,0,0,1,1,1,0,0,1,1,1,0,0,1,0,1,0,1,1,0,0,0,1,0,1,0,0,1,0,1,0,1,1,0,0,0,1,0,1,0,0,1,0,1,0,1,1,0,0,0,1,0,1,0,0,1,0,1,0,1,1,0,0
2026,3,29,08:48:45.566,12.66,35,66.9,0.8381,4806.2,810.1,3.939,2.09,3.89,0.01,0.01,-657.0,1813.0,342.0,-24710.0,21935,1090,38.8,0.0,10637.0,0,0,0,e1f,d4e,d4a,d4a,d4a,1,1,1,1,1,0,0,0,0,1,1,1,0,0,1,1,1,0,0,1,0,1,0,1,1,0,0,0,1,0,1,0,0,1,0,1,0,1,1,0,0,0,1,0,1,0,0,1,0,1,0,1,1,0,0,0,1,0,1,0,0,1,0,1,0,1,1,0,0
2026,3,29,08:48:45.586,12.68,55,66.9,0.8381,4804.9,808.8,3.939,2.09,3.89,0.01,0.01,-657.0,1814.0,342.0,-24723.0,21972,1096,38.8,0.0,10639.0,0,0,0,e1f,d4e,d4a,d4a,d4a,1,1,1,1,1,0,0,0,0,1,1,1,0,0,1,1,1,0,0,1,0,1,0,1,1,0,0,0,1,0,1,0,0,1,0,1,0,1,1,0,0,0,1,0,1,0,0,1,0,1,0,1,1,0,0,0,1,0,1,0,0,1,0,1,0,1,1,0,0
2026,3,29,08:48:45.606,12.70,75,66.9,0.8387,4787.0,791.0,3.940,2.09,3.89,0.01,0.01,-657.0,1815.0,342.0,-24736.0,22008,1103,38.6,0.0,10641.0,0,0,0,e1f,d4e,d4a,d4a,d4a,1,1,1,1,1,0,0,0,0,1,1,1,0,0,1,1,1,0,0,1,0,1,0,1,1,0,0,0,1,0,1,0,0,1,0,1,0,1,1,0,0,0,1,0,1,0,0,1,0,1,0,1,1,0,0,0,1,0,1,0,0,1,0,1,0,1,1,0,0
2026,3,29,08:48:45.626,12.72,95,66.9,0.8387,4785.7,789.7,3.939,2.09,3.89,0.01,0.01,-657.0,1816.0,342.0,-24749.0,22044,1110,38.4,0.0,10644.0,0,0,0,e1f,d4e,d4a,d4a,d4a,1,1,1,1,1,0,0,0,0,1,1,1,0,0,1,1,1,0,0,1,0,1,0,1,1,0,0,0,1,0,1,0,0,1,0,1,0,1,1,0,0,0,1,0,1,0,0,1,0,1,0,1,1,0,0,0,1,0,1,0,0,1,0,1,0,1,1,0,0
2026,3,29,08:48:45.646,12.74,115,66.9,0.8398,4753.2,757.1,3.939,2.09,3.89,0.01,0.01,-656.0,1816.0,342.0,-24763.0,22081,1117,37.9,0.0,10646.0,0,0,0,e1f,d4e,d4a,d4a,d4a,1,1,1,1,1,0,0,0,0,1,1,1,0,0,1,1,1,0,0,1,0,1,0,1,1,0,0,0,1,0,1,0,0,1,0,1,0,1,1,0,0,0,1,0,1,0,0,1,0,1,0,1,1,0,0,0,1,0,1,0,0,1,0,1,0,1,1,0,0
2026,3,29,08:48:45.666,12.76,135,67.0,0.8398,4752.6,756.5,3.939,2.09,3.89,0.01,0.01,-656.0,1817.0,342.0,-24776.0,22117,1124,37.4,0.0,10648.0,0,0,0,e1f,d4e,d4a,d4a,d4a,1,1,1,1,1,0,0,0,0,1,1,1,0,0,1,1,1,0,0,1,0,1,0,1,1,0,0,0,1,0,1,0,0,1,0,1,0,1,1,0,0,0,1,0,1,0,0,1,0,1,0,1,1,0,0,0,1,0,1,0,0,1,0,1,0,1,1,0,0
2026,3,29,08:48:45.686,12.78,155,67.0,0.8405,4730.9,734.8,3.940,2.10,3.89,0.01,0.01,-656.0,1818.0,342.0,-24789.0,22153,1131,36.7,0.0,10650.0,0,0,0,e1f,d4e,d4a,d4a,d4a,1,1,1,1,1,0,0,0,0,1,1,1,0,0,1,1,1,0,0,1,0,1,0,1,1,0,0,0,1,0,1,0,0,1,0,1,0,1,1,0,0,0,1,0,1,0,0,1,0,1,0,1,1,0,0,0,1,0,1,0,0,1,0,1,0,1,1,0,0
2026,3,29,08:48:45.706,12.80,175,67.0,0.8405,4730.3,734.2,3.939,2.10,3.89,0.01,0.01,-656.0,1819.0,342.0,-24802.0,22190,1138,35.9,0.0,10651.0,0,0,0,e1f,d4e,d4a,d4a,d4a,1,1,1,1,1,0,0,0,0,1,1,1,0,0,1,1,1,0,0,1,0,1,0,1,1,0,0,0,1,0,1,0,0,1,0,1,0,1,1,0,0,0,1,0,1,0,0,1,0,1,0,1,1,0,0,0,1,0,1,0,0,1,0,1,0,1,1,0,0
2026,3,29,08:48:45.726,12.82,195,67.0,0.8410,4712.4,716.4,3.940,2.10,3.89,0.01,0.01,-656.0,1820.0,343.0,-24815.0,22226,1144,35.1,0.0,10653.0,0,0,0,e1f,d4e,d4a,d4a,d4a,1,1,1,1,1,0,0,0,0,1,1,1,0,0,1,1,1,0,0,1,0,1,0,1,1,0,0,0,1,0,1,0,0,1,0,1,0,1,1,0,0,0,1,0,1,0,0,1,0,1,0,1,1,0,0,0,1,0,1,0,0,1,0,1,0,1,1,0,0
2026,3,29,08:48:45.746,12.84,215,67.0,0.8411,4711.8,715.7,3.940,2.10,3.89,0.01,0.01,-656.0,1821.0,343.0,-24828.0,22263,1151,34.2,0.0,10654.0,0,0,0,e1f,d4e,d4a,d4a,d4a,1,1,1,1,1,0,0,0,0,1,1,1,0,0,1,1,1,0,0,1,0,1,0,1,1,0,0,0,1,0,1,0,0,1,0,1,0,1,1,0,0,0,1,0,1,0,0,1,0,1,0,1,1,0,0,0,1,0,1,0,0,1,0,1,0,1,1,0,0
2026,3,29,08:48:45.766,12.86,235,67.0,0.8413,4704.2,708.1,3.939,2.10,3.89,0.01,0.01,-656.0,1822.0,344.0,-24841.0,22299,1158,33.2,0.0,10655.0,0,0,0,e1f,d4e,d4a,d4a,d4a,1,1,1,1,1,0,0,0,0,1,1,1,0,0,1,1,1,0,0,1,0,1,0,1,1,0,0,0,1,0,1,0,0,1,0,1,0,1,1,0,0,0,1,0,1,0,0,1,0,1,0,1,1,0,0,0,1,0,1,0,0,1,0,1,0,1,1,0,0
2026,3,29,08:48:45.786,12.88,5,67.0,0.8413,4702.9,706.8,3.940,2.10,3.89,0.01,0.01,-656.0,1823.0,344.0,-24854.0,22335,1165,32.3,0.0,10656.0,0,0,0,e1f,d4e,d4a,d4a,d4a,1,1,1,1,1,0,0,0,0,1,1,1,0,0,1,1,1,0,0,1,0,1,0,1,1,0,0,0,1,0,1,0,0,1,0,1,0,1,1,0,0,0,1,0,1,0,0,1,0,1,0,1,1,0,0,0,1,0,1,0,0,1,0,1,0,1,1,0,0
2026,3,29,08:48:45.806,12.90,25,67.0,0.8416,4693.3,697.3,3.939,2.10,3.89,0.01,0.01,-656.0,1824.0,345.0,-24868.0,22372,1172,31.3,0.0,10656.0,0,0,0,e1f,d4e,d4a,d4a,d4a,1,1,1,1,1,0,0,0,0,1,1,1,0,0,1,1,1,0,0,1,0,1,0,1,1,0,0,0,1,0,1,0,0,1,0,1,0,1,1,0,0,0,1,0,1,0,0,1,0,1,0,1,1,0,0,0,1,0,1,0,0,1,0,1,0,1,1,0,0
2026,3,29,08:48:45.826,12.92,45,67.0,0.8416,4693.3,697.3,3.938,2.10,3.89,0.01,0.01,-656.0,1824.0,346.0,-24881.0,22408,1179,30.3,0.0,10657.0,0,0,0,e1f,d4e,d4a,d4a,d4a,1,1,1,1,1,0,0,0,0,1,1,1,0,0,1,1,1,0,0,1,0,1,0,1,1,0,0,0,1,0,1,0,0,1,0,1,0,1,1,0,0,0,1,0,1,0,0,1,0,1,0,1,1,0,0,0,1,0,1,0,0,1,0,1,0,1,1,0,0
2026,3,29,08:48:45.846,12.94,65,67.0,0.8418,4688.2,692.2,3.939,2.10,3.89,0.01,0.01,-656.0,1825.0,347.0,-24894.0,22445,1186,29.3,0.0,10658.0,0,0,0,e1f,d4e,d4a,d4a,d4a,1,1,1,1,1,0,0,0,0,1,1,1,0,0,1,1,1,0,0,1,0,1,0,1,1,0,0,0,1,0,1,0,0,1,0,1,0,1,1,0,0,0,1,0,1,0,0,1,0,1,0,1,1,0,0,0,1,0,1,0,0,1,0,1,0,1,1,0,0
2026,3,29,08:48:45.866,12.96,85,67.0,0.8418,4688.9,692.8,3.939,2.10,3.89,0.01,0.01,-657.0,1826.0,348.0,-24907.0,22481,1193,28.3,0.0,10658.0,0,0,0,e1f,d4e,d4a,d4a,d4a,1,1,1,1,1,0,0,0,0,1,1,1,0,0,1,1,1,0,0,1,0,1,0,1,1,0,0,0,1,0,1,0,0,1,0,1,0,1,1,0,0,0,1,0,1,0,0,1,0,1,0,1,1,0,0,0,1,0,1,0,0,1,0,1,0,1,1,0,0
2026,3,29,08:48:45.886,12.98,105,67.0,0.8419,4683.8,687.7,3.939,2.10,3.89,0.01,0.01,-657.0,1827.0,348.0,-24920.0,22518,1200,27.4,0.0,10658.0,0,0,0,e1f,d4e,d4a,d4a,d4a,1,1,1,1,1,0,0,0,0,1,1,1,0,0,1,1,1,0,0,1,0,1,0,1,1,0,0,0,1,0,1,0,0,1,0,1,0,1,1,0,0,0,1,0,1,0,0,1,0,1,0,1,1,0,0,0,1,0,1,0,0,1,0,1,0,1,1,0,0
2026,3,29,08:48:45.906,13.00,125,67.0,0.8419,4683.8,687.7,3.939,2.10,3.89,0.01,0.01,-657.0,1828.0,349.0,-24933.0,22555,1207,26.5,0.0,10659.0,0,0,0,e1f,d4e,d4a,d4a,d4a,1,1,1,1,1,0,0,0,0,1,1,1,0,0,1,1,1,0,0,1,0,1,0,1,1,0,0,0,1,0,1,0,0,1,0,1,0,1,1,0,0,0,1,0,1,0,0,1,0,1,0,1,1,0,0,0,1,0,1,0,0,1,0,1,0,1,1,0,0
2026,3,29,08:48:45.926,13.02,145,67.0,0.8421,4677.4,681.4,3.940,2.10,3.89,0.01,0.01,-657.0,1828.0,350.0,-24946.0,22591,1214,25.6,0.0,10659.0,0,0,0,e1f,d4e,d4a,d4a,d4a,1,1,1,1,1,0,0,0,0,1,1,1,0,0,1,1,1,0,0,1,0,1,0,1,1,0,0,0,1,0,1,0,0,1,0,1,0,1,1,0,0,0,1,0,1,0,0,1,0,1,0,1,1,0,0,0,1,0,1,0,0,1,0,1,0,1,1,0,0
2026,3,29,08:48:45.946,13.04,165,67.0,0.8421,4678.1,682.0,3.940,2.10,3.89,0.01,0.01,-658.0,1829.0,351.0,-24960.0,22628,1221,24.9,0.0,10659.0,0,0,0,e1f,d4e,d4a,d4a,d4a,1,1,1,1,1,0,0,0,0,1,1,1,0,0,1,1,1,0,0,1,0,1,0,1,1,0,0,0,1,0,1,0,0,1,0,1,0,1,1,0,0,0,1,0,1,0,0,1,0,1,0,1,1,0,0,0,1,0,1,0,0,1,0,1,0,1,1,0,0
2026,3,29,08:48:45.966,13.06,185,67.0,0.8421,4678.1,682.0,3.938,2.10,3.89,0.01,0.01,-658.0,1829.0,351.0,-24973.0,22664,1228,24.2,0.0,10659.0,0,0,0,e1f,d4e,d4a,d4a,d4a,1,1,1,1,1,0,0,0,0,1,1,1,0,0,1,1,1,0,0,1,0,1,0,1,1,0,0,0,1,0,1,0,0,1,0,1,0,1,1,0,0,0,1,0,1,0,0,1,0,1,0,1,1,0,0,0,1,0,1,0,0,1,0,1,0,1,1,0,0
2026,3,29,08:48:45.986,13.08,205,67.0,0.8421,4678.7,682.6,3.939,2.10,3.89,0.01,0.01,-658.0,1830.0,352.0,-24986.0,22701,1235,23.7,0.0,10659.0,0,0,0,e1f,d4e,d4a,d4a,d4a,1,1,1,1,1,0,0,0,0,1,1,1,0,0,1,1,1,0,0,1,0,1,0,1,1,0,0,0,1,0,1,0,0,1,0,1,0,1,1,0,0,0,1,0,1,0,0,1,0,1,0,1,1,0,0,0,1,0,1,0,0,1,0,1,0,1,1,0,0
2026,3,29,08:48:46.006,13.10,225,67.0,0.8422,4675.5,679.5,3.940,2.10,3.89,0.01,0.01,-659.0,1831.0,352.0,-24999.0,22738,1242,23.3,0.0,10659.0,0,0,0,e1f,d4e,d4a,d4a,d4a,1,1,1,1,1,0,0,0,0,1,1,1,0,0,1,1,1,0,0,1,0,1,0,1,1,0,0,0,1,0,1,0,0,1,0,1,0,1,1,0,0,0,1,0,1,0,0,1,0,1,0,1,1,0,0,0,1,0,1,0,0,1,0,1,0,1,1,0,0
2026,3,29,08:48:46.026,13.12,245,67.0,0.8422,4675.5,679.5,3.939,2.10,3.89,0.01,0.01,-659.0,1831.0,353.0,-25012.0,22774,1249,23.0,0.0,10660.0,0,0,0,e1f,d4e,d4a,d4a,d4a,1,1,1,1,1,0,0,0,0,1,1,1,0,0,1,1,1,0,0,1,0,1,0,1,1,0,0,0,1,0,1,0,0,1,0,1,0,1,1,0,0,0,1,0,1,0,0,1,0,1,0,1,1,0,0,0,1,0,1,0,0,1,0,1,0,1,1,0,0
2026,3,29,08:48:46.046,13.14,15,67.0,0.8421,4678.7,682.6,3.939,2.10,3.89,0.01,0.01,-659.0,1832.0,353.0,-25025.0,22811,1256,22.8,0.0,10660.0,0,0,0,e1f,d4e,d4a,d4a,d4a,1,1,1,1,1,0,0,0,0,1,1,1,0,0,1,1,1,0,0,1,0,1,0,1,1,0,0,0,1,0,1,0,0,1,0,1,0,1,1,0,0,0,1,0,1,0,0,1,0,1,0,1,1,0,0,0,1,0,1,0,0,1,0,1,0,1,1,0,0
2026,3,29,08:48:46.066,13.16,35,66.9,0.8421,4679.3,683.3,3.940,2.10,3.89,0.01,0.01,-660.0,1833.0,353.0,-25039.0,22847,1263,22.8,0.0,10660.0,0,0,0,e1f,d4e,d4a,d4a,d4a,1,1,1,1,1,0,0,0,0,1,1,1,0,0,1,1,1,0,0,1,0,1,0,1,1,0,0,0,1,0,1,0,0,1,0,1,0,1,1,0,0,0,1,0,1,0,0,1,0,1,0,1,1,0,0,0,1,0,1,0,0,1,0,1,0,1,1,0,0
2026,3,29,08:48:46.086,13.18,55,66.9,0.8418,4688.9,692.8,3.939,2.10,3.89,0.01,0.01,-660.0,1833.0,353.0,-25052.0,22884,1270,22.9,0.0,10661.0,0,0,0,e1f,d4e,d4a,d4a,d4a,1,1,1,1,1,0,0,0,0,1,1,1,0,0,1,1,1,0,0,1,0,1,0,1,1,0,0,0,1,0,1,0,0,1,0,1,0,1,1,0,0,0,1,0,1,0,0,1,0,1,0,1,1,0,0,0,1,0,1,0,0,1,0,1,0,1,1,0,0
2026,3,29,08:48:46.106,13.20,75,66.9,0.8417,4690.2,694.1,3.939,2.10,3.89,0.01,0.01,-660.0,1834.0,354.0,-25065.0,22921,1277,23.1,0.0,10661.0,0,0,0,e1f,d4e,d4a,d4a,d4a,1,1,1,1,1,0,0,0,0,1,1,1,0,0,1,1,1,0,0,1,0,1,0,1,1,0,0,0,1,0,1,0,0,1,0,1,0,1,1,0,0,0,1,0,1,0,0,1,0,1,0,1,1,0,0,0,1,0,1,0,0,1,0,1,0,1,1,0,0
2026,3,29,08:48:46.126,13.22,95,66.9,0.8418,4687.0,690.9,3.940,2.10,3.89,0.01,0.01,-661.0,1835.0,354.0,-25078.0,22958,1284,23.4,0.0,10662.0,0,0,0,e1f,d4e,d4a,d4a,d4a,1,1,1,1,1,0,0,0,0,1,1,1,0,0,1,1,1,0,0,1,0,1,0,1,1,0,0,0,1,0,1,0,0,1,0,1,0,1,1,0,0,0,1,0,1,0,0,1,0,1,0,1,1,0,0,0,1,0,1,0,0,1,0,1,0,1,1,0,0
2026,3,29,08:48:46.146,13.24,115,66.9,0.8418,4687.6,691.5,3.940,2.10,3.89,0.01,0.01,-661.0,1835.0,354.0,-25092.0,22994,1291,23.9,0.0,10663.0,0,0,0,e1f,d4e,d4a,d4a,d4a,1,1,1,1,1,0,0,0,0,1,1,1,0,0,1,1,1,0,0,1,0,1,0,1,1,0,0,0,1,0,1,0,0,1,0,1,0,1,1,0,0,0,1,0,1,0,0,1,0,1,0,1,1,0,0,0,1,0,1,0,0,1,0,1,0,1,1,0,0
2026,3,29,08:48:46.166,13.26,135,66.9,0.8418,4688.9,692.8,3.939,2.10,3.89,0.01,0.01,-661.0,1836.0,354.0,-25105.0,23031,1298,24.4,0.0,10664.0,0,0,0,e1f,d4e,d4a,d4a,d4a,1,1,1,1,1,0,0,0,0,1,1,1,0,0,1,1,1,0,0,1,0,1,0,1,1,0,0,0,1,0,1,0,0,1,0,1,0,1,1,0,0,0,1,0,1,0,0,1,0,1,0,1,1,0,0,0,1,0,1,0,0,1,0,1,0,1,1,0,0
2026,3,29,08:48:46.186,13.28,155,66.9,0.8418,4688.9,692.8,3.939,2.10,3.89,0.01,0.01,-662.0,1837.0,354.0,-25118.0,23068,1306,25.1,0.0,10666.0,0,0,0,e1f,d4e,d4a,d4a,d4a,1,1,1,1,1,0,0,0,0,1,1,1,0,0,1,1,1,0,0,1,0,1,0,1,1,0,0,0,1,0,1,0,0,1,0,1,0,1,1,0,0,0,1,0,1,0,0,1,0,1,0,1,1,0,0,0,1,0,1,0,0,1,0,1,0,1,1,0,0
2026,3,29,08:48:46.206,13.30,175,66.9,0.8419,4685.7,689.6,3.939,2.10,3.89,0.01,0.01,-662.0,1838.0,354.0,-25131.0,23104,1313,25.9,0.0,10667.0,0,0,0,e1f,d4e,d4a,d4a,d4a,1,1,1,1,1,0,0,0,0,1,1,1,0,0,1,1,1,0,0,1,0,1,0,1,1,0,0,0,1,0,1,0,0,1,0,1,0,1,1,0,0,0,1,0,1,0,0,1,0,1,0,1,1,0,0,0,1,0,1,0,0,1,0,1,0,1,1,0,0
2026,3,29,08:48:46.226,13.32,195,66.9,0.8419,4685.7,689.6,3.940,2.10,3.89,0.01,0.01,-662.0,1839.0,354.0,-25145.0,23141,1320,26.8,0.0,10669.0,0,0,0,e1f,d4e,d4a,d4a,d4a,1,1,1,1,1,0,0,0,0,1,1,1,0,0,1,1,1,0,0,1,0,1,0,1,1,0,0,0,1,0,1,0,0,1,0,1,0,1,1,0,0,0,1,0,1,0,0,1,0,1,0,1,1,0,0,0,1,0,1,0,0,1,0,1,0,1,1,0,0
2026,3,29,08:48:46.246,13.34,215,66.9,0.8421,4678.1,682.0,3.939,2.11,3.89,0.01,0.01,-662.0,1840.0,354.0,-25158.0,23178,1327,27.9,0.0,10671.0,0,0,0,e1f,d4e,d4a,d4a,d4a,1,1,1,1,1,0,0,0,0,1,1,1,0,0,1,1,1,0,0,1,0,1,0,1,1,0,0,0,1,0,1,0,0,1,0,1,0,1,1,0,0,0,1,0,1,0,0,1,0,1,0,1,1,0,0,0,1,0,1,0,0,1,0,1,0,1,1,0,0
2026,3,29,08:48:46.266,13.36,235,66.9,0.8421,4678.1,682.0,3.940,2.11,3.89,0.01,0.01,-663.0,1841.0,354.0,-25171.0,23215,1334,29.3,0.0,10673.0,0,0,0,e1f,d4e,d4a,d4a,d4a,1,1,1,1,1,0,0,0,0,1,1,1,0,0,1,1,1,0,0,1,0,1,0,1,1,0,0,0,1,0,1,0,0,1,0,1,0,1,1,0,0,0,1,0,1,0,0,1,0,1,0,1,1,0,0,0,1,0,1,0,0,1,0,1,0,1,1,0,0
2026,3,29,08:48:46.286,13.38,5,66.9,0.8425,4666.6,670.6,3.940,2.11,3.89,0.01,0.01,-663.0,1841.0,353.0,-25184.0,23252,1341,30.8,0.0,10676.0,0,0,0,e1f,d4e,d4a,d4a,d4a,1,1,1,1,1,0,0,0,0,1,1,1,0,0,1,1,1,0,0,1,0,1,0,1,1,0,0,0,1,0,1,0,0,1,0,1,0,1,1,0,0,0,1,0,1,0,0,1,0,1,0,1,1,0,0,0,1,0,1,0,0,1,0,1,0,1,1,0,0
2026,3,29,08:48:46.306,13.40,25,66.9,0.8425,4666.6,670.6,3.939,2.11,3.89,0.01,0.01,-664.0,1842.0,353.0,-25198.0,23288,1348,32.6,0.0,10678.0,0,0,0,e1f,d4e,d4a,d4a,d4a,1,1,1,1,1,0,0,0,0,1,1,1,0,0,1,1,1,0,0,1,0,1,0,1,1,0,0,0,1,0,1,0,0,1,0,1,0,1,1,0,0,0,1,0,1,0,0,1,0,1,0,1,1,0,0,0,1,0,1,0,0,1,0,1,0,1,1,0,0
2026,3,29,08:48:46.326,13.42,45,66.9,0.8431,4648.2,652.1,3.939,2.11,3.89,0.01,0.01,-664.0,1842.0,353.0,-25211.0,23325,1355,34.6,0.0,10681.0,0,0,0,e1f,d4e,d4a,d4a,d4a,1,1,1,1,1,0,0,0,0,1,1,1,0,0,1,1,1,0,0,1,0,1,0,1,1,0,0,0,1,0,1,0,0,1,0,1,0,1,1,0,0,0,1,0,1,0,0,1,0,1,0,1,1,0,0,0,1,0,1,0,0,1,0,1,0,1,1,0,0
2026,3,29,08:48:46.346,13.44,65,66.9,0.8431,4648.2,652.1,3.940,2.11,3.89,0.01,0.01,-664.0,1843.0,353.0,-25224.0,23362,1362,36.7,0.0,10684.0,0,0,0,e1f,d4e,d4a,d4a,d4a,1,1,1,1,1,0,0,0,0,1,1,1,0,0,1,1,1,0,0,1,0,1,0,1,1,0,0,0,1,0,1,0,0,1,0,1,0,1,1,0,0,0,1,0,1,0,0,1,0,1,0,1,1,0,0,0,1,0,1,0,0,1,0,1,0,1,1,0,0
2026,3,29,08:48:46.366,13.46,85,66.9,0.8437,4628.5,632.4,3.940,2.11,3.89,0.01,0.01,-664.0,1843.0,352.0,-25237.0,23399,1369,38.8,0.0,10687.0,0,0,0,e1f,d4e,d4a,d4a,d4a,1,1,1,1,1,0,0,0,0,1,1,1,0,0,1,1,1,0,0,1,0,1,0,1,1,0,0,0,1,0,1,0,0,1,0,1,0,1,1,0,0,0,1,0,1,0,0,1,0,1,0,1,1,0,0,0,1,0,1,0,0,1,0,1,0,1,1,0,0
2026,3,29,08:48:46.386,13.48,105,66.9,0.8437,4627.9,631.8,3.940,2.11,3.89,0.01,0.01,-664.0,1843.0,352.0,-25251.0,23436,1376,41.0,0.0,10690.0,0,0,0,e1f,d4e,d4a,d4a,d4a,1,1,1,1,1,0,0,0,0,1,1,1,0,0,1,1,1,0,0,1,0,1,0,1,1,0,0,0,1,0,1,0,0,1,0,1,0,1,1,0,0,0,1,0,1,0,0,1,0,1,0,1,1,0,0,0,1,0,1,0,0,1,0,1,0,1,1,0,0
2026,3,29,08:48:46.406,13.50,125,66.9,0.8445,4603.1,607.0,3.940,2.11,3.89,0.01,0.01,-664.0,1843.0,352.0,-25264.0,23473,1383,43.0,0.0,10693.0,0,0,0,e1f,d4e,d4a,d4a,d4a,1,1,1,1,1,0,0,0,0,1,1,1,0,0,1,1,1,0,0,1,0,1,0,1,1,0,0,0,1,0,1,0,0,1,0,1,0,1,1,0,0,0,1,0,1,0,0,1,0,1,0,1,1,0,0,0,1,0,1,0,0,1,0,1,0,1,1,0,0
2026,3,29,08:48:46.426,13.52,145,67.0,0.8445,4602.5,606.4,3.939,2.11,3.89,0.01,0.01,-665.0,1842.0,352.0,-25277.0,23510,1390,45.1,0.0,10697.0,0,0,0,e1f,d4e,d4a,d4a,d4a,1,1,1,1,1,0,0,0,0,1,1,1,0,0,1,1,1,0,0,1,0,1,0,1,1,0,0,0,1,0,1,0,0,1,0,1,0,1,1,0,0,0,1,0,1,0,0,1,0,1,0,1,1,0,0,0,1,0,1,0,0,1,0,1,0,1,1,0,0
2026,3,29,08:48:46.446,13.54,165,67.0,0.8453,4577.7,581.7,3.939,2.11,3.89,0.01,0.01,-665.0,1842.0,352.0,-25291.0,23547,1397,47.1,0.0,10700.0,0,0,0,e1f,d4e,d4a,d4a,d4a,1,1,1,1,1,0,0,0,0,1,1,1,0,0,1,1,1,0,0,1,0,1,0,1,1,0,0,0,1,0,1,0,0,1,0,1,0,1,1,0,0,0,1,0,1,0,0,1,0,1,0,1,1,0,0,0,1,0,1,0,0,1,0,1,0,1,1,0,0
2026,3,29,08:48:46.466,13.56,185,67.0,0.8453,4576.5,580.4,3.939,2.11,3.89,0.01,0.01,-665.0,1842.0,352.0,-25304.0,23583,1404,49.0,0.0,10703.0,0,0,0,e1f,d4e,d4a,d4a,d4a,1,1,1,1,1,0,0,0,0,1,1,1,0,0,1,1,1,0,0,1,0,1,0,1,1,0,0,0,1,0,1,0,0,1,0,1,0,1,1,0,0,0,1,0,1,0,0,1,0,1,0,1,1,0,0,0,1,0,1,0,0,1,0,1,0,1,1,0,0
2026,3,29,08:48:46.486,13.58,205,67.0,0.8463,4546.0,550.0,3.939,2.11,3.89,0.01,0.01,-665.0,1842.0,351.0,-25317.0,23620,1412,50.9,0.0,10707.0,0,0,0,e1f,d4e,d4a,d4a,d4a,1,1,1,1,1,0,0,0,0,1,1,1,0,0,1,1,1,0,0,1,0,1,0,1,1,0,0,0,1,0,1,0,0,1,0,1,0,1,1,0,0,0,1,0,1,0,0,1,0,1,0,1,1,0,0,0,1,0,1,0,0,1,0,1,0,1,1,0,0
2026,3,29,08:48:46.506,13.60,225,67.0,0.8463,4544.8,548.7,3.939,2.11,3.89,0.01,0.01,-665.0,1842.0,351.0,-25331.0,23657,1419,52.7,0.0,10710.0,0,0,0,e1f,d4e,d4a,d4a,d4a,1,1,1,1,1,0,0,0,0,1,1,1,0,0,1,1,1,0,0,1,0,1,0,1,1,0,0,0,1,0,1,0,0,1,0,1,0,1,1,0,0,0,1,0,1,0,0,1,0,1,0,1,1,0,0,0,1,0,1,0,0,1,0,1,0,1,1,0,0
2026,3,29,08:48:46.526,13.62,245,67.0,0.8472,4516.9,520.8,3.940,2.11,3.89,0.01,0.01,-665.0,1841.0,351.0,-25344.0,23694,1426,54.4,0.0,10713.0,0,0,0,e1f,d4e,d4a,d4a,d4a,1,1,1,1,1,0,0,0,0,1,1,1,0,0,1,1,1,0,0,1,0,1,0,1,1,0,0,0,1,0,1,0,0,1,0,1,0,1,1,0,0,0,1,0,1,0,0,1,0,1,0,1,1,0,0,0,1,0,1,0,0,1,0,1,0,1,1,0,0
2026,3,29,08:48:46.546,13.64,15,67.1,0.8472,4516.3,520.2,3.939,2.11,3.89,0.01,0.01,-664.0,1841.0,351.0,-25357.0,23731,1433,55.9,0.0,10717.0,0,0,0,e1f,d4e,d4a,d4a,d4a,1,1,1,1,1,0,0,0,0,1,1,1,0,0,1,1,1,0,0,1,0,1,0,1,1,0,0,0,1,0,1,0,0,1,0,1,0,1,1,0,0,0,1,0,1,0,0,1,0,1,0,1,1,0,0,0,1,0,1,0,0,1,0,1,0,1,1,0,0
2026,3,29,08:48:46.566,13.66,35,67.1,0.8479,4495.4,499.3,3.940,2.12,3.89,0.01,0.01,-663.0,1841.0,351.0,-25370.0,23768,1440,57.2,0.0,10721.0,0,0,0,e1f,d4e,d4a,d4a,d4a,1,1,1,1,1,0,0,0,0,1,1,1,0,0,1,1,1,0,0,1,0,1,0,1,1,0,0,0,1,0,1,0,0,1,0,1,0,1,1,0,0,0,1,0,1,0,0,1,0,1,0,1,1,0,0,0,1,0,1,0,0,1,0,1,0,1,1,0,0
2026,3,29,08:48:46.586,13.68,55,67.1,0.8479,4494.1,498.1,3.937,2.12,3.89,0.01,0.01,-663.0,1841.0,351.0,-25384.0,23805,1447,58.2,0.0,10724.0,0,0,0,e1f,d4e,d4a,d4a,d4a,1,1,1,1,1,0,0,0,0,1,1,1,0,0,1,1,1,0,0,1,0,1,0,1,1,0,0,0,1,0,1,0,0,1,0,1,0,1,1,0,0,0,1,0,1,0,0,1,0,1,0,1,1,0,0,0,1,0,1,0,0,1,0,1,0,1,1,0,0
2026,3,29,08:48:46.606,13.70,75,67.1,0.8483,4481.5,485.4,3.939,2.12,3.89,0.01,0.01,-663.0,1841.0,351.0,-25397.0,23842,1454,59.1,0.0,10728.0,0,0,0,e1f,d4e,d4a,d4a,d4a,1,1,1,1,1,0,0,0,0,1,1,1,0,0,1,1,1,0,0,1,0,1,0,1,1,0,0,0,1,0,1,0,0,1,0,1,0,1,1,0,0,0,1,0,1,0,0,1,0,1,0,1,1,0,0,0,1,0,1,0,0,1,0,1,0,1,1,0,0
2026,3,29,08:48:46.626,13.72,95,67.1,0.8483,4481.5,485.4,3.940,2.12,3.89,0.01,0.01,-662.0,1841.0,350.0,-25410.0,23878,1461,59.9,0.0,10732.0,0,0,0,e1f,d4e,d4a,d4a,d4a,1,1,1,1,1,0,0,0,0,1,1,1,0,0,1,1,1,0,0,1,0,1,0,1,1,0,0,0,1,0,1,0,0,1,0,1,0,1,1,0,0,0,1,0,1,0,0,1,0,1,0,1,1,0,0,0,1,0,1,0,0,1,0,1,0,1,1,0,0
2026,3,29,08:48:46.646,13.74,115,67.1,0.8486,4473.3,477.2,3.940,2.12,3.89,0.01,0.01,-662.0,1841.0,350.0,-25424.0,23915,1468,60.5,0.0,10736.0,0,0,0,e1f,d4e,d4a,d4a,d4a,1,1,1,1,1,0,0,0,0,1,1,1,0,0,1,1,1,0,0,1,0,1,0,1,1,0,0,0,1,0,1,0,0,1,0,1,0,1,1,0,0,0,1,0,1,0,0,1,0,1,0,1,1,0,0,0,1,0,1,0,0,1,0,1,0,1,1,0,0
2026,3,29,08:48:46.666,13.76,135,67.1,0.8486,4472.6,476.6,3.940,2.12,3.89,0.01,0.01,-662.0,1841.0,350.0,-25437.0,23952,1475,61.2,0.0,10740.0,0,0,0,e1f,d4e,d4a,d4a,d4a,1,1,1,1,1,0,0,0,0,1,1,1,0,0,1,1,1,0,0,1,0,1,0,1,1,0,0,0,1,0,1,0,0,1,0,1,0,1,1,0,0,0,1,0,1,0,0,1,0,1,0,1,1,0,0,0,1,0,1,0,0,1,0,1,0,1,1,0,0
2026,3,29,08:48:46.686,13.78,155,67.1,0.8489,4464.4,468.3,3.939,2.12,3.89,0.01,0.01,-662.0,1841.0,350.0,-25450.0,23989,1482,61.8,0.0,10744.0,0,0,0,e1f,d4e,d4a,d4a,d4a,1,1,1,1,1,0,0,0,0,1,1,1,0,0,1,1,1,0,0,1,0,1,0,1,1,0,0,0,1,0,1,0,0,1,0,1,0,1,1,0,0,0,1,0,1,0,0,1,0,1,0,1,1,0,0,0,1,0,1,0,0,1,0,1,0,1,1,0,0
2026,3,29,08:48:46.706,13.80,175,67.1,0.8489,4464.4,468.3,3.939,2.13,3.89,0.01,0.01,-662.0,1841.0,350.0,-25463.0,24026,1489,62.3,0.0,10748.0,0,0,0,e1f,d4e,d4a,d4a,d4a,1,1,1,1,1,0,0,0,0,1,1,1,0,0,1,1,1,0,0,1,0,1,0,1,1,0,0,0,1,0,1,0,0,1,0,1,0,1,1,0,0,0,1,0,1,0,0,1,0,1,0,1,1,0,0,0,1,0,1,0,0,1,0,1,0,1,1,0,0
2026,3,29,08:48:46.726,13.82,195,67.1,0.8493,4451.8,455.7,3.939,2.13,3.89,0.01,0.01,-662.0,1841.0,350.0,-25477.0,24063,1496,62.8,0.0,10752.0,0,0,0,e1f,d4e,d4a,d4a,d4a,1,1,1,1,1,0,0,0,0,1,1,1,0,0,1,1,1,0,0,1,0,1,0,1,1,0,0,0,1,0,1,0,0,1,0,1,0,1,1,0,0,0,1,0,1,0,0,1,0,1,0,1,1,0,0,0,1,0,1,0,0,1,0,1,0,1,1,0,0
2026,3,29,08:48:46.746,13.84,215,67.1,0.8493,4451.1,455.1,3.939,2.13,3.89,0.01,0.01,-662.0,1841.0,350.0,-25490.0,24100,1503,63.1,0.0,10756.0,0,0,0,e1f,d4e,d4a,d4a,d4a,1,1,1,1,1,0,0,0,0,1,1,1,0,0,1,1,1,0,0,1,0,1,0,1,1,0,0,0,1,0,1,0,0,1,0,1,0,1,1,0,0,0,1,0,1,0,0,1,0,1,0,1,1,0,0,0,1,0,1,0,0,1,0,1,0,1,1,0,0
2026,3,29,08:48:46.766,13.86,235,67.1,0.8493,4449.9,453.8,3.939,2.13,3.89,0.01,0.01,-661.0,1841.0,350.0,-25503.0,24136,1510,63.4,0.0,10760.0,0,0,0,e1f,d4e,d4a,d4a,d4a,1,1,1,1,1,0,0,0,0,1,1,1,0,0,1,1,1,0,0,1,0,1,0,1,1,0,0,0,1,0,1,0,0,1,0,1,0,1,1,0,0,0,1,0,1,0,0,1,0,1,0,1,1,0,0,0,1,0,1,0,0,1,0,1,0,1,1,0,0
2026,3,29,08:48:46.786,13.88,5,67.1,0.8493,4449.2,453.2,3.939,2.13,3.89,0.01,0.01,-661.0,1841.0,350.0,-25516.0,24173,1517,63.5,0.0,10764.0,0,0,0,e1f,d4e,d4a,d4a,d4a,1,1,1,1,1,0,0,0,0,1,1,1,0,0,1,1,1,0,0,1,0,1,0,1,1,0,0,0,1,0,1,0,0,1,0,1,0,1,1,0,0,0,1,0,1,0,0,1,0,1,0,1,1,0,0,0,1,0,1,0,0,1,0,1,0,1,1,0,0
2026,3,29,08:48:46.806,13.90,25,67.1,0.8496,4441.7,445.6,3.939,2.13,3.89,0.01,0.01,-661.0,1841.0,350.0,-25530.0,24210,1524,63.5,0.0,10769.0,0,0,0,e1f,d4e,d4a,d4a,d4a,1,1,1,1,1,0,0,0,0,1,1,1,0,0,1,1,1,0,0,1,0,1,0,1,1,0,0,0,1,0,1,0,0,1,0,1,0,1,1,0,0,0,1,0,1,0,0,1,0,1,0,1,1,0,0,0,1,0,1,0,0,1,0,1,0,1,1,0,0
2026,3,29,08:48:46.826,13.92,45,67.1,0.8496,4441.7,445.6,3.939,2.14,3.89,0.01,0.01,-660.0,1841.0,351.0,-25543.0,24247,1531,63.4,0.0,10773.0,0,0,0,e1f,d4e,d4a,d4a,d4a,1,1,1,1,1,0,0,0,0,1,1,1,0,0,1,1,1,0,0,1,0,1,0,1,1,0,0,0,1,0,1,0,0,1,0,1,0,1,1,0,0,0,1,0,1,0,0,1,0,1,0,1,1,0,0,0,1,0,1,0,0,1,0,1,0,1,1,0,0
2026,3,29,08:48:46.846,13.94,65,67.1,0.8496,4441.7,445.6,3.940,2.14,3.89,0.01,0.01,-660.0,1841.0,351.0,-25556.0,24284,1538,63.1,0.0,10777.0,0,0,0,e1f,d4e,d4a,d4a,d4a,1,1,1,1,1,0,0,0,0,1,1,1,0,0,1,1,1,0,0,1,0,1,0,1,1,0,0,0,1,0,1,0,0,1,0,1,0,1,1,0,0,0,1,0,1,0,0,1,0,1,0,1,1,0,0,0,1,0,1,0,0,1,0,1,0,1,1,0,0
2026,3,29,08:48:46.866,13.96,85,67.1,0.8496,4441.7,445.6,3.939,2.14,3.89,0.01,0.01,-660.0,1841.0,351.0,-25569.0,24320,1545,62.8,0.0,10781.0,0,0,0,e1f,d4e,d4a,d4a,d4a,1,1,1,1,1,0,0,0,0,1,1,1,0,0,1,1,1,0,0,1,0,1,0,1,1,0,0,0,1,0,1,0,0,1,0,1,0,1,1,0,0,0,1,0,1,0,0,1,0,1,0,1,1,0,0,0,1,0,1,0,0,1,0,1,0,1,1,0,0
2026,3,29,08:48:46.886,13.98,105,67.1,0.8497,4436.6,440.6,3.939,2.14,3.89,0.01,0.01,-660.0,1841.0,352.0,-25582.0,24357,1552,62.3,0.0,10785.0,0,0,0,e1f,d4e,d4a,d4a,d4a,1,1,1,1,1,0,0,0,0,1,1,1,0,0,1,1,1,0,0,1,0,1,0,1,1,0,0,0,1,0,1,0,0,1,0,1,0,1,1,0,0,0,1,0,1,0,0,1,0,1,0,1,1,0,0,0,1,0,1,0,0,1,0,1,0,1,1,0,0
2026,3,29,08:48:46.906,14.00,125,67.1,0.8497,4436.6,440.6,3.940,2.14,3.89,0.01,0.01,-660.0,1841.0,352.0,-25596.0,24394,1559,61.8,0.0,10788.0,0,0,0,e1f,d4e,d4a,d4a,d4a,1,1,1,1,1,0,0,0,0,1,1,1,0,0,1,1,1,0,0,1,0,1,0,1,1,0,0,0,1,0,1,0,0,1,0,1,0,1,1,0,0,0,1,0,1,0,0,1,0,1,0,1,1,0,0,0,1,0,1,0,0,1,0,1,0,1,1,0,0
2026,3,29,08:48:46.926,14.02,145,67.1,0.8498,4433.5,437.4,3.939,2.15,3.89,0.01,0.01,-659.0,1841.0,353.0,-25609.0,24431,1566,61.1,0.0,10792.0,0,0,0,e1f,d4e,d4a,d4a,d4a,1,1,1,1,1,0,0,0,0,1,1,1,0,0,1,1,1,0,0,1,0,1,0,1,1,0,0,0,1,0,1,0,0,1,0,1,0,1,1,0,0,0,1,0,1,0,0,1,0,1,0,1,1,0,0,0,1,0,1,0,0,1,0,1,0,1,1,0,0
2026,3,29,08:48:46.946,14.04,165,67.1,0.8498,4433.5,437.4,3.939,2.15,3.89,0.01,0.01,-659.0,1841.0,353.0,-25622.0,24468,1573,60.3,0.0,10796.0,0,0,0,e1f,d4e,d4a,d4a,d4a,1,1,1,1,1,0,0,0,0,1,1,1,0,0,1,1,1,0,0,1,0,1,0,1,1,0,0,0,1,0,1,0,0,1,0,1,0,1,1,0,0,0,1,0,1,0,0,1,0,1,0,1,1,0,0,0,1,0,1,0,0,1,0,1,0,1,1,0,0
2026,3,29,08:48:46.966,14.06,185,67.1,0.8498,4434.7,438.7,3.939,2.15,3.89,0.01,0.01,-659.0,1841.0,354.0,-25635.0,24504,1580,59.4,0.0,10800.0,0,0,0,e1f,d4e,d4a,d4a,d4a,1,1,1,1,1,0,0,0,0,1,1,1,0,0,1,1,1,0,0,1,0,1,0,1,1,0,0,0,1,0,1,0,0,1,0,1,0,1,1,0,0,0,1,0,1,0,0,1,0,1,0,1,1,0,0,0,1,0,1,0,0,1,0,1,0,1,1,0,0
2026,3,29,08:48:46.986,14.08,205,67.1,0.8498,4434.7,438.7,3.940,2.15,3.89,0.01,0.01,-659.0,1841.0,354.0,-25648.0,24541,1587,58.4,0.0,10803.0,0,0,0,e1f,d4e,d4a,d4a,d4a,1,1,1,1,1,0,0,0,0,1,1,1,0,0,1,1,1,0,0,1,0,1,0,1,1,0,0,0,1,0,1,0,0,1,0,1,0,1,1,0,0,0,1,0,1,0,0,1,0,1,0,1,1,0,0,0,1,0,1,0,0,1,0,1,0,1,1,0,0
2026,3,29,08:48:47.006,14.10,225,67.1,0.8500,4429.7,433.6,3.940,2.15,3.89,0.01,0.01,-659.0,1842.0,355.0,-25662.0,24578,1594,57.3,0.0,10807.0,0,0,0,e1f,d4e,d4a,d4a,d4a,1,1,1,1,1,0,0,0,0,1,1,1,0,0,1,1,1,0,0,1,0,1,0,1,1,0,0,0,1,0,1,0,0,1,0,1,0,1,1,0,0,0,1,0,1,0,0,1,0,1,0,1,1,0,0,0,1,0,1,0,0,1,0,1,0,1,1,0,0
2026,3,29,08:48:47.026,14.12,245,67.1,0.8499,4430.3,434.2,3.941,2.15,3.89,0.01,0.01,-659.0,1842.0,355.0,-25675.0,24615,1602,56.1,0.0,10811.0,0,0,0,e1f,d4e,d4a,d4a,d4a,1,1,1,1,1,0,0,0,0,1,1,1,0,0,1,1,1,0,0,1,0,1,0,1,1,0,0,0,1,0,1,0,0,1,0,1,0,1,1,0,0,0,1,0,1,0,0,1,0,1,0,1,1,0,0,0,1,0,1,0,0,1,0,1,0,1,1,0,0
2026,3,29,08:48:47.046,14.14,15,67.1,0.8500,4428.4,432.3,3.939,2.15,3.89,0.01,0.01,-659.0,1842.0,356.0,-25688.0,24652,1609,54.7,0.0,10814.0,0,0,0,e1f,d4e,d4a,d4a,d4a,1,1,1,1,1,0,0,0,0,1,1,1,0,0,1,1,1,0,0,1,0,1,0,1,1,0,0,0,1,0,1,0,0,1,0,1,0,1,1,0,0,0,1,0,1,0,0,1,0,1,0,1,1,0,0,0,1,0,1,0,0,1,0,1,0,1,1,0,0
2026,3,29,08:48:47.066,14.16,35,67.1,0.8500,4428.4,432.3,3.940,2.15,3.89,0.01,0.01,-659.0,1842.0,357.0,-25701.0,24689,1616,53.2,0.0,10818.0,0,0,0,e1f,d4e,d4a,d4a,d4a,1,1,1,1,1,0,0,0,0,1,1,1,0,0,1,1,1,0,0,1,0,1,0,1,1,0,0,0,1,0,1,0,0,1,0,1,0,1,1,0,0,0,1,0,1,0,0,1,0,1,0,1,1,0,0,0,1,0,1,0,0,1,0,1,0,1,1,0,0
2026,3,29,08:48:47.086,14.18,55,67.1,0.8499,4431.6,435.5,3.939,2.15,3.89,0.01,0.01,-659.0,1842.0,357.0,-25714.0,24726,1623,51.7,0.0,10821.0,0,0,0,e1f,d4e,d4a,d4a,d4a,1,1,1,1,1,0,0,0,0,1,1,1,0,0,1,1,1,0,0,1,0,1,0,1,1,0,0,0,1,0,1,0,0,1,0,1,0,1,1,0,0,0,1,0,1,0,0,1,0,1,0,1,1,0,0,0,1,0,1,0,0,1,0,1,0,1,1,0,0
2026,3,29,08:48:47.106,14.20,75,67.1,0.8499,4431.6,435.5,3.940,2.15,3.89,0.01,0.01,-659.0,1842.0,358.0,-25727.0,24763,1630,50.0,0.0,10824.0,0,0,0,e1f,d4e,d4a,d4a,d4a,1,1,1,1,1,0,0,0,0,1,1,1,0,0,1,1,1,0,0,1,0,1,0,1,1,0,0,0,1,0,1,0,0,1,0,1,0,1,1,0,0,0,1,0,1,0,0,1,0,1,0,1,1,0,0,0,1,0,1,0,0,1,0,1,0,1,1,0,0
2026,3,29,08:48:47.126,14.22,95,67.1,0.8500,4428.4,432.3,3.939,2.15,3.89,0.01,0.01,-659.0,1842.0,359.0,-25741.0,24799,1637,48.2,0.0,10827.0,0,0,0,e1f,d4e,d4a,d4a,d4a,1,1,1,1,1,0,0,0,0,1,1,1,0,0,1,1,1,0,0,1,0,1,0,1,1,0,0,0,1,0,1,0,0,1,0,1,0,1,1,0,0,0,1,0,1,0,0,1,0,1,0,1,1,0,0,0,1,0,1,0,0,1,0,1,0,1,1,0,0
2026,3,29,08:48:47.146,14.24,115,67.1,0.8500,4428.4,432.3,3.940,2.15,3.89,0.01,0.01,-659.0,1842.0,359.0,-25754.0,24836,1644,46.3,0.0,10830.0,0,0,0,e1f,d4e,d4a,d4a,d4a,1,1,1,1,1,0,0,0,0,1,1,1,0,0,1,1,1,0,0,1,0,1,0,1,1,0,0,0,1,0,1,0,0,1,0,1,0,1,1,0,0,0,1,0,1,0,0,1,0,1,0,1,1,0,0,0,1,0,1,0,0,1,0,1,0,1,1,0,0
2026,3,29,08:48:47.166,14.26,135,67.1,0.8504,4417.0,421.0,3.940,2.16,3.89,0.01,0.01,-659.0,1842.0,360.0,-25767.0,24873,1652,44.3,0.0,10833.0,0,0,0,e1f,d4e,d4a,d4a,d4a,1,1,1,1,1,0,0,0,0,1,1,1,0,0,1,1,1,0,0,1,0,1,0,1,1,0,0,0,1,0,1,0,0,1,0,1,0,1,1,0,0,0,1,0,1,0,0,1,0,1,0,1,1,0,0,0,1,0,1,0,0,1,0,1,0,1,1,0,0
2026,3,29,08:48:47.186,14.28,155,67.1,0.8504,4417.0,421.0,3.939,2.16,3.89,0.01,0.01,-659.0,1843.0,361.0,-25780.0,24910,1659,42.2,0.0,10836.0,0,0,0,e1f,d4e,d4a,d4a,d4a,1,1,1,1,1,0,0,0,0,1,1,1,0,0,1,1,1,0,0,1,0,1,0,1,1,0,0,0,1,0,1,0,0,1,0,1,0,1,1,0,0,0,1,0,1,0,0,1,0,1,0,1,1,0,0,0,1,0,1,0,0,1,0,1,0,1,1,0,0
2026,3,29,08:48:47.206,14.30,175,67.1,0.8504,4415.8,419.7,3.939,2.16,3.89,0.01,0.01,-659.0,1843.0,362.0,-25793.0,24947,1666,39.9,0.0,10839.0,0,0,0,e1f,d4e,d4a,d4a,d4a,1,1,1,1,1,0,0,0,0,1,1,1,0,0,1,1,1,0,0,1,0,1,0,1,1,0,0,0,1,0,1,0,0,1,0,1,0,1,1,0,0,0,1,0,1,0,0,1,0,1,0,1,1,0,0,0,1,0,1,0,0,1,0,1,0,1,1,0,0
2026,3,29,08:48:47.226,14.32,195,67.1,0.8504,4415.8,419.7,3.940,2.16,3.89,0.01,0.01,-659.0,1843.0,363.0,-25807.0,24984,1673,37.5,0.0,10842.0,0,0,0,e1f,d4e,d4a,d4a,d4a,1,1,1,1,1,0,0,0,0,1,1,1,0,0,1,1,1,0,0,1,0,1,0,1,1,0,0,0,1,0,1,0,0,1,0,1,0,1,1,0,0,0,1,0,1,0,0,1,0,1,0,1,1,0,0,0,1,0,1,0,0,1,0,1,0,1,1,0,0
2026,3,29,08:48:47.246,14.34,215,67.1,0.8504,4415.8,419.7,3.939,2.16,3.89,0.01,0.01,-659.0,1843.0,364.0,-25820.0,25021,1681,34.9,0.0,10845.0,0,0,0,e1f,d4e,d4a,d4a,d4a,1,1,1,1,1,0,0,0,0,1,1,1,0,0,1,1,1,0,0,1,0,1,0,1,1,0,0,0,1,0,1,0,0,1,0,1,0,1,1,0,0,0,1,0,1,0,0,1,0,1,0,1,1,0,0,0,1,0,1,0,0,1,0,1,0,1,1,0,0
2026,3,29,08:48:47.266,14.36,235,67.1,0.8504,4415.8,419.7,3.940,2.16,3.89,0.01,0.01,-659.0,1844.0,364.0,-25833.0,25058,1688,32.3,0.0,10848.0,0,0,0,e1f,d4e,d4a,d4a,d4a,1,1,1,1,1,0,0,0,0,1,1,1,0,0,1,1,1,0,0,1,0,1,0,1,1,0,0,0,1,0,1,0,0,1,0,1,0,1,1,0,0,0,1,0,1,0,0,1,0,1,0,1,1,0,0,0,1,0,1,0,0,1,0,1,0,1,1,0,0
2026,3,29,08:48:47.286,14.38,5,67.1,0.8508,4402.5,406.5,3.939,2.16,3.89,0.01,0.01,-660.0,1844.0,365.0,-25846.0,25094,1695,29.7,0.0,10851.0,0,0,0,e1f,d4e,d4a,d4a,d4a,1,1,1,1,1,0,0,0,0,1,1,1,0,0,1,1,1,0,0,1,0,1,0,1,1,0,0,0,1,0,1,0,0,1,0,1,0,1,1,0,0,0,1,0,1,0,0,1,0,1,0,1,1,0,0,0,1,0,1,0,0,1,0,1,0,1,1,0,0
2026,3,29,08:48:47.306,14.40,25,67.1,0.8508,4402.5,406.5,3.939,2.16,3.89,0.01,0.01,-660.0,1845.0,366.0,-25859.0,25131,1703,27.1,0.0,10853.0,0,0,0,e1f,d4e,d4a,d4a,d4a,1,1,1,1,1,0,0,0,0,1,1,1,0,0,1,1,1,0,0,1,0,1,0,1,1,0,0,0,1,0,1,0,0,1,0,1,0,1,1,0,0,0,1,0,1,0,0,1,0,1,0,1,1,0,0,0,1,0,1,0,0,1,0,1,0,1,1,0,0
2026,3,29,08:48:47.326,14.42,45,67.1,0.8508,4404.4,408.4,3.939,2.16,3.89,0.01,0.01,-661.0,1845.0,366.0,-25873.0,25168,1710,24.5,0.0,10856.0,0,0,0,e1f,d4e,d4a,d4a,d4a,1,1,1,1,1,0,0,0,0,1,1,1,0,0,1,1,1,0,0,1,0,1,0,1,1,0,0,0,1,0,1,0,0,1,0,1,0,1,1,0,0,0,1,0,1,0,0,1,0,1,0,1,1,0,0,0,1,0,1,0,0,1,0,1,0,1,1,0,0
2026,3,29,08:48:47.346,14.44,65,67.1,0.8508,4404.4,408.4,3.940,2.16,3.89,0.01,0.01,-661.0,1846.0,367.0,-25886.0,25205,1717,22.0,0.0,10859.0,0,0,0,e1f,d4e,d4a,d4a,d4a,1,1,1,1,1,0,0,0,0,1,1,1,0,0,1,1,1,0,0,1,0,1,0,1,1,0,0,0,1,0,1,0,0,1,0,1,0,1,1,0,0,0,1,0,1,0,0,1,0,1,0,1,1,0,0,0,1,0,1,0,0,1,0,1,0,1,1,0,0
2026,3,29,08:48:47.366,14.46,85,67.1,0.8510,4396.2,400.2,3.939,2.16,3.89,0.01,0.01,-662.0,1847.0,367.0,-25899.0,25242,1725,19.5,0.0,10862.0,0,0,0,e1f,d4e,d4a,d4a,d4a,1,1,1,1,1,0,0,0,0,1,1,1,0,0,1,1,1,0,0,1,0,1,0,1,1,0,0,0,1,0,1,0,0,1,0,1,0,1,1,0,0,0,1,0,1,0,0,1,0,1,0,1,1,0,0,0,1,0,1,0,0,1,0,1,0,1,1,0,0
2026,3,29,08:48:47.386,14.48,105,67.1,0.8510,4396.2,400.2,3.939,2.16,3.89,0.01,0.01,-662.0,1848.0,367.0,-25912.0,25279,1732,17.3,0.0,10864.0,0,0,0,e1f,d4e,d4a,d4a,d4a,1,1,1,1,1,0,0,0,0,1,1,1,0,0,1,1,1,0,0,1,0,1,0,1,1,0,0,0,1,0,1,0,0,1,0,1,0,1,1,0,0,0,1,0,1,0,0,1,0,1,0,1,1,0,0,0,1,0,1,0,0,1,0,1,0,1,1,0,0
2026,3,29,08:48:47.406,14.50,125,67.1,0.8511,4393.1,397.0,3.940,2.16,3.89,0.01,0.01,-663.0,1848.0,368.0,-25926.0,25316,1739,15.2,0.0,10867.0,0,0,0,e1f,d4e,d4a,d4a,d4a,1,1,1,1,1,0,0,0,0,1,1,1,0,0,1,1,1,0,0,1,0,1,0,1,1,0,0,0,1,0,1,0,0,1,0,1,0,1,1,0,0,0,1,0,1,0,0,1,0,1,0,1,1,0,0,0,1,0,1,0,0,1,0,1,0,1,1,0,0
2026,3,29,08:48:47.426,14.52,145,67.1,0.8511,4393.7,397.6,3.938,2.16,3.89,0.01,0.01,-663.0,1849.0,368.0,-25939.0,25353,1747,13.5,0.0,10869.0,0,0,0,e1f,d4e,d4a,d4a,d4a,1,1,1,1,1,0,0,0,0,1,1,1,0,0,1,1,1,0,0,1,0,1,0,1,1,0,0,0,1,0,1,0,0,1,0,1,0,1,1,0,0,0,1,0,1,0,0,1,0,1,0,1,1,0,0,0,1,0,1,0,0,1,0,1,0,1,1,0,0
2026,3,29,08:48:47.446,14.54,165,67.1,0.8508,4401.9,405.8,3.939,2.16,3.89,0.01,0.01,-664.0,1850.0,368.0,-25952.0,25390,1754,12.0,0.0,10872.0,0,0,0,e1f,d4e,d4a,d4a,d4e,1,1,1,1,1,0,0,0,0,1,1,1,0,0,1,1,1,0,0,1,0,1,0,1,1,0,0,0,1,0,1,0,0,1,0,1,0,1,1,0,0,0,1,0,1,0,0,1,0,1,0,1,1,0,0,0,1,1,1,0,0,1,0,1,0,1,1,0,0
2026,3,29,08:48:47.466,14.56,185,67.1,0.8508,4402.5,406.5,3.939,2.16,3.89,0.01,0.01,-664.0,1851.0,368.0,-25965.0,25427,1761,11.0,0.0,10875.0,0,0,0,e1f,d4e,d4a,d4a,d4e,1,1,1,1,1,0,0,0,0,1,1,1,0,0,1,1,1,0,0,1,0,1,0,1,1,0,0,0,1,0,1,0,0,1,0,1,0,1,1,0,0,0,1,0,1,0,0,1,0,1,0,1,1,0,0,0,1,1,1,0,0,1,0,1,0,1,1,0,0
2026,3,29,08:48:47.486,14.58,205,67.1,0.8502,4423.4,427.3,3.939,2.16,3.89,0.01,0.01,-664.0,1851.0,368.0,-25979.0,25464,1769,10.6,0.0,10877.0,0,0,0,e1f,d46,d42,d42,d46,1,1,1,1,1,0,0,0,0,1,1,1,0,0,1,1,0,0,0,1,0,1,0,1,1,0,0,0,1,0,0,0,0,1,0,1,0,1,1,0,0,0,1,0,0,0,0,1,0,1,0,1,1,0,0,0,1,1,0,0,0,1,0,1,0,1,1,0,0
2026,3,29,08:48:47.506,14.60,225,67.0,0.8501,4424.6,428.6,3.939,2.16,3.89,0.01,0.01,-665.0,1852.0,368.0,-25992.0,25501,1776,10.6,0.0,10880.0,0,0,0,e1f,d46,d42,d42,d46,1,1,1,1,1,0,0,0,0,1,1,1,0,0,1,1,0,0,0,1,0,1,0,1,1,0,0,0,1,0,0,0,0,1,0,1,0,1,1,0,0,0,1,0,0,0,0,1,0,1,0,1,1,0,0,0,1,1,0,0,0,1,0,1,0,1,1,0,0
2026,3,29,08:48:47.526,14.62,245,67.0,0.8497,4437.2,441.2,3.939,2.16,3.89,0.01,0.01,-665.0,1853.0,369.0,-26005.0,25538,1784,11.1,0.0,10882.0,0,0,0,e1f,d46,d42,d42,d46,1,1,1,1,1,0,0,0,0,1,1,1,0,0,1,1,0,0,0,1,0,1,0,1,1,0,0,0,1,0,0,0,0,1,0,1,0,1,1,0,0,0,1,0,0,0,0,1,0,1,0,1,1,0,0,0,1,1,0,0,0,1,0,1,0,1,1,0,0
2026,3,29,08:48:47.546,14.64,15,67.0,0.8497,4438.5,442.4,3.939,2.17,3.89,0.01,0.01,-665.0,1854.0,369.0,-26019.0,25575,1791,11.9,0.0,10885.0,0,0,0,e1f,d46,d42,d42,d46,1,1,1,1,1,0,0,0,0,1,1,1,0,0,1,1,0,0,0,1,0,1,0,1,1,0,0,0,1,0,0,0,0,1,0,1,0,1,1,0,0,0,1,0,0,0,0,1,0,1,0,1,1,0,0,0,1,1,0,0,0,1,0,1,0,1,1,0,0
2026,3,29,08:48:47.566,14.66,35,67.0,0.8489,4462.5,466.4,3.938,2.17,3.89,0.01,0.01,-665.0,1855.0,369.0,-26032.0,25612,1798,13.0,0.0,10887.0,0,0,0,e1f,d46,d42,d42,d46,1,1,1,1,1,0,0,0,0,1,1,1,0,0,1,1,0,0,0,1,0,1,0,1,1,0,0,0,1,0,0,0,0,1,0,1,0,1,1,0,0,0,1,0,0,0,0,1,0,1,0,1,1,0,0,0,1,1,0,0,0,1,0,1,0,1,1,0,0
2026,3,29,08:48:47.586,14.68,55,67.0,0.8489,4463.8,467.7,3.939,2.17,3.89,0.01,0.01,-666.0,1856.0,369.0,-26045.0,25650,1806,14.2,0.0,10890.0,0,0,0,e1f,d4e,d4a,d4a,d4e,1,1,1,1,1,0,0,0,0,1,1,1,0,0,1,1,1,0,0,1,0,1,0,1,1,0,0,0,1,0,1,0,0,1,0,1,0,1,1,0,0,0,1,0,1,0,0,1,0,1,0,1,1,0,0,0,1,1,1,0,0,1,0,1,0,1,1,0,0
2026,3,29,08:48:47.606,14.70,75,67.0,0.8481,4489.7,493.6,3.939,2.17,3.89,0.01,0.01,-666.0,1857.0,369.0,-26059.0,25687,1813,15.6,0.0,10892.0,0,0,0,e1f,d4e,d4a,d4a,d4e,1,1,1,1,1,0,0,0,0,1,1,1,0,0,1,1,1,0,0,1,0,1,0,1,1,0,0,0,1,0,1,0,0,1,0,1,0,1,1,0,0,0,1,0,1,0,0,1,0,1,0,1,1,0,0,0,1,1,1,0,0,1,0,1,0,1,1,0,0
2026,3,29,08:48:47.626,14.72,95,66.9,0.8480,4491.0,494.9,3.939,2.17,3.89,0.01,0.01,-666.0,1858.0,370.0,-26072.0,25724,1820,17.1,0.0,10895.0,0,0,0,e1f,d4e,d4a,d4a,d4a,1,1,1,1,1,0,0,0,0,1,1,1,0,0,1,1,1,0,0,1,0,1,0,1,1,0,0,0,1,0,1,0,0,1,0,1,0,1,1,0,0,0,1,0,1,0,0,1,0,1,0,1,1,0,0,0,1,0,1,0,0,1,0,1,0,1,1,0,0
2026,3,29,08:48:47.646,14.74,115,66.9,0.8474,4509.9,513.9,3.939,2.17,3.89,0.01,0.01,-666.0,1858.0,370.0,-26085.0,25761,1828,18.7,0.0,10897.0,0,0,0,e1f,d4e,d4a,d4a,d4a,1,1,1,1,1,0,0,0,0,1,1,1,0,0,1,1,1,0,0,1,0,1,0,1,1,0,0,0,1,0,1,0,0,1,0,1,0,1,1,0,0,0,1,0,1,0,0,1,0,1,0,1,1,0,0,0,1,0,1,0,0,1,0,1,0,1,1,0,0
2026,3,29,08:48:47.666,14.76,135,66.9,0.8474,4511.8,515.8,3.940,2.17,3.89,0.01,0.01,-667.0,1859.0,370.0,-26099.0,25798,1835,20.4,0.0,10900.0,0,0,0,e1f,d4e,d4a,d4a,d4a,1,1,1,1,1,0,0,0,0,1,1,1,0,0,1,1,1,0,0,1,0,1,0,1,1,0,0,0,1,0,1,0,0,1,0,1,0,1,1,0,0,0,1,0,1,0,0,1,0,1,0,1,1,0,0,0,1,0,1,0,0,1,0,1,0,1,1,0,0
2026,3,29,08:48:47.686,14.78,155,66.9,0.8464,4541.0,544.9,3.939,2.17,3.89,0.01,0.01,-667.0,1860.0,370.0,-26112.0,25835,1843,22.2,0.0,10902.0,0,0,0,e1f,d4e,d4a,d4a,d4a,1,1,1,1,1,0,0,0,0,1,1,1,0,0,1,1,1,0,0,1,0,1,0,1,1,0,0,0,1,0,1,0,0,1,0,1,0,1,1,0,0,0,1,0,1,0,0,1,0,1,0,1,1,0,0,0,1,0,1,0,0,1,0,1,0,1,1,0,0
2026,3,29,08:48:47.706,14.80,175,66.9,0.8464,4541.6,545.5,3.939,2.17,3.89,0.01,0.01,-667.0,1861.0,370.0,-26125.0,25873,1850,24.1,0.0,10904.0,0,0,0,e1f,d4e,d4a,d4a,d4a,1,1,1,1,1,0,0,0,0,1,1,1,0,0,1,1,1,0,0,1,0,1,0,1,1,0,0,0,1,0,1,0,0,1,0,1,0,1,1,0,0,0,1,0,1,0,0,1,0,1,0,1,1,0,0,0,1,0,1,0,0,1,0,1,0,1,1,0,0
2026,3,29,08:48:47.726,14.82,195,66.9,0.8457,4564.4,568.3,3.940,2.17,3.89,0.01,0.01,-668.0,1861.0,371.0,-26139.0,25910,1858,26.2,0.0,10907.0,0,0,0,e1f,d4e,d4a,d4a,d4a,1,1,1,1,1,0,0,0,0,1,1,1,0,0,1,1,1,0,0,1,0,1,0,1,1,0,0,0,1,0,1,0,0,1,0,1,0,1,1,0,0,0,1,0,1,0,0,1,0,1,0,1,1,0,0,0,1,0,1,0,0,1,0,1,0,1,1,0,0
2026,3,29,08:48:47.746,14.84,215,66.8,0.8457,4565.7,569.6,3.939,2.17,3.89,0.01,0.01,-668.0,1862.0,371.0,-26152.0,25947,1865,28.5,0.0,10909.0,0,0,0,e1f,d4e,d4a,d4a,d4a,1,1,1,1,1,0,0,0,0,1,1,1,0,0,1,1,1,0,0,1,0,1,0,1,1,0,0,0,1,0,1,0,0,1,0,1,0,1,1,0,0,0,1,0,1,0,0,1,0,1,0,1,1,0,0,0,1,0,1,0,0,1,0,1,0,1,1,0,0
2026,3,29,08:48:47.766,14.86,235,66.8,0.8452,4579.0,582.9,3.938,2.17,3.89,0.01,0.01,-669.0,1862.0,371.0,-26165.0,25984,1872,30.9,0.0,10912.0,0,0,0,e1f,d4e,d4a,d4a,d4a,1,1,1,1,1,0,0,0,0,1,1,1,0,0,1,1,1,0,0,1,0,1,0,1,1,0,0,0,1,0,1,0,0,1,0,1,0,1,1,0,0,0,1,0,1,0,0,1,0,1,0,1,1,0,0,0,1,0,1,0,0,1,0,1,0,1,1,0,0
2026,3,29,08:48:47.786,14.88,5,66.8,0.8452,4579.6,583.6,3.939,2.17,3.89,0.01,0.01,-670.0,1863.0,371.0,-26179.0,26022,1880,33.4,0.0,10914.0,0,0,0,e1f,d4e,d4a,d4a,d4a,1,1,1,1,1,0,0,0,0,1,1,1,0,0,1,1,1,0,0,1,0,1,0,1,1,0,0,0,1,0,1,0,0,1,0,1,0,1,1,0,0,0,1,0,1,0,0,1,0,1,0,1,1,0,0,0,1,0,1,0,0,1,0,1,0,1,1,0,0
2026,3,29,08:48:47.806,14.90,25,66.8,0.8444,4606.9,610.8,3.939,2.17,3.89,0.01,0.01,-670.0,1863.0,370.0,-26192.0,26059,1887,36.1,0.0,10917.0,0,0,0,e1f,d4e,d4a,d4a,d4a,1,1,1,1,1,0,0,0,0,1,1,1,0,0,1,1,1,0,0,1,0,1,0,1,1,0,0,0,1,0,1,0,0,1,0,1,0,1,1,0,0,0,1,0,1,0,0,1,0,1,0,1,1,0,0,0,1,0,1,0,0,1,0,1,0,1,1,0,0
2026,3,29,08:48:47.826,14.92,45,66.8,0.8443,4608.2,612.1,3.939,2.17,3.89,0.01,0.01,-671.0,1863.0,370.0,-26206.0,26096,1895,38.9,0.0,10919.0,0,0,0,e1f,d4e,d4a,d4a,d4a,1,1,1,1,1,0,0,0,0,1,1,1,0,0,1,1,1,0,0,1,0,1,0,1,1,0,0,0,1,0,1,0,0,1,0,1,0,1,1,0,0,0,1,0,1,0,0,1,0,1,0,1,1,0,0,0,1,0,1,0,0,1,0,1,0,1,1,0,0
2026,3,29,08:48:47.846,14.94,65,66.8,0.8440,4619.6,623.5,3.939,2.17,3.89,0.01,0.01,-672.0,1864.0,370.0,-26219.0,26133,1902,41.9,0.0,10922.0,0,0,0,e1f,d4e,d4a,d4a,d4a,1,1,1,1,1,0,0,0,0,1,1,1,0,0,1,1,1,0,0,1,0,1,0,1,1,0,0,0,1,0,1,0,0,1,0,1,0,1,1,0,0,0,1,0,1,0,0,1,0,1,0,1,1,0,0,0,1,0,1,0,0,1,0,1,0,1,1,0,0
2026,3,29,08:48:47.866,14.96,85,66.8,0.8440,4619.6,623.5,3.939,2.17,3.89,0.01,0.01,-673.0,1864.0,370.0,-26232.0,26171,1909,45.0,0.0,10924.0,0,0,0,e1f,d4e,d4a,d4a,d4a,1,1,1,1,1,0,0,0,0,1,1,1,0,0,1,1,1,0,0,1,0,1,0,1,1,0,0,0,1,0,1,0,0,1,0,1,0,1,1,0,0,0,1,0,1,0,0,1,0,1,0,1,1,0,0,0,1,0,1,0,0,1,0,1,0,1,1,0,0
2026,3,29,08:48:47.886,14.98,105,66.8,0.8442,4613.3,617.2,3.940,2.17,3.89,0.01,0.01,-674.0,1864.0,370.0,-26246.0,26208,1917,48.3,0.0,10927.0,0,0,0,e1f,d4e,d4a,d4a,d4a,1,1,1,1,1,0,0,0,0,1,1,1,0,0,1,1,1,0,0,1,0,1,0,1,1,0,0,0,1,0,1,0,0,1,0,1,0,1,1,0,0,0,1,0,1,0,0,1,0,1,0,1,1,0,0,0,1,0,1,0,0,1,0,1,0,1,1,0,0
2026,3,29,08:48:47.906,15.00,125,66.8,0.8441,4613.9,617.8,3.939,2.17,3.89,0.01,0.01,-674.0,1865.0,369.0,-26259.0,26245,1924,51.7,0.0,10929.0,0,0,0,e1f,d4e,d4a,d4a,d4a,1,1,1,1,1,0,0,0,0,1,1,1,0,0,1,1,1,0,0,1,0,1,0,1,1,0,0,0,1,0,1,0,0,1,0,1,0,1,1,0,0,0,1,0,1,0,0,1,0,1,0,1,1,0,0,0,1,0,1,0,0,1,0,1,0,1,1,0,0
2026,3,29,08:48:47.926,15.02,145,66.8,0.8439,4621.5,625.4,3.940,2.17,3.89,0.01,0.01,-675.0,1865.0,369.0,-26273.0,26283,1932,55.3,0.0,10932.0,0,0,0,e1f,d4e,d4a,d4a,d4a,1,1,1,1,1,0,0,0,0,1,1,1,0,0,1,1,1,0,0,1,0,1,0,1,1,0,0,0,1,0,1,0,0,1,0,1,0,1,1,0,0,0,1,0,1,0,0,1,0,1,0,1,1,0,0,0,1,0,1,0,0,1,0,1,0,1,1,0,0
2026,3,29,08:48:47.946,15.04,165,66.8,0.8439,4621.5,625.4,3.939,2.17,3.89,0.01,0.01,-676.0,1866.0,369.0,-26286.0,26320,1939,58.9,0.0,10935.0,0,0,0,e1f,d4e,d4a,d4a,d4a,1,1,1,1,1,0,0,0,0,1,1,1,0,0,1,1,1,0,0,1,0,1,0,1,1,0,0,0,1,0,1,0,0,1,0,1,0,1,1,0,0,0,1,0,1,0,0,1,0,1,0,1,1,0,0,0,1,0,1,0,0,1,0,1,0,1,1,0,0
2026,3,29,08:48:47.966,15.06,185,66.8,0.8439,4620.2,624.2,3.939,2.17,3.89,0.01,0.01,-676.0,1866.0,368.0,-26300.0,26357,1946,62.6,0.0,10938.0,0,0,0,e1f,d4e,d4a,d4a,d4a,1,1,1,1,1,0,0,0,0,1,1,1,0,0,1,1,1,0,0,1,0,1,0,1,1,0,0,0,1,0,1,0,0,1,0,1,0,1,1,0,0,0,1,0,1,0,0,1,0,1,0,1,1,0,0,0,1,0,1,0,0,1,0,1,0,1,1,0,0
2026,3,29,08:48:47.986,15.08,205,66.8,0.8440,4619.6,623.5,3.940,2.17,3.89,0.01,0.01,-677.0,1867.0,367.0,-26314.0,26395,1954,66.4,0.0,10942.0,0,0,0,e1f,d4e,d4a,d4a,d4a,1,1,1,1,1,0,0,0,0,1,1,1,0,0,1,1,1,0,0,1,0,1,0,1,1,0,0,0,1,0,1,0,0,1,0,1,0,1,1,0,0,0,1,0,1,0,0,1,0,1,0,1,1,0,0,0,1,0,1,0,0,1,0,1,0,1,1,0,0
2026,3,29,08:48:48.006,15.10,225,66.8,0.8443,4608.2,612.1,3.939,2.17,3.89,0.01,0.01,-677.0,1867.0,367.0,-26327.0,26432,1961,70.3,0.0,10946.0,0,0,0,e1f,d4e,d4a,d4a,d4a,1,1,1,1,1,0,0,0,0,1,1,1,0,0,1,1,1,0,0,1,0,1,0,1,1,0,0,0,1,0,1,0,0,1,0,1,0,1,1,0,0,0,1,0,1,0,0,1,0,1,0,1,1,0,0,0,1,0,1,0,0,1,0,1,0,1,1,0,0
2026,3,29,08:48:48.026,15.12,245,66.8,0.8443,4607.5,611.5,3.940,2.17,3.89,0.01,0.01,-678.0,1868.0,366.0,-26341.0,26469,1969,74.2,0.0,10950.0,0,0,0,e1f,d4e,d4a,d4a,d4a,1,1,1,1,1,0,0,0,0,1,1,1,0,0,1,1,1,0,0,1,0,1,0,1,1,0,0,0,1,0,1,0,0,1,0,1,0,1,1,0,0,0,1,0,1,0,0,1,0,1,0,1,1,0,0,0,1,0,1,0,0,1,0,1,0,1,1,0,0
2026,3,29,08:48:48.046,15.14,15,66.8,0.8450,4586.0,589.9,3.940,2.17,3.89,0.01,0.01,-678.0,1868.0,366.0,-26354.0,26507,1976,78.1,0.0,10954.0,0,0,0,e1f,d4e,d4a,d4a,d4a,1,1,1,1,1,0,0,0,0,1,1,1,0,0,1,1,1,0,0,1,0,1,0,1,1,0,0,0,1,0,1,0,0,1,0,1,0,1,1,0,0,0,1,0,1,0,0,1,0,1,0,1,1,0,0,0,1,0,1,0,0,1,0,1,0,1,1,0,0
2026,3,29,08:48:48.066,15.16,35,66.9,0.8451,4584.1,588.0,3.939,2.17,3.89,0.01,0.01,-678.0,1869.0,365.0,-26368.0,26544,1983,81.9,0.0,10960.0,0,0,0,e1f,d4e,d4a,d4a,d4a,1,1,1,1,1,0,0,0,0,1,1,1,0,0,1,1,1,0,0,1,0,1,0,1,1,0,0,0,1,0,1,0,0,1,0,1,0,1,1,0,0,0,1,0,1,0,0,1,0,1,0,1,1,0,0,0,1,0,1,0,0,1,0,1,0,1,1,0,0
2026,3,29,08:48:48.086,15.18,55,66.9,0.8466,4537.2,541.1,3.939,2.17,3.89,0.01,0.01,-678.0,1869.0,364.0,-26381.0,26581,1990,85.8,0.0,10966.0,0,0,0,e1f,d4e,d4a,d4a,d4a,1,1,1,1,1,0,0,0,0,1,1,1,0,0,1,1,1,0,0,1,0,1,0,1,1,0,0,0,1,0,1,0,0,1,0,1,0,1,1,0,0,0,1,0,1,0,0,1,0,1,0,1,1,0,0,0,1,0,1,0,0,1,0,1,0,1,1,0,0
2026,3,29,08:48:48.106,15.20,75,66.9,0.8466,4535.3,539.2,3.939,2.17,3.89,0.01,0.01,-678.0,1870.0,364.0,-26395.0,26619,1998,89.6,0.0,10972.0,0,0,0,e1f,d4e,d4a,d4a,d4a,1,1,1,1,1,0,0,0,0,1,1,1,0,0,1,1,1,0,0,1,0,1,0,1,1,0,0,0,1,0,1,0,0,1,0,1,0,1,1,0,0,0,1,0,1,0,0,1,0,1,0,1,1,0,0,0,1,0,1,0,0,1,0,1,0,1,1,0,0
2026,3,29,08:48:48.126,15.22,95,66.9,0.8482,4486.5,490.5,3.940,2.17,3.89,0.01,0.01,-678.0,1870.0,363.0,-26409.0,26656,2005,93.3,0.0,10979.0,0,0,0,e1f,d4e,d4a,d4a,d4a,1,1,1,1,1,0,0,0,0,1,1,1,0,0,1,1,1,0,0,1,0,1,0,1,1,0,0,0,1,0,1,0,0,1,0,1,0,1,1,0,0,0,1,0,1,0,0,1,0,1,0,1,1,0,0,0,1,0,1,0,0,1,0,1,0,1,1,0,0
2026,3,29,08:48:48.146,15.24,115,67.0,0.8482,4484.6,488.6,3.939,2.17,3.89,0.01,0.01,-678.0,1871.0,363.0,-26422.0,26694,2012,97.0,0.0,10985.0,0,0,0,e1f,d4a,d4a,d4a,d4a,1,1,1,1,1,0,0,0,0,1,1,1,0,0,1,0,1,0,0,1,0,1,0,1,1,0,0,0,1,0,1,0,0,1,0,1,0,1,1,0,0,0,1,0,1,0,0,1,0,1,0,1,1,0,0,0,1,0,1,0,0,1,0,1,0,1,1,0,0
2026,3,29,08:48:48.166,15.26,135,67.0,0.8496,4442.3,446.2,3.939,2.18,3.89,0.01,0.01,-677.0,1871.0,362.0,-26436.0,26731,2020,100.6,0.0,10991.0,0,0,0,e1f,d4a,d4a,d4a,d4a,1,1,1,1,1,0,0,0,0,1,1,1,0,0,1,0,1,0,0,1,0,1,0,1,1,0,0,0,1,0,1,0,0,1,0,1,0,1,1,0,0,0,1,0,1,0,0,1,0,1,0,1,1,0,0,0,1,0,1,0,0,1,0,1,0,1,1,0,0
2026,3,29,08:48:48.186,15.28,155,67.0,0.8496,4441.0,445.0,3.940,2.18,3.89,0.01,0.01,-677.0,1872.0,362.0,-26449.0,26769,2027,104.2,0.0,10997.0,0,0,0,e1f,d4a,d4a,d4a,d4a,1,1,1,1,1,0,0,0,0,1,1,1,0,0,1,0,1,0,0,1,0,1,0,1,1,0,0,0,1,0,1,0,0,1,0,1,0,1,1,0,0,0,1,0,1,0,0,1,0,1,0,1,1,0,0,0,1,0,1,0,0,1,0,1,0,1,1,0,0
2026,3,29,08:48:48.206,15.30,175,67.0,0.8506,4408.2,412.1,3.940,2.18,3.89,0.01,0.01,-677.0,1872.0,362.0,-26463.0,26806,2034,107.7,0.0,11002.0,0,0,0,e1f,d4a,d4a,d4a,d4a,1,1,1,1,1,0,0,0,0,1,1,1,0,0,1,0,1,0,0,1,0,1,0,1,1,0,0,0,1,0,1,0,0,1,0,1,0,1,1,0,0,0,1,0,1,0,0,1,0,1,0,1,1,0,0,0,1,0,1,0,0,1,0,1,0,1,1,0,0
2026,3,29,08:48:48.226,15.32,195,67.1,0.8506,4408.2,412.1,3.939,2.18,3.89,0.01,0.01,-677.0,1872.0,362.0,-26476.0,26843,2041,111.1,0.0,11006.0,0,0,0,e1f,d4a,d4a,d4a,d4a,1,1,1,1,1,0,0,0,0,1,1,1,0,0,1,0,1,0,0,1,0,1,0,1,1,0,0,0,1,0,1,0,0,1,0,1,0,1,1,0,0,0,1,0,1,0,0,1,0,1,0,1,1,0,0,0,1,0,1,0,0,1,0,1,0,1,1,0,0
2026,3,29,08:48:48.246,15.34,215,67.1,0.8503,4419.6,423.5,3.939,2.18,3.89,0.01,0.01,-676.0,1872.0,362.0,-26490.0,26881,2049,114.4,0.0,11011.0,0,0,0,e1f,d4a,d4a,d4a,d4a,1,1,1,1,1,0,0,0,0,1,1,1,0,0,1,0,1,0,0,1,0,1,0,1,1,0,0,0,1,0,1,0,0,1,0,1,0,1,1,0,0,0,1,0,1,0,0,1,0,1,0,1,1,0,0,0,1,0,1,0,0,1,0,1,0,1,1,0,0
2026,3,29,08:48:48.266,15.36,235,67.1,0.8503,4418.3,422.2,3.939,2.18,3.89,0.01,0.01,-676.0,1873.0,362.0,-26503.0,26918,2056,117.7,0.0,11016.0,0,0,0,e1f,d4a,d4a,d4a,d4a,1,1,1,1,1,0,0,0,0,1,1,1,0,0,1,0,1,0,0,1,0,1,0,1,1,0,0,0,1,0,1,0,0,1,0,1,0,1,1,0,0,0,1,0,1,0,0,1,0,1,0,1,1,0,0,0,1,0,1,0,0,1,0,1,0,1,1,0,0
2026,3,29,08:48:48.286,15.38,5,67.1,0.8510,4397.5,401.4,3.939,2.18,3.89,0.01,0.01,-676.0,1873.0,362.0,-26517.0,26956,2063,120.8,0.0,11020.0,0,0,0,e1f,d4a,d4a,d4a,d4a,1,1,1,1,1,0,0,0,0,1,1,1,0,0,1,0,1,0,0,1,0,1,0,1,1,0,0,0,1,0,1,0,0,1,0,1,0,1,1,0,0,0,1,0,1,0,0,1,0,1,0,1,1,0,0,0,1,0,1,0,0,1,0,1,0,1,1,0,0
2026,3,29,08:48:48.306,15.40,25,67.1,0.8510,4397.5,401.4,3.940,2.18,3.89,0.01,0.01,-675.0,1873.0,362.0,-26530.0,26993,2070,123.8,0.0,11025.0,0,0,0,e1f,d4a,d4a,d4a,d4a,1,1,1,1,1,0,0,0,0,1,1,1,0,0,1,0,1,0,0,1,0,1,0,1,1,0,0,0,1,0,1,0,0,1,0,1,0,1,1,0,0,0,1,0,1,0,0,1,0,1,0,1,1,0,0,0,1,0,1,0,0,1,0,1,0,1,1,0,0
2026,3,29,08:48:48.326,15.42,45,67.1,0.8512,4389.3,393.2,3.939,2.18,3.89,0.01,0.01,-675.0,1874.0,362.0,-26544.0,27031,2078,126.5,0.0,11030.0,0,0,0,e1f,d4a,d4a,d4a,d4a,1,1,1,1,1,0,0,0,0,1,1,1,0,0,1,0,1,0,0,1,0,1,0,1,1,0,0,0,1,0,1,0,0,1,0,1,0,1,1,0,0,0,1,0,1,0,0,1,0,1,0,1,1,0,0,0,1,0,1,0,0,1,0,1,0,1,1,0,0
2026,3,29,08:48:48.346,15.44,65,67.1,0.8512,4389.3,393.2,3.939,2.18,3.89,0.01,0.01,-674.0,1874.0,363.0,-26557.0,27068,2085,129.1,0.0,11035.0,0,0,0,e1f,d4a,d4a,d4a,d4a,1,1,1,1,1,0,0,0,0,1,1,1,0,0,1,0,1,0,0,1,0,1,0,1,1,0,0,0,1,0,1,0,0,1,0,1,0,1,1,0,0,0,1,0,1,0,0,1,0,1,0,1,1,0,0,0,1,0,1,0,0,1,0,1,0,1,1,0,0
2026,3,29,08:48:48.366,15.46,85,67.1,0.8516,4379.2,383.1,3.939,2.18,3.89,0.01,0.01,-674.0,1874.0,363.0,-26571.0,27106,2092,131.5,0.0,11040.0,0,0,0,e1f,d4a,d4a,d4a,d4a,1,1,1,1,1,0,0,0,0,1,1,1,0,0,1,0,1,0,0,1,0,1,0,1,1,0,0,0,1,0,1,0,0,1,0,1,0,1,1,0,0,0,1,0,1,0,0,1,0,1,0,1,1,0,0,0,1,0,1,0,0,1,0,1,0,1,1,0,0
2026,3,29,08:48:48.386,15.48,105,67.1,0.8515,4379.8,383.8,3.939,2.18,3.89,0.01,0.01,-674.0,1874.0,364.0,-26584.0,27143,2099,133.7,0.0,11046.0,0,0,0,e1f,d4a,d4a,d4a,d4a,1,1,1,1,1,0,0,0,0,1,1,1,0,0,1,0,1,0,0,1,0,1,0,1,1,0,0,0,1,0,1,0,0,1,0,1,0,1,1,0,0,0,1,0,1,0,0,1,0,1,0,1,1,0,0,0,1,0,1,0,0,1,0,1,0,1,1,0,0
2026,3,29,08:48:48.406,15.50,125,67.1,0.8521,4362.2,366.1,3.939,2.18,3.89,0.01,0.01,-674.0,1875.0,364.0,-26598.0,27181,2107,135.8,0.0,11052.0,0,0,0,e1f,d4a,d4a,d4a,d4a,1,1,1,1,1,0,0,0,0,1,1,1,0,0,1,0,1,0,0,1,0,1,0,1,1,0,0,0,1,0,1,0,0,1,0,1,0,1,1,0,0,0,1,0,1,0,0,1,0,1,0,1,1,0,0,0,1,0,1,0,0,1,0,1,0,1,1,0,0
2026,3,29,08:48:48.426,15.52,145,67.1,0.8521,4361.6,365.5,3.939,2.18,3.89,0.01,0.01,-674.0,1875.0,365.0,-26611.0,27218,2114,137.7,0.0,11059.0,0,0,0,e1f,d4a,d4a,d4a,d4a,1,1,1,1,1,0,0,0,0,1,1,1,0,0,1,0,1,0,0,1,0,1,0,1,1,0,0,0,1,0,1,0,0,1,0,1,0,1,1,0,0,0,1,0,1,0,0,1,0,1,0,1,1,0,0,0,1,0,1,0,0,1,0,1,0,1,1,0,0
2026,3,29,08:48:48.446,15.54,165,67.1,0.8528,4340.8,344.7,3.940,2.18,3.89,0.01,0.01,-674.0,1875.0,365.0,-26625.0,27256,2121,139.5,0.0,11065.0,0,0,0,e1f,d4a,d4a,d4a,d4a,1,1,1,1,1,0,0,0,0,1,1,1,0,0,1,0,1,0,0,1,0,1,0,1,1,0,0,0,1,0,1,0,0,1,0,1,0,1,1,0,0,0,1,0,1,0,0,1,0,1,0,1,1,0,0,0,1,0,1,0,0,1,0,1,0,1,1,0,0
2026,3,29,08:48:48.466,15.56,185,67.1,0.8528,4340.8,344.7,3.940,2.18,3.89,0.01,0.01,-674.0,1875.0,366.0,-26638.0,27293,2129,141.2,0.0,11071.0,0,0,0,e1f,d4a,d4a,d4a,d4a,1,1,1,1,1,0,0,0,0,1,1,1,0,0,1,0,1,0,0,1,0,1,0,1,1,0,0,0,1,0,1,0,0,1,0,1,0,1,1,0,0,0,1,0,1,0,0,1,0,1,0,1,1,0,0,0,1,0,1,0,0,1,0,1,0,1,1,0,0
2026,3,29,08:48:48.486,15.58,205,67.1,0.8528,4340.8,344.7,3.940,2.18,3.89,0.01,0.01,-674.0,1875.0,366.0,-26652.0,27331,2136,142.7,0.0,11077.0,0,0,0,e1f,d4a,d4a,d4a,d4a,1,1,1,1,1,0,0,0,0,1,1,1,0,0,1,0,1,0,0,1,0,1,0,1,1,0,0,0,1,0,1,0,0,1,0,1,0,1,1,0,0,0,1,0,1,0,0,1,0,1,0,1,1,0,0,0,1,0,1,0,0,1,0,1,0,1,1,0,0
2026,3,29,08:48:48.506,15.60,225,67.1,0.8528,4340.8,344.7,3.940,2.18,3.89,0.01,0.01,-674.0,1875.0,367.0,-26665.0,27368,2143,144.2,0.0,11083.0,0,0,0,e1f,d4a,d4a,d4a,d4a,1,1,1,1,1,0,0,0,0,1,1,1,0,0,1,0,1,0,0,1,0,1,0,1,1,0,0,0,1,0,1,0,0,1,0,1,0,1,1,0,0,0,1,0,1,0,0,1,0,1,0,1,1,0,0,0,1,0,1,0,0,1,0,1,0,1,1,0,0
2026,3,29,08:48:48.526,15.62,245,67.1,0.8537,4313.1,317.0,3.940,2.18,3.89,0.01,0.01,-675.0,1875.0,367.0,-26679.0,27406,2151,145.6,0.0,11088.0,0,0,0,e1f,d4a,d4a,d4a,d4a,1,1,1,1,1,0,0,0,0,1,1,1,0,0,1,0,1,0,0,1,0,1,0,1,1,0,0,0,1,0,1,0,0,1,0,1,0,1,1,0,0,0,1,0,1,0,0,1,0,1,0,1,1,0,0,0,1,0,1,0,0,1,0,1,0,1,1,0,0
2026,3,29,08:48:48.546,15.64,15,67.1,0.8537,4313.1,317.0,3.940,2.18,3.89,0.01,0.01,-675.0,1875.0,367.0,-26692.0,27443,2158,147.0,0.0,11092.0,0,0,0,e1f,d4a,d4a,d4a,d4a,1,1,1,1,1,0,0,0,0,1,1,1,0,0,1,0,1,0,0,1,0,1,0,1,1,0,0,0,1,0,1,0,0,1,0,1,0,1,1,0,0,0,1,0,1,0,0,1,0,1,0,1,1,0,0,0,1,0,1,0,0,1,0,1,0,1,1,0,0
2026,3,29,08:48:48.566,15.66,35,67.1,0.8538,4308.7,312.6,3.939,2.18,3.89,0.01,0.01,-675.0,1876.0,368.0,-26706.0,27481,2165,148.3,0.0,11097.0,0,0,0,e1f,d4a,d4a,d4a,d4a,1,1,1,1,1,0,0,0,0,1,1,1,0,0,1,0,1,0,0,1,0,1,0,1,1,0,0,0,1,0,1,0,0,1,0,1,0,1,1,0,0,0,1,0,1,0,0,1,0,1,0,1,1,0,0,0,1,0,1,0,0,1,0,1,0,1,1,0,0
2026,3,29,08:48:48.586,15.68,55,67.1,0.8538,4308.7,312.6,3.940,2.18,3.89,0.01,0.01,-676.0,1876.0,368.0,-26719.0,27518,2173,149.6,0.0,11101.0,0,0,0,e1f,d4a,d4a,d4a,d4a,1,1,1,1,1,0,0,0,0,1,1,1,0,0,1,0,1,0,0,1,0,1,0,1,1,0,0,0,1,0,1,0,0,1,0,1,0,1,1,0,0,0,1,0,1,0,0,1,0,1,0,1,1,0,0,0,1,0,1,0,0,1,0,1,0,1,1,0,0
2026,3,29,08:48:48.606,15.70,75,67.1,0.8543,4293.6,297.5,3.940,2.18,3.89,0.01,0.01,-676.0,1877.0,368.0,-26733.0,27556,2180,150.9,0.0,11105.0,0,0,0,e1f,d4a,d4a,d4a,d4a,1,1,1,1,1,0,0,0,0,1,1,1,0,0,1,0,1,0,0,1,0,1,0,1,1,0,0,0,1,0,1,0,0,1,0,1,0,1,1,0,0,0,1,0,1,0,0,1,0,1,0,1,1,0,0,0,1,0,1,0,0,1,0,1,0,1,1,0,0
2026,3,29,08:48:48.626,15.72,95,67.1,0.8543,4293.6,297.5,3.940,2.18,3.89,0.01,0.01,-676.0,1877.0,369.0,-26747.0,27593,2187,152.1,0.0,11109.0,0,0,0,e1f,d4a,d4a,d4a,d4a,1,1,1,1,1,0,0,0,0,1,1,1,0,0,1,0,1,0,0,1,0,1,0,1,1,0,0,0,1,0,1,0,0,1,0,1,0,1,1,0,0,0,1,0,1,0,0,1,0,1,0,1,1,0,0,0,1,0,1,0,0,1,0,1,0,1,1,0,0
2026,3,29,08:48:48.646,15.74,115,67.1,0.8542,4296.7,300.7,3.940,2.18,3.89,0.01,0.01,-677.0,1878.0,369.0,-26760.0,27631,2195,153.2,0.0,11114.0,0,0,0,e1f,d4a,d4a,d4a,d4a,1,1,1,1,1,0,0,0,0,1,1,1,0,0,1,0,1,0,0,1,0,1,0,1,1,0,0,0,1,0,1,0,0,1,0,1,0,1,1,0,0,0,1,0,1,0,0,1,0,1,0,1,1,0,0,0,1,0,1,0,0,1,0,1,0,1,1,0,0
2026,3,29,08:48:48.906,15.76,125,67.1,0.8533,4325.7,329.6,3.939,2.19,3.89,0.01,0.01,-682.0,1883.0,372.0,-26937.0,28120,2291,162.4,0.0,11169.0,0,0,0,e1f,d4a,d4a,d4a,d4a,1,1,1,1,1,0,0,0,0,1,1,1,0,0,1,0,1,0,0,1,0,1,0,1,1,0,0,0,1,0,1,0,0,1,0,1,0,1,1,0,0,0,1,0,1,0,0,1,0,1,0,1,1,0,0,0,1,0,1,0,0,1,0,1,0,1,1,0,0
2026,3,29,08:48:48.926,15.78,145,67.1,0.8536,4314.3,318.3,3.940,2.19,3.89,0.01,0.01,-682.0,1884.0,372.0,-26950.0,28158,2299,163.0,0.0,11170.0,0,0,0,e1f,d4a,d4a,d4a,d4a,1,1,1,1,1,0,0,0,0,1,1,1,0,0,1,0,1,0,0,1,0,1,0,1,1,0,0,0,1,0,1,0,0,1,0,1,0,1,1,0,0,0,1,0,1,0,0,1,0,1,0,1,1,0,0,0,1,0,1,0,0,1,0,1,0,1,1,0,0
2026,3,29,08:48:48.946,15.80,165,67.1,0.8536,4314.3,318.3,3.939,2.19,3.89,0.01,0.01,-682.0,1884.0,372.0,-26964.0,28195,2306,163.6,0.0,11170.0,0,0,0,e1f,d4a,d4a,d4a,d4a,1,1,1,1,1,0,0,0,0,1,1,1,0,0,1,0,1,0,0,1,0,1,0,1,1,0,0,0,1,0,1,0,0,1,0,1,0,1,1,0,0,0,1,0,1,0,0,1,0,1,0,1,1,0,0,0,1,0,1,0,0,1,0,1,0,1,1,0,0
2026,3,29,08:48:48.966,15.82,185,67.1,0.8534,4321.3,325.2,3.939,2.19,3.89,0.01,0.01,-682.0,1885.0,372.0,-26978.0,28233,2314,164.1,0.0,11169.0,0,0,0,e1f,d4a,d4a,d4a,d4a,1,1,1,1,1,0,0,0,0,1,1,1,0,0,1,0,1,0,0,1,0,1,0,1,1,0,0,0,1,0,1,0,0,1,0,1,0,1,1,0,0,0,1,0,1,0,0,1,0,1,0,1,1,0,0,0,1,0,1,0,0,1,0,1,0,1,1,0,0
2026,3,29,08:48:49.226,15.84,195,67.1,0.8547,4281.0,285.0,3.939,2.19,3.89,0.01,0.01,-687.0,1888.0,373.0,-27156.0,28724,2411,164.0,0.0,11149.0,0,0,0,e1f,d4a,d4a,d4a,d4a,1,1,1,1,1,0,0,0,0,1,1,1,0,0,1,0,1,0,0,1,0,1,0,1,1,0,0,0,1,0,1,0,0,1,0,1,0,1,1,0,0,0,1,0,1,0,0,1,0,1,0,1,1,0,0,0,1,0,1,0,0,1,0,1,0,1,1,0,0
2026,3,29,08:48:49.246,15.86,215,67.1,0.8551,4268.4,272.4,3.939,2.19,3.89,0.01,0.01,-687.0,1888.0,373.0,-27170.0,28761,2418,163.2,0.0,11147.0,0,0,0,e1f,d4a,d4a,d4a,d4a,1,1,1,1,1,0,0,0,0,1,1,1,0,0,1,0,1,0,0,1,0,1,0,1,1,0,0,0,1,0,1,0,0,1,0,1,0,1,1,0,0,0,1,0,1,0,0,1,0,1,0,1,1,0,0,0,1,0,1,0,0,1,0,1,0,1,1,0,0
2026,3,29,08:48:49.266,15.88,235,67.1,0.8551,4268.4,272.4,3.939,2.19,3.89,0.01,0.01,-688.0,1889.0,373.0,-27183.0,28799,2426,162.3,0.0,11145.0,0,0,0,e1f,d4a,d4a,d4a,d4a,1,1,1,1,1,0,0,0,0,1,1,1,0,0,1,0,1,0,0,1,0,1,0,1,1,0,0,0,1,0,1,0,0,1,0,1,0,1,1,0,0,0,1,0,1,0,0,1,0,1,0,1,1,0,0,0,1,0,1,0,0,1,0,1,0,1,1,0,0
2026,3,29,08:48:49.286,15.90,5,67.1,0.8547,4279.8,283.7,3.941,2.19,3.89,0.01,0.01,-688.0,1889.0,373.0,-27197.0,28837,2433,161.3,0.0,11143.0,0,0,0,e1f,d4a,d4a,d4a,d4a,1,1,1,1,1,0,0,0,0,1,1,1,0,0,1,0,1,0,0,1,0,1,0,1,1,0,0,0,1,0,1,0,0,1,0,1,0,1,1,0,0,0,1,0,1,0,0,1,0,1,0,1,1,0,0,0,1,0,1,0,0,1,0,1,0,1,1,0,0
2026,3,29,23:17:04.087,15.92,128,59.0,0.9756,681.4,-3314.7,4.068,1.66,2.38,0.01,0.01,-419.0,-48.0,1420.0,-15669.0,-2483,-12525,144.7,0.0,53.0,0,0,0,eff,cc9,cc9,cc9,cc9,1,1,1,1,1,1,1,1,0,1,1,1,0,1,0,0,1,0,0,1,1,0,0,1,1,0,0,1,0,0,1,0,0,1,1,0,0,1,1,0,0,1,0,0,1,0,0,1,1,0,0,1,1,0,0,1,0,0,1,0,0,1,1,0,0,1,1,0,0
2026,3,29,23:17:04.107,15.94,148,59.0,0.9756,681.4,-3314.7,4.067,1.66,2.38,0.01,0.01,-419.0,-48.0,1421.0,-15677.0,-2484,-12497,144.7,0.0,53.0,0,0,0,eff,cc9,cc9,cc9,cc9,1,1,1,1,1,1,1,1,0,1,1,1,0,1,0,0,1,0,0,1,1,0,0,1,1,0,0,1,0,0,1,0,0,1,1,0,0,1,1,0,0,1,0,0,1,0,0,1,1,0,0,1,1,0,0,1,0,0,1,0,0,1,1,0,0,1,1,0,0
2026,3,29,23:17:04.127,15.96,168,59.0,0.9756,681.4,-3314.7,4.067,1.66,2.38,0.01,0.01,-419.0,-48.0,1421.0,-15686.0,-2485,-12468,144.7,0.0,53.0,0,0,0,eff,cc9,cc9,cc9,cc9,1,1,1,1,1,1,1,1,0,1,1,1,0,1,0,0,1,0,0,1,1,0,0,1,1,0,0,1,0,0,1,0,0,1,1,0,0,1,1,0,0,1,0,0,1,0,0,1,1,0,0,1,1,0,0,1,0,0,1,0,0,1,1,0,0,1,1,0,0
2026,3,29,23:17:04.147,15.98,188,59.0,0.9756,681.4,-3314.7,4.067,1.66,2.38,0.01,0.01,-419.0,-48.0,1422.0,-15694.0,-2486,-12440,144.7,0.0,53.0,0,0,0,eff,cc9,cc9,cc9,cc9,1,1,1,1,1,1,1,1,0,1,1,1,0,1,0,0,1,0,0,1,1,0,0,1,1,0,0,1,0,0,1,0,0,1,1,0,0,1,1,0,0,1,0,0,1,0,0,1,1,0,0,1,1,0,0,1,0,0,1,0,0,1,1,0,0,1,1,0,0
2026,3,29,08:48:44.826,16.00,45,67.1,0.8433,4639.9,643.9,3.939,2.08,3.89,0.01,0.01,-657.0,1800.0,341.0,-24223.0,20600,836,36.4,0.0,10531.0,0,0,0,e1f,d4e,d4a,d4a,d4a,1,1,1,1,1,0,0,0,0,1,1,1,0,0,1,1,1,0,0,1,0,1,0,1,1,0,0,0,1,0,1,0,0,1,0,1,0,1,1,0,0,0,1,0,1,0,0,1,0,1,0,1,1,0,0,0,1,0,1,0,0,1,0,1,0,1,1,0,0
2026,3,29,08:48:44.846,16.02,65,67.1,0.8428,4655.8,659.8,3.939,2.08,3.89,0.01,0.01,-656.0,1800.0,341.0,-24236.0,20636,842,36.9,0.0,10534.0,0,0,0,e1f,d4e,d4a,d4a,d4a,1,1,1,1,1,0,0,0,0,1,1,1,0,0,1,1,1,0,0,1,0,1,0,1,1,0,0,0,1,0,1,0,0,1,0,1,0,1,1,0,0,0,1,0,1,0,0,1,0,1,0,1,1,0,0,0,1,0,1,0,0,1,0,1,0,1,1,0,0
2026,3,29,08:48:44.866,16.04,85,67.0,0.8428,4657.1,661.0,3.940,2.08,3.89,0.01,0.01,-656.0,1800.0,341.0,-24250.0,20672,849,37.2,0.0,10537.0,0,0,0,e1f,d4e,d4a,d4a,d4a,1,1,1,1,1,0,0,0,0,1,1,1,0,0,1,1,1,0,0,1,0,1,0,1,1,0,0,0,1,0,1,0,0,1,0,1,0,1,1,0,0,0,1,0,1,0,0,1,0,1,0,1,1,0,0,0,1,0,1,0,0,1,0,1,0,1,1,0,0
2026,3,29,08:48:44.886,16.06,105,67.0,0.8422,4674.9,678.8,3.939,2.08,3.89,0.01,0.01,-656.0,1800.0,341.0,-24263.0,20708,856,37.3,0.0,10540.0,0,0,0,e1f,d4e,d4a,d4a,d4a,1,1,1,1,1,0,0,0,0,1,1,1,0,0,1,1,1,0,0,1,0,1,0,1,1,0,0,0,1,0,1,0,0,1,0,1,0,1,1,0,0,0,1,0,1,0,0,1,0,1,0,1,1,0,0,0,1,0,1,0,0,1,0,1,0,1,1,0,0
2026,3,29,08:48:44.906,16.08,125,67.0,0.8422,4675.5,679.5,3.939,2.08,3.89,0.01,0.01,-656.0,1800.0,341.0,-24276.0,20744,863,37.2,0.0,10543.0,0,0,0,e1f,d4e,d4a,d4a,d4a,1,1,1,1,1,0,0,0,0,1,1,1,0,0,1,1,1,0,0,1,0,1,0,1,1,0,0,0,1,0,1,0,0,1,0,1,0,1,1,0,0,0,1,0,1,0,0,1,0,1,0,1,1,0,0,0,1,0,1,0,0,1,0,1,0,1,1,0,0
2026,3,29,08:48:44.926,16.10,145,67.0,0.8416,4693.3,697.3,3.939,2.08,3.89,0.01,0.01,-656.0,1800.0,340.0,-24289.0,20780,870,36.8,0.0,10546.0,0,0,0,e1f,d4e,d4a,d4a,d4a,1,1,1,1,1,0,0,0,0,1,1,1,0,0,1,1,1,0,0,1,0,1,0,1,1,0,0,0,1,0,1,0,0,1,0,1,0,1,1,0,0,0,1,0,1,0,0,1,0,1,0,1,1,0,0,0,1,0,1,0,0,1,0,1,0,1,1,0,0
2026,3,29,08:48:44.946,16.12,165,67.0,0.8416,4694.6,698.5,3.939,2.08,3.89,0.01,0.01,-655.0,1800.0,340.0,-24302.0,20816,876,36.3,0.0,10550.0,0,0,0,e1f,d4e,d4a,d4a,d4a,1,1,1,1,1,0,0,0,0,1,1,1,0,0,1,1,1,0,0,1,0,1,0,1,1,0,0,0,1,0,1,0,0,1,0,1,0,1,1,0,0,0,1,0,1,0,0,1,0,1,0,1,1,0,0,0,1,0,1,0,0,1,0,1,0,1,1,0,0
2026,3,29,08:48:44.966,16.14,185,67.0,0.8409,4717.5,721.5,3.939,2.08,3.89,0.01,0.01,-655.0,1800.0,340.0,-24315.0,20852,883,35.5,0.0,10553.0,0,0,0,e1f,d4e,d4a,d4a,d4a,1,1,1,1,1,0,0,0,0,1,1,1,0,0,1,1,1,0,0,1,0,1,0,1,1,0,0,0,1,0,1,0,0,1,0,1,0,1,1,0,0,0,1,0,1,0,0,1,0,1,0,1,1,0,0,0,1,0,1,0,0,1,0,1,0,1,1,0,0
2026,3,29,08:48:44.986,16.16,205,66.9,0.8408,4718.8,722.7,3.939,2.08,3.89,0.01,0.01,-655.0,1800.0,340.0,-24328.0,20888,890,34.7,0.0,10556.0,0,0,0,e1f,d4e,d4a,d4a,d4a,1,1,1,1,1,0,0,0,0,1,1,1,0,0,1,1,1,0,0,1,0,1,0,1,1,0,0,0,1,0,1,0,0,1,0,1,0,1,1,0,0,0,1,0,1,0,0,1,0,1,0,1,1,0,0,0,1,0,1,0,0,1,0,1,0,1,1,0,0
2026,3,29,08:48:45.006,16.18,225,66.9,0.8399,4748.1,752.0,3.938,2.08,3.89,0.01,0.01,-655.0,1801.0,340.0,-24341.0,20924,897,33.6,0.0,10559.0,0,0,0,e1f,d4e,d4a,d4a,d4a,1,1,1,1,1,0,0,0,0,1,1,1,0,0,1,1,1,0,0,1,0,1,0,1,1,0,0,0,1,0,1,0,0,1,0,1,0,1,1,0,0,0,1,0,1,0,0,1,0,1,0,1,1,0,0,0,1,0,1,0,0,1,0,1,0,1,1,0,0
2026,3,29,08:48:45.026,16.20,245,66.9,0.8399,4749.4,753.3,3.938,2.08,3.89,0.01,0.01,-655.0,1801.0,340.0,-24355.0,20960,904,32.5,0.0,10562.0,0,0,0,e1f,d4e,d4a,d4a,d4a,1,1,1,1,1,0,0,0,0,1,1,1,0,0,1,1,1,0,0,1,0,1,0,1,1,0,0,0,1,0,1,0,0,1,0,1,0,1,1,0,0,0,1,0,1,0,0,1,0,1,0,1,1,0,0,0,1,0,1,0,0,1,0,1,0,1,1,0,0
2026,3,29,08:48:45.046,16.22,15,66.9,0.8392,4770.4,774.4,3.939,2.08,3.89,0.01,0.01,-655.0,1801.0,340.0,-24368.0,20996,911,31.4,0.0,10565.0,0,0,0,e1f,d4e,d4a,d4a,d4a,1,1,1,1,1,0,0,0,0,1,1,1,0,0,1,1,1,0,0,1,0,1,0,1,1,0,0,0,1,0,1,0,0,1,0,1,0,1,1,0,0,0,1,0,1,0,0,1,0,1,0,1,1,0,0,0,1,0,1,0,0,1,0,1,0,1,1,0,0
2026,3,29,08:48:45.066,16.24,35,66.9,0.8392,4771.7,775.6,3.939,2.08,3.88,0.01,0.01,-655.0,1802.0,340.0,-24381.0,21032,917,30.3,0.0,10568.0,0,0,0,e1f,d4e,d4a,d4a,d4a,1,1,1,1,1,0,0,0,0,1,1,1,0,0,1,1,1,0,0,1,0,1,0,1,1,0,0,0,1,0,1,0,0,1,0,1,0,1,1,0,0,0,1,0,1,0,0,1,0,1,0,1,1,0,0,0,1,0,1,0,0,1,0,1,0,1,1,0,0
2026,3,29,08:48:45.086,16.26,55,66.9,0.8387,4787.6,791.6,3.939,2.08,3.88,0.01,0.01,-656.0,1802.0,341.0,-24394.0,21068,924,29.3,0.0,10571.0,0,0,0,e1f,d4e,d4a,d4a,d4a,1,1,1,1,1,0,0,0,0,1,1,1,0,0,1,1,1,0,0,1,0,1,0,1,1,0,0,0,1,0,1,0,0,1,0,1,0,1,1,0,0,0,1,0,1,0,0,1,0,1,0,1,1,0,0,0,1,0,1,0,0,1,0,1,0,1,1,0,0
2026,3,29,08:48:45.106,16.28,75,66.8,0.8387,4788.3,792.2,3.939,2.08,3.89,0.01,0.01,-656.0,1803.0,341.0,-24407.0,21104,931,28.5,0.0,10574.0,0,0,0,e1f,d4e,d4a,d4a,d4a,1,1,1,1,1,0,0,0,0,1,1,1,0,0,1,1,1,0,0,1,0,1,0,1,1,0,0,0,1,0,1,0,0,1,0,1,0,1,1,0,0,0,1,0,1,0,0,1,0,1,0,1,1,0,0,0,1,0,1,0,0,1,0,1,0,1,1,0,0
2026,3,29,08:48:45.126,16.30,95,66.8,0.8381,4806.8,810.7,3.939,2.09,3.89,0.01,0.01,-656.0,1803.0,342.0,-24420.0,21140,938,27.8,0.0,10577.0,0,0,0,e1f,d4e,d4a,d4a,d4a,1,1,1,1,1,0,0,0,0,1,1,1,0,0,1,1,1,0,0,1,0,1,0,1,1,0,0,0,1,0,1,0,0,1,0,1,0,1,1,0,0,0,1,0,1,0,0,1,0,1,0,1,1,0,0,0,1,0,1,0,0,1,0,1,0,1,1,0,0
2026,3,29,08:48:45.146,16.32,115,66.8,0.8381,4807.4,811.4,3.939,2.09,3.89,0.01,0.01,-657.0,1804.0,343.0,-24433.0,21176,945,27.3,0.0,10580.0,0,0,0,e1f,d4e,d4a,d4a,d4a,1,1,1,1,1,0,0,0,0,1,1,1,0,0,1,1,1,0,0,1,0,1,0,1,1,0,0,0,1,0,1,0,0,1,0,1,0,1,1,0,0,0,1,0,1,0,0,1,0,1,0,1,1,0,0,0,1,0,1,0,0,1,0,1,0,1,1,0,0
2026,3,29,08:48:45.166,16.34,135,66.8,0.8373,4830.4,834.4,3.940,2.09,3.89,0.01,0.01,-657.0,1804.0,343.0,-24446.0,21212,952,27.0,0.0,10583.0,0,0,0,e1f,d4e,d4a,d4a,d4a,1,1,1,1,1,0,0,0,0,1,1,1,0,0,1,1,1,0,0,1,0,1,0,1,1,0,0,0,1,0,1,0,0,1,0,1,0,1,1,0,0,0,1,0,1,0,0,1,0,1,0,1,1,0,0,0,1,0,1,0,0,1,0,1,0,1,1,0,0
2026,3,29,08:48:45.186,16.36,155,66.8,0.8373,4830.4,834.4,3.939,2.09,3.89,0.01,0.01,-657.0,1804.0,344.0,-24460.0,21248,958,26.9,0.0,10586.0,0,0,0,e1f,d4e,d4a,d4a,d4a,1,1,1,1,1,0,0,0,0,1,1,1,0,0,1,1,1,0,0,1,0,1,0,1,1,0,0,0,1,0,1,0,0,1,0,1,0,1,1,0,0,0,1,0,1,0,0,1,0,1,0,1,1,0,0,0,1,0,1,0,0,1,0,1,0,1,1,0,0
2026,3,29,08:48:45.206,16.38,175,66.8,0.8369,4845.1,849.1,3.939,2.09,3.89,0.01,0.01,-658.0,1805.0,344.0,-24473.0,21284,965,27.0,0.0,10589.0,0,0,0,e1f,d4e,d4a,d4a,d4a,1,1,1,1,1,0,0,0,0,1,1,1,0,0,1,1,1,0,0,1,0,1,0,1,1,0,0,0,1,0,1,0,0,1,0,1,0,1,1,0,0,0,1,0,1,0,0,1,0,1,0,1,1,0,0,0,1,0,1,0,0,1,0,1,0,1,1,0,0
2026,3,29,08:48:45.226,16.40,195,66.8,0.8368,4846.4,850.4,3.939,2.09,3.89,0.01,0.01,-658.0,1805.0,345.0,-24486.0,21320,972,27.2,0.0,10592.0,0,0,0,e1f,d4e,d4a,d4a,d4a,1,1,1,1,1,0,0,0,0,1,1,1,0,0,1,1,1,0,0,1,0,1,0,1,1,0,0,0,1,0,1,0,0,1,0,1,0,1,1,0,0,0,1,0,1,0,0,1,0,1,0,1,1,0,0,0,1,0,1,0,0,1,0,1,0,1,1,0,0
2026,3,29,08:48:45.246,16.42,215,66.8,0.8366,4852.8,856.7,3.939,2.09,3.89,0.01,0.01,-658.0,1805.0,345.0,-24499.0,21356,979,27.7,0.0,10595.0,0,0,0,e1f,d4e,d4a,d4a,d4a,1,1,1,1,1,0,0,0,0,1,1,1,0,0,1,1,1,0,0,1,0,1,0,1,1,0,0,0,1,0,1,0,0,1,0,1,0,1,1,0,0,0,1,0,1,0,0,1,0,1,0,1,1,0,0,0,1,0,1,0,0,1,0,1,0,1,1,0,0
2026,3,29,08:48:45.266,16.44,235,66.8,0.8366,4853.4,857.4,3.940,2.09,3.89,0.01,0.01,-659.0,1806.0,345.0,-24512.0,21393,986,28.3,0.0,10598.0,0,0,0,e1f,d4e,d4a,d4a,d4a,1,1,1,1,1,0,0,0,0,1,1,1,0,0,1,1,1,0,0,1,0,1,0,1,1,0,0,0,1,0,1,0,0,1,0,1,0,1,1,0,0,0,1,0,1,0,0,1,0,1,0,1,1,0,0,0,1,0,1,0,0,1,0,1,0,1,1,0,0
2026,3,29,08:48:45.286,16.46,5,66.8,0.8363,4863.0,867.0,3.940,2.09,3.89,0.01,0.01,-659.0,1806.0,346.0,-24525.0,21429,993,29.1,0.0,10602.0,0,0,0,e1f,d4e,d4a,d4a,d4a,1,1,1,1,1,0,0,0,0,1,1,1,0,0,1,1,1,0,0,1,0,1,0,1,1,0,0,0,1,0,1,0,0,1,0,1,0,1,1,0,0,0,1,0,1,0,0,1,0,1,0,1,1,0,0,0,1,0,1,0,0,1,0,1,0,1,1,0,0
2026,3,29,08:48:45.306,16.48,25,66.8,0.8363,4863.7,867.6,3.939,2.09,3.89,0.01,0.01,-659.0,1806.0,346.0,-24539.0,21465,1000,29.9,0.0,10605.0,0,0,0,e1f,d4e,d4a,d4a,d4a,1,1,1,1,1,0,0,0,0,1,1,1,0,0,1,1,1,0,0,1,0,1,0,1,1,0,0,0,1,0,1,0,0,1,0,1,0,1,1,0,0,0,1,0,1,0,0,1,0,1,0,1,1,0,0,0,1,0,1,0,0,1,0,1,0,1,1,0,0
2026,3,29,08:48:45.326,16.50,45,66.8,0.8364,4860.5,864.4,3.939,2.09,3.89,0.01,0.01,-659.0,1807.0,346.0,-24552.0,21501,1007,30.8,0.0,10608.0,0,0,0,e1f,d4e,d4a,d4a,d4a,1,1,1,1,1,0,0,0,0,1,1,1,0,0,1,1,1,0,0,1,0,1,0,1,1,0,0,0,1,0,1,0,0,1,0,1,0,1,1,0,0,0,1,0,1,0,0,1,0,1,0,1,1,0,0,0,1,0,1,0,0,1,0,1,0,1,1,0,0
2026,3,29,08:48:45.346,16.52,65,66.8,0.8364,4859.8,863.8,3.940,2.09,3.89,0.01,0.01,-659.0,1807.0,346.0,-24565.0,21537,1014,31.8,0.0,10611.0,0,0,0,e1f,d4e,d4a,d4a,d4a,1,1,1,1,1,0,0,0,0,1,1,1,0,0,1,1,1,0,0,1,0,1,0,1,1,0,0,0,1,0,1,0,0,1,0,1,0,1,1,0,0,0,1,0,1,0,0,1,0,1,0,1,1,0,0,0,1,0,1,0,0,1,0,1,0,1,1,0,0
2026,3,29,08:48:45.366,16.54,85,66.8,0.8365,4858.6,862.5,3.939,2.09,3.89,0.01,0.01,-659.0,1808.0,345.0,-24578.0,21573,1021,32.8,0.0,10614.0,0,0,0,e1f,d4e,d4a,d4a,d4a,1,1,1,1,1,0,0,0,0,1,1,1,0,0,1,1,1,0,0,1,0,1,0,1,1,0,0,0,1,0,1,0,0,1,0,1,0,1,1,0,0,0,1,0,1,0,0,1,0,1,0,1,1,0,0,0,1,0,1,0,0,1,0,1,0,1,1,0,0
2026,3,29,08:48:45.386,16.56,105,66.8,0.8365,4858.6,862.5,3.939,2.09,3.89,0.01,0.01,-659.0,1808.0,345.0,-24591.0,21610,1028,33.7,0.0,10617.0,0,0,0,e1f,d4e,d4a,d4a,d4a,1,1,1,1,1,0,0,0,0,1,1,1,0,0,1,1,1,0,0,1,0,1,0,1,1,0,0,0,1,0,1,0,0,1,0,1,0,1,1,0,0,0,1,0,1,0,0,1,0,1,0,1,1,0,0,0,1,0,1,0,0,1,0,1,0,1,1,0,0
2026,3,29,08:48:45.406,16.58,125,66.8,0.8366,4854.7,858.7,3.939,2.09,3.89,0.01,0.01,-659.0,1809.0,345.0,-24605.0,21646,1034,34.7,0.0,10620.0,0,0,0,e1f,d4e,d4a,d4a,d4a,1,1,1,1,1,0,0,0,0,1,1,1,0,0,1,1,1,0,0,1,0,1,0,1,1,0,0,0,1,0,1,0,0,1,0,1,0,1,1,0,0,0,1,0,1,0,0,1,0,1,0,1,1,0,0,0,1,0,1,0,0,1,0,1,0,1,1,0,0
2026,3,29,08:48:45.426,16.60,145,66.8,0.8366,4854.1,858.0,3.939,2.09,3.89,0.01,0.01,-659.0,1809.0,345.0,-24618.0,21682,1041,35.5,0.0,10622.0,0,0,0,e1f,d4e,d4a,d4a,d4a,1,1,1,1,1,0,0,0,0,1,1,1,0,0,1,1,1,0,0,1,0,1,0,1,1,0,0,0,1,0,1,0,0,1,0,1,0,1,1,0,0,0,1,0,1,0,0,1,0,1,0,1,1,0,0,0,1,0,1,0,0,1,0,1,0,1,1,0,0
2026,3,29,08:48:45.446,16.62,165,66.8,0.8371,4839.4,843.3,3.939,2.09,3.89,0.01,0.01,-659.0,1810.0,344.0,-24631.0,21718,1048,36.3,0.0,10625.0,0,0,0,e1f,d4e,d4a,d4a,d4a,1,1,1,1,1,0,0,0,0,1,1,1,0,0,1,1,1,0,0,1,0,1,0,1,1,0,0,0,1,0,1,0,0,1,0,1,0,1,1,0,0,0,1,0,1,0,0,1,0,1,0,1,1,0,0,0,1,0,1,0,0,1,0,1,0,1,1,0,0
2026,3,29,08:48:45.466,16.64,185,66.8,0.8371,4838.7,842.7,3.940,2.09,3.89,0.01,0.01,-658.0,1810.0,344.0,-24644.0,21754,1055,37.0,0.0,10627.0,0,0,0,e1f,d4e,d4a,d4a,d4a,1,1,1,1,1,0,0,0,0,1,1,1,0,0,1,1,1,0,0,1,0,1,0,1,1,0,0,0,1,0,1,0,0,1,0,1,0,1,1,0,0,0,1,0,1,0,0,1,0,1,0,1,1,0,0,0,1,0,1,0,0,1,0,1,0,1,1,0,0
2026,3,29,08:48:45.486,16.66,205,66.8,0.8371,4838.7,842.7,3.939,2.09,3.89,0.01,0.01,-658.0,1811.0,343.0,-24657.0,21790,1062,37.6,0.0,10629.0,0,0,0,e1f,d4e,d4a,d4a,d4a,1,1,1,1,1,0,0,0,0,1,1,1,0,0,1,1,1,0,0,1,0,1,0,1,1,0,0,0,1,0,1,0,0,1,0,1,0,1,1,0,0,0,1,0,1,0,0,1,0,1,0,1,1,0,0,0,1,0,1,0,0,1,0,1,0,1,1,0,0
2026,3,29,08:48:45.506,16.68,225,66.8,0.8371,4838.1,842.0,3.940,2.09,3.89,0.01,0.01,-658.0,1811.0,343.0,-24670.0,21827,1069,38.0,0.0,10631.0,0,0,0,e1f,d4e,d4a,d4a,d4a,1,1,1,1,1,0,0,0,0,1,1,1,0,0,1,1,1,0,0,1,0,1,0,1,1,0,0,0,1,0,1,0,0,1,0,1,0,1,1,0,0,0,1,0,1,0,0,1,0,1,0,1,1,0,0,0,1,0,1,0,0,1,0,1,0,1,1,0,0
2026,3,29,08:48:45.526,16.70,245,66.8,0.8376,4823.4,827.3,3.939,2.09,3.89,0.01,0.01,-658.0,1812.0,343.0,-24684.0,21863,1076,38.4,0.0,10633.0,0,0,0,e1f,d4e,d4a,d4a,d4a,1,1,1,1,1,0,0,0,0,1,1,1,0,0,1,1,1,0,0,1,0,1,0,1,1,0,0,0,1,0,1,0,0,1,0,1,0,1,1,0,0,0,1,0,1,0,0,1,0,1,0,1,1,0,0,0,1,0,1,0,0,1,0,1,0,1,1,0,0
2026,3,29,08:48:45.546,16.72,15,66.9,0.8376,4822.1,826.1,3.940,2.09,3.89,0.01,0.01,-658.0,1812.0,343.0,-24697.0,21899,1083,38.6,0.0,10635.0,0,0,0,e1f,d4e,d4a,d4a,d4a,1,1,1,1,1,0,0,0,0,1,1,1,0,0,1,1,1,0,0,1,0,1,0,1,1,0,0,0,1,0,1,0,0,1,0,1,0,1,1,0,0,0,1,0,1,0,0,1,0,1,0,1,1,0,0,0,1,0,1,0,0,1,0,1,0,1,1,0,0
2026,3,29,08:48:45.566,16.74,35,66.9,0.8381,4806.2,810.1,3.939,2.09,3.89,0.01,0.01,-657.0,1813.0,342.0,-24710.0,21935,1090,38.8,0.0,10637.0,0,0,0,e1f,d4e,d4a,d4a,d4a,1,1,1,1,1,0,0,0,0,1,1,1,0,0,1,1,1,0,0,1,0,1,0,1,1,0,0,0,1,0,1,0,0,1,0,1,0,1,1,0,0,0,1,0,1,0,0,1,0,1,0,1,1,0,0,0,1,0,1,0,0,1,0,1,0,1,1,0,0
2026,3,29,08:48:45.586,16.76,55,66.9,0.8381,4804.9,808.8,3.939,2.09,3.89,0.01,0.01,-657.0,1814.0,342.0,-24723.0,21972,1096,38.8,0.0,10639.0,0,0,0,e1f,d4e,d4a,d4a,d4a,1,1,1,1,1,0,0,0,0,1,1,1,0,0,1,1,1,0,0,1,0,1,0,1,1,0,0,0,1,0,1,0,0,1,0,1,0,1,1,0,0,0,1,0,1,0,0,1,0,1,0,1,1,0,0,0,1,0,1,0,0,1,0,1,0,1,1,0,0
2026,3,29,08:48:45.606,16.78,75,66.9,0.8387,4787.0,791.0,3.940,2.09,3.89,0.01,0.01,-657.0,1815.0,342.0,-24736.0,22008,1103,38.6,0.0,10641.0,0,0,0,e1f,d4e,d4a,d4a,d4a,1,1,1,1,1,0,0,0,0,1,1,1,0,0,1,1,1,0,0,1,0,1,0,1,1,0,0,0,1,0,1,0,0,1,0,1,0,1,1,0,0,0,1,0,1,0,0,1,0,1,0,1,1,0,0,0,1,0,1,0,0,1,0,1,0,1,1,0,0
2026,3,29,08:48:45.626,16.80,95,66.9,0.8387,4785.7,789.7,3.939,2.09,3.89,0.01,0.01,-657.0,1816.0,342.0,-24749.0,22044,1110,38.4,0.0,10644.0,0,0,0,e1f,d4e,d4a,d4a,d4a,1,1,1,1,1,0,0,0,0,1,1,1,0,0,1,1,1,0,0,1,0,1,0,1,1,0,0,0,1,0,1,0,0,1,0,1,0,1,1,0,0,0,1,0,1,0,0,1,0,1,0,1,1,0,0,0,1,0,1,0,0,1,0,1,0,1,1,0,0
2026,3,29,08:48:45.646,16.82,115,66.9,0.8398,4753.2,757.1,3.939,2.09,3.89,0.01,0.01,-656.0,1816.0,342.0,-24763.0,22081,1117,37.9,0.0,10646.0,0,0,0,e1f,d4e,d4a,d4a,d4a,1,1,1,1,1,0,0,0,0,1,1,1,0,0,1,1,1,0,0,1,0,1,0,1,1,0,0,0,1,0,1,0,0,1,0,1,0,1,1,0,0,0,1,0,1,0,0,1,0,1,0,1,1,0,0,0,1,0,1,0,0,1,0,1,0,1,1,0,0
2026,3,29,08:48:45.666,16.84,135,67.0,0.8398,4752.6,756.5,3.939,2.09,3.89,0.01,0.01,-656.0,1817.0,342.0,-24776.0,22117,1124,37.4,0.0,10648.0,0,0,0,e1f,d4e,d4a,d4a,d4a,1,1,1,1,1,0,0,0,0,1,1,1,0,0,1,1,1,0,0,1,0,1,0,1,1,0,0,0,1,0,1,0,0,1,0,1,0,1,1,0,0,0,1,0,1,0,0,1,0,1,0,1,1,0,0,0,1,0,1,0,0,1,0,1,0,1,1,0,0
2026,3,29,08:48:45.686,16.86,155,67.0,0.8405,4730.9,734.8,3.940,2.10,3.89,0.01,0.01,-656.0,1818.0,342.0,-24789.0,22153,1131,36.7,0.0,10650.0,0,0,0,e1f,d4e,d4a,d4a,d4a,1,1,1,1,1,0,0,0,0,1,1,1,0,0,1,1,1,0,0,1,0,1,0,1,1,0,0,0,1,0,1,0,0,1,0,1,0,1,1,0,0,0,1,0,1,0,0,1,0,1,0,1,1,0,0,0,1,0,1,0,0,1,0,1,0,1,1,0,0
2026,3,29,08:48:45.706,16.88,175,67.0,0.8405,4730.3,734.2,3.939,2.10,3.89,0.01,0.01,-656.0,1819.0,342.0,-24802.0,22190,1138,35.9,0.0,10651.0,0,0,0,e1f,d4e,d4a,d4a,d4a,1,1,1,1,1,0,0,0,0,1,1,1,0,0,1,1,1,0,0,1,0,1,0,1,1,0,0,0,1,0,1,0,0,1,0,1,0,1,1,0,0,0,1,0,1,0,0,1,0,1,0,1,1,0,0,0,1,0,1,0,0,1,0,1,0,1,1,0,0
2026,3,29,08:48:45.726,16.90,195,67.0,0.8410,4712.4,716.4,3.940,2.10,3.89,0.01,0.01,-656.0,1820.0,343.0,-24815.0,22226,1144,35.1,0.0,10653.0,0,0,0,e1f,d4e,d4a,d4a,d4a,1,1,1,1,1,0,0,0,0,1,1,1,0,0,1,1,1,0,0,1,0,1,0,1,1,0,0,0,1,0,1,0,0,1,0,1,0,1,1,0,0,0,1,0,1,0,0,1,0,1,0,1,1,0,0,0,1,0,1,0,0,1,0,1,0,1,1,0,0
2026,3,29,08:48:45.746,16.92,215,67.0,0.8411,4711.8,715.7,3.940,2.10,3.89,0.01,0.01,-656.0,1821.0,343.0,-24828.0,22263,1151,34.2,0.0,10654.0,0,0,0,e1f,d4e,d4a,d4a,d4a,1,1,1,1,1,0,0,0,0,1,1,1,0,0,1,1,1,0,0,1,0,1,0,1,1,0,0,0,1,0,1,0,0,1,0,1,0,1,1,0,0,0,1,0,1,0,0,1,0,1,0,1,1,0,0,0,1,0,1,0,0,1,0,1,0,1,1,0,0
2026,3,29,08:48:45.766,16.94,235,67.0,0.8413,4704.2,708.1,3.939,2.10,3.89,0.01,0.01,-656.0,1822.0,344.0,-24841.0,22299,1158,33.2,0.0,10655.0,0,0,0,e1f,d4e,d4a,d4a,d4a,1,1,1,1,1,0,0,0,0,1,1,1,0,0,1,1,1,0,0,1,0,1,0,1,1,0,0,0,1,0,1,0,0,1,0,1,0,1,1,0,0,0,1,0,1,0,0,1,0,1,0,1,1,0,0,0,1,0,1,0,0,1,0,1,0,1,1,0,0
2026,3,29,08:48:45.786,16.96,5,67.0,0.8413,4702.9,706.8,3.940,2.10,3.89,0.01,0.01,-656.0,1823.0,344.0,-24854.0,22335,1165,32.3,0.0,10656.0,0,0,0,e1f,d4e,d4a,d4a,d4a,1,1,1,1,1,0,0,0,0,1,1,1,0,0,1,1,1,0,0,1,0,1,0,1,1,0,0,0,1,0,1,0,0,1,0,1,0,1,1,0,0,0,1,0,1,0,0,1,0,1,0,1,1,0,0,0,1,0,1,0,0,1,0,1,0,1,1,0,0
2026,3,29,08:48:45.806,16.98,25,67.0,0.8416,4693.3,697.3,3.939,2.10,3.89,0.01,0.01,-656.0,1824.0,345.0,-24868.0,22372,1172,31.3,0.0,10656.0,0,0,0,e1f,d4e,d4a,d4a,d4a,1,1,1,1,1,0,0,0,0,1,1,1,0,0,1,1,1,0,0,1,0,1,0,1,1,0,0,0,1,0,1,0,0,1,0,1,0,1,1,0,0,0,1,0,1,0,0,1,0,1,0,1,1,0,0,0,1,0,1,0,0,1,0,1,0,1,1,0,0
2026,3,29,08:48:45.826,17.00,45,67.0,0.8416,4693.3,697.3,3.938,2.10,3.89,0.01,0.01,-656.0,1824.0,346.0,-24881.0,22408,1179,30.3,0.0,10657.0,0,0,0,e1f,d4e,d4a,d4a,d4a,1,1,1,1,1,0,0,0,0,1,1,1,0,0,1,1,1,0,0,1,0,1,0,1,1,0,0,0,1,0,1,0,0,1,0,1,0,1,1,0,0,0,1,0,1,0,0,1,0,1,0,1,1,0,0,0,1,0,1,0,0,1,0,1,0,1,1,0,0
2026,3,29,08:48:45.846,17.02,65,67.0,0.8418,4688.2,692.2,3.939,2.10,3.89,0.01,0.01,-656.0,1825.0,347.0,-24894.0,22445,1186,29.3,0.0,10658.0,0,0,0,e1f,d4e,d4a,d4a,d4a,1,1,1,1,1,0,0,0,0,1,1,1,0,0,1,1,1,0,0,1,0,1,0,1,1,0,0,0,1,0,1,0,0,1,0,1,0,1,1,0,0,0,1,0,1,0,0,1,0,1,0,1,1,0,0,0,1,0,1,0,0,1,0,1,0,1,1,0,0
2026,3,29,08:48:45.866,17.04,85,67.0,0.8418,4688.9,692.8,3.939,2.10,3.89,0.01,0.01,-657.0,1826.0,348.0,-24907.0,22481,1193,28.3,0.0,10658.0,0,0,0,e1f,d4e,d4a,d4a,d4a,1,1,1,1,1,0,0,0,0,1,1,1,0,0,1,1,1,0,0,1,0,1,0,1,1,0,0,0,1,0,1,0,0,1,0,1,0,1,1,0,0,0,1,0,1,0,0,1,0,1,0,1,1,0,0,0,1,0,1,0,0,1,0,1,0,1,1,0,0
2026,3,29,08:48:45.886,17.06,105,67.0,0.8419,4683.8,687.7,3.939,2.10,3.89,0.01,0.01,-657.0,1827.0,348.0,-24920.0,22518,1200,27.4,0.0,10658.0,0,0,0,e1f,d4e,d4a,d4a,d4a,1,1,1,1,1,0,0,0,0,1,1,1,0,0,1,1,1,0,0,1,0,1,0,1,1,0,0,0,1,0,1,0,0,1,0,1,0,1,1,0,0,0,1,0,1,0,0,1,0,1,0,1,1,0,0,0,1,0,1,0,0,1,0,1,0,1,1,0,0
2026,3,29,08:48:45.906,17.08,125,67.0,0.8419,4683.8,687.7,3.939,2.10,3.89,0.01,0.01,-657.0,1828.0,349.0,-24933.0,22555,1207,26.5,0.0,10659.0,0,0,0,e1f,d4e,d4a,d4a,d4a,1,1,1,1,1,0,0,0,0,1,1,1,0,0,1,1,1,0,0,1,0,1,0,1,1,0,0,0,1,0,1,0,0,1,0,1,0,1,1,0,0,0,1,0,1,0,0,1,0,1,0,1,1,0,0,0,1,0,1,0,0,1,0,1,0,1,1,0,0
2026,3,29,08:48:45.926,17.10,145,67.0,0.8421,4677.4,681.4,3.940,2.10,3.89,0.01,0.01,-657.0,1828.0,350.0,-24946.0,22591,1214,25.6,0.0,10659.0,0,0,0,e1f,d4e,d4a,d4a,d4a,1,1,1,1,1,0,0,0,0,1,1,1,0,0,1,1,1,0,0,1,0,1,0,1,1,0,0,0,1,0,1,0,0,1,0,1,0,1,1,0,0,0,1,0,1,0,0,1,0,1,0,1,1,0,0,0,1,0,1,0,0,1,0,1,0,1,1,0,0
2026,3,29,08:48:45.946,17.12,165,67.0,0.8421,4678.1,682.0,3.940,2.10,3.89,0.01,0.01,-658.0,1829.0,351.0,-24960.0,22628,1221,24.9,0.0,10659.0,0,0,0,e1f,d4e,d4a,d4a,d4a,1,1,1,1,1,0,0,0,0,1,1,1,0,0,1,1,1,0,0,1,0,1,0,1,1,0,0,0,1,0,1,0,0,1,0,1,0,1,1,0,0,0,1,0,1,0,0,1,0,1,0,1,1,0,0,0,1,0,1,0,0,1,0,1,0,1,1,0,0
2026,3,29,08:48:45.966,17.14,185,67.0,0.8421,4678.1,682.0,3.938,2.10,3.89,0.01,0.01,-658.0,1829.0,351.0,-24973.0,22664,1228,24.2,0.0,10659.0,0,0,0,e1f,d4e,d4a,d4a,d4a,1,1,1,1,1,0,0,0,0,1,1,1,0,0,1,1,1,0,0,1,0,1,0,1,1,0,0,0,1,0,1,0,0,1,0,1,0,1,1,0,0,0,1,0,1,0,0,1,0,1,0,1,1,0,0,0,1,0,1,0,0,1,0,1,0,1,1,0,0
2026,3,29,08:48:45.986,17.16,205,67.0,0.8421,4678.7,682.6,3.939,2.10,3.89,0.01,0.01,-658.0,1830.0,352.0,-24986.0,22701,1235,23.7,0.0,10659.0,0,0,0,e1f,d4e,d4a,d4a,d4a,1,1,1,1,1,0,0,0,0,1,1,1,0,0,1,1,1,0,0,1,0,1,0,1,1,0,0,0,1,0,1,0,0,1,0,1,0,1,1,0,0,0,1,0,1,0,0,1,0,1,0,1,1,0,0,0,1,0,1,0,0,1,0,1,0,1,1,0,0
2026,3,29,08:48:46.006,17.18,225,67.0,0.8422,4675.5,679.5,3.940,2.10,3.89,0.01,0.01,-659.0,1831.0,352.0,-24999.0,22738,1242,23.3,0.0,10659.0,0,0,0,e1f,d4e,d4a,d4a,d4a,1,1,1,1,1,0,0,0,0,1,1,1,0,0,1,1,1,0,0,1,0,1,0,1,1,0,0,0,1,0,1,0,0,1,0,1,0,1,1,0,0,0,1,0,1,0,0,1,0,1,0,1,1,0,0,0,1,0,1,0,0,1,0,1,0,1,1,0,0
2026,3,29,08:48:46.026,17.20,245,67.0,0.8422,4675.5,679.5,3.939,2.10,3.89,0.01,0.01,-659.0,1831.0,353.0,-25012.0,22774,1249,23.0,0.0,10660.0,0,0,0,e1f,d4e,d4a,d4a,d4a,1,1,1,1,1,0,0,0,0,1,1,1,0,0,1,1,1,0,0,1,0,1,0,1,1,0,0,0,1,0,1,0,0,1,0,1,0,1,1,0,0,0,1,0,1,0,0,1,0,1,0,1,1,0,0,0,1,0,1,0,0,1,0,1,0,1,1,0,0
2026,3,29,08:48:46.046,17.22,15,67.0,0.8421,4678.7,682.6,3.939,2.10,3.89,0.01,0.01,-659.0,1832.0,353.0,-25025.0,22811,1256,22.8,0.0,10660.0,0,0,0,e1f,d4e,d4a,d4a,d4a,1,1,1,1,1,0,0,0,0,1,1,1,0,0,1,1,1,0,0,1,0,1,0,1,1,0,0,0,1,0,1,0,0,1,0,1,0,1,1,0,0,0,1,0,1,0,0,1,0,1,0,1,1,0,0,0,1,0,1,0,0,1,0,1,0,1,1,0,0
2026,3,29,08:48:46.066,17.24,35,66.9,0.8421,4679.3,683.3,3.940,2.10,3.89,0.01,0.01,-660.0,1833.0,353.0,-25039.0,22847,1263,22.8,0.0,10660.0,0,0,0,e1f,d4e,d4a,d4a,d4a,1,1,1,1,1,0,0,0,0,1,1,1,0,0,1,1,1,0,0,1,0,1,0,1,1,0,0,0,1,0,1,0,0,1,0,1,0,1,1,0,0,0,1,0,1,0,0,1,0,1,0,1,1,0,0,0,1,0,1,0,0,1,0,1,0,1,1,0,0
2026,3,29,08:48:46.086,17.26,55,66.9,0.8418,4688.9,692.8,3.939,2.10,3.89,0.01,0.01,-660.0,1833.0,353.0,-25052.0,22884,1270,22.9,0.0,10661.0,0,0,0,e1f,d4e,d4a,d4a,d4a,1,1,1,1,1,0,0,0,0,1,1,1,0,0,1,1,1,0,0,1,0,1,0,1,1,0,0,0,1,0,1,0,0,1,0,1,0,1,1,0,0,0,1,0,1,0,0,1,0,1,0,1,1,0,0,0,1,0,1,0,0,1,0,1,0,1,1,0,0
2026,3,29,08:48:46.106,17.28,75,66.9,0.8417,4690.2,694.1,3.939,2.10,3.89,0.01,0.01,-660.0,1834.0,354.0,-25065.0,22921,1277,23.1,0.0,10661.0,0,0,0,e1f,d4e,d4a,d4a,d4a,1,1,1,1,1,0,0,0,0,1,1,1,0,0,1,1,1,0,0,1,0,1,0,1,1,0,0,0,1,0,1,0,0,1,0,1,0,1,1,0,0,0,1,0,1,0,0,1,0,1,0,1,1,0,0,0,1,0,1,0,0,1,0,1,0,1,1,0,0
2026,3,29,08:48:46.126,17.30,95,66.9,0.8418,4687.0,690.9,3.940,2.10,3.89,0.01,0.01,-661.0,1835.0,354.0,-25078.0,22958,1284,23.4,0.0,10662.0,0,0,0,e1f,d4e,d4a,d4a,d4a,1,1,1,1,1,0,0,0,0,1,1,1,0,0,1,1,1,0,0,1,0,1,0,1,1,0,0,0,1,0,1,0,0,1,0,1,0,1,1,0,0,0,1,0,1,0,0,1,0,1,0,1,1,0,0,0,1,0,1,0,0,1,0,1,0,1,1,0,0
2026,3,29,08:48:46.146,17.32,115,66.9,0.8418,4687.6,691.5,3.940,2.10,3.89,0.01,0.01,-661.0,1835.0,354.0,-25092.0,22994,1291,23.9,0.0,10663.0,0,0,0,e1f,d4e,d4a,d4a,d4a,1,1,1,1,1,0,0,0,0,1,1,1,0,0,1,1,1,0,0,1,0,1,0,1,1,0,0,0,1,0,1,0,0,1,0,1,0,1,1,0,0,0,1,0,1,0,0,1,0,1,0,1,1,0,0,0,1,0,1,0,0,1,0,1,0,1,1,0,0
2026,3,29,08:48:46.166,17.34,135,66.9,0.8418,4688.9,692.8,3.939,2.10,3.89,0.01,0.01,-661.0,1836.0,354.0,-25105.0,23031,1298,24.4,0.0,10664.0,0,0,0,e1f,d4e,d4a,d4a,d4a,1,1,1,1,1,0,0,0,0,1,1,1,0,0,1,1,1,0,0,1,0,1,0,1,1,0,0,0,1,0,1,0,0,1,0,1,0,1,1,0,0,0,1,0,1,0,0,1,0,1,0,1,1,0,0,0,1,0,1,0,0,1,0,1,0,1,1,0,0
2026,3,29,08:48:46.186,17.36,155,66.9,0.8418,4688.9,692.8,3.939,2.10,3.89,0.01,0.01,-662.0,1837.0,354.0,-25118.0,23068,1306,25.1,0.0,10666.0,0,0,0,e1f,d4e,d4a,d4a,d4a,1,1,1,1,1,0,0,0,0,1,1,1,0,0,1,1,1,0,0,1,0,1,0,1,1,0,0,0,1,0,1,0,0,1,0,1,0,1,1,0,0,0,1,0,1,0,0,1,0,1,0,1,1,0,0,0,1,0,1,0,0,1,0,1,0,1,1,0,0
2026,3,29,08:48:46.206,17.38,175,66.9,0.8419,4685.7,689.6,3.939,2.10,3.89,0.01,0.01,-662.0,1838.0,354.0,-25131.0,23104,1313,25.9,0.0,10667.0,0,0,0,e1f,d4e,d4a,d4a,d4a,1,1,1,1,1,0,0,0,0,1,1,1,0,0,1,1,1,0,0,1,0,1,0,1,1,0,0,0,1,0,1,0,0,1,0,1,0,1,1,0,0,0,1,0,1,0,0,1,0,1,0,1,1,0,0,0,1,0,1,0,0,1,0,1,0,1,1,0,0
2026,3,29,08:48:46.226,17.40,195,66.9,0.8419,4685.7,689.6,3.940,2.10,3.89,0.01,0.01,-662.0,1839.0,354.0,-25145.0,23141,1320,26.8,0.0,10669.0,0,0,0,e1f,d4e,d4a,d4a,d4a,1,1,1,1,1,0,0,0,0,1,1,1,0,0,1,1,1,0,0,1,0,1,0,1,1,0,0,0,1,0,1,0,0,1,0,1,0,1,1,0,0,0,1,0,1,0,0,1,0,1,0,1,1,0,0,0,1,0,1,0,0,1,0,1,0,1,1,0,0
2026,3,29,08:48:46.246,17.42,215,66.9,0.8421,4678.1,682.0,3.939,2.11,3.89,0.01,0.01,-662.0,1840.0,354.0,-25158.0,23178,1327,27.9,0.0,10671.0,0,0,0,e1f,d4e,d4a,d4a,d4a,1,1,1,1,1,0,0,0,0,1,1,1,0,0,1,1,1,0,0,1,0,1,0,1,1,0,0,0,1,0,1,0,0,1,0,1,0,1,1,0,0,0,1,0,1,0,0,1,0,1,0,1,1,0,0,0,1,0,1,0,0,1,0,1,0,1,1,0,0
2026,3,29,08:48:46.266,17.44,235,66.9,0.8421,4678.1,682.0,3.940,2.11,3.89,0.01,0.01,-663.0,1841.0,354.0,-25171.0,23215,1334,29.3,0.0,10673.0,0,0,0,e1f,d4e,d4a,d4a,d4a,1,1,1,1,1,0,0,0,0,1,1,1,0,0,1,1,1,0,0,1,0,1,0,1,1,0,0,0,1,0,1,0,0,1,0,1,0,1,1,0,0,0,1,0,1,0,0,1,0,1,0,1,1,0,0,0,1,0,1,0,0,1,0,1,0,1,1,0,0
2026,3,29,08:48:46.286,17.46,5,66.9,0.8425,4666.6,670.6,3.940,2.11,3.89,0.01,0.01,-663.0,1841.0,353.0,-25184.0,23252,1341,30.8,0.0,10676.0,0,0,0,e1f,d4e,d4a,d4a,d4a,1,1,1,1,1,0,0,0,0,1,1,1,0,0,1,1,1,0,0,1,0,1,0,1,1,0,0,0,1,0,1,0,0,1,0,1,0,1,1,0,0,0,1,0,1,0,0,1,0,1,0,1,1,0,0,0,1,0,1,0,0,1,0,1,0,1,1,0,0
2026,3,29,08:48:46.306,17.48,25,66.9,0.8425,4666.6,670.6,3.939,2.11,3.89,0.01,0.01,-664.0,1842.0,353.0,-25198.0,23288,1348,32.6,0.0,10678.0,0,0,0,e1f,d4e,d4a,d4a,d4a,1,1,1,1,1,0,0,0,0,1,1,1,0,0,1,1,1,0,0,1,0,1,0,1,1,0,0,0,1,0,1,0,0,1,0,1,0,1,1,0,0,0,1,0,1,0,0,1,0,1,0,1,1,0,0,0,1,0,1,0,0,1,0,1,0,1,1,0,0
2026,3,29,08:48:46.326,17.50,45,66.9,0.8431,4648.2,652.1,3.939,2.11,3.89,0.01,0.01,-664.0,1842.0,353.0,-25211.0,23325,1355,34.6,0.0,10681.0,0,0,0,e1f,d4e,d4a,d4a,d4a,1,1,1,1,1,0,0,0,0,1,1,1,0,0,1,1,1,0,0,1,0,1,0,1,1,0,0,0,1,0,1,0,0,1,0,1,0,1,1,0,0,0,1,0,1,0,0,1,0,1,0,1,1,0,0,0,1,0,1,0,0,1,0,1,0,1,1,0,0
2026,3,29,08:48:46.346,17.52,65,66.9,0.8431,4648.2,652.1,3.940,2.11,3.89,0.01,0.01,-664.0,1843.0,353.0,-25224.0,23362,1362,36.7,0.0,10684.0,0,0,0,e1f,d4e,d4a,d4a,d4a,1,1,1,1,1,0,0,0,0,1,1,1,0,0,1,1,1,0,0,1,0,1,0,1,1,0,0,0,1,0,1,0,0,1,0,1,0,1,1,0,0,0,1,0,1,0,0,1,0,1,0,1,1,0,0,0,1,0,1,0,0,1,0,1,0,1,1,0,0
2026,3,29,08:48:46.366,17.54,85,66.9,0.8437,4628.5,632.4,3.940,2.11,3.89,0.01,0.01,-664.0,1843.0,352.0,-25237.0,23399,1369,38.8,0.0,10687.0,0,0,0,e1f,d4e,d4a,d4a,d4a,1,1,1,1,1,0,0,0,0,1,1,1,0,0,1,1,1,0,0,1,0,1,0,1,1,0,0,0,1,0,1,0,0,1,0,1,0,1,1,0,0,0,1,0,1,0,0,1,0,1,0,1,1,0,0,0,1,0,1,0,0,1,0,1,0,1,1,0,0
2026,3,29,08:48:46.386,17.56,105,66.9,0.8437,4627.9,631.8,3.940,2.11,3.89,0.01,0.01,-664.0,1843.0,352.0,-25251.0,23436,1376,41.0,0.0,10690.0,0,0,0,e1f,d4e,d4a,d4a,d4a,1,1,1,1,1,0,0,0,0,1,1,1,0,0,1,1,1,0,0,1,0,1,0,1,1,0,0,0,1,0,1,0,0,1,0,1,0,1,1,0,0,0,1,0,1,0,0,1,0,1,0,1,1,0,0,0,1,0,1,0,0,1,0,1,0,1,1,0,0
2026,3,29,08:48:46.406,17.58,125,66.9,0.8445,4603.1,607.0,3.940,2.11,3.89,0.01,0.01,-664.0,1843.0,352.0,-25264.0,23473,1383,43.0,0.0,10693.0,0,0,0,e1f,d4e,d4a,d4a,d4a,1,1,1,1,1,0,0,0,0,1,1,1,0,0,1,1,1,0,0,1,0,1,0,1,1,0,0,0,1,0,1,0,0,1,0,1,0,1,1,0,0,0,1,0,1,0,0,1,0,1,0,1,1,0,0,0,1,0,1,0,0,1,0,1,0,1,1,0,0
2026,3,29,08:48:46.426,17.60,145,67.0,0.8445,4602.5,606.4,3.939,2.11,3.89,0.01,0.01,-665.0,1842.0,352.0,-25277.0,23510,1390,45.1,0.0,10697.0,0,0,0,e1f,d4e,d4a,d4a,d4a,1,1,1,1,1,0,0,0,0,1,1,1,0,0,1,1,1,0,0,1,0,1,0,1,1,0,0,0,1,0,1,0,0,1,0,1,0,1,1,0,0,0,1,0,1,0,0,1,0,1,0,1,1,0,0,0,1,0,1,0,0,1,0,1,0,1,1,0,0
2026,3,29,08:48:46.446,17.62,165,67.0,0.8453,4577.7,581.7,3.939,2.11,3.89,0.01,0.01,-665.0,1842.0,352.0,-25291.0,23547,1397,47.1,0.0,10700.0,0,0,0,e1f,d4e,d4a,d4a,d4a,1,1,1,1,1,0,0,0,0,1,1,1,0,0,1,1,1,0,0,1,0,1,0,1,1,0,0,0,1,0,1,0,0,1,0,1,0,1,1,0,0,0,1,0,1,0,0,1,0,1,0,1,1,0,0,0,1,0,1,0,0,1,0,1,0,1,1,0,0
2026,3,29,08:48:46.466,17.64,185,67.0,0.8453,4576.5,580.4,3.939,2.11,3.89,0.01,0.01,-665.0,1842.0,352.0,-25304.0,23583,1404,49.0,0.0,10703.0,0,0,0,e1f,d4e,d4a,d4a,d4a,1,1,1,1,1,0,0,0,0,1,1,1,0,0,1,1,1,0,0,1,0,1,0,1,1,0,0,0,1,0,1,0,0,1,0,1,0,1,1,0,0,0,1,0,1,0,0,1,0,1,0,1,1,0,0,0,1,0,1,0,0,1,0,1,0,1,1,0,0
2026,3,29,08:48:46.486,17.66,205,67.0,0.8463,4546.0,550.0,3.939,2.11,3.89,0.01,0.01,-665.0,1842.0,351.0,-25317.0,23620,1412,50.9,0.0,10707.0,0,0,0,e1f,d4e,d4a,d4a,d4a,1,1,1,1,1,0,0,0,0,1,1,1,0,0,1,1,1,0,0,1,0,1,0,1,1,0,0,0,1,0,1,0,0,1,0,1,0,1,1,0,0,0,1,0,1,0,0,1,0,1,0,1,1,0,0,0,1,0,1,0,0,1,0,1,0,1,1,0,0
2026,3,29,08:48:46.506,17.68,225,67.0,0.8463,4544.8,548.7,3.939,2.11,3.89,0.01,0.01,-665.0,1842.0,351.0,-25331.0,23657,1419,52.7,0.0,10710.0,0,0,0,e1f,d4e,d4a,d4a,d4a,1,1,1,1,1,0,0,0,0,1,1,1,0,0,1,1,1,0,0,1,0,1,0,1,1,0,0,0,1,0,1,0,0,1,0,1,0,1,1,0,0,0,1,0,1,0,0,1,0,1,0,1,1,0,0,0,1,0,1,0,0,1,0,1,0,1,1,0,0
2026,3,29,08:48:46.526,17.70,245,67.0,0.8472,4516.9,520.8,3.940,2.11,3.89,0.01,0.01,-665.0,1841.0,351.0,-25344.0,23694,1426,54.4,0.0,10713.0,0,0,0,e1f,d4e,d4a,d4a,d4a,1,1,1,1,1,0,0,0,0,1,1,1,0,0,1,1,1,0,0,1,0,1,0,1,1,0,0,0,1,0,1,0,0,1,0,1,0,1,1,0,0,0,1,0,1,0,0,1,0,1,0,1,1,0,0,0,1,0,1,0,0,1,0,1,0,1,1,0,0
2026,3,29,08:48:46.546,17.72,15,67.1,0.8472,4516.3,520.2,3.939,2.11,3.89,0.01,0.01,-664.0,1841.0,351.0,-25357.0,23731,1433,55.9,0.0,10717.0,0,0,0,e1f,d4e,d4a,d4a,d4a,1,1,1,1,1,0,0,0,0,1,1,1,0,0,1,1,1,0,0,1,0,1,0,1,1,0,0,0,1,0,1,0,0,1,0,1,0,1,1,0,0,0,1,0,1,0,0,1,0,1,0,1,1,0,0,0,1,0,1,0,0,1,0,1,0,1,1,0,0
2026,3,29,08:48:46.566,17.74,35,67.1,0.8479,4495.4,499.3,3.940,2.12,3.89,0.01,0.01,-663.0,1841.0,351.0,-25370.0,23768,1440,57.2,0.0,10721.0,0,0,0,e1f,d4e,d4a,d4a,d4a,1,1,1,1,1,0,0,0,0,1,1,1,0,0,1,1,1,0,0,1,0,1,0,1,1,0,0,0,1,0,1,0,0,1,0,1,0,1,1,0,0,0,1,0,1,0,0,1,0,1,0,1,1,0,0,0,1,0,1,0,0,1,0,1,0,1,1,0,0
2026,3,29,08:48:46.586,17.76,55,67.1,0.8479,4494.1,498.1,3.937,2.12,3.89,0.01,0.01,-663.0,1841.0,351.0,-25384.0,23805,1447,58.2,0.0,10724.0,0,0,0,e1f,d4e,d4a,d4a,d4a,1,1,1,1,1,0,0,0,0,1,1,1,0,0,1,1,1,0,0,1,0,1,0,1,1,0,0,0,1,0,1,0,0,1,0,1,0,1,1,0,0,0,1,0,1,0,0,1,0,1,0,1,1,0,0,0,1,0,1,0,0,1,0,1,0,1,1,0,0
2026,3,29,08:48:46.606,17.78,75,67.1,0.8483,4481.5,485.4,3.939,2.12,3.89,0.01,0.01,-663.0,1841.0,351.0,-25397.0,23842,1454,59.1,0.0,10728.0,0,0,0,e1f,d4e,d4a,d4a,d4a,1,1,1,1,1,0,0,0,0,1,1,1,0,0,1,1,1,0,0,1,0,1,0,1,1,0,0,0,1,0,1,0,0,1,0,1,0,1,1,0,0,0,1,0,1,0,0,1,0,1,0,1,1,0,0,0,1,0,1,0,0,1,0,1,0,1,1,0,0
2026,3,29,08:48:46.626,17.80,95,67.1,0.8483,4481.5,485.4,3.940,2.12,3.89,0.01,0.01,-662.0,1841.0,350.0,-25410.0,23878,1461,59.9,0.0,10732.0,0,0,0,e1f,d4e,d4a,d4a,d4a,1,1,1,1,1,0,0,0,0,1,1,1,0,0,1,1,1,0,0,1,0,1,0,1,1,0,0,0,1,0,1,0,0,1,0,1,0,1,1,0,0,0,1,0,1,0,0,1,0,1,0,1,1,0,0,0,1,0,1,0,0,1,0,1,0,1,1,0,0
2026,3,29,08:48:46.646,17.82,115,67.1,0.8486,4473.3,477.2,3.940,2.12,3.89,0.01,0.01,-662.0,1841.0,350.0,-25424.0,23915,1468,60.5,0.0,10736.0,0,0,0,e1f,d4e,d4a,d4a,d4a,1,1,1,1,1,0,0,0,0,1,1,1,0,0,1,1,1,0,0,1,0,1,0,1,1,0,0,0,1,0,1,0,0,1,0,1,0,1,1,0,0,0,1,0,1,0,0,1,0,1,0,1,1,0,0,0,1,0,1,0,0,1,0,1,0,1,1,0,0
2026,3,29,08:48:46.666,17.84,135,67.1,0.8486,4472.6,476.6,3.940,2.12,3.89,0.01,0.01,-662.0,1841.0,350.0,-25437.0,23952,1475,61.2,0.0,10740.0,0,0,0,e1f,d4e,d4a,d4a,d4a,1,1,1,1,1,0,0,0,0,1,1,1,0,0,1,1,1,0,0,1,0,1,0,1,1,0,0,0,1,0,1,0,0,1,0,1,0,1,1,0,0,0,1,0,1,0,0,1,0,1,0,1,1,0,0,0,1,0,1,0,0,1,0,1,0,1,1,0,0
2026,3,29,08:48:46.686,17.86,155,67.1,0.8489,4464.4,468.3,3.939,2.12,3.89,0.01,0.01,-662.0,1841.0,350.0,-25450.0,23989,1482,61.8,0.0,10744.0,0,0,0,e1f,d4e,d4a,d4a,d4a,1,1,1,1,1,0,0,0,0,1,1,1,0,0,1,1,1,0,0,1,0,1,0,1,1,0,0,0,1,0,1,0,0,1,0,1,0,1,1,0,0,0,1,0,1,0,0,1,0,1,0,1,1,0,0,0,1,0,1,0,0,1,0,1,0,1,1,0,0
2026,3,29,08:48:46.706,17.88,175,67.1,0.8489,4464.4,468.3,3.939,2.13,3.89,0.01,0.01,-662.0,1841.0,350.0,-25463.0,24026,1489,62.3,0.0,10748.0,0,0,0,e1f,d4e,d4a,d4a,d4a,1,1,1,1,1,0,0,0,0,1,1,1,0,0,1,1,1,0,0,1,0,1,0,1,1,0,0,0,1,0,1,0,0,1,0,1,0,1,1,0,0,0,1,0,1,0,0,1,0,1,0,1,1,0,0,0,1,0,1,0,0,1,0,1,0,1,1,0,0
2026,3,29,08:48:46.726,17.90,195,67.1,0.8493,4451.8,455.7,3.939,2.13,3.89,0.01,0.01,-662.0,1841.0,350.0,-25477.0,24063,1496,62.8,0.0,10752.0,0,0,0,e1f,d4e,d4a,d4a,d4a,1,1,1,1,1,0,0,0,0,1,1,1,0,0,1,1,1,0,0,1,0,1,0,1,1,0,0,0,1,0,1,0,0,1,0,1,0,1,1,0,0,0,1,0,1,0,0,1,0,1,0,1,1,0,0,0,1,0,1,0,0,1,0,1,0,1,1,0,0
2026,3,29,08:48:46.746,17.92,215,67.1,0.8493,4451.1,455.1,3.939,2.13,3.89,0.01,0.01,-662.0,1841.0,350.0,-25490.0,24100,1503,63.1,0.0,10756.0,0,0,0,e1f,d4e,d4a,d4a,d4a,1,1,1,1,1,0,0,0,0,1,1,1,0,0,1,1,1,0,0,1,0,1,0,1,1,0,0,0,1,0,1,0,0,1,0,1,0,1,1,0,0,0,1,0,1,0,0,1,0,1,0,1,1,0,0,0,1,0,1,0,0,1,0,1,0,1,1,0,0
2026,3,29,08:48:46.766,17.94,235,67.1,0.8493,4449.9,453.8,3.939,2.13,3.89,0.01,0.01,-661.0,1841.0,350.0,-25503.0,24136,1510,63.4,0.0,10760.0,0,0,0,e1f,d4e,d4a,d4a,d4a,1,1,1,1,1,0,0,0,0,1,1,1,0,0,1,1,1,0,0,1,0,1,0,1,1,0,0,0,1,0,1,0,0,1,0,1,0,1,1,0,0,0,1,0,1,0,0,1,0,1,0,1,1,0,0,0,1,0,1,0,0,1,0,1,0,1,1,0,0
2026,3,29,08:48:46.786,17.96,5,67.1,0.8493,4449.2,453.2,3.939,2.13,3.89,0.01,0.01,-661.0,1841.0,350.0,-25516.0,24173,1517,63.5,0.0,10764.0,0,0,0,e1f,d4e,d4a,d4a,d4a,1,1,1,1,1,0,0,0,0,1,1,1,0,0,1,1,1,0,0,1,0,1,0,1,1,0,0,0,1,0,1,0,0,1,0,1,0,1,1,0,0,0,1,0,1,0,0,1,0,1,0,1,1,0,0,0,1,0,1,0,0,1,0,1,0,1,1,0,0
2026,3,29,08:48:46.806,17.98,25,67.1,0.8496,4441.7,445.6,3.939,2.13,3.89,0.01,0.01,-661.0,1841.0,350.0,-25530.0,24210,1524,63.5,0.0,10769.0,0,0,0,e1f,d4e,d4a,d4a,d4a,1,1,1,1,1,0,0,0,0,1,1,1,0,0,1,1,1,0,0,1,0,1,0,1,1,0,0,0,1,0,1,0,0,1,0,1,0,1,1,0,0,0,1,0,1,0,0,1,0,1,0,1,1,0,0,0,1,0,1,0,0,1,0,1,0,1,1,0,0
2026,3,29,08:48:46.826,18.00,45,67.1,0.8496,4441.7,445.6,3.939,2.14,3.89,0.01,0.01,-660.0,1841.0,351.0,-25543.0,24247,1531,63.4,0.0,10773.0,0,0,0,e1f,d4e,d4a,d4a,d4a,1,1,1,1,1,0,0,0,0,1,1,1,0,0,1,1,1,0,0,1,0,1,0,1,1,0,0,0,1,0,1,0,0,1,0,1,0,1,1,0,0,0,1,0,1,0,0,1,0,1,0,1,1,0,0,0,1,0,1,0,0,1,0,1,0,1,1,0,0
2026,3,29,08:48:46.846,18.02,65,67.1,0.8496,4441.7,445.6,3.940,2.14,3.89,0.01,0.01,-660.0,1841.0,351.0,-25556.0,24284,1538,63.1,0.0,10777.0,0,0,0,e1f,d4e,d4a,d4a,d4a,1,1,1,1,1,0,0,0,0,1,1,1,0,0,1,1,1,0,0,1,0,1,0,1,1,0,0,0,1,0,1,0,0,1,0,1,0,1,1,0,0,0,1,0,1,0,0,1,0,1,0,1,1,0,0,0,1,0,1,0,0,1,0,1,0,1,1,0,0
2026,3,29,08:48:46.866,18.04,85,67.1,0.8496,4441.7,445.6,3.939,2.14,3.89,0.01,0.01,-660.0,1841.0,351.0,-25569.0,24320,1545,62.8,0.0,10781.0,0,0,0,e1f,d4e,d4a,d4a,d4a,1,1,1,1,1,0,0,0,0,1,1,1,0,0,1,1,1,0,0,1,0,1,0,1,1,0,0,0,1,0,1,0,0,1,0,1,0,1,1,0,0,0,1,0,1,0,0,1,0,1,0,1,1,0,0,0,1,0,1,0,0,1,0,1,0,1,1,0,0
2026,3,29,08:48:46.886,18.06,105,67.1,0.8497,4436.6,440.6,3.939,2.14,3.89,0.01,0.01,-660.0,1841.0,352.0,-25582.0,24357,1552,62.3,0.0,10785.0,0,0,0,e1f,d4e,d4a,d4a,d4a,1,1,1,1,1,0,0,0,0,1,1,1,0,0,1,1,1,0,0,1,0,1,0,1,1,0,0,0,1,0,1,0,0,1,0,1,0,1,1,0,0,0,1,0,1,0,0,1,0,1,0,1,1,0,0,0,1,0,1,0,0,1,0,1,0,1,1,0,0
2026,3,29,08:48:46.906,18.08,125,67.1,0.8497,4436.6,440.6,3.940,2.14,3.89,0.01,0.01,-660.0,1841.0,352.0,-25596.0,24394,1559,61.8,0.0,10788.0,0,0,0,e1f,d4e,d4a,d4a,d4a,1,1,1,1,1,0,0,0,0,1,1,1,0,0,1,1,1,0,0,1,0,1,0,1,1,0,0,0,1,0,1,0,0,1,0,1,0,1,1,0,0,0,1,0,1,0,0,1,0,1,0,1,1,0,0,0,1,0,1,0,0,1,0,1,0,1,1,0,0
2026,3,29,08:48:46.926,18.10,145,67.1,0.8498,4433.5,437.4,3.939,2.15,3.89,0.01,0.01,-659.0,1841.0,353.0,-25609.0,24431,1566,61.1,0.0,10792.0,0,0,0,e1f,d4e,d4a,d4a,d4a,1,1,1,1,1,0,0,0,0,1,1,1,0,0,1,1,1,0,0,1,0,1,0,1,1,0,0,0,1,0,1,0,0,1,0,1,0,1,1,0,0,0,1,0,1,0,0,1,0,1,0,1,1,0,0,0,1,0,1,0,0,1,0,1,0,1,1,0,0
2026,3,29,08:48:46.946,18.12,165,67.1,0.8498,4433.5,437.4,3.939,2.15,3.89,0.01,0.01,-659.0,1841.0,353.0,-25622.0,24468,1573,60.3,0.0,10796.0,0,0,0,e1f,d4e,d4a,d4a,d4a,1,1,1,1,1,0,0,0,0,1,1,1,0,0,1,1,1,0,0,1,0,1,0,1,1,0,0,0,1,0,1,0,0,1,0,1,0,1,1,0,0,0,1,0,1,0,0,1,0,1,0,1,1,0,0,0,1,0,1,0,0,1,0,1,0,1,1,0,0
2026,3,29,08:48:46.966,18.14,185,67.1,0.8498,4434.7,438.7,3.939,2.15,3.89,0.01,0.01,-659.0,1841.0,354.0,-25635.0,24504,1580,59.4,0.0,10800.0,0,0,0,e1f,d4e,d4a,d4a,d4a,1,1,1,1,1,0,0,0,0,1,1,1,0,0,1,1,1,0,0,1,0,1,0,1,1,0,0,0,1,0,1,0,0,1,0,1,0,1,1,0,0,0,1,0,1,0,0,1,0,1,0,1,1,0,0,0,1,0,1,0,0,1,0,1,0,1,1,0,0
2026,3,29,08:48:46.986,18.16,205,67.1,0.8498,4434.7,438.7,3.940,2.15,3.89,0.01,0.01,-659.0,1841.0,354.0,-25648.0,24541,1587,58.4,0.0,10803.0,0,0,0,e1f,d4e,d4a,d4a,d4a,1,1,1,1,1,0,0,0,0,1,1,1,0,0,1,1,1,0,0,1,0,1,0,1,1,0,0,0,1,0,1,0,0,1,0,1,0,1,1,0,0,0,1,0,1,0,0,1,0,1,0,1,1,0,0,0,1,0,1,0,0,1,0,1,0,1,1,0,0
2026,3,29,08:48:47.006,18.18,225,67.1,0.8500,4429.7,433.6,3.940,2.15,3.89,0.01,0.01,-659.0,1842.0,355.0,-25662.0,24578,1594,57.3,0.0,10807.0,0,0,0,e1f,d4e,d4a,d4a,d4a,1,1,1,1,1,0,0,0,0,1,1,1,0,0,1,1,1,0,0,1,0,1,0,1,1,0,0,0,1,0,1,0,0,1,0,1,0,1,1,0,0,0,1,0,1,0,0,1,0,1,0,1,1,0,0,0,1,0,1,0,0,1,0,1,0,1,1,0,0
2026,3,29,08:48:47.026,18.20,245,67.1,0.8499,4430.3,434.2,3.941,2.15,3.89,0.01,0.01,-659.0,1842.0,355.0,-25675.0,24615,1602,56.1,0.0,10811.0,0,0,0,e1f,d4e,d4a,d4a,d4a,1,1,1,1,1,0,0,0,0,1,1,1,0,0,1,1,1,0,0,1,0,1,0,1,1,0,0,0,1,0,1,0,0,1,0,1,0,1,1,0,0,0,1,0,1,0,0,1,0,1,0,1,1,0,0,0,1,0,1,0,0,1,0,1,0,1,1,0,0
2026,3,29,08:48:47.046,18.22,15,67.1,0.8500,4428.4,432.3,3.939,2.15,3.89,0.01,0.01,-659.0,1842.0,356.0,-25688.0,24652,1609,54.7,0.0,10814.0,0,0,0,e1f,d4e,d4a,d4a,d4a,1,1,1,1,1,0,0,0,0,1,1,1,0,0,1,1,1,0,0,1,0,1,0,1,1,0,0,0,1,0,1,0,0,1,0,1,0,1,1,0,0,0,1,0,1,0,0,1,0,1,0,1,1,0,0,0,1,0,1,0,0,1,0,1,0,1,1,0,0
2026,3,29,08:48:47.066,18.24,35,67.1,0.8500,4428.4,432.3,3.940,2.15,3.89,0.01,0.01,-659.0,1842.0,357.0,-25701.0,24689,1616,53.2,0.0,10818.0,0,0,0,e1f,d4e,d4a,d4a,d4a,1,1,1,1,1,0,0,0,0,1,1,1,0,0,1,1,1,0,0,1,0,1,0,1,1,0,0,0,1,0,1,0,0,1,0,1,0,1,1,0,0,0,1,0,1,0,0,1,0,1,0,1,1,0,0,0,1,0,1,0,0,1,0,1,0,1,1,0,0
2026,3,29,08:48:47.086,18.26,55,67.1,0.8499,4431.6,435.5,3.939,2.15,3.89,0.01,0.01,-659.0,1842.0,357.0,-25714.0,24726,1623,51.7,0.0,10821.0,0,0,0,e1f,d4e,d4a,d4a,d4a,1,1,1,1,1,0,0,0,0,1,1,1,0,0,1,1,1,0,0,1,0,1,0,1,1,0,0,0,1,0,1,0,0,1,0,1,0,1,1,0,0,0,1,0,1,0,0,1,0,1,0,1,1,0,0,0,1,0,1,0,0,1,0,1,0,1,1,0,0
2026,3,29,08:48:47.106,18.28,75,67.1,0.8499,4431.6,435.5,3.940,2.15,3.89,0.01,0.01,-659.0,1842.0,358.0,-25727.0,24763,1630,50.0,0.0,10824.0,0,0,0,e1f,d4e,d4a,d4a,d4a,1,1,1,1,1,0,0,0,0,1,1,1,0,0,1,1,1,0,0,1,0,1,0,1,1,0,0,0,1,0,1,0,0,1,0,1,0,1,1,0,0,0,1,0,1,0,0,1,0,1,0,1,1,0,0,0,1,0,1,0,0,1,0,1,0,1,1,0,0
2026,3,29,08:48:47.126,18.30,95,67.1,0.8500,4428.4,432.3,3.939,2.15,3.89,0.01,0.01,-659.0,1842.0,359.0,-25741.0,24799,1637,48.2,0.0,10827.0,0,0,0,e1f,d4e,d4a,d4a,d4a,1,1,1,1,1,0,0,0,0,1,1,1,0,0,1,1,1,0,0,1,0,1,0,1,1,0,0,0,1,0,1,0,0,1,0,1,0,1,1,0,0,0,1,0,1,0,0,1,0,1,0,1,1,0,0,0,1,0,1,0,0,1,0,1,0,1,1,0,0
2026,3,29,08:48:47.146,18.32,115,67.1,0.8500,4428.4,432.3,3.940,2.15,3.89,0.01,0.01,-659.0,1842.0,359.0,-25754.0,24836,1644,46.3,0.0,10830.0,0,0,0,e1f,d4e,d4a,d4a,d4a,1,1,1,1,1,0,0,0,0,1,1,1,0,0,1,1,1,0,0,1,0,1,0,1,1,0,0,0,1,0,1,0,0,1,0,1,0,1,1,0,0,0,1,0,1,0,0,1,0,1,0,1,1,0,0,0,1,0,1,0,0,1,0,1,0,1,1,0,0
2026,3,29,08:48:47.166,18.34,135,67.1,0.8504,4417.0,421.0,3.940,2.16,3.89,0.01,0.01,-659.0,1842.0,360.0,-25767.0,24873,1652,44.3,0.0,10833.0,0,0,0,e1f,d4e,d4a,d4a,d4a,1,1,1,1,1,0,0,0,0,1,1,1,0,0,1,1,1,0,0,1,0,1,0,1,1,0,0,0,1,0,1,0,0,1,0,1,0,1,1,0,0,0,1,0,1,0,0,1,0,1,0,1,1,0,0,0,1,0,1,0,0,1,0,1,0,1,1,0,0
2026,3,29,08:48:47.186,18.36,155,67.1,0.8504,4417.0,421.0,3.939,2.16,3.89,0.01,0.01,-659.0,1843.0,361.0,-25780.0,24910,1659,42.2,0.0,10836.0,0,0,0,e1f,d4e,d4a,d4a,d4a,1,1,1,1,1,0,0,0,0,1,1,1,0,0,1,1,1,0,0,1,0,1,0,1,1,0,0,0,1,0,1,0,0,1,0,1,0,1,1,0,0,0,1,0,1,0,0,1,0,1,0,1,1,0,0,0,1,0,1,0,0,1,0,1,0,1,1,0,0
2026,3,29,08:48:47.206,18.38,175,67.1,0.8504,4415.8,419.7,3.939,2.16,3.89,0.01,0.01,-659.0,1843.0,362.0,-25793.0,24947,1666,39.9,0.0,10839.0,0,0,0,e1f,d4e,d4a,d4a,d4a,1,1,1,1,1,0,0,0,0,1,1,1,0,0,1,1,1,0,0,1,0,1,0,1,1,0,0,0,1,0,1,0,0,1,0,1,0,1,1,0,0,0,1,0,1,0,0,1,0,1,0,1,1,0,0,0,1,0,1,0,0,1,0,1,0,1,1,0,0
2026,3,29,08:48:47.226,18.40,195,67.1,0.8504,4415.8,419.7,3.940,2.16,3.89,0.01,0.01,-659.0,1843.0,363.0,-25807.0,24984,1673,37.5,0.0,10842.0,0,0,0,e1f,d4e,d4a,d4a,d4a,1,1,1,1,1,0,0,0,0,1,1,1,0,0,1,1,1,0,0,1,0,1,0,1,1,0,0,0,1,0,1,0,0,1,0,1,0,1,1,0,0,0,1,0,1,0,0,1,0,1,0,1,1,0,0,0,1,0,1,0,0,1,0,1,0,1,1,0,0
2026,3,29,08:48:47.246,18.42,215,67.1,0.8504,4415.8,419.7,3.939,2.16,3.89,0.01,0.01,-659.0,1843.0,364.0,-25820.0,25021,1681,34.9,0.0,10845.0,0,0,0,e1f,d4e,d4a,d4a,d4a,1,1,1,1,1,0,0,0,0,1,1,1,0,0,1,1,1,0,0,1,0,1,0,1,1,0,0,0,1,0,1,0,0,1,0,1,0,1,1,0,0,0,1,0,1,0,0,1,0,1,0,1,1,0,0,0,1,0,1,0,0,1,0,1,0,1,1,0,0
2026,3,29,08:48:47.266,18.44,235,67.1,0.8504,4415.8,419.7,3.940,2.16,3.89,0.01,0.01,-659.0,1844.0,364.0,-25833.0,25058,1688,32.3,0.0,10848.0,0,0,0,e1f,d4e,d4a,d4a,d4a,1,1,1,1,1,0,0,0,0,1,1,1,0,0,1,1,1,0,0,1,0,1,0,1,1,0,0,0,1,0,1,0,0,1,0,1,0,1,1,0,0,0,1,0,1,0,0,1,0,1,0,1,1,0,0,0,1,0,1,0,0,1,0,1,0,1,1,0,0
2026,3,29,08:48:47.286,18.46,5,67.1,0.8508,4402.5,406.5,3.939,2.16,3.89,0.01,0.01,-660.0,1844.0,365.0,-25846.0,25094,1695,29.7,0.0,10851.0,0,0,0,e1f,d4e,d4a,d4a,d4a,1,1,1,1,1,0,0,0,0,1,1,1,0,0,1,1,1,0,0,1,0,1,0,1,1,0,0,0,1,0,1,0,0,1,0,1,0,1,1,0,0,0,1,0,1,0,0,1,0,1,0,1,1,0,0,0,1,0,1,0,0,1,0,1,0,1,1,0,0
2026,3,29,08:48:47.306,18.48,25,67.1,0.8508,4402.5,406.5,3.939,2.16,3.89,0.01,0.01,-660.0,1845.0,366.0,-25859.0,25131,1703,27.1,0.0,10853.0,0,0,0,e1f,d4e,d4a,d4a,d4a,1,1,1,1,1,0,0,0,0,1,1,1,0,0,1,1,1,0,0,1,0,1,0,1,1,0,0,0,1,0,1,0,0,1,0,1,0,1,1,0,0,0,1,0,1,0,0,1,0,1,0,1,1,0,0,0,1,0,1,0,0,1,0,1,0,1,1,0,0
2026,3,29,08:48:47.326,18.50,45,67.1,0.8508,4404.4,408.4,3.939,2.16,3.89,0.01,0.01,-661.0,1845.0,366.0,-25873.0,25168,1710,24.5,0.0,10856.0,0,0,0,e1f,d4e,d4a,d4a,d4a,1,1,1,1,1,0,0,0,0,1,1,1,0,0,1,1,1,0,0,1,0,1,0,1,1,0,0,0,1,0,1,0,0,1,0,1,0,1,1,0,0,0,1,0,1,0,0,1,0,1,0,1,1,0,0,0,1,0,1,0,0,1,0,1,0,1,1,0,0
2026,3,29,08:48:47.346,18.52,65,67.1,0.8508,4404.4,408.4,3.940,2.16,3.89,0.01,0.01,-661.0,1846.0,367.0,-25886.0,25205,1717,22.0,0.0,10859.0,0,0,0,e1f,d4e,d4a,d4a,d4a,1,1,1,1,1,0,0,0,0,1,1,1,0,0,1,1,1,0,0,1,0,1,0,1,1,0,0,0,1,0,1,0,0,1,0,1,0,1,1,0,0,0,1,0,1,0,0,1,0,1,0,1,1,0,0,0,1,0,1,0,0,1,0,1,0,1,1,0,0
2026,3,29,08:48:47.366,18.54,85,67.1,0.8510,4396.2,400.2,3.939,2.16,3.89,0.01,0.01,-662.0,1847.0,367.0,-25899.0,25242,1725,19.5,0.0,10862.0,0,0,0,e1f,d4e,d4a,d4a,d4a,1,1,1,1,1,0,0,0,0,1,1,1,0,0,1,1,1,0,0,1,0,1,0,1,1,0,0,0,1,0,1,0,0,1,0,1,0,1,1,0,0,0,1,0,1,0,0,1,0,1,0,1,1,0,0,0,1,0,1,0,0,1,0,1,0,1,1,0,0
2026,3,29,08:48:47.386,18.56,105,67.1,0.8510,4396.2,400.2,3.939,2.16,3.89,0.01,0.01,-662.0,1848.0,367.0,-25912.0,25279,1732,17.3,0.0,10864.0,0,0,0,e1f,d4e,d4a,d4a,d4a,1,1,1,1,1,0,0,0,0,1,1,1,0,0,1,1,1,0,0,1,0,1,0,1,1,0,0,0,1,0,1,0,0,1,0,1,0,1,1,0,0,0,1,0,1,0,0,1,0,1,0,1,1,0,0,0,1,0,1,0,0,1,0,1,0,1,1,0,0
2026,3,29,08:48:47.406,18.58,125,67.1,0.8511,4393.1,397.0,3.940,2.16,3.89,0.01,0.01,-663.0,1848.0,368.0,-25926.0,25316,1739,15.2,0.0,10867.0,0,0,0,e1f,d4e,d4a,d4a,d4a,1,1,1,1,1,0,0,0,0,1,1,1,0,0,1,1,1,0,0,1,0,1,0,1,1,0,0,0,1,0,1,0,0,1,0,1,0,1,1,0,0,0,1,0,1,0,0,1,0,1,0,1,1,0,0,0,1,0,1,0,0,1,0,1,0,1,1,0,0
2026,3,29,08:48:47.426,18.60,145,67.1,0.8511,4393.7,397.6,3.938,2.16,3.89,0.01,0.01,-663.0,1849.0,368.0,-25939.0,25353,1747,13.5,0.0,10869.0,0,0,0,e1f,d4e,d4a,d4a,d4a,1,1,1,1,1,0,0,0,0,1,1,1,0,0,1,1,1,0,0,1,0,1,0,1,1,0,0,0,1,0,1,0,0,1,0,1,0,1,1,0,0,0,1,0,1,0,0,1,0,1,0,1,1,0,0,0,1,0,1,0,0,1,0,1,0,1,1,0,0
2026,3,29,08:48:47.446,18.62,165,67.1,0.8508,4401.9,405.8,3.939,2.16,3.89,0.01,0.01,-664.0,1850.0,368.0,-25952.0,25390,1754,12.0,0.0,10872.0,0,0,0,e1f,d4e,d4a,d4a,d4e,1,1,1,1,1,0,0,0,0,1,1,1,0,0,1,1,1,0,0,1,0,1,0,1,1,0,0,0,1,0,1,0,0,1,0,1,0,1,1,0,0,0,1,0,1,0,0,1,0,1,0,1,1,0,0,0,1,1,1,0,0,1,0,1,0,1,1,0,0
2026,3,29,08:48:47.466,18.64,185,67.1,0.8508,4402.5,406.5,3.939,2.16,3.89,0.01,0.01,-664.0,1851.0,368.0,-25965.0,25427,1761,11.0,0.0,10875.0,0,0,0,e1f,d4e,d4a,d4a,d4e,1,1,1,1,1,0,0,0,0,1,1,1,0,0,1,1,1,0,0,1,0,1,0,1,1,0,0,0,1,0,1,0,0,1,0,1,0,1,1,0,0,0,1,0,1,0,0,1,0,1,0,1,1,0,0,0,1,1,1,0,0,1,0,1,0,1,1,0,0
2026,3,29,08:48:47.486,18.66,205,67.1,0.8502,4423.4,427.3,3.939,2.16,3.89,0.01,0.01,-664.0,1851.0,368.0,-25979.0,25464,1769,10.6,0.0,10877.0,0,0,0,e1f,d46,d42,d42,d46,1,1,1,1,1,0,0,0,0,1,1,1,0,0,1,1,0,0,0,1,0,1,0,1,1,0,0,0,1,0,0,0,0,1,0,1,0,1,1,0,0,0,1,0,0,0,0,1,0,1,0,1,1,0,0,0,1,1,0,0,0,1,0,1,0,1,1,0,0
2026,3,29,08:48:47.506,18.68,225,67.0,0.8501,4424.6,428.6,3.939,2.16,3.89,0.01,0.01,-665.0,1852.0,368.0,-25992.0,25501,1776,10.6,0.0,10880.0,0,0,0,e1f,d46,d42,d42,d46,1,1,1,1,1,0,0,0,0,1,1,1,0,0,1,1,0,0,0,1,0,1,0,1,1,0,0,0,1,0,0,0,0,1,0,1,0,1,1,0,0,0,1,0,0,0,0,1,0,1,0,1,1,0,0,0,1,1,0,0,0,1,0,1,0,1,1,0,0
2026,3,29,08:48:47.526,18.70,245,67.0,0.8497,4437.2,441.2,3.939,2.16,3.89,0.01,0.01,-665.0,1853.0,369.0,-26005.0,25538,1784,11.1,0.0,10882.0,0,0,0,e1f,d46,d42,d42,d46,1,1,1,1,1,0,0,0,0,1,1,1,0,0,1,1,0,0,0,1,0,1,0,1,1,0,0,0,1,0,0,0,0,1,0,1,0,1,1,0,0,0,1,0,0,0,0,1,0,1,0,1,1,0,0,0,1,1,0,0,0,1,0,1,0,1,1,0,0
2026,3,29,08:48:47.546,18.72,15,67.0,0.8497,4438.5,442.4,3.939,2.17,3.89,0.01,0.01,-665.0,1854.0,369.0,-26019.0,25575,1791,11.9,0.0,10885.0,0,0,0,e1f,d46,d42,d42,d46,1,1,1,1,1,0,0,0,0,1,1,1,0,0,1,1,0,0,0,1,0,1,0,1,1,0,0,0,1,0,0,0,0,1,0,1,0,1,1,0,0,0,1,0,0,0,0,1,0,1,0,1,1,0,0,0,1,1,0,0,0,1,0,1,0,1,1,0,0
2026,3,29,08:48:47.566,18.74,35,67.0,0.8489,4462.5,466.4,3.938,2.17,3.89,0.01,0.01,-665.0,1855.0,369.0,-26032.0,25612,1798,13.0,0.0,10887.0,0,0,0,e1f,d46,d42,d42,d46,1,1,1,1,1,0,0,0,0,1,1,1,0,0,1,1,0,0,0,1,0,1,0,1,1,0,0,0,1,0,0,0,0,1,0,1,0,1,1,0,0,0,1,0,0,0,0,1,0,1,0,1,1,0,0,0,1,1,0,0,0,1,0,1,0,1,1,0,0
2026,3,29,08:48:47.586,18.76,55,67.0,0.8489,4463.8,467.7,3.939,2.17,3.89,0.01,0.01,-666.0,1856.0,369.0,-26045.0,25650,1806,14.2,0.0,10890.0,0,0,0,e1f,d4e,d4a,d4a,d4e,1,1,1,1,1,0,0,0,0,1,1,1,0,0,1,1,1,0,0,1,0,1,0,1,1,0,0,0,1,0,1,0,0,1,0,1,0,1,1,0,0,0,1,0,1,0,0,1,0,1,0,1,1,0,0,0,1,1,1,0,0,1,0,1,0,1,1,0,0
2026,3,29,08:48:47.606,18.78,75,67.0,0.8481,4489.7,493.6,3.939,2.17,3.89,0.01,0.01,-666.0,1857.0,369.0,-26059.0,25687,1813,15.6,0.0,10892.0,0,0,0,e1f,d4e,d4a,d4a,d4e,1,1,1,1,1,0,0,0,0,1,1,1,0,0,1,1,1,0,0,1,0,1,0,1,1,0,0,0,1,0,1,0,0,1,0,1,0,1,1,0,0,0,1,0,1,0,0,1,0,1,0,1,1,0,0,0,1,1,1,0,0,1,0,1,0,1,1,0,0
2026,3,29,08:48:47.626,18.80,95,66.9,0.8480,4491.0,494.9,3.939,2.17,3.89,0.01,0.01,-666.0,1858.0,370.0,-26072.0,25724,1820,17.1,0.0,10895.0,0,0,0,e1f,d4e,d4a,d4a,d4a,1,1,1,1,1,0,0,0,0,1,1,1,0,0,1,1,1,0,0,1,0,1,0,1,1,0,0,0,1,0,1,0,0,1,0,1,0,1,1,0,0,0,1,0,1,0,0,1,0,1,0,1,1,0,0,0,1,0,1,0,0,1,0,1,0,1,1,0,0
2026,3,29,08:48:47.646,18.82,115,66.9,0.8474,4509.9,513.9,3.939,2.17,3.89,0.01,0.01,-666.0,1858.0,370.0,-26085.0,25761,1828,18.7,0.0,10897.0,0,0,0,e1f,d4e,d4a,d4a,d4a,1,1,1,1,1,0,0,0,0,1,1,1,0,0,1,1,1,0,0,1,0,1,0,1,1,0,0,0,1,0,1,0,0,1,0,1,0,1,1,0,0,0,1,0,1,0,0,1,0,1,0,1,1,0,0,0,1,0,1,0,0,1,0,1,0,1,1,0,0
2026,3,29,08:48:47.666,18.84,135,66.9,0.8474,4511.8,515.8,3.940,2.17,3.89,0.01,0.01,-667.0,1859.0,370.0,-26099.0,25798,1835,20.4,0.0,10900.0,0,0,0,e1f,d4e,d4a,d4a,d4a,1,1,1,1,1,0,0,0,0,1,1,1,0,0,1,1,1,0,0,1,0,1,0,1,1,0,0,0,1,0,1,0,0,1,0,1,0,1,1,0,0,0,1,0,1,0,0,1,0,1,0,1,1,0,0,0,1,0,1,0,0,1,0,1,0,1,1,0,0
2026,3,29,08:48:47.686,18.86,155,66.9,0.8464,4541.0,544.9,3.939,2.17,3.89,0.01,0.01,-667.0,1860.0,370.0,-26112.0,25835,1843,22.2,0.0,10902.0,0,0,0,e1f,d4e,d4a,d4a,d4a,1,1,1,1,1,0,0,0,0,1,1,1,0,0,1,1,1,0,0,1,0,1,0,1,1,0,0,0,1,0,1,0,0,1,0,1,0,1,1,0,0,0,1,0,1,0,0,1,0,1,0,1,1,0,0,0,1,0,1,0,0,1,0,1,0,1,1,0,0
2026,3,29,08:48:47.706,18.88,175,66.9,0.8464,4541.6,545.5,3.939,2.17,3.89,0.01,0.01,-667.0,1861.0,370.0,-26125.0,25873,1850,24.1,0.0,10904.0,0,0,0,e1f,d4e,d4a,d4a,d4a,1,1,1,1,1,0,0,0,0,1,1,1,0,0,1,1,1,0,0,1,0,1,0,1,1,0,0,0,1,0,1,0,0,1,0,1,0,1,1,0,0,0,1,0,1,0,0,1,0,1,0,1,1,0,0,0,1,0,1,0,0,1,0,1,0,1,1,0,0
2026,3,29,08:48:47.726,18.90,195,66.9,0.8457,4564.4,568.3,3.940,2.17,3.89,0.01,0.01,-668.0,1861.0,371.0,-26139.0,25910,1858,26.2,0.0,10907.0,0,0,0,e1f,d4e,d4a,d4a,d4a,1,1,1,1,1,0,0,0,0,1,1,1,0,0,1,1,1,0,0,1,0,1,0,1,1,0,0,0,1,0,1,0,0,1,0,1,0,1,1,0,0,0,1,0,1,0,0,1,0,1,0,1,1,0,0,0,1,0,1,0,0,1,0,1,0,1,1,0,0
2026,3,29,08:48:47.746,18.92,215,66.8,0.8457,4565.7,569.6,3.939,2.17,3.89,0.01,0.01,-668.0,1862.0,371.0,-26152.0,25947,1865,28.5,0.0,10909.0,0,0,0,e1f,d4e,d4a,d4a,d4a,1,1,1,1,1,0,0,0,0,1,1,1,0,0,1,1,1,0,0,1,0,1,0,1,1,0,0,0,1,0,1,0,0,1,0,1,0,1,1,0,0,0,1,0,1,0,0,1,0,1,0,1,1,0,0,0,1,0,1,0,0,1,0,1,0,1,1,0,0
2026,3,29,08:48:47.766,18.94,235,66.8,0.8452,4579.0,582.9,3.938,2.17,3.89,0.01,0.01,-669.0,1862.0,371.0,-26165.0,25984,1872,30.9,0.0,10912.0,0,0,0,e1f,d4e,d4a,d4a,d4a,1,1,1,1,1,0,0,0,0,1,1,1,0,0,1,1,1,0,0,1,0,1,0,1,1,0,0,0,1,0,1,0,0,1,0,1,0,1,1,0,0,0,1,0,1,0,0,1,0,1,0,1,1,0,0,0,1,0,1,0,0,1,0,1,0,1,1,0,0
2026,3,29,08:48:47.786,18.96,5,66.8,0.8452,4579.6,583.6,3.939,2.17,3.89,0.01,0.01,-670.0,1863.0,371.0,-26179.0,26022,1880,33.4,0.0,10914.0,0,0,0,e1f,d4e,d4a,d4a,d4a,1,1,1,1,1,0,0,0,0,1,1,1,0,0,1,1,1,0,0,1,0,1,0,1,1,0,0,0,1,0,1,0,0,1,0,1,0,1,1,0,0,0,1,0,1,0,0,1,0,1,0,1,1,0,0,0,1,0,1,0,0,1,0,1,0,1,1,0,0
2026,3,29,08:48:47.806,18.98,25,66.8,0.8444,4606.9,610.8,3.939,2.17,3.89,0.01,0.01,-670.0,1863.0,370.0,-26192.0,26059,1887,36.1,0.0,10917.0,0,0,0,e1f,d4e,d4a,d4a,d4a,1,1,1,1,1,0,0,0,0,1,1,1,0,0,1,1,1,0,0,1,0,1,0,1,1,0,0,0,1,0,1,0,0,1,0,1,0,1,1,0,0,0,1,0,1,0,0,1,0,1,0,1,1,0,0,0,1,0,1,0,0,1,0,1,0,1,1,0,0
2026,3,29,08:48:47.826,19.00,45,66.8,0.8443,4608.2,612.1,3.939,2.17,3.89,0.01,0.01,-671.0,1863.0,370.0,-26206.0,26096,1895,38.9,0.0,10919.0,0,0,0,e1f,d4e,d4a,d4a,d4a,1,1,1,1,1,0,0,0,0,1,1,1,0,0,1,1,1,0,0,1,0,1,0,1,1,0,0,0,1,0,1,0,0,1,0,1,0,1,1,0,0,0,1,0,1,0,0,1,0,1,0,1,1,0,0,0,1,0,1,0,0,1,0,1,0,1,1,0,0
2026,3,29,08:48:47.846,19.02,65,66.8,0.8440,4619.6,623.5,3.939,2.17,3.89,0.01,0.01,-672.0,1864.0,370.0,-26219.0,26133,1902,41.9,0.0,10922.0,0,0,0,e1f,d4e,d4a,d4a,d4a,1,1,1,1,1,0,0,0,0,1,1,1,0,0,1,1,1,0,0,1,0,1,0,1,1,0,0,0,1,0,1,0,0,1,0,1,0,1,1,0,0,0,1,0,1,0,0,1,0,1,0,1,1,0,0,0,1,0,1,0,0,1,0,1,0,1,1,0,0
2026,3,29,08:48:47.866,19.04,85,66.8,0.8440,4619.6,623.5,3.939,2.17,3.89,0.01,0.01,-673.0,1864.0,370.0,-26232.0,26171,1909,45.0,0.0,10924.0,0,0,0,e1f,d4e,d4a,d4a,d4a,1,1,1,1,1,0,0,0,0,1,1,1,0,0,1,1,1,0,0,1,0,1,0,1,1,0,0,0,1,0,1,0,0,1,0,1,0,1,1,0,0,0,1,0,1,0,0,1,0,1,0,1,1,0,0,0,1,0,1,0,0,1,0,1,0,1,1,0,0
2026,3,29,08:48:47.886,19.06,105,66.8,0.8442,4613.3,617.2,3.940,2.17,3.89,0.01,0.01,-674.0,1864.0,370.0,-26246.0,26208,1917,48.3,0.0,10927.0,0,0,0,e1f,d4e,d4a,d4a,d4a,1,1,1,1,1,0,0,0,0,1,1,1,0,0,1,1,1,0,0,1,0,1,0,1,1,0,0,0,1,0,1,0,0,1,0,1,0,1,1,0,0,0,1,0,1,0,0,1,0,1,0,1,1,0,0,0,1,0,1,0,0,1,0,1,0,1,1,0,0
2026,3,29,08:48:47.906,19.08,125,66.8,0.8441,4613.9,617.8,3.939,2.17,3.89,0.01,0.01,-674.0,1865.0,369.0,-26259.0,26245,1924,51.7,0.0,10929.0,0,0,0,e1f,d4e,d4a,d4a,d4a,1,1,1,1,1,0,0,0,0,1,1,1,0,0,1,1,1,0,0,1,0,1,0,1,1,0,0,0,1,0,1,0,0,1,0,1,0,1,1,0,0,0,1,0,1,0,0,1,0,1,0,1,1,0,0,0,1,0,1,0,0,1,0,1,0,1,1,0,0
2026,3,29,08:48:47.926,19.10,145,66.8,0.8439,4621.5,625.4,3.940,2.17,3.89,0.01,0.01,-675.0,1865.0,369.0,-26273.0,26283,1932,55.3,0.0,10932.0,0,0,0,e1f,d4e,d4a,d4a,d4a,1,1,1,1,1,0,0,0,0,1,1,1,0,0,1,1,1,0,0,1,0,1,0,1,1,0,0,0,1,0,1,0,0,1,0,1,0,1,1,0,0,0,1,0,1,0,0,1,0,1,0,1,1,0,0,0,1,0,1,0,0,1,0,1,0,1,1,0,0
2026,3,29,08:48:47.946,19.12,165,66.8,0.8439,4621.5,625.4,3.939,2.17,3.89,0.01,0.01,-676.0,1866.0,369.0,-26286.0,26320,1939,58.9,0.0,10935.0,0,0,0,e1f,d4e,d4a,d4a,d4a,1,1,1,1,1,0,0,0,0,1,1,1,0,0,1,1,1,0,0,1,0,1,0,1,1,0,0,0,1,0,1,0,0,1,0,1,0,1,1,0,0,0,1,0,1,0,0,1,0,1,0,1,1,0,0,0,1,0,1,0,0,1,0,1,0,1,1,0,0
2026,3,29,08:48:47.966,19.14,185,66.8,0.8439,4620.2,624.2,3.939,2.17,3.89,0.01,0.01,-676.0,1866.0,368.0,-26300.0,26357,1946,62.6,0.0,10938.0,0,0,0,e1f,d4e,d4a,d4a,d4a,1,1,1,1,1,0,0,0,0,1,1,1,0,0,1,1,1,0,0,1,0,1,0,1,1,0,0,0,1,0,1,0,0,1,0,1,0,1,1,0,0,0,1,0,1,0,0,1,0,1,0,1,1,0,0,0,1,0,1,0,0,1,0,1,0,1,1,0,0
2026,3,29,08:48:47.986,19.16,205,66.8,0.8440,4619.6,623.5,3.940,2.17,3.89,0.01,0.01,-677.0,1867.0,367.0,-26314.0,26395,1954,66.4,0.0,10942.0,0,0,0,e1f,d4e,d4a,d4a,d4a,1,1,1,1,1,0,0,0,0,1,1,1,0,0,1,1,1,0,0,1,0,1,0,1,1,0,0,0,1,0,1,0,0,1,0,1,0,1,1,0,0,0,1,0,1,0,0,1,0,1,0,1,1,0,0,0,1,0,1,0,0,1,0,1,0,1,1,0,0
2026,3,29,08:48:48.006,19.18,225,66.8,0.8443,4608.2,612.1,3.939,2.17,3.89,0.01,0.01,-677.0,1867.0,367.0,-26327.0,26432,1961,70.3,0.0,10946.0,0,0,0,e1f,d4e,d4a,d4a,d4a,1,1,1,1,1,0,0,0,0,1,1,1,0,0,1,1,1,0,0,1,0,1,0,1,1,0,0,0,1,0,1,0,0,1,0,1,0,1,1,0,0,0,1,0,1,0,0,1,0,1,0,1,1,0,0,0,1,0,1,0,0,1,0,1,0,1,1,0,0
2026,3,29,08:48:48.026,19.20,245,66.8,0.8443,4607.5,611.5,3.940,2.17,3.89,0.01,0.01,-678.0,1868.0,366.0,-26341.0,26469,1969,74.2,0.0,10950.0,0,0,0,e1f,d4e,d4a,d4a,d4a,1,1,1,1,1,0,0,0,0,1,1,1,0,0,1,1,1,0,0,1,0,1,0,1,1,0,0,0,1,0,1,0,0,1,0,1,0,1,1,0,0,0,1,0,1,0,0,1,0,1,0,1,1,0,0,0,1,0,1,0,0,1,0,1,0,1,1,0,0
2026,3,29,08:48:48.046,19.22,15,66.8,0.8450,4586.0,589.9,3.940,2.17,3.89,0.01,0.01,-678.0,1868.0,366.0,-26354.0,26507,1976,78.1,0.0,10954.0,0,0,0,e1f,d4e,d4a,d4a,d4a,1,1,1,1,1,0,0,0,0,1,1,1,0,0,1,1,1,0,0,1,0,1,0,1,1,0,0,0,1,0,1,0,0,1,0,1,0,1,1,0,0,0,1,0,1,0,0,1,0,1,0,1,1,0,0,0,1,0,1,0,0,1,0,1,0,1,1,0,0
2026,3,29,08:48:48.066,19.24,35,66.9,0.8451,4584.1,588.0,3.939,2.17,3.89,0.01,0.01,-678.0,1869.0,365.0,-26368.0,26544,1983,81.9,0.0,10960.0,0,0,0,e1f,d4e,d4a,d4a,d4a,1,1,1,1,1,0,0,0,0,1,1,1,0,0,1,1,1,0,0,1,0,1,0,1,1,0,0,0,1,0,1,0,0,1,0,1,0,1,1,0,0,0,1,0,1,0,0,1,0,1,0,1,1,0,0,0,1,0,1,0,0,1,0,1,0,1,1,0,0
2026,3,29,08:48:48.086,19.26,55,66.9,0.8466,4537.2,541.1,3.939,2.17,3.89,0.01,0.01,-678.0,1869.0,364.0,-26381.0,26581,1990,85.8,0.0,10966.0,0,0,0,e1f,d4e,d4a,d4a,d4a,1,1,1,1,1,0,0,0,0,1,1,1,0,0,1,1,1,0,0,1,0,1,0,1,1,0,0,0,1,0,1,0,0,1,0,1,0,1,1,0,0,0,1,0,1,0,0,1,0,1,0,1,1,0,0,0,1,0,1,0,0,1,0,1,0,1,1,0,0
2026,3,29,08:48:48.106,19.28,75,66.9,0.8466,4535.3,539.2,3.939,2.17,3.89,0.01,0.01,-678.0,1870.0,364.0,-26395.0,26619,1998,89.6,0.0,10972.0,0,0,0,e1f,d4e,d4a,d4a,d4a,1,1,1,1,1,0,0,0,0,1,1,1,0,0,1,1,1,0,0,1,0,1,0,1,1,0,0,0,1,0,1,0,0,1,0,1,0,1,1,0,0,0,1,0,1,0,0,1,0,1,0,1,1,0,0,0,1,0,1,0,0,1,0,1,0,1,1,0,0
2026,3,29,08:48:48.126,19.30,95,66.9,0.8482,4486.5,490.5,3.940,2.17,3.89,0.01,0.01,-678.0,1870.0,363.0,-26409.0,26656,2005,93.3,0.0,10979.0,0,0,0,e1f,d4e,d4a,d4a,d4a,1,1,1,1,1,0,0,0,0,1,1,1,0,0,1,1,1,0,0,1,0,1,0,1,1,0,0,0,1,0,1,0,0,1,0,1,0,1,1,0,0,0,1,0,1,0,0,1,0,1,0,1,1,0,0,0,1,0,1,0,0,1,0,1,0,1,1,0,0
2026,3,29,08:48:48.146,19.32,115,67.0,0.8482,4484.6,488.6,3.939,2.17,3.89,0.01,0.01,-678.0,1871.0,363.0,-26422.0,26694,2012,97.0,0.0,10985.0,0,0,0,e1f,d4a,d4a,d4a,d4a,1,1,1,1,1,0,0,0,0,1,1,1,0,0,1,0,1,0,0,1,0,1,0,1,1,0,0,0,1,0,1,0,0,1,0,1,0,1,1,0,0,0,1,0,1,0,0,1,0,1,0,1,1,0,0,0,1,0,1,0,0,1,0,1,0,1,1,0,0
2026,3,29,08:48:48.166,19.34,135,67.0,0.8496,4442.3,446.2,3.939,2.18,3.89,0.01,0.01,-677.0,1871.0,362.0,-26436.0,26731,2020,100.6,0.0,10991.0,0,0,0,e1f,d4a,d4a,d4a,d4a,1,1,1,1,1,0,0,0,0,1,1,1,0,0,1,0,1,0,0,1,0,1,0,1,1,0,0,0,1,0,1,0,0,1,0,1,0,1,1,0,0,0,1,0,1,0,0,1,0,1,0,1,1,0,0,0,1,0,1,0,0,1,0,1,0,1,1,0,0
2026,3,29,08:48:48.186,19.36,155,67.0,0.8496,4441.0,445.0,3.940,2.18,3.89,0.01,0.01,-677.0,1872.0,362.0,-26449.0,26769,2027,104.2,0.0,10997.0,0,0,0,e1f,d4a,d4a,d4a,d4a,1,1,1,1,1,0,0,0,0,1,1,1,0,0,1,0,1,0,0,1,0,1,0,1,1,0,0,0,1,0,1,0,0,1,0,1,0,1,1,0,0,0,1,0,1,0,0,1,0,1,0,1,1,0,0,0,1,0,1,0,0,1,0,1,0,1,1,0,0
2026,3,29,08:48:48.206,19.38,175,67.0,0.8506,4408.2,412.1,3.940,2.18,3.89,0.01,0.01,-677.0,1872.0,362.0,-26463.0,26806,2034,107.7,0.0,11002.0,0,0,0,e1f,d4a,d4a,d4a,d4a,1,1,1,1,1,0,0,0,0,1,1,1,0,0,1,0,1,0,0,1,0,1,0,1,1,0,0,0,1,0,1,0,0,1,0,1,0,1,1,0,0,0,1,0,1,0,0,1,0,1,0,1,1,0,0,0,1,0,1,0,0,1,0,1,0,1,1,0,0
2026,3,29,08:48:48.226,19.40,195,67.1,0.8506,4408.2,412.1,3.939,2.18,3.89,0.01,0.01,-677.0,1872.0,362.0,-26476.0,26843,2041,111.1,0.0,11006.0,0,0,0,e1f,d4a,d4a,d4a,d4a,1,1,1,1,1,0,0,0,0,1,1,1,0,0,1,0,1,0,0,1,0,1,0,1,1,0,0,0,1,0,1,0,0,1,0,1,0,1,1,0,0,0,1,0,1,0,0,1,0,1,0,1,1,0,0,0,1,0,1,0,0,1,0,1,0,1,1,0,0
2026,3,29,08:48:48.246,19.42,215,67.1,0.8503,4419.6,423.5,3.939,2.18,3.89,0.01,0.01,-676.0,1872.0,362.0,-26490.0,26881,2049,114.4,0.0,11011.0,0,0,0,e1f,d4a,d4a,d4a,d4a,1,1,1,1,1,0,0,0,0,1,1,1,0,0,1,0,1,0,0,1,0,1,0,1,1,0,0,0,1,0,1,0,0,1,0,1,0,1,1,0,0,0,1,0,1,0,0,1,0,1,0,1,1,0,0,0,1,0,1,0,0,1,0,1,0,1,1,0,0
2026,3,29,08:48:48.266,19.44,235,67.1,0.8503,4418.3,422.2,3.939,2.18,3.89,0.01,0.01,-676.0,1873.0,362.0,-26503.0,26918,2056,117.7,0.0,11016.0,0,0,0,e1f,d4a,d4a,d4a,d4a,1,1,1,1,1,0,0,0,0,1,1,1,0,0,1,0,1,0,0,1,0,1,0,1,1,0,0,0,1,0,1,0,0,1,0,1,0,1,1,0,0,0,1,0,1,0,0,1,0,1,0,1,1,0,0,0,1,0,1,0,0,1,0,1,0,1,1,0,0
2026,3,29,08:48:48.286,19.46,5,67.1,0.8510,4397.5,401.4,3.939,2.18,3.89,0.01,0.01,-676.0,1873.0,362.0,-26517.0,26956,2063,120.8,0.0,11020.0,0,0,0,e1f,d4a,d4a,d4a,d4a,1,1,1,1,1,0,0,0,0,1,1,1,0,0,1,0,1,0,0,1,0,1,0,1,1,0,0,0,1,0,1,0,0,1,0,1,0,1,1,0,0,0,1,0,1,0,0,1,0,1,0,1,1,0,0,0,1,0,1,0,0,1,0,1,0,1,1,0,0
2026,3,29,08:48:48.306,19.48,25,67.1,0.8510,4397.5,401.4,3.940,2.18,3.89,0.01,0.01,-675.0,1873.0,362.0,-26530.0,26993,2070,123.8,0.0,11025.0,0,0,0,e1f,d4a,d4a,d4a,d4a,1,1,1,1,1,0,0,0,0,1,1,1,0,0,1,0,1,0,0,1,0,1,0,1,1,0,0,0,1,0,1,0,0,1,0,1,0,1,1,0,0,0,1,0,1,0,0,1,0,1,0,1,1,0,0,0,1,0,1,0,0,1,0,1,0,1,1,0,0
2026,3,29,08:48:48.326,19.50,45,67.1,0.8512,4389.3,393.2,3.939,2.18,3.89,0.01,0.01,-675.0,1874.0,362.0,-26544.0,27031,2078,126.5,0.0,11030.0,0,0,0,e1f,d4a,d4a,d4a,d4a,1,1,1,1,1,0,0,0,0,1,1,1,0,0,1,0,1,0,0,1,0,1,0,1,1,0,0,0,1,0,1,0,0,1,0,1,0,1,1,0,0,0,1,0,1,0,0,1,0,1,0,1,1,0,0,0,1,0,1,0,0,1,0,1,0,1,1,0,0
2026,3,29,08:48:48.346,19.52,65,67.1,0.8512,4389.3,393.2,3.939,2.18,3.89,0.01,0.01,-674.0,1874.0,363.0,-26557.0,27068,2085,129.1,0.0,11035.0,0,0,0,e1f,d4a,d4a,d4a,d4a,1,1,1,1,1,0,0,0,0,1,1,1,0,0,1,0,1,0,0,1,0,1,0,1,1,0,0,0,1,0,1,0,0,1,0,1,0,1,1,0,0,0,1,0,1,0,0,1,0,1,0,1,1,0,0,0,1,0,1,0,0,1,0,1,0,1,1,0,0
2026,3,29,08:48:48.366,19.54,85,67.1,0.8516,4379.2,383.1,3.939,2.18,3.89,0.01,0.01,-674.0,1874.0,363.0,-26571.0,27106,2092,131.5,0.0,11040.0,0,0,0,e1f,d4a,d4a,d4a,d4a,1,1,1,1,1,0,0,0,0,1,1,1,0,0,1,0,1,0,0,1,0,1,0,1,1,0,0,0,1,0,1,0,0,1,0,1,0,1,1,0,0,0,1,0,1,0,0,1,0,1,0,1,1,0,0,0,1,0,1,0,0,1,0,1,0,1,1,0,0
2026,3,29,08:48:48.386,19.56,105,67.1,0.8515,4379.8,383.8,3.939,2.18,3.89,0.01,0.01,-674.0,1874.0,364.0,-26584.0,27143,2099,133.7,0.0,11046.0,0,0,0,e1f,d4a,d4a,d4a,d4a,1,1,1,1,1,0,0,0,0,1,1,1,0,0,1,0,1,0,0,1,0,1,0,1,1,0,0,0,1,0,1,0,0,1,0,1,0,1,1,0,0,0,1,0,1,0,0,1,0,1,0,1,1,0,0,0,1,0,1,0,0,1,0,1,0,1,1,0,0
2026,3,29,08:48:48.406,19.58,125,67.1,0.8521,4362.2,366.1,3.939,2.18,3.89,0.01,0.01,-674.0,1875.0,364.0,-26598.0,27181,2107,135.8,0.0,11052.0,0,0,0,e1f,d4a,d4a,d4a,d4a,1,1,1,1,1,0,0,0,0,1,1,1,0,0,1,0,1,0,0,1,0,1,0,1,1,0,0,0,1,0,1,0,0,1,0,1,0,1,1,0,0,0,1,0,1,0,0,1,0,1,0,1,1,0,0,0,1,0,1,0,0,1,0,1,0,1,1,0,0
2026,3,29,08:48:48.426,19.60,145,67.1,0.8521,4361.6,365.5,3.939,2.18,3.89,0.01,0.01,-674.0,1875.0,365.0,-26611.0,27218,2114,137.7,0.0,11059.0,0,0,0,e1f,d4a,d4a,d4a,d4a,1,1,1,1,1,0,0,0,0,1,1,1,0,0,1,0,1,0,0,1,0,1,0,1,1,0,0,0,1,0,1,0,0,1,0,1,0,1,1,0,0,0,1,0,1,0,0,1,0,1,0,1,1,0,0,0,1,0,1,0,0,1,0,1,0,1,1,0,0
2026,3,29,08:48:48.446,19.62,165,67.1,0.8528,4340.8,344.7,3.940,2.18,3.89,0.01,0.01,-674.0,1875.0,365.0,-26625.0,27256,2121,139.5,0.0,11065.0,0,0,0,e1f,d4a,d4a,d4a,d4a,1,1,1,1,1,0,0,0,0,1,1,1,0,0,1,0,1,0,0,1,0,1,0,1,1,0,0,0,1,0,1,0,0,1,0,1,0,1,1,0,0,0,1,0,1,0,0,1,0,1,0,1,1,0,0,0,1,0,1,0,0,1,0,1,0,1,1,0,0
2026,3,29,08:48:48.466,19.64,185,67.1,0.8528,4340.8,344.7,3.940,2.18,3.89,0.01,0.01,-674.0,1875.0,366.0,-26638.0,27293,2129,141.2,0.0,11071.0,0,0,0,e1f,d4a,d4a,d4a,d4a,1,1,1,1,1,0,0,0,0,1,1,1,0,0,1,0,1,0,0,1,0,1,0,1,1,0,0,0,1,0,1,0,0,1,0,1,0,1,1,0,0,0,1,0,1,0,0,1,0,1,0,1,1,0,0,0,1,0,1,0,0,1,0,1,0,1,1,0,0
2026,3,29,08:48:48.486,19.66,205,67.1,0.8528,4340.8,344.7,3.940,2.18,3.89,0.01,0.01,-674.0,1875.0,366.0,-26652.0,27331,2136,142.7,0.0,11077.0,0,0,0,e1f,d4a,d4a,d4a,d4a,1,1,1,1,1,0,0,0,0,1,1,1,0,0,1,0,1,0,0,1,0,1,0,1,1,0,0,0,1,0,1,0,0,1,0,1,0,1,1,0,0,0,1,0,1,0,0,1,0,1,0,1,1,0,0,0,1,0,1,0,0,1,0,1,0,1,1,0,0
2026,3,29,08:48:48.506,19.68,225,67.1,0.8528,4340.8,344.7,3.940,2.18,3.89,0.01,0.01,-674.0,1875.0,367.0,-26665.0,27368,2143,144.2,0.0,11083.0,0,0,0,e1f,d4a,d4a,d4a,d4a,1,1,1,1,1,0,0,0,0,1,1,1,0,0,1,0,1,0,0,1,0,1,0,1,1,0,0,0,1,0,1,0,0,1,0,1,0,1,1,0,0,0,1,0,1,0,0,1,0,1,0,1,1,0,0,0,1,0,1,0,0,1,0,1,0,1,1,0,0
2026,3,29,08:48:48.526,19.70,245,67.1,0.8537,4313.1,317.0,3.940,2.18,3.89,0.01,0.01,-675.0,1875.0,367.0,-26679.0,27406,2151,145.6,0.0,11088.0,0,0,0,e1f,d4a,d4a,d4a,d4a,1,1,1,1,1,0,0,0,0,1,1,1,0,0,1,0,1,0,0,1,0,1,0,1,1,0,0,0,1,0,1,0,0,1,0,1,0,1,1,0,0,0,1,0,1,0,0,1,0,1,0,1,1,0,0,0,1,0,1,0,0,1,0,1,0,1,1,0,0
2026,3,29,08:48:48.546,19.72,15,67.1,0.8537,4313.1,317.0,3.940,2.18,3.89,0.01,0.01,-675.0,1875.0,367.0,-26692.0,27443,2158,147.0,0.0,11092.0,0,0,0,e1f,d4a,d4a,d4a,d4a,1,1,1,1,1,0,0,0,0,1,1,1,0,0,1,0,1,0,0,1,0,1,0,1,1,0,0,0,1,0,1,0,0,1,0,1,0,1,1,0,0,0,1,0,1,0,0,1,0,1,0,1,1,0,0,0,1,0,1,0,0,1,0,1,0,1,1,0,0
2026,3,29,08:48:48.566,19.74,35,67.1,0.8538,4308.7,312.6,3.939,2.18,3.89,0.01,0.01,-675.0,1876.0,368.0,-26706.0,27481,2165,148.3,0.0,11097.0,0,0,0,e1f,d4a,d4a,d4a,d4a,1,1,1,1,1,0,0,0,0,1,1,1,0,0,1,0,1,0,0,1,0,1,0,1,1,0,0,0,1,0,1,0,0,1,0,1,0,1,1,0,0,0,1,0,1,0,0,1,0,1,0,1,1,0,0,0,1,0,1,0,0,1,0,1,0,1,1,0,0
2026,3,29,08:48:48.586,19.76,55,67.1,0.8538,4308.7,312.6,3.940,2.18,3.89,0.01,0.01,-676.0,1876.0,368.0,-26719.0,27518,2173,149.6,0.0,11101.0,0,0,0,e1f,d4a,d4a,d4a,d4a,1,1,1,1,1,0,0,0,0,1,1,1,0,0,1,0,1,0,0,1,0,1,0,1,1,0,0,0,1,0,1,0,0,1,0,1,0,1,1,0,0,0,1,0,1,0,0,1,0,1,0,1,1,0,0,0,1,0,1,0,0,1,0,1,0,1,1,0,0
2026,3,29,08:48:48.606,19.78,75,67.1,0.8543,4293.6,297.5,3.940,2.18,3.89,0.01,0.01,-676.0,1877.0,368.0,-26733.0,27556,2180,150.9,0.0,11105.0,0,0,0,e1f,d4a,d4a,d4a,d4a,1,1,1,1,1,0,0,0,0,1,1,1,0,0,1,0,1,0,0,1,0,1,0,1,1,0,0,0,1,0,1,0,0,1,0,1,0,1,1,0,0,0,1,0,1,0,0,1,0,1,0,1,1,0,0,0,1,0,1,0,0,1,0,1,0,1,1,0,0
2026,3,29,08:48:48.626,19.80,95,67.1,0.8543,4293.6,297.5,3.940,2.18,3.89,0.01,0.01,-676.0,1877.0,369.0,-26747.0,27593,2187,152.1,0.0,11109.0,0,0,0,e1f,d4a,d4a,d4a,d4a,1,1,1,1,1,0,0,0,0,1,1,1,0,0,1,0,1,0,0,1,0,1,0,1,1,0,0,0,1,0,1,0,0,1,0,1,0,1,1,0,0,0,1,0,1,0,0,1,0,1,0,1,1,0,0,0,1,0,1,0,0,1,0,1,0,1,1,0,0
2026,3,29,08:48:48.646,19.82,115,67.1,0.8542,4296.7,300.7,3.940,2.18,3.89,0.01,0.01,-677.0,1878.0,369.0,-26760.0,27631,2195,153.2,0.0,11114.0,0,0,0,e1f,d4a,d4a,d4a,d4a,1,1,1,1,1,0,0,0,0,1,1,1,0,0,1,0,1,0,0,1,0,1,0,1,1,0,0,0,1,0,1,0,0,1,0,1,0,1,1,0,0,0,1,0,1,0,0,1,0,1,0,1,1,0,0,0,1,0,1,0,0,1,0,1,0,1,1,0,0
2026,3,29,23:17:04.087,19.84,128,59.0,0.9756,681.4,-3314.7,4.068,1.66,2.38,0.01,0.01,-419.0,-48.0,1420.0,-15669.0,-2483,-12525,144.7,0.0,53.0,0,0,0,eff,cc9,cc9,cc9,cc9,1,1,1,1,1,1,1,1,0,1,1,1,0,1,0,0,1,0,0,1,1,0,0,1,1,0,0,1,0,0,1,0,0,1,1,0,0,1,1,0,0,1,0,0,1,0,0,1,1,0,0,1,1,0,0,1,0,0,1,0,0,1,1,0,0,1,1,0,0
2026,3,29,23:17:04.107,19.86,148,59.0,0.9756,681.4,-3314.7,4.067,1.66,2.38,0.01,0.01,-419.0,-48.0,1421.0,-15677.0,-2484,-12497,144.7,0.0,53.0,0,0,0,eff,cc9,cc9,cc9,cc9,1,1,1,1,1,1,1,1,0,1,1,1,0,1,0,0,1,0,0,1,1,0,0,1,1,0,0,1,0,0,1,0,0,1,1,0,0,1,1,0,0,1,0,0,1,0,0,1,1,0,0,1,1,0,0,1,0,0,1,0,0,1,1,0,0,1,1,0,0
2026,3,29,23:17:04.127,19.88,168,59.0,0.9756,681.4,-3314.7,4.067,1.66,2.38,0.01,0.01,-419.0,-48.0,1421.0,-15686.0,-2485,-12468,144.7,0.0,53.0,0,0,0,eff,cc9,cc9,cc9,cc9,1,1,1,1,1,1,1,1,0,1,1,1,0,1,0,0,1,0,0,1,1,0,0,1,1,0,0,1,0,0,1,0,0,1,1,0,0,1,1,0,0,1,0,0,1,0,0,1,1,0,0,1,1,0,0,1,0,0,1,0,0,1,1,0,0,1,1,0,0
2026,3,29,23:17:04.147,19.90,188,59.0,0.9756,681.4,-3314.7,4.067,1.66,2.38,0.01,0.01,-419.0,-48.0,1422.0,-15694.0,-2486,-12440,144.7,0.0,53.0,0,0,0,eff,cc9,cc9,cc9,cc9,1,1,1,1,1,1,1,1,0,1,1,1,0,1,0,0,1,0,0,1,1,0,0,1,1,0,0,1,0,0,1,0,0,1,1,0,0,1,1,0,0,1,0,0,1,0,0,1,1,0,0,1,1,0,0,1,0,0,1,0,0,1,1,0,0,1,1,0,0
2026,3,29,08:48:44.826,19.92,45,67.1,0.8433,4639.9,643.9,3.939,2.08,3.89,0.01,0.01,-657.0,1800.0,341.0,-24223.0,20600,836,36.4,0.0,10531.0,0,0,0,e1f,d4e,d4a,d4a,d4a,1,1,1,1,1,0,0,0,0,1,1,1,0,0,1,1,1,0,0,1,0,1,0,1,1,0,0,0,1,0,1,0,0,1,0,1,0,1,1,0,0,0,1,0,1,0,0,1,0,1,0,1,1,0,0,0,1,0,1,0,0,1,0,1,0,1,1,0,0
2026,3,29,08:48:44.846,19.94,65,67.1,0.8428,4655.8,659.8,3.939,2.08,3.89,0.01,0.01,-656.0,1800.0,341.0,-24236.0,20636,842,36.9,0.0,10534.0,0,0,0,e1f,d4e,d4a,d4a,d4a,1,1,1,1,1,0,0,0,0,1,1,1,0,0,1,1,1,0,0,1,0,1,0,1,1,0,0,0,1,0,1,0,0,1,0,1,0,1,1,0,0,0,1,0,1,0,0,1,0,1,0,1,1,0,0,0,1,0,1,0,0,1,0,1,0,1,1,0,0
2026,3,29,08:48:44.866,19.96,85,67.0,0.8428,4657.1,661.0,3.940,2.08,3.89,0.01,0.01,-656.0,1800.0,341.0,-24250.0,20672,849,37.2,0.0,10537.0,0,0,0,e1f,d4e,d4a,d4a,d4a,1,1,1,1,1,0,0,0,0,1,1,1,0,0,1,1,1,0,0,1,0,1,0,1,1,0,0,0,1,0,1,0,0,1,0,1,0,1,1,0,0,0,1,0,1,0,0,1,0,1,0,1,1,0,0,0,1,0,1,0,0,1,0,1,0,1,1,0,0
2026,3,29,08:48:44.886,19.98,105,67.0,0.8422,4674.9,678.8,3.939,2.08,3.89,0.01,0.01,-656.0,1800.0,341.0,-24263.0,20708,856,37.3,0.0,10540.0,0,0,0,e1f,d4e,d4a,d4a,d4a,1,1,1,1,1,0,0,0,0,1,1,1,0,0,1,1,1,0,0,1,0,1,0,1,1,0,0,0,1,0,1,0,0,1,0,1,0,1,1,0,0,0,1,0,1,0,0,1,0,1,0,1,1,0,0,0,1,0,1,0,0,1,0,1,0,1,1,0,0
2026,3,29,08:48:44.906,20.00,125,67.0,0.8422,4675.5,679.5,3.939,2.08,3.89,0.01,0.01,-656.0,1800.0,341.0,-24276.0,20744,863,37.2,0.0,10543.0,0,0,0,e1f,d4e,d4a,d4a,d4a,1,1,1,1,1,0,0,0,0,1,1,1,0,0,1,1,1,0,0,1,0,1,0,1,1,0,0,0,1,0,1,0,0,1,0,1,0,1,1,0,0,0,1,0,1,0,0,1,0,1,0,1,1,0,0,0,1,0,1,0,0,1,0,1,0,1,1,0,0
2026,3,29,08:48:44.926,20.02,145,67.0,0.8416,4693.3,697.3,3.939,2.08,3.89,0.01,0.01,-656.0,1800.0,340.0,-24289.0,20780,870,36.8,0.0,10546.0,0,0,0,e1f,d4e,d4a,d4a,d4a,1,1,1,1,1,0,0,0,0,1,1,1,0,0,1,1,1,0,0,1,0,1,0,1,1,0,0,0,1,0,1,0,0,1,0,1,0,1,1,0,0,0,1,0,1,0,0,1,0,1,0,1,1,0,0,0,1,0,1,0,0,1,0,1,0,1,1,0,0
2026,3,29,08:48:44.946,20.04,165,67.0,0.8416,4694.6,698.5,3.939,2.08,3.89,0.01,0.01,-655.0,1800.0,340.0,-24302.0,20816,876,36.3,0.0,10550.0,0,0,0,e1f,d4e,d4a,d4a,d4a,1,1,1,1,1,0,0,0,0,1,1,1,0,0,1,1,1,0,0,1,0,1,0,1,1,0,0,0,1,0,1,0,0,1,0,1,0,1,1,0,0,0,1,0,1,0,0,1,0,1,0,1,1,0,0,0,1,0,1,0,0,1,0,1,0,1,1,0,0
2026,3,29,08:48:44.966,20.06,185,67.0,0.8409,4717.5,721.5,3.939,2.08,3.89,0.01,0.01,-655.0,1800.0,340.0,-24315.0,20852,883,35.5,0.0,10553.0,0,0,0,e1f,d4e,d4a,d4a,d4a,1,1,1,1,1,0,0,0,0,1,1,1,0,0,1,1,1,0,0,1,0,1,0,1,1,0,0,0,1,0,1,0,0,1,0,1,0,1,1,0,0,0,1,0,1,0,0,1,0,1,0,1,1,0,0,0,1,0,1,0,0,1,0,1,0,1,1,0,0
2026,3,29,08:48:44.986,20.08,205,66.9,0.8408,4718.8,722.7,3.939,2.08,3.89,0.01,0.01,-655.0,1800.0,340.0,-24328.0,20888,890,34.7,0.0,10556.0,0,0,0,e1f,d4e,d4a,d4a,d4a,1,1,1,1,1,0,0,0,0,1,1,1,0,0,1,1,1,0,0,1,0,1,0,1,1,0,0,0,1,0,1,0,0,1,0,1,0,1,1,0,0,0,1,0,1,0,0,1,0,1,0,1,1,0,0,0,1,0,1,0,0,1,0,1,0,1,1,0,0
2026,3,29,08:48:45.006,20.10,225,66.9,0.8399,4748.1,752.0,3.938,2.08,3.89,0.01,0.01,-655.0,1801.0,340.0,-24341.0,20924,897,33.6,0.0,10559.0,0,0,0,e1f,d4e,d4a,d4a,d4a,1,1,1,1,1,0,0,0,0,1,1,1,0,0,1,1,1,0,0,1,0,1,0,1,1,0,0,0,1,0,1,0,0,1,0,1,0,1,1,0,0,0,1,0,1,0,0,1,0,1,0,1,1,0,0,0,1,0,1,0,0,1,0,1,0,1,1,0,0
2026,3,29,08:48:45.026,20.12,245,66.9,0.8399,4749.4,753.3,3.938,2.08,3.89,0.01,0.01,-655.0,1801.0,340.0,-24355.0,20960,904,32.5,0.0,10562.0,0,0,0,e1f,d4e,d4a,d4a,d4a,1,1,1,1,1,0,0,0,0,1,1,1,0,0,1,1,1,0,0,1,0,1,0,1,1,0,0,0,1,0,1,0,0,1,0,1,0,1,1,0,0,0,1,0,1,0,0,1,0,1,0,1,1,0,0,0,1,0,1,0,0,1,0,1,0,1,1,0,0
2026,3,29,08:48:45.046,20.14,15,66.9,0.8392,4770.4,774.4,3.939,2.08,3.89,0.01,0.01,-655.0,1801.0,340.0,-24368.0,20996,911,31.4,0.0,10565.0,0,0,0,e1f,d4e,d4a,d4a,d4a,1,1,1,1,1,0,0,0,0,1,1,1,0,0,1,1,1,0,0,1,0,1,0,1,1,0,0,0,1,0,1,0,0,1,0,1,0,1,1,0,0,0,1,0,1,0,0,1,0,1,0,1,1,0,0,0,1,0,1,0,0,1,0,1,0,1,1,0,0
2026,3,29,08:48:45.066,20.16,35,66.9,0.8392,4771.7,775.6,3.939,2.08,3.88,0.01,0.01,-655.0,1802.0,340.0,-24381.0,21032,917,30.3,0.0,10568.0,0,0,0,e1f,d4e,d4a,d4a,d4a,1,1,1,1,1,0,0,0,0,1,1,1,0,0,1,1,1,0,0,1,0,1,0,1,1,0,0,0,1,0,1,0,0,1,0,1,0,1,1,0,0,0,1,0,1,0,0,1,0,1,0,1,1,0,0,0,1,0,1,0,0,1,0,1,0,1,1,0,0
2026,3,29,08:48:45.086,20.18,55,66.9,0.8387,4787.6,791.6,3.939,2.08,3.88,0.01,0.01,-656.0,1802.0,341.0,-24394.0,21068,924,29.3,0.0,10571.0,0,0,0,e1f,d4e,d4a,d4a,d4a,1,1,1,1,1,0,0,0,0,1,1,1,0,0,1,1,1,0,0,1,0,1,0,1,1,0,0,0,1,0,1,0,0,1,0,1,0,1,1,0,0,0,1,0,1,0,0,1,0,1,0,1,1,0,0,0,1,0,1,0,0,1,0,1,0,1,1,0,0
2026,3,29,08:48:45.106,20.20,75,66.8,0.8387,4788.3,792.2,3.939,2.08,3.89,0.01,0.01,-656.0,1803.0,341.0,-24407.0,21104,931,28.5,0.0,10574.0,0,0,0,e1f,d4e,d4a,d4a,d4a,1,1,1,1,1,0,0,0,0,1,1,1,0,0,1,1,1,0,0,1,0,1,0,1,1,0,0,0,1,0,1,0,0,1,0,1,0,1,1,0,0,0,1,0,1,0,0,1,0,1,0,1,1,0,0,0,1,0,1,0,0,1,0,1,0,1,1,0,0
2026,3,29,08:48:45.126,20.22,95,66.8,0.8381,4806.8,810.7,3.939,2.09,3.89,0.01,0.01,-656.0,1803.0,342.0,-24420.0,21140,938,27.8,0.0,10577.0,0,0,0,e1f,d4e,d4a,d4a,d4a,1,1,1,1,1,0,0,0,0,1,1,1,0,0,1,1,1,0,0,1,0,1,0,1,1,0,0,0,1,0,1,0,0,1,0,1,0,1,1,0,0,0,1,0,1,0,0,1,0,1,0,1,1,0,0,0,1,0,1,0,0,1,0,1,0,1,1,0,0
2026,3,29,08:48:45.146,20.24,115,66.8,0.8381,4807.4,811.4,3.939,2.09,3.89,0.01,0.01,-657.0,1804.0,343.0,-24433.0,21176,945,27.3,0.0,10580.0,0,0,0,e1f,d4e,d4a,d4a,d4a,1,1,1,1,1,0,0,0,0,1,1,1,0,0,1,1,1,0,0,1,0,1,0,1,1,0,0,0,1,0,1,0,0,1,0,1,0,1,1,0,0,0,1,0,1,0,0,1,0,1,0,1,1,0,0,0,1,0,1,0,0,1,0,1,0,1,1,0,0
2026,3,29,08:48:45.166,20.26,135,66.8,0.8373,4830.4,834.4,3.940,2.09,3.89,0.01,0.01,-657.0,1804.0,343.0,-24446.0,21212,952,27.0,0.0,10583.0,0,0,0,e1f,d4e,d4a,d4a,d4a,1,1,1,1,1,0,0,0,0,1,1,1,0,0,1,1,1,0,0,1,0,1,0,1,1,0,0,0,1,0,1,0,0,1,0,1,0,1,1,0,0,0,1,0,1,0,0,1,0,1,0,1,1,0,0,0,1,0,1,0,0,1,0,1,0,1,1,0,0
2026,3,29,08:48:45.186,20.28,155,66.8,0.8373,4830.4,834.4,3.939,2.09,3.89,0.01,0.01,-657.0,1804.0,344.0,-24460.0,21248,958,26.9,0.0,10586.0,0,0,0,e1f,d4e,d4a,d4a,d4a,1,1,1,1,1,0,0,0,0,1,1,1,0,0,1,1,1,0,0,1,0,1,0,1,1,0,0,0,1,0,1,0,0,1,0,1,0,1,1,0,0,0,1,0,1,0,0,1,0,1,0,1,1,0,0,0,1,0,1,0,0,1,0,1,0,1,1,0,0
2026,3,29,08:48:45.206,20.30,175,66.8,0.8369,4845.1,849.1,3.939,2.09,3.89,0.01,0.01,-658.0,1805.0,344.0,-24473.0,21284,965,27.0,0.0,10589.0,0,0,0,e1f,d4e,d4a,d4a,d4a,1,1,1,1,1,0,0,0,0,1,1,1,0,0,1,1,1,0,0,1,0,1,0,1,1,0,0,0,1,0,1,0,0,1,0,1,0,1,1,0,0,0,1,0,1,0,0,1,0,1,0,1,1,0,0,0,1,0,1,0,0,1,0,1,0,1,1,0,0
2026,3,29,08:48:45.226,20.32,195,66.8,0.8368,4846.4,850.4,3.939,2.09,3.89,0.01,0.01,-658.0,1805.0,345.0,-24486.0,21320,972,27.2,0.0,10592.0,0,0,0,e1f,d4e,d4a,d4a,d4a,1,1,1,1,1,0,0,0,0,1,1,1,0,0,1,1,1,0,0,1,0,1,0,1,1,0,0,0,1,0,1,0,0,1,0,1,0,1,1,0,0,0,1,0,1,0,0,1,0,1,0,1,1,0,0,0,1,0,1,0,0,1,0,1,0,1,1,0,0
2026,3,29,08:48:45.246,20.34,215,66.8,0.8366,4852.8,856.7,3.939,2.09,3.89,0.01,0.01,-658.0,1805.0,345.0,-24499.0,21356,979,27.7,0.0,10595.0,0,0,0,e1f,d4e,d4a,d4a,d4a,1,1,1,1,1,0,0,0,0,1,1,1,0,0,1,1,1,0,0,1,0,1,0,1,1,0,0,0,1,0,1,0,0,1,0,1,0,1,1,0,0,0,1,0,1,0,0,1,0,1,0,1,1,0,0,0,1,0,1,0,0,1,0,1,0,1,1,0,0
2026,3,29,08:48:45.266,20.36,235,66.8,0.8366,4853.4,857.4,3.940,2.09,3.89,0.01,0.01,-659.0,1806.0,345.0,-24512.0,21393,986,28.3,0.0,10598.0,0,0,0,e1f,d4e,d4a,d4a,d4a,1,1,1,1,1,0,0,0,0,1,1,1,0,0,1,1,1,0,0,1,0,1,0,1,1,0,0,0,1,0,1,0,0,1,0,1,0,1,1,0,0,0,1,0,1,0,0,1,0,1,0,1,1,0,0,0,1,0,1,0,0,1,0,1,0,1,1,0,0
2026,3,29,08:48:45.286,20.38,5,66.8,0.8363,4863.0,867.0,3.940,2.09,3.89,0.01,0.01,-659.0,1806.0,346.0,-24525.0,21429,993,29.1,0.0,10602.0,0,0,0,e1f,d4e,d4a,d4a,d4a,1,1,1,1,1,0,0,0,0,1,1,1,0,0,1,1,1,0,0,1,0,1,0,1,1,0,0,0,1,0,1,0,0,1,0,1,0,1,1,0,0,0,1,0,1,0,0,1,0,1,0,1,1,0,0,0,1,0,1,0,0,1,0,1,0,1,1,0,0
2026,3,29,08:48:45.306,20.40,25,66.8,0.8363,4863.7,867.6,3.939,2.09,3.89,0.01,0.01,-659.0,1806.0,346.0,-24539.0,21465,1000,29.9,0.0,10605.0,0,0,0,e1f,d4e,d4a,d4a,d4a,1,1,1,1,1,0,0,0,0,1,1,1,0,0,1,1,1,0,0,1,0,1,0,1,1,0,0,0,1,0,1,0,0,1,0,1,0,1,1,0,0,0,1,0,1,0,0,1,0,1,0,1,1,0,0,0,1,0,1,0,0,1,0,1,0,1,1,0,0
2026,3,29,08:48:45.326,20.42,45,66.8,0.8364,4860.5,864.4,3.939,2.09,3.89,0.01,0.01,-659.0,1807.0,346.0,-24552.0,21501,1007,30.8,0.0,10608.0,0,0,0,e1f,d4e,d4a,d4a,d4a,1,1,1,1,1,0,0,0,0,1,1,1,0,0,1,1,1,0,0,1,0,1,0,1,1,0,0,0,1,0,1,0,0,1,0,1,0,1,1,0,0,0,1,0,1,0,0,1,0,1,0,1,1,0,0,0,1,0,1,0,0,1,0,1,0,1,1,0,0
2026,3,29,08:48:45.346,20.44,65,66.8,0.8364,4859.8,863.8,3.940,2.09,3.89,0.01,0.01,-659.0,1807.0,346.0,-24565.0,21537,1014,31.8,0.0,10611.0,0,0,0,e1f,d4e,d4a,d4a,d4a,1,1,1,1,1,0,0,0,0,1,1,1,0,0,1,1,1,0,0,1,0,1,0,1,1,0,0,0,1,0,1,0,0,1,0,1,0,1,1,0,0,0,1,0,1,0,0,1,0,1,0,1,1,0,0,0,1,0,1,0,0,1,0,1,0,1,1,0,0
2026,3,29,08:48:45.366,20.46,85,66.8,0.8365,4858.6,862.5,3.939,2.09,3.89,0.01,0.01,-659.0,1808.0,345.0,-24578.0,21573,1021,32.8,0.0,10614.0,0,0,0,e1f,d4e,d4a,d4a,d4a,1,1,1,1,1,0,0,0,0,1,1,1,0,0,1,1,1,0,0,1,0,1,0,1,1,0,0,0,1,0,1,0,0,1,0,1,0,1,1,0,0,0,1,0,1,0,0,1,0,1,0,1,1,0,0,0,1,0,1,0,0,1,0,1,0,1,1,0,0
2026,3,29,08:48:45.386,20.48,105,66.8,0.8365,4858.6,862.5,3.939,2.09,3.89,0.01,0.01,-659.0,1808.0,345.0,-24591.0,21610,1028,33.7,0.0,10617.0,0,0,0,e1f,d4e,d4a,d4a,d4a,1,1,1,1,1,0,0,0,0,1,1,1,0,0,1,1,1,0,0,1,0,1,0,1,1,0,0,0,1,0,1,0,0,1,0,1,0,1,1,0,0,0,1,0,1,0,0,1,0,1,0,1,1,0,0,0,1,0,1,0,0,1,0,1,0,1,1,0,0
2026,3,29,08:48:45.406,20.50,125,66.8,0.8366,4854.7,858.7,3.939,2.09,3.89,0.01,0.01,-659.0,1809.0,345.0,-24605.0,21646,1034,34.7,0.0,10620.0,0,0,0,e1f,d4e,d4a,d4a,d4a,1,1,1,1,1,0,0,0,0,1,1,1,0,0,1,1,1,0,0,1,0,1,0,1,1,0,0,0,1,0,1,0,0,1,0,1,0,1,1,0,0,0,1,0,1,0,0,1,0,1,0,1,1,0,0,0,1,0,1,0,0,1,0,1,0,1,1,0,0
2026,3,29,08:48:45.426,20.52,145,66.8,0.8366,4854.1,858.0,3.939,2.09,3.89,0.01,0.01,-659.0,1809.0,345.0,-24618.0,21682,1041,35.5,0.0,10622.0,0,0,0,e1f,d4e,d4a,d4a,d4a,1,1,1,1,1,0,0,0,0,1,1,1,0,0,1,1,1,0,0,1,0,1,0,1,1,0,0,0,1,0,1,0,0,1,0,1,0,1,1,0,0,0,1,0,1,0,0,1,0,1,0,1,1,0,0,0,1,0,1,0,0,1,0,1,0,1,1,0,0
2026,3,29,08:48:45.446,20.54,165,66.8,0.8371,4839.4,843.3,3.939,2.09,3.89,0.01,0.01,-659.0,1810.0,344.0,-24631.0,21718,1048,36.3,0.0,10625.0,0,0,0,e1f,d4e,d4a,d4a,d4a,1,1,1,1,1,0,0,0,0,1,1,1,0,0,1,1,1,0,0,1,0,1,0,1,1,0,0,0,1,0,1,0,0,1,0,1,0,1,1,0,0,0,1,0,1,0,0,1,0,1,0,1,1,0,0,0,1,0,1,0,0,1,0,1,0,1,1,0,0
2026,3,29,08:48:45.466,20.56,185,66.8,0.8371,4838.7,842.7,3.940,2.09,3.89,0.01,0.01,-658.0,1810.0,344.0,-24644.0,21754,1055,37.0,0.0,10627.0,0,0,0,e1f,d4e,d4a,d4a,d4a,1,1,1,1,1,0,0,0,0,1,1,1,0,0,1,1,1,0,0,1,0,1,0,1,1,0,0,0,1,0,1,0,0,1,0,1,0,1,1,0,0,0,1,0,1,0,0,1,0,1,0,1,1,0,0,0,1,0,1,0,0,1,0,1,0,1,1,0,0
2026,3,29,08:48:45.486,20.58,205,66.8,0.8371,4838.7,842.7,3.939,2.09,3.89,0.01,0.01,-658.0,1811.0,343.0,-24657.0,21790,1062,37.6,0.0,10629.0,0,0,0,e1f,d4e,d4a,d4a,d4a,1,1,1,1,1,0,0,0,0,1,1,1,0,0,1,1,1,0,0,1,0,1,0,1,1,0,0,0,1,0,1,0,0,1,0,1,0,1,1,0,0,0,1,0,1,0,0,1,0,1,0,1,1,0,0,0,1,0,1,0,0,1,0,1,0,1,1,0,0
2026,3,29,08:48:45.506,20.60,225,66.8,0.8371,4838.1,842.0,3.940,2.09,3.89,0.01,0.01,-658.0,1811.0,343.0,-24670.0,21827,1069,38.0,0.0,10631.0,0,0,0,e1f,d4e,d4a,d4a,d4a,1,1,1,1,1,0,0,0,0,1,1,1,0,0,1,1,1,0,0,1,0,1,0,1,1,0,0,0,1,0,1,0,0,1,0,1,0,1,1,0,0,0,1,0,1,0,0,1,0,1,0,1,1,0,0,0,1,0,1,0,0,1,0,1,0,1,1,0,0
2026,3,29,08:48:45.526,20.62,245,66.8,0.8376,4823.4,827.3,3.939,2.09,3.89,0.01,0.01,-658.0,1812.0,343.0,-24684.0,21863,1076,38.4,0.0,10633.0,0,0,0,e1f,d4e,d4a,d4a,d4a,1,1,1,1,1,0,0,0,0,1,1,1,0,0,1,1,1,0,0,1,0,1,0,1,1,0,0,0,1,0,1,0,0,1,0,1,0,1,1,0,0,0,1,0,1,0,0,1,0,1,0,1,1,0,0,0,1,0,1,0,0,1,0,1,0,1,1,0,0
2026,3,29,08:48:45.546,20.64,15,66.9,0.8376,4822.1,826.1,3.940,2.09,3.89,0.01,0.01,-658.0,1812.0,343.0,-24697.0,21899,1083,38.6,0.0,10635.0,0,0,0,e1f,d4e,d4a,d4a,d4a,1,1,1,1,1,0,0,0,0,1,1,1,0,0,1,1,1,0,0,1,0,1,0,1,1,0,0,0,1,0,1,0,0,1,0,1,0,1,1,0,0,0,1,0,1,0,0,1,0,1,0,1,1,0,0,0,1,0,1,0,0,1,0,1,0,1,1,0,0
2026,3,29,08:48:45.566,20.66,35,66.9,0.8381,4806.2,810.1,3.939,2.09,3.89,0.01,0.01,-657.0,1813.0,342.0,-24710.0,21935,1090,38.8,0.0,10637.0,0,0,0,e1f,d4e,d4a,d4a,d4a,1,1,1,1,1,0,0,0,0,1,1,1,0,0,1,1,1,0,0,1,0,1,0,1,1,0,0,0,1,0,1,0,0,1,0,1,0,1,1,0,0,0,1,0,1,0,0,1,0,1,0,1,1,0,0,0,1,0,1,0,0,1,0,1,0,1,1,0,0
2026,3,29,08:48:45.586,20.68,55,66.9,0.8381,4804.9,808.8,3.939,2.09,3.89,0.01,0.01,-657.0,1814.0,342.0,-24723.0,21972,1096,38.8,0.0,10639.0,0,0,0,e1f,d4e,d4a,d4a,d4a,1,1,1,1,1,0,0,0,0,1,1,1,0,0,1,1,1,0,0,1,0,1,0,1,1,0,0,0,1,0,1,0,0,1,0,1,0,1,1,0,0,0,1,0,1,0,0,1,0,1,0,1,1,0,0,0,1,0,1,0,0,1,0,1,0,1,1,0,0
2026,3,29,08:48:45.606,20.70,75,66.9,0.8387,4787.0,791.0,3.940,2.09,3.89,0.01,0.01,-657.0,1815.0,342.0,-24736.0,22008,1103,38.6,0.0,10641.0,0,0,0,e1f,d4e,d4a,d4a,d4a,1,1,1,1,1,0,0,0,0,1,1,1,0,0,1,1,1,0,0,1,0,1,0,1,1,0,0,0,1,0,1,0,0,1,0,1,0,1,1,0,0,0,1,0,1,0,0,1,0,1,0,1,1,0,0,0,1,0,1,0,0,1,0,1,0,1,1,0,0
2026,3,29,08:48:45.626,20.72,95,66.9,0.8387,4785.7,789.7,3.939,2.09,3.89,0.01,0.01,-657.0,1816.0,342.0,-24749.0,22044,1110,38.4,0.0,10644.0,0,0,0,e1f,d4e,d4a,d4a,d4a,1,1,1,1,1,0,0,0,0,1,1,1,0,0,1,1,1,0,0,1,0,1,0,1,1,0,0,0,1,0,1,0,0,1,0,1,0,1,1,0,0,0,1,0,1,0,0,1,0,1,0,1,1,0,0,0,1,0,1,0,0,1,0,1,0,1,1,0,0
2026,3,29,08:48:45.646,20.74,115,66.9,0.8398,4753.2,757.1,3.939,2.09,3.89,0.01,0.01,-656.0,1816.0,342.0,-24763.0,22081,1117,37.9,0.0,10646.0,0,0,0,e1f,d4e,d4a,d4a,d4a,1,1,1,1,1,0,0,0,0,1,1,1,0,0,1,1,1,0,0,1,0,1,0,1,1,0,0,0,1,0,1,0,0,1,0,1,0,1,1,0,0,0,1,0,1,0,0,1,0,1,0,1,1,0,0,0,1,0,1,0,0,1,0,1,0,1,1,0,0
2026,3,29,08:48:45.666,20.76,135,67.0,0.8398,4752.6,756.5,3.939,2.09,3.89,0.01,0.01,-656.0,1817.0,342.0,-24776.0,22117,1124,37.4,0.0,10648.0,0,0,0,e1f,d4e,d4a,d4a,d4a,1,1,1,1,1,0,0,0,0,1,1,1,0,0,1,1,1,0,0,1,0,1,0,1,1,0,0,0,1,0,1,0,0,1,0,1,0,1,1,0,0,0,1,0,1,0,0,1,0,1,0,1,1,0,0,0,1,0,1,0,0,1,0,1,0,1,1,0,0
2026,3,29,08:48:45.686,20.78,155,67.0,0.8405,4730.9,734.8,3.940,2.10,3.89,0.01,0.01,-656.0,1818.0,342.0,-24789.0,22153,1131,36.7,0.0,10650.0,0,0,0,e1f,d4e,d4a,d4a,d4a,1,1,1,1,1,0,0,0,0,1,1,1,0,0,1,1,1,0,0,1,0,1,0,1,1,0,0,0,1,0,1,0,0,1,0,1,0,1,1,0,0,0,1,0,1,0,0,1,0,1,0,1,1,0,0,0,1,0,1,0,0,1,0,1,0,1,1,0,0
2026,3,29,08:48:45.706,20.80,175,67.0,0.8405,4730.3,734.2,3.939,2.10,3.89,0.01,0.01,-656.0,1819.0,342.0,-24802.0,22190,1138,35.9,0.0,10651.0,0,0,0,e1f,d4e,d4a,d4a,d4a,1,1,1,1,1,0,0,0,0,1,1,1,0,0,1,1,1,0,0,1,0,1,0,1,1,0,0,0,1,0,1,0,0,1,0,1,0,1,1,0,0,0,1,0,1,0,0,1,0,1,0,1,1,0,0,0,1,0,1,0,0,1,0,1,0,1,1,0,0
2026,3,29,08:48:45.726,20.82,195,67.0,0.8410,4712.4,716.4,3.940,2.10,3.89,0.01,0.01,-656.0,1820.0,343.0,-24815.0,22226,1144,35.1,0.0,10653.0,0,0,0,e1f,d4e,d4a,d4a,d4a,1,1,1,1,1,0,0,0,0,1,1,1,0,0,1,1,1,0,0,1,0,1,0,1,1,0,0,0,1,0,1,0,0,1,0,1,0,1,1,0,0,0,1,0,1,0,0,1,0,1,0,1,1,0,0,0,1,0,1,0,0,1,0,1,0,1,1,0,0
2026,3,29,08:48:45.746,20.84,215,67.0,0.8411,4711.8,715.7,3.940,2.10,3.89,0.01,0.01,-656.0,1821.0,343.0,-24828.0,22263,1151,34.2,0.0,10654.0,0,0,0,e1f,d4e,d4a,d4a,d4a,1,1,1,1,1,0,0,0,0,1,1,1,0,0,1,1,1,0,0,1,0,1,0,1,1,0,0,0,1,0,1,0,0,1,0,1,0,1,1,0,0,0,1,0,1,0,0,1,0,1,0,1,1,0,0,0,1,0,1,0,0,1,0,1,0,1,1,0,0
2026,3,29,08:48:45.766,20.86,235,67.0,0.8413,4704.2,708.1,3.939,2.10,3.89,0.01,0.01,-656.0,1822.0,344.0,-24841.0,22299,1158,33.2,0.0,10655.0,0,0,0,e1f,d4e,d4a,d4a,d4a,1,1,1,1,1,0,0,0,0,1,1,1,0,0,1,1,1,0,0,1,0,1,0,1,1,0,0,0,1,0,1,0,0,1,0,1,0,1,1,0,0,0,1,0,1,0,0,1,0,1,0,1,1,0,0,0,1,0,1,0,0,1,0,1,0,1,1,0,0
2026,3,29,08:48:45.786,20.88,5,67.0,0.8413,4702.9,706.8,3.940,2.10,3.89,0.01,0.01,-656.0,1823.0,344.0,-24854.0,22335,1165,32.3,0.0,10656.0,0,0,0,e1f,d4e,d4a,d4a,d4a,1,1,1,1,1,0,0,0,0,1,1,1,0,0,1,1,1,0,0,1,0,1,0,1,1,0,0,0,1,0,1,0,0,1,0,1,0,1,1,0,0,0,1,0,1,0,0,1,0,1,0,1,1,0,0,0,1,0,1,0,0,1,0,1,0,1,1,0,0
2026,3,29,08:48:45.806,20.90,25,67.0,0.8416,4693.3,697.3,3.939,2.10,3.89,0.01,0.01,-656.0,1824.0,345.0,-24868.0,22372,1172,31.3,0.0,10656.0,0,0,0,e1f,d4e,d4a,d4a,d4a,1,1,1,1,1,0,0,0,0,1,1,1,0,0,1,1,1,0,0,1,0,1,0,1,1,0,0,0,1,0,1,0,0,1,0,1,0,1,1,0,0,0,1,0,1,0,0,1,0,1,0,1,1,0,0,0,1,0,1,0,0,1,0,1,0,1,1,0,0
2026,3,29,08:48:45.826,20.92,45,67.0,0.8416,4693.3,697.3,3.938,2.10,3.89,0.01,0.01,-656.0,1824.0,346.0,-24881.0,22408,1179,30.3,0.0,10657.0,0,0,0,e1f,d4e,d4a,d4a,d4a,1,1,1,1,1,0,0,0,0,1,1,1,0,0,1,1,1,0,0,1,0,1,0,1,1,0,0,0,1,0,1,0,0,1,0,1,0,1,1,0,0,0,1,0,1,0,0,1,0,1,0,1,1,0,0,0,1,0,1,0,0,1,0,1,0,1,1,0,0
2026,3,29,08:48:45.846,20.94,65,67.0,0.8418,4688.2,692.2,3.939,2.10,3.89,0.01,0.01,-656.0,1825.0,347.0,-24894.0,22445,1186,29.3,0.0,10658.0,0,0,0,e1f,d4e,d4a,d4a,d4a,1,1,1,1,1,0,0,0,0,1,1,1,0,0,1,1,1,0,0,1,0,1,0,1,1,0,0,0,1,0,1,0,0,1,0,1,0,1,1,0,0,0,1,0,1,0,0,1,0,1,0,1,1,0,0,0,1,0,1,0,0,1,0,1,0,1,1,0,0
2026,3,29,08:48:45.866,20.96,85,67.0,0.8418,4688.9,692.8,3.939,2.10,3.89,0.01,0.01,-657.0,1826.0,348.0,-24907.0,22481,1193,28.3,0.0,10658.0,0,0,0,e1f,d4e,d4a,d4a,d4a,1,1,1,1,1,0,0,0,0,1,1,1,0,0,1,1,1,0,0,1,0,1,0,1,1,0,0,0,1,0,1,0,0,1,0,1,0,1,1,0,0,0,1,0,1,0,0,1,0,1,0,1,1,0,0,0,1,0,1,0,0,1,0,1,0,1,1,0,0
2026,3,29,08:48:45.886,20.98,105,67.0,0.8419,4683.8,687.7,3.939,2.10,3.89,0.01,0.01,-657.0,1827.0,348.0,-24920.0,22518,1200,27.4,0.0,10658.0,0,0,0,e1f,d4e,d4a,d4a,d4a,1,1,1,1,1,0,0,0,0,1,1,1,0,0,1,1,1,0,0,1,0,1,0,1,1,0,0,0,1,0,1,0,0,1,0,1,0,1,1,0,0,0,1,0,1,0,0,1,0,1,0,1,1,0,0,0,1,0,1,0,0,1,0,1,0,1,1,0,0
2026,3,29,08:48:45.906,21.00,125,67.0,0.8419,4683.8,687.7,3.939,2.10,3.89,0.01,0.01,-657.0,1828.0,349.0,-24933.0,22555,1207,26.5,0.0,10659.0,0,0,0,e1f,d4e,d4a,d4a,d4a,1,1,1,1,1,0,0,0,0,1,1,1,0,0,1,1,1,0,0,1,0,1,0,1,1,0,0,0,1,0,1,0,0,1,0,1,0,1,1,0,0,0,1,0,1,0,0,1,0,1,0,1,1,0,0,0,1,0,1,0,0,1,0,1,0,1,1,0,0
2026,3,29,08:48:45.926,21.02,145,67.0,0.8421,4677.4,681.4,3.940,2.10,3.89,0.01,0.01,-657.0,1828.0,350.0,-24946.0,22591,1214,25.6,0.0,10659.0,0,0,0,e1f,d4e,d4a,d4a,d4a,1,1,1,1,1,0,0,0,0,1,1,1,0,0,1,1,1,0,0,1,0,1,0,1,1,0,0,0,1,0,1,0,0,1,0,1,0,1,1,0,0,0,1,0,1,0,0,1,0,1,0,1,1,0,0,0,1,0,1,0,0,1,0,1,0,1,1,0,0
2026,3,29,08:48:45.946,21.04,165,67.0,0.8421,4678.1,682.0,3.940,2.10,3.89,0.01,0.01,-658.0,1829.0,351.0,-24960.0,22628,1221,24.9,0.0,10659.0,0,0,0,e1f,d4e,d4a,d4a,d4a,1,1,1,1,1,0,0,0,0,1,1,1,0,0,1,1,1,0,0,1,0,1,0,1,1,0,0,0,1,0,1,0,0,1,0,1,0,1,1,0,0,0,1,0,1,0,0,1,0,1,0,1,1,0,0,0,1,0,1,0,0,1,0,1,0,1,1,0,0
2026,3,29,08:48:45.966,21.06,185,67.0,0.8421,4678.1,682.0,3.938,2.10,3.89,0.01,0.01,-658.0,1829.0,351.0,-24973.0,22664,1228,24.2,0.0,10659.0,0,0,0,e1f,d4e,d4a,d4a,d4a,1,1,1,1,1,0,0,0,0,1,1,1,0,0,1,1,1,0,0,1,0,1,0,1,1,0,0,0,1,0,1,0,0,1,0,1,0,1,1,0,0,0,1,0,1,0,0,1,0,1,0,1,1,0,0,0,1,0,1,0,0,1,0,1,0,1,1,0,0
2026,3,29,08:48:45.986,21.08,205,67.0,0.8421,4678.7,682.6,3.939,2.10,3.89,0.01,0.01,-658.0,1830.0,352.0,-24986.0,22701,1235,23.7,0.0,10659.0,0,0,0,e1f,d4e,d4a,d4a,d4a,1,1,1,1,1,0,0,0,0,1,1,1,0,0,1,1,1,0,0,1,0,1,0,1,1,0,0,0,1,0,1,0,0,1,0,1,0,1,1,0,0,0,1,0,1,0,0,1,0,1,0,1,1,0,0,0,1,0,1,0,0,1,0,1,0,1,1,0,0
2026,3,29,08:48:46.006,21.10,225,67.0,0.8422,4675.5,679.5,3.940,2.10,3.89,0.01,0.01,-659.0,1831.0,352.0,-24999.0,22738,1242,23.3,0.0,10659.0,0,0,0,e1f,d4e,d4a,d4a,d4a,1,1,1,1,1,0,0,0,0,1,1,1,0,0,1,1,1,0,0,1,0,1,0,1,1,0,0,0,1,0,1,0,0,1,0,1,0,1,1,0,0,0,1,0,1,0,0,1,0,1,0,1,1,0,0,0,1,0,1,0,0,1,0,1,0,1,1,0,0
2026,3,29,08:48:46.026,21.12,245,67.0,0.8422,4675.5,679.5,3.939,2.10,3.89,0.01,0.01,-659.0,1831.0,353.0,-25012.0,22774,1249,23.0,0.0,10660.0,0,0,0,e1f,d4e,d4a,d4a,d4a,1,1,1,1,1,0,0,0,0,1,1,1,0,0,1,1,1,0,0,1,0,1,0,1,1,0,0,0,1,0,1,0,0,1,0,1,0,1,1,0,0,0,1,0,1,0,0,1,0,1,0,1,1,0,0,0,1,0,1,0,0,1,0,1,0,1,1,0,0
2026,3,29,08:48:46.046,21.14,15,67.0,0.8421,4678.7,682.6,3.939,2.10,3.89,0.01,0.01,-659.0,1832.0,353.0,-25025.0,22811,1256,22.8,0.0,10660.0,0,0,0,e1f,d4e,d4a,d4a,d4a,1,1,1,1,1,0,0,0,0,1,1,1,0,0,1,1,1,0,0,1,0,1,0,1,1,0,0,0,1,0,1,0,0,1,0,1,0,1,1,0,0,0,1,0,1,0,0,1,0,1,0,1,1,0,0,0,1,0,1,0,0,1,0,1,0,1,1,0,0
2026,3,29,08:48:46.066,21.16,35,66.9,0.8421,4679.3,683.3,3.940,2.10,3.89,0.01,0.01,-660.0,1833.0,353.0,-25039.0,22847,1263,22.8,0.0,10660.0,0,0,0,e1f,d4e,d4a,d4a,d4a,1,1,1,1,1,0,0,0,0,1,1,1,0,0,1,1,1,0,0,1,0,1,0,1,1,0,0,0,1,0,1,0,0,1,0,1,0,1,1,0,0,0,1,0,1,0,0,1,0,1,0,1,1,0,0,0,1,0,1,0,0,1,0,1,0,1,1,0,0
2026,3,29,08:48:46.086,21.18,55,66.9,0.8418,4688.9,692.8,3.939,2.10,3.89,0.01,0.01,-660.0,1833.0,353.0,-25052.0,22884,1270,22.9,0.0,10661.0,0,0,0,e1f,d4e,d4a,d4a,d4a,1,1,1,1,1,0,0,0,0,1,1,1,0,0,1,1,1,0,0,1,0,1,0,1,1,0,0,0,1,0,1,0,0,1,0,1,0,1,1,0,0,0,1,0,1,0,0,1,0,1,0,1,1,0,0,0,1,0,1,0,0,1,0,1,0,1,1,0,0
2026,3,29,08:48:46.106,21.20,75,66.9,0.8417,4690.2,694.1,3.939,2.10,3.89,0.01,0.01,-660.0,1834.0,354.0,-25065.0,22921,1277,23.1,0.0,10661.0,0,0,0,e1f,d4e,d4a,d4a,d4a,1,1,1,1,1,0,0,0,0,1,1,1,0,0,1,1,1,0,0,1,0,1,0,1,1,0,0,0,1,0,1,0,0,1,0,1,0,1,1,0,0,0,1,0,1,0,0,1,0,1,0,1,1,0,0,0,1,0,1,0,0,1,0,1,0,1,1,0,0
2026,3,29,08:48:46.126,21.22,95,66.9,0.8418,4687.0,690.9,3.940,2.10,3.89,0.01,0.01,-661.0,1835.0,354.0,-25078.0,22958,1284,23.4,0.0,10662.0,0,0,0,e1f,d4e,d4a,d4a,d4a,1,1,1,1,1,0,0,0,0,1,1,1,0,0,1,1,1,0,0,1,0,1,0,1,1,0,0,0,1,0,1,0,0,1,0,1,0,1,1,0,0,0,1,0,1,0,0,1,0,1,0,1,1,0,0,0,1,0,1,0,0,1,0,1,0,1,1,0,0
2026,3,29,08:48:46.146,21.24,115,66.9,0.8418,4687.6,691.5,3.940,2.10,3.89,0.01,0.01,-661.0,1835.0,354.0,-25092.0,22994,1291,23.9,0.0,10663.0,0,0,0,e1f,d4e,d4a,d4a,d4a,1,1,1,1,1,0,0,0,0,1,1,1,0,0,1,1,1,0,0,1,0,1,0,1,1,0,0,0,1,0,1,0,0,1,0,1,0,1,1,0,0,0,1,0,1,0,0,1,0,1,0,1,1,0,0,0,1,0,1,0,0,1,0,1,0,1,1,0,0
2026,3,29,08:48:46.166,21.26,135,66.9,0.8418,4688.9,692.8,3.939,2.10,3.89,0.01,0.01,-661.0,1836.0,354.0,-25105.0,23031,1298,24.4,0.0,10664.0,0,0,0,e1f,d4e,d4a,d4a,d4a,1,1,1,1,1,0,0,0,0,1,1,1,0,0,1,1,1,0,0,1,0,1,0,1,1,0,0,0,1,0,1,0,0,1,0,1,0,1,1,0,0,0,1,0,1,0,0,1,0,1,0,1,1,0,0,0,1,0,1,0,0,1,0,1,0,1,1,0,0
2026,3,29,08:48:46.186,21.28,155,66.9,0.8418,4688.9,692.8,3.939,2.10,3.89,0.01,0.01,-662.0,1837.0,354.0,-25118.0,23068,1306,25.1,0.0,10666.0,0,0,0,e1f,d4e,d4a,d4a,d4a,1,1,1,1,1,0,0,0,0,1,1,1,0,0,1,1,1,0,0,1,0,1,0,1,1,0,0,0,1,0,1,0,0,1,0,1,0,1,1,0,0,0,1,0,1,0,0,1,0,1,0,1,1,0,0,0,1,0,1,0,0,1,0,1,0,1,1,0,0
2026,3,29,08:48:46.206,21.30,175,66.9,0.8419,4685.7,689.6,3.939,2.10,3.89,0.01,0.01,-662.0,1838.0,354.0,-25131.0,23104,1313,25.9,0.0,10667.0,0,0,0,e1f,d4e,d4a,d4a,d4a,1,1,1,1,1,0,0,0,0,1,1,1,0,0,1,1,1,0,0,1,0,1,0,1,1,0,0,0,1,0,1,0,0,1,0,1,0,1,1,0,0,0,1,0,1,0,0,1,0,1,0,1,1,0,0,0,1,0,1,0,0,1,0,1,0,1,1,0,0
2026,3,29,08:48:46.226,21.32,195,66.9,0.8419,4685.7,689.6,3.940,2.10,3.89,0.01,0.01,-662.0,1839.0,354.0,-25145.0,23141,1320,26.8,0.0,10669.0,0,0,0,e1f,d4e,d4a,d4a,d4a,1,1,1,1,1,0,0,0,0,1,1,1,0,0,1,1,1,0,0,1,0,1,0,1,1,0,0,0,1,0,1,0,0,1,0,1,0,1,1,0,0,0,1,0,1,0,0,1,0,1,0,1,1,0,0,0,1,0,1,0,0,1,0,1,0,1,1,0,0
2026,3,29,08:48:46.246,21.34,215,66.9,0.8421,4678.1,682.0,3.939,2.11,3.89,0.01,0.01,-662.0,1840.0,354.0,-25158.0,23178,1327,27.9,0.0,10671.0,0,0,0,e1f,d4e,d4a,d4a,d4a,1,1,1,1,1,0,0,0,0,1,1,1,0,0,1,1,1,0,0,1,0,1,0,1,1,0,0,0,1,0,1,0,0,1,0,1,0,1,1,0,0,0,1,0,1,0,0,1,0,1,0,1,1,0,0,0,1,0,1,0,0,1,0,1,0,1,1,0,0
2026,3,29,08:48:46.266,21.36,235,66.9,0.8421,4678.1,682.0,3.940,2.11,3.89,0.01,0.01,-663.0,1841.0,354.0,-25171.0,23215,1334,29.3,0.0,10673.0,0,0,0,e1f,d4e,d4a,d4a,d4a,1,1,1,1,1,0,0,0,0,1,1,1,0,0,1,1,1,0,0,1,0,1,0,1,1,0,0,0,1,0,1,0,0,1,0,1,0,1,1,0,0,0,1,0,1,0,0,1,0,1,0,1,1,0,0,0,1,0,1,0,0,1,0,1,0,1,1,0,0
2026,3,29,08:48:46.286,21.38,5,66.9,0.8425,4666.6,670.6,3.940,2.11,3.89,0.01,0.01,-663.0,1841.0,353.0,-25184.0,23252,1341,30.8,0.0,10676.0,0,0,0,e1f,d4e,d4a,d4a,d4a,1,1,1,1,1,0,0,0,0,1,1,1,0,0,1,1,1,0,0,1,0,1,0,1,1,0,0,0,1,0,1,0,0,1,0,1,0,1,1,0,0,0,1,0,1,0,0,1,0,1,0,1,1,0,0,0,1,0,1,0,0,1,0,1,0,1,1,0,0
2026,3,29,08:48:46.306,21.40,25,66.9,0.8425,4666.6,670.6,3.939,2.11,3.89,0.01,0.01,-664.0,1842.0,353.0,-25198.0,23288,1348,32.6,0.0,10678.0,0,0,0,e1f,d4e,d4a,d4a,d4a,1,1,1,1,1,0,0,0,0,1,1,1,0,0,1,1,1,0,0,1,0,1,0,1,1,0,0,0,1,0,1,0,0,1,0,1,0,1,1,0,0,0,1,0,1,0,0,1,0,1,0,1,1,0,0,0,1,0,1,0,0,1,0,1,0,1,1,0,0
2026,3,29,08:48:46.326,21.42,45,66.9,0.8431,4648.2,652.1,3.939,2.11,3.89,0.01,0.01,-664.0,1842.0,353.0,-25211.0,23325,1355,34.6,0.0,10681.0,0,0,0,e1f,d4e,d4a,d4a,d4a,1,1,1,1,1,0,0,0,0,1,1,1,0,0,1,1,1,0,0,1,0,1,0,1,1,0,0,0,1,0,1,0,0,1,0,1,0,1,1,0,0,0,1,0,1,0,0,1,0,1,0,1,1,0,0,0,1,0,1,0,0,1,0,1,0,1,1,0,0
2026,3,29,08:48:46.346,21.44,65,66.9,0.8431,4648.2,652.1,3.940,2.11,3.89,0.01,0.01,-664.0,1843.0,353.0,-25224.0,23362,1362,36.7,0.0,10684.0,0,0,0,e1f,d4e,d4a,d4a,d4a,1,1,1,1,1,0,0,0,0,1,1,1,0,0,1,1,1,0,0,1,0,1,0,1,1,0,0,0,1,0,1,0,0,1,0,1,0,1,1,0,0,0,1,0,1,0,0,1,0,1,0,1,1,0,0,0,1,0,1,0,0,1,0,1,0,1,1,0,0
2026,3,29,08:48:46.366,21.46,85,66.9,0.8437,4628.5,632.4,3.940,2.11,3.89,0.01,0.01,-664.0,1843.0,352.0,-25237.0,23399,1369,38.8,0.0,10687.0,0,0,0,e1f,d4e,d4a,d4a,d4a,1,1,1,1,1,0,0,0,0,1,1,1,0,0,1,1,1,0,0,1,0,1,0,1,1,0,0,0,1,0,1,0,0,1,0,1,0,1,1,0,0,0,1,0,1,0,0,1,0,1,0,1,1,0,0,0,1,0,1,0,0,1,0,1,0,1,1,0,0
2026,3,29,08:48:46.386,21.48,105,66.9,0.8437,4627.9,631.8,3.940,2.11,3.89,0.01,0.01,-664.0,1843.0,352.0,-25251.0,23436,1376,41.0,0.0,10690.0,0,0,0,e1f,d4e,d4a,d4a,d4a,1,1,1,1,1,0,0,0,0,1,1,1,0,0,1,1,1,0,0,1,0,1,0,1,1,0,0,0,1,0,1,0,0,1,0,1,0,1,1,0,0,0,1,0,1,0,0,1,0,1,0,1,1,0,0,0,1,0,1,0,0,1,0,1,0,1,1,0,0
2026,3,29,08:48:46.406,21.50,125,66.9,0.8445,4603.1,607.0,3.940,2.11,3.89,0.01,0.01,-664.0,1843.0,352.0,-25264.0,23473,1383,43.0,0.0,10693.0,0,0,0,e1f,d4e,d4a,d4a,d4a,1,1,1,1,1,0,0,0,0,1,1,1,0,0,1,1,1,0,0,1,0,1,0,1,1,0,0,0,1,0,1,0,0,1,0,1,0,1,1,0,0,0,1,0,1,0,0,1,0,1,0,1,1,0,0,0,1,0,1,0,0,1,0,1,0,1,1,0,0
2026,3,29,08:48:46.426,21.52,145,67.0,0.8445,4602.5,606.4,3.939,2.11,3.89,0.01,0.01,-665.0,1842.0,352.0,-25277.0,23510,1390,45.1,0.0,10697.0,0,0,0,e1f,d4e,d4a,d4a,d4a,1,1,1,1,1,0,0,0,0,1,1,1,0,0,1,1,1,0,0,1,0,1,0,1,1,0,0,0,1,0,1,0,0,1,0,1,0,1,1,0,0,0,1,0,1,0,0,1,0,1,0,1,1,0,0,0,1,0,1,0,0,1,0,1,0,1,1,0,0
2026,3,29,08:48:46.446,21.54,165,67.0,0.8453,4577.7,581.7,3.939,2.11,3.89,0.01,0.01,-665.0,1842.0,352.0,-25291.0,23547,1397,47.1,0.0,10700.0,0,0,0,e1f,d4e,d4a,d4a,d4a,1,1,1,1,1,0,0,0,0,1,1,1,0,0,1,1,1,0,0,1,0,1,0,1,1,0,0,0,1,0,1,0,0,1,0,1,0,1,1,0,0,0,1,0,1,0,0,1,0,1,0,1,1,0,0,0,1,0,1,0,0,1,0,1,0,1,1,0,0
2026,3,29,08:48:46.466,21.56,185,67.0,0.8453,4576.5,580.4,3.939,2.11,3.89,0.01,0.01,-665.0,1842.0,352.0,-25304.0,23583,1404,49.0,0.0,10703.0,0,0,0,e1f,d4e,d4a,d4a,d4a,1,1,1,1,1,0,0,0,0,1,1,1,0,0,1,1,1,0,0,1,0,1,0,1,1,0,0,0,1,0,1,0,0,1,0,1,0,1,1,0,0,0,1,0,1,0,0,1,0,1,0,1,1,0,0,0,1,0,1,0,0,1,0,1,0,1,1,0,0
2026,3,29,08:48:46.486,21.58,205,67.0,0.8463,4546.0,550.0,3.939,2.11,3.89,0.01,0.01,-665.0,1842.0,351.0,-25317.0,23620,1412,50.9,0.0,10707.0,0,0,0,e1f,d4e,d4a,d4a,d4a,1,1,1,1,1,0,0,0,0,1,1,1,0,0,1,1,1,0,0,1,0,1,0,1,1,0,0,0,1,0,1,0,0,1,0,1,0,1,1,0,0,0,1,0,1,0,0,1,0,1,0,1,1,0,0,0,1,0,1,0,0,1,0,1,0,1,1,0,0
2026,3,29,08:48:46.506,21.60,225,67.0,0.8463,4544.8,548.7,3.939,2.11,3.89,0.01,0.01,-665.0,1842.0,351.0,-25331.0,23657,1419,52.7,0.0,10710.0,0,0,0,e1f,d4e,d4a,d4a,d4a,1,1,1,1,1,0,0,0,0,1,1,1,0,0,1,1,1,0,0,1,0,1,0,1,1,0,0,0,1,0,1,0,0,1,0,1,0,1,1,0,0,0,1,0,1,0,0,1,0,1,0,1,1,0,0,0,1,0,1,0,0,1,0,1,0,1,1,0,0
2026,3,29,08:48:46.526,21.62,245,67.0,0.8472,4516.9,520.8,3.940,2.11,3.89,0.01,0.01,-665.0,1841.0,351.0,-25344.0,23694,1426,54.4,0.0,10713.0,0,0,0,e1f,d4e,d4a,d4a,d4a,1,1,1,1,1,0,0,0,0,1,1,1,0,0,1,1,1,0,0,1,0,1,0,1,1,0,0,0,1,0,1,0,0,1,0,1,0,1,1,0,0,0,1,0,1,0,0,1,0,1,0,1,1,0,0,0,1,0,1,0,0,1,0,1,0,1,1,0,0
2026,3,29,08:48:46.546,21.64,15,67.1,0.8472,4516.3,520.2,3.939,2.11,3.89,0.01,0.01,-664.0,1841.0,351.0,-25357.0,23731,1433,55.9,0.0,10717.0,0,0,0,e1f,d4e,d4a,d4a,d4a,1,1,1,1,1,0,0,0,0,1,1,1,0,0,1,1,1,0,0,1,0,1,0,1,1,0,0,0,1,0,1,0,0,1,0,1,0,1,1,0,0,0,1,0,1,0,0,1,0,1,0,1,1,0,0,0,1,0,1,0,0,1,0,1,0,1,1,0,0
2026,3,29,08:48:46.566,21.66,35,67.1,0.8479,4495.4,499.3,3.940,2.12,3.89,0.01,0.01,-663.0,1841.0,351.0,-25370.0,23768,1440,57.2,0.0,10721.0,0,0,0,e1f,d4e,d4a,d4a,d4a,1,1,1,1,1,0,0,0,0,1,1,1,0,0,1,1,1,0,0,1,0,1,0,1,1,0,0,0,1,0,1,0,0,1,0,1,0,1,1,0,0,0,1,0,1,0,0,1,0,1,0,1,1,0,0,0,1,0,1,0,0,1,0,1,0,1,1,0,0
2026,3,29,08:48:46.586,21.68,55,67.1,0.8479,4494.1,498.1,3.937,2.12,3.89,0.01,0.01,-663.0,1841.0,351.0,-25384.0,23805,1447,58.2,0.0,10724.0,0,0,0,e1f,d4e,d4a,d4a,d4a,1,1,1,1,1,0,0,0,0,1,1,1,0,0,1,1,1,0,0,1,0,1,0,1,1,0,0,0,1,0,1,0,0,1,0,1,0,1,1,0,0,0,1,0,1,0,0,1,0,1,0,1,1,0,0,0,1,0,1,0,0,1,0,1,0,1,1,0,0
2026,3,29,08:48:46.606,21.70,75,67.1,0.8483,4481.5,485.4,3.939,2.12,3.89,0.01,0.01,-663.0,1841.0,351.0,-25397.0,23842,1454,59.1,0.0,10728.0,0,0,0,e1f,d4e,d4a,d4a,d4a,1,1,1,1,1,0,0,0,0,1,1,1,0,0,1,1,1,0,0,1,0,1,0,1,1,0,0,0,1,0,1,0,0,1,0,1,0,1,1,0,0,0,1,0,1,0,0,1,0,1,0,1,1,0,0,0,1,0,1,0,0,1,0,1,0,1,1,0,0
2026,3,29,08:48:46.626,21.72,95,67.1,0.8483,4481.5,485.4,3.940,2.12,3.89,0.01,0.01,-662.0,1841.0,350.0,-25410.0,23878,1461,59.9,0.0,10732.0,0,0,0,e1f,d4e,d4a,d4a,d4a,1,1,1,1,1,0,0,0,0,1,1,1,0,0,1,1,1,0,0,1,0,1,0,1,1,0,0,0,1,0,1,0,0,1,0,1,0,1,1,0,0,0,1,0,1,0,0,1,0,1,0,1,1,0,0,0,1,0,1,0,0,1,0,1,0,1,1,0,0
2026,3,29,08:48:46.646,21.74,115,67.1,0.8486,4473.3,477.2,3.940,2.12,3.89,0.01,0.01,-662.0,1841.0,350.0,-25424.0,23915,1468,60.5,0.0,10736.0,0,0,0,e1f,d4e,d4a,d4a,d4a,1,1,1,1,1,0,0,0,0,1,1,1,0,0,1,1,1,0,0,1,0,1,0,1,1,0,0,0,1,0,1,0,0,1,0,1,0,1,1,0,0,0,1,0,1,0,0,1,0,1,0,1,1,0,0,0,1,0,1,0,0,1,0,1,0,1,1,0,0
2026,3,29,08:48:46.666,21.76,135,67.1,0.8486,4472.6,476.6,3.940,2.12,3.89,0.01,0.01,-662.0,1841.0,350.0,-25437.0,23952,1475,61.2,0.0,10740.0,0,0,0,e1f,d4e,d4a,d4a,d4a,1,1,1,1,1,0,0,0,0,1,1,1,0,0,1,1,1,0,0,1,0,1,0,1,1,0,0,0,1,0,1,0,0,1,0,1,0,1,1,0,0,0,1,0,1,0,0,1,0,1,0,1,1,0,0,0,1,0,1,0,0,1,0,1,0,1,1,0,0
2026,3,29,08:48:46.686,21.78,155,67.1,0.8489,4464.4,468.3,3.939,2.12,3.89,0.01,0.01,-662.0,1841.0,350.0,-25450.0,23989,1482,61.8,0.0,10744.0,0,0,0,e1f,d4e,d4a,d4a,d4a,1,1,1,1,1,0,0,0,0,1,1,1,0,0,1,1,1,0,0,1,0,1,0,1,1,0,0,0,1,0,1,0,0,1,0,1,0,1,1,0,0,0,1,0,1,0,0,1,0,1,0,1,1,0,0,0,1,0,1,0,0,1,0,1,0,1,1,0,0
2026,3,29,08:48:46.706,21.80,175,67.1,0.8489,4464.4,468.3,3.939,2.13,3.89,0.01,0.01,-662.0,1841.0,350.0,-25463.0,24026,1489,62.3,0.0,10748.0,0,0,0,e1f,d4e,d4a,d4a,d4a,1,1,1,1,1,0,0,0,0,1,1,1,0,0,1,1,1,0,0,1,0,1,0,1,1,0,0,0,1,0,1,0,0,1,0,1,0,1,1,0,0,0,1,0,1,0,0,1,0,1,0,1,1,0,0,0,1,0,1,0,0,1,0,1,0,1,1,0,0
2026,3,29,08:48:46.726,21.82,195,67.1,0.8493,4451.8,455.7,3.939,2.13,3.89,0.01,0.01,-662.0,1841.0,350.0,-25477.0,24063,1496,62.8,0.0,10752.0,0,0,0,e1f,d4e,d4a,d4a,d4a,1,1,1,1,1,0,0,0,0,1,1,1,0,0,1,1,1,0,0,1,0,1,0,1,1,0,0,0,1,0,1,0,0,1,0,1,0,1,1,0,0,0,1,0,1,0,0,1,0,1,0,1,1,0,0,0,1,0,1,0,0,1,0,1,0,1,1,0,0
2026,3,29,08:48:46.746,21.84,215,67.1,0.8493,4451.1,455.1,3.939,2.13,3.89,0.01,0.01,-662.0,1841.0,350.0,-25490.0,24100,1503,63.1,0.0,10756.0,0,0,0,e1f,d4e,d4a,d4a,d4a,1,1,1,1,1,0,0,0,0,1,1,1,0,0,1,1,1,0,0,1,0,1,0,1,1,0,0,0,1,0,1,0,0,1,0,1,0,1,1,0,0,0,1,0,1,0,0,1,0,1,0,1,1,0,0,0,1,0,1,0,0,1,0,1,0,1,1,0,0
2026,3,29,08:48:46.766,21.86,235,67.1,0.8493,4449.9,453.8,3.939,2.13,3.89,0.01,0.01,-661.0,1841.0,350.0,-25503.0,24136,1510,63.4,0.0,10760.0,0,0,0,e1f,d4e,d4a,d4a,d4a,1,1,1,1,1,0,0,0,0,1,1,1,0,0,1,1,1,0,0,1,0,1,0,1,1,0,0,0,1,0,1,0,0,1,0,1,0,1,1,0,0,0,1,0,1,0,0,1,0,1,0,1,1,0,0,0,1,0,1,0,0,1,0,1,0,1,1,0,0
2026,3,29,08:48:46.786,21.88,5,67.1,0.8493,4449.2,453.2,3.939,2.13,3.89,0.01,0.01,-661.0,1841.0,350.0,-25516.0,24173,1517,63.5,0.0,10764.0,0,0,0,e1f,d4e,d4a,d4a,d4a,1,1,1,1,1,0,0,0,0,1,1,1,0,0,1,1,1,0,0,1,0,1,0,1,1,0,0,0,1,0,1,0,0,1,0,1,0,1,1,0,0,0,1,0,1,0,0,1,0,1,0,1,1,0,0,0,1,0,1,0,0,1,0,1,0,1,1,0,0
2026,3,29,08:48:46.806,21.90,25,67.1,0.8496,4441.7,445.6,3.939,2.13,3.89,0.01,0.01,-661.0,1841.0,350.0,-25530.0,24210,1524,63.5,0.0,10769.0,0,0,0,e1f,d4e,d4a,d4a,d4a,1,1,1,1,1,0,0,0,0,1,1,1,0,0,1,1,1,0,0,1,0,1,0,1,1,0,0,0,1,0,1,0,0,1,0,1,0,1,1,0,0,0,1,0,1,0,0,1,0,1,0,1,1,0,0,0,1,0,1,0,0,1,0,1,0,1,1,0,0
2026,3,29,08:48:46.826,21.92,45,67.1,0.8496,4441.7,445.6,3.939,2.14,3.89,0.01,0.01,-660.0,1841.0,351.0,-25543.0,24247,1531,63.4,0.0,10773.0,0,0,0,e1f,d4e,d4a,d4a,d4a,1,1,1,1,1,0,0,0,0,1,1,1,0,0,1,1,1,0,0,1,0,1,0,1,1,0,0,0,1,0,1,0,0,1,0,1,0,1,1,0,0,0,1,0,1,0,0,1,0,1,0,1,1,0,0,0,1,0,1,0,0,1,0,1,0,1,1,0,0
2026,3,29,08:48:46.846,21.94,65,67.1,0.8496,4441.7,445.6,3.940,2.14,3.89,0.01,0.01,-660.0,1841.0,351.0,-25556.0,24284,1538,63.1,0.0,10777.0,0,0,0,e1f,d4e,d4a,d4a,d4a,1,1,1,1,1,0,0,0,0,1,1,1,0,0,1,1,1,0,0,1,0,1,0,1,1,0,0,0,1,0,1,0,0,1,0,1,0,1,1,0,0,0,1,0,1,0,0,1,0,1,0,1,1,0,0,0,1,0,1,0,0,1,0,1,0,1,1,0,0
2026,3,29,08:48:46.866,21.96,85,67.1,0.8496,4441.7,445.6,3.939,2.14,3.89,0.01,0.01,-660.0,1841.0,351.0,-25569.0,24320,1545,62.8,0.0,10781.0,0,0,0,e1f,d4e,d4a,d4a,d4a,1,1,1,1,1,0,0,0,0,1,1,1,0,0,1,1,1,0,0,1,0,1,0,1,1,0,0,0,1,0,1,0,0,1,0,1,0,1,1,0,0,0,1,0,1,0,0,1,0,1,0,1,1,0,0,0,1,0,1,0,0,1,0,1,0,1,1,0,0
2026,3,29,08:48:46.886,21.98,105,67.1,0.8497,4436.6,440.6,3.939,2.14,3.89,0.01,0.01,-660.0,1841.0,352.0,-25582.0,24357,1552,62.3,0.0,10785.0,0,0,0,e1f,d4e,d4a,d4a,d4a,1,1,1,1,1,0,0,0,0,1,1,1,0,0,1,1,1,0,0,1,0,1,0,1,1,0,0,0,1,0,1,0,0,1,0,1,0,1,1,0,0,0,1,0,1,0,0,1,0,1,0,1,1,0,0,0,1,0,1,0,0,1,0,1,0,1,1,0,0
2026,3,29,08:48:46.906,22.00,125,67.1,0.8497,4436.6,440.6,3.940,2.14,3.89,0.01,0.01,-660.0,1841.0,352.0,-25596.0,24394,1559,61.8,0.0,10788.0,0,0,0,e1f,d4e,d4a,d4a,d4a,1,1,1,1,1,0,0,0,0,1,1,1,0,0,1,1,1,0,0,1,0,1,0,1,1,0,0,0,1,0,1,0,0,1,0,1,0,1,1,0,0,0,1,0,1,0,0,1,0,1,0,1,1,0,0,0,1,0,1,0,0,1,0,1,0,1,1,0,0
2026,3,29,08:48:46.926,22.02,145,67.1,0.8498,4433.5,437.4,3.939,2.15,3.89,0.01,0.01,-659.0,1841.0,353.0,-25609.0,24431,1566,61.1,0.0,10792.0,0,0,0,e1f,d4e,d4a,d4a,d4a,1,1,1,1,1,0,0,0,0,1,1,1,0,0,1,1,1,0,0,1,0,1,0,1,1,0,0,0,1,0,1,0,0,1,0,1,0,1,1,0,0,0,1,0,1,0,0,1,0,1,0,1,1,0,0,0,1,0,1,0,0,1,0,1,0,1,1,0,0
2026,3,29,08:48:46.946,22.04,165,67.1,0.8498,4433.5,437.4,3.939,2.15,3.89,0.01,0.01,-659.0,1841.0,353.0,-25622.0,24468,1573,60.3,0.0,10796.0,0,0,0,e1f,d4e,d4a,d4a,d4a,1,1,1,1,1,0,0,0,0,1,1,1,0,0,1,1,1,0,0,1,0,1,0,1,1,0,0,0,1,0,1,0,0,1,0,1,0,1,1,0,0,0,1,0,1,0,0,1,0,1,0,1,1,0,0,0,1,0,1,0,0,1,0,1,0,1,1,0,0
2026,3,29,08:48:46.966,22.06,185,67.1,0.8498,4434.7,438.7,3.939,2.15,3.89,0.01,0.01,-659.0,1841.0,354.0,-25635.0,24504,1580,59.4,0.0,10800.0,0,0,0,e1f,d4e,d4a,d4a,d4a,1,1,1,1,1,0,0,0,0,1,1,1,0,0,1,1,1,0,0,1,0,1,0,1,1,0,0,0,1,0,1,0,0,1,0,1,0,1,1,0,0,0,1,0,1,0,0,1,0,1,0,1,1,0,0,0,1,0,1,0,0,1,0,1,0,1,1,0,0
2026,3,29,08:48:46.986,22.08,205,67.1,0.8498,4434.7,438.7,3.940,2.15,3.89,0.01,0.01,-659.0,1841.0,354.0,-25648.0,24541,1587,58.4,0.0,10803.0,0,0,0,e1f,d4e,d4a,d4a,d4a,1,1,1,1,1,0,0,0,0,1,1,1,0,0,1,1,1,0,0,1,0,1,0,1,1,0,0,0,1,0,1,0,0,1,0,1,0,1,1,0,0,0,1,0,1,0,0,1,0,1,0,1,1,0,0,0,1,0,1,0,0,1,0,1,0,1,1,0,0
2026,3,29,08:48:47.006,22.10,225,67.1,0.8500,4429.7,433.6,3.940,2.15,3.89,0.01,0.01,-659.0,1842.0,355.0,-25662.0,24578,1594,57.3,0.0,10807.0,0,0,0,e1f,d4e,d4a,d4a,d4a,1,1,1,1,1,0,0,0,0,1,1,1,0,0,1,1,1,0,0,1,0,1,0,1,1,0,0,0,1,0,1,0,0,1,0,1,0,1,1,0,0,0,1,0,1,0,0,1,0,1,0,1,1,0,0,0,1,0,1,0,0,1,0,1,0,1,1,0,0
2026,3,29,08:48:47.026,22.12,245,67.1,0.8499,4430.3,434.2,3.941,2.15,3.89,0.01,0.01,-659.0,1842.0,355.0,-25675.0,24615,1602,56.1,0.0,10811.0,0,0,0,e1f,d4e,d4a,d4a,d4a,1,1,1,1,1,0,0,0,0,1,1,1,0,0,1,1,1,0,0,1,0,1,0,1,1,0,0,0,1,0,1,0,0,1,0,1,0,1,1,0,0,0,1,0,1,0,0,1,0,1,0,1,1,0,0,0,1,0,1,0,0,1,0,1,0,1,1,0,0
2026,3,29,08:48:47.046,22.14,15,67.1,0.8500,4428.4,432.3,3.939,2.15,3.89,0.01,0.01,-659.0,1842.0,356.0,-25688.0,24652,1609,54.7,0.0,10814.0,0,0,0,e1f,d4e,d4a,d4a,d4a,1,1,1,1,1,0,0,0,0,1,1,1,0,0,1,1,1,0,0,1,0,1,0,1,1,0,0,0,1,0,1,0,0,1,0,1,0,1,1,0,0,0,1,0,1,0,0,1,0,1,0,1,1,0,0,0,1,0,1,0,0,1,0,1,0,1,1,0,0
2026,3,29,08:48:47.066,22.16,35,67.1,0.8500,4428.4,432.3,3.940,2.15,3.89,0.01,0.01,-659.0,1842.0,357.0,-25701.0,24689,1616,53.2,0.0,10818.0,0,0,0,e1f,d4e,d4a,d4a,d4a,1,1,1,1,1,0,0,0,0,1,1,1,0,0,1,1,1,0,0,1,0,1,0,1,1,0,0,0,1,0,1,0,0,1,0,1,0,1,1,0,0,0,1,0,1,0,0,1,0,1,0,1,1,0,0,0,1,0,1,0,0,1,0,1,0,1,1,0,0
2026,3,29,08:48:47.086,22.18,55,67.1,0.8499,4431.6,435.5,3.939,2.15,3.89,0.01,0.01,-659.0,1842.0,357.0,-25714.0,24726,1623,51.7,0.0,10821.0,0,0,0,e1f,d4e,d4a,d4a,d4a,1,1,1,1,1,0,0,0,0,1,1,1,0,0,1,1,1,0,0,1,0,1,0,1,1,0,0,0,1,0,1,0,0,1,0,1,0,1,1,0,0,0,1,0,1,0,0,1,0,1,0,1,1,0,0,0,1,0,1,0,0,1,0,1,0,1,1,0,0
2026,3,29,08:48:47.106,22.20,75,67.1,0.8499,4431.6,435.5,3.940,2.15,3.89,0.01,0.01,-659.0,1842.0,358.0,-25727.0,24763,1630,50.0,0.0,10824.0,0,0,0,e1f,d4e,d4a,d4a,d4a,1,1,1,1,1,0,0,0,0,1,1,1,0,0,1,1,1,0,0,1,0,1,0,1,1,0,0,0,1,0,1,0,0,1,0,1,0,1,1,0,0,0,1,0,1,0,0,1,0,1,0,1,1,0,0,0,1,0,1,0,0,1,0,1,0,1,1,0,0
2026,3,29,08:48:47.126,22.22,95,67.1,0.8500,4428.4,432.3,3.939,2.15,3.89,0.01,0.01,-659.0,1842.0,359.0,-25741.0,24799,1637,48.2,0.0,10827.0,0,0,0,e1f,d4e,d4a,d4a,d4a,1,1,1,1,1,0,0,0,0,1,1,1,0,0,1,1,1,0,0,1,0,1,0,1,1,0,0,0,1,0,1,0,0,1,0,1,0,1,1,0,0,0,1,0,1,0,0,1,0,1,0,1,1,0,0,0,1,0,1,0,0,1,0,1,0,1,1,0,0
2026,3,29,08:48:47.146,22.24,115,67.1,0.8500,4428.4,432.3,3.940,2.15,3.89,0.01,0.01,-659.0,1842.0,359.0,-25754.0,24836,1644,46.3,0.0,10830.0,0,0,0,e1f,d4e,d4a,d4a,d4a,1,1,1,1,1,0,0,0,0,1,1,1,0,0,1,1,1,0,0,1,0,1,0,1,1,0,0,0,1,0,1,0,0,1,0,1,0,1,1,0,0,0,1,0,1,0,0,1,0,1,0,1,1,0,0,0,1,0,1,0,0,1,0,1,0,1,1,0,0
2026,3,29,08:48:47.166,22.26,135,67.1,0.8504,4417.0,421.0,3.940,2.16,3.89,0.01,0.01,-659.0,1842.0,360.0,-25767.0,24873,1652,44.3,0.0,10833.0,0,0,0,e1f,d4e,d4a,d4a,d4a,1,1,1,1,1,0,0,0,0,1,1,1,0,0,1,1,1,0,0,1,0,1,0,1,1,0,0,0,1,0,1,0,0,1,0,1,0,1,1,0,0,0,1,0,1,0,0,1,0,1,0,1,1,0,0,0,1,0,1,0,0,1,0,1,0,1,1,0,0
2026,3,29,08:48:47.186,22.28,155,67.1,0.8504,4417.0,421.0,3.939,2.16,3.89,0.01,0.01,-659.0,1843.0,361.0,-25780.0,24910,1659,42.2,0.0,10836.0,0,0,0,e1f,d4e,d4a,d4a,d4a,1,1,1,1,1,0,0,0,0,1,1,1,0,0,1,1,1,0,0,1,0,1,0,1,1,0,0,0,1,0,1,0,0,1,0,1,0,1,1,0,0,0,1,0,1,0,0,1,0,1,0,1,1,0,0,0,1,0,1,0,0,1,0,1,0,1,1,0,0
2026,3,29,08:48:47.206,22.30,175,67.1,0.8504,4415.8,419.7,3.939,2.16,3.89,0.01,0.01,-659.0,1843.0,362.0,-25793.0,24947,1666,39.9,0.0,10839.0,0,0,0,e1f,d4e,d4a,d4a,d4a,1,1,1,1,1,0,0,0,0,1,1,1,0,0,1,1,1,0,0,1,0,1,0,1,1,0,0,0,1,0,1,0,0,1,0,1,0,1,1,0,0,0,1,0,1,0,0,1,0,1,0,1,1,0,0,0,1,0,1,0,0,1,0,1,0,1,1,0,0
2026,3,29,08:48:47.226,22.32,195,67.1,0.8504,4415.8,419.7,3.940,2.16,3.89,0.01,0.01,-659.0,1843.0,363.0,-25807.0,24984,1673,37.5,0.0,10842.0,0,0,0,e1f,d4e,d4a,d4a,d4a,1,1,1,1,1,0,0,0,0,1,1,1,0,0,1,1,1,0,0,1,0,1,0,1,1,0,0,0,1,0,1,0,0,1,0,1,0,1,1,0,0,0,1,0,1,0,0,1,0,1,0,1,1,0,0,0,1,0,1,0,0,1,0,1,0,1,1,0,0
2026,3,29,08:48:47.246,22.34,215,67.1,0.8504,4415.8,419.7,3.939,2.16,3.89,0.01,0.01,-659.0,1843.0,364.0,-25820.0,25021,1681,34.9,0.0,10845.0,0,0,0,e1f,d4e,d4a,d4a,d4a,1,1,1,1,1,0,0,0,0,1,1,1,0,0,1,1,1,0,0,1,0,1,0,1,1,0,0,0,1,0,1,0,0,1,0,1,0,1,1,0,0,0,1,0,1,0,0,1,0,1,0,1,1,0,0,0,1,0,1,0,0,1,0,1,0,1,1,0,0
2026,3,29,08:48:47.266,22.36,235,67.1,0.8504,4415.8,419.7,3.940,2.16,3.89,0.01,0.01,-659.0,1844.0,364.0,-25833.0,25058,1688,32.3,0.0,10848.0,0,0,0,e1f,d4e,d4a,d4a,d4a,1,1,1,1,1,0,0,0,0,1,1,1,0,0,1,1,1,0,0,1,0,1,0,1,1,0,0,0,1,0,1,0,0,1,0,1,0,1,1,0,0,0,1,0,1,0,0,1,0,1,0,1,1,0,0,0,1,0,1,0,0,1,0,1,0,1,1,0,0
2026,3,29,08:48:47.286,22.38,5,67.1,0.8508,4402.5,406.5,3.939,2.16,3.89,0.01,0.01,-660.0,1844.0,365.0,-25846.0,25094,1695,29.7,0.0,10851.0,0,0,0,e1f,d4e,d4a,d4a,d4a,1,1,1,1,1,0,0,0,0,1,1,1,0,0,1,1,1,0,0,1,0,1,0,1,1,0,0,0,1,0,1,0,0,1,0,1,0,1,1,0,0,0,1,0,1,0,0,1,0,1,0,1,1,0,0,0,1,0,1,0,0,1,0,1,0,1,1,0,0
2026,3,29,08:48:47.306,22.40,25,67.1,0.8508,4402.5,406.5,3.939,2.16,3.89,0.01,0.01,-660.0,1845.0,366.0,-25859.0,25131,1703,27.1,0.0,10853.0,0,0,0,e1f,d4e,d4a,d4a,d4a,1,1,1,1,1,0,0,0,0,1,1,1,0,0,1,1,1,0,0,1,0,1,0,1,1,0,0,0,1,0,1,0,0,1,0,1,0,1,1,0,0,0,1,0,1,0,0,1,0,1,0,1,1,0,0,0,1,0,1,0,0,1,0,1,0,1,1,0,0
2026,3,29,08:48:47.326,22.42,45,67.1,0.8508,4404.4,408.4,3.939,2.16,3.89,0.01,0.01,-661.0,1845.0,366.0,-25873.0,25168,1710,24.5,0.0,10856.0,0,0,0,e1f,d4e,d4a,d4a,d4a,1,1,1,1,1,0,0,0,0,1,1,1,0,0,1,1,1,0,0,1,0,1,0,1,1,0,0,0,1,0,1,0,0,1,0,1,0,1,1,0,0,0,1,0,1,0,0,1,0,1,0,1,1,0,0,0,1,0,1,0,0,1,0,1,0,1,1,0,0
2026,3,29,08:48:47.346,22.44,65,67.1,0.8508,4404.4,408.4,3.940,2.16,3.89,0.01,0.01,-661.0,1846.0,367.0,-25886.0,25205,1717,22.0,0.0,10859.0,0,0,0,e1f,d4e,d4a,d4a,d4a,1,1,1,1,1,0,0,0,0,1,1,1,0,0,1,1,1,0,0,1,0,1,0,1,1,0,0,0,1,0,1,0,0,1,0,1,0,1,1,0,0,0,1,0,1,0,0,1,0,1,0,1,1,0,0,0,1,0,1,0,0,1,0,1,0,1,1,0,0
2026,3,29,08:48:47.366,22.46,85,67.1,0.8510,4396.2,400.2,3.939,2.16,3.89,0.01,0.01,-662.0,1847.0,367.0,-25899.0,25242,1725,19.5,0.0,10862.0,0,0,0,e1f,d4e,d4a,d4a,d4a,1,1,1,1,1,0,0,0,0,1,1,1,0,0,1,1,1,0,0,1,0,1,0,1,1,0,0,0,1,0,1,0,0,1,0,1,0,1,1,0,0,0,1,0,1,0,0,1,0,1,0,1,1,0,0,0,1,0,1,0,0,1,0,1,0,1,1,0,0
2026,3,29,08:48:47.386,22.48,105,67.1,0.8510,4396.2,400.2,3.939,2.16,3.89,0.01,0.01,-662.0,1848.0,367.0,-25912.0,25279,1732,17.3,0.0,10864.0,0,0,0,e1f,d4e,d4a,d4a,d4a,1,1,1,1,1,0,0,0,0,1,1,1,0,0,1,1,1,0,0,1,0,1,0,1,1,0,0,0,1,0,1,0,0,1,0,1,0,1,1,0,0,0,1,0,1,0,0,1,0,1,0,1,1,0,0,0,1,0,1,0,0,1,0,1,0,1,1,0,0
2026,3,29,08:48:47.406,22.50,125,67.1,0.8511,4393.1,397.0,3.940,2.16,3.89,0.01,0.01,-663.0,1848.0,368.0,-25926.0,25316,1739,15.2,0.0,10867.0,0,0,0,e1f,d4e,d4a,d4a,d4a,1,1,1,1,1,0,0,0,0,1,1,1,0,0,1,1,1,0,0,1,0,1,0,1,1,0,0,0,1,0,1,0,0,1,0,1,0,1,1,0,0,0,1,0,1,0,0,1,0,1,0,1,1,0,0,0,1,0,1,0,0,1,0,1,0,1,1,0,0
2026,3,29,08:48:47.426,22.52,145,67.1,0.8511,4393.7,397.6,3.938,2.16,3.89,0.01,0.01,-663.0,1849.0,368.0,-25939.0,25353,1747,13.5,0.0,10869.0,0,0,0,e1f,d4e,d4a,d4a,d4a,1,1,1,1,1,0,0,0,0,1,1,1,0,0,1,1,1,0,0,1,0,1,0,1,1,0,0,0,1,0,1,0,0,1,0,1,0,1,1,0,0,0,1,0,1,0,0,1,0,1,0,1,1,0,0,0,1,0,1,0,0,1,0,1,0,1,1,0,0
2026,3,29,08:48:47.446,22.54,165,67.1,0.8508,4401.9,405.8,3.939,2.16,3.89,0.01,0.01,-664.0,1850.0,368.0,-25952.0,25390,1754,12.0,0.0,10872.0,0,0,0,e1f,d4e,d4a,d4a,d4e,1,1,1,1,1,0,0,0,0,1,1,1,0,0,1,1,1,0,0,1,0,1,0,1,1,0,0,0,1,0,1,0,0,1,0,1,0,1,1,0,0,0,1,0,1,0,0,1,0,1,0,1,1,0,0,0,1,1,1,0,0,1,0,1,0,1,1,0,0
2026,3,29,08:48:47.466,22.56,185,67.1,0.8508,4402.5,406.5,3.939,2.16,3.89,0.01,0.01,-664.0,1851.0,368.0,-25965.0,25427,1761,11.0,0.0,10875.0,0,0,0,e1f,d4e,d4a,d4a,d4e,1,1,1,1,1,0,0,0,0,1,1,1,0,0,1,1,1,0,0,1,0,1,0,1,1,0,0,0,1,0,1,0,0,1,0,1,0,1,1,0,0,0,1,0,1,0,0,1,0,1,0,1,1,0,0,0,1,1,1,0,0,1,0,1,0,1,1,0,0
2026,3,29,08:48:47.486,22.58,205,67.1,0.8502,4423.4,427.3,3.939,2.16,3.89,0.01,0.01,-664.0,1851.0,368.0,-25979.0,25464,1769,10.6,0.0,10877.0,0,0,0,e1f,d46,d42,d42,d46,1,1,1,1,1,0,0,0,0,1,1,1,0,0,1,1,0,0,0,1,0,1,0,1,1,0,0,0,1,0,0,0,0,1,0,1,0,1,1,0,0,0,1,0,0,0,0,1,0,1,0,1,1,0,0,0,1,1,0,0,0,1,0,1,0,1,1,0,0
2026,3,29,08:48:47.506,22.60,225,67.0,0.8501,4424.6,428.6,3.939,2.16,3.89,0.01,0.01,-665.0,1852.0,368.0,-25992.0,25501,1776,10.6,0.0,10880.0,0,0,0,e1f,d46,d42,d42,d46,1,1,1,1,1,0,0,0,0,1,1,1,0,0,1,1,0,0,0,1,0,1,0,1,1,0,0,0,1,0,0,0,0,1,0,1,0,1,1,0,0,0,1,0,0,0,0,1,0,1,0,1,1,0,0,0,1,1,0,0,0,1,0,1,0,1,1,0,0
2026,3,29,08:48:47.526,22.62,245,67.0,0.8497,4437.2,441.2,3.939,2.16,3.89,0.01,0.01,-665.0,1853.0,369.0,-26005.0,25538,1784,11.1,0.0,10882.0,0,0,0,e1f,d46,d42,d42,d46,1,1,1,1,1,0,0,0,0,1,1,1,0,0,1,1,0,0,0,1,0,1,0,1,1,0,0,0,1,0,0,0,0,1,0,1,0,1,1,0,0,0,1,0,0,0,0,1,0,1,0,1,1,0,0,0,1,1,0,0,0,1,0,1,0,1,1,0,0
2026,3,29,08:48:47.546,22.64,15,67.0,0.8497,4438.5,442.4,3.939,2.17,3.89,0.01,0.01,-665.0,1854.0,369.0,-26019.0,25575,1791,11.9,0.0,10885.0,0,0,0,e1f,d46,d42,d42,d46,1,1,1,1,1,0,0,0,0,1,1,1,0,0,1,1,0,0,0,1,0,1,0,1,1,0,0,0,1,0,0,0,0,1,0,1,0,1,1,0,0,0,1,0,0,0,0,1,0,1,0,1,1,0,0,0,1,1,0,0,0,1,0,1,0,1,1,0,0
2026,3,29,08:48:47.566,22.66,35,67.0,0.8489,4462.5,466.4,3.938,2.17,3.89,0.01,0.01,-665.0,1855.0,369.0,-26032.0,25612,1798,13.0,0.0,10887.0,0,0,0,e1f,d46,d42,d42,d46,1,1,1,1,1,0,0,0,0,1,1,1,0,0,1,1,0,0,0,1,0,1,0,1,1,0,0,0,1,0,0,0,0,1,0,1,0,1,1,0,0,0,1,0,0,0,0,1,0,1,0,1,1,0,0,0,1,1,0,0,0,1,0,1,0,1,1,0,0
2026,3,29,08:48:47.586,22.68,55,67.0,0.8489,4463.8,467.7,3.939,2.17,3.89,0.01,0.01,-666.0,1856.0,369.0,-26045.0,25650,1806,14.2,0.0,10890.0,0,0,0,e1f,d4e,d4a,d4a,d4e,1,1,1,1,1,0,0,0,0,1,1,1,0,0,1,1,1,0,0,1,0,1,0,1,1,0,0,0,1,0,1,0,0,1,0,1,0,1,1,0,0,0,1,0,1,0,0,1,0,1,0,1,1,0,0,0,1,1,1,0,0,1,0,1,0,1,1,0,0
2026,3,29,08:48:47.606,22.70,75,67.0,0.8481,4489.7,493.6,3.939,2.17,3.89,0.01,0.01,-666.0,1857.0,369.0,-26059.0,25687,1813,15.6,0.0,10892.0,0,0,0,e1f,d4e,d4a,d4a,d4e,1,1,1,1,1,0,0,0,0,1,1,1,0,0,1,1,1,0,0,1,0,1,0,1,1,0,0,0,1,0,1,0,0,1,0,1,0,1,1,0,0,0,1,0,1,0,0,1,0,1,0,1,1,0,0,0,1,1,1,0,0,1,0,1,0,1,1,0,0
2026,3,29,08:48:47.626,22.72,95,66.9,0.8480,4491.0,494.9,3.939,2.17,3.89,0.01,0.01,-666.0,1858.0,370.0,-26072.0,25724,1820,17.1,0.0,10895.0,0,0,0,e1f,d4e,d4a,d4a,d4a,1,1,1,1,1,0,0,0,0,1,1,1,0,0,1,1,1,0,0,1,0,1,0,1,1,0,0,0,1,0,1,0,0,1,0,1,0,1,1,0,0,0,1,0,1,0,0,1,0,1,0,1,1,0,0,0,1,0,1,0,0,1,0,1,0,1,1,0,0
2026,3,29,08:48:47.646,22.74,115,66.9,0.8474,4509.9,513.9,3.939,2.17,3.89,0.01,0.01,-666.0,1858.0,370.0,-26085.0,25761,1828,18.7,0.0,10897.0,0,0,0,e1f,d4e,d4a,d4a,d4a,1,1,1,1,1,0,0,0,0,1,1,1,0,0,1,1,1,0,0,1,0,1,0,1,1,0,0,0,1,0,1,0,0,1,0,1,0,1,1,0,0,0,1,0,1,0,0,1,0,1,0,1,1,0,0,0,1,0,1,0,0,1,0,1,0,1,1,0,0
2026,3,29,08:48:47.666,22.76,135,66.9,0.8474,4511.8,515.8,3.940,2.17,3.89,0.01,0.01,-667.0,1859.0,370.0,-26099.0,25798,1835,20.4,0.0,10900.0,0,0,0,e1f,d4e,d4a,d4a,d4a,1,1,1,1,1,0,0,0,0,1,1,1,0,0,1,1,1,0,0,1,0,1,0,1,1,0,0,0,1,0,1,0,0,1,0,1,0,1,1,0,0,0,1,0,1,0,0,1,0,1,0,1,1,0,0,0,1,0,1,0,0,1,0,1,0,1,1,0,0
2026,3,29,08:48:47.686,22.78,155,66.9,0.8464,4541.0,544.9,3.939,2.17,3.89,0.01,0.01,-667.0,1860.0,370.0,-26112.0,25835,1843,22.2,0.0,10902.0,0,0,0,e1f,d4e,d4a,d4a,d4a,1,1,1,1,1,0,0,0,0,1,1,1,0,0,1,1,1,0,0,1,0,1,0,1,1,0,0,0,1,0,1,0,0,1,0,1,0,1,1,0,0,0,1,0,1,0,0,1,0,1,0,1,1,0,0,0,1,0,1,0,0,1,0,1,0,1,1,0,0
2026,3,29,08:48:47.706,22.80,175,66.9,0.8464,4541.6,545.5,3.939,2.17,3.89,0.01,0.01,-667.0,1861.0,370.0,-26125.0,25873,1850,24.1,0.0,10904.0,0,0,0,e1f,d4e,d4a,d4a,d4a,1,1,1,1,1,0,0,0,0,1,1,1,0,0,1,1,1,0,0,1,0,1,0,1,1,0,0,0,1,0,1,0,0,1,0,1,0,1,1,0,0,0,1,0,1,0,0,1,0,1,0,1,1,0,0,0,1,0,1,0,0,1,0,1,0,1,1,0,0
2026,3,29,08:48:47.726,22.82,195,66.9,0.8457,4564.4,568.3,3.940,2.17,3.89,0.01,0.01,-668.0,1861.0,371.0,-26139.0,25910,1858,26.2,0.0,10907.0,0,0,0,e1f,d4e,d4a,d4a,d4a,1,1,1,1,1,0,0,0,0,1,1,1,0,0,1,1,1,0,0,1,0,1,0,1,1,0,0,0,1,0,1,0,0,1,0,1,0,1,1,0,0,0,1,0,1,0,0,1,0,1,0,1,1,0,0,0,1,0,1,0,0,1,0,1,0,1,1,0,0
2026,3,29,08:48:47.746,22.84,215,66.8,0.8457,4565.7,569.6,3.939,2.17,3.89,0.01,0.01,-668.0,1862.0,371.0,-26152.0,25947,1865,28.5,0.0,10909.0,0,0,0,e1f,d4e,d4a,d4a,d4a,1,1,1,1,1,0,0,0,0,1,1,1,0,0,1,1,1,0,0,1,0,1,0,1,1,0,0,0,1,0,1,0,0,1,0,1,0,1,1,0,0,0,1,0,1,0,0,1,0,1,0,1,1,0,0,0,1,0,1,0,0,1,0,1,0,1,1,0,0
2026,3,29,08:48:47.766,22.86,235,66.8,0.8452,4579.0,582.9,3.938,2.17,3.89,0.01,0.01,-669.0,1862.0,371.0,-26165.0,25984,1872,30.9,0.0,10912.0,0,0,0,e1f,d4e,d4a,d4a,d4a,1,1,1,1,1,0,0,0,0,1,1,1,0,0,1,1,1,0,0,1,0,1,0,1,1,0,0,0,1,0,1,0,0,1,0,1,0,1,1,0,0,0,1,0,1,0,0,1,0,1,0,1,1,0,0,0,1,0,1,0,0,1,0,1,0,1,1,0,0
2026,3,29,08:48:47.786,22.88,5,66.8,0.8452,4579.6,583.6,3.939,2.17,3.89,0.01,0.01,-670.0,1863.0,371.0,-26179.0,26022,1880,33.4,0.0,10914.0,0,0,0,e1f,d4e,d4a,d4a,d4a,1,1,1,1,1,0,0,0,0,1,1,1,0,0,1,1,1,0,0,1,0,1,0,1,1,0,0,0,1,0,1,0,0,1,0,1,0,1,1,0,0,0,1,0,1,0,0,1,0,1,0,1,1,0,0,0,1,0,1,0,0,1,0,1,0,1,1,0,0
2026,3,29,08:48:47.806,22.90,25,66.8,0.8444,4606.9,610.8,3.939,2.17,3.89,0.01,0.01,-670.0,1863.0,370.0,-26192.0,26059,1887,36.1,0.0,10917.0,0,0,0,e1f,d4e,d4a,d4a,d4a,1,1,1,1,1,0,0,0,0,1,1,1,0,0,1,1,1,0,0,1,0,1,0,1,1,0,0,0,1,0,1,0,0,1,0,1,0,1,1,0,0,0,1,0,1,0,0,1,0,1,0,1,1,0,0,0,1,0,1,0,0,1,0,1,0,1,1,0,0
2026,3,29,08:48:47.826,22.92,45,66.8,0.8443,4608.2,612.1,3.939,2.17,3.89,0.01,0.01,-671.0,1863.0,370.0,-26206.0,26096,1895,38.9,0.0,10919.0,0,0,0,e1f,d4e,d4a,d4a,d4a,1,1,1,1,1,0,0,0,0,1,1,1,0,0,1,1,1,0,0,1,0,1,0,1,1,0,0,0,1,0,1,0,0,1,0,1,0,1,1,0,0,0,1,0,1,0,0,1,0,1,0,1,1,0,0,0,1,0,1,0,0,1,0,1,0,1,1,0,0
2026,3,29,08:48:47.846,22.94,65,66.8,0.8440,4619.6,623.5,3.939,2.17,3.89,0.01,0.01,-672.0,1864.0,370.0,-26219.0,26133,1902,41.9,0.0,10922.0,0,0,0,e1f,d4e,d4a,d4a,d4a,1,1,1,1,1,0,0,0,0,1,1,1,0,0,1,1,1,0,0,1,0,1,0,1,1,0,0,0,1,0,1,0,0,1,0,1,0,1,1,0,0,0,1,0,1,0,0,1,0,1,0,1,1,0,0,0,1,0,1,0,0,1,0,1,0,1,1,0,0
2026,3,29,08:48:47.866,22.96,85,66.8,0.8440,4619.6,623.5,3.939,2.17,3.89,0.01,0.01,-673.0,1864.0,370.0,-26232.0,26171,1909,45.0,0.0,10924.0,0,0,0,e1f,d4e,d4a,d4a,d4a,1,1,1,1,1,0,0,0,0,1,1,1,0,0,1,1,1,0,0,1,0,1,0,1,1,0,0,0,1,0,1,0,0,1,0,1,0,1,1,0,0,0,1,0,1,0,0,1,0,1,0,1,1,0,0,0,1,0,1,0,0,1,0,1,0,1,1,0,0
2026,3,29,08:48:47.886,22.98,105,66.8,0.8442,4613.3,617.2,3.940,2.17,3.89,0.01,0.01,-674.0,1864.0,370.0,-26246.0,26208,1917,48.3,0.0,10927.0,0,0,0,e1f,d4e,d4a,d4a,d4a,1,1,1,1,1,0,0,0,0,1,1,1,0,0,1,1,1,0,0,1,0,1,0,1,1,0,0,0,1,0,1,0,0,1,0,1,0,1,1,0,0,0,1,0,1,0,0,1,0,1,0,1,1,0,0,0,1,0,1,0,0,1,0,1,0,1,1,0,0
2026,3,29,08:48:47.906,23.00,125,66.8,0.8441,4613.9,617.8,3.939,2.17,3.89,0.01,0.01,-674.0,1865.0,369.0,-26259.0,26245,1924,51.7,0.0,10929.0,0,0,0,e1f,d4e,d4a,d4a,d4a,1,1,1,1,1,0,0,0,0,1,1,1,0,0,1,1,1,0,0,1,0,1,0,1,1,0,0,0,1,0,1,0,0,1,0,1,0,1,1,0,0,0,1,0,1,0,0,1,0,1,0,1,1,0,0,0,1,0,1,0,0,1,0,1,0,1,1,0,0
2026,3,29,08:48:47.926,23.02,145,66.8,0.8439,4621.5,625.4,3.940,2.17,3.89,0.01,0.01,-675.0,1865.0,369.0,-26273.0,26283,1932,55.3,0.0,10932.0,0,0,0,e1f,d4e,d4a,d4a,d4a,1,1,1,1,1,0,0,0,0,1,1,1,0,0,1,1,1,0,0,1,0,1,0,1,1,0,0,0,1,0,1,0,0,1,0,1,0,1,1,0,0,0,1,0,1,0,0,1,0,1,0,1,1,0,0,0,1,0,1,0,0,1,0,1,0,1,1,0,0
2026,3,29,08:48:47.946,23.04,165,66.8,0.8439,4621.5,625.4,3.939,2.17,3.89,0.01,0.01,-676.0,1866.0,369.0,-26286.0,26320,1939,58.9,0.0,10935.0,0,0,0,e1f,d4e,d4a,d4a,d4a,1,1,1,1,1,0,0,0,0,1,1,1,0,0,1,1,1,0,0,1,0,1,0,1,1,0,0,0,1,0,1,0,0,1,0,1,0,1,1,0,0,0,1,0,1,0,0,1,0,1,0,1,1,0,0,0,1,0,1,0,0,1,0,1,0,1,1,0,0
2026,3,29,08:48:47.966,23.06,185,66.8,0.8439,4620.2,624.2,3.939,2.17,3.89,0.01,0.01,-676.0,1866.0,368.0,-26300.0,26357,1946,62.6,0.0,10938.0,0,0,0,e1f,d4e,d4a,d4a,d4a,1,1,1,1,1,0,0,0,0,1,1,1,0,0,1,1,1,0,0,1,0,1,0,1,1,0,0,0,1,0,1,0,0,1,0,1,0,1,1,0,0,0,1,0,1,0,0,1,0,1,0,1,1,0,0,0,1,0,1,0,0,1,0,1,0,1,1,0,0
2026,3,29,08:48:47.986,23.08,205,66.8,0.8440,4619.6,623.5,3.940,2.17,3.89,0.01,0.01,-677.0,1867.0,367.0,-26314.0,26395,1954,66.4,0.0,10942.0,0,0,0,e1f,d4e,d4a,d4a,d4a,1,1,1,1,1,0,0,0,0,1,1,1,0,0,1,1,1,0,0,1,0,1,0,1,1,0,0,0,1,0,1,0,0,1,0,1,0,1,1,0,0,0,1,0,1,0,0,1,0,1,0,1,1,0,0,0,1,0,1,0,0,1,0,1,0,1,1,0,0
2026,3,29,08:48:48.006,23.10,225,66.8,0.8443,4608.2,612.1,3.939,2.17,3.89,0.01,0.01,-677.0,1867.0,367.0,-26327.0,26432,1961,70.3,0.0,10946.0,0,0,0,e1f,d4e,d4a,d4a,d4a,1,1,1,1,1,0,0,0,0,1,1,1,0,0,1,1,1,0,0,1,0,1,0,1,1,0,0,0,1,0,1,0,0,1,0,1,0,1,1,0,0,0,1,0,1,0,0,1,0,1,0,1,1,0,0,0,1,0,1,0,0,1,0,1,0,1,1,0,0
2026,3,29,08:48:48.026,23.12,245,66.8,0.8443,4607.5,611.5,3.940,2.17,3.89,0.01,0.01,-678.0,1868.0,366.0,-26341.0,26469,1969,74.2,0.0,10950.0,0,0,0,e1f,d4e,d4a,d4a,d4a,1,1,1,1,1,0,0,0,0,1,1,1,0,0,1,1,1,0,0,1,0,1,0,1,1,0,0,0,1,0,1,0,0,1,0,1,0,1,1,0,0,0,1,0,1,0,0,1,0,1,0,1,1,0,0,0,1,0,1,0,0,1,0,1,0,1,1,0,0
2026,3,29,08:48:48.046,23.14,15,66.8,0.8450,4586.0,589.9,3.940,2.17,3.89,0.01,0.01,-678.0,1868.0,366.0,-26354.0,26507,1976,78.1,0.0,10954.0,0,0,0,e1f,d4e,d4a,d4a,d4a,1,1,1,1,1,0,0,0,0,1,1,1,0,0,1,1,1,0,0,1,0,1,0,1,1,0,0,0,1,0,1,0,0,1,0,1,0,1,1,0,0,0,1,0,1,0,0,1,0,1,0,1,1,0,0,0,1,0,1,0,0,1,0,1,0,1,1,0,0
2026,3,29,08:48:48.066,23.16,35,66.9,0.8451,4584.1,588.0,3.939,2.17,3.89,0.01,0.01,-678.0,1869.0,365.0,-26368.0,26544,1983,81.9,0.0,10960.0,0,0,0,e1f,d4e,d4a,d4a,d4a,1,1,1,1,1,0,0,0,0,1,1,1,0,0,1,1,1,0,0,1,0,1,0,1,1,0,0,0,1,0,1,0,0,1,0,1,0,1,1,0,0,0,1,0,1,0,0,1,0,1,0,1,1,0,0,0,1,0,1,0,0,1,0,1,0,1,1,0,0
2026,3,29,08:48:48.086,23.18,55,66.9,0.8466,4537.2,541.1,3.939,2.17,3.89,0.01,0.01,-678.0,1869.0,364.0,-26381.0,26581,1990,85.8,0.0,10966.0,0,0,0,e1f,d4e,d4a,d4a,d4a,1,1,1,1,1,0,0,0,0,1,1,1,0,0,1,1,1,0,0,1,0,1,0,1,1,0,0,0,1,0,1,0,0,1,0,1,0,1,1,0,0,0,1,0,1,0,0,1,0,1,0,1,1,0,0,0,1,0,1,0,0,1,0,1,0,1,1,0,0
2026,3,29,08:48:48.106,23.20,75,66.9,0.8466,4535.3,539.2,3.939,2.17,3.89,0.01,0.01,-678.0,1870.0,364.0,-26395.0,26619,1998,89.6,0.0,10972.0,0,0,0,e1f,d4e,d4a,d4a,d4a,1,1,1,1,1,0,0,0,0,1,1,1,0,0,1,1,1,0,0,1,0,1,0,1,1,0,0,0,1,0,1,0,0,1,0,1,0,1,1,0,0,0,1,0,1,0,0,1,0,1,0,1,1,0,0,0,1,0,1,0,0,1,0,1,0,1,1,0,0
2026,3,29,08:48:48.126,23.22,95,66.9,0.8482,4486.5,490.5,3.940,2.17,3.89,0.01,0.01,-678.0,1870.0,363.0,-26409.0,26656,2005,93.3,0.0,10979.0,0,0,0,e1f,d4e,d4a,d4a,d4a,1,1,1,1,1,0,0,0,0,1,1,1,0,0,1,1,1,0,0,1,0,1,0,1,1,0,0,0,1,0,1,0,0,1,0,1,0,1,1,0,0,0,1,0,1,0,0,1,0,1,0,1,1,0,0,0,1,0,1,0,0,1,0,1,0,1,1,0,0
2026,3,29,08:48:48.146,23.24,115,67.0,0.8482,4484.6,488.6,3.939,2.17,3.89,0.01,0.01,-678.0,1871.0,363.0,-26422.0,26694,2012,97.0,0.0,10985.0,0,0,0,e1f,d4a,d4a,d4a,d4a,1,1,1,1,1,0,0,0,0,1,1,1,0,0,1,0,1,0,0,1,0,1,0,1,1,0,0,0,1,0,1,0,0,1,0,1,0,1,1,0,0,0,1,0,1,0,0,1,0,1,0,1,1,0,0,0,1,0,1,0,0,1,0,1,0,1,1,0,0
2026,3,29,08:48:48.166,23.26,135,67.0,0.8496,4442.3,446.2,3.939,2.18,3.89,0.01,0.01,-677.0,1871.0,362.0,-26436.0,26731,2020,100.6,0.0,10991.0,0,0,0,e1f,d4a,d4a,d4a,d4a,1,1,1,1,1,0,0,0,0,1,1,1,0,0,1,0,1,0,0,1,0,1,0,1,1,0,0,0,1,0,1,0,0,1,0,1,0,1,1,0,0,0,1,0,1,0,0,1,0,1,0,1,1,0,0,0,1,0,1,0,0,1,0,1,0,1,1,0,0
2026,3,29,08:48:48.186,23.28,155,67.0,0.8496,4441.0,445.0,3.940,2.18,3.89,0.01,0.01,-677.0,1872.0,362.0,-26449.0,26769,2027,104.2,0.0,10997.0,0,0,0,e1f,d4a,d4a,d4a,d4a,1,1,1,1,1,0,0,0,0,1,1,1,0,0,1,0,1,0,0,1,0,1,0,1,1,0,0,0,1,0,1,0,0,1,0,1,0,1,1,0,0,0,1,0,1,0,0,1,0,1,0,1,1,0,0,0,1,0,1,0,0,1,0,1,0,1,1,0,0
2026,3,29,08:48:48.206,23.30,175,67.0,0.8506,4408.2,412.1,3.940,2.18,3.89,0.01,0.01,-677.0,1872.0,362.0,-26463.0,26806,2034,107.7,0.0,11002.0,0,0,0,e1f,d4a,d4a,d4a,d4a,1,1,1,1,1,0,0,0,0,1,1,1,0,0,1,0,1,0,0,1,0,1,0,1,1,0,0,0,1,0,1,0,0,1,0,1,0,1,1,0,0,0,1,0,1,0,0,1,0,1,0,1,1,0,0,0,1,0,1,0,0,1,0,1,0,1,1,0,0
2026,3,29,08:48:48.226,23.32,195,67.1,0.8506,4408.2,412.1,3.939,2.18,3.89,0.01,0.01,-677.0,1872.0,362.0,-26476.0,26843,2041,111.1,0.0,11006.0,0,0,0,e1f,d4a,d4a,d4a,d4a,1,1,1,1,1,0,0,0,0,1,1,1,0,0,1,0,1,0,0,1,0,1,0,1,1,0,0,0,1,0,1,0,0,1,0,1,0,1,1,0,0,0,1,0,1,0,0,1,0,1,0,1,1,0,0,0,1,0,1,0,0,1,0,1,0,1,1,0,0
2026,3,29,08:48:48.246,23.34,215,67.1,0.8503,4419.6,423.5,3.939,2.18,3.89,0.01,0.01,-676.0,1872.0,362.0,-26490.0,26881,2049,114.4,0.0,11011.0,0,0,0,e1f,d4a,d4a,d4a,d4a,1,1,1,1,1,0,0,0,0,1,1,1,0,0,1,0,1,0,0,1,0,1,0,1,1,0,0,0,1,0,1,0,0,1,0,1,0,1,1,0,0,0,1,0,1,0,0,1,0,1,0,1,1,0,0,0,1,0,1,0,0,1,0,1,0,1,1,0,0
2026,3,29,08:48:48.266,23.36,235,67.1,0.8503,4418.3,422.2,3.939,2.18,3.89,0.01,0.01,-676.0,1873.0,362.0,-26503.0,26918,2056,117.7,0.0,11016.0,0,0,0,e1f,d4a,d4a,d4a,d4a,1,1,1,1,1,0,0,0,0,1,1,1,0,0,1,0,1,0,0,1,0,1,0,1,1,0,0,0,1,0,1,0,0,1,0,1,0,1,1,0,0,0,1,0,1,0,0,1,0,1,0,1,1,0,0,0,1,0,1,0,0,1,0,1,0,1,1,0,0
2026,3,29,08:48:48.286,23.38,5,67.1,0.8510,4397.5,401.4,3.939,2.18,3.89,0.01,0.01,-676.0,1873.0,362.0,-26517.0,26956,2063,120.8,0.0,11020.0,0,0,0,e1f,d4a,d4a,d4a,d4a,1,1,1,1,1,0,0,0,0,1,1,1,0,0,1,0,1,0,0,1,0,1,0,1,1,0,0,0,1,0,1,0,0,1,0,1,0,1,1,0,0,0,1,0,1,0,0,1,0,1,0,1,1,0,0,0,1,0,1,0,0,1,0,1,0,1,1,0,0
2026,3,29,08:48:48.306,23.40,25,67.1,0.8510,4397.5,401.4,3.940,2.18,3.89,0.01,0.01,-675.0,1873.0,362.0,-26530.0,26993,2070,123.8,0.0,11025.0,0,0,0,e1f,d4a,d4a,d4a,d4a,1,1,1,1,1,0,0,0,0,1,1,1,0,0,1,0,1,0,0,1,0,1,0,1,1,0,0,0,1,0,1,0,0,1,0,1,0,1,1,0,0,0,1,0,1,0,0,1,0,1,0,1,1,0,0,0,1,0,1,0,0,1,0,1,0,1,1,0,0
2026,3,29,08:48:48.326,23.42,45,67.1,0.8512,4389.3,393.2,3.939,2.18,3.89,0.01,0.01,-675.0,1874.0,362.0,-26544.0,27031,2078,126.5,0.0,11030.0,0,0,0,e1f,d4a,d4a,d4a,d4a,1,1,1,1,1,0,0,0,0,1,1,1,0,0,1,0,1,0,0,1,0,1,0,1,1,0,0,0,1,0,1,0,0,1,0,1,0,1,1,0,0,0,1,0,1,0,0,1,0,1,0,1,1,0,0,0,1,0,1,0,0,1,0,1,0,1,1,0,0
2026,3,29,08:48:48.346,23.44,65,67.1,0.8512,4389.3,393.2,3.939,2.18,3.89,0.01,0.01,-674.0,1874.0,363.0,-26557.0,27068,2085,129.1,0.0,11035.0,0,0,0,e1f,d4a,d4a,d4a,d4a,1,1,1,1,1,0,0,0,0,1,1,1,0,0,1,0,1,0,0,1,0,1,0,1,1,0,0,0,1,0,1,0,0,1,0,1,0,1,1,0,0,0,1,0,1,0,0,1,0,1,0,1,1,0,0,0,1,0,1,0,0,1,0,1,0,1,1,0,0
2026,3,29,08:48:48.366,23.46,85,67.1,0.8516,4379.2,383.1,3.939,2.18,3.89,0.01,0.01,-674.0,1874.0,363.0,-26571.0,27106,2092,131.5,0.0,11040.0,0,0,0,e1f,d4a,d4a,d4a,d4a,1,1,1,1,1,0,0,0,0,1,1,1,0,0,1,0,1,0,0,1,0,1,0,1,1,0,0,0,1,0,1,0,0,1,0,1,0,1,1,0,0,0,1,0,1,0,0,1,0,1,0,1,1,0,0,0,1,0,1,0,0,1,0,1,0,1,1,0,0
2026,3,29,08:48:48.386,23.48,105,67.1,0.8515,4379.8,383.8,3.939,2.18,3.89,0.01,0.01,-674.0,1874.0,364.0,-26584.0,27143,2099,133.7,0.0,11046.0,0,0,0,e1f,d4a,d4a,d4a,d4a,1,1,1,1,1,0,0,0,0,1,1,1,0,0,1,0,1,0,0,1,0,1,0,1,1,0,0,0,1,0,1,0,0,1,0,1,0,1,1,0,0,0,1,0,1,0,0,1,0,1,0,1,1,0,0,0,1,0,1,0,0,1,0,1,0,1,1,0,0
2026,3,29,08:48:48.406,23.50,125,67.1,0.8521,4362.2,366.1,3.939,2.18,3.89,0.01,0.01,-674.0,1875.0,364.0,-26598.0,27181,2107,135.8,0.0,11052.0,0,0,0,e1f,d4a,d4a,d4a,d4a,1,1,1,1,1,0,0,0,0,1,1,1,0,0,1,0,1,0,0,1,0,1,0,1,1,0,0,0,1,0,1,0,0,1,0,1,0,1,1,0,0,0,1,0,1,0,0,1,0,1,0,1,1,0,0,0,1,0,1,0,0,1,0,1,0,1,1,0,0
2026,3,29,08:48:48.426,23.52,145,67.1,0.8521,4361.6,365.5,3.939,2.18,3.89,0.01,0.01,-674.0,1875.0,365.0,-26611.0,27218,2114,137.7,0.0,11059.0,0,0,0,e1f,d4a,d4a,d4a,d4a,1,1,1,1,1,0,0,0,0,1,1,1,0,0,1,0,1,0,0,1,0,1,0,1,1,0,0,0,1,0,1,0,0,1,0,1,0,1,1,0,0,0,1,0,1,0,0,1,0,1,0,1,1,0,0,0,1,0,1,0,0,1,0,1,0,1,1,0,0
2026,3,29,08:48:48.446,23.54,165,67.1,0.8528,4340.8,344.7,3.940,2.18,3.89,0.01,0.01,-674.0,1875.0,365.0,-26625.0,27256,2121,139.5,0.0,11065.0,0,0,0,e1f,d4a,d4a,d4a,d4a,1,1,1,1,1,0,0,0,0,1,1,1,0,0,1,0,1,0,0,1,0,1,0,1,1,0,0,0,1,0,1,0,0,1,0,1,0,1,1,0,0,0,1,0,1,0,0,1,0,1,0,1,1,0,0,0,1,0,1,0,0,1,0,1,0,1,1,0,0
2026,3,29,08:48:48.466,23.56,185,67.1,0.8528,4340.8,344.7,3.940,2.18,3.89,0.01,0.01,-674.0,1875.0,366.0,-26638.0,27293,2129,141.2,0.0,11071.0,0,0,0,e1f,d4a,d4a,d4a,d4a,1,1,1,1,1,0,0,0,0,1,1,1,0,0,1,0,1,0,0,1,0,1,0,1,1,0,0,0,1,0,1,0,0,1,0,1,0,1,1,0,0,0,1,0,1,0,0,1,0,1,0,1,1,0,0,0,1,0,1,0,0,1,0,1,0,1,1,0,0
2026,3,29,08:48:48.486,23.58,205,67.1,0.8528,4340.8,344.7,3.940,2.18,3.89,0.01,0.01,-674.0,1875.0,366.0,-26652.0,27331,2136,142.7,0.0,11077.0,0,0,0,e1f,d4a,d4a,d4a,d4a,1,1,1,1,1,0,0,0,0,1,1,1,0,0,1,0,1,0,0,1,0,1,0,1,1,0,0,0,1,0,1,0,0,1,0,1,0,1,1,0,0,0,1,0,1,0,0,1,0,1,0,1,1,0,0,0,1,0,1,0,0,1,0,1,0,1,1,0,0
2026,3,29,08:48:48.506,23.60,225,67.1,0.8528,4340.8,344.7,3.940,2.18,3.89,0.01,0.01,-674.0,1875.0,367.0,-26665.0,27368,2143,144.2,0.0,11083.0,0,0,0,e1f,d4a,d4a,d4a,d4a,1,1,1,1,1,0,0,0,0,1,1,1,0,0,1,0,1,0,0,1,0,1,0,1,1,0,0,0,1,0,1,0,0,1,0,1,0,1,1,0,0,0,1,0,1,0,0,1,0,1,0,1,1,0,0,0,1,0,1,0,0,1,0,1,0,1,1,0,0
2026,3,29,08:48:48.526,23.62,245,67.1,0.8537,4313.1,317.0,3.940,2.18,3.89,0.01,0.01,-675.0,1875.0,367.0,-26679.0,27406,2151,145.6,0.0,11088.0,0,0,0,e1f,d4a,d4a,d4a,d4a,1,1,1,1,1,0,0,0,0,1,1,1,0,0,1,0,1,0,0,1,0,1,0,1,1,0,0,0,1,0,1,0,0,1,0,1,0,1,1,0,0,0,1,0,1,0,0,1,0,1,0,1,1,0,0,0,1,0,1,0,0,1,0,1,0,1,1,0,0
2026,3,29,08:48:48.546,23.64,15,67.1,0.8537,4313.1,317.0,3.940,2.18,3.89,0.01,0.01,-675.0,1875.0,367.0,-26692.0,27443,2158,147.0,0.0,11092.0,0,0,0,e1f,d4a,d4a,d4a,d4a,1,1,1,1,1,0,0,0,0,1,1,1,0,0,1,0,1,0,0,1,0,1,0,1,1,0,0,0,1,0,1,0,0,1,0,1,0,1,1,0,0,0,1,0,1,0,0,1,0,1,0,1,1,0,0,0,1,0,1,0,0,1,0,1,0,1,1,0,0
2026,3,29,08:48:48.566,23.66,35,67.1,0.8538,4308.7,312.6,3.939,2.18,3.89,0.01,0.01,-675.0,1876.0,368.0,-26706.0,27481,2165,148.3,0.0,11097.0,0,0,0,e1f,d4a,d4a,d4a,d4a,1,1,1,1,1,0,0,0,0,1,1,1,0,0,1,0,1,0,0,1,0,1,0,1,1,0,0,0,1,0,1,0,0,1,0,1,0,1,1,0,0,0,1,0,1,0,0,1,0,1,0,1,1,0,0,0,1,0,1,0,0,1,0,1,0,1,1,0,0
2026,3,29,08:48:48.586,23.68,55,67.1,0.8538,4308.7,312.6,3.940,2.18,3.89,0.01,0.01,-676.0,1876.0,368.0,-26719.0,27518,2173,149.6,0.0,11101.0,0,0,0,e1f,d4a,d4a,d4a,d4a,1,1,1,1,1,0,0,0,0,1,1,1,0,0,1,0,1,0,0,1,0,1,0,1,1,0,0,0,1,0,1,0,0,1,0,1,0,1,1,0,0,0,1,0,1,0,0,1,0,1,0,1,1,0,0,0,1,0,1,0,0,1,0,1,0,1,1,0,0
2026,3,29,08:48:48.606,23.70,75,67.1,0.8543,4293.6,297.5,3.940,2.18,3.89,0.01,0.01,-676.0,1877.0,368.0,-26733.0,27556,2180,150.9,0.0,11105.0,0,0,0,e1f,d4a,d4a,d4a,d4a,1,1,1,1,1,0,0,0,0,1,1,1,0,0,1,0,1,0,0,1,0,1,0,1,1,0,0,0,1,0,1,0,0,1,0,1,0,1,1,0,0,0,1,0,1,0,0,1,0,1,0,1,1,0,0,0,1,0,1,0,0,1,0,1,0,1,1,0,0
2026,3,29,08:48:48.626,23.72,95,67.1,0.8543,4293.6,297.5,3.940,2.18,3.89,0.01,0.01,-676.0,1877.0,369.0,-26747.0,27593,2187,152.1,0.0,11109.0,0,0,0,e1f,d4a,d4a,d4a,d4a,1,1,1,1,1,0,0,0,0,1,1,1,0,0,1,0,1,0,0,1,0,1,0,1,1,0,0,0,1,0,1,0,0,1,0,1,0,1,1,0,0,0,1,0,1,0,0,1,0,1,0,1,1,0,0,0,1,0,1,0,0,1,0,1,0,1,1,0,0
2026,3,29,08:48:48.646,23.74,115,67.1,0.8542,4296.7,300.7,3.940,2.18,3.89,0.01,0.01,-677.0,1878.0,369.0,-26760.0,27631,2195,153.2,0.0,11114.0,0,0,0,e1f,d4a,d4a,d4a,d4a,1,1,1,1,1,0,0,0,0,1,1,1,0,0,1,0,1,0,0,1,0,1,0,1,1,0,0,0,1,0,1,0,0,1,0,1,0,1,1,0,0,0,1,0,1,0,0,1,0,1,0,1,1,0,0,0,1,0,1,0,0,1,0,1,0,1,1,0,0
2026,3,29,08:48:48.906,23.76,125,67.1,0.8533,4325.7,329.6,3.939,2.19,3.89,0.01,0.01,-682.0,1883.0,372.0,-26937.0,28120,2291,162.4,0.0,11169.0,0,0,0,e1f,d4a,d4a,d4a,d4a,1,1,1,1,1,0,0,0,0,1,1,1,0,0,1,0,1,0,0,1,0,1,0,1,1,0,0,0,1,0,1,0,0,1,0,1,0,1,1,0,0,0,1,0,1,0,0,1,0,1,0,1,1,0,0,0,1,0,1,0,0,1,0,1,0,1,1,0,0
2026,3,29,08:48:48.926,23.78,145,67.1,0.8536,4314.3,318.3,3.940,2.19,3.89,0.01,0.01,-682.0,1884.0,372.0,-26950.0,28158,2299,163.0,0.0,11170.0,0,0,0,e1f,d4a,d4a,d4a,d4a,1,1,1,1,1,0,0,0,0,1,1,1,0,0,1,0,1,0,0,1,0,1,0,1,1,0,0,0,1,0,1,0,0,1,0,1,0,1,1,0,0,0,1,0,1,0,0,1,0,1,0,1,1,0,0,0,1,0,1,0,0,1,0,1,0,1,1,0,0
2026,3,29,08:48:48.946,23.80,165,67.1,0.8536,4314.3,318.3,3.939,2.19,3.89,0.01,0.01,-682.0,1884.0,372.0,-26964.0,28195,2306,163.6,0.0,11170.0,0,0,0,e1f,d4a,d4a,d4a,d4a,1,1,1,1,1,0,0,0,0,1,1,1,0,0,1,0,1,0,0,1,0,1,0,1,1,0,0,0,1,0,1,0,0,1,0,1,0,1,1,0,0,0,1,0,1,0,0,1,0,1,0,1,1,0,0,0,1,0,1,0,0,1,0,1,0,1,1,0,0
2026,3,29,08:48:48.966,23.82,185,67.1,0.8534,4321.3,325.2,3.939,2.19,3.89,0.01,0.01,-682.0,1885.0,372.0,-26978.0,28233,2314,164.1,0.0,11169.0,0,0,0,e1f,d4a,d4a,d4a,d4a,1,1,1,1,1,0,0,0,0,1,1,1,0,0,1,0,1,0,0,1,0,1,0,1,1,0,0,0,1,0,1,0,0,1,0,1,0,1,1,0,0,0,1,0,1,0,0,1,0,1,0,1,1,0,0,0,1,0,1,0,0,1,0,1,0,1,1,0,0
2026,3,29,23:17:04.087,23.84,128,59.0,0.9756,681.4,-3314.7,4.068,1.66,2.38,0.01,0.01,-419.0,-48.0,1420.0,-15669.0,-2483,-12525,144.7,0.0,53.0,0,0,0,eff,cc9,cc9,cc9,cc9,1,1,1,1,1,1,1,1,0,1,1,1,0,1,0,0,1,0,0,1,1,0,0,1,1,0,0,1,0,0,1,0,0,1,1,0,0,1,1,0,0,1,0,0,1,0,0,1,1,0,0,1,1,0,0,1,0,0,1,0,0,1,1,0,0,1,1,0,0
2026,3,29,23:17:04.107,23.86,148,59.0,0.9756,681.4,-3314.7,4.067,1.66,2.38,0.01,0.01,-419.0,-48.0,1421.0,-15677.0,-2484,-12497,144.7,0.0,53.0,0,0,0,eff,cc9,cc9,cc9,cc9,1,1,1,1,1,1,1,1,0,1,1,1,0,1,0,0,1,0,0,1,1,0,0,1,1,0,0,1,0,0,1,0,0,1,1,0,0,1,1,0,0,1,0,0,1,0,0,1,1,0,0,1,1,0,0,1,0,0,1,0,0,1,1,0,0,1,1,0,0
2026,3,29,23:17:04.127,23.88,168,59.0,0.9756,681.4,-3314.7,4.067,1.66,2.38,0.01,0.01,-419.0,-48.0,1421.0,-15686.0,-2485,-12468,144.7,0.0,53.0,0,0,0,eff,cc9,cc9,cc9,cc9,1,1,1,1,1,1,1,1,0,1,1,1,0,1,0,0,1,0,0,1,1,0,0,1,1,0,0,1,0,0,1,0,0,1,1,0,0,1,1,0,0,1,0,0,1,0,0,1,1,0,0,1,1,0,0,1,0,0,1,0,0,1,1,0,0,1,1,0,0
2026,3,29,23:17:04.147,23.90,188,59.0,0.9756,681.4,-3314.7,4.067,1.66,2.38,0.01,0.01,-419.0,-48.0,1422.0,-15694.0,-2486,-12440,144.7,0.0,53.0,0,0,0,eff,cc9,cc9,cc9,cc9,1,1,1,1,1,1,1,1,0,1,1,1,0,1,0,0,1,0,0,1,1,0,0,1,1,0,0,1,0,0,1,0,0,1,1,0,0,1,1,0,0,1,0,0,1,0,0,1,1,0,0,1,1,0,0,1,0,0,1,0,0,1,1,0,0,1,1,0,0
2026,3,29,08:48:44.826,23.92,45,67.1,0.8433,4639.9,643.9,3.939,2.08,3.89,0.01,0.01,-657.0,1800.0,341.0,-24223.0,20600,836,36.4,0.0,10531.0,0,0,0,e1f,d4e,d4a,d4a,d4a,1,1,1,1,1,0,0,0,0,1,1,1,0,0,1,1,1,0,0,1,0,1,0,1,1,0,0,0,1,0,1,0,0,1,0,1,0,1,1,0,0,0,1,0,1,0,0,1,0,1,0,1,1,0,0,0,1,0,1,0,0,1,0,1,0,1,1,0,0
2026,3,29,08:48:44.846,23.94,65,67.1,0.8428,4655.8,659.8,3.939,2.08,3.89,0.01,0.01,-656.0,1800.0,341.0,-24236.0,20636,842,36.9,0.0,10534.0,0,0,0,e1f,d4e,d4a,d4a,d4a,1,1,1,1,1,0,0,0,0,1,1,1,0,0,1,1,1,0,0,1,0,1,0,1,1,0,0,0,1,0,1,0,0,1,0,1,0,1,1,0,0,0,1,0,1,0,0,1,0,1,0,1,1,0,0,0,1,0,1,0,0,1,0,1,0,1,1,0,0
2026,3,29,08:48:44.866,23.96,85,67.0,0.8428,4657.1,661.0,3.940,2.08,3.89,0.01,0.01,-656.0,1800.0,341.0,-24250.0,20672,849,37.2,0.0,10537.0,0,0,0,e1f,d4e,d4a,d4a,d4a,1,1,1,1,1,0,0,0,0,1,1,1,0,0,1,1,1,0,0,1,0,1,0,1,1,0,0,0,1,0,1,0,0,1,0,1,0,1,1,0,0,0,1,0,1,0,0,1,0,1,0,1,1,0,0,0,1,0,1,0,0,1,0,1,0,1,1,0,0
2026,3,29,08:48:44.886,23.98,105,67.0,0.8422,4674.9,678.8,3.939,2.08,3.89,0.01,0.01,-656.0,1800.0,341.0,-24263.0,20708,856,37.3,0.0,10540.0,0,0,0,e1f,d4e,d4a,d4a,d4a,1,1,1,1,1,0,0,0,0,1,1,1,0,0,1,1,1,0,0,1,0,1,0,1,1,0,0,0,1,0,1,0,0,1,0,1,0,1,1,0,0,0,1,0,1,0,0,1,0,1,0,1,1,0,0,0,1,0,1,0,0,1,0,1,0,1,1,0,0
2026,3,29,08:48:44.906,24.00,125,67.0,0.8422,4675.5,679.5,3.939,2.08,3.89,0.01,0.01,-656.0,1800.0,341.0,-24276.0,20744,863,37.2,0.0,10543.0,0,0,0,e1f,d4e,d4a,d4a,d4a,1,1,1,1,1,0,0,0,0,1,1,1,0,0,1,1,1,0,0,1,0,1,0,1,1,0,0,0,1,0,1,0,0,1,0,1,0,1,1,0,0,0,1,0,1,0,0,1,0,1,0,1,1,0,0,0,1,0,1,0,0,1,0,1,0,1,1,0,0
2026,3,29,08:48:44.926,24.02,145,67.0,0.8416,4693.3,697.3,3.939,2.08,3.89,0.01,0.01,-656.0,1800.0,340.0,-24289.0,20780,870,36.8,0.0,10546.0,0,0,0,e1f,d4e,d4a,d4a,d4a,1,1,1,1,1,0,0,0,0,1,1,1,0,0,1,1,1,0,0,1,0,1,0,1,1,0,0,0,1,0,1,0,0,1,0,1,0,1,1,0,0,0,1,0,1,0,0,1,0,1,0,1,1,0,0,0,1,0,1,0,0,1,0,1,0,1,1,0,0
2026,3,29,08:48:44.946,24.04,165,67.0,0.8416,4694.6,698.5,3.939,2.08,3.89,0.01,0.01,-655.0,1800.0,340.0,-24302.0,20816,876,36.3,0.0,10550.0,0,0,0,e1f,d4e,d4a,d4a,d4a,1,1,1,1,1,0,0,0,0,1,1,1,0,0,1,1,1,0,0,1,0,1,0,1,1,0,0,0,1,0,1,0,0,1,0,1,0,1,1,0,0,0,1,0,1,0,0,1,0,1,0,1,1,0,0,0,1,0,1,0,0,1,0,1,0,1,1,0,0
2026,3,29,08:48:44.966,24.06,185,67.0,0.8409,4717.5,721.5,3.939,2.08,3.89,0.01,0.01,-655.0,1800.0,340.0,-24315.0,20852,883,35.5,0.0,10553.0,0,0,0,e1f,d4e,d4a,d4a,d4a,1,1,1,1,1,0,0,0,0,1,1,1,0,0,1,1,1,0,0,1,0,1,0,1,1,0,0,0,1,0,1,0,0,1,0,1,0,1,1,0,0,0,1,0,1,0,0,1,0,1,0,1,1,0,0,0,1,0,1,0,0,1,0,1,0,1,1,0,0
2026,3,29,08:48:44.986,24.08,205,66.9,0.8408,4718.8,722.7,3.939,2.08,3.89,0.01,0.01,-655.0,1800.0,340.0,-24328.0,20888,890,34.7,0.0,10556.0,0,0,0,e1f,d4e,d4a,d4a,d4a,1,1,1,1,1,0,0,0,0,1,1,1,0,0,1,1,1,0,0,1,0,1,0,1,1,0,0,0,1,0,1,0,0,1,0,1,0,1,1,0,0,0,1,0,1,0,0,1,0,1,0,1,1,0,0,0,1,0,1,0,0,1,0,1,0,1,1,0,0
2026,3,29,08:48:45.006,24.10,225,66.9,0.8399,4748.1,752.0,3.938,2.08,3.89,0.01,0.01,-655.0,1801.0,340.0,-24341.0,20924,897,33.6,0.0,10559.0,0,0,0,e1f,d4e,d4a,d4a,d4a,1,1,1,1,1,0,0,0,0,1,1,1,0,0,1,1,1,0,0,1,0,1,0,1,1,0,0,0,1,0,1,0,0,1,0,1,0,1,1,0,0,0,1,0,1,0,0,1,0,1,0,1,1,0,0,0,1,0,1,0,0,1,0,1,0,1,1,0,0
2026,3,29,08:48:45.026,24.12,245,66.9,0.8399,4749.4,753.3,3.938,2.08,3.89,0.01,0.01,-655.0,1801.0,340.0,-24355.0,20960,904,32.5,0.0,10562.0,0,0,0,e1f,d4e,d4a,d4a,d4a,1,1,1,1,1,0,0,0,0,1,1,1,0,0,1,1,1,0,0,1,0,1,0,1,1,0,0,0,1,0,1,0,0,1,0,1,0,1,1,0,0,0,1,0,1,0,0,1,0,1,0,1,1,0,0,0,1,0,1,0,0,1,0,1,0,1,1,0,0
2026,3,29,08:48:45.046,24.14,15,66.9,0.8392,4770.4,774.4,3.939,2.08,3.89,0.01,0.01,-655.0,1801.0,340.0,-24368.0,20996,911,31.4,0.0,10565.0,0,0,0,e1f,d4e,d4a,d4a,d4a,1,1,1,1,1,0,0,0,0,1,1,1,0,0,1,1,1,0,0,1,0,1,0,1,1,0,0,0,1,0,1,0,0,1,0,1,0,1,1,0,0,0,1,0,1,0,0,1,0,1,0,1,1,0,0,0,1,0,1,0,0,1,0,1,0,1,1,0,0
2026,3,29,08:48:45.066,24.16,35,66.9,0.8392,4771.7,775.6,3.939,2.08,3.88,0.01,0.01,-655.0,1802.0,340.0,-24381.0,21032,917,30.3,0.0,10568.0,0,0,0,e1f,d4e,d4a,d4a,d4a,1,1,1,1,1,0,0,0,0,1,1,1,0,0,1,1,1,0,0,1,0,1,0,1,1,0,0,0,1,0,1,0,0,1,0,1,0,1,1,0,0,0,1,0,1,0,0,1,0,1,0,1,1,0,0,0,1,0,1,0,0,1,0,1,0,1,1,0,0
2026,3,29,08:48:45.086,24.18,55,66.9,0.8387,4787.6,791.6,3.939,2.08,3.88,0.01,0.01,-656.0,1802.0,341.0,-24394.0,21068,924,29.3,0.0,10571.0,0,0,0,e1f,d4e,d4a,d4a,d4a,1,1,1,1,1,0,0,0,0,1,1,1,0,0,1,1,1,0,0,1,0,1,0,1,1,0,0,0,1,0,1,0,0,1,0,1,0,1,1,0,0,0,1,0,1,0,0,1,0,1,0,1,1,0,0,0,1,0,1,0,0,1,0,1,0,1,1,0,0
2026,3,29,08:48:45.106,24.20,75,66.8,0.8387,4788.3,792.2,3.939,2.08,3.89,0.01,0.01,-656.0,1803.0,341.0,-24407.0,21104,931,28.5,0.0,10574.0,0,0,0,e1f,d4e,d4a,d4a,d4a,1,1,1,1,1,0,0,0,0,1,1,1,0,0,1,1,1,0,0,1,0,1,0,1,1,0,0,0,1,0,1,0,0,1,0,1,0,1,1,0,0,0,1,0,1,0,0,1,0,1,0,1,1,0,0,0,1,0,1,0,0,1,0,1,0,1,1,0,0
2026,3,29,08:48:45.126,24.22,95,66.8,0.8381,4806.8,810.7,3.939,2.09,3.89,0.01,0.01,-656.0,1803.0,342.0,-24420.0,21140,938,27.8,0.0,10577.0,0,0,0,e1f,d4e,d4a,d4a,d4a,1,1,1,1,1,0,0,0,0,1,1,1,0,0,1,1,1,0,0,1,0,1,0,1,1,0,0,0,1,0,1,0,0,1,0,1,0,1,1,0,0,0,1,0,1,0,0,1,0,1,0,1,1,0,0,0,1,0,1,0,0,1,0,1,0,1,1,0,0
2026,3,29,08:48:45.146,24.24,115,66.8,0.8381,4807.4,811.4,3.939,2.09,3.89,0.01,0.01,-657.0,1804.0,343.0,-24433.0,21176,945,27.3,0.0,10580.0,0,0,0,e1f,d4e,d4a,d4a,d4a,1,1,1,1,1,0,0,0,0,1,1,1,0,0,1,1,1,0,0,1,0,1,0,1,1,0,0,0,1,0,1,0,0,1,0,1,0,1,1,0,0,0,1,0,1,0,0,1,0,1,0,1,1,0,0,0,1,0,1,0,0,1,0,1,0,1,1,0,0
2026,3,29,08:48:45.166,24.26,135,66.8,0.8373,4830.4,834.4,3.940,2.09,3.89,0.01,0.01,-657.0,1804.0,343.0,-24446.0,21212,952,27.0,0.0,10583.0,0,0,0,e1f,d4e,d4a,d4a,d4a,1,1,1,1,1,0,0,0,0,1,1,1,0,0,1,1,1,0,0,1,0,1,0,1,1,0,0,0,1,0,1,0,0,1,0,1,0,1,1,0,0,0,1,0,1,0,0,1,0,1,0,1,1,0,0,0,1,0,1,0,0,1,0,1,0,1,1,0,0
2026,3,29,08:48:45.186,24.28,155,66.8,0.8373,4830.4,834.4,3.939,2.09,3.89,0.01,0.01,-657.0,1804.0,344.0,-24460.0,21248,958,26.9,0.0,10586.0,0,0,0,e1f,d4e,d4a,d4a,d4a,1,1,1,1,1,0,0,0,0,1,1,1,0,0,1,1,1,0,0,1,0,1,0,1,1,0,0,0,1,0,1,0,0,1,0,1,0,1,1,0,0,0,1,0,1,0,0,1,0,1,0,1,1,0,0,0,1,0,1,0,0,1,0,1,0,1,1,0,0
2026,3,29,08:48:45.206,24.30,175,66.8,0.8369,4845.1,849.1,3.939,2.09,3.89,0.01,0.01,-658.0,1805.0,344.0,-24473.0,21284,965,27.0,0.0,10589.0,0,0,0,e1f,d4e,d4a,d4a,d4a,1,1,1,1,1,0,0,0,0,1,1,1,0,0,1,1,1,0,0,1,0,1,0,1,1,0,0,0,1,0,1,0,0,1,0,1,0,1,1,0,0,0,1,0,1,0,0,1,0,1,0,1,1,0,0,0,1,0,1,0,0,1,0,1,0,1,1,0,0
2026,3,29,08:48:45.226,24.32,195,66.8,0.8368,4846.4,850.4,3.939,2.09,3.89,0.01,0.01,-658.0,1805.0,345.0,-24486.0,21320,972,27.2,0.0,10592.0,0,0,0,e1f,d4e,d4a,d4a,d4a,1,1,1,1,1,0,0,0,0,1,1,1,0,0,1,1,1,0,0,1,0,1,0,1,1,0,0,0,1,0,1,0,0,1,0,1,0,1,1,0,0,0,1,0,1,0,0,1,0,1,0,1,1,0,0,0,1,0,1,0,0,1,0,1,0,1,1,0,0
2026,3,29,08:48:45.246,24.34,215,66.8,0.8366,4852.8,856.7,3.939,2.09,3.89,0.01,0.01,-658.0,1805.0,345.0,-24499.0,21356,979,27.7,0.0,10595.0,0,0,0,e1f,d4e,d4a,d4a,d4a,1,1,1,1,1,0,0,0,0,1,1,1,0,0,1,1,1,0,0,1,0,1,0,1,1,0,0,0,1,0,1,0,0,1,0,1,0,1,1,0,0,0,1,0,1,0,0,1,0,1,0,1,1,0,0,0,1,0,1,0,0,1,0,1,0,1,1,0,0
2026,3,29,08:48:45.266,24.36,235,66.8,0.8366,4853.4,857.4,3.940,2.09,3.89,0.01,0.01,-659.0,1806.0,345.0,-24512.0,21393,986,28.3,0.0,10598.0,0,0,0,e1f,d4e,d4a,d4a,d4a,1,1,1,1,1,0,0,0,0,1,1,1,0,0,1,1,1,0,0,1,0,1,0,1,1,0,0,0,1,0,1,0,0,1,0,1,0,1,1,0,0,0,1,0,1,0,0,1,0,1,0,1,1,0,0,0,1,0,1,0,0,1,0,1,0,1,1,0,0
2026,3,29,08:48:45.286,24.38,5,66.8,0.8363,4863.0,867.0,3.940,2.09,3.89,0.01,0.01,-659.0,1806.0,346.0,-24525.0,21429,993,29.1,0.0,10602.0,0,0,0,e1f,d4e,d4a,d4a,d4a,1,1,1,1,1,0,0,0,0,1,1,1,0,0,1,1,1,0,0,1,0,1,0,1,1,0,0,0,1,0,1,0,0,1,0,1,0,1,1,0,0,0,1,0,1,0,0,1,0,1,0,1,1,0,0,0,1,0,1,0,0,1,0,1,0,1,1,0,0
2026,3,29,08:48:45.306,24.40,25,66.8,0.8363,4863.7,867.6,3.939,2.09,3.89,0.01,0.01,-659.0,1806.0,346.0,-24539.0,21465,1000,29.9,0.0,10605.0,0,0,0,e1f,d4e,d4a,d4a,d4a,1,1,1,1,1,0,0,0,0,1,1,1,0,0,1,1,1,0,0,1,0,1,0,1,1,0,0,0,1,0,1,0,0,1,0,1,0,1,1,0,0,0,1,0,1,0,0,1,0,1,0,1,1,0,0,0,1,0,1,0,0,1,0,1,0,1,1,0,0
2026,3,29,08:48:45.326,24.42,45,66.8,0.8364,4860.5,864.4,3.939,2.09,3.89,0.01,0.01,-659.0,1807.0,346.0,-24552.0,21501,1007,30.8,0.0,10608.0,0,0,0,e1f,d4e,d4a,d4a,d4a,1,1,1,1,1,0,0,0,0,1,1,1,0,0,1,1,1,0,0,1,0,1,0,1,1,0,0,0,1,0,1,0,0,1,0,1,0,1,1,0,0,0,1,0,1,0,0,1,0,1,0,1,1,0,0,0,1,0,1,0,0,1,0,1,0,1,1,0,0
2026,3,29,08:48:45.346,24.44,65,66.8,0.8364,4859.8,863.8,3.940,2.09,3.89,0.01,0.01,-659.0,1807.0,346.0,-24565.0,21537,1014,31.8,0.0,10611.0,0,0,0,e1f,d4e,d4a,d4a,d4a,1,1,1,1,1,0,0,0,0,1,1,1,0,0,1,1,1,0,0,1,0,1,0,1,1,0,0,0,1,0,1,0,0,1,0,1,0,1,1,0,0,0,1,0,1,0,0,1,0,1,0,1,1,0,0,0,1,0,1,0,0,1,0,1,0,1,1,0,0
2026,3,29,08:48:45.366,24.46,85,66.8,0.8365,4858.6,862.5,3.939,2.09,3.89,0.01,0.01,-659.0,1808.0,345.0,-24578.0,21573,1021,32.8,0.0,10614.0,0,0,0,e1f,d4e,d4a,d4a,d4a,1,1,1,1,1,0,0,0,0,1,1,1,0,0,1,1,1,0,0,1,0,1,0,1,1,0,0,0,1,0,1,0,0,1,0,1,0,1,1,0,0,0,1,0,1,0,0,1,0,1,0,1,1,0,0,0,1,0,1,0,0,1,0,1,0,1,1,0,0
2026,3,29,08:48:45.386,24.48,105,66.8,0.8365,4858.6,862.5,3.939,2.09,3.89,0.01,0.01,-659.0,1808.0,345.0,-24591.0,21610,1028,33.7,0.0,10617.0,0,0,0,e1f,d4e,d4a,d4a,d4a,1,1,1,1,1,0,0,0,0,1,1,1,0,0,1,1,1,0,0,1,0,1,0,1,1,0,0,0,1,0,1,0,0,1,0,1,0,1,1,0,0,0,1,0,1,0,0,1,0,1,0,1,1,0,0,0,1,0,1,0,0,1,0,1,0,1,1,0,0
2026,3,29,08:48:45.406,24.50,125,66.8,0.8366,4854.7,858.7,3.939,2.09,3.89,0.01,0.01,-659.0,1809.0,345.0,-24605.0,21646,1034,34.7,0.0,10620.0,0,0,0,e1f,d4e,d4a,d4a,d4a,1,1,1,1,1,0,0,0,0,1,1,1,0,0,1,1,1,0,0,1,0,1,0,1,1,0,0,0,1,0,1,0,0,1,0,1,0,1,1,0,0,0,1,0,1,0,0,1,0,1,0,1,1,0,0,0,1,0,1,0,0,1,0,1,0,1,1,0,0
2026,3,29,08:48:45.426,24.52,145,66.8,0.8366,4854.1,858.0,3.939,2.09,3.89,0.01,0.01,-659.0,1809.0,345.0,-24618.0,21682,1041,35.5,0.0,10622.0,0,0,0,e1f,d4e,d4a,d4a,d4a,1,1,1,1,1,0,0,0,0,1,1,1,0,0,1,1,1,0,0,1,0,1,0,1,1,0,0,0,1,0,1,0,0,1,0,1,0,1,1,0,0,0,1,0,1,0,0,1,0,1,0,1,1,0,0,0,1,0,1,0,0,1,0,1,0,1,1,0,0
2026,3,29,08:48:45.446,24.54,165,66.8,0.8371,4839.4,843.3,3.939,2.09,3.89,0.01,0.01,-659.0,1810.0,344.0,-24631.0,21718,1048,36.3,0.0,10625.0,0,0,0,e1f,d4e,d4a,d4a,d4a,1,1,1,1,1,0,0,0,0,1,1,1,0,0,1,1,1,0,0,1,0,1,0,1,1,0,0,0,1,0,1,0,0,1,0,1,0,1,1,0,0,0,1,0,1,0,0,1,0,1,0,1,1,0,0,0,1,0,1,0,0,1,0,1,0,1,1,0,0
2026,3,29,08:48:45.466,24.56,185,66.8,0.8371,4838.7,842.7,3.940,2.09,3.89,0.01,0.01,-658.0,1810.0,344.0,-24644.0,21754,1055,37.0,0.0,10627.0,0,0,0,e1f,d4e,d4a,d4a,d4a,1,1,1,1,1,0,0,0,0,1,1,1,0,0,1,1,1,0,0,1,0,1,0,1,1,0,0,0,1,0,1,0,0,1,0,1,0,1,1,0,0,0,1,0,1,0,0,1,0,1,0,1,1,0,0,0,1,0,1,0,0,1,0,1,0,1,1,0,0
2026,3,29,08:48:45.486,24.58,205,66.8,0.8371,4838.7,842.7,3.939,2.09,3.89,0.01,0.01,-658.0,1811.0,343.0,-24657.0,21790,1062,37.6,0.0,10629.0,0,0,0,e1f,d4e,d4a,d4a,d4a,1,1,1,1,1,0,0,0,0,1,1,1,0,0,1,1,1,0,0,1,0,1,0,1,1,0,0,0,1,0,1,0,0,1,0,1,0,1,1,0,0,0,1,0,1,0,0,1,0,1,0,1,1,0,0,0,1,0,1,0,0,1,0,1,0,1,1,0,0
2026,3,29,08:48:45.506,24.60,225,66.8,0.8371,4838.1,842.0,3.940,2.09,3.89,0.01,0.01,-658.0,1811.0,343.0,-24670.0,21827,1069,38.0,0.0,10631.0,0,0,0,e1f,d4e,d4a,d4a,d4a,1,1,1,1,1,0,0,0,0,1,1,1,0,0,1,1,1,0,0,1,0,1,0,1,1,0,0,0,1,0,1,0,0,1,0,1,0,1,1,0,0,0,1,0,1,0,0,1,0,1,0,1,1,0,0,0,1,0,1,0,0,1,0,1,0,1,1,0,0
2026,3,29,08:48:45.526,24.62,245,66.8,0.8376,4823.4,827.3,3.939,2.09,3.89,0.01,0.01,-658.0,1812.0,343.0,-24684.0,21863,1076,38.4,0.0,10633.0,0,0,0,e1f,d4e,d4a,d4a,d4a,1,1,1,1,1,0,0,0,0,1,1,1,0,0,1,1,1,0,0,1,0,1,0,1,1,0,0,0,1,0,1,0,0,1,0,1,0,1,1,0,0,0,1,0,1,0,0,1,0,1,0,1,1,0,0,0,1,0,1,0,0,1,0,1,0,1,1,0,0
2026,3,29,08:48:45.546,24.64,15,66.9,0.8376,4822.1,826.1,3.940,2.09,3.89,0.01,0.01,-658.0,1812.0,343.0,-24697.0,21899,1083,38.6,0.0,10635.0,0,0,0,e1f,d4e,d4a,d4a,d4a,1,1,1,1,1,0,0,0,0,1,1,1,0,0,1,1,1,0,0,1,0,1,0,1,1,0,0,0,1,0,1,0,0,1,0,1,0,1,1,0,0,0,1,0,1,0,0,1,0,1,0,1,1,0,0,0,1,0,1,0,0,1,0,1,0,1,1,0,0
2026,3,29,08:48:45.566,24.66,35,66.9,0.8381,4806.2,810.1,3.939,2.09,3.89,0.01,0.01,-657.0,1813.0,342.0,-24710.0,21935,1090,38.8,0.0,10637.0,0,0,0,e1f,d4e,d4a,d4a,d4a,1,1,1,1,1,0,0,0,0,1,1,1,0,0,1,1,1,0,0,1,0,1,0,1,1,0,0,0,1,0,1,0,0,1,0,1,0,1,1,0,0,0,1,0,1,0,0,1,0,1,0,1,1,0,0,0,1,0,1,0,0,1,0,1,0,1,1,0,0
2026,3,29,08:48:45.586,24.68,55,66.9,0.8381,4804.9,808.8,3.939,2.09,3.89,0.01,0.01,-657.0,1814.0,342.0,-24723.0,21972,1096,38.8,0.0,10639.0,0,0,0,e1f,d4e,d4a,d4a,d4a,1,1,1,1,1,0,0,0,0,1,1,1,0,0,1,1,1,0,0,1,0,1,0,1,1,0,0,0,1,0,1,0,0,1,0,1,0,1,1,0,0,0,1,0,1,0,0,1,0,1,0,1,1,0,0,0,1,0,1,0,0,1,0,1,0,1,1,0,0
2026,3,29,08:48:45.606,24.70,75,66.9,0.8387,4787.0,791.0,3.940,2.09,3.89,0.01,0.01,-657.0,1815.0,342.0,-24736.0,22008,1103,38.6,0.0,10641.0,0,0,0,e1f,d4e,d4a,d4a,d4a,1,1,1,1,1,0,0,0,0,1,1,1,0,0,1,1,1,0,0,1,0,1,0,1,1,0,0,0,1,0,1,0,0,1,0,1,0,1,1,0,0,0,1,0,1,0,0,1,0,1,0,1,1,0,0,0,1,0,1,0,0,1,0,1,0,1,1,0,0
2026,3,29,08:48:45.626,24.72,95,66.9,0.8387,4785.7,789.7,3.939,2.09,3.89,0.01,0.01,-657.0,1816.0,342.0,-24749.0,22044,1110,38.4,0.0,10644.0,0,0,0,e1f,d4e,d4a,d4a,d4a,1,1,1,1,1,0,0,0,0,1,1,1,0,0,1,1,1,0,0,1,0,1,0,1,1,0,0,0,1,0,1,0,0,1,0,1,0,1,1,0,0,0,1,0,1,0,0,1,0,1,0,1,1,0,0,0,1,0,1,0,0,1,0,1,0,1,1,0,0
2026,3,29,08:48:45.646,24.74,115,66.9,0.8398,4753.2,757.1,3.939,2.09,3.89,0.01,0.01,-656.0,1816.0,342.0,-24763.0,22081,1117,37.9,0.0,10646.0,0,0,0,e1f,d4e,d4a,d4a,d4a,1,1,1,1,1,0,0,0,0,1,1,1,0,0,1,1,1,0,0,1,0,1,0,1,1,0,0,0,1,0,1,0,0,1,0,1,0,1,1,0,0,0,1,0,1,0,0,1,0,1,0,1,1,0,0,0,1,0,1,0,0,1,0,1,0,1,1,0,0
2026,3,29,08:48:45.666,24.76,135,67.0,0.8398,4752.6,756.5,3.939,2.09,3.89,0.01,0.01,-656.0,1817.0,342.0,-24776.0,22117,1124,37.4,0.0,10648.0,0,0,0,e1f,d4e,d4a,d4a,d4a,1,1,1,1,1,0,0,0,0,1,1,1,0,0,1,1,1,0,0,1,0,1,0,1,1,0,0,0,1,0,1,0,0,1,0,1,0,1,1,0,0,0,1,0,1,0,0,1,0,1,0,1,1,0,0,0,1,0,1,0,0,1,0,1,0,1,1,0,0
2026,3,29,08:48:45.686,24.78,155,67.0,0.8405,4730.9,734.8,3.940,2.10,3.89,0.01,0.01,-656.0,1818.0,342.0,-24789.0,22153,1131,36.7,0.0,10650.0,0,0,0,e1f,d4e,d4a,d4a,d4a,1,1,1,1,1,0,0,0,0,1,1,1,0,0,1,1,1,0,0,1,0,1,0,1,1,0,0,0,1,0,1,0,0,1,0,1,0,1,1,0,0,0,1,0,1,0,0,1,0,1,0,1,1,0,0,0,1,0,1,0,0,1,0,1,0,1,1,0,0
2026,3,29,08:48:45.706,24.80,175,67.0,0.8405,4730.3,734.2,3.939,2.10,3.89,0.01,0.01,-656.0,1819.0,342.0,-24802.0,22190,1138,35.9,0.0,10651.0,0,0,0,e1f,d4e,d4a,d4a,d4a,1,1,1,1,1,0,0,0,0,1,1,1,0,0,1,1,1,0,0,1,0,1,0,1,1,0,0,0,1,0,1,0,0,1,0,1,0,1,1,0,0,0,1,0,1,0,0,1,0,1,0,1,1,0,0,0,1,0,1,0,0,1,0,1,0,1,1,0,0
2026,3,29,08:48:45.726,24.82,195,67.0,0.8410,4712.4,716.4,3.940,2.10,3.89,0.01,0.01,-656.0,1820.0,343.0,-24815.0,22226,1144,35.1,0.0,10653.0,0,0,0,e1f,d4e,d4a,d4a,d4a,1,1,1,1,1,0,0,0,0,1,1,1,0,0,1,1,1,0,0,1,0,1,0,1,1,0,0,0,1,0,1,0,0,1,0,1,0,1,1,0,0,0,1,0,1,0,0,1,0,1,0,1,1,0,0,0,1,0,1,0,0,1,0,1,0,1,1,0,0
2026,3,29,08:48:45.746,24.84,215,67.0,0.8411,4711.8,715.7,3.940,2.10,3.89,0.01,0.01,-656.0,1821.0,343.0,-24828.0,22263,1151,34.2,0.0,10654.0,0,0,0,e1f,d4e,d4a,d4a,d4a,1,1,1,1,1,0,0,0,0,1,1,1,0,0,1,1,1,0,0,1,0,1,0,1,1,0,0,0,1,0,1,0,0,1,0,1,0,1,1,0,0,0,1,0,1,0,0,1,0,1,0,1,1,0,0,0,1,0,1,0,0,1,0,1,0,1,1,0,0
2026,3,29,08:48:45.766,24.86,235,67.0,0.8413,4704.2,708.1,3.939,2.10,3.89,0.01,0.01,-656.0,1822.0,344.0,-24841.0,22299,1158,33.2,0.0,10655.0,0,0,0,e1f,d4e,d4a,d4a,d4a,1,1,1,1,1,0,0,0,0,1,1,1,0,0,1,1,1,0,0,1,0,1,0,1,1,0,0,0,1,0,1,0,0,1,0,1,0,1,1,0,0,0,1,0,1,0,0,1,0,1,0,1,1,0,0,0,1,0,1,0,0,1,0,1,0,1,1,0,0
2026,3,29,08:48:45.786,24.88,5,67.0,0.8413,4702.9,706.8,3.940,2.10,3.89,0.01,0.01,-656.0,1823.0,344.0,-24854.0,22335,1165,32.3,0.0,10656.0,0,0,0,e1f,d4e,d4a,d4a,d4a,1,1,1,1,1,0,0,0,0,1,1,1,0,0,1,1,1,0,0,1,0,1,0,1,1,0,0,0,1,0,1,0,0,1,0,1,0,1,1,0,0,0,1,0,1,0,0,1,0,1,0,1,1,0,0,0,1,0,1,0,0,1,0,1,0,1,1,0,0
2026,3,29,08:48:45.806,24.90,25,67.0,0.8416,4693.3,697.3,3.939,2.10,3.89,0.01,0.01,-656.0,1824.0,345.0,-24868.0,22372,1172,31.3,0.0,10656.0,0,0,0,e1f,d4e,d4a,d4a,d4a,1,1,1,1,1,0,0,0,0,1,1,1,0,0,1,1,1,0,0,1,0,1,0,1,1,0,0,0,1,0,1,0,0,1,0,1,0,1,1,0,0,0,1,0,1,0,0,1,0,1,0,1,1,0,0,0,1,0,1,0,0,1,0,1,0,1,1,0,0
2026,3,29,08:48:45.826,24.92,45,67.0,0.8416,4693.3,697.3,3.938,2.10,3.89,0.01,0.01,-656.0,1824.0,346.0,-24881.0,22408,1179,30.3,0.0,10657.0,0,0,0,e1f,d4e,d4a,d4a,d4a,1,1,1,1,1,0,0,0,0,1,1,1,0,0,1,1,1,0,0,1,0,1,0,1,1,0,0,0,1,0,1,0,0,1,0,1,0,1,1,0,0,0,1,0,1,0,0,1,0,1,0,1,1,0,0,0,1,0,1,0,0,1,0,1,0,1,1,0,0
2026,3,29,08:48:45.846,24.94,65,67.0,0.8418,4688.2,692.2,3.939,2.10,3.89,0.01,0.01,-656.0,1825.0,347.0,-24894.0,22445,1186,29.3,0.0,10658.0,0,0,0,e1f,d4e,d4a,d4a,d4a,1,1,1,1,1,0,0,0,0,1,1,1,0,0,1,1,1,0,0,1,0,1,0,1,1,0,0,0,1,0,1,0,0,1,0,1,0,1,1,0,0,0,1,0,1,0,0,1,0,1,0,1,1,0,0,0,1,0,1,0,0,1,0,1,0,1,1,0,0
2026,3,29,08:48:45.866,24.96,85,67.0,0.8418,4688.9,692.8,3.939,2.10,3.89,0.01,0.01,-657.0,1826.0,348.0,-24907.0,22481,1193,28.3,0.0,10658.0,0,0,0,e1f,d4e,d4a,d4a,d4a,1,1,1,1,1,0,0,0,0,1,1,1,0,0,1,1,1,0,0,1,0,1,0,1,1,0,0,0,1,0,1,0,0,1,0,1,0,1,1,0,0,0,1,0,1,0,0,1,0,1,0,1,1,0,0,0,1,0,1,0,0,1,0,1,0,1,1,0,0
2026,3,29,08:48:45.886,24.98,105,67.0,0.8419,4683.8,687.7,3.939,2.10,3.89,0.01,0.01,-657.0,1827.0,348.0,-24920.0,22518,1200,27.4,0.0,10658.0,0,0,0,e1f,d4e,d4a,d4a,d4a,1,1,1,1,1,0,0,0,0,1,1,1,0,0,1,1,1,0,0,1,0,1,0,1,1,0,0,0,1,0,1,0,0,1,0,1,0,1,1,0,0,0,1,0,1,0,0,1,0,1,0,1,1,0,0,0,1,0,1,0,0,1,0,1,0,1,1,0,0
2026,3,29,08:48:45.906,25.00,125,67.0,0.8419,4683.8,687.7,3.939,2.10,3.89,0.01,0.01,-657.0,1828.0,349.0,-24933.0,22555,1207,26.5,0.0,10659.0,0,0,0,e1f,d4e,d4a,d4a,d4a,1,1,1,1,1,0,0,0,0,1,1,1,0,0,1,1,1,0,0,1,0,1,0,1,1,0,0,0,1,0,1,0,0,1,0,1,0,1,1,0,0,0,1,0,1,0,0,1,0,1,0,1,1,0,0,0,1,0,1,0,0,1,0,1,0,1,1,0,0
2026,3,29,08:48:45.926,25.02,145,67.0,0.8421,4677.4,681.4,3.940,2.10,3.89,0.01,0.01,-657.0,1828.0,350.0,-24946.0,22591,1214,25.6,0.0,10659.0,0,0,0,e1f,d4e,d4a,d4a,d4a,1,1,1,1,1,0,0,0,0,1,1,1,0,0,1,1,1,0,0,1,0,1,0,1,1,0,0,0,1,0,1,0,0,1,0,1,0,1,1,0,0,0,1,0,1,0,0,1,0,1,0,1,1,0,0,0,1,0,1,0,0,1,0,1,0,1,1,0,0
2026,3,29,08:48:45.946,25.04,165,67.0,0.8421,4678.1,682.0,3.940,2.10,3.89,0.01,0.01,-658.0,1829.0,351.0,-24960.0,22628,1221,24.9,0.0,10659.0,0,0,0,e1f,d4e,d4a,d4a,d4a,1,1,1,1,1,0,0,0,0,1,1,1,0,0,1,1,1,0,0,1,0,1,0,1,1,0,0,0,1,0,1,0,0,1,0,1,0,1,1,0,0,0,1,0,1,0,0,1,0,1,0,1,1,0,0,0,1,0,1,0,0,1,0,1,0,1,1,0,0
2026,3,29,08:48:45.966,25.06,185,67.0,0.8421,4678.1,682.0,3.938,2.10,3.89,0.01,0.01,-658.0,1829.0,351.0,-24973.0,22664,1228,24.2,0.0,10659.0,0,0,0,e1f,d4e,d4a,d4a,d4a,1,1,1,1,1,0,0,0,0,1,1,1,0,0,1,1,1,0,0,1,0,1,0,1,1,0,0,0,1,0,1,0,0,1,0,1,0,1,1,0,0,0,1,0,1,0,0,1,0,1,0,1,1,0,0,0,1,0,1,0,0,1,0,1,0,1,1,0,0
2026,3,29,08:48:45.986,25.08,205,67.0,0.8421,4678.7,682.6,3.939,2.10,3.89,0.01,0.01,-658.0,1830.0,352.0,-24986.0,22701,1235,23.7,0.0,10659.0,0,0,0,e1f,d4e,d4a,d4a,d4a,1,1,1,1,1,0,0,0,0,1,1,1,0,0,1,1,1,0,0,1,0,1,0,1,1,0,0,0,1,0,1,0,0,1,0,1,0,1,1,0,0,0,1,0,1,0,0,1,0,1,0,1,1,0,0,0,1,0,1,0,0,1,0,1,0,1,1,0,0
2026,3,29,08:48:46.006,25.10,225,67.0,0.8422,4675.5,679.5,3.940,2.10,3.89,0.01,0.01,-659.0,1831.0,352.0,-24999.0,22738,1242,23.3,0.0,10659.0,0,0,0,e1f,d4e,d4a,d4a,d4a,1,1,1,1,1,0,0,0,0,1,1,1,0,0,1,1,1,0,0,1,0,1,0,1,1,0,0,0,1,0,1,0,0,1,0,1,0,1,1,0,0,0,1,0,1,0,0,1,0,1,0,1,1,0,0,0,1,0,1,0,0,1,0,1,0,1,1,0,0
2026,3,29,08:48:46.026,25.12,245,67.0,0.8422,4675.5,679.5,3.939,2.10,3.89,0.01,0.01,-659.0,1831.0,353.0,-25012.0,22774,1249,23.0,0.0,10660.0,0,0,0,e1f,d4e,d4a,d4a,d4a,1,1,1,1,1,0,0,0,0,1,1,1,0,0,1,1,1,0,0,1,0,1,0,1,1,0,0,0,1,0,1,0,0,1,0,1,0,1,1,0,0,0,1,0,1,0,0,1,0,1,0,1,1,0,0,0,1,0,1,0,0,1,0,1,0,1,1,0,0
2026,3,29,08:48:46.046,25.14,15,67.0,0.8421,4678.7,682.6,3.939,2.10,3.89,0.01,0.01,-659.0,1832.0,353.0,-25025.0,22811,1256,22.8,0.0,10660.0,0,0,0,e1f,d4e,d4a,d4a,d4a,1,1,1,1,1,0,0,0,0,1,1,1,0,0,1,1,1,0,0,1,0,1,0,1,1,0,0,0,1,0,1,0,0,1,0,1,0,1,1,0,0,0,1,0,1,0,0,1,0,1,0,1,1,0,0,0,1,0,1,0,0,1,0,1,0,1,1,0,0
2026,3,29,08:48:46.066,25.16,35,66.9,0.8421,4679.3,683.3,3.940,2.10,3.89,0.01,0.01,-660.0,1833.0,353.0,-25039.0,22847,1263,22.8,0.0,10660.0,0,0,0,e1f,d4e,d4a,d4a,d4a,1,1,1,1,1,0,0,0,0,1,1,1,0,0,1,1,1,0,0,1,0,1,0,1,1,0,0,0,1,0,1,0,0,1,0,1,0,1,1,0,0,0,1,0,1,0,0,1,0,1,0,1,1,0,0,0,1,0,1,0,0,1,0,1,0,1,1,0,0
2026,3,29,08:48:46.086,25.18,55,66.9,0.8418,4688.9,692.8,3.939,2.10,3.89,0.01,0.01,-660.0,1833.0,353.0,-25052.0,22884,1270,22.9,0.0,10661.0,0,0,0,e1f,d4e,d4a,d4a,d4a,1,1,1,1,1,0,0,0,0,1,1,1,0,0,1,1,1,0,0,1,0,1,0,1,1,0,0,0,1,0,1,0,0,1,0,1,0,1,1,0,0,0,1,0,1,0,0,1,0,1,0,1,1,0,0,0,1,0,1,0,0,1,0,1,0,1,1,0,0
2026,3,29,08:48:46.106,25.20,75,66.9,0.8417,4690.2,694.1,3.939,2.10,3.89,0.01,0.01,-660.0,1834.0,354.0,-25065.0,22921,1277,23.1,0.0,10661.0,0,0,0,e1f,d4e,d4a,d4a,d4a,1,1,1,1,1,0,0,0,0,1,1,1,0,0,1,1,1,0,0,1,0,1,0,1,1,0,0,0,1,0,1,0,0,1,0,1,0,1,1,0,0,0,1,0,1,0,0,1,0,1,0,1,1,0,0,0,1,0,1,0,0,1,0,1,0,1,1,0,0
2026,3,29,08:48:46.126,25.22,95,66.9,0.8418,4687.0,690.9,3.940,2.10,3.89,0.01,0.01,-661.0,1835.0,354.0,-25078.0,22958,1284,23.4,0.0,10662.0,0,0,0,e1f,d4e,d4a,d4a,d4a,1,1,1,1,1,0,0,0,0,1,1,1,0,0,1,1,1,0,0,1,0,1,0,1,1,0,0,0,1,0,1,0,0,1,0,1,0,1,1,0,0,0,1,0,1,0,0,1,0,1,0,1,1,0,0,0,1,0,1,0,0,1,0,1,0,1,1,0,0
2026,3,29,08:48:46.146,25.24,115,66.9,0.8418,4687.6,691.5,3.940,2.10,3.89,0.01,0.01,-661.0,1835.0,354.0,-25092.0,22994,1291,23.9,0.0,10663.0,0,0,0,e1f,d4e,d4a,d4a,d4a,1,1,1,1,1,0,0,0,0,1,1,1,0,0,1,1,1,0,0,1,0,1,0,1,1,0,0,0,1,0,1,0,0,1,0,1,0,1,1,0,0,0,1,0,1,0,0,1,0,1,0,1,1,0,0,0,1,0,1,0,0,1,0,1,0,1,1,0,0
2026,3,29,08:48:46.166,25.26,135,66.9,0.8418,4688.9,692.8,3.939,2.10,3.89,0.01,0.01,-661.0,1836.0,354.0,-25105.0,23031,1298,24.4,0.0,10664.0,0,0,0,e1f,d4e,d4a,d4a,d4a,1,1,1,1,1,0,0,0,0,1,1,1,0,0,1,1,1,0,0,1,0,1,0,1,1,0,0,0,1,0,1,0,0,1,0,1,0,1,1,0,0,0,1,0,1,0,0,1,0,1,0,1,1,0,0,0,1,0,1,0,0,1,0,1,0,1,1,0,0
2026,3,29,08:48:46.186,25.28,155,66.9,0.8418,4688.9,692.8,3.939,2.10,3.89,0.01,0.01,-662.0,1837.0,354.0,-25118.0,23068,1306,25.1,0.0,10666.0,0,0,0,e1f,d4e,d4a,d4a,d4a,1,1,1,1,1,0,0,0,0,1,1,1,0,0,1,1,1,0,0,1,0,1,0,1,1,0,0,0,1,0,1,0,0,1,0,1,0,1,1,0,0,0,1,0,1,0,0,1,0,1,0,1,1,0,0,0,1,0,1,0,0,1,0,1,0,1,1,0,0
2026,3,29,08:48:46.206,25.30,175,66.9,0.8419,4685.7,689.6,3.939,2.10,3.89,0.01,0.01,-662.0,1838.0,354.0,-25131.0,23104,1313,25.9,0.0,10667.0,0,0,0,e1f,d4e,d4a,d4a,d4a,1,1,1,1,1,0,0,0,0,1,1,1,0,0,1,1,1,0,0,1,0,1,0,1,1,0,0,0,1,0,1,0,0,1,0,1,0,1,1,0,0,0,1,0,1,0,0,1,0,1,0,1,1,0,0,0,1,0,1,0,0,1,0,1,0,1,1,0,0
2026,3,29,08:48:46.226,25.32,195,66.9,0.8419,4685.7,689.6,3.940,2.10,3.89,0.01,0.01,-662.0,1839.0,354.0,-25145.0,23141,1320,26.8,0.0,10669.0,0,0,0,e1f,d4e,d4a,d4a,d4a,1,1,1,1,1,0,0,0,0,1,1,1,0,0,1,1,1,0,0,1,0,1,0,1,1,0,0,0,1,0,1,0,0,1,0,1,0,1,1,0,0,0,1,0,1,0,0,1,0,1,0,1,1,0,0,0,1,0,1,0,0,1,0,1,0,1,1,0,0
2026,3,29,08:48:46.246,25.34,215,66.9,0.8421,4678.1,682.0,3.939,2.11,3.89,0.01,0.01,-662.0,1840.0,354.0,-25158.0,23178,1327,27.9,0.0,10671.0,0,0,0,e1f,d4e,d4a,d4a,d4a,1,1,1,1,1,0,0,0,0,1,1,1,0,0,1,1,1,0,0,1,0,1,0,1,1,0,0,0,1,0,1,0,0,1,0,1,0,1,1,0,0,0,1,0,1,0,0,1,0,1,0,1,1,0,0,0,1,0,1,0,0,1,0,1,0,1,1,0,0
2026,3,29,08:48:46.266,25.36,235,66.9,0.8421,4678.1,682.0,3.940,2.11,3.89,0.01,0.01,-663.0,1841.0,354.0,-25171.0,23215,1334,29.3,0.0,10673.0,0,0,0,e1f,d4e,d4a,d4a,d4a,1,1,1,1,1,0,0,0,0,1,1,1,0,0,1,1,1,0,0,1,0,1,0,1,1,0,0,0,1,0,1,0,0,1,0,1,0,1,1,0,0,0,1,0,1,0,0,1,0,1,0,1,1,0,0,0,1,0,1,0,0,1,0,1,0,1,1,0,0
2026,3,29,08:48:46.286,25.38,5,66.9,0.8425,4666.6,670.6,3.940,2.11,3.89,0.01,0.01,-663.0,1841.0,353.0,-25184.0,23252,1341,30.8,0.0,10676.0,0,0,0,e1f,d4e,d4a,d4a,d4a,1,1,1,1,1,0,0,0,0,1,1,1,0,0,1,1,1,0,0,1,0,1,0,1,1,0,0,0,1,0,1,0,0,1,0,1,0,1,1,0,0,0,1,0,1,0,0,1,0,1,0,1,1,0,0,0,1,0,1,0,0,1,0,1,0,1,1,0,0
2026,3,29,08:48:46.306,25.40,25,66.9,0.8425,4666.6,670.6,3.939,2.11,3.89,0.01,0.01,-664.0,1842.0,353.0,-25198.0,23288,1348,32.6,0.0,10678.0,0,0,0,e1f,d4e,d4a,d4a,d4a,1,1,1,1,1,0,0,0,0,1,1,1,0,0,1,1,1,0,0,1,0,1,0,1,1,0,0,0,1,0,1,0,0,1,0,1,0,1,1,0,0,0,1,0,1,0,0,1,0,1,0,1,1,0,0,0,1,0,1,0,0,1,0,1,0,1,1,0,0
2026,3,29,08:48:46.326,25.42,45,66.9,0.8431,4648.2,652.1,3.939,2.11,3.89,0.01,0.01,-664.0,1842.0,353.0,-25211.0,23325,1355,34.6,0.0,10681.0,0,0,0,e1f,d4e,d4a,d4a,d4a,1,1,1,1,1,0,0,0,0,1,1,1,0,0,1,1,1,0,0,1,0,1,0,1,1,0,0,0,1,0,1,0,0,1,0,1,0,1,1,0,0,0,1,0,1,0,0,1,0,1,0,1,1,0,0,0,1,0,1,0,0,1,0,1,0,1,1,0,0
2026,3,29,08:48:46.346,25.44,65,66.9,0.8431,4648.2,652.1,3.940,2.11,3.89,0.01,0.01,-664.0,1843.0,353.0,-25224.0,23362,1362,36.7,0.0,10684.0,0,0,0,e1f,d4e,d4a,d4a,d4a,1,1,1,1,1,0,0,0,0,1,1,1,0,0,1,1,1,0,0,1,0,1,0,1,1,0,0,0,1,0,1,0,0,1,0,1,0,1,1,0,0,0,1,0,1,0,0,1,0,1,0,1,1,0,0,0,1,0,1,0,0,1,0,1,0,1,1,0,0
2026,3,29,08:48:46.366,25.46,85,66.9,0.8437,4628.5,632.4,3.940,2.11,3.89,0.01,0.01,-664.0,1843.0,352.0,-25237.0,23399,1369,38.8,0.0,10687.0,0,0,0,e1f,d4e,d4a,d4a,d4a,1,1,1,1,1,0,0,0,0,1,1,1,0,0,1,1,1,0,0,1,0,1,0,1,1,0,0,0,1,0,1,0,0,1,0,1,0,1,1,0,0,0,1,0,1,0,0,1,0,1,0,1,1,0,0,0,1,0,1,0,0,1,0,1,0,1,1,0,0
2026,3,29,08:48:46.386,25.48,105,66.9,0.8437,4627.9,631.8,3.940,2.11,3.89,0.01,0.01,-664.0,1843.0,352.0,-25251.0,23436,1376,41.0,0.0,10690.0,0,0,0,e1f,d4e,d4a,d4a,d4a,1,1,1,1,1,0,0,0,0,1,1,1,0,0,1,1,1,0,0,1,0,1,0,1,1,0,0,0,1,0,1,0,0,1,0,1,0,1,1,0,0,0,1,0,1,0,0,1,0,1,0,1,1,0,0,0,1,0,1,0,0,1,0,1,0,1,1,0,0
2026,3,29,08:48:46.406,25.50,125,66.9,0.8445,4603.1,607.0,3.940,2.11,3.89,0.01,0.01,-664.0,1843.0,352.0,-25264.0,23473,1383,43.0,0.0,10693.0,0,0,0,e1f,d4e,d4a,d4a,d4a,1,1,1,1,1,0,0,0,0,1,1,1,0,0,1,1,1,0,0,1,0,1,0,1,1,0,0,0,1,0,1,0,0,1,0,1,0,1,1,0,0,0,1,0,1,0,0,1,0,1,0,1,1,0,0,0,1,0,1,0,0,1,0,1,0,1,1,0,0
2026,3,29,08:48:46.426,25.52,145,67.0,0.8445,4602.5,606.4,3.939,2.11,3.89,0.01,0.01,-665.0,1842.0,352.0,-25277.0,23510,1390,45.1,0.0,10697.0,0,0,0,e1f,d4e,d4a,d4a,d4a,1,1,1,1,1,0,0,0,0,1,1,1,0,0,1,1,1,0,0,1,0,1,0,1,1,0,0,0,1,0,1,0,0,1,0,1,0,1,1,0,0,0,1,0,1,0,0,1,0,1,0,1,1,0,0,0,1,0,1,0,0,1,0,1,0,1,1,0,0
2026,3,29,08:48:46.446,25.54,165,67.0,0.8453,4577.7,581.7,3.939,2.11,3.89,0.01,0.01,-665.0,1842.0,352.0,-25291.0,23547,1397,47.1,0.0,10700.0,0,0,0,e1f,d4e,d4a,d4a,d4a,1,1,1,1,1,0,0,0,0,1,1,1,0,0,1,1,1,0,0,1,0,1,0,1,1,0,0,0,1,0,1,0,0,1,0,1,0,1,1,0,0,0,1,0,1,0,0,1,0,1,0,1,1,0,0,0,1,0,1,0,0,1,0,1,0,1,1,0,0
2026,3,29,08:48:46.466,25.56,185,67.0,0.8453,4576.5,580.4,3.939,2.11,3.89,0.01,0.01,-665.0,1842.0,352.0,-25304.0,23583,1404,49.0,0.0,10703.0,0,0,0,e1f,d4e,d4a,d4a,d4a,1,1,1,1,1,0,0,0,0,1,1,1,0,0,1,1,1,0,0,1,0,1,0,1,1,0,0,0,1,0,1,0,0,1,0,1,0,1,1,0,0,0,1,0,1,0,0,1,0,1,0,1,1,0,0,0,1,0,1,0,0,1,0,1,0,1,1,0,0
2026,3,29,08:48:46.486,25.58,205,67.0,0.8463,4546.0,550.0,3.939,2.11,3.89,0.01,0.01,-665.0,1842.0,351.0,-25317.0,23620,1412,50.9,0.0,10707.0,0,0,0,e1f,d4e,d4a,d4a,d4a,1,1,1,1,1,0,0,0,0,1,1,1,0,0,1,1,1,0,0,1,0,1,0,1,1,0,0,0,1,0,1,0,0,1,0,1,0,1,1,0,0,0,1,0,1,0,0,1,0,1,0,1,1,0,0,0,1,0,1,0,0,1,0,1,0,1,1,0,0
2026,3,29,08:48:46.506,25.60,225,67.0,0.8463,4544.8,548.7,3.939,2.11,3.89,0.01,0.01,-665.0,1842.0,351.0,-25331.0,23657,1419,52.7,0.0,10710.0,0,0,0,e1f,d4e,d4a,d4a,d4a,1,1,1,1,1,0,0,0,0,1,1,1,0,0,1,1,1,0,0,1,0,1,0,1,1,0,0,0,1,0,1,0,0,1,0,1,0,1,1,0,0,0,1,0,1,0,0,1,0,1,0,1,1,0,0,0,1,0,1,0,0,1,0,1,0,1,1,0,0
2026,3,29,08:48:46.526,25.62,245,67.0,0.8472,4516.9,520.8,3.940,2.11,3.89,0.01,0.01,-665.0,1841.0,351.0,-25344.0,23694,1426,54.4,0.0,10713.0,0,0,0,e1f,d4e,d4a,d4a,d4a,1,1,1,1,1,0,0,0,0,1,1,1,0,0,1,1,1,0,0,1,0,1,0,1,1,0,0,0,1,0,1,0,0,1,0,1,0,1,1,0,0,0,1,0,1,0,0,1,0,1,0,1,1,0,0,0,1,0,1,0,0,1,0,1,0,1,1,0,0
2026,3,29,08:48:46.546,25.64,15,67.1,0.8472,4516.3,520.2,3.939,2.11,3.89,0.01,0.01,-664.0,1841.0,351.0,-25357.0,23731,1433,55.9,0.0,10717.0,0,0,0,e1f,d4e,d4a,d4a,d4a,1,1,1,1,1,0,0,0,0,1,1,1,0,0,1,1,1,0,0,1,0,1,0,1,1,0,0,0,1,0,1,0,0,1,0,1,0,1,1,0,0,0,1,0,1,0,0,1,0,1,0,1,1,0,0,0,1,0,1,0,0,1,0,1,0,1,1,0,0
2026,3,29,08:48:46.566,25.66,35,67.1,0.8479,4495.4,499.3,3.940,2.12,3.89,0.01,0.01,-663.0,1841.0,351.0,-25370.0,23768,1440,57.2,0.0,10721.0,0,0,0,e1f,d4e,d4a,d4a,d4a,1,1,1,1,1,0,0,0,0,1,1,1,0,0,1,1,1,0,0,1,0,1,0,1,1,0,0,0,1,0,1,0,0,1,0,1,0,1,1,0,0,0,1,0,1,0,0,1,0,1,0,1,1,0,0,0,1,0,1,0,0,1,0,1,0,1,1,0,0
2026,3,29,08:48:46.586,25.68,55,67.1,0.8479,4494.1,498.1,3.937,2.12,3.89,0.01,0.01,-663.0,1841.0,351.0,-25384.0,23805,1447,58.2,0.0,10724.0,0,0,0,e1f,d4e,d4a,d4a,d4a,1,1,1,1,1,0,0,0,0,1,1,1,0,0,1,1,1,0,0,1,0,1,0,1,1,0,0,0,1,0,1,0,0,1,0,1,0,1,1,0,0,0,1,0,1,0,0,1,0,1,0,1,1,0,0,0,1,0,1,0,0,1,0,1,0,1,1,0,0
2026,3,29,08:48:46.606,25.70,75,67.1,0.8483,4481.5,485.4,3.939,2.12,3.89,0.01,0.01,-663.0,1841.0,351.0,-25397.0,23842,1454,59.1,0.0,10728.0,0,0,0,e1f,d4e,d4a,d4a,d4a,1,1,1,1,1,0,0,0,0,1,1,1,0,0,1,1,1,0,0,1,0,1,0,1,1,0,0,0,1,0,1,0,0,1,0,1,0,1,1,0,0,0,1,0,1,0,0,1,0,1,0,1,1,0,0,0,1,0,1,0,0,1,0,1,0,1,1,0,0
2026,3,29,08:48:46.626,25.72,95,67.1,0.8483,4481.5,485.4,3.940,2.12,3.89,0.01,0.01,-662.0,1841.0,350.0,-25410.0,23878,1461,59.9,0.0,10732.0,0,0,0,e1f,d4e,d4a,d4a,d4a,1,1,1,1,1,0,0,0,0,1,1,1,0,0,1,1,1,0,0,1,0,1,0,1,1,0,0,0,1,0,1,0,0,1,0,1,0,1,1,0,0,0,1,0,1,0,0,1,0,1,0,1,1,0,0,0,1,0,1,0,0,1,0,1,0,1,1,0,0
2026,3,29,08:48:46.646,25.74,115,67.1,0.8486,4473.3,477.2,3.940,2.12,3.89,0.01,0.01,-662.0,1841.0,350.0,-25424.0,23915,1468,60.5,0.0,10736.0,0,0,0,e1f,d4e,d4a,d4a,d4a,1,1,1,1,1,0,0,0,0,1,1,1,0,0,1,1,1,0,0,1,0,1,0,1,1,0,0,0,1,0,1,0,0,1,0,1,0,1,1,0,0,0,1,0,1,0,0,1,0,1,0,1,1,0,0,0,1,0,1,0,0,1,0,1,0,1,1,0,0
2026,3,29,08:48:46.666,25.76,135,67.1,0.8486,4472.6,476.6,3.940,2.12,3.89,0.01,0.01,-662.0,1841.0,350.0,-25437.0,23952,1475,61.2,0.0,10740.0,0,0,0,e1f,d4e,d4a,d4a,d4a,1,1,1,1,1,0,0,0,0,1,1,1,0,0,1,1,1,0,0,1,0,1,0,1,1,0,0,0,1,0,1,0,0,1,0,1,0,1,1,0,0,0,1,0,1,0,0,1,0,1,0,1,1,0,0,0,1,0,1,0,0,1,0,1,0,1,1,0,0
2026,3,29,08:48:46.686,25.78,155,67.1,0.8489,4464.4,468.3,3.939,2.12,3.89,0.01,0.01,-662.0,1841.0,350.0,-25450.0,23989,1482,61.8,0.0,10744.0,0,0,0,e1f,d4e,d4a,d4a,d4a,1,1,1,1,1,0,0,0,0,1,1,1,0,0,1,1,1,0,0,1,0,1,0,1,1,0,0,0,1,0,1,0,0,1,0,1,0,1,1,0,0,0,1,0,1,0,0,1,0,1,0,1,1,0,0,0,1,0,1,0,0,1,0,1,0,1,1,0,0
2026,3,29,08:48:46.706,25.80,175,67.1,0.8489,4464.4,468.3,3.939,2.13,3.89,0.01,0.01,-662.0,1841.0,350.0,-25463.0,24026,1489,62.3,0.0,10748.0,0,0,0,e1f,d4e,d4a,d4a,d4a,1,1,1,1,1,0,0,0,0,1,1,1,0,0,1,1,1,0,0,1,0,1,0,1,1,0,0,0,1,0,1,0,0,1,0,1,0,1,1,0,0,0,1,0,1,0,0,1,0,1,0,1,1,0,0,0,1,0,1,0,0,1,0,1,0,1,1,0,0
2026,3,29,08:48:46.726,25.82,195,67.1,0.8493,4451.8,455.7,3.939,2.13,3.89,0.01,0.01,-662.0,1841.0,350.0,-25477.0,24063,1496,62.8,0.0,10752.0,0,0,0,e1f,d4e,d4a,d4a,d4a,1,1,1,1,1,0,0,0,0,1,1,1,0,0,1,1,1,0,0,1,0,1,0,1,1,0,0,0,1,0,1,0,0,1,0,1,0,1,1,0,0,0,1,0,1,0,0,1,0,1,0,1,1,0,0,0,1,0,1,0,0,1,0,1,0,1,1,0,0
2026,3,29,08:48:46.746,25.84,215,67.1,0.8493,4451.1,455.1,3.939,2.13,3.89,0.01,0.01,-662.0,1841.0,350.0,-25490.0,24100,1503,63.1,0.0,10756.0,0,0,0,e1f,d4e,d4a,d4a,d4a,1,1,1,1,1,0,0,0,0,1,1,1,0,0,1,1,1,0,0,1,0,1,0,1,1,0,0,0,1,0,1,0,0,1,0,1,0,1,1,0,0,0,1,0,1,0,0,1,0,1,0,1,1,0,0,0,1,0,1,0,0,1,0,1,0,1,1,0,0
2026,3,29,08:48:46.766,25.86,235,67.1,0.8493,4449.9,453.8,3.939,2.13,3.89,0.01,0.01,-661.0,1841.0,350.0,-25503.0,24136,1510,63.4,0.0,10760.0,0,0,0,e1f,d4e,d4a,d4a,d4a,1,1,1,1,1,0,0,0,0,1,1,1,0,0,1,1,1,0,0,1,0,1,0,1,1,0,0,0,1,0,1,0,0,1,0,1,0,1,1,0,0,0,1,0,1,0,0,1,0,1,0,1,1,0,0,0,1,0,1,0,0,1,0,1,0,1,1,0,0
2026,3,29,08:48:46.786,25.88,5,67.1,0.8493,4449.2,453.2,3.939,2.13,3.89,0.01,0.01,-661.0,1841.0,350.0,-25516.0,24173,1517,63.5,0.0,10764.0,0,0,0,e1f,d4e,d4a,d4a,d4a,1,1,1,1,1,0,0,0,0,1,1,1,0,0,1,1,1,0,0,1,0,1,0,1,1,0,0,0,1,0,1,0,0,1,0,1,0,1,1,0,0,0,1,0,1,0,0,1,0,1,0,1,1,0,0,0,1,0,1,0,0,1,0,1,0,1,1,0,0
2026,3,29,08:48:46.806,25.90,25,67.1,0.8496,4441.7,445.6,3.939,2.13,3.89,0.01,0.01,-661.0,1841.0,350.0,-25530.0,24210,1524,63.5,0.0,10769.0,0,0,0,e1f,d4e,d4a,d4a,d4a,1,1,1,1,1,0,0,0,0,1,1,1,0,0,1,1,1,0,0,1,0,1,0,1,1,0,0,0,1,0,1,0,0,1,0,1,0,1,1,0,0,0,1,0,1,0,0,1,0,1,0,1,1,0,0,0,1,0,1,0,0,1,0,1,0,1,1,0,0
2026,3,29,08:48:46.826,25.92,45,67.1,0.8496,4441.7,445.6,3.939,2.14,3.89,0.01,0.01,-660.0,1841.0,351.0,-25543.0,24247,1531,63.4,0.0,10773.0,0,0,0,e1f,d4e,d4a,d4a,d4a,1,1,1,1,1,0,0,0,0,1,1,1,0,0,1,1,1,0,0,1,0,1,0,1,1,0,0,0,1,0,1,0,0,1,0,1,0,1,1,0,0,0,1,0,1,0,0,1,0,1,0,1,1,0,0,0,1,0,1,0,0,1,0,1,0,1,1,0,0
2026,3,29,08:48:46.846,25.94,65,67.1,0.8496,4441.7,445.6,3.940,2.14,3.89,0.01,0.01,-660.0,1841.0,351.0,-25556.0,24284,1538,63.1,0.0,10777.0,0,0,0,e1f,d4e,d4a,d4a,d4a,1,1,1,1,1,0,0,0,0,1,1,1,0,0,1,1,1,0,0,1,0,1,0,1,1,0,0,0,1,0,1,0,0,1,0,1,0,1,1,0,0,0,1,0,1,0,0,1,0,1,0,1,1,0,0,0,1,0,1,0,0,1,0,1,0,1,1,0,0
2026,3,29,08:48:46.866,25.96,85,67.1,0.8496,4441.7,445.6,3.939,2.14,3.89,0.01,0.01,-660.0,1841.0,351.0,-25569.0,24320,1545,62.8,0.0,10781.0,0,0,0,e1f,d4e,d4a,d4a,d4a,1,1,1,1,1,0,0,0,0,1,1,1,0,0,1,1,1,0,0,1,0,1,0,1,1,0,0,0,1,0,1,0,0,1,0,1,0,1,1,0,0,0,1,0,1,0,0,1,0,1,0,1,1,0,0,0,1,0,1,0,0,1,0,1,0,1,1,0,0
2026,3,29,08:48:46.886,25.98,105,67.1,0.8497,4436.6,440.6,3.939,2.14,3.89,0.01,0.01,-660.0,1841.0,352.0,-25582.0,24357,1552,62.3,0.0,10785.0,0,0,0,e1f,d4e,d4a,d4a,d4a,1,1,1,1,1,0,0,0,0,1,1,1,0,0,1,1,1,0,0,1,0,1,0,1,1,0,0,0,1,0,1,0,0,1,0,1,0,1,1,0,0,0,1,0,1,0,0,1,0,1,0,1,1,0,0,0,1,0,1,0,0,1,0,1,0,1,1,0,0
2026,3,29,08:48:46.906,26.00,125,67.1,0.8497,4436.6,440.6,3.940,2.14,3.89,0.01,0.01,-660.0,1841.0,352.0,-25596.0,24394,1559,61.8,0.0,10788.0,0,0,0,e1f,d4e,d4a,d4a,d4a,1,1,1,1,1,0,0,0,0,1,1,1,0,0,1,1,1,0,0,1,0,1,0,1,1,0,0,0,1,0,1,0,0,1,0,1,0,1,1,0,0,0,1,0,1,0,0,1,0,1,0,1,1,0,0,0,1,0,1,0,0,1,0,1,0,1,1,0,0
2026,3,29,08:48:46.926,26.02,145,67.1,0.8498,4433.5,437.4,3.939,2.15,3.89,0.01,0.01,-659.0,1841.0,353.0,-25609.0,24431,1566,61.1,0.0,10792.0,0,0,0,e1f,d4e,d4a,d4a,d4a,1,1,1,1,1,0,0,0,0,1,1,1,0,0,1,1,1,0,0,1,0,1,0,1,1,0,0,0,1,0,1,0,0,1,0,1,0,1,1,0,0,0,1,0,1,0,0,1,0,1,0,1,1,0,0,0,1,0,1,0,0,1,0,1,0,1,1,0,0
2026,3,29,08:48:46.946,26.04,165,67.1,0.8498,4433.5,437.4,3.939,2.15,3.89,0.01,0.01,-659.0,1841.0,353.0,-25622.0,24468,1573,60.3,0.0,10796.0,0,0,0,e1f,d4e,d4a,d4a,d4a,1,1,1,1,1,0,0,0,0,1,1,1,0,0,1,1,1,0,0,1,0,1,0,1,1,0,0,0,1,0,1,0,0,1,0,1,0,1,1,0,0,0,1,0,1,0,0,1,0,1,0,1,1,0,0,0,1,0,1,0,0,1,0,1,0,1,1,0,0
2026,3,29,08:48:46.966,26.06,185,67.1,0.8498,4434.7,438.7,3.939,2.15,3.89,0.01,0.01,-659.0,1841.0,354.0,-25635.0,24504,1580,59.4,0.0,10800.0,0,0,0,e1f,d4e,d4a,d4a,d4a,1,1,1,1,1,0,0,0,0,1,1,1,0,0,1,1,1,0,0,1,0,1,0,1,1,0,0,0,1,0,1,0,0,1,0,1,0,1,1,0,0,0,1,0,1,0,0,1,0,1,0,1,1,0,0,0,1,0,1,0,0,1,0,1,0,1,1,0,0
2026,3,29,08:48:46.986,26.08,205,67.1,0.8498,4434.7,438.7,3.940,2.15,3.89,0.01,0.01,-659.0,1841.0,354.0,-25648.0,24541,1587,58.4,0.0,10803.0,0,0,0,e1f,d4e,d4a,d4a,d4a,1,1,1,1,1,0,0,0,0,1,1,1,0,0,1,1,1,0,0,1,0,1,0,1,1,0,0,0,1,0,1,0,0,1,0,1,0,1,1,0,0,0,1,0,1,0,0,1,0,1,0,1,1,0,0,0,1,0,1,0,0,1,0,1,0,1,1,0,0
2026,3,29,08:48:47.006,26.10,225,67.1,0.8500,4429.7,433.6,3.940,2.15,3.89,0.01,0.01,-659.0,1842.0,355.0,-25662.0,24578,1594,57.3,0.0,10807.0,0,0,0,e1f,d4e,d4a,d4a,d4a,1,1,1,1,1,0,0,0,0,1,1,1,0,0,1,1,1,0,0,1,0,1,0,1,1,0,0,0,1,0,1,0,0,1,0,1,0,1,1,0,0,0,1,0,1,0,0,1,0,1,0,1,1,0,0,0,1,0,1,0,0,1,0,1,0,1,1,0,0
2026,3,29,08:48:47.026,26.12,245,67.1,0.8499,4430.3,434.2,3.941,2.15,3.89,0.01,0.01,-659.0,1842.0,355.0,-25675.0,24615,1602,56.1,0.0,10811.0,0,0,0,e1f,d4e,d4a,d4a,d4a,1,1,1,1,1,0,0,0,0,1,1,1,0,0,1,1,1,0,0,1,0,1,0,1,1,0,0,0,1,0,1,0,0,1,0,1,0,1,1,0,0,0,1,0,1,0,0,1,0,1,0,1,1,0,0,0,1,0,1,0,0,1,0,1,0,1,1,0,0
2026,3,29,08:48:47.046,26.14,15,67.1,0.8500,4428.4,432.3,3.939,2.15,3.89,0.01,0.01,-659.0,1842.0,356.0,-25688.0,24652,1609,54.7,0.0,10814.0,0,0,0,e1f,d4e,d4a,d4a,d4a,1,1,1,1,1,0,0,0,0,1,1,1,0,0,1,1,1,0,0,1,0,1,0,1,1,0,0,0,1,0,1,0,0,1,0,1,0,1,1,0,0,0,1,0,1,0,0,1,0,1,0,1,1,0,0,0,1,0,1,0,0,1,0,1,0,1,1,0,0
2026,3,29,08:48:47.066,26.16,35,67.1,0.8500,4428.4,432.3,3.940,2.15,3.89,0.01,0.01,-659.0,1842.0,357.0,-25701.0,24689,1616,53.2,0.0,10818.0,0,0,0,e1f,d4e,d4a,d4a,d4a,1,1,1,1,1,0,0,0,0,1,1,1,0,0,1,1,1,0,0,1,0,1,0,1,1,0,0,0,1,0,1,0,0,1,0,1,0,1,1,0,0,0,1,0,1,0,0,1,0,1,0,1,1,0,0,0,1,0,1,0,0,1,0,1,0,1,1,0,0
2026,3,29,08:48:47.086,26.18,55,67.1,0.8499,4431.6,435.5,3.939,2.15,3.89,0.01,0.01,-659.0,1842.0,357.0,-25714.0,24726,1623,51.7,0.0,10821.0,0,0,0,e1f,d4e,d4a,d4a,d4a,1,1,1,1,1,0,0,0,0,1,1,1,0,0,1,1,1,0,0,1,0,1,0,1,1,0,0,0,1,0,1,0,0,1,0,1,0,1,1,0,0,0,1,0,1,0,0,1,0,1,0,1,1,0,0,0,1,0,1,0,0,1,0,1,0,1,1,0,0
2026,3,29,08:48:47.106,26.20,75,67.1,0.8499,4431.6,435.5,3.940,2.15,3.89,0.01,0.01,-659.0,1842.0,358.0,-25727.0,24763,1630,50.0,0.0,10824.0,0,0,0,e1f,d4e,d4a,d4a,d4a,1,1,1,1,1,0,0,0,0,1,1,1,0,0,1,1,1,0,0,1,0,1,0,1,1,0,0,0,1,0,1,0,0,1,0,1,0,1,1,0,0,0,1,0,1,0,0,1,0,1,0,1,1,0,0,0,1,0,1,0,0,1,0,1,0,1,1,0,0
2026,3,29,08:48:47.126,26.22,95,67.1,0.8500,4428.4,432.3,3.939,2.15,3.89,0.01,0.01,-659.0,1842.0,359.0,-25741.0,24799,1637,48.2,0.0,10827.0,0,0,0,e1f,d4e,d4a,d4a,d4a,1,1,1,1,1,0,0,0,0,1,1,1,0,0,1,1,1,0,0,1,0,1,0,1,1,0,0,0,1,0,1,0,0,1,0,1,0,1,1,0,0,0,1,0,1,0,0,1,0,1,0,1,1,0,0,0,1,0,1,0,0,1,0,1,0,1,1,0,0
2026,3,29,08:48:47.146,26.24,115,67.1,0.8500,4428.4,432.3,3.940,2.15,3.89,0.01,0.01,-659.0,1842.0,359.0,-25754.0,24836,1644,46.3,0.0,10830.0,0,0,0,e1f,d4e,d4a,d4a,d4a,1,1,1,1,1,0,0,0,0,1,1,1,0,0,1,1,1,0,0,1,0,1,0,1,1,0,0,0,1,0,1,0,0,1,0,1,0,1,1,0,0,0,1,0,1,0,0,1,0,1,0,1,1,0,0,0,1,0,1,0,0,1,0,1,0,1,1,0,0
2026,3,29,08:48:47.166,26.26,135,67.1,0.8504,4417.0,421.0,3.940,2.16,3.89,0.01,0.01,-659.0,1842.0,360.0,-25767.0,24873,1652,44.3,0.0,10833.0,0,0,0,e1f,d4e,d4a,d4a,d4a,1,1,1,1,1,0,0,0,0,1,1,1,0,0,1,1,1,0,0,1,0,1,0,1,1,0,0,0,1,0,1,0,0,1,0,1,0,1,1,0,0,0,1,0,1,0,0,1,0,1,0,1,1,0,0,0,1,0,1,0,0,1,0,1,0,1,1,0,0
2026,3,29,08:48:47.186,26.28,155,67.1,0.8504,4417.0,421.0,3.939,2.16,3.89,0.01,0.01,-659.0,1843.0,361.0,-25780.0,24910,1659,42.2,0.0,10836.0,0,0,0,e1f,d4e,d4a,d4a,d4a,1,1,1,1,1,0,0,0,0,1,1,1,0,0,1,1,1,0,0,1,0,1,0,1,1,0,0,0,1,0,1,0,0,1,0,1,0,1,1,0,0,0,1,0,1,0,0,1,0,1,0,1,1,0,0,0,1,0,1,0,0,1,0,1,0,1,1,0,0
2026,3,29,08:48:47.206,26.30,175,67.1,0.8504,4415.8,419.7,3.939,2.16,3.89,0.01,0.01,-659.0,1843.0,362.0,-25793.0,24947,1666,39.9,0.0,10839.0,0,0,0,e1f,d4e,d4a,d4a,d4a,1,1,1,1,1,0,0,0,0,1,1,1,0,0,1,1,1,0,0,1,0,1,0,1,1,0,0,0,1,0,1,0,0,1,0,1,0,1,1,0,0,0,1,0,1,0,0,1,0,1,0,1,1,0,0,0,1,0,1,0,0,1,0,1,0,1,1,0,0
2026,3,29,08:48:47.226,26.32,195,67.1,0.8504,4415.8,419.7,3.940,2.16,3.89,0.01,0.01,-659.0,1843.0,363.0,-25807.0,24984,1673,37.5,0.0,10842.0,0,0,0,e1f,d4e,d4a,d4a,d4a,1,1,1,1,1,0,0,0,0,1,1,1,0,0,1,1,1,0,0,1,0,1,0,1,1,0,0,0,1,0,1,0,0,1,0,1,0,1,1,0,0,0,1,0,1,0,0,1,0,1,0,1,1,0,0,0,1,0,1,0,0,1,0,1,0,1,1,0,0
2026,3,29,08:48:47.246,26.34,215,67.1,0.8504,4415.8,419.7,3.939,2.16,3.89,0.01,0.01,-659.0,1843.0,364.0,-25820.0,25021,1681,34.9,0.0,10845.0,0,0,0,e1f,d4e,d4a,d4a,d4a,1,1,1,1,1,0,0,0,0,1,1,1,0,0,1,1,1,0,0,1,0,1,0,1,1,0,0,0,1,0,1,0,0,1,0,1,0,1,1,0,0,0,1,0,1,0,0,1,0,1,0,1,1,0,0,0,1,0,1,0,0,1,0,1,0,1,1,0,0
2026,3,29,08:48:47.266,26.36,235,67.1,0.8504,4415.8,419.7,3.940,2.16,3.89,0.01,0.01,-659.0,1844.0,364.0,-25833.0,25058,1688,32.3,0.0,10848.0,0,0,0,e1f,d4e,d4a,d4a,d4a,1,1,1,1,1,0,0,0,0,1,1,1,0,0,1,1,1,0,0,1,0,1,0,1,1,0,0,0,1,0,1,0,0,1,0,1,0,1,1,0,0,0,1,0,1,0,0,1,0,1,0,1,1,0,0,0,1,0,1,0,0,1,0,1,0,1,1,0,0
2026,3,29,08:48:47.286,26.38,5,67.1,0.8508,4402.5,406.5,3.939,2.16,3.89,0.01,0.01,-660.0,1844.0,365.0,-25846.0,25094,1695,29.7,0.0,10851.0,0,0,0,e1f,d4e,d4a,d4a,d4a,1,1,1,1,1,0,0,0,0,1,1,1,0,0,1,1,1,0,0,1,0,1,0,1,1,0,0,0,1,0,1,0,0,1,0,1,0,1,1,0,0,0,1,0,1,0,0,1,0,1,0,1,1,0,0,0,1,0,1,0,0,1,0,1,0,1,1,0,0
2026,3,29,08:48:47.306,26.40,25,67.1,0.8508,4402.5,406.5,3.939,2.16,3.89,0.01,0.01,-660.0,1845.0,366.0,-25859.0,25131,1703,27.1,0.0,10853.0,0,0,0,e1f,d4e,d4a,d4a,d4a,1,1,1,1,1,0,0,0,0,1,1,1,0,0,1,1,1,0,0,1,0,1,0,1,1,0,0,0,1,0,1,0,0,1,0,1,0,1,1,0,0,0,1,0,1,0,0,1,0,1,0,1,1,0,0,0,1,0,1,0,0,1,0,1,0,1,1,0,0
2026,3,29,08:48:47.326,26.42,45,67.1,0.8508,4404.4,408.4,3.939,2.16,3.89,0.01,0.01,-661.0,1845.0,366.0,-25873.0,25168,1710,24.5,0.0,10856.0,0,0,0,e1f,d4e,d4a,d4a,d4a,1,1,1,1,1,0,0,0,0,1,1,1,0,0,1,1,1,0,0,1,0,1,0,1,1,0,0,0,1,0,1,0,0,1,0,1,0,1,1,0,0,0,1,0,1,0,0,1,0,1,0,1,1,0,0,0,1,0,1,0,0,1,0,1,0,1,1,0,0
2026,3,29,08:48:47.346,26.44,65,67.1,0.8508,4404.4,408.4,3.940,2.16,3.89,0.01,0.01,-661.0,1846.0,367.0,-25886.0,25205,1717,22.0,0.0,10859.0,0,0,0,e1f,d4e,d4a,d4a,d4a,1,1,1,1,1,0,0,0,0,1,1,1,0,0,1,1,1,0,0,1,0,1,0,1,1,0,0,0,1,0,1,0,0,1,0,1,0,1,1,0,0,0,1,0,1,0,0,1,0,1,0,1,1,0,0,0,1,0,1,0,0,1,0,1,0,1,1,0,0
2026,3,29,08:48:47.366,26.46,85,67.1,0.8510,4396.2,400.2,3.939,2.16,3.89,0.01,0.01,-662.0,1847.0,367.0,-25899.0,25242,1725,19.5,0.0,10862.0,0,0,0,e1f,d4e,d4a,d4a,d4a,1,1,1,1,1,0,0,0,0,1,1,1,0,0,1,1,1,0,0,1,0,1,0,1,1,0,0,0,1,0,1,0,0,1,0,1,0,1,1,0,0,0,1,0,1,0,0,1,0,1,0,1,1,0,0,0,1,0,1,0,0,1,0,1,0,1,1,0,0
2026,3,29,08:48:47.386,26.48,105,67.1,0.8510,4396.2,400.2,3.939,2.16,3.89,0.01,0.01,-662.0,1848.0,367.0,-25912.0,25279,1732,17.3,0.0,10864.0,0,0,0,e1f,d4e,d4a,d4a,d4a,1,1,1,1,1,0,0,0,0,1,1,1,0,0,1,1,1,0,0,1,0,1,0,1,1,0,0,0,1,0,1,0,0,1,0,1,0,1,1,0,0,0,1,0,1,0,0,1,0,1,0,1,1,0,0,0,1,0,1,0,0,1,0,1,0,1,1,0,0
2026,3,29,08:48:47.406,26.50,125,67.1,0.8511,4393.1,397.0,3.940,2.16,3.89,0.01,0.01,-663.0,1848.0,368.0,-25926.0,25316,1739,15.2,0.0,10867.0,0,0,0,e1f,d4e,d4a,d4a,d4a,1,1,1,1,1,0,0,0,0,1,1,1,0,0,1,1,1,0,0,1,0,1,0,1,1,0,0,0,1,0,1,0,0,1,0,1,0,1,1,0,0,0,1,0,1,0,0,1,0,1,0,1,1,0,0,0,1,0,1,0,0,1,0,1,0,1,1,0,0
2026,3,29,08:48:47.426,26.52,145,67.1,0.8511,4393.7,397.6,3.938,2.16,3.89,0.01,0.01,-663.0,1849.0,368.0,-25939.0,25353,1747,13.5,0.0,10869.0,0,0,0,e1f,d4e,d4a,d4a,d4a,1,1,1,1,1,0,0,0,0,1,1,1,0,0,1,1,1,0,0,1,0,1,0,1,1,0,0,0,1,0,1,0,0,1,0,1,0,1,1,0,0,0,1,0,1,0,0,1,0,1,0,1,1,0,0,0,1,0,1,0,0,1,0,1,0,1,1,0,0
2026,3,29,08:48:47.446,26.54,165,67.1,0.8508,4401.9,405.8,3.939,2.16,3.89,0.01,0.01,-664.0,1850.0,368.0,-25952.0,25390,1754,12.0,0.0,10872.0,0,0,0,e1f,d4e,d4a,d4a,d4e,1,1,1,1,1,0,0,0,0,1,1,1,0,0,1,1,1,0,0,1,0,1,0,1,1,0,0,0,1,0,1,0,0,1,0,1,0,1,1,0,0,0,1,0,1,0,0,1,0,1,0,1,1,0,0,0,1,1,1,0,0,1,0,1,0,1,1,0,0
2026,3,29,08:48:47.466,26.56,185,67.1,0.8508,4402.5,406.5,3.939,2.16,3.89,0.01,0.01,-664.0,1851.0,368.0,-25965.0,25427,1761,11.0,0.0,10875.0,0,0,0,e1f,d4e,d4a,d4a,d4e,1,1,1,1,1,0,0,0,0,1,1,1,0,0,1,1,1,0,0,1,0,1,0,1,1,0,0,0,1,0,1,0,0,1,0,1,0,1,1,0,0,0,1,0,1,0,0,1,0,1,0,1,1,0,0,0,1,1,1,0,0,1,0,1,0,1,1,0,0
2026,3,29,08:48:47.486,26.58,205,67.1,0.8502,4423.4,427.3,3.939,2.16,3.89,0.01,0.01,-664.0,1851.0,368.0,-25979.0,25464,1769,10.6,0.0,10877.0,0,0,0,e1f,d46,d42,d42,d46,1,1,1,1,1,0,0,0,0,1,1,1,0,0,1,1,0,0,0,1,0,1,0,1,1,0,0,0,1,0,0,0,0,1,0,1,0,1,1,0,0,0,1,0,0,0,0,1,0,1,0,1,1,0,0,0,1,1,0,0,0,1,0,1,0,1,1,0,0
2026,3,29,08:48:47.506,26.60,225,67.0,0.8501,4424.6,428.6,3.939,2.16,3.89,0.01,0.01,-665.0,1852.0,368.0,-25992.0,25501,1776,10.6,0.0,10880.0,0,0,0,e1f,d46,d42,d42,d46,1,1,1,1,1,0,0,0,0,1,1,1,0,0,1,1,0,0,0,1,0,1,0,1,1,0,0,0,1,0,0,0,0,1,0,1,0,1,1,0,0,0,1,0,0,0,0,1,0,1,0,1,1,0,0,0,1,1,0,0,0,1,0,1,0,1,1,0,0
2026,3,29,08:48:47.526,26.62,245,67.0,0.8497,4437.2,441.2,3.939,2.16,3.89,0.01,0.01,-665.0,1853.0,369.0,-26005.0,25538,1784,11.1,0.0,10882.0,0,0,0,e1f,d46,d42,d42,d46,1,1,1,1,1,0,0,0,0,1,1,1,0,0,1,1,0,0,0,1,0,1,0,1,1,0,0,0,1,0,0,0,0,1,0,1,0,1,1,0,0,0,1,0,0,0,0,1,0,1,0,1,1,0,0,0,1,1,0,0,0,1,0,1,0,1,1,0,0
2026,3,29,08:48:47.546,26.64,15,67.0,0.8497,4438.5,442.4,3.939,2.17,3.89,0.01,0.01,-665.0,1854.0,369.0,-26019.0,25575,1791,11.9,0.0,10885.0,0,0,0,e1f,d46,d42,d42,d46,1,1,1,1,1,0,0,0,0,1,1,1,0,0,1,1,0,0,0,1,0,1,0,1,1,0,0,0,1,0,0,0,0,1,0,1,0,1,1,0,0,0,1,0,0,0,0,1,0,1,0,1,1,0,0,0,1,1,0,0,0,1,0,1,0,1,1,0,0
2026,3,29,08:48:47.566,26.66,35,67.0,0.8489,4462.5,466.4,3.938,2.17,3.89,0.01,0.01,-665.0,1855.0,369.0,-26032.0,25612,1798,13.0,0.0,10887.0,0,0,0,e1f,d46,d42,d42,d46,1,1,1,1,1,0,0,0,0,1,1,1,0,0,1,1,0,0,0,1,0,1,0,1,1,0,0,0,1,0,0,0,0,1,0,1,0,1,1,0,0,0,1,0,0,0,0,1,0,1,0,1,1,0,0,0,1,1,0,0,0,1,0,1,0,1,1,0,0
2026,3,29,08:48:47.586,26.68,55,67.0,0.8489,4463.8,467.7,3.939,2.17,3.89,0.01,0.01,-666.0,1856.0,369.0,-26045.0,25650,1806,14.2,0.0,10890.0,0,0,0,e1f,d4e,d4a,d4a,d4e,1,1,1,1,1,0,0,0,0,1,1,1,0,0,1,1,1,0,0,1,0,1,0,1,1,0,0,0,1,0,1,0,0,1,0,1,0,1,1,0,0,0,1,0,1,0,0,1,0,1,0,1,1,0,0,0,1,1,1,0,0,1,0,1,0,1,1,0,0
2026,3,29,08:48:47.606,26.70,75,67.0,0.8481,4489.7,493.6,3.939,2.17,3.89,0.01,0.01,-666.0,1857.0,369.0,-26059.0,25687,1813,15.6,0.0,10892.0,0,0,0,e1f,d4e,d4a,d4a,d4e,1,1,1,1,1,0,0,0,0,1,1,1,0,0,1,1,1,0,0,1,0,1,0,1,1,0,0,0,1,0,1,0,0,1,0,1,0,1,1,0,0,0,1,0,1,0,0,1,0,1,0,1,1,0,0,0,1,1,1,0,0,1,0,1,0,1,1,0,0
2026,3,29,08:48:47.626,26.72,95,66.9,0.8480,4491.0,494.9,3.939,2.17,3.89,0.01,0.01,-666.0,1858.0,370.0,-26072.0,25724,1820,17.1,0.0,10895.0,0,0,0,e1f,d4e,d4a,d4a,d4a,1,1,1,1,1,0,0,0,0,1,1,1,0,0,1,1,1,0,0,1,0,1,0,1,1,0,0,0,1,0,1,0,0,1,0,1,0,1,1,0,0,0,1,0,1,0,0,1,0,1,0,1,1,0,0,0,1,0,1,0,0,1,0,1,0,1,1,0,0
2026,3,29,08:48:47.646,26.74,115,66.9,0.8474,4509.9,513.9,3.939,2.17,3.89,0.01,0.01,-666.0,1858.0,370.0,-26085.0,25761,1828,18.7,0.0,10897.0,0,0,0,e1f,d4e,d4a,d4a,d4a,1,1,1,1,1,0,0,0,0,1,1,1,0,0,1,1,1,0,0,1,0,1,0,1,1,0,0,0,1,0,1,0,0,1,0,1,0,1,1,0,0,0,1,0,1,0,0,1,0,1,0,1,1,0,0,0,1,0,1,0,0,1,0,1,0,1,1,0,0
2026,3,29,08:48:47.666,26.76,135,66.9,0.8474,4511.8,515.8,3.940,2.17,3.89,0.01,0.01,-667.0,1859.0,370.0,-26099.0,25798,1835,20.4,0.0,10900.0,0,0,0,e1f,d4e,d4a,d4a,d4a,1,1,1,1,1,0,0,0,0,1,1,1,0,0,1,1,1,0,0,1,0,1,0,1,1,0,0,0,1,0,1,0,0,1,0,1,0,1,1,0,0,0,1,0,1,0,0,1,0,1,0,1,1,0,0,0,1,0,1,0,0,1,0,1,0,1,1,0,0
2026,3,29,08:48:47.686,26.78,155,66.9,0.8464,4541.0,544.9,3.939,2.17,3.89,0.01,0.01,-667.0,1860.0,370.0,-26112.0,25835,1843,22.2,0.0,10902.0,0,0,0,e1f,d4e,d4a,d4a,d4a,1,1,1,1,1,0,0,0,0,1,1,1,0,0,1,1,1,0,0,1,0,1,0,1,1,0,0,0,1,0,1,0,0,1,0,1,0,1,1,0,0,0,1,0,1,0,0,1,0,1,0,1,1,0,0,0,1,0,1,0,0,1,0,1,0,1,1,0,0
2026,3,29,08:48:47.706,26.80,175,66.9,0.8464,4541.6,545.5,3.939,2.17,3.89,0.01,0.01,-667.0,1861.0,370.0,-26125.0,25873,1850,24.1,0.0,10904.0,0,0,0,e1f,d4e,d4a,d4a,d4a,1,1,1,1,1,0,0,0,0,1,1,1,0,0,1,1,1,0,0,1,0,1,0,1,1,0,0,0,1,0,1,0,0,1,0,1,0,1,1,0,0,0,1,0,1,0,0,1,0,1,0,1,1,0,0,0,1,0,1,0,0,1,0,1,0,1,1,0,0
2026,3,29,08:48:47.726,26.82,195,66.9,0.8457,4564.4,568.3,3.940,2.17,3.89,0.01,0.01,-668.0,1861.0,371.0,-26139.0,25910,1858,26.2,0.0,10907.0,0,0,0,e1f,d4e,d4a,d4a,d4a,1,1,1,1,1,0,0,0,0,1,1,1,0,0,1,1,1,0,0,1,0,1,0,1,1,0,0,0,1,0,1,0,0,1,0,1,0,1,1,0,0,0,1,0,1,0,0,1,0,1,0,1,1,0,0,0,1,0,1,0,0,1,0,1,0,1,1,0,0
2026,3,29,08:48:47.746,26.84,215,66.8,0.8457,4565.7,569.6,3.939,2.17,3.89,0.01,0.01,-668.0,1862.0,371.0,-26152.0,25947,1865,28.5,0.0,10909.0,0,0,0,e1f,d4e,d4a,d4a,d4a,1,1,1,1,1,0,0,0,0,1,1,1,0,0,1,1,1,0,0,1,0,1,0,1,1,0,0,0,1,0,1,0,0,1,0,1,0,1,1,0,0,0,1,0,1,0,0,1,0,1,0,1,1,0,0,0,1,0,1,0,0,1,0,1,0,1,1,0,0
2026,3,29,08:48:47.766,26.86,235,66.8,0.8452,4579.0,582.9,3.938,2.17,3.89,0.01,0.01,-669.0,1862.0,371.0,-26165.0,25984,1872,30.9,0.0,10912.0,0,0,0,e1f,d4e,d4a,d4a,d4a,1,1,1,1,1,0,0,0,0,1,1,1,0,0,1,1,1,0,0,1,0,1,0,1,1,0,0,0,1,0,1,0,0,1,0,1,0,1,1,0,0,0,1,0,1,0,0,1,0,1,0,1,1,0,0,0,1,0,1,0,0,1,0,1,0,1,1,0,0
2026,3,29,08:48:47.786,26.88,5,66.8,0.8452,4579.6,583.6,3.939,2.17,3.89,0.01,0.01,-670.0,1863.0,371.0,-26179.0,26022,1880,33.4,0.0,10914.0,0,0,0,e1f,d4e,d4a,d4a,d4a,1,1,1,1,1,0,0,0,0,1,1,1,0,0,1,1,1,0,0,1,0,1,0,1,1,0,0,0,1,0,1,0,0,1,0,1,0,1,1,0,0,0,1,0,1,0,0,1,0,1,0,1,1,0,0,0,1,0,1,0,0,1,0,1,0,1,1,0,0
2026,3,29,08:48:47.806,26.90,25,66.8,0.8444,4606.9,610.8,3.939,2.17,3.89,0.01,0.01,-670.0,1863.0,370.0,-26192.0,26059,1887,36.1,0.0,10917.0,0,0,0,e1f,d4e,d4a,d4a,d4a,1,1,1,1,1,0,0,0,0,1,1,1,0,0,1,1,1,0,0,1,0,1,0,1,1,0,0,0,1,0,1,0,0,1,0,1,0,1,1,0,0,0,1,0,1,0,0,1,0,1,0,1,1,0,0,0,1,0,1,0,0,1,0,1,0,1,1,0,0
2026,3,29,08:48:47.826,26.92,45,66.8,0.8443,4608.2,612.1,3.939,2.17,3.89,0.01,0.01,-671.0,1863.0,370.0,-26206.0,26096,1895,38.9,0.0,10919.0,0,0,0,e1f,d4e,d4a,d4a,d4a,1,1,1,1,1,0,0,0,0,1,1,1,0,0,1,1,1,0,0,1,0,1,0,1,1,0,0,0,1,0,1,0,0,1,0,1,0,1,1,0,0,0,1,0,1,0,0,1,0,1,0,1,1,0,0,0,1,0,1,0,0,1,0,1,0,1,1,0,0
2026,3,29,08:48:47.846,26.94,65,66.8,0.8440,4619.6,623.5,3.939,2.17,3.89,0.01,0.01,-672.0,1864.0,370.0,-26219.0,26133,1902,41.9,0.0,10922.0,0,0,0,e1f,d4e,d4a,d4a,d4a,1,1,1,1,1,0,0,0,0,1,1,1,0,0,1,1,1,0,0,1,0,1,0,1,1,0,0,0,1,0,1,0,0,1,0,1,0,1,1,0,0,0,1,0,1,0,0,1,0,1,0,1,1,0,0,0,1,0,1,0,0,1,0,1,0,1,1,0,0
2026,3,29,08:48:47.866,26.96,85,66.8,0.8440,4619.6,623.5,3.939,2.17,3.89,0.01,0.01,-673.0,1864.0,370.0,-26232.0,26171,1909,45.0,0.0,10924.0,0,0,0,e1f,d4e,d4a,d4a,d4a,1,1,1,1,1,0,0,0,0,1,1,1,0,0,1,1,1,0,0,1,0,1,0,1,1,0,0,0,1,0,1,0,0,1,0,1,0,1,1,0,0,0,1,0,1,0,0,1,0,1,0,1,1,0,0,0,1,0,1,0,0,1,0,1,0,1,1,0,0
2026,3,29,08:48:47.886,26.98,105,66.8,0.8442,4613.3,617.2,3.940,2.17,3.89,0.01,0.01,-674.0,1864.0,370.0,-26246.0,26208,1917,48.3,0.0,10927.0,0,0,0,e1f,d4e,d4a,d4a,d4a,1,1,1,1,1,0,0,0,0,1,1,1,0,0,1,1,1,0,0,1,0,1,0,1,1,0,0,0,1,0,1,0,0,1,0,1,0,1,1,0,0,0,1,0,1,0,0,1,0,1,0,1,1,0,0,0,1,0,1,0,0,1,0,1,0,1,1,0,0
2026,3,29,08:48:47.906,27.00,125,66.8,0.8441,4613.9,617.8,3.939,2.17,3.89,0.01,0.01,-674.0,1865.0,369.0,-26259.0,26245,1924,51.7,0.0,10929.0,0,0,0,e1f,d4e,d4a,d4a,d4a,1,1,1,1,1,0,0,0,0,1,1,1,0,0,1,1,1,0,0,1,0,1,0,1,1,0,0,0,1,0,1,0,0,1,0,1,0,1,1,0,0,0,1,0,1,0,0,1,0,1,0,1,1,0,0,0,1,0,1,0,0,1,0,1,0,1,1,0,0
2026,3,29,08:48:47.926,27.02,145,66.8,0.8439,4621.5,625.4,3.940,2.17,3.89,0.01,0.01,-675.0,1865.0,369.0,-26273.0,26283,1932,55.3,0.0,10932.0,0,0,0,e1f,d4e,d4a,d4a,d4a,1,1,1,1,1,0,0,0,0,1,1,1,0,0,1,1,1,0,0,1,0,1,0,1,1,0,0,0,1,0,1,0,0,1,0,1,0,1,1,0,0,0,1,0,1,0,0,1,0,1,0,1,1,0,0,0,1,0,1,0,0,1,0,1,0,1,1,0,0
2026,3,29,08:48:47.946,27.04,165,66.8,0.8439,4621.5,625.4,3.939,2.17,3.89,0.01,0.01,-676.0,1866.0,369.0,-26286.0,26320,1939,58.9,0.0,10935.0,0,0,0,e1f,d4e,d4a,d4a,d4a,1,1,1,1,1,0,0,0,0,1,1,1,0,0,1,1,1,0,0,1,0,1,0,1,1,0,0,0,1,0,1,0,0,1,0,1,0,1,1,0,0,0,1,0,1,0,0,1,0,1,0,1,1,0,0,0,1,0,1,0,0,1,0,1,0,1,1,0,0
2026,3,29,08:48:47.966,27.06,185,66.8,0.8439,4620.2,624.2,3.939,2.17,3.89,0.01,0.01,-676.0,1866.0,368.0,-26300.0,26357,1946,62.6,0.0,10938.0,0,0,0,e1f,d4e,d4a,d4a,d4a,1,1,1,1,1,0,0,0,0,1,1,1,0,0,1,1,1,0,0,1,0,1,0,1,1,0,0,0,1,0,1,0,0,1,0,1,0,1,1,0,0,0,1,0,1,0,0,1,0,1,0,1,1,0,0,0,1,0,1,0,0,1,0,1,0,1,1,0,0
2026,3,29,08:48:47.986,27.08,205,66.8,0.8440,4619.6,623.5,3.940,2.17,3.89,0.01,0.01,-677.0,1867.0,367.0,-26314.0,26395,1954,66.4,0.0,10942.0,0,0,0,e1f,d4e,d4a,d4a,d4a,1,1,1,1,1,0,0,0,0,1,1,1,0,0,1,1,1,0,0,1,0,1,0,1,1,0,0,0,1,0,1,0,0,1,0,1,0,1,1,0,0,0,1,0,1,0,0,1,0,1,0,1,1,0,0,0,1,0,1,0,0,1,0,1,0,1,1,0,0
2026,3,29,08:48:48.006,27.10,225,66.8,0.8443,4608.2,612.1,3.939,2.17,3.89,0.01,0.01,-677.0,1867.0,367.0,-26327.0,26432,1961,70.3,0.0,10946.0,0,0,0,e1f,d4e,d4a,d4a,d4a,1,1,1,1,1,0,0,0,0,1,1,1,0,0,1,1,1,0,0,1,0,1,0,1,1,0,0,0,1,0,1,0,0,1,0,1,0,1,1,0,0,0,1,0,1,0,0,1,0,1,0,1,1,0,0,0,1,0,1,0,0,1,0,1,0,1,1,0,0
2026,3,29,08:48:48.026,27.12,245,66.8,0.8443,4607.5,611.5,3.940,2.17,3.89,0.01,0.01,-678.0,1868.0,366.0,-26341.0,26469,1969,74.2,0.0,10950.0,0,0,0,e1f,d4e,d4a,d4a,d4a,1,1,1,1,1,0,0,0,0,1,1,1,0,0,1,1,1,0,0,1,0,1,0,1,1,0,0,0,1,0,1,0,0,1,0,1,0,1,1,0,0,0,1,0,1,0,0,1,0,1,0,1,1,0,0,0,1,0,1,0,0,1,0,1,0,1,1,0,0
2026,3,29,08:48:48.046,27.14,15,66.8,0.8450,4586.0,589.9,3.940,2.17,3.89,0.01,0.01,-678.0,1868.0,366.0,-26354.0,26507,1976,78.1,0.0,10954.0,0,0,0,e1f,d4e,d4a,d4a,d4a,1,1,1,1,1,0,0,0,0,1,1,1,0,0,1,1,1,0,0,1,0,1,0,1,1,0,0,0,1,0,1,0,0,1,0,1,0,1,1,0,0,0,1,0,1,0,0,1,0,1,0,1,1,0,0,0,1,0,1,0,0,1,0,1,0,1,1,0,0
2026,3,29,08:48:48.066,27.16,35,66.9,0.8451,4584.1,588.0,3.939,2.17,3.89,0.01,0.01,-678.0,1869.0,365.0,-26368.0,26544,1983,81.9,0.0,10960.0,0,0,0,e1f,d4e,d4a,d4a,d4a,1,1,1,1,1,0,0,0,0,1,1,1,0,0,1,1,1,0,0,1,0,1,0,1,1,0,0,0,1,0,1,0,0,1,0,1,0,1,1,0,0,0,1,0,1,0,0,1,0,1,0,1,1,0,0,0,1,0,1,0,0,1,0,1,0,1,1,0,0
2026,3,29,08:48:48.086,27.18,55,66.9,0.8466,4537.2,541.1,3.939,2.17,3.89,0.01,0.01,-678.0,1869.0,364.0,-26381.0,26581,1990,85.8,0.0,10966.0,0,0,0,e1f,d4e,d4a,d4a,d4a,1,1,1,1,1,0,0,0,0,1,1,1,0,0,1,1,1,0,0,1,0,1,0,1,1,0,0,0,1,0,1,0,0,1,0,1,0,1,1,0,0,0,1,0,1,0,0,1,0,1,0,1,1,0,0,0,1,0,1,0,0,1,0,1,0,1,1,0,0
2026,3,29,08:48:48.106,27.20,75,66.9,0.8466,4535.3,539.2,3.939,2.17,3.89,0.01,0.01,-678.0,1870.0,364.0,-26395.0,26619,1998,89.6,0.0,10972.0,0,0,0,e1f,d4e,d4a,d4a,d4a,1,1,1,1,1,0,0,0,0,1,1,1,0,0,1,1,1,0,0,1,0,1,0,1,1,0,0,0,1,0,1,0,0,1,0,1,0,1,1,0,0,0,1,0,1,0,0,1,0,1,0,1,1,0,0,0,1,0,1,0,0,1,0,1,0,1,1,0,0
2026,3,29,08:48:48.126,27.22,95,66.9,0.8482,4486.5,490.5,3.940,2.17,3.89,0.01,0.01,-678.0,1870.0,363.0,-26409.0,26656,2005,93.3,0.0,10979.0,0,0,0,e1f,d4e,d4a,d4a,d4a,1,1,1,1,1,0,0,0,0,1,1,1,0,0,1,1,1,0,0,1,0,1,0,1,1,0,0,0,1,0,1,0,0,1,0,1,0,1,1,0,0,0,1,0,1,0,0,1,0,1,0,1,1,0,0,0,1,0,1,0,0,1,0,1,0,1,1,0,0
2026,3,29,08:48:48.146,27.24,115,67.0,0.8482,4484.6,488.6,3.939,2.17,3.89,0.01,0.01,-678.0,1871.0,363.0,-26422.0,26694,2012,97.0,0.0,10985.0,0,0,0,e1f,d4a,d4a,d4a,d4a,1,1,1,1,1,0,0,0,0,1,1,1,0,0,1,0,1,0,0,1,0,1,0,1,1,0,0,0,1,0,1,0,0,1,0,1,0,1,1,0,0,0,1,0,1,0,0,1,0,1,0,1,1,0,0,0,1,0,1,0,0,1,0,1,0,1,1,0,0
2026,3,29,08:48:48.166,27.26,135,67.0,0.8496,4442.3,446.2,3.939,2.18,3.89,0.01,0.01,-677.0,1871.0,362.0,-26436.0,26731,2020,100.6,0.0,10991.0,0,0,0,e1f,d4a,d4a,d4a,d4a,1,1,1,1,1,0,0,0,0,1,1,1,0,0,1,0,1,0,0,1,0,1,0,1,1,0,0,0,1,0,1,0,0,1,0,1,0,1,1,0,0,0,1,0,1,0,0,1,0,1,0,1,1,0,0,0,1,0,1,0,0,1,0,1,0,1,1,0,0
2026,3,29,08:48:48.186,27.28,155,67.0,0.8496,4441.0,445.0,3.940,2.18,3.89,0.01,0.01,-677.0,1872.0,362.0,-26449.0,26769,2027,104.2,0.0,10997.0,0,0,0,e1f,d4a,d4a,d4a,d4a,1,1,1,1,1,0,0,0,0,1,1,1,0,0,1,0,1,0,0,1,0,1,0,1,1,0,0,0,1,0,1,0,0,1,0,1,0,1,1,0,0,0,1,0,1,0,0,1,0,1,0,1,1,0,0,0,1,0,1,0,0,1,0,1,0,1,1,0,0
2026,3,29,08:48:48.206,27.30,175,67.0,0.8506,4408.2,412.1,3.940,2.18,3.89,0.01,0.01,-677.0,1872.0,362.0,-26463.0,26806,2034,107.7,0.0,11002.0,0,0,0,e1f,d4a,d4a,d4a,d4a,1,1,1,1,1,0,0,0,0,1,1,1,0,0,1,0,1,0,0,1,0,1,0,1,1,0,0,0,1,0,1,0,0,1,0,1,0,1,1,0,0,0,1,0,1,0,0,1,0,1,0,1,1,0,0,0,1,0,1,0,0,1,0,1,0,1,1,0,0
2026,3,29,08:48:48.226,27.32,195,67.1,0.8506,4408.2,412.1,3.939,2.18,3.89,0.01,0.01,-677.0,1872.0,362.0,-26476.0,26843,2041,111.1,0.0,11006.0,0,0,0,e1f,d4a,d4a,d4a,d4a,1,1,1,1,1,0,0,0,0,1,1,1,0,0,1,0,1,0,0,1,0,1,0,1,1,0,0,0,1,0,1,0,0,1,0,1,0,1,1,0,0,0,1,0,1,0,0,1,0,1,0,1,1,0,0,0,1,0,1,0,0,1,0,1,0,1,1,0,0
2026,3,29,08:48:48.246,27.34,215,67.1,0.8503,4419.6,423.5,3.939,2.18,3.89,0.01,0.01,-676.0,1872.0,362.0,-26490.0,26881,2049,114.4,0.0,11011.0,0,0,0,e1f,d4a,d4a,d4a,d4a,1,1,1,1,1,0,0,0,0,1,1,1,0,0,1,0,1,0,0,1,0,1,0,1,1,0,0,0,1,0,1,0,0,1,0,1,0,1,1,0,0,0,1,0,1,0,0,1,0,1,0,1,1,0,0,0,1,0,1,0,0,1,0,1,0,1,1,0,0
2026,3,29,08:48:48.266,27.36,235,67.1,0.8503,4418.3,422.2,3.939,2.18,3.89,0.01,0.01,-676.0,1873.0,362.0,-26503.0,26918,2056,117.7,0.0,11016.0,0,0,0,e1f,d4a,d4a,d4a,d4a,1,1,1,1,1,0,0,0,0,1,1,1,0,0,1,0,1,0,0,1,0,1,0,1,1,0,0,0,1,0,1,0,0,1,0,1,0,1,1,0,0,0,1,0,1,0,0,1,0,1,0,1,1,0,0,0,1,0,1,0,0,1,0,1,0,1,1,0,0
2026,3,29,08:48:48.286,27.38,5,67.1,0.8510,4397.5,401.4,3.939,2.18,3.89,0.01,0.01,-676.0,1873.0,362.0,-26517.0,26956,2063,120.8,0.0,11020.0,0,0,0,e1f,d4a,d4a,d4a,d4a,1,1,1,1,1,0,0,0,0,1,1,1,0,0,1,0,1,0,0,1,0,1,0,1,1,0,0,0,1,0,1,0,0,1,0,1,0,1,1,0,0,0,1,0,1,0,0,1,0,1,0,1,1,0,0,0,1,0,1,0,0,1,0,1,0,1,1,0,0
2026,3,29,08:48:48.306,27.40,25,67.1,0.8510,4397.5,401.4,3.940,2.18,3.89,0.01,0.01,-675.0,1873.0,362.0,-26530.0,26993,2070,123.8,0.0,11025.0,0,0,0,e1f,d4a,d4a,d4a,d4a,1,1,1,1,1,0,0,0,0,1,1,1,0,0,1,0,1,0,0,1,0,1,0,1,1,0,0,0,1,0,1,0,0,1,0,1,0,1,1,0,0,0,1,0,1,0,0,1,0,1,0,1,1,0,0,0,1,0,1,0,0,1,0,1,0,1,1,0,0
2026,3,29,08:48:48.326,27.42,45,67.1,0.8512,4389.3,393.2,3.939,2.18,3.89,0.01,0.01,-675.0,1874.0,362.0,-26544.0,27031,2078,126.5,0.0,11030.0,0,0,0,e1f,d4a,d4a,d4a,d4a,1,1,1,1,1,0,0,0,0,1,1,1,0,0,1,0,1,0,0,1,0,1,0,1,1,0,0,0,1,0,1,0,0,1,0,1,0,1,1,0,0,0,1,0,1,0,0,1,0,1,0,1,1,0,0,0,1,0,1,0,0,1,0,1,0,1,1,0,0
2026,3,29,08:48:48.346,27.44,65,67.1,0.8512,4389.3,393.2,3.939,2.18,3.89,0.01,0.01,-674.0,1874.0,363.0,-26557.0,27068,2085,129.1,0.0,11035.0,0,0,0,e1f,d4a,d4a,d4a,d4a,1,1,1,1,1,0,0,0,0,1,1,1,0,0,1,0,1,0,0,1,0,1,0,1,1,0,0,0,1,0,1,0,0,1,0,1,0,1,1,0,0,0,1,0,1,0,0,1,0,1,0,1,1,0,0,0,1,0,1,0,0,1,0,1,0,1,1,0,0
2026,3,29,08:48:48.366,27.46,85,67.1,0.8516,4379.2,383.1,3.939,2.18,3.89,0.01,0.01,-674.0,1874.0,363.0,-26571.0,27106,2092,131.5,0.0,11040.0,0,0,0,e1f,d4a,d4a,d4a,d4a,1,1,1,1,1,0,0,0,0,1,1,1,0,0,1,0,1,0,0,1,0,1,0,1,1,0,0,0,1,0,1,0,0,1,0,1,0,1,1,0,0,0,1,0,1,0,0,1,0,1,0,1,1,0,0,0,1,0,1,0,0,1,0,1,0,1,1,0,0
2026,3,29,08:48:48.386,27.48,105,67.1,0.8515,4379.8,383.8,3.939,2.18,3.89,0.01,0.01,-674.0,1874.0,364.0,-26584.0,27143,2099,133.7,0.0,11046.0,0,0,0,e1f,d4a,d4a,d4a,d4a,1,1,1,1,1,0,0,0,0,1,1,1,0,0,1,0,1,0,0,1,0,1,0,1,1,0,0,0,1,0,1,0,0,1,0,1,0,1,1,0,0,0,1,0,1,0,0,1,0,1,0,1,1,0,0,0,1,0,1,0,0,1,0,1,0,1,1,0,0
2026,3,29,08:48:48.406,27.50,125,67.1,0.8521,4362.2,366.1,3.939,2.18,3.89,0.01,0.01,-674.0,1875.0,364.0,-26598.0,27181,2107,135.8,0.0,11052.0,0,0,0,e1f,d4a,d4a,d4a,d4a,1,1,1,1,1,0,0,0,0,1,1,1,0,0,1,0,1,0,0,1,0,1,0,1,1,0,0,0,1,0,1,0,0,1,0,1,0,1,1,0,0,0,1,0,1,0,0,1,0,1,0,1,1,0,0,0,1,0,1,0,0,1,0,1,0,1,1,0,0
2026,3,29,08:48:48.426,27.52,145,67.1,0.8521,4361.6,365.5,3.939,2.18,3.89,0.01,0.01,-674.0,1875.0,365.0,-26611.0,27218,2114,137.7,0.0,11059.0,0,0,0,e1f,d4a,d4a,d4a,d4a,1,1,1,1,1,0,0,0,0,1,1,1,0,0,1,0,1,0,0,1,0,1,0,1,1,0,0,0,1,0,1,0,0,1,0,1,0,1,1,0,0,0,1,0,1,0,0,1,0,1,0,1,1,0,0,0,1,0,1,0,0,1,0,1,0,1,1,0,0
2026,3,29,08:48:48.446,27.54,165,67.1,0.8528,4340.8,344.7,3.940,2.18,3.89,0.01,0.01,-674.0,1875.0,365.0,-26625.0,27256,2121,139.5,0.0,11065.0,0,0,0,e1f,d4a,d4a,d4a,d4a,1,1,1,1,1,0,0,0,0,1,1,1,0,0,1,0,1,0,0,1,0,1,0,1,1,0,0,0,1,0,1,0,0,1,0,1,0,1,1,0,0,0,1,0,1,0,0,1,0,1,0,1,1,0,0,0,1,0,1,0,0,1,0,1,0,1,1,0,0
2026,3,29,08:48:48.466,27.56,185,67.1,0.8528,4340.8,344.7,3.940,2.18,3.89,0.01,0.01,-674.0,1875.0,366.0,-26638.0,27293,2129,141.2,0.0,11071.0,0,0,0,e1f,d4a,d4a,d4a,d4a,1,1,1,1,1,0,0,0,0,1,1,1,0,0,1,0,1,0,0,1,0,1,0,1,1,0,0,0,1,0,1,0,0,1,0,1,0,1,1,0,0,0,1,0,1,0,0,1,0,1,0,1,1,0,0,0,1,0,1,0,0,1,0,1,0,1,1,0,0
2026,3,29,08:48:48.486,27.58,205,67.1,0.8528,4340.8,344.7,3.940,2.18,3.89,0.01,0.01,-674.0,1875.0,366.0,-26652.0,27331,2136,142.7,0.0,11077.0,0,0,0,e1f,d4a,d4a,d4a,d4a,1,1,1,1,1,0,0,0,0,1,1,1,0,0,1,0,1,0,0,1,0,1,0,1,1,0,0,0,1,0,1,0,0,1,0,1,0,1,1,0,0,0,1,0,1,0,0,1,0,1,0,1,1,0,0,0,1,0,1,0,0,1,0,1,0,1,1,0,0
2026,3,29,08:48:48.506,27.60,225,67.1,0.8528,4340.8,344.7,3.940,2.18,3.89,0.01,0.01,-674.0,1875.0,367.0,-26665.0,27368,2143,144.2,0.0,11083.0,0,0,0,e1f,d4a,d4a,d4a,d4a,1,1,1,1,1,0,0,0,0,1,1,1,0,0,1,0,1,0,0,1,0,1,0,1,1,0,0,0,1,0,1,0,0,1,0,1,0,1,1,0,0,0,1,0,1,0,0,1,0,1,0,1,1,0,0,0,1,0,1,0,0,1,0,1,0,1,1,0,0
2026,3,29,08:48:48.526,27.62,245,67.1,0.8537,4313.1,317.0,3.940,2.18,3.89,0.01,0.01,-675.0,1875.0,367.0,-26679.0,27406,2151,145.6,0.0,11088.0,0,0,0,e1f,d4a,d4a,d4a,d4a,1,1,1,1,1,0,0,0,0,1,1,1,0,0,1,0,1,0,0,1,0,1,0,1,1,0,0,0,1,0,1,0,0,1,0,1,0,1,1,0,0,0,1,0,1,0,0,1,0,1,0,1,1,0,0,0,1,0,1,0,0,1,0,1,0,1,1,0,0
2026,3,29,08:48:48.546,27.64,15,67.1,0.8537,4313.1,317.0,3.940,2.18,3.89,0.01,0.01,-675.0,1875.0,367.0,-26692.0,27443,2158,147.0,0.0,11092.0,0,0,0,e1f,d4a,d4a,d4a,d4a,1,1,1,1,1,0,0,0,0,1,1,1,0,0,1,0,1,0,0,1,0,1,0,1,1,0,0,0,1,0,1,0,0,1,0,1,0,1,1,0,0,0,1,0,1,0,0,1,0,1,0,1,1,0,0,0,1,0,1,0,0,1,0,1,0,1,1,0,0
2026,3,29,08:48:48.566,27.66,35,67.1,0.8538,4308.7,312.6,3.939,2.18,3.89,0.01,0.01,-675.0,1876.0,368.0,-26706.0,27481,2165,148.3,0.0,11097.0,0,0,0,e1f,d4a,d4a,d4a,d4a,1,1,1,1,1,0,0,0,0,1,1,1,0,0,1,0,1,0,0,1,0,1,0,1,1,0,0,0,1,0,1,0,0,1,0,1,0,1,1,0,0,0,1,0,1,0,0,1,0,1,0,1,1,0,0,0,1,0,1,0,0,1,0,1,0,1,1,0,0
2026,3,29,08:48:48.586,27.68,55,67.1,0.8538,4308.7,312.6,3.940,2.18,3.89,0.01,0.01,-676.0,1876.0,368.0,-26719.0,27518,2173,149.6,0.0,11101.0,0,0,0,e1f,d4a,d4a,d4a,d4a,1,1,1,1,1,0,0,0,0,1,1,1,0,0,1,0,1,0,0,1,0,1,0,1,1,0,0,0,1,0,1,0,0,1,0,1,0,1,1,0,0,0,1,0,1,0,0,1,0,1,0,1,1,0,0,0,1,0,1,0,0,1,0,1,0,1,1,0,0
2026,3,29,08:48:48.606,27.70,75,67.1,0.8543,4293.6,297.5,3.940,2.18,3.89,0.01,0.01,-676.0,1877.0,368.0,-26733.0,27556,2180,150.9,0.0,11105.0,0,0,0,e1f,d4a,d4a,d4a,d4a,1,1,1,1,1,0,0,0,0,1,1,1,0,0,1,0,1,0,0,1,0,1,0,1,1,0,0,0,1,0,1,0,0,1,0,1,0,1,1,0,0,0,1,0,1,0,0,1,0,1,0,1,1,0,0,0,1,0,1,0,0,1,0,1,0,1,1,0,0
2026,3,29,08:48:48.626,27.72,95,67.1,0.8543,4293.6,297.5,3.940,2.18,3.89,0.01,0.01,-676.0,1877.0,369.0,-26747.0,27593,2187,152.1,0.0,11109.0,0,0,0,e1f,d4a,d4a,d4a,d4a,1,1,1,1,1,0,0,0,0,1,1,1,0,0,1,0,1,0,0,1,0,1,0,1,1,0,0,0,1,0,1,0,0,1,0,1,0,1,1,0,0,0,1,0,1,0,0,1,0,1,0,1,1,0,0,0,1,0,1,0,0,1,0,1,0,1,1,0,0
2026,3,29,08:48:48.646,27.74,115,67.1,0.8542,4296.7,300.7,3.940,2.18,3.89,0.01,0.01,-677.0,1878.0,369.0,-26760.0,27631,2195,153.2,0.0,11114.0,0,0,0,e1f,d4a,d4a,d4a,d4a,1,1,1,1,1,0,0,0,0,1,1,1,0,0,1,0,1,0,0,1,0,1,0,1,1,0,0,0,1,0,1,0,0,1,0,1,0,1,1,0,0,0,1,0,1,0,0,1,0,1,0,1,1,0,0,0,1,0,1,0,0,1,0,1,0,1,1,0,0
2026,3,29,23:17:04.087,27.76,128,59.0,0.9756,681.4,-3314.7,4.068,1.66,2.38,0.01,0.01,-419.0,-48.0,1420.0,-15669.0,-2483,-12525,144.7,0.0,53.0,0,0,0,eff,cc9,cc9,cc9,cc9,1,1,1,1,1,1,1,1,0,1,1,1,0,1,0,0,1,0,0,1,1,0,0,1,1,0,0,1,0,0,1,0,0,1,1,0,0,1,1,0,0,1,0,0,1,0,0,1,1,0,0,1,1,0,0,1,0,0,1,0,0,1,1,0,0,1,1,0,0
2026,3,29,23:17:04.107,27.78,148,59.0,0.9756,681.4,-3314.7,4.067,1.66,2.38,0.01,0.01,-419.0,-48.0,1421.0,-15677.0,-2484,-12497,144.7,0.0,53.0,0,0,0,eff,cc9,cc9,cc9,cc9,1,1,1,1,1,1,1,1,0,1,1,1,0,1,0,0,1,0,0,1,1,0,0,1,1,0,0,1,0,0,1,0,0,1,1,0,0,1,1,0,0,1,0,0,1,0,0,1,1,0,0,1,1,0,0,1,0,0,1,0,0,1,1,0,0,1,1,0,0
2026,3,29,23:17:04.127,27.80,168,59.0,0.9756,681.4,-3314.7,4.067,1.66,2.38,0.01,0.01,-419.0,-48.0,1421.0,-15686.0,-2485,-12468,144.7,0.0,53.0,0,0,0,eff,cc9,cc9,cc9,cc9,1,1,1,1,1,1,1,1,0,1,1,1,0,1,0,0,1,0,0,1,1,0,0,1,1,0,0,1,0,0,1,0,0,1,1,0,0,1,1,0,0,1,0,0,1,0,0,1,1,0,0,1,1,0,0,1,0,0,1,0,0,1,1,0,0,1,1,0,0
2026,3,29,23:17:04.147,27.82,188,59.0,0.9756,681.4,-3314.7,4.067,1.66,2.38,0.01,0.01,-419.0,-48.0,1422.0,-15694.0,-2486,-12440,144.7,0.0,53.0,0,0,0,eff,cc9,cc9,cc9,cc9,1,1,1,1,1,1,1,1,0,1,1,1,0,1,0,0,1,0,0,1,1,0,0,1,1,0,0,1,0,0,1,0,0,1,1,0,0,1,1,0,0,1,0,0,1,0,0,1,1,0,0,1,1,0,0,1,0,0,1,0,0,1,1,0,0,1,1,0,0
2026,3,29,08:48:44.826,27.84,45,67.1,0.8433,4639.9,643.9,3.939,2.08,3.89,0.01,0.01,-657.0,1800.0,341.0,-24223.0,20600,836,36.4,0.0,10531.0,0,0,0,e1f,d4e,d4a,d4a,d4a,1,1,1,1,1,0,0,0,0,1,1,1,0,0,1,1,1,0,0,1,0,1,0,1,1,0,0,0,1,0,1,0,0,1,0,1,0,1,1,0,0,0,1,0,1,0,0,1,0,1,0,1,1,0,0,0,1,0,1,0,0,1,0,1,0,1,1,0,0
2026,3,29,08:48:44.846,27.86,65,67.1,0.8428,4655.8,659.8,3.939,2.08,3.89,0.01,0.01,-656.0,1800.0,341.0,-24236.0,20636,842,36.9,0.0,10534.0,0,0,0,e1f,d4e,d4a,d4a,d4a,1,1,1,1,1,0,0,0,0,1,1,1,0,0,1,1,1,0,0,1,0,1,0,1,1,0,0,0,1,0,1,0,0,1,0,1,0,1,1,0,0,0,1,0,1,0,0,1,0,1,0,1,1,0,0,0,1,0,1,0,0,1,0,1,0,1,1,0,0
2026,3,29,08:48:44.866,27.88,85,67.0,0.8428,4657.1,661.0,3.940,2.08,3.89,0.01,0.01,-656.0,1800.0,341.0,-24250.0,20672,849,37.2,0.0,10537.0,0,0,0,e1f,d4e,d4a,d4a,d4a,1,1,1,1,1,0,0,0,0,1,1,1,0,0,1,1,1,0,0,1,0,1,0,1,1,0,0,0,1,0,1,0,0,1,0,1,0,1,1,0,0,0,1,0,1,0,0,1,0,1,0,1,1,0,0,0,1,0,1,0,0,1,0,1,0,1,1,0,0
2026,3,29,08:48:44.886,27.90,105,67.0,0.8422,4674.9,678.8,3.939,2.08,3.89,0.01,0.01,-656.0,1800.0,341.0,-24263.0,20708,856,37.3,0.0,10540.0,0,0,0,e1f,d4e,d4a,d4a,d4a,1,1,1,1,1,0,0,0,0,1,1,1,0,0,1,1,1,0,0,1,0,1,0,1,1,0,0,0,1,0,1,0,0,1,0,1,0,1,1,0,0,0,1,0,1,0,0,1,0,1,0,1,1,0,0,0,1,0,1,0,0,1,0,1,0,1,1,0,0
2026,3,29,08:48:44.906,27.92,125,67.0,0.8422,4675.5,679.5,3.939,2.08,3.89,0.01,0.01,-656.0,1800.0,341.0,-24276.0,20744,863,37.2,0.0,10543.0,0,0,0,e1f,d4e,d4a,d4a,d4a,1,1,1,1,1,0,0,0,0,1,1,1,0,0,1,1,1,0,0,1,0,1,0,1,1,0,0,0,1,0,1,0,0,1,0,1,0,1,1,0,0,0,1,0,1,0,0,1,0,1,0,1,1,0,0,0,1,0,1,0,0,1,0,1,0,1,1,0,0
2026,3,29,08:48:44.926,27.94,145,67.0,0.8416,4693.3,697.3,3.939,2.08,3.89,0.01,0.01,-656.0,1800.0,340.0,-24289.0,20780,870,36.8,0.0,10546.0,0,0,0,e1f,d4e,d4a,d4a,d4a,1,1,1,1,1,0,0,0,0,1,1,1,0,0,1,1,1,0,0,1,0,1,0,1,1,0,0,0,1,0,1,0,0,1,0,1,0,1,1,0,0,0,1,0,1,0,0,1,0,1,0,1,1,0,0,0,1,0,1,0,0,1,0,1,0,1,1,0,0
2026,3,29,08:48:44.946,27.96,165,67.0,0.8416,4694.6,698.5,3.939,2.08,3.89,0.01,0.01,-655.0,1800.0,340.0,-24302.0,20816,876,36.3,0.0,10550.0,0,0,0,e1f,d4e,d4a,d4a,d4a,1,1,1,1,1,0,0,0,0,1,1,1,0,0,1,1,1,0,0,1,0,1,0,1,1,0,0,0,1,0,1,0,0,1,0,1,0,1,1,0,0,0,1,0,1,0,0,1,0,1,0,1,1,0,0,0,1,0,1,0,0,1,0,1,0,1,1,0,0
2026,3,29,08:48:44.966,27.98,185,67.0,0.8409,4717.5,721.5,3.939,2.08,3.89,0.01,0.01,-655.0,1800.0,340.0,-24315.0,20852,883,35.5,0.0,10553.0,0,0,0,e1f,d4e,d4a,d4a,d4a,1,1,1,1,1,0,0,0,0,1,1,1,0,0,1,1,1,0,0,1,0,1,0,1,1,0,0,0,1,0,1,0,0,1,0,1,0,1,1,0,0,0,1,0,1,0,0,1,0,1,0,1,1,0,0,0,1,0,1,0,0,1,0,1,0,1,1,0,0
2026,3,29,08:48:44.986,28.00,205,66.9,0.8408,4718.8,722.7,3.939,2.08,3.89,0.01,0.01,-655.0,1800.0,340.0,-24328.0,20888,890,34.7,0.0,10556.0,0,0,0,e1f,d4e,d4a,d4a,d4a,1,1,1,1,1,0,0,0,0,1,1,1,0,0,1,1,1,0,0,1,0,1,0,1,1,0,0,0,1,0,1,0,0,1,0,1,0,1,1,0,0,0,1,0,1,0,0,1,0,1,0,1,1,0,0,0,1,0,1,0,0,1,0,1,0,1,1,0,0
2026,3,29,08:48:45.006,28.02,225,66.9,0.8399,4748.1,752.0,3.938,2.08,3.89,0.01,0.01,-655.0,1801.0,340.0,-24341.0,20924,897,33.6,0.0,10559.0,0,0,0,e1f,d4e,d4a,d4a,d4a,1,1,1,1,1,0,0,0,0,1,1,1,0,0,1,1,1,0,0,1,0,1,0,1,1,0,0,0,1,0,1,0,0,1,0,1,0,1,1,0,0,0,1,0,1,0,0,1,0,1,0,1,1,0,0,0,1,0,1,0,0,1,0,1,0,1,1,0,0
2026,3,29,08:48:45.026,28.04,245,66.9,0.8399,4749.4,753.3,3.938,2.08,3.89,0.01,0.01,-655.0,1801.0,340.0,-24355.0,20960,904,32.5,0.0,10562.0,0,0,0,e1f,d4e,d4a,d4a,d4a,1,1,1,1,1,0,0,0,0,1,1,1,0,0,1,1,1,0,0,1,0,1,0,1,1,0,0,0,1,0,1,0,0,1,0,1,0,1,1,0,0,0,1,0,1,0,0,1,0,1,0,1,1,0,0,0,1,0,1,0,0,1,0,1,0,1,1,0,0
2026,3,29,08:48:45.046,28.06,15,66.9,0.8392,4770.4,774.4,3.939,2.08,3.89,0.01,0.01,-655.0,1801.0,340.0,-24368.0,20996,911,31.4,0.0,10565.0,0,0,0,e1f,d4e,d4a,d4a,d4a,1,1,1,1,1,0,0,0,0,1,1,1,0,0,1,1,1,0,0,1,0,1,0,1,1,0,0,0,1,0,1,0,0,1,0,1,0,1,1,0,0,0,1,0,1,0,0,1,0,1,0,1,1,0,0,0,1,0,1,0,0,1,0,1,0,1,1,0,0
2026,3,29,08:48:45.066,28.08,35,66.9,0.8392,4771.7,775.6,3.939,2.08,3.88,0.01,0.01,-655.0,1802.0,340.0,-24381.0,21032,917,30.3,0.0,10568.0,0,0,0,e1f,d4e,d4a,d4a,d4a,1,1,1,1,1,0,0,0,0,1,1,1,0,0,1,1,1,0,0,1,0,1,0,1,1,0,0,0,1,0,1,0,0,1,0,1,0,1,1,0,0,0,1,0,1,0,0,1,0,1,0,1,1,0,0,0,1,0,1,0,0,1,0,1,0,1,1,0,0
2026,3,29,08:48:45.086,28.10,55,66.9,0.8387,4787.6,791.6,3.939,2.08,3.88,0.01,0.01,-656.0,1802.0,341.0,-24394.0,21068,924,29.3,0.0,10571.0,0,0,0,e1f,d4e,d4a,d4a,d4a,1,1,1,1,1,0,0,0,0,1,1,1,0,0,1,1,1,0,0,1,0,1,0,1,1,0,0,0,1,0,1,0,0,1,0,1,0,1,1,0,0,0,1,0,1,0,0,1,0,1,0,1,1,0,0,0,1,0,1,0,0,1,0,1,0,1,1,0,0
2026,3,29,08:48:45.106,28.12,75,66.8,0.8387,4788.3,792.2,3.939,2.08,3.89,0.01,0.01,-656.0,1803.0,341.0,-24407.0,21104,931,28.5,0.0,10574.0,0,0,0,e1f,d4e,d4a,d4a,d4a,1,1,1,1,1,0,0,0,0,1,1,1,0,0,1,1,1,0,0,1,0,1,0,1,1,0,0,0,1,0,1,0,0,1,0,1,0,1,1,0,0,0,1,0,1,0,0,1,0,1,0,1,1,0,0,0,1,0,1,0,0,1,0,1,0,1,1,0,0
2026,3,29,08:48:45.126,28.14,95,66.8,0.8381,4806.8,810.7,3.939,2.09,3.89,0.01,0.01,-656.0,1803.0,342.0,-24420.0,21140,938,27.8,0.0,10577.0,0,0,0,e1f,d4e,d4a,d4a,d4a,1,1,1,1,1,0,0,0,0,1,1,1,0,0,1,1,1,0,0,1,0,1,0,1,1,0,0,0,1,0,1,0,0,1,0,1,0,1,1,0,0,0,1,0,1,0,0,1,0,1,0,1,1,0,0,0,1,0,1,0,0,1,0,1,0,1,1,0,0
2026,3,29,08:48:45.146,28.16,115,66.8,0.8381,4807.4,811.4,3.939,2.09,3.89,0.01,0.01,-657.0,1804.0,343.0,-24433.0,21176,945,27.3,0.0,10580.0,0,0,0,e1f,d4e,d4a,d4a,d4a,1,1,1,1,1,0,0,0,0,1,1,1,0,0,1,1,1,0,0,1,0,1,0,1,1,0,0,0,1,0,1,0,0,1,0,1,0,1,1,0,0,0,1,0,1,0,0,1,0,1,0,1,1,0,0,0,1,0,1,0,0,1,0,1,0,1,1,0,0
2026,3,29,08:48:45.166,28.18,135,66.8,0.8373,4830.4,834.4,3.940,2.09,3.89,0.01,0.01,-657.0,1804.0,343.0,-24446.0,21212,952,27.0,0.0,10583.0,0,0,0,e1f,d4e,d4a,d4a,d4a,1,1,1,1,1,0,0,0,0,1,1,1,0,0,1,1,1,0,0,1,0,1,0,1,1,0,0,0,1,0,1,0,0,1,0,1,0,1,1,0,0,0,1,0,1,0,0,1,0,1,0,1,1,0,0,0,1,0,1,0,0,1,0,1,0,1,1,0,0
2026,3,29,08:48:45.186,28.20,155,66.8,0.8373,4830.4,834.4,3.939,2.09,3.89,0.01,0.01,-657.0,1804.0,344.0,-24460.0,21248,958,26.9,0.0,10586.0,0,0,0,e1f,d4e,d4a,d4a,d4a,1,1,1,1,1,0,0,0,0,1,1,1,0,0,1,1,1,0,0,1,0,1,0,1,1,0,0,0,1,0,1,0,0,1,0,1,0,1,1,0,0,0,1,0,1,0,0,1,0,1,0,1,1,0,0,0,1,0,1,0,0,1,0,1,0,1,1,0,0
2026,3,29,08:48:45.206,28.22,175,66.8,0.8369,4845.1,849.1,3.939,2.09,3.89,0.01,0.01,-658.0,1805.0,344.0,-24473.0,21284,965,27.0,0.0,10589.0,0,0,0,e1f,d4e,d4a,d4a,d4a,1,1,1,1,1,0,0,0,0,1,1,1,0,0,1,1,1,0,0,1,0,1,0,1,1,0,0,0,1,0,1,0,0,1,0,1,0,1,1,0,0,0,1,0,1,0,0,1,0,1,0,1,1,0,0,0,1,0,1,0,0,1,0,1,0,1,1,0,0
2026,3,29,08:48:45.226,28.24,195,66.8,0.8368,4846.4,850.4,3.939,2.09,3.89,0.01,0.01,-658.0,1805.0,345.0,-24486.0,21320,972,27.2,0.0,10592.0,0,0,0,e1f,d4e,d4a,d4a,d4a,1,1,1,1,1,0,0,0,0,1,1,1,0,0,1,1,1,0,0,1,0,1,0,1,1,0,0,0,1,0,1,0,0,1,0,1,0,1,1,0,0,0,1,0,1,0,0,1,0,1,0,1,1,0,0,0,1,0,1,0,0,1,0,1,0,1,1,0,0
2026,3,29,08:48:45.246,28.26,215,66.8,0.8366,4852.8,856.7,3.939,2.09,3.89,0.01,0.01,-658.0,1805.0,345.0,-24499.0,21356,979,27.7,0.0,10595.0,0,0,0,e1f,d4e,d4a,d4a,d4a,1,1,1,1,1,0,0,0,0,1,1,1,0,0,1,1,1,0,0,1,0,1,0,1,1,0,0,0,1,0,1,0,0,1,0,1,0,1,1,0,0,0,1,0,1,0,0,1,0,1,0,1,1,0,0,0,1,0,1,0,0,1,0,1,0,1,1,0,0
2026,3,29,08:48:45.266,28.28,235,66.8,0.8366,4853.4,857.4,3.940,2.09,3.89,0.01,0.01,-659.0,1806.0,345.0,-24512.0,21393,986,28.3,0.0,10598.0,0,0,0,e1f,d4e,d4a,d4a,d4a,1,1,1,1,1,0,0,0,0,1,1,1,0,0,1,1,1,0,0,1,0,1,0,1,1,0,0,0,1,0,1,0,0,1,0,1,0,1,1,0,0,0,1,0,1,0,0,1,0,1,0,1,1,0,0,0,1,0,1,0,0,1,0,1,0,1,1,0,0
2026,3,29,08:48:45.286,28.30,5,66.8,0.8363,4863.0,867.0,3.940,2.09,3.89,0.01,0.01,-659.0,1806.0,346.0,-24525.0,21429,993,29.1,0.0,10602.0,0,0,0,e1f,d4e,d4a,d4a,d4a,1,1,1,1,1,0,0,0,0,1,1,1,0,0,1,1,1,0,0,1,0,1,0,1,1,0,0,0,1,0,1,0,0,1,0,1,0,1,1,0,0,0,1,0,1,0,0,1,0,1,0,1,1,0,0,0,1,0,1,0,0,1,0,1,0,1,1,0,0
2026,3,29,08:48:45.306,28.32,25,66.8,0.8363,4863.7,867.6,3.939,2.09,3.89,0.01,0.01,-659.0,1806.0,346.0,-24539.0,21465,1000,29.9,0.0,10605.0,0,0,0,e1f,d4e,d4a,d4a,d4a,1,1,1,1,1,0,0,0,0,1,1,1,0,0,1,1,1,0,0,1,0,1,0,1,1,0,0,0,1,0,1,0,0,1,0,1,0,1,1,0,0,0,1,0,1,0,0,1,0,1,0,1,1,0,0,0,1,0,1,0,0,1,0,1,0,1,1,0,0
2026,3,29,08:48:45.326,28.34,45,66.8,0.8364,4860.5,864.4,3.939,2.09,3.89,0.01,0.01,-659.0,1807.0,346.0,-24552.0,21501,1007,30.8,0.0,10608.0,0,0,0,e1f,d4e,d4a,d4a,d4a,1,1,1,1,1,0,0,0,0,1,1,1,0,0,1,1,1,0,0,1,0,1,0,1,1,0,0,0,1,0,1,0,0,1,0,1,0,1,1,0,0,0,1,0,1,0,0,1,0,1,0,1,1,0,0,0,1,0,1,0,0,1,0,1,0,1,1,0,0
2026,3,29,08:48:45.346,28.36,65,66.8,0.8364,4859.8,863.8,3.940,2.09,3.89,0.01,0.01,-659.0,1807.0,346.0,-24565.0,21537,1014,31.8,0.0,10611.0,0,0,0,e1f,d4e,d4a,d4a,d4a,1,1,1,1,1,0,0,0,0,1,1,1,0,0,1,1,1,0,0,1,0,1,0,1,1,0,0,0,1,0,1,0,0,1,0,1,0,1,1,0,0,0,1,0,1,0,0,1,0,1,0,1,1,0,0,0,1,0,1,0,0,1,0,1,0,1,1,0,0
2026,3,29,08:48:45.366,28.38,85,66.8,0.8365,4858.6,862.5,3.939,2.09,3.89,0.01,0.01,-659.0,1808.0,345.0,-24578.0,21573,1021,32.8,0.0,10614.0,0,0,0,e1f,d4e,d4a,d4a,d4a,1,1,1,1,1,0,0,0,0,1,1,1,0,0,1,1,1,0,0,1,0,1,0,1,1,0,0,0,1,0,1,0,0,1,0,1,0,1,1,0,0,0,1,0,1,0,0,1,0,1,0,1,1,0,0,0,1,0,1,0,0,1,0,1,0,1,1,0,0
2026,3,29,08:48:45.386,28.40,105,66.8,0.8365,4858.6,862.5,3.939,2.09,3.89,0.01,0.01,-659.0,1808.0,345.0,-24591.0,21610,1028,33.7,0.0,10617.0,0,0,0,e1f,d4e,d4a,d4a,d4a,1,1,1,1,1,0,0,0,0,1,1,1,0,0,1,1,1,0,0,1,0,1,0,1,1,0,0,0,1,0,1,0,0,1,0,1,0,1,1,0,0,0,1,0,1,0,0,1,0,1,0,1,1,0,0,0,1,0,1,0,0,1,0,1,0,1,1,0,0
2026,3,29,08:48:45.406,28.42,125,66.8,0.8366,4854.7,858.7,3.939,2.09,3.89,0.01,0.01,-659.0,1809.0,345.0,-24605.0,21646,1034,34.7,0.0,10620.0,0,0,0,e1f,d4e,d4a,d4a,d4a,1,1,1,1,1,0,0,0,0,1,1,1,0,0,1,1,1,0,0,1,0,1,0,1,1,0,0,0,1,0,1,0,0,1,0,1,0,1,1,0,0,0,1,0,1,0,0,1,0,1,0,1,1,0,0,0,1,0,1,0,0,1,0,1,0,1,1,0,0
2026,3,29,08:48:45.426,28.44,145,66.8,0.8366,4854.1,858.0,3.939,2.09,3.89,0.01,0.01,-659.0,1809.0,345.0,-24618.0,21682,1041,35.5,0.0,10622.0,0,0,0,e1f,d4e,d4a,d4a,d4a,1,1,1,1,1,0,0,0,0,1,1,1,0,0,1,1,1,0,0,1,0,1,0,1,1,0,0,0,1,0,1,0,0,1,0,1,0,1,1,0,0,0,1,0,1,0,0,1,0,1,0,1,1,0,0,0,1,0,1,0,0,1,0,1,0,1,1,0,0
2026,3,29,08:48:45.446,28.46,165,66.8,0.8371,4839.4,843.3,3.939,2.09,3.89,0.01,0.01,-659.0,1810.0,344.0,-24631.0,21718,1048,36.3,0.0,10625.0,0,0,0,e1f,d4e,d4a,d4a,d4a,1,1,1,1,1,0,0,0,0,1,1,1,0,0,1,1,1,0,0,1,0,1,0,1,1,0,0,0,1,0,1,0,0,1,0,1,0,1,1,0,0,0,1,0,1,0,0,1,0,1,0,1,1,0,0,0,1,0,1,0,0,1,0,1,0,1,1,0,0
2026,3,29,08:48:45.466,28.48,185,66.8,0.8371,4838.7,842.7,3.940,2.09,3.89,0.01,0.01,-658.0,1810.0,344.0,-24644.0,21754,1055,37.0,0.0,10627.0,0,0,0,e1f,d4e,d4a,d4a,d4a,1,1,1,1,1,0,0,0,0,1,1,1,0,0,1,1,1,0,0,1,0,1,0,1,1,0,0,0,1,0,1,0,0,1,0,1,0,1,1,0,0,0,1,0,1,0,0,1,0,1,0,1,1,0,0,0,1,0,1,0,0,1,0,1,0,1,1,0,0
2026,3,29,08:48:45.486,28.50,205,66.8,0.8371,4838.7,842.7,3.939,2.09,3.89,0.01,0.01,-658.0,1811.0,343.0,-24657.0,21790,1062,37.6,0.0,10629.0,0,0,0,e1f,d4e,d4a,d4a,d4a,1,1,1,1,1,0,0,0,0,1,1,1,0,0,1,1,1,0,0,1,0,1,0,1,1,0,0,0,1,0,1,0,0,1,0,1,0,1,1,0,0,0,1,0,1,0,0,1,0,1,0,1,1,0,0,0,1,0,1,0,0,1,0,1,0,1,1,0,0
2026,3,29,08:48:45.506,28.52,225,66.8,0.8371,4838.1,842.0,3.940,2.09,3.89,0.01,0.01,-658.0,1811.0,343.0,-24670.0,21827,1069,38.0,0.0,10631.0,0,0,0,e1f,d4e,d4a,d4a,d4a,1,1,1,1,1,0,0,0,0,1,1,1,0,0,1,1,1,0,0,1,0,1,0,1,1,0,0,0,1,0,1,0,0,1,0,1,0,1,1,0,0,0,1,0,1,0,0,1,0,1,0,1,1,0,0,0,1,0,1,0,0,1,0,1,0,1,1,0,0
2026,3,29,08:48:45.526,28.54,245,66.8,0.8376,4823.4,827.3,3.939,2.09,3.89,0.01,0.01,-658.0,1812.0,343.0,-24684.0,21863,1076,38.4,0.0,10633.0,0,0,0,e1f,d4e,d4a,d4a,d4a,1,1,1,1,1,0,0,0,0,1,1,1,0,0,1,1,1,0,0,1,0,1,0,1,1,0,0,0,1,0,1,0,0,1,0,1,0,1,1,0,0,0,1,0,1,0,0,1,0,1,0,1,1,0,0,0,1,0,1,0,0,1,0,1,0,1,1,0,0
2026,3,29,08:48:45.546,28.56,15,66.9,0.8376,4822.1,826.1,3.940,2.09,3.89,0.01,0.01,-658.0,1812.0,343.0,-24697.0,21899,1083,38.6,0.0,10635.0,0,0,0,e1f,d4e,d4a,d4a,d4a,1,1,1,1,1,0,0,0,0,1,1,1,0,0,1,1,1,0,0,1,0,1,0,1,1,0,0,0,1,0,1,0,0,1,0,1,0,1,1,0,0,0,1,0,1,0,0,1,0,1,0,1,1,0,0,0,1,0,1,0,0,1,0,1,0,1,1,0,0
2026,3,29,08:48:45.566,28.58,35,66.9,0.8381,4806.2,810.1,3.939,2.09,3.89,0.01,0.01,-657.0,1813.0,342.0,-24710.0,21935,1090,38.8,0.0,10637.0,0,0,0,e1f,d4e,d4a,d4a,d4a,1,1,1,1,1,0,0,0,0,1,1,1,0,0,1,1,1,0,0,1,0,1,0,1,1,0,0,0,1,0,1,0,0,1,0,1,0,1,1,0,0,0,1,0,1,0,0,1,0,1,0,1,1,0,0,0,1,0,1,0,0,1,0,1,0,1,1,0,0
2026,3,29,08:48:45.586,28.60,55,66.9,0.8381,4804.9,808.8,3.939,2.09,3.89,0.01,0.01,-657.0,1814.0,342.0,-24723.0,21972,1096,38.8,0.0,10639.0,0,0,0,e1f,d4e,d4a,d4a,d4a,1,1,1,1,1,0,0,0,0,1,1,1,0,0,1,1,1,0,0,1,0,1,0,1,1,0,0,0,1,0,1,0,0,1,0,1,0,1,1,0,0,0,1,0,1,0,0,1,0,1,0,1,1,0,0,0,1,0,1,0,0,1,0,1,0,1,1,0,0
2026,3,29,08:48:45.606,28.62,75,66.9,0.8387,4787.0,791.0,3.940,2.09,3.89,0.01,0.01,-657.0,1815.0,342.0,-24736.0,22008,1103,38.6,0.0,10641.0,0,0,0,e1f,d4e,d4a,d4a,d4a,1,1,1,1,1,0,0,0,0,1,1,1,0,0,1,1,1,0,0,1,0,1,0,1,1,0,0,0,1,0,1,0,0,1,0,1,0,1,1,0,0,0,1,0,1,0,0,1,0,1,0,1,1,0,0,0,1,0,1,0,0,1,0,1,0,1,1,0,0
2026,3,29,08:48:45.626,28.64,95,66.9,0.8387,4785.7,789.7,3.939,2.09,3.89,0.01,0.01,-657.0,1816.0,342.0,-24749.0,22044,1110,38.4,0.0,10644.0,0,0,0,e1f,d4e,d4a,d4a,d4a,1,1,1,1,1,0,0,0,0,1,1,1,0,0,1,1,1,0,0,1,0,1,0,1,1,0,0,0,1,0,1,0,0,1,0,1,0,1,1,0,0,0,1,0,1,0,0,1,0,1,0,1,1,0,0,0,1,0,1,0,0,1,0,1,0,1,1,0,0
2026,3,29,08:48:45.646,28.66,115,66.9,0.8398,4753.2,757.1,3.939,2.09,3.89,0.01,0.01,-656.0,1816.0,342.0,-24763.0,22081,1117,37.9,0.0,10646.0,0,0,0,e1f,d4e,d4a,d4a,d4a,1,1,1,1,1,0,0,0,0,1,1,1,0,0,1,1,1,0,0,1,0,1,0,1,1,0,0,0,1,0,1,0,0,1,0,1,0,1,1,0,0,0,1,0,1,0,0,1,0,1,0,1,1,0,0,0,1,0,1,0,0,1,0,1,0,1,1,0,0
2026,3,29,08:48:45.666,28.68,135,67.0,0.8398,4752.6,756.5,3.939,2.09,3.89,0.01,0.01,-656.0,1817.0,342.0,-24776.0,22117,1124,37.4,0.0,10648.0,0,0,0,e1f,d4e,d4a,d4a,d4a,1,1,1,1,1,0,0,0,0,1,1,1,0,0,1,1,1,0,0,1,0,1,0,1,1,0,0,0,1,0,1,0,0,1,0,1,0,1,1,0,0,0,1,0,1,0,0,1,0,1,0,1,1,0,0,0,1,0,1,0,0,1,0,1,0,1,1,0,0
2026,3,29,08:48:45.686,28.70,155,67.0,0.8405,4730.9,734.8,3.940,2.10,3.89,0.01,0.01,-656.0,1818.0,342.0,-24789.0,22153,1131,36.7,0.0,10650.0,0,0,0,e1f,d4e,d4a,d4a,d4a,1,1,1,1,1,0,0,0,0,1,1,1,0,0,1,1,1,0,0,1,0,1,0,1,1,0,0,0,1,0,1,0,0,1,0,1,0,1,1,0,0,0,1,0,1,0,0,1,0,1,0,1,1,0,0,0,1,0,1,0,0,1,0,1,0,1,1,0,0
2026,3,29,08:48:45.706,28.72,175,67.0,0.8405,4730.3,734.2,3.939,2.10,3.89,0.01,0.01,-656.0,1819.0,342.0,-24802.0,22190,1138,35.9,0.0,10651.0,0,0,0,e1f,d4e,d4a,d4a,d4a,1,1,1,1,1,0,0,0,0,1,1,1,0,0,1,1,1,0,0,1,0,1,0,1,1,0,0,0,1,0,1,0,0,1,0,1,0,1,1,0,0,0,1,0,1,0,0,1,0,1,0,1,1,0,0,0,1,0,1,0,0,1,0,1,0,1,1,0,0
2026,3,29,08:48:45.726,28.74,195,67.0,0.8410,4712.4,716.4,3.940,2.10,3.89,0.01,0.01,-656.0,1820.0,343.0,-24815.0,22226,1144,35.1,0.0,10653.0,0,0,0,e1f,d4e,d4a,d4a,d4a,1,1,1,1,1,0,0,0,0,1,1,1,0,0,1,1,1,0,0,1,0,1,0,1,1,0,0,0,1,0,1,0,0,1,0,1,0,1,1,0,0,0,1,0,1,0,0,1,0,1,0,1,1,0,0,0,1,0,1,0,0,1,0,1,0,1,1,0,0
2026,3,29,08:48:45.746,28.76,215,67.0,0.8411,4711.8,715.7,3.940,2.10,3.89,0.01,0.01,-656.0,1821.0,343.0,-24828.0,22263,1151,34.2,0.0,10654.0,0,0,0,e1f,d4e,d4a,d4a,d4a,1,1,1,1,1,0,0,0,0,1,1,1,0,0,1,1,1,0,0,1,0,1,0,1,1,0,0,0,1,0,1,0,0,1,0,1,0,1,1,0,0,0,1,0,1,0,0,1,0,1,0,1,1,0,0,0,1,0,1,0,0,1,0,1,0,1,1,0,0
2026,3,29,08:48:45.766,28.78,235,67.0,0.8413,4704.2,708.1,3.939,2.10,3.89,0.01,0.01,-656.0,1822.0,344.0,-24841.0,22299,1158,33.2,0.0,10655.0,0,0,0,e1f,d4e,d4a,d4a,d4a,1,1,1,1,1,0,0,0,0,1,1,1,0,0,1,1,1,0,0,1,0,1,0,1,1,0,0,0,1,0,1,0,0,1,0,1,0,1,1,0,0,0,1,0,1,0,0,1,0,1,0,1,1,0,0,0,1,0,1,0,0,1,0,1,0,1,1,0,0
2026,3,29,08:48:45.786,28.80,5,67.0,0.8413,4702.9,706.8,3.940,2.10,3.89,0.01,0.01,-656.0,1823.0,344.0,-24854.0,22335,1165,32.3,0.0,10656.0,0,0,0,e1f,d4e,d4a,d4a,d4a,1,1,1,1,1,0,0,0,0,1,1,1,0,0,1,1,1,0,0,1,0,1,0,1,1,0,0,0,1,0,1,0,0,1,0,1,0,1,1,0,0,0,1,0,1,0,0,1,0,1,0,1,1,0,0,0,1,0,1,0,0,1,0,1,0,1,1,0,0
2026,3,29,08:48:45.806,28.82,25,67.0,0.8416,4693.3,697.3,3.939,2.10,3.89,0.01,0.01,-656.0,1824.0,345.0,-24868.0,22372,1172,31.3,0.0,10656.0,0,0,0,e1f,d4e,d4a,d4a,d4a,1,1,1,1,1,0,0,0,0,1,1,1,0,0,1,1,1,0,0,1,0,1,0,1,1,0,0,0,1,0,1,0,0,1,0,1,0,1,1,0,0,0,1,0,1,0,0,1,0,1,0,1,1,0,0,0,1,0,1,0,0,1,0,1,0,1,1,0,0
2026,3,29,08:48:45.826,28.84,45,67.0,0.8416,4693.3,697.3,3.938,2.10,3.89,0.01,0.01,-656.0,1824.0,346.0,-24881.0,22408,1179,30.3,0.0,10657.0,0,0,0,e1f,d4e,d4a,d4a,d4a,1,1,1,1,1,0,0,0,0,1,1,1,0,0,1,1,1,0,0,1,0,1,0,1,1,0,0,0,1,0,1,0,0,1,0,1,0,1,1,0,0,0,1,0,1,0,0,1,0,1,0,1,1,0,0,0,1,0,1,0,0,1,0,1,0,1,1,0,0
2026,3,29,08:48:45.846,28.86,65,67.0,0.8418,4688.2,692.2,3.939,2.10,3.89,0.01,0.01,-656.0,1825.0,347.0,-24894.0,22445,1186,29.3,0.0,10658.0,0,0,0,e1f,d4e,d4a,d4a,d4a,1,1,1,1,1,0,0,0,0,1,1,1,0,0,1,1,1,0,0,1,0,1,0,1,1,0,0,0,1,0,1,0,0,1,0,1,0,1,1,0,0,0,1,0,1,0,0,1,0,1,0,1,1,0,0,0,1,0,1,0,0,1,0,1,0,1,1,0,0
2026,3,29,08:48:45.866,28.88,85,67.0,0.8418,4688.9,692.8,3.939,2.10,3.89,0.01,0.01,-657.0,1826.0,348.0,-24907.0,22481,1193,28.3,0.0,10658.0,0,0,0,e1f,d4e,d4a,d4a,d4a,1,1,1,1,1,0,0,0,0,1,1,1,0,0,1,1,1,0,0,1,0,1,0,1,1,0,0,0,1,0,1,0,0,1,0,1,0,1,1,0,0,0,1,0,1,0,0,1,0,1,0,1,1,0,0,0,1,0,1,0,0,1,0,1,0,1,1,0,0
2026,3,29,08:48:45.886,28.90,105,67.0,0.8419,4683.8,687.7,3.939,2.10,3.89,0.01,0.01,-657.0,1827.0,348.0,-24920.0,22518,1200,27.4,0.0,10658.0,0,0,0,e1f,d4e,d4a,d4a,d4a,1,1,1,1,1,0,0,0,0,1,1,1,0,0,1,1,1,0,0,1,0,1,0,1,1,0,0,0,1,0,1,0,0,1,0,1,0,1,1,0,0,0,1,0,1,0,0,1,0,1,0,1,1,0,0,0,1,0,1,0,0,1,0,1,0,1,1,0,0
2026,3,29,08:48:45.906,28.92,125,67.0,0.8419,4683.8,687.7,3.939,2.10,3.89,0.01,0.01,-657.0,1828.0,349.0,-24933.0,22555,1207,26.5,0.0,10659.0,0,0,0,e1f,d4e,d4a,d4a,d4a,1,1,1,1,1,0,0,0,0,1,1,1,0,0,1,1,1,0,0,1,0,1,0,1,1,0,0,0,1,0,1,0,0,1,0,1,0,1,1,0,0,0,1,0,1,0,0,1,0,1,0,1,1,0,0,0,1,0,1,0,0,1,0,1,0,1,1,0,0
2026,3,29,08:48:45.926,28.94,145,67.0,0.8421,4677.4,681.4,3.940,2.10,3.89,0.01,0.01,-657.0,1828.0,350.0,-24946.0,22591,1214,25.6,0.0,10659.0,0,0,0,e1f,d4e,d4a,d4a,d4a,1,1,1,1,1,0,0,0,0,1,1,1,0,0,1,1,1,0,0,1,0,1,0,1,1,0,0,0,1,0,1,0,0,1,0,1,0,1,1,0,0,0,1,0,1,0,0,1,0,1,0,1,1,0,0,0,1,0,1,0,0,1,0,1,0,1,1,0,0
2026,3,29,08:48:45.946,28.96,165,67.0,0.8421,4678.1,682.0,3.940,2.10,3.89,0.01,0.01,-658.0,1829.0,351.0,-24960.0,22628,1221,24.9,0.0,10659.0,0,0,0,e1f,d4e,d4a,d4a,d4a,1,1,1,1,1,0,0,0,0,1,1,1,0,0,1,1,1,0,0,1,0,1,0,1,1,0,0,0,1,0,1,0,0,1,0,1,0,1,1,0,0,0,1,0,1,0,0,1,0,1,0,1,1,0,0,0,1,0,1,0,0,1,0,1,0,1,1,0,0
2026,3,29,08:48:45.966,28.98,185,67.0,0.8421,4678.1,682.0,3.938,2.10,3.89,0.01,0.01,-658.0,1829.0,351.0,-24973.0,22664,1228,24.2,0.0,10659.0,0,0,0,e1f,d4e,d4a,d4a,d4a,1,1,1,1,1,0,0,0,0,1,1,1,0,0,1,1,1,0,0,1,0,1,0,1,1,0,0,0,1,0,1,0,0,1,0,1,0,1,1,0,0,0,1,0,1,0,0,1,0,1,0,1,1,0,0,0,1,0,1,0,0,1,0,1,0,1,1,0,0
2026,3,29,08:48:45.986,29.00,205,67.0,0.8421,4678.7,682.6,3.939,2.10,3.89,0.01,0.01,-658.0,1830.0,352.0,-24986.0,22701,1235,23.7,0.0,10659.0,0,0,0,e1f,d4e,d4a,d4a,d4a,1,1,1,1,1,0,0,0,0,1,1,1,0,0,1,1,1,0,0,1,0,1,0,1,1,0,0,0,1,0,1,0,0,1,0,1,0,1,1,0,0,0,1,0,1,0,0,1,0,1,0,1,1,0,0,0,1,0,1,0,0,1,0,1,0,1,1,0,0
2026,3,29,08:48:46.006,29.02,225,67.0,0.8422,4675.5,679.5,3.940,2.10,3.89,0.01,0.01,-659.0,1831.0,352.0,-24999.0,22738,1242,23.3,0.0,10659.0,0,0,0,e1f,d4e,d4a,d4a,d4a,1,1,1,1,1,0,0,0,0,1,1,1,0,0,1,1,1,0,0,1,0,1,0,1,1,0,0,0,1,0,1,0,0,1,0,1,0,1,1,0,0,0,1,0,1,0,0,1,0,1,0,1,1,0,0,0,1,0,1,0,0,1,0,1,0,1,1,0,0
2026,3,29,08:48:46.026,29.04,245,67.0,0.8422,4675.5,679.5,3.939,2.10,3.89,0.01,0.01,-659.0,1831.0,353.0,-25012.0,22774,1249,23.0,0.0,10660.0,0,0,0,e1f,d4e,d4a,d4a,d4a,1,1,1,1,1,0,0,0,0,1,1,1,0,0,1,1,1,0,0,1,0,1,0,1,1,0,0,0,1,0,1,0,0,1,0,1,0,1,1,0,0,0,1,0,1,0,0,1,0,1,0,1,1,0,0,0,1,0,1,0,0,1,0,1,0,1,1,0,0
2026,3,29,08:48:46.046,29.06,15,67.0,0.8421,4678.7,682.6,3.939,2.10,3.89,0.01,0.01,-659.0,1832.0,353.0,-25025.0,22811,1256,22.8,0.0,10660.0,0,0,0,e1f,d4e,d4a,d4a,d4a,1,1,1,1,1,0,0,0,0,1,1,1,0,0,1,1,1,0,0,1,0,1,0,1,1,0,0,0,1,0,1,0,0,1,0,1,0,1,1,0,0,0,1,0,1,0,0,1,0,1,0,1,1,0,0,0,1,0,1,0,0,1,0,1,0,1,1,0,0
2026,3,29,08:48:46.066,29.08,35,66.9,0.8421,4679.3,683.3,3.940,2.10,3.89,0.01,0.01,-660.0,1833.0,353.0,-25039.0,22847,1263,22.8,0.0,10660.0,0,0,0,e1f,d4e,d4a,d4a,d4a,1,1,1,1,1,0,0,0,0,1,1,1,0,0,1,1,1,0,0,1,0,1,0,1,1,0,0,0,1,0,1,0,0,1,0,1,0,1,1,0,0,0,1,0,1,0,0,1,0,1,0,1,1,0,0,0,1,0,1,0,0,1,0,1,0,1,1,0,0
2026,3,29,08:48:46.086,29.10,55,66.9,0.8418,4688.9,692.8,3.939,2.10,3.89,0.01,0.01,-660.0,1833.0,353.0,-25052.0,22884,1270,22.9,0.0,10661.0,0,0,0,e1f,d4e,d4a,d4a,d4a,1,1,1,1,1,0,0,0,0,1,1,1,0,0,1,1,1,0,0,1,0,1,0,1,1,0,0,0,1,0,1,0,0,1,0,1,0,1,1,0,0,0,1,0,1,0,0,1,0,1,0,1,1,0,0,0,1,0,1,0,0,1,0,1,0,1,1,0,0
2026,3,29,08:48:46.106,29.12,75,66.9,0.8417,4690.2,694.1,3.939,2.10,3.89,0.01,0.01,-660.0,1834.0,354.0,-25065.0,22921,1277,23.1,0.0,10661.0,0,0,0,e1f,d4e,d4a,d4a,d4a,1,1,1,1,1,0,0,0,0,1,1,1,0,0,1,1,1,0,0,1,0,1,0,1,1,0,0,0,1,0,1,0,0,1,0,1,0,1,1,0,0,0,1,0,1,0,0,1,0,1,0,1,1,0,0,0,1,0,1,0,0,1,0,1,0,1,1,0,0
2026,3,29,08:48:46.126,29.14,95,66.9,0.8418,4687.0,690.9,3.940,2.10,3.89,0.01,0.01,-661.0,1835.0,354.0,-25078.0,22958,1284,23.4,0.0,10662.0,0,0,0,e1f,d4e,d4a,d4a,d4a,1,1,1,1,1,0,0,0,0,1,1,1,0,0,1,1,1,0,0,1,0,1,0,1,1,0,0,0,1,0,1,0,0,1,0,1,0,1,1,0,0,0,1,0,1,0,0,1,0,1,0,1,1,0,0,0,1,0,1,0,0,1,0,1,0,1,1,0,0
2026,3,29,08:48:46.146,29.16,115,66.9,0.8418,4687.6,691.5,3.940,2.10,3.89,0.01,0.01,-661.0,1835.0,354.0,-25092.0,22994,1291,23.9,0.0,10663.0,0,0,0,e1f,d4e,d4a,d4a,d4a,1,1,1,1,1,0,0,0,0,1,1,1,0,0,1,1,1,0,0,1,0,1,0,1,1,0,0,0,1,0,1,0,0,1,0,1,0,1,1,0,0,0,1,0,1,0,0,1,0,1,0,1,1,0,0,0,1,0,1,0,0,1,0,1,0,1,1,0,0
2026,3,29,08:48:46.166,29.18,135,66.9,0.8418,4688.9,692.8,3.939,2.10,3.89,0.01,0.01,-661.0,1836.0,354.0,-25105.0,23031,1298,24.4,0.0,10664.0,0,0,0,e1f,d4e,d4a,d4a,d4a,1,1,1,1,1,0,0,0,0,1,1,1,0,0,1,1,1,0,0,1,0,1,0,1,1,0,0,0,1,0,1,0,0,1,0,1,0,1,1,0,0,0,1,0,1,0,0,1,0,1,0,1,1,0,0,0,1,0,1,0,0,1,0,1,0,1,1,0,0
2026,3,29,08:48:46.186,29.20,155,66.9,0.8418,4688.9,692.8,3.939,2.10,3.89,0.01,0.01,-662.0,1837.0,354.0,-25118.0,23068,1306,25.1,0.0,10666.0,0,0,0,e1f,d4e,d4a,d4a,d4a,1,1,1,1,1,0,0,0,0,1,1,1,0,0,1,1,1,0,0,1,0,1,0,1,1,0,0,0,1,0,1,0,0,1,0,1,0,1,1,0,0,0,1,0,1,0,0,1,0,1,0,1,1,0,0,0,1,0,1,0,0,1,0,1,0,1,1,0,0
2026,3,29,08:48:46.206,29.22,175,66.9,0.8419,4685.7,689.6,3.939,2.10,3.89,0.01,0.01,-662.0,1838.0,354.0,-25131.0,23104,1313,25.9,0.0,10667.0,0,0,0,e1f,d4e,d4a,d4a,d4a,1,1,1,1,1,0,0,0,0,1,1,1,0,0,1,1,1,0,0,1,0,1,0,1,1,0,0,0,1,0,1,0,0,1,0,1,0,1,1,0,0,0,1,0,1,0,0,1,0,1,0,1,1,0,0,0,1,0,1,0,0,1,0,1,0,1,1,0,0
2026,3,29,08:48:46.226,29.24,195,66.9,0.8419,4685.7,689.6,3.940,2.10,3.89,0.01,0.01,-662.0,1839.0,354.0,-25145.0,23141,1320,26.8,0.0,10669.0,0,0,0,e1f,d4e,d4a,d4a,d4a,1,1,1,1,1,0,0,0,0,1,1,1,0,0,1,1,1,0,0,1,0,1,0,1,1,0,0,0,1,0,1,0,0,1,0,1,0,1,1,0,0,0,1,0,1,0,0,1,0,1,0,1,1,0,0,0,1,0,1,0,0,1,0,1,0,1,1,0,0
2026,3,29,08:48:46.246,29.26,215,66.9,0.8421,4678.1,682.0,3.939,2.11,3.89,0.01,0.01,-662.0,1840.0,354.0,-25158.0,23178,1327,27.9,0.0,10671.0,0,0,0,e1f,d4e,d4a,d4a,d4a,1,1,1,1,1,0,0,0,0,1,1,1,0,0,1,1,1,0,0,1,0,1,0,1,1,0,0,0,1,0,1,0,0,1,0,1,0,1,1,0,0,0,1,0,1,0,0,1,0,1,0,1,1,0,0,0,1,0,1,0,0,1,0,1,0,1,1,0,0
2026,3,29,08:48:46.266,29.28,235,66.9,0.8421,4678.1,682.0,3.940,2.11,3.89,0.01,0.01,-663.0,1841.0,354.0,-25171.0,23215,1334,29.3,0.0,10673.0,0,0,0,e1f,d4e,d4a,d4a,d4a,1,1,1,1,1,0,0,0,0,1,1,1,0,0,1,1,1,0,0,1,0,1,0,1,1,0,0,0,1,0,1,0,0,1,0,1,0,1,1,0,0,0,1,0,1,0,0,1,0,1,0,1,1,0,0,0,1,0,1,0,0,1,0,1,0,1,1,0,0
2026,3,29,08:48:46.286,29.30,5,66.9,0.8425,4666.6,670.6,3.940,2.11,3.89,0.01,0.01,-663.0,1841.0,353.0,-25184.0,23252,1341,30.8,0.0,10676.0,0,0,0,e1f,d4e,d4a,d4a,d4a,1,1,1,1,1,0,0,0,0,1,1,1,0,0,1,1,1,0,0,1,0,1,0,1,1,0,0,0,1,0,1,0,0,1,0,1,0,1,1,0,0,0,1,0,1,0,0,1,0,1,0,1,1,0,0,0,1,0,1,0,0,1,0,1,0,1,1,0,0
2026,3,29,08:48:46.306,29.32,25,66.9,0.8425,4666.6,670.6,3.939,2.11,3.89,0.01,0.01,-664.0,1842.0,353.0,-25198.0,23288,1348,32.6,0.0,10678.0,0,0,0,e1f,d4e,d4a,d4a,d4a,1,1,1,1,1,0,0,0,0,1,1,1,0,0,1,1,1,0,0,1,0,1,0,1,1,0,0,0,1,0,1,0,0,1,0,1,0,1,1,0,0,0,1,0,1,0,0,1,0,1,0,1,1,0,0,0,1,0,1,0,0,1,0,1,0,1,1,0,0
2026,3,29,08:48:46.326,29.34,45,66.9,0.8431,4648.2,652.1,3.939,2.11,3.89,0.01,0.01,-664.0,1842.0,353.0,-25211.0,23325,1355,34.6,0.0,10681.0,0,0,0,e1f,d4e,d4a,d4a,d4a,1,1,1,1,1,0,0,0,0,1,1,1,0,0,1,1,1,0,0,1,0,1,0,1,1,0,0,0,1,0,1,0,0,1,0,1,0,1,1,0,0,0,1,0,1,0,0,1,0,1,0,1,1,0,0,0,1,0,1,0,0,1,0,1,0,1,1,0,0
2026,3,29,08:48:46.346,29.36,65,66.9,0.8431,4648.2,652.1,3.940,2.11,3.89,0.01,0.01,-664.0,1843.0,353.0,-25224.0,23362,1362,36.7,0.0,10684.0,0,0,0,e1f,d4e,d4a,d4a,d4a,1,1,1,1,1,0,0,0,0,1,1,1,0,0,1,1,1,0,0,1,0,1,0,1,1,0,0,0,1,0,1,0,0,1,0,1,0,1,1,0,0,0,1,0,1,0,0,1,0,1,0,1,1,0,0,0,1,0,1,0,0,1,0,1,0,1,1,0,0
2026,3,29,08:48:46.366,29.38,85,66.9,0.8437,4628.5,632.4,3.940,2.11,3.89,0.01,0.01,-664.0,1843.0,352.0,-25237.0,23399,1369,38.8,0.0,10687.0,0,0,0,e1f,d4e,d4a,d4a,d4a,1,1,1,1,1,0,0,0,0,1,1,1,0,0,1,1,1,0,0,1,0,1,0,1,1,0,0,0,1,0,1,0,0,1,0,1,0,1,1,0,0,0,1,0,1,0,0,1,0,1,0,1,1,0,0,0,1,0,1,0,0,1,0,1,0,1,1,0,0
2026,3,29,08:48:46.386,29.40,105,66.9,0.8437,4627.9,631.8,3.940,2.11,3.89,0.01,0.01,-664.0,1843.0,352.0,-25251.0,23436,1376,41.0,0.0,10690.0,0,0,0,e1f,d4e,d4a,d4a,d4a,1,1,1,1,1,0,0,0,0,1,1,1,0,0,1,1,1,0,0,1,0,1,0,1,1,0,0,0,1,0,1,0,0,1,0,1,0,1,1,0,0,0,1,0,1,0,0,1,0,1,0,1,1,0,0,0,1,0,1,0,0,1,0,1,0,1,1,0,0
2026,3,29,08:48:46.406,29.42,125,66.9,0.8445,4603.1,607.0,3.940,2.11,3.89,0.01,0.01,-664.0,1843.0,352.0,-25264.0,23473,1383,43.0,0.0,10693.0,0,0,0,e1f,d4e,d4a,d4a,d4a,1,1,1,1,1,0,0,0,0,1,1,1,0,0,1,1,1,0,0,1,0,1,0,1,1,0,0,0,1,0,1,0,0,1,0,1,0,1,1,0,0,0,1,0,1,0,0,1,0,1,0,1,1,0,0,0,1,0,1,0,0,1,0,1,0,1,1,0,0
2026,3,29,08:48:46.426,29.44,145,67.0,0.8445,4602.5,606.4,3.939,2.11,3.89,0.01,0.01,-665.0,1842.0,352.0,-25277.0,23510,1390,45.1,0.0,10697.0,0,0,0,e1f,d4e,d4a,d4a,d4a,1,1,1,1,1,0,0,0,0,1,1,1,0,0,1,1,1,0,0,1,0,1,0,1,1,0,0,0,1,0,1,0,0,1,0,1,0,1,1,0,0,0,1,0,1,0,0,1,0,1,0,1,1,0,0,0,1,0,1,0,0,1,0,1,0,1,1,0,0
2026,3,29,08:48:46.446,29.46,165,67.0,0.8453,4577.7,581.7,3.939,2.11,3.89,0.01,0.01,-665.0,1842.0,352.0,-25291.0,23547,1397,47.1,0.0,10700.0,0,0,0,e1f,d4e,d4a,d4a,d4a,1,1,1,1,1,0,0,0,0,1,1,1,0,0,1,1,1,0,0,1,0,1,0,1,1,0,0,0,1,0,1,0,0,1,0,1,0,1,1,0,0,0,1,0,1,0,0,1,0,1,0,1,1,0,0,0,1,0,1,0,0,1,0,1,0,1,1,0,0
2026,3,29,08:48:46.466,29.48,185,67.0,0.8453,4576.5,580.4,3.939,2.11,3.89,0.01,0.01,-665.0,1842.0,352.0,-25304.0,23583,1404,49.0,0.0,10703.0,0,0,0,e1f,d4e,d4a,d4a,d4a,1,1,1,1,1,0,0,0,0,1,1,1,0,0,1,1,1,0,0,1,0,1,0,1,1,0,0,0,1,0,1,0,0,1,0,1,0,1,1,0,0,0,1,0,1,0,0,1,0,1,0,1,1,0,0,0,1,0,1,0,0,1,0,1,0,1,1,0,0
2026,3,29,08:48:46.486,29.50,205,67.0,0.8463,4546.0,550.0,3.939,2.11,3.89,0.01,0.01,-665.0,1842.0,351.0,-25317.0,23620,1412,50.9,0.0,10707.0,0,0,0,e1f,d4e,d4a,d4a,d4a,1,1,1,1,1,0,0,0,0,1,1,1,0,0,1,1,1,0,0,1,0,1,0,1,1,0,0,0,1,0,1,0,0,1,0,1,0,1,1,0,0,0,1,0,1,0,0,1,0,1,0,1,1,0,0,0,1,0,1,0,0,1,0,1,0,1,1,0,0
2026,3,29,08:48:46.506,29.52,225,67.0,0.8463,4544.8,548.7,3.939,2.11,3.89,0.01,0.01,-665.0,1842.0,351.0,-25331.0,23657,1419,52.7,0.0,10710.0,0,0,0,e1f,d4e,d4a,d4a,d4a,1,1,1,1,1,0,0,0,0,1,1,1,0,0,1,1,1,0,0,1,0,1,0,1,1,0,0,0,1,0,1,0,0,1,0,1,0,1,1,0,0,0,1,0,1,0,0,1,0,1,0,1,1,0,0,0,1,0,1,0,0,1,0,1,0,1,1,0,0
2026,3,29,08:48:46.526,29.54,245,67.0,0.8472,4516.9,520.8,3.940,2.11,3.89,0.01,0.01,-665.0,1841.0,351.0,-25344.0,23694,1426,54.4,0.0,10713.0,0,0,0,e1f,d4e,d4a,d4a,d4a,1,1,1,1,1,0,0,0,0,1,1,1,0,0,1,1,1,0,0,1,0,1,0,1,1,0,0,0,1,0,1,0,0,1,0,1,0,1,1,0,0,0,1,0,1,0,0,1,0,1,0,1,1,0,0,0,1,0,1,0,0,1,0,1,0,1,1,0,0
2026,3,29,08:48:46.546,29.56,15,67.1,0.8472,4516.3,520.2,3.939,2.11,3.89,0.01,0.01,-664.0,1841.0,351.0,-25357.0,23731,1433,55.9,0.0,10717.0,0,0,0,e1f,d4e,d4a,d4a,d4a,1,1,1,1,1,0,0,0,0,1,1,1,0,0,1,1,1,0,0,1,0,1,0,1,1,0,0,0,1,0,1,0,0,1,0,1,0,1,1,0,0,0,1,0,1,0,0,1,0,1,0,1,1,0,0,0,1,0,1,0,0,1,0,1,0,1,1,0,0
2026,3,29,08:48:46.566,29.58,35,67.1,0.8479,4495.4,499.3,3.940,2.12,3.89,0.01,0.01,-663.0,1841.0,351.0,-25370.0,23768,1440,57.2,0.0,10721.0,0,0,0,e1f,d4e,d4a,d4a,d4a,1,1,1,1,1,0,0,0,0,1,1,1,0,0,1,1,1,0,0,1,0,1,0,1,1,0,0,0,1,0,1,0,0,1,0,1,0,1,1,0,0,0,1,0,1,0,0,1,0,1,0,1,1,0,0,0,1,0,1,0,0,1,0,1,0,1,1,0,0
2026,3,29,08:48:46.586,29.60,55,67.1,0.8479,4494.1,498.1,3.937,2.12,3.89,0.01,0.01,-663.0,1841.0,351.0,-25384.0,23805,1447,58.2,0.0,10724.0,0,0,0,e1f,d4e,d4a,d4a,d4a,1,1,1,1,1,0,0,0,0,1,1,1,0,0,1,1,1,0,0,1,0,1,0,1,1,0,0,0,1,0,1,0,0,1,0,1,0,1,1,0,0,0,1,0,1,0,0,1,0,1,0,1,1,0,0,0,1,0,1,0,0,1,0,1,0,1,1,0,0
2026,3,29,08:48:46.606,29.62,75,67.1,0.8483,4481.5,485.4,3.939,2.12,3.89,0.01,0.01,-663.0,1841.0,351.0,-25397.0,23842,1454,59.1,0.0,10728.0,0,0,0,e1f,d4e,d4a,d4a,d4a,1,1,1,1,1,0,0,0,0,1,1,1,0,0,1,1,1,0,0,1,0,1,0,1,1,0,0,0,1,0,1,0,0,1,0,1,0,1,1,0,0,0,1,0,1,0,0,1,0,1,0,1,1,0,0,0,1,0,1,0,0,1,0,1,0,1,1,0,0
2026,3,29,08:48:46.626,29.64,95,67.1,0.8483,4481.5,485.4,3.940,2.12,3.89,0.01,0.01,-662.0,1841.0,350.0,-25410.0,23878,1461,59.9,0.0,10732.0,0,0,0,e1f,d4e,d4a,d4a,d4a,1,1,1,1,1,0,0,0,0,1,1,1,0,0,1,1,1,0,0,1,0,1,0,1,1,0,0,0,1,0,1,0,0,1,0,1,0,1,1,0,0,0,1,0,1,0,0,1,0,1,0,1,1,0,0,0,1,0,1,0,0,1,0,1,0,1,1,0,0
2026,3,29,08:48:46.646,29.66,115,67.1,0.8486,4473.3,477.2,3.940,2.12,3.89,0.01,0.01,-662.0,1841.0,350.0,-25424.0,23915,1468,60.5,0.0,10736.0,0,0,0,e1f,d4e,d4a,d4a,d4a,1,1,1,1,1,0,0,0,0,1,1,1,0,0,1,1,1,0,0,1,0,1,0,1,1,0,0,0,1,0,1,0,0,1,0,1,0,1,1,0,0,0,1,0,1,0,0,1,0,1,0,1,1,0,0,0,1,0,1,0,0,1,0,1,0,1,1,0,0
2026,3,29,08:48:46.666,29.68,135,67.1,0.8486,4472.6,476.6,3.940,2.12,3.89,0.01,0.01,-662.0,1841.0,350.0,-25437.0,23952,1475,61.2,0.0,10740.0,0,0,0,e1f,d4e,d4a,d4a,d4a,1,1,1,1,1,0,0,0,0,1,1,1,0,0,1,1,1,0,0,1,0,1,0,1,1,0,0,0,1,0,1,0,0,1,0,1,0,1,1,0,0,0,1,0,1,0,0,1,0,1,0,1,1,0,0,0,1,0,1,0,0,1,0,1,0,1,1,0,0
2026,3,29,08:48:46.686,29.70,155,67.1,0.8489,4464.4,468.3,3.939,2.12,3.89,0.01,0.01,-662.0,1841.0,350.0,-25450.0,23989,1482,61.8,0.0,10744.0,0,0,0,e1f,d4e,d4a,d4a,d4a,1,1,1,1,1,0,0,0,0,1,1,1,0,0,1,1,1,0,0,1,0,1,0,1,1,0,0,0,1,0,1,0,0,1,0,1,0,1,1,0,0,0,1,0,1,0,0,1,0,1,0,1,1,0,0,0,1,0,1,0,0,1,0,1,0,1,1,0,0
2026,3,29,08:48:46.706,29.72,175,67.1,0.8489,4464.4,468.3,3.939,2.13,3.89,0.01,0.01,-662.0,1841.0,350.0,-25463.0,24026,1489,62.3,0.0,10748.0,0,0,0,e1f,d4e,d4a,d4a,d4a,1,1,1,1,1,0,0,0,0,1,1,1,0,0,1,1,1,0,0,1,0,1,0,1,1,0,0,0,1,0,1,0,0,1,0,1,0,1,1,0,0,0,1,0,1,0,0,1,0,1,0,1,1,0,0,0,1,0,1,0,0,1,0,1,0,1,1,0,0
2026,3,29,08:48:46.726,29.74,195,67.1,0.8493,4451.8,455.7,3.939,2.13,3.89,0.01,0.01,-662.0,1841.0,350.0,-25477.0,24063,1496,62.8,0.0,10752.0,0,0,0,e1f,d4e,d4a,d4a,d4a,1,1,1,1,1,0,0,0,0,1,1,1,0,0,1,1,1,0,0,1,0,1,0,1,1,0,0,0,1,0,1,0,0,1,0,1,0,1,1,0,0,0,1,0,1,0,0,1,0,1,0,1,1,0,0,0,1,0,1,0,0,1,0,1,0,1,1,0,0
2026,3,29,08:48:46.746,29.76,215,67.1,0.8493,4451.1,455.1,3.939,2.13,3.89,0.01,0.01,-662.0,1841.0,350.0,-25490.0,24100,1503,63.1,0.0,10756.0,0,0,0,e1f,d4e,d4a,d4a,d4a,1,1,1,1,1,0,0,0,0,1,1,1,0,0,1,1,1,0,0,1,0,1,0,1,1,0,0,0,1,0,1,0,0,1,0,1,0,1,1,0,0,0,1,0,1,0,0,1,0,1,0,1,1,0,0,0,1,0,1,0,0,1,0,1,0,1,1,0,0
2026,3,29,08:48:46.766,29.78,235,67.1,0.8493,4449.9,453.8,3.939,2.13,3.89,0.01,0.01,-661.0,1841.0,350.0,-25503.0,24136,1510,63.4,0.0,10760.0,0,0,0,e1f,d4e,d4a,d4a,d4a,1,1,1,1,1,0,0,0,0,1,1,1,0,0,1,1,1,0,0,1,0,1,0,1,1,0,0,0,1,0,1,0,0,1,0,1,0,1,1,0,0,0,1,0,1,0,0,1,0,1,0,1,1,0,0,0,1,0,1,0,0,1,0,1,0,1,1,0,0
2026,3,29,08:48:46.786,29.80,5,67.1,0.8493,4449.2,453.2,3.939,2.13,3.89,0.01,0.01,-661.0,1841.0,350.0,-25516.0,24173,1517,63.5,0.0,10764.0,0,0,0,e1f,d4e,d4a,d4a,d4a,1,1,1,1,1,0,0,0,0,1,1,1,0,0,1,1,1,0,0,1,0,1,0,1,1,0,0,0,1,0,1,0,0,1,0,1,0,1,1,0,0,0,1,0,1,0,0,1,0,1,0,1,1,0,0,0,1,0,1,0,0,1,0,1,0,1,1,0,0
2026,3,29,08:48:46.806,29.82,25,67.1,0.8496,4441.7,445.6,3.939,2.13,3.89,0.01,0.01,-661.0,1841.0,350.0,-25530.0,24210,1524,63.5,0.0,10769.0,0,0,0,e1f,d4e,d4a,d4a,d4a,1,1,1,1,1,0,0,0,0,1,1,1,0,0,1,1,1,0,0,1,0,1,0,1,1,0,0,0,1,0,1,0,0,1,0,1,0,1,1,0,0,0,1,0,1,0,0,1,0,1,0,1,1,0,0,0,1,0,1,0,0,1,0,1,0,1,1,0,0
2026,3,29,08:48:46.826,29.84,45,67.1,0.8496,4441.7,445.6,3.939,2.14,3.89,0.01,0.01,-660.0,1841.0,351.0,-25543.0,24247,1531,63.4,0.0,10773.0,0,0,0,e1f,d4e,d4a,d4a,d4a,1,1,1,1,1,0,0,0,0,1,1,1,0,0,1,1,1,0,0,1,0,1,0,1,1,0,0,0,1,0,1,0,0,1,0,1,0,1,1,0,0,0,1,0,1,0,0,1,0,1,0,1,1,0,0,0,1,0,1,0,0,1,0,1,0,1,1,0,0
2026,3,29,08:48:46.846,29.86,65,67.1,0.8496,4441.7,445.6,3.940,2.14,3.89,0.01,0.01,-660.0,1841.0,351.0,-25556.0,24284,1538,63.1,0.0,10777.0,0,0,0,e1f,d4e,d4a,d4a,d4a,1,1,1,1,1,0,0,0,0,1,1,1,0,0,1,1,1,0,0,1,0,1,0,1,1,0,0,0,1,0,1,0,0,1,0,1,0,1,1,0,0,0,1,0,1,0,0,1,0,1,0,1,1,0,0,0,1,0,1,0,0,1,0,1,0,1,1,0,0
2026,3,29,08:48:46.866,29.88,85,67.1,0.8496,4441.7,445.6,3.939,2.14,3.89,0.01,0.01,-660.0,1841.0,351.0,-25569.0,24320,1545,62.8,0.0,10781.0,0,0,0,e1f,d4e,d4a,d4a,d4a,1,1,1,1,1,0,0,0,0,1,1,1,0,0,1,1,1,0,0,1,0,1,0,1,1,0,0,0,1,0,1,0,0,1,0,1,0,1,1,0,0,0,1,0,1,0,0,1,0,1,0,1,1,0,0,0,1,0,1,0,0,1,0,1,0,1,1,0,0
2026,3,29,08:48:46.886,29.90,105,67.1,0.8497,4436.6,440.6,3.939,2.14,3.89,0.01,0.01,-660.0,1841.0,352.0,-25582.0,24357,1552,62.3,0.0,10785.0,0,0,0,e1f,d4e,d4a,d4a,d4a,1,1,1,1,1,0,0,0,0,1,1,1,0,0,1,1,1,0,0,1,0,1,0,1,1,0,0,0,1,0,1,0,0,1,0,1,0,1,1,0,0,0,1,0,1,0,0,1,0,1,0,1,1,0,0,0,1,0,1,0,0,1,0,1,0,1,1,0,0
2026,3,29,08:48:46.906,29.92,125,67.1,0.8497,4436.6,440.6,3.940,2.14,3.89,0.01,0.01,-660.0,1841.0,352.0,-25596.0,24394,1559,61.8,0.0,10788.0,0,0,0,e1f,d4e,d4a,d4a,d4a,1,1,1,1,1,0,0,0,0,1,1,1,0,0,1,1,1,0,0,1,0,1,0,1,1,0,0,0,1,0,1,0,0,1,0,1,0,1,1,0,0,0,1,0,1,0,0,1,0,1,0,1,1,0,0,0,1,0,1,0,0,1,0,1,0,1,1,0,0
2026,3,29,08:48:46.926,29.94,145,67.1,0.8498,4433.5,437.4,3.939,2.15,3.89,0.01,0.01,-659.0,1841.0,353.0,-25609.0,24431,1566,61.1,0.0,10792.0,0,0,0,e1f,d4e,d4a,d4a,d4a,1,1,1,1,1,0,0,0,0,1,1,1,0,0,1,1,1,0,0,1,0,1,0,1,1,0,0,0,1,0,1,0,0,1,0,1,0,1,1,0,0,0,1,0,1,0,0,1,0,1,0,1,1,0,0,0,1,0,1,0,0,1,0,1,0,1,1,0,0
2026,3,29,08:48:46.946,29.96,165,67.1,0.8498,4433.5,437.4,3.939,2.15,3.89,0.01,0.01,-659.0,1841.0,353.0,-25622.0,24468,1573,60.3,0.0,10796.0,0,0,0,e1f,d4e,d4a,d4a,d4a,1,1,1,1,1,0,0,0,0,1,1,1,0,0,1,1,1,0,0,1,0,1,0,1,1,0,0,0,1,0,1,0,0,1,0,1,0,1,1,0,0,0,1,0,1,0,0,1,0,1,0,1,1,0,0,0,1,0,1,0,0,1,0,1,0,1,1,0,0
2026,3,29,08:48:46.966,29.98,185,67.1,0.8498,4434.7,438.7,3.939,2.15,3.89,0.01,0.01,-659.0,1841.0,354.0,-25635.0,24504,1580,59.4,0.0,10800.0,0,0,0,e1f,d4e,d4a,d4a,d4a,1,1,1,1,1,0,0,0,0,1,1,1,0,0,1,1,1,0,0,1,0,1,0,1,1,0,0,0,1,0,1,0,0,1,0,1,0,1,1,0,0,0,1,0,1,0,0,1,0,1,0,1,1,0,0,0,1,0,1,0,0,1,0,1,0,1,1,0,0
2026,3,29,08:48:46.986,30.00,205,67.1,0.8498,4434.7,438.7,3.940,2.15,3.89,0.01,0.01,-659.0,1841.0,354.0,-25648.0,24541,1587,58.4,0.0,10803.0,0,0,0,e1f,d4e,d4a,d4a,d4a,1,1,1,1,1,0,0,0,0,1,1,1,0,0,1,1,1,0,0,1,0,1,0,1,1,0,0,0,1,0,1,0,0,1,0,1,0,1,1,0,0,0,1,0,1,0,0,1,0,1,0,1,1,0,0,0,1,0,1,0,0,1,0,1,0,1,1,0,0
2026,3,29,08:48:47.006,30.02,225,67.1,0.8500,4429.7,433.6,3.940,2.15,3.89,0.01,0.01,-659.0,1842.0,355.0,-25662.0,24578,1594,57.3,0.0,10807.0,0,0,0,e1f,d4e,d4a,d4a,d4a,1,1,1,1,1,0,0,0,0,1,1,1,0,0,1,1,1,0,0,1,0,1,0,1,1,0,0,0,1,0,1,0,0,1,0,1,0,1,1,0,0,0,1,0,1,0,0,1,0,1,0,1,1,0,0,0,1,0,1,0,0,1,0,1,0,1,1,0,0
2026,3,29,08:48:47.026,30.04,245,67.1,0.8499,4430.3,434.2,3.941,2.15,3.89,0.01,0.01,-659.0,1842.0,355.0,-25675.0,24615,1602,56.1,0.0,10811.0,0,0,0,e1f,d4e,d4a,d4a,d4a,1,1,1,1,1,0,0,0,0,1,1,1,0,0,1,1,1,0,0,1,0,1,0,1,1,0,0,0,1,0,1,0,0,1,0,1,0,1,1,0,0,0,1,0,1,0,0,1,0,1,0,1,1,0,0,0,1,0,1,0,0,1,0,1,0,1,1,0,0
2026,3,29,08:48:47.046,30.06,15,67.1,0.8500,4428.4,432.3,3.939,2.15,3.89,0.01,0.01,-659.0,1842.0,356.0,-25688.0,24652,1609,54.7,0.0,10814.0,0,0,0,e1f,d4e,d4a,d4a,d4a,1,1,1,1,1,0,0,0,0,1,1,1,0,0,1,1,1,0,0,1,0,1,0,1,1,0,0,0,1,0,1,0,0,1,0,1,0,1,1,0,0,0,1,0,1,0,0,1,0,1,0,1,1,0,0,0,1,0,1,0,0,1,0,1,0,1,1,0,0
2026,3,29,08:48:47.066,30.08,35,67.1,0.8500,4428.4,432.3,3.940,2.15,3.89,0.01,0.01,-659.0,1842.0,357.0,-25701.0,24689,1616,53.2,0.0,10818.0,0,0,0,e1f,d4e,d4a,d4a,d4a,1,1,1,1,1,0,0,0,0,1,1,1,0,0,1,1,1,0,0,1,0,1,0,1,1,0,0,0,1,0,1,0,0,1,0,1,0,1,1,0,0,0,1,0,1,0,0,1,0,1,0,1,1,0,0,0,1,0,1,0,0,1,0,1,0,1,1,0,0
2026,3,29,08:48:47.086,30.10,55,67.1,0.8499,4431.6,435.5,3.939,2.15,3.89,0.01,0.01,-659.0,1842.0,357.0,-25714.0,24726,1623,51.7,0.0,10821.0,0,0,0,e1f,d4e,d4a,d4a,d4a,1,1,1,1,1,0,0,0,0,1,1,1,0,0,1,1,1,0,0,1,0,1,0,1,1,0,0,0,1,0,1,0,0,1,0,1,0,1,1,0,0,0,1,0,1,0,0,1,0,1,0,1,1,0,0,0,1,0,1,0,0,1,0,1,0,1,1,0,0
2026,3,29,08:48:47.106,30.12,75,67.1,0.8499,4431.6,435.5,3.940,2.15,3.89,0.01,0.01,-659.0,1842.0,358.0,-25727.0,24763,1630,50.0,0.0,10824.0,0,0,0,e1f,d4e,d4a,d4a,d4a,1,1,1,1,1,0,0,0,0,1,1,1,0,0,1,1,1,0,0,1,0,1,0,1,1,0,0,0,1,0,1,0,0,1,0,1,0,1,1,0,0,0,1,0,1,0,0,1,0,1,0,1,1,0,0,0,1,0,1,0,0,1,0,1,0,1,1,0,0
2026,3,29,08:48:47.126,30.14,95,67.1,0.8500,4428.4,432.3,3.939,2.15,3.89,0.01,0.01,-659.0,1842.0,359.0,-25741.0,24799,1637,48.2,0.0,10827.0,0,0,0,e1f,d4e,d4a,d4a,d4a,1,1,1,1,1,0,0,0,0,1,1,1,0,0,1,1,1,0,0,1,0,1,0,1,1,0,0,0,1,0,1,0,0,1,0,1,0,1,1,0,0,0,1,0,1,0,0,1,0,1,0,1,1,0,0,0,1,0,1,0,0,1,0,1,0,1,1,0,0
2026,3,29,08:48:47.146,30.16,115,67.1,0.8500,4428.4,432.3,3.940,2.15,3.89,0.01,0.01,-659.0,1842.0,359.0,-25754.0,24836,1644,46.3,0.0,10830.0,0,0,0,e1f,d4e,d4a,d4a,d4a,1,1,1,1,1,0,0,0,0,1,1,1,0,0,1,1,1,0,0,1,0,1,0,1,1,0,0,0,1,0,1,0,0,1,0,1,0,1,1,0,0,0,1,0,1,0,0,1,0,1,0,1,1,0,0,0,1,0,1,0,0,1,0,1,0,1,1,0,0
2026,3,29,08:48:47.166,30.18,135,67.1,0.8504,4417.0,421.0,3.940,2.16,3.89,0.01,0.01,-659.0,1842.0,360.0,-25767.0,24873,1652,44.3,0.0,10833.0,0,0,0,e1f,d4e,d4a,d4a,d4a,1,1,1,1,1,0,0,0,0,1,1,1,0,0,1,1,1,0,0,1,0,1,0,1,1,0,0,0,1,0,1,0,0,1,0,1,0,1,1,0,0,0,1,0,1,0,0,1,0,1,0,1,1,0,0,0,1,0,1,0,0,1,0,1,0,1,1,0,0
2026,3,29,08:48:47.186,30.20,155,67.1,0.8504,4417.0,421.0,3.939,2.16,3.89,0.01,0.01,-659.0,1843.0,361.0,-25780.0,24910,1659,42.2,0.0,10836.0,0,0,0,e1f,d4e,d4a,d4a,d4a,1,1,1,1,1,0,0,0,0,1,1,1,0,0,1,1,1,0,0,1,0,1,0,1,1,0,0,0,1,0,1,0,0,1,0,1,0,1,1,0,0,0,1,0,1,0,0,1,0,1,0,1,1,0,0,0,1,0,1,0,0,1,0,1,0,1,1,0,0
2026,3,29,08:48:47.206,30.22,175,67.1,0.8504,4415.8,419.7,3.939,2.16,3.89,0.01,0.01,-659.0,1843.0,362.0,-25793.0,24947,1666,39.9,0.0,10839.0,0,0,0,e1f,d4e,d4a,d4a,d4a,1,1,1,1,1,0,0,0,0,1,1,1,0,0,1,1,1,0,0,1,0,1,0,1,1,0,0,0,1,0,1,0,0,1,0,1,0,1,1,0,0,0,1,0,1,0,0,1,0,1,0,1,1,0,0,0,1,0,1,0,0,1,0,1,0,1,1,0,0
2026,3,29,08:48:47.226,30.24,195,67.1,0.8504,4415.8,419.7,3.940,2.16,3.89,0.01,0.01,-659.0,1843.0,363.0,-25807.0,24984,1673,37.5,0.0,10842.0,0,0,0,e1f,d4e,d4a,d4a,d4a,1,1,1,1,1,0,0,0,0,1,1,1,0,0,1,1,1,0,0,1,0,1,0,1,1,0,0,0,1,0,1,0,0,1,0,1,0,1,1,0,0,0,1,0,1,0,0,1,0,1,0,1,1,0,0,0,1,0,1,0,0,1,0,1,0,1,1,0,0
2026,3,29,08:48:47.246,30.26,215,67.1,0.8504,4415.8,419.7,3.939,2.16,3.89,0.01,0.01,-659.0,1843.0,364.0,-25820.0,25021,1681,34.9,0.0,10845.0,0,0,0,e1f,d4e,d4a,d4a,d4a,1,1,1,1,1,0,0,0,0,1,1,1,0,0,1,1,1,0,0,1,0,1,0,1,1,0,0,0,1,0,1,0,0,1,0,1,0,1,1,0,0,0,1,0,1,0,0,1,0,1,0,1,1,0,0,0,1,0,1,0,0,1,0,1,0,1,1,0,0
2026,3,29,08:48:47.266,30.28,235,67.1,0.8504,4415.8,419.7,3.940,2.16,3.89,0.01,0.01,-659.0,1844.0,364.0,-25833.0,25058,1688,32.3,0.0,10848.0,0,0,0,e1f,d4e,d4a,d4a,d4a,1,1,1,1,1,0,0,0,0,1,1,1,0,0,1,1,1,0,0,1,0,1,0,1,1,0,0,0,1,0,1,0,0,1,0,1,0,1,1,0,0,0,1,0,1,0,0,1,0,1,0,1,1,0,0,0,1,0,1,0,0,1,0,1,0,1,1,0,0
2026,3,29,08:48:47.286,30.30,5,67.1,0.8508,4402.5,406.5,3.939,2.16,3.89,0.01,0.01,-660.0,1844.0,365.0,-25846.0,25094,1695,29.7,0.0,10851.0,0,0,0,e1f,d4e,d4a,d4a,d4a,1,1,1,1,1,0,0,0,0,1,1,1,0,0,1,1,1,0,0,1,0,1,0,1,1,0,0,0,1,0,1,0,0,1,0,1,0,1,1,0,0,0,1,0,1,0,0,1,0,1,0,1,1,0,0,0,1,0,1,0,0,1,0,1,0,1,1,0,0
2026,3,29,08:48:47.306,30.32,25,67.1,0.8508,4402.5,406.5,3.939,2.16,3.89,0.01,0.01,-660.0,1845.0,366.0,-25859.0,25131,1703,27.1,0.0,10853.0,0,0,0,e1f,d4e,d4a,d4a,d4a,1,1,1,1,1,0,0,0,0,1,1,1,0,0,1,1,1,0,0,1,0,1,0,1,1,0,0,0,1,0,1,0,0,1,0,1,0,1,1,0,0,0,1,0,1,0,0,1,0,1,0,1,1,0,0,0,1,0,1,0,0,1,0,1,0,1,1,0,0
2026,3,29,08:48:47.326,30.34,45,67.1,0.8508,4404.4,408.4,3.939,2.16,3.89,0.01,0.01,-661.0,1845.0,366.0,-25873.0,25168,1710,24.5,0.0,10856.0,0,0,0,e1f,d4e,d4a,d4a,d4a,1,1,1,1,1,0,0,0,0,1,1,1,0,0,1,1,1,0,0,1,0,1,0,1,1,0,0,0,1,0,1,0,0,1,0,1,0,1,1,0,0,0,1,0,1,0,0,1,0,1,0,1,1,0,0,0,1,0,1,0,0,1,0,1,0,1,1,0,0
2026,3,29,08:48:47.346,30.36,65,67.1,0.8508,4404.4,408.4,3.940,2.16,3.89,0.01,0.01,-661.0,1846.0,367.0,-25886.0,25205,1717,22.0,0.0,10859.0,0,0,0,e1f,d4e,d4a,d4a,d4a,1,1,1,1,1,0,0,0,0,1,1,1,0,0,1,1,1,0,0,1,0,1,0,1,1,0,0,0,1,0,1,0,0,1,0,1,0,1,1,0,0,0,1,0,1,0,0,1,0,1,0,1,1,0,0,0,1,0,1,0,0,1,0,1,0,1,1,0,0
2026,3,29,08:48:47.366,30.38,85,67.1,0.8510,4396.2,400.2,3.939,2.16,3.89,0.01,0.01,-662.0,1847.0,367.0,-25899.0,25242,1725,19.5,0.0,10862.0,0,0,0,e1f,d4e,d4a,d4a,d4a,1,1,1,1,1,0,0,0,0,1,1,1,0,0,1,1,1,0,0,1,0,1,0,1,1,0,0,0,1,0,1,0,0,1,0,1,0,1,1,0,0,0,1,0,1,0,0,1,0,1,0,1,1,0,0,0,1,0,1,0,0,1,0,1,0,1,1,0,0
2026,3,29,08:48:47.386,30.40,105,67.1,0.8510,4396.2,400.2,3.939,2.16,3.89,0.01,0.01,-662.0,1848.0,367.0,-25912.0,25279,1732,17.3,0.0,10864.0,0,0,0,e1f,d4e,d4a,d4a,d4a,1,1,1,1,1,0,0,0,0,1,1,1,0,0,1,1,1,0,0,1,0,1,0,1,1,0,0,0,1,0,1,0,0,1,0,1,0,1,1,0,0,0,1,0,1,0,0,1,0,1,0,1,1,0,0,0,1,0,1,0,0,1,0,1,0,1,1,0,0
2026,3,29,08:48:47.406,30.42,125,67.1,0.8511,4393.1,397.0,3.940,2.16,3.89,0.01,0.01,-663.0,1848.0,368.0,-25926.0,25316,1739,15.2,0.0,10867.0,0,0,0,e1f,d4e,d4a,d4a,d4a,1,1,1,1,1,0,0,0,0,1,1,1,0,0,1,1,1,0,0,1,0,1,0,1,1,0,0,0,1,0,1,0,0,1,0,1,0,1,1,0,0,0,1,0,1,0,0,1,0,1,0,1,1,0,0,0,1,0,1,0,0,1,0,1,0,1,1,0,0
2026,3,29,08:48:47.426,30.44,145,67.1,0.8511,4393.7,397.6,3.938,2.16,3.89,0.01,0.01,-663.0,1849.0,368.0,-25939.0,25353,1747,13.5,0.0,10869.0,0,0,0,e1f,d4e,d4a,d4a,d4a,1,1,1,1,1,0,0,0,0,1,1,1,0,0,1,1,1,0,0,1,0,1,0,1,1,0,0,0,1,0,1,0,0,1,0,1,0,1,1,0,0,0,1,0,1,0,0,1,0,1,0,1,1,0,0,0,1,0,1,0,0,1,0,1,0,1,1,0,0
2026,3,29,08:48:47.446,30.46,165,67.1,0.8508,4401.9,405.8,3.939,2.16,3.89,0.01,0.01,-664.0,1850.0,368.0,-25952.0,25390,1754,12.0,0.0,10872.0,0,0,0,e1f,d4e,d4a,d4a,d4e,1,1,1,1,1,0,0,0,0,1,1,1,0,0,1,1,1,0,0,1,0,1,0,1,1,0,0,0,1,0,1,0,0,1,0,1,0,1,1,0,0,0,1,0,1,0,0,1,0,1,0,1,1,0,0,0,1,1,1,0,0,1,0,1,0,1,1,0,0
2026,3,29,08:48:47.466,30.48,185,67.1,0.8508,4402.5,406.5,3.939,2.16,3.89,0.01,0.01,-664.0,1851.0,368.0,-25965.0,25427,1761,11.0,0.0,10875.0,0,0,0,e1f,d4e,d4a,d4a,d4e,1,1,1,1,1,0,0,0,0,1,1,1,0,0,1,1,1,0,0,1,0,1,0,1,1,0,0,0,1,0,1,0,0,1,0,1,0,1,1,0,0,0,1,0,1,0,0,1,0,1,0,1,1,0,0,0,1,1,1,0,0,1,0,1,0,1,1,0,0
2026,3,29,08:48:47.486,30.50,205,67.1,0.8502,4423.4,427.3,3.939,2.16,3.89,0.01,0.01,-664.0,1851.0,368.0,-25979.0,25464,1769,10.6,0.0,10877.0,0,0,0,e1f,d46,d42,d42,d46,1,1,1,1,1,0,0,0,0,1,1,1,0,0,1,1,0,0,0,1,0,1,0,1,1,0,0,0,1,0,0,0,0,1,0,1,0,1,1,0,0,0,1,0,0,0,0,1,0,1,0,1,1,0,0,0,1,1,0,0,0,1,0,1,0,1,1,0,0
2026,3,29,08:48:47.506,30.52,225,67.0,0.8501,4424.6,428.6,3.939,2.16,3.89,0.01,0.01,-665.0,1852.0,368.0,-25992.0,25501,1776,10.6,0.0,10880.0,0,0,0,e1f,d46,d42,d42,d46,1,1,1,1,1,0,0,0,0,1,1,1,0,0,1,1,0,0,0,1,0,1,0,1,1,0,0,0,1,0,0,0,0,1,0,1,0,1,1,0,0,0,1,0,0,0,0,1,0,1,0,1,1,0,0,0,1,1,0,0,0,1,0,1,0,1,1,0,0
2026,3,29,08:48:47.526,30.54,245,67.0,0.8497,4437.2,441.2,3.939,2.16,3.89,0.01,0.01,-665.0,1853.0,369.0,-26005.0,25538,1784,11.1,0.0,10882.0,0,0,0,e1f,d46,d42,d42,d46,1,1,1,1,1,0,0,0,0,1,1,1,0,0,1,1,0,0,0,1,0,1,0,1,1,0,0,0,1,0,0,0,0,1,0,1,0,1,1,0,0,0,1,0,0,0,0,1,0,1,0,1,1,0,0,0,1,1,0,0,0,1,0,1,0,1,1,0,0
2026,3,29,08:48:47.546,30.56,15,67.0,0.8497,4438.5,442.4,3.939,2.17,3.89,0.01,0.01,-665.0,1854.0,369.0,-26019.0,25575,1791,11.9,0.0,10885.0,0,0,0,e1f,d46,d42,d42,d46,1,1,1,1,1,0,0,0,0,1,1,1,0,0,1,1,0,0,0,1,0,1,0,1,1,0,0,0,1,0,0,0,0,1,0,1,0,1,1,0,0,0,1,0,0,0,0,1,0,1,0,1,1,0,0,0,1,1,0,0,0,1,0,1,0,1,1,0,0
2026,3,29,08:48:47.566,30.58,35,67.0,0.8489,4462.5,466.4,3.938,2.17,3.89,0.01,0.01,-665.0,1855.0,369.0,-26032.0,25612,1798,13.0,0.0,10887.0,0,0,0,e1f,d46,d42,d42,d46,1,1,1,1,1,0,0,0,0,1,1,1,0,0,1,1,0,0,0,1,0,1,0,1,1,0,0,0,1,0,0,0,0,1,0,1,0,1,1,0,0,0,1,0,0,0,0,1,0,1,0,1,1,0,0,0,1,1,0,0,0,1,0,1,0,1,1,0,0
2026,3,29,08:48:47.586,30.60,55,67.0,0.8489,4463.8,467.7,3.939,2.17,3.89,0.01,0.01,-666.0,1856.0,369.0,-26045.0,25650,1806,14.2,0.0,10890.0,0,0,0,e1f,d4e,d4a,d4a,d4e,1,1,1,1,1,0,0,0,0,1,1,1,0,0,1,1,1,0,0,1,0,1,0,1,1,0,0,0,1,0,1,0,0,1,0,1,0,1,1,0,0,0,1,0,1,0,0,1,0,1,0,1,1,0,0,0,1,1,1,0,0,1,0,1,0,1,1,0,0
2026,3,29,08:48:47.606,30.62,75,67.0,0.8481,4489.7,493.6,3.939,2.17,3.89,0.01,0.01,-666.0,1857.0,369.0,-26059.0,25687,1813,15.6,0.0,10892.0,0,0,0,e1f,d4e,d4a,d4a,d4e,1,1,1,1,1,0,0,0,0,1,1,1,0,0,1,1,1,0,0,1,0,1,0,1,1,0,0,0,1,0,1,0,0,1,0,1,0,1,1,0,0,0,1,0,1,0,0,1,0,1,0,1,1,0,0,0,1,1,1,0,0,1,0,1,0,1,1,0,0
2026,3,29,08:48:47.626,30.64,95,66.9,0.8480,4491.0,494.9,3.939,2.17,3.89,0.01,0.01,-666.0,1858.0,370.0,-26072.0,25724,1820,17.1,0.0,10895.0,0,0,0,e1f,d4e,d4a,d4a,d4a,1,1,1,1,1,0,0,0,0,1,1,1,0,0,1,1,1,0,0,1,0,1,0,1,1,0,0,0,1,0,1,0,0,1,0,1,0,1,1,0,0,0,1,0,1,0,0,1,0,1,0,1,1,0,0,0,1,0,1,0,0,1,0,1,0,1,1,0,0
2026,3,29,08:48:47.646,30.66,115,66.9,0.8474,4509.9,513.9,3.939,2.17,3.89,0.01,0.01,-666.0,1858.0,370.0,-26085.0,25761,1828,18.7,0.0,10897.0,0,0,0,e1f,d4e,d4a,d4a,d4a,1,1,1,1,1,0,0,0,0,1,1,1,0,0,1,1,1,0,0,1,0,1,0,1,1,0,0,0,1,0,1,0,0,1,0,1,0,1,1,0,0,0,1,0,1,0,0,1,0,1,0,1,1,0,0,0,1,0,1,0,0,1,0,1,0,1,1,0,0
2026,3,29,08:48:47.666,30.68,135,66.9,0.8474,4511.8,515.8,3.940,2.17,3.89,0.01,0.01,-667.0,1859.0,370.0,-26099.0,25798,1835,20.4,0.0,10900.0,0,0,0,e1f,d4e,d4a,d4a,d4a,1,1,1,1,1,0,0,0,0,1,1,1,0,0,1,1,1,0,0,1,0,1,0,1,1,0,0,0,1,0,1,0,0,1,0,1,0,1,1,0,0,0,1,0,1,0,0,1,0,1,0,1,1,0,0,0,1,0,1,0,0,1,0,1,0,1,1,0,0
2026,3,29,08:48:47.686,30.70,155,66.9,0.8464,4541.0,544.9,3.939,2.17,3.89,0.01,0.01,-667.0,1860.0,370.0,-26112.0,25835,1843,22.2,0.0,10902.0,0,0,0,e1f,d4e,d4a,d4a,d4a,1,1,1,1,1,0,0,0,0,1,1,1,0,0,1,1,1,0,0,1,0,1,0,1,1,0,0,0,1,0,1,0,0,1,0,1,0,1,1,0,0,0,1,0,1,0,0,1,0,1,0,1,1,0,0,0,1,0,1,0,0,1,0,1,0,1,1,0,0
2026,3,29,08:48:47.706,30.72,175,66.9,0.8464,4541.6,545.5,3.939,2.17,3.89,0.01,0.01,-667.0,1861.0,370.0,-26125.0,25873,1850,24.1,0.0,10904.0,0,0,0,e1f,d4e,d4a,d4a,d4a,1,1,1,1,1,0,0,0,0,1,1,1,0,0,1,1,1,0,0,1,0,1,0,1,1,0,0,0,1,0,1,0,0,1,0,1,0,1,1,0,0,0,1,0,1,0,0,1,0,1,0,1,1,0,0,0,1,0,1,0,0,1,0,1,0,1,1,0,0
2026,3,29,08:48:47.726,30.74,195,66.9,0.8457,4564.4,568.3,3.940,2.17,3.89,0.01,0.01,-668.0,1861.0,371.0,-26139.0,25910,1858,26.2,0.0,10907.0,0,0,0,e1f,d4e,d4a,d4a,d4a,1,1,1,1,1,0,0,0,0,1,1,1,0,0,1,1,1,0,0,1,0,1,0,1,1,0,0,0,1,0,1,0,0,1,0,1,0,1,1,0,0,0,1,0,1,0,0,1,0,1,0,1,1,0,0,0,1,0,1,0,0,1,0,1,0,1,1,0,0
2026,3,29,08:48:47.746,30.76,215,66.8,0.8457,4565.7,569.6,3.939,2.17,3.89,0.01,0.01,-668.0,1862.0,371.0,-26152.0,25947,1865,28.5,0.0,10909.0,0,0,0,e1f,d4e,d4a,d4a,d4a,1,1,1,1,1,0,0,0,0,1,1,1,0,0,1,1,1,0,0,1,0,1,0,1,1,0,0,0,1,0,1,0,0,1,0,1,0,1,1,0,0,0,1,0,1,0,0,1,0,1,0,1,1,0,0,0,1,0,1,0,0,1,0,1,0,1,1,0,0
2026,3,29,08:48:47.766,30.78,235,66.8,0.8452,4579.0,582.9,3.938,2.17,3.89,0.01,0.01,-669.0,1862.0,371.0,-26165.0,25984,1872,30.9,0.0,10912.0,0,0,0,e1f,d4e,d4a,d4a,d4a,1,1,1,1,1,0,0,0,0,1,1,1,0,0,1,1,1,0,0,1,0,1,0,1,1,0,0,0,1,0,1,0,0,1,0,1,0,1,1,0,0,0,1,0,1,0,0,1,0,1,0,1,1,0,0,0,1,0,1,0,0,1,0,1,0,1,1,0,0
2026,3,29,08:48:47.786,30.80,5,66.8,0.8452,4579.6,583.6,3.939,2.17,3.89,0.01,0.01,-670.0,1863.0,371.0,-26179.0,26022,1880,33.4,0.0,10914.0,0,0,0,e1f,d4e,d4a,d4a,d4a,1,1,1,1,1,0,0,0,0,1,1,1,0,0,1,1,1,0,0,1,0,1,0,1,1,0,0,0,1,0,1,0,0,1,0,1,0,1,1,0,0,0,1,0,1,0,0,1,0,1,0,1,1,0,0,0,1,0,1,0,0,1,0,1,0,1,1,0,0
2026,3,29,08:48:47.806,30.82,25,66.8,0.8444,4606.9,610.8,3.939,2.17,3.89,0.01,0.01,-670.0,1863.0,370.0,-26192.0,26059,1887,36.1,0.0,10917.0,0,0,0,e1f,d4e,d4a,d4a,d4a,1,1,1,1,1,0,0,0,0,1,1,1,0,0,1,1,1,0,0,1,0,1,0,1,1,0,0,0,1,0,1,0,0,1,0,1,0,1,1,0,0,0,1,0,1,0,0,1,0,1,0,1,1,0,0,0,1,0,1,0,0,1,0,1,0,1,1,0,0
2026,3,29,08:48:47.826,30.84,45,66.8,0.8443,4608.2,612.1,3.939,2.17,3.89,0.01,0.01,-671.0,1863.0,370.0,-26206.0,26096,1895,38.9,0.0,10919.0,0,0,0,e1f,d4e,d4a,d4a,d4a,1,1,1,1,1,0,0,0,0,1,1,1,0,0,1,1,1,0,0,1,0,1,0,1,1,0,0,0,1,0,1,0,0,1,0,1,0,1,1,0,0,0,1,0,1,0,0,1,0,1,0,1,1,0,0,0,1,0,1,0,0,1,0,1,0,1,1,0,0
2026,3,29,08:48:47.846,30.86,65,66.8,0.8440,4619.6,623.5,3.939,2.17,3.89,0.01,0.01,-672.0,1864.0,370.0,-26219.0,26133,1902,41.9,0.0,10922.0,0,0,0,e1f,d4e,d4a,d4a,d4a,1,1,1,1,1,0,0,0,0,1,1,1,0,0,1,1,1,0,0,1,0,1,0,1,1,0,0,0,1,0,1,0,0,1,0,1,0,1,1,0,0,0,1,0,1,0,0,1,0,1,0,1,1,0,0,0,1,0,1,0,0,1,0,1,0,1,1,0,0
2026,3,29,08:48:47.866,30.88,85,66.8,0.8440,4619.6,623.5,3.939,2.17,3.89,0.01,0.01,-673.0,1864.0,370.0,-26232.0,26171,1909,45.0,0.0,10924.0,0,0,0,e1f,d4e,d4a,d4a,d4a,1,1,1,1,1,0,0,0,0,1,1,1,0,0,1,1,1,0,0,1,0,1,0,1,1,0,0,0,1,0,1,0,0,1,0,1,0,1,1,0,0,0,1,0,1,0,0,1,0,1,0,1,1,0,0,0,1,0,1,0,0,1,0,1,0,1,1,0,0
2026,3,29,08:48:47.886,30.90,105,66.8,0.8442,4613.3,617.2,3.940,2.17,3.89,0.01,0.01,-674.0,1864.0,370.0,-26246.0,26208,1917,48.3,0.0,10927.0,0,0,0,e1f,d4e,d4a,d4a,d4a,1,1,1,1,1,0,0,0,0,1,1,1,0,0,1,1,1,0,0,1,0,1,0,1,1,0,0,0,1,0,1,0,0,1,0,1,0,1,1,0,0,0,1,0,1,0,0,1,0,1,0,1,1,0,0,0,1,0,1,0,0,1,0,1,0,1,1,0,0
2026,3,29,08:48:47.906,30.92,125,66.8,0.8441,4613.9,617.8,3.939,2.17,3.89,0.01,0.01,-674.0,1865.0,369.0,-26259.0,26245,1924,51.7,0.0,10929.0,0,0,0,e1f,d4e,d4a,d4a,d4a,1,1,1,1,1,0,0,0,0,1,1,1,0,0,1,1,1,0,0,1,0,1,0,1,1,0,0,0,1,0,1,0,0,1,0,1,0,1,1,0,0,0,1,0,1,0,0,1,0,1,0,1,1,0,0,0,1,0,1,0,0,1,0,1,0,1,1,0,0
2026,3,29,08:48:47.926,30.94,145,66.8,0.8439,4621.5,625.4,3.940,2.17,3.89,0.01,0.01,-675.0,1865.0,369.0,-26273.0,26283,1932,55.3,0.0,10932.0,0,0,0,e1f,d4e,d4a,d4a,d4a,1,1,1,1,1,0,0,0,0,1,1,1,0,0,1,1,1,0,0,1,0,1,0,1,1,0,0,0,1,0,1,0,0,1,0,1,0,1,1,0,0,0,1,0,1,0,0,1,0,1,0,1,1,0,0,0,1,0,1,0,0,1,0,1,0,1,1,0,0
2026,3,29,08:48:47.946,30.96,165,66.8,0.8439,4621.5,625.4,3.939,2.17,3.89,0.01,0.01,-676.0,1866.0,369.0,-26286.0,26320,1939,58.9,0.0,10935.0,0,0,0,e1f,d4e,d4a,d4a,d4a,1,1,1,1,1,0,0,0,0,1,1,1,0,0,1,1,1,0,0,1,0,1,0,1,1,0,0,0,1,0,1,0,0,1,0,1,0,1,1,0,0,0,1,0,1,0,0,1,0,1,0,1,1,0,0,0,1,0,1,0,0,1,0,1,0,1,1,0,0
2026,3,29,08:48:47.966,30.98,185,66.8,0.8439,4620.2,624.2,3.939,2.17,3.89,0.01,0.01,-676.0,1866.0,368.0,-26300.0,26357,1946,62.6,0.0,10938.0,0,0,0,e1f,d4e,d4a,d4a,d4a,1,1,1,1,1,0,0,0,0,1,1,1,0,0,1,1,1,0,0,1,0,1,0,1,1,0,0,0,1,0,1,0,0,1,0,1,0,1,1,0,0,0,1,0,1,0,0,1,0,1,0,1,1,0,0,0,1,0,1,0,0,1,0,1,0,1,1,0,0
2026,3,29,08:48:47.986,31.00,205,66.8,0.8440,4619.6,623.5,3.940,2.17,3.89,0.01,0.01,-677.0,1867.0,367.0,-26314.0,26395,1954,66.4,0.0,10942.0,0,0,0,e1f,d4e,d4a,d4a,d4a,1,1,1,1,1,0,0,0,0,1,1,1,0,0,1,1,1,0,0,1,0,1,0,1,1,0,0,0,1,0,1,0,0,1,0,1,0,1,1,0,0,0,1,0,1,0,0,1,0,1,0,1,1,0,0,0,1,0,1,0,0,1,0,1,0,1,1,0,0
2026,3,29,08:48:48.006,31.02,225,66.8,0.8443,4608.2,612.1,3.939,2.17,3.89,0.01,0.01,-677.0,1867.0,367.0,-26327.0,26432,1961,70.3,0.0,10946.0,0,0,0,e1f,d4e,d4a,d4a,d4a,1,1,1,1,1,0,0,0,0,1,1,1,0,0,1,1,1,0,0,1,0,1,0,1,1,0,0,0,1,0,1,0,0,1,0,1,0,1,1,0,0,0,1,0,1,0,0,1,0,1,0,1,1,0,0,0,1,0,1,0,0,1,0,1,0,1,1,0,0
2026,3,29,08:48:48.026,31.04,245,66.8,0.8443,4607.5,611.5,3.940,2.17,3.89,0.01,0.01,-678.0,1868.0,366.0,-26341.0,26469,1969,74.2,0.0,10950.0,0,0,0,e1f,d4e,d4a,d4a,d4a,1,1,1,1,1,0,0,0,0,1,1,1,0,0,1,1,1,0,0,1,0,1,0,1,1,0,0,0,1,0,1,0,0,1,0,1,0,1,1,0,0,0,1,0,1,0,0,1,0,1,0,1,1,0,0,0,1,0,1,0,0,1,0,1,0,1,1,0,0
2026,3,29,08:48:48.046,31.06,15,66.8,0.8450,4586.0,589.9,3.940,2.17,3.89,0.01,0.01,-678.0,1868.0,366.0,-26354.0,26507,1976,78.1,0.0,10954.0,0,0,0,e1f,d4e,d4a,d4a,d4a,1,1,1,1,1,0,0,0,0,1,1,1,0,0,1,1,1,0,0,1,0,1,0,1,1,0,0,0,1,0,1,0,0,1,0,1,0,1,1,0,0,0,1,0,1,0,0,1,0,1,0,1,1,0,0,0,1,0,1,0,0,1,0,1,0,1,1,0,0
2026,3,29,08:48:48.066,31.08,35,66.9,0.8451,4584.1,588.0,3.939,2.17,3.89,0.01,0.01,-678.0,1869.0,365.0,-26368.0,26544,1983,81.9,0.0,10960.0,0,0,0,e1f,d4e,d4a,d4a,d4a,1,1,1,1,1,0,0,0,0,1,1,1,0,0,1,1,1,0,0,1,0,1,0,1,1,0,0,0,1,0,1,0,0,1,0,1,0,1,1,0,0,0,1,0,1,0,0,1,0,1,0,1,1,0,0,0,1,0,1,0,0,1,0,1,0,1,1,0,0
2026,3,29,08:48:48.086,31.10,55,66.9,0.8466,4537.2,541.1,3.939,2.17,3.89,0.01,0.01,-678.0,1869.0,364.0,-26381.0,26581,1990,85.8,0.0,10966.0,0,0,0,e1f,d4e,d4a,d4a,d4a,1,1,1,1,1,0,0,0,0,1,1,1,0,0,1,1,1,0,0,1,0,1,0,1,1,0,0,0,1,0,1,0,0,1,0,1,0,1,1,0,0,0,1,0,1,0,0,1,0,1,0,1,1,0,0,0,1,0,1,0,0,1,0,1,0,1,1,0,0
2026,3,29,08:48:48.106,31.12,75,66.9,0.8466,4535.3,539.2,3.939,2.17,3.89,0.01,0.01,-678.0,1870.0,364.0,-26395.0,26619,1998,89.6,0.0,10972.0,0,0,0,e1f,d4e,d4a,d4a,d4a,1,1,1,1,1,0,0,0,0,1,1,1,0,0,1,1,1,0,0,1,0,1,0,1,1,0,0,0,1,0,1,0,0,1,0,1,0,1,1,0,0,0,1,0,1,0,0,1,0,1,0,1,1,0,0,0,1,0,1,0,0,1,0,1,0,1,1,0,0
2026,3,29,08:48:48.126,31.14,95,66.9,0.8482,4486.5,490.5,3.940,2.17,3.89,0.01,0.01,-678.0,1870.0,363.0,-26409.0,26656,2005,93.3,0.0,10979.0,0,0,0,e1f,d4e,d4a,d4a,d4a,1,1,1,1,1,0,0,0,0,1,1,1,0,0,1,1,1,0,0,1,0,1,0,1,1,0,0,0,1,0,1,0,0,1,0,1,0,1,1,0,0,0,1,0,1,0,0,1,0,1,0,1,1,0,0,0,1,0,1,0,0,1,0,1,0,1,1,0,0
2026,3,29,08:48:48.146,31.16,115,67.0,0.8482,4484.6,488.6,3.939,2.17,3.89,0.01,0.01,-678.0,1871.0,363.0,-26422.0,26694,2012,97.0,0.0,10985.0,0,0,0,e1f,d4a,d4a,d4a,d4a,1,1,1,1,1,0,0,0,0,1,1,1,0,0,1,0,1,0,0,1,0,1,0,1,1,0,0,0,1,0,1,0,0,1,0,1,0,1,1,0,0,0,1,0,1,0,0,1,0,1,0,1,1,0,0,0,1,0,1,0,0,1,0,1,0,1,1,0,0
2026,3,29,08:48:48.166,31.18,135,67.0,0.8496,4442.3,446.2,3.939,2.18,3.89,0.01,0.01,-677.0,1871.0,362.0,-26436.0,26731,2020,100.6,0.0,10991.0,0,0,0,e1f,d4a,d4a,d4a,d4a,1,1,1,1,1,0,0,0,0,1,1,1,0,0,1,0,1,0,0,1,0,1,0,1,1,0,0,0,1,0,1,0,0,1,0,1,0,1,1,0,0,0,1,0,1,0,0,1,0,1,0,1,1,0,0,0,1,0,1,0,0,1,0,1,0,1,1,0,0
2026,3,29,08:48:48.186,31.20,155,67.0,0.8496,4441.0,445.0,3.940,2.18,3.89,0.01,0.01,-677.0,1872.0,362.0,-26449.0,26769,2027,104.2,0.0,10997.0,0,0,0,e1f,d4a,d4a,d4a,d4a,1,1,1,1,1,0,0,0,0,1,1,1,0,0,1,0,1,0,0,1,0,1,0,1,1,0,0,0,1,0,1,0,0,1,0,1,0,1,1,0,0,0,1,0,1,0,0,1,0,1,0,1,1,0,0,0,1,0,1,0,0,1,0,1,0,1,1,0,0
2026,3,29,08:48:48.206,31.22,175,67.0,0.8506,4408.2,412.1,3.940,2.18,3.89,0.01,0.01,-677.0,1872.0,362.0,-26463.0,26806,2034,107.7,0.0,11002.0,0,0,0,e1f,d4a,d4a,d4a,d4a,1,1,1,1,1,0,0,0,0,1,1,1,0,0,1,0,1,0,0,1,0,1,0,1,1,0,0,0,1,0,1,0,0,1,0,1,0,1,1,0,0,0,1,0,1,0,0,1,0,1,0,1,1,0,0,0,1,0,1,0,0,1,0,1,0,1,1,0,0
2026,3,29,08:48:48.226,31.24,195,67.1,0.8506,4408.2,412.1,3.939,2.18,3.89,0.01,0.01,-677.0,1872.0,362.0,-26476.0,26843,2041,111.1,0.0,11006.0,0,0,0,e1f,d4a,d4a,d4a,d4a,1,1,1,1,1,0,0,0,0,1,1,1,0,0,1,0,1,0,0,1,0,1,0,1,1,0,0,0,1,0,1,0,0,1,0,1,0,1,1,0,0,0,1,0,1,0,0,1,0,1,0,1,1,0,0,0,1,0,1,0,0,1,0,1,0,1,1,0,0
2026,3,29,08:48:48.246,31.26,215,67.1,0.8503,4419.6,423.5,3.939,2.18,3.89,0.01,0.01,-676.0,1872.0,362.0,-26490.0,26881,2049,114.4,0.0,11011.0,0,0,0,e1f,d4a,d4a,d4a,d4a,1,1,1,1,1,0,0,0,0,1,1,1,0,0,1,0,1,0,0,1,0,1,0,1,1,0,0,0,1,0,1,0,0,1,0,1,0,1,1,0,0,0,1,0,1,0,0,1,0,1,0,1,1,0,0,0,1,0,1,0,0,1,0,1,0,1,1,0,0
2026,3,29,08:48:48.266,31.28,235,67.1,0.8503,4418.3,422.2,3.939,2.18,3.89,0.01,0.01,-676.0,1873.0,362.0,-26503.0,26918,2056,117.7,0.0,11016.0,0,0,0,e1f,d4a,d4a,d4a,d4a,1,1,1,1,1,0,0,0,0,1,1,1,0,0,1,0,1,0,0,1,0,1,0,1,1,0,0,0,1,0,1,0,0,1,0,1,0,1,1,0,0,0,1,0,1,0,0,1,0,1,0,1,1,0,0,0,1,0,1,0,0,1,0,1,0,1,1,0,0
2026,3,29,08:48:48.286,31.30,5,67.1,0.8510,4397.5,401.4,3.939,2.18,3.89,0.01,0.01,-676.0,1873.0,362.0,-26517.0,26956,2063,120.8,0.0,11020.0,0,0,0,e1f,d4a,d4a,d4a,d4a,1,1,1,1,1,0,0,0,0,1,1,1,0,0,1,0,1,0,0,1,0,1,0,1,1,0,0,0,1,0,1,0,0,1,0,1,0,1,1,0,0,0,1,0,1,0,0,1,0,1,0,1,1,0,0,0,1,0,1,0,0,1,0,1,0,1,1,0,0
2026,3,29,08:48:48.306,31.32,25,67.1,0.8510,4397.5,401.4,3.940,2.18,3.89,0.01,0.01,-675.0,1873.0,362.0,-26530.0,26993,2070,123.8,0.0,11025.0,0,0,0,e1f,d4a,d4a,d4a,d4a,1,1,1,1,1,0,0,0,0,1,1,1,0,0,1,0,1,0,0,1,0,1,0,1,1,0,0,0,1,0,1,0,0,1,0,1,0,1,1,0,0,0,1,0,1,0,0,1,0,1,0,1,1,0,0,0,1,0,1,0,0,1,0,1,0,1,1,0,0
2026,3,29,08:48:48.326,31.34,45,67.1,0.8512,4389.3,393.2,3.939,2.18,3.89,0.01,0.01,-675.0,1874.0,362.0,-26544.0,27031,2078,126.5,0.0,11030.0,0,0,0,e1f,d4a,d4a,d4a,d4a,1,1,1,1,1,0,0,0,0,1,1,1,0,0,1,0,1,0,0,1,0,1,0,1,1,0,0,0,1,0,1,0,0,1,0,1,0,1,1,0,0,0,1,0,1,0,0,1,0,1,0,1,1,0,0,0,1,0,1,0,0,1,0,1,0,1,1,0,0
2026,3,29,08:48:48.346,31.36,65,67.1,0.8512,4389.3,393.2,3.939,2.18,3.89,0.01,0.01,-674.0,1874.0,363.0,-26557.0,27068,2085,129.1,0.0,11035.0,0,0,0,e1f,d4a,d4a,d4a,d4a,1,1,1,1,1,0,0,0,0,1,1,1,0,0,1,0,1,0,0,1,0,1,0,1,1,0,0,0,1,0,1,0,0,1,0,1,0,1,1,0,0,0,1,0,1,0,0,1,0,1,0,1,1,0,0,0,1,0,1,0,0,1,0,1,0,1,1,0,0
2026,3,29,08:48:48.366,31.38,85,67.1,0.8516,4379.2,383.1,3.939,2.18,3.89,0.01,0.01,-674.0,1874.0,363.0,-26571.0,27106,2092,131.5,0.0,11040.0,0,0,0,e1f,d4a,d4a,d4a,d4a,1,1,1,1,1,0,0,0,0,1,1,1,0,0,1,0,1,0,0,1,0,1,0,1,1,0,0,0,1,0,1,0,0,1,0,1,0,1,1,0,0,0,1,0,1,0,0,1,0,1,0,1,1,0,0,0,1,0,1,0,0,1,0,1,0,1,1,0,0
2026,3,29,08:48:48.386,31.40,105,67.1,0.8515,4379.8,383.8,3.939,2.18,3.89,0.01,0.01,-674.0,1874.0,364.0,-26584.0,27143,2099,133.7,0.0,11046.0,0,0,0,e1f,d4a,d4a,d4a,d4a,1,1,1,1,1,0,0,0,0,1,1,1,0,0,1,0,1,0,0,1,0,1,0,1,1,0,0,0,1,0,1,0,0,1,0,1,0,1,1,0,0,0,1,0,1,0,0,1,0,1,0,1,1,0,0,0,1,0,1,0,0,1,0,1,0,1,1,0,0
2026,3,29,08:48:48.406,31.42,125,67.1,0.8521,4362.2,366.1,3.939,2.18,3.89,0.01,0.01,-674.0,1875.0,364.0,-26598.0,27181,2107,135.8,0.0,11052.0,0,0,0,e1f,d4a,d4a,d4a,d4a,1,1,1,1,1,0,0,0,0,1,1,1,0,0,1,0,1,0,0,1,0,1,0,1,1,0,0,0,1,0,1,0,0,1,0,1,0,1,1,0,0,0,1,0,1,0,0,1,0,1,0,1,1,0,0,0,1,0,1,0,0,1,0,1,0,1,1,0,0
2026,3,29,08:48:48.426,31.44,145,67.1,0.8521,4361.6,365.5,3.939,2.18,3.89,0.01,0.01,-674.0,1875.0,365.0,-26611.0,27218,2114,137.7,0.0,11059.0,0,0,0,e1f,d4a,d4a,d4a,d4a,1,1,1,1,1,0,0,0,0,1,1,1,0,0,1,0,1,0,0,1,0,1,0,1,1,0,0,0,1,0,1,0,0,1,0,1,0,1,1,0,0,0,1,0,1,0,0,1,0,1,0,1,1,0,0,0,1,0,1,0,0,1,0,1,0,1,1,0,0
2026,3,29,08:48:48.446,31.46,165,67.1,0.8528,4340.8,344.7,3.940,2.18,3.89,0.01,0.01,-674.0,1875.0,365.0,-26625.0,27256,2121,139.5,0.0,11065.0,0,0,0,e1f,d4a,d4a,d4a,d4a,1,1,1,1,1,0,0,0,0,1,1,1,0,0,1,0,1,0,0,1,0,1,0,1,1,0,0,0,1,0,1,0,0,1,0,1,0,1,1,0,0,0,1,0,1,0,0,1,0,1,0,1,1,0,0,0,1,0,1,0,0,1,0,1,0,1,1,0,0
2026,3,29,08:48:48.466,31.48,185,67.1,0.8528,4340.8,344.7,3.940,2.18,3.89,0.01,0.01,-674.0,1875.0,366.0,-26638.0,27293,2129,141.2,0.0,11071.0,0,0,0,e1f,d4a,d4a,d4a,d4a,1,1,1,1,1,0,0,0,0,1,1,1,0,0,1,0,1,0,0,1,0,1,0,1,1,0,0,0,1,0,1,0,0,1,0,1,0,1,1,0,0,0,1,0,1,0,0,1,0,1,0,1,1,0,0,0,1,0,1,0,0,1,0,1,0,1,1,0,0
2026,3,29,08:48:48.486,31.50,205,67.1,0.8528,4340.8,344.7,3.940,2.18,3.89,0.01,0.01,-674.0,1875.0,366.0,-26652.0,27331,2136,142.7,0.0,11077.0,0,0,0,e1f,d4a,d4a,d4a,d4a,1,1,1,1,1,0,0,0,0,1,1,1,0,0,1,0,1,0,0,1,0,1,0,1,1,0,0,0,1,0,1,0,0,1,0,1,0,1,1,0,0,0,1,0,1,0,0,1,0,1,0,1,1,0,0,0,1,0,1,0,0,1,0,1,0,1,1,0,0
2026,3,29,08:48:48.506,31.52,225,67.1,0.8528,4340.8,344.7,3.940,2.18,3.89,0.01,0.01,-674.0,1875.0,367.0,-26665.0,27368,2143,144.2,0.0,11083.0,0,0,0,e1f,d4a,d4a,d4a,d4a,1,1,1,1,1,0,0,0,0,1,1,1,0,0,1,0,1,0,0,1,0,1,0,1,1,0,0,0,1,0,1,0,0,1,0,1,0,1,1,0,0,0,1,0,1,0,0,1,0,1,0,1,1,0,0,0,1,0,1,0,0,1,0,1,0,1,1,0,0
2026,3,29,08:48:48.526,31.54,245,67.1,0.8537,4313.1,317.0,3.940,2.18,3.89,0.01,0.01,-675.0,1875.0,367.0,-26679.0,27406,2151,145.6,0.0,11088.0,0,0,0,e1f,d4a,d4a,d4a,d4a,1,1,1,1,1,0,0,0,0,1,1,1,0,0,1,0,1,0,0,1,0,1,0,1,1,0,0,0,1,0,1,0,0,1,0,1,0,1,1,0,0,0,1,0,1,0,0,1,0,1,0,1,1,0,0,0,1,0,1,0,0,1,0,1,0,1,1,0,0
2026,3,29,08:48:48.546,31.56,15,67.1,0.8537,4313.1,317.0,3.940,2.18,3.89,0.01,0.01,-675.0,1875.0,367.0,-26692.0,27443,2158,147.0,0.0,11092.0,0,0,0,e1f,d4a,d4a,d4a,d4a,1,1,1,1,1,0,0,0,0,1,1,1,0,0,1,0,1,0,0,1,0,1,0,1,1,0,0,0,1,0,1,0,0,1,0,1,0,1,1,0,0,0,1,0,1,0,0,1,0,1,0,1,1,0,0,0,1,0,1,0,0,1,0,1,0,1,1,0,0
2026,3,29,08:48:48.566,31.58,35,67.1,0.8538,4308.7,312.6,3.939,2.18,3.89,0.01,0.01,-675.0,1876.0,368.0,-26706.0,27481,2165,148.3,0.0,11097.0,0,0,0,e1f,d4a,d4a,d4a,d4a,1,1,1,1,1,0,0,0,0,1,1,1,0,0,1,0,1,0,0,1,0,1,0,1,1,0,0,0,1,0,1,0,0,1,0,1,0,1,1,0,0,0,1,0,1,0,0,1,0,1,0,1,1,0,0,0,1,0,1,0,0,1,0,1,0,1,1,0,0
2026,3,29,08:48:48.586,31.60,55,67.1,0.8538,4308.7,312.6,3.940,2.18,3.89,0.01,0.01,-676.0,1876.0,368.0,-26719.0,27518,2173,149.6,0.0,11101.0,0,0,0,e1f,d4a,d4a,d4a,d4a,1,1,1,1,1,0,0,0,0,1,1,1,0,0,1,0,1,0,0,1,0,1,0,1,1,0,0,0,1,0,1,0,0,1,0,1,0,1,1,0,0,0,1,0,1,0,0,1,0,1,0,1,1,0,0,0,1,0,1,0,0,1,0,1,0,1,1,0,0
2026,3,29,08:48:48.606,31.62,75,67.1,0.8543,4293.6,297.5,3.940,2.18,3.89,0.01,0.01,-676.0,1877.0,368.0,-26733.0,27556,2180,150.9,0.0,11105.0,0,0,0,e1f,d4a,d4a,d4a,d4a,1,1,1,1,1,0,0,0,0,1,1,1,0,0,1,0,1,0,0,1,0,1,0,1,1,0,0,0,1,0,1,0,0,1,0,1,0,1,1,0,0,0,1,0,1,0,0,1,0,1,0,1,1,0,0,0,1,0,1,0,0,1,0,1,0,1,1,0,0
2026,3,29,08:48:48.626,31.64,95,67.1,0.8543,4293.6,297.5,3.940,2.18,3.89,0.01,0.01,-676.0,1877.0,369.0,-26747.0,27593,2187,152.1,0.0,11109.0,0,0,0,e1f,d4a,d4a,d4a,d4a,1,1,1,1,1,0,0,0,0,1,1,1,0,0,1,0,1,0,0,1,0,1,0,1,1,0,0,0,1,0,1,0,0,1,0,1,0,1,1,0,0,0,1,0,1,0,0,1,0,1,0,1,1,0,0,0,1,0,1,0,0,1,0,1,0,1,1,0,0
2026,3,29,08:48:48.646,31.66,115,67.1,0.8542,4296.7,300.7,3.940,2.18,3.89,0.01,0.01,-677.0,1878.0,369.0,-26760.0,27631,2195,153.2,0.0,11114.0,0,0,0,e1f,d4a,d4a,d4a,d4a,1,1,1,1,1,0,0,0,0,1,1,1,0,0,1,0,1,0,0,1,0,1,0,1,1,0,0,0,1,0,1,0,0,1,0,1,0,1,1,0,0,0,1,0,1,0,0,1,0,1,0,1,1,0,0,0,1,0,1,0,0,1,0,1,0,1,1,0,0
2026,3,29,08:48:48.906,31.68,125,67.1,0.8533,4325.7,329.6,3.939,2.19,3.89,0.01,0.01,-682.0,1883.0,372.0,-26937.0,28120,2291,162.4,0.0,11169.0,0,0,0,e1f,d4a,d4a,d4a,d4a,1,1,1,1,1,0,0,0,0,1,1,1,0,0,1,0,1,0,0,1,0,1,0,1,1,0,0,0,1,0,1,0,0,1,0,1,0,1,1,0,0,0,1,0,1,0,0,1,0,1,0,1,1,0,0,0,1,0,1,0,0,1,0,1,0,1,1,0,0
2026,3,29,08:48:48.926,31.70,145,67.1,0.8536,4314.3,318.3,3.940,2.19,3.89,0.01,0.01,-682.0,1884.0,372.0,-26950.0,28158,2299,163.0,0.0,11170.0,0,0,0,e1f,d4a,d4a,d4a,d4a,1,1,1,1,1,0,0,0,0,1,1,1,0,0,1,0,1,0,0,1,0,1,0,1,1,0,0,0,1,0,1,0,0,1,0,1,0,1,1,0,0,0,1,0,1,0,0,1,0,1,0,1,1,0,0,0,1,0,1,0,0,1,0,1,0,1,1,0,0
2026,3,29,08:48:48.946,31.72,165,67.1,0.8536,4314.3,318.3,3.939,2.19,3.89,0.01,0.01,-682.0,1884.0,372.0,-26964.0,28195,2306,163.6,0.0,11170.0,0,0,0,e1f,d4a,d4a,d4a,d4a,1,1,1,1,1,0,0,0,0,1,1,1,0,0,1,0,1,0,0,1,0,1,0,1,1,0,0,0,1,0,1,0,0,1,0,1,0,1,1,0,0,0,1,0,1,0,0,1,0,1,0,1,1,0,0,0,1,0,1,0,0,1,0,1,0,1,1,0,0
2026,3,29,08:48:48.966,31.74,185,67.1,0.8534,4321.3,325.2,3.939,2.19,3.89,0.01,0.01,-682.0,1885.0,372.0,-26978.0,28233,2314,164.1,0.0,11169.0,0,0,0,e1f,d4a,d4a,d4a,d4a,1,1,1,1,1,0,0,0,0,1,1,1,0,0,1,0,1,0,0,1,0,1,0,1,1,0,0,0,1,0,1,0,0,1,0,1,0,1,1,0,0,0,1,0,1,0,0,1,0,1,0,1,1,0,0,0,1,0,1,0,0,1,0,1,0,1,1,0,0
2026,3,29,08:48:49.226,31.76,195,67.1,0.8547,4281.0,285.0,3.939,2.19,3.89,0.01,0.01,-687.0,1888.0,373.0,-27156.0,28724,2411,164.0,0.0,11149.0,0,0,0,e1f,d4a,d4a,d4a,d4a,1,1,1,1,1,0,0,0,0,1,1,1,0,0,1,0,1,0,0,1,0,1,0,1,1,0,0,0,1,0,1,0,0,1,0,1,0,1,1,0,0,0,1,0,1,0,0,1,0,1,0,1,1,0,0,0,1,0,1,0,0,1,0,1,0,1,1,0,0
2026,3,29,08:48:49.246,31.78,215,67.1,0.8551,4268.4,272.4,3.939,2.19,3.89,0.01,0.01,-687.0,1888.0,373.0,-27170.0,28761,2418,163.2,0.0,11147.0,0,0,0,e1f,d4a,d4a,d4a,d4a,1,1,1,1,1,0,0,0,0,1,1,1,0,0,1,0,1,0,0,1,0,1,0,1,1,0,0,0,1,0,1,0,0,1,0,1,0,1,1,0,0,0,1,0,1,0,0,1,0,1,0,1,1,0,0,0,1,0,1,0,0,1,0,1,0,1,1,0,0
2026,3,29,08:48:49.266,31.80,235,67.1,0.8551,4268.4,272.4,3.939,2.19,3.89,0.01,0.01,-688.0,1889.0,373.0,-27183.0,28799,2426,162.3,0.0,11145.0,0,0,0,e1f,d4a,d4a,d4a,d4a,1,1,1,1,1,0,0,0,0,1,1,1,0,0,1,0,1,0,0,1,0,1,0,1,1,0,0,0,1,0,1,0,0,1,0,1,0,1,1,0,0,0,1,0,1,0,0,1,0,1,0,1,1,0,0,0,1,0,1,0,0,1,0,1,0,1,1,0,0
2026,3,29,08:48:49.286,31.82,5,67.1,0.8547,4279.8,283.7,3.941,2.19,3.89,0.01,0.01,-688.0,1889.0,373.0,-27197.0,28837,2433,161.3,0.0,11143.0,0,0,0,e1f,d4a,d4a,d4a,d4a,1,1,1,1,1,0,0,0,0,1,1,1,0,0,1,0,1,0,0,1,0,1,0,1,1,0,0,0,1,0,1,0,0,1,0,1,0,1,1,0,0,0,1,0,1,0,0,1,0,1,0,1,1,0,0,0,1,0,1,0,0,1,0,1,0,1,1,0,0
2026,3,29,08:48:49.546,31.84,15,66.9,0.8541,4299.9,303.8,3.940,2.20,3.89,0.01,0.01,-688.0,1894.0,373.0,-27376.0,29329,2530,139.9,0.0,11065.0,0,0,0,e1f,d4a,d4a,d4a,d4a,1,1,1,1,1,0,0,0,0,1,1,1,0,0,1,0,1,0,0,1,0,1,0,1,1,0,0,0,1,0,1,0,0,1,0,1,0,1,1,0,0,0,1,0,1,0,0,1,0,1,0,1,1,0,0,0,1,0,1,0,0,1,0,1,0,1,1,0,0
2026,3,29,08:48:49.566,31.86,35,66.9,0.8523,4356.5,360.5,3.939,2.20,3.89,0.01,0.01,-688.0,1894.0,373.0,-27390.0,29367,2538,138.2,0.0,11056.0,0,0,0,e1f,d4a,d4a,d4a,d4a,1,1,1,1,1,0,0,0,0,1,1,1,0,0,1,0,1,0,0,1,0,1,0,1,1,0,0,0,1,0,1,0,0,1,0,1,0,1,1,0,0,0,1,0,1,0,0,1,0,1,0,1,1,0,0,0,1,0,1,0,0,1,0,1,0,1,1,0,0
2026,3,29,08:48:49.586,31.88,55,66.9,0.8522,4359.0,363.0,3.939,2.20,3.89,0.01,0.01,-689.0,1894.0,373.0,-27404.0,29405,2545,136.6,0.0,11046.0,0,0,0,e1f,d4a,d4a,d4a,d4a,1,1,1,1,1,0,0,0,0,1,1,1,0,0,1,0,1,0,0,1,0,1,0,1,1,0,0,0,1,0,1,0,0,1,0,1,0,1,1,0,0,0,1,0,1,0,0,1,0,1,0,1,1,0,0,0,1,0,1,0,0,1,0,1,0,1,1,0,0
2026,3,29,08:48:49.606,31.90,75,66.9,0.8496,4439.8,443.7,3.939,2.20,3.89,0.01,0.01,-689.0,1895.0,373.0,-27417.0,29443,2552,135.0,0.0,11036.0,0,0,0,e1f,d4a,d4a,d4a,d4a,1,1,1,1,1,0,0,0,0,1,1,1,0,0,1,0,1,0,0,1,0,1,0,1,1,0,0,0,1,0,1,0,0,1,0,1,0,1,1,0,0,0,1,0,1,0,0,1,0,1,0,1,1,0,0,0,1,0,1,0,0,1,0,1,0,1,1,0,0
2026,3,29,23:17:04.087,31.92,128,59.0,0.9756,681.4,-3314.7,4.068,1.66,2.38,0.01,0.01,-419.0,-48.0,1420.0,-15669.0,-2483,-12525,144.7,0.0,53.0,0,0,0,eff,cc9,cc9,cc9,cc9,1,1,1,1,1,1,1,1,0,1,1,1,0,1,0,0,1,0,0,1,1,0,0,1,1,0,0,1,0,0,1,0,0,1,1,0,0,1,1,0,0,1,0,0,1,0,0,1,1,0,0,1,1,0,0,1,0,0,1,0,0,1,1,0,0,1,1,0,0
2026,3,29,23:17:04.107,31.94,148,59.0,0.9756,681.4,-3314.7,4.067,1.66,2.38,0.01,0.01,-419.0,-48.0,1421.0,-15677.0,-2484,-12497,144.7,0.0,53.0,0,0,0,eff,cc9,cc9,cc9,cc9,1,1,1,1,1,1,1,1,0,1,1,1,0,1,0,0,1,0,0,1,1,0,0,1,1,0,0,1,0,0,1,0,0,1,1,0,0,1,1,0,0,1,0,0,1,0,0,1,1,0,0,1,1,0,0,1,0,0,1,0,0,1,1,0,0,1,1,0,0
2026,3,29,23:17:04.127,31.96,168,59.0,0.9756,681.4,-3314.7,4.067,1.66,2.38,0.01,0.01,-419.0,-48.0,1421.0,-15686.0,-2485,-12468,144.7,0.0,53.0,0,0,0,eff,cc9,cc9,cc9,cc9,1,1,1,1,1,1,1,1,0,1,1,1,0,1,0,0,1,0,0,1,1,0,0,1,1,0,0,1,0,0,1,0,0,1,1,0,0,1,1,0,0,1,0,0,1,0,0,1,1,0,0,1,1,0,0,1,0,0,1,0,0,1,1,0,0,1,1,0,0
2026,3,29,23:17:04.147,31.98,188,59.0,0.9756,681.4,-3314.7,4.067,1.66,2.38,0.01,0.01,-419.0,-48.0,1422.0,-15694.0,-2486,-12440,144.7,0.0,53.0,0,0,0,eff,cc9,cc9,cc9,cc9,1,1,1,1,1,1,1,1,0,1,1,1,0,1,0,0,1,0,0,1,1,0,0,1,1,0,0,1,0,0,1,0,0,1,1,0,0,1,1,0,0,1,0,0,1,0,0,1,1,0,0,1,1,0,0,1,0,0,1,0,0,1,1,0,0,1,1,0,0
2026,3,29,08:48:44.826,32.00,45,67.1,0.8433,4639.9,643.9,3.939,2.08,3.89,0.01,0.01,-657.0,1800.0,341.0,-24223.0,20600,836,36.4,0.0,10531.0,0,0,0,e1f,d4e,d4a,d4a,d4a,1,1,1,1,1,0,0,0,0,1,1,1,0,0,1,1,1,0,0,1,0,1,0,1,1,0,0,0,1,0,1,0,0,1,0,1,0,1,1,0,0,0,1,0,1,0,0,1,0,1,0,1,1,0,0,0,1,0,1,0,0,1,0,1,0,1,1,0,0
2026,3,29,08:48:44.846,32.02,65,67.1,0.8428,4655.8,659.8,3.939,2.08,3.89,0.01,0.01,-656.0,1800.0,341.0,-24236.0,20636,842,36.9,0.0,10534.0,0,0,0,e1f,d4e,d4a,d4a,d4a,1,1,1,1,1,0,0,0,0,1,1,1,0,0,1,1,1,0,0,1,0,1,0,1,1,0,0,0,1,0,1,0,0,1,0,1,0,1,1,0,0,0,1,0,1,0,0,1,0,1,0,1,1,0,0,0,1,0,1,0,0,1,0,1,0,1,1,0,0
2026,3,29,08:48:44.866,32.04,85,67.0,0.8428,4657.1,661.0,3.940,2.08,3.89,0.01,0.01,-656.0,1800.0,341.0,-24250.0,20672,849,37.2,0.0,10537.0,0,0,0,e1f,d4e,d4a,d4a,d4a,1,1,1,1,1,0,0,0,0,1,1,1,0,0,1,1,1,0,0,1,0,1,0,1,1,0,0,0,1,0,1,0,0,1,0,1,0,1,1,0,0,0,1,0,1,0,0,1,0,1,0,1,1,0,0,0,1,0,1,0,0,1,0,1,0,1,1,0,0
2026,3,29,08:48:44.886,32.06,105,67.0,0.8422,4674.9,678.8,3.939,2.08,3.89,0.01,0.01,-656.0,1800.0,341.0,-24263.0,20708,856,37.3,0.0,10540.0,0,0,0,e1f,d4e,d4a,d4a,d4a,1,1,1,1,1,0,0,0,0,1,1,1,0,0,1,1,1,0,0,1,0,1,0,1,1,0,0,0,1,0,1,0,0,1,0,1,0,1,1,0,0,0,1,0,1,0,0,1,0,1,0,1,1,0,0,0,1,0,1,0,0,1,0,1,0,1,1,0,0
2026,3,29,08:48:44.906,32.08,125,67.0,0.8422,4675.5,679.5,3.939,2.08,3.89,0.01,0.01,-656.0,1800.0,341.0,-24276.0,20744,863,37.2,0.0,10543.0,0,0,0,e1f,d4e,d4a,d4a,d4a,1,1,1,1,1,0,0,0,0,1,1,1,0,0,1,1,1,0,0,1,0,1,0,1,1,0,0,0,1,0,1,0,0,1,0,1,0,1,1,0,0,0,1,0,1,0,0,1,0,1,0,1,1,0,0,0,1,0,1,0,0,1,0,1,0,1,1,0,0
2026,3,29,08:48:44.926,32.10,145,67.0,0.8416,4693.3,697.3,3.939,2.08,3.89,0.01,0.01,-656.0,1800.0,340.0,-24289.0,20780,870,36.8,0.0,10546.0,0,0,0,e1f,d4e,d4a,d4a,d4a,1,1,1,1,1,0,0,0,0,1,1,1,0,0,1,1,1,0,0,1,0,1,0,1,1,0,0,0,1,0,1,0,0,1,0,1,0,1,1,0,0,0,1,0,1,0,0,1,0,1,0,1,1,0,0,0,1,0,1,0,0,1,0,1,0,1,1,0,0
2026,3,29,08:48:44.946,32.12,165,67.0,0.8416,4694.6,698.5,3.939,2.08,3.89,0.01,0.01,-655.0,1800.0,340.0,-24302.0,20816,876,36.3,0.0,10550.0,0,0,0,e1f,d4e,d4a,d4a,d4a,1,1,1,1,1,0,0,0,0,1,1,1,0,0,1,1,1,0,0,1,0,1,0,1,1,0,0,0,1,0,1,0,0,1,0,1,0,1,1,0,0,0,1,0,1,0,0,1,0,1,0,1,1,0,0,0,1,0,1,0,0,1,0,1,0,1,1,0,0
2026,3,29,08:48:44.966,32.14,185,67.0,0.8409,4717.5,721.5,3.939,2.08,3.89,0.01,0.01,-655.0,1800.0,340.0,-24315.0,20852,883,35.5,0.0,10553.0,0,0,0,e1f,d4e,d4a,d4a,d4a,1,1,1,1,1,0,0,0,0,1,1,1,0,0,1,1,1,0,0,1,0,1,0,1,1,0,0,0,1,0,1,0,0,1,0,1,0,1,1,0,0,0,1,0,1,0,0,1,0,1,0,1,1,0,0,0,1,0,1,0,0,1,0,1,0,1,1,0,0
2026,3,29,08:48:44.986,32.16,205,66.9,0.8408,4718.8,722.7,3.939,2.08,3.89,0.01,0.01,-655.0,1800.0,340.0,-24328.0,20888,890,34.7,0.0,10556.0,0,0,0,e1f,d4e,d4a,d4a,d4a,1,1,1,1,1,0,0,0,0,1,1,1,0,0,1,1,1,0,0,1,0,1,0,1,1,0,0,0,1,0,1,0,0,1,0,1,0,1,1,0,0,0,1,0,1,0,0,1,0,1,0,1,1,0,0,0,1,0,1,0,0,1,0,1,0,1,1,0,0
2026,3,29,08:48:45.006,32.18,225,66.9,0.8399,4748.1,752.0,3.938,2.08,3.89,0.01,0.01,-655.0,1801.0,340.0,-24341.0,20924,897,33.6,0.0,10559.0,0,0,0,e1f,d4e,d4a,d4a,d4a,1,1,1,1,1,0,0,0,0,1,1,1,0,0,1,1,1,0,0,1,0,1,0,1,1,0,0,0,1,0,1,0,0,1,0,1,0,1,1,0,0,0,1,0,1,0,0,1,0,1,0,1,1,0,0,0,1,0,1,0,0,1,0,1,0,1,1,0,0
2026,3,29,08:48:45.026,32.20,245,66.9,0.8399,4749.4,753.3,3.938,2.08,3.89,0.01,0.01,-655.0,1801.0,340.0,-24355.0,20960,904,32.5,0.0,10562.0,0,0,0,e1f,d4e,d4a,d4a,d4a,1,1,1,1,1,0,0,0,0,1,1,1,0,0,1,1,1,0,0,1,0,1,0,1,1,0,0,0,1,0,1,0,0,1,0,1,0,1,1,0,0,0,1,0,1,0,0,1,0,1,0,1,1,0,0,0,1,0,1,0,0,1,0,1,0,1,1,0,0
2026,3,29,08:48:45.046,32.22,15,66.9,0.8392,4770.4,774.4,3.939,2.08,3.89,0.01,0.01,-655.0,1801.0,340.0,-24368.0,20996,911,31.4,0.0,10565.0,0,0,0,e1f,d4e,d4a,d4a,d4a,1,1,1,1,1,0,0,0,0,1,1,1,0,0,1,1,1,0,0,1,0,1,0,1,1,0,0,0,1,0,1,0,0,1,0,1,0,1,1,0,0,0,1,0,1,0,0,1,0,1,0,1,1,0,0,0,1,0,1,0,0,1,0,1,0,1,1,0,0
2026,3,29,08:48:45.066,32.24,35,66.9,0.8392,4771.7,775.6,3.939,2.08,3.88,0.01,0.01,-655.0,1802.0,340.0,-24381.0,21032,917,30.3,0.0,10568.0,0,0,0,e1f,d4e,d4a,d4a,d4a,1,1,1,1,1,0,0,0,0,1,1,1,0,0,1,1,1,0,0,1,0,1,0,1,1,0,0,0,1,0,1,0,0,1,0,1,0,1,1,0,0,0,1,0,1,0,0,1,0,1,0,1,1,0,0,0,1,0,1,0,0,1,0,1,0,1,1,0,0
2026,3,29,08:48:45.086,32.26,55,66.9,0.8387,4787.6,791.6,3.939,2.08,3.88,0.01,0.01,-656.0,1802.0,341.0,-24394.0,21068,924,29.3,0.0,10571.0,0,0,0,e1f,d4e,d4a,d4a,d4a,1,1,1,1,1,0,0,0,0,1,1,1,0,0,1,1,1,0,0,1,0,1,0,1,1,0,0,0,1,0,1,0,0,1,0,1,0,1,1,0,0,0,1,0,1,0,0,1,0,1,0,1,1,0,0,0,1,0,1,0,0,1,0,1,0,1,1,0,0
2026,3,29,08:48:45.106,32.28,75,66.8,0.8387,4788.3,792.2,3.939,2.08,3.89,0.01,0.01,-656.0,1803.0,341.0,-24407.0,21104,931,28.5,0.0,10574.0,0,0,0,e1f,d4e,d4a,d4a,d4a,1,1,1,1,1,0,0,0,0,1,1,1,0,0,1,1,1,0,0,1,0,1,0,1,1,0,0,0,1,0,1,0,0,1,0,1,0,1,1,0,0,0,1,0,1,0,0,1,0,1,0,1,1,0,0,0,1,0,1,0,0,1,0,1,0,1,1,0,0
2026,3,29,08:48:45.126,32.30,95,66.8,0.8381,4806.8,810.7,3.939,2.09,3.89,0.01,0.01,-656.0,1803.0,342.0,-24420.0,21140,938,27.8,0.0,10577.0,0,0,0,e1f,d4e,d4a,d4a,d4a,1,1,1,1,1,0,0,0,0,1,1,1,0,0,1,1,1,0,0,1,0,1,0,1,1,0,0,0,1,0,1,0,0,1,0,1,0,1,1,0,0,0,1,0,1,0,0,1,0,1,0,1,1,0,0,0,1,0,1,0,0,1,0,1,0,1,1,0,0
2026,3,29,08:48:45.146,32.32,115,66.8,0.8381,4807.4,811.4,3.939,2.09,3.89,0.01,0.01,-657.0,1804.0,343.0,-24433.0,21176,945,27.3,0.0,10580.0,0,0,0,e1f,d4e,d4a,d4a,d4a,1,1,1,1,1,0,0,0,0,1,1,1,0,0,1,1,1,0,0,1,0,1,0,1,1,0,0,0,1,0,1,0,0,1,0,1,0,1,1,0,0,0,1,0,1,0,0,1,0,1,0,1,1,0,0,0,1,0,1,0,0,1,0,1,0,1,1,0,0
2026,3,29,08:48:45.166,32.34,135,66.8,0.8373,4830.4,834.4,3.940,2.09,3.89,0.01,0.01,-657.0,1804.0,343.0,-24446.0,21212,952,27.0,0.0,10583.0,0,0,0,e1f,d4e,d4a,d4a,d4a,1,1,1,1,1,0,0,0,0,1,1,1,0,0,1,1,1,0,0,1,0,1,0,1,1,0,0,0,1,0,1,0,0,1,0,1,0,1,1,0,0,0,1,0,1,0,0,1,0,1,0,1,1,0,0,0,1,0,1,0,0,1,0,1,0,1,1,0,0
2026,3,29,08:48:45.186,32.36,155,66.8,0.8373,4830.4,834.4,3.939,2.09,3.89,0.01,0.01,-657.0,1804.0,344.0,-24460.0,21248,958,26.9,0.0,10586.0,0,0,0,e1f,d4e,d4a,d4a,d4a,1,1,1,1,1,0,0,0,0,1,1,1,0,0,1,1,1,0,0,1,0,1,0,1,1,0,0,0,1,0,1,0,0,1,0,1,0,1,1,0,0,0,1,0,1,0,0,1,0,1,0,1,1,0,0,0,1,0,1,0,0,1,0,1,0,1,1,0,0
2026,3,29,08:48:45.206,32.38,175,66.8,0.8369,4845.1,849.1,3.939,2.09,3.89,0.01,0.01,-658.0,1805.0,344.0,-24473.0,21284,965,27.0,0.0,10589.0,0,0,0,e1f,d4e,d4a,d4a,d4a,1,1,1,1,1,0,0,0,0,1,1,1,0,0,1,1,1,0,0,1,0,1,0,1,1,0,0,0,1,0,1,0,0,1,0,1,0,1,1,0,0,0,1,0,1,0,0,1,0,1,0,1,1,0,0,0,1,0,1,0,0,1,0,1,0,1,1,0,0
2026,3,29,08:48:45.226,32.40,195,66.8,0.8368,4846.4,850.4,3.939,2.09,3.89,0.01,0.01,-658.0,1805.0,345.0,-24486.0,21320,972,27.2,0.0,10592.0,0,0,0,e1f,d4e,d4a,d4a,d4a,1,1,1,1,1,0,0,0,0,1,1,1,0,0,1,1,1,0,0,1,0,1,0,1,1,0,0,0,1,0,1,0,0,1,0,1,0,1,1,0,0,0,1,0,1,0,0,1,0,1,0,1,1,0,0,0,1,0,1,0,0,1,0,1,0,1,1,0,0
2026,3,29,08:48:45.246,32.42,215,66.8,0.8366,4852.8,856.7,3.939,2.09,3.89,0.01,0.01,-658.0,1805.0,345.0,-24499.0,21356,979,27.7,0.0,10595.0,0,0,0,e1f,d4e,d4a,d4a,d4a,1,1,1,1,1,0,0,0,0,1,1,1,0,0,1,1,1,0,0,1,0,1,0,1,1,0,0,0,1,0,1,0,0,1,0,1,0,1,1,0,0,0,1,0,1,0,0,1,0,1,0,1,1,0,0,0,1,0,1,0,0,1,0,1,0,1,1,0,0
2026,3,29,08:48:45.266,32.44,235,66.8,0.8366,4853.4,857.4,3.940,2.09,3.89,0.01,0.01,-659.0,1806.0,345.0,-24512.0,21393,986,28.3,0.0,10598.0,0,0,0,e1f,d4e,d4a,d4a,d4a,1,1,1,1,1,0,0,0,0,1,1,1,0,0,1,1,1,0,0,1,0,1,0,1,1,0,0,0,1,0,1,0,0,1,0,1,0,1,1,0,0,0,1,0,1,0,0,1,0,1,0,1,1,0,0,0,1,0,1,0,0,1,0,1,0,1,1,0,0
2026,3,29,08:48:45.286,32.46,5,66.8,0.8363,4863.0,867.0,3.940,2.09,3.89,0.01,0.01,-659.0,1806.0,346.0,-24525.0,21429,993,29.1,0.0,10602.0,0,0,0,e1f,d4e,d4a,d4a,d4a,1,1,1,1,1,0,0,0,0,1,1,1,0,0,1,1,1,0,0,1,0,1,0,1,1,0,0,0,1,0,1,0,0,1,0,1,0,1,1,0,0,0,1,0,1,0,0,1,0,1,0,1,1,0,0,0,1,0,1,0,0,1,0,1,0,1,1,0,0
2026,3,29,08:48:45.306,32.48,25,66.8,0.8363,4863.7,867.6,3.939,2.09,3.89,0.01,0.01,-659.0,1806.0,346.0,-24539.0,21465,1000,29.9,0.0,10605.0,0,0,0,e1f,d4e,d4a,d4a,d4a,1,1,1,1,1,0,0,0,0,1,1,1,0,0,1,1,1,0,0,1,0,1,0,1,1,0,0,0,1,0,1,0,0,1,0,1,0,1,1,0,0,0,1,0,1,0,0,1,0,1,0,1,1,0,0,0,1,0,1,0,0,1,0,1,0,1,1,0,0
2026,3,29,08:48:45.326,32.50,45,66.8,0.8364,4860.5,864.4,3.939,2.09,3.89,0.01,0.01,-659.0,1807.0,346.0,-24552.0,21501,1007,30.8,0.0,10608.0,0,0,0,e1f,d4e,d4a,d4a,d4a,1,1,1,1,1,0,0,0,0,1,1,1,0,0,1,1,1,0,0,1,0,1,0,1,1,0,0,0,1,0,1,0,0,1,0,1,0,1,1,0,0,0,1,0,1,0,0,1,0,1,0,1,1,0,0,0,1,0,1,0,0,1,0,1,0,1,1,0,0
2026,3,29,08:48:45.346,32.52,65,66.8,0.8364,4859.8,863.8,3.940,2.09,3.89,0.01,0.01,-659.0,1807.0,346.0,-24565.0,21537,1014,31.8,0.0,10611.0,0,0,0,e1f,d4e,d4a,d4a,d4a,1,1,1,1,1,0,0,0,0,1,1,1,0,0,1,1,1,0,0,1,0,1,0,1,1,0,0,0,1,0,1,0,0,1,0,1,0,1,1,0,0,0,1,0,1,0,0,1,0,1,0,1,1,0,0,0,1,0,1,0,0,1,0,1,0,1,1,0,0
2026,3,29,08:48:45.366,32.54,85,66.8,0.8365,4858.6,862.5,3.939,2.09,3.89,0.01,0.01,-659.0,1808.0,345.0,-24578.0,21573,1021,32.8,0.0,10614.0,0,0,0,e1f,d4e,d4a,d4a,d4a,1,1,1,1,1,0,0,0,0,1,1,1,0,0,1,1,1,0,0,1,0,1,0,1,1,0,0,0,1,0,1,0,0,1,0,1,0,1,1,0,0,0,1,0,1,0,0,1,0,1,0,1,1,0,0,0,1,0,1,0,0,1,0,1,0,1,1,0,0
2026,3,29,08:48:45.386,32.56,105,66.8,0.8365,4858.6,862.5,3.939,2.09,3.89,0.01,0.01,-659.0,1808.0,345.0,-24591.0,21610,1028,33.7,0.0,10617.0,0,0,0,e1f,d4e,d4a,d4a,d4a,1,1,1,1,1,0,0,0,0,1,1,1,0,0,1,1,1,0,0,1,0,1,0,1,1,0,0,0,1,0,1,0,0,1,0,1,0,1,1,0,0,0,1,0,1,0,0,1,0,1,0,1,1,0,0,0,1,0,1,0,0,1,0,1,0,1,1,0,0
2026,3,29,08:48:45.406,32.58,125,66.8,0.8366,4854.7,858.7,3.939,2.09,3.89,0.01,0.01,-659.0,1809.0,345.0,-24605.0,21646,1034,34.7,0.0,10620.0,0,0,0,e1f,d4e,d4a,d4a,d4a,1,1,1,1,1,0,0,0,0,1,1,1,0,0,1,1,1,0,0,1,0,1,0,1,1,0,0,0,1,0,1,0,0,1,0,1,0,1,1,0,0,0,1,0,1,0,0,1,0,1,0,1,1,0,0,0,1,0,1,0,0,1,0,1,0,1,1,0,0
2026,3,29,08:48:45.426,32.60,145,66.8,0.8366,4854.1,858.0,3.939,2.09,3.89,0.01,0.01,-659.0,1809.0,345.0,-24618.0,21682,1041,35.5,0.0,10622.0,0,0,0,e1f,d4e,d4a,d4a,d4a,1,1,1,1,1,0,0,0,0,1,1,1,0,0,1,1,1,0,0,1,0,1,0,1,1,0,0,0,1,0,1,0,0,1,0,1,0,1,1,0,0,0,1,0,1,0,0,1,0,1,0,1,1,0,0,0,1,0,1,0,0,1,0,1,0,1,1,0,0
2026,3,29,08:48:45.446,32.62,165,66.8,0.8371,4839.4,843.3,3.939,2.09,3.89,0.01,0.01,-659.0,1810.0,344.0,-24631.0,21718,1048,36.3,0.0,10625.0,0,0,0,e1f,d4e,d4a,d4a,d4a,1,1,1,1,1,0,0,0,0,1,1,1,0,0,1,1,1,0,0,1,0,1,0,1,1,0,0,0,1,0,1,0,0,1,0,1,0,1,1,0,0,0,1,0,1,0,0,1,0,1,0,1,1,0,0,0,1,0,1,0,0,1,0,1,0,1,1,0,0
2026,3,29,08:48:45.466,32.64,185,66.8,0.8371,4838.7,842.7,3.940,2.09,3.89,0.01,0.01,-658.0,1810.0,344.0,-24644.0,21754,1055,37.0,0.0,10627.0,0,0,0,e1f,d4e,d4a,d4a,d4a,1,1,1,1,1,0,0,0,0,1,1,1,0,0,1,1,1,0,0,1,0,1,0,1,1,0,0,0,1,0,1,0,0,1,0,1,0,1,1,0,0,0,1,0,1,0,0,1,0,1,0,1,1,0,0,0,1,0,1,0,0,1,0,1,0,1,1,0,0
2026,3,29,08:48:45.486,32.66,205,66.8,0.8371,4838.7,842.7,3.939,2.09,3.89,0.01,0.01,-658.0,1811.0,343.0,-24657.0,21790,1062,37.6,0.0,10629.0,0,0,0,e1f,d4e,d4a,d4a,d4a,1,1,1,1,1,0,0,0,0,1,1,1,0,0,1,1,1,0,0,1,0,1,0,1,1,0,0,0,1,0,1,0,0,1,0,1,0,1,1,0,0,0,1,0,1,0,0,1,0,1,0,1,1,0,0,0,1,0,1,0,0,1,0,1,0,1,1,0,0
2026,3,29,08:48:45.506,32.68,225,66.8,0.8371,4838.1,842.0,3.940,2.09,3.89,0.01,0.01,-658.0,1811.0,343.0,-24670.0,21827,1069,38.0,0.0,10631.0,0,0,0,e1f,d4e,d4a,d4a,d4a,1,1,1,1,1,0,0,0,0,1,1,1,0,0,1,1,1,0,0,1,0,1,0,1,1,0,0,0,1,0,1,0,0,1,0,1,0,1,1,0,0,0,1,0,1,0,0,1,0,1,0,1,1,0,0,0,1,0,1,0,0,1,0,1,0,1,1,0,0
2026,3,29,08:48:45.526,32.70,245,66.8,0.8376,4823.4,827.3,3.939,2.09,3.89,0.01,0.01,-658.0,1812.0,343.0,-24684.0,21863,1076,38.4,0.0,10633.0,0,0,0,e1f,d4e,d4a,d4a,d4a,1,1,1,1,1,0,0,0,0,1,1,1,0,0,1,1,1,0,0,1,0,1,0,1,1,0,0,0,1,0,1,0,0,1,0,1,0,1,1,0,0,0,1,0,1,0,0,1,0,1,0,1,1,0,0,0,1,0,1,0,0,1,0,1,0,1,1,0,0
2026,3,29,08:48:45.546,32.72,15,66.9,0.8376,4822.1,826.1,3.940,2.09,3.89,0.01,0.01,-658.0,1812.0,343.0,-24697.0,21899,1083,38.6,0.0,10635.0,0,0,0,e1f,d4e,d4a,d4a,d4a,1,1,1,1,1,0,0,0,0,1,1,1,0,0,1,1,1,0,0,1,0,1,0,1,1,0,0,0,1,0,1,0,0,1,0,1,0,1,1,0,0,0,1,0,1,0,0,1,0,1,0,1,1,0,0,0,1,0,1,0,0,1,0,1,0,1,1,0,0
2026,3,29,08:48:45.566,32.74,35,66.9,0.8381,4806.2,810.1,3.939,2.09,3.89,0.01,0.01,-657.0,1813.0,342.0,-24710.0,21935,1090,38.8,0.0,10637.0,0,0,0,e1f,d4e,d4a,d4a,d4a,1,1,1,1,1,0,0,0,0,1,1,1,0,0,1,1,1,0,0,1,0,1,0,1,1,0,0,0,1,0,1,0,0,1,0,1,0,1,1,0,0,0,1,0,1,0,0,1,0,1,0,1,1,0,0,0,1,0,1,0,0,1,0,1,0,1,1,0,0
2026,3,29,08:48:45.586,32.76,55,66.9,0.8381,4804.9,808.8,3.939,2.09,3.89,0.01,0.01,-657.0,1814.0,342.0,-24723.0,21972,1096,38.8,0.0,10639.0,0,0,0,e1f,d4e,d4a,d4a,d4a,1,1,1,1,1,0,0,0,0,1,1,1,0,0,1,1,1,0,0,1,0,1,0,1,1,0,0,0,1,0,1,0,0,1,0,1,0,1,1,0,0,0,1,0,1,0,0,1,0,1,0,1,1,0,0,0,1,0,1,0,0,1,0,1,0,1,1,0,0
2026,3,29,08:48:45.606,32.78,75,66.9,0.8387,4787.0,791.0,3.940,2.09,3.89,0.01,0.01,-657.0,1815.0,342.0,-24736.0,22008,1103,38.6,0.0,10641.0,0,0,0,e1f,d4e,d4a,d4a,d4a,1,1,1,1,1,0,0,0,0,1,1,1,0,0,1,1,1,0,0,1,0,1,0,1,1,0,0,0,1,0,1,0,0,1,0,1,0,1,1,0,0,0,1,0,1,0,0,1,0,1,0,1,1,0,0,0,1,0,1,0,0,1,0,1,0,1,1,0,0
2026,3,29,08:48:45.626,32.80,95,66.9,0.8387,4785.7,789.7,3.939,2.09,3.89,0.01,0.01,-657.0,1816.0,342.0,-24749.0,22044,1110,38.4,0.0,10644.0,0,0,0,e1f,d4e,d4a,d4a,d4a,1,1,1,1,1,0,0,0,0,1,1,1,0,0,1,1,1,0,0,1,0,1,0,1,1,0,0,0,1,0,1,0,0,1,0,1,0,1,1,0,0,0,1,0,1,0,0,1,0,1,0,1,1,0,0,0,1,0,1,0,0,1,0,1,0,1,1,0,0
2026,3,29,08:48:45.646,32.82,115,66.9,0.8398,4753.2,757.1,3.939,2.09,3.89,0.01,0.01,-656.0,1816.0,342.0,-24763.0,22081,1117,37.9,0.0,10646.0,0,0,0,e1f,d4e,d4a,d4a,d4a,1,1,1,1,1,0,0,0,0,1,1,1,0,0,1,1,1,0,0,1,0,1,0,1,1,0,0,0,1,0,1,0,0,1,0,1,0,1,1,0,0,0,1,0,1,0,0,1,0,1,0,1,1,0,0,0,1,0,1,0,0,1,0,1,0,1,1,0,0
2026,3,29,08:48:45.666,32.84,135,67.0,0.8398,4752.6,756.5,3.939,2.09,3.89,0.01,0.01,-656.0,1817.0,342.0,-24776.0,22117,1124,37.4,0.0,10648.0,0,0,0,e1f,d4e,d4a,d4a,d4a,1,1,1,1,1,0,0,0,0,1,1,1,0,0,1,1,1,0,0,1,0,1,0,1,1,0,0,0,1,0,1,0,0,1,0,1,0,1,1,0,0,0,1,0,1,0,0,1,0,1,0,1,1,0,0,0,1,0,1,0,0,1,0,1,0,1,1,0,0
2026,3,29,08:48:45.686,32.86,155,67.0,0.8405,4730.9,734.8,3.940,2.10,3.89,0.01,0.01,-656.0,1818.0,342.0,-24789.0,22153,1131,36.7,0.0,10650.0,0,0,0,e1f,d4e,d4a,d4a,d4a,1,1,1,1,1,0,0,0,0,1,1,1,0,0,1,1,1,0,0,1,0,1,0,1,1,0,0,0,1,0,1,0,0,1,0,1,0,1,1,0,0,0,1,0,1,0,0,1,0,1,0,1,1,0,0,0,1,0,1,0,0,1,0,1,0,1,1,0,0
2026,3,29,08:48:45.706,32.88,175,67.0,0.8405,4730.3,734.2,3.939,2.10,3.89,0.01,0.01,-656.0,1819.0,342.0,-24802.0,22190,1138,35.9,0.0,10651.0,0,0,0,e1f,d4e,d4a,d4a,d4a,1,1,1,1,1,0,0,0,0,1,1,1,0,0,1,1,1,0,0,1,0,1,0,1,1,0,0,0,1,0,1,0,0,1,0,1,0,1,1,0,0,0,1,0,1,0,0,1,0,1,0,1,1,0,0,0,1,0,1,0,0,1,0,1,0,1,1,0,0
2026,3,29,08:48:45.726,32.90,195,67.0,0.8410,4712.4,716.4,3.940,2.10,3.89,0.01,0.01,-656.0,1820.0,343.0,-24815.0,22226,1144,35.1,0.0,10653.0,0,0,0,e1f,d4e,d4a,d4a,d4a,1,1,1,1,1,0,0,0,0,1,1,1,0,0,1,1,1,0,0,1,0,1,0,1,1,0,0,0,1,0,1,0,0,1,0,1,0,1,1,0,0,0,1,0,1,0,0,1,0,1,0,1,1,0,0,0,1,0,1,0,0,1,0,1,0,1,1,0,0
2026,3,29,08:48:45.746,32.92,215,67.0,0.8411,4711.8,715.7,3.940,2.10,3.89,0.01,0.01,-656.0,1821.0,343.0,-24828.0,22263,1151,34.2,0.0,10654.0,0,0,0,e1f,d4e,d4a,d4a,d4a,1,1,1,1,1,0,0,0,0,1,1,1,0,0,1,1,1,0,0,1,0,1,0,1,1,0,0,0,1,0,1,0,0,1,0,1,0,1,1,0,0,0,1,0,1,0,0,1,0,1,0,1,1,0,0,0,1,0,1,0,0,1,0,1,0,1,1,0,0
2026,3,29,08:48:45.766,32.94,235,67.0,0.8413,4704.2,708.1,3.939,2.10,3.89,0.01,0.01,-656.0,1822.0,344.0,-24841.0,22299,1158,33.2,0.0,10655.0,0,0,0,e1f,d4e,d4a,d4a,d4a,1,1,1,1,1,0,0,0,0,1,1,1,0,0,1,1,1,0,0,1,0,1,0,1,1,0,0,0,1,0,1,0,0,1,0,1,0,1,1,0,0,0,1,0,1,0,0,1,0,1,0,1,1,0,0,0,1,0,1,0,0,1,0,1,0,1,1,0,0
2026,3,29,08:48:45.786,32.96,5,67.0,0.8413,4702.9,706.8,3.940,2.10,3.89,0.01,0.01,-656.0,1823.0,344.0,-24854.0,22335,1165,32.3,0.0,10656.0,0,0,0,e1f,d4e,d4a,d4a,d4a,1,1,1,1,1,0,0,0,0,1,1,1,0,0,1,1,1,0,0,1,0,1,0,1,1,0,0,0,1,0,1,0,0,1,0,1,0,1,1,0,0,0,1,0,1,0,0,1,0,1,0,1,1,0,0,0,1,0,1,0,0,1,0,1,0,1,1,0,0
2026,3,29,08:48:45.806,32.98,25,67.0,0.8416,4693.3,697.3,3.939,2.10,3.89,0.01,0.01,-656.0,1824.0,345.0,-24868.0,22372,1172,31.3,0.0,10656.0,0,0,0,e1f,d4e,d4a,d4a,d4a,1,1,1,1,1,0,0,0,0,1,1,1,0,0,1,1,1,0,0,1,0,1,0,1,1,0,0,0,1,0,1,0,0,1,0,1,0,1,1,0,0,0,1,0,1,0,0,1,0,1,0,1,1,0,0,0,1,0,1,0,0,1,0,1,0,1,1,0,0
2026,3,29,08:48:45.826,33.00,45,67.0,0.8416,4693.3,697.3,3.938,2.10,3.89,0.01,0.01,-656.0,1824.0,346.0,-24881.0,22408,1179,30.3,0.0,10657.0,0,0,0,e1f,d4e,d4a,d4a,d4a,1,1,1,1,1,0,0,0,0,1,1,1,0,0,1,1,1,0,0,1,0,1,0,1,1,0,0,0,1,0,1,0,0,1,0,1,0,1,1,0,0,0,1,0,1,0,0,1,0,1,0,1,1,0,0,0,1,0,1,0,0,1,0,1,0,1,1,0,0
2026,3,29,08:48:45.846,33.02,65,67.0,0.8418,4688.2,692.2,3.939,2.10,3.89,0.01,0.01,-656.0,1825.0,347.0,-24894.0,22445,1186,29.3,0.0,10658.0,0,0,0,e1f,d4e,d4a,d4a,d4a,1,1,1,1,1,0,0,0,0,1,1,1,0,0,1,1,1,0,0,1,0,1,0,1,1,0,0,0,1,0,1,0,0,1,0,1,0,1,1,0,0,0,1,0,1,0,0,1,0,1,0,1,1,0,0,0,1,0,1,0,0,1,0,1,0,1,1,0,0
2026,3,29,08:48:45.866,33.04,85,67.0,0.8418,4688.9,692.8,3.939,2.10,3.89,0.01,0.01,-657.0,1826.0,348.0,-24907.0,22481,1193,28.3,0.0,10658.0,0,0,0,e1f,d4e,d4a,d4a,d4a,1,1,1,1,1,0,0,0,0,1,1,1,0,0,1,1,1,0,0,1,0,1,0,1,1,0,0,0,1,0,1,0,0,1,0,1,0,1,1,0,0,0,1,0,1,0,0,1,0,1,0,1,1,0,0,0,1,0,1,0,0,1,0,1,0,1,1,0,0
2026,3,29,08:48:45.886,33.06,105,67.0,0.8419,4683.8,687.7,3.939,2.10,3.89,0.01,0.01,-657.0,1827.0,348.0,-24920.0,22518,1200,27.4,0.0,10658.0,0,0,0,e1f,d4e,d4a,d4a,d4a,1,1,1,1,1,0,0,0,0,1,1,1,0,0,1,1,1,0,0,1,0,1,0,1,1,0,0,0,1,0,1,0,0,1,0,1,0,1,1,0,0,0,1,0,1,0,0,1,0,1,0,1,1,0,0,0,1,0,1,0,0,1,0,1,0,1,1,0,0
2026,3,29,08:48:45.906,33.08,125,67.0,0.8419,4683.8,687.7,3.939,2.10,3.89,0.01,0.01,-657.0,1828.0,349.0,-24933.0,22555,1207,26.5,0.0,10659.0,0,0,0,e1f,d4e,d4a,d4a,d4a,1,1,1,1,1,0,0,0,0,1,1,1,0,0,1,1,1,0,0,1,0,1,0,1,1,0,0,0,1,0,1,0,0,1,0,1,0,1,1,0,0,0,1,0,1,0,0,1,0,1,0,1,1,0,0,0,1,0,1,0,0,1,0,1,0,1,1,0,0
2026,3,29,08:48:45.926,33.10,145,67.0,0.8421,4677.4,681.4,3.940,2.10,3.89,0.01,0.01,-657.0,1828.0,350.0,-24946.0,22591,1214,25.6,0.0,10659.0,0,0,0,e1f,d4e,d4a,d4a,d4a,1,1,1,1,1,0,0,0,0,1,1,1,0,0,1,1,1,0,0,1,0,1,0,1,1,0,0,0,1,0,1,0,0,1,0,1,0,1,1,0,0,0,1,0,1,0,0,1,0,1,0,1,1,0,0,0,1,0,1,0,0,1,0,1,0,1,1,0,0
2026,3,29,08:48:45.946,33.12,165,67.0,0.8421,4678.1,682.0,3.940,2.10,3.89,0.01,0.01,-658.0,1829.0,351.0,-24960.0,22628,1221,24.9,0.0,10659.0,0,0,0,e1f,d4e,d4a,d4a,d4a,1,1,1,1,1,0,0,0,0,1,1,1,0,0,1,1,1,0,0,1,0,1,0,1,1,0,0,0,1,0,1,0,0,1,0,1,0,1,1,0,0,0,1,0,1,0,0,1,0,1,0,1,1,0,0,0,1,0,1,0,0,1,0,1,0,1,1,0,0
2026,3,29,08:48:45.966,33.14,185,67.0,0.8421,4678.1,682.0,3.938,2.10,3.89,0.01,0.01,-658.0,1829.0,351.0,-24973.0,22664,1228,24.2,0.0,10659.0,0,0,0,e1f,d4e,d4a,d4a,d4a,1,1,1,1,1,0,0,0,0,1,1,1,0,0,1,1,1,0,0,1,0,1,0,1,1,0,0,0,1,0,1,0,0,1,0,1,0,1,1,0,0,0,1,0,1,0,0,1,0,1,0,1,1,0,0,0,1,0,1,0,0,1,0,1,0,1,1,0,0
2026,3,29,08:48:45.986,33.16,205,67.0,0.8421,4678.7,682.6,3.939,2.10,3.89,0.01,0.01,-658.0,1830.0,352.0,-24986.0,22701,1235,23.7,0.0,10659.0,0,0,0,e1f,d4e,d4a,d4a,d4a,1,1,1,1,1,0,0,0,0,1,1,1,0,0,1,1,1,0,0,1,0,1,0,1,1,0,0,0,1,0,1,0,0,1,0,1,0,1,1,0,0,0,1,0,1,0,0,1,0,1,0,1,1,0,0,0,1,0,1,0,0,1,0,1,0,1,1,0,0
2026,3,29,08:48:46.006,33.18,225,67.0,0.8422,4675.5,679.5,3.940,2.10,3.89,0.01,0.01,-659.0,1831.0,352.0,-24999.0,22738,1242,23.3,0.0,10659.0,0,0,0,e1f,d4e,d4a,d4a,d4a,1,1,1,1,1,0,0,0,0,1,1,1,0,0,1,1,1,0,0,1,0,1,0,1,1,0,0,0,1,0,1,0,0,1,0,1,0,1,1,0,0,0,1,0,1,0,0,1,0,1,0,1,1,0,0,0,1,0,1,0,0,1,0,1,0,1,1,0,0
2026,3,29,08:48:46.026,33.20,245,67.0,0.8422,4675.5,679.5,3.939,2.10,3.89,0.01,0.01,-659.0,1831.0,353.0,-25012.0,22774,1249,23.0,0.0,10660.0,0,0,0,e1f,d4e,d4a,d4a,d4a,1,1,1,1,1,0,0,0,0,1,1,1,0,0,1,1,1,0,0,1,0,1,0,1,1,0,0,0,1,0,1,0,0,1,0,1,0,1,1,0,0,0,1,0,1,0,0,1,0,1,0,1,1,0,0,0,1,0,1,0,0,1,0,1,0,1,1,0,0
2026,3,29,08:48:46.046,33.22,15,67.0,0.8421,4678.7,682.6,3.939,2.10,3.89,0.01,0.01,-659.0,1832.0,353.0,-25025.0,22811,1256,22.8,0.0,10660.0,0,0,0,e1f,d4e,d4a,d4a,d4a,1,1,1,1,1,0,0,0,0,1,1,1,0,0,1,1,1,0,0,1,0,1,0,1,1,0,0,0,1,0,1,0,0,1,0,1,0,1,1,0,0,0,1,0,1,0,0,1,0,1,0,1,1,0,0,0,1,0,1,0,0,1,0,1,0,1,1,0,0
2026,3,29,08:48:46.066,33.24,35,66.9,0.8421,4679.3,683.3,3.940,2.10,3.89,0.01,0.01,-660.0,1833.0,353.0,-25039.0,22847,1263,22.8,0.0,10660.0,0,0,0,e1f,d4e,d4a,d4a,d4a,1,1,1,1,1,0,0,0,0,1,1,1,0,0,1,1,1,0,0,1,0,1,0,1,1,0,0,0,1,0,1,0,0,1,0,1,0,1,1,0,0,0,1,0,1,0,0,1,0,1,0,1,1,0,0,0,1,0,1,0,0,1,0,1,0,1,1,0,0
2026,3,29,08:48:46.086,33.26,55,66.9,0.8418,4688.9,692.8,3.939,2.10,3.89,0.01,0.01,-660.0,1833.0,353.0,-25052.0,22884,1270,22.9,0.0,10661.0,0,0,0,e1f,d4e,d4a,d4a,d4a,1,1,1,1,1,0,0,0,0,1,1,1,0,0,1,1,1,0,0,1,0,1,0,1,1,0,0,0,1,0,1,0,0,1,0,1,0,1,1,0,0,0,1,0,1,0,0,1,0,1,0,1,1,0,0,0,1,0,1,0,0,1,0,1,0,1,1,0,0
2026,3,29,08:48:46.106,33.28,75,66.9,0.8417,4690.2,694.1,3.939,2.10,3.89,0.01,0.01,-660.0,1834.0,354.0,-25065.0,22921,1277,23.1,0.0,10661.0,0,0,0,e1f,d4e,d4a,d4a,d4a,1,1,1,1,1,0,0,0,0,1,1,1,0,0,1,1,1,0,0,1,0,1,0,1,1,0,0,0,1,0,1,0,0,1,0,1,0,1,1,0,0,0,1,0,1,0,0,1,0,1,0,1,1,0,0,0,1,0,1,0,0,1,0,1,0,1,1,0,0
2026,3,29,08:48:46.126,33.30,95,66.9,0.8418,4687.0,690.9,3.940,2.10,3.89,0.01,0.01,-661.0,1835.0,354.0,-25078.0,22958,1284,23.4,0.0,10662.0,0,0,0,e1f,d4e,d4a,d4a,d4a,1,1,1,1,1,0,0,0,0,1,1,1,0,0,1,1,1,0,0,1,0,1,0,1,1,0,0,0,1,0,1,0,0,1,0,1,0,1,1,0,0,0,1,0,1,0,0,1,0,1,0,1,1,0,0,0,1,0,1,0,0,1,0,1,0,1,1,0,0
2026,3,29,08:48:46.146,33.32,115,66.9,0.8418,4687.6,691.5,3.940,2.10,3.89,0.01,0.01,-661.0,1835.0,354.0,-25092.0,22994,1291,23.9,0.0,10663.0,0,0,0,e1f,d4e,d4a,d4a,d4a,1,1,1,1,1,0,0,0,0,1,1,1,0,0,1,1,1,0,0,1,0,1,0,1,1,0,0,0,1,0,1,0,0,1,0,1,0,1,1,0,0,0,1,0,1,0,0,1,0,1,0,1,1,0,0,0,1,0,1,0,0,1,0,1,0,1,1,0,0
2026,3,29,08:48:46.166,33.34,135,66.9,0.8418,4688.9,692.8,3.939,2.10,3.89,0.01,0.01,-661.0,1836.0,354.0,-25105.0,23031,1298,24.4,0.0,10664.0,0,0,0,e1f,d4e,d4a,d4a,d4a,1,1,1,1,1,0,0,0,0,1,1,1,0,0,1,1,1,0,0,1,0,1,0,1,1,0,0,0,1,0,1,0,0,1,0,1,0,1,1,0,0,0,1,0,1,0,0,1,0,1,0,1,1,0,0,0,1,0,1,0,0,1,0,1,0,1,1,0,0
2026,3,29,08:48:46.186,33.36,155,66.9,0.8418,4688.9,692.8,3.939,2.10,3.89,0.01,0.01,-662.0,1837.0,354.0,-25118.0,23068,1306,25.1,0.0,10666.0,0,0,0,e1f,d4e,d4a,d4a,d4a,1,1,1,1,1,0,0,0,0,1,1,1,0,0,1,1,1,0,0,1,0,1,0,1,1,0,0,0,1,0,1,0,0,1,0,1,0,1,1,0,0,0,1,0,1,0,0,1,0,1,0,1,1,0,0,0,1,0,1,0,0,1,0,1,0,1,1,0,0
2026,3,29,08:48:46.206,33.38,175,66.9,0.8419,4685.7,689.6,3.939,2.10,3.89,0.01,0.01,-662.0,1838.0,354.0,-25131.0,23104,1313,25.9,0.0,10667.0,0,0,0,e1f,d4e,d4a,d4a,d4a,1,1,1,1,1,0,0,0,0,1,1,1,0,0,1,1,1,0,0,1,0,1,0,1,1,0,0,0,1,0,1,0,0,1,0,1,0,1,1,0,0,0,1,0,1,0,0,1,0,1,0,1,1,0,0,0,1,0,1,0,0,1,0,1,0,1,1,0,0
2026,3,29,08:48:46.226,33.40,195,66.9,0.8419,4685.7,689.6,3.940,2.10,3.89,0.01,0.01,-662.0,1839.0,354.0,-25145.0,23141,1320,26.8,0.0,10669.0,0,0,0,e1f,d4e,d4a,d4a,d4a,1,1,1,1,1,0,0,0,0,1,1,1,0,0,1,1,1,0,0,1,0,1,0,1,1,0,0,0,1,0,1,0,0,1,0,1,0,1,1,0,0,0,1,0,1,0,0,1,0,1,0,1,1,0,0,0,1,0,1,0,0,1,0,1,0,1,1,0,0
2026,3,29,08:48:46.246,33.42,215,66.9,0.8421,4678.1,682.0,3.939,2.11,3.89,0.01,0.01,-662.0,1840.0,354.0,-25158.0,23178,1327,27.9,0.0,10671.0,0,0,0,e1f,d4e,d4a,d4a,d4a,1,1,1,1,1,0,0,0,0,1,1,1,0,0,1,1,1,0,0,1,0,1,0,1,1,0,0,0,1,0,1,0,0,1,0,1,0,1,1,0,0,0,1,0,1,0,0,1,0,1,0,1,1,0,0,0,1,0,1,0,0,1,0,1,0,1,1,0,0
2026,3,29,08:48:46.266,33.44,235,66.9,0.8421,4678.1,682.0,3.940,2.11,3.89,0.01,0.01,-663.0,1841.0,354.0,-25171.0,23215,1334,29.3,0.0,10673.0,0,0,0,e1f,d4e,d4a,d4a,d4a,1,1,1,1,1,0,0,0,0,1,1,1,0,0,1,1,1,0,0,1,0,1,0,1,1,0,0,0,1,0,1,0,0,1,0,1,0,1,1,0,0,0,1,0,1,0,0,1,0,1,0,1,1,0,0,0,1,0,1,0,0,1,0,1,0,1,1,0,0
2026,3,29,08:48:46.286,33.46,5,66.9,0.8425,4666.6,670.6,3.940,2.11,3.89,0.01,0.01,-663.0,1841.0,353.0,-25184.0,23252,1341,30.8,0.0,10676.0,0,0,0,e1f,d4e,d4a,d4a,d4a,1,1,1,1,1,0,0,0,0,1,1,1,0,0,1,1,1,0,0,1,0,1,0,1,1,0,0,0,1,0,1,0,0,1,0,1,0,1,1,0,0,0,1,0,1,0,0,1,0,1,0,1,1,0,0,0,1,0,1,0,0,1,0,1,0,1,1,0,0
2026,3,29,08:48:46.306,33.48,25,66.9,0.8425,4666.6,670.6,3.939,2.11,3.89,0.01,0.01,-664.0,1842.0,353.0,-25198.0,23288,1348,32.6,0.0,10678.0,0,0,0,e1f,d4e,d4a,d4a,d4a,1,1,1,1,1,0,0,0,0,1,1,1,0,0,1,1,1,0,0,1,0,1,0,1,1,0,0,0,1,0,1,0,0,1,0,1,0,1,1,0,0,0,1,0,1,0,0,1,0,1,0,1,1,0,0,0,1,0,1,0,0,1,0,1,0,1,1,0,0
2026,3,29,08:48:46.326,33.50,45,66.9,0.8431,4648.2,652.1,3.939,2.11,3.89,0.01,0.01,-664.0,1842.0,353.0,-25211.0,23325,1355,34.6,0.0,10681.0,0,0,0,e1f,d4e,d4a,d4a,d4a,1,1,1,1,1,0,0,0,0,1,1,1,0,0,1,1,1,0,0,1,0,1,0,1,1,0,0,0,1,0,1,0,0,1,0,1,0,1,1,0,0,0,1,0,1,0,0,1,0,1,0,1,1,0,0,0,1,0,1,0,0,1,0,1,0,1,1,0,0
2026,3,29,08:48:46.346,33.52,65,66.9,0.8431,4648.2,652.1,3.940,2.11,3.89,0.01,0.01,-664.0,1843.0,353.0,-25224.0,23362,1362,36.7,0.0,10684.0,0,0,0,e1f,d4e,d4a,d4a,d4a,1,1,1,1,1,0,0,0,0,1,1,1,0,0,1,1,1,0,0,1,0,1,0,1,1,0,0,0,1,0,1,0,0,1,0,1,0,1,1,0,0,0,1,0,1,0,0,1,0,1,0,1,1,0,0,0,1,0,1,0,0,1,0,1,0,1,1,0,0
2026,3,29,08:48:46.366,33.54,85,66.9,0.8437,4628.5,632.4,3.940,2.11,3.89,0.01,0.01,-664.0,1843.0,352.0,-25237.0,23399,1369,38.8,0.0,10687.0,0,0,0,e1f,d4e,d4a,d4a,d4a,1,1,1,1,1,0,0,0,0,1,1,1,0,0,1,1,1,0,0,1,0,1,0,1,1,0,0,0,1,0,1,0,0,1,0,1,0,1,1,0,0,0,1,0,1,0,0,1,0,1,0,1,1,0,0,0,1,0,1,0,0,1,0,1,0,1,1,0,0
2026,3,29,08:48:46.386,33.56,105,66.9,0.8437,4627.9,631.8,3.940,2.11,3.89,0.01,0.01,-664.0,1843.0,352.0,-25251.0,23436,1376,41.0,0.0,10690.0,0,0,0,e1f,d4e,d4a,d4a,d4a,1,1,1,1,1,0,0,0,0,1,1,1,0,0,1,1,1,0,0,1,0,1,0,1,1,0,0,0,1,0,1,0,0,1,0,1,0,1,1,0,0,0,1,0,1,0,0,1,0,1,0,1,1,0,0,0,1,0,1,0,0,1,0,1,0,1,1,0,0
2026,3,29,08:48:46.406,33.58,125,66.9,0.8445,4603.1,607.0,3.940,2.11,3.89,0.01,0.01,-664.0,1843.0,352.0,-25264.0,23473,1383,43.0,0.0,10693.0,0,0,0,e1f,d4e,d4a,d4a,d4a,1,1,1,1,1,0,0,0,0,1,1,1,0,0,1,1,1,0,0,1,0,1,0,1,1,0,0,0,1,0,1,0,0,1,0,1,0,1,1,0,0,0,1,0,1,0,0,1,0,1,0,1,1,0,0,0,1,0,1,0,0,1,0,1,0,1,1,0,0
2026,3,29,08:48:46.426,33.60,145,67.0,0.8445,4602.5,606.4,3.939,2.11,3.89,0.01,0.01,-665.0,1842.0,352.0,-25277.0,23510,1390,45.1,0.0,10697.0,0,0,0,e1f,d4e,d4a,d4a,d4a,1,1,1,1,1,0,0,0,0,1,1,1,0,0,1,1,1,0,0,1,0,1,0,1,1,0,0,0,1,0,1,0,0,1,0,1,0,1,1,0,0,0,1,0,1,0,0,1,0,1,0,1,1,0,0,0,1,0,1,0,0,1,0,1,0,1,1,0,0
2026,3,29,08:48:46.446,33.62,165,67.0,0.8453,4577.7,581.7,3.939,2.11,3.89,0.01,0.01,-665.0,1842.0,352.0,-25291.0,23547,1397,47.1,0.0,10700.0,0,0,0,e1f,d4e,d4a,d4a,d4a,1,1,1,1,1,0,0,0,0,1,1,1,0,0,1,1,1,0,0,1,0,1,0,1,1,0,0,0,1,0,1,0,0,1,0,1,0,1,1,0,0,0,1,0,1,0,0,1,0,1,0,1,1,0,0,0,1,0,1,0,0,1,0,1,0,1,1,0,0
2026,3,29,08:48:46.466,33.64,185,67.0,0.8453,4576.5,580.4,3.939,2.11,3.89,0.01,0.01,-665.0,1842.0,352.0,-25304.0,23583,1404,49.0,0.0,10703.0,0,0,0,e1f,d4e,d4a,d4a,d4a,1,1,1,1,1,0,0,0,0,1,1,1,0,0,1,1,1,0,0,1,0,1,0,1,1,0,0,0,1,0,1,0,0,1,0,1,0,1,1,0,0,0,1,0,1,0,0,1,0,1,0,1,1,0,0,0,1,0,1,0,0,1,0,1,0,1,1,0,0
2026,3,29,08:48:46.486,33.66,205,67.0,0.8463,4546.0,550.0,3.939,2.11,3.89,0.01,0.01,-665.0,1842.0,351.0,-25317.0,23620,1412,50.9,0.0,10707.0,0,0,0,e1f,d4e,d4a,d4a,d4a,1,1,1,1,1,0,0,0,0,1,1,1,0,0,1,1,1,0,0,1,0,1,0,1,1,0,0,0,1,0,1,0,0,1,0,1,0,1,1,0,0,0,1,0,1,0,0,1,0,1,0,1,1,0,0,0,1,0,1,0,0,1,0,1,0,1,1,0,0
2026,3,29,08:48:46.506,33.68,225,67.0,0.8463,4544.8,548.7,3.939,2.11,3.89,0.01,0.01,-665.0,1842.0,351.0,-25331.0,23657,1419,52.7,0.0,10710.0,0,0,0,e1f,d4e,d4a,d4a,d4a,1,1,1,1,1,0,0,0,0,1,1,1,0,0,1,1,1,0,0,1,0,1,0,1,1,0,0,0,1,0,1,0,0,1,0,1,0,1,1,0,0,0,1,0,1,0,0,1,0,1,0,1,1,0,0,0,1,0,1,0,0,1,0,1,0,1,1,0,0
2026,3,29,08:48:46.526,33.70,245,67.0,0.8472,4516.9,520.8,3.940,2.11,3.89,0.01,0.01,-665.0,1841.0,351.0,-25344.0,23694,1426,54.4,0.0,10713.0,0,0,0,e1f,d4e,d4a,d4a,d4a,1,1,1,1,1,0,0,0,0,1,1,1,0,0,1,1,1,0,0,1,0,1,0,1,1,0,0,0,1,0,1,0,0,1,0,1,0,1,1,0,0,0,1,0,1,0,0,1,0,1,0,1,1,0,0,0,1,0,1,0,0,1,0,1,0,1,1,0,0
2026,3,29,08:48:46.546,33.72,15,67.1,0.8472,4516.3,520.2,3.939,2.11,3.89,0.01,0.01,-664.0,1841.0,351.0,-25357.0,23731,1433,55.9,0.0,10717.0,0,0,0,e1f,d4e,d4a,d4a,d4a,1,1,1,1,1,0,0,0,0,1,1,1,0,0,1,1,1,0,0,1,0,1,0,1,1,0,0,0,1,0,1,0,0,1,0,1,0,1,1,0,0,0,1,0,1,0,0,1,0,1,0,1,1,0,0,0,1,0,1,0,0,1,0,1,0,1,1,0,0
2026,3,29,08:48:46.566,33.74,35,67.1,0.8479,4495.4,499.3,3.940,2.12,3.89,0.01,0.01,-663.0,1841.0,351.0,-25370.0,23768,1440,57.2,0.0,10721.0,0,0,0,e1f,d4e,d4a,d4a,d4a,1,1,1,1,1,0,0,0,0,1,1,1,0,0,1,1,1,0,0,1,0,1,0,1,1,0,0,0,1,0,1,0,0,1,0,1,0,1,1,0,0,0,1,0,1,0,0,1,0,1,0,1,1,0,0,0,1,0,1,0,0,1,0,1,0,1,1,0,0
2026,3,29,08:48:46.586,33.76,55,67.1,0.8479,4494.1,498.1,3.937,2.12,3.89,0.01,0.01,-663.0,1841.0,351.0,-25384.0,23805,1447,58.2,0.0,10724.0,0,0,0,e1f,d4e,d4a,d4a,d4a,1,1,1,1,1,0,0,0,0,1,1,1,0,0,1,1,1,0,0,1,0,1,0,1,1,0,0,0,1,0,1,0,0,1,0,1,0,1,1,0,0,0,1,0,1,0,0,1,0,1,0,1,1,0,0,0,1,0,1,0,0,1,0,1,0,1,1,0,0
2026,3,29,08:48:46.606,33.78,75,67.1,0.8483,4481.5,485.4,3.939,2.12,3.89,0.01,0.01,-663.0,1841.0,351.0,-25397.0,23842,1454,59.1,0.0,10728.0,0,0,0,e1f,d4e,d4a,d4a,d4a,1,1,1,1,1,0,0,0,0,1,1,1,0,0,1,1,1,0,0,1,0,1,0,1,1,0,0,0,1,0,1,0,0,1,0,1,0,1,1,0,0,0,1,0,1,0,0,1,0,1,0,1,1,0,0,0,1,0,1,0,0,1,0,1,0,1,1,0,0
2026,3,29,08:48:46.626,33.80,95,67.1,0.8483,4481.5,485.4,3.940,2.12,3.89,0.01,0.01,-662.0,1841.0,350.0,-25410.0,23878,1461,59.9,0.0,10732.0,0,0,0,e1f,d4e,d4a,d4a,d4a,1,1,1,1,1,0,0,0,0,1,1,1,0,0,1,1,1,0,0,1,0,1,0,1,1,0,0,0,1,0,1,0,0,1,0,1,0,1,1,0,0,0,1,0,1,0,0,1,0,1,0,1,1,0,0,0,1,0,1,0,0,1,0,1,0,1,1,0,0
2026,3,29,08:48:46.646,33.82,115,67.1,0.8486,4473.3,477.2,3.940,2.12,3.89,0.01,0.01,-662.0,1841.0,350.0,-25424.0,23915,1468,60.5,0.0,10736.0,0,0,0,e1f,d4e,d4a,d4a,d4a,1,1,1,1,1,0,0,0,0,1,1,1,0,0,1,1,1,0,0,1,0,1,0,1,1,0,0,0,1,0,1,0,0,1,0,1,0,1,1,0,0,0,1,0,1,0,0,1,0,1,0,1,1,0,0,0,1,0,1,0,0,1,0,1,0,1,1,0,0
2026,3,29,08:48:46.666,33.84,135,67.1,0.8486,4472.6,476.6,3.940,2.12,3.89,0.01,0.01,-662.0,1841.0,350.0,-25437.0,23952,1475,61.2,0.0,10740.0,0,0,0,e1f,d4e,d4a,d4a,d4a,1,1,1,1,1,0,0,0,0,1,1,1,0,0,1,1,1,0,0,1,0,1,0,1,1,0,0,0,1,0,1,0,0,1,0,1,0,1,1,0,0,0,1,0,1,0,0,1,0,1,0,1,1,0,0,0,1,0,1,0,0,1,0,1,0,1,1,0,0
2026,3,29,08:48:46.686,33.86,155,67.1,0.8489,4464.4,468.3,3.939,2.12,3.89,0.01,0.01,-662.0,1841.0,350.0,-25450.0,23989,1482,61.8,0.0,10744.0,0,0,0,e1f,d4e,d4a,d4a,d4a,1,1,1,1,1,0,0,0,0,1,1,1,0,0,1,1,1,0,0,1,0,1,0,1,1,0,0,0,1,0,1,0,0,1,0,1,0,1,1,0,0,0,1,0,1,0,0,1,0,1,0,1,1,0,0,0,1,0,1,0,0,1,0,1,0,1,1,0,0
2026,3,29,08:48:46.706,33.88,175,67.1,0.8489,4464.4,468.3,3.939,2.13,3.89,0.01,0.01,-662.0,1841.0,350.0,-25463.0,24026,1489,62.3,0.0,10748.0,0,0,0,e1f,d4e,d4a,d4a,d4a,1,1,1,1,1,0,0,0,0,1,1,1,0,0,1,1,1,0,0,1,0,1,0,1,1,0,0,0,1,0,1,0,0,1,0,1,0,1,1,0,0,0,1,0,1,0,0,1,0,1,0,1,1,0,0,0,1,0,1,0,0,1,0,1,0,1,1,0,0
2026,3,29,08:48:46.726,33.90,195,67.1,0.8493,4451.8,455.7,3.939,2.13,3.89,0.01,0.01,-662.0,1841.0,350.0,-25477.0,24063,1496,62.8,0.0,10752.0,0,0,0,e1f,d4e,d4a,d4a,d4a,1,1,1,1,1,0,0,0,0,1,1,1,0,0,1,1,1,0,0,1,0,1,0,1,1,0,0,0,1,0,1,0,0,1,0,1,0,1,1,0,0,0,1,0,1,0,0,1,0,1,0,1,1,0,0,0,1,0,1,0,0,1,0,1,0,1,1,0,0
2026,3,29,08:48:46.746,33.92,215,67.1,0.8493,4451.1,455.1,3.939,2.13,3.89,0.01,0.01,-662.0,1841.0,350.0,-25490.0,24100,1503,63.1,0.0,10756.0,0,0,0,e1f,d4e,d4a,d4a,d4a,1,1,1,1,1,0,0,0,0,1,1,1,0,0,1,1,1,0,0,1,0,1,0,1,1,0,0,0,1,0,1,0,0,1,0,1,0,1,1,0,0,0,1,0,1,0,0,1,0,1,0,1,1,0,0,0,1,0,1,0,0,1,0,1,0,1,1,0,0
2026,3,29,08:48:46.766,33.94,235,67.1,0.8493,4449.9,453.8,3.939,2.13,3.89,0.01,0.01,-661.0,1841.0,350.0,-25503.0,24136,1510,63.4,0.0,10760.0,0,0,0,e1f,d4e,d4a,d4a,d4a,1,1,1,1,1,0,0,0,0,1,1,1,0,0,1,1,1,0,0,1,0,1,0,1,1,0,0,0,1,0,1,0,0,1,0,1,0,1,1,0,0,0,1,0,1,0,0,1,0,1,0,1,1,0,0,0,1,0,1,0,0,1,0,1,0,1,1,0,0
2026,3,29,08:48:46.786,33.96,5,67.1,0.8493,4449.2,453.2,3.939,2.13,3.89,0.01,0.01,-661.0,1841.0,350.0,-25516.0,24173,1517,63.5,0.0,10764.0,0,0,0,e1f,d4e,d4a,d4a,d4a,1,1,1,1,1,0,0,0,0,1,1,1,0,0,1,1,1,0,0,1,0,1,0,1,1,0,0,0,1,0,1,0,0,1,0,1,0,1,1,0,0,0,1,0,1,0,0,1,0,1,0,1,1,0,0,0,1,0,1,0,0,1,0,1,0,1,1,0,0
2026,3,29,08:48:46.806,33.98,25,67.1,0.8496,4441.7,445.6,3.939,2.13,3.89,0.01,0.01,-661.0,1841.0,350.0,-25530.0,24210,1524,63.5,0.0,10769.0,0,0,0,e1f,d4e,d4a,d4a,d4a,1,1,1,1,1,0,0,0,0,1,1,1,0,0,1,1,1,0,0,1,0,1,0,1,1,0,0,0,1,0,1,0,0,1,0,1,0,1,1,0,0,0,1,0,1,0,0,1,0,1,0,1,1,0,0,0,1,0,1,0,0,1,0,1,0,1,1,0,0
2026,3,29,08:48:46.826,34.00,45,67.1,0.8496,4441.7,445.6,3.939,2.14,3.89,0.01,0.01,-660.0,1841.0,351.0,-25543.0,24247,1531,63.4,0.0,10773.0,0,0,0,e1f,d4e,d4a,d4a,d4a,1,1,1,1,1,0,0,0,0,1,1,1,0,0,1,1,1,0,0,1,0,1,0,1,1,0,0,0,1,0,1,0,0,1,0,1,0,1,1,0,0,0,1,0,1,0,0,1,0,1,0,1,1,0,0,0,1,0,1,0,0,1,0,1,0,1,1,0,0
2026,3,29,08:48:46.846,34.02,65,67.1,0.8496,4441.7,445.6,3.940,2.14,3.89,0.01,0.01,-660.0,1841.0,351.0,-25556.0,24284,1538,63.1,0.0,10777.0,0,0,0,e1f,d4e,d4a,d4a,d4a,1,1,1,1,1,0,0,0,0,1,1,1,0,0,1,1,1,0,0,1,0,1,0,1,1,0,0,0,1,0,1,0,0,1,0,1,0,1,1,0,0,0,1,0,1,0,0,1,0,1,0,1,1,0,0,0,1,0,1,0,0,1,0,1,0,1,1,0,0
2026,3,29,08:48:46.866,34.04,85,67.1,0.8496,4441.7,445.6,3.939,2.14,3.89,0.01,0.01,-660.0,1841.0,351.0,-25569.0,24320,1545,62.8,0.0,10781.0,0,0,0,e1f,d4e,d4a,d4a,d4a,1,1,1,1,1,0,0,0,0,1,1,1,0,0,1,1,1,0,0,1,0,1,0,1,1,0,0,0,1,0,1,0,0,1,0,1,0,1,1,0,0,0,1,0,1,0,0,1,0,1,0,1,1,0,0,0,1,0,1,0,0,1,0,1,0,1,1,0,0
2026,3,29,08:48:46.886,34.06,105,67.1,0.8497,4436.6,440.6,3.939,2.14,3.89,0.01,0.01,-660.0,1841.0,352.0,-25582.0,24357,1552,62.3,0.0,10785.0,0,0,0,e1f,d4e,d4a,d4a,d4a,1,1,1,1,1,0,0,0,0,1,1,1,0,0,1,1,1,0,0,1,0,1,0,1,1,0,0,0,1,0,1,0,0,1,0,1,0,1,1,0,0,0,1,0,1,0,0,1,0,1,0,1,1,0,0,0,1,0,1,0,0,1,0,1,0,1,1,0,0
2026,3,29,08:48:46.906,34.08,125,67.1,0.8497,4436.6,440.6,3.940,2.14,3.89,0.01,0.01,-660.0,1841.0,352.0,-25596.0,24394,1559,61.8,0.0,10788.0,0,0,0,e1f,d4e,d4a,d4a,d4a,1,1,1,1,1,0,0,0,0,1,1,1,0,0,1,1,1,0,0,1,0,1,0,1,1,0,0,0,1,0,1,0,0,1,0,1,0,1,1,0,0,0,1,0,1,0,0,1,0,1,0,1,1,0,0,0,1,0,1,0,0,1,0,1,0,1,1,0,0
2026,3,29,08:48:46.926,34.10,145,67.1,0.8498,4433.5,437.4,3.939,2.15,3.89,0.01,0.01,-659.0,1841.0,353.0,-25609.0,24431,1566,61.1,0.0,10792.0,0,0,0,e1f,d4e,d4a,d4a,d4a,1,1,1,1,1,0,0,0,0,1,1,1,0,0,1,1,1,0,0,1,0,1,0,1,1,0,0,0,1,0,1,0,0,1,0,1,0,1,1,0,0,0,1,0,1,0,0,1,0,1,0,1,1,0,0,0,1,0,1,0,0,1,0,1,0,1,1,0,0
2026,3,29,08:48:46.946,34.12,165,67.1,0.8498,4433.5,437.4,3.939,2.15,3.89,0.01,0.01,-659.0,1841.0,353.0,-25622.0,24468,1573,60.3,0.0,10796.0,0,0,0,e1f,d4e,d4a,d4a,d4a,1,1,1,1,1,0,0,0,0,1,1,1,0,0,1,1,1,0,0,1,0,1,0,1,1,0,0,0,1,0,1,0,0,1,0,1,0,1,1,0,0,0,1,0,1,0,0,1,0,1,0,1,1,0,0,0,1,0,1,0,0,1,0,1,0,1,1,0,0
2026,3,29,08:48:46.966,34.14,185,67.1,0.8498,4434.7,438.7,3.939,2.15,3.89,0.01,0.01,-659.0,1841.0,354.0,-25635.0,24504,1580,59.4,0.0,10800.0,0,0,0,e1f,d4e,d4a,d4a,d4a,1,1,1,1,1,0,0,0,0,1,1,1,0,0,1,1,1,0,0,1,0,1,0,1,1,0,0,0,1,0,1,0,0,1,0,1,0,1,1,0,0,0,1,0,1,0,0,1,0,1,0,1,1,0,0,0,1,0,1,0,0,1,0,1,0,1,1,0,0
2026,3,29,08:48:46.986,34.16,205,67.1,0.8498,4434.7,438.7,3.940,2.15,3.89,0.01,0.01,-659.0,1841.0,354.0,-25648.0,24541,1587,58.4,0.0,10803.0,0,0,0,e1f,d4e,d4a,d4a,d4a,1,1,1,1,1,0,0,0,0,1,1,1,0,0,1,1,1,0,0,1,0,1,0,1,1,0,0,0,1,0,1,0,0,1,0,1,0,1,1,0,0,0,1,0,1,0,0,1,0,1,0,1,1,0,0,0,1,0,1,0,0,1,0,1,0,1,1,0,0
2026,3,29,08:48:47.006,34.18,225,67.1,0.8500,4429.7,433.6,3.940,2.15,3.89,0.01,0.01,-659.0,1842.0,355.0,-25662.0,24578,1594,57.3,0.0,10807.0,0,0,0,e1f,d4e,d4a,d4a,d4a,1,1,1,1,1,0,0,0,0,1,1,1,0,0,1,1,1,0,0,1,0,1,0,1,1,0,0,0,1,0,1,0,0,1,0,1,0,1,1,0,0,0,1,0,1,0,0,1,0,1,0,1,1,0,0,0,1,0,1,0,0,1,0,1,0,1,1,0,0
2026,3,29,08:48:47.026,34.20,245,67.1,0.8499,4430.3,434.2,3.941,2.15,3.89,0.01,0.01,-659.0,1842.0,355.0,-25675.0,24615,1602,56.1,0.0,10811.0,0,0,0,e1f,d4e,d4a,d4a,d4a,1,1,1,1,1,0,0,0,0,1,1,1,0,0,1,1,1,0,0,1,0,1,0,1,1,0,0,0,1,0,1,0,0,1,0,1,0,1,1,0,0,0,1,0,1,0,0,1,0,1,0,1,1,0,0,0,1,0,1,0,0,1,0,1,0,1,1,0,0
2026,3,29,08:48:47.046,34.22,15,67.1,0.8500,4428.4,432.3,3.939,2.15,3.89,0.01,0.01,-659.0,1842.0,356.0,-25688.0,24652,1609,54.7,0.0,10814.0,0,0,0,e1f,d4e,d4a,d4a,d4a,1,1,1,1,1,0,0,0,0,1,1,1,0,0,1,1,1,0,0,1,0,1,0,1,1,0,0,0,1,0,1,0,0,1,0,1,0,1,1,0,0,0,1,0,1,0,0,1,0,1,0,1,1,0,0,0,1,0,1,0,0,1,0,1,0,1,1,0,0
2026,3,29,08:48:47.066,34.24,35,67.1,0.8500,4428.4,432.3,3.940,2.15,3.89,0.01,0.01,-659.0,1842.0,357.0,-25701.0,24689,1616,53.2,0.0,10818.0,0,0,0,e1f,d4e,d4a,d4a,d4a,1,1,1,1,1,0,0,0,0,1,1,1,0,0,1,1,1,0,0,1,0,1,0,1,1,0,0,0,1,0,1,0,0,1,0,1,0,1,1,0,0,0,1,0,1,0,0,1,0,1,0,1,1,0,0,0,1,0,1,0,0,1,0,1,0,1,1,0,0
2026,3,29,08:48:47.086,34.26,55,67.1,0.8499,4431.6,435.5,3.939,2.15,3.89,0.01,0.01,-659.0,1842.0,357.0,-25714.0,24726,1623,51.7,0.0,10821.0,0,0,0,e1f,d4e,d4a,d4a,d4a,1,1,1,1,1,0,0,0,0,1,1,1,0,0,1,1,1,0,0,1,0,1,0,1,1,0,0,0,1,0,1,0,0,1,0,1,0,1,1,0,0,0,1,0,1,0,0,1,0,1,0,1,1,0,0,0,1,0,1,0,0,1,0,1,0,1,1,0,0
2026,3,29,08:48:47.106,34.28,75,67.1,0.8499,4431.6,435.5,3.940,2.15,3.89,0.01,0.01,-659.0,1842.0,358.0,-25727.0,24763,1630,50.0,0.0,10824.0,0,0,0,e1f,d4e,d4a,d4a,d4a,1,1,1,1,1,0,0,0,0,1,1,1,0,0,1,1,1,0,0,1,0,1,0,1,1,0,0,0,1,0,1,0,0,1,0,1,0,1,1,0,0,0,1,0,1,0,0,1,0,1,0,1,1,0,0,0,1,0,1,0,0,1,0,1,0,1,1,0,0
2026,3,29,08:48:47.126,34.30,95,67.1,0.8500,4428.4,432.3,3.939,2.15,3.89,0.01,0.01,-659.0,1842.0,359.0,-25741.0,24799,1637,48.2,0.0,10827.0,0,0,0,e1f,d4e,d4a,d4a,d4a,1,1,1,1,1,0,0,0,0,1,1,1,0,0,1,1,1,0,0,1,0,1,0,1,1,0,0,0,1,0,1,0,0,1,0,1,0,1,1,0,0,0,1,0,1,0,0,1,0,1,0,1,1,0,0,0,1,0,1,0,0,1,0,1,0,1,1,0,0
2026,3,29,08:48:47.146,34.32,115,67.1,0.8500,4428.4,432.3,3.940,2.15,3.89,0.01,0.01,-659.0,1842.0,359.0,-25754.0,24836,1644,46.3,0.0,10830.0,0,0,0,e1f,d4e,d4a,d4a,d4a,1,1,1,1,1,0,0,0,0,1,1,1,0,0,1,1,1,0,0,1,0,1,0,1,1,0,0,0,1,0,1,0,0,1,0,1,0,1,1,0,0,0,1,0,1,0,0,1,0,1,0,1,1,0,0,0,1,0,1,0,0,1,0,1,0,1,1,0,0
2026,3,29,08:48:47.166,34.34,135,67.1,0.8504,4417.0,421.0,3.940,2.16,3.89,0.01,0.01,-659.0,1842.0,360.0,-25767.0,24873,1652,44.3,0.0,10833.0,0,0,0,e1f,d4e,d4a,d4a,d4a,1,1,1,1,1,0,0,0,0,1,1,1,0,0,1,1,1,0,0,1,0,1,0,1,1,0,0,0,1,0,1,0,0,1,0,1,0,1,1,0,0,0,1,0,1,0,0,1,0,1,0,1,1,0,0,0,1,0,1,0,0,1,0,1,0,1,1,0,0
2026,3,29,08:48:47.186,34.36,155,67.1,0.8504,4417.0,421.0,3.939,2.16,3.89,0.01,0.01,-659.0,1843.0,361.0,-25780.0,24910,1659,42.2,0.0,10836.0,0,0,0,e1f,d4e,d4a,d4a,d4a,1,1,1,1,1,0,0,0,0,1,1,1,0,0,1,1,1,0,0,1,0,1,0,1,1,0,0,0,1,0,1,0,0,1,0,1,0,1,1,0,0,0,1,0,1,0,0,1,0,1,0,1,1,0,0,0,1,0,1,0,0,1,0,1,0,1,1,0,0
2026,3,29,08:48:47.206,34.38,175,67.1,0.8504,4415.8,419.7,3.939,2.16,3.89,0.01,0.01,-659.0,1843.0,362.0,-25793.0,24947,1666,39.9,0.0,10839.0,0,0,0,e1f,d4e,d4a,d4a,d4a,1,1,1,1,1,0,0,0,0,1,1,1,0,0,1,1,1,0,0,1,0,1,0,1,1,0,0,0,1,0,1,0,0,1,0,1,0,1,1,0,0,0,1,0,1,0,0,1,0,1,0,1,1,0,0,0,1,0,1,0,0,1,0,1,0,1,1,0,0
2026,3,29,08:48:47.226,34.40,195,67.1,0.8504,4415.8,419.7,3.940,2.16,3.89,0.01,0.01,-659.0,1843.0,363.0,-25807.0,24984,1673,37.5,0.0,10842.0,0,0,0,e1f,d4e,d4a,d4a,d4a,1,1,1,1,1,0,0,0,0,1,1,1,0,0,1,1,1,0,0,1,0,1,0,1,1,0,0,0,1,0,1,0,0,1,0,1,0,1,1,0,0,0,1,0,1,0,0,1,0,1,0,1,1,0,0,0,1,0,1,0,0,1,0,1,0,1,1,0,0
2026,3,29,08:48:47.246,34.42,215,67.1,0.8504,4415.8,419.7,3.939,2.16,3.89,0.01,0.01,-659.0,1843.0,364.0,-25820.0,25021,1681,34.9,0.0,10845.0,0,0,0,e1f,d4e,d4a,d4a,d4a,1,1,1,1,1,0,0,0,0,1,1,1,0,0,1,1,1,0,0,1,0,1,0,1,1,0,0,0,1,0,1,0,0,1,0,1,0,1,1,0,0,0,1,0,1,0,0,1,0,1,0,1,1,0,0,0,1,0,1,0,0,1,0,1,0,1,1,0,0
2026,3,29,08:48:47.266,34.44,235,67.1,0.8504,4415.8,419.7,3.940,2.16,3.89,0.01,0.01,-659.0,1844.0,364.0,-25833.0,25058,1688,32.3,0.0,10848.0,0,0,0,e1f,d4e,d4a,d4a,d4a,1,1,1,1,1,0,0,0,0,1,1,1,0,0,1,1,1,0,0,1,0,1,0,1,1,0,0,0,1,0,1,0,0,1,0,1,0,1,1,0,0,0,1,0,1,0,0,1,0,1,0,1,1,0,0,0,1,0,1,0,0,1,0,1,0,1,1,0,0
2026,3,29,08:48:47.286,34.46,5,67.1,0.8508,4402.5,406.5,3.939,2.16,3.89,0.01,0.01,-660.0,1844.0,365.0,-25846.0,25094,1695,29.7,0.0,10851.0,0,0,0,e1f,d4e,d4a,d4a,d4a,1,1,1,1,1,0,0,0,0,1,1,1,0,0,1,1,1,0,0,1,0,1,0,1,1,0,0,0,1,0,1,0,0,1,0,1,0,1,1,0,0,0,1,0,1,0,0,1,0,1,0,1,1,0,0,0,1,0,1,0,0,1,0,1,0,1,1,0,0
2026,3,29,08:48:47.306,34.48,25,67.1,0.8508,4402.5,406.5,3.939,2.16,3.89,0.01,0.01,-660.0,1845.0,366.0,-25859.0,25131,1703,27.1,0.0,10853.0,0,0,0,e1f,d4e,d4a,d4a,d4a,1,1,1,1,1,0,0,0,0,1,1,1,0,0,1,1,1,0,0,1,0,1,0,1,1,0,0,0,1,0,1,0,0,1,0,1,0,1,1,0,0,0,1,0,1,0,0,1,0,1,0,1,1,0,0,0,1,0,1,0,0,1,0,1,0,1,1,0,0
2026,3,29,08:48:47.326,34.50,45,67.1,0.8508,4404.4,408.4,3.939,2.16,3.89,0.01,0.01,-661.0,1845.0,366.0,-25873.0,25168,1710,24.5,0.0,10856.0,0,0,0,e1f,d4e,d4a,d4a,d4a,1,1,1,1,1,0,0,0,0,1,1,1,0,0,1,1,1,0,0,1,0,1,0,1,1,0,0,0,1,0,1,0,0,1,0,1,0,1,1,0,0,0,1,0,1,0,0,1,0,1,0,1,1,0,0,0,1,0,1,0,0,1,0,1,0,1,1,0,0
2026,3,29,08:48:47.346,34.52,65,67.1,0.8508,4404.4,408.4,3.940,2.16,3.89,0.01,0.01,-661.0,1846.0,367.0,-25886.0,25205,1717,22.0,0.0,10859.0,0,0,0,e1f,d4e,d4a,d4a,d4a,1,1,1,1,1,0,0,0,0,1,1,1,0,0,1,1,1,0,0,1,0,1,0,1,1,0,0,0,1,0,1,0,0,1,0,1,0,1,1,0,0,0,1,0,1,0,0,1,0,1,0,1,1,0,0,0,1,0,1,0,0,1,0,1,0,1,1,0,0
2026,3,29,08:48:47.366,34.54,85,67.1,0.8510,4396.2,400.2,3.939,2.16,3.89,0.01,0.01,-662.0,1847.0,367.0,-25899.0,25242,1725,19.5,0.0,10862.0,0,0,0,e1f,d4e,d4a,d4a,d4a,1,1,1,1,1,0,0,0,0,1,1,1,0,0,1,1,1,0,0,1,0,1,0,1,1,0,0,0,1,0,1,0,0,1,0,1,0,1,1,0,0,0,1,0,1,0,0,1,0,1,0,1,1,0,0,0,1,0,1,0,0,1,0,1,0,1,1,0,0
2026,3,29,08:48:47.386,34.56,105,67.1,0.8510,4396.2,400.2,3.939,2.16,3.89,0.01,0.01,-662.0,1848.0,367.0,-25912.0,25279,1732,17.3,0.0,10864.0,0,0,0,e1f,d4e,d4a,d4a,d4a,1,1,1,1,1,0,0,0,0,1,1,1,0,0,1,1,1,0,0,1,0,1,0,1,1,0,0,0,1,0,1,0,0,1,0,1,0,1,1,0,0,0,1,0,1,0,0,1,0,1,0,1,1,0,0,0,1,0,1,0,0,1,0,1,0,1,1,0,0
2026,3,29,08:48:47.406,34.58,125,67.1,0.8511,4393.1,397.0,3.940,2.16,3.89,0.01,0.01,-663.0,1848.0,368.0,-25926.0,25316,1739,15.2,0.0,10867.0,0,0,0,e1f,d4e,d4a,d4a,d4a,1,1,1,1,1,0,0,0,0,1,1,1,0,0,1,1,1,0,0,1,0,1,0,1,1,0,0,0,1,0,1,0,0,1,0,1,0,1,1,0,0,0,1,0,1,0,0,1,0,1,0,1,1,0,0,0,1,0,1,0,0,1,0,1,0,1,1,0,0
2026,3,29,08:48:47.426,34.60,145,67.1,0.8511,4393.7,397.6,3.938,2.16,3.89,0.01,0.01,-663.0,1849.0,368.0,-25939.0,25353,1747,13.5,0.0,10869.0,0,0,0,e1f,d4e,d4a,d4a,d4a,1,1,1,1,1,0,0,0,0,1,1,1,0,0,1,1,1,0,0,1,0,1,0,1,1,0,0,0,1,0,1,0,0,1,0,1,0,1,1,0,0,0,1,0,1,0,0,1,0,1,0,1,1,0,0,0,1,0,1,0,0,1,0,1,0,1,1,0,0
2026,3,29,08:48:47.446,34.62,165,67.1,0.8508,4401.9,405.8,3.939,2.16,3.89,0.01,0.01,-664.0,1850.0,368.0,-25952.0,25390,1754,12.0,0.0,10872.0,0,0,0,e1f,d4e,d4a,d4a,d4e,1,1,1,1,1,0,0,0,0,1,1,1,0,0,1,1,1,0,0,1,0,1,0,1,1,0,0,0,1,0,1,0,0,1,0,1,0,1,1,0,0,0,1,0,1,0,0,1,0,1,0,1,1,0,0,0,1,1,1,0,0,1,0,1,0,1,1,0,0
2026,3,29,08:48:47.466,34.64,185,67.1,0.8508,4402.5,406.5,3.939,2.16,3.89,0.01,0.01,-664.0,1851.0,368.0,-25965.0,25427,1761,11.0,0.0,10875.0,0,0,0,e1f,d4e,d4a,d4a,d4e,1,1,1,1,1,0,0,0,0,1,1,1,0,0,1,1,1,0,0,1,0,1,0,1,1,0,0,0,1,0,1,0,0,1,0,1,0,1,1,0,0,0,1,0,1,0,0,1,0,1,0,1,1,0,0,0,1,1,1,0,0,1,0,1,0,1,1,0,0
2026,3,29,08:48:47.486,34.66,205,67.1,0.8502,4423.4,427.3,3.939,2.16,3.89,0.01,0.01,-664.0,1851.0,368.0,-25979.0,25464,1769,10.6,0.0,10877.0,0,0,0,e1f,d46,d42,d42,d46,1,1,1,1,1,0,0,0,0,1,1,1,0,0,1,1,0,0,0,1,0,1,0,1,1,0,0,0,1,0,0,0,0,1,0,1,0,1,1,0,0,0,1,0,0,0,0,1,0,1,0,1,1,0,0,0,1,1,0,0,0,1,0,1,0,1,1,0,0
2026,3,29,08:48:47.506,34.68,225,67.0,0.8501,4424.6,428.6,3.939,2.16,3.89,0.01,0.01,-665.0,1852.0,368.0,-25992.0,25501,1776,10.6,0.0,10880.0,0,0,0,e1f,d46,d42,d42,d46,1,1,1,1,1,0,0,0,0,1,1,1,0,0,1,1,0,0,0,1,0,1,0,1,1,0,0,0,1,0,0,0,0,1,0,1,0,1,1,0,0,0,1,0,0,0,0,1,0,1,0,1,1,0,0,0,1,1,0,0,0,1,0,1,0,1,1,0,0
2026,3,29,08:48:47.526,34.70,245,67.0,0.8497,4437.2,441.2,3.939,2.16,3.89,0.01,0.01,-665.0,1853.0,369.0,-26005.0,25538,1784,11.1,0.0,10882.0,0,0,0,e1f,d46,d42,d42,d46,1,1,1,1,1,0,0,0,0,1,1,1,0,0,1,1,0,0,0,1,0,1,0,1,1,0,0,0,1,0,0,0,0,1,0,1,0,1,1,0,0,0,1,0,0,0,0,1,0,1,0,1,1,0,0,0,1,1,0,0,0,1,0,1,0,1,1,0,0
2026,3,29,08:48:47.546,34.72,15,67.0,0.8497,4438.5,442.4,3.939,2.17,3.89,0.01,0.01,-665.0,1854.0,369.0,-26019.0,25575,1791,11.9,0.0,10885.0,0,0,0,e1f,d46,d42,d42,d46,1,1,1,1,1,0,0,0,0,1,1,1,0,0,1,1,0,0,0,1,0,1,0,1,1,0,0,0,1,0,0,0,0,1,0,1,0,1,1,0,0,0,1,0,0,0,0,1,0,1,0,1,1,0,0,0,1,1,0,0,0,1,0,1,0,1,1,0,0
2026,3,29,08:48:47.566,34.74,35,67.0,0.8489,4462.5,466.4,3.938,2.17,3.89,0.01,0.01,-665.0,1855.0,369.0,-26032.0,25612,1798,13.0,0.0,10887.0,0,0,0,e1f,d46,d42,d42,d46,1,1,1,1,1,0,0,0,0,1,1,1,0,0,1,1,0,0,0,1,0,1,0,1,1,0,0,0,1,0,0,0,0,1,0,1,0,1,1,0,0,0,1,0,0,0,0,1,0,1,0,1,1,0,0,0,1,1,0,0,0,1,0,1,0,1,1,0,0
2026,3,29,08:48:47.586,34.76,55,67.0,0.8489,4463.8,467.7,3.939,2.17,3.89,0.01,0.01,-666.0,1856.0,369.0,-26045.0,25650,1806,14.2,0.0,10890.0,0,0,0,e1f,d4e,d4a,d4a,d4e,1,1,1,1,1,0,0,0,0,1,1,1,0,0,1,1,1,0,0,1,0,1,0,1,1,0,0,0,1,0,1,0,0,1,0,1,0,1,1,0,0,0,1,0,1,0,0,1,0,1,0,1,1,0,0,0,1,1,1,0,0,1,0,1,0,1,1,0,0
2026,3,29,08:48:47.606,34.78,75,67.0,0.8481,4489.7,493.6,3.939,2.17,3.89,0.01,0.01,-666.0,1857.0,369.0,-26059.0,25687,1813,15.6,0.0,10892.0,0,0,0,e1f,d4e,d4a,d4a,d4e,1,1,1,1,1,0,0,0,0,1,1,1,0,0,1,1,1,0,0,1,0,1,0,1,1,0,0,0,1,0,1,0,0,1,0,1,0,1,1,0,0,0,1,0,1,0,0,1,0,1,0,1,1,0,0,0,1,1,1,0,0,1,0,1,0,1,1,0,0
2026,3,29,08:48:47.626,34.80,95,66.9,0.8480,4491.0,494.9,3.939,2.17,3.89,0.01,0.01,-666.0,1858.0,370.0,-26072.0,25724,1820,17.1,0.0,10895.0,0,0,0,e1f,d4e,d4a,d4a,d4a,1,1,1,1,1,0,0,0,0,1,1,1,0,0,1,1,1,0,0,1,0,1,0,1,1,0,0,0,1,0,1,0,0,1,0,1,0,1,1,0,0,0,1,0,1,0,0,1,0,1,0,1,1,0,0,0,1,0,1,0,0,1,0,1,0,1,1,0,0
2026,3,29,08:48:47.646,34.82,115,66.9,0.8474,4509.9,513.9,3.939,2.17,3.89,0.01,0.01,-666.0,1858.0,370.0,-26085.0,25761,1828,18.7,0.0,10897.0,0,0,0,e1f,d4e,d4a,d4a,d4a,1,1,1,1,1,0,0,0,0,1,1,1,0,0,1,1,1,0,0,1,0,1,0,1,1,0,0,0,1,0,1,0,0,1,0,1,0,1,1,0,0,0,1,0,1,0,0,1,0,1,0,1,1,0,0,0,1,0,1,0,0,1,0,1,0,1,1,0,0
2026,3,29,08:48:47.666,34.84,135,66.9,0.8474,4511.8,515.8,3.940,2.17,3.89,0.01,0.01,-667.0,1859.0,370.0,-26099.0,25798,1835,20.4,0.0,10900.0,0,0,0,e1f,d4e,d4a,d4a,d4a,1,1,1,1,1,0,0,0,0,1,1,1,0,0,1,1,1,0,0,1,0,1,0,1,1,0,0,0,1,0,1,0,0,1,0,1,0,1,1,0,0,0,1,0,1,0,0,1,0,1,0,1,1,0,0,0,1,0,1,0,0,1,0,1,0,1,1,0,0
2026,3,29,08:48:47.686,34.86,155,66.9,0.8464,4541.0,544.9,3.939,2.17,3.89,0.01,0.01,-667.0,1860.0,370.0,-26112.0,25835,1843,22.2,0.0,10902.0,0,0,0,e1f,d4e,d4a,d4a,d4a,1,1,1,1,1,0,0,0,0,1,1,1,0,0,1,1,1,0,0,1,0,1,0,1,1,0,0,0,1,0,1,0,0,1,0,1,0,1,1,0,0,0,1,0,1,0,0,1,0,1,0,1,1,0,0,0,1,0,1,0,0,1,0,1,0,1,1,0,0
2026,3,29,08:48:47.706,34.88,175,66.9,0.8464,4541.6,545.5,3.939,2.17,3.89,0.01,0.01,-667.0,1861.0,370.0,-26125.0,25873,1850,24.1,0.0,10904.0,0,0,0,e1f,d4e,d4a,d4a,d4a,1,1,1,1,1,0,0,0,0,1,1,1,0,0,1,1,1,0,0,1,0,1,0,1,1,0,0,0,1,0,1,0,0,1,0,1,0,1,1,0,0,0,1,0,1,0,0,1,0,1,0,1,1,0,0,0,1,0,1,0,0,1,0,1,0,1,1,0,0
2026,3,29,08:48:47.726,34.90,195,66.9,0.8457,4564.4,568.3,3.940,2.17,3.89,0.01,0.01,-668.0,1861.0,371.0,-26139.0,25910,1858,26.2,0.0,10907.0,0,0,0,e1f,d4e,d4a,d4a,d4a,1,1,1,1,1,0,0,0,0,1,1,1,0,0,1,1,1,0,0,1,0,1,0,1,1,0,0,0,1,0,1,0,0,1,0,1,0,1,1,0,0,0,1,0,1,0,0,1,0,1,0,1,1,0,0,0,1,0,1,0,0,1,0,1,0,1,1,0,0
2026,3,29,08:48:47.746,34.92,215,66.8,0.8457,4565.7,569.6,3.939,2.17,3.89,0.01,0.01,-668.0,1862.0,371.0,-26152.0,25947,1865,28.5,0.0,10909.0,0,0,0,e1f,d4e,d4a,d4a,d4a,1,1,1,1,1,0,0,0,0,1,1,1,0,0,1,1,1,0,0,1,0,1,0,1,1,0,0,0,1,0,1,0,0,1,0,1,0,1,1,0,0,0,1,0,1,0,0,1,0,1,0,1,1,0,0,0,1,0,1,0,0,1,0,1,0,1,1,0,0
2026,3,29,08:48:47.766,34.94,235,66.8,0.8452,4579.0,582.9,3.938,2.17,3.89,0.01,0.01,-669.0,1862.0,371.0,-26165.0,25984,1872,30.9,0.0,10912.0,0,0,0,e1f,d4e,d4a,d4a,d4a,1,1,1,1,1,0,0,0,0,1,1,1,0,0,1,1,1,0,0,1,0,1,0,1,1,0,0,0,1,0,1,0,0,1,0,1,0,1,1,0,0,0,1,0,1,0,0,1,0,1,0,1,1,0,0,0,1,0,1,0,0,1,0,1,0,1,1,0,0
2026,3,29,08:48:47.786,34.96,5,66.8,0.8452,4579.6,583.6,3.939,2.17,3.89,0.01,0.01,-670.0,1863.0,371.0,-26179.0,26022,1880,33.4,0.0,10914.0,0,0,0,e1f,d4e,d4a,d4a,d4a,1,1,1,1,1,0,0,0,0,1,1,1,0,0,1,1,1,0,0,1,0,1,0,1,1,0,0,0,1,0,1,0,0,1,0,1,0,1,1,0,0,0,1,0,1,0,0,1,0,1,0,1,1,0,0,0,1,0,1,0,0,1,0,1,0,1,1,0,0
2026,3,29,08:48:47.806,34.98,25,66.8,0.8444,4606.9,610.8,3.939,2.17,3.89,0.01,0.01,-670.0,1863.0,370.0,-26192.0,26059,1887,36.1,0.0,10917.0,0,0,0,e1f,d4e,d4a,d4a,d4a,1,1,1,1,1,0,0,0,0,1,1,1,0,0,1,1,1,0,0,1,0,1,0,1,1,0,0,0,1,0,1,0,0,1,0,1,0,1,1,0,0,0,1,0,1,0,0,1,0,1,0,1,1,0,0,0,1,0,1,0,0,1,0,1,0,1,1,0,0
2026,3,29,08:48:47.826,35.00,45,66.8,0.8443,4608.2,612.1,3.939,2.17,3.89,0.01,0.01,-671.0,1863.0,370.0,-26206.0,26096,1895,38.9,0.0,10919.0,0,0,0,e1f,d4e,d4a,d4a,d4a,1,1,1,1,1,0,0,0,0,1,1,1,0,0,1,1,1,0,0,1,0,1,0,1,1,0,0,0,1,0,1,0,0,1,0,1,0,1,1,0,0,0,1,0,1,0,0,1,0,1,0,1,1,0,0,0,1,0,1,0,0,1,0,1,0,1,1,0,0
2026,3,29,08:48:47.846,35.02,65,66.8,0.8440,4619.6,623.5,3.939,2.17,3.89,0.01,0.01,-672.0,1864.0,370.0,-26219.0,26133,1902,41.9,0.0,10922.0,0,0,0,e1f,d4e,d4a,d4a,d4a,1,1,1,1,1,0,0,0,0,1,1,1,0,0,1,1,1,0,0,1,0,1,0,1,1,0,0,0,1,0,1,0,0,1,0,1,0,1,1,0,0,0,1,0,1,0,0,1,0,1,0,1,1,0,0,0,1,0,1,0,0,1,0,1,0,1,1,0,0
2026,3,29,08:48:47.866,35.04,85,66.8,0.8440,4619.6,623.5,3.939,2.17,3.89,0.01,0.01,-673.0,1864.0,370.0,-26232.0,26171,1909,45.0,0.0,10924.0,0,0,0,e1f,d4e,d4a,d4a,d4a,1,1,1,1,1,0,0,0,0,1,1,1,0,0,1,1,1,0,0,1,0,1,0,1,1,0,0,0,1,0,1,0,0,1,0,1,0,1,1,0,0,0,1,0,1,0,0,1,0,1,0,1,1,0,0,0,1,0,1,0,0,1,0,1,0,1,1,0,0
2026,3,29,08:48:47.886,35.06,105,66.8,0.8442,4613.3,617.2,3.940,2.17,3.89,0.01,0.01,-674.0,1864.0,370.0,-26246.0,26208,1917,48.3,0.0,10927.0,0,0,0,e1f,d4e,d4a,d4a,d4a,1,1,1,1,1,0,0,0,0,1,1,1,0,0,1,1,1,0,0,1,0,1,0,1,1,0,0,0,1,0,1,0,0,1,0,1,0,1,1,0,0,0,1,0,1,0,0,1,0,1,0,1,1,0,0,0,1,0,1,0,0,1,0,1,0,1,1,0,0
2026,3,29,08:48:47.906,35.08,125,66.8,0.8441,4613.9,617.8,3.939,2.17,3.89,0.01,0.01,-674.0,1865.0,369.0,-26259.0,26245,1924,51.7,0.0,10929.0,0,0,0,e1f,d4e,d4a,d4a,d4a,1,1,1,1,1,0,0,0,0,1,1,1,0,0,1,1,1,0,0,1,0,1,0,1,1,0,0,0,1,0,1,0,0,1,0,1,0,1,1,0,0,0,1,0,1,0,0,1,0,1,0,1,1,0,0,0,1,0,1,0,0,1,0,1,0,1,1,0,0
2026,3,29,08:48:47.926,35.10,145,66.8,0.8439,4621.5,625.4,3.940,2.17,3.89,0.01,0.01,-675.0,1865.0,369.0,-26273.0,26283,1932,55.3,0.0,10932.0,0,0,0,e1f,d4e,d4a,d4a,d4a,1,1,1,1,1,0,0,0,0,1,1,1,0,0,1,1,1,0,0,1,0,1,0,1,1,0,0,0,1,0,1,0,0,1,0,1,0,1,1,0,0,0,1,0,1,0,0,1,0,1,0,1,1,0,0,0,1,0,1,0,0,1,0,1,0,1,1,0,0
2026,3,29,08:48:47.946,35.12,165,66.8,0.8439,4621.5,625.4,3.939,2.17,3.89,0.01,0.01,-676.0,1866.0,369.0,-26286.0,26320,1939,58.9,0.0,10935.0,0,0,0,e1f,d4e,d4a,d4a,d4a,1,1,1,1,1,0,0,0,0,1,1,1,0,0,1,1,1,0,0,1,0,1,0,1,1,0,0,0,1,0,1,0,0,1,0,1,0,1,1,0,0,0,1,0,1,0,0,1,0,1,0,1,1,0,0,0,1,0,1,0,0,1,0,1,0,1,1,0,0
2026,3,29,08:48:47.966,35.14,185,66.8,0.8439,4620.2,624.2,3.939,2.17,3.89,0.01,0.01,-676.0,1866.0,368.0,-26300.0,26357,1946,62.6,0.0,10938.0,0,0,0,e1f,d4e,d4a,d4a,d4a,1,1,1,1,1,0,0,0,0,1,1,1,0,0,1,1,1,0,0,1,0,1,0,1,1,0,0,0,1,0,1,0,0,1,0,1,0,1,1,0,0,0,1,0,1,0,0,1,0,1,0,1,1,0,0,0,1,0,1,0,0,1,0,1,0,1,1,0,0
2026,3,29,08:48:47.986,35.16,205,66.8,0.8440,4619.6,623.5,3.940,2.17,3.89,0.01,0.01,-677.0,1867.0,367.0,-26314.0,26395,1954,66.4,0.0,10942.0,0,0,0,e1f,d4e,d4a,d4a,d4a,1,1,1,1,1,0,0,0,0,1,1,1,0,0,1,1,1,0,0,1,0,1,0,1,1,0,0,0,1,0,1,0,0,1,0,1,0,1,1,0,0,0,1,0,1,0,0,1,0,1,0,1,1,0,0,0,1,0,1,0,0,1,0,1,0,1,1,0,0
2026,3,29,08:48:48.006,35.18,225,66.8,0.8443,4608.2,612.1,3.939,2.17,3.89,0.01,0.01,-677.0,1867.0,367.0,-26327.0,26432,1961,70.3,0.0,10946.0,0,0,0,e1f,d4e,d4a,d4a,d4a,1,1,1,1,1,0,0,0,0,1,1,1,0,0,1,1,1,0,0,1,0,1,0,1,1,0,0,0,1,0,1,0,0,1,0,1,0,1,1,0,0,0,1,0,1,0,0,1,0,1,0,1,1,0,0,0,1,0,1,0,0,1,0,1,0,1,1,0,0
2026,3,29,08:48:48.026,35.20,245,66.8,0.8443,4607.5,611.5,3.940,2.17,3.89,0.01,0.01,-678.0,1868.0,366.0,-26341.0,26469,1969,74.2,0.0,10950.0,0,0,0,e1f,d4e,d4a,d4a,d4a,1,1,1,1,1,0,0,0,0,1,1,1,0,0,1,1,1,0,0,1,0,1,0,1,1,0,0,0,1,0,1,0,0,1,0,1,0,1,1,0,0,0,1,0,1,0,0,1,0,1,0,1,1,0,0,0,1,0,1,0,0,1,0,1,0,1,1,0,0
2026,3,29,08:48:48.046,35.22,15,66.8,0.8450,4586.0,589.9,3.940,2.17,3.89,0.01,0.01,-678.0,1868.0,366.0,-26354.0,26507,1976,78.1,0.0,10954.0,0,0,0,e1f,d4e,d4a,d4a,d4a,1,1,1,1,1,0,0,0,0,1,1,1,0,0,1,1,1,0,0,1,0,1,0,1,1,0,0,0,1,0,1,0,0,1,0,1,0,1,1,0,0,0,1,0,1,0,0,1,0,1,0,1,1,0,0,0,1,0,1,0,0,1,0,1,0,1,1,0,0
2026,3,29,08:48:48.066,35.24,35,66.9,0.8451,4584.1,588.0,3.939,2.17,3.89,0.01,0.01,-678.0,1869.0,365.0,-26368.0,26544,1983,81.9,0.0,10960.0,0,0,0,e1f,d4e,d4a,d4a,d4a,1,1,1,1,1,0,0,0,0,1,1,1,0,0,1,1,1,0,0,1,0,1,0,1,1,0,0,0,1,0,1,0,0,1,0,1,0,1,1,0,0,0,1,0,1,0,0,1,0,1,0,1,1,0,0,0,1,0,1,0,0,1,0,1,0,1,1,0,0
2026,3,29,08:48:48.086,35.26,55,66.9,0.8466,4537.2,541.1,3.939,2.17,3.89,0.01,0.01,-678.0,1869.0,364.0,-26381.0,26581,1990,85.8,0.0,10966.0,0,0,0,e1f,d4e,d4a,d4a,d4a,1,1,1,1,1,0,0,0,0,1,1,1,0,0,1,1,1,0,0,1,0,1,0,1,1,0,0,0,1,0,1,0,0,1,0,1,0,1,1,0,0,0,1,0,1,0,0,1,0,1,0,1,1,0,0,0,1,0,1,0,0,1,0,1,0,1,1,0,0
2026,3,29,08:48:48.106,35.28,75,66.9,0.8466,4535.3,539.2,3.939,2.17,3.89,0.01,0.01,-678.0,1870.0,364.0,-26395.0,26619,1998,89.6,0.0,10972.0,0,0,0,e1f,d4e,d4a,d4a,d4a,1,1,1,1,1,0,0,0,0,1,1,1,0,0,1,1,1,0,0,1,0,1,0,1,1,0,0,0,1,0,1,0,0,1,0,1,0,1,1,0,0,0,1,0,1,0,0,1,0,1,0,1,1,0,0,0,1,0,1,0,0,1,0,1,0,1,1,0,0
2026,3,29,08:48:48.126,35.30,95,66.9,0.8482,4486.5,490.5,3.940,2.17,3.89,0.01,0.01,-678.0,1870.0,363.0,-26409.0,26656,2005,93.3,0.0,10979.0,0,0,0,e1f,d4e,d4a,d4a,d4a,1,1,1,1,1,0,0,0,0,1,1,1,0,0,1,1,1,0,0,1,0,1,0,1,1,0,0,0,1,0,1,0,0,1,0,1,0,1,1,0,0,0,1,0,1,0,0,1,0,1,0,1,1,0,0,0,1,0,1,0,0,1,0,1,0,1,1,0,0
2026,3,29,08:48:48.146,35.32,115,67.0,0.8482,4484.6,488.6,3.939,2.17,3.89,0.01,0.01,-678.0,1871.0,363.0,-26422.0,26694,2012,97.0,0.0,10985.0,0,0,0,e1f,d4a,d4a,d4a,d4a,1,1,1,1,1,0,0,0,0,1,1,1,0,0,1,0,1,0,0,1,0,1,0,1,1,0,0,0,1,0,1,0,0,1,0,1,0,1,1,0,0,0,1,0,1,0,0,1,0,1,0,1,1,0,0,0,1,0,1,0,0,1,0,1,0,1,1,0,0
2026,3,29,08:48:48.166,35.34,135,67.0,0.8496,4442.3,446.2,3.939,2.18,3.89,0.01,0.01,-677.0,1871.0,362.0,-26436.0,26731,2020,100.6,0.0,10991.0,0,0,0,e1f,d4a,d4a,d4a,d4a,1,1,1,1,1,0,0,0,0,1,1,1,0,0,1,0,1,0,0,1,0,1,0,1,1,0,0,0,1,0,1,0,0,1,0,1,0,1,1,0,0,0,1,0,1,0,0,1,0,1,0,1,1,0,0,0,1,0,1,0,0,1,0,1,0,1,1,0,0
2026,3,29,08:48:48.186,35.36,155,67.0,0.8496,4441.0,445.0,3.940,2.18,3.89,0.01,0.01,-677.0,1872.0,362.0,-26449.0,26769,2027,104.2,0.0,10997.0,0,0,0,e1f,d4a,d4a,d4a,d4a,1,1,1,1,1,0,0,0,0,1,1,1,0,0,1,0,1,0,0,1,0,1,0,1,1,0,0,0,1,0,1,0,0,1,0,1,0,1,1,0,0,0,1,0,1,0,0,1,0,1,0,1,1,0,0,0,1,0,1,0,0,1,0,1,0,1,1,0,0
2026,3,29,08:48:48.206,35.38,175,67.0,0.8506,4408.2,412.1,3.940,2.18,3.89,0.01,0.01,-677.0,1872.0,362.0,-26463.0,26806,2034,107.7,0.0,11002.0,0,0,0,e1f,d4a,d4a,d4a,d4a,1,1,1,1,1,0,0,0,0,1,1,1,0,0,1,0,1,0,0,1,0,1,0,1,1,0,0,0,1,0,1,0,0,1,0,1,0,1,1,0,0,0,1,0,1,0,0,1,0,1,0,1,1,0,0,0,1,0,1,0,0,1,0,1,0,1,1,0,0
2026,3,29,08:48:48.226,35.40,195,67.1,0.8506,4408.2,412.1,3.939,2.18,3.89,0.01,0.01,-677.0,1872.0,362.0,-26476.0,26843,2041,111.1,0.0,11006.0,0,0,0,e1f,d4a,d4a,d4a,d4a,1,1,1,1,1,0,0,0,0,1,1,1,0,0,1,0,1,0,0,1,0,1,0,1,1,0,0,0,1,0,1,0,0,1,0,1,0,1,1,0,0,0,1,0,1,0,0,1,0,1,0,1,1,0,0,0,1,0,1,0,0,1,0,1,0,1,1,0,0
2026,3,29,08:48:48.246,35.42,215,67.1,0.8503,4419.6,423.5,3.939,2.18,3.89,0.01,0.01,-676.0,1872.0,362.0,-26490.0,26881,2049,114.4,0.0,11011.0,0,0,0,e1f,d4a,d4a,d4a,d4a,1,1,1,1,1,0,0,0,0,1,1,1,0,0,1,0,1,0,0,1,0,1,0,1,1,0,0,0,1,0,1,0,0,1,0,1,0,1,1,0,0,0,1,0,1,0,0,1,0,1,0,1,1,0,0,0,1,0,1,0,0,1,0,1,0,1,1,0,0
2026,3,29,08:48:48.266,35.44,235,67.1,0.8503,4418.3,422.2,3.939,2.18,3.89,0.01,0.01,-676.0,1873.0,362.0,-26503.0,26918,2056,117.7,0.0,11016.0,0,0,0,e1f,d4a,d4a,d4a,d4a,1,1,1,1,1,0,0,0,0,1,1,1,0,0,1,0,1,0,0,1,0,1,0,1,1,0,0,0,1,0,1,0,0,1,0,1,0,1,1,0,0,0,1,0,1,0,0,1,0,1,0,1,1,0,0,0,1,0,1,0,0,1,0,1,0,1,1,0,0
2026,3,29,08:48:48.286,35.46,5,67.1,0.8510,4397.5,401.4,3.939,2.18,3.89,0.01,0.01,-676.0,1873.0,362.0,-26517.0,26956,2063,120.8,0.0,11020.0,0,0,0,e1f,d4a,d4a,d4a,d4a,1,1,1,1,1,0,0,0,0,1,1,1,0,0,1,0,1,0,0,1,0,1,0,1,1,0,0,0,1,0,1,0,0,1,0,1,0,1,1,0,0,0,1,0,1,0,0,1,0,1,0,1,1,0,0,0,1,0,1,0,0,1,0,1,0,1,1,0,0
2026,3,29,08:48:48.306,35.48,25,67.1,0.8510,4397.5,401.4,3.940,2.18,3.89,0.01,0.01,-675.0,1873.0,362.0,-26530.0,26993,2070,123.8,0.0,11025.0,0,0,0,e1f,d4a,d4a,d4a,d4a,1,1,1,1,1,0,0,0,0,1,1,1,0,0,1,0,1,0,0,1,0,1,0,1,1,0,0,0,1,0,1,0,0,1,0,1,0,1,1,0,0,0,1,0,1,0,0,1,0,1,0,1,1,0,0,0,1,0,1,0,0,1,0,1,0,1,1,0,0
2026,3,29,08:48:48.326,35.50,45,67.1,0.8512,4389.3,393.2,3.939,2.18,3.89,0.01,0.01,-675.0,1874.0,362.0,-26544.0,27031,2078,126.5,0.0,11030.0,0,0,0,e1f,d4a,d4a,d4a,d4a,1,1,1,1,1,0,0,0,0,1,1,1,0,0,1,0,1,0,0,1,0,1,0,1,1,0,0,0,1,0,1,0,0,1,0,1,0,1,1,0,0,0,1,0,1,0,0,1,0,1,0,1,1,0,0,0,1,0,1,0,0,1,0,1,0,1,1,0,0
2026,3,29,08:48:48.346,35.52,65,67.1,0.8512,4389.3,393.2,3.939,2.18,3.89,0.01,0.01,-674.0,1874.0,363.0,-26557.0,27068,2085,129.1,0.0,11035.0,0,0,0,e1f,d4a,d4a,d4a,d4a,1,1,1,1,1,0,0,0,0,1,1,1,0,0,1,0,1,0,0,1,0,1,0,1,1,0,0,0,1,0,1,0,0,1,0,1,0,1,1,0,0,0,1,0,1,0,0,1,0,1,0,1,1,0,0,0,1,0,1,0,0,1,0,1,0,1,1,0,0
2026,3,29,08:48:48.366,35.54,85,67.1,0.8516,4379.2,383.1,3.939,2.18,3.89,0.01,0.01,-674.0,1874.0,363.0,-26571.0,27106,2092,131.5,0.0,11040.0,0,0,0,e1f,d4a,d4a,d4a,d4a,1,1,1,1,1,0,0,0,0,1,1,1,0,0,1,0,1,0,0,1,0,1,0,1,1,0,0,0,1,0,1,0,0,1,0,1,0,1,1,0,0,0,1,0,1,0,0,1,0,1,0,1,1,0,0,0,1,0,1,0,0,1,0,1,0,1,1,0,0
2026,3,29,08:48:48.386,35.56,105,67.1,0.8515,4379.8,383.8,3.939,2.18,3.89,0.01,0.01,-674.0,1874.0,364.0,-26584.0,27143,2099,133.7,0.0,11046.0,0,0,0,e1f,d4a,d4a,d4a,d4a,1,1,1,1,1,0,0,0,0,1,1,1,0,0,1,0,1,0,0,1,0,1,0,1,1,0,0,0,1,0,1,0,0,1,0,1,0,1,1,0,0,0,1,0,1,0,0,1,0,1,0,1,1,0,0,0,1,0,1,0,0,1,0,1,0,1,1,0,0
2026,3,29,08:48:48.406,35.58,125,67.1,0.8521,4362.2,366.1,3.939,2.18,3.89,0.01,0.01,-674.0,1875.0,364.0,-26598.0,27181,2107,135.8,0.0,11052.0,0,0,0,e1f,d4a,d4a,d4a,d4a,1,1,1,1,1,0,0,0,0,1,1,1,0,0,1,0,1,0,0,1,0,1,0,1,1,0,0,0,1,0,1,0,0,1,0,1,0,1,1,0,0,0,1,0,1,0,0,1,0,1,0,1,1,0,0,0,1,0,1,0,0,1,0,1,0,1,1,0,0
2026,3,29,08:48:48.426,35.60,145,67.1,0.8521,4361.6,365.5,3.939,2.18,3.89,0.01,0.01,-674.0,1875.0,365.0,-26611.0,27218,2114,137.7,0.0,11059.0,0,0,0,e1f,d4a,d4a,d4a,d4a,1,1,1,1,1,0,0,0,0,1,1,1,0,0,1,0,1,0,0,1,0,1,0,1,1,0,0,0,1,0,1,0,0,1,0,1,0,1,1,0,0,0,1,0,1,0,0,1,0,1,0,1,1,0,0,0,1,0,1,0,0,1,0,1,0,1,1,0,0
2026,3,29,08:48:48.446,35.62,165,67.1,0.8528,4340.8,344.7,3.940,2.18,3.89,0.01,0.01,-674.0,1875.0,365.0,-26625.0,27256,2121,139.5,0.0,11065.0,0,0,0,e1f,d4a,d4a,d4a,d4a,1,1,1,1,1,0,0,0,0,1,1,1,0,0,1,0,1,0,0,1,0,1,0,1,1,0,0,0,1,0,1,0,0,1,0,1,0,1,1,0,0,0,1,0,1,0,0,1,0,1,0,1,1,0,0,0,1,0,1,0,0,1,0,1,0,1,1,0,0
2026,3,29,08:48:48.466,35.64,185,67.1,0.8528,4340.8,344.7,3.940,2.18,3.89,0.01,0.01,-674.0,1875.0,366.0,-26638.0,27293,2129,141.2,0.0,11071.0,0,0,0,e1f,d4a,d4a,d4a,d4a,1,1,1,1,1,0,0,0,0,1,1,1,0,0,1,0,1,0,0,1,0,1,0,1,1,0,0,0,1,0,1,0,0,1,0,1,0,1,1,0,0,0,1,0,1,0,0,1,0,1,0,1,1,0,0,0,1,0,1,0,0,1,0,1,0,1,1,0,0
2026,3,29,08:48:48.486,35.66,205,67.1,0.8528,4340.8,344.7,3.940,2.18,3.89,0.01,0.01,-674.0,1875.0,366.0,-26652.0,27331,2136,142.7,0.0,11077.0,0,0,0,e1f,d4a,d4a,d4a,d4a,1,1,1,1,1,0,0,0,0,1,1,1,0,0,1,0,1,0,0,1,0,1,0,1,1,0,0,0,1,0,1,0,0,1,0,1,0,1,1,0,0,0,1,0,1,0,0,1,0,1,0,1,1,0,0,0,1,0,1,0,0,1,0,1,0,1,1,0,0
2026,3,29,08:48:48.506,35.68,225,67.1,0.8528,4340.8,344.7,3.940,2.18,3.89,0.01,0.01,-674.0,1875.0,367.0,-26665.0,27368,2143,144.2,0.0,11083.0,0,0,0,e1f,d4a,d4a,d4a,d4a,1,1,1,1,1,0,0,0,0,1,1,1,0,0,1,0,1,0,0,1,0,1,0,1,1,0,0,0,1,0,1,0,0,1,0,1,0,1,1,0,0,0,1,0,1,0,0,1,0,1,0,1,1,0,0,0,1,0,1,0,0,1,0,1,0,1,1,0,0
2026,3,29,08:48:48.526,35.70,245,67.1,0.8537,4313.1,317.0,3.940,2.18,3.89,0.01,0.01,-675.0,1875.0,367.0,-26679.0,27406,2151,145.6,0.0,11088.0,0,0,0,e1f,d4a,d4a,d4a,d4a,1,1,1,1,1,0,0,0,0,1,1,1,0,0,1,0,1,0,0,1,0,1,0,1,1,0,0,0,1,0,1,0,0,1,0,1,0,1,1,0,0,0,1,0,1,0,0,1,0,1,0,1,1,0,0,0,1,0,1,0,0,1,0,1,0,1,1,0,0
2026,3,29,08:48:48.546,35.72,15,67.1,0.8537,4313.1,317.0,3.940,2.18,3.89,0.01,0.01,-675.0,1875.0,367.0,-26692.0,27443,2158,147.0,0.0,11092.0,0,0,0,e1f,d4a,d4a,d4a,d4a,1,1,1,1,1,0,0,0,0,1,1,1,0,0,1,0,1,0,0,1,0,1,0,1,1,0,0,0,1,0,1,0,0,1,0,1,0,1,1,0,0,0,1,0,1,0,0,1,0,1,0,1,1,0,0,0,1,0,1,0,0,1,0,1,0,1,1,0,0
2026,3,29,08:48:48.566,35.74,35,67.1,0.8538,4308.7,312.6,3.939,2.18,3.89,0.01,0.01,-675.0,1876.0,368.0,-26706.0,27481,2165,148.3,0.0,11097.0,0,0,0,e1f,d4a,d4a,d4a,d4a,1,1,1,1,1,0,0,0,0,1,1,1,0,0,1,0,1,0,0,1,0,1,0,1,1,0,0,0,1,0,1,0,0,1,0,1,0,1,1,0,0,0,1,0,1,0,0,1,0,1,0,1,1,0,0,0,1,0,1,0,0,1,0,1,0,1,1,0,0
2026,3,29,08:48:48.586,35.76,55,67.1,0.8538,4308.7,312.6,3.940,2.18,3.89,0.01,0.01,-676.0,1876.0,368.0,-26719.0,27518,2173,149.6,0.0,11101.0,0,0,0,e1f,d4a,d4a,d4a,d4a,1,1,1,1,1,0,0,0,0,1,1,1,0,0,1,0,1,0,0,1,0,1,0,1,1,0,0,0,1,0,1,0,0,1,0,1,0,1,1,0,0,0,1,0,1,0,0,1,0,1,0,1,1,0,0,0,1,0,1,0,0,1,0,1,0,1,1,0,0
2026,3,29,08:48:48.606,35.78,75,67.1,0.8543,4293.6,297.5,3.940,2.18,3.89,0.01,0.01,-676.0,1877.0,368.0,-26733.0,27556,2180,150.9,0.0,11105.0,0,0,0,e1f,d4a,d4a,d4a,d4a,1,1,1,1,1,0,0,0,0,1,1,1,0,0,1,0,1,0,0,1,0,1,0,1,1,0,0,0,1,0,1,0,0,1,0,1,0,1,1,0,0,0,1,0,1,0,0,1,0,1,0,1,1,0,0,0,1,0,1,0,0,1,0,1,0,1,1,0,0
2026,3,29,08:48:48.626,35.80,95,67.1,0.8543,4293.6,297.5,3.940,2.18,3.89,0.01,0.01,-676.0,1877.0,369.0,-26747.0,27593,2187,152.1,0.0,11109.0,0,0,0,e1f,d4a,d4a,d4a,d4a,1,1,1,1,1,0,0,0,0,1,1,1,0,0,1,0,1,0,0,1,0,1,0,1,1,0,0,0,1,0,1,0,0,1,0,1,0,1,1,0,0,0,1,0,1,0,0,1,0,1,0,1,1,0,0,0,1,0,1,0,0,1,0,1,0,1,1,0,0
2026,3,29,08:48:48.646,35.82,115,67.1,0.8542,4296.7,300.7,3.940,2.18,3.89,0.01,0.01,-677.0,1878.0,369.0,-26760.0,27631,2195,153.2,0.0,11114.0,0,0,0,e1f,d4a,d4a,d4a,d4a,1,1,1,1,1,0,0,0,0,1,1,1,0,0,1,0,1,0,0,1,0,1,0,1,1,0,0,0,1,0,1,0,0,1,0,1,0,1,1,0,0,0,1,0,1,0,0,1,0,1,0,1,1,0,0,0,1,0,1,0,0,1,0,1,0,1,1,0,0
2026,3,29,23:17:04.087,35.84,128,59.0,0.9756,681.4,-3314.7,4.068,1.66,2.38,0.01,0.01,-419.0,-48.0,1420.0,-15669.0,-2483,-12525,144.7,0.0,53.0,0,0,0,eff,cc9,cc9,cc9,cc9,1,1,1,1,1,1,1,1,0,1,1,1,0,1,0,0,1,0,0,1,1,0,0,1,1,0,0,1,0,0,1,0,0,1,1,0,0,1,1,0,0,1,0,0,1,0,0,1,1,0,0,1,1,0,0,1,0,0,1,0,0,1,1,0,0,1,1,0,0
2026,3,29,23:17:04.107,35.86,148,59.0,0.9756,681.4,-3314.7,4.067,1.66,2.38,0.01,0.01,-419.0,-48.0,1421.0,-15677.0,-2484,-12497,144.7,0.0,53.0,0,0,0,eff,cc9,cc9,cc9,cc9,1,1,1,1,1,1,1,1,0,1,1,1,0,1,0,0,1,0,0,1,1,0,0,1,1,0,0,1,0,0,1,0,0,1,1,0,0,1,1,0,0,1,0,0,1,0,0,1,1,0,0,1,1,0,0,1,0,0,1,0,0,1,1,0,0,1,1,0,0
2026,3,29,23:17:04.127,35.88,168,59.0,0.9756,681.4,-3314.7,4.067,1.66,2.38,0.01,0.01,-419.0,-48.0,1421.0,-15686.0,-2485,-12468,144.7,0.0,53.0,0,0,0,eff,cc9,cc9,cc9,cc9,1,1,1,1,1,1,1,1,0,1,1,1,0,1,0,0,1,0,0,1,1,0,0,1,1,0,0,1,0,0,1,0,0,1,1,0,0,1,1,0,0,1,0,0,1,0,0,1,1,0,0,1,1,0,0,1,0,0,1,0,0,1,1,0,0,1,1,0,0
2026,3,29,23:17:04.147,35.90,188,59.0,0.9756,681.4,-3314.7,4.067,1.66,2.38,0.01,0.01,-419.0,-48.0,1422.0,-15694.0,-2486,-12440,144.7,0.0,53.0,0,0,0,eff,cc9,cc9,cc9,cc9,1,1,1,1,1,1,1,1,0,1,1,1,0,1,0,0,1,0,0,1,1,0,0,1,1,0,0,1,0,0,1,0,0,1,1,0,0,1,1,0,0,1,0,0,1,0,0,1,1,0,0,1,1,0,0,1,0,0,1,0,0,1,1,0,0,1,1,0,0
2026,3,29,08:48:44.826,35.92,45,67.1,0.8433,4639.9,643.9,3.939,2.08,3.89,0.01,0.01,-657.0,1800.0,341.0,-24223.0,20600,836,36.4,0.0,10531.0,0,0,0,e1f,d4e,d4a,d4a,d4a,1,1,1,1,1,0,0,0,0,1,1,1,0,0,1,1,1,0,0,1,0,1,0,1,1,0,0,0,1,0,1,0,0,1,0,1,0,1,1,0,0,0,1,0,1,0,0,1,0,1,0,1,1,0,0,0,1,0,1,0,0,1,0,1,0,1,1,0,0
2026,3,29,08:48:44.846,35.94,65,67.1,0.8428,4655.8,659.8,3.939,2.08,3.89,0.01,0.01,-656.0,1800.0,341.0,-24236.0,20636,842,36.9,0.0,10534.0,0,0,0,e1f,d4e,d4a,d4a,d4a,1,1,1,1,1,0,0,0,0,1,1,1,0,0,1,1,1,0,0,1,0,1,0,1,1,0,0,0,1,0,1,0,0,1,0,1,0,1,1,0,0,0,1,0,1,0,0,1,0,1,0,1,1,0,0,0,1,0,1,0,0,1,0,1,0,1,1,0,0
2026,3,29,08:48:44.866,35.96,85,67.0,0.8428,4657.1,661.0,3.940,2.08,3.89,0.01,0.01,-656.0,1800.0,341.0,-24250.0,20672,849,37.2,0.0,10537.0,0,0,0,e1f,d4e,d4a,d4a,d4a,1,1,1,1,1,0,0,0,0,1,1,1,0,0,1,1,1,0,0,1,0,1,0,1,1,0,0,0,1,0,1,0,0,1,0,1,0,1,1,0,0,0,1,0,1,0,0,1,0,1,0,1,1,0,0,0,1,0,1,0,0,1,0,1,0,1,1,0,0
2026,3,29,08:48:44.886,35.98,105,67.0,0.8422,4674.9,678.8,3.939,2.08,3.89,0.01,0.01,-656.0,1800.0,341.0,-24263.0,20708,856,37.3,0.0,10540.0,0,0,0,e1f,d4e,d4a,d4a,d4a,1,1,1,1,1,0,0,0,0,1,1,1,0,0,1,1,1,0,0,1,0,1,0,1,1,0,0,0,1,0,1,0,0,1,0,1,0,1,1,0,0,0,1,0,1,0,0,1,0,1,0,1,1,0,0,0,1,0,1,0,0,1,0,1,0,1,1,0,0
2026,3,29,08:48:44.906,36.00,125,67.0,0.8422,4675.5,679.5,3.939,2.08,3.89,0.01,0.01,-656.0,1800.0,341.0,-24276.0,20744,863,37.2,0.0,10543.0,0,0,0,e1f,d4e,d4a,d4a,d4a,1,1,1,1,1,0,0,0,0,1,1,1,0,0,1,1,1,0,0,1,0,1,0,1,1,0,0,0,1,0,1,0,0,1,0,1,0,1,1,0,0,0,1,0,1,0,0,1,0,1,0,1,1,0,0,0,1,0,1,0,0,1,0,1,0,1,1,0,0
2026,3,29,08:48:44.926,36.02,145,67.0,0.8416,4693.3,697.3,3.939,2.08,3.89,0.01,0.01,-656.0,1800.0,340.0,-24289.0,20780,870,36.8,0.0,10546.0,0,0,0,e1f,d4e,d4a,d4a,d4a,1,1,1,1,1,0,0,0,0,1,1,1,0,0,1,1,1,0,0,1,0,1,0,1,1,0,0,0,1,0,1,0,0,1,0,1,0,1,1,0,0,0,1,0,1,0,0,1,0,1,0,1,1,0,0,0,1,0,1,0,0,1,0,1,0,1,1,0,0
2026,3,29,08:48:44.946,36.04,165,67.0,0.8416,4694.6,698.5,3.939,2.08,3.89,0.01,0.01,-655.0,1800.0,340.0,-24302.0,20816,876,36.3,0.0,10550.0,0,0,0,e1f,d4e,d4a,d4a,d4a,1,1,1,1,1,0,0,0,0,1,1,1,0,0,1,1,1,0,0,1,0,1,0,1,1,0,0,0,1,0,1,0,0,1,0,1,0,1,1,0,0,0,1,0,1,0,0,1,0,1,0,1,1,0,0,0,1,0,1,0,0,1,0,1,0,1,1,0,0
2026,3,29,08:48:44.966,36.06,185,67.0,0.8409,4717.5,721.5,3.939,2.08,3.89,0.01,0.01,-655.0,1800.0,340.0,-24315.0,20852,883,35.5,0.0,10553.0,0,0,0,e1f,d4e,d4a,d4a,d4a,1,1,1,1,1,0,0,0,0,1,1,1,0,0,1,1,1,0,0,1,0,1,0,1,1,0,0,0,1,0,1,0,0,1,0,1,0,1,1,0,0,0,1,0,1,0,0,1,0,1,0,1,1,0,0,0,1,0,1,0,0,1,0,1,0,1,1,0,0
2026,3,29,08:48:44.986,36.08,205,66.9,0.8408,4718.8,722.7,3.939,2.08,3.89,0.01,0.01,-655.0,1800.0,340.0,-24328.0,20888,890,34.7,0.0,10556.0,0,0,0,e1f,d4e,d4a,d4a,d4a,1,1,1,1,1,0,0,0,0,1,1,1,0,0,1,1,1,0,0,1,0,1,0,1,1,0,0,0,1,0,1,0,0,1,0,1,0,1,1,0,0,0,1,0,1,0,0,1,0,1,0,1,1,0,0,0,1,0,1,0,0,1,0,1,0,1,1,0,0
2026,3,29,08:48:45.006,36.10,225,66.9,0.8399,4748.1,752.0,3.938,2.08,3.89,0.01,0.01,-655.0,1801.0,340.0,-24341.0,20924,897,33.6,0.0,10559.0,0,0,0,e1f,d4e,d4a,d4a,d4a,1,1,1,1,1,0,0,0,0,1,1,1,0,0,1,1,1,0,0,1,0,1,0,1,1,0,0,0,1,0,1,0,0,1,0,1,0,1,1,0,0,0,1,0,1,0,0,1,0,1,0,1,1,0,0,0,1,0,1,0,0,1,0,1,0,1,1,0,0
2026,3,29,08:48:45.026,36.12,245,66.9,0.8399,4749.4,753.3,3.938,2.08,3.89,0.01,0.01,-655.0,1801.0,340.0,-24355.0,20960,904,32.5,0.0,10562.0,0,0,0,e1f,d4e,d4a,d4a,d4a,1,1,1,1,1,0,0,0,0,1,1,1,0,0,1,1,1,0,0,1,0,1,0,1,1,0,0,0,1,0,1,0,0,1,0,1,0,1,1,0,0,0,1,0,1,0,0,1,0,1,0,1,1,0,0,0,1,0,1,0,0,1,0,1,0,1,1,0,0
2026,3,29,08:48:45.046,36.14,15,66.9,0.8392,4770.4,774.4,3.939,2.08,3.89,0.01,0.01,-655.0,1801.0,340.0,-24368.0,20996,911,31.4,0.0,10565.0,0,0,0,e1f,d4e,d4a,d4a,d4a,1,1,1,1,1,0,0,0,0,1,1,1,0,0,1,1,1,0,0,1,0,1,0,1,1,0,0,0,1,0,1,0,0,1,0,1,0,1,1,0,0,0,1,0,1,0,0,1,0,1,0,1,1,0,0,0,1,0,1,0,0,1,0,1,0,1,1,0,0
2026,3,29,08:48:45.066,36.16,35,66.9,0.8392,4771.7,775.6,3.939,2.08,3.88,0.01,0.01,-655.0,1802.0,340.0,-24381.0,21032,917,30.3,0.0,10568.0,0,0,0,e1f,d4e,d4a,d4a,d4a,1,1,1,1,1,0,0,0,0,1,1,1,0,0,1,1,1,0,0,1,0,1,0,1,1,0,0,0,1,0,1,0,0,1,0,1,0,1,1,0,0,0,1,0,1,0,0,1,0,1,0,1,1,0,0,0,1,0,1,0,0,1,0,1,0,1,1,0,0
2026,3,29,08:48:45.086,36.18,55,66.9,0.8387,4787.6,791.6,3.939,2.08,3.88,0.01,0.01,-656.0,1802.0,341.0,-24394.0,21068,924,29.3,0.0,10571.0,0,0,0,e1f,d4e,d4a,d4a,d4a,1,1,1,1,1,0,0,0,0,1,1,1,0,0,1,1,1,0,0,1,0,1,0,1,1,0,0,0,1,0,1,0,0,1,0,1,0,1,1,0,0,0,1,0,1,0,0,1,0,1,0,1,1,0,0,0,1,0,1,0,0,1,0,1,0,1,1,0,0
2026,3,29,08:48:45.106,36.20,75,66.8,0.8387,4788.3,792.2,3.939,2.08,3.89,0.01,0.01,-656.0,1803.0,341.0,-24407.0,21104,931,28.5,0.0,10574.0,0,0,0,e1f,d4e,d4a,d4a,d4a,1,1,1,1,1,0,0,0,0,1,1,1,0,0,1,1,1,0,0,1,0,1,0,1,1,0,0,0,1,0,1,0,0,1,0,1,0,1,1,0,0,0,1,0,1,0,0,1,0,1,0,1,1,0,0,0,1,0,1,0,0,1,0,1,0,1,1,0,0
2026,3,29,08:48:45.126,36.22,95,66.8,0.8381,4806.8,810.7,3.939,2.09,3.89,0.01,0.01,-656.0,1803.0,342.0,-24420.0,21140,938,27.8,0.0,10577.0,0,0,0,e1f,d4e,d4a,d4a,d4a,1,1,1,1,1,0,0,0,0,1,1,1,0,0,1,1,1,0,0,1,0,1,0,1,1,0,0,0,1,0,1,0,0,1,0,1,0,1,1,0,0,0,1,0,1,0,0,1,0,1,0,1,1,0,0,0,1,0,1,0,0,1,0,1,0,1,1,0,0
2026,3,29,08:48:45.146,36.24,115,66.8,0.8381,4807.4,811.4,3.939,2.09,3.89,0.01,0.01,-657.0,1804.0,343.0,-24433.0,21176,945,27.3,0.0,10580.0,0,0,0,e1f,d4e,d4a,d4a,d4a,1,1,1,1,1,0,0,0,0,1,1,1,0,0,1,1,1,0,0,1,0,1,0,1,1,0,0,0,1,0,1,0,0,1,0,1,0,1,1,0,0,0,1,0,1,0,0,1,0,1,0,1,1,0,0,0,1,0,1,0,0,1,0,1,0,1,1,0,0
2026,3,29,08:48:45.166,36.26,135,66.8,0.8373,4830.4,834.4,3.940,2.09,3.89,0.01,0.01,-657.0,1804.0,343.0,-24446.0,21212,952,27.0,0.0,10583.0,0,0,0,e1f,d4e,d4a,d4a,d4a,1,1,1,1,1,0,0,0,0,1,1,1,0,0,1,1,1,0,0,1,0,1,0,1,1,0,0,0,1,0,1,0,0,1,0,1,0,1,1,0,0,0,1,0,1,0,0,1,0,1,0,1,1,0,0,0,1,0,1,0,0,1,0,1,0,1,1,0,0
2026,3,29,08:48:45.186,36.28,155,66.8,0.8373,4830.4,834.4,3.939,2.09,3.89,0.01,0.01,-657.0,1804.0,344.0,-24460.0,21248,958,26.9,0.0,10586.0,0,0,0,e1f,d4e,d4a,d4a,d4a,1,1,1,1,1,0,0,0,0,1,1,1,0,0,1,1,1,0,0,1,0,1,0,1,1,0,0,0,1,0,1,0,0,1,0,1,0,1,1,0,0,0,1,0,1,0,0,1,0,1,0,1,1,0,0,0,1,0,1,0,0,1,0,1,0,1,1,0,0
2026,3,29,08:48:45.206,36.30,175,66.8,0.8369,4845.1,849.1,3.939,2.09,3.89,0.01,0.01,-658.0,1805.0,344.0,-24473.0,21284,965,27.0,0.0,10589.0,0,0,0,e1f,d4e,d4a,d4a,d4a,1,1,1,1,1,0,0,0,0,1,1,1,0,0,1,1,1,0,0,1,0,1,0,1,1,0,0,0,1,0,1,0,0,1,0,1,0,1,1,0,0,0,1,0,1,0,0,1,0,1,0,1,1,0,0,0,1,0,1,0,0,1,0,1,0,1,1,0,0
2026,3,29,08:48:45.226,36.32,195,66.8,0.8368,4846.4,850.4,3.939,2.09,3.89,0.01,0.01,-658.0,1805.0,345.0,-24486.0,21320,972,27.2,0.0,10592.0,0,0,0,e1f,d4e,d4a,d4a,d4a,1,1,1,1,1,0,0,0,0,1,1,1,0,0,1,1,1,0,0,1,0,1,0,1,1,0,0,0,1,0,1,0,0,1,0,1,0,1,1,0,0,0,1,0,1,0,0,1,0,1,0,1,1,0,0,0,1,0,1,0,0,1,0,1,0,1,1,0,0
2026,3,29,08:48:45.246,36.34,215,66.8,0.8366,4852.8,856.7,3.939,2.09,3.89,0.01,0.01,-658.0,1805.0,345.0,-24499.0,21356,979,27.7,0.0,10595.0,0,0,0,e1f,d4e,d4a,d4a,d4a,1,1,1,1,1,0,0,0,0,1,1,1,0,0,1,1,1,0,0,1,0,1,0,1,1,0,0,0,1,0,1,0,0,1,0,1,0,1,1,0,0,0,1,0,1,0,0,1,0,1,0,1,1,0,0,0,1,0,1,0,0,1,0,1,0,1,1,0,0
2026,3,29,08:48:45.266,36.36,235,66.8,0.8366,4853.4,857.4,3.940,2.09,3.89,0.01,0.01,-659.0,1806.0,345.0,-24512.0,21393,986,28.3,0.0,10598.0,0,0,0,e1f,d4e,d4a,d4a,d4a,1,1,1,1,1,0,0,0,0,1,1,1,0,0,1,1,1,0,0,1,0,1,0,1,1,0,0,0,1,0,1,0,0,1,0,1,0,1,1,0,0,0,1,0,1,0,0,1,0,1,0,1,1,0,0,0,1,0,1,0,0,1,0,1,0,1,1,0,0
2026,3,29,08:48:45.286,36.38,5,66.8,0.8363,4863.0,867.0,3.940,2.09,3.89,0.01,0.01,-659.0,1806.0,346.0,-24525.0,21429,993,29.1,0.0,10602.0,0,0,0,e1f,d4e,d4a,d4a,d4a,1,1,1,1,1,0,0,0,0,1,1,1,0,0,1,1,1,0,0,1,0,1,0,1,1,0,0,0,1,0,1,0,0,1,0,1,0,1,1,0,0,0,1,0,1,0,0,1,0,1,0,1,1,0,0,0,1,0,1,0,0,1,0,1,0,1,1,0,0
2026,3,29,08:48:45.306,36.40,25,66.8,0.8363,4863.7,867.6,3.939,2.09,3.89,0.01,0.01,-659.0,1806.0,346.0,-24539.0,21465,1000,29.9,0.0,10605.0,0,0,0,e1f,d4e,d4a,d4a,d4a,1,1,1,1,1,0,0,0,0,1,1,1,0,0,1,1,1,0,0,1,0,1,0,1,1,0,0,0,1,0,1,0,0,1,0,1,0,1,1,0,0,0,1,0,1,0,0,1,0,1,0,1,1,0,0,0,1,0,1,0,0,1,0,1,0,1,1,0,0
2026,3,29,08:48:45.326,36.42,45,66.8,0.8364,4860.5,864.4,3.939,2.09,3.89,0.01,0.01,-659.0,1807.0,346.0,-24552.0,21501,1007,30.8,0.0,10608.0,0,0,0,e1f,d4e,d4a,d4a,d4a,1,1,1,1,1,0,0,0,0,1,1,1,0,0,1,1,1,0,0,1,0,1,0,1,1,0,0,0,1,0,1,0,0,1,0,1,0,1,1,0,0,0,1,0,1,0,0,1,0,1,0,1,1,0,0,0,1,0,1,0,0,1,0,1,0,1,1,0,0
2026,3,29,08:48:45.346,36.44,65,66.8,0.8364,4859.8,863.8,3.940,2.09,3.89,0.01,0.01,-659.0,1807.0,346.0,-24565.0,21537,1014,31.8,0.0,10611.0,0,0,0,e1f,d4e,d4a,d4a,d4a,1,1,1,1,1,0,0,0,0,1,1,1,0,0,1,1,1,0,0,1,0,1,0,1,1,0,0,0,1,0,1,0,0,1,0,1,0,1,1,0,0,0,1,0,1,0,0,1,0,1,0,1,1,0,0,0,1,0,1,0,0,1,0,1,0,1,1,0,0
2026,3,29,08:48:45.366,36.46,85,66.8,0.8365,4858.6,862.5,3.939,2.09,3.89,0.01,0.01,-659.0,1808.0,345.0,-24578.0,21573,1021,32.8,0.0,10614.0,0,0,0,e1f,d4e,d4a,d4a,d4a,1,1,1,1,1,0,0,0,0,1,1,1,0,0,1,1,1,0,0,1,0,1,0,1,1,0,0,0,1,0,1,0,0,1,0,1,0,1,1,0,0,0,1,0,1,0,0,1,0,1,0,1,1,0,0,0,1,0,1,0,0,1,0,1,0,1,1,0,0
2026,3,29,08:48:45.386,36.48,105,66.8,0.8365,4858.6,862.5,3.939,2.09,3.89,0.01,0.01,-659.0,1808.0,345.0,-24591.0,21610,1028,33.7,0.0,10617.0,0,0,0,e1f,d4e,d4a,d4a,d4a,1,1,1,1,1,0,0,0,0,1,1,1,0,0,1,1,1,0,0,1,0,1,0,1,1,0,0,0,1,0,1,0,0,1,0,1,0,1,1,0,0,0,1,0,1,0,0,1,0,1,0,1,1,0,0,0,1,0,1,0,0,1,0,1,0,1,1,0,0
2026,3,29,08:48:45.406,36.50,125,66.8,0.8366,4854.7,858.7,3.939,2.09,3.89,0.01,0.01,-659.0,1809.0,345.0,-24605.0,21646,1034,34.7,0.0,10620.0,0,0,0,e1f,d4e,d4a,d4a,d4a,1,1,1,1,1,0,0,0,0,1,1,1,0,0,1,1,1,0,0,1,0,1,0,1,1,0,0,0,1,0,1,0,0,1,0,1,0,1,1,0,0,0,1,0,1,0,0,1,0,1,0,1,1,0,0,0,1,0,1,0,0,1,0,1,0,1,1,0,0
2026,3,29,08:48:45.426,36.52,145,66.8,0.8366,4854.1,858.0,3.939,2.09,3.89,0.01,0.01,-659.0,1809.0,345.0,-24618.0,21682,1041,35.5,0.0,10622.0,0,0,0,e1f,d4e,d4a,d4a,d4a,1,1,1,1,1,0,0,0,0,1,1,1,0,0,1,1,1,0,0,1,0,1,0,1,1,0,0,0,1,0,1,0,0,1,0,1,0,1,1,0,0,0,1,0,1,0,0,1,0,1,0,1,1,0,0,0,1,0,1,0,0,1,0,1,0,1,1,0,0
2026,3,29,08:48:45.446,36.54,165,66.8,0.8371,4839.4,843.3,3.939,2.09,3.89,0.01,0.01,-659.0,1810.0,344.0,-24631.0,21718,1048,36.3,0.0,10625.0,0,0,0,e1f,d4e,d4a,d4a,d4a,1,1,1,1,1,0,0,0,0,1,1,1,0,0,1,1,1,0,0,1,0,1,0,1,1,0,0,0,1,0,1,0,0,1,0,1,0,1,1,0,0,0,1,0,1,0,0,1,0,1,0,1,1,0,0,0,1,0,1,0,0,1,0,1,0,1,1,0,0
2026,3,29,08:48:45.466,36.56,185,66.8,0.8371,4838.7,842.7,3.940,2.09,3.89,0.01,0.01,-658.0,1810.0,344.0,-24644.0,21754,1055,37.0,0.0,10627.0,0,0,0,e1f,d4e,d4a,d4a,d4a,1,1,1,1,1,0,0,0,0,1,1,1,0,0,1,1,1,0,0,1,0,1,0,1,1,0,0,0,1,0,1,0,0,1,0,1,0,1,1,0,0,0,1,0,1,0,0,1,0,1,0,1,1,0,0,0,1,0,1,0,0,1,0,1,0,1,1,0,0
2026,3,29,08:48:45.486,36.58,205,66.8,0.8371,4838.7,842.7,3.939,2.09,3.89,0.01,0.01,-658.0,1811.0,343.0,-24657.0,21790,1062,37.6,0.0,10629.0,0,0,0,e1f,d4e,d4a,d4a,d4a,1,1,1,1,1,0,0,0,0,1,1,1,0,0,1,1,1,0,0,1,0,1,0,1,1,0,0,0,1,0,1,0,0,1,0,1,0,1,1,0,0,0,1,0,1,0,0,1,0,1,0,1,1,0,0,0,1,0,1,0,0,1,0,1,0,1,1,0,0
2026,3,29,08:48:45.506,36.60,225,66.8,0.8371,4838.1,842.0,3.940,2.09,3.89,0.01,0.01,-658.0,1811.0,343.0,-24670.0,21827,1069,38.0,0.0,10631.0,0,0,0,e1f,d4e,d4a,d4a,d4a,1,1,1,1,1,0,0,0,0,1,1,1,0,0,1,1,1,0,0,1,0,1,0,1,1,0,0,0,1,0,1,0,0,1,0,1,0,1,1,0,0,0,1,0,1,0,0,1,0,1,0,1,1,0,0,0,1,0,1,0,0,1,0,1,0,1,1,0,0
2026,3,29,08:48:45.526,36.62,245,66.8,0.8376,4823.4,827.3,3.939,2.09,3.89,0.01,0.01,-658.0,1812.0,343.0,-24684.0,21863,1076,38.4,0.0,10633.0,0,0,0,e1f,d4e,d4a,d4a,d4a,1,1,1,1,1,0,0,0,0,1,1,1,0,0,1,1,1,0,0,1,0,1,0,1,1,0,0,0,1,0,1,0,0,1,0,1,0,1,1,0,0,0,1,0,1,0,0,1,0,1,0,1,1,0,0,0,1,0,1,0,0,1,0,1,0,1,1,0,0
2026,3,29,08:48:45.546,36.64,15,66.9,0.8376,4822.1,826.1,3.940,2.09,3.89,0.01,0.01,-658.0,1812.0,343.0,-24697.0,21899,1083,38.6,0.0,10635.0,0,0,0,e1f,d4e,d4a,d4a,d4a,1,1,1,1,1,0,0,0,0,1,1,1,0,0,1,1,1,0,0,1,0,1,0,1,1,0,0,0,1,0,1,0,0,1,0,1,0,1,1,0,0,0,1,0,1,0,0,1,0,1,0,1,1,0,0,0,1,0,1,0,0,1,0,1,0,1,1,0,0
2026,3,29,08:48:45.566,36.66,35,66.9,0.8381,4806.2,810.1,3.939,2.09,3.89,0.01,0.01,-657.0,1813.0,342.0,-24710.0,21935,1090,38.8,0.0,10637.0,0,0,0,e1f,d4e,d4a,d4a,d4a,1,1,1,1,1,0,0,0,0,1,1,1,0,0,1,1,1,0,0,1,0,1,0,1,1,0,0,0,1,0,1,0,0,1,0,1,0,1,1,0,0,0,1,0,1,0,0,1,0,1,0,1,1,0,0,0,1,0,1,0,0,1,0,1,0,1,1,0,0
2026,3,29,08:48:45.586,36.68,55,66.9,0.8381,4804.9,808.8,3.939,2.09,3.89,0.01,0.01,-657.0,1814.0,342.0,-24723.0,21972,1096,38.8,0.0,10639.0,0,0,0,e1f,d4e,d4a,d4a,d4a,1,1,1,1,1,0,0,0,0,1,1,1,0,0,1,1,1,0,0,1,0,1,0,1,1,0,0,0,1,0,1,0,0,1,0,1,0,1,1,0,0,0,1,0,1,0,0,1,0,1,0,1,1,0,0,0,1,0,1,0,0,1,0,1,0,1,1,0,0
2026,3,29,08:48:45.606,36.70,75,66.9,0.8387,4787.0,791.0,3.940,2.09,3.89,0.01,0.01,-657.0,1815.0,342.0,-24736.0,22008,1103,38.6,0.0,10641.0,0,0,0,e1f,d4e,d4a,d4a,d4a,1,1,1,1,1,0,0,0,0,1,1,1,0,0,1,1,1,0,0,1,0,1,0,1,1,0,0,0,1,0,1,0,0,1,0,1,0,1,1,0,0,0,1,0,1,0,0,1,0,1,0,1,1,0,0,0,1,0,1,0,0,1,0,1,0,1,1,0,0
2026,3,29,08:48:45.626,36.72,95,66.9,0.8387,4785.7,789.7,3.939,2.09,3.89,0.01,0.01,-657.0,1816.0,342.0,-24749.0,22044,1110,38.4,0.0,10644.0,0,0,0,e1f,d4e,d4a,d4a,d4a,1,1,1,1,1,0,0,0,0,1,1,1,0,0,1,1,1,0,0,1,0,1,0,1,1,0,0,0,1,0,1,0,0,1,0,1,0,1,1,0,0,0,1,0,1,0,0,1,0,1,0,1,1,0,0,0,1,0,1,0,0,1,0,1,0,1,1,0,0
2026,3,29,08:48:45.646,36.74,115,66.9,0.8398,4753.2,757.1,3.939,2.09,3.89,0.01,0.01,-656.0,1816.0,342.0,-24763.0,22081,1117,37.9,0.0,10646.0,0,0,0,e1f,d4e,d4a,d4a,d4a,1,1,1,1,1,0,0,0,0,1,1,1,0,0,1,1,1,0,0,1,0,1,0,1,1,0,0,0,1,0,1,0,0,1,0,1,0,1,1,0,0,0,1,0,1,0,0,1,0,1,0,1,1,0,0,0,1,0,1,0,0,1,0,1,0,1,1,0,0
2026,3,29,08:48:45.666,36.76,135,67.0,0.8398,4752.6,756.5,3.939,2.09,3.89,0.01,0.01,-656.0,1817.0,342.0,-24776.0,22117,1124,37.4,0.0,10648.0,0,0,0,e1f,d4e,d4a,d4a,d4a,1,1,1,1,1,0,0,0,0,1,1,1,0,0,1,1,1,0,0,1,0,1,0,1,1,0,0,0,1,0,1,0,0,1,0,1,0,1,1,0,0,0,1,0,1,0,0,1,0,1,0,1,1,0,0,0,1,0,1,0,0,1,0,1,0,1,1,0,0
2026,3,29,08:48:45.686,36.78,155,67.0,0.8405,4730.9,734.8,3.940,2.10,3.89,0.01,0.01,-656.0,1818.0,342.0,-24789.0,22153,1131,36.7,0.0,10650.0,0,0,0,e1f,d4e,d4a,d4a,d4a,1,1,1,1,1,0,0,0,0,1,1,1,0,0,1,1,1,0,0,1,0,1,0,1,1,0,0,0,1,0,1,0,0,1,0,1,0,1,1,0,0,0,1,0,1,0,0,1,0,1,0,1,1,0,0,0,1,0,1,0,0,1,0,1,0,1,1,0,0
2026,3,29,08:48:45.706,36.80,175,67.0,0.8405,4730.3,734.2,3.939,2.10,3.89,0.01,0.01,-656.0,1819.0,342.0,-24802.0,22190,1138,35.9,0.0,10651.0,0,0,0,e1f,d4e,d4a,d4a,d4a,1,1,1,1,1,0,0,0,0,1,1,1,0,0,1,1,1,0,0,1,0,1,0,1,1,0,0,0,1,0,1,0,0,1,0,1,0,1,1,0,0,0,1,0,1,0,0,1,0,1,0,1,1,0,0,0,1,0,1,0,0,1,0,1,0,1,1,0,0
2026,3,29,08:48:45.726,36.82,195,67.0,0.8410,4712.4,716.4,3.940,2.10,3.89,0.01,0.01,-656.0,1820.0,343.0,-24815.0,22226,1144,35.1,0.0,10653.0,0,0,0,e1f,d4e,d4a,d4a,d4a,1,1,1,1,1,0,0,0,0,1,1,1,0,0,1,1,1,0,0,1,0,1,0,1,1,0,0,0,1,0,1,0,0,1,0,1,0,1,1,0,0,0,1,0,1,0,0,1,0,1,0,1,1,0,0,0,1,0,1,0,0,1,0,1,0,1,1,0,0
2026,3,29,08:48:45.746,36.84,215,67.0,0.8411,4711.8,715.7,3.940,2.10,3.89,0.01,0.01,-656.0,1821.0,343.0,-24828.0,22263,1151,34.2,0.0,10654.0,0,0,0,e1f,d4e,d4a,d4a,d4a,1,1,1,1,1,0,0,0,0,1,1,1,0,0,1,1,1,0,0,1,0,1,0,1,1,0,0,0,1,0,1,0,0,1,0,1,0,1,1,0,0,0,1,0,1,0,0,1,0,1,0,1,1,0,0,0,1,0,1,0,0,1,0,1,0,1,1,0,0
2026,3,29,08:48:45.766,36.86,235,67.0,0.8413,4704.2,708.1,3.939,2.10,3.89,0.01,0.01,-656.0,1822.0,344.0,-24841.0,22299,1158,33.2,0.0,10655.0,0,0,0,e1f,d4e,d4a,d4a,d4a,1,1,1,1,1,0,0,0,0,1,1,1,0,0,1,1,1,0,0,1,0,1,0,1,1,0,0,0,1,0,1,0,0,1,0,1,0,1,1,0,0,0,1,0,1,0,0,1,0,1,0,1,1,0,0,0,1,0,1,0,0,1,0,1,0,1,1,0,0
2026,3,29,08:48:45.786,36.88,5,67.0,0.8413,4702.9,706.8,3.940,2.10,3.89,0.01,0.01,-656.0,1823.0,344.0,-24854.0,22335,1165,32.3,0.0,10656.0,0,0,0,e1f,d4e,d4a,d4a,d4a,1,1,1,1,1,0,0,0,0,1,1,1,0,0,1,1,1,0,0,1,0,1,0,1,1,0,0,0,1,0,1,0,0,1,0,1,0,1,1,0,0,0,1,0,1,0,0,1,0,1,0,1,1,0,0,0,1,0,1,0,0,1,0,1,0,1,1,0,0
2026,3,29,08:48:45.806,36.90,25,67.0,0.8416,4693.3,697.3,3.939,2.10,3.89,0.01,0.01,-656.0,1824.0,345.0,-24868.0,22372,1172,31.3,0.0,10656.0,0,0,0,e1f,d4e,d4a,d4a,d4a,1,1,1,1,1,0,0,0,0,1,1,1,0,0,1,1,1,0,0,1,0,1,0,1,1,0,0,0,1,0,1,0,0,1,0,1,0,1,1,0,0,0,1,0,1,0,0,1,0,1,0,1,1,0,0,0,1,0,1,0,0,1,0,1,0,1,1,0,0
2026,3,29,08:48:45.826,36.92,45,67.0,0.8416,4693.3,697.3,3.938,2.10,3.89,0.01,0.01,-656.0,1824.0,346.0,-24881.0,22408,1179,30.3,0.0,10657.0,0,0,0,e1f,d4e,d4a,d4a,d4a,1,1,1,1,1,0,0,0,0,1,1,1,0,0,1,1,1,0,0,1,0,1,0,1,1,0,0,0,1,0,1,0,0,1,0,1,0,1,1,0,0,0,1,0,1,0,0,1,0,1,0,1,1,0,0,0,1,0,1,0,0,1,0,1,0,1,1,0,0
2026,3,29,08:48:45.846,36.94,65,67.0,0.8418,4688.2,692.2,3.939,2.10,3.89,0.01,0.01,-656.0,1825.0,347.0,-24894.0,22445,1186,29.3,0.0,10658.0,0,0,0,e1f,d4e,d4a,d4a,d4a,1,1,1,1,1,0,0,0,0,1,1,1,0,0,1,1,1,0,0,1,0,1,0,1,1,0,0,0,1,0,1,0,0,1,0,1,0,1,1,0,0,0,1,0,1,0,0,1,0,1,0,1,1,0,0,0,1,0,1,0,0,1,0,1,0,1,1,0,0
2026,3,29,08:48:45.866,36.96,85,67.0,0.8418,4688.9,692.8,3.939,2.10,3.89,0.01,0.01,-657.0,1826.0,348.0,-24907.0,22481,1193,28.3,0.0,10658.0,0,0,0,e1f,d4e,d4a,d4a,d4a,1,1,1,1,1,0,0,0,0,1,1,1,0,0,1,1,1,0,0,1,0,1,0,1,1,0,0,0,1,0,1,0,0,1,0,1,0,1,1,0,0,0,1,0,1,0,0,1,0,1,0,1,1,0,0,0,1,0,1,0,0,1,0,1,0,1,1,0,0
2026,3,29,08:48:45.886,36.98,105,67.0,0.8419,4683.8,687.7,3.939,2.10,3.89,0.01,0.01,-657.0,1827.0,348.0,-24920.0,22518,1200,27.4,0.0,10658.0,0,0,0,e1f,d4e,d4a,d4a,d4a,1,1,1,1,1,0,0,0,0,1,1,1,0,0,1,1,1,0,0,1,0,1,0,1,1,0,0,0,1,0,1,0,0,1,0,1,0,1,1,0,0,0,1,0,1,0,0,1,0,1,0,1,1,0,0,0,1,0,1,0,0,1,0,1,0,1,1,0,0
2026,3,29,08:48:45.906,37.00,125,67.0,0.8419,4683.8,687.7,3.939,2.10,3.89,0.01,0.01,-657.0,1828.0,349.0,-24933.0,22555,1207,26.5,0.0,10659.0,0,0,0,e1f,d4e,d4a,d4a,d4a,1,1,1,1,1,0,0,0,0,1,1,1,0,0,1,1,1,0,0,1,0,1,0,1,1,0,0,0,1,0,1,0,0,1,0,1,0,1,1,0,0,0,1,0,1,0,0,1,0,1,0,1,1,0,0,0,1,0,1,0,0,1,0,1,0,1,1,0,0
2026,3,29,08:48:45.926,37.02,145,67.0,0.8421,4677.4,681.4,3.940,2.10,3.89,0.01,0.01,-657.0,1828.0,350.0,-24946.0,22591,1214,25.6,0.0,10659.0,0,0,0,e1f,d4e,d4a,d4a,d4a,1,1,1,1,1,0,0,0,0,1,1,1,0,0,1,1,1,0,0,1,0,1,0,1,1,0,0,0,1,0,1,0,0,1,0,1,0,1,1,0,0,0,1,0,1,0,0,1,0,1,0,1,1,0,0,0,1,0,1,0,0,1,0,1,0,1,1,0,0
2026,3,29,08:48:45.946,37.04,165,67.0,0.8421,4678.1,682.0,3.940,2.10,3.89,0.01,0.01,-658.0,1829.0,351.0,-24960.0,22628,1221,24.9,0.0,10659.0,0,0,0,e1f,d4e,d4a,d4a,d4a,1,1,1,1,1,0,0,0,0,1,1,1,0,0,1,1,1,0,0,1,0,1,0,1,1,0,0,0,1,0,1,0,0,1,0,1,0,1,1,0,0,0,1,0,1,0,0,1,0,1,0,1,1,0,0,0,1,0,1,0,0,1,0,1,0,1,1,0,0
2026,3,29,08:48:45.966,37.06,185,67.0,0.8421,4678.1,682.0,3.938,2.10,3.89,0.01,0.01,-658.0,1829.0,351.0,-24973.0,22664,1228,24.2,0.0,10659.0,0,0,0,e1f,d4e,d4a,d4a,d4a,1,1,1,1,1,0,0,0,0,1,1,1,0,0,1,1,1,0,0,1,0,1,0,1,1,0,0,0,1,0,1,0,0,1,0,1,0,1,1,0,0,0,1,0,1,0,0,1,0,1,0,1,1,0,0,0,1,0,1,0,0,1,0,1,0,1,1,0,0
2026,3,29,08:48:45.986,37.08,205,67.0,0.8421,4678.7,682.6,3.939,2.10,3.89,0.01,0.01,-658.0,1830.0,352.0,-24986.0,22701,1235,23.7,0.0,10659.0,0,0,0,e1f,d4e,d4a,d4a,d4a,1,1,1,1,1,0,0,0,0,1,1,1,0,0,1,1,1,0,0,1,0,1,0,1,1,0,0,0,1,0,1,0,0,1,0,1,0,1,1,0,0,0,1,0,1,0,0,1,0,1,0,1,1,0,0,0,1,0,1,0,0,1,0,1,0,1,1,0,0
2026,3,29,08:48:46.006,37.10,225,67.0,0.8422,4675.5,679.5,3.940,2.10,3.89,0.01,0.01,-659.0,1831.0,352.0,-24999.0,22738,1242,23.3,0.0,10659.0,0,0,0,e1f,d4e,d4a,d4a,d4a,1,1,1,1,1,0,0,0,0,1,1,1,0,0,1,1,1,0,0,1,0,1,0,1,1,0,0,0,1,0,1,0,0,1,0,1,0,1,1,0,0,0,1,0,1,0,0,1,0,1,0,1,1,0,0,0,1,0,1,0,0,1,0,1,0,1,1,0,0
2026,3,29,08:48:46.026,37.12,245,67.0,0.8422,4675.5,679.5,3.939,2.10,3.89,0.01,0.01,-659.0,1831.0,353.0,-25012.0,22774,1249,23.0,0.0,10660.0,0,0,0,e1f,d4e,d4a,d4a,d4a,1,1,1,1,1,0,0,0,0,1,1,1,0,0,1,1,1,0,0,1,0,1,0,1,1,0,0,0,1,0,1,0,0,1,0,1,0,1,1,0,0,0,1,0,1,0,0,1,0,1,0,1,1,0,0,0,1,0,1,0,0,1,0,1,0,1,1,0,0
2026,3,29,08:48:46.046,37.14,15,67.0,0.8421,4678.7,682.6,3.939,2.10,3.89,0.01,0.01,-659.0,1832.0,353.0,-25025.0,22811,1256,22.8,0.0,10660.0,0,0,0,e1f,d4e,d4a,d4a,d4a,1,1,1,1,1,0,0,0,0,1,1,1,0,0,1,1,1,0,0,1,0,1,0,1,1,0,0,0,1,0,1,0,0,1,0,1,0,1,1,0,0,0,1,0,1,0,0,1,0,1,0,1,1,0,0,0,1,0,1,0,0,1,0,1,0,1,1,0,0
2026,3,29,08:48:46.066,37.16,35,66.9,0.8421,4679.3,683.3,3.940,2.10,3.89,0.01,0.01,-660.0,1833.0,353.0,-25039.0,22847,1263,22.8,0.0,10660.0,0,0,0,e1f,d4e,d4a,d4a,d4a,1,1,1,1,1,0,0,0,0,1,1,1,0,0,1,1,1,0,0,1,0,1,0,1,1,0,0,0,1,0,1,0,0,1,0,1,0,1,1,0,0,0,1,0,1,0,0,1,0,1,0,1,1,0,0,0,1,0,1,0,0,1,0,1,0,1,1,0,0
2026,3,29,08:48:46.086,37.18,55,66.9,0.8418,4688.9,692.8,3.939,2.10,3.89,0.01,0.01,-660.0,1833.0,353.0,-25052.0,22884,1270,22.9,0.0,10661.0,0,0,0,e1f,d4e,d4a,d4a,d4a,1,1,1,1,1,0,0,0,0,1,1,1,0,0,1,1,1,0,0,1,0,1,0,1,1,0,0,0,1,0,1,0,0,1,0,1,0,1,1,0,0,0,1,0,1,0,0,1,0,1,0,1,1,0,0,0,1,0,1,0,0,1,0,1,0,1,1,0,0
2026,3,29,08:48:46.106,37.20,75,66.9,0.8417,4690.2,694.1,3.939,2.10,3.89,0.01,0.01,-660.0,1834.0,354.0,-25065.0,22921,1277,23.1,0.0,10661.0,0,0,0,e1f,d4e,d4a,d4a,d4a,1,1,1,1,1,0,0,0,0,1,1,1,0,0,1,1,1,0,0,1,0,1,0,1,1,0,0,0,1,0,1,0,0,1,0,1,0,1,1,0,0,0,1,0,1,0,0,1,0,1,0,1,1,0,0,0,1,0,1,0,0,1,0,1,0,1,1,0,0
2026,3,29,08:48:46.126,37.22,95,66.9,0.8418,4687.0,690.9,3.940,2.10,3.89,0.01,0.01,-661.0,1835.0,354.0,-25078.0,22958,1284,23.4,0.0,10662.0,0,0,0,e1f,d4e,d4a,d4a,d4a,1,1,1,1,1,0,0,0,0,1,1,1,0,0,1,1,1,0,0,1,0,1,0,1,1,0,0,0,1,0,1,0,0,1,0,1,0,1,1,0,0,0,1,0,1,0,0,1,0,1,0,1,1,0,0,0,1,0,1,0,0,1,0,1,0,1,1,0,0
2026,3,29,08:48:46.146,37.24,115,66.9,0.8418,4687.6,691.5,3.940,2.10,3.89,0.01,0.01,-661.0,1835.0,354.0,-25092.0,22994,1291,23.9,0.0,10663.0,0,0,0,e1f,d4e,d4a,d4a,d4a,1,1,1,1,1,0,0,0,0,1,1,1,0,0,1,1,1,0,0,1,0,1,0,1,1,0,0,0,1,0,1,0,0,1,0,1,0,1,1,0,0,0,1,0,1,0,0,1,0,1,0,1,1,0,0,0,1,0,1,0,0,1,0,1,0,1,1,0,0
2026,3,29,08:48:46.166,37.26,135,66.9,0.8418,4688.9,692.8,3.939,2.10,3.89,0.01,0.01,-661.0,1836.0,354.0,-25105.0,23031,1298,24.4,0.0,10664.0,0,0,0,e1f,d4e,d4a,d4a,d4a,1,1,1,1,1,0,0,0,0,1,1,1,0,0,1,1,1,0,0,1,0,1,0,1,1,0,0,0,1,0,1,0,0,1,0,1,0,1,1,0,0,0,1,0,1,0,0,1,0,1,0,1,1,0,0,0,1,0,1,0,0,1,0,1,0,1,1,0,0
2026,3,29,08:48:46.186,37.28,155,66.9,0.8418,4688.9,692.8,3.939,2.10,3.89,0.01,0.01,-662.0,1837.0,354.0,-25118.0,23068,1306,25.1,0.0,10666.0,0,0,0,e1f,d4e,d4a,d4a,d4a,1,1,1,1,1,0,0,0,0,1,1,1,0,0,1,1,1,0,0,1,0,1,0,1,1,0,0,0,1,0,1,0,0,1,0,1,0,1,1,0,0,0,1,0,1,0,0,1,0,1,0,1,1,0,0,0,1,0,1,0,0,1,0,1,0,1,1,0,0
2026,3,29,08:48:46.206,37.30,175,66.9,0.8419,4685.7,689.6,3.939,2.10,3.89,0.01,0.01,-662.0,1838.0,354.0,-25131.0,23104,1313,25.9,0.0,10667.0,0,0,0,e1f,d4e,d4a,d4a,d4a,1,1,1,1,1,0,0,0,0,1,1,1,0,0,1,1,1,0,0,1,0,1,0,1,1,0,0,0,1,0,1,0,0,1,0,1,0,1,1,0,0,0,1,0,1,0,0,1,0,1,0,1,1,0,0,0,1,0,1,0,0,1,0,1,0,1,1,0,0
2026,3,29,08:48:46.226,37.32,195,66.9,0.8419,4685.7,689.6,3.940,2.10,3.89,0.01,0.01,-662.0,1839.0,354.0,-25145.0,23141,1320,26.8,0.0,10669.0,0,0,0,e1f,d4e,d4a,d4a,d4a,1,1,1,1,1,0,0,0,0,1,1,1,0,0,1,1,1,0,0,1,0,1,0,1,1,0,0,0,1,0,1,0,0,1,0,1,0,1,1,0,0,0,1,0,1,0,0,1,0,1,0,1,1,0,0,0,1,0,1,0,0,1,0,1,0,1,1,0,0
2026,3,29,08:48:46.246,37.34,215,66.9,0.8421,4678.1,682.0,3.939,2.11,3.89,0.01,0.01,-662.0,1840.0,354.0,-25158.0,23178,1327,27.9,0.0,10671.0,0,0,0,e1f,d4e,d4a,d4a,d4a,1,1,1,1,1,0,0,0,0,1,1,1,0,0,1,1,1,0,0,1,0,1,0,1,1,0,0,0,1,0,1,0,0,1,0,1,0,1,1,0,0,0,1,0,1,0,0,1,0,1,0,1,1,0,0,0,1,0,1,0,0,1,0,1,0,1,1,0,0
2026,3,29,08:48:46.266,37.36,235,66.9,0.8421,4678.1,682.0,3.940,2.11,3.89,0.01,0.01,-663.0,1841.0,354.0,-25171.0,23215,1334,29.3,0.0,10673.0,0,0,0,e1f,d4e,d4a,d4a,d4a,1,1,1,1,1,0,0,0,0,1,1,1,0,0,1,1,1,0,0,1,0,1,0,1,1,0,0,0,1,0,1,0,0,1,0,1,0,1,1,0,0,0,1,0,1,0,0,1,0,1,0,1,1,0,0,0,1,0,1,0,0,1,0,1,0,1,1,0,0
2026,3,29,08:48:46.286,37.38,5,66.9,0.8425,4666.6,670.6,3.940,2.11,3.89,0.01,0.01,-663.0,1841.0,353.0,-25184.0,23252,1341,30.8,0.0,10676.0,0,0,0,e1f,d4e,d4a,d4a,d4a,1,1,1,1,1,0,0,0,0,1,1,1,0,0,1,1,1,0,0,1,0,1,0,1,1,0,0,0,1,0,1,0,0,1,0,1,0,1,1,0,0,0,1,0,1,0,0,1,0,1,0,1,1,0,0,0,1,0,1,0,0,1,0,1,0,1,1,0,0
2026,3,29,08:48:46.306,37.40,25,66.9,0.8425,4666.6,670.6,3.939,2.11,3.89,0.01,0.01,-664.0,1842.0,353.0,-25198.0,23288,1348,32.6,0.0,10678.0,0,0,0,e1f,d4e,d4a,d4a,d4a,1,1,1,1,1,0,0,0,0,1,1,1,0,0,1,1,1,0,0,1,0,1,0,1,1,0,0,0,1,0,1,0,0,1,0,1,0,1,1,0,0,0,1,0,1,0,0,1,0,1,0,1,1,0,0,0,1,0,1,0,0,1,0,1,0,1,1,0,0
2026,3,29,08:48:46.326,37.42,45,66.9,0.8431,4648.2,652.1,3.939,2.11,3.89,0.01,0.01,-664.0,1842.0,353.0,-25211.0,23325,1355,34.6,0.0,10681.0,0,0,0,e1f,d4e,d4a,d4a,d4a,1,1,1,1,1,0,0,0,0,1,1,1,0,0,1,1,1,0,0,1,0,1,0,1,1,0,0,0,1,0,1,0,0,1,0,1,0,1,1,0,0,0,1,0,1,0,0,1,0,1,0,1,1,0,0,0,1,0,1,0,0,1,0,1,0,1,1,0,0
2026,3,29,08:48:46.346,37.44,65,66.9,0.8431,4648.2,652.1,3.940,2.11,3.89,0.01,0.01,-664.0,1843.0,353.0,-25224.0,23362,1362,36.7,0.0,10684.0,0,0,0,e1f,d4e,d4a,d4a,d4a,1,1,1,1,1,0,0,0,0,1,1,1,0,0,1,1,1,0,0,1,0,1,0,1,1,0,0,0,1,0,1,0,0,1,0,1,0,1,1,0,0,0,1,0,1,0,0,1,0,1,0,1,1,0,0,0,1,0,1,0,0,1,0,1,0,1,1,0,0
2026,3,29,08:48:46.366,37.46,85,66.9,0.8437,4628.5,632.4,3.940,2.11,3.89,0.01,0.01,-664.0,1843.0,352.0,-25237.0,23399,1369,38.8,0.0,10687.0,0,0,0,e1f,d4e,d4a,d4a,d4a,1,1,1,1,1,0,0,0,0,1,1,1,0,0,1,1,1,0,0,1,0,1,0,1,1,0,0,0,1,0,1,0,0,1,0,1,0,1,1,0,0,0,1,0,1,0,0,1,0,1,0,1,1,0,0,0,1,0,1,0,0,1,0,1,0,1,1,0,0
2026,3,29,08:48:46.386,37.48,105,66.9,0.8437,4627.9,631.8,3.940,2.11,3.89,0.01,0.01,-664.0,1843.0,352.0,-25251.0,23436,1376,41.0,0.0,10690.0,0,0,0,e1f,d4e,d4a,d4a,d4a,1,1,1,1,1,0,0,0,0,1,1,1,0,0,1,1,1,0,0,1,0,1,0,1,1,0,0,0,1,0,1,0,0,1,0,1,0,1,1,0,0,0,1,0,1,0,0,1,0,1,0,1,1,0,0,0,1,0,1,0,0,1,0,1,0,1,1,0,0
2026,3,29,08:48:46.406,37.50,125,66.9,0.8445,4603.1,607.0,3.940,2.11,3.89,0.01,0.01,-664.0,1843.0,352.0,-25264.0,23473,1383,43.0,0.0,10693.0,0,0,0,e1f,d4e,d4a,d4a,d4a,1,1,1,1,1,0,0,0,0,1,1,1,0,0,1,1,1,0,0,1,0,1,0,1,1,0,0,0,1,0,1,0,0,1,0,1,0,1,1,0,0,0,1,0,1,0,0,1,0,1,0,1,1,0,0,0,1,0,1,0,0,1,0,1,0,1,1,0,0
2026,3,29,08:48:46.426,37.52,145,67.0,0.8445,4602.5,606.4,3.939,2.11,3.89,0.01,0.01,-665.0,1842.0,352.0,-25277.0,23510,1390,45.1,0.0,10697.0,0,0,0,e1f,d4e,d4a,d4a,d4a,1,1,1,1,1,0,0,0,0,1,1,1,0,0,1,1,1,0,0,1,0,1,0,1,1,0,0,0,1,0,1,0,0,1,0,1,0,1,1,0,0,0,1,0,1,0,0,1,0,1,0,1,1,0,0,0,1,0,1,0,0,1,0,1,0,1,1,0,0
2026,3,29,08:48:46.446,37.54,165,67.0,0.8453,4577.7,581.7,3.939,2.11,3.89,0.01,0.01,-665.0,1842.0,352.0,-25291.0,23547,1397,47.1,0.0,10700.0,0,0,0,e1f,d4e,d4a,d4a,d4a,1,1,1,1,1,0,0,0,0,1,1,1,0,0,1,1,1,0,0,1,0,1,0,1,1,0,0,0,1,0,1,0,0,1,0,1,0,1,1,0,0,0,1,0,1,0,0,1,0,1,0,1,1,0,0,0,1,0,1,0,0,1,0,1,0,1,1,0,0
2026,3,29,08:48:46.466,37.56,185,67.0,0.8453,4576.5,580.4,3.939,2.11,3.89,0.01,0.01,-665.0,1842.0,352.0,-25304.0,23583,1404,49.0,0.0,10703.0,0,0,0,e1f,d4e,d4a,d4a,d4a,1,1,1,1,1,0,0,0,0,1,1,1,0,0,1,1,1,0,0,1,0,1,0,1,1,0,0,0,1,0,1,0,0,1,0,1,0,1,1,0,0,0,1,0,1,0,0,1,0,1,0,1,1,0,0,0,1,0,1,0,0,1,0,1,0,1,1,0,0
2026,3,29,08:48:46.486,37.58,205,67.0,0.8463,4546.0,550.0,3.939,2.11,3.89,0.01,0.01,-665.0,1842.0,351.0,-25317.0,23620,1412,50.9,0.0,10707.0,0,0,0,e1f,d4e,d4a,d4a,d4a,1,1,1,1,1,0,0,0,0,1,1,1,0,0,1,1,1,0,0,1,0,1,0,1,1,0,0,0,1,0,1,0,0,1,0,1,0,1,1,0,0,0,1,0,1,0,0,1,0,1,0,1,1,0,0,0,1,0,1,0,0,1,0,1,0,1,1,0,0
2026,3,29,08:48:46.506,37.60,225,67.0,0.8463,4544.8,548.7,3.939,2.11,3.89,0.01,0.01,-665.0,1842.0,351.0,-25331.0,23657,1419,52.7,0.0,10710.0,0,0,0,e1f,d4e,d4a,d4a,d4a,1,1,1,1,1,0,0,0,0,1,1,1,0,0,1,1,1,0,0,1,0,1,0,1,1,0,0,0,1,0,1,0,0,1,0,1,0,1,1,0,0,0,1,0,1,0,0,1,0,1,0,1,1,0,0,0,1,0,1,0,0,1,0,1,0,1,1,0,0
2026,3,29,08:48:46.526,37.62,245,67.0,0.8472,4516.9,520.8,3.940,2.11,3.89,0.01,0.01,-665.0,1841.0,351.0,-25344.0,23694,1426,54.4,0.0,10713.0,0,0,0,e1f,d4e,d4a,d4a,d4a,1,1,1,1,1,0,0,0,0,1,1,1,0,0,1,1,1,0,0,1,0,1,0,1,1,0,0,0,1,0,1,0,0,1,0,1,0,1,1,0,0,0,1,0,1,0,0,1,0,1,0,1,1,0,0,0,1,0,1,0,0,1,0,1,0,1,1,0,0
2026,3,29,08:48:46.546,37.64,15,67.1,0.8472,4516.3,520.2,3.939,2.11,3.89,0.01,0.01,-664.0,1841.0,351.0,-25357.0,23731,1433,55.9,0.0,10717.0,0,0,0,e1f,d4e,d4a,d4a,d4a,1,1,1,1,1,0,0,0,0,1,1,1,0,0,1,1,1,0,0,1,0,1,0,1,1,0,0,0,1,0,1,0,0,1,0,1,0,1,1,0,0,0,1,0,1,0,0,1,0,1,0,1,1,0,0,0,1,0,1,0,0,1,0,1,0,1,1,0,0
2026,3,29,08:48:46.566,37.66,35,67.1,0.8479,4495.4,499.3,3.940,2.12,3.89,0.01,0.01,-663.0,1841.0,351.0,-25370.0,23768,1440,57.2,0.0,10721.0,0,0,0,e1f,d4e,d4a,d4a,d4a,1,1,1,1,1,0,0,0,0,1,1,1,0,0,1,1,1,0,0,1,0,1,0,1,1,0,0,0,1,0,1,0,0,1,0,1,0,1,1,0,0,0,1,0,1,0,0,1,0,1,0,1,1,0,0,0,1,0,1,0,0,1,0,1,0,1,1,0,0
2026,3,29,08:48:46.586,37.68,55,67.1,0.8479,4494.1,498.1,3.937,2.12,3.89,0.01,0.01,-663.0,1841.0,351.0,-25384.0,23805,1447,58.2,0.0,10724.0,0,0,0,e1f,d4e,d4a,d4a,d4a,1,1,1,1,1,0,0,0,0,1,1,1,0,0,1,1,1,0,0,1,0,1,0,1,1,0,0,0,1,0,1,0,0,1,0,1,0,1,1,0,0,0,1,0,1,0,0,1,0,1,0,1,1,0,0,0,1,0,1,0,0,1,0,1,0,1,1,0,0
2026,3,29,08:48:46.606,37.70,75,67.1,0.8483,4481.5,485.4,3.939,2.12,3.89,0.01,0.01,-663.0,1841.0,351.0,-25397.0,23842,1454,59.1,0.0,10728.0,0,0,0,e1f,d4e,d4a,d4a,d4a,1,1,1,1,1,0,0,0,0,1,1,1,0,0,1,1,1,0,0,1,0,1,0,1,1,0,0,0,1,0,1,0,0,1,0,1,0,1,1,0,0,0,1,0,1,0,0,1,0,1,0,1,1,0,0,0,1,0,1,0,0,1,0,1,0,1,1,0,0
2026,3,29,08:48:46.626,37.72,95,67.1,0.8483,4481.5,485.4,3.940,2.12,3.89,0.01,0.01,-662.0,1841.0,350.0,-25410.0,23878,1461,59.9,0.0,10732.0,0,0,0,e1f,d4e,d4a,d4a,d4a,1,1,1,1,1,0,0,0,0,1,1,1,0,0,1,1,1,0,0,1,0,1,0,1,1,0,0,0,1,0,1,0,0,1,0,1,0,1,1,0,0,0,1,0,1,0,0,1,0,1,0,1,1,0,0,0,1,0,1,0,0,1,0,1,0,1,1,0,0
2026,3,29,08:48:46.646,37.74,115,67.1,0.8486,4473.3,477.2,3.940,2.12,3.89,0.01,0.01,-662.0,1841.0,350.0,-25424.0,23915,1468,60.5,0.0,10736.0,0,0,0,e1f,d4e,d4a,d4a,d4a,1,1,1,1,1,0,0,0,0,1,1,1,0,0,1,1,1,0,0,1,0,1,0,1,1,0,0,0,1,0,1,0,0,1,0,1,0,1,1,0,0,0,1,0,1,0,0,1,0,1,0,1,1,0,0,0,1,0,1,0,0,1,0,1,0,1,1,0,0
2026,3,29,08:48:46.666,37.76,135,67.1,0.8486,4472.6,476.6,3.940,2.12,3.89,0.01,0.01,-662.0,1841.0,350.0,-25437.0,23952,1475,61.2,0.0,10740.0,0,0,0,e1f,d4e,d4a,d4a,d4a,1,1,1,1,1,0,0,0,0,1,1,1,0,0,1,1,1,0,0,1,0,1,0,1,1,0,0,0,1,0,1,0,0,1,0,1,0,1,1,0,0,0,1,0,1,0,0,1,0,1,0,1,1,0,0,0,1,0,1,0,0,1,0,1,0,1,1,0,0
2026,3,29,08:48:46.686,37.78,155,67.1,0.8489,4464.4,468.3,3.939,2.12,3.89,0.01,0.01,-662.0,1841.0,350.0,-25450.0,23989,1482,61.8,0.0,10744.0,0,0,0,e1f,d4e,d4a,d4a,d4a,1,1,1,1,1,0,0,0,0,1,1,1,0,0,1,1,1,0,0,1,0,1,0,1,1,0,0,0,1,0,1,0,0,1,0,1,0,1,1,0,0,0,1,0,1,0,0,1,0,1,0,1,1,0,0,0,1,0,1,0,0,1,0,1,0,1,1,0,0
2026,3,29,08:48:46.706,37.80,175,67.1,0.8489,4464.4,468.3,3.939,2.13,3.89,0.01,0.01,-662.0,1841.0,350.0,-25463.0,24026,1489,62.3,0.0,10748.0,0,0,0,e1f,d4e,d4a,d4a,d4a,1,1,1,1,1,0,0,0,0,1,1,1,0,0,1,1,1,0,0,1,0,1,0,1,1,0,0,0,1,0,1,0,0,1,0,1,0,1,1,0,0,0,1,0,1,0,0,1,0,1,0,1,1,0,0,0,1,0,1,0,0,1,0,1,0,1,1,0,0
2026,3,29,08:48:46.726,37.82,195,67.1,0.8493,4451.8,455.7,3.939,2.13,3.89,0.01,0.01,-662.0,1841.0,350.0,-25477.0,24063,1496,62.8,0.0,10752.0,0,0,0,e1f,d4e,d4a,d4a,d4a,1,1,1,1,1,0,0,0,0,1,1,1,0,0,1,1,1,0,0,1,0,1,0,1,1,0,0,0,1,0,1,0,0,1,0,1,0,1,1,0,0,0,1,0,1,0,0,1,0,1,0,1,1,0,0,0,1,0,1,0,0,1,0,1,0,1,1,0,0
2026,3,29,08:48:46.746,37.84,215,67.1,0.8493,4451.1,455.1,3.939,2.13,3.89,0.01,0.01,-662.0,1841.0,350.0,-25490.0,24100,1503,63.1,0.0,10756.0,0,0,0,e1f,d4e,d4a,d4a,d4a,1,1,1,1,1,0,0,0,0,1,1,1,0,0,1,1,1,0,0,1,0,1,0,1,1,0,0,0,1,0,1,0,0,1,0,1,0,1,1,0,0,0,1,0,1,0,0,1,0,1,0,1,1,0,0,0,1,0,1,0,0,1,0,1,0,1,1,0,0
2026,3,29,08:48:46.766,37.86,235,67.1,0.8493,4449.9,453.8,3.939,2.13,3.89,0.01,0.01,-661.0,1841.0,350.0,-25503.0,24136,1510,63.4,0.0,10760.0,0,0,0,e1f,d4e,d4a,d4a,d4a,1,1,1,1,1,0,0,0,0,1,1,1,0,0,1,1,1,0,0,1,0,1,0,1,1,0,0,0,1,0,1,0,0,1,0,1,0,1,1,0,0,0,1,0,1,0,0,1,0,1,0,1,1,0,0,0,1,0,1,0,0,1,0,1,0,1,1,0,0
2026,3,29,08:48:46.786,37.88,5,67.1,0.8493,4449.2,453.2,3.939,2.13,3.89,0.01,0.01,-661.0,1841.0,350.0,-25516.0,24173,1517,63.5,0.0,10764.0,0,0,0,e1f,d4e,d4a,d4a,d4a,1,1,1,1,1,0,0,0,0,1,1,1,0,0,1,1,1,0,0,1,0,1,0,1,1,0,0,0,1,0,1,0,0,1,0,1,0,1,1,0,0,0,1,0,1,0,0,1,0,1,0,1,1,0,0,0,1,0,1,0,0,1,0,1,0,1,1,0,0
2026,3,29,08:48:46.806,37.90,25,67.1,0.8496,4441.7,445.6,3.939,2.13,3.89,0.01,0.01,-661.0,1841.0,350.0,-25530.0,24210,1524,63.5,0.0,10769.0,0,0,0,e1f,d4e,d4a,d4a,d4a,1,1,1,1,1,0,0,0,0,1,1,1,0,0,1,1,1,0,0,1,0,1,0,1,1,0,0,0,1,0,1,0,0,1,0,1,0,1,1,0,0,0,1,0,1,0,0,1,0,1,0,1,1,0,0,0,1,0,1,0,0,1,0,1,0,1,1,0,0
2026,3,29,08:48:46.826,37.92,45,67.1,0.8496,4441.7,445.6,3.939,2.14,3.89,0.01,0.01,-660.0,1841.0,351.0,-25543.0,24247,1531,63.4,0.0,10773.0,0,0,0,e1f,d4e,d4a,d4a,d4a,1,1,1,1,1,0,0,0,0,1,1,1,0,0,1,1,1,0,0,1,0,1,0,1,1,0,0,0,1,0,1,0,0,1,0,1,0,1,1,0,0,0,1,0,1,0,0,1,0,1,0,1,1,0,0,0,1,0,1,0,0,1,0,1,0,1,1,0,0
2026,3,29,08:48:46.846,37.94,65,67.1,0.8496,4441.7,445.6,3.940,2.14,3.89,0.01,0.01,-660.0,1841.0,351.0,-25556.0,24284,1538,63.1,0.0,10777.0,0,0,0,e1f,d4e,d4a,d4a,d4a,1,1,1,1,1,0,0,0,0,1,1,1,0,0,1,1,1,0,0,1,0,1,0,1,1,0,0,0,1,0,1,0,0,1,0,1,0,1,1,0,0,0,1,0,1,0,0,1,0,1,0,1,1,0,0,0,1,0,1,0,0,1,0,1,0,1,1,0,0
2026,3,29,08:48:46.866,37.96,85,67.1,0.8496,4441.7,445.6,3.939,2.14,3.89,0.01,0.01,-660.0,1841.0,351.0,-25569.0,24320,1545,62.8,0.0,10781.0,0,0,0,e1f,d4e,d4a,d4a,d4a,1,1,1,1,1,0,0,0,0,1,1,1,0,0,1,1,1,0,0,1,0,1,0,1,1,0,0,0,1,0,1,0,0,1,0,1,0,1,1,0,0,0,1,0,1,0,0,1,0,1,0,1,1,0,0,0,1,0,1,0,0,1,0,1,0,1,1,0,0
2026,3,29,08:48:46.886,37.98,105,67.1,0.8497,4436.6,440.6,3.939,2.14,3.89,0.01,0.01,-660.0,1841.0,352.0,-25582.0,24357,1552,62.3,0.0,10785.0,0,0,0,e1f,d4e,d4a,d4a,d4a,1,1,1,1,1,0,0,0,0,1,1,1,0,0,1,1,1,0,0,1,0,1,0,1,1,0,0,0,1,0,1,0,0,1,0,1,0,1,1,0,0,0,1,0,1,0,0,1,0,1,0,1,1,0,0,0,1,0,1,0,0,1,0,1,0,1,1,0,0
2026,3,29,08:48:46.906,38.00,125,67.1,0.8497,4436.6,440.6,3.940,2.14,3.89,0.01,0.01,-660.0,1841.0,352.0,-25596.0,24394,1559,61.8,0.0,10788.0,0,0,0,e1f,d4e,d4a,d4a,d4a,1,1,1,1,1,0,0,0,0,1,1,1,0,0,1,1,1,0,0,1,0,1,0,1,1,0,0,0,1,0,1,0,0,1,0,1,0,1,1,0,0,0,1,0,1,0,0,1,0,1,0,1,1,0,0,0,1,0,1,0,0,1,0,1,0,1,1,0,0
2026,3,29,08:48:46.926,38.02,145,67.1,0.8498,4433.5,437.4,3.939,2.15,3.89,0.01,0.01,-659.0,1841.0,353.0,-25609.0,24431,1566,61.1,0.0,10792.0,0,0,0,e1f,d4e,d4a,d4a,d4a,1,1,1,1,1,0,0,0,0,1,1,1,0,0,1,1,1,0,0,1,0,1,0,1,1,0,0,0,1,0,1,0,0,1,0,1,0,1,1,0,0,0,1,0,1,0,0,1,0,1,0,1,1,0,0,0,1,0,1,0,0,1,0,1,0,1,1,0,0
2026,3,29,08:48:46.946,38.04,165,67.1,0.8498,4433.5,437.4,3.939,2.15,3.89,0.01,0.01,-659.0,1841.0,353.0,-25622.0,24468,1573,60.3,0.0,10796.0,0,0,0,e1f,d4e,d4a,d4a,d4a,1,1,1,1,1,0,0,0,0,1,1,1,0,0,1,1,1,0,0,1,0,1,0,1,1,0,0,0,1,0,1,0,0,1,0,1,0,1,1,0,0,0,1,0,1,0,0,1,0,1,0,1,1,0,0,0,1,0,1,0,0,1,0,1,0,1,1,0,0
2026,3,29,08:48:46.966,38.06,185,67.1,0.8498,4434.7,438.7,3.939,2.15,3.89,0.01,0.01,-659.0,1841.0,354.0,-25635.0,24504,1580,59.4,0.0,10800.0,0,0,0,e1f,d4e,d4a,d4a,d4a,1,1,1,1,1,0,0,0,0,1,1,1,0,0,1,1,1,0,0,1,0,1,0,1,1,0,0,0,1,0,1,0,0,1,0,1,0,1,1,0,0,0,1,0,1,0,0,1,0,1,0,1,1,0,0,0,1,0,1,0,0,1,0,1,0,1,1,0,0
2026,3,29,08:48:46.986,38.08,205,67.1,0.8498,4434.7,438.7,3.940,2.15,3.89,0.01,0.01,-659.0,1841.0,354.0,-25648.0,24541,1587,58.4,0.0,10803.0,0,0,0,e1f,d4e,d4a,d4a,d4a,1,1,1,1,1,0,0,0,0,1,1,1,0,0,1,1,1,0,0,1,0,1,0,1,1,0,0,0,1,0,1,0,0,1,0,1,0,1,1,0,0,0,1,0,1,0,0,1,0,1,0,1,1,0,0,0,1,0,1,0,0,1,0,1,0,1,1,0,0
2026,3,29,08:48:47.006,38.10,225,67.1,0.8500,4429.7,433.6,3.940,2.15,3.89,0.01,0.01,-659.0,1842.0,355.0,-25662.0,24578,1594,57.3,0.0,10807.0,0,0,0,e1f,d4e,d4a,d4a,d4a,1,1,1,1,1,0,0,0,0,1,1,1,0,0,1,1,1,0,0,1,0,1,0,1,1,0,0,0,1,0,1,0,0,1,0,1,0,1,1,0,0,0,1,0,1,0,0,1,0,1,0,1,1,0,0,0,1,0,1,0,0,1,0,1,0,1,1,0,0
2026,3,29,08:48:47.026,38.12,245,67.1,0.8499,4430.3,434.2,3.941,2.15,3.89,0.01,0.01,-659.0,1842.0,355.0,-25675.0,24615,1602,56.1,0.0,10811.0,0,0,0,e1f,d4e,d4a,d4a,d4a,1,1,1,1,1,0,0,0,0,1,1,1,0,0,1,1,1,0,0,1,0,1,0,1,1,0,0,0,1,0,1,0,0,1,0,1,0,1,1,0,0,0,1,0,1,0,0,1,0,1,0,1,1,0,0,0,1,0,1,0,0,1,0,1,0,1,1,0,0
2026,3,29,08:48:47.046,38.14,15,67.1,0.8500,4428.4,432.3,3.939,2.15,3.89,0.01,0.01,-659.0,1842.0,356.0,-25688.0,24652,1609,54.7,0.0,10814.0,0,0,0,e1f,d4e,d4a,d4a,d4a,1,1,1,1,1,0,0,0,0,1,1,1,0,0,1,1,1,0,0,1,0,1,0,1,1,0,0,0,1,0,1,0,0,1,0,1,0,1,1,0,0,0,1,0,1,0,0,1,0,1,0,1,1,0,0,0,1,0,1,0,0,1,0,1,0,1,1,0,0
2026,3,29,08:48:47.066,38.16,35,67.1,0.8500,4428.4,432.3,3.940,2.15,3.89,0.01,0.01,-659.0,1842.0,357.0,-25701.0,24689,1616,53.2,0.0,10818.0,0,0,0,e1f,d4e,d4a,d4a,d4a,1,1,1,1,1,0,0,0,0,1,1,1,0,0,1,1,1,0,0,1,0,1,0,1,1,0,0,0,1,0,1,0,0,1,0,1,0,1,1,0,0,0,1,0,1,0,0,1,0,1,0,1,1,0,0,0,1,0,1,0,0,1,0,1,0,1,1,0,0
2026,3,29,08:48:47.086,38.18,55,67.1,0.8499,4431.6,435.5,3.939,2.15,3.89,0.01,0.01,-659.0,1842.0,357.0,-25714.0,24726,1623,51.7,0.0,10821.0,0,0,0,e1f,d4e,d4a,d4a,d4a,1,1,1,1,1,0,0,0,0,1,1,1,0,0,1,1,1,0,0,1,0,1,0,1,1,0,0,0,1,0,1,0,0,1,0,1,0,1,1,0,0,0,1,0,1,0,0,1,0,1,0,1,1,0,0,0,1,0,1,0,0,1,0,1,0,1,1,0,0
2026,3,29,08:48:47.106,38.20,75,67.1,0.8499,4431.6,435.5,3.940,2.15,3.89,0.01,0.01,-659.0,1842.0,358.0,-25727.0,24763,1630,50.0,0.0,10824.0,0,0,0,e1f,d4e,d4a,d4a,d4a,1,1,1,1,1,0,0,0,0,1,1,1,0,0,1,1,1,0,0,1,0,1,0,1,1,0,0,0,1,0,1,0,0,1,0,1,0,1,1,0,0,0,1,0,1,0,0,1,0,1,0,1,1,0,0,0,1,0,1,0,0,1,0,1,0,1,1,0,0
2026,3,29,08:48:47.126,38.22,95,67.1,0.8500,4428.4,432.3,3.939,2.15,3.89,0.01,0.01,-659.0,1842.0,359.0,-25741.0,24799,1637,48.2,0.0,10827.0,0,0,0,e1f,d4e,d4a,d4a,d4a,1,1,1,1,1,0,0,0,0,1,1,1,0,0,1,1,1,0,0,1,0,1,0,1,1,0,0,0,1,0,1,0,0,1,0,1,0,1,1,0,0,0,1,0,1,0,0,1,0,1,0,1,1,0,0,0,1,0,1,0,0,1,0,1,0,1,1,0,0
2026,3,29,08:48:47.146,38.24,115,67.1,0.8500,4428.4,432.3,3.940,2.15,3.89,0.01,0.01,-659.0,1842.0,359.0,-25754.0,24836,1644,46.3,0.0,10830.0,0,0,0,e1f,d4e,d4a,d4a,d4a,1,1,1,1,1,0,0,0,0,1,1,1,0,0,1,1,1,0,0,1,0,1,0,1,1,0,0,0,1,0,1,0,0,1,0,1,0,1,1,0,0,0,1,0,1,0,0,1,0,1,0,1,1,0,0,0,1,0,1,0,0,1,0,1,0,1,1,0,0
2026,3,29,08:48:47.166,38.26,135,67.1,0.8504,4417.0,421.0,3.940,2.16,3.89,0.01,0.01,-659.0,1842.0,360.0,-25767.0,24873,1652,44.3,0.0,10833.0,0,0,0,e1f,d4e,d4a,d4a,d4a,1,1,1,1,1,0,0,0,0,1,1,1,0,0,1,1,1,0,0,1,0,1,0,1,1,0,0,0,1,0,1,0,0,1,0,1,0,1,1,0,0,0,1,0,1,0,0,1,0,1,0,1,1,0,0,0,1,0,1,0,0,1,0,1,0,1,1,0,0
2026,3,29,08:48:47.186,38.28,155,67.1,0.8504,4417.0,421.0,3.939,2.16,3.89,0.01,0.01,-659.0,1843.0,361.0,-25780.0,24910,1659,42.2,0.0,10836.0,0,0,0,e1f,d4e,d4a,d4a,d4a,1,1,1,1,1,0,0,0,0,1,1,1,0,0,1,1,1,0,0,1,0,1,0,1,1,0,0,0,1,0,1,0,0,1,0,1,0,1,1,0,0,0,1,0,1,0,0,1,0,1,0,1,1,0,0,0,1,0,1,0,0,1,0,1,0,1,1,0,0
2026,3,29,08:48:47.206,38.30,175,67.1,0.8504,4415.8,419.7,3.939,2.16,3.89,0.01,0.01,-659.0,1843.0,362.0,-25793.0,24947,1666,39.9,0.0,10839.0,0,0,0,e1f,d4e,d4a,d4a,d4a,1,1,1,1,1,0,0,0,0,1,1,1,0,0,1,1,1,0,0,1,0,1,0,1,1,0,0,0,1,0,1,0,0,1,0,1,0,1,1,0,0,0,1,0,1,0,0,1,0,1,0,1,1,0,0,0,1,0,1,0,0,1,0,1,0,1,1,0,0
2026,3,29,08:48:47.226,38.32,195,67.1,0.8504,4415.8,419.7,3.940,2.16,3.89,0.01,0.01,-659.0,1843.0,363.0,-25807.0,24984,1673,37.5,0.0,10842.0,0,0,0,e1f,d4e,d4a,d4a,d4a,1,1,1,1,1,0,0,0,0,1,1,1,0,0,1,1,1,0,0,1,0,1,0,1,1,0,0,0,1,0,1,0,0,1,0,1,0,1,1,0,0,0,1,0,1,0,0,1,0,1,0,1,1,0,0,0,1,0,1,0,0,1,0,1,0,1,1,0,0
2026,3,29,08:48:47.246,38.34,215,67.1,0.8504,4415.8,419.7,3.939,2.16,3.89,0.01,0.01,-659.0,1843.0,364.0,-25820.0,25021,1681,34.9,0.0,10845.0,0,0,0,e1f,d4e,d4a,d4a,d4a,1,1,1,1,1,0,0,0,0,1,1,1,0,0,1,1,1,0,0,1,0,1,0,1,1,0,0,0,1,0,1,0,0,1,0,1,0,1,1,0,0,0,1,0,1,0,0,1,0,1,0,1,1,0,0,0,1,0,1,0,0,1,0,1,0,1,1,0,0
2026,3,29,08:48:47.266,38.36,235,67.1,0.8504,4415.8,419.7,3.940,2.16,3.89,0.01,0.01,-659.0,1844.0,364.0,-25833.0,25058,1688,32.3,0.0,10848.0,0,0,0,e1f,d4e,d4a,d4a,d4a,1,1,1,1,1,0,0,0,0,1,1,1,0,0,1,1,1,0,0,1,0,1,0,1,1,0,0,0,1,0,1,0,0,1,0,1,0,1,1,0,0,0,1,0,1,0,0,1,0,1,0,1,1,0,0,0,1,0,1,0,0,1,0,1,0,1,1,0,0
2026,3,29,08:48:47.286,38.38,5,67.1,0.8508,4402.5,406.5,3.939,2.16,3.89,0.01,0.01,-660.0,1844.0,365.0,-25846.0,25094,1695,29.7,0.0,10851.0,0,0,0,e1f,d4e,d4a,d4a,d4a,1,1,1,1,1,0,0,0,0,1,1,1,0,0,1,1,1,0,0,1,0,1,0,1,1,0,0,0,1,0,1,0,0,1,0,1,0,1,1,0,0,0,1,0,1,0,0,1,0,1,0,1,1,0,0,0,1,0,1,0,0,1,0,1,0,1,1,0,0
2026,3,29,08:48:47.306,38.40,25,67.1,0.8508,4402.5,406.5,3.939,2.16,3.89,0.01,0.01,-660.0,1845.0,366.0,-25859.0,25131,1703,27.1,0.0,10853.0,0,0,0,e1f,d4e,d4a,d4a,d4a,1,1,1,1,1,0,0,0,0,1,1,1,0,0,1,1,1,0,0,1,0,1,0,1,1,0,0,0,1,0,1,0,0,1,0,1,0,1,1,0,0,0,1,0,1,0,0,1,0,1,0,1,1,0,0,0,1,0,1,0,0,1,0,1,0,1,1,0,0
2026,3,29,08:48:47.326,38.42,45,67.1,0.8508,4404.4,408.4,3.939,2.16,3.89,0.01,0.01,-661.0,1845.0,366.0,-25873.0,25168,1710,24.5,0.0,10856.0,0,0,0,e1f,d4e,d4a,d4a,d4a,1,1,1,1,1,0,0,0,0,1,1,1,0,0,1,1,1,0,0,1,0,1,0,1,1,0,0,0,1,0,1,0,0,1,0,1,0,1,1,0,0,0,1,0,1,0,0,1,0,1,0,1,1,0,0,0,1,0,1,0,0,1,0,1,0,1,1,0,0
2026,3,29,08:48:47.346,38.44,65,67.1,0.8508,4404.4,408.4,3.940,2.16,3.89,0.01,0.01,-661.0,1846.0,367.0,-25886.0,25205,1717,22.0,0.0,10859.0,0,0,0,e1f,d4e,d4a,d4a,d4a,1,1,1,1,1,0,0,0,0,1,1,1,0,0,1,1,1,0,0,1,0,1,0,1,1,0,0,0,1,0,1,0,0,1,0,1,0,1,1,0,0,0,1,0,1,0,0,1,0,1,0,1,1,0,0,0,1,0,1,0,0,1,0,1,0,1,1,0,0
2026,3,29,08:48:47.366,38.46,85,67.1,0.8510,4396.2,400.2,3.939,2.16,3.89,0.01,0.01,-662.0,1847.0,367.0,-25899.0,25242,1725,19.5,0.0,10862.0,0,0,0,e1f,d4e,d4a,d4a,d4a,1,1,1,1,1,0,0,0,0,1,1,1,0,0,1,1,1,0,0,1,0,1,0,1,1,0,0,0,1,0,1,0,0,1,0,1,0,1,1,0,0,0,1,0,1,0,0,1,0,1,0,1,1,0,0,0,1,0,1,0,0,1,0,1,0,1,1,0,0
2026,3,29,08:48:47.386,38.48,105,67.1,0.8510,4396.2,400.2,3.939,2.16,3.89,0.01,0.01,-662.0,1848.0,367.0,-25912.0,25279,1732,17.3,0.0,10864.0,0,0,0,e1f,d4e,d4a,d4a,d4a,1,1,1,1,1,0,0,0,0,1,1,1,0,0,1,1,1,0,0,1,0,1,0,1,1,0,0,0,1,0,1,0,0,1,0,1,0,1,1,0,0,0,1,0,1,0,0,1,0,1,0,1,1,0,0,0,1,0,1,0,0,1,0,1,0,1,1,0,0
2026,3,29,08:48:47.406,38.50,125,67.1,0.8511,4393.1,397.0,3.940,2.16,3.89,0.01,0.01,-663.0,1848.0,368.0,-25926.0,25316,1739,15.2,0.0,10867.0,0,0,0,e1f,d4e,d4a,d4a,d4a,1,1,1,1,1,0,0,0,0,1,1,1,0,0,1,1,1,0,0,1,0,1,0,1,1,0,0,0,1,0,1,0,0,1,0,1,0,1,1,0,0,0,1,0,1,0,0,1,0,1,0,1,1,0,0,0,1,0,1,0,0,1,0,1,0,1,1,0,0
2026,3,29,08:48:47.426,38.52,145,67.1,0.8511,4393.7,397.6,3.938,2.16,3.89,0.01,0.01,-663.0,1849.0,368.0,-25939.0,25353,1747,13.5,0.0,10869.0,0,0,0,e1f,d4e,d4a,d4a,d4a,1,1,1,1,1,0,0,0,0,1,1,1,0,0,1,1,1,0,0,1,0,1,0,1,1,0,0,0,1,0,1,0,0,1,0,1,0,1,1,0,0,0,1,0,1,0,0,1,0,1,0,1,1,0,0,0,1,0,1,0,0,1,0,1,0,1,1,0,0
2026,3,29,08:48:47.446,38.54,165,67.1,0.8508,4401.9,405.8,3.939,2.16,3.89,0.01,0.01,-664.0,1850.0,368.0,-25952.0,25390,1754,12.0,0.0,10872.0,0,0,0,e1f,d4e,d4a,d4a,d4e,1,1,1,1,1,0,0,0,0,1,1,1,0,0,1,1,1,0,0,1,0,1,0,1,1,0,0,0,1,0,1,0,0,1,0,1,0,1,1,0,0,0,1,0,1,0,0,1,0,1,0,1,1,0,0,0,1,1,1,0,0,1,0,1,0,1,1,0,0
2026,3,29,08:48:47.466,38.56,185,67.1,0.8508,4402.5,406.5,3.939,2.16,3.89,0.01,0.01,-664.0,1851.0,368.0,-25965.0,25427,1761,11.0,0.0,10875.0,0,0,0,e1f,d4e,d4a,d4a,d4e,1,1,1,1,1,0,0,0,0,1,1,1,0,0,1,1,1,0,0,1,0,1,0,1,1,0,0,0,1,0,1,0,0,1,0,1,0,1,1,0,0,0,1,0,1,0,0,1,0,1,0,1,1,0,0,0,1,1,1,0,0,1,0,1,0,1,1,0,0
2026,3,29,08:48:47.486,38.58,205,67.1,0.8502,4423.4,427.3,3.939,2.16,3.89,0.01,0.01,-664.0,1851.0,368.0,-25979.0,25464,1769,10.6,0.0,10877.0,0,0,0,e1f,d46,d42,d42,d46,1,1,1,1,1,0,0,0,0,1,1,1,0,0,1,1,0,0,0,1,0,1,0,1,1,0,0,0,1,0,0,0,0,1,0,1,0,1,1,0,0,0,1,0,0,0,0,1,0,1,0,1,1,0,0,0,1,1,0,0,0,1,0,1,0,1,1,0,0
2026,3,29,08:48:47.506,38.60,225,67.0,0.8501,4424.6,428.6,3.939,2.16,3.89,0.01,0.01,-665.0,1852.0,368.0,-25992.0,25501,1776,10.6,0.0,10880.0,0,0,0,e1f,d46,d42,d42,d46,1,1,1,1,1,0,0,0,0,1,1,1,0,0,1,1,0,0,0,1,0,1,0,1,1,0,0,0,1,0,0,0,0,1,0,1,0,1,1,0,0,0,1,0,0,0,0,1,0,1,0,1,1,0,0,0,1,1,0,0,0,1,0,1,0,1,1,0,0
2026,3,29,08:48:47.526,38.62,245,67.0,0.8497,4437.2,441.2,3.939,2.16,3.89,0.01,0.01,-665.0,1853.0,369.0,-26005.0,25538,1784,11.1,0.0,10882.0,0,0,0,e1f,d46,d42,d42,d46,1,1,1,1,1,0,0,0,0,1,1,1,0,0,1,1,0,0,0,1,0,1,0,1,1,0,0,0,1,0,0,0,0,1,0,1,0,1,1,0,0,0,1,0,0,0,0,1,0,1,0,1,1,0,0,0,1,1,0,0,0,1,0,1,0,1,1,0,0
2026,3,29,08:48:47.546,38.64,15,67.0,0.8497,4438.5,442.4,3.939,2.17,3.89,0.01,0.01,-665.0,1854.0,369.0,-26019.0,25575,1791,11.9,0.0,10885.0,0,0,0,e1f,d46,d42,d42,d46,1,1,1,1,1,0,0,0,0,1,1,1,0,0,1,1,0,0,0,1,0,1,0,1,1,0,0,0,1,0,0,0,0,1,0,1,0,1,1,0,0,0,1,0,0,0,0,1,0,1,0,1,1,0,0,0,1,1,0,0,0,1,0,1,0,1,1,0,0
2026,3,29,08:48:47.566,38.66,35,67.0,0.8489,4462.5,466.4,3.938,2.17,3.89,0.01,0.01,-665.0,1855.0,369.0,-26032.0,25612,1798,13.0,0.0,10887.0,0,0,0,e1f,d46,d42,d42,d46,1,1,1,1,1,0,0,0,0,1,1,1,0,0,1,1,0,0,0,1,0,1,0,1,1,0,0,0,1,0,0,0,0,1,0,1,0,1,1,0,0,0,1,0,0,0,0,1,0,1,0,1,1,0,0,0,1,1,0,0,0,1,0,1,0,1,1,0,0
2026,3,29,08:48:47.586,38.68,55,67.0,0.8489,4463.8,467.7,3.939,2.17,3.89,0.01,0.01,-666.0,1856.0,369.0,-26045.0,25650,1806,14.2,0.0,10890.0,0,0,0,e1f,d4e,d4a,d4a,d4e,1,1,1,1,1,0,0,0,0,1,1,1,0,0,1,1,1,0,0,1,0,1,0,1,1,0,0,0,1,0,1,0,0,1,0,1,0,1,1,0,0,0,1,0,1,0,0,1,0,1,0,1,1,0,0,0,1,1,1,0,0,1,0,1,0,1,1,0,0
2026,3,29,08:48:47.606,38.70,75,67.0,0.8481,4489.7,493.6,3.939,2.17,3.89,0.01,0.01,-666.0,1857.0,369.0,-26059.0,25687,1813,15.6,0.0,10892.0,0,0,0,e1f,d4e,d4a,d4a,d4e,1,1,1,1,1,0,0,0,0,1,1,1,0,0,1,1,1,0,0,1,0,1,0,1,1,0,0,0,1,0,1,0,0,1,0,1,0,1,1,0,0,0,1,0,1,0,0,1,0,1,0,1,1,0,0,0,1,1,1,0,0,1,0,1,0,1,1,0,0
2026,3,29,08:48:47.626,38.72,95,66.9,0.8480,4491.0,494.9,3.939,2.17,3.89,0.01,0.01,-666.0,1858.0,370.0,-26072.0,25724,1820,17.1,0.0,10895.0,0,0,0,e1f,d4e,d4a,d4a,d4a,1,1,1,1,1,0,0,0,0,1,1,1,0,0,1,1,1,0,0,1,0,1,0,1,1,0,0,0,1,0,1,0,0,1,0,1,0,1,1,0,0,0,1,0,1,0,0,1,0,1,0,1,1,0,0,0,1,0,1,0,0,1,0,1,0,1,1,0,0
2026,3,29,08:48:47.646,38.74,115,66.9,0.8474,4509.9,513.9,3.939,2.17,3.89,0.01,0.01,-666.0,1858.0,370.0,-26085.0,25761,1828,18.7,0.0,10897.0,0,0,0,e1f,d4e,d4a,d4a,d4a,1,1,1,1,1,0,0,0,0,1,1,1,0,0,1,1,1,0,0,1,0,1,0,1,1,0,0,0,1,0,1,0,0,1,0,1,0,1,1,0,0,0,1,0,1,0,0,1,0,1,0,1,1,0,0,0,1,0,1,0,0,1,0,1,0,1,1,0,0
2026,3,29,08:48:47.666,38.76,135,66.9,0.8474,4511.8,515.8,3.940,2.17,3.89,0.01,0.01,-667.0,1859.0,370.0,-26099.0,25798,1835,20.4,0.0,10900.0,0,0,0,e1f,d4e,d4a,d4a,d4a,1,1,1,1,1,0,0,0,0,1,1,1,0,0,1,1,1,0,0,1,0,1,0,1,1,0,0,0,1,0,1,0,0,1,0,1,0,1,1,0,0,0,1,0,1,0,0,1,0,1,0,1,1,0,0,0,1,0,1,0,0,1,0,1,0,1,1,0,0
2026,3,29,08:48:47.686,38.78,155,66.9,0.8464,4541.0,544.9,3.939,2.17,3.89,0.01,0.01,-667.0,1860.0,370.0,-26112.0,25835,1843,22.2,0.0,10902.0,0,0,0,e1f,d4e,d4a,d4a,d4a,1,1,1,1,1,0,0,0,0,1,1,1,0,0,1,1,1,0,0,1,0,1,0,1,1,0,0,0,1,0,1,0,0,1,0,1,0,1,1,0,0,0,1,0,1,0,0,1,0,1,0,1,1,0,0,0,1,0,1,0,0,1,0,1,0,1,1,0,0
2026,3,29,08:48:47.706,38.80,175,66.9,0.8464,4541.6,545.5,3.939,2.17,3.89,0.01,0.01,-667.0,1861.0,370.0,-26125.0,25873,1850,24.1,0.0,10904.0,0,0,0,e1f,d4e,d4a,d4a,d4a,1,1,1,1,1,0,0,0,0,1,1,1,0,0,1,1,1,0,0,1,0,1,0,1,1,0,0,0,1,0,1,0,0,1,0,1,0,1,1,0,0,0,1,0,1,0,0,1,0,1,0,1,1,0,0,0,1,0,1,0,0,1,0,1,0,1,1,0,0
2026,3,29,08:48:47.726,38.82,195,66.9,0.8457,4564.4,568.3,3.940,2.17,3.89,0.01,0.01,-668.0,1861.0,371.0,-26139.0,25910,1858,26.2,0.0,10907.0,0,0,0,e1f,d4e,d4a,d4a,d4a,1,1,1,1,1,0,0,0,0,1,1,1,0,0,1,1,1,0,0,1,0,1,0,1,1,0,0,0,1,0,1,0,0,1,0,1,0,1,1,0,0,0,1,0,1,0,0,1,0,1,0,1,1,0,0,0,1,0,1,0,0,1,0,1,0,1,1,0,0
2026,3,29,08:48:47.746,38.84,215,66.8,0.8457,4565.7,569.6,3.939,2.17,3.89,0.01,0.01,-668.0,1862.0,371.0,-26152.0,25947,1865,28.5,0.0,10909.0,0,0,0,e1f,d4e,d4a,d4a,d4a,1,1,1,1,1,0,0,0,0,1,1,1,0,0,1,1,1,0,0,1,0,1,0,1,1,0,0,0,1,0,1,0,0,1,0,1,0,1,1,0,0,0,1,0,1,0,0,1,0,1,0,1,1,0,0,0,1,0,1,0,0,1,0,1,0,1,1,0,0
2026,3,29,08:48:47.766,38.86,235,66.8,0.8452,4579.0,582.9,3.938,2.17,3.89,0.01,0.01,-669.0,1862.0,371.0,-26165.0,25984,1872,30.9,0.0,10912.0,0,0,0,e1f,d4e,d4a,d4a,d4a,1,1,1,1,1,0,0,0,0,1,1,1,0,0,1,1,1,0,0,1,0,1,0,1,1,0,0,0,1,0,1,0,0,1,0,1,0,1,1,0,0,0,1,0,1,0,0,1,0,1,0,1,1,0,0,0,1,0,1,0,0,1,0,1,0,1,1,0,0
2026,3,29,08:48:47.786,38.88,5,66.8,0.8452,4579.6,583.6,3.939,2.17,3.89,0.01,0.01,-670.0,1863.0,371.0,-26179.0,26022,1880,33.4,0.0,10914.0,0,0,0,e1f,d4e,d4a,d4a,d4a,1,1,1,1,1,0,0,0,0,1,1,1,0,0,1,1,1,0,0,1,0,1,0,1,1,0,0,0,1,0,1,0,0,1,0,1,0,1,1,0,0,0,1,0,1,0,0,1,0,1,0,1,1,0,0,0,1,0,1,0,0,1,0,1,0,1,1,0,0
2026,3,29,08:48:47.806,38.90,25,66.8,0.8444,4606.9,610.8,3.939,2.17,3.89,0.01,0.01,-670.0,1863.0,370.0,-26192.0,26059,1887,36.1,0.0,10917.0,0,0,0,e1f,d4e,d4a,d4a,d4a,1,1,1,1,1,0,0,0,0,1,1,1,0,0,1,1,1,0,0,1,0,1,0,1,1,0,0,0,1,0,1,0,0,1,0,1,0,1,1,0,0,0,1,0,1,0,0,1,0,1,0,1,1,0,0,0,1,0,1,0,0,1,0,1,0,1,1,0,0
2026,3,29,08:48:47.826,38.92,45,66.8,0.8443,4608.2,612.1,3.939,2.17,3.89,0.01,0.01,-671.0,1863.0,370.0,-26206.0,26096,1895,38.9,0.0,10919.0,0,0,0,e1f,d4e,d4a,d4a,d4a,1,1,1,1,1,0,0,0,0,1,1,1,0,0,1,1,1,0,0,1,0,1,0,1,1,0,0,0,1,0,1,0,0,1,0,1,0,1,1,0,0,0,1,0,1,0,0,1,0,1,0,1,1,0,0,0,1,0,1,0,0,1,0,1,0,1,1,0,0
2026,3,29,08:48:47.846,38.94,65,66.8,0.8440,4619.6,623.5,3.939,2.17,3.89,0.01,0.01,-672.0,1864.0,370.0,-26219.0,26133,1902,41.9,0.0,10922.0,0,0,0,e1f,d4e,d4a,d4a,d4a,1,1,1,1,1,0,0,0,0,1,1,1,0,0,1,1,1,0,0,1,0,1,0,1,1,0,0,0,1,0,1,0,0,1,0,1,0,1,1,0,0,0,1,0,1,0,0,1,0,1,0,1,1,0,0,0,1,0,1,0,0,1,0,1,0,1,1,0,0
2026,3,29,08:48:47.866,38.96,85,66.8,0.8440,4619.6,623.5,3.939,2.17,3.89,0.01,0.01,-673.0,1864.0,370.0,-26232.0,26171,1909,45.0,0.0,10924.0,0,0,0,e1f,d4e,d4a,d4a,d4a,1,1,1,1,1,0,0,0,0,1,1,1,0,0,1,1,1,0,0,1,0,1,0,1,1,0,0,0,1,0,1,0,0,1,0,1,0,1,1,0,0,0,1,0,1,0,0,1,0,1,0,1,1,0,0,0,1,0,1,0,0,1,0,1,0,1,1,0,0
2026,3,29,08:48:47.886,38.98,105,66.8,0.8442,4613.3,617.2,3.940,2.17,3.89,0.01,0.01,-674.0,1864.0,370.0,-26246.0,26208,1917,48.3,0.0,10927.0,0,0,0,e1f,d4e,d4a,d4a,d4a,1,1,1,1,1,0,0,0,0,1,1,1,0,0,1,1,1,0,0,1,0,1,0,1,1,0,0,0,1,0,1,0,0,1,0,1,0,1,1,0,0,0,1,0,1,0,0,1,0,1,0,1,1,0,0,0,1,0,1,0,0,1,0,1,0,1,1,0,0
2026,3,29,08:48:47.906,39.00,125,66.8,0.8441,4613.9,617.8,3.939,2.17,3.89,0.01,0.01,-674.0,1865.0,369.0,-26259.0,26245,1924,51.7,0.0,10929.0,0,0,0,e1f,d4e,d4a,d4a,d4a,1,1,1,1,1,0,0,0,0,1,1,1,0,0,1,1,1,0,0,1,0,1,0,1,1,0,0,0,1,0,1,0,0,1,0,1,0,1,1,0,0,0,1,0,1,0,0,1,0,1,0,1,1,0,0,0,1,0,1,0,0,1,0,1,0,1,1,0,0
2026,3,29,08:48:47.926,39.02,145,66.8,0.8439,4621.5,625.4,3.940,2.17,3.89,0.01,0.01,-675.0,1865.0,369.0,-26273.0,26283,1932,55.3,0.0,10932.0,0,0,0,e1f,d4e,d4a,d4a,d4a,1,1,1,1,1,0,0,0,0,1,1,1,0,0,1,1,1,0,0,1,0,1,0,1,1,0,0,0,1,0,1,0,0,1,0,1,0,1,1,0,0,0,1,0,1,0,0,1,0,1,0,1,1,0,0,0,1,0,1,0,0,1,0,1,0,1,1,0,0
2026,3,29,08:48:47.946,39.04,165,66.8,0.8439,4621.5,625.4,3.939,2.17,3.89,0.01,0.01,-676.0,1866.0,369.0,-26286.0,26320,1939,58.9,0.0,10935.0,0,0,0,e1f,d4e,d4a,d4a,d4a,1,1,1,1,1,0,0,0,0,1,1,1,0,0,1,1,1,0,0,1,0,1,0,1,1,0,0,0,1,0,1,0,0,1,0,1,0,1,1,0,0,0,1,0,1,0,0,1,0,1,0,1,1,0,0,0,1,0,1,0,0,1,0,1,0,1,1,0,0
2026,3,29,08:48:47.966,39.06,185,66.8,0.8439,4620.2,624.2,3.939,2.17,3.89,0.01,0.01,-676.0,1866.0,368.0,-26300.0,26357,1946,62.6,0.0,10938.0,0,0,0,e1f,d4e,d4a,d4a,d4a,1,1,1,1,1,0,0,0,0,1,1,1,0,0,1,1,1,0,0,1,0,1,0,1,1,0,0,0,1,0,1,0,0,1,0,1,0,1,1,0,0,0,1,0,1,0,0,1,0,1,0,1,1,0,0,0,1,0,1,0,0,1,0,1,0,1,1,0,0
2026,3,29,08:48:47.986,39.08,205,66.8,0.8440,4619.6,623.5,3.940,2.17,3.89,0.01,0.01,-677.0,1867.0,367.0,-26314.0,26395,1954,66.4,0.0,10942.0,0,0,0,e1f,d4e,d4a,d4a,d4a,1,1,1,1,1,0,0,0,0,1,1,1,0,0,1,1,1,0,0,1,0,1,0,1,1,0,0,0,1,0,1,0,0,1,0,1,0,1,1,0,0,0,1,0,1,0,0,1,0,1,0,1,1,0,0,0,1,0,1,0,0,1,0,1,0,1,1,0,0
2026,3,29,08:48:48.006,39.10,225,66.8,0.8443,4608.2,612.1,3.939,2.17,3.89,0.01,0.01,-677.0,1867.0,367.0,-26327.0,26432,1961,70.3,0.0,10946.0,0,0,0,e1f,d4e,d4a,d4a,d4a,1,1,1,1,1,0,0,0,0,1,1,1,0,0,1,1,1,0,0,1,0,1,0,1,1,0,0,0,1,0,1,0,0,1,0,1,0,1,1,0,0,0,1,0,1,0,0,1,0,1,0,1,1,0,0,0,1,0,1,0,0,1,0,1,0,1,1,0,0
2026,3,29,08:48:48.026,39.12,245,66.8,0.8443,4607.5,611.5,3.940,2.17,3.89,0.01,0.01,-678.0,1868.0,366.0,-26341.0,26469,1969,74.2,0.0,10950.0,0,0,0,e1f,d4e,d4a,d4a,d4a,1,1,1,1,1,0,0,0,0,1,1,1,0,0,1,1,1,0,0,1,0,1,0,1,1,0,0,0,1,0,1,0,0,1,0,1,0,1,1,0,0,0,1,0,1,0,0,1,0,1,0,1,1,0,0,0,1,0,1,0,0,1,0,1,0,1,1,0,0
2026,3,29,08:48:48.046,39.14,15,66.8,0.8450,4586.0,589.9,3.940,2.17,3.89,0.01,0.01,-678.0,1868.0,366.0,-26354.0,26507,1976,78.1,0.0,10954.0,0,0,0,e1f,d4e,d4a,d4a,d4a,1,1,1,1,1,0,0,0,0,1,1,1,0,0,1,1,1,0,0,1,0,1,0,1,1,0,0,0,1,0,1,0,0,1,0,1,0,1,1,0,0,0,1,0,1,0,0,1,0,1,0,1,1,0,0,0,1,0,1,0,0,1,0,1,0,1,1,0,0
2026,3,29,08:48:48.066,39.16,35,66.9,0.8451,4584.1,588.0,3.939,2.17,3.89,0.01,0.01,-678.0,1869.0,365.0,-26368.0,26544,1983,81.9,0.0,10960.0,0,0,0,e1f,d4e,d4a,d4a,d4a,1,1,1,1,1,0,0,0,0,1,1,1,0,0,1,1,1,0,0,1,0,1,0,1,1,0,0,0,1,0,1,0,0,1,0,1,0,1,1,0,0,0,1,0,1,0,0,1,0,1,0,1,1,0,0,0,1,0,1,0,0,1,0,1,0,1,1,0,0
2026,3,29,08:48:48.086,39.18,55,66.9,0.8466,4537.2,541.1,3.939,2.17,3.89,0.01,0.01,-678.0,1869.0,364.0,-26381.0,26581,1990,85.8,0.0,10966.0,0,0,0,e1f,d4e,d4a,d4a,d4a,1,1,1,1,1,0,0,0,0,1,1,1,0,0,1,1,1,0,0,1,0,1,0,1,1,0,0,0,1,0,1,0,0,1,0,1,0,1,1,0,0,0,1,0,1,0,0,1,0,1,0,1,1,0,0,0,1,0,1,0,0,1,0,1,0,1,1,0,0
2026,3,29,08:48:48.106,39.20,75,66.9,0.8466,4535.3,539.2,3.939,2.17,3.89,0.01,0.01,-678.0,1870.0,364.0,-26395.0,26619,1998,89.6,0.0,10972.0,0,0,0,e1f,d4e,d4a,d4a,d4a,1,1,1,1,1,0,0,0,0,1,1,1,0,0,1,1,1,0,0,1,0,1,0,1,1,0,0,0,1,0,1,0,0,1,0,1,0,1,1,0,0,0,1,0,1,0,0,1,0,1,0,1,1,0,0,0,1,0,1,0,0,1,0,1,0,1,1,0,0
2026,3,29,08:48:48.126,39.22,95,66.9,0.8482,4486.5,490.5,3.940,2.17,3.89,0.01,0.01,-678.0,1870.0,363.0,-26409.0,26656,2005,93.3,0.0,10979.0,0,0,0,e1f,d4e,d4a,d4a,d4a,1,1,1,1,1,0,0,0,0,1,1,1,0,0,1,1,1,0,0,1,0,1,0,1,1,0,0,0,1,0,1,0,0,1,0,1,0,1,1,0,0,0,1,0,1,0,0,1,0,1,0,1,1,0,0,0,1,0,1,0,0,1,0,1,0,1,1,0,0
2026,3,29,08:48:48.146,39.24,115,67.0,0.8482,4484.6,488.6,3.939,2.17,3.89,0.01,0.01,-678.0,1871.0,363.0,-26422.0,26694,2012,97.0,0.0,10985.0,0,0,0,e1f,d4a,d4a,d4a,d4a,1,1,1,1,1,0,0,0,0,1,1,1,0,0,1,0,1,0,0,1,0,1,0,1,1,0,0,0,1,0,1,0,0,1,0,1,0,1,1,0,0,0,1,0,1,0,0,1,0,1,0,1,1,0,0,0,1,0,1,0,0,1,0,1,0,1,1,0,0
2026,3,29,08:48:48.166,39.26,135,67.0,0.8496,4442.3,446.2,3.939,2.18,3.89,0.01,0.01,-677.0,1871.0,362.0,-26436.0,26731,2020,100.6,0.0,10991.0,0,0,0,e1f,d4a,d4a,d4a,d4a,1,1,1,1,1,0,0,0,0,1,1,1,0,0,1,0,1,0,0,1,0,1,0,1,1,0,0,0,1,0,1,0,0,1,0,1,0,1,1,0,0,0,1,0,1,0,0,1,0,1,0,1,1,0,0,0,1,0,1,0,0,1,0,1,0,1,1,0,0
2026,3,29,08:48:48.186,39.28,155,67.0,0.8496,4441.0,445.0,3.940,2.18,3.89,0.01,0.01,-677.0,1872.0,362.0,-26449.0,26769,2027,104.2,0.0,10997.0,0,0,0,e1f,d4a,d4a,d4a,d4a,1,1,1,1,1,0,0,0,0,1,1,1,0,0,1,0,1,0,0,1,0,1,0,1,1,0,0,0,1,0,1,0,0,1,0,1,0,1,1,0,0,0,1,0,1,0,0,1,0,1,0,1,1,0,0,0,1,0,1,0,0,1,0,1,0,1,1,0,0
2026,3,29,08:48:48.206,39.30,175,67.0,0.8506,4408.2,412.1,3.940,2.18,3.89,0.01,0.01,-677.0,1872.0,362.0,-26463.0,26806,2034,107.7,0.0,11002.0,0,0,0,e1f,d4a,d4a,d4a,d4a,1,1,1,1,1,0,0,0,0,1,1,1,0,0,1,0,1,0,0,1,0,1,0,1,1,0,0,0,1,0,1,0,0,1,0,1,0,1,1,0,0,0,1,0,1,0,0,1,0,1,0,1,1,0,0,0,1,0,1,0,0,1,0,1,0,1,1,0,0
2026,3,29,08:48:48.226,39.32,195,67.1,0.8506,4408.2,412.1,3.939,2.18,3.89,0.01,0.01,-677.0,1872.0,362.0,-26476.0,26843,2041,111.1,0.0,11006.0,0,0,0,e1f,d4a,d4a,d4a,d4a,1,1,1,1,1,0,0,0,0,1,1,1,0,0,1,0,1,0,0,1,0,1,0,1,1,0,0,0,1,0,1,0,0,1,0,1,0,1,1,0,0,0,1,0,1,0,0,1,0,1,0,1,1,0,0,0,1,0,1,0,0,1,0,1,0,1,1,0,0
2026,3,29,08:48:48.246,39.34,215,67.1,0.8503,4419.6,423.5,3.939,2.18,3.89,0.01,0.01,-676.0,1872.0,362.0,-26490.0,26881,2049,114.4,0.0,11011.0,0,0,0,e1f,d4a,d4a,d4a,d4a,1,1,1,1,1,0,0,0,0,1,1,1,0,0,1,0,1,0,0,1,0,1,0,1,1,0,0,0,1,0,1,0,0,1,0,1,0,1,1,0,0,0,1,0,1,0,0,1,0,1,0,1,1,0,0,0,1,0,1,0,0,1,0,1,0,1,1,0,0
2026,3,29,08:48:48.266,39.36,235,67.1,0.8503,4418.3,422.2,3.939,2.18,3.89,0.01,0.01,-676.0,1873.0,362.0,-26503.0,26918,2056,117.7,0.0,11016.0,0,0,0,e1f,d4a,d4a,d4a,d4a,1,1,1,1,1,0,0,0,0,1,1,1,0,0,1,0,1,0,0,1,0,1,0,1,1,0,0,0,1,0,1,0,0,1,0,1,0,1,1,0,0,0,1,0,1,0,0,1,0,1,0,1,1,0,0,0,1,0,1,0,0,1,0,1,0,1,1,0,0
2026,3,29,08:48:48.286,39.38,5,67.1,0.8510,4397.5,401.4,3.939,2.18,3.89,0.01,0.01,-676.0,1873.0,362.0,-26517.0,26956,2063,120.8,0.0,11020.0,0,0,0,e1f,d4a,d4a,d4a,d4a,1,1,1,1,1,0,0,0,0,1,1,1,0,0,1,0,1,0,0,1,0,1,0,1,1,0,0,0,1,0,1,0,0,1,0,1,0,1,1,0,0,0,1,0,1,0,0,1,0,1,0,1,1,0,0,0,1,0,1,0,0,1,0,1,0,1,1,0,0
2026,3,29,08:48:48.306,39.40,25,67.1,0.8510,4397.5,401.4,3.940,2.18,3.89,0.01,0.01,-675.0,1873.0,362.0,-26530.0,26993,2070,123.8,0.0,11025.0,0,0,0,e1f,d4a,d4a,d4a,d4a,1,1,1,1,1,0,0,0,0,1,1,1,0,0,1,0,1,0,0,1,0,1,0,1,1,0,0,0,1,0,1,0,0,1,0,1,0,1,1,0,0,0,1,0,1,0,0,1,0,1,0,1,1,0,0,0,1,0,1,0,0,1,0,1,0,1,1,0,0
2026,3,29,08:48:48.326,39.42,45,67.1,0.8512,4389.3,393.2,3.939,2.18,3.89,0.01,0.01,-675.0,1874.0,362.0,-26544.0,27031,2078,126.5,0.0,11030.0,0,0,0,e1f,d4a,d4a,d4a,d4a,1,1,1,1,1,0,0,0,0,1,1,1,0,0,1,0,1,0,0,1,0,1,0,1,1,0,0,0,1,0,1,0,0,1,0,1,0,1,1,0,0,0,1,0,1,0,0,1,0,1,0,1,1,0,0,0,1,0,1,0,0,1,0,1,0,1,1,0,0
2026,3,29,08:48:48.346,39.44,65,67.1,0.8512,4389.3,393.2,3.939,2.18,3.89,0.01,0.01,-674.0,1874.0,363.0,-26557.0,27068,2085,129.1,0.0,11035.0,0,0,0,e1f,d4a,d4a,d4a,d4a,1,1,1,1,1,0,0,0,0,1,1,1,0,0,1,0,1,0,0,1,0,1,0,1,1,0,0,0,1,0,1,0,0,1,0,1,0,1,1,0,0,0,1,0,1,0,0,1,0,1,0,1,1,0,0,0,1,0,1,0,0,1,0,1,0,1,1,0,0
2026,3,29,08:48:48.366,39.46,85,67.1,0.8516,4379.2,383.1,3.939,2.18,3.89,0.01,0.01,-674.0,1874.0,363.0,-26571.0,27106,2092,131.5,0.0,11040.0,0,0,0,e1f,d4a,d4a,d4a,d4a,1,1,1,1,1,0,0,0,0,1,1,1,0,0,1,0,1,0,0,1,0,1,0,1,1,0,0,0,1,0,1,0,0,1,0,1,0,1,1,0,0,0,1,0,1,0,0,1,0,1,0,1,1,0,0,0,1,0,1,0,0,1,0,1,0,1,1,0,0
2026,3,29,08:48:48.386,39.48,105,67.1,0.8515,4379.8,383.8,3.939,2.18,3.89,0.01,0.01,-674.0,1874.0,364.0,-26584.0,27143,2099,133.7,0.0,11046.0,0,0,0,e1f,d4a,d4a,d4a,d4a,1,1,1,1,1,0,0,0,0,1,1,1,0,0,1,0,1,0,0,1,0,1,0,1,1,0,0,0,1,0,1,0,0,1,0,1,0,1,1,0,0,0,1,0,1,0,0,1,0,1,0,1,1,0,0,0,1,0,1,0,0,1,0,1,0,1,1,0,0
2026,3,29,08:48:48.406,39.50,125,67.1,0.8521,4362.2,366.1,3.939,2.18,3.89,0.01,0.01,-674.0,1875.0,364.0,-26598.0,27181,2107,135.8,0.0,11052.0,0,0,0,e1f,d4a,d4a,d4a,d4a,1,1,1,1,1,0,0,0,0,1,1,1,0,0,1,0,1,0,0,1,0,1,0,1,1,0,0,0,1,0,1,0,0,1,0,1,0,1,1,0,0,0,1,0,1,0,0,1,0,1,0,1,1,0,0,0,1,0,1,0,0,1,0,1,0,1,1,0,0
2026,3,29,08:48:48.426,39.52,145,67.1,0.8521,4361.6,365.5,3.939,2.18,3.89,0.01,0.01,-674.0,1875.0,365.0,-26611.0,27218,2114,137.7,0.0,11059.0,0,0,0,e1f,d4a,d4a,d4a,d4a,1,1,1,1,1,0,0,0,0,1,1,1,0,0,1,0,1,0,0,1,0,1,0,1,1,0,0,0,1,0,1,0,0,1,0,1,0,1,1,0,0,0,1,0,1,0,0,1,0,1,0,1,1,0,0,0,1,0,1,0,0,1,0,1,0,1,1,0,0
2026,3,29,08:48:48.446,39.54,165,67.1,0.8528,4340.8,344.7,3.940,2.18,3.89,0.01,0.01,-674.0,1875.0,365.0,-26625.0,27256,2121,139.5,0.0,11065.0,0,0,0,e1f,d4a,d4a,d4a,d4a,1,1,1,1,1,0,0,0,0,1,1,1,0,0,1,0,1,0,0,1,0,1,0,1,1,0,0,0,1,0,1,0,0,1,0,1,0,1,1,0,0,0,1,0,1,0,0,1,0,1,0,1,1,0,0,0,1,0,1,0,0,1,0,1,0,1,1,0,0
2026,3,29,08:48:48.466,39.56,185,67.1,0.8528,4340.8,344.7,3.940,2.18,3.89,0.01,0.01,-674.0,1875.0,366.0,-26638.0,27293,2129,141.2,0.0,11071.0,0,0,0,e1f,d4a,d4a,d4a,d4a,1,1,1,1,1,0,0,0,0,1,1,1,0,0,1,0,1,0,0,1,0,1,0,1,1,0,0,0,1,0,1,0,0,1,0,1,0,1,1,0,0,0,1,0,1,0,0,1,0,1,0,1,1,0,0,0,1,0,1,0,0,1,0,1,0,1,1,0,0
2026,3,29,08:48:48.486,39.58,205,67.1,0.8528,4340.8,344.7,3.940,2.18,3.89,0.01,0.01,-674.0,1875.0,366.0,-26652.0,27331,2136,142.7,0.0,11077.0,0,0,0,e1f,d4a,d4a,d4a,d4a,1,1,1,1,1,0,0,0,0,1,1,1,0,0,1,0,1,0,0,1,0,1,0,1,1,0,0,0,1,0,1,0,0,1,0,1,0,1,1,0,0,0,1,0,1,0,0,1,0,1,0,1,1,0,0,0,1,0,1,0,0,1,0,1,0,1,1,0,0
2026,3,29,08:48:48.506,39.60,225,67.1,0.8528,4340.8,344.7,3.940,2.18,3.89,0.01,0.01,-674.0,1875.0,367.0,-26665.0,27368,2143,144.2,0.0,11083.0,0,0,0,e1f,d4a,d4a,d4a,d4a,1,1,1,1,1,0,0,0,0,1,1,1,0,0,1,0,1,0,0,1,0,1,0,1,1,0,0,0,1,0,1,0,0,1,0,1,0,1,1,0,0,0,1,0,1,0,0,1,0,1,0,1,1,0,0,0,1,0,1,0,0,1,0,1,0,1,1,0,0
2026,3,29,08:48:48.526,39.62,245,67.1,0.8537,4313.1,317.0,3.940,2.18,3.89,0.01,0.01,-675.0,1875.0,367.0,-26679.0,27406,2151,145.6,0.0,11088.0,0,0,0,e1f,d4a,d4a,d4a,d4a,1,1,1,1,1,0,0,0,0,1,1,1,0,0,1,0,1,0,0,1,0,1,0,1,1,0,0,0,1,0,1,0,0,1,0,1,0,1,1,0,0,0,1,0,1,0,0,1,0,1,0,1,1,0,0,0,1,0,1,0,0,1,0,1,0,1,1,0,0
2026,3,29,08:48:48.546,39.64,15,67.1,0.8537,4313.1,317.0,3.940,2.18,3.89,0.01,0.01,-675.0,1875.0,367.0,-26692.0,27443,2158,147.0,0.0,11092.0,0,0,0,e1f,d4a,d4a,d4a,d4a,1,1,1,1,1,0,0,0,0,1,1,1,0,0,1,0,1,0,0,1,0,1,0,1,1,0,0,0,1,0,1,0,0,1,0,1,0,1,1,0,0,0,1,0,1,0,0,1,0,1,0,1,1,0,0,0,1,0,1,0,0,1,0,1,0,1,1,0,0
2026,3,29,08:48:48.566,39.66,35,67.1,0.8538,4308.7,312.6,3.939,2.18,3.89,0.01,0.01,-675.0,1876.0,368.0,-26706.0,27481,2165,148.3,0.0,11097.0,0,0,0,e1f,d4a,d4a,d4a,d4a,1,1,1,1,1,0,0,0,0,1,1,1,0,0,1,0,1,0,0,1,0,1,0,1,1,0,0,0,1,0,1,0,0,1,0,1,0,1,1,0,0,0,1,0,1,0,0,1,0,1,0,1,1,0,0,0,1,0,1,0,0,1,0,1,0,1,1,0,0
2026,3,29,08:48:48.586,39.68,55,67.1,0.8538,4308.7,312.6,3.940,2.18,3.89,0.01,0.01,-676.0,1876.0,368.0,-26719.0,27518,2173,149.6,0.0,11101.0,0,0,0,e1f,d4a,d4a,d4a,d4a,1,1,1,1,1,0,0,0,0,1,1,1,0,0,1,0,1,0,0,1,0,1,0,1,1,0,0,0,1,0,1,0,0,1,0,1,0,1,1,0,0,0,1,0,1,0,0,1,0,1,0,1,1,0,0,0,1,0,1,0,0,1,0,1,0,1,1,0,0
2026,3,29,08:48:48.606,39.70,75,67.1,0.8543,4293.6,297.5,3.940,2.18,3.89,0.01,0.01,-676.0,1877.0,368.0,-26733.0,27556,2180,150.9,0.0,11105.0,0,0,0,e1f,d4a,d4a,d4a,d4a,1,1,1,1,1,0,0,0,0,1,1,1,0,0,1,0,1,0,0,1,0,1,0,1,1,0,0,0,1,0,1,0,0,1,0,1,0,1,1,0,0,0,1,0,1,0,0,1,0,1,0,1,1,0,0,0,1,0,1,0,0,1,0,1,0,1,1,0,0
2026,3,29,08:48:48.626,39.72,95,67.1,0.8543,4293.6,297.5,3.940,2.18,3.89,0.01,0.01,-676.0,1877.0,369.0,-26747.0,27593,2187,152.1,0.0,11109.0,0,0,0,e1f,d4a,d4a,d4a,d4a,1,1,1,1,1,0,0,0,0,1,1,1,0,0,1,0,1,0,0,1,0,1,0,1,1,0,0,0,1,0,1,0,0,1,0,1,0,1,1,0,0,0,1,0,1,0,0,1,0,1,0,1,1,0,0,0,1,0,1,0,0,1,0,1,0,1,1,0,0
2026,3,29,08:48:48.646,39.74,115,67.1,0.8542,4296.7,300.7,3.940,2.18,3.89,0.01,0.01,-677.0,1878.0,369.0,-26760.0,27631,2195,153.2,0.0,11114.0,0,0,0,e1f,d4a,d4a,d4a,d4a,1,1,1,1,1,0,0,0,0,1,1,1,0,0,1,0,1,0,0,1,0,1,0,1,1,0,0,0,1,0,1,0,0,1,0,1,0,1,1,0,0,0,1,0,1,0,0,1,0,1,0,1,1,0,0,0,1,0,1,0,0,1,0,1,0,1,1,0,0
2026,3,29,08:48:48.906,39.76,125,67.1,0.8533,4325.7,329.6,3.939,2.19,3.89,0.01,0.01,-682.0,1883.0,372.0,-26937.0,28120,2291,162.4,0.0,11169.0,0,0,0,e1f,d4a,d4a,d4a,d4a,1,1,1,1,1,0,0,0,0,1,1,1,0,0,1,0,1,0,0,1,0,1,0,1,1,0,0,0,1,0,1,0,0,1,0,1,0,1,1,0,0,0,1,0,1,0,0,1,0,1,0,1,1,0,0,0,1,0,1,0,0,1,0,1,0,1,1,0,0
2026,3,29,08:48:48.926,39.78,145,67.1,0.8536,4314.3,318.3,3.940,2.19,3.89,0.01,0.01,-682.0,1884.0,372.0,-26950.0,28158,2299,163.0,0.0,11170.0,0,0,0,e1f,d4a,d4a,d4a,d4a,1,1,1,1,1,0,0,0,0,1,1,1,0,0,1,0,1,0,0,1,0,1,0,1,1,0,0,0,1,0,1,0,0,1,0,1,0,1,1,0,0,0,1,0,1,0,0,1,0,1,0,1,1,0,0,0,1,0,1,0,0,1,0,1,0,1,1,0,0
2026,3,29,08:48:48.946,39.80,165,67.1,0.8536,4314.3,318.3,3.939,2.19,3.89,0.01,0.01,-682.0,1884.0,372.0,-26964.0,28195,2306,163.6,0.0,11170.0,0,0,0,e1f,d4a,d4a,d4a,d4a,1,1,1,1,1,0,0,0,0,1,1,1,0,0,1,0,1,0,0,1,0,1,0,1,1,0,0,0,1,0,1,0,0,1,0,1,0,1,1,0,0,0,1,0,1,0,0,1,0,1,0,1,1,0,0,0,1,0,1,0,0,1,0,1,0,1,1,0,0
2026,3,29,08:48:48.966,39.82,185,67.1,0.8534,4321.3,325.2,3.939,2.19,3.89,0.01,0.01,-682.0,1885.0,372.0,-26978.0,28233,2314,164.1,0.0,11169.0,0,0,0,e1f,d4a,d4a,d4a,d4a,1,1,1,1,1,0,0,0,0,1,1,1,0,0,1,0,1,0,0,1,0,1,0,1,1,0,0,0,1,0,1,0,0,1,0,1,0,1,1,0,0,0,1,0,1,0,0,1,0,1,0,1,1,0,0,0,1,0,1,0,0,1,0,1,0,1,1,0,0
2026,3,29,23:17:04.087,39.84,128,59.0,0.9756,681.4,-3314.7,4.068,1.66,2.38,0.01,0.01,-419.0,-48.0,1420.0,-15669.0,-2483,-12525,144.7,0.0,53.0,0,0,0,eff,cc9,cc9,cc9,cc9,1,1,1,1,1,1,1,1,0,1,1,1,0,1,0,0,1,0,0,1,1,0,0,1,1,0,0,1,0,0,1,0,0,1,1,0,0,1,1,0,0,1,0,0,1,0,0,1,1,0,0,1,1,0,0,1,0,0,1,0,0,1,1,0,0,1,1,0,0
2026,3,29,23:17:04.107,39.86,148,59.0,0.9756,681.4,-3314.7,4.067,1.66,2.38,0.01,0.01,-419.0,-48.0,1421.0,-15677.0,-2484,-12497,144.7,0.0,53.0,0,0,0,eff,cc9,cc9,cc9,cc9,1,1,1,1,1,1,1,1,0,1,1,1,0,1,0,0,1,0,0,1,1,0,0,1,1,0,0,1,0,0,1,0,0,1,1,0,0,1,1,0,0,1,0,0,1,0,0,1,1,0,0,1,1,0,0,1,0,0,1,0,0,1,1,0,0,1,1,0,0
2026,3,29,23:17:04.127,39.88,168,59.0,0.9756,681.4,-3314.7,4.067,1.66,2.38,0.01,0.01,-419.0,-48.0,1421.0,-15686.0,-2485,-12468,144.7,0.0,53.0,0,0,0,eff,cc9,cc9,cc9,cc9,1,1,1,1,1,1,1,1,0,1,1,1,0,1,0,0,1,0,0,1,1,0,0,1,1,0,0,1,0,0,1,0,0,1,1,0,0,1,1,0,0,1,0,0,1,0,0,1,1,0,0,1,1,0,0,1,0,0,1,0,0,1,1,0,0,1,1,0,0
2026,3,29,23:17:04.147,39.90,188,59.0,0.9756,681.4,-3314.7,4.067,1.66,2.38,0.01,0.01,-419.0,-48.0,1422.0,-15694.0,-2486,-12440,144.7,0.0,53.0,0,0,0,eff,cc9,cc9,cc9,cc9,1,1,1,1,1,1,1,1,0,1,1,1,0,1,0,0,1,0,0,1,1,0,0,1,1,0,0,1,0,0,1,0,0,1,1,0,0,1,1,0,0,1,0,0,1,0,0,1,1,0,0,1,1,0,0,1,0,0,1,0,0,1,1,0,0,1,1,0,0
2026,3,29,08:48:44.826,39.92,45,67.1,0.8433,4639.9,643.9,3.939,2.08,3.89,0.01,0.01,-657.0,1800.0,341.0,-24223.0,20600,836,36.4,0.0,10531.0,0,0,0,e1f,d4e,d4a,d4a,d4a,1,1,1,1,1,0,0,0,0,1,1,1,0,0,1,1,1,0,0,1,0,1,0,1,1,0,0,0,1,0,1,0,0,1,0,1,0,1,1,0,0,0,1,0,1,0,0,1,0,1,0,1,1,0,0,0,1,0,1,0,0,1,0,1,0,1,1,0,0
2026,3,29,08:48:44.846,39.94,65,67.1,0.8428,4655.8,659.8,3.939,2.08,3.89,0.01,0.01,-656.0,1800.0,341.0,-24236.0,20636,842,36.9,0.0,10534.0,0,0,0,e1f,d4e,d4a,d4a,d4a,1,1,1,1,1,0,0,0,0,1,1,1,0,0,1,1,1,0,0,1,0,1,0,1,1,0,0,0,1,0,1,0,0,1,0,1,0,1,1,0,0,0,1,0,1,0,0,1,0,1,0,1,1,0,0,0,1,0,1,0,0,1,0,1,0,1,1,0,0
2026,3,29,08:48:44.866,39.96,85,67.0,0.8428,4657.1,661.0,3.940,2.08,3.89,0.01,0.01,-656.0,1800.0,341.0,-24250.0,20672,849,37.2,0.0,10537.0,0,0,0,e1f,d4e,d4a,d4a,d4a,1,1,1,1,1,0,0,0,0,1,1,1,0,0,1,1,1,0,0,1,0,1,0,1,1,0,0,0,1,0,1,0,0,1,0,1,0,1,1,0,0,0,1,0,1,0,0,1,0,1,0,1,1,0,0,0,1,0,1,0,0,1,0,1,0,1,1,0,0
2026,3,29,08:48:44.886,39.98,105,67.0,0.8422,4674.9,678.8,3.939,2.08,3.89,0.01,0.01,-656.0,1800.0,341.0,-24263.0,20708,856,37.3,0.0,10540.0,0,0,0,e1f,d4e,d4a,d4a,d4a,1,1,1,1,1,0,0,0,0,1,1,1,0,0,1,1,1,0,0,1,0,1,0,1,1,0,0,0,1,0,1,0,0,1,0,1,0,1,1,0,0,0,1,0,1,0,0,1,0,1,0,1,1,0,0,0,1,0,1,0,0,1,0,1,0,1,1,0,0
2026,3,29,08:48:44.906,40.00,125,67.0,0.8422,4675.5,679.5,3.939,2.08,3.89,0.01,0.01,-656.0,1800.0,341.0,-24276.0,20744,863,37.2,0.0,10543.0,0,0,0,e1f,d4e,d4a,d4a,d4a,1,1,1,1,1,0,0,0,0,1,1,1,0,0,1,1,1,0,0,1,0,1,0,1,1,0,0,0,1,0,1,0,0,1,0,1,0,1,1,0,0,0,1,0,1,0,0,1,0,1,0,1,1,0,0,0,1,0,1,0,0,1,0,1,0,1,1,0,0
2026,3,29,08:48:44.926,40.02,145,67.0,0.8416,4693.3,697.3,3.939,2.08,3.89,0.01,0.01,-656.0,1800.0,340.0,-24289.0,20780,870,36.8,0.0,10546.0,0,0,0,e1f,d4e,d4a,d4a,d4a,1,1,1,1,1,0,0,0,0,1,1,1,0,0,1,1,1,0,0,1,0,1,0,1,1,0,0,0,1,0,1,0,0,1,0,1,0,1,1,0,0,0,1,0,1,0,0,1,0,1,0,1,1,0,0,0,1,0,1,0,0,1,0,1,0,1,1,0,0
2026,3,29,08:48:44.946,40.04,165,67.0,0.8416,4694.6,698.5,3.939,2.08,3.89,0.01,0.01,-655.0,1800.0,340.0,-24302.0,20816,876,36.3,0.0,10550.0,0,0,0,e1f,d4e,d4a,d4a,d4a,1,1,1,1,1,0,0,0,0,1,1,1,0,0,1,1,1,0,0,1,0,1,0,1,1,0,0,0,1,0,1,0,0,1,0,1,0,1,1,0,0,0,1,0,1,0,0,1,0,1,0,1,1,0,0,0,1,0,1,0,0,1,0,1,0,1,1,0,0
2026,3,29,08:48:44.966,40.06,185,67.0,0.8409,4717.5,721.5,3.939,2.08,3.89,0.01,0.01,-655.0,1800.0,340.0,-24315.0,20852,883,35.5,0.0,10553.0,0,0,0,e1f,d4e,d4a,d4a,d4a,1,1,1,1,1,0,0,0,0,1,1,1,0,0,1,1,1,0,0,1,0,1,0,1,1,0,0,0,1,0,1,0,0,1,0,1,0,1,1,0,0,0,1,0,1,0,0,1,0,1,0,1,1,0,0,0,1,0,1,0,0,1,0,1,0,1,1,0,0
2026,3,29,08:48:44.986,40.08,205,66.9,0.8408,4718.8,722.7,3.939,2.08,3.89,0.01,0.01,-655.0,1800.0,340.0,-24328.0,20888,890,34.7,0.0,10556.0,0,0,0,e1f,d4e,d4a,d4a,d4a,1,1,1,1,1,0,0,0,0,1,1,1,0,0,1,1,1,0,0,1,0,1,0,1,1,0,0,0,1,0,1,0,0,1,0,1,0,1,1,0,0,0,1,0,1,0,0,1,0,1,0,1,1,0,0,0,1,0,1,0,0,1,0,1,0,1,1,0,0
2026,3,29,08:48:45.006,40.10,225,66.9,0.8399,4748.1,752.0,3.938,2.08,3.89,0.01,0.01,-655.0,1801.0,340.0,-24341.0,20924,897,33.6,0.0,10559.0,0,0,0,e1f,d4e,d4a,d4a,d4a,1,1,1,1,1,0,0,0,0,1,1,1,0,0,1,1,1,0,0,1,0,1,0,1,1,0,0,0,1,0,1,0,0,1,0,1,0,1,1,0,0,0,1,0,1,0,0,1,0,1,0,1,1,0,0,0,1,0,1,0,0,1,0,1,0,1,1,0,0
2026,3,29,08:48:45.026,40.12,245,66.9,0.8399,4749.4,753.3,3.938,2.08,3.89,0.01,0.01,-655.0,1801.0,340.0,-24355.0,20960,904,32.5,0.0,10562.0,0,0,0,e1f,d4e,d4a,d4a,d4a,1,1,1,1,1,0,0,0,0,1,1,1,0,0,1,1,1,0,0,1,0,1,0,1,1,0,0,0,1,0,1,0,0,1,0,1,0,1,1,0,0,0,1,0,1,0,0,1,0,1,0,1,1,0,0,0,1,0,1,0,0,1,0,1,0,1,1,0,0
2026,3,29,08:48:45.046,40.14,15,66.9,0.8392,4770.4,774.4,3.939,2.08,3.89,0.01,0.01,-655.0,1801.0,340.0,-24368.0,20996,911,31.4,0.0,10565.0,0,0,0,e1f,d4e,d4a,d4a,d4a,1,1,1,1,1,0,0,0,0,1,1,1,0,0,1,1,1,0,0,1,0,1,0,1,1,0,0,0,1,0,1,0,0,1,0,1,0,1,1,0,0,0,1,0,1,0,0,1,0,1,0,1,1,0,0,0,1,0,1,0,0,1,0,1,0,1,1,0,0
2026,3,29,08:48:45.066,40.16,35,66.9,0.8392,4771.7,775.6,3.939,2.08,3.88,0.01,0.01,-655.0,1802.0,340.0,-24381.0,21032,917,30.3,0.0,10568.0,0,0,0,e1f,d4e,d4a,d4a,d4a,1,1,1,1,1,0,0,0,0,1,1,1,0,0,1,1,1,0,0,1,0,1,0,1,1,0,0,0,1,0,1,0,0,1,0,1,0,1,1,0,0,0,1,0,1,0,0,1,0,1,0,1,1,0,0,0,1,0,1,0,0,1,0,1,0,1,1,0,0
2026,3,29,08:48:45.086,40.18,55,66.9,0.8387,4787.6,791.6,3.939,2.08,3.88,0.01,0.01,-656.0,1802.0,341.0,-24394.0,21068,924,29.3,0.0,10571.0,0,0,0,e1f,d4e,d4a,d4a,d4a,1,1,1,1,1,0,0,0,0,1,1,1,0,0,1,1,1,0,0,1,0,1,0,1,1,0,0,0,1,0,1,0,0,1,0,1,0,1,1,0,0,0,1,0,1,0,0,1,0,1,0,1,1,0,0,0,1,0,1,0,0,1,0,1,0,1,1,0,0
2026,3,29,08:48:45.106,40.20,75,66.8,0.8387,4788.3,792.2,3.939,2.08,3.89,0.01,0.01,-656.0,1803.0,341.0,-24407.0,21104,931,28.5,0.0,10574.0,0,0,0,e1f,d4e,d4a,d4a,d4a,1,1,1,1,1,0,0,0,0,1,1,1,0,0,1,1,1,0,0,1,0,1,0,1,1,0,0,0,1,0,1,0,0,1,0,1,0,1,1,0,0,0,1,0,1,0,0,1,0,1,0,1,1,0,0,0,1,0,1,0,0,1,0,1,0,1,1,0,0
2026,3,29,08:48:45.126,40.22,95,66.8,0.8381,4806.8,810.7,3.939,2.09,3.89,0.01,0.01,-656.0,1803.0,342.0,-24420.0,21140,938,27.8,0.0,10577.0,0,0,0,e1f,d4e,d4a,d4a,d4a,1,1,1,1,1,0,0,0,0,1,1,1,0,0,1,1,1,0,0,1,0,1,0,1,1,0,0,0,1,0,1,0,0,1,0,1,0,1,1,0,0,0,1,0,1,0,0,1,0,1,0,1,1,0,0,0,1,0,1,0,0,1,0,1,0,1,1,0,0
2026,3,29,08:48:45.146,40.24,115,66.8,0.8381,4807.4,811.4,3.939,2.09,3.89,0.01,0.01,-657.0,1804.0,343.0,-24433.0,21176,945,27.3,0.0,10580.0,0,0,0,e1f,d4e,d4a,d4a,d4a,1,1,1,1,1,0,0,0,0,1,1,1,0,0,1,1,1,0,0,1,0,1,0,1,1,0,0,0,1,0,1,0,0,1,0,1,0,1,1,0,0,0,1,0,1,0,0,1,0,1,0,1,1,0,0,0,1,0,1,0,0,1,0,1,0,1,1,0,0
2026,3,29,08:48:45.166,40.26,135,66.8,0.8373,4830.4,834.4,3.940,2.09,3.89,0.01,0.01,-657.0,1804.0,343.0,-24446.0,21212,952,27.0,0.0,10583.0,0,0,0,e1f,d4e,d4a,d4a,d4a,1,1,1,1,1,0,0,0,0,1,1,1,0,0,1,1,1,0,0,1,0,1,0,1,1,0,0,0,1,0,1,0,0,1,0,1,0,1,1,0,0,0,1,0,1,0,0,1,0,1,0,1,1,0,0,0,1,0,1,0,0,1,0,1,0,1,1,0,0
2026,3,29,08:48:45.186,40.28,155,66.8,0.8373,4830.4,834.4,3.939,2.09,3.89,0.01,0.01,-657.0,1804.0,344.0,-24460.0,21248,958,26.9,0.0,10586.0,0,0,0,e1f,d4e,d4a,d4a,d4a,1,1,1,1,1,0,0,0,0,1,1,1,0,0,1,1,1,0,0,1,0,1,0,1,1,0,0,0,1,0,1,0,0,1,0,1,0,1,1,0,0,0,1,0,1,0,0,1,0,1,0,1,1,0,0,0,1,0,1,0,0,1,0,1,0,1,1,0,0
2026,3,29,08:48:45.206,40.30,175,66.8,0.8369,4845.1,849.1,3.939,2.09,3.89,0.01,0.01,-658.0,1805.0,344.0,-24473.0,21284,965,27.0,0.0,10589.0,0,0,0,e1f,d4e,d4a,d4a,d4a,1,1,1,1,1,0,0,0,0,1,1,1,0,0,1,1,1,0,0,1,0,1,0,1,1,0,0,0,1,0,1,0,0,1,0,1,0,1,1,0,0,0,1,0,1,0,0,1,0,1,0,1,1,0,0,0,1,0,1,0,0,1,0,1,0,1,1,0,0
2026,3,29,08:48:45.226,40.32,195,66.8,0.8368,4846.4,850.4,3.939,2.09,3.89,0.01,0.01,-658.0,1805.0,345.0,-24486.0,21320,972,27.2,0.0,10592.0,0,0,0,e1f,d4e,d4a,d4a,d4a,1,1,1,1,1,0,0,0,0,1,1,1,0,0,1,1,1,0,0,1,0,1,0,1,1,0,0,0,1,0,1,0,0,1,0,1,0,1,1,0,0,0,1,0,1,0,0,1,0,1,0,1,1,0,0,0,1,0,1,0,0,1,0,1,0,1,1,0,0
2026,3,29,08:48:45.246,40.34,215,66.8,0.8366,4852.8,856.7,3.939,2.09,3.89,0.01,0.01,-658.0,1805.0,345.0,-24499.0,21356,979,27.7,0.0,10595.0,0,0,0,e1f,d4e,d4a,d4a,d4a,1,1,1,1,1,0,0,0,0,1,1,1,0,0,1,1,1,0,0,1,0,1,0,1,1,0,0,0,1,0,1,0,0,1,0,1,0,1,1,0,0,0,1,0,1,0,0,1,0,1,0,1,1,0,0,0,1,0,1,0,0,1,0,1,0,1,1,0,0
2026,3,29,08:48:45.266,40.36,235,66.8,0.8366,4853.4,857.4,3.940,2.09,3.89,0.01,0.01,-659.0,1806.0,345.0,-24512.0,21393,986,28.3,0.0,10598.0,0,0,0,e1f,d4e,d4a,d4a,d4a,1,1,1,1,1,0,0,0,0,1,1,1,0,0,1,1,1,0,0,1,0,1,0,1,1,0,0,0,1,0,1,0,0,1,0,1,0,1,1,0,0,0,1,0,1,0,0,1,0,1,0,1,1,0,0,0,1,0,1,0,0,1,0,1,0,1,1,0,0
2026,3,29,08:48:45.286,40.38,5,66.8,0.8363,4863.0,867.0,3.940,2.09,3.89,0.01,0.01,-659.0,1806.0,346.0,-24525.0,21429,993,29.1,0.0,10602.0,0,0,0,e1f,d4e,d4a,d4a,d4a,1,1,1,1,1,0,0,0,0,1,1,1,0,0,1,1,1,0,0,1,0,1,0,1,1,0,0,0,1,0,1,0,0,1,0,1,0,1,1,0,0,0,1,0,1,0,0,1,0,1,0,1,1,0,0,0,1,0,1,0,0,1,0,1,0,1,1,0,0
2026,3,29,08:48:45.306,40.40,25,66.8,0.8363,4863.7,867.6,3.939,2.09,3.89,0.01,0.01,-659.0,1806.0,346.0,-24539.0,21465,1000,29.9,0.0,10605.0,0,0,0,e1f,d4e,d4a,d4a,d4a,1,1,1,1,1,0,0,0,0,1,1,1,0,0,1,1,1,0,0,1,0,1,0,1,1,0,0,0,1,0,1,0,0,1,0,1,0,1,1,0,0,0,1,0,1,0,0,1,0,1,0,1,1,0,0,0,1,0,1,0,0,1,0,1,0,1,1,0,0
2026,3,29,08:48:45.326,40.42,45,66.8,0.8364,4860.5,864.4,3.939,2.09,3.89,0.01,0.01,-659.0,1807.0,346.0,-24552.0,21501,1007,30.8,0.0,10608.0,0,0,0,e1f,d4e,d4a,d4a,d4a,1,1,1,1,1,0,0,0,0,1,1,1,0,0,1,1,1,0,0,1,0,1,0,1,1,0,0,0,1,0,1,0,0,1,0,1,0,1,1,0,0,0,1,0,1,0,0,1,0,1,0,1,1,0,0,0,1,0,1,0,0,1,0,1,0,1,1,0,0
2026,3,29,08:48:45.346,40.44,65,66.8,0.8364,4859.8,863.8,3.940,2.09,3.89,0.01,0.01,-659.0,1807.0,346.0,-24565.0,21537,1014,31.8,0.0,10611.0,0,0,0,e1f,d4e,d4a,d4a,d4a,1,1,1,1,1,0,0,0,0,1,1,1,0,0,1,1,1,0,0,1,0,1,0,1,1,0,0,0,1,0,1,0,0,1,0,1,0,1,1,0,0,0,1,0,1,0,0,1,0,1,0,1,1,0,0,0,1,0,1,0,0,1,0,1,0,1,1,0,0
2026,3,29,08:48:45.366,40.46,85,66.8,0.8365,4858.6,862.5,3.939,2.09,3.89,0.01,0.01,-659.0,1808.0,345.0,-24578.0,21573,1021,32.8,0.0,10614.0,0,0,0,e1f,d4e,d4a,d4a,d4a,1,1,1,1,1,0,0,0,0,1,1,1,0,0,1,1,1,0,0,1,0,1,0,1,1,0,0,0,1,0,1,0,0,1,0,1,0,1,1,0,0,0,1,0,1,0,0,1,0,1,0,1,1,0,0,0,1,0,1,0,0,1,0,1,0,1,1,0,0
2026,3,29,08:48:45.386,40.48,105,66.8,0.8365,4858.6,862.5,3.939,2.09,3.89,0.01,0.01,-659.0,1808.0,345.0,-24591.0,21610,1028,33.7,0.0,10617.0,0,0,0,e1f,d4e,d4a,d4a,d4a,1,1,1,1,1,0,0,0,0,1,1,1,0,0,1,1,1,0,0,1,0,1,0,1,1,0,0,0,1,0,1,0,0,1,0,1,0,1,1,0,0,0,1,0,1,0,0,1,0,1,0,1,1,0,0,0,1,0,1,0,0,1,0,1,0,1,1,0,0
2026,3,29,08:48:45.406,40.50,125,66.8,0.8366,4854.7,858.7,3.939,2.09,3.89,0.01,0.01,-659.0,1809.0,345.0,-24605.0,21646,1034,34.7,0.0,10620.0,0,0,0,e1f,d4e,d4a,d4a,d4a,1,1,1,1,1,0,0,0,0,1,1,1,0,0,1,1,1,0,0,1,0,1,0,1,1,0,0,0,1,0,1,0,0,1,0,1,0,1,1,0,0,0,1,0,1,0,0,1,0,1,0,1,1,0,0,0,1,0,1,0,0,1,0,1,0,1,1,0,0
2026,3,29,08:48:45.426,40.52,145,66.8,0.8366,4854.1,858.0,3.939,2.09,3.89,0.01,0.01,-659.0,1809.0,345.0,-24618.0,21682,1041,35.5,0.0,10622.0,0,0,0,e1f,d4e,d4a,d4a,d4a,1,1,1,1,1,0,0,0,0,1,1,1,0,0,1,1,1,0,0,1,0,1,0,1,1,0,0,0,1,0,1,0,0,1,0,1,0,1,1,0,0,0,1,0,1,0,0,1,0,1,0,1,1,0,0,0,1,0,1,0,0,1,0,1,0,1,1,0,0
2026,3,29,08:48:45.446,40.54,165,66.8,0.8371,4839.4,843.3,3.939,2.09,3.89,0.01,0.01,-659.0,1810.0,344.0,-24631.0,21718,1048,36.3,0.0,10625.0,0,0,0,e1f,d4e,d4a,d4a,d4a,1,1,1,1,1,0,0,0,0,1,1,1,0,0,1,1,1,0,0,1,0,1,0,1,1,0,0,0,1,0,1,0,0,1,0,1,0,1,1,0,0,0,1,0,1,0,0,1,0,1,0,1,1,0,0,0,1,0,1,0,0,1,0,1,0,1,1,0,0
2026,3,29,08:48:45.466,40.56,185,66.8,0.8371,4838.7,842.7,3.940,2.09,3.89,0.01,0.01,-658.0,1810.0,344.0,-24644.0,21754,1055,37.0,0.0,10627.0,0,0,0,e1f,d4e,d4a,d4a,d4a,1,1,1,1,1,0,0,0,0,1,1,1,0,0,1,1,1,0,0,1,0,1,0,1,1,0,0,0,1,0,1,0,0,1,0,1,0,1,1,0,0,0,1,0,1,0,0,1,0,1,0,1,1,0,0,0,1,0,1,0,0,1,0,1,0,1,1,0,0
2026,3,29,08:48:45.486,40.58,205,66.8,0.8371,4838.7,842.7,3.939,2.09,3.89,0.01,0.01,-658.0,1811.0,343.0,-24657.0,21790,1062,37.6,0.0,10629.0,0,0,0,e1f,d4e,d4a,d4a,d4a,1,1,1,1,1,0,0,0,0,1,1,1,0,0,1,1,1,0,0,1,0,1,0,1,1,0,0,0,1,0,1,0,0,1,0,1,0,1,1,0,0,0,1,0,1,0,0,1,0,1,0,1,1,0,0,0,1,0,1,0,0,1,0,1,0,1,1,0,0
2026,3,29,08:48:45.506,40.60,225,66.8,0.8371,4838.1,842.0,3.940,2.09,3.89,0.01,0.01,-658.0,1811.0,343.0,-24670.0,21827,1069,38.0,0.0,10631.0,0,0,0,e1f,d4e,d4a,d4a,d4a,1,1,1,1,1,0,0,0,0,1,1,1,0,0,1,1,1,0,0,1,0,1,0,1,1,0,0,0,1,0,1,0,0,1,0,1,0,1,1,0,0,0,1,0,1,0,0,1,0,1,0,1,1,0,0,0,1,0,1,0,0,1,0,1,0,1,1,0,0
2026,3,29,08:48:45.526,40.62,245,66.8,0.8376,4823.4,827.3,3.939,2.09,3.89,0.01,0.01,-658.0,1812.0,343.0,-24684.0,21863,1076,38.4,0.0,10633.0,0,0,0,e1f,d4e,d4a,d4a,d4a,1,1,1,1,1,0,0,0,0,1,1,1,0,0,1,1,1,0,0,1,0,1,0,1,1,0,0,0,1,0,1,0,0,1,0,1,0,1,1,0,0,0,1,0,1,0,0,1,0,1,0,1,1,0,0,0,1,0,1,0,0,1,0,1,0,1,1,0,0
2026,3,29,08:48:45.546,40.64,15,66.9,0.8376,4822.1,826.1,3.940,2.09,3.89,0.01,0.01,-658.0,1812.0,343.0,-24697.0,21899,1083,38.6,0.0,10635.0,0,0,0,e1f,d4e,d4a,d4a,d4a,1,1,1,1,1,0,0,0,0,1,1,1,0,0,1,1,1,0,0,1,0,1,0,1,1,0,0,0,1,0,1,0,0,1,0,1,0,1,1,0,0,0,1,0,1,0,0,1,0,1,0,1,1,0,0,0,1,0,1,0,0,1,0,1,0,1,1,0,0
2026,3,29,08:48:45.566,40.66,35,66.9,0.8381,4806.2,810.1,3.939,2.09,3.89,0.01,0.01,-657.0,1813.0,342.0,-24710.0,21935,1090,38.8,0.0,10637.0,0,0,0,e1f,d4e,d4a,d4a,d4a,1,1,1,1,1,0,0,0,0,1,1,1,0,0,1,1,1,0,0,1,0,1,0,1,1,0,0,0,1,0,1,0,0,1,0,1,0,1,1,0,0,0,1,0,1,0,0,1,0,1,0,1,1,0,0,0,1,0,1,0,0,1,0,1,0,1,1,0,0
2026,3,29,08:48:45.586,40.68,55,66.9,0.8381,4804.9,808.8,3.939,2.09,3.89,0.01,0.01,-657.0,1814.0,342.0,-24723.0,21972,1096,38.8,0.0,10639.0,0,0,0,e1f,d4e,d4a,d4a,d4a,1,1,1,1,1,0,0,0,0,1,1,1,0,0,1,1,1,0,0,1,0,1,0,1,1,0,0,0,1,0,1,0,0,1,0,1,0,1,1,0,0,0,1,0,1,0,0,1,0,1,0,1,1,0,0,0,1,0,1,0,0,1,0,1,0,1,1,0,0
2026,3,29,08:48:45.606,40.70,75,66.9,0.8387,4787.0,791.0,3.940,2.09,3.89,0.01,0.01,-657.0,1815.0,342.0,-24736.0,22008,1103,38.6,0.0,10641.0,0,0,0,e1f,d4e,d4a,d4a,d4a,1,1,1,1,1,0,0,0,0,1,1,1,0,0,1,1,1,0,0,1,0,1,0,1,1,0,0,0,1,0,1,0,0,1,0,1,0,1,1,0,0,0,1,0,1,0,0,1,0,1,0,1,1,0,0,0,1,0,1,0,0,1,0,1,0,1,1,0,0
2026,3,29,08:48:45.626,40.72,95,66.9,0.8387,4785.7,789.7,3.939,2.09,3.89,0.01,0.01,-657.0,1816.0,342.0,-24749.0,22044,1110,38.4,0.0,10644.0,0,0,0,e1f,d4e,d4a,d4a,d4a,1,1,1,1,1,0,0,0,0,1,1,1,0,0,1,1,1,0,0,1,0,1,0,1,1,0,0,0,1,0,1,0,0,1,0,1,0,1,1,0,0,0,1,0,1,0,0,1,0,1,0,1,1,0,0,0,1,0,1,0,0,1,0,1,0,1,1,0,0
2026,3,29,08:48:45.646,40.74,115,66.9,0.8398,4753.2,757.1,3.939,2.09,3.89,0.01,0.01,-656.0,1816.0,342.0,-24763.0,22081,1117,37.9,0.0,10646.0,0,0,0,e1f,d4e,d4a,d4a,d4a,1,1,1,1,1,0,0,0,0,1,1,1,0,0,1,1,1,0,0,1,0,1,0,1,1,0,0,0,1,0,1,0,0,1,0,1,0,1,1,0,0,0,1,0,1,0,0,1,0,1,0,1,1,0,0,0,1,0,1,0,0,1,0,1,0,1,1,0,0
2026,3,29,08:48:45.666,40.76,135,67.0,0.8398,4752.6,756.5,3.939,2.09,3.89,0.01,0.01,-656.0,1817.0,342.0,-24776.0,22117,1124,37.4,0.0,10648.0,0,0,0,e1f,d4e,d4a,d4a,d4a,1,1,1,1,1,0,0,0,0,1,1,1,0,0,1,1,1,0,0,1,0,1,0,1,1,0,0,0,1,0,1,0,0,1,0,1,0,1,1,0,0,0,1,0,1,0,0,1,0,1,0,1,1,0,0,0,1,0,1,0,0,1,0,1,0,1,1,0,0
2026,3,29,08:48:45.686,40.78,155,67.0,0.8405,4730.9,734.8,3.940,2.10,3.89,0.01,0.01,-656.0,1818.0,342.0,-24789.0,22153,1131,36.7,0.0,10650.0,0,0,0,e1f,d4e,d4a,d4a,d4a,1,1,1,1,1,0,0,0,0,1,1,1,0,0,1,1,1,0,0,1,0,1,0,1,1,0,0,0,1,0,1,0,0,1,0,1,0,1,1,0,0,0,1,0,1,0,0,1,0,1,0,1,1,0,0,0,1,0,1,0,0,1,0,1,0,1,1,0,0
2026,3,29,08:48:45.706,40.80,175,67.0,0.8405,4730.3,734.2,3.939,2.10,3.89,0.01,0.01,-656.0,1819.0,342.0,-24802.0,22190,1138,35.9,0.0,10651.0,0,0,0,e1f,d4e,d4a,d4a,d4a,1,1,1,1,1,0,0,0,0,1,1,1,0,0,1,1,1,0,0,1,0,1,0,1,1,0,0,0,1,0,1,0,0,1,0,1,0,1,1,0,0,0,1,0,1,0,0,1,0,1,0,1,1,0,0,0,1,0,1,0,0,1,0,1,0,1,1,0,0
2026,3,29,08:48:45.726,40.82,195,67.0,0.8410,4712.4,716.4,3.940,2.10,3.89,0.01,0.01,-656.0,1820.0,343.0,-24815.0,22226,1144,35.1,0.0,10653.0,0,0,0,e1f,d4e,d4a,d4a,d4a,1,1,1,1,1,0,0,0,0,1,1,1,0,0,1,1,1,0,0,1,0,1,0,1,1,0,0,0,1,0,1,0,0,1,0,1,0,1,1,0,0,0,1,0,1,0,0,1,0,1,0,1,1,0,0,0,1,0,1,0,0,1,0,1,0,1,1,0,0
2026,3,29,08:48:45.746,40.84,215,67.0,0.8411,4711.8,715.7,3.940,2.10,3.89,0.01,0.01,-656.0,1821.0,343.0,-24828.0,22263,1151,34.2,0.0,10654.0,0,0,0,e1f,d4e,d4a,d4a,d4a,1,1,1,1,1,0,0,0,0,1,1,1,0,0,1,1,1,0,0,1,0,1,0,1,1,0,0,0,1,0,1,0,0,1,0,1,0,1,1,0,0,0,1,0,1,0,0,1,0,1,0,1,1,0,0,0,1,0,1,0,0,1,0,1,0,1,1,0,0
2026,3,29,08:48:45.766,40.86,235,67.0,0.8413,4704.2,708.1,3.939,2.10,3.89,0.01,0.01,-656.0,1822.0,344.0,-24841.0,22299,1158,33.2,0.0,10655.0,0,0,0,e1f,d4e,d4a,d4a,d4a,1,1,1,1,1,0,0,0,0,1,1,1,0,0,1,1,1,0,0,1,0,1,0,1,1,0,0,0,1,0,1,0,0,1,0,1,0,1,1,0,0,0,1,0,1,0,0,1,0,1,0,1,1,0,0,0,1,0,1,0,0,1,0,1,0,1,1,0,0
2026,3,29,08:48:45.786,40.88,5,67.0,0.8413,4702.9,706.8,3.940,2.10,3.89,0.01,0.01,-656.0,1823.0,344.0,-24854.0,22335,1165,32.3,0.0,10656.0,0,0,0,e1f,d4e,d4a,d4a,d4a,1,1,1,1,1,0,0,0,0,1,1,1,0,0,1,1,1,0,0,1,0,1,0,1,1,0,0,0,1,0,1,0,0,1,0,1,0,1,1,0,0,0,1,0,1,0,0,1,0,1,0,1,1,0,0,0,1,0,1,0,0,1,0,1,0,1,1,0,0
2026,3,29,08:48:45.806,40.90,25,67.0,0.8416,4693.3,697.3,3.939,2.10,3.89,0.01,0.01,-656.0,1824.0,345.0,-24868.0,22372,1172,31.3,0.0,10656.0,0,0,0,e1f,d4e,d4a,d4a,d4a,1,1,1,1,1,0,0,0,0,1,1,1,0,0,1,1,1,0,0,1,0,1,0,1,1,0,0,0,1,0,1,0,0,1,0,1,0,1,1,0,0,0,1,0,1,0,0,1,0,1,0,1,1,0,0,0,1,0,1,0,0,1,0,1,0,1,1,0,0
2026,3,29,08:48:45.826,40.92,45,67.0,0.8416,4693.3,697.3,3.938,2.10,3.89,0.01,0.01,-656.0,1824.0,346.0,-24881.0,22408,1179,30.3,0.0,10657.0,0,0,0,e1f,d4e,d4a,d4a,d4a,1,1,1,1,1,0,0,0,0,1,1,1,0,0,1,1,1,0,0,1,0,1,0,1,1,0,0,0,1,0,1,0,0,1,0,1,0,1,1,0,0,0,1,0,1,0,0,1,0,1,0,1,1,0,0,0,1,0,1,0,0,1,0,1,0,1,1,0,0
2026,3,29,08:48:45.846,40.94,65,67.0,0.8418,4688.2,692.2,3.939,2.10,3.89,0.01,0.01,-656.0,1825.0,347.0,-24894.0,22445,1186,29.3,0.0,10658.0,0,0,0,e1f,d4e,d4a,d4a,d4a,1,1,1,1,1,0,0,0,0,1,1,1,0,0,1,1,1,0,0,1,0,1,0,1,1,0,0,0,1,0,1,0,0,1,0,1,0,1,1,0,0,0,1,0,1,0,0,1,0,1,0,1,1,0,0,0,1,0,1,0,0,1,0,1,0,1,1,0,0
2026,3,29,08:48:45.866,40.96,85,67.0,0.8418,4688.9,692.8,3.939,2.10,3.89,0.01,0.01,-657.0,1826.0,348.0,-24907.0,22481,1193,28.3,0.0,10658.0,0,0,0,e1f,d4e,d4a,d4a,d4a,1,1,1,1,1,0,0,0,0,1,1,1,0,0,1,1,1,0,0,1,0,1,0,1,1,0,0,0,1,0,1,0,0,1,0,1,0,1,1,0,0,0,1,0,1,0,0,1,0,1,0,1,1,0,0,0,1,0,1,0,0,1,0,1,0,1,1,0,0
2026,3,29,08:48:45.886,40.98,105,67.0,0.8419,4683.8,687.7,3.939,2.10,3.89,0.01,0.01,-657.0,1827.0,348.0,-24920.0,22518,1200,27.4,0.0,10658.0,0,0,0,e1f,d4e,d4a,d4a,d4a,1,1,1,1,1,0,0,0,0,1,1,1,0,0,1,1,1,0,0,1,0,1,0,1,1,0,0,0,1,0,1,0,0,1,0,1,0,1,1,0,0,0,1,0,1,0,0,1,0,1,0,1,1,0,0,0,1,0,1,0,0,1,0,1,0,1,1,0,0
2026,3,29,08:48:45.906,41.00,125,67.0,0.8419,4683.8,687.7,3.939,2.10,3.89,0.01,0.01,-657.0,1828.0,349.0,-24933.0,22555,1207,26.5,0.0,10659.0,0,0,0,e1f,d4e,d4a,d4a,d4a,1,1,1,1,1,0,0,0,0,1,1,1,0,0,1,1,1,0,0,1,0,1,0,1,1,0,0,0,1,0,1,0,0,1,0,1,0,1,1,0,0,0,1,0,1,0,0,1,0,1,0,1,1,0,0,0,1,0,1,0,0,1,0,1,0,1,1,0,0
2026,3,29,08:48:45.926,41.02,145,67.0,0.8421,4677.4,681.4,3.940,2.10,3.89,0.01,0.01,-657.0,1828.0,350.0,-24946.0,22591,1214,25.6,0.0,10659.0,0,0,0,e1f,d4e,d4a,d4a,d4a,1,1,1,1,1,0,0,0,0,1,1,1,0,0,1,1,1,0,0,1,0,1,0,1,1,0,0,0,1,0,1,0,0,1,0,1,0,1,1,0,0,0,1,0,1,0,0,1,0,1,0,1,1,0,0,0,1,0,1,0,0,1,0,1,0,1,1,0,0
2026,3,29,08:48:45.946,41.04,165,67.0,0.8421,4678.1,682.0,3.940,2.10,3.89,0.01,0.01,-658.0,1829.0,351.0,-24960.0,22628,1221,24.9,0.0,10659.0,0,0,0,e1f,d4e,d4a,d4a,d4a,1,1,1,1,1,0,0,0,0,1,1,1,0,0,1,1,1,0,0,1,0,1,0,1,1,0,0,0,1,0,1,0,0,1,0,1,0,1,1,0,0,0,1,0,1,0,0,1,0,1,0,1,1,0,0,0,1,0,1,0,0,1,0,1,0,1,1,0,0
2026,3,29,08:48:45.966,41.06,185,67.0,0.8421,4678.1,682.0,3.938,2.10,3.89,0.01,0.01,-658.0,1829.0,351.0,-24973.0,22664,1228,24.2,0.0,10659.0,0,0,0,e1f,d4e,d4a,d4a,d4a,1,1,1,1,1,0,0,0,0,1,1,1,0,0,1,1,1,0,0,1,0,1,0,1,1,0,0,0,1,0,1,0,0,1,0,1,0,1,1,0,0,0,1,0,1,0,0,1,0,1,0,1,1,0,0,0,1,0,1,0,0,1,0,1,0,1,1,0,0
2026,3,29,08:48:45.986,41.08,205,67.0,0.8421,4678.7,682.6,3.939,2.10,3.89,0.01,0.01,-658.0,1830.0,352.0,-24986.0,22701,1235,23.7,0.0,10659.0,0,0,0,e1f,d4e,d4a,d4a,d4a,1,1,1,1,1,0,0,0,0,1,1,1,0,0,1,1,1,0,0,1,0,1,0,1,1,0,0,0,1,0,1,0,0,1,0,1,0,1,1,0,0,0,1,0,1,0,0,1,0,1,0,1,1,0,0,0,1,0,1,0,0,1,0,1,0,1,1,0,0
2026,3,29,08:48:46.006,41.10,225,67.0,0.8422,4675.5,679.5,3.940,2.10,3.89,0.01,0.01,-659.0,1831.0,352.0,-24999.0,22738,1242,23.3,0.0,10659.0,0,0,0,e1f,d4e,d4a,d4a,d4a,1,1,1,1,1,0,0,0,0,1,1,1,0,0,1,1,1,0,0,1,0,1,0,1,1,0,0,0,1,0,1,0,0,1,0,1,0,1,1,0,0,0,1,0,1,0,0,1,0,1,0,1,1,0,0,0,1,0,1,0,0,1,0,1,0,1,1,0,0
2026,3,29,08:48:46.026,41.12,245,67.0,0.8422,4675.5,679.5,3.939,2.10,3.89,0.01,0.01,-659.0,1831.0,353.0,-25012.0,22774,1249,23.0,0.0,10660.0,0,0,0,e1f,d4e,d4a,d4a,d4a,1,1,1,1,1,0,0,0,0,1,1,1,0,0,1,1,1,0,0,1,0,1,0,1,1,0,0,0,1,0,1,0,0,1,0,1,0,1,1,0,0,0,1,0,1,0,0,1,0,1,0,1,1,0,0,0,1,0,1,0,0,1,0,1,0,1,1,0,0
2026,3,29,08:48:46.046,41.14,15,67.0,0.8421,4678.7,682.6,3.939,2.10,3.89,0.01,0.01,-659.0,1832.0,353.0,-25025.0,22811,1256,22.8,0.0,10660.0,0,0,0,e1f,d4e,d4a,d4a,d4a,1,1,1,1,1,0,0,0,0,1,1,1,0,0,1,1,1,0,0,1,0,1,0,1,1,0,0,0,1,0,1,0,0,1,0,1,0,1,1,0,0,0,1,0,1,0,0,1,0,1,0,1,1,0,0,0,1,0,1,0,0,1,0,1,0,1,1,0,0
2026,3,29,08:48:46.066,41.16,35,66.9,0.8421,4679.3,683.3,3.940,2.10,3.89,0.01,0.01,-660.0,1833.0,353.0,-25039.0,22847,1263,22.8,0.0,10660.0,0,0,0,e1f,d4e,d4a,d4a,d4a,1,1,1,1,1,0,0,0,0,1,1,1,0,0,1,1,1,0,0,1,0,1,0,1,1,0,0,0,1,0,1,0,0,1,0,1,0,1,1,0,0,0,1,0,1,0,0,1,0,1,0,1,1,0,0,0,1,0,1,0,0,1,0,1,0,1,1,0,0
2026,3,29,08:48:46.086,41.18,55,66.9,0.8418,4688.9,692.8,3.939,2.10,3.89,0.01,0.01,-660.0,1833.0,353.0,-25052.0,22884,1270,22.9,0.0,10661.0,0,0,0,e1f,d4e,d4a,d4a,d4a,1,1,1,1,1,0,0,0,0,1,1,1,0,0,1,1,1,0,0,1,0,1,0,1,1,0,0,0,1,0,1,0,0,1,0,1,0,1,1,0,0,0,1,0,1,0,0,1,0,1,0,1,1,0,0,0,1,0,1,0,0,1,0,1,0,1,1,0,0
2026,3,29,08:48:46.106,41.20,75,66.9,0.8417,4690.2,694.1,3.939,2.10,3.89,0.01,0.01,-660.0,1834.0,354.0,-25065.0,22921,1277,23.1,0.0,10661.0,0,0,0,e1f,d4e,d4a,d4a,d4a,1,1,1,1,1,0,0,0,0,1,1,1,0,0,1,1,1,0,0,1,0,1,0,1,1,0,0,0,1,0,1,0,0,1,0,1,0,1,1,0,0,0,1,0,1,0,0,1,0,1,0,1,1,0,0,0,1,0,1,0,0,1,0,1,0,1,1,0,0
2026,3,29,08:48:46.126,41.22,95,66.9,0.8418,4687.0,690.9,3.940,2.10,3.89,0.01,0.01,-661.0,1835.0,354.0,-25078.0,22958,1284,23.4,0.0,10662.0,0,0,0,e1f,d4e,d4a,d4a,d4a,1,1,1,1,1,0,0,0,0,1,1,1,0,0,1,1,1,0,0,1,0,1,0,1,1,0,0,0,1,0,1,0,0,1,0,1,0,1,1,0,0,0,1,0,1,0,0,1,0,1,0,1,1,0,0,0,1,0,1,0,0,1,0,1,0,1,1,0,0
2026,3,29,08:48:46.146,41.24,115,66.9,0.8418,4687.6,691.5,3.940,2.10,3.89,0.01,0.01,-661.0,1835.0,354.0,-25092.0,22994,1291,23.9,0.0,10663.0,0,0,0,e1f,d4e,d4a,d4a,d4a,1,1,1,1,1,0,0,0,0,1,1,1,0,0,1,1,1,0,0,1,0,1,0,1,1,0,0,0,1,0,1,0,0,1,0,1,0,1,1,0,0,0,1,0,1,0,0,1,0,1,0,1,1,0,0,0,1,0,1,0,0,1,0,1,0,1,1,0,0
2026,3,29,08:48:46.166,41.26,135,66.9,0.8418,4688.9,692.8,3.939,2.10,3.89,0.01,0.01,-661.0,1836.0,354.0,-25105.0,23031,1298,24.4,0.0,10664.0,0,0,0,e1f,d4e,d4a,d4a,d4a,1,1,1,1,1,0,0,0,0,1,1,1,0,0,1,1,1,0,0,1,0,1,0,1,1,0,0,0,1,0,1,0,0,1,0,1,0,1,1,0,0,0,1,0,1,0,0,1,0,1,0,1,1,0,0,0,1,0,1,0,0,1,0,1,0,1,1,0,0
2026,3,29,08:48:46.186,41.28,155,66.9,0.8418,4688.9,692.8,3.939,2.10,3.89,0.01,0.01,-662.0,1837.0,354.0,-25118.0,23068,1306,25.1,0.0,10666.0,0,0,0,e1f,d4e,d4a,d4a,d4a,1,1,1,1,1,0,0,0,0,1,1,1,0,0,1,1,1,0,0,1,0,1,0,1,1,0,0,0,1,0,1,0,0,1,0,1,0,1,1,0,0,0,1,0,1,0,0,1,0,1,0,1,1,0,0,0,1,0,1,0,0,1,0,1,0,1,1,0,0
2026,3,29,08:48:46.206,41.30,175,66.9,0.8419,4685.7,689.6,3.939,2.10,3.89,0.01,0.01,-662.0,1838.0,354.0,-25131.0,23104,1313,25.9,0.0,10667.0,0,0,0,e1f,d4e,d4a,d4a,d4a,1,1,1,1,1,0,0,0,0,1,1,1,0,0,1,1,1,0,0,1,0,1,0,1,1,0,0,0,1,0,1,0,0,1,0,1,0,1,1,0,0,0,1,0,1,0,0,1,0,1,0,1,1,0,0,0,1,0,1,0,0,1,0,1,0,1,1,0,0
2026,3,29,08:48:46.226,41.32,195,66.9,0.8419,4685.7,689.6,3.940,2.10,3.89,0.01,0.01,-662.0,1839.0,354.0,-25145.0,23141,1320,26.8,0.0,10669.0,0,0,0,e1f,d4e,d4a,d4a,d4a,1,1,1,1,1,0,0,0,0,1,1,1,0,0,1,1,1,0,0,1,0,1,0,1,1,0,0,0,1,0,1,0,0,1,0,1,0,1,1,0,0,0,1,0,1,0,0,1,0,1,0,1,1,0,0,0,1,0,1,0,0,1,0,1,0,1,1,0,0
2026,3,29,08:48:46.246,41.34,215,66.9,0.8421,4678.1,682.0,3.939,2.11,3.89,0.01,0.01,-662.0,1840.0,354.0,-25158.0,23178,1327,27.9,0.0,10671.0,0,0,0,e1f,d4e,d4a,d4a,d4a,1,1,1,1,1,0,0,0,0,1,1,1,0,0,1,1,1,0,0,1,0,1,0,1,1,0,0,0,1,0,1,0,0,1,0,1,0,1,1,0,0,0,1,0,1,0,0,1,0,1,0,1,1,0,0,0,1,0,1,0,0,1,0,1,0,1,1,0,0
2026,3,29,08:48:46.266,41.36,235,66.9,0.8421,4678.1,682.0,3.940,2.11,3.89,0.01,0.01,-663.0,1841.0,354.0,-25171.0,23215,1334,29.3,0.0,10673.0,0,0,0,e1f,d4e,d4a,d4a,d4a,1,1,1,1,1,0,0,0,0,1,1,1,0,0,1,1,1,0,0,1,0,1,0,1,1,0,0,0,1,0,1,0,0,1,0,1,0,1,1,0,0,0,1,0,1,0,0,1,0,1,0,1,1,0,0,0,1,0,1,0,0,1,0,1,0,1,1,0,0
2026,3,29,08:48:46.286,41.38,5,66.9,0.8425,4666.6,670.6,3.940,2.11,3.89,0.01,0.01,-663.0,1841.0,353.0,-25184.0,23252,1341,30.8,0.0,10676.0,0,0,0,e1f,d4e,d4a,d4a,d4a,1,1,1,1,1,0,0,0,0,1,1,1,0,0,1,1,1,0,0,1,0,1,0,1,1,0,0,0,1,0,1,0,0,1,0,1,0,1,1,0,0,0,1,0,1,0,0,1,0,1,0,1,1,0,0,0,1,0,1,0,0,1,0,1,0,1,1,0,0
2026,3,29,08:48:46.306,41.40,25,66.9,0.8425,4666.6,670.6,3.939,2.11,3.89,0.01,0.01,-664.0,1842.0,353.0,-25198.0,23288,1348,32.6,0.0,10678.0,0,0,0,e1f,d4e,d4a,d4a,d4a,1,1,1,1,1,0,0,0,0,1,1,1,0,0,1,1,1,0,0,1,0,1,0,1,1,0,0,0,1,0,1,0,0,1,0,1,0,1,1,0,0,0,1,0,1,0,0,1,0,1,0,1,1,0,0,0,1,0,1,0,0,1,0,1,0,1,1,0,0
2026,3,29,08:48:46.326,41.42,45,66.9,0.8431,4648.2,652.1,3.939,2.11,3.89,0.01,0.01,-664.0,1842.0,353.0,-25211.0,23325,1355,34.6,0.0,10681.0,0,0,0,e1f,d4e,d4a,d4a,d4a,1,1,1,1,1,0,0,0,0,1,1,1,0,0,1,1,1,0,0,1,0,1,0,1,1,0,0,0,1,0,1,0,0,1,0,1,0,1,1,0,0,0,1,0,1,0,0,1,0,1,0,1,1,0,0,0,1,0,1,0,0,1,0,1,0,1,1,0,0
2026,3,29,08:48:46.346,41.44,65,66.9,0.8431,4648.2,652.1,3.940,2.11,3.89,0.01,0.01,-664.0,1843.0,353.0,-25224.0,23362,1362,36.7,0.0,10684.0,0,0,0,e1f,d4e,d4a,d4a,d4a,1,1,1,1,1,0,0,0,0,1,1,1,0,0,1,1,1,0,0,1,0,1,0,1,1,0,0,0,1,0,1,0,0,1,0,1,0,1,1,0,0,0,1,0,1,0,0,1,0,1,0,1,1,0,0,0,1,0,1,0,0,1,0,1,0,1,1,0,0
2026,3,29,08:48:46.366,41.46,85,66.9,0.8437,4628.5,632.4,3.940,2.11,3.89,0.01,0.01,-664.0,1843.0,352.0,-25237.0,23399,1369,38.8,0.0,10687.0,0,0,0,e1f,d4e,d4a,d4a,d4a,1,1,1,1,1,0,0,0,0,1,1,1,0,0,1,1,1,0,0,1,0,1,0,1,1,0,0,0,1,0,1,0,0,1,0,1,0,1,1,0,0,0,1,0,1,0,0,1,0,1,0,1,1,0,0,0,1,0,1,0,0,1,0,1,0,1,1,0,0
2026,3,29,08:48:46.386,41.48,105,66.9,0.8437,4627.9,631.8,3.940,2.11,3.89,0.01,0.01,-664.0,1843.0,352.0,-25251.0,23436,1376,41.0,0.0,10690.0,0,0,0,e1f,d4e,d4a,d4a,d4a,1,1,1,1,1,0,0,0,0,1,1,1,0,0,1,1,1,0,0,1,0,1,0,1,1,0,0,0,1,0,1,0,0,1,0,1,0,1,1,0,0,0,1,0,1,0,0,1,0,1,0,1,1,0,0,0,1,0,1,0,0,1,0,1,0,1,1,0,0
2026,3,29,08:48:46.406,41.50,125,66.9,0.8445,4603.1,607.0,3.940,2.11,3.89,0.01,0.01,-664.0,1843.0,352.0,-25264.0,23473,1383,43.0,0.0,10693.0,0,0,0,e1f,d4e,d4a,d4a,d4a,1,1,1,1,1,0,0,0,0,1,1,1,0,0,1,1,1,0,0,1,0,1,0,1,1,0,0,0,1,0,1,0,0,1,0,1,0,1,1,0,0,0,1,0,1,0,0,1,0,1,0,1,1,0,0,0,1,0,1,0,0,1,0,1,0,1,1,0,0
2026,3,29,08:48:46.426,41.52,145,67.0,0.8445,4602.5,606.4,3.939,2.11,3.89,0.01,0.01,-665.0,1842.0,352.0,-25277.0,23510,1390,45.1,0.0,10697.0,0,0,0,e1f,d4e,d4a,d4a,d4a,1,1,1,1,1,0,0,0,0,1,1,1,0,0,1,1,1,0,0,1,0,1,0,1,1,0,0,0,1,0,1,0,0,1,0,1,0,1,1,0,0,0,1,0,1,0,0,1,0,1,0,1,1,0,0,0,1,0,1,0,0,1,0,1,0,1,1,0,0
2026,3,29,08:48:46.446,41.54,165,67.0,0.8453,4577.7,581.7,3.939,2.11,3.89,0.01,0.01,-665.0,1842.0,352.0,-25291.0,23547,1397,47.1,0.0,10700.0,0,0,0,e1f,d4e,d4a,d4a,d4a,1,1,1,1,1,0,0,0,0,1,1,1,0,0,1,1,1,0,0,1,0,1,0,1,1,0,0,0,1,0,1,0,0,1,0,1,0,1,1,0,0,0,1,0,1,0,0,1,0,1,0,1,1,0,0,0,1,0,1,0,0,1,0,1,0,1,1,0,0
2026,3,29,08:48:46.466,41.56,185,67.0,0.8453,4576.5,580.4,3.939,2.11,3.89,0.01,0.01,-665.0,1842.0,352.0,-25304.0,23583,1404,49.0,0.0,10703.0,0,0,0,e1f,d4e,d4a,d4a,d4a,1,1,1,1,1,0,0,0,0,1,1,1,0,0,1,1,1,0,0,1,0,1,0,1,1,0,0,0,1,0,1,0,0,1,0,1,0,1,1,0,0,0,1,0,1,0,0,1,0,1,0,1,1,0,0,0,1,0,1,0,0,1,0,1,0,1,1,0,0
2026,3,29,08:48:46.486,41.58,205,67.0,0.8463,4546.0,550.0,3.939,2.11,3.89,0.01,0.01,-665.0,1842.0,351.0,-25317.0,23620,1412,50.9,0.0,10707.0,0,0,0,e1f,d4e,d4a,d4a,d4a,1,1,1,1,1,0,0,0,0,1,1,1,0,0,1,1,1,0,0,1,0,1,0,1,1,0,0,0,1,0,1,0,0,1,0,1,0,1,1,0,0,0,1,0,1,0,0,1,0,1,0,1,1,0,0,0,1,0,1,0,0,1,0,1,0,1,1,0,0
2026,3,29,08:48:46.506,41.60,225,67.0,0.8463,4544.8,548.7,3.939,2.11,3.89,0.01,0.01,-665.0,1842.0,351.0,-25331.0,23657,1419,52.7,0.0,10710.0,0,0,0,e1f,d4e,d4a,d4a,d4a,1,1,1,1,1,0,0,0,0,1,1,1,0,0,1,1,1,0,0,1,0,1,0,1,1,0,0,0,1,0,1,0,0,1,0,1,0,1,1,0,0,0,1,0,1,0,0,1,0,1,0,1,1,0,0,0,1,0,1,0,0,1,0,1,0,1,1,0,0
2026,3,29,08:48:46.526,41.62,245,67.0,0.8472,4516.9,520.8,3.940,2.11,3.89,0.01,0.01,-665.0,1841.0,351.0,-25344.0,23694,1426,54.4,0.0,10713.0,0,0,0,e1f,d4e,d4a,d4a,d4a,1,1,1,1,1,0,0,0,0,1,1,1,0,0,1,1,1,0,0,1,0,1,0,1,1,0,0,0,1,0,1,0,0,1,0,1,0,1,1,0,0,0,1,0,1,0,0,1,0,1,0,1,1,0,0,0,1,0,1,0,0,1,0,1,0,1,1,0,0
2026,3,29,08:48:46.546,41.64,15,67.1,0.8472,4516.3,520.2,3.939,2.11,3.89,0.01,0.01,-664.0,1841.0,351.0,-25357.0,23731,1433,55.9,0.0,10717.0,0,0,0,e1f,d4e,d4a,d4a,d4a,1,1,1,1,1,0,0,0,0,1,1,1,0,0,1,1,1,0,0,1,0,1,0,1,1,0,0,0,1,0,1,0,0,1,0,1,0,1,1,0,0,0,1,0,1,0,0,1,0,1,0,1,1,0,0,0,1,0,1,0,0,1,0,1,0,1,1,0,0
2026,3,29,08:48:46.566,41.66,35,67.1,0.8479,4495.4,499.3,3.940,2.12,3.89,0.01,0.01,-663.0,1841.0,351.0,-25370.0,23768,1440,57.2,0.0,10721.0,0,0,0,e1f,d4e,d4a,d4a,d4a,1,1,1,1,1,0,0,0,0,1,1,1,0,0,1,1,1,0,0,1,0,1,0,1,1,0,0,0,1,0,1,0,0,1,0,1,0,1,1,0,0,0,1,0,1,0,0,1,0,1,0,1,1,0,0,0,1,0,1,0,0,1,0,1,0,1,1,0,0
2026,3,29,08:48:46.586,41.68,55,67.1,0.8479,4494.1,498.1,3.937,2.12,3.89,0.01,0.01,-663.0,1841.0,351.0,-25384.0,23805,1447,58.2,0.0,10724.0,0,0,0,e1f,d4e,d4a,d4a,d4a,1,1,1,1,1,0,0,0,0,1,1,1,0,0,1,1,1,0,0,1,0,1,0,1,1,0,0,0,1,0,1,0,0,1,0,1,0,1,1,0,0,0,1,0,1,0,0,1,0,1,0,1,1,0,0,0,1,0,1,0,0,1,0,1,0,1,1,0,0
2026,3,29,08:48:46.606,41.70,75,67.1,0.8483,4481.5,485.4,3.939,2.12,3.89,0.01,0.01,-663.0,1841.0,351.0,-25397.0,23842,1454,59.1,0.0,10728.0,0,0,0,e1f,d4e,d4a,d4a,d4a,1,1,1,1,1,0,0,0,0,1,1,1,0,0,1,1,1,0,0,1,0,1,0,1,1,0,0,0,1,0,1,0,0,1,0,1,0,1,1,0,0,0,1,0,1,0,0,1,0,1,0,1,1,0,0,0,1,0,1,0,0,1,0,1,0,1,1,0,0
2026,3,29,08:48:46.626,41.72,95,67.1,0.8483,4481.5,485.4,3.940,2.12,3.89,0.01,0.01,-662.0,1841.0,350.0,-25410.0,23878,1461,59.9,0.0,10732.0,0,0,0,e1f,d4e,d4a,d4a,d4a,1,1,1,1,1,0,0,0,0,1,1,1,0,0,1,1,1,0,0,1,0,1,0,1,1,0,0,0,1,0,1,0,0,1,0,1,0,1,1,0,0,0,1,0,1,0,0,1,0,1,0,1,1,0,0,0,1,0,1,0,0,1,0,1,0,1,1,0,0
2026,3,29,08:48:46.646,41.74,115,67.1,0.8486,4473.3,477.2,3.940,2.12,3.89,0.01,0.01,-662.0,1841.0,350.0,-25424.0,23915,1468,60.5,0.0,10736.0,0,0,0,e1f,d4e,d4a,d4a,d4a,1,1,1,1,1,0,0,0,0,1,1,1,0,0,1,1,1,0,0,1,0,1,0,1,1,0,0,0,1,0,1,0,0,1,0,1,0,1,1,0,0,0,1,0,1,0,0,1,0,1,0,1,1,0,0,0,1,0,1,0,0,1,0,1,0,1,1,0,0
2026,3,29,08:48:46.666,41.76,135,67.1,0.8486,4472.6,476.6,3.940,2.12,3.89,0.01,0.01,-662.0,1841.0,350.0,-25437.0,23952,1475,61.2,0.0,10740.0,0,0,0,e1f,d4e,d4a,d4a,d4a,1,1,1,1,1,0,0,0,0,1,1,1,0,0,1,1,1,0,0,1,0,1,0,1,1,0,0,0,1,0,1,0,0,1,0,1,0,1,1,0,0,0,1,0,1,0,0,1,0,1,0,1,1,0,0,0,1,0,1,0,0,1,0,1,0,1,1,0,0
2026,3,29,08:48:46.686,41.78,155,67.1,0.8489,4464.4,468.3,3.939,2.12,3.89,0.01,0.01,-662.0,1841.0,350.0,-25450.0,23989,1482,61.8,0.0,10744.0,0,0,0,e1f,d4e,d4a,d4a,d4a,1,1,1,1,1,0,0,0,0,1,1,1,0,0,1,1,1,0,0,1,0,1,0,1,1,0,0,0,1,0,1,0,0,1,0,1,0,1,1,0,0,0,1,0,1,0,0,1,0,1,0,1,1,0,0,0,1,0,1,0,0,1,0,1,0,1,1,0,0
2026,3,29,08:48:46.706,41.80,175,67.1,0.8489,4464.4,468.3,3.939,2.13,3.89,0.01,0.01,-662.0,1841.0,350.0,-25463.0,24026,1489,62.3,0.0,10748.0,0,0,0,e1f,d4e,d4a,d4a,d4a,1,1,1,1,1,0,0,0,0,1,1,1,0,0,1,1,1,0,0,1,0,1,0,1,1,0,0,0,1,0,1,0,0,1,0,1,0,1,1,0,0,0,1,0,1,0,0,1,0,1,0,1,1,0,0,0,1,0,1,0,0,1,0,1,0,1,1,0,0
2026,3,29,08:48:46.726,41.82,195,67.1,0.8493,4451.8,455.7,3.939,2.13,3.89,0.01,0.01,-662.0,1841.0,350.0,-25477.0,24063,1496,62.8,0.0,10752.0,0,0,0,e1f,d4e,d4a,d4a,d4a,1,1,1,1,1,0,0,0,0,1,1,1,0,0,1,1,1,0,0,1,0,1,0,1,1,0,0,0,1,0,1,0,0,1,0,1,0,1,1,0,0,0,1,0,1,0,0,1,0,1,0,1,1,0,0,0,1,0,1,0,0,1,0,1,0,1,1,0,0
2026,3,29,08:48:46.746,41.84,215,67.1,0.8493,4451.1,455.1,3.939,2.13,3.89,0.01,0.01,-662.0,1841.0,350.0,-25490.0,24100,1503,63.1,0.0,10756.0,0,0,0,e1f,d4e,d4a,d4a,d4a,1,1,1,1,1,0,0,0,0,1,1,1,0,0,1,1,1,0,0,1,0,1,0,1,1,0,0,0,1,0,1,0,0,1,0,1,0,1,1,0,0,0,1,0,1,0,0,1,0,1,0,1,1,0,0,0,1,0,1,0,0,1,0,1,0,1,1,0,0
2026,3,29,08:48:46.766,41.86,235,67.1,0.8493,4449.9,453.8,3.939,2.13,3.89,0.01,0.01,-661.0,1841.0,350.0,-25503.0,24136,1510,63.4,0.0,10760.0,0,0,0,e1f,d4e,d4a,d4a,d4a,1,1,1,1,1,0,0,0,0,1,1,1,0,0,1,1,1,0,0,1,0,1,0,1,1,0,0,0,1,0,1,0,0,1,0,1,0,1,1,0,0,0,1,0,1,0,0,1,0,1,0,1,1,0,0,0,1,0,1,0,0,1,0,1,0,1,1,0,0
2026,3,29,08:48:46.786,41.88,5,67.1,0.8493,4449.2,453.2,3.939,2.13,3.89,0.01,0.01,-661.0,1841.0,350.0,-25516.0,24173,1517,63.5,0.0,10764.0,0,0,0,e1f,d4e,d4a,d4a,d4a,1,1,1,1,1,0,0,0,0,1,1,1,0,0,1,1,1,0,0,1,0,1,0,1,1,0,0,0,1,0,1,0,0,1,0,1,0,1,1,0,0,0,1,0,1,0,0,1,0,1,0,1,1,0,0,0,1,0,1,0,0,1,0,1,0,1,1,0,0
2026,3,29,08:48:46.806,41.90,25,67.1,0.8496,4441.7,445.6,3.939,2.13,3.89,0.01,0.01,-661.0,1841.0,350.0,-25530.0,24210,1524,63.5,0.0,10769.0,0,0,0,e1f,d4e,d4a,d4a,d4a,1,1,1,1,1,0,0,0,0,1,1,1,0,0,1,1,1,0,0,1,0,1,0,1,1,0,0,0,1,0,1,0,0,1,0,1,0,1,1,0,0,0,1,0,1,0,0,1,0,1,0,1,1,0,0,0,1,0,1,0,0,1,0,1,0,1,1,0,0
2026,3,29,08:48:46.826,41.92,45,67.1,0.8496,4441.7,445.6,3.939,2.14,3.89,0.01,0.01,-660.0,1841.0,351.0,-25543.0,24247,1531,63.4,0.0,10773.0,0,0,0,e1f,d4e,d4a,d4a,d4a,1,1,1,1,1,0,0,0,0,1,1,1,0,0,1,1,1,0,0,1,0,1,0,1,1,0,0,0,1,0,1,0,0,1,0,1,0,1,1,0,0,0,1,0,1,0,0,1,0,1,0,1,1,0,0,0,1,0,1,0,0,1,0,1,0,1,1,0,0
2026,3,29,08:48:46.846,41.94,65,67.1,0.8496,4441.7,445.6,3.940,2.14,3.89,0.01,0.01,-660.0,1841.0,351.0,-25556.0,24284,1538,63.1,0.0,10777.0,0,0,0,e1f,d4e,d4a,d4a,d4a,1,1,1,1,1,0,0,0,0,1,1,1,0,0,1,1,1,0,0,1,0,1,0,1,1,0,0,0,1,0,1,0,0,1,0,1,0,1,1,0,0,0,1,0,1,0,0,1,0,1,0,1,1,0,0,0,1,0,1,0,0,1,0,1,0,1,1,0,0
2026,3,29,08:48:46.866,41.96,85,67.1,0.8496,4441.7,445.6,3.939,2.14,3.89,0.01,0.01,-660.0,1841.0,351.0,-25569.0,24320,1545,62.8,0.0,10781.0,0,0,0,e1f,d4e,d4a,d4a,d4a,1,1,1,1,1,0,0,0,0,1,1,1,0,0,1,1,1,0,0,1,0,1,0,1,1,0,0,0,1,0,1,0,0,1,0,1,0,1,1,0,0,0,1,0,1,0,0,1,0,1,0,1,1,0,0,0,1,0,1,0,0,1,0,1,0,1,1,0,0
2026,3,29,08:48:46.886,41.98,105,67.1,0.8497,4436.6,440.6,3.939,2.14,3.89,0.01,0.01,-660.0,1841.0,352.0,-25582.0,24357,1552,62.3,0.0,10785.0,0,0,0,e1f,d4e,d4a,d4a,d4a,1,1,1,1,1,0,0,0,0,1,1,1,0,0,1,1,1,0,0,1,0,1,0,1,1,0,0,0,1,0,1,0,0,1,0,1,0,1,1,0,0,0,1,0,1,0,0,1,0,1,0,1,1,0,0,0,1,0,1,0,0,1,0,1,0,1,1,0,0
2026,3,29,08:48:46.906,42.00,125,67.1,0.8497,4436.6,440.6,3.940,2.14,3.89,0.01,0.01,-660.0,1841.0,352.0,-25596.0,24394,1559,61.8,0.0,10788.0,0,0,0,e1f,d4e,d4a,d4a,d4a,1,1,1,1,1,0,0,0,0,1,1,1,0,0,1,1,1,0,0,1,0,1,0,1,1,0,0,0,1,0,1,0,0,1,0,1,0,1,1,0,0,0,1,0,1,0,0,1,0,1,0,1,1,0,0,0,1,0,1,0,0,1,0,1,0,1,1,0,0
2026,3,29,08:48:46.926,42.02,145,67.1,0.8498,4433.5,437.4,3.939,2.15,3.89,0.01,0.01,-659.0,1841.0,353.0,-25609.0,24431,1566,61.1,0.0,10792.0,0,0,0,e1f,d4e,d4a,d4a,d4a,1,1,1,1,1,0,0,0,0,1,1,1,0,0,1,1,1,0,0,1,0,1,0,1,1,0,0,0,1,0,1,0,0,1,0,1,0,1,1,0,0,0,1,0,1,0,0,1,0,1,0,1,1,0,0,0,1,0,1,0,0,1,0,1,0,1,1,0,0
2026,3,29,08:48:46.946,42.04,165,67.1,0.8498,4433.5,437.4,3.939,2.15,3.89,0.01,0.01,-659.0,1841.0,353.0,-25622.0,24468,1573,60.3,0.0,10796.0,0,0,0,e1f,d4e,d4a,d4a,d4a,1,1,1,1,1,0,0,0,0,1,1,1,0,0,1,1,1,0,0,1,0,1,0,1,1,0,0,0,1,0,1,0,0,1,0,1,0,1,1,0,0,0,1,0,1,0,0,1,0,1,0,1,1,0,0,0,1,0,1,0,0,1,0,1,0,1,1,0,0
2026,3,29,08:48:46.966,42.06,185,67.1,0.8498,4434.7,438.7,3.939,2.15,3.89,0.01,0.01,-659.0,1841.0,354.0,-25635.0,24504,1580,59.4,0.0,10800.0,0,0,0,e1f,d4e,d4a,d4a,d4a,1,1,1,1,1,0,0,0,0,1,1,1,0,0,1,1,1,0,0,1,0,1,0,1,1,0,0,0,1,0,1,0,0,1,0,1,0,1,1,0,0,0,1,0,1,0,0,1,0,1,0,1,1,0,0,0,1,0,1,0,0,1,0,1,0,1,1,0,0
2026,3,29,08:48:46.986,42.08,205,67.1,0.8498,4434.7,438.7,3.940,2.15,3.89,0.01,0.01,-659.0,1841.0,354.0,-25648.0,24541,1587,58.4,0.0,10803.0,0,0,0,e1f,d4e,d4a,d4a,d4a,1,1,1,1,1,0,0,0,0,1,1,1,0,0,1,1,1,0,0,1,0,1,0,1,1,0,0,0,1,0,1,0,0,1,0,1,0,1,1,0,0,0,1,0,1,0,0,1,0,1,0,1,1,0,0,0,1,0,1,0,0,1,0,1,0,1,1,0,0
2026,3,29,08:48:47.006,42.10,225,67.1,0.8500,4429.7,433.6,3.940,2.15,3.89,0.01,0.01,-659.0,1842.0,355.0,-25662.0,24578,1594,57.3,0.0,10807.0,0,0,0,e1f,d4e,d4a,d4a,d4a,1,1,1,1,1,0,0,0,0,1,1,1,0,0,1,1,1,0,0,1,0,1,0,1,1,0,0,0,1,0,1,0,0,1,0,1,0,1,1,0,0,0,1,0,1,0,0,1,0,1,0,1,1,0,0,0,1,0,1,0,0,1,0,1,0,1,1,0,0
2026,3,29,08:48:47.026,42.12,245,67.1,0.8499,4430.3,434.2,3.941,2.15,3.89,0.01,0.01,-659.0,1842.0,355.0,-25675.0,24615,1602,56.1,0.0,10811.0,0,0,0,e1f,d4e,d4a,d4a,d4a,1,1,1,1,1,0,0,0,0,1,1,1,0,0,1,1,1,0,0,1,0,1,0,1,1,0,0,0,1,0,1,0,0,1,0,1,0,1,1,0,0,0,1,0,1,0,0,1,0,1,0,1,1,0,0,0,1,0,1,0,0,1,0,1,0,1,1,0,0
2026,3,29,08:48:47.046,42.14,15,67.1,0.8500,4428.4,432.3,3.939,2.15,3.89,0.01,0.01,-659.0,1842.0,356.0,-25688.0,24652,1609,54.7,0.0,10814.0,0,0,0,e1f,d4e,d4a,d4a,d4a,1,1,1,1,1,0,0,0,0,1,1,1,0,0,1,1,1,0,0,1,0,1,0,1,1,0,0,0,1,0,1,0,0,1,0,1,0,1,1,0,0,0,1,0,1,0,0,1,0,1,0,1,1,0,0,0,1,0,1,0,0,1,0,1,0,1,1,0,0
2026,3,29,08:48:47.066,42.16,35,67.1,0.8500,4428.4,432.3,3.940,2.15,3.89,0.01,0.01,-659.0,1842.0,357.0,-25701.0,24689,1616,53.2,0.0,10818.0,0,0,0,e1f,d4e,d4a,d4a,d4a,1,1,1,1,1,0,0,0,0,1,1,1,0,0,1,1,1,0,0,1,0,1,0,1,1,0,0,0,1,0,1,0,0,1,0,1,0,1,1,0,0,0,1,0,1,0,0,1,0,1,0,1,1,0,0,0,1,0,1,0,0,1,0,1,0,1,1,0,0
2026,3,29,08:48:47.086,42.18,55,67.1,0.8499,4431.6,435.5,3.939,2.15,3.89,0.01,0.01,-659.0,1842.0,357.0,-25714.0,24726,1623,51.7,0.0,10821.0,0,0,0,e1f,d4e,d4a,d4a,d4a,1,1,1,1,1,0,0,0,0,1,1,1,0,0,1,1,1,0,0,1,0,1,0,1,1,0,0,0,1,0,1,0,0,1,0,1,0,1,1,0,0,0,1,0,1,0,0,1,0,1,0,1,1,0,0,0,1,0,1,0,0,1,0,1,0,1,1,0,0
2026,3,29,08:48:47.106,42.20,75,67.1,0.8499,4431.6,435.5,3.940,2.15,3.89,0.01,0.01,-659.0,1842.0,358.0,-25727.0,24763,1630,50.0,0.0,10824.0,0,0,0,e1f,d4e,d4a,d4a,d4a,1,1,1,1,1,0,0,0,0,1,1,1,0,0,1,1,1,0,0,1,0,1,0,1,1,0,0,0,1,0,1,0,0,1,0,1,0,1,1,0,0,0,1,0,1,0,0,1,0,1,0,1,1,0,0,0,1,0,1,0,0,1,0,1,0,1,1,0,0
2026,3,29,08:48:47.126,42.22,95,67.1,0.8500,4428.4,432.3,3.939,2.15,3.89,0.01,0.01,-659.0,1842.0,359.0,-25741.0,24799,1637,48.2,0.0,10827.0,0,0,0,e1f,d4e,d4a,d4a,d4a,1,1,1,1,1,0,0,0,0,1,1,1,0,0,1,1,1,0,0,1,0,1,0,1,1,0,0,0,1,0,1,0,0,1,0,1,0,1,1,0,0,0,1,0,1,0,0,1,0,1,0,1,1,0,0,0,1,0,1,0,0,1,0,1,0,1,1,0,0
2026,3,29,08:48:47.146,42.24,115,67.1,0.8500,4428.4,432.3,3.940,2.15,3.89,0.01,0.01,-659.0,1842.0,359.0,-25754.0,24836,1644,46.3,0.0,10830.0,0,0,0,e1f,d4e,d4a,d4a,d4a,1,1,1,1,1,0,0,0,0,1,1,1,0,0,1,1,1,0,0,1,0,1,0,1,1,0,0,0,1,0,1,0,0,1,0,1,0,1,1,0,0,0,1,0,1,0,0,1,0,1,0,1,1,0,0,0,1,0,1,0,0,1,0,1,0,1,1,0,0
2026,3,29,08:48:47.166,42.26,135,67.1,0.8504,4417.0,421.0,3.940,2.16,3.89,0.01,0.01,-659.0,1842.0,360.0,-25767.0,24873,1652,44.3,0.0,10833.0,0,0,0,e1f,d4e,d4a,d4a,d4a,1,1,1,1,1,0,0,0,0,1,1,1,0,0,1,1,1,0,0,1,0,1,0,1,1,0,0,0,1,0,1,0,0,1,0,1,0,1,1,0,0,0,1,0,1,0,0,1,0,1,0,1,1,0,0,0,1,0,1,0,0,1,0,1,0,1,1,0,0
2026,3,29,08:48:47.186,42.28,155,67.1,0.8504,4417.0,421.0,3.939,2.16,3.89,0.01,0.01,-659.0,1843.0,361.0,-25780.0,24910,1659,42.2,0.0,10836.0,0,0,0,e1f,d4e,d4a,d4a,d4a,1,1,1,1,1,0,0,0,0,1,1,1,0,0,1,1,1,0,0,1,0,1,0,1,1,0,0,0,1,0,1,0,0,1,0,1,0,1,1,0,0,0,1,0,1,0,0,1,0,1,0,1,1,0,0,0,1,0,1,0,0,1,0,1,0,1,1,0,0
2026,3,29,08:48:47.206,42.30,175,67.1,0.8504,4415.8,419.7,3.939,2.16,3.89,0.01,0.01,-659.0,1843.0,362.0,-25793.0,24947,1666,39.9,0.0,10839.0,0,0,0,e1f,d4e,d4a,d4a,d4a,1,1,1,1,1,0,0,0,0,1,1,1,0,0,1,1,1,0,0,1,0,1,0,1,1,0,0,0,1,0,1,0,0,1,0,1,0,1,1,0,0,0,1,0,1,0,0,1,0,1,0,1,1,0,0,0,1,0,1,0,0,1,0,1,0,1,1,0,0
2026,3,29,08:48:47.226,42.32,195,67.1,0.8504,4415.8,419.7,3.940,2.16,3.89,0.01,0.01,-659.0,1843.0,363.0,-25807.0,24984,1673,37.5,0.0,10842.0,0,0,0,e1f,d4e,d4a,d4a,d4a,1,1,1,1,1,0,0,0,0,1,1,1,0,0,1,1,1,0,0,1,0,1,0,1,1,0,0,0,1,0,1,0,0,1,0,1,0,1,1,0,0,0,1,0,1,0,0,1,0,1,0,1,1,0,0,0,1,0,1,0,0,1,0,1,0,1,1,0,0
2026,3,29,08:48:47.246,42.34,215,67.1,0.8504,4415.8,419.7,3.939,2.16,3.89,0.01,0.01,-659.0,1843.0,364.0,-25820.0,25021,1681,34.9,0.0,10845.0,0,0,0,e1f,d4e,d4a,d4a,d4a,1,1,1,1,1,0,0,0,0,1,1,1,0,0,1,1,1,0,0,1,0,1,0,1,1,0,0,0,1,0,1,0,0,1,0,1,0,1,1,0,0,0,1,0,1,0,0,1,0,1,0,1,1,0,0,0,1,0,1,0,0,1,0,1,0,1,1,0,0
2026,3,29,08:48:47.266,42.36,235,67.1,0.8504,4415.8,419.7,3.940,2.16,3.89,0.01,0.01,-659.0,1844.0,364.0,-25833.0,25058,1688,32.3,0.0,10848.0,0,0,0,e1f,d4e,d4a,d4a,d4a,1,1,1,1,1,0,0,0,0,1,1,1,0,0,1,1,1,0,0,1,0,1,0,1,1,0,0,0,1,0,1,0,0,1,0,1,0,1,1,0,0,0,1,0,1,0,0,1,0,1,0,1,1,0,0,0,1,0,1,0,0,1,0,1,0,1,1,0,0
2026,3,29,08:48:47.286,42.38,5,67.1,0.8508,4402.5,406.5,3.939,2.16,3.89,0.01,0.01,-660.0,1844.0,365.0,-25846.0,25094,1695,29.7,0.0,10851.0,0,0,0,e1f,d4e,d4a,d4a,d4a,1,1,1,1,1,0,0,0,0,1,1,1,0,0,1,1,1,0,0,1,0,1,0,1,1,0,0,0,1,0,1,0,0,1,0,1,0,1,1,0,0,0,1,0,1,0,0,1,0,1,0,1,1,0,0,0,1,0,1,0,0,1,0,1,0,1,1,0,0
2026,3,29,08:48:47.306,42.40,25,67.1,0.8508,4402.5,406.5,3.939,2.16,3.89,0.01,0.01,-660.0,1845.0,366.0,-25859.0,25131,1703,27.1,0.0,10853.0,0,0,0,e1f,d4e,d4a,d4a,d4a,1,1,1,1,1,0,0,0,0,1,1,1,0,0,1,1,1,0,0,1,0,1,0,1,1,0,0,0,1,0,1,0,0,1,0,1,0,1,1,0,0,0,1,0,1,0,0,1,0,1,0,1,1,0,0,0,1,0,1,0,0,1,0,1,0,1,1,0,0
2026,3,29,08:48:47.326,42.42,45,67.1,0.8508,4404.4,408.4,3.939,2.16,3.89,0.01,0.01,-661.0,1845.0,366.0,-25873.0,25168,1710,24.5,0.0,10856.0,0,0,0,e1f,d4e,d4a,d4a,d4a,1,1,1,1,1,0,0,0,0,1,1,1,0,0,1,1,1,0,0,1,0,1,0,1,1,0,0,0,1,0,1,0,0,1,0,1,0,1,1,0,0,0,1,0,1,0,0,1,0,1,0,1,1,0,0,0,1,0,1,0,0,1,0,1,0,1,1,0,0
2026,3,29,08:48:47.346,42.44,65,67.1,0.8508,4404.4,408.4,3.940,2.16,3.89,0.01,0.01,-661.0,1846.0,367.0,-25886.0,25205,1717,22.0,0.0,10859.0,0,0,0,e1f,d4e,d4a,d4a,d4a,1,1,1,1,1,0,0,0,0,1,1,1,0,0,1,1,1,0,0,1,0,1,0,1,1,0,0,0,1,0,1,0,0,1,0,1,0,1,1,0,0,0,1,0,1,0,0,1,0,1,0,1,1,0,0,0,1,0,1,0,0,1,0,1,0,1,1,0,0
2026,3,29,08:48:47.366,42.46,85,67.1,0.8510,4396.2,400.2,3.939,2.16,3.89,0.01,0.01,-662.0,1847.0,367.0,-25899.0,25242,1725,19.5,0.0,10862.0,0,0,0,e1f,d4e,d4a,d4a,d4a,1,1,1,1,1,0,0,0,0,1,1,1,0,0,1,1,1,0,0,1,0,1,0,1,1,0,0,0,1,0,1,0,0,1,0,1,0,1,1,0,0,0,1,0,1,0,0,1,0,1,0,1,1,0,0,0,1,0,1,0,0,1,0,1,0,1,1,0,0
2026,3,29,08:48:47.386,42.48,105,67.1,0.8510,4396.2,400.2,3.939,2.16,3.89,0.01,0.01,-662.0,1848.0,367.0,-25912.0,25279,1732,17.3,0.0,10864.0,0,0,0,e1f,d4e,d4a,d4a,d4a,1,1,1,1,1,0,0,0,0,1,1,1,0,0,1,1,1,0,0,1,0,1,0,1,1,0,0,0,1,0,1,0,0,1,0,1,0,1,1,0,0,0,1,0,1,0,0,1,0,1,0,1,1,0,0,0,1,0,1,0,0,1,0,1,0,1,1,0,0
2026,3,29,08:48:47.406,42.50,125,67.1,0.8511,4393.1,397.0,3.940,2.16,3.89,0.01,0.01,-663.0,1848.0,368.0,-25926.0,25316,1739,15.2,0.0,10867.0,0,0,0,e1f,d4e,d4a,d4a,d4a,1,1,1,1,1,0,0,0,0,1,1,1,0,0,1,1,1,0,0,1,0,1,0,1,1,0,0,0,1,0,1,0,0,1,0,1,0,1,1,0,0,0,1,0,1,0,0,1,0,1,0,1,1,0,0,0,1,0,1,0,0,1,0,1,0,1,1,0,0
2026,3,29,08:48:47.426,42.52,145,67.1,0.8511,4393.7,397.6,3.938,2.16,3.89,0.01,0.01,-663.0,1849.0,368.0,-25939.0,25353,1747,13.5,0.0,10869.0,0,0,0,e1f,d4e,d4a,d4a,d4a,1,1,1,1,1,0,0,0,0,1,1,1,0,0,1,1,1,0,0,1,0,1,0,1,1,0,0,0,1,0,1,0,0,1,0,1,0,1,1,0,0,0,1,0,1,0,0,1,0,1,0,1,1,0,0,0,1,0,1,0,0,1,0,1,0,1,1,0,0
2026,3,29,08:48:47.446,42.54,165,67.1,0.8508,4401.9,405.8,3.939,2.16,3.89,0.01,0.01,-664.0,1850.0,368.0,-25952.0,25390,1754,12.0,0.0,10872.0,0,0,0,e1f,d4e,d4a,d4a,d4e,1,1,1,1,1,0,0,0,0,1,1,1,0,0,1,1,1,0,0,1,0,1,0,1,1,0,0,0,1,0,1,0,0,1,0,1,0,1,1,0,0,0,1,0,1,0,0,1,0,1,0,1,1,0,0,0,1,1,1,0,0,1,0,1,0,1,1,0,0
2026,3,29,08:48:47.466,42.56,185,67.1,0.8508,4402.5,406.5,3.939,2.16,3.89,0.01,0.01,-664.0,1851.0,368.0,-25965.0,25427,1761,11.0,0.0,10875.0,0,0,0,e1f,d4e,d4a,d4a,d4e,1,1,1,1,1,0,0,0,0,1,1,1,0,0,1,1,1,0,0,1,0,1,0,1,1,0,0,0,1,0,1,0,0,1,0,1,0,1,1,0,0,0,1,0,1,0,0,1,0,1,0,1,1,0,0,0,1,1,1,0,0,1,0,1,0,1,1,0,0
2026,3,29,08:48:47.486,42.58,205,67.1,0.8502,4423.4,427.3,3.939,2.16,3.89,0.01,0.01,-664.0,1851.0,368.0,-25979.0,25464,1769,10.6,0.0,10877.0,0,0,0,e1f,d46,d42,d42,d46,1,1,1,1,1,0,0,0,0,1,1,1,0,0,1,1,0,0,0,1,0,1,0,1,1,0,0,0,1,0,0,0,0,1,0,1,0,1,1,0,0,0,1,0,0,0,0,1,0,1,0,1,1,0,0,0,1,1,0,0,0,1,0,1,0,1,1,0,0
2026,3,29,08:48:47.506,42.60,225,67.0,0.8501,4424.6,428.6,3.939,2.16,3.89,0.01,0.01,-665.0,1852.0,368.0,-25992.0,25501,1776,10.6,0.0,10880.0,0,0,0,e1f,d46,d42,d42,d46,1,1,1,1,1,0,0,0,0,1,1,1,0,0,1,1,0,0,0,1,0,1,0,1,1,0,0,0,1,0,0,0,0,1,0,1,0,1,1,0,0,0,1,0,0,0,0,1,0,1,0,1,1,0,0,0,1,1,0,0,0,1,0,1,0,1,1,0,0
2026,3,29,08:48:47.526,42.62,245,67.0,0.8497,4437.2,441.2,3.939,2.16,3.89,0.01,0.01,-665.0,1853.0,369.0,-26005.0,25538,1784,11.1,0.0,10882.0,0,0,0,e1f,d46,d42,d42,d46,1,1,1,1,1,0,0,0,0,1,1,1,0,0,1,1,0,0,0,1,0,1,0,1,1,0,0,0,1,0,0,0,0,1,0,1,0,1,1,0,0,0,1,0,0,0,0,1,0,1,0,1,1,0,0,0,1,1,0,0,0,1,0,1,0,1,1,0,0
2026,3,29,08:48:47.546,42.64,15,67.0,0.8497,4438.5,442.4,3.939,2.17,3.89,0.01,0.01,-665.0,1854.0,369.0,-26019.0,25575,1791,11.9,0.0,10885.0,0,0,0,e1f,d46,d42,d42,d46,1,1,1,1,1,0,0,0,0,1,1,1,0,0,1,1,0,0,0,1,0,1,0,1,1,0,0,0,1,0,0,0,0,1,0,1,0,1,1,0,0,0,1,0,0,0,0,1,0,1,0,1,1,0,0,0,1,1,0,0,0,1,0,1,0,1,1,0,0
2026,3,29,08:48:47.566,42.66,35,67.0,0.8489,4462.5,466.4,3.938,2.17,3.89,0.01,0.01,-665.0,1855.0,369.0,-26032.0,25612,1798,13.0,0.0,10887.0,0,0,0,e1f,d46,d42,d42,d46,1,1,1,1,1,0,0,0,0,1,1,1,0,0,1,1,0,0,0,1,0,1,0,1,1,0,0,0,1,0,0,0,0,1,0,1,0,1,1,0,0,0,1,0,0,0,0,1,0,1,0,1,1,0,0,0,1,1,0,0,0,1,0,1,0,1,1,0,0
2026,3,29,08:48:47.586,42.68,55,67.0,0.8489,4463.8,467.7,3.939,2.17,3.89,0.01,0.01,-666.0,1856.0,369.0,-26045.0,25650,1806,14.2,0.0,10890.0,0,0,0,e1f,d4e,d4a,d4a,d4e,1,1,1,1,1,0,0,0,0,1,1,1,0,0,1,1,1,0,0,1,0,1,0,1,1,0,0,0,1,0,1,0,0,1,0,1,0,1,1,0,0,0,1,0,1,0,0,1,0,1,0,1,1,0,0,0,1,1,1,0,0,1,0,1,0,1,1,0,0
2026,3,29,08:48:47.606,42.70,75,67.0,0.8481,4489.7,493.6,3.939,2.17,3.89,0.01,0.01,-666.0,1857.0,369.0,-26059.0,25687,1813,15.6,0.0,10892.0,0,0,0,e1f,d4e,d4a,d4a,d4e,1,1,1,1,1,0,0,0,0,1,1,1,0,0,1,1,1,0,0,1,0,1,0,1,1,0,0,0,1,0,1,0,0,1,0,1,0,1,1,0,0,0,1,0,1,0,0,1,0,1,0,1,1,0,0,0,1,1,1,0,0,1,0,1,0,1,1,0,0
2026,3,29,08:48:47.626,42.72,95,66.9,0.8480,4491.0,494.9,3.939,2.17,3.89,0.01,0.01,-666.0,1858.0,370.0,-26072.0,25724,1820,17.1,0.0,10895.0,0,0,0,e1f,d4e,d4a,d4a,d4a,1,1,1,1,1,0,0,0,0,1,1,1,0,0,1,1,1,0,0,1,0,1,0,1,1,0,0,0,1,0,1,0,0,1,0,1,0,1,1,0,0,0,1,0,1,0,0,1,0,1,0,1,1,0,0,0,1,0,1,0,0,1,0,1,0,1,1,0,0
2026,3,29,08:48:47.646,42.74,115,66.9,0.8474,4509.9,513.9,3.939,2.17,3.89,0.01,0.01,-666.0,1858.0,370.0,-26085.0,25761,1828,18.7,0.0,10897.0,0,0,0,e1f,d4e,d4a,d4a,d4a,1,1,1,1,1,0,0,0,0,1,1,1,0,0,1,1,1,0,0,1,0,1,0,1,1,0,0,0,1,0,1,0,0,1,0,1,0,1,1,0,0,0,1,0,1,0,0,1,0,1,0,1,1,0,0,0,1,0,1,0,0,1,0,1,0,1,1,0,0
2026,3,29,08:48:47.666,42.76,135,66.9,0.8474,4511.8,515.8,3.940,2.17,3.89,0.01,0.01,-667.0,1859.0,370.0,-26099.0,25798,1835,20.4,0.0,10900.0,0,0,0,e1f,d4e,d4a,d4a,d4a,1,1,1,1,1,0,0,0,0,1,1,1,0,0,1,1,1,0,0,1,0,1,0,1,1,0,0,0,1,0,1,0,0,1,0,1,0,1,1,0,0,0,1,0,1,0,0,1,0,1,0,1,1,0,0,0,1,0,1,0,0,1,0,1,0,1,1,0,0
2026,3,29,08:48:47.686,42.78,155,66.9,0.8464,4541.0,544.9,3.939,2.17,3.89,0.01,0.01,-667.0,1860.0,370.0,-26112.0,25835,1843,22.2,0.0,10902.0,0,0,0,e1f,d4e,d4a,d4a,d4a,1,1,1,1,1,0,0,0,0,1,1,1,0,0,1,1,1,0,0,1,0,1,0,1,1,0,0,0,1,0,1,0,0,1,0,1,0,1,1,0,0,0,1,0,1,0,0,1,0,1,0,1,1,0,0,0,1,0,1,0,0,1,0,1,0,1,1,0,0
2026,3,29,08:48:47.706,42.80,175,66.9,0.8464,4541.6,545.5,3.939,2.17,3.89,0.01,0.01,-667.0,1861.0,370.0,-26125.0,25873,1850,24.1,0.0,10904.0,0,0,0,e1f,d4e,d4a,d4a,d4a,1,1,1,1,1,0,0,0,0,1,1,1,0,0,1,1,1,0,0,1,0,1,0,1,1,0,0,0,1,0,1,0,0,1,0,1,0,1,1,0,0,0,1,0,1,0,0,1,0,1,0,1,1,0,0,0,1,0,1,0,0,1,0,1,0,1,1,0,0
2026,3,29,08:48:47.726,42.82,195,66.9,0.8457,4564.4,568.3,3.940,2.17,3.89,0.01,0.01,-668.0,1861.0,371.0,-26139.0,25910,1858,26.2,0.0,10907.0,0,0,0,e1f,d4e,d4a,d4a,d4a,1,1,1,1,1,0,0,0,0,1,1,1,0,0,1,1,1,0,0,1,0,1,0,1,1,0,0,0,1,0,1,0,0,1,0,1,0,1,1,0,0,0,1,0,1,0,0,1,0,1,0,1,1,0,0,0,1,0,1,0,0,1,0,1,0,1,1,0,0
2026,3,29,08:48:47.746,42.84,215,66.8,0.8457,4565.7,569.6,3.939,2.17,3.89,0.01,0.01,-668.0,1862.0,371.0,-26152.0,25947,1865,28.5,0.0,10909.0,0,0,0,e1f,d4e,d4a,d4a,d4a,1,1,1,1,1,0,0,0,0,1,1,1,0,0,1,1,1,0,0,1,0,1,0,1,1,0,0,0,1,0,1,0,0,1,0,1,0,1,1,0,0,0,1,0,1,0,0,1,0,1,0,1,1,0,0,0,1,0,1,0,0,1,0,1,0,1,1,0,0
2026,3,29,08:48:47.766,42.86,235,66.8,0.8452,4579.0,582.9,3.938,2.17,3.89,0.01,0.01,-669.0,1862.0,371.0,-26165.0,25984,1872,30.9,0.0,10912.0,0,0,0,e1f,d4e,d4a,d4a,d4a,1,1,1,1,1,0,0,0,0,1,1,1,0,0,1,1,1,0,0,1,0,1,0,1,1,0,0,0,1,0,1,0,0,1,0,1,0,1,1,0,0,0,1,0,1,0,0,1,0,1,0,1,1,0,0,0,1,0,1,0,0,1,0,1,0,1,1,0,0
2026,3,29,08:48:47.786,42.88,5,66.8,0.8452,4579.6,583.6,3.939,2.17,3.89,0.01,0.01,-670.0,1863.0,371.0,-26179.0,26022,1880,33.4,0.0,10914.0,0,0,0,e1f,d4e,d4a,d4a,d4a,1,1,1,1,1,0,0,0,0,1,1,1,0,0,1,1,1,0,0,1,0,1,0,1,1,0,0,0,1,0,1,0,0,1,0,1,0,1,1,0,0,0,1,0,1,0,0,1,0,1,0,1,1,0,0,0,1,0,1,0,0,1,0,1,0,1,1,0,0
2026,3,29,08:48:47.806,42.90,25,66.8,0.8444,4606.9,610.8,3.939,2.17,3.89,0.01,0.01,-670.0,1863.0,370.0,-26192.0,26059,1887,36.1,0.0,10917.0,0,0,0,e1f,d4e,d4a,d4a,d4a,1,1,1,1,1,0,0,0,0,1,1,1,0,0,1,1,1,0,0,1,0,1,0,1,1,0,0,0,1,0,1,0,0,1,0,1,0,1,1,0,0,0,1,0,1,0,0,1,0,1,0,1,1,0,0,0,1,0,1,0,0,1,0,1,0,1,1,0,0
2026,3,29,08:48:47.826,42.92,45,66.8,0.8443,4608.2,612.1,3.939,2.17,3.89,0.01,0.01,-671.0,1863.0,370.0,-26206.0,26096,1895,38.9,0.0,10919.0,0,0,0,e1f,d4e,d4a,d4a,d4a,1,1,1,1,1,0,0,0,0,1,1,1,0,0,1,1,1,0,0,1,0,1,0,1,1,0,0,0,1,0,1,0,0,1,0,1,0,1,1,0,0,0,1,0,1,0,0,1,0,1,0,1,1,0,0,0,1,0,1,0,0,1,0,1,0,1,1,0,0
2026,3,29,08:48:47.846,42.94,65,66.8,0.8440,4619.6,623.5,3.939,2.17,3.89,0.01,0.01,-672.0,1864.0,370.0,-26219.0,26133,1902,41.9,0.0,10922.0,0,0,0,e1f,d4e,d4a,d4a,d4a,1,1,1,1,1,0,0,0,0,1,1,1,0,0,1,1,1,0,0,1,0,1,0,1,1,0,0,0,1,0,1,0,0,1,0,1,0,1,1,0,0,0,1,0,1,0,0,1,0,1,0,1,1,0,0,0,1,0,1,0,0,1,0,1,0,1,1,0,0
2026,3,29,08:48:47.866,42.96,85,66.8,0.8440,4619.6,623.5,3.939,2.17,3.89,0.01,0.01,-673.0,1864.0,370.0,-26232.0,26171,1909,45.0,0.0,10924.0,0,0,0,e1f,d4e,d4a,d4a,d4a,1,1,1,1,1,0,0,0,0,1,1,1,0,0,1,1,1,0,0,1,0,1,0,1,1,0,0,0,1,0,1,0,0,1,0,1,0,1,1,0,0,0,1,0,1,0,0,1,0,1,0,1,1,0,0,0,1,0,1,0,0,1,0,1,0,1,1,0,0
2026,3,29,08:48:47.886,42.98,105,66.8,0.8442,4613.3,617.2,3.940,2.17,3.89,0.01,0.01,-674.0,1864.0,370.0,-26246.0,26208,1917,48.3,0.0,10927.0,0,0,0,e1f,d4e,d4a,d4a,d4a,1,1,1,1,1,0,0,0,0,1,1,1,0,0,1,1,1,0,0,1,0,1,0,1,1,0,0,0,1,0,1,0,0,1,0,1,0,1,1,0,0,0,1,0,1,0,0,1,0,1,0,1,1,0,0,0,1,0,1,0,0,1,0,1,0,1,1,0,0
2026,3,29,08:48:47.906,43.00,125,66.8,0.8441,4613.9,617.8,3.939,2.17,3.89,0.01,0.01,-674.0,1865.0,369.0,-26259.0,26245,1924,51.7,0.0,10929.0,0,0,0,e1f,d4e,d4a,d4a,d4a,1,1,1,1,1,0,0,0,0,1,1,1,0,0,1,1,1,0,0,1,0,1,0,1,1,0,0,0,1,0,1,0,0,1,0,1,0,1,1,0,0,0,1,0,1,0,0,1,0,1,0,1,1,0,0,0,1,0,1,0,0,1,0,1,0,1,1,0,0
2026,3,29,08:48:47.926,43.02,145,66.8,0.8439,4621.5,625.4,3.940,2.17,3.89,0.01,0.01,-675.0,1865.0,369.0,-26273.0,26283,1932,55.3,0.0,10932.0,0,0,0,e1f,d4e,d4a,d4a,d4a,1,1,1,1,1,0,0,0,0,1,1,1,0,0,1,1,1,0,0,1,0,1,0,1,1,0,0,0,1,0,1,0,0,1,0,1,0,1,1,0,0,0,1,0,1,0,0,1,0,1,0,1,1,0,0,0,1,0,1,0,0,1,0,1,0,1,1,0,0
2026,3,29,08:48:47.946,43.04,165,66.8,0.8439,4621.5,625.4,3.939,2.17,3.89,0.01,0.01,-676.0,1866.0,369.0,-26286.0,26320,1939,58.9,0.0,10935.0,0,0,0,e1f,d4e,d4a,d4a,d4a,1,1,1,1,1,0,0,0,0,1,1,1,0,0,1,1,1,0,0,1,0,1,0,1,1,0,0,0,1,0,1,0,0,1,0,1,0,1,1,0,0,0,1,0,1,0,0,1,0,1,0,1,1,0,0,0,1,0,1,0,0,1,0,1,0,1,1,0,0
2026,3,29,08:48:47.966,43.06,185,66.8,0.8439,4620.2,624.2,3.939,2.17,3.89,0.01,0.01,-676.0,1866.0,368.0,-26300.0,26357,1946,62.6,0.0,10938.0,0,0,0,e1f,d4e,d4a,d4a,d4a,1,1,1,1,1,0,0,0,0,1,1,1,0,0,1,1,1,0,0,1,0,1,0,1,1,0,0,0,1,0,1,0,0,1,0,1,0,1,1,0,0,0,1,0,1,0,0,1,0,1,0,1,1,0,0,0,1,0,1,0,0,1,0,1,0,1,1,0,0
2026,3,29,08:48:47.986,43.08,205,66.8,0.8440,4619.6,623.5,3.940,2.17,3.89,0.01,0.01,-677.0,1867.0,367.0,-26314.0,26395,1954,66.4,0.0,10942.0,0,0,0,e1f,d4e,d4a,d4a,d4a,1,1,1,1,1,0,0,0,0,1,1,1,0,0,1,1,1,0,0,1,0,1,0,1,1,0,0,0,1,0,1,0,0,1,0,1,0,1,1,0,0,0,1,0,1,0,0,1,0,1,0,1,1,0,0,0,1,0,1,0,0,1,0,1,0,1,1,0,0
2026,3,29,08:48:48.006,43.10,225,66.8,0.8443,4608.2,612.1,3.939,2.17,3.89,0.01,0.01,-677.0,1867.0,367.0,-26327.0,26432,1961,70.3,0.0,10946.0,0,0,0,e1f,d4e,d4a,d4a,d4a,1,1,1,1,1,0,0,0,0,1,1,1,0,0,1,1,1,0,0,1,0,1,0,1,1,0,0,0,1,0,1,0,0,1,0,1,0,1,1,0,0,0,1,0,1,0,0,1,0,1,0,1,1,0,0,0,1,0,1,0,0,1,0,1,0,1,1,0,0
2026,3,29,08:48:48.026,43.12,245,66.8,0.8443,4607.5,611.5,3.940,2.17,3.89,0.01,0.01,-678.0,1868.0,366.0,-26341.0,26469,1969,74.2,0.0,10950.0,0,0,0,e1f,d4e,d4a,d4a,d4a,1,1,1,1,1,0,0,0,0,1,1,1,0,0,1,1,1,0,0,1,0,1,0,1,1,0,0,0,1,0,1,0,0,1,0,1,0,1,1,0,0,0,1,0,1,0,0,1,0,1,0,1,1,0,0,0,1,0,1,0,0,1,0,1,0,1,1,0,0
2026,3,29,08:48:48.046,43.14,15,66.8,0.8450,4586.0,589.9,3.940,2.17,3.89,0.01,0.01,-678.0,1868.0,366.0,-26354.0,26507,1976,78.1,0.0,10954.0,0,0,0,e1f,d4e,d4a,d4a,d4a,1,1,1,1,1,0,0,0,0,1,1,1,0,0,1,1,1,0,0,1,0,1,0,1,1,0,0,0,1,0,1,0,0,1,0,1,0,1,1,0,0,0,1,0,1,0,0,1,0,1,0,1,1,0,0,0,1,0,1,0,0,1,0,1,0,1,1,0,0
2026,3,29,08:48:48.066,43.16,35,66.9,0.8451,4584.1,588.0,3.939,2.17,3.89,0.01,0.01,-678.0,1869.0,365.0,-26368.0,26544,1983,81.9,0.0,10960.0,0,0,0,e1f,d4e,d4a,d4a,d4a,1,1,1,1,1,0,0,0,0,1,1,1,0,0,1,1,1,0,0,1,0,1,0,1,1,0,0,0,1,0,1,0,0,1,0,1,0,1,1,0,0,0,1,0,1,0,0,1,0,1,0,1,1,0,0,0,1,0,1,0,0,1,0,1,0,1,1,0,0
2026,3,29,08:48:48.086,43.18,55,66.9,0.8466,4537.2,541.1,3.939,2.17,3.89,0.01,0.01,-678.0,1869.0,364.0,-26381.0,26581,1990,85.8,0.0,10966.0,0,0,0,e1f,d4e,d4a,d4a,d4a,1,1,1,1,1,0,0,0,0,1,1,1,0,0,1,1,1,0,0,1,0,1,0,1,1,0,0,0,1,0,1,0,0,1,0,1,0,1,1,0,0,0,1,0,1,0,0,1,0,1,0,1,1,0,0,0,1,0,1,0,0,1,0,1,0,1,1,0,0
2026,3,29,08:48:48.106,43.20,75,66.9,0.8466,4535.3,539.2,3.939,2.17,3.89,0.01,0.01,-678.0,1870.0,364.0,-26395.0,26619,1998,89.6,0.0,10972.0,0,0,0,e1f,d4e,d4a,d4a,d4a,1,1,1,1,1,0,0,0,0,1,1,1,0,0,1,1,1,0,0,1,0,1,0,1,1,0,0,0,1,0,1,0,0,1,0,1,0,1,1,0,0,0,1,0,1,0,0,1,0,1,0,1,1,0,0,0,1,0,1,0,0,1,0,1,0,1,1,0,0
2026,3,29,08:48:48.126,43.22,95,66.9,0.8482,4486.5,490.5,3.940,2.17,3.89,0.01,0.01,-678.0,1870.0,363.0,-26409.0,26656,2005,93.3,0.0,10979.0,0,0,0,e1f,d4e,d4a,d4a,d4a,1,1,1,1,1,0,0,0,0,1,1,1,0,0,1,1,1,0,0,1,0,1,0,1,1,0,0,0,1,0,1,0,0,1,0,1,0,1,1,0,0,0,1,0,1,0,0,1,0,1,0,1,1,0,0,0,1,0,1,0,0,1,0,1,0,1,1,0,0
2026,3,29,08:48:48.146,43.24,115,67.0,0.8482,4484.6,488.6,3.939,2.17,3.89,0.01,0.01,-678.0,1871.0,363.0,-26422.0,26694,2012,97.0,0.0,10985.0,0,0,0,e1f,d4a,d4a,d4a,d4a,1,1,1,1,1,0,0,0,0,1,1,1,0,0,1,0,1,0,0,1,0,1,0,1,1,0,0,0,1,0,1,0,0,1,0,1,0,1,1,0,0,0,1,0,1,0,0,1,0,1,0,1,1,0,0,0,1,0,1,0,0,1,0,1,0,1,1,0,0
2026,3,29,08:48:48.166,43.26,135,67.0,0.8496,4442.3,446.2,3.939,2.18,3.89,0.01,0.01,-677.0,1871.0,362.0,-26436.0,26731,2020,100.6,0.0,10991.0,0,0,0,e1f,d4a,d4a,d4a,d4a,1,1,1,1,1,0,0,0,0,1,1,1,0,0,1,0,1,0,0,1,0,1,0,1,1,0,0,0,1,0,1,0,0,1,0,1,0,1,1,0,0,0,1,0,1,0,0,1,0,1,0,1,1,0,0,0,1,0,1,0,0,1,0,1,0,1,1,0,0
2026,3,29,08:48:48.186,43.28,155,67.0,0.8496,4441.0,445.0,3.940,2.18,3.89,0.01,0.01,-677.0,1872.0,362.0,-26449.0,26769,2027,104.2,0.0,10997.0,0,0,0,e1f,d4a,d4a,d4a,d4a,1,1,1,1,1,0,0,0,0,1,1,1,0,0,1,0,1,0,0,1,0,1,0,1,1,0,0,0,1,0,1,0,0,1,0,1,0,1,1,0,0,0,1,0,1,0,0,1,0,1,0,1,1,0,0,0,1,0,1,0,0,1,0,1,0,1,1,0,0
2026,3,29,08:48:48.206,43.30,175,67.0,0.8506,4408.2,412.1,3.940,2.18,3.89,0.01,0.01,-677.0,1872.0,362.0,-26463.0,26806,2034,107.7,0.0,11002.0,0,0,0,e1f,d4a,d4a,d4a,d4a,1,1,1,1,1,0,0,0,0,1,1,1,0,0,1,0,1,0,0,1,0,1,0,1,1,0,0,0,1,0,1,0,0,1,0,1,0,1,1,0,0,0,1,0,1,0,0,1,0,1,0,1,1,0,0,0,1,0,1,0,0,1,0,1,0,1,1,0,0
2026,3,29,08:48:48.226,43.32,195,67.1,0.8506,4408.2,412.1,3.939,2.18,3.89,0.01,0.01,-677.0,1872.0,362.0,-26476.0,26843,2041,111.1,0.0,11006.0,0,0,0,e1f,d4a,d4a,d4a,d4a,1,1,1,1,1,0,0,0,0,1,1,1,0,0,1,0,1,0,0,1,0,1,0,1,1,0,0,0,1,0,1,0,0,1,0,1,0,1,1,0,0,0,1,0,1,0,0,1,0,1,0,1,1,0,0,0,1,0,1,0,0,1,0,1,0,1,1,0,0
2026,3,29,08:48:48.246,43.34,215,67.1,0.8503,4419.6,423.5,3.939,2.18,3.89,0.01,0.01,-676.0,1872.0,362.0,-26490.0,26881,2049,114.4,0.0,11011.0,0,0,0,e1f,d4a,d4a,d4a,d4a,1,1,1,1,1,0,0,0,0,1,1,1,0,0,1,0,1,0,0,1,0,1,0,1,1,0,0,0,1,0,1,0,0,1,0,1,0,1,1,0,0,0,1,0,1,0,0,1,0,1,0,1,1,0,0,0,1,0,1,0,0,1,0,1,0,1,1,0,0
2026,3,29,08:48:48.266,43.36,235,67.1,0.8503,4418.3,422.2,3.939,2.18,3.89,0.01,0.01,-676.0,1873.0,362.0,-26503.0,26918,2056,117.7,0.0,11016.0,0,0,0,e1f,d4a,d4a,d4a,d4a,1,1,1,1,1,0,0,0,0,1,1,1,0,0,1,0,1,0,0,1,0,1,0,1,1,0,0,0,1,0,1,0,0,1,0,1,0,1,1,0,0,0,1,0,1,0,0,1,0,1,0,1,1,0,0,0,1,0,1,0,0,1,0,1,0,1,1,0,0
2026,3,29,08:48:48.286,43.38,5,67.1,0.8510,4397.5,401.4,3.939,2.18,3.89,0.01,0.01,-676.0,1873.0,362.0,-26517.0,26956,2063,120.8,0.0,11020.0,0,0,0,e1f,d4a,d4a,d4a,d4a,1,1,1,1,1,0,0,0,0,1,1,1,0,0,1,0,1,0,0,1,0,1,0,1,1,0,0,0,1,0,1,0,0,1,0,1,0,1,1,0,0,0,1,0,1,0,0,1,0,1,0,1,1,0,0,0,1,0,1,0,0,1,0,1,0,1,1,0,0
2026,3,29,08:48:48.306,43.40,25,67.1,0.8510,4397.5,401.4,3.940,2.18,3.89,0.01,0.01,-675.0,1873.0,362.0,-26530.0,26993,2070,123.8,0.0,11025.0,0,0,0,e1f,d4a,d4a,d4a,d4a,1,1,1,1,1,0,0,0,0,1,1,1,0,0,1,0,1,0,0,1,0,1,0,1,1,0,0,0,1,0,1,0,0,1,0,1,0,1,1,0,0,0,1,0,1,0,0,1,0,1,0,1,1,0,0,0,1,0,1,0,0,1,0,1,0,1,1,0,0
2026,3,29,08:48:48.326,43.42,45,67.1,0.8512,4389.3,393.2,3.939,2.18,3.89,0.01,0.01,-675.0,1874.0,362.0,-26544.0,27031,2078,126.5,0.0,11030.0,0,0,0,e1f,d4a,d4a,d4a,d4a,1,1,1,1,1,0,0,0,0,1,1,1,0,0,1,0,1,0,0,1,0,1,0,1,1,0,0,0,1,0,1,0,0,1,0,1,0,1,1,0,0,0,1,0,1,0,0,1,0,1,0,1,1,0,0,0,1,0,1,0,0,1,0,1,0,1,1,0,0
2026,3,29,08:48:48.346,43.44,65,67.1,0.8512,4389.3,393.2,3.939,2.18,3.89,0.01,0.01,-674.0,1874.0,363.0,-26557.0,27068,2085,129.1,0.0,11035.0,0,0,0,e1f,d4a,d4a,d4a,d4a,1,1,1,1,1,0,0,0,0,1,1,1,0,0,1,0,1,0,0,1,0,1,0,1,1,0,0,0,1,0,1,0,0,1,0,1,0,1,1,0,0,0,1,0,1,0,0,1,0,1,0,1,1,0,0,0,1,0,1,0,0,1,0,1,0,1,1,0,0
2026,3,29,08:48:48.366,43.46,85,67.1,0.8516,4379.2,383.1,3.939,2.18,3.89,0.01,0.01,-674.0,1874.0,363.0,-26571.0,27106,2092,131.5,0.0,11040.0,0,0,0,e1f,d4a,d4a,d4a,d4a,1,1,1,1,1,0,0,0,0,1,1,1,0,0,1,0,1,0,0,1,0,1,0,1,1,0,0,0,1,0,1,0,0,1,0,1,0,1,1,0,0,0,1,0,1,0,0,1,0,1,0,1,1,0,0,0,1,0,1,0,0,1,0,1,0,1,1,0,0
2026,3,29,08:48:48.386,43.48,105,67.1,0.8515,4379.8,383.8,3.939,2.18,3.89,0.01,0.01,-674.0,1874.0,364.0,-26584.0,27143,2099,133.7,0.0,11046.0,0,0,0,e1f,d4a,d4a,d4a,d4a,1,1,1,1,1,0,0,0,0,1,1,1,0,0,1,0,1,0,0,1,0,1,0,1,1,0,0,0,1,0,1,0,0,1,0,1,0,1,1,0,0,0,1,0,1,0,0,1,0,1,0,1,1,0,0,0,1,0,1,0,0,1,0,1,0,1,1,0,0
2026,3,29,08:48:48.406,43.50,125,67.1,0.8521,4362.2,366.1,3.939,2.18,3.89,0.01,0.01,-674.0,1875.0,364.0,-26598.0,27181,2107,135.8,0.0,11052.0,0,0,0,e1f,d4a,d4a,d4a,d4a,1,1,1,1,1,0,0,0,0,1,1,1,0,0,1,0,1,0,0,1,0,1,0,1,1,0,0,0,1,0,1,0,0,1,0,1,0,1,1,0,0,0,1,0,1,0,0,1,0,1,0,1,1,0,0,0,1,0,1,0,0,1,0,1,0,1,1,0,0
2026,3,29,08:48:48.426,43.52,145,67.1,0.8521,4361.6,365.5,3.939,2.18,3.89,0.01,0.01,-674.0,1875.0,365.0,-26611.0,27218,2114,137.7,0.0,11059.0,0,0,0,e1f,d4a,d4a,d4a,d4a,1,1,1,1,1,0,0,0,0,1,1,1,0,0,1,0,1,0,0,1,0,1,0,1,1,0,0,0,1,0,1,0,0,1,0,1,0,1,1,0,0,0,1,0,1,0,0,1,0,1,0,1,1,0,0,0,1,0,1,0,0,1,0,1,0,1,1,0,0
2026,3,29,08:48:48.446,43.54,165,67.1,0.8528,4340.8,344.7,3.940,2.18,3.89,0.01,0.01,-674.0,1875.0,365.0,-26625.0,27256,2121,139.5,0.0,11065.0,0,0,0,e1f,d4a,d4a,d4a,d4a,1,1,1,1,1,0,0,0,0,1,1,1,0,0,1,0,1,0,0,1,0,1,0,1,1,0,0,0,1,0,1,0,0,1,0,1,0,1,1,0,0,0,1,0,1,0,0,1,0,1,0,1,1,0,0,0,1,0,1,0,0,1,0,1,0,1,1,0,0
2026,3,29,08:48:48.466,43.56,185,67.1,0.8528,4340.8,344.7,3.940,2.18,3.89,0.01,0.01,-674.0,1875.0,366.0,-26638.0,27293,2129,141.2,0.0,11071.0,0,0,0,e1f,d4a,d4a,d4a,d4a,1,1,1,1,1,0,0,0,0,1,1,1,0,0,1,0,1,0,0,1,0,1,0,1,1,0,0,0,1,0,1,0,0,1,0,1,0,1,1,0,0,0,1,0,1,0,0,1,0,1,0,1,1,0,0,0,1,0,1,0,0,1,0,1,0,1,1,0,0
2026,3,29,08:48:48.486,43.58,205,67.1,0.8528,4340.8,344.7,3.940,2.18,3.89,0.01,0.01,-674.0,1875.0,366.0,-26652.0,27331,2136,142.7,0.0,11077.0,0,0,0,e1f,d4a,d4a,d4a,d4a,1,1,1,1,1,0,0,0,0,1,1,1,0,0,1,0,1,0,0,1,0,1,0,1,1,0,0,0,1,0,1,0,0,1,0,1,0,1,1,0,0,0,1,0,1,0,0,1,0,1,0,1,1,0,0,0,1,0,1,0,0,1,0,1,0,1,1,0,0
2026,3,29,08:48:48.506,43.60,225,67.1,0.8528,4340.8,344.7,3.940,2.18,3.89,0.01,0.01,-674.0,1875.0,367.0,-26665.0,27368,2143,144.2,0.0,11083.0,0,0,0,e1f,d4a,d4a,d4a,d4a,1,1,1,1,1,0,0,0,0,1,1,1,0,0,1,0,1,0,0,1,0,1,0,1,1,0,0,0,1,0,1,0,0,1,0,1,0,1,1,0,0,0,1,0,1,0,0,1,0,1,0,1,1,0,0,0,1,0,1,0,0,1,0,1,0,1,1,0,0
2026,3,29,08:48:48.526,43.62,245,67.1,0.8537,4313.1,317.0,3.940,2.18,3.89,0.01,0.01,-675.0,1875.0,367.0,-26679.0,27406,2151,145.6,0.0,11088.0,0,0,0,e1f,d4a,d4a,d4a,d4a,1,1,1,1,1,0,0,0,0,1,1,1,0,0,1,0,1,0,0,1,0,1,0,1,1,0,0,0,1,0,1,0,0,1,0,1,0,1,1,0,0,0,1,0,1,0,0,1,0,1,0,1,1,0,0,0,1,0,1,0,0,1,0,1,0,1,1,0,0
2026,3,29,08:48:48.546,43.64,15,67.1,0.8537,4313.1,317.0,3.940,2.18,3.89,0.01,0.01,-675.0,1875.0,367.0,-26692.0,27443,2158,147.0,0.0,11092.0,0,0,0,e1f,d4a,d4a,d4a,d4a,1,1,1,1,1,0,0,0,0,1,1,1,0,0,1,0,1,0,0,1,0,1,0,1,1,0,0,0,1,0,1,0,0,1,0,1,0,1,1,0,0,0,1,0,1,0,0,1,0,1,0,1,1,0,0,0,1,0,1,0,0,1,0,1,0,1,1,0,0
2026,3,29,08:48:48.566,43.66,35,67.1,0.8538,4308.7,312.6,3.939,2.18,3.89,0.01,0.01,-675.0,1876.0,368.0,-26706.0,27481,2165,148.3,0.0,11097.0,0,0,0,e1f,d4a,d4a,d4a,d4a,1,1,1,1,1,0,0,0,0,1,1,1,0,0,1,0,1,0,0,1,0,1,0,1,1,0,0,0,1,0,1,0,0,1,0,1,0,1,1,0,0,0,1,0,1,0,0,1,0,1,0,1,1,0,0,0,1,0,1,0,0,1,0,1,0,1,1,0,0
2026,3,29,08:48:48.586,43.68,55,67.1,0.8538,4308.7,312.6,3.940,2.18,3.89,0.01,0.01,-676.0,1876.0,368.0,-26719.0,27518,2173,149.6,0.0,11101.0,0,0,0,e1f,d4a,d4a,d4a,d4a,1,1,1,1,1,0,0,0,0,1,1,1,0,0,1,0,1,0,0,1,0,1,0,1,1,0,0,0,1,0,1,0,0,1,0,1,0,1,1,0,0,0,1,0,1,0,0,1,0,1,0,1,1,0,0,0,1,0,1,0,0,1,0,1,0,1,1,0,0
2026,3,29,08:48:48.606,43.70,75,67.1,0.8543,4293.6,297.5,3.940,2.18,3.89,0.01,0.01,-676.0,1877.0,368.0,-26733.0,27556,2180,150.9,0.0,11105.0,0,0,0,e1f,d4a,d4a,d4a,d4a,1,1,1,1,1,0,0,0,0,1,1,1,0,0,1,0,1,0,0,1,0,1,0,1,1,0,0,0,1,0,1,0,0,1,0,1,0,1,1,0,0,0,1,0,1,0,0,1,0,1,0,1,1,0,0,0,1,0,1,0,0,1,0,1,0,1,1,0,0
2026,3,29,08:48:48.626,43.72,95,67.1,0.8543,4293.6,297.5,3.940,2.18,3.89,0.01,0.01,-676.0,1877.0,369.0,-26747.0,27593,2187,152.1,0.0,11109.0,0,0,0,e1f,d4a,d4a,d4a,d4a,1,1,1,1,1,0,0,0,0,1,1,1,0,0,1,0,1,0,0,1,0,1,0,1,1,0,0,0,1,0,1,0,0,1,0,1,0,1,1,0,0,0,1,0,1,0,0,1,0,1,0,1,1,0,0,0,1,0,1,0,0,1,0,1,0,1,1,0,0
2026,3,29,08:48:48.646,43.74,115,67.1,0.8542,4296.7,300.7,3.940,2.18,3.89,0.01,0.01,-677.0,1878.0,369.0,-26760.0,27631,2195,153.2,0.0,11114.0,0,0,0,e1f,d4a,d4a,d4a,d4a,1,1,1,1,1,0,0,0,0,1,1,1,0,0,1,0,1,0,0,1,0,1,0,1,1,0,0,0,1,0,1,0,0,1,0,1,0,1,1,0,0,0,1,0,1,0,0,1,0,1,0,1,1,0,0,0,1,0,1,0,0,1,0,1,0,1,1,0,0
2026,3,29,23:17:04.087,43.76,128,59.0,0.9756,681.4,-3314.7,4.068,1.66,2.38,0.01,0.01,-419.0,-48.0,1420.0,-15669.0,-2483,-12525,144.7,0.0,53.0,0,0,0,eff,cc9,cc9,cc9,cc9,1,1,1,1,1,1,1,1,0,1,1,1,0,1,0,0,1,0,0,1,1,0,0,1,1,0,0,1,0,0,1,0,0,1,1,0,0,1,1,0,0,1,0,0,1,0,0,1,1,0,0,1,1,0,0,1,0,0,1,0,0,1,1,0,0,1,1,0,0
2026,3,29,23:17:04.107,43.78,148,59.0,0.9756,681.4,-3314.7,4.067,1.66,2.38,0.01,0.01,-419.0,-48.0,1421.0,-15677.0,-2484,-12497,144.7,0.0,53.0,0,0,0,eff,cc9,cc9,cc9,cc9,1,1,1,1,1,1,1,1,0,1,1,1,0,1,0,0,1,0,0,1,1,0,0,1,1,0,0,1,0,0,1,0,0,1,1,0,0,1,1,0,0,1,0,0,1,0,0,1,1,0,0,1,1,0,0,1,0,0,1,0,0,1,1,0,0,1,1,0,0
2026,3,29,23:17:04.127,43.80,168,59.0,0.9756,681.4,-3314.7,4.067,1.66,2.38,0.01,0.01,-419.0,-48.0,1421.0,-15686.0,-2485,-12468,144.7,0.0,53.0,0,0,0,eff,cc9,cc9,cc9,cc9,1,1,1,1,1,1,1,1,0,1,1,1,0,1,0,0,1,0,0,1,1,0,0,1,1,0,0,1,0,0,1,0,0,1,1,0,0,1,1,0,0,1,0,0,1,0,0,1,1,0,0,1,1,0,0,1,0,0,1,0,0,1,1,0,0,1,1,0,0
2026,3,29,23:17:04.147,43.82,188,59.0,0.9756,681.4,-3314.7,4.067,1.66,2.38,0.01,0.01,-419.0,-48.0,1422.0,-15694.0,-2486,-12440,144.7,0.0,53.0,0,0,0,eff,cc9,cc9,cc9,cc9,1,1,1,1,1,1,1,1,0,1,1,1,0,1,0,0,1,0,0,1,1,0,0,1,1,0,0,1,0,0,1,0,0,1,1,0,0,1,1,0,0,1,0,0,1,0,0,1,1,0,0,1,1,0,0,1,0,0,1,0,0,1,1,0,0,1,1,0,0
2026,3,29,08:48:44.826,43.84,45,67.1,0.8433,4639.9,643.9,3.939,2.08,3.89,0.01,0.01,-657.0,1800.0,341.0,-24223.0,20600,836,36.4,0.0,10531.0,0,0,0,e1f,d4e,d4a,d4a,d4a,1,1,1,1,1,0,0,0,0,1,1,1,0,0,1,1,1,0,0,1,0,1,0,1,1,0,0,0,1,0,1,0,0,1,0,1,0,1,1,0,0,0,1,0,1,0,0,1,0,1,0,1,1,0,0,0,1,0,1,0,0,1,0,1,0,1,1,0,0
2026,3,29,08:48:44.846,43.86,65,67.1,0.8428,4655.8,659.8,3.939,2.08,3.89,0.01,0.01,-656.0,1800.0,341.0,-24236.0,20636,842,36.9,0.0,10534.0,0,0,0,e1f,d4e,d4a,d4a,d4a,1,1,1,1,1,0,0,0,0,1,1,1,0,0,1,1,1,0,0,1,0,1,0,1,1,0,0,0,1,0,1,0,0,1,0,1,0,1,1,0,0,0,1,0,1,0,0,1,0,1,0,1,1,0,0,0,1,0,1,0,0,1,0,1,0,1,1,0,0
2026,3,29,08:48:44.866,43.88,85,67.0,0.8428,4657.1,661.0,3.940,2.08,3.89,0.01,0.01,-656.0,1800.0,341.0,-24250.0,20672,849,37.2,0.0,10537.0,0,0,0,e1f,d4e,d4a,d4a,d4a,1,1,1,1,1,0,0,0,0,1,1,1,0,0,1,1,1,0,0,1,0,1,0,1,1,0,0,0,1,0,1,0,0,1,0,1,0,1,1,0,0,0,1,0,1,0,0,1,0,1,0,1,1,0,0,0,1,0,1,0,0,1,0,1,0,1,1,0,0
2026,3,29,08:48:44.886,43.90,105,67.0,0.8422,4674.9,678.8,3.939,2.08,3.89,0.01,0.01,-656.0,1800.0,341.0,-24263.0,20708,856,37.3,0.0,10540.0,0,0,0,e1f,d4e,d4a,d4a,d4a,1,1,1,1,1,0,0,0,0,1,1,1,0,0,1,1,1,0,0,1,0,1,0,1,1,0,0,0,1,0,1,0,0,1,0,1,0,1,1,0,0,0,1,0,1,0,0,1,0,1,0,1,1,0,0,0,1,0,1,0,0,1,0,1,0,1,1,0,0
2026,3,29,08:48:44.906,43.92,125,67.0,0.8422,4675.5,679.5,3.939,2.08,3.89,0.01,0.01,-656.0,1800.0,341.0,-24276.0,20744,863,37.2,0.0,10543.0,0,0,0,e1f,d4e,d4a,d4a,d4a,1,1,1,1,1,0,0,0,0,1,1,1,0,0,1,1,1,0,0,1,0,1,0,1,1,0,0,0,1,0,1,0,0,1,0,1,0,1,1,0,0,0,1,0,1,0,0,1,0,1,0,1,1,0,0,0,1,0,1,0,0,1,0,1,0,1,1,0,0
2026,3,29,08:48:44.926,43.94,145,67.0,0.8416,4693.3,697.3,3.939,2.08,3.89,0.01,0.01,-656.0,1800.0,340.0,-24289.0,20780,870,36.8,0.0,10546.0,0,0,0,e1f,d4e,d4a,d4a,d4a,1,1,1,1,1,0,0,0,0,1,1,1,0,0,1,1,1,0,0,1,0,1,0,1,1,0,0,0,1,0,1,0,0,1,0,1,0,1,1,0,0,0,1,0,1,0,0,1,0,1,0,1,1,0,0,0,1,0,1,0,0,1,0,1,0,1,1,0,0
2026,3,29,08:48:44.946,43.96,165,67.0,0.8416,4694.6,698.5,3.939,2.08,3.89,0.01,0.01,-655.0,1800.0,340.0,-24302.0,20816,876,36.3,0.0,10550.0,0,0,0,e1f,d4e,d4a,d4a,d4a,1,1,1,1,1,0,0,0,0,1,1,1,0,0,1,1,1,0,0,1,0,1,0,1,1,0,0,0,1,0,1,0,0,1,0,1,0,1,1,0,0,0,1,0,1,0,0,1,0,1,0,1,1,0,0,0,1,0,1,0,0,1,0,1,0,1,1,0,0
2026,3,29,08:48:44.966,43.98,185,67.0,0.8409,4717.5,721.5,3.939,2.08,3.89,0.01,0.01,-655.0,1800.0,340.0,-24315.0,20852,883,35.5,0.0,10553.0,0,0,0,e1f,d4e,d4a,d4a,d4a,1,1,1,1,1,0,0,0,0,1,1,1,0,0,1,1,1,0,0,1,0,1,0,1,1,0,0,0,1,0,1,0,0,1,0,1,0,1,1,0,0,0,1,0,1,0,0,1,0,1,0,1,1,0,0,0,1,0,1,0,0,1,0,1,0,1,1,0,0
2026,3,29,08:48:44.986,44.00,205,66.9,0.8408,4718.8,722.7,3.939,2.08,3.89,0.01,0.01,-655.0,1800.0,340.0,-24328.0,20888,890,34.7,0.0,10556.0,0,0,0,e1f,d4e,d4a,d4a,d4a,1,1,1,1,1,0,0,0,0,1,1,1,0,0,1,1,1,0,0,1,0,1,0,1,1,0,0,0,1,0,1,0,0,1,0,1,0,1,1,0,0,0,1,0,1,0,0,1,0,1,0,1,1,0,0,0,1,0,1,0,0,1,0,1,0,1,1,0,0
2026,3,29,08:48:45.006,44.02,225,66.9,0.8399,4748.1,752.0,3.938,2.08,3.89,0.01,0.01,-655.0,1801.0,340.0,-24341.0,20924,897,33.6,0.0,10559.0,0,0,0,e1f,d4e,d4a,d4a,d4a,1,1,1,1,1,0,0,0,0,1,1,1,0,0,1,1,1,0,0,1,0,1,0,1,1,0,0,0,1,0,1,0,0,1,0,1,0,1,1,0,0,0,1,0,1,0,0,1,0,1,0,1,1,0,0,0,1,0,1,0,0,1,0,1,0,1,1,0,0
2026,3,29,08:48:45.026,44.04,245,66.9,0.8399,4749.4,753.3,3.938,2.08,3.89,0.01,0.01,-655.0,1801.0,340.0,-24355.0,20960,904,32.5,0.0,10562.0,0,0,0,e1f,d4e,d4a,d4a,d4a,1,1,1,1,1,0,0,0,0,1,1,1,0,0,1,1,1,0,0,1,0,1,0,1,1,0,0,0,1,0,1,0,0,1,0,1,0,1,1,0,0,0,1,0,1,0,0,1,0,1,0,1,1,0,0,0,1,0,1,0,0,1,0,1,0,1,1,0,0
2026,3,29,08:48:45.046,44.06,15,66.9,0.8392,4770.4,774.4,3.939,2.08,3.89,0.01,0.01,-655.0,1801.0,340.0,-24368.0,20996,911,31.4,0.0,10565.0,0,0,0,e1f,d4e,d4a,d4a,d4a,1,1,1,1,1,0,0,0,0,1,1,1,0,0,1,1,1,0,0,1,0,1,0,1,1,0,0,0,1,0,1,0,0,1,0,1,0,1,1,0,0,0,1,0,1,0,0,1,0,1,0,1,1,0,0,0,1,0,1,0,0,1,0,1,0,1,1,0,0
2026,3,29,08:48:45.066,44.08,35,66.9,0.8392,4771.7,775.6,3.939,2.08,3.88,0.01,0.01,-655.0,1802.0,340.0,-24381.0,21032,917,30.3,0.0,10568.0,0,0,0,e1f,d4e,d4a,d4a,d4a,1,1,1,1,1,0,0,0,0,1,1,1,0,0,1,1,1,0,0,1,0,1,0,1,1,0,0,0,1,0,1,0,0,1,0,1,0,1,1,0,0,0,1,0,1,0,0,1,0,1,0,1,1,0,0,0,1,0,1,0,0,1,0,1,0,1,1,0,0
2026,3,29,08:48:45.086,44.10,55,66.9,0.8387,4787.6,791.6,3.939,2.08,3.88,0.01,0.01,-656.0,1802.0,341.0,-24394.0,21068,924,29.3,0.0,10571.0,0,0,0,e1f,d4e,d4a,d4a,d4a,1,1,1,1,1,0,0,0,0,1,1,1,0,0,1,1,1,0,0,1,0,1,0,1,1,0,0,0,1,0,1,0,0,1,0,1,0,1,1,0,0,0,1,0,1,0,0,1,0,1,0,1,1,0,0,0,1,0,1,0,0,1,0,1,0,1,1,0,0
2026,3,29,08:48:45.106,44.12,75,66.8,0.8387,4788.3,792.2,3.939,2.08,3.89,0.01,0.01,-656.0,1803.0,341.0,-24407.0,21104,931,28.5,0.0,10574.0,0,0,0,e1f,d4e,d4a,d4a,d4a,1,1,1,1,1,0,0,0,0,1,1,1,0,0,1,1,1,0,0,1,0,1,0,1,1,0,0,0,1,0,1,0,0,1,0,1,0,1,1,0,0,0,1,0,1,0,0,1,0,1,0,1,1,0,0,0,1,0,1,0,0,1,0,1,0,1,1,0,0
2026,3,29,08:48:45.126,44.14,95,66.8,0.8381,4806.8,810.7,3.939,2.09,3.89,0.01,0.01,-656.0,1803.0,342.0,-24420.0,21140,938,27.8,0.0,10577.0,0,0,0,e1f,d4e,d4a,d4a,d4a,1,1,1,1,1,0,0,0,0,1,1,1,0,0,1,1,1,0,0,1,0,1,0,1,1,0,0,0,1,0,1,0,0,1,0,1,0,1,1,0,0,0,1,0,1,0,0,1,0,1,0,1,1,0,0,0,1,0,1,0,0,1,0,1,0,1,1,0,0
2026,3,29,08:48:45.146,44.16,115,66.8,0.8381,4807.4,811.4,3.939,2.09,3.89,0.01,0.01,-657.0,1804.0,343.0,-24433.0,21176,945,27.3,0.0,10580.0,0,0,0,e1f,d4e,d4a,d4a,d4a,1,1,1,1,1,0,0,0,0,1,1,1,0,0,1,1,1,0,0,1,0,1,0,1,1,0,0,0,1,0,1,0,0,1,0,1,0,1,1,0,0,0,1,0,1,0,0,1,0,1,0,1,1,0,0,0,1,0,1,0,0,1,0,1,0,1,1,0,0
2026,3,29,08:48:45.166,44.18,135,66.8,0.8373,4830.4,834.4,3.940,2.09,3.89,0.01,0.01,-657.0,1804.0,343.0,-24446.0,21212,952,27.0,0.0,10583.0,0,0,0,e1f,d4e,d4a,d4a,d4a,1,1,1,1,1,0,0,0,0,1,1,1,0,0,1,1,1,0,0,1,0,1,0,1,1,0,0,0,1,0,1,0,0,1,0,1,0,1,1,0,0,0,1,0,1,0,0,1,0,1,0,1,1,0,0,0,1,0,1,0,0,1,0,1,0,1,1,0,0
2026,3,29,08:48:45.186,44.20,155,66.8,0.8373,4830.4,834.4,3.939,2.09,3.89,0.01,0.01,-657.0,1804.0,344.0,-24460.0,21248,958,26.9,0.0,10586.0,0,0,0,e1f,d4e,d4a,d4a,d4a,1,1,1,1,1,0,0,0,0,1,1,1,0,0,1,1,1,0,0,1,0,1,0,1,1,0,0,0,1,0,1,0,0,1,0,1,0,1,1,0,0,0,1,0,1,0,0,1,0,1,0,1,1,0,0,0,1,0,1,0,0,1,0,1,0,1,1,0,0
2026,3,29,08:48:45.206,44.22,175,66.8,0.8369,4845.1,849.1,3.939,2.09,3.89,0.01,0.01,-658.0,1805.0,344.0,-24473.0,21284,965,27.0,0.0,10589.0,0,0,0,e1f,d4e,d4a,d4a,d4a,1,1,1,1,1,0,0,0,0,1,1,1,0,0,1,1,1,0,0,1,0,1,0,1,1,0,0,0,1,0,1,0,0,1,0,1,0,1,1,0,0,0,1,0,1,0,0,1,0,1,0,1,1,0,0,0,1,0,1,0,0,1,0,1,0,1,1,0,0
2026,3,29,08:48:45.226,44.24,195,66.8,0.8368,4846.4,850.4,3.939,2.09,3.89,0.01,0.01,-658.0,1805.0,345.0,-24486.0,21320,972,27.2,0.0,10592.0,0,0,0,e1f,d4e,d4a,d4a,d4a,1,1,1,1,1,0,0,0,0,1,1,1,0,0,1,1,1,0,0,1,0,1,0,1,1,0,0,0,1,0,1,0,0,1,0,1,0,1,1,0,0,0,1,0,1,0,0,1,0,1,0,1,1,0,0,0,1,0,1,0,0,1,0,1,0,1,1,0,0
2026,3,29,08:48:45.246,44.26,215,66.8,0.8366,4852.8,856.7,3.939,2.09,3.89,0.01,0.01,-658.0,1805.0,345.0,-24499.0,21356,979,27.7,0.0,10595.0,0,0,0,e1f,d4e,d4a,d4a,d4a,1,1,1,1,1,0,0,0,0,1,1,1,0,0,1,1,1,0,0,1,0,1,0,1,1,0,0,0,1,0,1,0,0,1,0,1,0,1,1,0,0,0,1,0,1,0,0,1,0,1,0,1,1,0,0,0,1,0,1,0,0,1,0,1,0,1,1,0,0
2026,3,29,08:48:45.266,44.28,235,66.8,0.8366,4853.4,857.4,3.940,2.09,3.89,0.01,0.01,-659.0,1806.0,345.0,-24512.0,21393,986,28.3,0.0,10598.0,0,0,0,e1f,d4e,d4a,d4a,d4a,1,1,1,1,1,0,0,0,0,1,1,1,0,0,1,1,1,0,0,1,0,1,0,1,1,0,0,0,1,0,1,0,0,1,0,1,0,1,1,0,0,0,1,0,1,0,0,1,0,1,0,1,1,0,0,0,1,0,1,0,0,1,0,1,0,1,1,0,0
2026,3,29,08:48:45.286,44.30,5,66.8,0.8363,4863.0,867.0,3.940,2.09,3.89,0.01,0.01,-659.0,1806.0,346.0,-24525.0,21429,993,29.1,0.0,10602.0,0,0,0,e1f,d4e,d4a,d4a,d4a,1,1,1,1,1,0,0,0,0,1,1,1,0,0,1,1,1,0,0,1,0,1,0,1,1,0,0,0,1,0,1,0,0,1,0,1,0,1,1,0,0,0,1,0,1,0,0,1,0,1,0,1,1,0,0,0,1,0,1,0,0,1,0,1,0,1,1,0,0
2026,3,29,08:48:45.306,44.32,25,66.8,0.8363,4863.7,867.6,3.939,2.09,3.89,0.01,0.01,-659.0,1806.0,346.0,-24539.0,21465,1000,29.9,0.0,10605.0,0,0,0,e1f,d4e,d4a,d4a,d4a,1,1,1,1,1,0,0,0,0,1,1,1,0,0,1,1,1,0,0,1,0,1,0,1,1,0,0,0,1,0,1,0,0,1,0,1,0,1,1,0,0,0,1,0,1,0,0,1,0,1,0,1,1,0,0,0,1,0,1,0,0,1,0,1,0,1,1,0,0
2026,3,29,08:48:45.326,44.34,45,66.8,0.8364,4860.5,864.4,3.939,2.09,3.89,0.01,0.01,-659.0,1807.0,346.0,-24552.0,21501,1007,30.8,0.0,10608.0,0,0,0,e1f,d4e,d4a,d4a,d4a,1,1,1,1,1,0,0,0,0,1,1,1,0,0,1,1,1,0,0,1,0,1,0,1,1,0,0,0,1,0,1,0,0,1,0,1,0,1,1,0,0,0,1,0,1,0,0,1,0,1,0,1,1,0,0,0,1,0,1,0,0,1,0,1,0,1,1,0,0
2026,3,29,08:48:45.346,44.36,65,66.8,0.8364,4859.8,863.8,3.940,2.09,3.89,0.01,0.01,-659.0,1807.0,346.0,-24565.0,21537,1014,31.8,0.0,10611.0,0,0,0,e1f,d4e,d4a,d4a,d4a,1,1,1,1,1,0,0,0,0,1,1,1,0,0,1,1,1,0,0,1,0,1,0,1,1,0,0,0,1,0,1,0,0,1,0,1,0,1,1,0,0,0,1,0,1,0,0,1,0,1,0,1,1,0,0,0,1,0,1,0,0,1,0,1,0,1,1,0,0
2026,3,29,08:48:45.366,44.38,85,66.8,0.8365,4858.6,862.5,3.939,2.09,3.89,0.01,0.01,-659.0,1808.0,345.0,-24578.0,21573,1021,32.8,0.0,10614.0,0,0,0,e1f,d4e,d4a,d4a,d4a,1,1,1,1,1,0,0,0,0,1,1,1,0,0,1,1,1,0,0,1,0,1,0,1,1,0,0,0,1,0,1,0,0,1,0,1,0,1,1,0,0,0,1,0,1,0,0,1,0,1,0,1,1,0,0,0,1,0,1,0,0,1,0,1,0,1,1,0,0
2026,3,29,08:48:45.386,44.40,105,66.8,0.8365,4858.6,862.5,3.939,2.09,3.89,0.01,0.01,-659.0,1808.0,345.0,-24591.0,21610,1028,33.7,0.0,10617.0,0,0,0,e1f,d4e,d4a,d4a,d4a,1,1,1,1,1,0,0,0,0,1,1,1,0,0,1,1,1,0,0,1,0,1,0,1,1,0,0,0,1,0,1,0,0,1,0,1,0,1,1,0,0,0,1,0,1,0,0,1,0,1,0,1,1,0,0,0,1,0,1,0,0,1,0,1,0,1,1,0,0
2026,3,29,08:48:45.406,44.42,125,66.8,0.8366,4854.7,858.7,3.939,2.09,3.89,0.01,0.01,-659.0,1809.0,345.0,-24605.0,21646,1034,34.7,0.0,10620.0,0,0,0,e1f,d4e,d4a,d4a,d4a,1,1,1,1,1,0,0,0,0,1,1,1,0,0,1,1,1,0,0,1,0,1,0,1,1,0,0,0,1,0,1,0,0,1,0,1,0,1,1,0,0,0,1,0,1,0,0,1,0,1,0,1,1,0,0,0,1,0,1,0,0,1,0,1,0,1,1,0,0
2026,3,29,08:48:45.426,44.44,145,66.8,0.8366,4854.1,858.0,3.939,2.09,3.89,0.01,0.01,-659.0,1809.0,345.0,-24618.0,21682,1041,35.5,0.0,10622.0,0,0,0,e1f,d4e,d4a,d4a,d4a,1,1,1,1,1,0,0,0,0,1,1,1,0,0,1,1,1,0,0,1,0,1,0,1,1,0,0,0,1,0,1,0,0,1,0,1,0,1,1,0,0,0,1,0,1,0,0,1,0,1,0,1,1,0,0,0,1,0,1,0,0,1,0,1,0,1,1,0,0
2026,3,29,08:48:45.446,44.46,165,66.8,0.8371,4839.4,843.3,3.939,2.09,3.89,0.01,0.01,-659.0,1810.0,344.0,-24631.0,21718,1048,36.3,0.0,10625.0,0,0,0,e1f,d4e,d4a,d4a,d4a,1,1,1,1,1,0,0,0,0,1,1,1,0,0,1,1,1,0,0,1,0,1,0,1,1,0,0,0,1,0,1,0,0,1,0,1,0,1,1,0,0,0,1,0,1,0,0,1,0,1,0,1,1,0,0,0,1,0,1,0,0,1,0,1,0,1,1,0,0
2026,3,29,08:48:45.466,44.48,185,66.8,0.8371,4838.7,842.7,3.940,2.09,3.89,0.01,0.01,-658.0,1810.0,344.0,-24644.0,21754,1055,37.0,0.0,10627.0,0,0,0,e1f,d4e,d4a,d4a,d4a,1,1,1,1,1,0,0,0,0,1,1,1,0,0,1,1,1,0,0,1,0,1,0,1,1,0,0,0,1,0,1,0,0,1,0,1,0,1,1,0,0,0,1,0,1,0,0,1,0,1,0,1,1,0,0,0,1,0,1,0,0,1,0,1,0,1,1,0,0
2026,3,29,08:48:45.486,44.50,205,66.8,0.8371,4838.7,842.7,3.939,2.09,3.89,0.01,0.01,-658.0,1811.0,343.0,-24657.0,21790,1062,37.6,0.0,10629.0,0,0,0,e1f,d4e,d4a,d4a,d4a,1,1,1,1,1,0,0,0,0,1,1,1,0,0,1,1,1,0,0,1,0,1,0,1,1,0,0,0,1,0,1,0,0,1,0,1,0,1,1,0,0,0,1,0,1,0,0,1,0,1,0,1,1,0,0,0,1,0,1,0,0,1,0,1,0,1,1,0,0
2026,3,29,08:48:45.506,44.52,225,66.8,0.8371,4838.1,842.0,3.940,2.09,3.89,0.01,0.01,-658.0,1811.0,343.0,-24670.0,21827,1069,38.0,0.0,10631.0,0,0,0,e1f,d4e,d4a,d4a,d4a,1,1,1,1,1,0,0,0,0,1,1,1,0,0,1,1,1,0,0,1,0,1,0,1,1,0,0,0,1,0,1,0,0,1,0,1,0,1,1,0,0,0,1,0,1,0,0,1,0,1,0,1,1,0,0,0,1,0,1,0,0,1,0,1,0,1,1,0,0
2026,3,29,08:48:45.526,44.54,245,66.8,0.8376,4823.4,827.3,3.939,2.09,3.89,0.01,0.01,-658.0,1812.0,343.0,-24684.0,21863,1076,38.4,0.0,10633.0,0,0,0,e1f,d4e,d4a,d4a,d4a,1,1,1,1,1,0,0,0,0,1,1,1,0,0,1,1,1,0,0,1,0,1,0,1,1,0,0,0,1,0,1,0,0,1,0,1,0,1,1,0,0,0,1,0,1,0,0,1,0,1,0,1,1,0,0,0,1,0,1,0,0,1,0,1,0,1,1,0,0
2026,3,29,08:48:45.546,44.56,15,66.9,0.8376,4822.1,826.1,3.940,2.09,3.89,0.01,0.01,-658.0,1812.0,343.0,-24697.0,21899,1083,38.6,0.0,10635.0,0,0,0,e1f,d4e,d4a,d4a,d4a,1,1,1,1,1,0,0,0,0,1,1,1,0,0,1,1,1,0,0,1,0,1,0,1,1,0,0,0,1,0,1,0,0,1,0,1,0,1,1,0,0,0,1,0,1,0,0,1,0,1,0,1,1,0,0,0,1,0,1,0,0,1,0,1,0,1,1,0,0
2026,3,29,08:48:45.566,44.58,35,66.9,0.8381,4806.2,810.1,3.939,2.09,3.89,0.01,0.01,-657.0,1813.0,342.0,-24710.0,21935,1090,38.8,0.0,10637.0,0,0,0,e1f,d4e,d4a,d4a,d4a,1,1,1,1,1,0,0,0,0,1,1,1,0,0,1,1,1,0,0,1,0,1,0,1,1,0,0,0,1,0,1,0,0,1,0,1,0,1,1,0,0,0,1,0,1,0,0,1,0,1,0,1,1,0,0,0,1,0,1,0,0,1,0,1,0,1,1,0,0
2026,3,29,08:48:45.586,44.60,55,66.9,0.8381,4804.9,808.8,3.939,2.09,3.89,0.01,0.01,-657.0,1814.0,342.0,-24723.0,21972,1096,38.8,0.0,10639.0,0,0,0,e1f,d4e,d4a,d4a,d4a,1,1,1,1,1,0,0,0,0,1,1,1,0,0,1,1,1,0,0,1,0,1,0,1,1,0,0,0,1,0,1,0,0,1,0,1,0,1,1,0,0,0,1,0,1,0,0,1,0,1,0,1,1,0,0,0,1,0,1,0,0,1,0,1,0,1,1,0,0
2026,3,29,08:48:45.606,44.62,75,66.9,0.8387,4787.0,791.0,3.940,2.09,3.89,0.01,0.01,-657.0,1815.0,342.0,-24736.0,22008,1103,38.6,0.0,10641.0,0,0,0,e1f,d4e,d4a,d4a,d4a,1,1,1,1,1,0,0,0,0,1,1,1,0,0,1,1,1,0,0,1,0,1,0,1,1,0,0,0,1,0,1,0,0,1,0,1,0,1,1,0,0,0,1,0,1,0,0,1,0,1,0,1,1,0,0,0,1,0,1,0,0,1,0,1,0,1,1,0,0
2026,3,29,08:48:45.626,44.64,95,66.9,0.8387,4785.7,789.7,3.939,2.09,3.89,0.01,0.01,-657.0,1816.0,342.0,-24749.0,22044,1110,38.4,0.0,10644.0,0,0,0,e1f,d4e,d4a,d4a,d4a,1,1,1,1,1,0,0,0,0,1,1,1,0,0,1,1,1,0,0,1,0,1,0,1,1,0,0,0,1,0,1,0,0,1,0,1,0,1,1,0,0,0,1,0,1,0,0,1,0,1,0,1,1,0,0,0,1,0,1,0,0,1,0,1,0,1,1,0,0
2026,3,29,08:48:45.646,44.66,115,66.9,0.8398,4753.2,757.1,3.939,2.09,3.89,0.01,0.01,-656.0,1816.0,342.0,-24763.0,22081,1117,37.9,0.0,10646.0,0,0,0,e1f,d4e,d4a,d4a,d4a,1,1,1,1,1,0,0,0,0,1,1,1,0,0,1,1,1,0,0,1,0,1,0,1,1,0,0,0,1,0,1,0,0,1,0,1,0,1,1,0,0,0,1,0,1,0,0,1,0,1,0,1,1,0,0,0,1,0,1,0,0,1,0,1,0,1,1,0,0
2026,3,29,08:48:45.666,44.68,135,67.0,0.8398,4752.6,756.5,3.939,2.09,3.89,0.01,0.01,-656.0,1817.0,342.0,-24776.0,22117,1124,37.4,0.0,10648.0,0,0,0,e1f,d4e,d4a,d4a,d4a,1,1,1,1,1,0,0,0,0,1,1,1,0,0,1,1,1,0,0,1,0,1,0,1,1,0,0,0,1,0,1,0,0,1,0,1,0,1,1,0,0,0,1,0,1,0,0,1,0,1,0,1,1,0,0,0,1,0,1,0,0,1,0,1,0,1,1,0,0
2026,3,29,08:48:45.686,44.70,155,67.0,0.8405,4730.9,734.8,3.940,2.10,3.89,0.01,0.01,-656.0,1818.0,342.0,-24789.0,22153,1131,36.7,0.0,10650.0,0,0,0,e1f,d4e,d4a,d4a,d4a,1,1,1,1,1,0,0,0,0,1,1,1,0,0,1,1,1,0,0,1,0,1,0,1,1,0,0,0,1,0,1,0,0,1,0,1,0,1,1,0,0,0,1,0,1,0,0,1,0,1,0,1,1,0,0,0,1,0,1,0,0,1,0,1,0,1,1,0,0
2026,3,29,08:48:45.706,44.72,175,67.0,0.8405,4730.3,734.2,3.939,2.10,3.89,0.01,0.01,-656.0,1819.0,342.0,-24802.0,22190,1138,35.9,0.0,10651.0,0,0,0,e1f,d4e,d4a,d4a,d4a,1,1,1,1,1,0,0,0,0,1,1,1,0,0,1,1,1,0,0,1,0,1,0,1,1,0,0,0,1,0,1,0,0,1,0,1,0,1,1,0,0,0,1,0,1,0,0,1,0,1,0,1,1,0,0,0,1,0,1,0,0,1,0,1,0,1,1,0,0
2026,3,29,08:48:45.726,44.74,195,67.0,0.8410,4712.4,716.4,3.940,2.10,3.89,0.01,0.01,-656.0,1820.0,343.0,-24815.0,22226,1144,35.1,0.0,10653.0,0,0,0,e1f,d4e,d4a,d4a,d4a,1,1,1,1,1,0,0,0,0,1,1,1,0,0,1,1,1,0,0,1,0,1,0,1,1,0,0,0,1,0,1,0,0,1,0,1,0,1,1,0,0,0,1,0,1,0,0,1,0,1,0,1,1,0,0,0,1,0,1,0,0,1,0,1,0,1,1,0,0
2026,3,29,08:48:45.746,44.76,215,67.0,0.8411,4711.8,715.7,3.940,2.10,3.89,0.01,0.01,-656.0,1821.0,343.0,-24828.0,22263,1151,34.2,0.0,10654.0,0,0,0,e1f,d4e,d4a,d4a,d4a,1,1,1,1,1,0,0,0,0,1,1,1,0,0,1,1,1,0,0,1,0,1,0,1,1,0,0,0,1,0,1,0,0,1,0,1,0,1,1,0,0,0,1,0,1,0,0,1,0,1,0,1,1,0,0,0,1,0,1,0,0,1,0,1,0,1,1,0,0
2026,3,29,08:48:45.766,44.78,235,67.0,0.8413,4704.2,708.1,3.939,2.10,3.89,0.01,0.01,-656.0,1822.0,344.0,-24841.0,22299,1158,33.2,0.0,10655.0,0,0,0,e1f,d4e,d4a,d4a,d4a,1,1,1,1,1,0,0,0,0,1,1,1,0,0,1,1,1,0,0,1,0,1,0,1,1,0,0,0,1,0,1,0,0,1,0,1,0,1,1,0,0,0,1,0,1,0,0,1,0,1,0,1,1,0,0,0,1,0,1,0,0,1,0,1,0,1,1,0,0
2026,3,29,08:48:45.786,44.80,5,67.0,0.8413,4702.9,706.8,3.940,2.10,3.89,0.01,0.01,-656.0,1823.0,344.0,-24854.0,22335,1165,32.3,0.0,10656.0,0,0,0,e1f,d4e,d4a,d4a,d4a,1,1,1,1,1,0,0,0,0,1,1,1,0,0,1,1,1,0,0,1,0,1,0,1,1,0,0,0,1,0,1,0,0,1,0,1,0,1,1,0,0,0,1,0,1,0,0,1,0,1,0,1,1,0,0,0,1,0,1,0,0,1,0,1,0,1,1,0,0
2026,3,29,08:48:45.806,44.82,25,67.0,0.8416,4693.3,697.3,3.939,2.10,3.89,0.01,0.01,-656.0,1824.0,345.0,-24868.0,22372,1172,31.3,0.0,10656.0,0,0,0,e1f,d4e,d4a,d4a,d4a,1,1,1,1,1,0,0,0,0,1,1,1,0,0,1,1,1,0,0,1,0,1,0,1,1,0,0,0,1,0,1,0,0,1,0,1,0,1,1,0,0,0,1,0,1,0,0,1,0,1,0,1,1,0,0,0,1,0,1,0,0,1,0,1,0,1,1,0,0
2026,3,29,08:48:45.826,44.84,45,67.0,0.8416,4693.3,697.3,3.938,2.10,3.89,0.01,0.01,-656.0,1824.0,346.0,-24881.0,22408,1179,30.3,0.0,10657.0,0,0,0,e1f,d4e,d4a,d4a,d4a,1,1,1,1,1,0,0,0,0,1,1,1,0,0,1,1,1,0,0,1,0,1,0,1,1,0,0,0,1,0,1,0,0,1,0,1,0,1,1,0,0,0,1,0,1,0,0,1,0,1,0,1,1,0,0,0,1,0,1,0,0,1,0,1,0,1,1,0,0
2026,3,29,08:48:45.846,44.86,65,67.0,0.8418,4688.2,692.2,3.939,2.10,3.89,0.01,0.01,-656.0,1825.0,347.0,-24894.0,22445,1186,29.3,0.0,10658.0,0,0,0,e1f,d4e,d4a,d4a,d4a,1,1,1,1,1,0,0,0,0,1,1,1,0,0,1,1,1,0,0,1,0,1,0,1,1,0,0,0,1,0,1,0,0,1,0,1,0,1,1,0,0,0,1,0,1,0,0,1,0,1,0,1,1,0,0,0,1,0,1,0,0,1,0,1,0,1,1,0,0
2026,3,29,08:48:45.866,44.88,85,67.0,0.8418,4688.9,692.8,3.939,2.10,3.89,0.01,0.01,-657.0,1826.0,348.0,-24907.0,22481,1193,28.3,0.0,10658.0,0,0,0,e1f,d4e,d4a,d4a,d4a,1,1,1,1,1,0,0,0,0,1,1,1,0,0,1,1,1,0,0,1,0,1,0,1,1,0,0,0,1,0,1,0,0,1,0,1,0,1,1,0,0,0,1,0,1,0,0,1,0,1,0,1,1,0,0,0,1,0,1,0,0,1,0,1,0,1,1,0,0
2026,3,29,08:48:45.886,44.90,105,67.0,0.8419,4683.8,687.7,3.939,2.10,3.89,0.01,0.01,-657.0,1827.0,348.0,-24920.0,22518,1200,27.4,0.0,10658.0,0,0,0,e1f,d4e,d4a,d4a,d4a,1,1,1,1,1,0,0,0,0,1,1,1,0,0,1,1,1,0,0,1,0,1,0,1,1,0,0,0,1,0,1,0,0,1,0,1,0,1,1,0,0,0,1,0,1,0,0,1,0,1,0,1,1,0,0,0,1,0,1,0,0,1,0,1,0,1,1,0,0
2026,3,29,08:48:45.906,44.92,125,67.0,0.8419,4683.8,687.7,3.939,2.10,3.89,0.01,0.01,-657.0,1828.0,349.0,-24933.0,22555,1207,26.5,0.0,10659.0,0,0,0,e1f,d4e,d4a,d4a,d4a,1,1,1,1,1,0,0,0,0,1,1,1,0,0,1,1,1,0,0,1,0,1,0,1,1,0,0,0,1,0,1,0,0,1,0,1,0,1,1,0,0,0,1,0,1,0,0,1,0,1,0,1,1,0,0,0,1,0,1,0,0,1,0,1,0,1,1,0,0
2026,3,29,08:48:45.926,44.94,145,67.0,0.8421,4677.4,681.4,3.940,2.10,3.89,0.01,0.01,-657.0,1828.0,350.0,-24946.0,22591,1214,25.6,0.0,10659.0,0,0,0,e1f,d4e,d4a,d4a,d4a,1,1,1,1,1,0,0,0,0,1,1,1,0,0,1,1,1,0,0,1,0,1,0,1,1,0,0,0,1,0,1,0,0,1,0,1,0,1,1,0,0,0,1,0,1,0,0,1,0,1,0,1,1,0,0,0,1,0,1,0,0,1,0,1,0,1,1,0,0
2026,3,29,08:48:45.946,44.96,165,67.0,0.8421,4678.1,682.0,3.940,2.10,3.89,0.01,0.01,-658.0,1829.0,351.0,-24960.0,22628,1221,24.9,0.0,10659.0,0,0,0,e1f,d4e,d4a,d4a,d4a,1,1,1,1,1,0,0,0,0,1,1,1,0,0,1,1,1,0,0,1,0,1,0,1,1,0,0,0,1,0,1,0,0,1,0,1,0,1,1,0,0,0,1,0,1,0,0,1,0,1,0,1,1,0,0,0,1,0,1,0,0,1,0,1,0,1,1,0,0
2026,3,29,08:48:45.966,44.98,185,67.0,0.8421,4678.1,682.0,3.938,2.10,3.89,0.01,0.01,-658.0,1829.0,351.0,-24973.0,22664,1228,24.2,0.0,10659.0,0,0,0,e1f,d4e,d4a,d4a,d4a,1,1,1,1,1,0,0,0,0,1,1,1,0,0,1,1,1,0,0,1,0,1,0,1,1,0,0,0,1,0,1,0,0,1,0,1,0,1,1,0,0,0,1,0,1,0,0,1,0,1,0,1,1,0,0,0,1,0,1,0,0,1,0,1,0,1,1,0,0
2026,3,29,08:48:45.986,45.00,205,67.0,0.8421,4678.7,682.6,3.939,2.10,3.89,0.01,0.01,-658.0,1830.0,352.0,-24986.0,22701,1235,23.7,0.0,10659.0,0,0,0,e1f,d4e,d4a,d4a,d4a,1,1,1,1,1,0,0,0,0,1,1,1,0,0,1,1,1,0,0,1,0,1,0,1,1,0,0,0,1,0,1,0,0,1,0,1,0,1,1,0,0,0,1,0,1,0,0,1,0,1,0,1,1,0,0,0,1,0,1,0,0,1,0,1,0,1,1,0,0
2026,3,29,08:48:46.006,45.02,225,67.0,0.8422,4675.5,679.5,3.940,2.10,3.89,0.01,0.01,-659.0,1831.0,352.0,-24999.0,22738,1242,23.3,0.0,10659.0,0,0,0,e1f,d4e,d4a,d4a,d4a,1,1,1,1,1,0,0,0,0,1,1,1,0,0,1,1,1,0,0,1,0,1,0,1,1,0,0,0,1,0,1,0,0,1,0,1,0,1,1,0,0,0,1,0,1,0,0,1,0,1,0,1,1,0,0,0,1,0,1,0,0,1,0,1,0,1,1,0,0
2026,3,29,08:48:46.026,45.04,245,67.0,0.8422,4675.5,679.5,3.939,2.10,3.89,0.01,0.01,-659.0,1831.0,353.0,-25012.0,22774,1249,23.0,0.0,10660.0,0,0,0,e1f,d4e,d4a,d4a,d4a,1,1,1,1,1,0,0,0,0,1,1,1,0,0,1,1,1,0,0,1,0,1,0,1,1,0,0,0,1,0,1,0,0,1,0,1,0,1,1,0,0,0,1,0,1,0,0,1,0,1,0,1,1,0,0,0,1,0,1,0,0,1,0,1,0,1,1,0,0
2026,3,29,08:48:46.046,45.06,15,67.0,0.8421,4678.7,682.6,3.939,2.10,3.89,0.01,0.01,-659.0,1832.0,353.0,-25025.0,22811,1256,22.8,0.0,10660.0,0,0,0,e1f,d4e,d4a,d4a,d4a,1,1,1,1,1,0,0,0,0,1,1,1,0,0,1,1,1,0,0,1,0,1,0,1,1,0,0,0,1,0,1,0,0,1,0,1,0,1,1,0,0,0,1,0,1,0,0,1,0,1,0,1,1,0,0,0,1,0,1,0,0,1,0,1,0,1,1,0,0
2026,3,29,08:48:46.066,45.08,35,66.9,0.8421,4679.3,683.3,3.940,2.10,3.89,0.01,0.01,-660.0,1833.0,353.0,-25039.0,22847,1263,22.8,0.0,10660.0,0,0,0,e1f,d4e,d4a,d4a,d4a,1,1,1,1,1,0,0,0,0,1,1,1,0,0,1,1,1,0,0,1,0,1,0,1,1,0,0,0,1,0,1,0,0,1,0,1,0,1,1,0,0,0,1,0,1,0,0,1,0,1,0,1,1,0,0,0,1,0,1,0,0,1,0,1,0,1,1,0,0
2026,3,29,08:48:46.086,45.10,55,66.9,0.8418,4688.9,692.8,3.939,2.10,3.89,0.01,0.01,-660.0,1833.0,353.0,-25052.0,22884,1270,22.9,0.0,10661.0,0,0,0,e1f,d4e,d4a,d4a,d4a,1,1,1,1,1,0,0,0,0,1,1,1,0,0,1,1,1,0,0,1,0,1,0,1,1,0,0,0,1,0,1,0,0,1,0,1,0,1,1,0,0,0,1,0,1,0,0,1,0,1,0,1,1,0,0,0,1,0,1,0,0,1,0,1,0,1,1,0,0
2026,3,29,08:48:46.106,45.12,75,66.9,0.8417,4690.2,694.1,3.939,2.10,3.89,0.01,0.01,-660.0,1834.0,354.0,-25065.0,22921,1277,23.1,0.0,10661.0,0,0,0,e1f,d4e,d4a,d4a,d4a,1,1,1,1,1,0,0,0,0,1,1,1,0,0,1,1,1,0,0,1,0,1,0,1,1,0,0,0,1,0,1,0,0,1,0,1,0,1,1,0,0,0,1,0,1,0,0,1,0,1,0,1,1,0,0,0,1,0,1,0,0,1,0,1,0,1,1,0,0
2026,3,29,08:48:46.126,45.14,95,66.9,0.8418,4687.0,690.9,3.940,2.10,3.89,0.01,0.01,-661.0,1835.0,354.0,-25078.0,22958,1284,23.4,0.0,10662.0,0,0,0,e1f,d4e,d4a,d4a,d4a,1,1,1,1,1,0,0,0,0,1,1,1,0,0,1,1,1,0,0,1,0,1,0,1,1,0,0,0,1,0,1,0,0,1,0,1,0,1,1,0,0,0,1,0,1,0,0,1,0,1,0,1,1,0,0,0,1,0,1,0,0,1,0,1,0,1,1,0,0
2026,3,29,08:48:46.146,45.16,115,66.9,0.8418,4687.6,691.5,3.940,2.10,3.89,0.01,0.01,-661.0,1835.0,354.0,-25092.0,22994,1291,23.9,0.0,10663.0,0,0,0,e1f,d4e,d4a,d4a,d4a,1,1,1,1,1,0,0,0,0,1,1,1,0,0,1,1,1,0,0,1,0,1,0,1,1,0,0,0,1,0,1,0,0,1,0,1,0,1,1,0,0,0,1,0,1,0,0,1,0,1,0,1,1,0,0,0,1,0,1,0,0,1,0,1,0,1,1,0,0
2026,3,29,08:48:46.166,45.18,135,66.9,0.8418,4688.9,692.8,3.939,2.10,3.89,0.01,0.01,-661.0,1836.0,354.0,-25105.0,23031,1298,24.4,0.0,10664.0,0,0,0,e1f,d4e,d4a,d4a,d4a,1,1,1,1,1,0,0,0,0,1,1,1,0,0,1,1,1,0,0,1,0,1,0,1,1,0,0,0,1,0,1,0,0,1,0,1,0,1,1,0,0,0,1,0,1,0,0,1,0,1,0,1,1,0,0,0,1,0,1,0,0,1,0,1,0,1,1,0,0
2026,3,29,08:48:46.186,45.20,155,66.9,0.8418,4688.9,692.8,3.939,2.10,3.89,0.01,0.01,-662.0,1837.0,354.0,-25118.0,23068,1306,25.1,0.0,10666.0,0,0,0,e1f,d4e,d4a,d4a,d4a,1,1,1,1,1,0,0,0,0,1,1,1,0,0,1,1,1,0,0,1,0,1,0,1,1,0,0,0,1,0,1,0,0,1,0,1,0,1,1,0,0,0,1,0,1,0,0,1,0,1,0,1,1,0,0,0,1,0,1,0,0,1,0,1,0,1,1,0,0
2026,3,29,08:48:46.206,45.22,175,66.9,0.8419,4685.7,689.6,3.939,2.10,3.89,0.01,0.01,-662.0,1838.0,354.0,-25131.0,23104,1313,25.9,0.0,10667.0,0,0,0,e1f,d4e,d4a,d4a,d4a,1,1,1,1,1,0,0,0,0,1,1,1,0,0,1,1,1,0,0,1,0,1,0,1,1,0,0,0,1,0,1,0,0,1,0,1,0,1,1,0,0,0,1,0,1,0,0,1,0,1,0,1,1,0,0,0,1,0,1,0,0,1,0,1,0,1,1,0,0
2026,3,29,08:48:46.226,45.24,195,66.9,0.8419,4685.7,689.6,3.940,2.10,3.89,0.01,0.01,-662.0,1839.0,354.0,-25145.0,23141,1320,26.8,0.0,10669.0,0,0,0,e1f,d4e,d4a,d4a,d4a,1,1,1,1,1,0,0,0,0,1,1,1,0,0,1,1,1,0,0,1,0,1,0,1,1,0,0,0,1,0,1,0,0,1,0,1,0,1,1,0,0,0,1,0,1,0,0,1,0,1,0,1,1,0,0,0,1,0,1,0,0,1,0,1,0,1,1,0,0
2026,3,29,08:48:46.246,45.26,215,66.9,0.8421,4678.1,682.0,3.939,2.11,3.89,0.01,0.01,-662.0,1840.0,354.0,-25158.0,23178,1327,27.9,0.0,10671.0,0,0,0,e1f,d4e,d4a,d4a,d4a,1,1,1,1,1,0,0,0,0,1,1,1,0,0,1,1,1,0,0,1,0,1,0,1,1,0,0,0,1,0,1,0,0,1,0,1,0,1,1,0,0,0,1,0,1,0,0,1,0,1,0,1,1,0,0,0,1,0,1,0,0,1,0,1,0,1,1,0,0
2026,3,29,08:48:46.266,45.28,235,66.9,0.8421,4678.1,682.0,3.940,2.11,3.89,0.01,0.01,-663.0,1841.0,354.0,-25171.0,23215,1334,29.3,0.0,10673.0,0,0,0,e1f,d4e,d4a,d4a,d4a,1,1,1,1,1,0,0,0,0,1,1,1,0,0,1,1,1,0,0,1,0,1,0,1,1,0,0,0,1,0,1,0,0,1,0,1,0,1,1,0,0,0,1,0,1,0,0,1,0,1,0,1,1,0,0,0,1,0,1,0,0,1,0,1,0,1,1,0,0
2026,3,29,08:48:46.286,45.30,5,66.9,0.8425,4666.6,670.6,3.940,2.11,3.89,0.01,0.01,-663.0,1841.0,353.0,-25184.0,23252,1341,30.8,0.0,10676.0,0,0,0,e1f,d4e,d4a,d4a,d4a,1,1,1,1,1,0,0,0,0,1,1,1,0,0,1,1,1,0,0,1,0,1,0,1,1,0,0,0,1,0,1,0,0,1,0,1,0,1,1,0,0,0,1,0,1,0,0,1,0,1,0,1,1,0,0,0,1,0,1,0,0,1,0,1,0,1,1,0,0
2026,3,29,08:48:46.306,45.32,25,66.9,0.8425,4666.6,670.6,3.939,2.11,3.89,0.01,0.01,-664.0,1842.0,353.0,-25198.0,23288,1348,32.6,0.0,10678.0,0,0,0,e1f,d4e,d4a,d4a,d4a,1,1,1,1,1,0,0,0,0,1,1,1,0,0,1,1,1,0,0,1,0,1,0,1,1,0,0,0,1,0,1,0,0,1,0,1,0,1,1,0,0,0,1,0,1,0,0,1,0,1,0,1,1,0,0,0,1,0,1,0,0,1,0,1,0,1,1,0,0
2026,3,29,08:48:46.326,45.34,45,66.9,0.8431,4648.2,652.1,3.939,2.11,3.89,0.01,0.01,-664.0,1842.0,353.0,-25211.0,23325,1355,34.6,0.0,10681.0,0,0,0,e1f,d4e,d4a,d4a,d4a,1,1,1,1,1,0,0,0,0,1,1,1,0,0,1,1,1,0,0,1,0,1,0,1,1,0,0,0,1,0,1,0,0,1,0,1,0,1,1,0,0,0,1,0,1,0,0,1,0,1,0,1,1,0,0,0,1,0,1,0,0,1,0,1,0,1,1,0,0
2026,3,29,08:48:46.346,45.36,65,66.9,0.8431,4648.2,652.1,3.940,2.11,3.89,0.01,0.01,-664.0,1843.0,353.0,-25224.0,23362,1362,36.7,0.0,10684.0,0,0,0,e1f,d4e,d4a,d4a,d4a,1,1,1,1,1,0,0,0,0,1,1,1,0,0,1,1,1,0,0,1,0,1,0,1,1,0,0,0,1,0,1,0,0,1,0,1,0,1,1,0,0,0,1,0,1,0,0,1,0,1,0,1,1,0,0,0,1,0,1,0,0,1,0,1,0,1,1,0,0
2026,3,29,08:48:46.366,45.38,85,66.9,0.8437,4628.5,632.4,3.940,2.11,3.89,0.01,0.01,-664.0,1843.0,352.0,-25237.0,23399,1369,38.8,0.0,10687.0,0,0,0,e1f,d4e,d4a,d4a,d4a,1,1,1,1,1,0,0,0,0,1,1,1,0,0,1,1,1,0,0,1,0,1,0,1,1,0,0,0,1,0,1,0,0,1,0,1,0,1,1,0,0,0,1,0,1,0,0,1,0,1,0,1,1,0,0,0,1,0,1,0,0,1,0,1,0,1,1,0,0
2026,3,29,08:48:46.386,45.40,105,66.9,0.8437,4627.9,631.8,3.940,2.11,3.89,0.01,0.01,-664.0,1843.0,352.0,-25251.0,23436,1376,41.0,0.0,10690.0,0,0,0,e1f,d4e,d4a,d4a,d4a,1,1,1,1,1,0,0,0,0,1,1,1,0,0,1,1,1,0,0,1,0,1,0,1,1,0,0,0,1,0,1,0,0,1,0,1,0,1,1,0,0,0,1,0,1,0,0,1,0,1,0,1,1,0,0,0,1,0,1,0,0,1,0,1,0,1,1,0,0
2026,3,29,08:48:46.406,45.42,125,66.9,0.8445,4603.1,607.0,3.940,2.11,3.89,0.01,0.01,-664.0,1843.0,352.0,-25264.0,23473,1383,43.0,0.0,10693.0,0,0,0,e1f,d4e,d4a,d4a,d4a,1,1,1,1,1,0,0,0,0,1,1,1,0,0,1,1,1,0,0,1,0,1,0,1,1,0,0,0,1,0,1,0,0,1,0,1,0,1,1,0,0,0,1,0,1,0,0,1,0,1,0,1,1,0,0,0,1,0,1,0,0,1,0,1,0,1,1,0,0
2026,3,29,08:48:46.426,45.44,145,67.0,0.8445,4602.5,606.4,3.939,2.11,3.89,0.01,0.01,-665.0,1842.0,352.0,-25277.0,23510,1390,45.1,0.0,10697.0,0,0,0,e1f,d4e,d4a,d4a,d4a,1,1,1,1,1,0,0,0,0,1,1,1,0,0,1,1,1,0,0,1,0,1,0,1,1,0,0,0,1,0,1,0,0,1,0,1,0,1,1,0,0,0,1,0,1,0,0,1,0,1,0,1,1,0,0,0,1,0,1,0,0,1,0,1,0,1,1,0,0
2026,3,29,08:48:46.446,45.46,165,67.0,0.8453,4577.7,581.7,3.939,2.11,3.89,0.01,0.01,-665.0,1842.0,352.0,-25291.0,23547,1397,47.1,0.0,10700.0,0,0,0,e1f,d4e,d4a,d4a,d4a,1,1,1,1,1,0,0,0,0,1,1,1,0,0,1,1,1,0,0,1,0,1,0,1,1,0,0,0,1,0,1,0,0,1,0,1,0,1,1,0,0,0,1,0,1,0,0,1,0,1,0,1,1,0,0,0,1,0,1,0,0,1,0,1,0,1,1,0,0
2026,3,29,08:48:46.466,45.48,185,67.0,0.8453,4576.5,580.4,3.939,2.11,3.89,0.01,0.01,-665.0,1842.0,352.0,-25304.0,23583,1404,49.0,0.0,10703.0,0,0,0,e1f,d4e,d4a,d4a,d4a,1,1,1,1,1,0,0,0,0,1,1,1,0,0,1,1,1,0,0,1,0,1,0,1,1,0,0,0,1,0,1,0,0,1,0,1,0,1,1,0,0,0,1,0,1,0,0,1,0,1,0,1,1,0,0,0,1,0,1,0,0,1,0,1,0,1,1,0,0
2026,3,29,08:48:46.486,45.50,205,67.0,0.8463,4546.0,550.0,3.939,2.11,3.89,0.01,0.01,-665.0,1842.0,351.0,-25317.0,23620,1412,50.9,0.0,10707.0,0,0,0,e1f,d4e,d4a,d4a,d4a,1,1,1,1,1,0,0,0,0,1,1,1,0,0,1,1,1,0,0,1,0,1,0,1,1,0,0,0,1,0,1,0,0,1,0,1,0,1,1,0,0,0,1,0,1,0,0,1,0,1,0,1,1,0,0,0,1,0,1,0,0,1,0,1,0,1,1,0,0
2026,3,29,08:48:46.506,45.52,225,67.0,0.8463,4544.8,548.7,3.939,2.11,3.89,0.01,0.01,-665.0,1842.0,351.0,-25331.0,23657,1419,52.7,0.0,10710.0,0,0,0,e1f,d4e,d4a,d4a,d4a,1,1,1,1,1,0,0,0,0,1,1,1,0,0,1,1,1,0,0,1,0,1,0,1,1,0,0,0,1,0,1,0,0,1,0,1,0,1,1,0,0,0,1,0,1,0,0,1,0,1,0,1,1,0,0,0,1,0,1,0,0,1,0,1,0,1,1,0,0
2026,3,29,08:48:46.526,45.54,245,67.0,0.8472,4516.9,520.8,3.940,2.11,3.89,0.01,0.01,-665.0,1841.0,351.0,-25344.0,23694,1426,54.4,0.0,10713.0,0,0,0,e1f,d4e,d4a,d4a,d4a,1,1,1,1,1,0,0,0,0,1,1,1,0,0,1,1,1,0,0,1,0,1,0,1,1,0,0,0,1,0,1,0,0,1,0,1,0,1,1,0,0,0,1,0,1,0,0,1,0,1,0,1,1,0,0,0,1,0,1,0,0,1,0,1,0,1,1,0,0
2026,3,29,08:48:46.546,45.56,15,67.1,0.8472,4516.3,520.2,3.939,2.11,3.89,0.01,0.01,-664.0,1841.0,351.0,-25357.0,23731,1433,55.9,0.0,10717.0,0,0,0,e1f,d4e,d4a,d4a,d4a,1,1,1,1,1,0,0,0,0,1,1,1,0,0,1,1,1,0,0,1,0,1,0,1,1,0,0,0,1,0,1,0,0,1,0,1,0,1,1,0,0,0,1,0,1,0,0,1,0,1,0,1,1,0,0,0,1,0,1,0,0,1,0,1,0,1,1,0,0
2026,3,29,08:48:46.566,45.58,35,67.1,0.8479,4495.4,499.3,3.940,2.12,3.89,0.01,0.01,-663.0,1841.0,351.0,-25370.0,23768,1440,57.2,0.0,10721.0,0,0,0,e1f,d4e,d4a,d4a,d4a,1,1,1,1,1,0,0,0,0,1,1,1,0,0,1,1,1,0,0,1,0,1,0,1,1,0,0,0,1,0,1,0,0,1,0,1,0,1,1,0,0,0,1,0,1,0,0,1,0,1,0,1,1,0,0,0,1,0,1,0,0,1,0,1,0,1,1,0,0
2026,3,29,08:48:46.586,45.60,55,67.1,0.8479,4494.1,498.1,3.937,2.12,3.89,0.01,0.01,-663.0,1841.0,351.0,-25384.0,23805,1447,58.2,0.0,10724.0,0,0,0,e1f,d4e,d4a,d4a,d4a,1,1,1,1,1,0,0,0,0,1,1,1,0,0,1,1,1,0,0,1,0,1,0,1,1,0,0,0,1,0,1,0,0,1,0,1,0,1,1,0,0,0,1,0,1,0,0,1,0,1,0,1,1,0,0,0,1,0,1,0,0,1,0,1,0,1,1,0,0
2026,3,29,08:48:46.606,45.62,75,67.1,0.8483,4481.5,485.4,3.939,2.12,3.89,0.01,0.01,-663.0,1841.0,351.0,-25397.0,23842,1454,59.1,0.0,10728.0,0,0,0,e1f,d4e,d4a,d4a,d4a,1,1,1,1,1,0,0,0,0,1,1,1,0,0,1,1,1,0,0,1,0,1,0,1,1,0,0,0,1,0,1,0,0,1,0,1,0,1,1,0,0,0,1,0,1,0,0,1,0,1,0,1,1,0,0,0,1,0,1,0,0,1,0,1,0,1,1,0,0
2026,3,29,08:48:46.626,45.64,95,67.1,0.8483,4481.5,485.4,3.940,2.12,3.89,0.01,0.01,-662.0,1841.0,350.0,-25410.0,23878,1461,59.9,0.0,10732.0,0,0,0,e1f,d4e,d4a,d4a,d4a,1,1,1,1,1,0,0,0,0,1,1,1,0,0,1,1,1,0,0,1,0,1,0,1,1,0,0,0,1,0,1,0,0,1,0,1,0,1,1,0,0,0,1,0,1,0,0,1,0,1,0,1,1,0,0,0,1,0,1,0,0,1,0,1,0,1,1,0,0
2026,3,29,08:48:46.646,45.66,115,67.1,0.8486,4473.3,477.2,3.940,2.12,3.89,0.01,0.01,-662.0,1841.0,350.0,-25424.0,23915,1468,60.5,0.0,10736.0,0,0,0,e1f,d4e,d4a,d4a,d4a,1,1,1,1,1,0,0,0,0,1,1,1,0,0,1,1,1,0,0,1,0,1,0,1,1,0,0,0,1,0,1,0,0,1,0,1,0,1,1,0,0,0,1,0,1,0,0,1,0,1,0,1,1,0,0,0,1,0,1,0,0,1,0,1,0,1,1,0,0
2026,3,29,08:48:46.666,45.68,135,67.1,0.8486,4472.6,476.6,3.940,2.12,3.89,0.01,0.01,-662.0,1841.0,350.0,-25437.0,23952,1475,61.2,0.0,10740.0,0,0,0,e1f,d4e,d4a,d4a,d4a,1,1,1,1,1,0,0,0,0,1,1,1,0,0,1,1,1,0,0,1,0,1,0,1,1,0,0,0,1,0,1,0,0,1,0,1,0,1,1,0,0,0,1,0,1,0,0,1,0,1,0,1,1,0,0,0,1,0,1,0,0,1,0,1,0,1,1,0,0
2026,3,29,08:48:46.686,45.70,155,67.1,0.8489,4464.4,468.3,3.939,2.12,3.89,0.01,0.01,-662.0,1841.0,350.0,-25450.0,23989,1482,61.8,0.0,10744.0,0,0,0,e1f,d4e,d4a,d4a,d4a,1,1,1,1,1,0,0,0,0,1,1,1,0,0,1,1,1,0,0,1,0,1,0,1,1,0,0,0,1,0,1,0,0,1,0,1,0,1,1,0,0,0,1,0,1,0,0,1,0,1,0,1,1,0,0,0,1,0,1,0,0,1,0,1,0,1,1,0,0
2026,3,29,08:48:46.706,45.72,175,67.1,0.8489,4464.4,468.3,3.939,2.13,3.89,0.01,0.01,-662.0,1841.0,350.0,-25463.0,24026,1489,62.3,0.0,10748.0,0,0,0,e1f,d4e,d4a,d4a,d4a,1,1,1,1,1,0,0,0,0,1,1,1,0,0,1,1,1,0,0,1,0,1,0,1,1,0,0,0,1,0,1,0,0,1,0,1,0,1,1,0,0,0,1,0,1,0,0,1,0,1,0,1,1,0,0,0,1,0,1,0,0,1,0,1,0,1,1,0,0
2026,3,29,08:48:46.726,45.74,195,67.1,0.8493,4451.8,455.7,3.939,2.13,3.89,0.01,0.01,-662.0,1841.0,350.0,-25477.0,24063,1496,62.8,0.0,10752.0,0,0,0,e1f,d4e,d4a,d4a,d4a,1,1,1,1,1,0,0,0,0,1,1,1,0,0,1,1,1,0,0,1,0,1,0,1,1,0,0,0,1,0,1,0,0,1,0,1,0,1,1,0,0,0,1,0,1,0,0,1,0,1,0,1,1,0,0,0,1,0,1,0,0,1,0,1,0,1,1,0,0
2026,3,29,08:48:46.746,45.76,215,67.1,0.8493,4451.1,455.1,3.939,2.13,3.89,0.01,0.01,-662.0,1841.0,350.0,-25490.0,24100,1503,63.1,0.0,10756.0,0,0,0,e1f,d4e,d4a,d4a,d4a,1,1,1,1,1,0,0,0,0,1,1,1,0,0,1,1,1,0,0,1,0,1,0,1,1,0,0,0,1,0,1,0,0,1,0,1,0,1,1,0,0,0,1,0,1,0,0,1,0,1,0,1,1,0,0,0,1,0,1,0,0,1,0,1,0,1,1,0,0
2026,3,29,08:48:46.766,45.78,235,67.1,0.8493,4449.9,453.8,3.939,2.13,3.89,0.01,0.01,-661.0,1841.0,350.0,-25503.0,24136,1510,63.4,0.0,10760.0,0,0,0,e1f,d4e,d4a,d4a,d4a,1,1,1,1,1,0,0,0,0,1,1,1,0,0,1,1,1,0,0,1,0,1,0,1,1,0,0,0,1,0,1,0,0,1,0,1,0,1,1,0,0,0,1,0,1,0,0,1,0,1,0,1,1,0,0,0,1,0,1,0,0,1,0,1,0,1,1,0,0
2026,3,29,08:48:46.786,45.80,5,67.1,0.8493,4449.2,453.2,3.939,2.13,3.89,0.01,0.01,-661.0,1841.0,350.0,-25516.0,24173,1517,63.5,0.0,10764.0,0,0,0,e1f,d4e,d4a,d4a,d4a,1,1,1,1,1,0,0,0,0,1,1,1,0,0,1,1,1,0,0,1,0,1,0,1,1,0,0,0,1,0,1,0,0,1,0,1,0,1,1,0,0,0,1,0,1,0,0,1,0,1,0,1,1,0,0,0,1,0,1,0,0,1,0,1,0,1,1,0,0
2026,3,29,08:48:46.806,45.82,25,67.1,0.8496,4441.7,445.6,3.939,2.13,3.89,0.01,0.01,-661.0,1841.0,350.0,-25530.0,24210,1524,63.5,0.0,10769.0,0,0,0,e1f,d4e,d4a,d4a,d4a,1,1,1,1,1,0,0,0,0,1,1,1,0,0,1,1,1,0,0,1,0,1,0,1,1,0,0,0,1,0,1,0,0,1,0,1,0,1,1,0,0,0,1,0,1,0,0,1,0,1,0,1,1,0,0,0,1,0,1,0,0,1,0,1,0,1,1,0,0
2026,3,29,08:48:46.826,45.84,45,67.1,0.8496,4441.7,445.6,3.939,2.14,3.89,0.01,0.01,-660.0,1841.0,351.0,-25543.0,24247,1531,63.4,0.0,10773.0,0,0,0,e1f,d4e,d4a,d4a,d4a,1,1,1,1,1,0,0,0,0,1,1,1,0,0,1,1,1,0,0,1,0,1,0,1,1,0,0,0,1,0,1,0,0,1,0,1,0,1,1,0,0,0,1,0,1,0,0,1,0,1,0,1,1,0,0,0,1,0,1,0,0,1,0,1,0,1,1,0,0
2026,3,29,08:48:46.846,45.86,65,67.1,0.8496,4441.7,445.6,3.940,2.14,3.89,0.01,0.01,-660.0,1841.0,351.0,-25556.0,24284,1538,63.1,0.0,10777.0,0,0,0,e1f,d4e,d4a,d4a,d4a,1,1,1,1,1,0,0,0,0,1,1,1,0,0,1,1,1,0,0,1,0,1,0,1,1,0,0,0,1,0,1,0,0,1,0,1,0,1,1,0,0,0,1,0,1,0,0,1,0,1,0,1,1,0,0,0,1,0,1,0,0,1,0,1,0,1,1,0,0
2026,3,29,08:48:46.866,45.88,85,67.1,0.8496,4441.7,445.6,3.939,2.14,3.89,0.01,0.01,-660.0,1841.0,351.0,-25569.0,24320,1545,62.8,0.0,10781.0,0,0,0,e1f,d4e,d4a,d4a,d4a,1,1,1,1,1,0,0,0,0,1,1,1,0,0,1,1,1,0,0,1,0,1,0,1,1,0,0,0,1,0,1,0,0,1,0,1,0,1,1,0,0,0,1,0,1,0,0,1,0,1,0,1,1,0,0,0,1,0,1,0,0,1,0,1,0,1,1,0,0
2026,3,29,08:48:46.886,45.90,105,67.1,0.8497,4436.6,440.6,3.939,2.14,3.89,0.01,0.01,-660.0,1841.0,352.0,-25582.0,24357,1552,62.3,0.0,10785.0,0,0,0,e1f,d4e,d4a,d4a,d4a,1,1,1,1,1,0,0,0,0,1,1,1,0,0,1,1,1,0,0,1,0,1,0,1,1,0,0,0,1,0,1,0,0,1,0,1,0,1,1,0,0,0,1,0,1,0,0,1,0,1,0,1,1,0,0,0,1,0,1,0,0,1,0,1,0,1,1,0,0
2026,3,29,08:48:46.906,45.92,125,67.1,0.8497,4436.6,440.6,3.940,2.14,3.89,0.01,0.01,-660.0,1841.0,352.0,-25596.0,24394,1559,61.8,0.0,10788.0,0,0,0,e1f,d4e,d4a,d4a,d4a,1,1,1,1,1,0,0,0,0,1,1,1,0,0,1,1,1,0,0,1,0,1,0,1,1,0,0,0,1,0,1,0,0,1,0,1,0,1,1,0,0,0,1,0,1,0,0,1,0,1,0,1,1,0,0,0,1,0,1,0,0,1,0,1,0,1,1,0,0
2026,3,29,08:48:46.926,45.94,145,67.1,0.8498,4433.5,437.4,3.939,2.15,3.89,0.01,0.01,-659.0,1841.0,353.0,-25609.0,24431,1566,61.1,0.0,10792.0,0,0,0,e1f,d4e,d4a,d4a,d4a,1,1,1,1,1,0,0,0,0,1,1,1,0,0,1,1,1,0,0,1,0,1,0,1,1,0,0,0,1,0,1,0,0,1,0,1,0,1,1,0,0,0,1,0,1,0,0,1,0,1,0,1,1,0,0,0,1,0,1,0,0,1,0,1,0,1,1,0,0
2026,3,29,08:48:46.946,45.96,165,67.1,0.8498,4433.5,437.4,3.939,2.15,3.89,0.01,0.01,-659.0,1841.0,353.0,-25622.0,24468,1573,60.3,0.0,10796.0,0,0,0,e1f,d4e,d4a,d4a,d4a,1,1,1,1,1,0,0,0,0,1,1,1,0,0,1,1,1,0,0,1,0,1,0,1,1,0,0,0,1,0,1,0,0,1,0,1,0,1,1,0,0,0,1,0,1,0,0,1,0,1,0,1,1,0,0,0,1,0,1,0,0,1,0,1,0,1,1,0,0
2026,3,29,08:48:46.966,45.98,185,67.1,0.8498,4434.7,438.7,3.939,2.15,3.89,0.01,0.01,-659.0,1841.0,354.0,-25635.0,24504,1580,59.4,0.0,10800.0,0,0,0,e1f,d4e,d4a,d4a,d4a,1,1,1,1,1,0,0,0,0,1,1,1,0,0,1,1,1,0,0,1,0,1,0,1,1,0,0,0,1,0,1,0,0,1,0,1,0,1,1,0,0,0,1,0,1,0,0,1,0,1,0,1,1,0,0,0,1,0,1,0,0,1,0,1,0,1,1,0,0
2026,3,29,08:48:46.986,46.00,205,67.1,0.8498,4434.7,438.7,3.940,2.15,3.89,0.01,0.01,-659.0,1841.0,354.0,-25648.0,24541,1587,58.4,0.0,10803.0,0,0,0,e1f,d4e,d4a,d4a,d4a,1,1,1,1,1,0,0,0,0,1,1,1,0,0,1,1,1,0,0,1,0,1,0,1,1,0,0,0,1,0,1,0,0,1,0,1,0,1,1,0,0,0,1,0,1,0,0,1,0,1,0,1,1,0,0,0,1,0,1,0,0,1,0,1,0,1,1,0,0
2026,3,29,08:48:47.006,46.02,225,67.1,0.8500,4429.7,433.6,3.940,2.15,3.89,0.01,0.01,-659.0,1842.0,355.0,-25662.0,24578,1594,57.3,0.0,10807.0,0,0,0,e1f,d4e,d4a,d4a,d4a,1,1,1,1,1,0,0,0,0,1,1,1,0,0,1,1,1,0,0,1,0,1,0,1,1,0,0,0,1,0,1,0,0,1,0,1,0,1,1,0,0,0,1,0,1,0,0,1,0,1,0,1,1,0,0,0,1,0,1,0,0,1,0,1,0,1,1,0,0
2026,3,29,08:48:47.026,46.04,245,67.1,0.8499,4430.3,434.2,3.941,2.15,3.89,0.01,0.01,-659.0,1842.0,355.0,-25675.0,24615,1602,56.1,0.0,10811.0,0,0,0,e1f,d4e,d4a,d4a,d4a,1,1,1,1,1,0,0,0,0,1,1,1,0,0,1,1,1,0,0,1,0,1,0,1,1,0,0,0,1,0,1,0,0,1,0,1,0,1,1,0,0,0,1,0,1,0,0,1,0,1,0,1,1,0,0,0,1,0,1,0,0,1,0,1,0,1,1,0,0
2026,3,29,08:48:47.046,46.06,15,67.1,0.8500,4428.4,432.3,3.939,2.15,3.89,0.01,0.01,-659.0,1842.0,356.0,-25688.0,24652,1609,54.7,0.0,10814.0,0,0,0,e1f,d4e,d4a,d4a,d4a,1,1,1,1,1,0,0,0,0,1,1,1,0,0,1,1,1,0,0,1,0,1,0,1,1,0,0,0,1,0,1,0,0,1,0,1,0,1,1,0,0,0,1,0,1,0,0,1,0,1,0,1,1,0,0,0,1,0,1,0,0,1,0,1,0,1,1,0,0
2026,3,29,08:48:47.066,46.08,35,67.1,0.8500,4428.4,432.3,3.940,2.15,3.89,0.01,0.01,-659.0,1842.0,357.0,-25701.0,24689,1616,53.2,0.0,10818.0,0,0,0,e1f,d4e,d4a,d4a,d4a,1,1,1,1,1,0,0,0,0,1,1,1,0,0,1,1,1,0,0,1,0,1,0,1,1,0,0,0,1,0,1,0,0,1,0,1,0,1,1,0,0,0,1,0,1,0,0,1,0,1,0,1,1,0,0,0,1,0,1,0,0,1,0,1,0,1,1,0,0
2026,3,29,08:48:47.086,46.10,55,67.1,0.8499,4431.6,435.5,3.939,2.15,3.89,0.01,0.01,-659.0,1842.0,357.0,-25714.0,24726,1623,51.7,0.0,10821.0,0,0,0,e1f,d4e,d4a,d4a,d4a,1,1,1,1,1,0,0,0,0,1,1,1,0,0,1,1,1,0,0,1,0,1,0,1,1,0,0,0,1,0,1,0,0,1,0,1,0,1,1,0,0,0,1,0,1,0,0,1,0,1,0,1,1,0,0,0,1,0,1,0,0,1,0,1,0,1,1,0,0
2026,3,29,08:48:47.106,46.12,75,67.1,0.8499,4431.6,435.5,3.940,2.15,3.89,0.01,0.01,-659.0,1842.0,358.0,-25727.0,24763,1630,50.0,0.0,10824.0,0,0,0,e1f,d4e,d4a,d4a,d4a,1,1,1,1,1,0,0,0,0,1,1,1,0,0,1,1,1,0,0,1,0,1,0,1,1,0,0,0,1,0,1,0,0,1,0,1,0,1,1,0,0,0,1,0,1,0,0,1,0,1,0,1,1,0,0,0,1,0,1,0,0,1,0,1,0,1,1,0,0
2026,3,29,08:48:47.126,46.14,95,67.1,0.8500,4428.4,432.3,3.939,2.15,3.89,0.01,0.01,-659.0,1842.0,359.0,-25741.0,24799,1637,48.2,0.0,10827.0,0,0,0,e1f,d4e,d4a,d4a,d4a,1,1,1,1,1,0,0,0,0,1,1,1,0,0,1,1,1,0,0,1,0,1,0,1,1,0,0,0,1,0,1,0,0,1,0,1,0,1,1,0,0,0,1,0,1,0,0,1,0,1,0,1,1,0,0,0,1,0,1,0,0,1,0,1,0,1,1,0,0
2026,3,29,08:48:47.146,46.16,115,67.1,0.8500,4428.4,432.3,3.940,2.15,3.89,0.01,0.01,-659.0,1842.0,359.0,-25754.0,24836,1644,46.3,0.0,10830.0,0,0,0,e1f,d4e,d4a,d4a,d4a,1,1,1,1,1,0,0,0,0,1,1,1,0,0,1,1,1,0,0,1,0,1,0,1,1,0,0,0,1,0,1,0,0,1,0,1,0,1,1,0,0,0,1,0,1,0,0,1,0,1,0,1,1,0,0,0,1,0,1,0,0,1,0,1,0,1,1,0,0
2026,3,29,08:48:47.166,46.18,135,67.1,0.8504,4417.0,421.0,3.940,2.16,3.89,0.01,0.01,-659.0,1842.0,360.0,-25767.0,24873,1652,44.3,0.0,10833.0,0,0,0,e1f,d4e,d4a,d4a,d4a,1,1,1,1,1,0,0,0,0,1,1,1,0,0,1,1,1,0,0,1,0,1,0,1,1,0,0,0,1,0,1,0,0,1,0,1,0,1,1,0,0,0,1,0,1,0,0,1,0,1,0,1,1,0,0,0,1,0,1,0,0,1,0,1,0,1,1,0,0
2026,3,29,08:48:47.186,46.20,155,67.1,0.8504,4417.0,421.0,3.939,2.16,3.89,0.01,0.01,-659.0,1843.0,361.0,-25780.0,24910,1659,42.2,0.0,10836.0,0,0,0,e1f,d4e,d4a,d4a,d4a,1,1,1,1,1,0,0,0,0,1,1,1,0,0,1,1,1,0,0,1,0,1,0,1,1,0,0,0,1,0,1,0,0,1,0,1,0,1,1,0,0,0,1,0,1,0,0,1,0,1,0,1,1,0,0,0,1,0,1,0,0,1,0,1,0,1,1,0,0
2026,3,29,08:48:47.206,46.22,175,67.1,0.8504,4415.8,419.7,3.939,2.16,3.89,0.01,0.01,-659.0,1843.0,362.0,-25793.0,24947,1666,39.9,0.0,10839.0,0,0,0,e1f,d4e,d4a,d4a,d4a,1,1,1,1,1,0,0,0,0,1,1,1,0,0,1,1,1,0,0,1,0,1,0,1,1,0,0,0,1,0,1,0,0,1,0,1,0,1,1,0,0,0,1,0,1,0,0,1,0,1,0,1,1,0,0,0,1,0,1,0,0,1,0,1,0,1,1,0,0
2026,3,29,08:48:47.226,46.24,195,67.1,0.8504,4415.8,419.7,3.940,2.16,3.89,0.01,0.01,-659.0,1843.0,363.0,-25807.0,24984,1673,37.5,0.0,10842.0,0,0,0,e1f,d4e,d4a,d4a,d4a,1,1,1,1,1,0,0,0,0,1,1,1,0,0,1,1,1,0,0,1,0,1,0,1,1,0,0,0,1,0,1,0,0,1,0,1,0,1,1,0,0,0,1,0,1,0,0,1,0,1,0,1,1,0,0,0,1,0,1,0,0,1,0,1,0,1,1,0,0
2026,3,29,08:48:47.246,46.26,215,67.1,0.8504,4415.8,419.7,3.939,2.16,3.89,0.01,0.01,-659.0,1843.0,364.0,-25820.0,25021,1681,34.9,0.0,10845.0,0,0,0,e1f,d4e,d4a,d4a,d4a,1,1,1,1,1,0,0,0,0,1,1,1,0,0,1,1,1,0,0,1,0,1,0,1,1,0,0,0,1,0,1,0,0,1,0,1,0,1,1,0,0,0,1,0,1,0,0,1,0,1,0,1,1,0,0,0,1,0,1,0,0,1,0,1,0,1,1,0,0
2026,3,29,08:48:47.266,46.28,235,67.1,0.8504,4415.8,419.7,3.940,2.16,3.89,0.01,0.01,-659.0,1844.0,364.0,-25833.0,25058,1688,32.3,0.0,10848.0,0,0,0,e1f,d4e,d4a,d4a,d4a,1,1,1,1,1,0,0,0,0,1,1,1,0,0,1,1,1,0,0,1,0,1,0,1,1,0,0,0,1,0,1,0,0,1,0,1,0,1,1,0,0,0,1,0,1,0,0,1,0,1,0,1,1,0,0,0,1,0,1,0,0,1,0,1,0,1,1,0,0
2026,3,29,08:48:47.286,46.30,5,67.1,0.8508,4402.5,406.5,3.939,2.16,3.89,0.01,0.01,-660.0,1844.0,365.0,-25846.0,25094,1695,29.7,0.0,10851.0,0,0,0,e1f,d4e,d4a,d4a,d4a,1,1,1,1,1,0,0,0,0,1,1,1,0,0,1,1,1,0,0,1,0,1,0,1,1,0,0,0,1,0,1,0,0,1,0,1,0,1,1,0,0,0,1,0,1,0,0,1,0,1,0,1,1,0,0,0,1,0,1,0,0,1,0,1,0,1,1,0,0
2026,3,29,08:48:47.306,46.32,25,67.1,0.8508,4402.5,406.5,3.939,2.16,3.89,0.01,0.01,-660.0,1845.0,366.0,-25859.0,25131,1703,27.1,0.0,10853.0,0,0,0,e1f,d4e,d4a,d4a,d4a,1,1,1,1,1,0,0,0,0,1,1,1,0,0,1,1,1,0,0,1,0,1,0,1,1,0,0,0,1,0,1,0,0,1,0,1,0,1,1,0,0,0,1,0,1,0,0,1,0,1,0,1,1,0,0,0,1,0,1,0,0,1,0,1,0,1,1,0,0
2026,3,29,08:48:47.326,46.34,45,67.1,0.8508,4404.4,408.4,3.939,2.16,3.89,0.01,0.01,-661.0,1845.0,366.0,-25873.0,25168,1710,24.5,0.0,10856.0,0,0,0,e1f,d4e,d4a,d4a,d4a,1,1,1,1,1,0,0,0,0,1,1,1,0,0,1,1,1,0,0,1,0,1,0,1,1,0,0,0,1,0,1,0,0,1,0,1,0,1,1,0,0,0,1,0,1,0,0,1,0,1,0,1,1,0,0,0,1,0,1,0,0,1,0,1,0,1,1,0,0
2026,3,29,08:48:47.346,46.36,65,67.1,0.8508,4404.4,408.4,3.940,2.16,3.89,0.01,0.01,-661.0,1846.0,367.0,-25886.0,25205,1717,22.0,0.0,10859.0,0,0,0,e1f,d4e,d4a,d4a,d4a,1,1,1,1,1,0,0,0,0,1,1,1,0,0,1,1,1,0,0,1,0,1,0,1,1,0,0,0,1,0,1,0,0,1,0,1,0,1,1,0,0,0,1,0,1,0,0,1,0,1,0,1,1,0,0,0,1,0,1,0,0,1,0,1,0,1,1,0,0
2026,3,29,08:48:47.366,46.38,85,67.1,0.8510,4396.2,400.2,3.939,2.16,3.89,0.01,0.01,-662.0,1847.0,367.0,-25899.0,25242,1725,19.5,0.0,10862.0,0,0,0,e1f,d4e,d4a,d4a,d4a,1,1,1,1,1,0,0,0,0,1,1,1,0,0,1,1,1,0,0,1,0,1,0,1,1,0,0,0,1,0,1,0,0,1,0,1,0,1,1,0,0,0,1,0,1,0,0,1,0,1,0,1,1,0,0,0,1,0,1,0,0,1,0,1,0,1,1,0,0
2026,3,29,08:48:47.386,46.40,105,67.1,0.8510,4396.2,400.2,3.939,2.16,3.89,0.01,0.01,-662.0,1848.0,367.0,-25912.0,25279,1732,17.3,0.0,10864.0,0,0,0,e1f,d4e,d4a,d4a,d4a,1,1,1,1,1,0,0,0,0,1,1,1,0,0,1,1,1,0,0,1,0,1,0,1,1,0,0,0,1,0,1,0,0,1,0,1,0,1,1,0,0,0,1,0,1,0,0,1,0,1,0,1,1,0,0,0,1,0,1,0,0,1,0,1,0,1,1,0,0
2026,3,29,08:48:47.406,46.42,125,67.1,0.8511,4393.1,397.0,3.940,2.16,3.89,0.01,0.01,-663.0,1848.0,368.0,-25926.0,25316,1739,15.2,0.0,10867.0,0,0,0,e1f,d4e,d4a,d4a,d4a,1,1,1,1,1,0,0,0,0,1,1,1,0,0,1,1,1,0,0,1,0,1,0,1,1,0,0,0,1,0,1,0,0,1,0,1,0,1,1,0,0,0,1,0,1,0,0,1,0,1,0,1,1,0,0,0,1,0,1,0,0,1,0,1,0,1,1,0,0
2026,3,29,08:48:47.426,46.44,145,67.1,0.8511,4393.7,397.6,3.938,2.16,3.89,0.01,0.01,-663.0,1849.0,368.0,-25939.0,25353,1747,13.5,0.0,10869.0,0,0,0,e1f,d4e,d4a,d4a,d4a,1,1,1,1,1,0,0,0,0,1,1,1,0,0,1,1,1,0,0,1,0,1,0,1,1,0,0,0,1,0,1,0,0,1,0,1,0,1,1,0,0,0,1,0,1,0,0,1,0,1,0,1,1,0,0,0,1,0,1,0,0,1,0,1,0,1,1,0,0
2026,3,29,08:48:47.446,46.46,165,67.1,0.8508,4401.9,405.8,3.939,2.16,3.89,0.01,0.01,-664.0,1850.0,368.0,-25952.0,25390,1754,12.0,0.0,10872.0,0,0,0,e1f,d4e,d4a,d4a,d4e,1,1,1,1,1,0,0,0,0,1,1,1,0,0,1,1,1,0,0,1,0,1,0,1,1,0,0,0,1,0,1,0,0,1,0,1,0,1,1,0,0,0,1,0,1,0,0,1,0,1,0,1,1,0,0,0,1,1,1,0,0,1,0,1,0,1,1,0,0
2026,3,29,08:48:47.466,46.48,185,67.1,0.8508,4402.5,406.5,3.939,2.16,3.89,0.01,0.01,-664.0,1851.0,368.0,-25965.0,25427,1761,11.0,0.0,10875.0,0,0,0,e1f,d4e,d4a,d4a,d4e,1,1,1,1,1,0,0,0,0,1,1,1,0,0,1,1,1,0,0,1,0,1,0,1,1,0,0,0,1,0,1,0,0,1,0,1,0,1,1,0,0,0,1,0,1,0,0,1,0,1,0,1,1,0,0,0,1,1,1,0,0,1,0,1,0,1,1,0,0
2026,3,29,08:48:47.486,46.50,205,67.1,0.8502,4423.4,427.3,3.939,2.16,3.89,0.01,0.01,-664.0,1851.0,368.0,-25979.0,25464,1769,10.6,0.0,10877.0,0,0,0,e1f,d46,d42,d42,d46,1,1,1,1,1,0,0,0,0,1,1,1,0,0,1,1,0,0,0,1,0,1,0,1,1,0,0,0,1,0,0,0,0,1,0,1,0,1,1,0,0,0,1,0,0,0,0,1,0,1,0,1,1,0,0,0,1,1,0,0,0,1,0,1,0,1,1,0,0
2026,3,29,08:48:47.506,46.52,225,67.0,0.8501,4424.6,428.6,3.939,2.16,3.89,0.01,0.01,-665.0,1852.0,368.0,-25992.0,25501,1776,10.6,0.0,10880.0,0,0,0,e1f,d46,d42,d42,d46,1,1,1,1,1,0,0,0,0,1,1,1,0,0,1,1,0,0,0,1,0,1,0,1,1,0,0,0,1,0,0,0,0,1,0,1,0,1,1,0,0,0,1,0,0,0,0,1,0,1,0,1,1,0,0,0,1,1,0,0,0,1,0,1,0,1,1,0,0
2026,3,29,08:48:47.526,46.54,245,67.0,0.8497,4437.2,441.2,3.939,2.16,3.89,0.01,0.01,-665.0,1853.0,369.0,-26005.0,25538,1784,11.1,0.0,10882.0,0,0,0,e1f,d46,d42,d42,d46,1,1,1,1,1,0,0,0,0,1,1,1,0,0,1,1,0,0,0,1,0,1,0,1,1,0,0,0,1,0,0,0,0,1,0,1,0,1,1,0,0,0,1,0,0,0,0,1,0,1,0,1,1,0,0,0,1,1,0,0,0,1,0,1,0,1,1,0,0
2026,3,29,08:48:47.546,46.56,15,67.0,0.8497,4438.5,442.4,3.939,2.17,3.89,0.01,0.01,-665.0,1854.0,369.0,-26019.0,25575,1791,11.9,0.0,10885.0,0,0,0,e1f,d46,d42,d42,d46,1,1,1,1,1,0,0,0,0,1,1,1,0,0,1,1,0,0,0,1,0,1,0,1,1,0,0,0,1,0,0,0,0,1,0,1,0,1,1,0,0,0,1,0,0,0,0,1,0,1,0,1,1,0,0,0,1,1,0,0,0,1,0,1,0,1,1,0,0
2026,3,29,08:48:47.566,46.58,35,67.0,0.8489,4462.5,466.4,3.938,2.17,3.89,0.01,0.01,-665.0,1855.0,369.0,-26032.0,25612,1798,13.0,0.0,10887.0,0,0,0,e1f,d46,d42,d42,d46,1,1,1,1,1,0,0,0,0,1,1,1,0,0,1,1,0,0,0,1,0,1,0,1,1,0,0,0,1,0,0,0,0,1,0,1,0,1,1,0,0,0,1,0,0,0,0,1,0,1,0,1,1,0,0,0,1,1,0,0,0,1,0,1,0,1,1,0,0
2026,3,29,08:48:47.586,46.60,55,67.0,0.8489,4463.8,467.7,3.939,2.17,3.89,0.01,0.01,-666.0,1856.0,369.0,-26045.0,25650,1806,14.2,0.0,10890.0,0,0,0,e1f,d4e,d4a,d4a,d4e,1,1,1,1,1,0,0,0,0,1,1,1,0,0,1,1,1,0,0,1,0,1,0,1,1,0,0,0,1,0,1,0,0,1,0,1,0,1,1,0,0,0,1,0,1,0,0,1,0,1,0,1,1,0,0,0,1,1,1,0,0,1,0,1,0,1,1,0,0
2026,3,29,08:48:47.606,46.62,75,67.0,0.8481,4489.7,493.6,3.939,2.17,3.89,0.01,0.01,-666.0,1857.0,369.0,-26059.0,25687,1813,15.6,0.0,10892.0,0,0,0,e1f,d4e,d4a,d4a,d4e,1,1,1,1,1,0,0,0,0,1,1,1,0,0,1,1,1,0,0,1,0,1,0,1,1,0,0,0,1,0,1,0,0,1,0,1,0,1,1,0,0,0,1,0,1,0,0,1,0,1,0,1,1,0,0,0,1,1,1,0,0,1,0,1,0,1,1,0,0
2026,3,29,08:48:47.626,46.64,95,66.9,0.8480,4491.0,494.9,3.939,2.17,3.89,0.01,0.01,-666.0,1858.0,370.0,-26072.0,25724,1820,17.1,0.0,10895.0,0,0,0,e1f,d4e,d4a,d4a,d4a,1,1,1,1,1,0,0,0,0,1,1,1,0,0,1,1,1,0,0,1,0,1,0,1,1,0,0,0,1,0,1,0,0,1,0,1,0,1,1,0,0,0,1,0,1,0,0,1,0,1,0,1,1,0,0,0,1,0,1,0,0,1,0,1,0,1,1,0,0
2026,3,29,08:48:47.646,46.66,115,66.9,0.8474,4509.9,513.9,3.939,2.17,3.89,0.01,0.01,-666.0,1858.0,370.0,-26085.0,25761,1828,18.7,0.0,10897.0,0,0,0,e1f,d4e,d4a,d4a,d4a,1,1,1,1,1,0,0,0,0,1,1,1,0,0,1,1,1,0,0,1,0,1,0,1,1,0,0,0,1,0,1,0,0,1,0,1,0,1,1,0,0,0,1,0,1,0,0,1,0,1,0,1,1,0,0,0,1,0,1,0,0,1,0,1,0,1,1,0,0
2026,3,29,08:48:47.666,46.68,135,66.9,0.8474,4511.8,515.8,3.940,2.17,3.89,0.01,0.01,-667.0,1859.0,370.0,-26099.0,25798,1835,20.4,0.0,10900.0,0,0,0,e1f,d4e,d4a,d4a,d4a,1,1,1,1,1,0,0,0,0,1,1,1,0,0,1,1,1,0,0,1,0,1,0,1,1,0,0,0,1,0,1,0,0,1,0,1,0,1,1,0,0,0,1,0,1,0,0,1,0,1,0,1,1,0,0,0,1,0,1,0,0,1,0,1,0,1,1,0,0
2026,3,29,08:48:47.686,46.70,155,66.9,0.8464,4541.0,544.9,3.939,2.17,3.89,0.01,0.01,-667.0,1860.0,370.0,-26112.0,25835,1843,22.2,0.0,10902.0,0,0,0,e1f,d4e,d4a,d4a,d4a,1,1,1,1,1,0,0,0,0,1,1,1,0,0,1,1,1,0,0,1,0,1,0,1,1,0,0,0,1,0,1,0,0,1,0,1,0,1,1,0,0,0,1,0,1,0,0,1,0,1,0,1,1,0,0,0,1,0,1,0,0,1,0,1,0,1,1,0,0
2026,3,29,08:48:47.706,46.72,175,66.9,0.8464,4541.6,545.5,3.939,2.17,3.89,0.01,0.01,-667.0,1861.0,370.0,-26125.0,25873,1850,24.1,0.0,10904.0,0,0,0,e1f,d4e,d4a,d4a,d4a,1,1,1,1,1,0,0,0,0,1,1,1,0,0,1,1,1,0,0,1,0,1,0,1,1,0,0,0,1,0,1,0,0,1,0,1,0,1,1,0,0,0,1,0,1,0,0,1,0,1,0,1,1,0,0,0,1,0,1,0,0,1,0,1,0,1,1,0,0
2026,3,29,08:48:47.726,46.74,195,66.9,0.8457,4564.4,568.3,3.940,2.17,3.89,0.01,0.01,-668.0,1861.0,371.0,-26139.0,25910,1858,26.2,0.0,10907.0,0,0,0,e1f,d4e,d4a,d4a,d4a,1,1,1,1,1,0,0,0,0,1,1,1,0,0,1,1,1,0,0,1,0,1,0,1,1,0,0,0,1,0,1,0,0,1,0,1,0,1,1,0,0,0,1,0,1,0,0,1,0,1,0,1,1,0,0,0,1,0,1,0,0,1,0,1,0,1,1,0,0
2026,3,29,08:48:47.746,46.76,215,66.8,0.8457,4565.7,569.6,3.939,2.17,3.89,0.01,0.01,-668.0,1862.0,371.0,-26152.0,25947,1865,28.5,0.0,10909.0,0,0,0,e1f,d4e,d4a,d4a,d4a,1,1,1,1,1,0,0,0,0,1,1,1,0,0,1,1,1,0,0,1,0,1,0,1,1,0,0,0,1,0,1,0,0,1,0,1,0,1,1,0,0,0,1,0,1,0,0,1,0,1,0,1,1,0,0,0,1,0,1,0,0,1,0,1,0,1,1,0,0
2026,3,29,08:48:47.766,46.78,235,66.8,0.8452,4579.0,582.9,3.938,2.17,3.89,0.01,0.01,-669.0,1862.0,371.0,-26165.0,25984,1872,30.9,0.0,10912.0,0,0,0,e1f,d4e,d4a,d4a,d4a,1,1,1,1,1,0,0,0,0,1,1,1,0,0,1,1,1,0,0,1,0,1,0,1,1,0,0,0,1,0,1,0,0,1,0,1,0,1,1,0,0,0,1,0,1,0,0,1,0,1,0,1,1,0,0,0,1,0,1,0,0,1,0,1,0,1,1,0,0
2026,3,29,08:48:47.786,46.80,5,66.8,0.8452,4579.6,583.6,3.939,2.17,3.89,0.01,0.01,-670.0,1863.0,371.0,-26179.0,26022,1880,33.4,0.0,10914.0,0,0,0,e1f,d4e,d4a,d4a,d4a,1,1,1,1,1,0,0,0,0,1,1,1,0,0,1,1,1,0,0,1,0,1,0,1,1,0,0,0,1,0,1,0,0,1,0,1,0,1,1,0,0,0,1,0,1,0,0,1,0,1,0,1,1,0,0,0,1,0,1,0,0,1,0,1,0,1,1,0,0
2026,3,29,08:48:47.806,46.82,25,66.8,0.8444,4606.9,610.8,3.939,2.17,3.89,0.01,0.01,-670.0,1863.0,370.0,-26192.0,26059,1887,36.1,0.0,10917.0,0,0,0,e1f,d4e,d4a,d4a,d4a,1,1,1,1,1,0,0,0,0,1,1,1,0,0,1,1,1,0,0,1,0,1,0,1,1,0,0,0,1,0,1,0,0,1,0,1,0,1,1,0,0,0,1,0,1,0,0,1,0,1,0,1,1,0,0,0,1,0,1,0,0,1,0,1,0,1,1,0,0
2026,3,29,08:48:47.826,46.84,45,66.8,0.8443,4608.2,612.1,3.939,2.17,3.89,0.01,0.01,-671.0,1863.0,370.0,-26206.0,26096,1895,38.9,0.0,10919.0,0,0,0,e1f,d4e,d4a,d4a,d4a,1,1,1,1,1,0,0,0,0,1,1,1,0,0,1,1,1,0,0,1,0,1,0,1,1,0,0,0,1,0,1,0,0,1,0,1,0,1,1,0,0,0,1,0,1,0,0,1,0,1,0,1,1,0,0,0,1,0,1,0,0,1,0,1,0,1,1,0,0
2026,3,29,08:48:47.846,46.86,65,66.8,0.8440,4619.6,623.5,3.939,2.17,3.89,0.01,0.01,-672.0,1864.0,370.0,-26219.0,26133,1902,41.9,0.0,10922.0,0,0,0,e1f,d4e,d4a,d4a,d4a,1,1,1,1,1,0,0,0,0,1,1,1,0,0,1,1,1,0,0,1,0,1,0,1,1,0,0,0,1,0,1,0,0,1,0,1,0,1,1,0,0,0,1,0,1,0,0,1,0,1,0,1,1,0,0,0,1,0,1,0,0,1,0,1,0,1,1,0,0
2026,3,29,08:48:47.866,46.88,85,66.8,0.8440,4619.6,623.5,3.939,2.17,3.89,0.01,0.01,-673.0,1864.0,370.0,-26232.0,26171,1909,45.0,0.0,10924.0,0,0,0,e1f,d4e,d4a,d4a,d4a,1,1,1,1,1,0,0,0,0,1,1,1,0,0,1,1,1,0,0,1,0,1,0,1,1,0,0,0,1,0,1,0,0,1,0,1,0,1,1,0,0,0,1,0,1,0,0,1,0,1,0,1,1,0,0,0,1,0,1,0,0,1,0,1,0,1,1,0,0
2026,3,29,08:48:47.886,46.90,105,66.8,0.8442,4613.3,617.2,3.940,2.17,3.89,0.01,0.01,-674.0,1864.0,370.0,-26246.0,26208,1917,48.3,0.0,10927.0,0,0,0,e1f,d4e,d4a,d4a,d4a,1,1,1,1,1,0,0,0,0,1,1,1,0,0,1,1,1,0,0,1,0,1,0,1,1,0,0,0,1,0,1,0,0,1,0,1,0,1,1,0,0,0,1,0,1,0,0,1,0,1,0,1,1,0,0,0,1,0,1,0,0,1,0,1,0,1,1,0,0
2026,3,29,08:48:47.906,46.92,125,66.8,0.8441,4613.9,617.8,3.939,2.17,3.89,0.01,0.01,-674.0,1865.0,369.0,-26259.0,26245,1924,51.7,0.0,10929.0,0,0,0,e1f,d4e,d4a,d4a,d4a,1,1,1,1,1,0,0,0,0,1,1,1,0,0,1,1,1,0,0,1,0,1,0,1,1,0,0,0,1,0,1,0,0,1,0,1,0,1,1,0,0,0,1,0,1,0,0,1,0,1,0,1,1,0,0,0,1,0,1,0,0,1,0,1,0,1,1,0,0
2026,3,29,08:48:47.926,46.94,145,66.8,0.8439,4621.5,625.4,3.940,2.17,3.89,0.01,0.01,-675.0,1865.0,369.0,-26273.0,26283,1932,55.3,0.0,10932.0,0,0,0,e1f,d4e,d4a,d4a,d4a,1,1,1,1,1,0,0,0,0,1,1,1,0,0,1,1,1,0,0,1,0,1,0,1,1,0,0,0,1,0,1,0,0,1,0,1,0,1,1,0,0,0,1,0,1,0,0,1,0,1,0,1,1,0,0,0,1,0,1,0,0,1,0,1,0,1,1,0,0
2026,3,29,08:48:47.946,46.96,165,66.8,0.8439,4621.5,625.4,3.939,2.17,3.89,0.01,0.01,-676.0,1866.0,369.0,-26286.0,26320,1939,58.9,0.0,10935.0,0,0,0,e1f,d4e,d4a,d4a,d4a,1,1,1,1,1,0,0,0,0,1,1,1,0,0,1,1,1,0,0,1,0,1,0,1,1,0,0,0,1,0,1,0,0,1,0,1,0,1,1,0,0,0,1,0,1,0,0,1,0,1,0,1,1,0,0,0,1,0,1,0,0,1,0,1,0,1,1,0,0
2026,3,29,08:48:47.966,46.98,185,66.8,0.8439,4620.2,624.2,3.939,2.17,3.89,0.01,0.01,-676.0,1866.0,368.0,-26300.0,26357,1946,62.6,0.0,10938.0,0,0,0,e1f,d4e,d4a,d4a,d4a,1,1,1,1,1,0,0,0,0,1,1,1,0,0,1,1,1,0,0,1,0,1,0,1,1,0,0,0,1,0,1,0,0,1,0,1,0,1,1,0,0,0,1,0,1,0,0,1,0,1,0,1,1,0,0,0,1,0,1,0,0,1,0,1,0,1,1,0,0
2026,3,29,08:48:47.986,47.00,205,66.8,0.8440,4619.6,623.5,3.940,2.17,3.89,0.01,0.01,-677.0,1867.0,367.0,-26314.0,26395,1954,66.4,0.0,10942.0,0,0,0,e1f,d4e,d4a,d4a,d4a,1,1,1,1,1,0,0,0,0,1,1,1,0,0,1,1,1,0,0,1,0,1,0,1,1,0,0,0,1,0,1,0,0,1,0,1,0,1,1,0,0,0,1,0,1,0,0,1,0,1,0,1,1,0,0,0,1,0,1,0,0,1,0,1,0,1,1,0,0
2026,3,29,08:48:48.006,47.02,225,66.8,0.8443,4608.2,612.1,3.939,2.17,3.89,0.01,0.01,-677.0,1867.0,367.0,-26327.0,26432,1961,70.3,0.0,10946.0,0,0,0,e1f,d4e,d4a,d4a,d4a,1,1,1,1,1,0,0,0,0,1,1,1,0,0,1,1,1,0,0,1,0,1,0,1,1,0,0,0,1,0,1,0,0,1,0,1,0,1,1,0,0,0,1,0,1,0,0,1,0,1,0,1,1,0,0,0,1,0,1,0,0,1,0,1,0,1,1,0,0
2026,3,29,08:48:48.026,47.04,245,66.8,0.8443,4607.5,611.5,3.940,2.17,3.89,0.01,0.01,-678.0,1868.0,366.0,-26341.0,26469,1969,74.2,0.0,10950.0,0,0,0,e1f,d4e,d4a,d4a,d4a,1,1,1,1,1,0,0,0,0,1,1,1,0,0,1,1,1,0,0,1,0,1,0,1,1,0,0,0,1,0,1,0,0,1,0,1,0,1,1,0,0,0,1,0,1,0,0,1,0,1,0,1,1,0,0,0,1,0,1,0,0,1,0,1,0,1,1,0,0
2026,3,29,08:48:48.046,47.06,15,66.8,0.8450,4586.0,589.9,3.940,2.17,3.89,0.01,0.01,-678.0,1868.0,366.0,-26354.0,26507,1976,78.1,0.0,10954.0,0,0,0,e1f,d4e,d4a,d4a,d4a,1,1,1,1,1,0,0,0,0,1,1,1,0,0,1,1,1,0,0,1,0,1,0,1,1,0,0,0,1,0,1,0,0,1,0,1,0,1,1,0,0,0,1,0,1,0,0,1,0,1,0,1,1,0,0,0,1,0,1,0,0,1,0,1,0,1,1,0,0
2026,3,29,08:48:48.066,47.08,35,66.9,0.8451,4584.1,588.0,3.939,2.17,3.89,0.01,0.01,-678.0,1869.0,365.0,-26368.0,26544,1983,81.9,0.0,10960.0,0,0,0,e1f,d4e,d4a,d4a,d4a,1,1,1,1,1,0,0,0,0,1,1,1,0,0,1,1,1,0,0,1,0,1,0,1,1,0,0,0,1,0,1,0,0,1,0,1,0,1,1,0,0,0,1,0,1,0,0,1,0,1,0,1,1,0,0,0,1,0,1,0,0,1,0,1,0,1,1,0,0
2026,3,29,08:48:48.086,47.10,55,66.9,0.8466,4537.2,541.1,3.939,2.17,3.89,0.01,0.01,-678.0,1869.0,364.0,-26381.0,26581,1990,85.8,0.0,10966.0,0,0,0,e1f,d4e,d4a,d4a,d4a,1,1,1,1,1,0,0,0,0,1,1,1,0,0,1,1,1,0,0,1,0,1,0,1,1,0,0,0,1,0,1,0,0,1,0,1,0,1,1,0,0,0,1,0,1,0,0,1,0,1,0,1,1,0,0,0,1,0,1,0,0,1,0,1,0,1,1,0,0
2026,3,29,08:48:48.106,47.12,75,66.9,0.8466,4535.3,539.2,3.939,2.17,3.89,0.01,0.01,-678.0,1870.0,364.0,-26395.0,26619,1998,89.6,0.0,10972.0,0,0,0,e1f,d4e,d4a,d4a,d4a,1,1,1,1,1,0,0,0,0,1,1,1,0,0,1,1,1,0,0,1,0,1,0,1,1,0,0,0,1,0,1,0,0,1,0,1,0,1,1,0,0,0,1,0,1,0,0,1,0,1,0,1,1,0,0,0,1,0,1,0,0,1,0,1,0,1,1,0,0
2026,3,29,08:48:48.126,47.14,95,66.9,0.8482,4486.5,490.5,3.940,2.17,3.89,0.01,0.01,-678.0,1870.0,363.0,-26409.0,26656,2005,93.3,0.0,10979.0,0,0,0,e1f,d4e,d4a,d4a,d4a,1,1,1,1,1,0,0,0,0,1,1,1,0,0,1,1,1,0,0,1,0,1,0,1,1,0,0,0,1,0,1,0,0,1,0,1,0,1,1,0,0,0,1,0,1,0,0,1,0,1,0,1,1,0,0,0,1,0,1,0,0,1,0,1,0,1,1,0,0
2026,3,29,08:48:48.146,47.16,115,67.0,0.8482,4484.6,488.6,3.939,2.17,3.89,0.01,0.01,-678.0,1871.0,363.0,-26422.0,26694,2012,97.0,0.0,10985.0,0,0,0,e1f,d4a,d4a,d4a,d4a,1,1,1,1,1,0,0,0,0,1,1,1,0,0,1,0,1,0,0,1,0,1,0,1,1,0,0,0,1,0,1,0,0,1,0,1,0,1,1,0,0,0,1,0,1,0,0,1,0,1,0,1,1,0,0,0,1,0,1,0,0,1,0,1,0,1,1,0,0
2026,3,29,08:48:48.166,47.18,135,67.0,0.8496,4442.3,446.2,3.939,2.18,3.89,0.01,0.01,-677.0,1871.0,362.0,-26436.0,26731,2020,100.6,0.0,10991.0,0,0,0,e1f,d4a,d4a,d4a,d4a,1,1,1,1,1,0,0,0,0,1,1,1,0,0,1,0,1,0,0,1,0,1,0,1,1,0,0,0,1,0,1,0,0,1,0,1,0,1,1,0,0,0,1,0,1,0,0,1,0,1,0,1,1,0,0,0,1,0,1,0,0,1,0,1,0,1,1,0,0
2026,3,29,08:48:48.186,47.20,155,67.0,0.8496,4441.0,445.0,3.940,2.18,3.89,0.01,0.01,-677.0,1872.0,362.0,-26449.0,26769,2027,104.2,0.0,10997.0,0,0,0,e1f,d4a,d4a,d4a,d4a,1,1,1,1,1,0,0,0,0,1,1,1,0,0,1,0,1,0,0,1,0,1,0,1,1,0,0,0,1,0,1,0,0,1,0,1,0,1,1,0,0,0,1,0,1,0,0,1,0,1,0,1,1,0,0,0,1,0,1,0,0,1,0,1,0,1,1,0,0
2026,3,29,08:48:48.206,47.22,175,67.0,0.8506,4408.2,412.1,3.940,2.18,3.89,0.01,0.01,-677.0,1872.0,362.0,-26463.0,26806,2034,107.7,0.0,11002.0,0,0,0,e1f,d4a,d4a,d4a,d4a,1,1,1,1,1,0,0,0,0,1,1,1,0,0,1,0,1,0,0,1,0,1,0,1,1,0,0,0,1,0,1,0,0,1,0,1,0,1,1,0,0,0,1,0,1,0,0,1,0,1,0,1,1,0,0,0,1,0,1,0,0,1,0,1,0,1,1,0,0
2026,3,29,08:48:48.226,47.24,195,67.1,0.8506,4408.2,412.1,3.939,2.18,3.89,0.01,0.01,-677.0,1872.0,362.0,-26476.0,26843,2041,111.1,0.0,11006.0,0,0,0,e1f,d4a,d4a,d4a,d4a,1,1,1,1,1,0,0,0,0,1,1,1,0,0,1,0,1,0,0,1,0,1,0,1,1,0,0,0,1,0,1,0,0,1,0,1,0,1,1,0,0,0,1,0,1,0,0,1,0,1,0,1,1,0,0,0,1,0,1,0,0,1,0,1,0,1,1,0,0
2026,3,29,08:48:48.246,47.26,215,67.1,0.8503,4419.6,423.5,3.939,2.18,3.89,0.01,0.01,-676.0,1872.0,362.0,-26490.0,26881,2049,114.4,0.0,11011.0,0,0,0,e1f,d4a,d4a,d4a,d4a,1,1,1,1,1,0,0,0,0,1,1,1,0,0,1,0,1,0,0,1,0,1,0,1,1,0,0,0,1,0,1,0,0,1,0,1,0,1,1,0,0,0,1,0,1,0,0,1,0,1,0,1,1,0,0,0,1,0,1,0,0,1,0,1,0,1,1,0,0
2026,3,29,08:48:48.266,47.28,235,67.1,0.8503,4418.3,422.2,3.939,2.18,3.89,0.01,0.01,-676.0,1873.0,362.0,-26503.0,26918,2056,117.7,0.0,11016.0,0,0,0,e1f,d4a,d4a,d4a,d4a,1,1,1,1,1,0,0,0,0,1,1,1,0,0,1,0,1,0,0,1,0,1,0,1,1,0,0,0,1,0,1,0,0,1,0,1,0,1,1,0,0,0,1,0,1,0,0,1,0,1,0,1,1,0,0,0,1,0,1,0,0,1,0,1,0,1,1,0,0
2026,3,29,08:48:48.286,47.30,5,67.1,0.8510,4397.5,401.4,3.939,2.18,3.89,0.01,0.01,-676.0,1873.0,362.0,-26517.0,26956,2063,120.8,0.0,11020.0,0,0,0,e1f,d4a,d4a,d4a,d4a,1,1,1,1,1,0,0,0,0,1,1,1,0,0,1,0,1,0,0,1,0,1,0,1,1,0,0,0,1,0,1,0,0,1,0,1,0,1,1,0,0,0,1,0,1,0,0,1,0,1,0,1,1,0,0,0,1,0,1,0,0,1,0,1,0,1,1,0,0
2026,3,29,08:48:48.306,47.32,25,67.1,0.8510,4397.5,401.4,3.940,2.18,3.89,0.01,0.01,-675.0,1873.0,362.0,-26530.0,26993,2070,123.8,0.0,11025.0,0,0,0,e1f,d4a,d4a,d4a,d4a,1,1,1,1,1,0,0,0,0,1,1,1,0,0,1,0,1,0,0,1,0,1,0,1,1,0,0,0,1,0,1,0,0,1,0,1,0,1,1,0,0,0,1,0,1,0,0,1,0,1,0,1,1,0,0,0,1,0,1,0,0,1,0,1,0,1,1,0,0
2026,3,29,08:48:48.326,47.34,45,67.1,0.8512,4389.3,393.2,3.939,2.18,3.89,0.01,0.01,-675.0,1874.0,362.0,-26544.0,27031,2078,126.5,0.0,11030.0,0,0,0,e1f,d4a,d4a,d4a,d4a,1,1,1,1,1,0,0,0,0,1,1,1,0,0,1,0,1,0,0,1,0,1,0,1,1,0,0,0,1,0,1,0,0,1,0,1,0,1,1,0,0,0,1,0,1,0,0,1,0,1,0,1,1,0,0,0,1,0,1,0,0,1,0,1,0,1,1,0,0
2026,3,29,08:48:48.346,47.36,65,67.1,0.8512,4389.3,393.2,3.939,2.18,3.89,0.01,0.01,-674.0,1874.0,363.0,-26557.0,27068,2085,129.1,0.0,11035.0,0,0,0,e1f,d4a,d4a,d4a,d4a,1,1,1,1,1,0,0,0,0,1,1,1,0,0,1,0,1,0,0,1,0,1,0,1,1,0,0,0,1,0,1,0,0,1,0,1,0,1,1,0,0,0,1,0,1,0,0,1,0,1,0,1,1,0,0,0,1,0,1,0,0,1,0,1,0,1,1,0,0
2026,3,29,08:48:48.366,47.38,85,67.1,0.8516,4379.2,383.1,3.939,2.18,3.89,0.01,0.01,-674.0,1874.0,363.0,-26571.0,27106,2092,131.5,0.0,11040.0,0,0,0,e1f,d4a,d4a,d4a,d4a,1,1,1,1,1,0,0,0,0,1,1,1,0,0,1,0,1,0,0,1,0,1,0,1,1,0,0,0,1,0,1,0,0,1,0,1,0,1,1,0,0,0,1,0,1,0,0,1,0,1,0,1,1,0,0,0,1,0,1,0,0,1,0,1,0,1,1,0,0
2026,3,29,08:48:48.386,47.40,105,67.1,0.8515,4379.8,383.8,3.939,2.18,3.89,0.01,0.01,-674.0,1874.0,364.0,-26584.0,27143,2099,133.7,0.0,11046.0,0,0,0,e1f,d4a,d4a,d4a,d4a,1,1,1,1,1,0,0,0,0,1,1,1,0,0,1,0,1,0,0,1,0,1,0,1,1,0,0,0,1,0,1,0,0,1,0,1,0,1,1,0,0,0,1,0,1,0,0,1,0,1,0,1,1,0,0,0,1,0,1,0,0,1,0,1,0,1,1,0,0
2026,3,29,08:48:48.406,47.42,125,67.1,0.8521,4362.2,366.1,3.939,2.18,3.89,0.01,0.01,-674.0,1875.0,364.0,-26598.0,27181,2107,135.8,0.0,11052.0,0,0,0,e1f,d4a,d4a,d4a,d4a,1,1,1,1,1,0,0,0,0,1,1,1,0,0,1,0,1,0,0,1,0,1,0,1,1,0,0,0,1,0,1,0,0,1,0,1,0,1,1,0,0,0,1,0,1,0,0,1,0,1,0,1,1,0,0,0,1,0,1,0,0,1,0,1,0,1,1,0,0
2026,3,29,08:48:48.426,47.44,145,67.1,0.8521,4361.6,365.5,3.939,2.18,3.89,0.01,0.01,-674.0,1875.0,365.0,-26611.0,27218,2114,137.7,0.0,11059.0,0,0,0,e1f,d4a,d4a,d4a,d4a,1,1,1,1,1,0,0,0,0,1,1,1,0,0,1,0,1,0,0,1,0,1,0,1,1,0,0,0,1,0,1,0,0,1,0,1,0,1,1,0,0,0,1,0,1,0,0,1,0,1,0,1,1,0,0,0,1,0,1,0,0,1,0,1,0,1,1,0,0
2026,3,29,08:48:48.446,47.46,165,67.1,0.8528,4340.8,344.7,3.940,2.18,3.89,0.01,0.01,-674.0,1875.0,365.0,-26625.0,27256,2121,139.5,0.0,11065.0,0,0,0,e1f,d4a,d4a,d4a,d4a,1,1,1,1,1,0,0,0,0,1,1,1,0,0,1,0,1,0,0,1,0,1,0,1,1,0,0,0,1,0,1,0,0,1,0,1,0,1,1,0,0,0,1,0,1,0,0,1,0,1,0,1,1,0,0,0,1,0,1,0,0,1,0,1,0,1,1,0,0
2026,3,29,08:48:48.466,47.48,185,67.1,0.8528,4340.8,344.7,3.940,2.18,3.89,0.01,0.01,-674.0,1875.0,366.0,-26638.0,27293,2129,141.2,0.0,11071.0,0,0,0,e1f,d4a,d4a,d4a,d4a,1,1,1,1,1,0,0,0,0,1,1,1,0,0,1,0,1,0,0,1,0,1,0,1,1,0,0,0,1,0,1,0,0,1,0,1,0,1,1,0,0,0,1,0,1,0,0,1,0,1,0,1,1,0,0,0,1,0,1,0,0,1,0,1,0,1,1,0,0
2026,3,29,08:48:48.486,47.50,205,67.1,0.8528,4340.8,344.7,3.940,2.18,3.89,0.01,0.01,-674.0,1875.0,366.0,-26652.0,27331,2136,142.7,0.0,11077.0,0,0,0,e1f,d4a,d4a,d4a,d4a,1,1,1,1,1,0,0,0,0,1,1,1,0,0,1,0,1,0,0,1,0,1,0,1,1,0,0,0,1,0,1,0,0,1,0,1,0,1,1,0,0,0,1,0,1,0,0,1,0,1,0,1,1,0,0,0,1,0,1,0,0,1,0,1,0,1,1,0,0
2026,3,29,08:48:48.506,47.52,225,67.1,0.8528,4340.8,344.7,3.940,2.18,3.89,0.01,0.01,-674.0,1875.0,367.0,-26665.0,27368,2143,144.2,0.0,11083.0,0,0,0,e1f,d4a,d4a,d4a,d4a,1,1,1,1,1,0,0,0,0,1,1,1,0,0,1,0,1,0,0,1,0,1,0,1,1,0,0,0,1,0,1,0,0,1,0,1,0,1,1,0,0,0,1,0,1,0,0,1,0,1,0,1,1,0,0,0,1,0,1,0,0,1,0,1,0,1,1,0,0
2026,3,29,08:48:48.526,47.54,245,67.1,0.8537,4313.1,317.0,3.940,2.18,3.89,0.01,0.01,-675.0,1875.0,367.0,-26679.0,27406,2151,145.6,0.0,11088.0,0,0,0,e1f,d4a,d4a,d4a,d4a,1,1,1,1,1,0,0,0,0,1,1,1,0,0,1,0,1,0,0,1,0,1,0,1,1,0,0,0,1,0,1,0,0,1,0,1,0,1,1,0,0,0,1,0,1,0,0,1,0,1,0,1,1,0,0,0,1,0,1,0,0,1,0,1,0,1,1,0,0
2026,3,29,08:48:48.546,47.56,15,67.1,0.8537,4313.1,317.0,3.940,2.18,3.89,0.01,0.01,-675.0,1875.0,367.0,-26692.0,27443,2158,147.0,0.0,11092.0,0,0,0,e1f,d4a,d4a,d4a,d4a,1,1,1,1,1,0,0,0,0,1,1,1,0,0,1,0,1,0,0,1,0,1,0,1,1,0,0,0,1,0,1,0,0,1,0,1,0,1,1,0,0,0,1,0,1,0,0,1,0,1,0,1,1,0,0,0,1,0,1,0,0,1,0,1,0,1,1,0,0
2026,3,29,08:48:48.566,47.58,35,67.1,0.8538,4308.7,312.6,3.939,2.18,3.89,0.01,0.01,-675.0,1876.0,368.0,-26706.0,27481,2165,148.3,0.0,11097.0,0,0,0,e1f,d4a,d4a,d4a,d4a,1,1,1,1,1,0,0,0,0,1,1,1,0,0,1,0,1,0,0,1,0,1,0,1,1,0,0,0,1,0,1,0,0,1,0,1,0,1,1,0,0,0,1,0,1,0,0,1,0,1,0,1,1,0,0,0,1,0,1,0,0,1,0,1,0,1,1,0,0
2026,3,29,08:48:48.586,47.60,55,67.1,0.8538,4308.7,312.6,3.940,2.18,3.89,0.01,0.01,-676.0,1876.0,368.0,-26719.0,27518,2173,149.6,0.0,11101.0,0,0,0,e1f,d4a,d4a,d4a,d4a,1,1,1,1,1,0,0,0,0,1,1,1,0,0,1,0,1,0,0,1,0,1,0,1,1,0,0,0,1,0,1,0,0,1,0,1,0,1,1,0,0,0,1,0,1,0,0,1,0,1,0,1,1,0,0,0,1,0,1,0,0,1,0,1,0,1,1,0,0
2026,3,29,08:48:48.606,47.62,75,67.1,0.8543,4293.6,297.5,3.940,2.18,3.89,0.01,0.01,-676.0,1877.0,368.0,-26733.0,27556,2180,150.9,0.0,11105.0,0,0,0,e1f,d4a,d4a,d4a,d4a,1,1,1,1,1,0,0,0,0,1,1,1,0,0,1,0,1,0,0,1,0,1,0,1,1,0,0,0,1,0,1,0,0,1,0,1,0,1,1,0,0,0,1,0,1,0,0,1,0,1,0,1,1,0,0,0,1,0,1,0,0,1,0,1,0,1,1,0,0
2026,3,29,08:48:48.626,47.64,95,67.1,0.8543,4293.6,297.5,3.940,2.18,3.89,0.01,0.01,-676.0,1877.0,369.0,-26747.0,27593,2187,152.1,0.0,11109.0,0,0,0,e1f,d4a,d4a,d4a,d4a,1,1,1,1,1,0,0,0,0,1,1,1,0,0,1,0,1,0,0,1,0,1,0,1,1,0,0,0,1,0,1,0,0,1,0,1,0,1,1,0,0,0,1,0,1,0,0,1,0,1,0,1,1,0,0,0,1,0,1,0,0,1,0,1,0,1,1,0,0
2026,3,29,08:48:48.646,47.66,115,67.1,0.8542,4296.7,300.7,3.940,2.18,3.89,0.01,0.01,-677.0,1878.0,369.0,-26760.0,27631,2195,153.2,0.0,11114.0,0,0,0,e1f,d4a,d4a,d4a,d4a,1,1,1,1,1,0,0,0,0,1,1,1,0,0,1,0,1,0,0,1,0,1,0,1,1,0,0,0,1,0,1,0,0,1,0,1,0,1,1,0,0,0,1,0,1,0,0,1,0,1,0,1,1,0,0,0,1,0,1,0,0,1,0,1,0,1,1,0,0
2026,3,29,08:48:48.906,47.68,125,67.1,0.8533,4325.7,329.6,3.939,2.19,3.89,0.01,0.01,-682.0,1883.0,372.0,-26937.0,28120,2291,162.4,0.0,11169.0,0,0,0,e1f,d4a,d4a,d4a,d4a,1,1,1,1,1,0,0,0,0,1,1,1,0,0,1,0,1,0,0,1,0,1,0,1,1,0,0,0,1,0,1,0,0,1,0,1,0,1,1,0,0,0,1,0,1,0,0,1,0,1,0,1,1,0,0,0,1,0,1,0,0,1,0,1,0,1,1,0,0
2026,3,29,08:48:48.926,47.70,145,67.1,0.8536,4314.3,318.3,3.940,2.19,3.89,0.01,0.01,-682.0,1884.0,372.0,-26950.0,28158,2299,163.0,0.0,11170.0,0,0,0,e1f,d4a,d4a,d4a,d4a,1,1,1,1,1,0,0,0,0,1,1,1,0,0,1,0,1,0,0,1,0,1,0,1,1,0,0,0,1,0,1,0,0,1,0,1,0,1,1,0,0,0,1,0,1,0,0,1,0,1,0,1,1,0,0,0,1,0,1,0,0,1,0,1,0,1,1,0,0
2026,3,29,08:48:48.946,47.72,165,67.1,0.8536,4314.3,318.3,3.939,2.19,3.89,0.01,0.01,-682.0,1884.0,372.0,-26964.0,28195,2306,163.6,0.0,11170.0,0,0,0,e1f,d4a,d4a,d4a,d4a,1,1,1,1,1,0,0,0,0,1,1,1,0,0,1,0,1,0,0,1,0,1,0,1,1,0,0,0,1,0,1,0,0,1,0,1,0,1,1,0,0,0,1,0,1,0,0,1,0,1,0,1,1,0,0,0,1,0,1,0,0,1,0,1,0,1,1,0,0
2026,3,29,08:48:48.966,47.74,185,67.1,0.8534,4321.3,325.2,3.939,2.19,3.89,0.01,0.01,-682.0,1885.0,372.0,-26978.0,28233,2314,164.1,0.0,11169.0,0,0,0,e1f,d4a,d4a,d4a,d4a,1,1,1,1,1,0,0,0,0,1,1,1,0,0,1,0,1,0,0,1,0,1,0,1,1,0,0,0,1,0,1,0,0,1,0,1,0,1,1,0,0,0,1,0,1,0,0,1,0,1,0,1,1,0,0,0,1,0,1,0,0,1,0,1,0,1,1,0,0
2026,3,29,08:48:49.226,47.76,195,67.1,0.8547,4281.0,285.0,3.939,2.19,3.89,0.01,0.01,-687.0,1888.0,373.0,-27156.0,28724,2411,164.0,0.0,11149.0,0,0,0,e1f,d4a,d4a,d4a,d4a,1,1,1,1,1,0,0,0,0,1,1,1,0,0,1,0,1,0,0,1,0,1,0,1,1,0,0,0,1,0,1,0,0,1,0,1,0,1,1,0,0,0,1,0,1,0,0,1,0,1,0,1,1,0,0,0,1,0,1,0,0,1,0,1,0,1,1,0,0
2026,3,29,08:48:49.246,47.78,215,67.1,0.8551,4268.4,272.4,3.939,2.19,3.89,0.01,0.01,-687.0,1888.0,373.0,-27170.0,28761,2418,163.2,0.0,11147.0,0,0,0,e1f,d4a,d4a,d4a,d4a,1,1,1,1,1,0,0,0,0,1,1,1,0,0,1,0,1,0,0,1,0,1,0,1,1,0,0,0,1,0,1,0,0,1,0,1,0,1,1,0,0,0,1,0,1,0,0,1,0,1,0,1,1,0,0,0,1,0,1,0,0,1,0,1,0,1,1,0,0
2026,3,29,08:48:49.266,47.80,235,67.1,0.8551,4268.4,272.4,3.939,2.19,3.89,0.01,0.01,-688.0,1889.0,373.0,-27183.0,28799,2426,162.3,0.0,11145.0,0,0,0,e1f,d4a,d4a,d4a,d4a,1,1,1,1,1,0,0,0,0,1,1,1,0,0,1,0,1,0,0,1,0,1,0,1,1,0,0,0,1,0,1,0,0,1,0,1,0,1,1,0,0,0,1,0,1,0,0,1,0,1,0,1,1,0,0,0,1,0,1,0,0,1,0,1,0,1,1,0,0
2026,3,29,08:48:49.286,47.82,5,67.1,0.8547,4279.8,283.7,3.941,2.19,3.89,0.01,0.01,-688.0,1889.0,373.0,-27197.0,28837,2433,161.3,0.0,11143.0,0,0,0,e1f,d4a,d4a,d4a,d4a,1,1,1,1,1,0,0,0,0,1,1,1,0,0,1,0,1,0,0,1,0,1,0,1,1,0,0,0,1,0,1,0,0,1,0,1,0,1,1,0,0,0,1,0,1,0,0,1,0,1,0,1,1,0,0,0,1,0,1,0,0,1,0,1,0,1,1,0,0
2026,3,29,23:17:04.087,47.84,128,59.0,0.9756,681.4,-3314.7,4.068,1.66,2.38,0.01,0.01,-419.0,-48.0,1420.0,-15669.0,-2483,-12525,144.7,0.0,53.0,0,0,0,eff,cc9,cc9,cc9,cc9,1,1,1,1,1,1,1,1,0,1,1,1,0,1,0,0,1,0,0,1,1,0,0,1,1,0,0,1,0,0,1,0,0,1,1,0,0,1,1,0,0,1,0,0,1,0,0,1,1,0,0,1,1,0,0,1,0,0,1,0,0,1,1,0,0,1,1,0,0
2026,3,29,23:17:04.107,47.86,148,59.0,0.9756,681.4,-3314.7,4.067,1.66,2.38,0.01,0.01,-419.0,-48.0,1421.0,-15677.0,-2484,-12497,144.7,0.0,53.0,0,0,0,eff,cc9,cc9,cc9,cc9,1,1,1,1,1,1,1,1,0,1,1,1,0,1,0,0,1,0,0,1,1,0,0,1,1,0,0,1,0,0,1,0,0,1,1,0,0,1,1,0,0,1,0,0,1,0,0,1,1,0,0,1,1,0,0,1,0,0,1,0,0,1,1,0,0,1,1,0,0
2026,3,29,23:17:04.127,47.88,168,59.0,0.9756,681.4,-3314.7,4.067,1.66,2.38,0.01,0.01,-419.0,-48.0,1421.0,-15686.0,-2485,-12468,144.7,0.0,53.0,0,0,0,eff,cc9,cc9,cc9,cc9,1,1,1,1,1,1,1,1,0,1,1,1,0,1,0,0,1,0,0,1,1,0,0,1,1,0,0,1,0,0,1,0,0,1,1,0,0,1,1,0,0,1,0,0,1,0,0,1,1,0,0,1,1,0,0,1,0,0,1,0,0,1,1,0,0,1,1,0,0
2026,3,29,23:17:04.147,47.90,188,59.0,0.9756,681.4,-3314.7,4.067,1.66,2.38,0.01,0.01,-419.0,-48.0,1422.0,-15694.0,-2486,-12440,144.7,0.0,53.0,0,0,0,eff,cc9,cc9,cc9,cc9,1,1,1,1,1,1,1,1,0,1,1,1,0,1,0,0,1,0,0,1,1,0,0,1,1,0,0,1,0,0,1,0,0,1,1,0,0,1,1,0,0,1,0,0,1,0,0,1,1,0,0,1,1,0,0,1,0,0,1,0,0,1,1,0,0,1,1,0,0
2026,3,29,08:48:44.826,47.92,45,67.1,0.8433,4639.9,643.9,3.939,2.08,3.89,0.01,0.01,-657.0,1800.0,341.0,-24223.0,20600,836,36.4,0.0,10531.0,0,0,0,e1f,d4e,d4a,d4a,d4a,1,1,1,1,1,0,0,0,0,1,1,1,0,0,1,1,1,0,0,1,0,1,0,1,1,0,0,0,1,0,1,0,0,1,0,1,0,1,1,0,0,0,1,0,1,0,0,1,0,1,0,1,1,0,0,0,1,0,1,0,0,1,0,1,0,1,1,0,0
2026,3,29,08:48:44.846,47.94,65,67.1,0.8428,4655.8,659.8,3.939,2.08,3.89,0.01,0.01,-656.0,1800.0,341.0,-24236.0,20636,842,36.9,0.0,10534.0,0,0,0,e1f,d4e,d4a,d4a,d4a,1,1,1,1,1,0,0,0,0,1,1,1,0,0,1,1,1,0,0,1,0,1,0,1,1,0,0,0,1,0,1,0,0,1,0,1,0,1,1,0,0,0,1,0,1,0,0,1,0,1,0,1,1,0,0,0,1,0,1,0,0,1,0,1,0,1,1,0,0
2026,3,29,08:48:44.866,47.96,85,67.0,0.8428,4657.1,661.0,3.940,2.08,3.89,0.01,0.01,-656.0,1800.0,341.0,-24250.0,20672,849,37.2,0.0,10537.0,0,0,0,e1f,d4e,d4a,d4a,d4a,1,1,1,1,1,0,0,0,0,1,1,1,0,0,1,1,1,0,0,1,0,1,0,1,1,0,0,0,1,0,1,0,0,1,0,1,0,1,1,0,0,0,1,0,1,0,0,1,0,1,0,1,1,0,0,0,1,0,1,0,0,1,0,1,0,1,1,0,0
2026,3,29,08:48:44.886,47.98,105,67.0,0.8422,4674.9,678.8,3.939,2.08,3.89,0.01,0.01,-656.0,1800.0,341.0,-24263.0,20708,856,37.3,0.0,10540.0,0,0,0,e1f,d4e,d4a,d4a,d4a,1,1,1,1,1,0,0,0,0,1,1,1,0,0,1,1,1,0,0,1,0,1,0,1,1,0,0,0,1,0,1,0,0,1,0,1,0,1,1,0,0,0,1,0,1,0,0,1,0,1,0,1,1,0,0,0,1,0,1,0,0,1,0,1,0,1,1,0,0
2026,3,29,08:48:44.906,48.00,125,67.0,0.8422,4675.5,679.5,3.939,2.08,3.89,0.01,0.01,-656.0,1800.0,341.0,-24276.0,20744,863,37.2,0.0,10543.0,0,0,0,e1f,d4e,d4a,d4a,d4a,1,1,1,1,1,0,0,0,0,1,1,1,0,0,1,1,1,0,0,1,0,1,0,1,1,0,0,0,1,0,1,0,0,1,0,1,0,1,1,0,0,0,1,0,1,0,0,1,0,1,0,1,1,0,0,0,1,0,1,0,0,1,0,1,0,1,1,0,0
2026,3,29,08:48:44.926,48.02,145,67.0,0.8416,4693.3,697.3,3.939,2.08,3.89,0.01,0.01,-656.0,1800.0,340.0,-24289.0,20780,870,36.8,0.0,10546.0,0,0,0,e1f,d4e,d4a,d4a,d4a,1,1,1,1,1,0,0,0,0,1,1,1,0,0,1,1,1,0,0,1,0,1,0,1,1,0,0,0,1,0,1,0,0,1,0,1,0,1,1,0,0,0,1,0,1,0,0,1,0,1,0,1,1,0,0,0,1,0,1,0,0,1,0,1,0,1,1,0,0
2026,3,29,08:48:44.946,48.04,165,67.0,0.8416,4694.6,698.5,3.939,2.08,3.89,0.01,0.01,-655.0,1800.0,340.0,-24302.0,20816,876,36.3,0.0,10550.0,0,0,0,e1f,d4e,d4a,d4a,d4a,1,1,1,1,1,0,0,0,0,1,1,1,0,0,1,1,1,0,0,1,0,1,0,1,1,0,0,0,1,0,1,0,0,1,0,1,0,1,1,0,0,0,1,0,1,0,0,1,0,1,0,1,1,0,0,0,1,0,1,0,0,1,0,1,0,1,1,0,0
2026,3,29,08:48:44.966,48.06,185,67.0,0.8409,4717.5,721.5,3.939,2.08,3.89,0.01,0.01,-655.0,1800.0,340.0,-24315.0,20852,883,35.5,0.0,10553.0,0,0,0,e1f,d4e,d4a,d4a,d4a,1,1,1,1,1,0,0,0,0,1,1,1,0,0,1,1,1,0,0,1,0,1,0,1,1,0,0,0,1,0,1,0,0,1,0,1,0,1,1,0,0,0,1,0,1,0,0,1,0,1,0,1,1,0,0,0,1,0,1,0,0,1,0,1,0,1,1,0,0
2026,3,29,08:48:44.986,48.08,205,66.9,0.8408,4718.8,722.7,3.939,2.08,3.89,0.01,0.01,-655.0,1800.0,340.0,-24328.0,20888,890,34.7,0.0,10556.0,0,0,0,e1f,d4e,d4a,d4a,d4a,1,1,1,1,1,0,0,0,0,1,1,1,0,0,1,1,1,0,0,1,0,1,0,1,1,0,0,0,1,0,1,0,0,1,0,1,0,1,1,0,0,0,1,0,1,0,0,1,0,1,0,1,1,0,0,0,1,0,1,0,0,1,0,1,0,1,1,0,0
2026,3,29,08:48:45.006,48.10,225,66.9,0.8399,4748.1,752.0,3.938,2.08,3.89,0.01,0.01,-655.0,1801.0,340.0,-24341.0,20924,897,33.6,0.0,10559.0,0,0,0,e1f,d4e,d4a,d4a,d4a,1,1,1,1,1,0,0,0,0,1,1,1,0,0,1,1,1,0,0,1,0,1,0,1,1,0,0,0,1,0,1,0,0,1,0,1,0,1,1,0,0,0,1,0,1,0,0,1,0,1,0,1,1,0,0,0,1,0,1,0,0,1,0,1,0,1,1,0,0
2026,3,29,08:48:45.026,48.12,245,66.9,0.8399,4749.4,753.3,3.938,2.08,3.89,0.01,0.01,-655.0,1801.0,340.0,-24355.0,20960,904,32.5,0.0,10562.0,0,0,0,e1f,d4e,d4a,d4a,d4a,1,1,1,1,1,0,0,0,0,1,1,1,0,0,1,1,1,0,0,1,0,1,0,1,1,0,0,0,1,0,1,0,0,1,0,1,0,1,1,0,0,0,1,0,1,0,0,1,0,1,0,1,1,0,0,0,1,0,1,0,0,1,0,1,0,1,1,0,0
2026,3,29,08:48:45.046,48.14,15,66.9,0.8392,4770.4,774.4,3.939,2.08,3.89,0.01,0.01,-655.0,1801.0,340.0,-24368.0,20996,911,31.4,0.0,10565.0,0,0,0,e1f,d4e,d4a,d4a,d4a,1,1,1,1,1,0,0,0,0,1,1,1,0,0,1,1,1,0,0,1,0,1,0,1,1,0,0,0,1,0,1,0,0,1,0,1,0,1,1,0,0,0,1,0,1,0,0,1,0,1,0,1,1,0,0,0,1,0,1,0,0,1,0,1,0,1,1,0,0
2026,3,29,08:48:45.066,48.16,35,66.9,0.8392,4771.7,775.6,3.939,2.08,3.88,0.01,0.01,-655.0,1802.0,340.0,-24381.0,21032,917,30.3,0.0,10568.0,0,0,0,e1f,d4e,d4a,d4a,d4a,1,1,1,1,1,0,0,0,0,1,1,1,0,0,1,1,1,0,0,1,0,1,0,1,1,0,0,0,1,0,1,0,0,1,0,1,0,1,1,0,0,0,1,0,1,0,0,1,0,1,0,1,1,0,0,0,1,0,1,0,0,1,0,1,0,1,1,0,0
2026,3,29,08:48:45.086,48.18,55,66.9,0.8387,4787.6,791.6,3.939,2.08,3.88,0.01,0.01,-656.0,1802.0,341.0,-24394.0,21068,924,29.3,0.0,10571.0,0,0,0,e1f,d4e,d4a,d4a,d4a,1,1,1,1,1,0,0,0,0,1,1,1,0,0,1,1,1,0,0,1,0,1,0,1,1,0,0,0,1,0,1,0,0,1,0,1,0,1,1,0,0,0,1,0,1,0,0,1,0,1,0,1,1,0,0,0,1,0,1,0,0,1,0,1,0,1,1,0,0
2026,3,29,08:48:45.106,48.20,75,66.8,0.8387,4788.3,792.2,3.939,2.08,3.89,0.01,0.01,-656.0,1803.0,341.0,-24407.0,21104,931,28.5,0.0,10574.0,0,0,0,e1f,d4e,d4a,d4a,d4a,1,1,1,1,1,0,0,0,0,1,1,1,0,0,1,1,1,0,0,1,0,1,0,1,1,0,0,0,1,0,1,0,0,1,0,1,0,1,1,0,0,0,1,0,1,0,0,1,0,1,0,1,1,0,0,0,1,0,1,0,0,1,0,1,0,1,1,0,0
2026,3,29,08:48:45.126,48.22,95,66.8,0.8381,4806.8,810.7,3.939,2.09,3.89,0.01,0.01,-656.0,1803.0,342.0,-24420.0,21140,938,27.8,0.0,10577.0,0,0,0,e1f,d4e,d4a,d4a,d4a,1,1,1,1,1,0,0,0,0,1,1,1,0,0,1,1,1,0,0,1,0,1,0,1,1,0,0,0,1,0,1,0,0,1,0,1,0,1,1,0,0,0,1,0,1,0,0,1,0,1,0,1,1,0,0,0,1,0,1,0,0,1,0,1,0,1,1,0,0
2026,3,29,08:48:45.146,48.24,115,66.8,0.8381,4807.4,811.4,3.939,2.09,3.89,0.01,0.01,-657.0,1804.0,343.0,-24433.0,21176,945,27.3,0.0,10580.0,0,0,0,e1f,d4e,d4a,d4a,d4a,1,1,1,1,1,0,0,0,0,1,1,1,0,0,1,1,1,0,0,1,0,1,0,1,1,0,0,0,1,0,1,0,0,1,0,1,0,1,1,0,0,0,1,0,1,0,0,1,0,1,0,1,1,0,0,0,1,0,1,0,0,1,0,1,0,1,1,0,0
2026,3,29,08:48:45.166,48.26,135,66.8,0.8373,4830.4,834.4,3.940,2.09,3.89,0.01,0.01,-657.0,1804.0,343.0,-24446.0,21212,952,27.0,0.0,10583.0,0,0,0,e1f,d4e,d4a,d4a,d4a,1,1,1,1,1,0,0,0,0,1,1,1,0,0,1,1,1,0,0,1,0,1,0,1,1,0,0,0,1,0,1,0,0,1,0,1,0,1,1,0,0,0,1,0,1,0,0,1,0,1,0,1,1,0,0,0,1,0,1,0,0,1,0,1,0,1,1,0,0
2026,3,29,08:48:45.186,48.28,155,66.8,0.8373,4830.4,834.4,3.939,2.09,3.89,0.01,0.01,-657.0,1804.0,344.0,-24460.0,21248,958,26.9,0.0,10586.0,0,0,0,e1f,d4e,d4a,d4a,d4a,1,1,1,1,1,0,0,0,0,1,1,1,0,0,1,1,1,0,0,1,0,1,0,1,1,0,0,0,1,0,1,0,0,1,0,1,0,1,1,0,0,0,1,0,1,0,0,1,0,1,0,1,1,0,0,0,1,0,1,0,0,1,0,1,0,1,1,0,0
2026,3,29,08:48:45.206,48.30,175,66.8,0.8369,4845.1,849.1,3.939,2.09,3.89,0.01,0.01,-658.0,1805.0,344.0,-24473.0,21284,965,27.0,0.0,10589.0,0,0,0,e1f,d4e,d4a,d4a,d4a,1,1,1,1,1,0,0,0,0,1,1,1,0,0,1,1,1,0,0,1,0,1,0,1,1,0,0,0,1,0,1,0,0,1,0,1,0,1,1,0,0,0,1,0,1,0,0,1,0,1,0,1,1,0,0,0,1,0,1,0,0,1,0,1,0,1,1,0,0
2026,3,29,08:48:45.226,48.32,195,66.8,0.8368,4846.4,850.4,3.939,2.09,3.89,0.01,0.01,-658.0,1805.0,345.0,-24486.0,21320,972,27.2,0.0,10592.0,0,0,0,e1f,d4e,d4a,d4a,d4a,1,1,1,1,1,0,0,0,0,1,1,1,0,0,1,1,1,0,0,1,0,1,0,1,1,0,0,0,1,0,1,0,0,1,0,1,0,1,1,0,0,0,1,0,1,0,0,1,0,1,0,1,1,0,0,0,1,0,1,0,0,1,0,1,0,1,1,0,0
2026,3,29,08:48:45.246,48.34,215,66.8,0.8366,4852.8,856.7,3.939,2.09,3.89,0.01,0.01,-658.0,1805.0,345.0,-24499.0,21356,979,27.7,0.0,10595.0,0,0,0,e1f,d4e,d4a,d4a,d4a,1,1,1,1,1,0,0,0,0,1,1,1,0,0,1,1,1,0,0,1,0,1,0,1,1,0,0,0,1,0,1,0,0,1,0,1,0,1,1,0,0,0,1,0,1,0,0,1,0,1,0,1,1,0,0,0,1,0,1,0,0,1,0,1,0,1,1,0,0
2026,3,29,08:48:45.266,48.36,235,66.8,0.8366,4853.4,857.4,3.940,2.09,3.89,0.01,0.01,-659.0,1806.0,345.0,-24512.0,21393,986,28.3,0.0,10598.0,0,0,0,e1f,d4e,d4a,d4a,d4a,1,1,1,1,1,0,0,0,0,1,1,1,0,0,1,1,1,0,0,1,0,1,0,1,1,0,0,0,1,0,1,0,0,1,0,1,0,1,1,0,0,0,1,0,1,0,0,1,0,1,0,1,1,0,0,0,1,0,1,0,0,1,0,1,0,1,1,0,0
2026,3,29,08:48:45.286,48.38,5,66.8,0.8363,4863.0,867.0,3.940,2.09,3.89,0.01,0.01,-659.0,1806.0,346.0,-24525.0,21429,993,29.1,0.0,10602.0,0,0,0,e1f,d4e,d4a,d4a,d4a,1,1,1,1,1,0,0,0,0,1,1,1,0,0,1,1,1,0,0,1,0,1,0,1,1,0,0,0,1,0,1,0,0,1,0,1,0,1,1,0,0,0,1,0,1,0,0,1,0,1,0,1,1,0,0,0,1,0,1,0,0,1,0,1,0,1,1,0,0
2026,3,29,08:48:45.306,48.40,25,66.8,0.8363,4863.7,867.6,3.939,2.09,3.89,0.01,0.01,-659.0,1806.0,346.0,-24539.0,21465,1000,29.9,0.0,10605.0,0,0,0,e1f,d4e,d4a,d4a,d4a,1,1,1,1,1,0,0,0,0,1,1,1,0,0,1,1,1,0,0,1,0,1,0,1,1,0,0,0,1,0,1,0,0,1,0,1,0,1,1,0,0,0,1,0,1,0,0,1,0,1,0,1,1,0,0,0,1,0,1,0,0,1,0,1,0,1,1,0,0
2026,3,29,08:48:45.326,48.42,45,66.8,0.8364,4860.5,864.4,3.939,2.09,3.89,0.01,0.01,-659.0,1807.0,346.0,-24552.0,21501,1007,30.8,0.0,10608.0,0,0,0,e1f,d4e,d4a,d4a,d4a,1,1,1,1,1,0,0,0,0,1,1,1,0,0,1,1,1,0,0,1,0,1,0,1,1,0,0,0,1,0,1,0,0,1,0,1,0,1,1,0,0,0,1,0,1,0,0,1,0,1,0,1,1,0,0,0,1,0,1,0,0,1,0,1,0,1,1,0,0
2026,3,29,08:48:45.346,48.44,65,66.8,0.8364,4859.8,863.8,3.940,2.09,3.89,0.01,0.01,-659.0,1807.0,346.0,-24565.0,21537,1014,31.8,0.0,10611.0,0,0,0,e1f,d4e,d4a,d4a,d4a,1,1,1,1,1,0,0,0,0,1,1,1,0,0,1,1,1,0,0,1,0,1,0,1,1,0,0,0,1,0,1,0,0,1,0,1,0,1,1,0,0,0,1,0,1,0,0,1,0,1,0,1,1,0,0,0,1,0,1,0,0,1,0,1,0,1,1,0,0
2026,3,29,08:48:45.366,48.46,85,66.8,0.8365,4858.6,862.5,3.939,2.09,3.89,0.01,0.01,-659.0,1808.0,345.0,-24578.0,21573,1021,32.8,0.0,10614.0,0,0,0,e1f,d4e,d4a,d4a,d4a,1,1,1,1,1,0,0,0,0,1,1,1,0,0,1,1,1,0,0,1,0,1,0,1,1,0,0,0,1,0,1,0,0,1,0,1,0,1,1,0,0,0,1,0,1,0,0,1,0,1,0,1,1,0,0,0,1,0,1,0,0,1,0,1,0,1,1,0,0
2026,3,29,08:48:45.386,48.48,105,66.8,0.8365,4858.6,862.5,3.939,2.09,3.89,0.01,0.01,-659.0,1808.0,345.0,-24591.0,21610,1028,33.7,0.0,10617.0,0,0,0,e1f,d4e,d4a,d4a,d4a,1,1,1,1,1,0,0,0,0,1,1,1,0,0,1,1,1,0,0,1,0,1,0,1,1,0,0,0,1,0,1,0,0,1,0,1,0,1,1,0,0,0,1,0,1,0,0,1,0,1,0,1,1,0,0,0,1,0,1,0,0,1,0,1,0,1,1,0,0
2026,3,29,08:48:45.406,48.50,125,66.8,0.8366,4854.7,858.7,3.939,2.09,3.89,0.01,0.01,-659.0,1809.0,345.0,-24605.0,21646,1034,34.7,0.0,10620.0,0,0,0,e1f,d4e,d4a,d4a,d4a,1,1,1,1,1,0,0,0,0,1,1,1,0,0,1,1,1,0,0,1,0,1,0,1,1,0,0,0,1,0,1,0,0,1,0,1,0,1,1,0,0,0,1,0,1,0,0,1,0,1,0,1,1,0,0,0,1,0,1,0,0,1,0,1,0,1,1,0,0
2026,3,29,08:48:45.426,48.52,145,66.8,0.8366,4854.1,858.0,3.939,2.09,3.89,0.01,0.01,-659.0,1809.0,345.0,-24618.0,21682,1041,35.5,0.0,10622.0,0,0,0,e1f,d4e,d4a,d4a,d4a,1,1,1,1,1,0,0,0,0,1,1,1,0,0,1,1,1,0,0,1,0,1,0,1,1,0,0,0,1,0,1,0,0,1,0,1,0,1,1,0,0,0,1,0,1,0,0,1,0,1,0,1,1,0,0,0,1,0,1,0,0,1,0,1,0,1,1,0,0
2026,3,29,08:48:45.446,48.54,165,66.8,0.8371,4839.4,843.3,3.939,2.09,3.89,0.01,0.01,-659.0,1810.0,344.0,-24631.0,21718,1048,36.3,0.0,10625.0,0,0,0,e1f,d4e,d4a,d4a,d4a,1,1,1,1,1,0,0,0,0,1,1,1,0,0,1,1,1,0,0,1,0,1,0,1,1,0,0,0,1,0,1,0,0,1,0,1,0,1,1,0,0,0,1,0,1,0,0,1,0,1,0,1,1,0,0,0,1,0,1,0,0,1,0,1,0,1,1,0,0
2026,3,29,08:48:45.466,48.56,185,66.8,0.8371,4838.7,842.7,3.940,2.09,3.89,0.01,0.01,-658.0,1810.0,344.0,-24644.0,21754,1055,37.0,0.0,10627.0,0,0,0,e1f,d4e,d4a,d4a,d4a,1,1,1,1,1,0,0,0,0,1,1,1,0,0,1,1,1,0,0,1,0,1,0,1,1,0,0,0,1,0,1,0,0,1,0,1,0,1,1,0,0,0,1,0,1,0,0,1,0,1,0,1,1,0,0,0,1,0,1,0,0,1,0,1,0,1,1,0,0
2026,3,29,08:48:45.486,48.58,205,66.8,0.8371,4838.7,842.7,3.939,2.09,3.89,0.01,0.01,-658.0,1811.0,343.0,-24657.0,21790,1062,37.6,0.0,10629.0,0,0,0,e1f,d4e,d4a,d4a,d4a,1,1,1,1,1,0,0,0,0,1,1,1,0,0,1,1,1,0,0,1,0,1,0,1,1,0,0,0,1,0,1,0,0,1,0,1,0,1,1,0,0,0,1,0,1,0,0,1,0,1,0,1,1,0,0,0,1,0,1,0,0,1,0,1,0,1,1,0,0
2026,3,29,08:48:45.506,48.60,225,66.8,0.8371,4838.1,842.0,3.940,2.09,3.89,0.01,0.01,-658.0,1811.0,343.0,-24670.0,21827,1069,38.0,0.0,10631.0,0,0,0,e1f,d4e,d4a,d4a,d4a,1,1,1,1,1,0,0,0,0,1,1,1,0,0,1,1,1,0,0,1,0,1,0,1,1,0,0,0,1,0,1,0,0,1,0,1,0,1,1,0,0,0,1,0,1,0,0,1,0,1,0,1,1,0,0,0,1,0,1,0,0,1,0,1,0,1,1,0,0
2026,3,29,08:48:45.526,48.62,245,66.8,0.8376,4823.4,827.3,3.939,2.09,3.89,0.01,0.01,-658.0,1812.0,343.0,-24684.0,21863,1076,38.4,0.0,10633.0,0,0,0,e1f,d4e,d4a,d4a,d4a,1,1,1,1,1,0,0,0,0,1,1,1,0,0,1,1,1,0,0,1,0,1,0,1,1,0,0,0,1,0,1,0,0,1,0,1,0,1,1,0,0,0,1,0,1,0,0,1,0,1,0,1,1,0,0,0,1,0,1,0,0,1,0,1,0,1,1,0,0
2026,3,29,08:48:45.546,48.64,15,66.9,0.8376,4822.1,826.1,3.940,2.09,3.89,0.01,0.01,-658.0,1812.0,343.0,-24697.0,21899,1083,38.6,0.0,10635.0,0,0,0,e1f,d4e,d4a,d4a,d4a,1,1,1,1,1,0,0,0,0,1,1,1,0,0,1,1,1,0,0,1,0,1,0,1,1,0,0,0,1,0,1,0,0,1,0,1,0,1,1,0,0,0,1,0,1,0,0,1,0,1,0,1,1,0,0,0,1,0,1,0,0,1,0,1,0,1,1,0,0
2026,3,29,08:48:45.566,48.66,35,66.9,0.8381,4806.2,810.1,3.939,2.09,3.89,0.01,0.01,-657.0,1813.0,342.0,-24710.0,21935,1090,38.8,0.0,10637.0,0,0,0,e1f,d4e,d4a,d4a,d4a,1,1,1,1,1,0,0,0,0,1,1,1,0,0,1,1,1,0,0,1,0,1,0,1,1,0,0,0,1,0,1,0,0,1,0,1,0,1,1,0,0,0,1,0,1,0,0,1,0,1,0,1,1,0,0,0,1,0,1,0,0,1,0,1,0,1,1,0,0
2026,3,29,08:48:45.586,48.68,55,66.9,0.8381,4804.9,808.8,3.939,2.09,3.89,0.01,0.01,-657.0,1814.0,342.0,-24723.0,21972,1096,38.8,0.0,10639.0,0,0,0,e1f,d4e,d4a,d4a,d4a,1,1,1,1,1,0,0,0,0,1,1,1,0,0,1,1,1,0,0,1,0,1,0,1,1,0,0,0,1,0,1,0,0,1,0,1,0,1,1,0,0,0,1,0,1,0,0,1,0,1,0,1,1,0,0,0,1,0,1,0,0,1,0,1,0,1,1,0,0
2026,3,29,08:48:45.606,48.70,75,66.9,0.8387,4787.0,791.0,3.940,2.09,3.89,0.01,0.01,-657.0,1815.0,342.0,-24736.0,22008,1103,38.6,0.0,10641.0,0,0,0,e1f,d4e,d4a,d4a,d4a,1,1,1,1,1,0,0,0,0,1,1,1,0,0,1,1,1,0,0,1,0,1,0,1,1,0,0,0,1,0,1,0,0,1,0,1,0,1,1,0,0,0,1,0,1,0,0,1,0,1,0,1,1,0,0,0,1,0,1,0,0,1,0,1,0,1,1,0,0
2026,3,29,08:48:45.626,48.72,95,66.9,0.8387,4785.7,789.7,3.939,2.09,3.89,0.01,0.01,-657.0,1816.0,342.0,-24749.0,22044,1110,38.4,0.0,10644.0,0,0,0,e1f,d4e,d4a,d4a,d4a,1,1,1,1,1,0,0,0,0,1,1,1,0,0,1,1,1,0,0,1,0,1,0,1,1,0,0,0,1,0,1,0,0,1,0,1,0,1,1,0,0,0,1,0,1,0,0,1,0,1,0,1,1,0,0,0,1,0,1,0,0,1,0,1,0,1,1,0,0
2026,3,29,08:48:45.646,48.74,115,66.9,0.8398,4753.2,757.1,3.939,2.09,3.89,0.01,0.01,-656.0,1816.0,342.0,-24763.0,22081,1117,37.9,0.0,10646.0,0,0,0,e1f,d4e,d4a,d4a,d4a,1,1,1,1,1,0,0,0,0,1,1,1,0,0,1,1,1,0,0,1,0,1,0,1,1,0,0,0,1,0,1,0,0,1,0,1,0,1,1,0,0,0,1,0,1,0,0,1,0,1,0,1,1,0,0,0,1,0,1,0,0,1,0,1,0,1,1,0,0
2026,3,29,08:48:45.666,48.76,135,67.0,0.8398,4752.6,756.5,3.939,2.09,3.89,0.01,0.01,-656.0,1817.0,342.0,-24776.0,22117,1124,37.4,0.0,10648.0,0,0,0,e1f,d4e,d4a,d4a,d4a,1,1,1,1,1,0,0,0,0,1,1,1,0,0,1,1,1,0,0,1,0,1,0,1,1,0,0,0,1,0,1,0,0,1,0,1,0,1,1,0,0,0,1,0,1,0,0,1,0,1,0,1,1,0,0,0,1,0,1,0,0,1,0,1,0,1,1,0,0
2026,3,29,08:48:45.686,48.78,155,67.0,0.8405,4730.9,734.8,3.940,2.10,3.89,0.01,0.01,-656.0,1818.0,342.0,-24789.0,22153,1131,36.7,0.0,10650.0,0,0,0,e1f,d4e,d4a,d4a,d4a,1,1,1,1,1,0,0,0,0,1,1,1,0,0,1,1,1,0,0,1,0,1,0,1,1,0,0,0,1,0,1,0,0,1,0,1,0,1,1,0,0,0,1,0,1,0,0,1,0,1,0,1,1,0,0,0,1,0,1,0,0,1,0,1,0,1,1,0,0
2026,3,29,08:48:45.706,48.80,175,67.0,0.8405,4730.3,734.2,3.939,2.10,3.89,0.01,0.01,-656.0,1819.0,342.0,-24802.0,22190,1138,35.9,0.0,10651.0,0,0,0,e1f,d4e,d4a,d4a,d4a,1,1,1,1,1,0,0,0,0,1,1,1,0,0,1,1,1,0,0,1,0,1,0,1,1,0,0,0,1,0,1,0,0,1,0,1,0,1,1,0,0,0,1,0,1,0,0,1,0,1,0,1,1,0,0,0,1,0,1,0,0,1,0,1,0,1,1,0,0
2026,3,29,08:48:45.726,48.82,195,67.0,0.8410,4712.4,716.4,3.940,2.10,3.89,0.01,0.01,-656.0,1820.0,343.0,-24815.0,22226,1144,35.1,0.0,10653.0,0,0,0,e1f,d4e,d4a,d4a,d4a,1,1,1,1,1,0,0,0,0,1,1,1,0,0,1,1,1,0,0,1,0,1,0,1,1,0,0,0,1,0,1,0,0,1,0,1,0,1,1,0,0,0,1,0,1,0,0,1,0,1,0,1,1,0,0,0,1,0,1,0,0,1,0,1,0,1,1,0,0
2026,3,29,08:48:45.746,48.84,215,67.0,0.8411,4711.8,715.7,3.940,2.10,3.89,0.01,0.01,-656.0,1821.0,343.0,-24828.0,22263,1151,34.2,0.0,10654.0,0,0,0,e1f,d4e,d4a,d4a,d4a,1,1,1,1,1,0,0,0,0,1,1,1,0,0,1,1,1,0,0,1,0,1,0,1,1,0,0,0,1,0,1,0,0,1,0,1,0,1,1,0,0,0,1,0,1,0,0,1,0,1,0,1,1,0,0,0,1,0,1,0,0,1,0,1,0,1,1,0,0
2026,3,29,08:48:45.766,48.86,235,67.0,0.8413,4704.2,708.1,3.939,2.10,3.89,0.01,0.01,-656.0,1822.0,344.0,-24841.0,22299,1158,33.2,0.0,10655.0,0,0,0,e1f,d4e,d4a,d4a,d4a,1,1,1,1,1,0,0,0,0,1,1,1,0,0,1,1,1,0,0,1,0,1,0,1,1,0,0,0,1,0,1,0,0,1,0,1,0,1,1,0,0,0,1,0,1,0,0,1,0,1,0,1,1,0,0,0,1,0,1,0,0,1,0,1,0,1,1,0,0
2026,3,29,08:48:45.786,48.88,5,67.0,0.8413,4702.9,706.8,3.940,2.10,3.89,0.01,0.01,-656.0,1823.0,344.0,-24854.0,22335,1165,32.3,0.0,10656.0,0,0,0,e1f,d4e,d4a,d4a,d4a,1,1,1,1,1,0,0,0,0,1,1,1,0,0,1,1,1,0,0,1,0,1,0,1,1,0,0,0,1,0,1,0,0,1,0,1,0,1,1,0,0,0,1,0,1,0,0,1,0,1,0,1,1,0,0,0,1,0,1,0,0,1,0,1,0,1,1,0,0
2026,3,29,08:48:45.806,48.90,25,67.0,0.8416,4693.3,697.3,3.939,2.10,3.89,0.01,0.01,-656.0,1824.0,345.0,-24868.0,22372,1172,31.3,0.0,10656.0,0,0,0,e1f,d4e,d4a,d4a,d4a,1,1,1,1,1,0,0,0,0,1,1,1,0,0,1,1,1,0,0,1,0,1,0,1,1,0,0,0,1,0,1,0,0,1,0,1,0,1,1,0,0,0,1,0,1,0,0,1,0,1,0,1,1,0,0,0,1,0,1,0,0,1,0,1,0,1,1,0,0
2026,3,29,08:48:45.826,48.92,45,67.0,0.8416,4693.3,697.3,3.938,2.10,3.89,0.01,0.01,-656.0,1824.0,346.0,-24881.0,22408,1179,30.3,0.0,10657.0,0,0,0,e1f,d4e,d4a,d4a,d4a,1,1,1,1,1,0,0,0,0,1,1,1,0,0,1,1,1,0,0,1,0,1,0,1,1,0,0,0,1,0,1,0,0,1,0,1,0,1,1,0,0,0,1,0,1,0,0,1,0,1,0,1,1,0,0,0,1,0,1,0,0,1,0,1,0,1,1,0,0
2026,3,29,08:48:45.846,48.94,65,67.0,0.8418,4688.2,692.2,3.939,2.10,3.89,0.01,0.01,-656.0,1825.0,347.0,-24894.0,22445,1186,29.3,0.0,10658.0,0,0,0,e1f,d4e,d4a,d4a,d4a,1,1,1,1,1,0,0,0,0,1,1,1,0,0,1,1,1,0,0,1,0,1,0,1,1,0,0,0,1,0,1,0,0,1,0,1,0,1,1,0,0,0,1,0,1,0,0,1,0,1,0,1,1,0,0,0,1,0,1,0,0,1,0,1,0,1,1,0,0
2026,3,29,08:48:45.866,48.96,85,67.0,0.8418,4688.9,692.8,3.939,2.10,3.89,0.01,0.01,-657.0,1826.0,348.0,-24907.0,22481,1193,28.3,0.0,10658.0,0,0,0,e1f,d4e,d4a,d4a,d4a,1,1,1,1,1,0,0,0,0,1,1,1,0,0,1,1,1,0,0,1,0,1,0,1,1,0,0,0,1,0,1,0,0,1,0,1,0,1,1,0,0,0,1,0,1,0,0,1,0,1,0,1,1,0,0,0,1,0,1,0,0,1,0,1,0,1,1,0,0
2026,3,29,08:48:45.886,48.98,105,67.0,0.8419,4683.8,687.7,3.939,2.10,3.89,0.01,0.01,-657.0,1827.0,348.0,-24920.0,22518,1200,27.4,0.0,10658.0,0,0,0,e1f,d4e,d4a,d4a,d4a,1,1,1,1,1,0,0,0,0,1,1,1,0,0,1,1,1,0,0,1,0,1,0,1,1,0,0,0,1,0,1,0,0,1,0,1,0,1,1,0,0,0,1,0,1,0,0,1,0,1,0,1,1,0,0,0,1,0,1,0,0,1,0,1,0,1,1,0,0
2026,3,29,08:48:45.906,49.00,125,67.0,0.8419,4683.8,687.7,3.939,2.10,3.89,0.01,0.01,-657.0,1828.0,349.0,-24933.0,22555,1207,26.5,0.0,10659.0,0,0,0,e1f,d4e,d4a,d4a,d4a,1,1,1,1,1,0,0,0,0,1,1,1,0,0,1,1,1,0,0,1,0,1,0,1,1,0,0,0,1,0,1,0,0,1,0,1,0,1,1,0,0,0,1,0,1,0,0,1,0,1,0,1,1,0,0,0,1,0,1,0,0,1,0,1,0,1,1,0,0
2026,3,29,08:48:45.926,49.02,145,67.0,0.8421,4677.4,681.4,3.940,2.10,3.89,0.01,0.01,-657.0,1828.0,350.0,-24946.0,22591,1214,25.6,0.0,10659.0,0,0,0,e1f,d4e,d4a,d4a,d4a,1,1,1,1,1,0,0,0,0,1,1,1,0,0,1,1,1,0,0,1,0,1,0,1,1,0,0,0,1,0,1,0,0,1,0,1,0,1,1,0,0,0,1,0,1,0,0,1,0,1,0,1,1,0,0,0,1,0,1,0,0,1,0,1,0,1,1,0,0
2026,3,29,08:48:45.946,49.04,165,67.0,0.8421,4678.1,682.0,3.940,2.10,3.89,0.01,0.01,-658.0,1829.0,351.0,-24960.0,22628,1221,24.9,0.0,10659.0,0,0,0,e1f,d4e,d4a,d4a,d4a,1,1,1,1,1,0,0,0,0,1,1,1,0,0,1,1,1,0,0,1,0,1,0,1,1,0,0,0,1,0,1,0,0,1,0,1,0,1,1,0,0,0,1,0,1,0,0,1,0,1,0,1,1,0,0,0,1,0,1,0,0,1,0,1,0,1,1,0,0
2026,3,29,08:48:45.966,49.06,185,67.0,0.8421,4678.1,682.0,3.938,2.10,3.89,0.01,0.01,-658.0,1829.0,351.0,-24973.0,22664,1228,24.2,0.0,10659.0,0,0,0,e1f,d4e,d4a,d4a,d4a,1,1,1,1,1,0,0,0,0,1,1,1,0,0,1,1,1,0,0,1,0,1,0,1,1,0,0,0,1,0,1,0,0,1,0,1,0,1,1,0,0,0,1,0,1,0,0,1,0,1,0,1,1,0,0,0,1,0,1,0,0,1,0,1,0,1,1,0,0
2026,3,29,08:48:45.986,49.08,205,67.0,0.8421,4678.7,682.6,3.939,2.10,3.89,0.01,0.01,-658.0,1830.0,352.0,-24986.0,22701,1235,23.7,0.0,10659.0,0,0,0,e1f,d4e,d4a,d4a,d4a,1,1,1,1,1,0,0,0,0,1,1,1,0,0,1,1,1,0,0,1,0,1,0,1,1,0,0,0,1,0,1,0,0,1,0,1,0,1,1,0,0,0,1,0,1,0,0,1,0,1,0,1,1,0,0,0,1,0,1,0,0,1,0,1,0,1,1,0,0
2026,3,29,08:48:46.006,49.10,225,67.0,0.8422,4675.5,679.5,3.940,2.10,3.89,0.01,0.01,-659.0,1831.0,352.0,-24999.0,22738,1242,23.3,0.0,10659.0,0,0,0,e1f,d4e,d4a,d4a,d4a,1,1,1,1,1,0,0,0,0,1,1,1,0,0,1,1,1,0,0,1,0,1,0,1,1,0,0,0,1,0,1,0,0,1,0,1,0,1,1,0,0,0,1,0,1,0,0,1,0,1,0,1,1,0,0,0,1,0,1,0,0,1,0,1,0,1,1,0,0
2026,3,29,08:48:46.026,49.12,245,67.0,0.8422,4675.5,679.5,3.939,2.10,3.89,0.01,0.01,-659.0,1831.0,353.0,-25012.0,22774,1249,23.0,0.0,10660.0,0,0,0,e1f,d4e,d4a,d4a,d4a,1,1,1,1,1,0,0,0,0,1,1,1,0,0,1,1,1,0,0,1,0,1,0,1,1,0,0,0,1,0,1,0,0,1,0,1,0,1,1,0,0,0,1,0,1,0,0,1,0,1,0,1,1,0,0,0,1,0,1,0,0,1,0,1,0,1,1,0,0
2026,3,29,08:48:46.046,49.14,15,67.0,0.8421,4678.7,682.6,3.939,2.10,3.89,0.01,0.01,-659.0,1832.0,353.0,-25025.0,22811,1256,22.8,0.0,10660.0,0,0,0,e1f,d4e,d4a,d4a,d4a,1,1,1,1,1,0,0,0,0,1,1,1,0,0,1,1,1,0,0,1,0,1,0,1,1,0,0,0,1,0,1,0,0,1,0,1,0,1,1,0,0,0,1,0,1,0,0,1,0,1,0,1,1,0,0,0,1,0,1,0,0,1,0,1,0,1,1,0,0
2026,3,29,08:48:46.066,49.16,35,66.9,0.8421,4679.3,683.3,3.940,2.10,3.89,0.01,0.01,-660.0,1833.0,353.0,-25039.0,22847,1263,22.8,0.0,10660.0,0,0,0,e1f,d4e,d4a,d4a,d4a,1,1,1,1,1,0,0,0,0,1,1,1,0,0,1,1,1,0,0,1,0,1,0,1,1,0,0,0,1,0,1,0,0,1,0,1,0,1,1,0,0,0,1,0,1,0,0,1,0,1,0,1,1,0,0,0,1,0,1,0,0,1,0,1,0,1,1,0,0
2026,3,29,08:48:46.086,49.18,55,66.9,0.8418,4688.9,692.8,3.939,2.10,3.89,0.01,0.01,-660.0,1833.0,353.0,-25052.0,22884,1270,22.9,0.0,10661.0,0,0,0,e1f,d4e,d4a,d4a,d4a,1,1,1,1,1,0,0,0,0,1,1,1,0,0,1,1,1,0,0,1,0,1,0,1,1,0,0,0,1,0,1,0,0,1,0,1,0,1,1,0,0,0,1,0,1,0,0,1,0,1,0,1,1,0,0,0,1,0,1,0,0,1,0,1,0,1,1,0,0
2026,3,29,08:48:46.106,49.20,75,66.9,0.8417,4690.2,694.1,3.939,2.10,3.89,0.01,0.01,-660.0,1834.0,354.0,-25065.0,22921,1277,23.1,0.0,10661.0,0,0,0,e1f,d4e,d4a,d4a,d4a,1,1,1,1,1,0,0,0,0,1,1,1,0,0,1,1,1,0,0,1,0,1,0,1,1,0,0,0,1,0,1,0,0,1,0,1,0,1,1,0,0,0,1,0,1,0,0,1,0,1,0,1,1,0,0,0,1,0,1,0,0,1,0,1,0,1,1,0,0
2026,3,29,08:48:46.126,49.22,95,66.9,0.8418,4687.0,690.9,3.940,2.10,3.89,0.01,0.01,-661.0,1835.0,354.0,-25078.0,22958,1284,23.4,0.0,10662.0,0,0,0,e1f,d4e,d4a,d4a,d4a,1,1,1,1,1,0,0,0,0,1,1,1,0,0,1,1,1,0,0,1,0,1,0,1,1,0,0,0,1,0,1,0,0,1,0,1,0,1,1,0,0,0,1,0,1,0,0,1,0,1,0,1,1,0,0,0,1,0,1,0,0,1,0,1,0,1,1,0,0
2026,3,29,08:48:46.146,49.24,115,66.9,0.8418,4687.6,691.5,3.940,2.10,3.89,0.01,0.01,-661.0,1835.0,354.0,-25092.0,22994,1291,23.9,0.0,10663.0,0,0,0,e1f,d4e,d4a,d4a,d4a,1,1,1,1,1,0,0,0,0,1,1,1,0,0,1,1,1,0,0,1,0,1,0,1,1,0,0,0,1,0,1,0,0,1,0,1,0,1,1,0,0,0,1,0,1,0,0,1,0,1,0,1,1,0,0,0,1,0,1,0,0,1,0,1,0,1,1,0,0
2026,3,29,08:48:46.166,49.26,135,66.9,0.8418,4688.9,692.8,3.939,2.10,3.89,0.01,0.01,-661.0,1836.0,354.0,-25105.0,23031,1298,24.4,0.0,10664.0,0,0,0,e1f,d4e,d4a,d4a,d4a,1,1,1,1,1,0,0,0,0,1,1,1,0,0,1,1,1,0,0,1,0,1,0,1,1,0,0,0,1,0,1,0,0,1,0,1,0,1,1,0,0,0,1,0,1,0,0,1,0,1,0,1,1,0,0,0,1,0,1,0,0,1,0,1,0,1,1,0,0
2026,3,29,08:48:46.186,49.28,155,66.9,0.8418,4688.9,692.8,3.939,2.10,3.89,0.01,0.01,-662.0,1837.0,354.0,-25118.0,23068,1306,25.1,0.0,10666.0,0,0,0,e1f,d4e,d4a,d4a,d4a,1,1,1,1,1,0,0,0,0,1,1,1,0,0,1,1,1,0,0,1,0,1,0,1,1,0,0,0,1,0,1,0,0,1,0,1,0,1,1,0,0,0,1,0,1,0,0,1,0,1,0,1,1,0,0,0,1,0,1,0,0,1,0,1,0,1,1,0,0
2026,3,29,08:48:46.206,49.30,175,66.9,0.8419,4685.7,689.6,3.939,2.10,3.89,0.01,0.01,-662.0,1838.0,354.0,-25131.0,23104,1313,25.9,0.0,10667.0,0,0,0,e1f,d4e,d4a,d4a,d4a,1,1,1,1,1,0,0,0,0,1,1,1,0,0,1,1,1,0,0,1,0,1,0,1,1,0,0,0,1,0,1,0,0,1,0,1,0,1,1,0,0,0,1,0,1,0,0,1,0,1,0,1,1,0,0,0,1,0,1,0,0,1,0,1,0,1,1,0,0
2026,3,29,08:48:46.226,49.32,195,66.9,0.8419,4685.7,689.6,3.940,2.10,3.89,0.01,0.01,-662.0,1839.0,354.0,-25145.0,23141,1320,26.8,0.0,10669.0,0,0,0,e1f,d4e,d4a,d4a,d4a,1,1,1,1,1,0,0,0,0,1,1,1,0,0,1,1,1,0,0,1,0,1,0,1,1,0,0,0,1,0,1,0,0,1,0,1,0,1,1,0,0,0,1,0,1,0,0,1,0,1,0,1,1,0,0,0,1,0,1,0,0,1,0,1,0,1,1,0,0
2026,3,29,08:48:46.246,49.34,215,66.9,0.8421,4678.1,682.0,3.939,2.11,3.89,0.01,0.01,-662.0,1840.0,354.0,-25158.0,23178,1327,27.9,0.0,10671.0,0,0,0,e1f,d4e,d4a,d4a,d4a,1,1,1,1,1,0,0,0,0,1,1,1,0,0,1,1,1,0,0,1,0,1,0,1,1,0,0,0,1,0,1,0,0,1,0,1,0,1,1,0,0,0,1,0,1,0,0,1,0,1,0,1,1,0,0,0,1,0,1,0,0,1,0,1,0,1,1,0,0
2026,3,29,08:48:46.266,49.36,235,66.9,0.8421,4678.1,682.0,3.940,2.11,3.89,0.01,0.01,-663.0,1841.0,354.0,-25171.0,23215,1334,29.3,0.0,10673.0,0,0,0,e1f,d4e,d4a,d4a,d4a,1,1,1,1,1,0,0,0,0,1,1,1,0,0,1,1,1,0,0,1,0,1,0,1,1,0,0,0,1,0,1,0,0,1,0,1,0,1,1,0,0,0,1,0,1,0,0,1,0,1,0,1,1,0,0,0,1,0,1,0,0,1,0,1,0,1,1,0,0
2026,3,29,08:48:46.286,49.38,5,66.9,0.8425,4666.6,670.6,3.940,2.11,3.89,0.01,0.01,-663.0,1841.0,353.0,-25184.0,23252,1341,30.8,0.0,10676.0,0,0,0,e1f,d4e,d4a,d4a,d4a,1,1,1,1,1,0,0,0,0,1,1,1,0,0,1,1,1,0,0,1,0,1,0,1,1,0,0,0,1,0,1,0,0,1,0,1,0,1,1,0,0,0,1,0,1,0,0,1,0,1,0,1,1,0,0,0,1,0,1,0,0,1,0,1,0,1,1,0,0
2026,3,29,08:48:46.306,49.40,25,66.9,0.8425,4666.6,670.6,3.939,2.11,3.89,0.01,0.01,-664.0,1842.0,353.0,-25198.0,23288,1348,32.6,0.0,10678.0,0,0,0,e1f,d4e,d4a,d4a,d4a,1,1,1,1,1,0,0,0,0,1,1,1,0,0,1,1,1,0,0,1,0,1,0,1,1,0,0,0,1,0,1,0,0,1,0,1,0,1,1,0,0,0,1,0,1,0,0,1,0,1,0,1,1,0,0,0,1,0,1,0,0,1,0,1,0,1,1,0,0
2026,3,29,08:48:46.326,49.42,45,66.9,0.8431,4648.2,652.1,3.939,2.11,3.89,0.01,0.01,-664.0,1842.0,353.0,-25211.0,23325,1355,34.6,0.0,10681.0,0,0,0,e1f,d4e,d4a,d4a,d4a,1,1,1,1,1,0,0,0,0,1,1,1,0,0,1,1,1,0,0,1,0,1,0,1,1,0,0,0,1,0,1,0,0,1,0,1,0,1,1,0,0,0,1,0,1,0,0,1,0,1,0,1,1,0,0,0,1,0,1,0,0,1,0,1,0,1,1,0,0
2026,3,29,08:48:46.346,49.44,65,66.9,0.8431,4648.2,652.1,3.940,2.11,3.89,0.01,0.01,-664.0,1843.0,353.0,-25224.0,23362,1362,36.7,0.0,10684.0,0,0,0,e1f,d4e,d4a,d4a,d4a,1,1,1,1,1,0,0,0,0,1,1,1,0,0,1,1,1,0,0,1,0,1,0,1,1,0,0,0,1,0,1,0,0,1,0,1,0,1,1,0,0,0,1,0,1,0,0,1,0,1,0,1,1,0,0,0,1,0,1,0,0,1,0,1,0,1,1,0,0
2026,3,29,08:48:46.366,49.46,85,66.9,0.8437,4628.5,632.4,3.940,2.11,3.89,0.01,0.01,-664.0,1843.0,352.0,-25237.0,23399,1369,38.8,0.0,10687.0,0,0,0,e1f,d4e,d4a,d4a,d4a,1,1,1,1,1,0,0,0,0,1,1,1,0,0,1,1,1,0,0,1,0,1,0,1,1,0,0,0,1,0,1,0,0,1,0,1,0,1,1,0,0,0,1,0,1,0,0,1,0,1,0,1,1,0,0,0,1,0,1,0,0,1,0,1,0,1,1,0,0
2026,3,29,08:48:46.386,49.48,105,66.9,0.8437,4627.9,631.8,3.940,2.11,3.89,0.01,0.01,-664.0,1843.0,352.0,-25251.0,23436,1376,41.0,0.0,10690.0,0,0,0,e1f,d4e,d4a,d4a,d4a,1,1,1,1,1,0,0,0,0,1,1,1,0,0,1,1,1,0,0,1,0,1,0,1,1,0,0,0,1,0,1,0,0,1,0,1,0,1,1,0,0,0,1,0,1,0,0,1,0,1,0,1,1,0,0,0,1,0,1,0,0,1,0,1,0,1,1,0,0
2026,3,29,08:48:46.406,49.50,125,66.9,0.8445,4603.1,607.0,3.940,2.11,3.89,0.01,0.01,-664.0,1843.0,352.0,-25264.0,23473,1383,43.0,0.0,10693.0,0,0,0,e1f,d4e,d4a,d4a,d4a,1,1,1,1,1,0,0,0,0,1,1,1,0,0,1,1,1,0,0,1,0,1,0,1,1,0,0,0,1,0,1,0,0,1,0,1,0,1,1,0,0,0,1,0,1,0,0,1,0,1,0,1,1,0,0,0,1,0,1,0,0,1,0,1,0,1,1,0,0
2026,3,29,08:48:46.426,49.52,145,67.0,0.8445,4602.5,606.4,3.939,2.11,3.89,0.01,0.01,-665.0,1842.0,352.0,-25277.0,23510,1390,45.1,0.0,10697.0,0,0,0,e1f,d4e,d4a,d4a,d4a,1,1,1,1,1,0,0,0,0,1,1,1,0,0,1,1,1,0,0,1,0,1,0,1,1,0,0,0,1,0,1,0,0,1,0,1,0,1,1,0,0,0,1,0,1,0,0,1,0,1,0,1,1,0,0,0,1,0,1,0,0,1,0,1,0,1,1,0,0
2026,3,29,08:48:46.446,49.54,165,67.0,0.8453,4577.7,581.7,3.939,2.11,3.89,0.01,0.01,-665.0,1842.0,352.0,-25291.0,23547,1397,47.1,0.0,10700.0,0,0,0,e1f,d4e,d4a,d4a,d4a,1,1,1,1,1,0,0,0,0,1,1,1,0,0,1,1,1,0,0,1,0,1,0,1,1,0,0,0,1,0,1,0,0,1,0,1,0,1,1,0,0,0,1,0,1,0,0,1,0,1,0,1,1,0,0,0,1,0,1,0,0,1,0,1,0,1,1,0,0
2026,3,29,08:48:46.466,49.56,185,67.0,0.8453,4576.5,580.4,3.939,2.11,3.89,0.01,0.01,-665.0,1842.0,352.0,-25304.0,23583,1404,49.0,0.0,10703.0,0,0,0,e1f,d4e,d4a,d4a,d4a,1,1,1,1,1,0,0,0,0,1,1,1,0,0,1,1,1,0,0,1,0,1,0,1,1,0,0,0,1,0,1,0,0,1,0,1,0,1,1,0,0,0,1,0,1,0,0,1,0,1,0,1,1,0,0,0,1,0,1,0,0,1,0,1,0,1,1,0,0
2026,3,29,08:48:46.486,49.58,205,67.0,0.8463,4546.0,550.0,3.939,2.11,3.89,0.01,0.01,-665.0,1842.0,351.0,-25317.0,23620,1412,50.9,0.0,10707.0,0,0,0,e1f,d4e,d4a,d4a,d4a,1,1,1,1,1,0,0,0,0,1,1,1,0,0,1,1,1,0,0,1,0,1,0,1,1,0,0,0,1,0,1,0,0,1,0,1,0,1,1,0,0,0,1,0,1,0,0,1,0,1,0,1,1,0,0,0,1,0,1,0,0,1,0,1,0,1,1,0,0
2026,3,29,08:48:46.506,49.60,225,67.0,0.8463,4544.8,548.7,3.939,2.11,3.89,0.01,0.01,-665.0,1842.0,351.0,-25331.0,23657,1419,52.7,0.0,10710.0,0,0,0,e1f,d4e,d4a,d4a,d4a,1,1,1,1,1,0,0,0,0,1,1,1,0,0,1,1,1,0,0,1,0,1,0,1,1,0,0,0,1,0,1,0,0,1,0,1,0,1,1,0,0,0,1,0,1,0,0,1,0,1,0,1,1,0,0,0,1,0,1,0,0,1,0,1,0,1,1,0,0
2026,3,29,08:48:46.526,49.62,245,67.0,0.8472,4516.9,520.8,3.940,2.11,3.89,0.01,0.01,-665.0,1841.0,351.0,-25344.0,23694,1426,54.4,0.0,10713.0,0,0,0,e1f,d4e,d4a,d4a,d4a,1,1,1,1,1,0,0,0,0,1,1,1,0,0,1,1,1,0,0,1,0,1,0,1,1,0,0,0,1,0,1,0,0,1,0,1,0,1,1,0,0,0,1,0,1,0,0,1,0,1,0,1,1,0,0,0,1,0,1,0,0,1,0,1,0,1,1,0,0
2026,3,29,08:48:46.546,49.64,15,67.1,0.8472,4516.3,520.2,3.939,2.11,3.89,0.01,0.01,-664.0,1841.0,351.0,-25357.0,23731,1433,55.9,0.0,10717.0,0,0,0,e1f,d4e,d4a,d4a,d4a,1,1,1,1,1,0,0,0,0,1,1,1,0,0,1,1,1,0,0,1,0,1,0,1,1,0,0,0,1,0,1,0,0,1,0,1,0,1,1,0,0,0,1,0,1,0,0,1,0,1,0,1,1,0,0,0,1,0,1,0,0,1,0,1,0,1,1,0,0
2026,3,29,08:48:46.566,49.66,35,67.1,0.8479,4495.4,499.3,3.940,2.12,3.89,0.01,0.01,-663.0,1841.0,351.0,-25370.0,23768,1440,57.2,0.0,10721.0,0,0,0,e1f,d4e,d4a,d4a,d4a,1,1,1,1,1,0,0,0,0,1,1,1,0,0,1,1,1,0,0,1,0,1,0,1,1,0,0,0,1,0,1,0,0,1,0,1,0,1,1,0,0,0,1,0,1,0,0,1,0,1,0,1,1,0,0,0,1,0,1,0,0,1,0,1,0,1,1,0,0
2026,3,29,08:48:46.586,49.68,55,67.1,0.8479,4494.1,498.1,3.937,2.12,3.89,0.01,0.01,-663.0,1841.0,351.0,-25384.0,23805,1447,58.2,0.0,10724.0,0,0,0,e1f,d4e,d4a,d4a,d4a,1,1,1,1,1,0,0,0,0,1,1,1,0,0,1,1,1,0,0,1,0,1,0,1,1,0,0,0,1,0,1,0,0,1,0,1,0,1,1,0,0,0,1,0,1,0,0,1,0,1,0,1,1,0,0,0,1,0,1,0,0,1,0,1,0,1,1,0,0
2026,3,29,08:48:46.606,49.70,75,67.1,0.8483,4481.5,485.4,3.939,2.12,3.89,0.01,0.01,-663.0,1841.0,351.0,-25397.0,23842,1454,59.1,0.0,10728.0,0,0,0,e1f,d4e,d4a,d4a,d4a,1,1,1,1,1,0,0,0,0,1,1,1,0,0,1,1,1,0,0,1,0,1,0,1,1,0,0,0,1,0,1,0,0,1,0,1,0,1,1,0,0,0,1,0,1,0,0,1,0,1,0,1,1,0,0,0,1,0,1,0,0,1,0,1,0,1,1,0,0
2026,3,29,08:48:46.626,49.72,95,67.1,0.8483,4481.5,485.4,3.940,2.12,3.89,0.01,0.01,-662.0,1841.0,350.0,-25410.0,23878,1461,59.9,0.0,10732.0,0,0,0,e1f,d4e,d4a,d4a,d4a,1,1,1,1,1,0,0,0,0,1,1,1,0,0,1,1,1,0,0,1,0,1,0,1,1,0,0,0,1,0,1,0,0,1,0,1,0,1,1,0,0,0,1,0,1,0,0,1,0,1,0,1,1,0,0,0,1,0,1,0,0,1,0,1,0,1,1,0,0
2026,3,29,08:48:46.646,49.74,115,67.1,0.8486,4473.3,477.2,3.940,2.12,3.89,0.01,0.01,-662.0,1841.0,350.0,-25424.0,23915,1468,60.5,0.0,10736.0,0,0,0,e1f,d4e,d4a,d4a,d4a,1,1,1,1,1,0,0,0,0,1,1,1,0,0,1,1,1,0,0,1,0,1,0,1,1,0,0,0,1,0,1,0,0,1,0,1,0,1,1,0,0,0,1,0,1,0,0,1,0,1,0,1,1,0,0,0,1,0,1,0,0,1,0,1,0,1,1,0,0
2026,3,29,08:48:46.666,49.76,135,67.1,0.8486,4472.6,476.6,3.940,2.12,3.89,0.01,0.01,-662.0,1841.0,350.0,-25437.0,23952,1475,61.2,0.0,10740.0,0,0,0,e1f,d4e,d4a,d4a,d4a,1,1,1,1,1,0,0,0,0,1,1,1,0,0,1,1,1,0,0,1,0,1,0,1,1,0,0,0,1,0,1,0,0,1,0,1,0,1,1,0,0,0,1,0,1,0,0,1,0,1,0,1,1,0,0,0,1,0,1,0,0,1,0,1,0,1,1,0,0
2026,3,29,08:48:46.686,49.78,155,67.1,0.8489,4464.4,468.3,3.939,2.12,3.89,0.01,0.01,-662.0,1841.0,350.0,-25450.0,23989,1482,61.8,0.0,10744.0,0,0,0,e1f,d4e,d4a,d4a,d4a,1,1,1,1,1,0,0,0,0,1,1,1,0,0,1,1,1,0,0,1,0,1,0,1,1,0,0,0,1,0,1,0,0,1,0,1,0,1,1,0,0,0,1,0,1,0,0,1,0,1,0,1,1,0,0,0,1,0,1,0,0,1,0,1,0,1,1,0,0
2026,3,29,08:48:46.706,49.80,175,67.1,0.8489,4464.4,468.3,3.939,2.13,3.89,0.01,0.01,-662.0,1841.0,350.0,-25463.0,24026,1489,62.3,0.0,10748.0,0,0,0,e1f,d4e,d4a,d4a,d4a,1,1,1,1,1,0,0,0,0,1,1,1,0,0,1,1,1,0,0,1,0,1,0,1,1,0,0,0,1,0,1,0,0,1,0,1,0,1,1,0,0,0,1,0,1,0,0,1,0,1,0,1,1,0,0,0,1,0,1,0,0,1,0,1,0,1,1,0,0
2026,3,29,08:48:46.726,49.82,195,67.1,0.8493,4451.8,455.7,3.939,2.13,3.89,0.01,0.01,-662.0,1841.0,350.0,-25477.0,24063,1496,62.8,0.0,10752.0,0,0,0,e1f,d4e,d4a,d4a,d4a,1,1,1,1,1,0,0,0,0,1,1,1,0,0,1,1,1,0,0,1,0,1,0,1,1,0,0,0,1,0,1,0,0,1,0,1,0,1,1,0,0,0,1,0,1,0,0,1,0,1,0,1,1,0,0,0,1,0,1,0,0,1,0,1,0,1,1,0,0
2026,3,29,08:48:46.746,49.84,215,67.1,0.8493,4451.1,455.1,3.939,2.13,3.89,0.01,0.01,-662.0,1841.0,350.0,-25490.0,24100,1503,63.1,0.0,10756.0,0,0,0,e1f,d4e,d4a,d4a,d4a,1,1,1,1,1,0,0,0,0,1,1,1,0,0,1,1,1,0,0,1,0,1,0,1,1,0,0,0,1,0,1,0,0,1,0,1,0,1,1,0,0,0,1,0,1,0,0,1,0,1,0,1,1,0,0,0,1,0,1,0,0,1,0,1,0,1,1,0,0
2026,3,29,08:48:46.766,49.86,235,67.1,0.8493,4449.9,453.8,3.939,2.13,3.89,0.01,0.01,-661.0,1841.0,350.0,-25503.0,24136,1510,63.4,0.0,10760.0,0,0,0,e1f,d4e,d4a,d4a,d4a,1,1,1,1,1,0,0,0,0,1,1,1,0,0,1,1,1,0,0,1,0,1,0,1,1,0,0,0,1,0,1,0,0,1,0,1,0,1,1,0,0,0,1,0,1,0,0,1,0,1,0,1,1,0,0,0,1,0,1,0,0,1,0,1,0,1,1,0,0
2026,3,29,08:48:46.786,49.88,5,67.1,0.8493,4449.2,453.2,3.939,2.13,3.89,0.01,0.01,-661.0,1841.0,350.0,-25516.0,24173,1517,63.5,0.0,10764.0,0,0,0,e1f,d4e,d4a,d4a,d4a,1,1,1,1,1,0,0,0,0,1,1,1,0,0,1,1,1,0,0,1,0,1,0,1,1,0,0,0,1,0,1,0,0,1,0,1,0,1,1,0,0,0,1,0,1,0,0,1,0,1,0,1,1,0,0,0,1,0,1,0,0,1,0,1,0,1,1,0,0
2026,3,29,08:48:46.806,49.90,25,67.1,0.8496,4441.7,445.6,3.939,2.13,3.89,0.01,0.01,-661.0,1841.0,350.0,-25530.0,24210,1524,63.5,0.0,10769.0,0,0,0,e1f,d4e,d4a,d4a,d4a,1,1,1,1,1,0,0,0,0,1,1,1,0,0,1,1,1,0,0,1,0,1,0,1,1,0,0,0,1,0,1,0,0,1,0,1,0,1,1,0,0,0,1,0,1,0,0,1,0,1,0,1,1,0,0,0,1,0,1,0,0,1,0,1,0,1,1,0,0
2026,3,29,08:48:46.826,49.92,45,67.1,0.8496,4441.7,445.6,3.939,2.14,3.89,0.01,0.01,-660.0,1841.0,351.0,-25543.0,24247,1531,63.4,0.0,10773.0,0,0,0,e1f,d4e,d4a,d4a,d4a,1,1,1,1,1,0,0,0,0,1,1,1,0,0,1,1,1,0,0,1,0,1,0,1,1,0,0,0,1,0,1,0,0,1,0,1,0,1,1,0,0,0,1,0,1,0,0,1,0,1,0,1,1,0,0,0,1,0,1,0,0,1,0,1,0,1,1,0,0
2026,3,29,08:48:46.846,49.94,65,67.1,0.8496,4441.7,445.6,3.940,2.14,3.89,0.01,0.01,-660.0,1841.0,351.0,-25556.0,24284,1538,63.1,0.0,10777.0,0,0,0,e1f,d4e,d4a,d4a,d4a,1,1,1,1,1,0,0,0,0,1,1,1,0,0,1,1,1,0,0,1,0,1,0,1,1,0,0,0,1,0,1,0,0,1,0,1,0,1,1,0,0,0,1,0,1,0,0,1,0,1,0,1,1,0,0,0,1,0,1,0,0,1,0,1,0,1,1,0,0
2026,3,29,08:48:46.866,49.96,85,67.1,0.8496,4441.7,445.6,3.939,2.14,3.89,0.01,0.01,-660.0,1841.0,351.0,-25569.0,24320,1545,62.8,0.0,10781.0,0,0,0,e1f,d4e,d4a,d4a,d4a,1,1,1,1,1,0,0,0,0,1,1,1,0,0,1,1,1,0,0,1,0,1,0,1,1,0,0,0,1,0,1,0,0,1,0,1,0,1,1,0,0,0,1,0,1,0,0,1,0,1,0,1,1,0,0,0,1,0,1,0,0,1,0,1,0,1,1,0,0
2026,3,29,08:48:46.886,49.98,105,67.1,0.8497,4436.6,440.6,3.939,2.14,3.89,0.01,0.01,-660.0,1841.0,352.0,-25582.0,24357,1552,62.3,0.0,10785.0,0,0,0,e1f,d4e,d4a,d4a,d4a,1,1,1,1,1,0,0,0,0,1,1,1,0,0,1,1,1,0,0,1,0,1,0,1,1,0,0,0,1,0,1,0,0,1,0,1,0,1,1,0,0,0,1,0,1,0,0,1,0,1,0,1,1,0,0,0,1,0,1,0,0,1,0,1,0,1,1,0,0
2026,3,29,08:48:46.906,50.00,125,67.1,0.8497,4436.6,440.6,3.940,2.14,3.89,0.01,0.01,-660.0,1841.0,352.0,-25596.0,24394,1559,61.8,0.0,10788.0,0,0,0,e1f,d4e,d4a,d4a,d4a,1,1,1,1,1,0,0,0,0,1,1,1,0,0,1,1,1,0,0,1,0,1,0,1,1,0,0,0,1,0,1,0,0,1,0,1,0,1,1,0,0,0,1,0,1,0,0,1,0,1,0,1,1,0,0,0,1,0,1,0,0,1,0,1,0,1,1,0,0
2026,3,29,08:48:46.926,50.02,145,67.1,0.8498,4433.5,437.4,3.939,2.15,3.89,0.01,0.01,-659.0,1841.0,353.0,-25609.0,24431,1566,61.1,0.0,10792.0,0,0,0,e1f,d4e,d4a,d4a,d4a,1,1,1,1,1,0,0,0,0,1,1,1,0,0,1,1,1,0,0,1,0,1,0,1,1,0,0,0,1,0,1,0,0,1,0,1,0,1,1,0,0,0,1,0,1,0,0,1,0,1,0,1,1,0,0,0,1,0,1,0,0,1,0,1,0,1,1,0,0
2026,3,29,08:48:46.946,50.04,165,67.1,0.8498,4433.5,437.4,3.939,2.15,3.89,0.01,0.01,-659.0,1841.0,353.0,-25622.0,24468,1573,60.3,0.0,10796.0,0,0,0,e1f,d4e,d4a,d4a,d4a,1,1,1,1,1,0,0,0,0,1,1,1,0,0,1,1,1,0,0,1,0,1,0,1,1,0,0,0,1,0,1,0,0,1,0,1,0,1,1,0,0,0,1,0,1,0,0,1,0,1,0,1,1,0,0,0,1,0,1,0,0,1,0,1,0,1,1,0,0
2026,3,29,08:48:46.966,50.06,185,67.1,0.8498,4434.7,438.7,3.939,2.15,3.89,0.01,0.01,-659.0,1841.0,354.0,-25635.0,24504,1580,59.4,0.0,10800.0,0,0,0,e1f,d4e,d4a,d4a,d4a,1,1,1,1,1,0,0,0,0,1,1,1,0,0,1,1,1,0,0,1,0,1,0,1,1,0,0,0,1,0,1,0,0,1,0,1,0,1,1,0,0,0,1,0,1,0,0,1,0,1,0,1,1,0,0,0,1,0,1,0,0,1,0,1,0,1,1,0,0
2026,3,29,08:48:46.986,50.08,205,67.1,0.8498,4434.7,438.7,3.940,2.15,3.89,0.01,0.01,-659.0,1841.0,354.0,-25648.0,24541,1587,58.4,0.0,10803.0,0,0,0,e1f,d4e,d4a,d4a,d4a,1,1,1,1,1,0,0,0,0,1,1,1,0,0,1,1,1,0,0,1,0,1,0,1,1,0,0,0,1,0,1,0,0,1,0,1,0,1,1,0,0,0,1,0,1,0,0,1,0,1,0,1,1,0,0,0,1,0,1,0,0,1,0,1,0,1,1,0,0
2026,3,29,08:48:47.006,50.10,225,67.1,0.8500,4429.7,433.6,3.940,2.15,3.89,0.01,0.01,-659.0,1842.0,355.0,-25662.0,24578,1594,57.3,0.0,10807.0,0,0,0,e1f,d4e,d4a,d4a,d4a,1,1,1,1,1,0,0,0,0,1,1,1,0,0,1,1,1,0,0,1,0,1,0,1,1,0,0,0,1,0,1,0,0,1,0,1,0,1,1,0,0,0,1,0,1,0,0,1,0,1,0,1,1,0,0,0,1,0,1,0,0,1,0,1,0,1,1,0,0
2026,3,29,08:48:47.026,50.12,245,67.1,0.8499,4430.3,434.2,3.941,2.15,3.89,0.01,0.01,-659.0,1842.0,355.0,-25675.0,24615,1602,56.1,0.0,10811.0,0,0,0,e1f,d4e,d4a,d4a,d4a,1,1,1,1,1,0,0,0,0,1,1,1,0,0,1,1,1,0,0,1,0,1,0,1,1,0,0,0,1,0,1,0,0,1,0,1,0,1,1,0,0,0,1,0,1,0,0,1,0,1,0,1,1,0,0,0,1,0,1,0,0,1,0,1,0,1,1,0,0
2026,3,29,08:48:47.046,50.14,15,67.1,0.8500,4428.4,432.3,3.939,2.15,3.89,0.01,0.01,-659.0,1842.0,356.0,-25688.0,24652,1609,54.7,0.0,10814.0,0,0,0,e1f,d4e,d4a,d4a,d4a,1,1,1,1,1,0,0,0,0,1,1,1,0,0,1,1,1,0,0,1,0,1,0,1,1,0,0,0,1,0,1,0,0,1,0,1,0,1,1,0,0,0,1,0,1,0,0,1,0,1,0,1,1,0,0,0,1,0,1,0,0,1,0,1,0,1,1,0,0
2026,3,29,08:48:47.066,50.16,35,67.1,0.8500,4428.4,432.3,3.940,2.15,3.89,0.01,0.01,-659.0,1842.0,357.0,-25701.0,24689,1616,53.2,0.0,10818.0,0,0,0,e1f,d4e,d4a,d4a,d4a,1,1,1,1,1,0,0,0,0,1,1,1,0,0,1,1,1,0,0,1,0,1,0,1,1,0,0,0,1,0,1,0,0,1,0,1,0,1,1,0,0,0,1,0,1,0,0,1,0,1,0,1,1,0,0,0,1,0,1,0,0,1,0,1,0,1,1,0,0
2026,3,29,08:48:47.086,50.18,55,67.1,0.8499,4431.6,435.5,3.939,2.15,3.89,0.01,0.01,-659.0,1842.0,357.0,-25714.0,24726,1623,51.7,0.0,10821.0,0,0,0,e1f,d4e,d4a,d4a,d4a,1,1,1,1,1,0,0,0,0,1,1,1,0,0,1,1,1,0,0,1,0,1,0,1,1,0,0,0,1,0,1,0,0,1,0,1,0,1,1,0,0,0,1,0,1,0,0,1,0,1,0,1,1,0,0,0,1,0,1,0,0,1,0,1,0,1,1,0,0
2026,3,29,08:48:47.106,50.20,75,67.1,0.8499,4431.6,435.5,3.940,2.15,3.89,0.01,0.01,-659.0,1842.0,358.0,-25727.0,24763,1630,50.0,0.0,10824.0,0,0,0,e1f,d4e,d4a,d4a,d4a,1,1,1,1,1,0,0,0,0,1,1,1,0,0,1,1,1,0,0,1,0,1,0,1,1,0,0,0,1,0,1,0,0,1,0,1,0,1,1,0,0,0,1,0,1,0,0,1,0,1,0,1,1,0,0,0,1,0,1,0,0,1,0,1,0,1,1,0,0
2026,3,29,08:48:47.126,50.22,95,67.1,0.8500,4428.4,432.3,3.939,2.15,3.89,0.01,0.01,-659.0,1842.0,359.0,-25741.0,24799,1637,48.2,0.0,10827.0,0,0,0,e1f,d4e,d4a,d4a,d4a,1,1,1,1,1,0,0,0,0,1,1,1,0,0,1,1,1,0,0,1,0,1,0,1,1,0,0,0,1,0,1,0,0,1,0,1,0,1,1,0,0,0,1,0,1,0,0,1,0,1,0,1,1,0,0,0,1,0,1,0,0,1,0,1,0,1,1,0,0
2026,3,29,08:48:47.146,50.24,115,67.1,0.8500,4428.4,432.3,3.940,2.15,3.89,0.01,0.01,-659.0,1842.0,359.0,-25754.0,24836,1644,46.3,0.0,10830.0,0,0,0,e1f,d4e,d4a,d4a,d4a,1,1,1,1,1,0,0,0,0,1,1,1,0,0,1,1,1,0,0,1,0,1,0,1,1,0,0,0,1,0,1,0,0,1,0,1,0,1,1,0,0,0,1,0,1,0,0,1,0,1,0,1,1,0,0,0,1,0,1,0,0,1,0,1,0,1,1,0,0
2026,3,29,08:48:47.166,50.26,135,67.1,0.8504,4417.0,421.0,3.940,2.16,3.89,0.01,0.01,-659.0,1842.0,360.0,-25767.0,24873,1652,44.3,0.0,10833.0,0,0,0,e1f,d4e,d4a,d4a,d4a,1,1,1,1,1,0,0,0,0,1,1,1,0,0,1,1,1,0,0,1,0,1,0,1,1,0,0,0,1,0,1,0,0,1,0,1,0,1,1,0,0,0,1,0,1,0,0,1,0,1,0,1,1,0,0,0,1,0,1,0,0,1,0,1,0,1,1,0,0
2026,3,29,08:48:47.186,50.28,155,67.1,0.8504,4417.0,421.0,3.939,2.16,3.89,0.01,0.01,-659.0,1843.0,361.0,-25780.0,24910,1659,42.2,0.0,10836.0,0,0,0,e1f,d4e,d4a,d4a,d4a,1,1,1,1,1,0,0,0,0,1,1,1,0,0,1,1,1,0,0,1,0,1,0,1,1,0,0,0,1,0,1,0,0,1,0,1,0,1,1,0,0,0,1,0,1,0,0,1,0,1,0,1,1,0,0,0,1,0,1,0,0,1,0,1,0,1,1,0,0
2026,3,29,08:48:47.206,50.30,175,67.1,0.8504,4415.8,419.7,3.939,2.16,3.89,0.01,0.01,-659.0,1843.0,362.0,-25793.0,24947,1666,39.9,0.0,10839.0,0,0,0,e1f,d4e,d4a,d4a,d4a,1,1,1,1,1,0,0,0,0,1,1,1,0,0,1,1,1,0,0,1,0,1,0,1,1,0,0,0,1,0,1,0,0,1,0,1,0,1,1,0,0,0,1,0,1,0,0,1,0,1,0,1,1,0,0,0,1,0,1,0,0,1,0,1,0,1,1,0,0
2026,3,29,08:48:47.226,50.32,195,67.1,0.8504,4415.8,419.7,3.940,2.16,3.89,0.01,0.01,-659.0,1843.0,363.0,-25807.0,24984,1673,37.5,0.0,10842.0,0,0,0,e1f,d4e,d4a,d4a,d4a,1,1,1,1,1,0,0,0,0,1,1,1,0,0,1,1,1,0,0,1,0,1,0,1,1,0,0,0,1,0,1,0,0,1,0,1,0,1,1,0,0,0,1,0,1,0,0,1,0,1,0,1,1,0,0,0,1,0,1,0,0,1,0,1,0,1,1,0,0
2026,3,29,08:48:47.246,50.34,215,67.1,0.8504,4415.8,419.7,3.939,2.16,3.89,0.01,0.01,-659.0,1843.0,364.0,-25820.0,25021,1681,34.9,0.0,10845.0,0,0,0,e1f,d4e,d4a,d4a,d4a,1,1,1,1,1,0,0,0,0,1,1,1,0,0,1,1,1,0,0,1,0,1,0,1,1,0,0,0,1,0,1,0,0,1,0,1,0,1,1,0,0,0,1,0,1,0,0,1,0,1,0,1,1,0,0,0,1,0,1,0,0,1,0,1,0,1,1,0,0
2026,3,29,08:48:47.266,50.36,235,67.1,0.8504,4415.8,419.7,3.940,2.16,3.89,0.01,0.01,-659.0,1844.0,364.0,-25833.0,25058,1688,32.3,0.0,10848.0,0,0,0,e1f,d4e,d4a,d4a,d4a,1,1,1,1,1,0,0,0,0,1,1,1,0,0,1,1,1,0,0,1,0,1,0,1,1,0,0,0,1,0,1,0,0,1,0,1,0,1,1,0,0,0,1,0,1,0,0,1,0,1,0,1,1,0,0,0,1,0,1,0,0,1,0,1,0,1,1,0,0
2026,3,29,08:48:47.286,50.38,5,67.1,0.8508,4402.5,406.5,3.939,2.16,3.89,0.01,0.01,-660.0,1844.0,365.0,-25846.0,25094,1695,29.7,0.0,10851.0,0,0,0,e1f,d4e,d4a,d4a,d4a,1,1,1,1,1,0,0,0,0,1,1,1,0,0,1,1,1,0,0,1,0,1,0,1,1,0,0,0,1,0,1,0,0,1,0,1,0,1,1,0,0,0,1,0,1,0,0,1,0,1,0,1,1,0,0,0,1,0,1,0,0,1,0,1,0,1,1,0,0
2026,3,29,08:48:47.306,50.40,25,67.1,0.8508,4402.5,406.5,3.939,2.16,3.89,0.01,0.01,-660.0,1845.0,366.0,-25859.0,25131,1703,27.1,0.0,10853.0,0,0,0,e1f,d4e,d4a,d4a,d4a,1,1,1,1,1,0,0,0,0,1,1,1,0,0,1,1,1,0,0,1,0,1,0,1,1,0,0,0,1,0,1,0,0,1,0,1,0,1,1,0,0,0,1,0,1,0,0,1,0,1,0,1,1,0,0,0,1,0,1,0,0,1,0,1,0,1,1,0,0
2026,3,29,08:48:47.326,50.42,45,67.1,0.8508,4404.4,408.4,3.939,2.16,3.89,0.01,0.01,-661.0,1845.0,366.0,-25873.0,25168,1710,24.5,0.0,10856.0,0,0,0,e1f,d4e,d4a,d4a,d4a,1,1,1,1,1,0,0,0,0,1,1,1,0,0,1,1,1,0,0,1,0,1,0,1,1,0,0,0,1,0,1,0,0,1,0,1,0,1,1,0,0,0,1,0,1,0,0,1,0,1,0,1,1,0,0,0,1,0,1,0,0,1,0,1,0,1,1,0,0
2026,3,29,08:48:47.346,50.44,65,67.1,0.8508,4404.4,408.4,3.940,2.16,3.89,0.01,0.01,-661.0,1846.0,367.0,-25886.0,25205,1717,22.0,0.0,10859.0,0,0,0,e1f,d4e,d4a,d4a,d4a,1,1,1,1,1,0,0,0,0,1,1,1,0,0,1,1,1,0,0,1,0,1,0,1,1,0,0,0,1,0,1,0,0,1,0,1,0,1,1,0,0,0,1,0,1,0,0,1,0,1,0,1,1,0,0,0,1,0,1,0,0,1,0,1,0,1,1,0,0
2026,3,29,08:48:47.366,50.46,85,67.1,0.8510,4396.2,400.2,3.939,2.16,3.89,0.01,0.01,-662.0,1847.0,367.0,-25899.0,25242,1725,19.5,0.0,10862.0,0,0,0,e1f,d4e,d4a,d4a,d4a,1,1,1,1,1,0,0,0,0,1,1,1,0,0,1,1,1,0,0,1,0,1,0,1,1,0,0,0,1,0,1,0,0,1,0,1,0,1,1,0,0,0,1,0,1,0,0,1,0,1,0,1,1,0,0,0,1,0,1,0,0,1,0,1,0,1,1,0,0
2026,3,29,08:48:47.386,50.48,105,67.1,0.8510,4396.2,400.2,3.939,2.16,3.89,0.01,0.01,-662.0,1848.0,367.0,-25912.0,25279,1732,17.3,0.0,10864.0,0,0,0,e1f,d4e,d4a,d4a,d4a,1,1,1,1,1,0,0,0,0,1,1,1,0,0,1,1,1,0,0,1,0,1,0,1,1,0,0,0,1,0,1,0,0,1,0,1,0,1,1,0,0,0,1,0,1,0,0,1,0,1,0,1,1,0,0,0,1,0,1,0,0,1,0,1,0,1,1,0,0
2026,3,29,08:48:47.406,50.50,125,67.1,0.8511,4393.1,397.0,3.940,2.16,3.89,0.01,0.01,-663.0,1848.0,368.0,-25926.0,25316,1739,15.2,0.0,10867.0,0,0,0,e1f,d4e,d4a,d4a,d4a,1,1,1,1,1,0,0,0,0,1,1,1,0,0,1,1,1,0,0,1,0,1,0,1,1,0,0,0,1,0,1,0,0,1,0,1,0,1,1,0,0,0,1,0,1,0,0,1,0,1,0,1,1,0,0,0,1,0,1,0,0,1,0,1,0,1,1,0,0
2026,3,29,08:48:47.426,50.52,145,67.1,0.8511,4393.7,397.6,3.938,2.16,3.89,0.01,0.01,-663.0,1849.0,368.0,-25939.0,25353,1747,13.5,0.0,10869.0,0,0,0,e1f,d4e,d4a,d4a,d4a,1,1,1,1,1,0,0,0,0,1,1,1,0,0,1,1,1,0,0,1,0,1,0,1,1,0,0,0,1,0,1,0,0,1,0,1,0,1,1,0,0,0,1,0,1,0,0,1,0,1,0,1,1,0,0,0,1,0,1,0,0,1,0,1,0,1,1,0,0
2026,3,29,08:48:47.446,50.54,165,67.1,0.8508,4401.9,405.8,3.939,2.16,3.89,0.01,0.01,-664.0,1850.0,368.0,-25952.0,25390,1754,12.0,0.0,10872.0,0,0,0,e1f,d4e,d4a,d4a,d4e,1,1,1,1,1,0,0,0,0,1,1,1,0,0,1,1,1,0,0,1,0,1,0,1,1,0,0,0,1,0,1,0,0,1,0,1,0,1,1,0,0,0,1,0,1,0,0,1,0,1,0,1,1,0,0,0,1,1,1,0,0,1,0,1,0,1,1,0,0
2026,3,29,08:48:47.466,50.56,185,67.1,0.8508,4402.5,406.5,3.939,2.16,3.89,0.01,0.01,-664.0,1851.0,368.0,-25965.0,25427,1761,11.0,0.0,10875.0,0,0,0,e1f,d4e,d4a,d4a,d4e,1,1,1,1,1,0,0,0,0,1,1,1,0,0,1,1,1,0,0,1,0,1,0,1,1,0,0,0,1,0,1,0,0,1,0,1,0,1,1,0,0,0,1,0,1,0,0,1,0,1,0,1,1,0,0,0,1,1,1,0,0,1,0,1,0,1,1,0,0
2026,3,29,08:48:47.486,50.58,205,67.1,0.8502,4423.4,427.3,3.939,2.16,3.89,0.01,0.01,-664.0,1851.0,368.0,-25979.0,25464,1769,10.6,0.0,10877.0,0,0,0,e1f,d46,d42,d42,d46,1,1,1,1,1,0,0,0,0,1,1,1,0,0,1,1,0,0,0,1,0,1,0,1,1,0,0,0,1,0,0,0,0,1,0,1,0,1,1,0,0,0,1,0,0,0,0,1,0,1,0,1,1,0,0,0,1,1,0,0,0,1,0,1,0,1,1,0,0
2026,3,29,08:48:47.506,50.60,225,67.0,0.8501,4424.6,428.6,3.939,2.16,3.89,0.01,0.01,-665.0,1852.0,368.0,-25992.0,25501,1776,10.6,0.0,10880.0,0,0,0,e1f,d46,d42,d42,d46,1,1,1,1,1,0,0,0,0,1,1,1,0,0,1,1,0,0,0,1,0,1,0,1,1,0,0,0,1,0,0,0,0,1,0,1,0,1,1,0,0,0,1,0,0,0,0,1,0,1,0,1,1,0,0,0,1,1,0,0,0,1,0,1,0,1,1,0,0
2026,3,29,08:48:47.526,50.62,245,67.0,0.8497,4437.2,441.2,3.939,2.16,3.89,0.01,0.01,-665.0,1853.0,369.0,-26005.0,25538,1784,11.1,0.0,10882.0,0,0,0,e1f,d46,d42,d42,d46,1,1,1,1,1,0,0,0,0,1,1,1,0,0,1,1,0,0,0,1,0,1,0,1,1,0,0,0,1,0,0,0,0,1,0,1,0,1,1,0,0,0,1,0,0,0,0,1,0,1,0,1,1,0,0,0,1,1,0,0,0,1,0,1,0,1,1,0,0
2026,3,29,08:48:47.546,50.64,15,67.0,0.8497,4438.5,442.4,3.939,2.17,3.89,0.01,0.01,-665.0,1854.0,369.0,-26019.0,25575,1791,11.9,0.0,10885.0,0,0,0,e1f,d46,d42,d42,d46,1,1,1,1,1,0,0,0,0,1,1,1,0,0,1,1,0,0,0,1,0,1,0,1,1,0,0,0,1,0,0,0,0,1,0,1,0,1,1,0,0,0,1,0,0,0,0,1,0,1,0,1,1,0,0,0,1,1,0,0,0,1,0,1,0,1,1,0,0
2026,3,29,08:48:47.566,50.66,35,67.0,0.8489,4462.5,466.4,3.938,2.17,3.89,0.01,0.01,-665.0,1855.0,369.0,-26032.0,25612,1798,13.0,0.0,10887.0,0,0,0,e1f,d46,d42,d42,d46,1,1,1,1,1,0,0,0,0,1,1,1,0,0,1,1,0,0,0,1,0,1,0,1,1,0,0,0,1,0,0,0,0,1,0,1,0,1,1,0,0,0,1,0,0,0,0,1,0,1,0,1,1,0,0,0,1,1,0,0,0,1,0,1,0,1,1,0,0
2026,3,29,08:48:47.586,50.68,55,67.0,0.8489,4463.8,467.7,3.939,2.17,3.89,0.01,0.01,-666.0,1856.0,369.0,-26045.0,25650,1806,14.2,0.0,10890.0,0,0,0,e1f,d4e,d4a,d4a,d4e,1,1,1,1,1,0,0,0,0,1,1,1,0,0,1,1,1,0,0,1,0,1,0,1,1,0,0,0,1,0,1,0,0,1,0,1,0,1,1,0,0,0,1,0,1,0,0,1,0,1,0,1,1,0,0,0,1,1,1,0,0,1,0,1,0,1,1,0,0
2026,3,29,08:48:47.606,50.70,75,67.0,0.8481,4489.7,493.6,3.939,2.17,3.89,0.01,0.01,-666.0,1857.0,369.0,-26059.0,25687,1813,15.6,0.0,10892.0,0,0,0,e1f,d4e,d4a,d4a,d4e,1,1,1,1,1,0,0,0,0,1,1,1,0,0,1,1,1,0,0,1,0,1,0,1,1,0,0,0,1,0,1,0,0,1,0,1,0,1,1,0,0,0,1,0,1,0,0,1,0,1,0,1,1,0,0,0,1,1,1,0,0,1,0,1,0,1,1,0,0
2026,3,29,08:48:47.626,50.72,95,66.9,0.8480,4491.0,494.9,3.939,2.17,3.89,0.01,0.01,-666.0,1858.0,370.0,-26072.0,25724,1820,17.1,0.0,10895.0,0,0,0,e1f,d4e,d4a,d4a,d4a,1,1,1,1,1,0,0,0,0,1,1,1,0,0,1,1,1,0,0,1,0,1,0,1,1,0,0,0,1,0,1,0,0,1,0,1,0,1,1,0,0,0,1,0,1,0,0,1,0,1,0,1,1,0,0,0,1,0,1,0,0,1,0,1,0,1,1,0,0
2026,3,29,08:48:47.646,50.74,115,66.9,0.8474,4509.9,513.9,3.939,2.17,3.89,0.01,0.01,-666.0,1858.0,370.0,-26085.0,25761,1828,18.7,0.0,10897.0,0,0,0,e1f,d4e,d4a,d4a,d4a,1,1,1,1,1,0,0,0,0,1,1,1,0,0,1,1,1,0,0,1,0,1,0,1,1,0,0,0,1,0,1,0,0,1,0,1,0,1,1,0,0,0,1,0,1,0,0,1,0,1,0,1,1,0,0,0,1,0,1,0,0,1,0,1,0,1,1,0,0
2026,3,29,08:48:47.666,50.76,135,66.9,0.8474,4511.8,515.8,3.940,2.17,3.89,0.01,0.01,-667.0,1859.0,370.0,-26099.0,25798,1835,20.4,0.0,10900.0,0,0,0,e1f,d4e,d4a,d4a,d4a,1,1,1,1,1,0,0,0,0,1,1,1,0,0,1,1,1,0,0,1,0,1,0,1,1,0,0,0,1,0,1,0,0,1,0,1,0,1,1,0,0,0,1,0,1,0,0,1,0,1,0,1,1,0,0,0,1,0,1,0,0,1,0,1,0,1,1,0,0
2026,3,29,08:48:47.686,50.78,155,66.9,0.8464,4541.0,544.9,3.939,2.17,3.89,0.01,0.01,-667.0,1860.0,370.0,-26112.0,25835,1843,22.2,0.0,10902.0,0,0,0,e1f,d4e,d4a,d4a,d4a,1,1,1,1,1,0,0,0,0,1,1,1,0,0,1,1,1,0,0,1,0,1,0,1,1,0,0,0,1,0,1,0,0,1,0,1,0,1,1,0,0,0,1,0,1,0,0,1,0,1,0,1,1,0,0,0,1,0,1,0,0,1,0,1,0,1,1,0,0
2026,3,29,08:48:47.706,50.80,175,66.9,0.8464,4541.6,545.5,3.939,2.17,3.89,0.01,0.01,-667.0,1861.0,370.0,-26125.0,25873,1850,24.1,0.0,10904.0,0,0,0,e1f,d4e,d4a,d4a,d4a,1,1,1,1,1,0,0,0,0,1,1,1,0,0,1,1,1,0,0,1,0,1,0,1,1,0,0,0,1,0,1,0,0,1,0,1,0,1,1,0,0,0,1,0,1,0,0,1,0,1,0,1,1,0,0,0,1,0,1,0,0,1,0,1,0,1,1,0,0
2026,3,29,08:48:47.726,50.82,195,66.9,0.8457,4564.4,568.3,3.940,2.17,3.89,0.01,0.01,-668.0,1861.0,371.0,-26139.0,25910,1858,26.2,0.0,10907.0,0,0,0,e1f,d4e,d4a,d4a,d4a,1,1,1,1,1,0,0,0,0,1,1,1,0,0,1,1,1,0,0,1,0,1,0,1,1,0,0,0,1,0,1,0,0,1,0,1,0,1,1,0,0,0,1,0,1,0,0,1,0,1,0,1,1,0,0,0,1,0,1,0,0,1,0,1,0,1,1,0,0
2026,3,29,08:48:47.746,50.84,215,66.8,0.8457,4565.7,569.6,3.939,2.17,3.89,0.01,0.01,-668.0,1862.0,371.0,-26152.0,25947,1865,28.5,0.0,10909.0,0,0,0,e1f,d4e,d4a,d4a,d4a,1,1,1,1,1,0,0,0,0,1,1,1,0,0,1,1,1,0,0,1,0,1,0,1,1,0,0,0,1,0,1,0,0,1,0,1,0,1,1,0,0,0,1,0,1,0,0,1,0,1,0,1,1,0,0,0,1,0,1,0,0,1,0,1,0,1,1,0,0
2026,3,29,08:48:47.766,50.86,235,66.8,0.8452,4579.0,582.9,3.938,2.17,3.89,0.01,0.01,-669.0,1862.0,371.0,-26165.0,25984,1872,30.9,0.0,10912.0,0,0,0,e1f,d4e,d4a,d4a,d4a,1,1,1,1,1,0,0,0,0,1,1,1,0,0,1,1,1,0,0,1,0,1,0,1,1,0,0,0,1,0,1,0,0,1,0,1,0,1,1,0,0,0,1,0,1,0,0,1,0,1,0,1,1,0,0,0,1,0,1,0,0,1,0,1,0,1,1,0,0
2026,3,29,08:48:47.786,50.88,5,66.8,0.8452,4579.6,583.6,3.939,2.17,3.89,0.01,0.01,-670.0,1863.0,371.0,-26179.0,26022,1880,33.4,0.0,10914.0,0,0,0,e1f,d4e,d4a,d4a,d4a,1,1,1,1,1,0,0,0,0,1,1,1,0,0,1,1,1,0,0,1,0,1,0,1,1,0,0,0,1,0,1,0,0,1,0,1,0,1,1,0,0,0,1,0,1,0,0,1,0,1,0,1,1,0,0,0,1,0,1,0,0,1,0,1,0,1,1,0,0
2026,3,29,08:48:47.806,50.90,25,66.8,0.8444,4606.9,610.8,3.939,2.17,3.89,0.01,0.01,-670.0,1863.0,370.0,-26192.0,26059,1887,36.1,0.0,10917.0,0,0,0,e1f,d4e,d4a,d4a,d4a,1,1,1,1,1,0,0,0,0,1,1,1,0,0,1,1,1,0,0,1,0,1,0,1,1,0,0,0,1,0,1,0,0,1,0,1,0,1,1,0,0,0,1,0,1,0,0,1,0,1,0,1,1,0,0,0,1,0,1,0,0,1,0,1,0,1,1,0,0
2026,3,29,08:48:47.826,50.92,45,66.8,0.8443,4608.2,612.1,3.939,2.17,3.89,0.01,0.01,-671.0,1863.0,370.0,-26206.0,26096,1895,38.9,0.0,10919.0,0,0,0,e1f,d4e,d4a,d4a,d4a,1,1,1,1,1,0,0,0,0,1,1,1,0,0,1,1,1,0,0,1,0,1,0,1,1,0,0,0,1,0,1,0,0,1,0,1,0,1,1,0,0,0,1,0,1,0,0,1,0,1,0,1,1,0,0,0,1,0,1,0,0,1,0,1,0,1,1,0,0
2026,3,29,08:48:47.846,50.94,65,66.8,0.8440,4619.6,623.5,3.939,2.17,3.89,0.01,0.01,-672.0,1864.0,370.0,-26219.0,26133,1902,41.9,0.0,10922.0,0,0,0,e1f,d4e,d4a,d4a,d4a,1,1,1,1,1,0,0,0,0,1,1,1,0,0,1,1,1,0,0,1,0,1,0,1,1,0,0,0,1,0,1,0,0,1,0,1,0,1,1,0,0,0,1,0,1,0,0,1,0,1,0,1,1,0,0,0,1,0,1,0,0,1,0,1,0,1,1,0,0
2026,3,29,08:48:47.866,50.96,85,66.8,0.8440,4619.6,623.5,3.939,2.17,3.89,0.01,0.01,-673.0,1864.0,370.0,-26232.0,26171,1909,45.0,0.0,10924.0,0,0,0,e1f,d4e,d4a,d4a,d4a,1,1,1,1,1,0,0,0,0,1,1,1,0,0,1,1,1,0,0,1,0,1,0,1,1,0,0,0,1,0,1,0,0,1,0,1,0,1,1,0,0,0,1,0,1,0,0,1,0,1,0,1,1,0,0,0,1,0,1,0,0,1,0,1,0,1,1,0,0
2026,3,29,08:48:47.886,50.98,105,66.8,0.8442,4613.3,617.2,3.940,2.17,3.89,0.01,0.01,-674.0,1864.0,370.0,-26246.0,26208,1917,48.3,0.0,10927.0,0,0,0,e1f,d4e,d4a,d4a,d4a,1,1,1,1,1,0,0,0,0,1,1,1,0,0,1,1,1,0,0,1,0,1,0,1,1,0,0,0,1,0,1,0,0,1,0,1,0,1,1,0,0,0,1,0,1,0,0,1,0,1,0,1,1,0,0,0,1,0,1,0,0,1,0,1,0,1,1,0,0
2026,3,29,08:48:47.906,51.00,125,66.8,0.8441,4613.9,617.8,3.939,2.17,3.89,0.01,0.01,-674.0,1865.0,369.0,-26259.0,26245,1924,51.7,0.0,10929.0,0,0,0,e1f,d4e,d4a,d4a,d4a,1,1,1,1,1,0,0,0,0,1,1,1,0,0,1,1,1,0,0,1,0,1,0,1,1,0,0,0,1,0,1,0,0,1,0,1,0,1,1,0,0,0,1,0,1,0,0,1,0,1,0,1,1,0,0,0,1,0,1,0,0,1,0,1,0,1,1,0,0
2026,3,29,08:48:47.926,51.02,145,66.8,0.8439,4621.5,625.4,3.940,2.17,3.89,0.01,0.01,-675.0,1865.0,369.0,-26273.0,26283,1932,55.3,0.0,10932.0,0,0,0,e1f,d4e,d4a,d4a,d4a,1,1,1,1,1,0,0,0,0,1,1,1,0,0,1,1,1,0,0,1,0,1,0,1,1,0,0,0,1,0,1,0,0,1,0,1,0,1,1,0,0,0,1,0,1,0,0,1,0,1,0,1,1,0,0,0,1,0,1,0,0,1,0,1,0,1,1,0,0
2026,3,29,08:48:47.946,51.04,165,66.8,0.8439,4621.5,625.4,3.939,2.17,3.89,0.01,0.01,-676.0,1866.0,369.0,-26286.0,26320,1939,58.9,0.0,10935.0,0,0,0,e1f,d4e,d4a,d4a,d4a,1,1,1,1,1,0,0,0,0,1,1,1,0,0,1,1,1,0,0,1,0,1,0,1,1,0,0,0,1,0,1,0,0,1,0,1,0,1,1,0,0,0,1,0,1,0,0,1,0,1,0,1,1,0,0,0,1,0,1,0,0,1,0,1,0,1,1,0,0
2026,3,29,08:48:47.966,51.06,185,66.8,0.8439,4620.2,624.2,3.939,2.17,3.89,0.01,0.01,-676.0,1866.0,368.0,-26300.0,26357,1946,62.6,0.0,10938.0,0,0,0,e1f,d4e,d4a,d4a,d4a,1,1,1,1,1,0,0,0,0,1,1,1,0,0,1,1,1,0,0,1,0,1,0,1,1,0,0,0,1,0,1,0,0,1,0,1,0,1,1,0,0,0,1,0,1,0,0,1,0,1,0,1,1,0,0,0,1,0,1,0,0,1,0,1,0,1,1,0,0
2026,3,29,08:48:47.986,51.08,205,66.8,0.8440,4619.6,623.5,3.940,2.17,3.89,0.01,0.01,-677.0,1867.0,367.0,-26314.0,26395,1954,66.4,0.0,10942.0,0,0,0,e1f,d4e,d4a,d4a,d4a,1,1,1,1,1,0,0,0,0,1,1,1,0,0,1,1,1,0,0,1,0,1,0,1,1,0,0,0,1,0,1,0,0,1,0,1,0,1,1,0,0,0,1,0,1,0,0,1,0,1,0,1,1,0,0,0,1,0,1,0,0,1,0,1,0,1,1,0,0
2026,3,29,08:48:48.006,51.10,225,66.8,0.8443,4608.2,612.1,3.939,2.17,3.89,0.01,0.01,-677.0,1867.0,367.0,-26327.0,26432,1961,70.3,0.0,10946.0,0,0,0,e1f,d4e,d4a,d4a,d4a,1,1,1,1,1,0,0,0,0,1,1,1,0,0,1,1,1,0,0,1,0,1,0,1,1,0,0,0,1,0,1,0,0,1,0,1,0,1,1,0,0,0,1,0,1,0,0,1,0,1,0,1,1,0,0,0,1,0,1,0,0,1,0,1,0,1,1,0,0
2026,3,29,08:48:48.026,51.12,245,66.8,0.8443,4607.5,611.5,3.940,2.17,3.89,0.01,0.01,-678.0,1868.0,366.0,-26341.0,26469,1969,74.2,0.0,10950.0,0,0,0,e1f,d4e,d4a,d4a,d4a,1,1,1,1,1,0,0,0,0,1,1,1,0,0,1,1,1,0,0,1,0,1,0,1,1,0,0,0,1,0,1,0,0,1,0,1,0,1,1,0,0,0,1,0,1,0,0,1,0,1,0,1,1,0,0,0,1,0,1,0,0,1,0,1,0,1,1,0,0
2026,3,29,08:48:48.046,51.14,15,66.8,0.8450,4586.0,589.9,3.940,2.17,3.89,0.01,0.01,-678.0,1868.0,366.0,-26354.0,26507,1976,78.1,0.0,10954.0,0,0,0,e1f,d4e,d4a,d4a,d4a,1,1,1,1,1,0,0,0,0,1,1,1,0,0,1,1,1,0,0,1,0,1,0,1,1,0,0,0,1,0,1,0,0,1,0,1,0,1,1,0,0,0,1,0,1,0,0,1,0,1,0,1,1,0,0,0,1,0,1,0,0,1,0,1,0,1,1,0,0
2026,3,29,08:48:48.066,51.16,35,66.9,0.8451,4584.1,588.0,3.939,2.17,3.89,0.01,0.01,-678.0,1869.0,365.0,-26368.0,26544,1983,81.9,0.0,10960.0,0,0,0,e1f,d4e,d4a,d4a,d4a,1,1,1,1,1,0,0,0,0,1,1,1,0,0,1,1,1,0,0,1,0,1,0,1,1,0,0,0,1,0,1,0,0,1,0,1,0,1,1,0,0,0,1,0,1,0,0,1,0,1,0,1,1,0,0,0,1,0,1,0,0,1,0,1,0,1,1,0,0
2026,3,29,08:48:48.086,51.18,55,66.9,0.8466,4537.2,541.1,3.939,2.17,3.89,0.01,0.01,-678.0,1869.0,364.0,-26381.0,26581,1990,85.8,0.0,10966.0,0,0,0,e1f,d4e,d4a,d4a,d4a,1,1,1,1,1,0,0,0,0,1,1,1,0,0,1,1,1,0,0,1,0,1,0,1,1,0,0,0,1,0,1,0,0,1,0,1,0,1,1,0,0,0,1,0,1,0,0,1,0,1,0,1,1,0,0,0,1,0,1,0,0,1,0,1,0,1,1,0,0
2026,3,29,08:48:48.106,51.20,75,66.9,0.8466,4535.3,539.2,3.939,2.17,3.89,0.01,0.01,-678.0,1870.0,364.0,-26395.0,26619,1998,89.6,0.0,10972.0,0,0,0,e1f,d4e,d4a,d4a,d4a,1,1,1,1,1,0,0,0,0,1,1,1,0,0,1,1,1,0,0,1,0,1,0,1,1,0,0,0,1,0,1,0,0,1,0,1,0,1,1,0,0,0,1,0,1,0,0,1,0,1,0,1,1,0,0,0,1,0,1,0,0,1,0,1,0,1,1,0,0
2026,3,29,08:48:48.126,51.22,95,66.9,0.8482,4486.5,490.5,3.940,2.17,3.89,0.01,0.01,-678.0,1870.0,363.0,-26409.0,26656,2005,93.3,0.0,10979.0,0,0,0,e1f,d4e,d4a,d4a,d4a,1,1,1,1,1,0,0,0,0,1,1,1,0,0,1,1,1,0,0,1,0,1,0,1,1,0,0,0,1,0,1,0,0,1,0,1,0,1,1,0,0,0,1,0,1,0,0,1,0,1,0,1,1,0,0,0,1,0,1,0,0,1,0,1,0,1,1,0,0
2026,3,29,08:48:48.146,51.24,115,67.0,0.8482,4484.6,488.6,3.939,2.17,3.89,0.01,0.01,-678.0,1871.0,363.0,-26422.0,26694,2012,97.0,0.0,10985.0,0,0,0,e1f,d4a,d4a,d4a,d4a,1,1,1,1,1,0,0,0,0,1,1,1,0,0,1,0,1,0,0,1,0,1,0,1,1,0,0,0,1,0,1,0,0,1,0,1,0,1,1,0,0,0,1,0,1,0,0,1,0,1,0,1,1,0,0,0,1,0,1,0,0,1,0,1,0,1,1,0,0
2026,3,29,08:48:48.166,51.26,135,67.0,0.8496,4442.3,446.2,3.939,2.18,3.89,0.01,0.01,-677.0,1871.0,362.0,-26436.0,26731,2020,100.6,0.0,10991.0,0,0,0,e1f,d4a,d4a,d4a,d4a,1,1,1,1,1,0,0,0,0,1,1,1,0,0,1,0,1,0,0,1,0,1,0,1,1,0,0,0,1,0,1,0,0,1,0,1,0,1,1,0,0,0,1,0,1,0,0,1,0,1,0,1,1,0,0,0,1,0,1,0,0,1,0,1,0,1,1,0,0
2026,3,29,08:48:48.186,51.28,155,67.0,0.8496,4441.0,445.0,3.940,2.18,3.89,0.01,0.01,-677.0,1872.0,362.0,-26449.0,26769,2027,104.2,0.0,10997.0,0,0,0,e1f,d4a,d4a,d4a,d4a,1,1,1,1,1,0,0,0,0,1,1,1,0,0,1,0,1,0,0,1,0,1,0,1,1,0,0,0,1,0,1,0,0,1,0,1,0,1,1,0,0,0,1,0,1,0,0,1,0,1,0,1,1,0,0,0,1,0,1,0,0,1,0,1,0,1,1,0,0
2026,3,29,08:48:48.206,51.30,175,67.0,0.8506,4408.2,412.1,3.940,2.18,3.89,0.01,0.01,-677.0,1872.0,362.0,-26463.0,26806,2034,107.7,0.0,11002.0,0,0,0,e1f,d4a,d4a,d4a,d4a,1,1,1,1,1,0,0,0,0,1,1,1,0,0,1,0,1,0,0,1,0,1,0,1,1,0,0,0,1,0,1,0,0,1,0,1,0,1,1,0,0,0,1,0,1,0,0,1,0,1,0,1,1,0,0,0,1,0,1,0,0,1,0,1,0,1,1,0,0
2026,3,29,08:48:48.226,51.32,195,67.1,0.8506,4408.2,412.1,3.939,2.18,3.89,0.01,0.01,-677.0,1872.0,362.0,-26476.0,26843,2041,111.1,0.0,11006.0,0,0,0,e1f,d4a,d4a,d4a,d4a,1,1,1,1,1,0,0,0,0,1,1,1,0,0,1,0,1,0,0,1,0,1,0,1,1,0,0,0,1,0,1,0,0,1,0,1,0,1,1,0,0,0,1,0,1,0,0,1,0,1,0,1,1,0,0,0,1,0,1,0,0,1,0,1,0,1,1,0,0
2026,3,29,08:48:48.246,51.34,215,67.1,0.8503,4419.6,423.5,3.939,2.18,3.89,0.01,0.01,-676.0,1872.0,362.0,-26490.0,26881,2049,114.4,0.0,11011.0,0,0,0,e1f,d4a,d4a,d4a,d4a,1,1,1,1,1,0,0,0,0,1,1,1,0,0,1,0,1,0,0,1,0,1,0,1,1,0,0,0,1,0,1,0,0,1,0,1,0,1,1,0,0,0,1,0,1,0,0,1,0,1,0,1,1,0,0,0,1,0,1,0,0,1,0,1,0,1,1,0,0
2026,3,29,08:48:48.266,51.36,235,67.1,0.8503,4418.3,422.2,3.939,2.18,3.89,0.01,0.01,-676.0,1873.0,362.0,-26503.0,26918,2056,117.7,0.0,11016.0,0,0,0,e1f,d4a,d4a,d4a,d4a,1,1,1,1,1,0,0,0,0,1,1,1,0,0,1,0,1,0,0,1,0,1,0,1,1,0,0,0,1,0,1,0,0,1,0,1,0,1,1,0,0,0,1,0,1,0,0,1,0,1,0,1,1,0,0,0,1,0,1,0,0,1,0,1,0,1,1,0,0
2026,3,29,08:48:48.286,51.38,5,67.1,0.8510,4397.5,401.4,3.939,2.18,3.89,0.01,0.01,-676.0,1873.0,362.0,-26517.0,26956,2063,120.8,0.0,11020.0,0,0,0,e1f,d4a,d4a,d4a,d4a,1,1,1,1,1,0,0,0,0,1,1,1,0,0,1,0,1,0,0,1,0,1,0,1,1,0,0,0,1,0,1,0,0,1,0,1,0,1,1,0,0,0,1,0,1,0,0,1,0,1,0,1,1,0,0,0,1,0,1,0,0,1,0,1,0,1,1,0,0
2026,3,29,08:48:48.306,51.40,25,67.1,0.8510,4397.5,401.4,3.940,2.18,3.89,0.01,0.01,-675.0,1873.0,362.0,-26530.0,26993,2070,123.8,0.0,11025.0,0,0,0,e1f,d4a,d4a,d4a,d4a,1,1,1,1,1,0,0,0,0,1,1,1,0,0,1,0,1,0,0,1,0,1,0,1,1,0,0,0,1,0,1,0,0,1,0,1,0,1,1,0,0,0,1,0,1,0,0,1,0,1,0,1,1,0,0,0,1,0,1,0,0,1,0,1,0,1,1,0,0
2026,3,29,08:48:48.326,51.42,45,67.1,0.8512,4389.3,393.2,3.939,2.18,3.89,0.01,0.01,-675.0,1874.0,362.0,-26544.0,27031,2078,126.5,0.0,11030.0,0,0,0,e1f,d4a,d4a,d4a,d4a,1,1,1,1,1,0,0,0,0,1,1,1,0,0,1,0,1,0,0,1,0,1,0,1,1,0,0,0,1,0,1,0,0,1,0,1,0,1,1,0,0,0,1,0,1,0,0,1,0,1,0,1,1,0,0,0,1,0,1,0,0,1,0,1,0,1,1,0,0
2026,3,29,08:48:48.346,51.44,65,67.1,0.8512,4389.3,393.2,3.939,2.18,3.89,0.01,0.01,-674.0,1874.0,363.0,-26557.0,27068,2085,129.1,0.0,11035.0,0,0,0,e1f,d4a,d4a,d4a,d4a,1,1,1,1,1,0,0,0,0,1,1,1,0,0,1,0,1,0,0,1,0,1,0,1,1,0,0,0,1,0,1,0,0,1,0,1,0,1,1,0,0,0,1,0,1,0,0,1,0,1,0,1,1,0,0,0,1,0,1,0,0,1,0,1,0,1,1,0,0
2026,3,29,08:48:48.366,51.46,85,67.1,0.8516,4379.2,383.1,3.939,2.18,3.89,0.01,0.01,-674.0,1874.0,363.0,-26571.0,27106,2092,131.5,0.0,11040.0,0,0,0,e1f,d4a,d4a,d4a,d4a,1,1,1,1,1,0,0,0,0,1,1,1,0,0,1,0,1,0,0,1,0,1,0,1,1,0,0,0,1,0,1,0,0,1,0,1,0,1,1,0,0,0,1,0,1,0,0,1,0,1,0,1,1,0,0,0,1,0,1,0,0,1,0,1,0,1,1,0,0
2026,3,29,08:48:48.386,51.48,105,67.1,0.8515,4379.8,383.8,3.939,2.18,3.89,0.01,0.01,-674.0,1874.0,364.0,-26584.0,27143,2099,133.7,0.0,11046.0,0,0,0,e1f,d4a,d4a,d4a,d4a,1,1,1,1,1,0,0,0,0,1,1,1,0,0,1,0,1,0,0,1,0,1,0,1,1,0,0,0,1,0,1,0,0,1,0,1,0,1,1,0,0,0,1,0,1,0,0,1,0,1,0,1,1,0,0,0,1,0,1,0,0,1,0,1,0,1,1,0,0
2026,3,29,08:48:48.406,51.50,125,67.1,0.8521,4362.2,366.1,3.939,2.18,3.89,0.01,0.01,-674.0,1875.0,364.0,-26598.0,27181,2107,135.8,0.0,11052.0,0,0,0,e1f,d4a,d4a,d4a,d4a,1,1,1,1,1,0,0,0,0,1,1,1,0,0,1,0,1,0,0,1,0,1,0,1,1,0,0,0,1,0,1,0,0,1,0,1,0,1,1,0,0,0,1,0,1,0,0,1,0,1,0,1,1,0,0,0,1,0,1,0,0,1,0,1,0,1,1,0,0
2026,3,29,08:48:48.426,51.52,145,67.1,0.8521,4361.6,365.5,3.939,2.18,3.89,0.01,0.01,-674.0,1875.0,365.0,-26611.0,27218,2114,137.7,0.0,11059.0,0,0,0,e1f,d4a,d4a,d4a,d4a,1,1,1,1,1,0,0,0,0,1,1,1,0,0,1,0,1,0,0,1,0,1,0,1,1,0,0,0,1,0,1,0,0,1,0,1,0,1,1,0,0,0,1,0,1,0,0,1,0,1,0,1,1,0,0,0,1,0,1,0,0,1,0,1,0,1,1,0,0
2026,3,29,08:48:48.446,51.54,165,67.1,0.8528,4340.8,344.7,3.940,2.18,3.89,0.01,0.01,-674.0,1875.0,365.0,-26625.0,27256,2121,139.5,0.0,11065.0,0,0,0,e1f,d4a,d4a,d4a,d4a,1,1,1,1,1,0,0,0,0,1,1,1,0,0,1,0,1,0,0,1,0,1,0,1,1,0,0,0,1,0,1,0,0,1,0,1,0,1,1,0,0,0,1,0,1,0,0,1,0,1,0,1,1,0,0,0,1,0,1,0,0,1,0,1,0,1,1,0,0
2026,3,29,08:48:48.466,51.56,185,67.1,0.8528,4340.8,344.7,3.940,2.18,3.89,0.01,0.01,-674.0,1875.0,366.0,-26638.0,27293,2129,141.2,0.0,11071.0,0,0,0,e1f,d4a,d4a,d4a,d4a,1,1,1,1,1,0,0,0,0,1,1,1,0,0,1,0,1,0,0,1,0,1,0,1,1,0,0,0,1,0,1,0,0,1,0,1,0,1,1,0,0,0,1,0,1,0,0,1,0,1,0,1,1,0,0,0,1,0,1,0,0,1,0,1,0,1,1,0,0
2026,3,29,08:48:48.486,51.58,205,67.1,0.8528,4340.8,344.7,3.940,2.18,3.89,0.01,0.01,-674.0,1875.0,366.0,-26652.0,27331,2136,142.7,0.0,11077.0,0,0,0,e1f,d4a,d4a,d4a,d4a,1,1,1,1,1,0,0,0,0,1,1,1,0,0,1,0,1,0,0,1,0,1,0,1,1,0,0,0,1,0,1,0,0,1,0,1,0,1,1,0,0,0,1,0,1,0,0,1,0,1,0,1,1,0,0,0,1,0,1,0,0,1,0,1,0,1,1,0,0
2026,3,29,08:48:48.506,51.60,225,67.1,0.8528,4340.8,344.7,3.940,2.18,3.89,0.01,0.01,-674.0,1875.0,367.0,-26665.0,27368,2143,144.2,0.0,11083.0,0,0,0,e1f,d4a,d4a,d4a,d4a,1,1,1,1,1,0,0,0,0,1,1,1,0,0,1,0,1,0,0,1,0,1,0,1,1,0,0,0,1,0,1,0,0,1,0,1,0,1,1,0,0,0,1,0,1,0,0,1,0,1,0,1,1,0,0,0,1,0,1,0,0,1,0,1,0,1,1,0,0
2026,3,29,08:48:48.526,51.62,245,67.1,0.8537,4313.1,317.0,3.940,2.18,3.89,0.01,0.01,-675.0,1875.0,367.0,-26679.0,27406,2151,145.6,0.0,11088.0,0,0,0,e1f,d4a,d4a,d4a,d4a,1,1,1,1,1,0,0,0,0,1,1,1,0,0,1,0,1,0,0,1,0,1,0,1,1,0,0,0,1,0,1,0,0,1,0,1,0,1,1,0,0,0,1,0,1,0,0,1,0,1,0,1,1,0,0,0,1,0,1,0,0,1,0,1,0,1,1,0,0
2026,3,29,08:48:48.546,51.64,15,67.1,0.8537,4313.1,317.0,3.940,2.18,3.89,0.01,0.01,-675.0,1875.0,367.0,-26692.0,27443,2158,147.0,0.0,11092.0,0,0,0,e1f,d4a,d4a,d4a,d4a,1,1,1,1,1,0,0,0,0,1,1,1,0,0,1,0,1,0,0,1,0,1,0,1,1,0,0,0,1,0,1,0,0,1,0,1,0,1,1,0,0,0,1,0,1,0,0,1,0,1,0,1,1,0,0,0,1,0,1,0,0,1,0,1,0,1,1,0,0
2026,3,29,08:48:48.566,51.66,35,67.1,0.8538,4308.7,312.6,3.939,2.18,3.89,0.01,0.01,-675.0,1876.0,368.0,-26706.0,27481,2165,148.3,0.0,11097.0,0,0,0,e1f,d4a,d4a,d4a,d4a,1,1,1,1,1,0,0,0,0,1,1,1,0,0,1,0,1,0,0,1,0,1,0,1,1,0,0,0,1,0,1,0,0,1,0,1,0,1,1,0,0,0,1,0,1,0,0,1,0,1,0,1,1,0,0,0,1,0,1,0,0,1,0,1,0,1,1,0,0
2026,3,29,08:48:48.586,51.68,55,67.1,0.8538,4308.7,312.6,3.940,2.18,3.89,0.01,0.01,-676.0,1876.0,368.0,-26719.0,27518,2173,149.6,0.0,11101.0,0,0,0,e1f,d4a,d4a,d4a,d4a,1,1,1,1,1,0,0,0,0,1,1,1,0,0,1,0,1,0,0,1,0,1,0,1,1,0,0,0,1,0,1,0,0,1,0,1,0,1,1,0,0,0,1,0,1,0,0,1,0,1,0,1,1,0,0,0,1,0,1,0,0,1,0,1,0,1,1,0,0
2026,3,29,08:48:48.606,51.70,75,67.1,0.8543,4293.6,297.5,3.940,2.18,3.89,0.01,0.01,-676.0,1877.0,368.0,-26733.0,27556,2180,150.9,0.0,11105.0,0,0,0,e1f,d4a,d4a,d4a,d4a,1,1,1,1,1,0,0,0,0,1,1,1,0,0,1,0,1,0,0,1,0,1,0,1,1,0,0,0,1,0,1,0,0,1,0,1,0,1,1,0,0,0,1,0,1,0,0,1,0,1,0,1,1,0,0,0,1,0,1,0,0,1,0,1,0,1,1,0,0
2026,3,29,08:48:48.626,51.72,95,67.1,0.8543,4293.6,297.5,3.940,2.18,3.89,0.01,0.01,-676.0,1877.0,369.0,-26747.0,27593,2187,152.1,0.0,11109.0,0,0,0,e1f,d4a,d4a,d4a,d4a,1,1,1,1,1,0,0,0,0,1,1,1,0,0,1,0,1,0,0,1,0,1,0,1,1,0,0,0,1,0,1,0,0,1,0,1,0,1,1,0,0,0,1,0,1,0,0,1,0,1,0,1,1,0,0,0,1,0,1,0,0,1,0,1,0,1,1,0,0
2026,3,29,08:48:48.646,51.74,115,67.1,0.8542,4296.7,300.7,3.940,2.18,3.89,0.01,0.01,-677.0,1878.0,369.0,-26760.0,27631,2195,153.2,0.0,11114.0,0,0,0,e1f,d4a,d4a,d4a,d4a,1,1,1,1,1,0,0,0,0,1,1,1,0,0,1,0,1,0,0,1,0,1,0,1,1,0,0,0,1,0,1,0,0,1,0,1,0,1,1,0,0,0,1,0,1,0,0,1,0,1,0,1,1,0,0,0,1,0,1,0,0,1,0,1,0,1,1,0,0
2026,3,29,23:17:04.087,51.76,128,59.0,0.9756,681.4,-3314.7,4.068,1.66,2.38,0.01,0.01,-419.0,-48.0,1420.0,-15669.0,-2483,-12525,144.7,0.0,53.0,0,0,0,eff,cc9,cc9,cc9,cc9,1,1,1,1,1,1,1,1,0,1,1,1,0,1,0,0,1,0,0,1,1,0,0,1,1,0,0,1,0,0,1,0,0,1,1,0,0,1,1,0,0,1,0,0,1,0,0,1,1,0,0,1,1,0,0,1,0,0,1,0,0,1,1,0,0,1,1,0,0
2026,3,29,23:17:04.107,51.78,148,59.0,0.9756,681.4,-3314.7,4.067,1.66,2.38,0.01,0.01,-419.0,-48.0,1421.0,-15677.0,-2484,-12497,144.7,0.0,53.0,0,0,0,eff,cc9,cc9,cc9,cc9,1,1,1,1,1,1,1,1,0,1,1,1,0,1,0,0,1,0,0,1,1,0,0,1,1,0,0,1,0,0,1,0,0,1,1,0,0,1,1,0,0,1,0,0,1,0,0,1,1,0,0,1,1,0,0,1,0,0,1,0,0,1,1,0,0,1,1,0,0
2026,3,29,23:17:04.127,51.80,168,59.0,0.9756,681.4,-3314.7,4.067,1.66,2.38,0.01,0.01,-419.0,-48.0,1421.0,-15686.0,-2485,-12468,144.7,0.0,53.0,0,0,0,eff,cc9,cc9,cc9,cc9,1,1,1,1,1,1,1,1,0,1,1,1,0,1,0,0,1,0,0,1,1,0,0,1,1,0,0,1,0,0,1,0,0,1,1,0,0,1,1,0,0,1,0,0,1,0,0,1,1,0,0,1,1,0,0,1,0,0,1,0,0,1,1,0,0,1,1,0,0
2026,3,29,23:17:04.147,51.82,188,59.0,0.9756,681.4,-3314.7,4.067,1.66,2.38,0.01,0.01,-419.0,-48.0,1422.0,-15694.0,-2486,-12440,144.7,0.0,53.0,0,0,0,eff,cc9,cc9,cc9,cc9,1,1,1,1,1,1,1,1,0,1,1,1,0,1,0,0,1,0,0,1,1,0,0,1,1,0,0,1,0,0,1,0,0,1,1,0,0,1,1,0,0,1,0,0,1,0,0,1,1,0,0,1,1,0,0,1,0,0,1,0,0,1,1,0,0,1,1,0,0
2026,3,29,08:48:44.826,51.84,45,67.1,0.8433,4639.9,643.9,3.939,2.08,3.89,0.01,0.01,-657.0,1800.0,341.0,-24223.0,20600,836,36.4,0.0,10531.0,0,0,0,e1f,d4e,d4a,d4a,d4a,1,1,1,1,1,0,0,0,0,1,1,1,0,0,1,1,1,0,0,1,0,1,0,1,1,0,0,0,1,0,1,0,0,1,0,1,0,1,1,0,0,0,1,0,1,0,0,1,0,1,0,1,1,0,0,0,1,0,1,0,0,1,0,1,0,1,1,0,0
2026,3,29,08:48:44.846,51.86,65,67.1,0.8428,4655.8,659.8,3.939,2.08,3.89,0.01,0.01,-656.0,1800.0,341.0,-24236.0,20636,842,36.9,0.0,10534.0,0,0,0,e1f,d4e,d4a,d4a,d4a,1,1,1,1,1,0,0,0,0,1,1,1,0,0,1,1,1,0,0,1,0,1,0,1,1,0,0,0,1,0,1,0,0,1,0,1,0,1,1,0,0,0,1,0,1,0,0,1,0,1,0,1,1,0,0,0,1,0,1,0,0,1,0,1,0,1,1,0,0
2026,3,29,08:48:44.866,51.88,85,67.0,0.8428,4657.1,661.0,3.940,2.08,3.89,0.01,0.01,-656.0,1800.0,341.0,-24250.0,20672,849,37.2,0.0,10537.0,0,0,0,e1f,d4e,d4a,d4a,d4a,1,1,1,1,1,0,0,0,0,1,1,1,0,0,1,1,1,0,0,1,0,1,0,1,1,0,0,0,1,0,1,0,0,1,0,1,0,1,1,0,0,0,1,0,1,0,0,1,0,1,0,1,1,0,0,0,1,0,1,0,0,1,0,1,0,1,1,0,0
2026,3,29,08:48:44.886,51.90,105,67.0,0.8422,4674.9,678.8,3.939,2.08,3.89,0.01,0.01,-656.0,1800.0,341.0,-24263.0,20708,856,37.3,0.0,10540.0,0,0,0,e1f,d4e,d4a,d4a,d4a,1,1,1,1,1,0,0,0,0,1,1,1,0,0,1,1,1,0,0,1,0,1,0,1,1,0,0,0,1,0,1,0,0,1,0,1,0,1,1,0,0,0,1,0,1,0,0,1,0,1,0,1,1,0,0,0,1,0,1,0,0,1,0,1,0,1,1,0,0
2026,3,29,08:48:44.906,51.92,125,67.0,0.8422,4675.5,679.5,3.939,2.08,3.89,0.01,0.01,-656.0,1800.0,341.0,-24276.0,20744,863,37.2,0.0,10543.0,0,0,0,e1f,d4e,d4a,d4a,d4a,1,1,1,1,1,0,0,0,0,1,1,1,0,0,1,1,1,0,0,1,0,1,0,1,1,0,0,0,1,0,1,0,0,1,0,1,0,1,1,0,0,0,1,0,1,0,0,1,0,1,0,1,1,0,0,0,1,0,1,0,0,1,0,1,0,1,1,0,0
2026,3,29,08:48:44.926,51.94,145,67.0,0.8416,4693.3,697.3,3.939,2.08,3.89,0.01,0.01,-656.0,1800.0,340.0,-24289.0,20780,870,36.8,0.0,10546.0,0,0,0,e1f,d4e,d4a,d4a,d4a,1,1,1,1,1,0,0,0,0,1,1,1,0,0,1,1,1,0,0,1,0,1,0,1,1,0,0,0,1,0,1,0,0,1,0,1,0,1,1,0,0,0,1,0,1,0,0,1,0,1,0,1,1,0,0,0,1,0,1,0,0,1,0,1,0,1,1,0,0
2026,3,29,08:48:44.946,51.96,165,67.0,0.8416,4694.6,698.5,3.939,2.08,3.89,0.01,0.01,-655.0,1800.0,340.0,-24302.0,20816,876,36.3,0.0,10550.0,0,0,0,e1f,d4e,d4a,d4a,d4a,1,1,1,1,1,0,0,0,0,1,1,1,0,0,1,1,1,0,0,1,0,1,0,1,1,0,0,0,1,0,1,0,0,1,0,1,0,1,1,0,0,0,1,0,1,0,0,1,0,1,0,1,1,0,0,0,1,0,1,0,0,1,0,1,0,1,1,0,0
2026,3,29,08:48:44.966,51.98,185,67.0,0.8409,4717.5,721.5,3.939,2.08,3.89,0.01,0.01,-655.0,1800.0,340.0,-24315.0,20852,883,35.5,0.0,10553.0,0,0,0,e1f,d4e,d4a,d4a,d4a,1,1,1,1,1,0,0,0,0,1,1,1,0,0,1,1,1,0,0,1,0,1,0,1,1,0,0,0,1,0,1,0,0,1,0,1,0,1,1,0,0,0,1,0,1,0,0,1,0,1,0,1,1,0,0,0,1,0,1,0,0,1,0,1,0,1,1,0,0
2026,3,29,08:48:44.986,52.00,205,66.9,0.8408,4718.8,722.7,3.939,2.08,3.89,0.01,0.01,-655.0,1800.0,340.0,-24328.0,20888,890,34.7,0.0,10556.0,0,0,0,e1f,d4e,d4a,d4a,d4a,1,1,1,1,1,0,0,0,0,1,1,1,0,0,1,1,1,0,0,1,0,1,0,1,1,0,0,0,1,0,1,0,0,1,0,1,0,1,1,0,0,0,1,0,1,0,0,1,0,1,0,1,1,0,0,0,1,0,1,0,0,1,0,1,0,1,1,0,0
2026,3,29,08:48:45.006,52.02,225,66.9,0.8399,4748.1,752.0,3.938,2.08,3.89,0.01,0.01,-655.0,1801.0,340.0,-24341.0,20924,897,33.6,0.0,10559.0,0,0,0,e1f,d4e,d4a,d4a,d4a,1,1,1,1,1,0,0,0,0,1,1,1,0,0,1,1,1,0,0,1,0,1,0,1,1,0,0,0,1,0,1,0,0,1,0,1,0,1,1,0,0,0,1,0,1,0,0,1,0,1,0,1,1,0,0,0,1,0,1,0,0,1,0,1,0,1,1,0,0
2026,3,29,08:48:45.026,52.04,245,66.9,0.8399,4749.4,753.3,3.938,2.08,3.89,0.01,0.01,-655.0,1801.0,340.0,-24355.0,20960,904,32.5,0.0,10562.0,0,0,0,e1f,d4e,d4a,d4a,d4a,1,1,1,1,1,0,0,0,0,1,1,1,0,0,1,1,1,0,0,1,0,1,0,1,1,0,0,0,1,0,1,0,0,1,0,1,0,1,1,0,0,0,1,0,1,0,0,1,0,1,0,1,1,0,0,0,1,0,1,0,0,1,0,1,0,1,1,0,0
2026,3,29,08:48:45.046,52.06,15,66.9,0.8392,4770.4,774.4,3.939,2.08,3.89,0.01,0.01,-655.0,1801.0,340.0,-24368.0,20996,911,31.4,0.0,10565.0,0,0,0,e1f,d4e,d4a,d4a,d4a,1,1,1,1,1,0,0,0,0,1,1,1,0,0,1,1,1,0,0,1,0,1,0,1,1,0,0,0,1,0,1,0,0,1,0,1,0,1,1,0,0,0,1,0,1,0,0,1,0,1,0,1,1,0,0,0,1,0,1,0,0,1,0,1,0,1,1,0,0
2026,3,29,08:48:45.066,52.08,35,66.9,0.8392,4771.7,775.6,3.939,2.08,3.88,0.01,0.01,-655.0,1802.0,340.0,-24381.0,21032,917,30.3,0.0,10568.0,0,0,0,e1f,d4e,d4a,d4a,d4a,1,1,1,1,1,0,0,0,0,1,1,1,0,0,1,1,1,0,0,1,0,1,0,1,1,0,0,0,1,0,1,0,0,1,0,1,0,1,1,0,0,0,1,0,1,0,0,1,0,1,0,1,1,0,0,0,1,0,1,0,0,1,0,1,0,1,1,0,0
2026,3,29,08:48:45.086,52.10,55,66.9,0.8387,4787.6,791.6,3.939,2.08,3.88,0.01,0.01,-656.0,1802.0,341.0,-24394.0,21068,924,29.3,0.0,10571.0,0,0,0,e1f,d4e,d4a,d4a,d4a,1,1,1,1,1,0,0,0,0,1,1,1,0,0,1,1,1,0,0,1,0,1,0,1,1,0,0,0,1,0,1,0,0,1,0,1,0,1,1,0,0,0,1,0,1,0,0,1,0,1,0,1,1,0,0,0,1,0,1,0,0,1,0,1,0,1,1,0,0
2026,3,29,08:48:45.106,52.12,75,66.8,0.8387,4788.3,792.2,3.939,2.08,3.89,0.01,0.01,-656.0,1803.0,341.0,-24407.0,21104,931,28.5,0.0,10574.0,0,0,0,e1f,d4e,d4a,d4a,d4a,1,1,1,1,1,0,0,0,0,1,1,1,0,0,1,1,1,0,0,1,0,1,0,1,1,0,0,0,1,0,1,0,0,1,0,1,0,1,1,0,0,0,1,0,1,0,0,1,0,1,0,1,1,0,0,0,1,0,1,0,0,1,0,1,0,1,1,0,0
2026,3,29,08:48:45.126,52.14,95,66.8,0.8381,4806.8,810.7,3.939,2.09,3.89,0.01,0.01,-656.0,1803.0,342.0,-24420.0,21140,938,27.8,0.0,10577.0,0,0,0,e1f,d4e,d4a,d4a,d4a,1,1,1,1,1,0,0,0,0,1,1,1,0,0,1,1,1,0,0,1,0,1,0,1,1,0,0,0,1,0,1,0,0,1,0,1,0,1,1,0,0,0,1,0,1,0,0,1,0,1,0,1,1,0,0,0,1,0,1,0,0,1,0,1,0,1,1,0,0
2026,3,29,08:48:45.146,52.16,115,66.8,0.8381,4807.4,811.4,3.939,2.09,3.89,0.01,0.01,-657.0,1804.0,343.0,-24433.0,21176,945,27.3,0.0,10580.0,0,0,0,e1f,d4e,d4a,d4a,d4a,1,1,1,1,1,0,0,0,0,1,1,1,0,0,1,1,1,0,0,1,0,1,0,1,1,0,0,0,1,0,1,0,0,1,0,1,0,1,1,0,0,0,1,0,1,0,0,1,0,1,0,1,1,0,0,0,1,0,1,0,0,1,0,1,0,1,1,0,0
2026,3,29,08:48:45.166,52.18,135,66.8,0.8373,4830.4,834.4,3.940,2.09,3.89,0.01,0.01,-657.0,1804.0,343.0,-24446.0,21212,952,27.0,0.0,10583.0,0,0,0,e1f,d4e,d4a,d4a,d4a,1,1,1,1,1,0,0,0,0,1,1,1,0,0,1,1,1,0,0,1,0,1,0,1,1,0,0,0,1,0,1,0,0,1,0,1,0,1,1,0,0,0,1,0,1,0,0,1,0,1,0,1,1,0,0,0,1,0,1,0,0,1,0,1,0,1,1,0,0
2026,3,29,08:48:45.186,52.20,155,66.8,0.8373,4830.4,834.4,3.939,2.09,3.89,0.01,0.01,-657.0,1804.0,344.0,-24460.0,21248,958,26.9,0.0,10586.0,0,0,0,e1f,d4e,d4a,d4a,d4a,1,1,1,1,1,0,0,0,0,1,1,1,0,0,1,1,1,0,0,1,0,1,0,1,1,0,0,0,1,0,1,0,0,1,0,1,0,1,1,0,0,0,1,0,1,0,0,1,0,1,0,1,1,0,0,0,1,0,1,0,0,1,0,1,0,1,1,0,0
2026,3,29,08:48:45.206,52.22,175,66.8,0.8369,4845.1,849.1,3.939,2.09,3.89,0.01,0.01,-658.0,1805.0,344.0,-24473.0,21284,965,27.0,0.0,10589.0,0,0,0,e1f,d4e,d4a,d4a,d4a,1,1,1,1,1,0,0,0,0,1,1,1,0,0,1,1,1,0,0,1,0,1,0,1,1,0,0,0,1,0,1,0,0,1,0,1,0,1,1,0,0,0,1,0,1,0,0,1,0,1,0,1,1,0,0,0,1,0,1,0,0,1,0,1,0,1,1,0,0
2026,3,29,08:48:45.226,52.24,195,66.8,0.8368,4846.4,850.4,3.939,2.09,3.89,0.01,0.01,-658.0,1805.0,345.0,-24486.0,21320,972,27.2,0.0,10592.0,0,0,0,e1f,d4e,d4a,d4a,d4a,1,1,1,1,1,0,0,0,0,1,1,1,0,0,1,1,1,0,0,1,0,1,0,1,1,0,0,0,1,0,1,0,0,1,0,1,0,1,1,0,0,0,1,0,1,0,0,1,0,1,0,1,1,0,0,0,1,0,1,0,0,1,0,1,0,1,1,0,0
2026,3,29,08:48:45.246,52.26,215,66.8,0.8366,4852.8,856.7,3.939,2.09,3.89,0.01,0.01,-658.0,1805.0,345.0,-24499.0,21356,979,27.7,0.0,10595.0,0,0,0,e1f,d4e,d4a,d4a,d4a,1,1,1,1,1,0,0,0,0,1,1,1,0,0,1,1,1,0,0,1,0,1,0,1,1,0,0,0,1,0,1,0,0,1,0,1,0,1,1,0,0,0,1,0,1,0,0,1,0,1,0,1,1,0,0,0,1,0,1,0,0,1,0,1,0,1,1,0,0
2026,3,29,08:48:45.266,52.28,235,66.8,0.8366,4853.4,857.4,3.940,2.09,3.89,0.01,0.01,-659.0,1806.0,345.0,-24512.0,21393,986,28.3,0.0,10598.0,0,0,0,e1f,d4e,d4a,d4a,d4a,1,1,1,1,1,0,0,0,0,1,1,1,0,0,1,1,1,0,0,1,0,1,0,1,1,0,0,0,1,0,1,0,0,1,0,1,0,1,1,0,0,0,1,0,1,0,0,1,0,1,0,1,1,0,0,0,1,0,1,0,0,1,0,1,0,1,1,0,0
2026,3,29,08:48:45.286,52.30,5,66.8,0.8363,4863.0,867.0,3.940,2.09,3.89,0.01,0.01,-659.0,1806.0,346.0,-24525.0,21429,993,29.1,0.0,10602.0,0,0,0,e1f,d4e,d4a,d4a,d4a,1,1,1,1,1,0,0,0,0,1,1,1,0,0,1,1,1,0,0,1,0,1,0,1,1,0,0,0,1,0,1,0,0,1,0,1,0,1,1,0,0,0,1,0,1,0,0,1,0,1,0,1,1,0,0,0,1,0,1,0,0,1,0,1,0,1,1,0,0
2026,3,29,08:48:45.306,52.32,25,66.8,0.8363,4863.7,867.6,3.939,2.09,3.89,0.01,0.01,-659.0,1806.0,346.0,-24539.0,21465,1000,29.9,0.0,10605.0,0,0,0,e1f,d4e,d4a,d4a,d4a,1,1,1,1,1,0,0,0,0,1,1,1,0,0,1,1,1,0,0,1,0,1,0,1,1,0,0,0,1,0,1,0,0,1,0,1,0,1,1,0,0,0,1,0,1,0,0,1,0,1,0,1,1,0,0,0,1,0,1,0,0,1,0,1,0,1,1,0,0
2026,3,29,08:48:45.326,52.34,45,66.8,0.8364,4860.5,864.4,3.939,2.09,3.89,0.01,0.01,-659.0,1807.0,346.0,-24552.0,21501,1007,30.8,0.0,10608.0,0,0,0,e1f,d4e,d4a,d4a,d4a,1,1,1,1,1,0,0,0,0,1,1,1,0,0,1,1,1,0,0,1,0,1,0,1,1,0,0,0,1,0,1,0,0,1,0,1,0,1,1,0,0,0,1,0,1,0,0,1,0,1,0,1,1,0,0,0,1,0,1,0,0,1,0,1,0,1,1,0,0
2026,3,29,08:48:45.346,52.36,65,66.8,0.8364,4859.8,863.8,3.940,2.09,3.89,0.01,0.01,-659.0,1807.0,346.0,-24565.0,21537,1014,31.8,0.0,10611.0,0,0,0,e1f,d4e,d4a,d4a,d4a,1,1,1,1,1,0,0,0,0,1,1,1,0,0,1,1,1,0,0,1,0,1,0,1,1,0,0,0,1,0,1,0,0,1,0,1,0,1,1,0,0,0,1,0,1,0,0,1,0,1,0,1,1,0,0,0,1,0,1,0,0,1,0,1,0,1,1,0,0
2026,3,29,08:48:45.366,52.38,85,66.8,0.8365,4858.6,862.5,3.939,2.09,3.89,0.01,0.01,-659.0,1808.0,345.0,-24578.0,21573,1021,32.8,0.0,10614.0,0,0,0,e1f,d4e,d4a,d4a,d4a,1,1,1,1,1,0,0,0,0,1,1,1,0,0,1,1,1,0,0,1,0,1,0,1,1,0,0,0,1,0,1,0,0,1,0,1,0,1,1,0,0,0,1,0,1,0,0,1,0,1,0,1,1,0,0,0,1,0,1,0,0,1,0,1,0,1,1,0,0
2026,3,29,08:48:45.386,52.40,105,66.8,0.8365,4858.6,862.5,3.939,2.09,3.89,0.01,0.01,-659.0,1808.0,345.0,-24591.0,21610,1028,33.7,0.0,10617.0,0,0,0,e1f,d4e,d4a,d4a,d4a,1,1,1,1,1,0,0,0,0,1,1,1,0,0,1,1,1,0,0,1,0,1,0,1,1,0,0,0,1,0,1,0,0,1,0,1,0,1,1,0,0,0,1,0,1,0,0,1,0,1,0,1,1,0,0,0,1,0,1,0,0,1,0,1,0,1,1,0,0
2026,3,29,08:48:45.406,52.42,125,66.8,0.8366,4854.7,858.7,3.939,2.09,3.89,0.01,0.01,-659.0,1809.0,345.0,-24605.0,21646,1034,34.7,0.0,10620.0,0,0,0,e1f,d4e,d4a,d4a,d4a,1,1,1,1,1,0,0,0,0,1,1,1,0,0,1,1,1,0,0,1,0,1,0,1,1,0,0,0,1,0,1,0,0,1,0,1,0,1,1,0,0,0,1,0,1,0,0,1,0,1,0,1,1,0,0,0,1,0,1,0,0,1,0,1,0,1,1,0,0
2026,3,29,08:48:45.426,52.44,145,66.8,0.8366,4854.1,858.0,3.939,2.09,3.89,0.01,0.01,-659.0,1809.0,345.0,-24618.0,21682,1041,35.5,0.0,10622.0,0,0,0,e1f,d4e,d4a,d4a,d4a,1,1,1,1,1,0,0,0,0,1,1,1,0,0,1,1,1,0,0,1,0,1,0,1,1,0,0,0,1,0,1,0,0,1,0,1,0,1,1,0,0,0,1,0,1,0,0,1,0,1,0,1,1,0,0,0,1,0,1,0,0,1,0,1,0,1,1,0,0
2026,3,29,08:48:45.446,52.46,165,66.8,0.8371,4839.4,843.3,3.939,2.09,3.89,0.01,0.01,-659.0,1810.0,344.0,-24631.0,21718,1048,36.3,0.0,10625.0,0,0,0,e1f,d4e,d4a,d4a,d4a,1,1,1,1,1,0,0,0,0,1,1,1,0,0,1,1,1,0,0,1,0,1,0,1,1,0,0,0,1,0,1,0,0,1,0,1,0,1,1,0,0,0,1,0,1,0,0,1,0,1,0,1,1,0,0,0,1,0,1,0,0,1,0,1,0,1,1,0,0
2026,3,29,08:48:45.466,52.48,185,66.8,0.8371,4838.7,842.7,3.940,2.09,3.89,0.01,0.01,-658.0,1810.0,344.0,-24644.0,21754,1055,37.0,0.0,10627.0,0,0,0,e1f,d4e,d4a,d4a,d4a,1,1,1,1,1,0,0,0,0,1,1,1,0,0,1,1,1,0,0,1,0,1,0,1,1,0,0,0,1,0,1,0,0,1,0,1,0,1,1,0,0,0,1,0,1,0,0,1,0,1,0,1,1,0,0,0,1,0,1,0,0,1,0,1,0,1,1,0,0
2026,3,29,08:48:45.486,52.50,205,66.8,0.8371,4838.7,842.7,3.939,2.09,3.89,0.01,0.01,-658.0,1811.0,343.0,-24657.0,21790,1062,37.6,0.0,10629.0,0,0,0,e1f,d4e,d4a,d4a,d4a,1,1,1,1,1,0,0,0,0,1,1,1,0,0,1,1,1,0,0,1,0,1,0,1,1,0,0,0,1,0,1,0,0,1,0,1,0,1,1,0,0,0,1,0,1,0,0,1,0,1,0,1,1,0,0,0,1,0,1,0,0,1,0,1,0,1,1,0,0
2026,3,29,08:48:45.506,52.52,225,66.8,0.8371,4838.1,842.0,3.940,2.09,3.89,0.01,0.01,-658.0,1811.0,343.0,-24670.0,21827,1069,38.0,0.0,10631.0,0,0,0,e1f,d4e,d4a,d4a,d4a,1,1,1,1,1,0,0,0,0,1,1,1,0,0,1,1,1,0,0,1,0,1,0,1,1,0,0,0,1,0,1,0,0,1,0,1,0,1,1,0,0,0,1,0,1,0,0,1,0,1,0,1,1,0,0,0,1,0,1,0,0,1,0,1,0,1,1,0,0
2026,3,29,08:48:45.526,52.54,245,66.8,0.8376,4823.4,827.3,3.939,2.09,3.89,0.01,0.01,-658.0,1812.0,343.0,-24684.0,21863,1076,38.4,0.0,10633.0,0,0,0,e1f,d4e,d4a,d4a,d4a,1,1,1,1,1,0,0,0,0,1,1,1,0,0,1,1,1,0,0,1,0,1,0,1,1,0,0,0,1,0,1,0,0,1,0,1,0,1,1,0,0,0,1,0,1,0,0,1,0,1,0,1,1,0,0,0,1,0,1,0,0,1,0,1,0,1,1,0,0
2026,3,29,08:48:45.546,52.56,15,66.9,0.8376,4822.1,826.1,3.940,2.09,3.89,0.01,0.01,-658.0,1812.0,343.0,-24697.0,21899,1083,38.6,0.0,10635.0,0,0,0,e1f,d4e,d4a,d4a,d4a,1,1,1,1,1,0,0,0,0,1,1,1,0,0,1,1,1,0,0,1,0,1,0,1,1,0,0,0,1,0,1,0,0,1,0,1,0,1,1,0,0,0,1,0,1,0,0,1,0,1,0,1,1,0,0,0,1,0,1,0,0,1,0,1,0,1,1,0,0
2026,3,29,08:48:45.566,52.58,35,66.9,0.8381,4806.2,810.1,3.939,2.09,3.89,0.01,0.01,-657.0,1813.0,342.0,-24710.0,21935,1090,38.8,0.0,10637.0,0,0,0,e1f,d4e,d4a,d4a,d4a,1,1,1,1,1,0,0,0,0,1,1,1,0,0,1,1,1,0,0,1,0,1,0,1,1,0,0,0,1,0,1,0,0,1,0,1,0,1,1,0,0,0,1,0,1,0,0,1,0,1,0,1,1,0,0,0,1,0,1,0,0,1,0,1,0,1,1,0,0
2026,3,29,08:48:45.586,52.60,55,66.9,0.8381,4804.9,808.8,3.939,2.09,3.89,0.01,0.01,-657.0,1814.0,342.0,-24723.0,21972,1096,38.8,0.0,10639.0,0,0,0,e1f,d4e,d4a,d4a,d4a,1,1,1,1,1,0,0,0,0,1,1,1,0,0,1,1,1,0,0,1,0,1,0,1,1,0,0,0,1,0,1,0,0,1,0,1,0,1,1,0,0,0,1,0,1,0,0,1,0,1,0,1,1,0,0,0,1,0,1,0,0,1,0,1,0,1,1,0,0
2026,3,29,08:48:45.606,52.62,75,66.9,0.8387,4787.0,791.0,3.940,2.09,3.89,0.01,0.01,-657.0,1815.0,342.0,-24736.0,22008,1103,38.6,0.0,10641.0,0,0,0,e1f,d4e,d4a,d4a,d4a,1,1,1,1,1,0,0,0,0,1,1,1,0,0,1,1,1,0,0,1,0,1,0,1,1,0,0,0,1,0,1,0,0,1,0,1,0,1,1,0,0,0,1,0,1,0,0,1,0,1,0,1,1,0,0,0,1,0,1,0,0,1,0,1,0,1,1,0,0
2026,3,29,08:48:45.626,52.64,95,66.9,0.8387,4785.7,789.7,3.939,2.09,3.89,0.01,0.01,-657.0,1816.0,342.0,-24749.0,22044,1110,38.4,0.0,10644.0,0,0,0,e1f,d4e,d4a,d4a,d4a,1,1,1,1,1,0,0,0,0,1,1,1,0,0,1,1,1,0,0,1,0,1,0,1,1,0,0,0,1,0,1,0,0,1,0,1,0,1,1,0,0,0,1,0,1,0,0,1,0,1,0,1,1,0,0,0,1,0,1,0,0,1,0,1,0,1,1,0,0
2026,3,29,08:48:45.646,52.66,115,66.9,0.8398,4753.2,757.1,3.939,2.09,3.89,0.01,0.01,-656.0,1816.0,342.0,-24763.0,22081,1117,37.9,0.0,10646.0,0,0,0,e1f,d4e,d4a,d4a,d4a,1,1,1,1,1,0,0,0,0,1,1,1,0,0,1,1,1,0,0,1,0,1,0,1,1,0,0,0,1,0,1,0,0,1,0,1,0,1,1,0,0,0,1,0,1,0,0,1,0,1,0,1,1,0,0,0,1,0,1,0,0,1,0,1,0,1,1,0,0
2026,3,29,08:48:45.666,52.68,135,67.0,0.8398,4752.6,756.5,3.939,2.09,3.89,0.01,0.01,-656.0,1817.0,342.0,-24776.0,22117,1124,37.4,0.0,10648.0,0,0,0,e1f,d4e,d4a,d4a,d4a,1,1,1,1,1,0,0,0,0,1,1,1,0,0,1,1,1,0,0,1,0,1,0,1,1,0,0,0,1,0,1,0,0,1,0,1,0,1,1,0,0,0,1,0,1,0,0,1,0,1,0,1,1,0,0,0,1,0,1,0,0,1,0,1,0,1,1,0,0
2026,3,29,08:48:45.686,52.70,155,67.0,0.8405,4730.9,734.8,3.940,2.10,3.89,0.01,0.01,-656.0,1818.0,342.0,-24789.0,22153,1131,36.7,0.0,10650.0,0,0,0,e1f,d4e,d4a,d4a,d4a,1,1,1,1,1,0,0,0,0,1,1,1,0,0,1,1,1,0,0,1,0,1,0,1,1,0,0,0,1,0,1,0,0,1,0,1,0,1,1,0,0,0,1,0,1,0,0,1,0,1,0,1,1,0,0,0,1,0,1,0,0,1,0,1,0,1,1,0,0
2026,3,29,08:48:45.706,52.72,175,67.0,0.8405,4730.3,734.2,3.939,2.10,3.89,0.01,0.01,-656.0,1819.0,342.0,-24802.0,22190,1138,35.9,0.0,10651.0,0,0,0,e1f,d4e,d4a,d4a,d4a,1,1,1,1,1,0,0,0,0,1,1,1,0,0,1,1,1,0,0,1,0,1,0,1,1,0,0,0,1,0,1,0,0,1,0,1,0,1,1,0,0,0,1,0,1,0,0,1,0,1,0,1,1,0,0,0,1,0,1,0,0,1,0,1,0,1,1,0,0
2026,3,29,08:48:45.726,52.74,195,67.0,0.8410,4712.4,716.4,3.940,2.10,3.89,0.01,0.01,-656.0,1820.0,343.0,-24815.0,22226,1144,35.1,0.0,10653.0,0,0,0,e1f,d4e,d4a,d4a,d4a,1,1,1,1,1,0,0,0,0,1,1,1,0,0,1,1,1,0,0,1,0,1,0,1,1,0,0,0,1,0,1,0,0,1,0,1,0,1,1,0,0,0,1,0,1,0,0,1,0,1,0,1,1,0,0,0,1,0,1,0,0,1,0,1,0,1,1,0,0
2026,3,29,08:48:45.746,52.76,215,67.0,0.8411,4711.8,715.7,3.940,2.10,3.89,0.01,0.01,-656.0,1821.0,343.0,-24828.0,22263,1151,34.2,0.0,10654.0,0,0,0,e1f,d4e,d4a,d4a,d4a,1,1,1,1,1,0,0,0,0,1,1,1,0,0,1,1,1,0,0,1,0,1,0,1,1,0,0,0,1,0,1,0,0,1,0,1,0,1,1,0,0,0,1,0,1,0,0,1,0,1,0,1,1,0,0,0,1,0,1,0,0,1,0,1,0,1,1,0,0
2026,3,29,08:48:45.766,52.78,235,67.0,0.8413,4704.2,708.1,3.939,2.10,3.89,0.01,0.01,-656.0,1822.0,344.0,-24841.0,22299,1158,33.2,0.0,10655.0,0,0,0,e1f,d4e,d4a,d4a,d4a,1,1,1,1,1,0,0,0,0,1,1,1,0,0,1,1,1,0,0,1,0,1,0,1,1,0,0,0,1,0,1,0,0,1,0,1,0,1,1,0,0,0,1,0,1,0,0,1,0,1,0,1,1,0,0,0,1,0,1,0,0,1,0,1,0,1,1,0,0
2026,3,29,08:48:45.786,52.80,5,67.0,0.8413,4702.9,706.8,3.940,2.10,3.89,0.01,0.01,-656.0,1823.0,344.0,-24854.0,22335,1165,32.3,0.0,10656.0,0,0,0,e1f,d4e,d4a,d4a,d4a,1,1,1,1,1,0,0,0,0,1,1,1,0,0,1,1,1,0,0,1,0,1,0,1,1,0,0,0,1,0,1,0,0,1,0,1,0,1,1,0,0,0,1,0,1,0,0,1,0,1,0,1,1,0,0,0,1,0,1,0,0,1,0,1,0,1,1,0,0
2026,3,29,08:48:45.806,52.82,25,67.0,0.8416,4693.3,697.3,3.939,2.10,3.89,0.01,0.01,-656.0,1824.0,345.0,-24868.0,22372,1172,31.3,0.0,10656.0,0,0,0,e1f,d4e,d4a,d4a,d4a,1,1,1,1,1,0,0,0,0,1,1,1,0,0,1,1,1,0,0,1,0,1,0,1,1,0,0,0,1,0,1,0,0,1,0,1,0,1,1,0,0,0,1,0,1,0,0,1,0,1,0,1,1,0,0,0,1,0,1,0,0,1,0,1,0,1,1,0,0
2026,3,29,08:48:45.826,52.84,45,67.0,0.8416,4693.3,697.3,3.938,2.10,3.89,0.01,0.01,-656.0,1824.0,346.0,-24881.0,22408,1179,30.3,0.0,10657.0,0,0,0,e1f,d4e,d4a,d4a,d4a,1,1,1,1,1,0,0,0,0,1,1,1,0,0,1,1,1,0,0,1,0,1,0,1,1,0,0,0,1,0,1,0,0,1,0,1,0,1,1,0,0,0,1,0,1,0,0,1,0,1,0,1,1,0,0,0,1,0,1,0,0,1,0,1,0,1,1,0,0
2026,3,29,08:48:45.846,52.86,65,67.0,0.8418,4688.2,692.2,3.939,2.10,3.89,0.01,0.01,-656.0,1825.0,347.0,-24894.0,22445,1186,29.3,0.0,10658.0,0,0,0,e1f,d4e,d4a,d4a,d4a,1,1,1,1,1,0,0,0,0,1,1,1,0,0,1,1,1,0,0,1,0,1,0,1,1,0,0,0,1,0,1,0,0,1,0,1,0,1,1,0,0,0,1,0,1,0,0,1,0,1,0,1,1,0,0,0,1,0,1,0,0,1,0,1,0,1,1,0,0
2026,3,29,08:48:45.866,52.88,85,67.0,0.8418,4688.9,692.8,3.939,2.10,3.89,0.01,0.01,-657.0,1826.0,348.0,-24907.0,22481,1193,28.3,0.0,10658.0,0,0,0,e1f,d4e,d4a,d4a,d4a,1,1,1,1,1,0,0,0,0,1,1,1,0,0,1,1,1,0,0,1,0,1,0,1,1,0,0,0,1,0,1,0,0,1,0,1,0,1,1,0,0,0,1,0,1,0,0,1,0,1,0,1,1,0,0,0,1,0,1,0,0,1,0,1,0,1,1,0,0
2026,3,29,08:48:45.886,52.90,105,67.0,0.8419,4683.8,687.7,3.939,2.10,3.89,0.01,0.01,-657.0,1827.0,348.0,-24920.0,22518,1200,27.4,0.0,10658.0,0,0,0,e1f,d4e,d4a,d4a,d4a,1,1,1,1,1,0,0,0,0,1,1,1,0,0,1,1,1,0,0,1,0,1,0,1,1,0,0,0,1,0,1,0,0,1,0,1,0,1,1,0,0,0,1,0,1,0,0,1,0,1,0,1,1,0,0,0,1,0,1,0,0,1,0,1,0,1,1,0,0
2026,3,29,08:48:45.906,52.92,125,67.0,0.8419,4683.8,687.7,3.939,2.10,3.89,0.01,0.01,-657.0,1828.0,349.0,-24933.0,22555,1207,26.5,0.0,10659.0,0,0,0,e1f,d4e,d4a,d4a,d4a,1,1,1,1,1,0,0,0,0,1,1,1,0,0,1,1,1,0,0,1,0,1,0,1,1,0,0,0,1,0,1,0,0,1,0,1,0,1,1,0,0,0,1,0,1,0,0,1,0,1,0,1,1,0,0,0,1,0,1,0,0,1,0,1,0,1,1,0,0
2026,3,29,08:48:45.926,52.94,145,67.0,0.8421,4677.4,681.4,3.940,2.10,3.89,0.01,0.01,-657.0,1828.0,350.0,-24946.0,22591,1214,25.6,0.0,10659.0,0,0,0,e1f,d4e,d4a,d4a,d4a,1,1,1,1,1,0,0,0,0,1,1,1,0,0,1,1,1,0,0,1,0,1,0,1,1,0,0,0,1,0,1,0,0,1,0,1,0,1,1,0,0,0,1,0,1,0,0,1,0,1,0,1,1,0,0,0,1,0,1,0,0,1,0,1,0,1,1,0,0
2026,3,29,08:48:45.946,52.96,165,67.0,0.8421,4678.1,682.0,3.940,2.10,3.89,0.01,0.01,-658.0,1829.0,351.0,-24960.0,22628,1221,24.9,0.0,10659.0,0,0,0,e1f,d4e,d4a,d4a,d4a,1,1,1,1,1,0,0,0,0,1,1,1,0,0,1,1,1,0,0,1,0,1,0,1,1,0,0,0,1,0,1,0,0,1,0,1,0,1,1,0,0,0,1,0,1,0,0,1,0,1,0,1,1,0,0,0,1,0,1,0,0,1,0,1,0,1,1,0,0
2026,3,29,08:48:45.966,52.98,185,67.0,0.8421,4678.1,682.0,3.938,2.10,3.89,0.01,0.01,-658.0,1829.0,351.0,-24973.0,22664,1228,24.2,0.0,10659.0,0,0,0,e1f,d4e,d4a,d4a,d4a,1,1,1,1,1,0,0,0,0,1,1,1,0,0,1,1,1,0,0,1,0,1,0,1,1,0,0,0,1,0,1,0,0,1,0,1,0,1,1,0,0,0,1,0,1,0,0,1,0,1,0,1,1,0,0,0,1,0,1,0,0,1,0,1,0,1,1,0,0
2026,3,29,08:48:45.986,53.00,205,67.0,0.8421,4678.7,682.6,3.939,2.10,3.89,0.01,0.01,-658.0,1830.0,352.0,-24986.0,22701,1235,23.7,0.0,10659.0,0,0,0,e1f,d4e,d4a,d4a,d4a,1,1,1,1,1,0,0,0,0,1,1,1,0,0,1,1,1,0,0,1,0,1,0,1,1,0,0,0,1,0,1,0,0,1,0,1,0,1,1,0,0,0,1,0,1,0,0,1,0,1,0,1,1,0,0,0,1,0,1,0,0,1,0,1,0,1,1,0,0
2026,3,29,08:48:46.006,53.02,225,67.0,0.8422,4675.5,679.5,3.940,2.10,3.89,0.01,0.01,-659.0,1831.0,352.0,-24999.0,22738,1242,23.3,0.0,10659.0,0,0,0,e1f,d4e,d4a,d4a,d4a,1,1,1,1,1,0,0,0,0,1,1,1,0,0,1,1,1,0,0,1,0,1,0,1,1,0,0,0,1,0,1,0,0,1,0,1,0,1,1,0,0,0,1,0,1,0,0,1,0,1,0,1,1,0,0,0,1,0,1,0,0,1,0,1,0,1,1,0,0
2026,3,29,08:48:46.026,53.04,245,67.0,0.8422,4675.5,679.5,3.939,2.10,3.89,0.01,0.01,-659.0,1831.0,353.0,-25012.0,22774,1249,23.0,0.0,10660.0,0,0,0,e1f,d4e,d4a,d4a,d4a,1,1,1,1,1,0,0,0,0,1,1,1,0,0,1,1,1,0,0,1,0,1,0,1,1,0,0,0,1,0,1,0,0,1,0,1,0,1,1,0,0,0,1,0,1,0,0,1,0,1,0,1,1,0,0,0,1,0,1,0,0,1,0,1,0,1,1,0,0
2026,3,29,08:48:46.046,53.06,15,67.0,0.8421,4678.7,682.6,3.939,2.10,3.89,0.01,0.01,-659.0,1832.0,353.0,-25025.0,22811,1256,22.8,0.0,10660.0,0,0,0,e1f,d4e,d4a,d4a,d4a,1,1,1,1,1,0,0,0,0,1,1,1,0,0,1,1,1,0,0,1,0,1,0,1,1,0,0,0,1,0,1,0,0,1,0,1,0,1,1,0,0,0,1,0,1,0,0,1,0,1,0,1,1,0,0,0,1,0,1,0,0,1,0,1,0,1,1,0,0
2026,3,29,08:48:46.066,53.08,35,66.9,0.8421,4679.3,683.3,3.940,2.10,3.89,0.01,0.01,-660.0,1833.0,353.0,-25039.0,22847,1263,22.8,0.0,10660.0,0,0,0,e1f,d4e,d4a,d4a,d4a,1,1,1,1,1,0,0,0,0,1,1,1,0,0,1,1,1,0,0,1,0,1,0,1,1,0,0,0,1,0,1,0,0,1,0,1,0,1,1,0,0,0,1,0,1,0,0,1,0,1,0,1,1,0,0,0,1,0,1,0,0,1,0,1,0,1,1,0,0
2026,3,29,08:48:46.086,53.10,55,66.9,0.8418,4688.9,692.8,3.939,2.10,3.89,0.01,0.01,-660.0,1833.0,353.0,-25052.0,22884,1270,22.9,0.0,10661.0,0,0,0,e1f,d4e,d4a,d4a,d4a,1,1,1,1,1,0,0,0,0,1,1,1,0,0,1,1,1,0,0,1,0,1,0,1,1,0,0,0,1,0,1,0,0,1,0,1,0,1,1,0,0,0,1,0,1,0,0,1,0,1,0,1,1,0,0,0,1,0,1,0,0,1,0,1,0,1,1,0,0
2026,3,29,08:48:46.106,53.12,75,66.9,0.8417,4690.2,694.1,3.939,2.10,3.89,0.01,0.01,-660.0,1834.0,354.0,-25065.0,22921,1277,23.1,0.0,10661.0,0,0,0,e1f,d4e,d4a,d4a,d4a,1,1,1,1,1,0,0,0,0,1,1,1,0,0,1,1,1,0,0,1,0,1,0,1,1,0,0,0,1,0,1,0,0,1,0,1,0,1,1,0,0,0,1,0,1,0,0,1,0,1,0,1,1,0,0,0,1,0,1,0,0,1,0,1,0,1,1,0,0
2026,3,29,08:48:46.126,53.14,95,66.9,0.8418,4687.0,690.9,3.940,2.10,3.89,0.01,0.01,-661.0,1835.0,354.0,-25078.0,22958,1284,23.4,0.0,10662.0,0,0,0,e1f,d4e,d4a,d4a,d4a,1,1,1,1,1,0,0,0,0,1,1,1,0,0,1,1,1,0,0,1,0,1,0,1,1,0,0,0,1,0,1,0,0,1,0,1,0,1,1,0,0,0,1,0,1,0,0,1,0,1,0,1,1,0,0,0,1,0,1,0,0,1,0,1,0,1,1,0,0
2026,3,29,08:48:46.146,53.16,115,66.9,0.8418,4687.6,691.5,3.940,2.10,3.89,0.01,0.01,-661.0,1835.0,354.0,-25092.0,22994,1291,23.9,0.0,10663.0,0,0,0,e1f,d4e,d4a,d4a,d4a,1,1,1,1,1,0,0,0,0,1,1,1,0,0,1,1,1,0,0,1,0,1,0,1,1,0,0,0,1,0,1,0,0,1,0,1,0,1,1,0,0,0,1,0,1,0,0,1,0,1,0,1,1,0,0,0,1,0,1,0,0,1,0,1,0,1,1,0,0
2026,3,29,08:48:46.166,53.18,135,66.9,0.8418,4688.9,692.8,3.939,2.10,3.89,0.01,0.01,-661.0,1836.0,354.0,-25105.0,23031,1298,24.4,0.0,10664.0,0,0,0,e1f,d4e,d4a,d4a,d4a,1,1,1,1,1,0,0,0,0,1,1,1,0,0,1,1,1,0,0,1,0,1,0,1,1,0,0,0,1,0,1,0,0,1,0,1,0,1,1,0,0,0,1,0,1,0,0,1,0,1,0,1,1,0,0,0,1,0,1,0,0,1,0,1,0,1,1,0,0
2026,3,29,08:48:46.186,53.20,155,66.9,0.8418,4688.9,692.8,3.939,2.10,3.89,0.01,0.01,-662.0,1837.0,354.0,-25118.0,23068,1306,25.1,0.0,10666.0,0,0,0,e1f,d4e,d4a,d4a,d4a,1,1,1,1,1,0,0,0,0,1,1,1,0,0,1,1,1,0,0,1,0,1,0,1,1,0,0,0,1,0,1,0,0,1,0,1,0,1,1,0,0,0,1,0,1,0,0,1,0,1,0,1,1,0,0,0,1,0,1,0,0,1,0,1,0,1,1,0,0
2026,3,29,08:48:46.206,53.22,175,66.9,0.8419,4685.7,689.6,3.939,2.10,3.89,0.01,0.01,-662.0,1838.0,354.0,-25131.0,23104,1313,25.9,0.0,10667.0,0,0,0,e1f,d4e,d4a,d4a,d4a,1,1,1,1,1,0,0,0,0,1,1,1,0,0,1,1,1,0,0,1,0,1,0,1,1,0,0,0,1,0,1,0,0,1,0,1,0,1,1,0,0,0,1,0,1,0,0,1,0,1,0,1,1,0,0,0,1,0,1,0,0,1,0,1,0,1,1,0,0
2026,3,29,08:48:46.226,53.24,195,66.9,0.8419,4685.7,689.6,3.940,2.10,3.89,0.01,0.01,-662.0,1839.0,354.0,-25145.0,23141,1320,26.8,0.0,10669.0,0,0,0,e1f,d4e,d4a,d4a,d4a,1,1,1,1,1,0,0,0,0,1,1,1,0,0,1,1,1,0,0,1,0,1,0,1,1,0,0,0,1,0,1,0,0,1,0,1,0,1,1,0,0,0,1,0,1,0,0,1,0,1,0,1,1,0,0,0,1,0,1,0,0,1,0,1,0,1,1,0,0
2026,3,29,08:48:46.246,53.26,215,66.9,0.8421,4678.1,682.0,3.939,2.11,3.89,0.01,0.01,-662.0,1840.0,354.0,-25158.0,23178,1327,27.9,0.0,10671.0,0,0,0,e1f,d4e,d4a,d4a,d4a,1,1,1,1,1,0,0,0,0,1,1,1,0,0,1,1,1,0,0,1,0,1,0,1,1,0,0,0,1,0,1,0,0,1,0,1,0,1,1,0,0,0,1,0,1,0,0,1,0,1,0,1,1,0,0,0,1,0,1,0,0,1,0,1,0,1,1,0,0
2026,3,29,08:48:46.266,53.28,235,66.9,0.8421,4678.1,682.0,3.940,2.11,3.89,0.01,0.01,-663.0,1841.0,354.0,-25171.0,23215,1334,29.3,0.0,10673.0,0,0,0,e1f,d4e,d4a,d4a,d4a,1,1,1,1,1,0,0,0,0,1,1,1,0,0,1,1,1,0,0,1,0,1,0,1,1,0,0,0,1,0,1,0,0,1,0,1,0,1,1,0,0,0,1,0,1,0,0,1,0,1,0,1,1,0,0,0,1,0,1,0,0,1,0,1,0,1,1,0,0
2026,3,29,08:48:46.286,53.30,5,66.9,0.8425,4666.6,670.6,3.940,2.11,3.89,0.01,0.01,-663.0,1841.0,353.0,-25184.0,23252,1341,30.8,0.0,10676.0,0,0,0,e1f,d4e,d4a,d4a,d4a,1,1,1,1,1,0,0,0,0,1,1,1,0,0,1,1,1,0,0,1,0,1,0,1,1,0,0,0,1,0,1,0,0,1,0,1,0,1,1,0,0,0,1,0,1,0,0,1,0,1,0,1,1,0,0,0,1,0,1,0,0,1,0,1,0,1,1,0,0
2026,3,29,08:48:46.306,53.32,25,66.9,0.8425,4666.6,670.6,3.939,2.11,3.89,0.01,0.01,-664.0,1842.0,353.0,-25198.0,23288,1348,32.6,0.0,10678.0,0,0,0,e1f,d4e,d4a,d4a,d4a,1,1,1,1,1,0,0,0,0,1,1,1,0,0,1,1,1,0,0,1,0,1,0,1,1,0,0,0,1,0,1,0,0,1,0,1,0,1,1,0,0,0,1,0,1,0,0,1,0,1,0,1,1,0,0,0,1,0,1,0,0,1,0,1,0,1,1,0,0
2026,3,29,08:48:46.326,53.34,45,66.9,0.8431,4648.2,652.1,3.939,2.11,3.89,0.01,0.01,-664.0,1842.0,353.0,-25211.0,23325,1355,34.6,0.0,10681.0,0,0,0,e1f,d4e,d4a,d4a,d4a,1,1,1,1,1,0,0,0,0,1,1,1,0,0,1,1,1,0,0,1,0,1,0,1,1,0,0,0,1,0,1,0,0,1,0,1,0,1,1,0,0,0,1,0,1,0,0,1,0,1,0,1,1,0,0,0,1,0,1,0,0,1,0,1,0,1,1,0,0
2026,3,29,08:48:46.346,53.36,65,66.9,0.8431,4648.2,652.1,3.940,2.11,3.89,0.01,0.01,-664.0,1843.0,353.0,-25224.0,23362,1362,36.7,0.0,10684.0,0,0,0,e1f,d4e,d4a,d4a,d4a,1,1,1,1,1,0,0,0,0,1,1,1,0,0,1,1,1,0,0,1,0,1,0,1,1,0,0,0,1,0,1,0,0,1,0,1,0,1,1,0,0,0,1,0,1,0,0,1,0,1,0,1,1,0,0,0,1,0,1,0,0,1,0,1,0,1,1,0,0
2026,3,29,08:48:46.366,53.38,85,66.9,0.8437,4628.5,632.4,3.940,2.11,3.89,0.01,0.01,-664.0,1843.0,352.0,-25237.0,23399,1369,38.8,0.0,10687.0,0,0,0,e1f,d4e,d4a,d4a,d4a,1,1,1,1,1,0,0,0,0,1,1,1,0,0,1,1,1,0,0,1,0,1,0,1,1,0,0,0,1,0,1,0,0,1,0,1,0,1,1,0,0,0,1,0,1,0,0,1,0,1,0,1,1,0,0,0,1,0,1,0,0,1,0,1,0,1,1,0,0
2026,3,29,08:48:46.386,53.40,105,66.9,0.8437,4627.9,631.8,3.940,2.11,3.89,0.01,0.01,-664.0,1843.0,352.0,-25251.0,23436,1376,41.0,0.0,10690.0,0,0,0,e1f,d4e,d4a,d4a,d4a,1,1,1,1,1,0,0,0,0,1,1,1,0,0,1,1,1,0,0,1,0,1,0,1,1,0,0,0,1,0,1,0,0,1,0,1,0,1,1,0,0,0,1,0,1,0,0,1,0,1,0,1,1,0,0,0,1,0,1,0,0,1,0,1,0,1,1,0,0
2026,3,29,08:48:46.406,53.42,125,66.9,0.8445,4603.1,607.0,3.940,2.11,3.89,0.01,0.01,-664.0,1843.0,352.0,-25264.0,23473,1383,43.0,0.0,10693.0,0,0,0,e1f,d4e,d4a,d4a,d4a,1,1,1,1,1,0,0,0,0,1,1,1,0,0,1,1,1,0,0,1,0,1,0,1,1,0,0,0,1,0,1,0,0,1,0,1,0,1,1,0,0,0,1,0,1,0,0,1,0,1,0,1,1,0,0,0,1,0,1,0,0,1,0,1,0,1,1,0,0
2026,3,29,08:48:46.426,53.44,145,67.0,0.8445,4602.5,606.4,3.939,2.11,3.89,0.01,0.01,-665.0,1842.0,352.0,-25277.0,23510,1390,45.1,0.0,10697.0,0,0,0,e1f,d4e,d4a,d4a,d4a,1,1,1,1,1,0,0,0,0,1,1,1,0,0,1,1,1,0,0,1,0,1,0,1,1,0,0,0,1,0,1,0,0,1,0,1,0,1,1,0,0,0,1,0,1,0,0,1,0,1,0,1,1,0,0,0,1,0,1,0,0,1,0,1,0,1,1,0,0
2026,3,29,08:48:46.446,53.46,165,67.0,0.8453,4577.7,581.7,3.939,2.11,3.89,0.01,0.01,-665.0,1842.0,352.0,-25291.0,23547,1397,47.1,0.0,10700.0,0,0,0,e1f,d4e,d4a,d4a,d4a,1,1,1,1,1,0,0,0,0,1,1,1,0,0,1,1,1,0,0,1,0,1,0,1,1,0,0,0,1,0,1,0,0,1,0,1,0,1,1,0,0,0,1,0,1,0,0,1,0,1,0,1,1,0,0,0,1,0,1,0,0,1,0,1,0,1,1,0,0
2026,3,29,08:48:46.466,53.48,185,67.0,0.8453,4576.5,580.4,3.939,2.11,3.89,0.01,0.01,-665.0,1842.0,352.0,-25304.0,23583,1404,49.0,0.0,10703.0,0,0,0,e1f,d4e,d4a,d4a,d4a,1,1,1,1,1,0,0,0,0,1,1,1,0,0,1,1,1,0,0,1,0,1,0,1,1,0,0,0,1,0,1,0,0,1,0,1,0,1,1,0,0,0,1,0,1,0,0,1,0,1,0,1,1,0,0,0,1,0,1,0,0,1,0,1,0,1,1,0,0
2026,3,29,08:48:46.486,53.50,205,67.0,0.8463,4546.0,550.0,3.939,2.11,3.89,0.01,0.01,-665.0,1842.0,351.0,-25317.0,23620,1412,50.9,0.0,10707.0,0,0,0,e1f,d4e,d4a,d4a,d4a,1,1,1,1,1,0,0,0,0,1,1,1,0,0,1,1,1,0,0,1,0,1,0,1,1,0,0,0,1,0,1,0,0,1,0,1,0,1,1,0,0,0,1,0,1,0,0,1,0,1,0,1,1,0,0,0,1,0,1,0,0,1,0,1,0,1,1,0,0
2026,3,29,08:48:46.506,53.52,225,67.0,0.8463,4544.8,548.7,3.939,2.11,3.89,0.01,0.01,-665.0,1842.0,351.0,-25331.0,23657,1419,52.7,0.0,10710.0,0,0,0,e1f,d4e,d4a,d4a,d4a,1,1,1,1,1,0,0,0,0,1,1,1,0,0,1,1,1,0,0,1,0,1,0,1,1,0,0,0,1,0,1,0,0,1,0,1,0,1,1,0,0,0,1,0,1,0,0,1,0,1,0,1,1,0,0,0,1,0,1,0,0,1,0,1,0,1,1,0,0
2026,3,29,08:48:46.526,53.54,245,67.0,0.8472,4516.9,520.8,3.940,2.11,3.89,0.01,0.01,-665.0,1841.0,351.0,-25344.0,23694,1426,54.4,0.0,10713.0,0,0,0,e1f,d4e,d4a,d4a,d4a,1,1,1,1,1,0,0,0,0,1,1,1,0,0,1,1,1,0,0,1,0,1,0,1,1,0,0,0,1,0,1,0,0,1,0,1,0,1,1,0,0,0,1,0,1,0,0,1,0,1,0,1,1,0,0,0,1,0,1,0,0,1,0,1,0,1,1,0,0
2026,3,29,08:48:46.546,53.56,15,67.1,0.8472,4516.3,520.2,3.939,2.11,3.89,0.01,0.01,-664.0,1841.0,351.0,-25357.0,23731,1433,55.9,0.0,10717.0,0,0,0,e1f,d4e,d4a,d4a,d4a,1,1,1,1,1,0,0,0,0,1,1,1,0,0,1,1,1,0,0,1,0,1,0,1,1,0,0,0,1,0,1,0,0,1,0,1,0,1,1,0,0,0,1,0,1,0,0,1,0,1,0,1,1,0,0,0,1,0,1,0,0,1,0,1,0,1,1,0,0
2026,3,29,08:48:46.566,53.58,35,67.1,0.8479,4495.4,499.3,3.940,2.12,3.89,0.01,0.01,-663.0,1841.0,351.0,-25370.0,23768,1440,57.2,0.0,10721.0,0,0,0,e1f,d4e,d4a,d4a,d4a,1,1,1,1,1,0,0,0,0,1,1,1,0,0,1,1,1,0,0,1,0,1,0,1,1,0,0,0,1,0,1,0,0,1,0,1,0,1,1,0,0,0,1,0,1,0,0,1,0,1,0,1,1,0,0,0,1,0,1,0,0,1,0,1,0,1,1,0,0
2026,3,29,08:48:46.586,53.60,55,67.1,0.8479,4494.1,498.1,3.937,2.12,3.89,0.01,0.01,-663.0,1841.0,351.0,-25384.0,23805,1447,58.2,0.0,10724.0,0,0,0,e1f,d4e,d4a,d4a,d4a,1,1,1,1,1,0,0,0,0,1,1,1,0,0,1,1,1,0,0,1,0,1,0,1,1,0,0,0,1,0,1,0,0,1,0,1,0,1,1,0,0,0,1,0,1,0,0,1,0,1,0,1,1,0,0,0,1,0,1,0,0,1,0,1,0,1,1,0,0
2026,3,29,08:48:46.606,53.62,75,67.1,0.8483,4481.5,485.4,3.939,2.12,3.89,0.01,0.01,-663.0,1841.0,351.0,-25397.0,23842,1454,59.1,0.0,10728.0,0,0,0,e1f,d4e,d4a,d4a,d4a,1,1,1,1,1,0,0,0,0,1,1,1,0,0,1,1,1,0,0,1,0,1,0,1,1,0,0,0,1,0,1,0,0,1,0,1,0,1,1,0,0,0,1,0,1,0,0,1,0,1,0,1,1,0,0,0,1,0,1,0,0,1,0,1,0,1,1,0,0
2026,3,29,08:48:46.626,53.64,95,67.1,0.8483,4481.5,485.4,3.940,2.12,3.89,0.01,0.01,-662.0,1841.0,350.0,-25410.0,23878,1461,59.9,0.0,10732.0,0,0,0,e1f,d4e,d4a,d4a,d4a,1,1,1,1,1,0,0,0,0,1,1,1,0,0,1,1,1,0,0,1,0,1,0,1,1,0,0,0,1,0,1,0,0,1,0,1,0,1,1,0,0,0,1,0,1,0,0,1,0,1,0,1,1,0,0,0,1,0,1,0,0,1,0,1,0,1,1,0,0
2026,3,29,08:48:46.646,53.66,115,67.1,0.8486,4473.3,477.2,3.940,2.12,3.89,0.01,0.01,-662.0,1841.0,350.0,-25424.0,23915,1468,60.5,0.0,10736.0,0,0,0,e1f,d4e,d4a,d4a,d4a,1,1,1,1,1,0,0,0,0,1,1,1,0,0,1,1,1,0,0,1,0,1,0,1,1,0,0,0,1,0,1,0,0,1,0,1,0,1,1,0,0,0,1,0,1,0,0,1,0,1,0,1,1,0,0,0,1,0,1,0,0,1,0,1,0,1,1,0,0
2026,3,29,08:48:46.666,53.68,135,67.1,0.8486,4472.6,476.6,3.940,2.12,3.89,0.01,0.01,-662.0,1841.0,350.0,-25437.0,23952,1475,61.2,0.0,10740.0,0,0,0,e1f,d4e,d4a,d4a,d4a,1,1,1,1,1,0,0,0,0,1,1,1,0,0,1,1,1,0,0,1,0,1,0,1,1,0,0,0,1,0,1,0,0,1,0,1,0,1,1,0,0,0,1,0,1,0,0,1,0,1,0,1,1,0,0,0,1,0,1,0,0,1,0,1,0,1,1,0,0
2026,3,29,08:48:46.686,53.70,155,67.1,0.8489,4464.4,468.3,3.939,2.12,3.89,0.01,0.01,-662.0,1841.0,350.0,-25450.0,23989,1482,61.8,0.0,10744.0,0,0,0,e1f,d4e,d4a,d4a,d4a,1,1,1,1,1,0,0,0,0,1,1,1,0,0,1,1,1,0,0,1,0,1,0,1,1,0,0,0,1,0,1,0,0,1,0,1,0,1,1,0,0,0,1,0,1,0,0,1,0,1,0,1,1,0,0,0,1,0,1,0,0,1,0,1,0,1,1,0,0
2026,3,29,08:48:46.706,53.72,175,67.1,0.8489,4464.4,468.3,3.939,2.13,3.89,0.01,0.01,-662.0,1841.0,350.0,-25463.0,24026,1489,62.3,0.0,10748.0,0,0,0,e1f,d4e,d4a,d4a,d4a,1,1,1,1,1,0,0,0,0,1,1,1,0,0,1,1,1,0,0,1,0,1,0,1,1,0,0,0,1,0,1,0,0,1,0,1,0,1,1,0,0,0,1,0,1,0,0,1,0,1,0,1,1,0,0,0,1,0,1,0,0,1,0,1,0,1,1,0,0
2026,3,29,08:48:46.726,53.74,195,67.1,0.8493,4451.8,455.7,3.939,2.13,3.89,0.01,0.01,-662.0,1841.0,350.0,-25477.0,24063,1496,62.8,0.0,10752.0,0,0,0,e1f,d4e,d4a,d4a,d4a,1,1,1,1,1,0,0,0,0,1,1,1,0,0,1,1,1,0,0,1,0,1,0,1,1,0,0,0,1,0,1,0,0,1,0,1,0,1,1,0,0,0,1,0,1,0,0,1,0,1,0,1,1,0,0,0,1,0,1,0,0,1,0,1,0,1,1,0,0
2026,3,29,08:48:46.746,53.76,215,67.1,0.8493,4451.1,455.1,3.939,2.13,3.89,0.01,0.01,-662.0,1841.0,350.0,-25490.0,24100,1503,63.1,0.0,10756.0,0,0,0,e1f,d4e,d4a,d4a,d4a,1,1,1,1,1,0,0,0,0,1,1,1,0,0,1,1,1,0,0,1,0,1,0,1,1,0,0,0,1,0,1,0,0,1,0,1,0,1,1,0,0,0,1,0,1,0,0,1,0,1,0,1,1,0,0,0,1,0,1,0,0,1,0,1,0,1,1,0,0
2026,3,29,08:48:46.766,53.78,235,67.1,0.8493,4449.9,453.8,3.939,2.13,3.89,0.01,0.01,-661.0,1841.0,350.0,-25503.0,24136,1510,63.4,0.0,10760.0,0,0,0,e1f,d4e,d4a,d4a,d4a,1,1,1,1,1,0,0,0,0,1,1,1,0,0,1,1,1,0,0,1,0,1,0,1,1,0,0,0,1,0,1,0,0,1,0,1,0,1,1,0,0,0,1,0,1,0,0,1,0,1,0,1,1,0,0,0,1,0,1,0,0,1,0,1,0,1,1,0,0
2026,3,29,08:48:46.786,53.80,5,67.1,0.8493,4449.2,453.2,3.939,2.13,3.89,0.01,0.01,-661.0,1841.0,350.0,-25516.0,24173,1517,63.5,0.0,10764.0,0,0,0,e1f,d4e,d4a,d4a,d4a,1,1,1,1,1,0,0,0,0,1,1,1,0,0,1,1,1,0,0,1,0,1,0,1,1,0,0,0,1,0,1,0,0,1,0,1,0,1,1,0,0,0,1,0,1,0,0,1,0,1,0,1,1,0,0,0,1,0,1,0,0,1,0,1,0,1,1,0,0
2026,3,29,08:48:46.806,53.82,25,67.1,0.8496,4441.7,445.6,3.939,2.13,3.89,0.01,0.01,-661.0,1841.0,350.0,-25530.0,24210,1524,63.5,0.0,10769.0,0,0,0,e1f,d4e,d4a,d4a,d4a,1,1,1,1,1,0,0,0,0,1,1,1,0,0,1,1,1,0,0,1,0,1,0,1,1,0,0,0,1,0,1,0,0,1,0,1,0,1,1,0,0,0,1,0,1,0,0,1,0,1,0,1,1,0,0,0,1,0,1,0,0,1,0,1,0,1,1,0,0
2026,3,29,08:48:46.826,53.84,45,67.1,0.8496,4441.7,445.6,3.939,2.14,3.89,0.01,0.01,-660.0,1841.0,351.0,-25543.0,24247,1531,63.4,0.0,10773.0,0,0,0,e1f,d4e,d4a,d4a,d4a,1,1,1,1,1,0,0,0,0,1,1,1,0,0,1,1,1,0,0,1,0,1,0,1,1,0,0,0,1,0,1,0,0,1,0,1,0,1,1,0,0,0,1,0,1,0,0,1,0,1,0,1,1,0,0,0,1,0,1,0,0,1,0,1,0,1,1,0,0
2026,3,29,08:48:46.846,53.86,65,67.1,0.8496,4441.7,445.6,3.940,2.14,3.89,0.01,0.01,-660.0,1841.0,351.0,-25556.0,24284,1538,63.1,0.0,10777.0,0,0,0,e1f,d4e,d4a,d4a,d4a,1,1,1,1,1,0,0,0,0,1,1,1,0,0,1,1,1,0,0,1,0,1,0,1,1,0,0,0,1,0,1,0,0,1,0,1,0,1,1,0,0,0,1,0,1,0,0,1,0,1,0,1,1,0,0,0,1,0,1,0,0,1,0,1,0,1,1,0,0
2026,3,29,08:48:46.866,53.88,85,67.1,0.8496,4441.7,445.6,3.939,2.14,3.89,0.01,0.01,-660.0,1841.0,351.0,-25569.0,24320,1545,62.8,0.0,10781.0,0,0,0,e1f,d4e,d4a,d4a,d4a,1,1,1,1,1,0,0,0,0,1,1,1,0,0,1,1,1,0,0,1,0,1,0,1,1,0,0,0,1,0,1,0,0,1,0,1,0,1,1,0,0,0,1,0,1,0,0,1,0,1,0,1,1,0,0,0,1,0,1,0,0,1,0,1,0,1,1,0,0
2026,3,29,08:48:46.886,53.90,105,67.1,0.8497,4436.6,440.6,3.939,2.14,3.89,0.01,0.01,-660.0,1841.0,352.0,-25582.0,24357,1552,62.3,0.0,10785.0,0,0,0,e1f,d4e,d4a,d4a,d4a,1,1,1,1,1,0,0,0,0,1,1,1,0,0,1,1,1,0,0,1,0,1,0,1,1,0,0,0,1,0,1,0,0,1,0,1,0,1,1,0,0,0,1,0,1,0,0,1,0,1,0,1,1,0,0,0,1,0,1,0,0,1,0,1,0,1,1,0,0
2026,3,29,08:48:46.906,53.92,125,67.1,0.8497,4436.6,440.6,3.940,2.14,3.89,0.01,0.01,-660.0,1841.0,352.0,-25596.0,24394,1559,61.8,0.0,10788.0,0,0,0,e1f,d4e,d4a,d4a,d4a,1,1,1,1,1,0,0,0,0,1,1,1,0,0,1,1,1,0,0,1,0,1,0,1,1,0,0,0,1,0,1,0,0,1,0,1,0,1,1,0,0,0,1,0,1,0,0,1,0,1,0,1,1,0,0,0,1,0,1,0,0,1,0,1,0,1,1,0,0
2026,3,29,08:48:46.926,53.94,145,67.1,0.8498,4433.5,437.4,3.939,2.15,3.89,0.01,0.01,-659.0,1841.0,353.0,-25609.0,24431,1566,61.1,0.0,10792.0,0,0,0,e1f,d4e,d4a,d4a,d4a,1,1,1,1,1,0,0,0,0,1,1,1,0,0,1,1,1,0,0,1,0,1,0,1,1,0,0,0,1,0,1,0,0,1,0,1,0,1,1,0,0,0,1,0,1,0,0,1,0,1,0,1,1,0,0,0,1,0,1,0,0,1,0,1,0,1,1,0,0
2026,3,29,08:48:46.946,53.96,165,67.1,0.8498,4433.5,437.4,3.939,2.15,3.89,0.01,0.01,-659.0,1841.0,353.0,-25622.0,24468,1573,60.3,0.0,10796.0,0,0,0,e1f,d4e,d4a,d4a,d4a,1,1,1,1,1,0,0,0,0,1,1,1,0,0,1,1,1,0,0,1,0,1,0,1,1,0,0,0,1,0,1,0,0,1,0,1,0,1,1,0,0,0,1,0,1,0,0,1,0,1,0,1,1,0,0,0,1,0,1,0,0,1,0,1,0,1,1,0,0
2026,3,29,08:48:46.966,53.98,185,67.1,0.8498,4434.7,438.7,3.939,2.15,3.89,0.01,0.01,-659.0,1841.0,354.0,-25635.0,24504,1580,59.4,0.0,10800.0,0,0,0,e1f,d4e,d4a,d4a,d4a,1,1,1,1,1,0,0,0,0,1,1,1,0,0,1,1,1,0,0,1,0,1,0,1,1,0,0,0,1,0,1,0,0,1,0,1,0,1,1,0,0,0,1,0,1,0,0,1,0,1,0,1,1,0,0,0,1,0,1,0,0,1,0,1,0,1,1,0,0
2026,3,29,08:48:46.986,54.00,205,67.1,0.8498,4434.7,438.7,3.940,2.15,3.89,0.01,0.01,-659.0,1841.0,354.0,-25648.0,24541,1587,58.4,0.0,10803.0,0,0,0,e1f,d4e,d4a,d4a,d4a,1,1,1,1,1,0,0,0,0,1,1,1,0,0,1,1,1,0,0,1,0,1,0,1,1,0,0,0,1,0,1,0,0,1,0,1,0,1,1,0,0,0,1,0,1,0,0,1,0,1,0,1,1,0,0,0,1,0,1,0,0,1,0,1,0,1,1,0,0
2026,3,29,08:48:47.006,54.02,225,67.1,0.8500,4429.7,433.6,3.940,2.15,3.89,0.01,0.01,-659.0,1842.0,355.0,-25662.0,24578,1594,57.3,0.0,10807.0,0,0,0,e1f,d4e,d4a,d4a,d4a,1,1,1,1,1,0,0,0,0,1,1,1,0,0,1,1,1,0,0,1,0,1,0,1,1,0,0,0,1,0,1,0,0,1,0,1,0,1,1,0,0,0,1,0,1,0,0,1,0,1,0,1,1,0,0,0,1,0,1,0,0,1,0,1,0,1,1,0,0
2026,3,29,08:48:47.026,54.04,245,67.1,0.8499,4430.3,434.2,3.941,2.15,3.89,0.01,0.01,-659.0,1842.0,355.0,-25675.0,24615,1602,56.1,0.0,10811.0,0,0,0,e1f,d4e,d4a,d4a,d4a,1,1,1,1,1,0,0,0,0,1,1,1,0,0,1,1,1,0,0,1,0,1,0,1,1,0,0,0,1,0,1,0,0,1,0,1,0,1,1,0,0,0,1,0,1,0,0,1,0,1,0,1,1,0,0,0,1,0,1,0,0,1,0,1,0,1,1,0,0
2026,3,29,08:48:47.046,54.06,15,67.1,0.8500,4428.4,432.3,3.939,2.15,3.89,0.01,0.01,-659.0,1842.0,356.0,-25688.0,24652,1609,54.7,0.0,10814.0,0,0,0,e1f,d4e,d4a,d4a,d4a,1,1,1,1,1,0,0,0,0,1,1,1,0,0,1,1,1,0,0,1,0,1,0,1,1,0,0,0,1,0,1,0,0,1,0,1,0,1,1,0,0,0,1,0,1,0,0,1,0,1,0,1,1,0,0,0,1,0,1,0,0,1,0,1,0,1,1,0,0
2026,3,29,08:48:47.066,54.08,35,67.1,0.8500,4428.4,432.3,3.940,2.15,3.89,0.01,0.01,-659.0,1842.0,357.0,-25701.0,24689,1616,53.2,0.0,10818.0,0,0,0,e1f,d4e,d4a,d4a,d4a,1,1,1,1,1,0,0,0,0,1,1,1,0,0,1,1,1,0,0,1,0,1,0,1,1,0,0,0,1,0,1,0,0,1,0,1,0,1,1,0,0,0,1,0,1,0,0,1,0,1,0,1,1,0,0,0,1,0,1,0,0,1,0,1,0,1,1,0,0
2026,3,29,08:48:47.086,54.10,55,67.1,0.8499,4431.6,435.5,3.939,2.15,3.89,0.01,0.01,-659.0,1842.0,357.0,-25714.0,24726,1623,51.7,0.0,10821.0,0,0,0,e1f,d4e,d4a,d4a,d4a,1,1,1,1,1,0,0,0,0,1,1,1,0,0,1,1,1,0,0,1,0,1,0,1,1,0,0,0,1,0,1,0,0,1,0,1,0,1,1,0,0,0,1,0,1,0,0,1,0,1,0,1,1,0,0,0,1,0,1,0,0,1,0,1,0,1,1,0,0
2026,3,29,08:48:47.106,54.12,75,67.1,0.8499,4431.6,435.5,3.940,2.15,3.89,0.01,0.01,-659.0,1842.0,358.0,-25727.0,24763,1630,50.0,0.0,10824.0,0,0,0,e1f,d4e,d4a,d4a,d4a,1,1,1,1,1,0,0,0,0,1,1,1,0,0,1,1,1,0,0,1,0,1,0,1,1,0,0,0,1,0,1,0,0,1,0,1,0,1,1,0,0,0,1,0,1,0,0,1,0,1,0,1,1,0,0,0,1,0,1,0,0,1,0,1,0,1,1,0,0
2026,3,29,08:48:47.126,54.14,95,67.1,0.8500,4428.4,432.3,3.939,2.15,3.89,0.01,0.01,-659.0,1842.0,359.0,-25741.0,24799,1637,48.2,0.0,10827.0,0,0,0,e1f,d4e,d4a,d4a,d4a,1,1,1,1,1,0,0,0,0,1,1,1,0,0,1,1,1,0,0,1,0,1,0,1,1,0,0,0,1,0,1,0,0,1,0,1,0,1,1,0,0,0,1,0,1,0,0,1,0,1,0,1,1,0,0,0,1,0,1,0,0,1,0,1,0,1,1,0,0
2026,3,29,08:48:47.146,54.16,115,67.1,0.8500,4428.4,432.3,3.940,2.15,3.89,0.01,0.01,-659.0,1842.0,359.0,-25754.0,24836,1644,46.3,0.0,10830.0,0,0,0,e1f,d4e,d4a,d4a,d4a,1,1,1,1,1,0,0,0,0,1,1,1,0,0,1,1,1,0,0,1,0,1,0,1,1,0,0,0,1,0,1,0,0,1,0,1,0,1,1,0,0,0,1,0,1,0,0,1,0,1,0,1,1,0,0,0,1,0,1,0,0,1,0,1,0,1,1,0,0
2026,3,29,08:48:47.166,54.18,135,67.1,0.8504,4417.0,421.0,3.940,2.16,3.89,0.01,0.01,-659.0,1842.0,360.0,-25767.0,24873,1652,44.3,0.0,10833.0,0,0,0,e1f,d4e,d4a,d4a,d4a,1,1,1,1,1,0,0,0,0,1,1,1,0,0,1,1,1,0,0,1,0,1,0,1,1,0,0,0,1,0,1,0,0,1,0,1,0,1,1,0,0,0,1,0,1,0,0,1,0,1,0,1,1,0,0,0,1,0,1,0,0,1,0,1,0,1,1,0,0
2026,3,29,08:48:47.186,54.20,155,67.1,0.8504,4417.0,421.0,3.939,2.16,3.89,0.01,0.01,-659.0,1843.0,361.0,-25780.0,24910,1659,42.2,0.0,10836.0,0,0,0,e1f,d4e,d4a,d4a,d4a,1,1,1,1,1,0,0,0,0,1,1,1,0,0,1,1,1,0,0,1,0,1,0,1,1,0,0,0,1,0,1,0,0,1,0,1,0,1,1,0,0,0,1,0,1,0,0,1,0,1,0,1,1,0,0,0,1,0,1,0,0,1,0,1,0,1,1,0,0
2026,3,29,08:48:47.206,54.22,175,67.1,0.8504,4415.8,419.7,3.939,2.16,3.89,0.01,0.01,-659.0,1843.0,362.0,-25793.0,24947,1666,39.9,0.0,10839.0,0,0,0,e1f,d4e,d4a,d4a,d4a,1,1,1,1,1,0,0,0,0,1,1,1,0,0,1,1,1,0,0,1,0,1,0,1,1,0,0,0,1,0,1,0,0,1,0,1,0,1,1,0,0,0,1,0,1,0,0,1,0,1,0,1,1,0,0,0,1,0,1,0,0,1,0,1,0,1,1,0,0
2026,3,29,08:48:47.226,54.24,195,67.1,0.8504,4415.8,419.7,3.940,2.16,3.89,0.01,0.01,-659.0,1843.0,363.0,-25807.0,24984,1673,37.5,0.0,10842.0,0,0,0,e1f,d4e,d4a,d4a,d4a,1,1,1,1,1,0,0,0,0,1,1,1,0,0,1,1,1,0,0,1,0,1,0,1,1,0,0,0,1,0,1,0,0,1,0,1,0,1,1,0,0,0,1,0,1,0,0,1,0,1,0,1,1,0,0,0,1,0,1,0,0,1,0,1,0,1,1,0,0
2026,3,29,08:48:47.246,54.26,215,67.1,0.8504,4415.8,419.7,3.939,2.16,3.89,0.01,0.01,-659.0,1843.0,364.0,-25820.0,25021,1681,34.9,0.0,10845.0,0,0,0,e1f,d4e,d4a,d4a,d4a,1,1,1,1,1,0,0,0,0,1,1,1,0,0,1,1,1,0,0,1,0,1,0,1,1,0,0,0,1,0,1,0,0,1,0,1,0,1,1,0,0,0,1,0,1,0,0,1,0,1,0,1,1,0,0,0,1,0,1,0,0,1,0,1,0,1,1,0,0
2026,3,29,08:48:47.266,54.28,235,67.1,0.8504,4415.8,419.7,3.940,2.16,3.89,0.01,0.01,-659.0,1844.0,364.0,-25833.0,25058,1688,32.3,0.0,10848.0,0,0,0,e1f,d4e,d4a,d4a,d4a,1,1,1,1,1,0,0,0,0,1,1,1,0,0,1,1,1,0,0,1,0,1,0,1,1,0,0,0,1,0,1,0,0,1,0,1,0,1,1,0,0,0,1,0,1,0,0,1,0,1,0,1,1,0,0,0,1,0,1,0,0,1,0,1,0,1,1,0,0
2026,3,29,08:48:47.286,54.30,5,67.1,0.8508,4402.5,406.5,3.939,2.16,3.89,0.01,0.01,-660.0,1844.0,365.0,-25846.0,25094,1695,29.7,0.0,10851.0,0,0,0,e1f,d4e,d4a,d4a,d4a,1,1,1,1,1,0,0,0,0,1,1,1,0,0,1,1,1,0,0,1,0,1,0,1,1,0,0,0,1,0,1,0,0,1,0,1,0,1,1,0,0,0,1,0,1,0,0,1,0,1,0,1,1,0,0,0,1,0,1,0,0,1,0,1,0,1,1,0,0
2026,3,29,08:48:47.306,54.32,25,67.1,0.8508,4402.5,406.5,3.939,2.16,3.89,0.01,0.01,-660.0,1845.0,366.0,-25859.0,25131,1703,27.1,0.0,10853.0,0,0,0,e1f,d4e,d4a,d4a,d4a,1,1,1,1,1,0,0,0,0,1,1,1,0,0,1,1,1,0,0,1,0,1,0,1,1,0,0,0,1,0,1,0,0,1,0,1,0,1,1,0,0,0,1,0,1,0,0,1,0,1,0,1,1,0,0,0,1,0,1,0,0,1,0,1,0,1,1,0,0
2026,3,29,08:48:47.326,54.34,45,67.1,0.8508,4404.4,408.4,3.939,2.16,3.89,0.01,0.01,-661.0,1845.0,366.0,-25873.0,25168,1710,24.5,0.0,10856.0,0,0,0,e1f,d4e,d4a,d4a,d4a,1,1,1,1,1,0,0,0,0,1,1,1,0,0,1,1,1,0,0,1,0,1,0,1,1,0,0,0,1,0,1,0,0,1,0,1,0,1,1,0,0,0,1,0,1,0,0,1,0,1,0,1,1,0,0,0,1,0,1,0,0,1,0,1,0,1,1,0,0
2026,3,29,08:48:47.346,54.36,65,67.1,0.8508,4404.4,408.4,3.940,2.16,3.89,0.01,0.01,-661.0,1846.0,367.0,-25886.0,25205,1717,22.0,0.0,10859.0,0,0,0,e1f,d4e,d4a,d4a,d4a,1,1,1,1,1,0,0,0,0,1,1,1,0,0,1,1,1,0,0,1,0,1,0,1,1,0,0,0,1,0,1,0,0,1,0,1,0,1,1,0,0,0,1,0,1,0,0,1,0,1,0,1,1,0,0,0,1,0,1,0,0,1,0,1,0,1,1,0,0
2026,3,29,08:48:47.366,54.38,85,67.1,0.8510,4396.2,400.2,3.939,2.16,3.89,0.01,0.01,-662.0,1847.0,367.0,-25899.0,25242,1725,19.5,0.0,10862.0,0,0,0,e1f,d4e,d4a,d4a,d4a,1,1,1,1,1,0,0,0,0,1,1,1,0,0,1,1,1,0,0,1,0,1,0,1,1,0,0,0,1,0,1,0,0,1,0,1,0,1,1,0,0,0,1,0,1,0,0,1,0,1,0,1,1,0,0,0,1,0,1,0,0,1,0,1,0,1,1,0,0
2026,3,29,08:48:47.386,54.40,105,67.1,0.8510,4396.2,400.2,3.939,2.16,3.89,0.01,0.01,-662.0,1848.0,367.0,-25912.0,25279,1732,17.3,0.0,10864.0,0,0,0,e1f,d4e,d4a,d4a,d4a,1,1,1,1,1,0,0,0,0,1,1,1,0,0,1,1,1,0,0,1,0,1,0,1,1,0,0,0,1,0,1,0,0,1,0,1,0,1,1,0,0,0,1,0,1,0,0,1,0,1,0,1,1,0,0,0,1,0,1,0,0,1,0,1,0,1,1,0,0
2026,3,29,08:48:47.406,54.42,125,67.1,0.8511,4393.1,397.0,3.940,2.16,3.89,0.01,0.01,-663.0,1848.0,368.0,-25926.0,25316,1739,15.2,0.0,10867.0,0,0,0,e1f,d4e,d4a,d4a,d4a,1,1,1,1,1,0,0,0,0,1,1,1,0,0,1,1,1,0,0,1,0,1,0,1,1,0,0,0,1,0,1,0,0,1,0,1,0,1,1,0,0,0,1,0,1,0,0,1,0,1,0,1,1,0,0,0,1,0,1,0,0,1,0,1,0,1,1,0,0
2026,3,29,08:48:47.426,54.44,145,67.1,0.8511,4393.7,397.6,3.938,2.16,3.89,0.01,0.01,-663.0,1849.0,368.0,-25939.0,25353,1747,13.5,0.0,10869.0,0,0,0,e1f,d4e,d4a,d4a,d4a,1,1,1,1,1,0,0,0,0,1,1,1,0,0,1,1,1,0,0,1,0,1,0,1,1,0,0,0,1,0,1,0,0,1,0,1,0,1,1,0,0,0,1,0,1,0,0,1,0,1,0,1,1,0,0,0,1,0,1,0,0,1,0,1,0,1,1,0,0
2026,3,29,08:48:47.446,54.46,165,67.1,0.8508,4401.9,405.8,3.939,2.16,3.89,0.01,0.01,-664.0,1850.0,368.0,-25952.0,25390,1754,12.0,0.0,10872.0,0,0,0,e1f,d4e,d4a,d4a,d4e,1,1,1,1,1,0,0,0,0,1,1,1,0,0,1,1,1,0,0,1,0,1,0,1,1,0,0,0,1,0,1,0,0,1,0,1,0,1,1,0,0,0,1,0,1,0,0,1,0,1,0,1,1,0,0,0,1,1,1,0,0,1,0,1,0,1,1,0,0
2026,3,29,08:48:47.466,54.48,185,67.1,0.8508,4402.5,406.5,3.939,2.16,3.89,0.01,0.01,-664.0,1851.0,368.0,-25965.0,25427,1761,11.0,0.0,10875.0,0,0,0,e1f,d4e,d4a,d4a,d4e,1,1,1,1,1,0,0,0,0,1,1,1,0,0,1,1,1,0,0,1,0,1,0,1,1,0,0,0,1,0,1,0,0,1,0,1,0,1,1,0,0,0,1,0,1,0,0,1,0,1,0,1,1,0,0,0,1,1,1,0,0,1,0,1,0,1,1,0,0
2026,3,29,08:48:47.486,54.50,205,67.1,0.8502,4423.4,427.3,3.939,2.16,3.89,0.01,0.01,-664.0,1851.0,368.0,-25979.0,25464,1769,10.6,0.0,10877.0,0,0,0,e1f,d46,d42,d42,d46,1,1,1,1,1,0,0,0,0,1,1,1,0,0,1,1,0,0,0,1,0,1,0,1,1,0,0,0,1,0,0,0,0,1,0,1,0,1,1,0,0,0,1,0,0,0,0,1,0,1,0,1,1,0,0,0,1,1,0,0,0,1,0,1,0,1,1,0,0
2026,3,29,08:48:47.506,54.52,225,67.0,0.8501,4424.6,428.6,3.939,2.16,3.89,0.01,0.01,-665.0,1852.0,368.0,-25992.0,25501,1776,10.6,0.0,10880.0,0,0,0,e1f,d46,d42,d42,d46,1,1,1,1,1,0,0,0,0,1,1,1,0,0,1,1,0,0,0,1,0,1,0,1,1,0,0,0,1,0,0,0,0,1,0,1,0,1,1,0,0,0,1,0,0,0,0,1,0,1,0,1,1,0,0,0,1,1,0,0,0,1,0,1,0,1,1,0,0
2026,3,29,08:48:47.526,54.54,245,67.0,0.8497,4437.2,441.2,3.939,2.16,3.89,0.01,0.01,-665.0,1853.0,369.0,-26005.0,25538,1784,11.1,0.0,10882.0,0,0,0,e1f,d46,d42,d42,d46,1,1,1,1,1,0,0,0,0,1,1,1,0,0,1,1,0,0,0,1,0,1,0,1,1,0,0,0,1,0,0,0,0,1,0,1,0,1,1,0,0,0,1,0,0,0,0,1,0,1,0,1,1,0,0,0,1,1,0,0,0,1,0,1,0,1,1,0,0
2026,3,29,08:48:47.546,54.56,15,67.0,0.8497,4438.5,442.4,3.939,2.17,3.89,0.01,0.01,-665.0,1854.0,369.0,-26019.0,25575,1791,11.9,0.0,10885.0,0,0,0,e1f,d46,d42,d42,d46,1,1,1,1,1,0,0,0,0,1,1,1,0,0,1,1,0,0,0,1,0,1,0,1,1,0,0,0,1,0,0,0,0,1,0,1,0,1,1,0,0,0,1,0,0,0,0,1,0,1,0,1,1,0,0,0,1,1,0,0,0,1,0,1,0,1,1,0,0
2026,3,29,08:48:47.566,54.58,35,67.0,0.8489,4462.5,466.4,3.938,2.17,3.89,0.01,0.01,-665.0,1855.0,369.0,-26032.0,25612,1798,13.0,0.0,10887.0,0,0,0,e1f,d46,d42,d42,d46,1,1,1,1,1,0,0,0,0,1,1,1,0,0,1,1,0,0,0,1,0,1,0,1,1,0,0,0,1,0,0,0,0,1,0,1,0,1,1,0,0,0,1,0,0,0,0,1,0,1,0,1,1,0,0,0,1,1,0,0,0,1,0,1,0,1,1,0,0
2026,3,29,08:48:47.586,54.60,55,67.0,0.8489,4463.8,467.7,3.939,2.17,3.89,0.01,0.01,-666.0,1856.0,369.0,-26045.0,25650,1806,14.2,0.0,10890.0,0,0,0,e1f,d4e,d4a,d4a,d4e,1,1,1,1,1,0,0,0,0,1,1,1,0,0,1,1,1,0,0,1,0,1,0,1,1,0,0,0,1,0,1,0,0,1,0,1,0,1,1,0,0,0,1,0,1,0,0,1,0,1,0,1,1,0,0,0,1,1,1,0,0,1,0,1,0,1,1,0,0
2026,3,29,08:48:47.606,54.62,75,67.0,0.8481,4489.7,493.6,3.939,2.17,3.89,0.01,0.01,-666.0,1857.0,369.0,-26059.0,25687,1813,15.6,0.0,10892.0,0,0,0,e1f,d4e,d4a,d4a,d4e,1,1,1,1,1,0,0,0,0,1,1,1,0,0,1,1,1,0,0,1,0,1,0,1,1,0,0,0,1,0,1,0,0,1,0,1,0,1,1,0,0,0,1,0,1,0,0,1,0,1,0,1,1,0,0,0,1,1,1,0,0,1,0,1,0,1,1,0,0
2026,3,29,08:48:47.626,54.64,95,66.9,0.8480,4491.0,494.9,3.939,2.17,3.89,0.01,0.01,-666.0,1858.0,370.0,-26072.0,25724,1820,17.1,0.0,10895.0,0,0,0,e1f,d4e,d4a,d4a,d4a,1,1,1,1,1,0,0,0,0,1,1,1,0,0,1,1,1,0,0,1,0,1,0,1,1,0,0,0,1,0,1,0,0,1,0,1,0,1,1,0,0,0,1,0,1,0,0,1,0,1,0,1,1,0,0,0,1,0,1,0,0,1,0,1,0,1,1,0,0
2026,3,29,08:48:47.646,54.66,115,66.9,0.8474,4509.9,513.9,3.939,2.17,3.89,0.01,0.01,-666.0,1858.0,370.0,-26085.0,25761,1828,18.7,0.0,10897.0,0,0,0,e1f,d4e,d4a,d4a,d4a,1,1,1,1,1,0,0,0,0,1,1,1,0,0,1,1,1,0,0,1,0,1,0,1,1,0,0,0,1,0,1,0,0,1,0,1,0,1,1,0,0,0,1,0,1,0,0,1,0,1,0,1,1,0,0,0,1,0,1,0,0,1,0,1,0,1,1,0,0
2026,3,29,08:48:47.666,54.68,135,66.9,0.8474,4511.8,515.8,3.940,2.17,3.89,0.01,0.01,-667.0,1859.0,370.0,-26099.0,25798,1835,20.4,0.0,10900.0,0,0,0,e1f,d4e,d4a,d4a,d4a,1,1,1,1,1,0,0,0,0,1,1,1,0,0,1,1,1,0,0,1,0,1,0,1,1,0,0,0,1,0,1,0,0,1,0,1,0,1,1,0,0,0,1,0,1,0,0,1,0,1,0,1,1,0,0,0,1,0,1,0,0,1,0,1,0,1,1,0,0
2026,3,29,08:48:47.686,54.70,155,66.9,0.8464,4541.0,544.9,3.939,2.17,3.89,0.01,0.01,-667.0,1860.0,370.0,-26112.0,25835,1843,22.2,0.0,10902.0,0,0,0,e1f,d4e,d4a,d4a,d4a,1,1,1,1,1,0,0,0,0,1,1,1,0,0,1,1,1,0,0,1,0,1,0,1,1,0,0,0,1,0,1,0,0,1,0,1,0,1,1,0,0,0,1,0,1,0,0,1,0,1,0,1,1,0,0,0,1,0,1,0,0,1,0,1,0,1,1,0,0
2026,3,29,08:48:47.706,54.72,175,66.9,0.8464,4541.6,545.5,3.939,2.17,3.89,0.01,0.01,-667.0,1861.0,370.0,-26125.0,25873,1850,24.1,0.0,10904.0,0,0,0,e1f,d4e,d4a,d4a,d4a,1,1,1,1,1,0,0,0,0,1,1,1,0,0,1,1,1,0,0,1,0,1,0,1,1,0,0,0,1,0,1,0,0,1,0,1,0,1,1,0,0,0,1,0,1,0,0,1,0,1,0,1,1,0,0,0,1,0,1,0,0,1,0,1,0,1,1,0,0
2026,3,29,08:48:47.726,54.74,195,66.9,0.8457,4564.4,568.3,3.940,2.17,3.89,0.01,0.01,-668.0,1861.0,371.0,-26139.0,25910,1858,26.2,0.0,10907.0,0,0,0,e1f,d4e,d4a,d4a,d4a,1,1,1,1,1,0,0,0,0,1,1,1,0,0,1,1,1,0,0,1,0,1,0,1,1,0,0,0,1,0,1,0,0,1,0,1,0,1,1,0,0,0,1,0,1,0,0,1,0,1,0,1,1,0,0,0,1,0,1,0,0,1,0,1,0,1,1,0,0
2026,3,29,08:48:47.746,54.76,215,66.8,0.8457,4565.7,569.6,3.939,2.17,3.89,0.01,0.01,-668.0,1862.0,371.0,-26152.0,25947,1865,28.5,0.0,10909.0,0,0,0,e1f,d4e,d4a,d4a,d4a,1,1,1,1,1,0,0,0,0,1,1,1,0,0,1,1,1,0,0,1,0,1,0,1,1,0,0,0,1,0,1,0,0,1,0,1,0,1,1,0,0,0,1,0,1,0,0,1,0,1,0,1,1,0,0,0,1,0,1,0,0,1,0,1,0,1,1,0,0
2026,3,29,08:48:47.766,54.78,235,66.8,0.8452,4579.0,582.9,3.938,2.17,3.89,0.01,0.01,-669.0,1862.0,371.0,-26165.0,25984,1872,30.9,0.0,10912.0,0,0,0,e1f,d4e,d4a,d4a,d4a,1,1,1,1,1,0,0,0,0,1,1,1,0,0,1,1,1,0,0,1,0,1,0,1,1,0,0,0,1,0,1,0,0,1,0,1,0,1,1,0,0,0,1,0,1,0,0,1,0,1,0,1,1,0,0,0,1,0,1,0,0,1,0,1,0,1,1,0,0
2026,3,29,08:48:47.786,54.80,5,66.8,0.8452,4579.6,583.6,3.939,2.17,3.89,0.01,0.01,-670.0,1863.0,371.0,-26179.0,26022,1880,33.4,0.0,10914.0,0,0,0,e1f,d4e,d4a,d4a,d4a,1,1,1,1,1,0,0,0,0,1,1,1,0,0,1,1,1,0,0,1,0,1,0,1,1,0,0,0,1,0,1,0,0,1,0,1,0,1,1,0,0,0,1,0,1,0,0,1,0,1,0,1,1,0,0,0,1,0,1,0,0,1,0,1,0,1,1,0,0
2026,3,29,08:48:47.806,54.82,25,66.8,0.8444,4606.9,610.8,3.939,2.17,3.89,0.01,0.01,-670.0,1863.0,370.0,-26192.0,26059,1887,36.1,0.0,10917.0,0,0,0,e1f,d4e,d4a,d4a,d4a,1,1,1,1,1,0,0,0,0,1,1,1,0,0,1,1,1,0,0,1,0,1,0,1,1,0,0,0,1,0,1,0,0,1,0,1,0,1,1,0,0,0,1,0,1,0,0,1,0,1,0,1,1,0,0,0,1,0,1,0,0,1,0,1,0,1,1,0,0
2026,3,29,08:48:47.826,54.84,45,66.8,0.8443,4608.2,612.1,3.939,2.17,3.89,0.01,0.01,-671.0,1863.0,370.0,-26206.0,26096,1895,38.9,0.0,10919.0,0,0,0,e1f,d4e,d4a,d4a,d4a,1,1,1,1,1,0,0,0,0,1,1,1,0,0,1,1,1,0,0,1,0,1,0,1,1,0,0,0,1,0,1,0,0,1,0,1,0,1,1,0,0,0,1,0,1,0,0,1,0,1,0,1,1,0,0,0,1,0,1,0,0,1,0,1,0,1,1,0,0
2026,3,29,08:48:47.846,54.86,65,66.8,0.8440,4619.6,623.5,3.939,2.17,3.89,0.01,0.01,-672.0,1864.0,370.0,-26219.0,26133,1902,41.9,0.0,10922.0,0,0,0,e1f,d4e,d4a,d4a,d4a,1,1,1,1,1,0,0,0,0,1,1,1,0,0,1,1,1,0,0,1,0,1,0,1,1,0,0,0,1,0,1,0,0,1,0,1,0,1,1,0,0,0,1,0,1,0,0,1,0,1,0,1,1,0,0,0,1,0,1,0,0,1,0,1,0,1,1,0,0
2026,3,29,08:48:47.866,54.88,85,66.8,0.8440,4619.6,623.5,3.939,2.17,3.89,0.01,0.01,-673.0,1864.0,370.0,-26232.0,26171,1909,45.0,0.0,10924.0,0,0,0,e1f,d4e,d4a,d4a,d4a,1,1,1,1,1,0,0,0,0,1,1,1,0,0,1,1,1,0,0,1,0,1,0,1,1,0,0,0,1,0,1,0,0,1,0,1,0,1,1,0,0,0,1,0,1,0,0,1,0,1,0,1,1,0,0,0,1,0,1,0,0,1,0,1,0,1,1,0,0
2026,3,29,08:48:47.886,54.90,105,66.8,0.8442,4613.3,617.2,3.940,2.17,3.89,0.01,0.01,-674.0,1864.0,370.0,-26246.0,26208,1917,48.3,0.0,10927.0,0,0,0,e1f,d4e,d4a,d4a,d4a,1,1,1,1,1,0,0,0,0,1,1,1,0,0,1,1,1,0,0,1,0,1,0,1,1,0,0,0,1,0,1,0,0,1,0,1,0,1,1,0,0,0,1,0,1,0,0,1,0,1,0,1,1,0,0,0,1,0,1,0,0,1,0,1,0,1,1,0,0
2026,3,29,08:48:47.906,54.92,125,66.8,0.8441,4613.9,617.8,3.939,2.17,3.89,0.01,0.01,-674.0,1865.0,369.0,-26259.0,26245,1924,51.7,0.0,10929.0,0,0,0,e1f,d4e,d4a,d4a,d4a,1,1,1,1,1,0,0,0,0,1,1,1,0,0,1,1,1,0,0,1,0,1,0,1,1,0,0,0,1,0,1,0,0,1,0,1,0,1,1,0,0,0,1,0,1,0,0,1,0,1,0,1,1,0,0,0,1,0,1,0,0,1,0,1,0,1,1,0,0
2026,3,29,08:48:47.926,54.94,145,66.8,0.8439,4621.5,625.4,3.940,2.17,3.89,0.01,0.01,-675.0,1865.0,369.0,-26273.0,26283,1932,55.3,0.0,10932.0,0,0,0,e1f,d4e,d4a,d4a,d4a,1,1,1,1,1,0,0,0,0,1,1,1,0,0,1,1,1,0,0,1,0,1,0,1,1,0,0,0,1,0,1,0,0,1,0,1,0,1,1,0,0,0,1,0,1,0,0,1,0,1,0,1,1,0,0,0,1,0,1,0,0,1,0,1,0,1,1,0,0
2026,3,29,08:48:47.946,54.96,165,66.8,0.8439,4621.5,625.4,3.939,2.17,3.89,0.01,0.01,-676.0,1866.0,369.0,-26286.0,26320,1939,58.9,0.0,10935.0,0,0,0,e1f,d4e,d4a,d4a,d4a,1,1,1,1,1,0,0,0,0,1,1,1,0,0,1,1,1,0,0,1,0,1,0,1,1,0,0,0,1,0,1,0,0,1,0,1,0,1,1,0,0,0,1,0,1,0,0,1,0,1,0,1,1,0,0,0,1,0,1,0,0,1,0,1,0,1,1,0,0
2026,3,29,08:48:47.966,54.98,185,66.8,0.8439,4620.2,624.2,3.939,2.17,3.89,0.01,0.01,-676.0,1866.0,368.0,-26300.0,26357,1946,62.6,0.0,10938.0,0,0,0,e1f,d4e,d4a,d4a,d4a,1,1,1,1,1,0,0,0,0,1,1,1,0,0,1,1,1,0,0,1,0,1,0,1,1,0,0,0,1,0,1,0,0,1,0,1,0,1,1,0,0,0,1,0,1,0,0,1,0,1,0,1,1,0,0,0,1,0,1,0,0,1,0,1,0,1,1,0,0
2026,3,29,08:48:47.986,55.00,205,66.8,0.8440,4619.6,623.5,3.940,2.17,3.89,0.01,0.01,-677.0,1867.0,367.0,-26314.0,26395,1954,66.4,0.0,10942.0,0,0,0,e1f,d4e,d4a,d4a,d4a,1,1,1,1,1,0,0,0,0,1,1,1,0,0,1,1,1,0,0,1,0,1,0,1,1,0,0,0,1,0,1,0,0,1,0,1,0,1,1,0,0,0,1,0,1,0,0,1,0,1,0,1,1,0,0,0,1,0,1,0,0,1,0,1,0,1,1,0,0
2026,3,29,08:48:48.006,55.02,225,66.8,0.8443,4608.2,612.1,3.939,2.17,3.89,0.01,0.01,-677.0,1867.0,367.0,-26327.0,26432,1961,70.3,0.0,10946.0,0,0,0,e1f,d4e,d4a,d4a,d4a,1,1,1,1,1,0,0,0,0,1,1,1,0,0,1,1,1,0,0,1,0,1,0,1,1,0,0,0,1,0,1,0,0,1,0,1,0,1,1,0,0,0,1,0,1,0,0,1,0,1,0,1,1,0,0,0,1,0,1,0,0,1,0,1,0,1,1,0,0
2026,3,29,08:48:48.026,55.04,245,66.8,0.8443,4607.5,611.5,3.940,2.17,3.89,0.01,0.01,-678.0,1868.0,366.0,-26341.0,26469,1969,74.2,0.0,10950.0,0,0,0,e1f,d4e,d4a,d4a,d4a,1,1,1,1,1,0,0,0,0,1,1,1,0,0,1,1,1,0,0,1,0,1,0,1,1,0,0,0,1,0,1,0,0,1,0,1,0,1,1,0,0,0,1,0,1,0,0,1,0,1,0,1,1,0,0,0,1,0,1,0,0,1,0,1,0,1,1,0,0
2026,3,29,08:48:48.046,55.06,15,66.8,0.8450,4586.0,589.9,3.940,2.17,3.89,0.01,0.01,-678.0,1868.0,366.0,-26354.0,26507,1976,78.1,0.0,10954.0,0,0,0,e1f,d4e,d4a,d4a,d4a,1,1,1,1,1,0,0,0,0,1,1,1,0,0,1,1,1,0,0,1,0,1,0,1,1,0,0,0,1,0,1,0,0,1,0,1,0,1,1,0,0,0,1,0,1,0,0,1,0,1,0,1,1,0,0,0,1,0,1,0,0,1,0,1,0,1,1,0,0
2026,3,29,08:48:48.066,55.08,35,66.9,0.8451,4584.1,588.0,3.939,2.17,3.89,0.01,0.01,-678.0,1869.0,365.0,-26368.0,26544,1983,81.9,0.0,10960.0,0,0,0,e1f,d4e,d4a,d4a,d4a,1,1,1,1,1,0,0,0,0,1,1,1,0,0,1,1,1,0,0,1,0,1,0,1,1,0,0,0,1,0,1,0,0,1,0,1,0,1,1,0,0,0,1,0,1,0,0,1,0,1,0,1,1,0,0,0,1,0,1,0,0,1,0,1,0,1,1,0,0
2026,3,29,08:48:48.086,55.10,55,66.9,0.8466,4537.2,541.1,3.939,2.17,3.89,0.01,0.01,-678.0,1869.0,364.0,-26381.0,26581,1990,85.8,0.0,10966.0,0,0,0,e1f,d4e,d4a,d4a,d4a,1,1,1,1,1,0,0,0,0,1,1,1,0,0,1,1,1,0,0,1,0,1,0,1,1,0,0,0,1,0,1,0,0,1,0,1,0,1,1,0,0,0,1,0,1,0,0,1,0,1,0,1,1,0,0,0,1,0,1,0,0,1,0,1,0,1,1,0,0
2026,3,29,08:48:48.106,55.12,75,66.9,0.8466,4535.3,539.2,3.939,2.17,3.89,0.01,0.01,-678.0,1870.0,364.0,-26395.0,26619,1998,89.6,0.0,10972.0,0,0,0,e1f,d4e,d4a,d4a,d4a,1,1,1,1,1,0,0,0,0,1,1,1,0,0,1,1,1,0,0,1,0,1,0,1,1,0,0,0,1,0,1,0,0,1,0,1,0,1,1,0,0,0,1,0,1,0,0,1,0,1,0,1,1,0,0,0,1,0,1,0,0,1,0,1,0,1,1,0,0
2026,3,29,08:48:48.126,55.14,95,66.9,0.8482,4486.5,490.5,3.940,2.17,3.89,0.01,0.01,-678.0,1870.0,363.0,-26409.0,26656,2005,93.3,0.0,10979.0,0,0,0,e1f,d4e,d4a,d4a,d4a,1,1,1,1,1,0,0,0,0,1,1,1,0,0,1,1,1,0,0,1,0,1,0,1,1,0,0,0,1,0,1,0,0,1,0,1,0,1,1,0,0,0,1,0,1,0,0,1,0,1,0,1,1,0,0,0,1,0,1,0,0,1,0,1,0,1,1,0,0
2026,3,29,08:48:48.146,55.16,115,67.0,0.8482,4484.6,488.6,3.939,2.17,3.89,0.01,0.01,-678.0,1871.0,363.0,-26422.0,26694,2012,97.0,0.0,10985.0,0,0,0,e1f,d4a,d4a,d4a,d4a,1,1,1,1,1,0,0,0,0,1,1,1,0,0,1,0,1,0,0,1,0,1,0,1,1,0,0,0,1,0,1,0,0,1,0,1,0,1,1,0,0,0,1,0,1,0,0,1,0,1,0,1,1,0,0,0,1,0,1,0,0,1,0,1,0,1,1,0,0
2026,3,29,08:48:48.166,55.18,135,67.0,0.8496,4442.3,446.2,3.939,2.18,3.89,0.01,0.01,-677.0,1871.0,362.0,-26436.0,26731,2020,100.6,0.0,10991.0,0,0,0,e1f,d4a,d4a,d4a,d4a,1,1,1,1,1,0,0,0,0,1,1,1,0,0,1,0,1,0,0,1,0,1,0,1,1,0,0,0,1,0,1,0,0,1,0,1,0,1,1,0,0,0,1,0,1,0,0,1,0,1,0,1,1,0,0,0,1,0,1,0,0,1,0,1,0,1,1,0,0
2026,3,29,08:48:48.186,55.20,155,67.0,0.8496,4441.0,445.0,3.940,2.18,3.89,0.01,0.01,-677.0,1872.0,362.0,-26449.0,26769,2027,104.2,0.0,10997.0,0,0,0,e1f,d4a,d4a,d4a,d4a,1,1,1,1,1,0,0,0,0,1,1,1,0,0,1,0,1,0,0,1,0,1,0,1,1,0,0,0,1,0,1,0,0,1,0,1,0,1,1,0,0,0,1,0,1,0,0,1,0,1,0,1,1,0,0,0,1,0,1,0,0,1,0,1,0,1,1,0,0
2026,3,29,08:48:48.206,55.22,175,67.0,0.8506,4408.2,412.1,3.940,2.18,3.89,0.01,0.01,-677.0,1872.0,362.0,-26463.0,26806,2034,107.7,0.0,11002.0,0,0,0,e1f,d4a,d4a,d4a,d4a,1,1,1,1,1,0,0,0,0,1,1,1,0,0,1,0,1,0,0,1,0,1,0,1,1,0,0,0,1,0,1,0,0,1,0,1,0,1,1,0,0,0,1,0,1,0,0,1,0,1,0,1,1,0,0,0,1,0,1,0,0,1,0,1,0,1,1,0,0
2026,3,29,08:48:48.226,55.24,195,67.1,0.8506,4408.2,412.1,3.939,2.18,3.89,0.01,0.01,-677.0,1872.0,362.0,-26476.0,26843,2041,111.1,0.0,11006.0,0,0,0,e1f,d4a,d4a,d4a,d4a,1,1,1,1,1,0,0,0,0,1,1,1,0,0,1,0,1,0,0,1,0,1,0,1,1,0,0,0,1,0,1,0,0,1,0,1,0,1,1,0,0,0,1,0,1,0,0,1,0,1,0,1,1,0,0,0,1,0,1,0,0,1,0,1,0,1,1,0,0
2026,3,29,08:48:48.246,55.26,215,67.1,0.8503,4419.6,423.5,3.939,2.18,3.89,0.01,0.01,-676.0,1872.0,362.0,-26490.0,26881,2049,114.4,0.0,11011.0,0,0,0,e1f,d4a,d4a,d4a,d4a,1,1,1,1,1,0,0,0,0,1,1,1,0,0,1,0,1,0,0,1,0,1,0,1,1,0,0,0,1,0,1,0,0,1,0,1,0,1,1,0,0,0,1,0,1,0,0,1,0,1,0,1,1,0,0,0,1,0,1,0,0,1,0,1,0,1,1,0,0
2026,3,29,08:48:48.266,55.28,235,67.1,0.8503,4418.3,422.2,3.939,2.18,3.89,0.01,0.01,-676.0,1873.0,362.0,-26503.0,26918,2056,117.7,0.0,11016.0,0,0,0,e1f,d4a,d4a,d4a,d4a,1,1,1,1,1,0,0,0,0,1,1,1,0,0,1,0,1,0,0,1,0,1,0,1,1,0,0,0,1,0,1,0,0,1,0,1,0,1,1,0,0,0,1,0,1,0,0,1,0,1,0,1,1,0,0,0,1,0,1,0,0,1,0,1,0,1,1,0,0
2026,3,29,08:48:48.286,55.30,5,67.1,0.8510,4397.5,401.4,3.939,2.18,3.89,0.01,0.01,-676.0,1873.0,362.0,-26517.0,26956,2063,120.8,0.0,11020.0,0,0,0,e1f,d4a,d4a,d4a,d4a,1,1,1,1,1,0,0,0,0,1,1,1,0,0,1,0,1,0,0,1,0,1,0,1,1,0,0,0,1,0,1,0,0,1,0,1,0,1,1,0,0,0,1,0,1,0,0,1,0,1,0,1,1,0,0,0,1,0,1,0,0,1,0,1,0,1,1,0,0
2026,3,29,08:48:48.306,55.32,25,67.1,0.8510,4397.5,401.4,3.940,2.18,3.89,0.01,0.01,-675.0,1873.0,362.0,-26530.0,26993,2070,123.8,0.0,11025.0,0,0,0,e1f,d4a,d4a,d4a,d4a,1,1,1,1,1,0,0,0,0,1,1,1,0,0,1,0,1,0,0,1,0,1,0,1,1,0,0,0,1,0,1,0,0,1,0,1,0,1,1,0,0,0,1,0,1,0,0,1,0,1,0,1,1,0,0,0,1,0,1,0,0,1,0,1,0,1,1,0,0
2026,3,29,08:48:48.326,55.34,45,67.1,0.8512,4389.3,393.2,3.939,2.18,3.89,0.01,0.01,-675.0,1874.0,362.0,-26544.0,27031,2078,126.5,0.0,11030.0,0,0,0,e1f,d4a,d4a,d4a,d4a,1,1,1,1,1,0,0,0,0,1,1,1,0,0,1,0,1,0,0,1,0,1,0,1,1,0,0,0,1,0,1,0,0,1,0,1,0,1,1,0,0,0,1,0,1,0,0,1,0,1,0,1,1,0,0,0,1,0,1,0,0,1,0,1,0,1,1,0,0
2026,3,29,08:48:48.346,55.36,65,67.1,0.8512,4389.3,393.2,3.939,2.18,3.89,0.01,0.01,-674.0,1874.0,363.0,-26557.0,27068,2085,129.1,0.0,11035.0,0,0,0,e1f,d4a,d4a,d4a,d4a,1,1,1,1,1,0,0,0,0,1,1,1,0,0,1,0,1,0,0,1,0,1,0,1,1,0,0,0,1,0,1,0,0,1,0,1,0,1,1,0,0,0,1,0,1,0,0,1,0,1,0,1,1,0,0,0,1,0,1,0,0,1,0,1,0,1,1,0,0
2026,3,29,08:48:48.366,55.38,85,67.1,0.8516,4379.2,383.1,3.939,2.18,3.89,0.01,0.01,-674.0,1874.0,363.0,-26571.0,27106,2092,131.5,0.0,11040.0,0,0,0,e1f,d4a,d4a,d4a,d4a,1,1,1,1,1,0,0,0,0,1,1,1,0,0,1,0,1,0,0,1,0,1,0,1,1,0,0,0,1,0,1,0,0,1,0,1,0,1,1,0,0,0,1,0,1,0,0,1,0,1,0,1,1,0,0,0,1,0,1,0,0,1,0,1,0,1,1,0,0
2026,3,29,08:48:48.386,55.40,105,67.1,0.8515,4379.8,383.8,3.939,2.18,3.89,0.01,0.01,-674.0,1874.0,364.0,-26584.0,27143,2099,133.7,0.0,11046.0,0,0,0,e1f,d4a,d4a,d4a,d4a,1,1,1,1,1,0,0,0,0,1,1,1,0,0,1,0,1,0,0,1,0,1,0,1,1,0,0,0,1,0,1,0,0,1,0,1,0,1,1,0,0,0,1,0,1,0,0,1,0,1,0,1,1,0,0,0,1,0,1,0,0,1,0,1,0,1,1,0,0
2026,3,29,08:48:48.406,55.42,125,67.1,0.8521,4362.2,366.1,3.939,2.18,3.89,0.01,0.01,-674.0,1875.0,364.0,-26598.0,27181,2107,135.8,0.0,11052.0,0,0,0,e1f,d4a,d4a,d4a,d4a,1,1,1,1,1,0,0,0,0,1,1,1,0,0,1,0,1,0,0,1,0,1,0,1,1,0,0,0,1,0,1,0,0,1,0,1,0,1,1,0,0,0,1,0,1,0,0,1,0,1,0,1,1,0,0,0,1,0,1,0,0,1,0,1,0,1,1,0,0
2026,3,29,08:48:48.426,55.44,145,67.1,0.8521,4361.6,365.5,3.939,2.18,3.89,0.01,0.01,-674.0,1875.0,365.0,-26611.0,27218,2114,137.7,0.0,11059.0,0,0,0,e1f,d4a,d4a,d4a,d4a,1,1,1,1,1,0,0,0,0,1,1,1,0,0,1,0,1,0,0,1,0,1,0,1,1,0,0,0,1,0,1,0,0,1,0,1,0,1,1,0,0,0,1,0,1,0,0,1,0,1,0,1,1,0,0,0,1,0,1,0,0,1,0,1,0,1,1,0,0
2026,3,29,08:48:48.446,55.46,165,67.1,0.8528,4340.8,344.7,3.940,2.18,3.89,0.01,0.01,-674.0,1875.0,365.0,-26625.0,27256,2121,139.5,0.0,11065.0,0,0,0,e1f,d4a,d4a,d4a,d4a,1,1,1,1,1,0,0,0,0,1,1,1,0,0,1,0,1,0,0,1,0,1,0,1,1,0,0,0,1,0,1,0,0,1,0,1,0,1,1,0,0,0,1,0,1,0,0,1,0,1,0,1,1,0,0,0,1,0,1,0,0,1,0,1,0,1,1,0,0
2026,3,29,08:48:48.466,55.48,185,67.1,0.8528,4340.8,344.7,3.940,2.18,3.89,0.01,0.01,-674.0,1875.0,366.0,-26638.0,27293,2129,141.2,0.0,11071.0,0,0,0,e1f,d4a,d4a,d4a,d4a,1,1,1,1,1,0,0,0,0,1,1,1,0,0,1,0,1,0,0,1,0,1,0,1,1,0,0,0,1,0,1,0,0,1,0,1,0,1,1,0,0,0,1,0,1,0,0,1,0,1,0,1,1,0,0,0,1,0,1,0,0,1,0,1,0,1,1,0,0
2026,3,29,08:48:48.486,55.50,205,67.1,0.8528,4340.8,344.7,3.940,2.18,3.89,0.01,0.01,-674.0,1875.0,366.0,-26652.0,27331,2136,142.7,0.0,11077.0,0,0,0,e1f,d4a,d4a,d4a,d4a,1,1,1,1,1,0,0,0,0,1,1,1,0,0,1,0,1,0,0,1,0,1,0,1,1,0,0,0,1,0,1,0,0,1,0,1,0,1,1,0,0,0,1,0,1,0,0,1,0,1,0,1,1,0,0,0,1,0,1,0,0,1,0,1,0,1,1,0,0
2026,3,29,08:48:48.506,55.52,225,67.1,0.8528,4340.8,344.7,3.940,2.18,3.89,0.01,0.01,-674.0,1875.0,367.0,-26665.0,27368,2143,144.2,0.0,11083.0,0,0,0,e1f,d4a,d4a,d4a,d4a,1,1,1,1,1,0,0,0,0,1,1,1,0,0,1,0,1,0,0,1,0,1,0,1,1,0,0,0,1,0,1,0,0,1,0,1,0,1,1,0,0,0,1,0,1,0,0,1,0,1,0,1,1,0,0,0,1,0,1,0,0,1,0,1,0,1,1,0,0
2026,3,29,08:48:48.526,55.54,245,67.1,0.8537,4313.1,317.0,3.940,2.18,3.89,0.01,0.01,-675.0,1875.0,367.0,-26679.0,27406,2151,145.6,0.0,11088.0,0,0,0,e1f,d4a,d4a,d4a,d4a,1,1,1,1,1,0,0,0,0,1,1,1,0,0,1,0,1,0,0,1,0,1,0,1,1,0,0,0,1,0,1,0,0,1,0,1,0,1,1,0,0,0,1,0,1,0,0,1,0,1,0,1,1,0,0,0,1,0,1,0,0,1,0,1,0,1,1,0,0
2026,3,29,08:48:48.546,55.56,15,67.1,0.8537,4313.1,317.0,3.940,2.18,3.89,0.01,0.01,-675.0,1875.0,367.0,-26692.0,27443,2158,147.0,0.0,11092.0,0,0,0,e1f,d4a,d4a,d4a,d4a,1,1,1,1,1,0,0,0,0,1,1,1,0,0,1,0,1,0,0,1,0,1,0,1,1,0,0,0,1,0,1,0,0,1,0,1,0,1,1,0,0,0,1,0,1,0,0,1,0,1,0,1,1,0,0,0,1,0,1,0,0,1,0,1,0,1,1,0,0
2026,3,29,08:48:48.566,55.58,35,67.1,0.8538,4308.7,312.6,3.939,2.18,3.89,0.01,0.01,-675.0,1876.0,368.0,-26706.0,27481,2165,148.3,0.0,11097.0,0,0,0,e1f,d4a,d4a,d4a,d4a,1,1,1,1,1,0,0,0,0,1,1,1,0,0,1,0,1,0,0,1,0,1,0,1,1,0,0,0,1,0,1,0,0,1,0,1,0,1,1,0,0,0,1,0,1,0,0,1,0,1,0,1,1,0,0,0,1,0,1,0,0,1,0,1,0,1,1,0,0
2026,3,29,08:48:48.586,55.60,55,67.1,0.8538,4308.7,312.6,3.940,2.18,3.89,0.01,0.01,-676.0,1876.0,368.0,-26719.0,27518,2173,149.6,0.0,11101.0,0,0,0,e1f,d4a,d4a,d4a,d4a,1,1,1,1,1,0,0,0,0,1,1,1,0,0,1,0,1,0,0,1,0,1,0,1,1,0,0,0,1,0,1,0,0,1,0,1,0,1,1,0,0,0,1,0,1,0,0,1,0,1,0,1,1,0,0,0,1,0,1,0,0,1,0,1,0,1,1,0,0
2026,3,29,08:48:48.606,55.62,75,67.1,0.8543,4293.6,297.5,3.940,2.18,3.89,0.01,0.01,-676.0,1877.0,368.0,-26733.0,27556,2180,150.9,0.0,11105.0,0,0,0,e1f,d4a,d4a,d4a,d4a,1,1,1,1,1,0,0,0,0,1,1,1,0,0,1,0,1,0,0,1,0,1,0,1,1,0,0,0,1,0,1,0,0,1,0,1,0,1,1,0,0,0,1,0,1,0,0,1,0,1,0,1,1,0,0,0,1,0,1,0,0,1,0,1,0,1,1,0,0
2026,3,29,08:48:48.626,55.64,95,67.1,0.8543,4293.6,297.5,3.940,2.18,3.89,0.01,0.01,-676.0,1877.0,369.0,-26747.0,27593,2187,152.1,0.0,11109.0,0,0,0,e1f,d4a,d4a,d4a,d4a,1,1,1,1,1,0,0,0,0,1,1,1,0,0,1,0,1,0,0,1,0,1,0,1,1,0,0,0,1,0,1,0,0,1,0,1,0,1,1,0,0,0,1,0,1,0,0,1,0,1,0,1,1,0,0,0,1,0,1,0,0,1,0,1,0,1,1,0,0
2026,3,29,08:48:48.646,55.66,115,67.1,0.8542,4296.7,300.7,3.940,2.18,3.89,0.01,0.01,-677.0,1878.0,369.0,-26760.0,27631,2195,153.2,0.0,11114.0,0,0,0,e1f,d4a,d4a,d4a,d4a,1,1,1,1,1,0,0,0,0,1,1,1,0,0,1,0,1,0,0,1,0,1,0,1,1,0,0,0,1,0,1,0,0,1,0,1,0,1,1,0,0,0,1,0,1,0,0,1,0,1,0,1,1,0,0,0,1,0,1,0,0,1,0,1,0,1,1,0,0
2026,3,29,08:48:48.906,55.68,125,67.1,0.8533,4325.7,329.6,3.939,2.19,3.89,0.01,0.01,-682.0,1883.0,372.0,-26937.0,28120,2291,162.4,0.0,11169.0,0,0,0,e1f,d4a,d4a,d4a,d4a,1,1,1,1,1,0,0,0,0,1,1,1,0,0,1,0,1,0,0,1,0,1,0,1,1,0,0,0,1,0,1,0,0,1,0,1,0,1,1,0,0,0,1,0,1,0,0,1,0,1,0,1,1,0,0,0,1,0,1,0,0,1,0,1,0,1,1,0,0
2026,3,29,08:48:48.926,55.70,145,67.1,0.8536,4314.3,318.3,3.940,2.19,3.89,0.01,0.01,-682.0,1884.0,372.0,-26950.0,28158,2299,163.0,0.0,11170.0,0,0,0,e1f,d4a,d4a,d4a,d4a,1,1,1,1,1,0,0,0,0,1,1,1,0,0,1,0,1,0,0,1,0,1,0,1,1,0,0,0,1,0,1,0,0,1,0,1,0,1,1,0,0,0,1,0,1,0,0,1,0,1,0,1,1,0,0,0,1,0,1,0,0,1,0,1,0,1,1,0,0
2026,3,29,08:48:48.946,55.72,165,67.1,0.8536,4314.3,318.3,3.939,2.19,3.89,0.01,0.01,-682.0,1884.0,372.0,-26964.0,28195,2306,163.6,0.0,11170.0,0,0,0,e1f,d4a,d4a,d4a,d4a,1,1,1,1,1,0,0,0,0,1,1,1,0,0,1,0,1,0,0,1,0,1,0,1,1,0,0,0,1,0,1,0,0,1,0,1,0,1,1,0,0,0,1,0,1,0,0,1,0,1,0,1,1,0,0,0,1,0,1,0,0,1,0,1,0,1,1,0,0
2026,3,29,08:48:48.966,55.74,185,67.1,0.8534,4321.3,325.2,3.939,2.19,3.89,0.01,0.01,-682.0,1885.0,372.0,-26978.0,28233,2314,164.1,0.0,11169.0,0,0,0,e1f,d4a,d4a,d4a,d4a,1,1,1,1,1,0,0,0,0,1,1,1,0,0,1,0,1,0,0,1,0,1,0,1,1,0,0,0,1,0,1,0,0,1,0,1,0,1,1,0,0,0,1,0,1,0,0,1,0,1,0,1,1,0,0,0,1,0,1,0,0,1,0,1,0,1,1,0,0
2026,3,29,23:17:04.087,55.76,128,59.0,0.9756,681.4,-3314.7,4.068,1.66,2.38,0.01,0.01,-419.0,-48.0,1420.0,-15669.0,-2483,-12525,144.7,0.0,53.0,0,0,0,eff,cc9,cc9,cc9,cc9,1,1,1,1,1,1,1,1,0,1,1,1,0,1,0,0,1,0,0,1,1,0,0,1,1,0,0,1,0,0,1,0,0,1,1,0,0,1,1,0,0,1,0,0,1,0,0,1,1,0,0,1,1,0,0,1,0,0,1,0,0,1,1,0,0,1,1,0,0
2026,3,29,23:17:04.107,55.78,148,59.0,0.9756,681.4,-3314.7,4.067,1.66,2.38,0.01,0.01,-419.0,-48.0,1421.0,-15677.0,-2484,-12497,144.7,0.0,53.0,0,0,0,eff,cc9,cc9,cc9,cc9,1,1,1,1,1,1,1,1,0,1,1,1,0,1,0,0,1,0,0,1,1,0,0,1,1,0,0,1,0,0,1,0,0,1,1,0,0,1,1,0,0,1,0,0,1,0,0,1,1,0,0,1,1,0,0,1,0,0,1,0,0,1,1,0,0,1,1,0,0
2026,3,29,23:17:04.127,55.80,168,59.0,0.9756,681.4,-3314.7,4.067,1.66,2.38,0.01,0.01,-419.0,-48.0,1421.0,-15686.0,-2485,-12468,144.7,0.0,53.0,0,0,0,eff,cc9,cc9,cc9,cc9,1,1,1,1,1,1,1,1,0,1,1,1,0,1,0,0,1,0,0,1,1,0,0,1,1,0,0,1,0,0,1,0,0,1,1,0,0,1,1,0,0,1,0,0,1,0,0,1,1,0,0,1,1,0,0,1,0,0,1,0,0,1,1,0,0,1,1,0,0
2026,3,29,23:17:04.147,55.82,188,59.0,0.9756,681.4,-3314.7,4.067,1.66,2.38,0.01,0.01,-419.0,-48.0,1422.0,-15694.0,-2486,-12440,144.7,0.0,53.0,0,0,0,eff,cc9,cc9,cc9,cc9,1,1,1,1,1,1,1,1,0,1,1,1,0,1,0,0,1,0,0,1,1,0,0,1,1,0,0,1,0,0,1,0,0,1,1,0,0,1,1,0,0,1,0,0,1,0,0,1,1,0,0,1,1,0,0,1,0,0,1,0,0,1,1,0,0,1,1,0,0
2026,3,29,08:48:44.826,55.84,45,67.1,0.8433,4639.9,643.9,3.939,2.08,3.89,0.01,0.01,-657.0,1800.0,341.0,-24223.0,20600,836,36.4,0.0,10531.0,0,0,0,e1f,d4e,d4a,d4a,d4a,1,1,1,1,1,0,0,0,0,1,1,1,0,0,1,1,1,0,0,1,0,1,0,1,1,0,0,0,1,0,1,0,0,1,0,1,0,1,1,0,0,0,1,0,1,0,0,1,0,1,0,1,1,0,0,0,1,0,1,0,0,1,0,1,0,1,1,0,0
2026,3,29,08:48:44.846,55.86,65,67.1,0.8428,4655.8,659.8,3.939,2.08,3.89,0.01,0.01,-656.0,1800.0,341.0,-24236.0,20636,842,36.9,0.0,10534.0,0,0,0,e1f,d4e,d4a,d4a,d4a,1,1,1,1,1,0,0,0,0,1,1,1,0,0,1,1,1,0,0,1,0,1,0,1,1,0,0,0,1,0,1,0,0,1,0,1,0,1,1,0,0,0,1,0,1,0,0,1,0,1,0,1,1,0,0,0,1,0,1,0,0,1,0,1,0,1,1,0,0
2026,3,29,08:48:44.866,55.88,85,67.0,0.8428,4657.1,661.0,3.940,2.08,3.89,0.01,0.01,-656.0,1800.0,341.0,-24250.0,20672,849,37.2,0.0,10537.0,0,0,0,e1f,d4e,d4a,d4a,d4a,1,1,1,1,1,0,0,0,0,1,1,1,0,0,1,1,1,0,0,1,0,1,0,1,1,0,0,0,1,0,1,0,0,1,0,1,0,1,1,0,0,0,1,0,1,0,0,1,0,1,0,1,1,0,0,0,1,0,1,0,0,1,0,1,0,1,1,0,0
2026,3,29,08:48:44.886,55.90,105,67.0,0.8422,4674.9,678.8,3.939,2.08,3.89,0.01,0.01,-656.0,1800.0,341.0,-24263.0,20708,856,37.3,0.0,10540.0,0,0,0,e1f,d4e,d4a,d4a,d4a,1,1,1,1,1,0,0,0,0,1,1,1,0,0,1,1,1,0,0,1,0,1,0,1,1,0,0,0,1,0,1,0,0,1,0,1,0,1,1,0,0,0,1,0,1,0,0,1,0,1,0,1,1,0,0,0,1,0,1,0,0,1,0,1,0,1,1,0,0
2026,3,29,08:48:44.906,55.92,125,67.0,0.8422,4675.5,679.5,3.939,2.08,3.89,0.01,0.01,-656.0,1800.0,341.0,-24276.0,20744,863,37.2,0.0,10543.0,0,0,0,e1f,d4e,d4a,d4a,d4a,1,1,1,1,1,0,0,0,0,1,1,1,0,0,1,1,1,0,0,1,0,1,0,1,1,0,0,0,1,0,1,0,0,1,0,1,0,1,1,0,0,0,1,0,1,0,0,1,0,1,0,1,1,0,0,0,1,0,1,0,0,1,0,1,0,1,1,0,0
2026,3,29,08:48:44.926,55.94,145,67.0,0.8416,4693.3,697.3,3.939,2.08,3.89,0.01,0.01,-656.0,1800.0,340.0,-24289.0,20780,870,36.8,0.0,10546.0,0,0,0,e1f,d4e,d4a,d4a,d4a,1,1,1,1,1,0,0,0,0,1,1,1,0,0,1,1,1,0,0,1,0,1,0,1,1,0,0,0,1,0,1,0,0,1,0,1,0,1,1,0,0,0,1,0,1,0,0,1,0,1,0,1,1,0,0,0,1,0,1,0,0,1,0,1,0,1,1,0,0
2026,3,29,08:48:44.946,55.96,165,67.0,0.8416,4694.6,698.5,3.939,2.08,3.89,0.01,0.01,-655.0,1800.0,340.0,-24302.0,20816,876,36.3,0.0,10550.0,0,0,0,e1f,d4e,d4a,d4a,d4a,1,1,1,1,1,0,0,0,0,1,1,1,0,0,1,1,1,0,0,1,0,1,0,1,1,0,0,0,1,0,1,0,0,1,0,1,0,1,1,0,0,0,1,0,1,0,0,1,0,1,0,1,1,0,0,0,1,0,1,0,0,1,0,1,0,1,1,0,0
2026,3,29,08:48:44.966,55.98,185,67.0,0.8409,4717.5,721.5,3.939,2.08,3.89,0.01,0.01,-655.0,1800.0,340.0,-24315.0,20852,883,35.5,0.0,10553.0,0,0,0,e1f,d4e,d4a,d4a,d4a,1,1,1,1,1,0,0,0,0,1,1,1,0,0,1,1,1,0,0,1,0,1,0,1,1,0,0,0,1,0,1,0,0,1,0,1,0,1,1,0,0,0,1,0,1,0,0,1,0,1,0,1,1,0,0,0,1,0,1,0,0,1,0,1,0,1,1,0,0
2026,3,29,08:48:44.986,56.00,205,66.9,0.8408,4718.8,722.7,3.939,2.08,3.89,0.01,0.01,-655.0,1800.0,340.0,-24328.0,20888,890,34.7,0.0,10556.0,0,0,0,e1f,d4e,d4a,d4a,d4a,1,1,1,1,1,0,0,0,0,1,1,1,0,0,1,1,1,0,0,1,0,1,0,1,1,0,0,0,1,0,1,0,0,1,0,1,0,1,1,0,0,0,1,0,1,0,0,1,0,1,0,1,1,0,0,0,1,0,1,0,0,1,0,1,0,1,1,0,0
2026,3,29,08:48:45.006,56.02,225,66.9,0.8399,4748.1,752.0,3.938,2.08,3.89,0.01,0.01,-655.0,1801.0,340.0,-24341.0,20924,897,33.6,0.0,10559.0,0,0,0,e1f,d4e,d4a,d4a,d4a,1,1,1,1,1,0,0,0,0,1,1,1,0,0,1,1,1,0,0,1,0,1,0,1,1,0,0,0,1,0,1,0,0,1,0,1,0,1,1,0,0,0,1,0,1,0,0,1,0,1,0,1,1,0,0,0,1,0,1,0,0,1,0,1,0,1,1,0,0
2026,3,29,08:48:45.026,56.04,245,66.9,0.8399,4749.4,753.3,3.938,2.08,3.89,0.01,0.01,-655.0,1801.0,340.0,-24355.0,20960,904,32.5,0.0,10562.0,0,0,0,e1f,d4e,d4a,d4a,d4a,1,1,1,1,1,0,0,0,0,1,1,1,0,0,1,1,1,0,0,1,0,1,0,1,1,0,0,0,1,0,1,0,0,1,0,1,0,1,1,0,0,0,1,0,1,0,0,1,0,1,0,1,1,0,0,0,1,0,1,0,0,1,0,1,0,1,1,0,0
2026,3,29,08:48:45.046,56.06,15,66.9,0.8392,4770.4,774.4,3.939,2.08,3.89,0.01,0.01,-655.0,1801.0,340.0,-24368.0,20996,911,31.4,0.0,10565.0,0,0,0,e1f,d4e,d4a,d4a,d4a,1,1,1,1,1,0,0,0,0,1,1,1,0,0,1,1,1,0,0,1,0,1,0,1,1,0,0,0,1,0,1,0,0,1,0,1,0,1,1,0,0,0,1,0,1,0,0,1,0,1,0,1,1,0,0,0,1,0,1,0,0,1,0,1,0,1,1,0,0
2026,3,29,08:48:45.066,56.08,35,66.9,0.8392,4771.7,775.6,3.939,2.08,3.88,0.01,0.01,-655.0,1802.0,340.0,-24381.0,21032,917,30.3,0.0,10568.0,0,0,0,e1f,d4e,d4a,d4a,d4a,1,1,1,1,1,0,0,0,0,1,1,1,0,0,1,1,1,0,0,1,0,1,0,1,1,0,0,0,1,0,1,0,0,1,0,1,0,1,1,0,0,0,1,0,1,0,0,1,0,1,0,1,1,0,0,0,1,0,1,0,0,1,0,1,0,1,1,0,0
2026,3,29,08:48:45.086,56.10,55,66.9,0.8387,4787.6,791.6,3.939,2.08,3.88,0.01,0.01,-656.0,1802.0,341.0,-24394.0,21068,924,29.3,0.0,10571.0,0,0,0,e1f,d4e,d4a,d4a,d4a,1,1,1,1,1,0,0,0,0,1,1,1,0,0,1,1,1,0,0,1,0,1,0,1,1,0,0,0,1,0,1,0,0,1,0,1,0,1,1,0,0,0,1,0,1,0,0,1,0,1,0,1,1,0,0,0,1,0,1,0,0,1,0,1,0,1,1,0,0
2026,3,29,08:48:45.106,56.12,75,66.8,0.8387,4788.3,792.2,3.939,2.08,3.89,0.01,0.01,-656.0,1803.0,341.0,-24407.0,21104,931,28.5,0.0,10574.0,0,0,0,e1f,d4e,d4a,d4a,d4a,1,1,1,1,1,0,0,0,0,1,1,1,0,0,1,1,1,0,0,1,0,1,0,1,1,0,0,0,1,0,1,0,0,1,0,1,0,1,1,0,0,0,1,0,1,0,0,1,0,1,0,1,1,0,0,0,1,0,1,0,0,1,0,1,0,1,1,0,0
2026,3,29,08:48:45.126,56.14,95,66.8,0.8381,4806.8,810.7,3.939,2.09,3.89,0.01,0.01,-656.0,1803.0,342.0,-24420.0,21140,938,27.8,0.0,10577.0,0,0,0,e1f,d4e,d4a,d4a,d4a,1,1,1,1,1,0,0,0,0,1,1,1,0,0,1,1,1,0,0,1,0,1,0,1,1,0,0,0,1,0,1,0,0,1,0,1,0,1,1,0,0,0,1,0,1,0,0,1,0,1,0,1,1,0,0,0,1,0,1,0,0,1,0,1,0,1,1,0,0
2026,3,29,08:48:45.146,56.16,115,66.8,0.8381,4807.4,811.4,3.939,2.09,3.89,0.01,0.01,-657.0,1804.0,343.0,-24433.0,21176,945,27.3,0.0,10580.0,0,0,0,e1f,d4e,d4a,d4a,d4a,1,1,1,1,1,0,0,0,0,1,1,1,0,0,1,1,1,0,0,1,0,1,0,1,1,0,0,0,1,0,1,0,0,1,0,1,0,1,1,0,0,0,1,0,1,0,0,1,0,1,0,1,1,0,0,0,1,0,1,0,0,1,0,1,0,1,1,0,0
2026,3,29,08:48:45.166,56.18,135,66.8,0.8373,4830.4,834.4,3.940,2.09,3.89,0.01,0.01,-657.0,1804.0,343.0,-24446.0,21212,952,27.0,0.0,10583.0,0,0,0,e1f,d4e,d4a,d4a,d4a,1,1,1,1,1,0,0,0,0,1,1,1,0,0,1,1,1,0,0,1,0,1,0,1,1,0,0,0,1,0,1,0,0,1,0,1,0,1,1,0,0,0,1,0,1,0,0,1,0,1,0,1,1,0,0,0,1,0,1,0,0,1,0,1,0,1,1,0,0
2026,3,29,08:48:45.186,56.20,155,66.8,0.8373,4830.4,834.4,3.939,2.09,3.89,0.01,0.01,-657.0,1804.0,344.0,-24460.0,21248,958,26.9,0.0,10586.0,0,0,0,e1f,d4e,d4a,d4a,d4a,1,1,1,1,1,0,0,0,0,1,1,1,0,0,1,1,1,0,0,1,0,1,0,1,1,0,0,0,1,0,1,0,0,1,0,1,0,1,1,0,0,0,1,0,1,0,0,1,0,1,0,1,1,0,0,0,1,0,1,0,0,1,0,1,0,1,1,0,0
2026,3,29,08:48:45.206,56.22,175,66.8,0.8369,4845.1,849.1,3.939,2.09,3.89,0.01,0.01,-658.0,1805.0,344.0,-24473.0,21284,965,27.0,0.0,10589.0,0,0,0,e1f,d4e,d4a,d4a,d4a,1,1,1,1,1,0,0,0,0,1,1,1,0,0,1,1,1,0,0,1,0,1,0,1,1,0,0,0,1,0,1,0,0,1,0,1,0,1,1,0,0,0,1,0,1,0,0,1,0,1,0,1,1,0,0,0,1,0,1,0,0,1,0,1,0,1,1,0,0
2026,3,29,08:48:45.226,56.24,195,66.8,0.8368,4846.4,850.4,3.939,2.09,3.89,0.01,0.01,-658.0,1805.0,345.0,-24486.0,21320,972,27.2,0.0,10592.0,0,0,0,e1f,d4e,d4a,d4a,d4a,1,1,1,1,1,0,0,0,0,1,1,1,0,0,1,1,1,0,0,1,0,1,0,1,1,0,0,0,1,0,1,0,0,1,0,1,0,1,1,0,0,0,1,0,1,0,0,1,0,1,0,1,1,0,0,0,1,0,1,0,0,1,0,1,0,1,1,0,0
2026,3,29,08:48:45.246,56.26,215,66.8,0.8366,4852.8,856.7,3.939,2.09,3.89,0.01,0.01,-658.0,1805.0,345.0,-24499.0,21356,979,27.7,0.0,10595.0,0,0,0,e1f,d4e,d4a,d4a,d4a,1,1,1,1,1,0,0,0,0,1,1,1,0,0,1,1,1,0,0,1,0,1,0,1,1,0,0,0,1,0,1,0,0,1,0,1,0,1,1,0,0,0,1,0,1,0,0,1,0,1,0,1,1,0,0,0,1,0,1,0,0,1,0,1,0,1,1,0,0
2026,3,29,08:48:45.266,56.28,235,66.8,0.8366,4853.4,857.4,3.940,2.09,3.89,0.01,0.01,-659.0,1806.0,345.0,-24512.0,21393,986,28.3,0.0,10598.0,0,0,0,e1f,d4e,d4a,d4a,d4a,1,1,1,1,1,0,0,0,0,1,1,1,0,0,1,1,1,0,0,1,0,1,0,1,1,0,0,0,1,0,1,0,0,1,0,1,0,1,1,0,0,0,1,0,1,0,0,1,0,1,0,1,1,0,0,0,1,0,1,0,0,1,0,1,0,1,1,0,0
2026,3,29,08:48:45.286,56.30,5,66.8,0.8363,4863.0,867.0,3.940,2.09,3.89,0.01,0.01,-659.0,1806.0,346.0,-24525.0,21429,993,29.1,0.0,10602.0,0,0,0,e1f,d4e,d4a,d4a,d4a,1,1,1,1,1,0,0,0,0,1,1,1,0,0,1,1,1,0,0,1,0,1,0,1,1,0,0,0,1,0,1,0,0,1,0,1,0,1,1,0,0,0,1,0,1,0,0,1,0,1,0,1,1,0,0,0,1,0,1,0,0,1,0,1,0,1,1,0,0
2026,3,29,08:48:45.306,56.32,25,66.8,0.8363,4863.7,867.6,3.939,2.09,3.89,0.01,0.01,-659.0,1806.0,346.0,-24539.0,21465,1000,29.9,0.0,10605.0,0,0,0,e1f,d4e,d4a,d4a,d4a,1,1,1,1,1,0,0,0,0,1,1,1,0,0,1,1,1,0,0,1,0,1,0,1,1,0,0,0,1,0,1,0,0,1,0,1,0,1,1,0,0,0,1,0,1,0,0,1,0,1,0,1,1,0,0,0,1,0,1,0,0,1,0,1,0,1,1,0,0
2026,3,29,08:48:45.326,56.34,45,66.8,0.8364,4860.5,864.4,3.939,2.09,3.89,0.01,0.01,-659.0,1807.0,346.0,-24552.0,21501,1007,30.8,0.0,10608.0,0,0,0,e1f,d4e,d4a,d4a,d4a,1,1,1,1,1,0,0,0,0,1,1,1,0,0,1,1,1,0,0,1,0,1,0,1,1,0,0,0,1,0,1,0,0,1,0,1,0,1,1,0,0,0,1,0,1,0,0,1,0,1,0,1,1,0,0,0,1,0,1,0,0,1,0,1,0,1,1,0,0
2026,3,29,08:48:45.346,56.36,65,66.8,0.8364,4859.8,863.8,3.940,2.09,3.89,0.01,0.01,-659.0,1807.0,346.0,-24565.0,21537,1014,31.8,0.0,10611.0,0,0,0,e1f,d4e,d4a,d4a,d4a,1,1,1,1,1,0,0,0,0,1,1,1,0,0,1,1,1,0,0,1,0,1,0,1,1,0,0,0,1,0,1,0,0,1,0,1,0,1,1,0,0,0,1,0,1,0,0,1,0,1,0,1,1,0,0,0,1,0,1,0,0,1,0,1,0,1,1,0,0
2026,3,29,08:48:45.366,56.38,85,66.8,0.8365,4858.6,862.5,3.939,2.09,3.89,0.01,0.01,-659.0,1808.0,345.0,-24578.0,21573,1021,32.8,0.0,10614.0,0,0,0,e1f,d4e,d4a,d4a,d4a,1,1,1,1,1,0,0,0,0,1,1,1,0,0,1,1,1,0,0,1,0,1,0,1,1,0,0,0,1,0,1,0,0,1,0,1,0,1,1,0,0,0,1,0,1,0,0,1,0,1,0,1,1,0,0,0,1,0,1,0,0,1,0,1,0,1,1,0,0
2026,3,29,08:48:45.386,56.40,105,66.8,0.8365,4858.6,862.5,3.939,2.09,3.89,0.01,0.01,-659.0,1808.0,345.0,-24591.0,21610,1028,33.7,0.0,10617.0,0,0,0,e1f,d4e,d4a,d4a,d4a,1,1,1,1,1,0,0,0,0,1,1,1,0,0,1,1,1,0,0,1,0,1,0,1,1,0,0,0,1,0,1,0,0,1,0,1,0,1,1,0,0,0,1,0,1,0,0,1,0,1,0,1,1,0,0,0,1,0,1,0,0,1,0,1,0,1,1,0,0
2026,3,29,08:48:45.406,56.42,125,66.8,0.8366,4854.7,858.7,3.939,2.09,3.89,0.01,0.01,-659.0,1809.0,345.0,-24605.0,21646,1034,34.7,0.0,10620.0,0,0,0,e1f,d4e,d4a,d4a,d4a,1,1,1,1,1,0,0,0,0,1,1,1,0,0,1,1,1,0,0,1,0,1,0,1,1,0,0,0,1,0,1,0,0,1,0,1,0,1,1,0,0,0,1,0,1,0,0,1,0,1,0,1,1,0,0,0,1,0,1,0,0,1,0,1,0,1,1,0,0
2026,3,29,08:48:45.426,56.44,145,66.8,0.8366,4854.1,858.0,3.939,2.09,3.89,0.01,0.01,-659.0,1809.0,345.0,-24618.0,21682,1041,35.5,0.0,10622.0,0,0,0,e1f,d4e,d4a,d4a,d4a,1,1,1,1,1,0,0,0,0,1,1,1,0,0,1,1,1,0,0,1,0,1,0,1,1,0,0,0,1,0,1,0,0,1,0,1,0,1,1,0,0,0,1,0,1,0,0,1,0,1,0,1,1,0,0,0,1,0,1,0,0,1,0,1,0,1,1,0,0
2026,3,29,08:48:45.446,56.46,165,66.8,0.8371,4839.4,843.3,3.939,2.09,3.89,0.01,0.01,-659.0,1810.0,344.0,-24631.0,21718,1048,36.3,0.0,10625.0,0,0,0,e1f,d4e,d4a,d4a,d4a,1,1,1,1,1,0,0,0,0,1,1,1,0,0,1,1,1,0,0,1,0,1,0,1,1,0,0,0,1,0,1,0,0,1,0,1,0,1,1,0,0,0,1,0,1,0,0,1,0,1,0,1,1,0,0,0,1,0,1,0,0,1,0,1,0,1,1,0,0
2026,3,29,08:48:45.466,56.48,185,66.8,0.8371,4838.7,842.7,3.940,2.09,3.89,0.01,0.01,-658.0,1810.0,344.0,-24644.0,21754,1055,37.0,0.0,10627.0,0,0,0,e1f,d4e,d4a,d4a,d4a,1,1,1,1,1,0,0,0,0,1,1,1,0,0,1,1,1,0,0,1,0,1,0,1,1,0,0,0,1,0,1,0,0,1,0,1,0,1,1,0,0,0,1,0,1,0,0,1,0,1,0,1,1,0,0,0,1,0,1,0,0,1,0,1,0,1,1,0,0
2026,3,29,08:48:45.486,56.50,205,66.8,0.8371,4838.7,842.7,3.939,2.09,3.89,0.01,0.01,-658.0,1811.0,343.0,-24657.0,21790,1062,37.6,0.0,10629.0,0,0,0,e1f,d4e,d4a,d4a,d4a,1,1,1,1,1,0,0,0,0,1,1,1,0,0,1,1,1,0,0,1,0,1,0,1,1,0,0,0,1,0,1,0,0,1,0,1,0,1,1,0,0,0,1,0,1,0,0,1,0,1,0,1,1,0,0,0,1,0,1,0,0,1,0,1,0,1,1,0,0
2026,3,29,08:48:45.506,56.52,225,66.8,0.8371,4838.1,842.0,3.940,2.09,3.89,0.01,0.01,-658.0,1811.0,343.0,-24670.0,21827,1069,38.0,0.0,10631.0,0,0,0,e1f,d4e,d4a,d4a,d4a,1,1,1,1,1,0,0,0,0,1,1,1,0,0,1,1,1,0,0,1,0,1,0,1,1,0,0,0,1,0,1,0,0,1,0,1,0,1,1,0,0,0,1,0,1,0,0,1,0,1,0,1,1,0,0,0,1,0,1,0,0,1,0,1,0,1,1,0,0
2026,3,29,08:48:45.526,56.54,245,66.8,0.8376,4823.4,827.3,3.939,2.09,3.89,0.01,0.01,-658.0,1812.0,343.0,-24684.0,21863,1076,38.4,0.0,10633.0,0,0,0,e1f,d4e,d4a,d4a,d4a,1,1,1,1,1,0,0,0,0,1,1,1,0,0,1,1,1,0,0,1,0,1,0,1,1,0,0,0,1,0,1,0,0,1,0,1,0,1,1,0,0,0,1,0,1,0,0,1,0,1,0,1,1,0,0,0,1,0,1,0,0,1,0,1,0,1,1,0,0
2026,3,29,08:48:45.546,56.56,15,66.9,0.8376,4822.1,826.1,3.940,2.09,3.89,0.01,0.01,-658.0,1812.0,343.0,-24697.0,21899,1083,38.6,0.0,10635.0,0,0,0,e1f,d4e,d4a,d4a,d4a,1,1,1,1,1,0,0,0,0,1,1,1,0,0,1,1,1,0,0,1,0,1,0,1,1,0,0,0,1,0,1,0,0,1,0,1,0,1,1,0,0,0,1,0,1,0,0,1,0,1,0,1,1,0,0,0,1,0,1,0,0,1,0,1,0,1,1,0,0
2026,3,29,08:48:45.566,56.58,35,66.9,0.8381,4806.2,810.1,3.939,2.09,3.89,0.01,0.01,-657.0,1813.0,342.0,-24710.0,21935,1090,38.8,0.0,10637.0,0,0,0,e1f,d4e,d4a,d4a,d4a,1,1,1,1,1,0,0,0,0,1,1,1,0,0,1,1,1,0,0,1,0,1,0,1,1,0,0,0,1,0,1,0,0,1,0,1,0,1,1,0,0,0,1,0,1,0,0,1,0,1,0,1,1,0,0,0,1,0,1,0,0,1,0,1,0,1,1,0,0
2026,3,29,08:48:45.586,56.60,55,66.9,0.8381,4804.9,808.8,3.939,2.09,3.89,0.01,0.01,-657.0,1814.0,342.0,-24723.0,21972,1096,38.8,0.0,10639.0,0,0,0,e1f,d4e,d4a,d4a,d4a,1,1,1,1,1,0,0,0,0,1,1,1,0,0,1,1,1,0,0,1,0,1,0,1,1,0,0,0,1,0,1,0,0,1,0,1,0,1,1,0,0,0,1,0,1,0,0,1,0,1,0,1,1,0,0,0,1,0,1,0,0,1,0,1,0,1,1,0,0
2026,3,29,08:48:45.606,56.62,75,66.9,0.8387,4787.0,791.0,3.940,2.09,3.89,0.01,0.01,-657.0,1815.0,342.0,-24736.0,22008,1103,38.6,0.0,10641.0,0,0,0,e1f,d4e,d4a,d4a,d4a,1,1,1,1,1,0,0,0,0,1,1,1,0,0,1,1,1,0,0,1,0,1,0,1,1,0,0,0,1,0,1,0,0,1,0,1,0,1,1,0,0,0,1,0,1,0,0,1,0,1,0,1,1,0,0,0,1,0,1,0,0,1,0,1,0,1,1,0,0
2026,3,29,08:48:45.626,56.64,95,66.9,0.8387,4785.7,789.7,3.939,2.09,3.89,0.01,0.01,-657.0,1816.0,342.0,-24749.0,22044,1110,38.4,0.0,10644.0,0,0,0,e1f,d4e,d4a,d4a,d4a,1,1,1,1,1,0,0,0,0,1,1,1,0,0,1,1,1,0,0,1,0,1,0,1,1,0,0,0,1,0,1,0,0,1,0,1,0,1,1,0,0,0,1,0,1,0,0,1,0,1,0,1,1,0,0,0,1,0,1,0,0,1,0,1,0,1,1,0,0
2026,3,29,08:48:45.646,56.66,115,66.9,0.8398,4753.2,757.1,3.939,2.09,3.89,0.01,0.01,-656.0,1816.0,342.0,-24763.0,22081,1117,37.9,0.0,10646.0,0,0,0,e1f,d4e,d4a,d4a,d4a,1,1,1,1,1,0,0,0,0,1,1,1,0,0,1,1,1,0,0,1,0,1,0,1,1,0,0,0,1,0,1,0,0,1,0,1,0,1,1,0,0,0,1,0,1,0,0,1,0,1,0,1,1,0,0,0,1,0,1,0,0,1,0,1,0,1,1,0,0
2026,3,29,08:48:45.666,56.68,135,67.0,0.8398,4752.6,756.5,3.939,2.09,3.89,0.01,0.01,-656.0,1817.0,342.0,-24776.0,22117,1124,37.4,0.0,10648.0,0,0,0,e1f,d4e,d4a,d4a,d4a,1,1,1,1,1,0,0,0,0,1,1,1,0,0,1,1,1,0,0,1,0,1,0,1,1,0,0,0,1,0,1,0,0,1,0,1,0,1,1,0,0,0,1,0,1,0,0,1,0,1,0,1,1,0,0,0,1,0,1,0,0,1,0,1,0,1,1,0,0
2026,3,29,08:48:45.686,56.70,155,67.0,0.8405,4730.9,734.8,3.940,2.10,3.89,0.01,0.01,-656.0,1818.0,342.0,-24789.0,22153,1131,36.7,0.0,10650.0,0,0,0,e1f,d4e,d4a,d4a,d4a,1,1,1,1,1,0,0,0,0,1,1,1,0,0,1,1,1,0,0,1,0,1,0,1,1,0,0,0,1,0,1,0,0,1,0,1,0,1,1,0,0,0,1,0,1,0,0,1,0,1,0,1,1,0,0,0,1,0,1,0,0,1,0,1,0,1,1,0,0
2026,3,29,08:48:45.706,56.72,175,67.0,0.8405,4730.3,734.2,3.939,2.10,3.89,0.01,0.01,-656.0,1819.0,342.0,-24802.0,22190,1138,35.9,0.0,10651.0,0,0,0,e1f,d4e,d4a,d4a,d4a,1,1,1,1,1,0,0,0,0,1,1,1,0,0,1,1,1,0,0,1,0,1,0,1,1,0,0,0,1,0,1,0,0,1,0,1,0,1,1,0,0,0,1,0,1,0,0,1,0,1,0,1,1,0,0,0,1,0,1,0,0,1,0,1,0,1,1,0,0
2026,3,29,08:48:45.726,56.74,195,67.0,0.8410,4712.4,716.4,3.940,2.10,3.89,0.01,0.01,-656.0,1820.0,343.0,-24815.0,22226,1144,35.1,0.0,10653.0,0,0,0,e1f,d4e,d4a,d4a,d4a,1,1,1,1,1,0,0,0,0,1,1,1,0,0,1,1,1,0,0,1,0,1,0,1,1,0,0,0,1,0,1,0,0,1,0,1,0,1,1,0,0,0,1,0,1,0,0,1,0,1,0,1,1,0,0,0,1,0,1,0,0,1,0,1,0,1,1,0,0
2026,3,29,08:48:45.746,56.76,215,67.0,0.8411,4711.8,715.7,3.940,2.10,3.89,0.01,0.01,-656.0,1821.0,343.0,-24828.0,22263,1151,34.2,0.0,10654.0,0,0,0,e1f,d4e,d4a,d4a,d4a,1,1,1,1,1,0,0,0,0,1,1,1,0,0,1,1,1,0,0,1,0,1,0,1,1,0,0,0,1,0,1,0,0,1,0,1,0,1,1,0,0,0,1,0,1,0,0,1,0,1,0,1,1,0,0,0,1,0,1,0,0,1,0,1,0,1,1,0,0
2026,3,29,08:48:45.766,56.78,235,67.0,0.8413,4704.2,708.1,3.939,2.10,3.89,0.01,0.01,-656.0,1822.0,344.0,-24841.0,22299,1158,33.2,0.0,10655.0,0,0,0,e1f,d4e,d4a,d4a,d4a,1,1,1,1,1,0,0,0,0,1,1,1,0,0,1,1,1,0,0,1,0,1,0,1,1,0,0,0,1,0,1,0,0,1,0,1,0,1,1,0,0,0,1,0,1,0,0,1,0,1,0,1,1,0,0,0,1,0,1,0,0,1,0,1,0,1,1,0,0
2026,3,29,08:48:45.786,56.80,5,67.0,0.8413,4702.9,706.8,3.940,2.10,3.89,0.01,0.01,-656.0,1823.0,344.0,-24854.0,22335,1165,32.3,0.0,10656.0,0,0,0,e1f,d4e,d4a,d4a,d4a,1,1,1,1,1,0,0,0,0,1,1,1,0,0,1,1,1,0,0,1,0,1,0,1,1,0,0,0,1,0,1,0,0,1,0,1,0,1,1,0,0,0,1,0,1,0,0,1,0,1,0,1,1,0,0,0,1,0,1,0,0,1,0,1,0,1,1,0,0
2026,3,29,08:48:45.806,56.82,25,67.0,0.8416,4693.3,697.3,3.939,2.10,3.89,0.01,0.01,-656.0,1824.0,345.0,-24868.0,22372,1172,31.3,0.0,10656.0,0,0,0,e1f,d4e,d4a,d4a,d4a,1,1,1,1,1,0,0,0,0,1,1,1,0,0,1,1,1,0,0,1,0,1,0,1,1,0,0,0,1,0,1,0,0,1,0,1,0,1,1,0,0,0,1,0,1,0,0,1,0,1,0,1,1,0,0,0,1,0,1,0,0,1,0,1,0,1,1,0,0
2026,3,29,08:48:45.826,56.84,45,67.0,0.8416,4693.3,697.3,3.938,2.10,3.89,0.01,0.01,-656.0,1824.0,346.0,-24881.0,22408,1179,30.3,0.0,10657.0,0,0,0,e1f,d4e,d4a,d4a,d4a,1,1,1,1,1,0,0,0,0,1,1,1,0,0,1,1,1,0,0,1,0,1,0,1,1,0,0,0,1,0,1,0,0,1,0,1,0,1,1,0,0,0,1,0,1,0,0,1,0,1,0,1,1,0,0,0,1,0,1,0,0,1,0,1,0,1,1,0,0
2026,3,29,08:48:45.846,56.86,65,67.0,0.8418,4688.2,692.2,3.939,2.10,3.89,0.01,0.01,-656.0,1825.0,347.0,-24894.0,22445,1186,29.3,0.0,10658.0,0,0,0,e1f,d4e,d4a,d4a,d4a,1,1,1,1,1,0,0,0,0,1,1,1,0,0,1,1,1,0,0,1,0,1,0,1,1,0,0,0,1,0,1,0,0,1,0,1,0,1,1,0,0,0,1,0,1,0,0,1,0,1,0,1,1,0,0,0,1,0,1,0,0,1,0,1,0,1,1,0,0
2026,3,29,08:48:45.866,56.88,85,67.0,0.8418,4688.9,692.8,3.939,2.10,3.89,0.01,0.01,-657.0,1826.0,348.0,-24907.0,22481,1193,28.3,0.0,10658.0,0,0,0,e1f,d4e,d4a,d4a,d4a,1,1,1,1,1,0,0,0,0,1,1,1,0,0,1,1,1,0,0,1,0,1,0,1,1,0,0,0,1,0,1,0,0,1,0,1,0,1,1,0,0,0,1,0,1,0,0,1,0,1,0,1,1,0,0,0,1,0,1,0,0,1,0,1,0,1,1,0,0
2026,3,29,08:48:45.886,56.90,105,67.0,0.8419,4683.8,687.7,3.939,2.10,3.89,0.01,0.01,-657.0,1827.0,348.0,-24920.0,22518,1200,27.4,0.0,10658.0,0,0,0,e1f,d4e,d4a,d4a,d4a,1,1,1,1,1,0,0,0,0,1,1,1,0,0,1,1,1,0,0,1,0,1,0,1,1,0,0,0,1,0,1,0,0,1,0,1,0,1,1,0,0,0,1,0,1,0,0,1,0,1,0,1,1,0,0,0,1,0,1,0,0,1,0,1,0,1,1,0,0
2026,3,29,08:48:45.906,56.92,125,67.0,0.8419,4683.8,687.7,3.939,2.10,3.89,0.01,0.01,-657.0,1828.0,349.0,-24933.0,22555,1207,26.5,0.0,10659.0,0,0,0,e1f,d4e,d4a,d4a,d4a,1,1,1,1,1,0,0,0,0,1,1,1,0,0,1,1,1,0,0,1,0,1,0,1,1,0,0,0,1,0,1,0,0,1,0,1,0,1,1,0,0,0,1,0,1,0,0,1,0,1,0,1,1,0,0,0,1,0,1,0,0,1,0,1,0,1,1,0,0
2026,3,29,08:48:45.926,56.94,145,67.0,0.8421,4677.4,681.4,3.940,2.10,3.89,0.01,0.01,-657.0,1828.0,350.0,-24946.0,22591,1214,25.6,0.0,10659.0,0,0,0,e1f,d4e,d4a,d4a,d4a,1,1,1,1,1,0,0,0,0,1,1,1,0,0,1,1,1,0,0,1,0,1,0,1,1,0,0,0,1,0,1,0,0,1,0,1,0,1,1,0,0,0,1,0,1,0,0,1,0,1,0,1,1,0,0,0,1,0,1,0,0,1,0,1,0,1,1,0,0
2026,3,29,08:48:45.946,56.96,165,67.0,0.8421,4678.1,682.0,3.940,2.10,3.89,0.01,0.01,-658.0,1829.0,351.0,-24960.0,22628,1221,24.9,0.0,10659.0,0,0,0,e1f,d4e,d4a,d4a,d4a,1,1,1,1,1,0,0,0,0,1,1,1,0,0,1,1,1,0,0,1,0,1,0,1,1,0,0,0,1,0,1,0,0,1,0,1,0,1,1,0,0,0,1,0,1,0,0,1,0,1,0,1,1,0,0,0,1,0,1,0,0,1,0,1,0,1,1,0,0
2026,3,29,08:48:45.966,56.98,185,67.0,0.8421,4678.1,682.0,3.938,2.10,3.89,0.01,0.01,-658.0,1829.0,351.0,-24973.0,22664,1228,24.2,0.0,10659.0,0,0,0,e1f,d4e,d4a,d4a,d4a,1,1,1,1,1,0,0,0,0,1,1,1,0,0,1,1,1,0,0,1,0,1,0,1,1,0,0,0,1,0,1,0,0,1,0,1,0,1,1,0,0,0,1,0,1,0,0,1,0,1,0,1,1,0,0,0,1,0,1,0,0,1,0,1,0,1,1,0,0
2026,3,29,08:48:45.986,57.00,205,67.0,0.8421,4678.7,682.6,3.939,2.10,3.89,0.01,0.01,-658.0,1830.0,352.0,-24986.0,22701,1235,23.7,0.0,10659.0,0,0,0,e1f,d4e,d4a,d4a,d4a,1,1,1,1,1,0,0,0,0,1,1,1,0,0,1,1,1,0,0,1,0,1,0,1,1,0,0,0,1,0,1,0,0,1,0,1,0,1,1,0,0,0,1,0,1,0,0,1,0,1,0,1,1,0,0,0,1,0,1,0,0,1,0,1,0,1,1,0,0
2026,3,29,08:48:46.006,57.02,225,67.0,0.8422,4675.5,679.5,3.940,2.10,3.89,0.01,0.01,-659.0,1831.0,352.0,-24999.0,22738,1242,23.3,0.0,10659.0,0,0,0,e1f,d4e,d4a,d4a,d4a,1,1,1,1,1,0,0,0,0,1,1,1,0,0,1,1,1,0,0,1,0,1,0,1,1,0,0,0,1,0,1,0,0,1,0,1,0,1,1,0,0,0,1,0,1,0,0,1,0,1,0,1,1,0,0,0,1,0,1,0,0,1,0,1,0,1,1,0,0
2026,3,29,08:48:46.026,57.04,245,67.0,0.8422,4675.5,679.5,3.939,2.10,3.89,0.01,0.01,-659.0,1831.0,353.0,-25012.0,22774,1249,23.0,0.0,10660.0,0,0,0,e1f,d4e,d4a,d4a,d4a,1,1,1,1,1,0,0,0,0,1,1,1,0,0,1,1,1,0,0,1,0,1,0,1,1,0,0,0,1,0,1,0,0,1,0,1,0,1,1,0,0,0,1,0,1,0,0,1,0,1,0,1,1,0,0,0,1,0,1,0,0,1,0,1,0,1,1,0,0
2026,3,29,08:48:46.046,57.06,15,67.0,0.8421,4678.7,682.6,3.939,2.10,3.89,0.01,0.01,-659.0,1832.0,353.0,-25025.0,22811,1256,22.8,0.0,10660.0,0,0,0,e1f,d4e,d4a,d4a,d4a,1,1,1,1,1,0,0,0,0,1,1,1,0,0,1,1,1,0,0,1,0,1,0,1,1,0,0,0,1,0,1,0,0,1,0,1,0,1,1,0,0,0,1,0,1,0,0,1,0,1,0,1,1,0,0,0,1,0,1,0,0,1,0,1,0,1,1,0,0
2026,3,29,08:48:46.066,57.08,35,66.9,0.8421,4679.3,683.3,3.940,2.10,3.89,0.01,0.01,-660.0,1833.0,353.0,-25039.0,22847,1263,22.8,0.0,10660.0,0,0,0,e1f,d4e,d4a,d4a,d4a,1,1,1,1,1,0,0,0,0,1,1,1,0,0,1,1,1,0,0,1,0,1,0,1,1,0,0,0,1,0,1,0,0,1,0,1,0,1,1,0,0,0,1,0,1,0,0,1,0,1,0,1,1,0,0,0,1,0,1,0,0,1,0,1,0,1,1,0,0
2026,3,29,08:48:46.086,57.10,55,66.9,0.8418,4688.9,692.8,3.939,2.10,3.89,0.01,0.01,-660.0,1833.0,353.0,-25052.0,22884,1270,22.9,0.0,10661.0,0,0,0,e1f,d4e,d4a,d4a,d4a,1,1,1,1,1,0,0,0,0,1,1,1,0,0,1,1,1,0,0,1,0,1,0,1,1,0,0,0,1,0,1,0,0,1,0,1,0,1,1,0,0,0,1,0,1,0,0,1,0,1,0,1,1,0,0,0,1,0,1,0,0,1,0,1,0,1,1,0,0
2026,3,29,08:48:46.106,57.12,75,66.9,0.8417,4690.2,694.1,3.939,2.10,3.89,0.01,0.01,-660.0,1834.0,354.0,-25065.0,22921,1277,23.1,0.0,10661.0,0,0,0,e1f,d4e,d4a,d4a,d4a,1,1,1,1,1,0,0,0,0,1,1,1,0,0,1,1,1,0,0,1,0,1,0,1,1,0,0,0,1,0,1,0,0,1,0,1,0,1,1,0,0,0,1,0,1,0,0,1,0,1,0,1,1,0,0,0,1,0,1,0,0,1,0,1,0,1,1,0,0
2026,3,29,08:48:46.126,57.14,95,66.9,0.8418,4687.0,690.9,3.940,2.10,3.89,0.01,0.01,-661.0,1835.0,354.0,-25078.0,22958,1284,23.4,0.0,10662.0,0,0,0,e1f,d4e,d4a,d4a,d4a,1,1,1,1,1,0,0,0,0,1,1,1,0,0,1,1,1,0,0,1,0,1,0,1,1,0,0,0,1,0,1,0,0,1,0,1,0,1,1,0,0,0,1,0,1,0,0,1,0,1,0,1,1,0,0,0,1,0,1,0,0,1,0,1,0,1,1,0,0
2026,3,29,08:48:46.146,57.16,115,66.9,0.8418,4687.6,691.5,3.940,2.10,3.89,0.01,0.01,-661.0,1835.0,354.0,-25092.0,22994,1291,23.9,0.0,10663.0,0,0,0,e1f,d4e,d4a,d4a,d4a,1,1,1,1,1,0,0,0,0,1,1,1,0,0,1,1,1,0,0,1,0,1,0,1,1,0,0,0,1,0,1,0,0,1,0,1,0,1,1,0,0,0,1,0,1,0,0,1,0,1,0,1,1,0,0,0,1,0,1,0,0,1,0,1,0,1,1,0,0
2026,3,29,08:48:46.166,57.18,135,66.9,0.8418,4688.9,692.8,3.939,2.10,3.89,0.01,0.01,-661.0,1836.0,354.0,-25105.0,23031,1298,24.4,0.0,10664.0,0,0,0,e1f,d4e,d4a,d4a,d4a,1,1,1,1,1,0,0,0,0,1,1,1,0,0,1,1,1,0,0,1,0,1,0,1,1,0,0,0,1,0,1,0,0,1,0,1,0,1,1,0,0,0,1,0,1,0,0,1,0,1,0,1,1,0,0,0,1,0,1,0,0,1,0,1,0,1,1,0,0
2026,3,29,08:48:46.186,57.20,155,66.9,0.8418,4688.9,692.8,3.939,2.10,3.89,0.01,0.01,-662.0,1837.0,354.0,-25118.0,23068,1306,25.1,0.0,10666.0,0,0,0,e1f,d4e,d4a,d4a,d4a,1,1,1,1,1,0,0,0,0,1,1,1,0,0,1,1,1,0,0,1,0,1,0,1,1,0,0,0,1,0,1,0,0,1,0,1,0,1,1,0,0,0,1,0,1,0,0,1,0,1,0,1,1,0,0,0,1,0,1,0,0,1,0,1,0,1,1,0,0
2026,3,29,08:48:46.206,57.22,175,66.9,0.8419,4685.7,689.6,3.939,2.10,3.89,0.01,0.01,-662.0,1838.0,354.0,-25131.0,23104,1313,25.9,0.0,10667.0,0,0,0,e1f,d4e,d4a,d4a,d4a,1,1,1,1,1,0,0,0,0,1,1,1,0,0,1,1,1,0,0,1,0,1,0,1,1,0,0,0,1,0,1,0,0,1,0,1,0,1,1,0,0,0,1,0,1,0,0,1,0,1,0,1,1,0,0,0,1,0,1,0,0,1,0,1,0,1,1,0,0
2026,3,29,08:48:46.226,57.24,195,66.9,0.8419,4685.7,689.6,3.940,2.10,3.89,0.01,0.01,-662.0,1839.0,354.0,-25145.0,23141,1320,26.8,0.0,10669.0,0,0,0,e1f,d4e,d4a,d4a,d4a,1,1,1,1,1,0,0,0,0,1,1,1,0,0,1,1,1,0,0,1,0,1,0,1,1,0,0,0,1,0,1,0,0,1,0,1,0,1,1,0,0,0,1,0,1,0,0,1,0,1,0,1,1,0,0,0,1,0,1,0,0,1,0,1,0,1,1,0,0
2026,3,29,08:48:46.246,57.26,215,66.9,0.8421,4678.1,682.0,3.939,2.11,3.89,0.01,0.01,-662.0,1840.0,354.0,-25158.0,23178,1327,27.9,0.0,10671.0,0,0,0,e1f,d4e,d4a,d4a,d4a,1,1,1,1,1,0,0,0,0,1,1,1,0,0,1,1,1,0,0,1,0,1,0,1,1,0,0,0,1,0,1,0,0,1,0,1,0,1,1,0,0,0,1,0,1,0,0,1,0,1,0,1,1,0,0,0,1,0,1,0,0,1,0,1,0,1,1,0,0
2026,3,29,08:48:46.266,57.28,235,66.9,0.8421,4678.1,682.0,3.940,2.11,3.89,0.01,0.01,-663.0,1841.0,354.0,-25171.0,23215,1334,29.3,0.0,10673.0,0,0,0,e1f,d4e,d4a,d4a,d4a,1,1,1,1,1,0,0,0,0,1,1,1,0,0,1,1,1,0,0,1,0,1,0,1,1,0,0,0,1,0,1,0,0,1,0,1,0,1,1,0,0,0,1,0,1,0,0,1,0,1,0,1,1,0,0,0,1,0,1,0,0,1,0,1,0,1,1,0,0
2026,3,29,08:48:46.286,57.30,5,66.9,0.8425,4666.6,670.6,3.940,2.11,3.89,0.01,0.01,-663.0,1841.0,353.0,-25184.0,23252,1341,30.8,0.0,10676.0,0,0,0,e1f,d4e,d4a,d4a,d4a,1,1,1,1,1,0,0,0,0,1,1,1,0,0,1,1,1,0,0,1,0,1,0,1,1,0,0,0,1,0,1,0,0,1,0,1,0,1,1,0,0,0,1,0,1,0,0,1,0,1,0,1,1,0,0,0,1,0,1,0,0,1,0,1,0,1,1,0,0
2026,3,29,08:48:46.306,57.32,25,66.9,0.8425,4666.6,670.6,3.939,2.11,3.89,0.01,0.01,-664.0,1842.0,353.0,-25198.0,23288,1348,32.6,0.0,10678.0,0,0,0,e1f,d4e,d4a,d4a,d4a,1,1,1,1,1,0,0,0,0,1,1,1,0,0,1,1,1,0,0,1,0,1,0,1,1,0,0,0,1,0,1,0,0,1,0,1,0,1,1,0,0,0,1,0,1,0,0,1,0,1,0,1,1,0,0,0,1,0,1,0,0,1,0,1,0,1,1,0,0
2026,3,29,08:48:46.326,57.34,45,66.9,0.8431,4648.2,652.1,3.939,2.11,3.89,0.01,0.01,-664.0,1842.0,353.0,-25211.0,23325,1355,34.6,0.0,10681.0,0,0,0,e1f,d4e,d4a,d4a,d4a,1,1,1,1,1,0,0,0,0,1,1,1,0,0,1,1,1,0,0,1,0,1,0,1,1,0,0,0,1,0,1,0,0,1,0,1,0,1,1,0,0,0,1,0,1,0,0,1,0,1,0,1,1,0,0,0,1,0,1,0,0,1,0,1,0,1,1,0,0
2026,3,29,08:48:46.346,57.36,65,66.9,0.8431,4648.2,652.1,3.940,2.11,3.89,0.01,0.01,-664.0,1843.0,353.0,-25224.0,23362,1362,36.7,0.0,10684.0,0,0,0,e1f,d4e,d4a,d4a,d4a,1,1,1,1,1,0,0,0,0,1,1,1,0,0,1,1,1,0,0,1,0,1,0,1,1,0,0,0,1,0,1,0,0,1,0,1,0,1,1,0,0,0,1,0,1,0,0,1,0,1,0,1,1,0,0,0,1,0,1,0,0,1,0,1,0,1,1,0,0
2026,3,29,08:48:46.366,57.38,85,66.9,0.8437,4628.5,632.4,3.940,2.11,3.89,0.01,0.01,-664.0,1843.0,352.0,-25237.0,23399,1369,38.8,0.0,10687.0,0,0,0,e1f,d4e,d4a,d4a,d4a,1,1,1,1,1,0,0,0,0,1,1,1,0,0,1,1,1,0,0,1,0,1,0,1,1,0,0,0,1,0,1,0,0,1,0,1,0,1,1,0,0,0,1,0,1,0,0,1,0,1,0,1,1,0,0,0,1,0,1,0,0,1,0,1,0,1,1,0,0
2026,3,29,08:48:46.386,57.40,105,66.9,0.8437,4627.9,631.8,3.940,2.11,3.89,0.01,0.01,-664.0,1843.0,352.0,-25251.0,23436,1376,41.0,0.0,10690.0,0,0,0,e1f,d4e,d4a,d4a,d4a,1,1,1,1,1,0,0,0,0,1,1,1,0,0,1,1,1,0,0,1,0,1,0,1,1,0,0,0,1,0,1,0,0,1,0,1,0,1,1,0,0,0,1,0,1,0,0,1,0,1,0,1,1,0,0,0,1,0,1,0,0,1,0,1,0,1,1,0,0
2026,3,29,08:48:46.406,57.42,125,66.9,0.8445,4603.1,607.0,3.940,2.11,3.89,0.01,0.01,-664.0,1843.0,352.0,-25264.0,23473,1383,43.0,0.0,10693.0,0,0,0,e1f,d4e,d4a,d4a,d4a,1,1,1,1,1,0,0,0,0,1,1,1,0,0,1,1,1,0,0,1,0,1,0,1,1,0,0,0,1,0,1,0,0,1,0,1,0,1,1,0,0,0,1,0,1,0,0,1,0,1,0,1,1,0,0,0,1,0,1,0,0,1,0,1,0,1,1,0,0
2026,3,29,08:48:46.426,57.44,145,67.0,0.8445,4602.5,606.4,3.939,2.11,3.89,0.01,0.01,-665.0,1842.0,352.0,-25277.0,23510,1390,45.1,0.0,10697.0,0,0,0,e1f,d4e,d4a,d4a,d4a,1,1,1,1,1,0,0,0,0,1,1,1,0,0,1,1,1,0,0,1,0,1,0,1,1,0,0,0,1,0,1,0,0,1,0,1,0,1,1,0,0,0,1,0,1,0,0,1,0,1,0,1,1,0,0,0,1,0,1,0,0,1,0,1,0,1,1,0,0
2026,3,29,08:48:46.446,57.46,165,67.0,0.8453,4577.7,581.7,3.939,2.11,3.89,0.01,0.01,-665.0,1842.0,352.0,-25291.0,23547,1397,47.1,0.0,10700.0,0,0,0,e1f,d4e,d4a,d4a,d4a,1,1,1,1,1,0,0,0,0,1,1,1,0,0,1,1,1,0,0,1,0,1,0,1,1,0,0,0,1,0,1,0,0,1,0,1,0,1,1,0,0,0,1,0,1,0,0,1,0,1,0,1,1,0,0,0,1,0,1,0,0,1,0,1,0,1,1,0,0
2026,3,29,08:48:46.466,57.48,185,67.0,0.8453,4576.5,580.4,3.939,2.11,3.89,0.01,0.01,-665.0,1842.0,352.0,-25304.0,23583,1404,49.0,0.0,10703.0,0,0,0,e1f,d4e,d4a,d4a,d4a,1,1,1,1,1,0,0,0,0,1,1,1,0,0,1,1,1,0,0,1,0,1,0,1,1,0,0,0,1,0,1,0,0,1,0,1,0,1,1,0,0,0,1,0,1,0,0,1,0,1,0,1,1,0,0,0,1,0,1,0,0,1,0,1,0,1,1,0,0
2026,3,29,08:48:46.486,57.50,205,67.0,0.8463,4546.0,550.0,3.939,2.11,3.89,0.01,0.01,-665.0,1842.0,351.0,-25317.0,23620,1412,50.9,0.0,10707.0,0,0,0,e1f,d4e,d4a,d4a,d4a,1,1,1,1,1,0,0,0,0,1,1,1,0,0,1,1,1,0,0,1,0,1,0,1,1,0,0,0,1,0,1,0,0,1,0,1,0,1,1,0,0,0,1,0,1,0,0,1,0,1,0,1,1,0,0,0,1,0,1,0,0,1,0,1,0,1,1,0,0
2026,3,29,08:48:46.506,57.52,225,67.0,0.8463,4544.8,548.7,3.939,2.11,3.89,0.01,0.01,-665.0,1842.0,351.0,-25331.0,23657,1419,52.7,0.0,10710.0,0,0,0,e1f,d4e,d4a,d4a,d4a,1,1,1,1,1,0,0,0,0,1,1,1,0,0,1,1,1,0,0,1,0,1,0,1,1,0,0,0,1,0,1,0,0,1,0,1,0,1,1,0,0,0,1,0,1,0,0,1,0,1,0,1,1,0,0,0,1,0,1,0,0,1,0,1,0,1,1,0,0
2026,3,29,08:48:46.526,57.54,245,67.0,0.8472,4516.9,520.8,3.940,2.11,3.89,0.01,0.01,-665.0,1841.0,351.0,-25344.0,23694,1426,54.4,0.0,10713.0,0,0,0,e1f,d4e,d4a,d4a,d4a,1,1,1,1,1,0,0,0,0,1,1,1,0,0,1,1,1,0,0,1,0,1,0,1,1,0,0,0,1,0,1,0,0,1,0,1,0,1,1,0,0,0,1,0,1,0,0,1,0,1,0,1,1,0,0,0,1,0,1,0,0,1,0,1,0,1,1,0,0
2026,3,29,08:48:46.546,57.56,15,67.1,0.8472,4516.3,520.2,3.939,2.11,3.89,0.01,0.01,-664.0,1841.0,351.0,-25357.0,23731,1433,55.9,0.0,10717.0,0,0,0,e1f,d4e,d4a,d4a,d4a,1,1,1,1,1,0,0,0,0,1,1,1,0,0,1,1,1,0,0,1,0,1,0,1,1,0,0,0,1,0,1,0,0,1,0,1,0,1,1,0,0,0,1,0,1,0,0,1,0,1,0,1,1,0,0,0,1,0,1,0,0,1,0,1,0,1,1,0,0
2026,3,29,08:48:46.566,57.58,35,67.1,0.8479,4495.4,499.3,3.940,2.12,3.89,0.01,0.01,-663.0,1841.0,351.0,-25370.0,23768,1440,57.2,0.0,10721.0,0,0,0,e1f,d4e,d4a,d4a,d4a,1,1,1,1,1,0,0,0,0,1,1,1,0,0,1,1,1,0,0,1,0,1,0,1,1,0,0,0,1,0,1,0,0,1,0,1,0,1,1,0,0,0,1,0,1,0,0,1,0,1,0,1,1,0,0,0,1,0,1,0,0,1,0,1,0,1,1,0,0
2026,3,29,08:48:46.586,57.60,55,67.1,0.8479,4494.1,498.1,3.937,2.12,3.89,0.01,0.01,-663.0,1841.0,351.0,-25384.0,23805,1447,58.2,0.0,10724.0,0,0,0,e1f,d4e,d4a,d4a,d4a,1,1,1,1,1,0,0,0,0,1,1,1,0,0,1,1,1,0,0,1,0,1,0,1,1,0,0,0,1,0,1,0,0,1,0,1,0,1,1,0,0,0,1,0,1,0,0,1,0,1,0,1,1,0,0,0,1,0,1,0,0,1,0,1,0,1,1,0,0
2026,3,29,08:48:46.606,57.62,75,67.1,0.8483,4481.5,485.4,3.939,2.12,3.89,0.01,0.01,-663.0,1841.0,351.0,-25397.0,23842,1454,59.1,0.0,10728.0,0,0,0,e1f,d4e,d4a,d4a,d4a,1,1,1,1,1,0,0,0,0,1,1,1,0,0,1,1,1,0,0,1,0,1,0,1,1,0,0,0,1,0,1,0,0,1,0,1,0,1,1,0,0,0,1,0,1,0,0,1,0,1,0,1,1,0,0,0,1,0,1,0,0,1,0,1,0,1,1,0,0
2026,3,29,08:48:46.626,57.64,95,67.1,0.8483,4481.5,485.4,3.940,2.12,3.89,0.01,0.01,-662.0,1841.0,350.0,-25410.0,23878,1461,59.9,0.0,10732.0,0,0,0,e1f,d4e,d4a,d4a,d4a,1,1,1,1,1,0,0,0,0,1,1,1,0,0,1,1,1,0,0,1,0,1,0,1,1,0,0,0,1,0,1,0,0,1,0,1,0,1,1,0,0,0,1,0,1,0,0,1,0,1,0,1,1,0,0,0,1,0,1,0,0,1,0,1,0,1,1,0,0
2026,3,29,08:48:46.646,57.66,115,67.1,0.8486,4473.3,477.2,3.940,2.12,3.89,0.01,0.01,-662.0,1841.0,350.0,-25424.0,23915,1468,60.5,0.0,10736.0,0,0,0,e1f,d4e,d4a,d4a,d4a,1,1,1,1,1,0,0,0,0,1,1,1,0,0,1,1,1,0,0,1,0,1,0,1,1,0,0,0,1,0,1,0,0,1,0,1,0,1,1,0,0,0,1,0,1,0,0,1,0,1,0,1,1,0,0,0,1,0,1,0,0,1,0,1,0,1,1,0,0
2026,3,29,08:48:46.666,57.68,135,67.1,0.8486,4472.6,476.6,3.940,2.12,3.89,0.01,0.01,-662.0,1841.0,350.0,-25437.0,23952,1475,61.2,0.0,10740.0,0,0,0,e1f,d4e,d4a,d4a,d4a,1,1,1,1,1,0,0,0,0,1,1,1,0,0,1,1,1,0,0,1,0,1,0,1,1,0,0,0,1,0,1,0,0,1,0,1,0,1,1,0,0,0,1,0,1,0,0,1,0,1,0,1,1,0,0,0,1,0,1,0,0,1,0,1,0,1,1,0,0
2026,3,29,08:48:46.686,57.70,155,67.1,0.8489,4464.4,468.3,3.939,2.12,3.89,0.01,0.01,-662.0,1841.0,350.0,-25450.0,23989,1482,61.8,0.0,10744.0,0,0,0,e1f,d4e,d4a,d4a,d4a,1,1,1,1,1,0,0,0,0,1,1,1,0,0,1,1,1,0,0,1,0,1,0,1,1,0,0,0,1,0,1,0,0,1,0,1,0,1,1,0,0,0,1,0,1,0,0,1,0,1,0,1,1,0,0,0,1,0,1,0,0,1,0,1,0,1,1,0,0
2026,3,29,08:48:46.706,57.72,175,67.1,0.8489,4464.4,468.3,3.939,2.13,3.89,0.01,0.01,-662.0,1841.0,350.0,-25463.0,24026,1489,62.3,0.0,10748.0,0,0,0,e1f,d4e,d4a,d4a,d4a,1,1,1,1,1,0,0,0,0,1,1,1,0,0,1,1,1,0,0,1,0,1,0,1,1,0,0,0,1,0,1,0,0,1,0,1,0,1,1,0,0,0,1,0,1,0,0,1,0,1,0,1,1,0,0,0,1,0,1,0,0,1,0,1,0,1,1,0,0
2026,3,29,08:48:46.726,57.74,195,67.1,0.8493,4451.8,455.7,3.939,2.13,3.89,0.01,0.01,-662.0,1841.0,350.0,-25477.0,24063,1496,62.8,0.0,10752.0,0,0,0,e1f,d4e,d4a,d4a,d4a,1,1,1,1,1,0,0,0,0,1,1,1,0,0,1,1,1,0,0,1,0,1,0,1,1,0,0,0,1,0,1,0,0,1,0,1,0,1,1,0,0,0,1,0,1,0,0,1,0,1,0,1,1,0,0,0,1,0,1,0,0,1,0,1,0,1,1,0,0
2026,3,29,08:48:46.746,57.76,215,67.1,0.8493,4451.1,455.1,3.939,2.13,3.89,0.01,0.01,-662.0,1841.0,350.0,-25490.0,24100,1503,63.1,0.0,10756.0,0,0,0,e1f,d4e,d4a,d4a,d4a,1,1,1,1,1,0,0,0,0,1,1,1,0,0,1,1,1,0,0,1,0,1,0,1,1,0,0,0,1,0,1,0,0,1,0,1,0,1,1,0,0,0,1,0,1,0,0,1,0,1,0,1,1,0,0,0,1,0,1,0,0,1,0,1,0,1,1,0,0
2026,3,29,08:48:46.766,57.78,235,67.1,0.8493,4449.9,453.8,3.939,2.13,3.89,0.01,0.01,-661.0,1841.0,350.0,-25503.0,24136,1510,63.4,0.0,10760.0,0,0,0,e1f,d4e,d4a,d4a,d4a,1,1,1,1,1,0,0,0,0,1,1,1,0,0,1,1,1,0,0,1,0,1,0,1,1,0,0,0,1,0,1,0,0,1,0,1,0,1,1,0,0,0,1,0,1,0,0,1,0,1,0,1,1,0,0,0,1,0,1,0,0,1,0,1,0,1,1,0,0
2026,3,29,08:48:46.786,57.80,5,67.1,0.8493,4449.2,453.2,3.939,2.13,3.89,0.01,0.01,-661.0,1841.0,350.0,-25516.0,24173,1517,63.5,0.0,10764.0,0,0,0,e1f,d4e,d4a,d4a,d4a,1,1,1,1,1,0,0,0,0,1,1,1,0,0,1,1,1,0,0,1,0,1,0,1,1,0,0,0,1,0,1,0,0,1,0,1,0,1,1,0,0,0,1,0,1,0,0,1,0,1,0,1,1,0,0,0,1,0,1,0,0,1,0,1,0,1,1,0,0
2026,3,29,08:48:46.806,57.82,25,67.1,0.8496,4441.7,445.6,3.939,2.13,3.89,0.01,0.01,-661.0,1841.0,350.0,-25530.0,24210,1524,63.5,0.0,10769.0,0,0,0,e1f,d4e,d4a,d4a,d4a,1,1,1,1,1,0,0,0,0,1,1,1,0,0,1,1,1,0,0,1,0,1,0,1,1,0,0,0,1,0,1,0,0,1,0,1,0,1,1,0,0,0,1,0,1,0,0,1,0,1,0,1,1,0,0,0,1,0,1,0,0,1,0,1,0,1,1,0,0
2026,3,29,08:48:46.826,57.84,45,67.1,0.8496,4441.7,445.6,3.939,2.14,3.89,0.01,0.01,-660.0,1841.0,351.0,-25543.0,24247,1531,63.4,0.0,10773.0,0,0,0,e1f,d4e,d4a,d4a,d4a,1,1,1,1,1,0,0,0,0,1,1,1,0,0,1,1,1,0,0,1,0,1,0,1,1,0,0,0,1,0,1,0,0,1,0,1,0,1,1,0,0,0,1,0,1,0,0,1,0,1,0,1,1,0,0,0,1,0,1,0,0,1,0,1,0,1,1,0,0
2026,3,29,08:48:46.846,57.86,65,67.1,0.8496,4441.7,445.6,3.940,2.14,3.89,0.01,0.01,-660.0,1841.0,351.0,-25556.0,24284,1538,63.1,0.0,10777.0,0,0,0,e1f,d4e,d4a,d4a,d4a,1,1,1,1,1,0,0,0,0,1,1,1,0,0,1,1,1,0,0,1,0,1,0,1,1,0,0,0,1,0,1,0,0,1,0,1,0,1,1,0,0,0,1,0,1,0,0,1,0,1,0,1,1,0,0,0,1,0,1,0,0,1,0,1,0,1,1,0,0
2026,3,29,08:48:46.866,57.88,85,67.1,0.8496,4441.7,445.6,3.939,2.14,3.89,0.01,0.01,-660.0,1841.0,351.0,-25569.0,24320,1545,62.8,0.0,10781.0,0,0,0,e1f,d4e,d4a,d4a,d4a,1,1,1,1,1,0,0,0,0,1,1,1,0,0,1,1,1,0,0,1,0,1,0,1,1,0,0,0,1,0,1,0,0,1,0,1,0,1,1,0,0,0,1,0,1,0,0,1,0,1,0,1,1,0,0,0,1,0,1,0,0,1,0,1,0,1,1,0,0
2026,3,29,08:48:46.886,57.90,105,67.1,0.8497,4436.6,440.6,3.939,2.14,3.89,0.01,0.01,-660.0,1841.0,352.0,-25582.0,24357,1552,62.3,0.0,10785.0,0,0,0,e1f,d4e,d4a,d4a,d4a,1,1,1,1,1,0,0,0,0,1,1,1,0,0,1,1,1,0,0,1,0,1,0,1,1,0,0,0,1,0,1,0,0,1,0,1,0,1,1,0,0,0,1,0,1,0,0,1,0,1,0,1,1,0,0,0,1,0,1,0,0,1,0,1,0,1,1,0,0
2026,3,29,08:48:46.906,57.92,125,67.1,0.8497,4436.6,440.6,3.940,2.14,3.89,0.01,0.01,-660.0,1841.0,352.0,-25596.0,24394,1559,61.8,0.0,10788.0,0,0,0,e1f,d4e,d4a,d4a,d4a,1,1,1,1,1,0,0,0,0,1,1,1,0,0,1,1,1,0,0,1,0,1,0,1,1,0,0,0,1,0,1,0,0,1,0,1,0,1,1,0,0,0,1,0,1,0,0,1,0,1,0,1,1,0,0,0,1,0,1,0,0,1,0,1,0,1,1,0,0
2026,3,29,08:48:46.926,57.94,145,67.1,0.8498,4433.5,437.4,3.939,2.15,3.89,0.01,0.01,-659.0,1841.0,353.0,-25609.0,24431,1566,61.1,0.0,10792.0,0,0,0,e1f,d4e,d4a,d4a,d4a,1,1,1,1,1,0,0,0,0,1,1,1,0,0,1,1,1,0,0,1,0,1,0,1,1,0,0,0,1,0,1,0,0,1,0,1,0,1,1,0,0,0,1,0,1,0,0,1,0,1,0,1,1,0,0,0,1,0,1,0,0,1,0,1,0,1,1,0,0
2026,3,29,08:48:46.946,57.96,165,67.1,0.8498,4433.5,437.4,3.939,2.15,3.89,0.01,0.01,-659.0,1841.0,353.0,-25622.0,24468,1573,60.3,0.0,10796.0,0,0,0,e1f,d4e,d4a,d4a,d4a,1,1,1,1,1,0,0,0,0,1,1,1,0,0,1,1,1,0,0,1,0,1,0,1,1,0,0,0,1,0,1,0,0,1,0,1,0,1,1,0,0,0,1,0,1,0,0,1,0,1,0,1,1,0,0,0,1,0,1,0,0,1,0,1,0,1,1,0,0
2026,3,29,08:48:46.966,57.98,185,67.1,0.8498,4434.7,438.7,3.939,2.15,3.89,0.01,0.01,-659.0,1841.0,354.0,-25635.0,24504,1580,59.4,0.0,10800.0,0,0,0,e1f,d4e,d4a,d4a,d4a,1,1,1,1,1,0,0,0,0,1,1,1,0,0,1,1,1,0,0,1,0,1,0,1,1,0,0,0,1,0,1,0,0,1,0,1,0,1,1,0,0,0,1,0,1,0,0,1,0,1,0,1,1,0,0,0,1,0,1,0,0,1,0,1,0,1,1,0,0
2026,3,29,08:48:46.986,58.00,205,67.1,0.8498,4434.7,438.7,3.940,2.15,3.89,0.01,0.01,-659.0,1841.0,354.0,-25648.0,24541,1587,58.4,0.0,10803.0,0,0,0,e1f,d4e,d4a,d4a,d4a,1,1,1,1,1,0,0,0,0,1,1,1,0,0,1,1,1,0,0,1,0,1,0,1,1,0,0,0,1,0,1,0,0,1,0,1,0,1,1,0,0,0,1,0,1,0,0,1,0,1,0,1,1,0,0,0,1,0,1,0,0,1,0,1,0,1,1,0,0
2026,3,29,08:48:47.006,58.02,225,67.1,0.8500,4429.7,433.6,3.940,2.15,3.89,0.01,0.01,-659.0,1842.0,355.0,-25662.0,24578,1594,57.3,0.0,10807.0,0,0,0,e1f,d4e,d4a,d4a,d4a,1,1,1,1,1,0,0,0,0,1,1,1,0,0,1,1,1,0,0,1,0,1,0,1,1,0,0,0,1,0,1,0,0,1,0,1,0,1,1,0,0,0,1,0,1,0,0,1,0,1,0,1,1,0,0,0,1,0,1,0,0,1,0,1,0,1,1,0,0
2026,3,29,08:48:47.026,58.04,245,67.1,0.8499,4430.3,434.2,3.941,2.15,3.89,0.01,0.01,-659.0,1842.0,355.0,-25675.0,24615,1602,56.1,0.0,10811.0,0,0,0,e1f,d4e,d4a,d4a,d4a,1,1,1,1,1,0,0,0,0,1,1,1,0,0,1,1,1,0,0,1,0,1,0,1,1,0,0,0,1,0,1,0,0,1,0,1,0,1,1,0,0,0,1,0,1,0,0,1,0,1,0,1,1,0,0,0,1,0,1,0,0,1,0,1,0,1,1,0,0
2026,3,29,08:48:47.046,58.06,15,67.1,0.8500,4428.4,432.3,3.939,2.15,3.89,0.01,0.01,-659.0,1842.0,356.0,-25688.0,24652,1609,54.7,0.0,10814.0,0,0,0,e1f,d4e,d4a,d4a,d4a,1,1,1,1,1,0,0,0,0,1,1,1,0,0,1,1,1,0,0,1,0,1,0,1,1,0,0,0,1,0,1,0,0,1,0,1,0,1,1,0,0,0,1,0,1,0,0,1,0,1,0,1,1,0,0,0,1,0,1,0,0,1,0,1,0,1,1,0,0
2026,3,29,08:48:47.066,58.08,35,67.1,0.8500,4428.4,432.3,3.940,2.15,3.89,0.01,0.01,-659.0,1842.0,357.0,-25701.0,24689,1616,53.2,0.0,10818.0,0,0,0,e1f,d4e,d4a,d4a,d4a,1,1,1,1,1,0,0,0,0,1,1,1,0,0,1,1,1,0,0,1,0,1,0,1,1,0,0,0,1,0,1,0,0,1,0,1,0,1,1,0,0,0,1,0,1,0,0,1,0,1,0,1,1,0,0,0,1,0,1,0,0,1,0,1,0,1,1,0,0
2026,3,29,08:48:47.086,58.10,55,67.1,0.8499,4431.6,435.5,3.939,2.15,3.89,0.01,0.01,-659.0,1842.0,357.0,-25714.0,24726,1623,51.7,0.0,10821.0,0,0,0,e1f,d4e,d4a,d4a,d4a,1,1,1,1,1,0,0,0,0,1,1,1,0,0,1,1,1,0,0,1,0,1,0,1,1,0,0,0,1,0,1,0,0,1,0,1,0,1,1,0,0,0,1,0,1,0,0,1,0,1,0,1,1,0,0,0,1,0,1,0,0,1,0,1,0,1,1,0,0
2026,3,29,08:48:47.106,58.12,75,67.1,0.8499,4431.6,435.5,3.940,2.15,3.89,0.01,0.01,-659.0,1842.0,358.0,-25727.0,24763,1630,50.0,0.0,10824.0,0,0,0,e1f,d4e,d4a,d4a,d4a,1,1,1,1,1,0,0,0,0,1,1,1,0,0,1,1,1,0,0,1,0,1,0,1,1,0,0,0,1,0,1,0,0,1,0,1,0,1,1,0,0,0,1,0,1,0,0,1,0,1,0,1,1,0,0,0,1,0,1,0,0,1,0,1,0,1,1,0,0
2026,3,29,08:48:47.126,58.14,95,67.1,0.8500,4428.4,432.3,3.939,2.15,3.89,0.01,0.01,-659.0,1842.0,359.0,-25741.0,24799,1637,48.2,0.0,10827.0,0,0,0,e1f,d4e,d4a,d4a,d4a,1,1,1,1,1,0,0,0,0,1,1,1,0,0,1,1,1,0,0,1,0,1,0,1,1,0,0,0,1,0,1,0,0,1,0,1,0,1,1,0,0,0,1,0,1,0,0,1,0,1,0,1,1,0,0,0,1,0,1,0,0,1,0,1,0,1,1,0,0
2026,3,29,08:48:47.146,58.16,115,67.1,0.8500,4428.4,432.3,3.940,2.15,3.89,0.01,0.01,-659.0,1842.0,359.0,-25754.0,24836,1644,46.3,0.0,10830.0,0,0,0,e1f,d4e,d4a,d4a,d4a,1,1,1,1,1,0,0,0,0,1,1,1,0,0,1,1,1,0,0,1,0,1,0,1,1,0,0,0,1,0,1,0,0,1,0,1,0,1,1,0,0,0,1,0,1,0,0,1,0,1,0,1,1,0,0,0,1,0,1,0,0,1,0,1,0,1,1,0,0
2026,3,29,08:48:47.166,58.18,135,67.1,0.8504,4417.0,421.0,3.940,2.16,3.89,0.01,0.01,-659.0,1842.0,360.0,-25767.0,24873,1652,44.3,0.0,10833.0,0,0,0,e1f,d4e,d4a,d4a,d4a,1,1,1,1,1,0,0,0,0,1,1,1,0,0,1,1,1,0,0,1,0,1,0,1,1,0,0,0,1,0,1,0,0,1,0,1,0,1,1,0,0,0,1,0,1,0,0,1,0,1,0,1,1,0,0,0,1,0,1,0,0,1,0,1,0,1,1,0,0
2026,3,29,08:48:47.186,58.20,155,67.1,0.8504,4417.0,421.0,3.939,2.16,3.89,0.01,0.01,-659.0,1843.0,361.0,-25780.0,24910,1659,42.2,0.0,10836.0,0,0,0,e1f,d4e,d4a,d4a,d4a,1,1,1,1,1,0,0,0,0,1,1,1,0,0,1,1,1,0,0,1,0,1,0,1,1,0,0,0,1,0,1,0,0,1,0,1,0,1,1,0,0,0,1,0,1,0,0,1,0,1,0,1,1,0,0,0,1,0,1,0,0,1,0,1,0,1,1,0,0
2026,3,29,08:48:47.206,58.22,175,67.1,0.8504,4415.8,419.7,3.939,2.16,3.89,0.01,0.01,-659.0,1843.0,362.0,-25793.0,24947,1666,39.9,0.0,10839.0,0,0,0,e1f,d4e,d4a,d4a,d4a,1,1,1,1,1,0,0,0,0,1,1,1,0,0,1,1,1,0,0,1,0,1,0,1,1,0,0,0,1,0,1,0,0,1,0,1,0,1,1,0,0,0,1,0,1,0,0,1,0,1,0,1,1,0,0,0,1,0,1,0,0,1,0,1,0,1,1,0,0
2026,3,29,08:48:47.226,58.24,195,67.1,0.8504,4415.8,419.7,3.940,2.16,3.89,0.01,0.01,-659.0,1843.0,363.0,-25807.0,24984,1673,37.5,0.0,10842.0,0,0,0,e1f,d4e,d4a,d4a,d4a,1,1,1,1,1,0,0,0,0,1,1,1,0,0,1,1,1,0,0,1,0,1,0,1,1,0,0,0,1,0,1,0,0,1,0,1,0,1,1,0,0,0,1,0,1,0,0,1,0,1,0,1,1,0,0,0,1,0,1,0,0,1,0,1,0,1,1,0,0
2026,3,29,08:48:47.246,58.26,215,67.1,0.8504,4415.8,419.7,3.939,2.16,3.89,0.01,0.01,-659.0,1843.0,364.0,-25820.0,25021,1681,34.9,0.0,10845.0,0,0,0,e1f,d4e,d4a,d4a,d4a,1,1,1,1,1,0,0,0,0,1,1,1,0,0,1,1,1,0,0,1,0,1,0,1,1,0,0,0,1,0,1,0,0,1,0,1,0,1,1,0,0,0,1,0,1,0,0,1,0,1,0,1,1,0,0,0,1,0,1,0,0,1,0,1,0,1,1,0,0
2026,3,29,08:48:47.266,58.28,235,67.1,0.8504,4415.8,419.7,3.940,2.16,3.89,0.01,0.01,-659.0,1844.0,364.0,-25833.0,25058,1688,32.3,0.0,10848.0,0,0,0,e1f,d4e,d4a,d4a,d4a,1,1,1,1,1,0,0,0,0,1,1,1,0,0,1,1,1,0,0,1,0,1,0,1,1,0,0,0,1,0,1,0,0,1,0,1,0,1,1,0,0,0,1,0,1,0,0,1,0,1,0,1,1,0,0,0,1,0,1,0,0,1,0,1,0,1,1,0,0
2026,3,29,08:48:47.286,58.30,5,67.1,0.8508,4402.5,406.5,3.939,2.16,3.89,0.01,0.01,-660.0,1844.0,365.0,-25846.0,25094,1695,29.7,0.0,10851.0,0,0,0,e1f,d4e,d4a,d4a,d4a,1,1,1,1,1,0,0,0,0,1,1,1,0,0,1,1,1,0,0,1,0,1,0,1,1,0,0,0,1,0,1,0,0,1,0,1,0,1,1,0,0,0,1,0,1,0,0,1,0,1,0,1,1,0,0,0,1,0,1,0,0,1,0,1,0,1,1,0,0
2026,3,29,08:48:47.306,58.32,25,67.1,0.8508,4402.5,406.5,3.939,2.16,3.89,0.01,0.01,-660.0,1845.0,366.0,-25859.0,25131,1703,27.1,0.0,10853.0,0,0,0,e1f,d4e,d4a,d4a,d4a,1,1,1,1,1,0,0,0,0,1,1,1,0,0,1,1,1,0,0,1,0,1,0,1,1,0,0,0,1,0,1,0,0,1,0,1,0,1,1,0,0,0,1,0,1,0,0,1,0,1,0,1,1,0,0,0,1,0,1,0,0,1,0,1,0,1,1,0,0
2026,3,29,08:48:47.326,58.34,45,67.1,0.8508,4404.4,408.4,3.939,2.16,3.89,0.01,0.01,-661.0,1845.0,366.0,-25873.0,25168,1710,24.5,0.0,10856.0,0,0,0,e1f,d4e,d4a,d4a,d4a,1,1,1,1,1,0,0,0,0,1,1,1,0,0,1,1,1,0,0,1,0,1,0,1,1,0,0,0,1,0,1,0,0,1,0,1,0,1,1,0,0,0,1,0,1,0,0,1,0,1,0,1,1,0,0,0,1,0,1,0,0,1,0,1,0,1,1,0,0
2026,3,29,08:48:47.346,58.36,65,67.1,0.8508,4404.4,408.4,3.940,2.16,3.89,0.01,0.01,-661.0,1846.0,367.0,-25886.0,25205,1717,22.0,0.0,10859.0,0,0,0,e1f,d4e,d4a,d4a,d4a,1,1,1,1,1,0,0,0,0,1,1,1,0,0,1,1,1,0,0,1,0,1,0,1,1,0,0,0,1,0,1,0,0,1,0,1,0,1,1,0,0,0,1,0,1,0,0,1,0,1,0,1,1,0,0,0,1,0,1,0,0,1,0,1,0,1,1,0,0
2026,3,29,08:48:47.366,58.38,85,67.1,0.8510,4396.2,400.2,3.939,2.16,3.89,0.01,0.01,-662.0,1847.0,367.0,-25899.0,25242,1725,19.5,0.0,10862.0,0,0,0,e1f,d4e,d4a,d4a,d4a,1,1,1,1,1,0,0,0,0,1,1,1,0,0,1,1,1,0,0,1,0,1,0,1,1,0,0,0,1,0,1,0,0,1,0,1,0,1,1,0,0,0,1,0,1,0,0,1,0,1,0,1,1,0,0,0,1,0,1,0,0,1,0,1,0,1,1,0,0
2026,3,29,08:48:47.386,58.40,105,67.1,0.8510,4396.2,400.2,3.939,2.16,3.89,0.01,0.01,-662.0,1848.0,367.0,-25912.0,25279,1732,17.3,0.0,10864.0,0,0,0,e1f,d4e,d4a,d4a,d4a,1,1,1,1,1,0,0,0,0,1,1,1,0,0,1,1,1,0,0,1,0,1,0,1,1,0,0,0,1,0,1,0,0,1,0,1,0,1,1,0,0,0,1,0,1,0,0,1,0,1,0,1,1,0,0,0,1,0,1,0,0,1,0,1,0,1,1,0,0
2026,3,29,08:48:47.406,58.42,125,67.1,0.8511,4393.1,397.0,3.940,2.16,3.89,0.01,0.01,-663.0,1848.0,368.0,-25926.0,25316,1739,15.2,0.0,10867.0,0,0,0,e1f,d4e,d4a,d4a,d4a,1,1,1,1,1,0,0,0,0,1,1,1,0,0,1,1,1,0,0,1,0,1,0,1,1,0,0,0,1,0,1,0,0,1,0,1,0,1,1,0,0,0,1,0,1,0,0,1,0,1,0,1,1,0,0,0,1,0,1,0,0,1,0,1,0,1,1,0,0
2026,3,29,08:48:47.426,58.44,145,67.1,0.8511,4393.7,397.6,3.938,2.16,3.89,0.01,0.01,-663.0,1849.0,368.0,-25939.0,25353,1747,13.5,0.0,10869.0,0,0,0,e1f,d4e,d4a,d4a,d4a,1,1,1,1,1,0,0,0,0,1,1,1,0,0,1,1,1,0,0,1,0,1,0,1,1,0,0,0,1,0,1,0,0,1,0,1,0,1,1,0,0,0,1,0,1,0,0,1,0,1,0,1,1,0,0,0,1,0,1,0,0,1,0,1,0,1,1,0,0
2026,3,29,08:48:47.446,58.46,165,67.1,0.8508,4401.9,405.8,3.939,2.16,3.89,0.01,0.01,-664.0,1850.0,368.0,-25952.0,25390,1754,12.0,0.0,10872.0,0,0,0,e1f,d4e,d4a,d4a,d4e,1,1,1,1,1,0,0,0,0,1,1,1,0,0,1,1,1,0,0,1,0,1,0,1,1,0,0,0,1,0,1,0,0,1,0,1,0,1,1,0,0,0,1,0,1,0,0,1,0,1,0,1,1,0,0,0,1,1,1,0,0,1,0,1,0,1,1,0,0
2026,3,29,08:48:47.466,58.48,185,67.1,0.8508,4402.5,406.5,3.939,2.16,3.89,0.01,0.01,-664.0,1851.0,368.0,-25965.0,25427,1761,11.0,0.0,10875.0,0,0,0,e1f,d4e,d4a,d4a,d4e,1,1,1,1,1,0,0,0,0,1,1,1,0,0,1,1,1,0,0,1,0,1,0,1,1,0,0,0,1,0,1,0,0,1,0,1,0,1,1,0,0,0,1,0,1,0,0,1,0,1,0,1,1,0,0,0,1,1,1,0,0,1,0,1,0,1,1,0,0
2026,3,29,08:48:47.486,58.50,205,67.1,0.8502,4423.4,427.3,3.939,2.16,3.89,0.01,0.01,-664.0,1851.0,368.0,-25979.0,25464,1769,10.6,0.0,10877.0,0,0,0,e1f,d46,d42,d42,d46,1,1,1,1,1,0,0,0,0,1,1,1,0,0,1,1,0,0,0,1,0,1,0,1,1,0,0,0,1,0,0,0,0,1,0,1,0,1,1,0,0,0,1,0,0,0,0,1,0,1,0,1,1,0,0,0,1,1,0,0,0,1,0,1,0,1,1,0,0
2026,3,29,08:48:47.506,58.52,225,67.0,0.8501,4424.6,428.6,3.939,2.16,3.89,0.01,0.01,-665.0,1852.0,368.0,-25992.0,25501,1776,10.6,0.0,10880.0,0,0,0,e1f,d46,d42,d42,d46,1,1,1,1,1,0,0,0,0,1,1,1,0,0,1,1,0,0,0,1,0,1,0,1,1,0,0,0,1,0,0,0,0,1,0,1,0,1,1,0,0,0,1,0,0,0,0,1,0,1,0,1,1,0,0,0,1,1,0,0,0,1,0,1,0,1,1,0,0
2026,3,29,08:48:47.526,58.54,245,67.0,0.8497,4437.2,441.2,3.939,2.16,3.89,0.01,0.01,-665.0,1853.0,369.0,-26005.0,25538,1784,11.1,0.0,10882.0,0,0,0,e1f,d46,d42,d42,d46,1,1,1,1,1,0,0,0,0,1,1,1,0,0,1,1,0,0,0,1,0,1,0,1,1,0,0,0,1,0,0,0,0,1,0,1,0,1,1,0,0,0,1,0,0,0,0,1,0,1,0,1,1,0,0,0,1,1,0,0,0,1,0,1,0,1,1,0,0
2026,3,29,08:48:47.546,58.56,15,67.0,0.8497,4438.5,442.4,3.939,2.17,3.89,0.01,0.01,-665.0,1854.0,369.0,-26019.0,25575,1791,11.9,0.0,10885.0,0,0,0,e1f,d46,d42,d42,d46,1,1,1,1,1,0,0,0,0,1,1,1,0,0,1,1,0,0,0,1,0,1,0,1,1,0,0,0,1,0,0,0,0,1,0,1,0,1,1,0,0,0,1,0,0,0,0,1,0,1,0,1,1,0,0,0,1,1,0,0,0,1,0,1,0,1,1,0,0
2026,3,29,08:48:47.566,58.58,35,67.0,0.8489,4462.5,466.4,3.938,2.17,3.89,0.01,0.01,-665.0,1855.0,369.0,-26032.0,25612,1798,13.0,0.0,10887.0,0,0,0,e1f,d46,d42,d42,d46,1,1,1,1,1,0,0,0,0,1,1,1,0,0,1,1,0,0,0,1,0,1,0,1,1,0,0,0,1,0,0,0,0,1,0,1,0,1,1,0,0,0,1,0,0,0,0,1,0,1,0,1,1,0,0,0,1,1,0,0,0,1,0,1,0,1,1,0,0
2026,3,29,08:48:47.586,58.60,55,67.0,0.8489,4463.8,467.7,3.939,2.17,3.89,0.01,0.01,-666.0,1856.0,369.0,-26045.0,25650,1806,14.2,0.0,10890.0,0,0,0,e1f,d4e,d4a,d4a,d4e,1,1,1,1,1,0,0,0,0,1,1,1,0,0,1,1,1,0,0,1,0,1,0,1,1,0,0,0,1,0,1,0,0,1,0,1,0,1,1,0,0,0,1,0,1,0,0,1,0,1,0,1,1,0,0,0,1,1,1,0,0,1,0,1,0,1,1,0,0
2026,3,29,08:48:47.606,58.62,75,67.0,0.8481,4489.7,493.6,3.939,2.17,3.89,0.01,0.01,-666.0,1857.0,369.0,-26059.0,25687,1813,15.6,0.0,10892.0,0,0,0,e1f,d4e,d4a,d4a,d4e,1,1,1,1,1,0,0,0,0,1,1,1,0,0,1,1,1,0,0,1,0,1,0,1,1,0,0,0,1,0,1,0,0,1,0,1,0,1,1,0,0,0,1,0,1,0,0,1,0,1,0,1,1,0,0,0,1,1,1,0,0,1,0,1,0,1,1,0,0
2026,3,29,08:48:47.626,58.64,95,66.9,0.8480,4491.0,494.9,3.939,2.17,3.89,0.01,0.01,-666.0,1858.0,370.0,-26072.0,25724,1820,17.1,0.0,10895.0,0,0,0,e1f,d4e,d4a,d4a,d4a,1,1,1,1,1,0,0,0,0,1,1,1,0,0,1,1,1,0,0,1,0,1,0,1,1,0,0,0,1,0,1,0,0,1,0,1,0,1,1,0,0,0,1,0,1,0,0,1,0,1,0,1,1,0,0,0,1,0,1,0,0,1,0,1,0,1,1,0,0
2026,3,29,08:48:47.646,58.66,115,66.9,0.8474,4509.9,513.9,3.939,2.17,3.89,0.01,0.01,-666.0,1858.0,370.0,-26085.0,25761,1828,18.7,0.0,10897.0,0,0,0,e1f,d4e,d4a,d4a,d4a,1,1,1,1,1,0,0,0,0,1,1,1,0,0,1,1,1,0,0,1,0,1,0,1,1,0,0,0,1,0,1,0,0,1,0,1,0,1,1,0,0,0,1,0,1,0,0,1,0,1,0,1,1,0,0,0,1,0,1,0,0,1,0,1,0,1,1,0,0
2026,3,29,08:48:47.666,58.68,135,66.9,0.8474,4511.8,515.8,3.940,2.17,3.89,0.01,0.01,-667.0,1859.0,370.0,-26099.0,25798,1835,20.4,0.0,10900.0,0,0,0,e1f,d4e,d4a,d4a,d4a,1,1,1,1,1,0,0,0,0,1,1,1,0,0,1,1,1,0,0,1,0,1,0,1,1,0,0,0,1,0,1,0,0,1,0,1,0,1,1,0,0,0,1,0,1,0,0,1,0,1,0,1,1,0,0,0,1,0,1,0,0,1,0,1,0,1,1,0,0
2026,3,29,08:48:47.686,58.70,155,66.9,0.8464,4541.0,544.9,3.939,2.17,3.89,0.01,0.01,-667.0,1860.0,370.0,-26112.0,25835,1843,22.2,0.0,10902.0,0,0,0,e1f,d4e,d4a,d4a,d4a,1,1,1,1,1,0,0,0,0,1,1,1,0,0,1,1,1,0,0,1,0,1,0,1,1,0,0,0,1,0,1,0,0,1,0,1,0,1,1,0,0,0,1,0,1,0,0,1,0,1,0,1,1,0,0,0,1,0,1,0,0,1,0,1,0,1,1,0,0
2026,3,29,08:48:47.706,58.72,175,66.9,0.8464,4541.6,545.5,3.939,2.17,3.89,0.01,0.01,-667.0,1861.0,370.0,-26125.0,25873,1850,24.1,0.0,10904.0,0,0,0,e1f,d4e,d4a,d4a,d4a,1,1,1,1,1,0,0,0,0,1,1,1,0,0,1,1,1,0,0,1,0,1,0,1,1,0,0,0,1,0,1,0,0,1,0,1,0,1,1,0,0,0,1,0,1,0,0,1,0,1,0,1,1,0,0,0,1,0,1,0,0,1,0,1,0,1,1,0,0
2026,3,29,08:48:47.726,58.74,195,66.9,0.8457,4564.4,568.3,3.940,2.17,3.89,0.01,0.01,-668.0,1861.0,371.0,-26139.0,25910,1858,26.2,0.0,10907.0,0,0,0,e1f,d4e,d4a,d4a,d4a,1,1,1,1,1,0,0,0,0,1,1,1,0,0,1,1,1,0,0,1,0,1,0,1,1,0,0,0,1,0,1,0,0,1,0,1,0,1,1,0,0,0,1,0,1,0,0,1,0,1,0,1,1,0,0,0,1,0,1,0,0,1,0,1,0,1,1,0,0
2026,3,29,08:48:47.746,58.76,215,66.8,0.8457,4565.7,569.6,3.939,2.17,3.89,0.01,0.01,-668.0,1862.0,371.0,-26152.0,25947,1865,28.5,0.0,10909.0,0,0,0,e1f,d4e,d4a,d4a,d4a,1,1,1,1,1,0,0,0,0,1,1,1,0,0,1,1,1,0,0,1,0,1,0,1,1,0,0,0,1,0,1,0,0,1,0,1,0,1,1,0,0,0,1,0,1,0,0,1,0,1,0,1,1,0,0,0,1,0,1,0,0,1,0,1,0,1,1,0,0
2026,3,29,08:48:47.766,58.78,235,66.8,0.8452,4579.0,582.9,3.938,2.17,3.89,0.01,0.01,-669.0,1862.0,371.0,-26165.0,25984,1872,30.9,0.0,10912.0,0,0,0,e1f,d4e,d4a,d4a,d4a,1,1,1,1,1,0,0,0,0,1,1,1,0,0,1,1,1,0,0,1,0,1,0,1,1,0,0,0,1,0,1,0,0,1,0,1,0,1,1,0,0,0,1,0,1,0,0,1,0,1,0,1,1,0,0,0,1,0,1,0,0,1,0,1,0,1,1,0,0
2026,3,29,08:48:47.786,58.80,5,66.8,0.8452,4579.6,583.6,3.939,2.17,3.89,0.01,0.01,-670.0,1863.0,371.0,-26179.0,26022,1880,33.4,0.0,10914.0,0,0,0,e1f,d4e,d4a,d4a,d4a,1,1,1,1,1,0,0,0,0,1,1,1,0,0,1,1,1,0,0,1,0,1,0,1,1,0,0,0,1,0,1,0,0,1,0,1,0,1,1,0,0,0,1,0,1,0,0,1,0,1,0,1,1,0,0,0,1,0,1,0,0,1,0,1,0,1,1,0,0
2026,3,29,08:48:47.806,58.82,25,66.8,0.8444,4606.9,610.8,3.939,2.17,3.89,0.01,0.01,-670.0,1863.0,370.0,-26192.0,26059,1887,36.1,0.0,10917.0,0,0,0,e1f,d4e,d4a,d4a,d4a,1,1,1,1,1,0,0,0,0,1,1,1,0,0,1,1,1,0,0,1,0,1,0,1,1,0,0,0,1,0,1,0,0,1,0,1,0,1,1,0,0,0,1,0,1,0,0,1,0,1,0,1,1,0,0,0,1,0,1,0,0,1,0,1,0,1,1,0,0
2026,3,29,08:48:47.826,58.84,45,66.8,0.8443,4608.2,612.1,3.939,2.17,3.89,0.01,0.01,-671.0,1863.0,370.0,-26206.0,26096,1895,38.9,0.0,10919.0,0,0,0,e1f,d4e,d4a,d4a,d4a,1,1,1,1,1,0,0,0,0,1,1,1,0,0,1,1,1,0,0,1,0,1,0,1,1,0,0,0,1,0,1,0,0,1,0,1,0,1,1,0,0,0,1,0,1,0,0,1,0,1,0,1,1,0,0,0,1,0,1,0,0,1,0,1,0,1,1,0,0
2026,3,29,08:48:47.846,58.86,65,66.8,0.8440,4619.6,623.5,3.939,2.17,3.89,0.01,0.01,-672.0,1864.0,370.0,-26219.0,26133,1902,41.9,0.0,10922.0,0,0,0,e1f,d4e,d4a,d4a,d4a,1,1,1,1,1,0,0,0,0,1,1,1,0,0,1,1,1,0,0,1,0,1,0,1,1,0,0,0,1,0,1,0,0,1,0,1,0,1,1,0,0,0,1,0,1,0,0,1,0,1,0,1,1,0,0,0,1,0,1,0,0,1,0,1,0,1,1,0,0
2026,3,29,08:48:47.866,58.88,85,66.8,0.8440,4619.6,623.5,3.939,2.17,3.89,0.01,0.01,-673.0,1864.0,370.0,-26232.0,26171,1909,45.0,0.0,10924.0,0,0,0,e1f,d4e,d4a,d4a,d4a,1,1,1,1,1,0,0,0,0,1,1,1,0,0,1,1,1,0,0,1,0,1,0,1,1,0,0,0,1,0,1,0,0,1,0,1,0,1,1,0,0,0,1,0,1,0,0,1,0,1,0,1,1,0,0,0,1,0,1,0,0,1,0,1,0,1,1,0,0
2026,3,29,08:48:47.886,58.90,105,66.8,0.8442,4613.3,617.2,3.940,2.17,3.89,0.01,0.01,-674.0,1864.0,370.0,-26246.0,26208,1917,48.3,0.0,10927.0,0,0,0,e1f,d4e,d4a,d4a,d4a,1,1,1,1,1,0,0,0,0,1,1,1,0,0,1,1,1,0,0,1,0,1,0,1,1,0,0,0,1,0,1,0,0,1,0,1,0,1,1,0,0,0,1,0,1,0,0,1,0,1,0,1,1,0,0,0,1,0,1,0,0,1,0,1,0,1,1,0,0
2026,3,29,08:48:47.906,58.92,125,66.8,0.8441,4613.9,617.8,3.939,2.17,3.89,0.01,0.01,-674.0,1865.0,369.0,-26259.0,26245,1924,51.7,0.0,10929.0,0,0,0,e1f,d4e,d4a,d4a,d4a,1,1,1,1,1,0,0,0,0,1,1,1,0,0,1,1,1,0,0,1,0,1,0,1,1,0,0,0,1,0,1,0,0,1,0,1,0,1,1,0,0,0,1,0,1,0,0,1,0,1,0,1,1,0,0,0,1,0,1,0,0,1,0,1,0,1,1,0,0
2026,3,29,08:48:47.926,58.94,145,66.8,0.8439,4621.5,625.4,3.940,2.17,3.89,0.01,0.01,-675.0,1865.0,369.0,-26273.0,26283,1932,55.3,0.0,10932.0,0,0,0,e1f,d4e,d4a,d4a,d4a,1,1,1,1,1,0,0,0,0,1,1,1,0,0,1,1,1,0,0,1,0,1,0,1,1,0,0,0,1,0,1,0,0,1,0,1,0,1,1,0,0,0,1,0,1,0,0,1,0,1,0,1,1,0,0,0,1,0,1,0,0,1,0,1,0,1,1,0,0
2026,3,29,08:48:47.946,58.96,165,66.8,0.8439,4621.5,625.4,3.939,2.17,3.89,0.01,0.01,-676.0,1866.0,369.0,-26286.0,26320,1939,58.9,0.0,10935.0,0,0,0,e1f,d4e,d4a,d4a,d4a,1,1,1,1,1,0,0,0,0,1,1,1,0,0,1,1,1,0,0,1,0,1,0,1,1,0,0,0,1,0,1,0,0,1,0,1,0,1,1,0,0,0,1,0,1,0,0,1,0,1,0,1,1,0,0,0,1,0,1,0,0,1,0,1,0,1,1,0,0
2026,3,29,08:48:47.966,58.98,185,66.8,0.8439,4620.2,624.2,3.939,2.17,3.89,0.01,0.01,-676.0,1866.0,368.0,-26300.0,26357,1946,62.6,0.0,10938.0,0,0,0,e1f,d4e,d4a,d4a,d4a,1,1,1,1,1,0,0,0,0,1,1,1,0,0,1,1,1,0,0,1,0,1,0,1,1,0,0,0,1,0,1,0,0,1,0,1,0,1,1,0,0,0,1,0,1,0,0,1,0,1,0,1,1,0,0,0,1,0,1,0,0,1,0,1,0,1,1,0,0
2026,3,29,08:48:47.986,59.00,205,66.8,0.8440,4619.6,623.5,3.940,2.17,3.89,0.01,0.01,-677.0,1867.0,367.0,-26314.0,26395,1954,66.4,0.0,10942.0,0,0,0,e1f,d4e,d4a,d4a,d4a,1,1,1,1,1,0,0,0,0,1,1,1,0,0,1,1,1,0,0,1,0,1,0,1,1,0,0,0,1,0,1,0,0,1,0,1,0,1,1,0,0,0,1,0,1,0,0,1,0,1,0,1,1,0,0,0,1,0,1,0,0,1,0,1,0,1,1,0,0
2026,3,29,08:48:48.006,59.02,225,66.8,0.8443,4608.2,612.1,3.939,2.17,3.89,0.01,0.01,-677.0,1867.0,367.0,-26327.0,26432,1961,70.3,0.0,10946.0,0,0,0,e1f,d4e,d4a,d4a,d4a,1,1,1,1,1,0,0,0,0,1,1,1,0,0,1,1,1,0,0,1,0,1,0,1,1,0,0,0,1,0,1,0,0,1,0,1,0,1,1,0,0,0,1,0,1,0,0,1,0,1,0,1,1,0,0,0,1,0,1,0,0,1,0,1,0,1,1,0,0
2026,3,29,08:48:48.026,59.04,245,66.8,0.8443,4607.5,611.5,3.940,2.17,3.89,0.01,0.01,-678.0,1868.0,366.0,-26341.0,26469,1969,74.2,0.0,10950.0,0,0,0,e1f,d4e,d4a,d4a,d4a,1,1,1,1,1,0,0,0,0,1,1,1,0,0,1,1,1,0,0,1,0,1,0,1,1,0,0,0,1,0,1,0,0,1,0,1,0,1,1,0,0,0,1,0,1,0,0,1,0,1,0,1,1,0,0,0,1,0,1,0,0,1,0,1,0,1,1,0,0
2026,3,29,08:48:48.046,59.06,15,66.8,0.8450,4586.0,589.9,3.940,2.17,3.89,0.01,0.01,-678.0,1868.0,366.0,-26354.0,26507,1976,78.1,0.0,10954.0,0,0,0,e1f,d4e,d4a,d4a,d4a,1,1,1,1,1,0,0,0,0,1,1,1,0,0,1,1,1,0,0,1,0,1,0,1,1,0,0,0,1,0,1,0,0,1,0,1,0,1,1,0,0,0,1,0,1,0,0,1,0,1,0,1,1,0,0,0,1,0,1,0,0,1,0,1,0,1,1,0,0
2026,3,29,08:48:48.066,59.08,35,66.9,0.8451,4584.1,588.0,3.939,2.17,3.89,0.01,0.01,-678.0,1869.0,365.0,-26368.0,26544,1983,81.9,0.0,10960.0,0,0,0,e1f,d4e,d4a,d4a,d4a,1,1,1,1,1,0,0,0,0,1,1,1,0,0,1,1,1,0,0,1,0,1,0,1,1,0,0,0,1,0,1,0,0,1,0,1,0,1,1,0,0,0,1,0,1,0,0,1,0,1,0,1,1,0,0,0,1,0,1,0,0,1,0,1,0,1,1,0,0
2026,3,29,08:48:48.086,59.10,55,66.9,0.8466,4537.2,541.1,3.939,2.17,3.89,0.01,0.01,-678.0,1869.0,364.0,-26381.0,26581,1990,85.8,0.0,10966.0,0,0,0,e1f,d4e,d4a,d4a,d4a,1,1,1,1,1,0,0,0,0,1,1,1,0,0,1,1,1,0,0,1,0,1,0,1,1,0,0,0,1,0,1,0,0,1,0,1,0,1,1,0,0,0,1,0,1,0,0,1,0,1,0,1,1,0,0,0,1,0,1,0,0,1,0,1,0,1,1,0,0
2026,3,29,08:48:48.106,59.12,75,66.9,0.8466,4535.3,539.2,3.939,2.17,3.89,0.01,0.01,-678.0,1870.0,364.0,-26395.0,26619,1998,89.6,0.0,10972.0,0,0,0,e1f,d4e,d4a,d4a,d4a,1,1,1,1,1,0,0,0,0,1,1,1,0,0,1,1,1,0,0,1,0,1,0,1,1,0,0,0,1,0,1,0,0,1,0,1,0,1,1,0,0,0,1,0,1,0,0,1,0,1,0,1,1,0,0,0,1,0,1,0,0,1,0,1,0,1,1,0,0
2026,3,29,08:48:48.126,59.14,95,66.9,0.8482,4486.5,490.5,3.940,2.17,3.89,0.01,0.01,-678.0,1870.0,363.0,-26409.0,26656,2005,93.3,0.0,10979.0,0,0,0,e1f,d4e,d4a,d4a,d4a,1,1,1,1,1,0,0,0,0,1,1,1,0,0,1,1,1,0,0,1,0,1,0,1,1,0,0,0,1,0,1,0,0,1,0,1,0,1,1,0,0,0,1,0,1,0,0,1,0,1,0,1,1,0,0,0,1,0,1,0,0,1,0,1,0,1,1,0,0
2026,3,29,08:48:48.146,59.16,115,67.0,0.8482,4484.6,488.6,3.939,2.17,3.89,0.01,0.01,-678.0,1871.0,363.0,-26422.0,26694,2012,97.0,0.0,10985.0,0,0,0,e1f,d4a,d4a,d4a,d4a,1,1,1,1,1,0,0,0,0,1,1,1,0,0,1,0,1,0,0,1,0,1,0,1,1,0,0,0,1,0,1,0,0,1,0,1,0,1,1,0,0,0,1,0,1,0,0,1,0,1,0,1,1,0,0,0,1,0,1,0,0,1,0,1,0,1,1,0,0
2026,3,29,08:48:48.166,59.18,135,67.0,0.8496,4442.3,446.2,3.939,2.18,3.89,0.01,0.01,-677.0,1871.0,362.0,-26436.0,26731,2020,100.6,0.0,10991.0,0,0,0,e1f,d4a,d4a,d4a,d4a,1,1,1,1,1,0,0,0,0,1,1,1,0,0,1,0,1,0,0,1,0,1,0,1,1,0,0,0,1,0,1,0,0,1,0,1,0,1,1,0,0,0,1,0,1,0,0,1,0,1,0,1,1,0,0,0,1,0,1,0,0,1,0,1,0,1,1,0,0
2026,3,29,08:48:48.186,59.20,155,67.0,0.8496,4441.0,445.0,3.940,2.18,3.89,0.01,0.01,-677.0,1872.0,362.0,-26449.0,26769,2027,104.2,0.0,10997.0,0,0,0,e1f,d4a,d4a,d4a,d4a,1,1,1,1,1,0,0,0,0,1,1,1,0,0,1,0,1,0,0,1,0,1,0,1,1,0,0,0,1,0,1,0,0,1,0,1,0,1,1,0,0,0,1,0,1,0,0,1,0,1,0,1,1,0,0,0,1,0,1,0,0,1,0,1,0,1,1,0,0
2026,3,29,08:48:48.206,59.22,175,67.0,0.8506,4408.2,412.1,3.940,2.18,3.89,0.01,0.01,-677.0,1872.0,362.0,-26463.0,26806,2034,107.7,0.0,11002.0,0,0,0,e1f,d4a,d4a,d4a,d4a,1,1,1,1,1,0,0,0,0,1,1,1,0,0,1,0,1,0,0,1,0,1,0,1,1,0,0,0,1,0,1,0,0,1,0,1,0,1,1,0,0,0,1,0,1,0,0,1,0,1,0,1,1,0,0,0,1,0,1,0,0,1,0,1,0,1,1,0,0
2026,3,29,08:48:48.226,59.24,195,67.1,0.8506,4408.2,412.1,3.939,2.18,3.89,0.01,0.01,-677.0,1872.0,362.0,-26476.0,26843,2041,111.1,0.0,11006.0,0,0,0,e1f,d4a,d4a,d4a,d4a,1,1,1,1,1,0,0,0,0,1,1,1,0,0,1,0,1,0,0,1,0,1,0,1,1,0,0,0,1,0,1,0,0,1,0,1,0,1,1,0,0,0,1,0,1,0,0,1,0,1,0,1,1,0,0,0,1,0,1,0,0,1,0,1,0,1,1,0,0
2026,3,29,08:48:48.246,59.26,215,67.1,0.8503,4419.6,423.5,3.939,2.18,3.89,0.01,0.01,-676.0,1872.0,362.0,-26490.0,26881,2049,114.4,0.0,11011.0,0,0,0,e1f,d4a,d4a,d4a,d4a,1,1,1,1,1,0,0,0,0,1,1,1,0,0,1,0,1,0,0,1,0,1,0,1,1,0,0,0,1,0,1,0,0,1,0,1,0,1,1,0,0,0,1,0,1,0,0,1,0,1,0,1,1,0,0,0,1,0,1,0,0,1,0,1,0,1,1,0,0
2026,3,29,08:48:48.266,59.28,235,67.1,0.8503,4418.3,422.2,3.939,2.18,3.89,0.01,0.01,-676.0,1873.0,362.0,-26503.0,26918,2056,117.7,0.0,11016.0,0,0,0,e1f,d4a,d4a,d4a,d4a,1,1,1,1,1,0,0,0,0,1,1,1,0,0,1,0,1,0,0,1,0,1,0,1,1,0,0,0,1,0,1,0,0,1,0,1,0,1,1,0,0,0,1,0,1,0,0,1,0,1,0,1,1,0,0,0,1,0,1,0,0,1,0,1,0,1,1,0,0
2026,3,29,08:48:48.286,59.30,5,67.1,0.8510,4397.5,401.4,3.939,2.18,3.89,0.01,0.01,-676.0,1873.0,362.0,-26517.0,26956,2063,120.8,0.0,11020.0,0,0,0,e1f,d4a,d4a,d4a,d4a,1,1,1,1,1,0,0,0,0,1,1,1,0,0,1,0,1,0,0,1,0,1,0,1,1,0,0,0,1,0,1,0,0,1,0,1,0,1,1,0,0,0,1,0,1,0,0,1,0,1,0,1,1,0,0,0,1,0,1,0,0,1,0,1,0,1,1,0,0
2026,3,29,08:48:48.306,59.32,25,67.1,0.8510,4397.5,401.4,3.940,2.18,3.89,0.01,0.01,-675.0,1873.0,362.0,-26530.0,26993,2070,123.8,0.0,11025.0,0,0,0,e1f,d4a,d4a,d4a,d4a,1,1,1,1,1,0,0,0,0,1,1,1,0,0,1,0,1,0,0,1,0,1,0,1,1,0,0,0,1,0,1,0,0,1,0,1,0,1,1,0,0,0,1,0,1,0,0,1,0,1,0,1,1,0,0,0,1,0,1,0,0,1,0,1,0,1,1,0,0
2026,3,29,08:48:48.326,59.34,45,67.1,0.8512,4389.3,393.2,3.939,2.18,3.89,0.01,0.01,-675.0,1874.0,362.0,-26544.0,27031,2078,126.5,0.0,11030.0,0,0,0,e1f,d4a,d4a,d4a,d4a,1,1,1,1,1,0,0,0,0,1,1,1,0,0,1,0,1,0,0,1,0,1,0,1,1,0,0,0,1,0,1,0,0,1,0,1,0,1,1,0,0,0,1,0,1,0,0,1,0,1,0,1,1,0,0,0,1,0,1,0,0,1,0,1,0,1,1,0,0
2026,3,29,08:48:48.346,59.36,65,67.1,0.8512,4389.3,393.2,3.939,2.18,3.89,0.01,0.01,-674.0,1874.0,363.0,-26557.0,27068,2085,129.1,0.0,11035.0,0,0,0,e1f,d4a,d4a,d4a,d4a,1,1,1,1,1,0,0,0,0,1,1,1,0,0,1,0,1,0,0,1,0,1,0,1,1,0,0,0,1,0,1,0,0,1,0,1,0,1,1,0,0,0,1,0,1,0,0,1,0,1,0,1,1,0,0,0,1,0,1,0,0,1,0,1,0,1,1,0,0
2026,3,29,08:48:48.366,59.38,85,67.1,0.8516,4379.2,383.1,3.939,2.18,3.89,0.01,0.01,-674.0,1874.0,363.0,-26571.0,27106,2092,131.5,0.0,11040.0,0,0,0,e1f,d4a,d4a,d4a,d4a,1,1,1,1,1,0,0,0,0,1,1,1,0,0,1,0,1,0,0,1,0,1,0,1,1,0,0,0,1,0,1,0,0,1,0,1,0,1,1,0,0,0,1,0,1,0,0,1,0,1,0,1,1,0,0,0,1,0,1,0,0,1,0,1,0,1,1,0,0
2026,3,29,08:48:48.386,59.40,105,67.1,0.8515,4379.8,383.8,3.939,2.18,3.89,0.01,0.01,-674.0,1874.0,364.0,-26584.0,27143,2099,133.7,0.0,11046.0,0,0,0,e1f,d4a,d4a,d4a,d4a,1,1,1,1,1,0,0,0,0,1,1,1,0,0,1,0,1,0,0,1,0,1,0,1,1,0,0,0,1,0,1,0,0,1,0,1,0,1,1,0,0,0,1,0,1,0,0,1,0,1,0,1,1,0,0,0,1,0,1,0,0,1,0,1,0,1,1,0,0
2026,3,29,08:48:48.406,59.42,125,67.1,0.8521,4362.2,366.1,3.939,2.18,3.89,0.01,0.01,-674.0,1875.0,364.0,-26598.0,27181,2107,135.8,0.0,11052.0,0,0,0,e1f,d4a,d4a,d4a,d4a,1,1,1,1,1,0,0,0,0,1,1,1,0,0,1,0,1,0,0,1,0,1,0,1,1,0,0,0,1,0,1,0,0,1,0,1,0,1,1,0,0,0,1,0,1,0,0,1,0,1,0,1,1,0,0,0,1,0,1,0,0,1,0,1,0,1,1,0,0
2026,3,29,08:48:48.426,59.44,145,67.1,0.8521,4361.6,365.5,3.939,2.18,3.89,0.01,0.01,-674.0,1875.0,365.0,-26611.0,27218,2114,137.7,0.0,11059.0,0,0,0,e1f,d4a,d4a,d4a,d4a,1,1,1,1,1,0,0,0,0,1,1,1,0,0,1,0,1,0,0,1,0,1,0,1,1,0,0,0,1,0,1,0,0,1,0,1,0,1,1,0,0,0,1,0,1,0,0,1,0,1,0,1,1,0,0,0,1,0,1,0,0,1,0,1,0,1,1,0,0
2026,3,29,08:48:48.446,59.46,165,67.1,0.8528,4340.8,344.7,3.940,2.18,3.89,0.01,0.01,-674.0,1875.0,365.0,-26625.0,27256,2121,139.5,0.0,11065.0,0,0,0,e1f,d4a,d4a,d4a,d4a,1,1,1,1,1,0,0,0,0,1,1,1,0,0,1,0,1,0,0,1,0,1,0,1,1,0,0,0,1,0,1,0,0,1,0,1,0,1,1,0,0,0,1,0,1,0,0,1,0,1,0,1,1,0,0,0,1,0,1,0,0,1,0,1,0,1,1,0,0
2026,3,29,08:48:48.466,59.48,185,67.1,0.8528,4340.8,344.7,3.940,2.18,3.89,0.01,0.01,-674.0,1875.0,366.0,-26638.0,27293,2129,141.2,0.0,11071.0,0,0,0,e1f,d4a,d4a,d4a,d4a,1,1,1,1,1,0,0,0,0,1,1,1,0,0,1,0,1,0,0,1,0,1,0,1,1,0,0,0,1,0,1,0,0,1,0,1,0,1,1,0,0,0,1,0,1,0,0,1,0,1,0,1,1,0,0,0,1,0,1,0,0,1,0,1,0,1,1,0,0
2026,3,29,08:48:48.486,59.50,205,67.1,0.8528,4340.8,344.7,3.940,2.18,3.89,0.01,0.01,-674.0,1875.0,366.0,-26652.0,27331,2136,142.7,0.0,11077.0,0,0,0,e1f,d4a,d4a,d4a,d4a,1,1,1,1,1,0,0,0,0,1,1,1,0,0,1,0,1,0,0,1,0,1,0,1,1,0,0,0,1,0,1,0,0,1,0,1,0,1,1,0,0,0,1,0,1,0,0,1,0,1,0,1,1,0,0,0,1,0,1,0,0,1,0,1,0,1,1,0,0
2026,3,29,08:48:48.506,59.52,225,67.1,0.8528,4340.8,344.7,3.940,2.18,3.89,0.01,0.01,-674.0,1875.0,367.0,-26665.0,27368,2143,144.2,0.0,11083.0,0,0,0,e1f,d4a,d4a,d4a,d4a,1,1,1,1,1,0,0,0,0,1,1,1,0,0,1,0,1,0,0,1,0,1,0,1,1,0,0,0,1,0,1,0,0,1,0,1,0,1,1,0,0,0,1,0,1,0,0,1,0,1,0,1,1,0,0,0,1,0,1,0,0,1,0,1,0,1,1,0,0
2026,3,29,08:48:48.526,59.54,245,67.1,0.8537,4313.1,317.0,3.940,2.18,3.89,0.01,0.01,-675.0,1875.0,367.0,-26679.0,27406,2151,145.6,0.0,11088.0,0,0,0,e1f,d4a,d4a,d4a,d4a,1,1,1,1,1,0,0,0,0,1,1,1,0,0,1,0,1,0,0,1,0,1,0,1,1,0,0,0,1,0,1,0,0,1,0,1,0,1,1,0,0,0,1,0,1,0,0,1,0,1,0,1,1,0,0,0,1,0,1,0,0,1,0,1,0,1,1,0,0
2026,3,29,08:48:48.546,59.56,15,67.1,0.8537,4313.1,317.0,3.940,2.18,3.89,0.01,0.01,-675.0,1875.0,367.0,-26692.0,27443,2158,147.0,0.0,11092.0,0,0,0,e1f,d4a,d4a,d4a,d4a,1,1,1,1,1,0,0,0,0,1,1,1,0,0,1,0,1,0,0,1,0,1,0,1,1,0,0,0,1,0,1,0,0,1,0,1,0,1,1,0,0,0,1,0,1,0,0,1,0,1,0,1,1,0,0,0,1,0,1,0,0,1,0,1,0,1,1,0,0
2026,3,29,08:48:48.566,59.58,35,67.1,0.8538,4308.7,312.6,3.939,2.18,3.89,0.01,0.01,-675.0,1876.0,368.0,-26706.0,27481,2165,148.3,0.0,11097.0,0,0,0,e1f,d4a,d4a,d4a,d4a,1,1,1,1,1,0,0,0,0,1,1,1,0,0,1,0,1,0,0,1,0,1,0,1,1,0,0,0,1,0,1,0,0,1,0,1,0,1,1,0,0,0,1,0,1,0,0,1,0,1,0,1,1,0,0,0,1,0,1,0,0,1,0,1,0,1,1,0,0
2026,3,29,08:48:48.586,59.60,55,67.1,0.8538,4308.7,312.6,3.940,2.18,3.89,0.01,0.01,-676.0,1876.0,368.0,-26719.0,27518,2173,149.6,0.0,11101.0,0,0,0,e1f,d4a,d4a,d4a,d4a,1,1,1,1,1,0,0,0,0,1,1,1,0,0,1,0,1,0,0,1,0,1,0,1,1,0,0,0,1,0,1,0,0,1,0,1,0,1,1,0,0,0,1,0,1,0,0,1,0,1,0,1,1,0,0,0,1,0,1,0,0,1,0,1,0,1,1,0,0
2026,3,29,08:48:48.606,59.62,75,67.1,0.8543,4293.6,297.5,3.940,2.18,3.89,0.01,0.01,-676.0,1877.0,368.0,-26733.0,27556,2180,150.9,0.0,11105.0,0,0,0,e1f,d4a,d4a,d4a,d4a,1,1,1,1,1,0,0,0,0,1,1,1,0,0,1,0,1,0,0,1,0,1,0,1,1,0,0,0,1,0,1,0,0,1,0,1,0,1,1,0,0,0,1,0,1,0,0,1,0,1,0,1,1,0,0,0,1,0,1,0,0,1,0,1,0,1,1,0,0
2026,3,29,08:48:48.626,59.64,95,67.1,0.8543,4293.6,297.5,3.940,2.18,3.89,0.01,0.01,-676.0,1877.0,369.0,-26747.0,27593,2187,152.1,0.0,11109.0,0,0,0,e1f,d4a,d4a,d4a,d4a,1,1,1,1,1,0,0,0,0,1,1,1,0,0,1,0,1,0,0,1,0,1,0,1,1,0,0,0,1,0,1,0,0,1,0,1,0,1,1,0,0,0,1,0,1,0,0,1,0,1,0,1,1,0,0,0,1,0,1,0,0,1,0,1,0,1,1,0,0
2026,3,29,08:48:48.646,59.66,115,67.1,0.8542,4296.7,300.7,3.940,2.18,3.89,0.01,0.01,-677.0,1878.0,369.0,-26760.0,27631,2195,153.2,0.0,11114.0,0,0,0,e1f,d4a,d4a,d4a,d4a,1,1,1,1,1,0,0,0,0,1,1,1,0,0,1,0,1,0,0,1,0,1,0,1,1,0,0,0,1,0,1,0,0,1,0,1,0,1,1,0,0,0,1,0,1,0,0,1,0,1,0,1,1,0,0,0,1,0,1,0,0,1,0,1,0,1,1,0,0
2026,3,29,23:17:04.087,59.68,128,59.0,0.9756,681.4,-3314.7,4.068,1.66,2.38,0.01,0.01,-419.0,-48.0,1420.0,-15669.0,-2483,-12525,144.7,0.0,53.0,0,0,0,eff,cc9,cc9,cc9,cc9,1,1,1,1,1,1,1,1,0,1,1,1,0,1,0,0,1,0,0,1,1,0,0,1,1,0,0,1,0,0,1,0,0,1,1,0,0,1,1,0,0,1,0,0,1,0,0,1,1,0,0,1,1,0,0,1,0,0,1,0,0,1,1,0,0,1,1,0,0
2026,3,29,23:17:04.107,59.70,148,59.0,0.9756,681.4,-3314.7,4.067,1.66,2.38,0.01,0.01,-419.0,-48.0,1421.0,-15677.0,-2484,-12497,144.7,0.0,53.0,0,0,0,eff,cc9,cc9,cc9,cc9,1,1,1,1,1,1,1,1,0,1,1,1,0,1,0,0,1,0,0,1,1,0,0,1,1,0,0,1,0,0,1,0,0,1,1,0,0,1,1,0,0,1,0,0,1,0,0,1,1,0,0,1,1,0,0,1,0,0,1,0,0,1,1,0,0,1,1,0,0
2026,3,29,23:17:04.127,59.72,168,59.0,0.9756,681.4,-3314.7,4.067,1.66,2.38,0.01,0.01,-419.0,-48.0,1421.0,-15686.0,-2485,-12468,144.7,0.0,53.0,0,0,0,eff,cc9,cc9,cc9,cc9,1,1,1,1,1,1,1,1,0,1,1,1,0,1,0,0,1,0,0,1,1,0,0,1,1,0,0,1,0,0,1,0,0,1,1,0,0,1,1,0,0,1,0,0,1,0,0,1,1,0,0,1,1,0,0,1,0,0,1,0,0,1,1,0,0,1,1,0,0
2026,3,29,23:17:04.147,59.74,188,59.0,0.9756,681.4,-3314.7,4.067,1.66,2.38,0.01,0.01,-419.0,-48.0,1422.0,-15694.0,-2486,-12440,144.7,0.0,53.0,0,0,0,eff,cc9,cc9,cc9,cc9,1,1,1,1,1,1,1,1,0,1,1,1,0,1,0,0,1,0,0,1,1,0,0,1,1,0,0,1,0,0,1,0,0,1,1,0,0,1,1,0,0,1,0,0,1,0,0,1,1,0,0,1,1,0,0,1,0,0,1,0,0,1,1,0,0,1,1,0,0
2026,3,29,08:48:44.826,59.76,45,67.1,0.8433,4639.9,643.9,3.939,2.08,3.89,0.01,0.01,-657.0,1800.0,341.0,-24223.0,20600,836,36.4,0.0,10531.0,0,0,0,e1f,d4e,d4a,d4a,d4a,1,1,1,1,1,0,0,0,0,1,1,1,0,0,1,1,1,0,0,1,0,1,0,1,1,0,0,0,1,0,1,0,0,1,0,1,0,1,1,0,0,0,1,0,1,0,0,1,0,1,0,1,1,0,0,0,1,0,1,0,0,1,0,1,0,1,1,0,0
2026,3,29,08:48:44.846,59.78,65,67.1,0.8428,4655.8,659.8,3.939,2.08,3.89,0.01,0.01,-656.0,1800.0,341.0,-24236.0,20636,842,36.9,0.0,10534.0,0,0,0,e1f,d4e,d4a,d4a,d4a,1,1,1,1,1,0,0,0,0,1,1,1,0,0,1,1,1,0,0,1,0,1,0,1,1,0,0,0,1,0,1,0,0,1,0,1,0,1,1,0,0,0,1,0,1,0,0,1,0,1,0,1,1,0,0,0,1,0,1,0,0,1,0,1,0,1,1,0,0
2026,3,29,08:48:44.866,59.80,85,67.0,0.8428,4657.1,661.0,3.940,2.08,3.89,0.01,0.01,-656.0,1800.0,341.0,-24250.0,20672,849,37.2,0.0,10537.0,0,0,0,e1f,d4e,d4a,d4a,d4a,1,1,1,1,1,0,0,0,0,1,1,1,0,0,1,1,1,0,0,1,0,1,0,1,1,0,0,0,1,0,1,0,0,1,0,1,0,1,1,0,0,0,1,0,1,0,0,1,0,1,0,1,1,0,0,0,1,0,1,0,0,1,0,1,0,1,1,0,0
2026,3,29,08:48:44.886,59.82,105,67.0,0.8422,4674.9,678.8,3.939,2.08,3.89,0.01,0.01,-656.0,1800.0,341.0,-24263.0,20708,856,37.3,0.0,10540.0,0,0,0,e1f,d4e,d4a,d4a,d4a,1,1,1,1,1,0,0,0,0,1,1,1,0,0,1,1,1,0,0,1,0,1,0,1,1,0,0,0,1,0,1,0,0,1,0,1,0,1,1,0,0,0,1,0,1,0,0,1,0,1,0,1,1,0,0,0,1,0,1,0,0,1,0,1,0,1,1,0,0
2026,3,29,08:48:44.906,59.84,125,67.0,0.8422,4675.5,679.5,3.939,2.08,3.89,0.01,0.01,-656.0,1800.0,341.0,-24276.0,20744,863,37.2,0.0,10543.0,0,0,0,e1f,d4e,d4a,d4a,d4a,1,1,1,1,1,0,0,0,0,1,1,1,0,0,1,1,1,0,0,1,0,1,0,1,1,0,0,0,1,0,1,0,0,1,0,1,0,1,1,0,0,0,1,0,1,0,0,1,0,1,0,1,1,0,0,0,1,0,1,0,0,1,0,1,0,1,1,0,0
2026,3,29,08:48:44.926,59.86,145,67.0,0.8416,4693.3,697.3,3.939,2.08,3.89,0.01,0.01,-656.0,1800.0,340.0,-24289.0,20780,870,36.8,0.0,10546.0,0,0,0,e1f,d4e,d4a,d4a,d4a,1,1,1,1,1,0,0,0,0,1,1,1,0,0,1,1,1,0,0,1,0,1,0,1,1,0,0,0,1,0,1,0,0,1,0,1,0,1,1,0,0,0,1,0,1,0,0,1,0,1,0,1,1,0,0,0,1,0,1,0,0,1,0,1,0,1,1,0,0
2026,3,29,08:48:44.946,59.88,165,67.0,0.8416,4694.6,698.5,3.939,2.08,3.89,0.01,0.01,-655.0,1800.0,340.0,-24302.0,20816,876,36.3,0.0,10550.0,0,0,0,e1f,d4e,d4a,d4a,d4a,1,1,1,1,1,0,0,0,0,1,1,1,0,0,1,1,1,0,0,1,0,1,0,1,1,0,0,0,1,0,1,0,0,1,0,1,0,1,1,0,0,0,1,0,1,0,0,1,0,1,0,1,1,0,0,0,1,0,1,0,0,1,0,1,0,1,1,0,0
2026,3,29,08:48:44.966,59.90,185,67.0,0.8409,4717.5,721.5,3.939,2.08,3.89,0.01,0.01,-655.0,1800.0,340.0,-24315.0,20852,883,35.5,0.0,10553.0,0,0,0,e1f,d4e,d4a,d4a,d4a,1,1,1,1,1,0,0,0,0,1,1,1,0,0,1,1,1,0,0,1,0,1,0,1,1,0,0,0,1,0,1,0,0,1,0,1,0,1,1,0,0,0,1,0,1,0,0,1,0,1,0,1,1,0,0,0,1,0,1,0,0,1,0,1,0,1,1,0,0
2026,3,29,08:48:44.986,59.92,205,66.9,0.8408,4718.8,722.7,3.939,2.08,3.89,0.01,0.01,-655.0,1800.0,340.0,-24328.0,20888,890,34.7,0.0,10556.0,0,0,0,e1f,d4e,d4a,d4a,d4a,1,1,1,1,1,0,0,0,0,1,1,1,0,0,1,1,1,0,0,1,0,1,0,1,1,0,0,0,1,0,1,0,0,1,0,1,0,1,1,0,0,0,1,0,1,0,0,1,0,1,0,1,1,0,0,0,1,0,1,0,0,1,0,1,0,1,1,0,0
2026,3,29,08:48:45.006,59.94,225,66.9,0.8399,4748.1,752.0,3.938,2.08,3.89,0.01,0.01,-655.0,1801.0,340.0,-24341.0,20924,897,33.6,0.0,10559.0,0,0,0,e1f,d4e,d4a,d4a,d4a,1,1,1,1,1,0,0,0,0,1,1,1,0,0,1,1,1,0,0,1,0,1,0,1,1,0,0,0,1,0,1,0,0,1,0,1,0,1,1,0,0,0,1,0,1,0,0,1,0,1,0,1,1,0,0,0,1,0,1,0,0,1,0,1,0,1,1,0,0
2026,3,29,08:48:45.026,59.96,245,66.9,0.8399,4749.4,753.3,3.938,2.08,3.89,0.01,0.01,-655.0,1801.0,340.0,-24355.0,20960,904,32.5,0.0,10562.0,0,0,0,e1f,d4e,d4a,d4a,d4a,1,1,1,1,1,0,0,0,0,1,1,1,0,0,1,1,1,0,0,1,0,1,0,1,1,0,0,0,1,0,1,0,0,1,0,1,0,1,1,0,0,0,1,0,1,0,0,1,0,1,0,1,1,0,0,0,1,0,1,0,0,1,0,1,0,1,1,0,0
2026,3,29,08:48:45.046,59.98,15,66.9,0.8392,4770.4,774.4,3.939,2.08,3.89,0.01,0.01,-655.0,1801.0,340.0,-24368.0,20996,911,31.4,0.0,10565.0,0,0,0,e1f,d4e,d4a,d4a,d4a,1,1,1,1,1,0,0,0,0,1,1,1,0,0,1,1,1,0,0,1,0,1,0,1,1,0,0,0,1,0,1,0,0,1,0,1,0,1,1,0,0,0,1,0,1,0,0,1,0,1,0,1,1,0,0,0,1,0,1,0,0,1,0,1,0,1,1,0,0
2026,3,29,08:48:45.066,60.00,35,66.9,0.8392,4771.7,775.6,3.939,2.08,3.88,0.01,0.01,-655.0,1802.0,340.0,-24381.0,21032,917,30.3,0.0,10568.0,0,0,0,e1f,d4e,d4a,d4a,d4a,1,1,1,1,1,0,0,0,0,1,1,1,0,0,1,1,1,0,0,1,0,1,0,1,1,0,0,0,1,0,1,0,0,1,0,1,0,1,1,0,0,0,1,0,1,0,0,1,0,1,0,1,1,0,0,0,1,0,1,0,0,1,0,1,0,1,1,0,0
2026,3,29,08:48:45.086,60.02,55,66.9,0.8387,4787.6,791.6,3.939,2.08,3.88,0.01,0.01,-656.0,1802.0,341.0,-24394.0,21068,924,29.3,0.0,10571.0,0,0,0,e1f,d4e,d4a,d4a,d4a,1,1,1,1,1,0,0,0,0,1,1,1,0,0,1,1,1,0,0,1,0,1,0,1,1,0,0,0,1,0,1,0,0,1,0,1,0,1,1,0,0,0,1,0,1,0,0,1,0,1,0,1,1,0,0,0,1,0,1,0,0,1,0,1,0,1,1,0,0
2026,3,29,08:48:45.106,60.04,75,66.8,0.8387,4788.3,792.2,3.939,2.08,3.89,0.01,0.01,-656.0,1803.0,341.0,-24407.0,21104,931,28.5,0.0,10574.0,0,0,0,e1f,d4e,d4a,d4a,d4a,1,1,1,1,1,0,0,0,0,1,1,1,0,0,1,1,1,0,0,1,0,1,0,1,1,0,0,0,1,0,1,0,0,1,0,1,0,1,1,0,0,0,1,0,1,0,0,1,0,1,0,1,1,0,0,0,1,0,1,0,0,1,0,1,0,1,1,0,0
2026,3,29,08:48:45.126,60.06,95,66.8,0.8381,4806.8,810.7,3.939,2.09,3.89,0.01,0.01,-656.0,1803.0,342.0,-24420.0,21140,938,27.8,0.0,10577.0,0,0,0,e1f,d4e,d4a,d4a,d4a,1,1,1,1,1,0,0,0,0,1,1,1,0,0,1,1,1,0,0,1,0,1,0,1,1,0,0,0,1,0,1,0,0,1,0,1,0,1,1,0,0,0,1,0,1,0,0,1,0,1,0,1,1,0,0,0,1,0,1,0,0,1,0,1,0,1,1,0,0
2026,3,29,08:48:45.146,60.08,115,66.8,0.8381,4807.4,811.4,3.939,2.09,3.89,0.01,0.01,-657.0,1804.0,343.0,-24433.0,21176,945,27.3,0.0,10580.0,0,0,0,e1f,d4e,d4a,d4a,d4a,1,1,1,1,1,0,0,0,0,1,1,1,0,0,1,1,1,0,0,1,0,1,0,1,1,0,0,0,1,0,1,0,0,1,0,1,0,1,1,0,0,0,1,0,1,0,0,1,0,1,0,1,1,0,0,0,1,0,1,0,0,1,0,1,0,1,1,0,0
2026,3,29,08:48:45.166,60.10,135,66.8,0.8373,4830.4,834.4,3.940,2.09,3.89,0.01,0.01,-657.0,1804.0,343.0,-24446.0,21212,952,27.0,0.0,10583.0,0,0,0,e1f,d4e,d4a,d4a,d4a,1,1,1,1,1,0,0,0,0,1,1,1,0,0,1,1,1,0,0,1,0,1,0,1,1,0,0,0,1,0,1,0,0,1,0,1,0,1,1,0,0,0,1,0,1,0,0,1,0,1,0,1,1,0,0,0,1,0,1,0,0,1,0,1,0,1,1,0,0
2026,3,29,08:48:45.186,60.12,155,66.8,0.8373,4830.4,834.4,3.939,2.09,3.89,0.01,0.01,-657.0,1804.0,344.0,-24460.0,21248,958,26.9,0.0,10586.0,0,0,0,e1f,d4e,d4a,d4a,d4a,1,1,1,1,1,0,0,0,0,1,1,1,0,0,1,1,1,0,0,1,0,1,0,1,1,0,0,0,1,0,1,0,0,1,0,1,0,1,1,0,0,0,1,0,1,0,0,1,0,1,0,1,1,0,0,0,1,0,1,0,0,1,0,1,0,1,1,0,0
2026,3,29,08:48:45.206,60.14,175,66.8,0.8369,4845.1,849.1,3.939,2.09,3.89,0.01,0.01,-658.0,1805.0,344.0,-24473.0,21284,965,27.0,0.0,10589.0,0,0,0,e1f,d4e,d4a,d4a,d4a,1,1,1,1,1,0,0,0,0,1,1,1,0,0,1,1,1,0,0,1,0,1,0,1,1,0,0,0,1,0,1,0,0,1,0,1,0,1,1,0,0,0,1,0,1,0,0,1,0,1,0,1,1,0,0,0,1,0,1,0,0,1,0,1,0,1,1,0,0
2026,3,29,08:48:45.226,60.16,195,66.8,0.8368,4846.4,850.4,3.939,2.09,3.89,0.01,0.01,-658.0,1805.0,345.0,-24486.0,21320,972,27.2,0.0,10592.0,0,0,0,e1f,d4e,d4a,d4a,d4a,1,1,1,1,1,0,0,0,0,1,1,1,0,0,1,1,1,0,0,1,0,1,0,1,1,0,0,0,1,0,1,0,0,1,0,1,0,1,1,0,0,0,1,0,1,0,0,1,0,1,0,1,1,0,0,0,1,0,1,0,0,1,0,1,0,1,1,0,0
2026,3,29,08:48:45.246,60.18,215,66.8,0.8366,4852.8,856.7,3.939,2.09,3.89,0.01,0.01,-658.0,1805.0,345.0,-24499.0,21356,979,27.7,0.0,10595.0,0,0,0,e1f,d4e,d4a,d4a,d4a,1,1,1,1,1,0,0,0,0,1,1,1,0,0,1,1,1,0,0,1,0,1,0,1,1,0,0,0,1,0,1,0,0,1,0,1,0,1,1,0,0,0,1,0,1,0,0,1,0,1,0,1,1,0,0,0,1,0,1,0,0,1,0,1,0,1,1,0,0
2026,3,29,08:48:45.266,60.20,235,66.8,0.8366,4853.4,857.4,3.940,2.09,3.89,0.01,0.01,-659.0,1806.0,345.0,-24512.0,21393,986,28.3,0.0,10598.0,0,0,0,e1f,d4e,d4a,d4a,d4a,1,1,1,1,1,0,0,0,0,1,1,1,0,0,1,1,1,0,0,1,0,1,0,1,1,0,0,0,1,0,1,0,0,1,0,1,0,1,1,0,0,0,1,0,1,0,0,1,0,1,0,1,1,0,0,0,1,0,1,0,0,1,0,1,0,1,1,0,0
2026,3,29,08:48:45.286,60.22,5,66.8,0.8363,4863.0,867.0,3.940,2.09,3.89,0.01,0.01,-659.0,1806.0,346.0,-24525.0,21429,993,29.1,0.0,10602.0,0,0,0,e1f,d4e,d4a,d4a,d4a,1,1,1,1,1,0,0,0,0,1,1,1,0,0,1,1,1,0,0,1,0,1,0,1,1,0,0,0,1,0,1,0,0,1,0,1,0,1,1,0,0,0,1,0,1,0,0,1,0,1,0,1,1,0,0,0,1,0,1,0,0,1,0,1,0,1,1,0,0
2026,3,29,08:48:45.306,60.24,25,66.8,0.8363,4863.7,867.6,3.939,2.09,3.89,0.01,0.01,-659.0,1806.0,346.0,-24539.0,21465,1000,29.9,0.0,10605.0,0,0,0,e1f,d4e,d4a,d4a,d4a,1,1,1,1,1,0,0,0,0,1,1,1,0,0,1,1,1,0,0,1,0,1,0,1,1,0,0,0,1,0,1,0,0,1,0,1,0,1,1,0,0,0,1,0,1,0,0,1,0,1,0,1,1,0,0,0,1,0,1,0,0,1,0,1,0,1,1,0,0
2026,3,29,08:48:45.326,60.26,45,66.8,0.8364,4860.5,864.4,3.939,2.09,3.89,0.01,0.01,-659.0,1807.0,346.0,-24552.0,21501,1007,30.8,0.0,10608.0,0,0,0,e1f,d4e,d4a,d4a,d4a,1,1,1,1,1,0,0,0,0,1,1,1,0,0,1,1,1,0,0,1,0,1,0,1,1,0,0,0,1,0,1,0,0,1,0,1,0,1,1,0,0,0,1,0,1,0,0,1,0,1,0,1,1,0,0,0,1,0,1,0,0,1,0,1,0,1,1,0,0
2026,3,29,08:48:45.346,60.28,65,66.8,0.8364,4859.8,863.8,3.940,2.09,3.89,0.01,0.01,-659.0,1807.0,346.0,-24565.0,21537,1014,31.8,0.0,10611.0,0,0,0,e1f,d4e,d4a,d4a,d4a,1,1,1,1,1,0,0,0,0,1,1,1,0,0,1,1,1,0,0,1,0,1,0,1,1,0,0,0,1,0,1,0,0,1,0,1,0,1,1,0,0,0,1,0,1,0,0,1,0,1,0,1,1,0,0,0,1,0,1,0,0,1,0,1,0,1,1,0,0
2026,3,29,08:48:45.366,60.30,85,66.8,0.8365,4858.6,862.5,3.939,2.09,3.89,0.01,0.01,-659.0,1808.0,345.0,-24578.0,21573,1021,32.8,0.0,10614.0,0,0,0,e1f,d4e,d4a,d4a,d4a,1,1,1,1,1,0,0,0,0,1,1,1,0,0,1,1,1,0,0,1,0,1,0,1,1,0,0,0,1,0,1,0,0,1,0,1,0,1,1,0,0,0,1,0,1,0,0,1,0,1,0,1,1,0,0,0,1,0,1,0,0,1,0,1,0,1,1,0,0
2026,3,29,08:48:45.386,60.32,105,66.8,0.8365,4858.6,862.5,3.939,2.09,3.89,0.01,0.01,-659.0,1808.0,345.0,-24591.0,21610,1028,33.7,0.0,10617.0,0,0,0,e1f,d4e,d4a,d4a,d4a,1,1,1,1,1,0,0,0,0,1,1,1,0,0,1,1,1,0,0,1,0,1,0,1,1,0,0,0,1,0,1,0,0,1,0,1,0,1,1,0,0,0,1,0,1,0,0,1,0,1,0,1,1,0,0,0,1,0,1,0,0,1,0,1,0,1,1,0,0
2026,3,29,08:48:45.406,60.34,125,66.8,0.8366,4854.7,858.7,3.939,2.09,3.89,0.01,0.01,-659.0,1809.0,345.0,-24605.0,21646,1034,34.7,0.0,10620.0,0,0,0,e1f,d4e,d4a,d4a,d4a,1,1,1,1,1,0,0,0,0,1,1,1,0,0,1,1,1,0,0,1,0,1,0,1,1,0,0,0,1,0,1,0,0,1,0,1,0,1,1,0,0,0,1,0,1,0,0,1,0,1,0,1,1,0,0,0,1,0,1,0,0,1,0,1,0,1,1,0,0
2026,3,29,08:48:45.426,60.36,145,66.8,0.8366,4854.1,858.0,3.939,2.09,3.89,0.01,0.01,-659.0,1809.0,345.0,-24618.0,21682,1041,35.5,0.0,10622.0,0,0,0,e1f,d4e,d4a,d4a,d4a,1,1,1,1,1,0,0,0,0,1,1,1,0,0,1,1,1,0,0,1,0,1,0,1,1,0,0,0,1,0,1,0,0,1,0,1,0,1,1,0,0,0,1,0,1,0,0,1,0,1,0,1,1,0,0,0,1,0,1,0,0,1,0,1,0,1,1,0,0
2026,3,29,08:48:45.446,60.38,165,66.8,0.8371,4839.4,843.3,3.939,2.09,3.89,0.01,0.01,-659.0,1810.0,344.0,-24631.0,21718,1048,36.3,0.0,10625.0,0,0,0,e1f,d4e,d4a,d4a,d4a,1,1,1,1,1,0,0,0,0,1,1,1,0,0,1,1,1,0,0,1,0,1,0,1,1,0,0,0,1,0,1,0,0,1,0,1,0,1,1,0,0,0,1,0,1,0,0,1,0,1,0,1,1,0,0,0,1,0,1,0,0,1,0,1,0,1,1,0,0
2026,3,29,08:48:45.466,60.40,185,66.8,0.8371,4838.7,842.7,3.940,2.09,3.89,0.01,0.01,-658.0,1810.0,344.0,-24644.0,21754,1055,37.0,0.0,10627.0,0,0,0,e1f,d4e,d4a,d4a,d4a,1,1,1,1,1,0,0,0,0,1,1,1,0,0,1,1,1,0,0,1,0,1,0,1,1,0,0,0,1,0,1,0,0,1,0,1,0,1,1,0,0,0,1,0,1,0,0,1,0,1,0,1,1,0,0,0,1,0,1,0,0,1,0,1,0,1,1,0,0
2026,3,29,08:48:45.486,60.42,205,66.8,0.8371,4838.7,842.7,3.939,2.09,3.89,0.01,0.01,-658.0,1811.0,343.0,-24657.0,21790,1062,37.6,0.0,10629.0,0,0,0,e1f,d4e,d4a,d4a,d4a,1,1,1,1,1,0,0,0,0,1,1,1,0,0,1,1,1,0,0,1,0,1,0,1,1,0,0,0,1,0,1,0,0,1,0,1,0,1,1,0,0,0,1,0,1,0,0,1,0,1,0,1,1,0,0,0,1,0,1,0,0,1,0,1,0,1,1,0,0
2026,3,29,08:48:45.506,60.44,225,66.8,0.8371,4838.1,842.0,3.940,2.09,3.89,0.01,0.01,-658.0,1811.0,343.0,-24670.0,21827,1069,38.0,0.0,10631.0,0,0,0,e1f,d4e,d4a,d4a,d4a,1,1,1,1,1,0,0,0,0,1,1,1,0,0,1,1,1,0,0,1,0,1,0,1,1,0,0,0,1,0,1,0,0,1,0,1,0,1,1,0,0,0,1,0,1,0,0,1,0,1,0,1,1,0,0,0,1,0,1,0,0,1,0,1,0,1,1,0,0
2026,3,29,08:48:45.526,60.46,245,66.8,0.8376,4823.4,827.3,3.939,2.09,3.89,0.01,0.01,-658.0,1812.0,343.0,-24684.0,21863,1076,38.4,0.0,10633.0,0,0,0,e1f,d4e,d4a,d4a,d4a,1,1,1,1,1,0,0,0,0,1,1,1,0,0,1,1,1,0,0,1,0,1,0,1,1,0,0,0,1,0,1,0,0,1,0,1,0,1,1,0,0,0,1,0,1,0,0,1,0,1,0,1,1,0,0,0,1,0,1,0,0,1,0,1,0,1,1,0,0
2026,3,29,08:48:45.546,60.48,15,66.9,0.8376,4822.1,826.1,3.940,2.09,3.89,0.01,0.01,-658.0,1812.0,343.0,-24697.0,21899,1083,38.6,0.0,10635.0,0,0,0,e1f,d4e,d4a,d4a,d4a,1,1,1,1,1,0,0,0,0,1,1,1,0,0,1,1,1,0,0,1,0,1,0,1,1,0,0,0,1,0,1,0,0,1,0,1,0,1,1,0,0,0,1,0,1,0,0,1,0,1,0,1,1,0,0,0,1,0,1,0,0,1,0,1,0,1,1,0,0
2026,3,29,08:48:45.566,60.50,35,66.9,0.8381,4806.2,810.1,3.939,2.09,3.89,0.01,0.01,-657.0,1813.0,342.0,-24710.0,21935,1090,38.8,0.0,10637.0,0,0,0,e1f,d4e,d4a,d4a,d4a,1,1,1,1,1,0,0,0,0,1,1,1,0,0,1,1,1,0,0,1,0,1,0,1,1,0,0,0,1,0,1,0,0,1,0,1,0,1,1,0,0,0,1,0,1,0,0,1,0,1,0,1,1,0,0,0,1,0,1,0,0,1,0,1,0,1,1,0,0
2026,3,29,08:48:45.586,60.52,55,66.9,0.8381,4804.9,808.8,3.939,2.09,3.89,0.01,0.01,-657.0,1814.0,342.0,-24723.0,21972,1096,38.8,0.0,10639.0,0,0,0,e1f,d4e,d4a,d4a,d4a,1,1,1,1,1,0,0,0,0,1,1,1,0,0,1,1,1,0,0,1,0,1,0,1,1,0,0,0,1,0,1,0,0,1,0,1,0,1,1,0,0,0,1,0,1,0,0,1,0,1,0,1,1,0,0,0,1,0,1,0,0,1,0,1,0,1,1,0,0
2026,3,29,08:48:45.606,60.54,75,66.9,0.8387,4787.0,791.0,3.940,2.09,3.89,0.01,0.01,-657.0,1815.0,342.0,-24736.0,22008,1103,38.6,0.0,10641.0,0,0,0,e1f,d4e,d4a,d4a,d4a,1,1,1,1,1,0,0,0,0,1,1,1,0,0,1,1,1,0,0,1,0,1,0,1,1,0,0,0,1,0,1,0,0,1,0,1,0,1,1,0,0,0,1,0,1,0,0,1,0,1,0,1,1,0,0,0,1,0,1,0,0,1,0,1,0,1,1,0,0
2026,3,29,08:48:45.626,60.56,95,66.9,0.8387,4785.7,789.7,3.939,2.09,3.89,0.01,0.01,-657.0,1816.0,342.0,-24749.0,22044,1110,38.4,0.0,10644.0,0,0,0,e1f,d4e,d4a,d4a,d4a,1,1,1,1,1,0,0,0,0,1,1,1,0,0,1,1,1,0,0,1,0,1,0,1,1,0,0,0,1,0,1,0,0,1,0,1,0,1,1,0,0,0,1,0,1,0,0,1,0,1,0,1,1,0,0,0,1,0,1,0,0,1,0,1,0,1,1,0,0
2026,3,29,08:48:45.646,60.58,115,66.9,0.8398,4753.2,757.1,3.939,2.09,3.89,0.01,0.01,-656.0,1816.0,342.0,-24763.0,22081,1117,37.9,0.0,10646.0,0,0,0,e1f,d4e,d4a,d4a,d4a,1,1,1,1,1,0,0,0,0,1,1,1,0,0,1,1,1,0,0,1,0,1,0,1,1,0,0,0,1,0,1,0,0,1,0,1,0,1,1,0,0,0,1,0,1,0,0,1,0,1,0,1,1,0,0,0,1,0,1,0,0,1,0,1,0,1,1,0,0
2026,3,29,08:48:45.666,60.60,135,67.0,0.8398,4752.6,756.5,3.939,2.09,3.89,0.01,0.01,-656.0,1817.0,342.0,-24776.0,22117,1124,37.4,0.0,10648.0,0,0,0,e1f,d4e,d4a,d4a,d4a,1,1,1,1,1,0,0,0,0,1,1,1,0,0,1,1,1,0,0,1,0,1,0,1,1,0,0,0,1,0,1,0,0,1,0,1,0,1,1,0,0,0,1,0,1,0,0,1,0,1,0,1,1,0,0,0,1,0,1,0,0,1,0,1,0,1,1,0,0
2026,3,29,08:48:45.686,60.62,155,67.0,0.8405,4730.9,734.8,3.940,2.10,3.89,0.01,0.01,-656.0,1818.0,342.0,-24789.0,22153,1131,36.7,0.0,10650.0,0,0,0,e1f,d4e,d4a,d4a,d4a,1,1,1,1,1,0,0,0,0,1,1,1,0,0,1,1,1,0,0,1,0,1,0,1,1,0,0,0,1,0,1,0,0,1,0,1,0,1,1,0,0,0,1,0,1,0,0,1,0,1,0,1,1,0,0,0,1,0,1,0,0,1,0,1,0,1,1,0,0
2026,3,29,08:48:45.706,60.64,175,67.0,0.8405,4730.3,734.2,3.939,2.10,3.89,0.01,0.01,-656.0,1819.0,342.0,-24802.0,22190,1138,35.9,0.0,10651.0,0,0,0,e1f,d4e,d4a,d4a,d4a,1,1,1,1,1,0,0,0,0,1,1,1,0,0,1,1,1,0,0,1,0,1,0,1,1,0,0,0,1,0,1,0,0,1,0,1,0,1,1,0,0,0,1,0,1,0,0,1,0,1,0,1,1,0,0,0,1,0,1,0,0,1,0,1,0,1,1,0,0
2026,3,29,08:48:45.726,60.66,195,67.0,0.8410,4712.4,716.4,3.940,2.10,3.89,0.01,0.01,-656.0,1820.0,343.0,-24815.0,22226,1144,35.1,0.0,10653.0,0,0,0,e1f,d4e,d4a,d4a,d4a,1,1,1,1,1,0,0,0,0,1,1,1,0,0,1,1,1,0,0,1,0,1,0,1,1,0,0,0,1,0,1,0,0,1,0,1,0,1,1,0,0,0,1,0,1,0,0,1,0,1,0,1,1,0,0,0,1,0,1,0,0,1,0,1,0,1,1,0,0
2026,3,29,08:48:45.746,60.68,215,67.0,0.8411,4711.8,715.7,3.940,2.10,3.89,0.01,0.01,-656.0,1821.0,343.0,-24828.0,22263,1151,34.2,0.0,10654.0,0,0,0,e1f,d4e,d4a,d4a,d4a,1,1,1,1,1,0,0,0,0,1,1,1,0,0,1,1,1,0,0,1,0,1,0,1,1,0,0,0,1,0,1,0,0,1,0,1,0,1,1,0,0,0,1,0,1,0,0,1,0,1,0,1,1,0,0,0,1,0,1,0,0,1,0,1,0,1,1,0,0
2026,3,29,08:48:45.766,60.70,235,67.0,0.8413,4704.2,708.1,3.939,2.10,3.89,0.01,0.01,-656.0,1822.0,344.0,-24841.0,22299,1158,33.2,0.0,10655.0,0,0,0,e1f,d4e,d4a,d4a,d4a,1,1,1,1,1,0,0,0,0,1,1,1,0,0,1,1,1,0,0,1,0,1,0,1,1,0,0,0,1,0,1,0,0,1,0,1,0,1,1,0,0,0,1,0,1,0,0,1,0,1,0,1,1,0,0,0,1,0,1,0,0,1,0,1,0,1,1,0,0
2026,3,29,08:48:45.786,60.72,5,67.0,0.8413,4702.9,706.8,3.940,2.10,3.89,0.01,0.01,-656.0,1823.0,344.0,-24854.0,22335,1165,32.3,0.0,10656.0,0,0,0,e1f,d4e,d4a,d4a,d4a,1,1,1,1,1,0,0,0,0,1,1,1,0,0,1,1,1,0,0,1,0,1,0,1,1,0,0,0,1,0,1,0,0,1,0,1,0,1,1,0,0,0,1,0,1,0,0,1,0,1,0,1,1,0,0,0,1,0,1,0,0,1,0,1,0,1,1,0,0
2026,3,29,08:48:45.806,60.74,25,67.0,0.8416,4693.3,697.3,3.939,2.10,3.89,0.01,0.01,-656.0,1824.0,345.0,-24868.0,22372,1172,31.3,0.0,10656.0,0,0,0,e1f,d4e,d4a,d4a,d4a,1,1,1,1,1,0,0,0,0,1,1,1,0,0,1,1,1,0,0,1,0,1,0,1,1,0,0,0,1,0,1,0,0,1,0,1,0,1,1,0,0,0,1,0,1,0,0,1,0,1,0,1,1,0,0,0,1,0,1,0,0,1,0,1,0,1,1,0,0
2026,3,29,08:48:45.826,60.76,45,67.0,0.8416,4693.3,697.3,3.938,2.10,3.89,0.01,0.01,-656.0,1824.0,346.0,-24881.0,22408,1179,30.3,0.0,10657.0,0,0,0,e1f,d4e,d4a,d4a,d4a,1,1,1,1,1,0,0,0,0,1,1,1,0,0,1,1,1,0,0,1,0,1,0,1,1,0,0,0,1,0,1,0,0,1,0,1,0,1,1,0,0,0,1,0,1,0,0,1,0,1,0,1,1,0,0,0,1,0,1,0,0,1,0,1,0,1,1,0,0
2026,3,29,08:48:45.846,60.78,65,67.0,0.8418,4688.2,692.2,3.939,2.10,3.89,0.01,0.01,-656.0,1825.0,347.0,-24894.0,22445,1186,29.3,0.0,10658.0,0,0,0,e1f,d4e,d4a,d4a,d4a,1,1,1,1,1,0,0,0,0,1,1,1,0,0,1,1,1,0,0,1,0,1,0,1,1,0,0,0,1,0,1,0,0,1,0,1,0,1,1,0,0,0,1,0,1,0,0,1,0,1,0,1,1,0,0,0,1,0,1,0,0,1,0,1,0,1,1,0,0
2026,3,29,08:48:45.866,60.80,85,67.0,0.8418,4688.9,692.8,3.939,2.10,3.89,0.01,0.01,-657.0,1826.0,348.0,-24907.0,22481,1193,28.3,0.0,10658.0,0,0,0,e1f,d4e,d4a,d4a,d4a,1,1,1,1,1,0,0,0,0,1,1,1,0,0,1,1,1,0,0,1,0,1,0,1,1,0,0,0,1,0,1,0,0,1,0,1,0,1,1,0,0,0,1,0,1,0,0,1,0,1,0,1,1,0,0,0,1,0,1,0,0,1,0,1,0,1,1,0,0
2026,3,29,08:48:45.886,60.82,105,67.0,0.8419,4683.8,687.7,3.939,2.10,3.89,0.01,0.01,-657.0,1827.0,348.0,-24920.0,22518,1200,27.4,0.0,10658.0,0,0,0,e1f,d4e,d4a,d4a,d4a,1,1,1,1,1,0,0,0,0,1,1,1,0,0,1,1,1,0,0,1,0,1,0,1,1,0,0,0,1,0,1,0,0,1,0,1,0,1,1,0,0,0,1,0,1,0,0,1,0,1,0,1,1,0,0,0,1,0,1,0,0,1,0,1,0,1,1,0,0
2026,3,29,08:48:45.906,60.84,125,67.0,0.8419,4683.8,687.7,3.939,2.10,3.89,0.01,0.01,-657.0,1828.0,349.0,-24933.0,22555,1207,26.5,0.0,10659.0,0,0,0,e1f,d4e,d4a,d4a,d4a,1,1,1,1,1,0,0,0,0,1,1,1,0,0,1,1,1,0,0,1,0,1,0,1,1,0,0,0,1,0,1,0,0,1,0,1,0,1,1,0,0,0,1,0,1,0,0,1,0,1,0,1,1,0,0,0,1,0,1,0,0,1,0,1,0,1,1,0,0
2026,3,29,08:48:45.926,60.86,145,67.0,0.8421,4677.4,681.4,3.940,2.10,3.89,0.01,0.01,-657.0,1828.0,350.0,-24946.0,22591,1214,25.6,0.0,10659.0,0,0,0,e1f,d4e,d4a,d4a,d4a,1,1,1,1,1,0,0,0,0,1,1,1,0,0,1,1,1,0,0,1,0,1,0,1,1,0,0,0,1,0,1,0,0,1,0,1,0,1,1,0,0,0,1,0,1,0,0,1,0,1,0,1,1,0,0,0,1,0,1,0,0,1,0,1,0,1,1,0,0
2026,3,29,08:48:45.946,60.88,165,67.0,0.8421,4678.1,682.0,3.940,2.10,3.89,0.01,0.01,-658.0,1829.0,351.0,-24960.0,22628,1221,24.9,0.0,10659.0,0,0,0,e1f,d4e,d4a,d4a,d4a,1,1,1,1,1,0,0,0,0,1,1,1,0,0,1,1,1,0,0,1,0,1,0,1,1,0,0,0,1,0,1,0,0,1,0,1,0,1,1,0,0,0,1,0,1,0,0,1,0,1,0,1,1,0,0,0,1,0,1,0,0,1,0,1,0,1,1,0,0
2026,3,29,08:48:45.966,60.90,185,67.0,0.8421,4678.1,682.0,3.938,2.10,3.89,0.01,0.01,-658.0,1829.0,351.0,-24973.0,22664,1228,24.2,0.0,10659.0,0,0,0,e1f,d4e,d4a,d4a,d4a,1,1,1,1,1,0,0,0,0,1,1,1,0,0,1,1,1,0,0,1,0,1,0,1,1,0,0,0,1,0,1,0,0,1,0,1,0,1,1,0,0,0,1,0,1,0,0,1,0,1,0,1,1,0,0,0,1,0,1,0,0,1,0,1,0,1,1,0,0
2026,3,29,08:48:45.986,60.92,205,67.0,0.8421,4678.7,682.6,3.939,2.10,3.89,0.01,0.01,-658.0,1830.0,352.0,-24986.0,22701,1235,23.7,0.0,10659.0,0,0,0,e1f,d4e,d4a,d4a,d4a,1,1,1,1,1,0,0,0,0,1,1,1,0,0,1,1,1,0,0,1,0,1,0,1,1,0,0,0,1,0,1,0,0,1,0,1,0,1,1,0,0,0,1,0,1,0,0,1,0,1,0,1,1,0,0,0,1,0,1,0,0,1,0,1,0,1,1,0,0
2026,3,29,08:48:46.006,60.94,225,67.0,0.8422,4675.5,679.5,3.940,2.10,3.89,0.01,0.01,-659.0,1831.0,352.0,-24999.0,22738,1242,23.3,0.0,10659.0,0,0,0,e1f,d4e,d4a,d4a,d4a,1,1,1,1,1,0,0,0,0,1,1,1,0,0,1,1,1,0,0,1,0,1,0,1,1,0,0,0,1,0,1,0,0,1,0,1,0,1,1,0,0,0,1,0,1,0,0,1,0,1,0,1,1,0,0,0,1,0,1,0,0,1,0,1,0,1,1,0,0
2026,3,29,08:48:46.026,60.96,245,67.0,0.8422,4675.5,679.5,3.939,2.10,3.89,0.01,0.01,-659.0,1831.0,353.0,-25012.0,22774,1249,23.0,0.0,10660.0,0,0,0,e1f,d4e,d4a,d4a,d4a,1,1,1,1,1,0,0,0,0,1,1,1,0,0,1,1,1,0,0,1,0,1,0,1,1,0,0,0,1,0,1,0,0,1,0,1,0,1,1,0,0,0,1,0,1,0,0,1,0,1,0,1,1,0,0,0,1,0,1,0,0,1,0,1,0,1,1,0,0
2026,3,29,08:48:46.046,60.98,15,67.0,0.8421,4678.7,682.6,3.939,2.10,3.89,0.01,0.01,-659.0,1832.0,353.0,-25025.0,22811,1256,22.8,0.0,10660.0,0,0,0,e1f,d4e,d4a,d4a,d4a,1,1,1,1,1,0,0,0,0,1,1,1,0,0,1,1,1,0,0,1,0,1,0,1,1,0,0,0,1,0,1,0,0,1,0,1,0,1,1,0,0,0,1,0,1,0,0,1,0,1,0,1,1,0,0,0,1,0,1,0,0,1,0,1,0,1,1,0,0
2026,3,29,08:48:46.066,61.00,35,66.9,0.8421,4679.3,683.3,3.940,2.10,3.89,0.01,0.01,-660.0,1833.0,353.0,-25039.0,22847,1263,22.8,0.0,10660.0,0,0,0,e1f,d4e,d4a,d4a,d4a,1,1,1,1,1,0,0,0,0,1,1,1,0,0,1,1,1,0,0,1,0,1,0,1,1,0,0,0,1,0,1,0,0,1,0,1,0,1,1,0,0,0,1,0,1,0,0,1,0,1,0,1,1,0,0,0,1,0,1,0,0,1,0,1,0,1,1,0,0
2026,3,29,08:48:46.086,61.02,55,66.9,0.8418,4688.9,692.8,3.939,2.10,3.89,0.01,0.01,-660.0,1833.0,353.0,-25052.0,22884,1270,22.9,0.0,10661.0,0,0,0,e1f,d4e,d4a,d4a,d4a,1,1,1,1,1,0,0,0,0,1,1,1,0,0,1,1,1,0,0,1,0,1,0,1,1,0,0,0,1,0,1,0,0,1,0,1,0,1,1,0,0,0,1,0,1,0,0,1,0,1,0,1,1,0,0,0,1,0,1,0,0,1,0,1,0,1,1,0,0
2026,3,29,08:48:46.106,61.04,75,66.9,0.8417,4690.2,694.1,3.939,2.10,3.89,0.01,0.01,-660.0,1834.0,354.0,-25065.0,22921,1277,23.1,0.0,10661.0,0,0,0,e1f,d4e,d4a,d4a,d4a,1,1,1,1,1,0,0,0,0,1,1,1,0,0,1,1,1,0,0,1,0,1,0,1,1,0,0,0,1,0,1,0,0,1,0,1,0,1,1,0,0,0,1,0,1,0,0,1,0,1,0,1,1,0,0,0,1,0,1,0,0,1,0,1,0,1,1,0,0
2026,3,29,08:48:46.126,61.06,95,66.9,0.8418,4687.0,690.9,3.940,2.10,3.89,0.01,0.01,-661.0,1835.0,354.0,-25078.0,22958,1284,23.4,0.0,10662.0,0,0,0,e1f,d4e,d4a,d4a,d4a,1,1,1,1,1,0,0,0,0,1,1,1,0,0,1,1,1,0,0,1,0,1,0,1,1,0,0,0,1,0,1,0,0,1,0,1,0,1,1,0,0,0,1,0,1,0,0,1,0,1,0,1,1,0,0,0,1,0,1,0,0,1,0,1,0,1,1,0,0
2026,3,29,08:48:46.146,61.08,115,66.9,0.8418,4687.6,691.5,3.940,2.10,3.89,0.01,0.01,-661.0,1835.0,354.0,-25092.0,22994,1291,23.9,0.0,10663.0,0,0,0,e1f,d4e,d4a,d4a,d4a,1,1,1,1,1,0,0,0,0,1,1,1,0,0,1,1,1,0,0,1,0,1,0,1,1,0,0,0,1,0,1,0,0,1,0,1,0,1,1,0,0,0,1,0,1,0,0,1,0,1,0,1,1,0,0,0,1,0,1,0,0,1,0,1,0,1,1,0,0
2026,3,29,08:48:46.166,61.10,135,66.9,0.8418,4688.9,692.8,3.939,2.10,3.89,0.01,0.01,-661.0,1836.0,354.0,-25105.0,23031,1298,24.4,0.0,10664.0,0,0,0,e1f,d4e,d4a,d4a,d4a,1,1,1,1,1,0,0,0,0,1,1,1,0,0,1,1,1,0,0,1,0,1,0,1,1,0,0,0,1,0,1,0,0,1,0,1,0,1,1,0,0,0,1,0,1,0,0,1,0,1,0,1,1,0,0,0,1,0,1,0,0,1,0,1,0,1,1,0,0
2026,3,29,08:48:46.186,61.12,155,66.9,0.8418,4688.9,692.8,3.939,2.10,3.89,0.01,0.01,-662.0,1837.0,354.0,-25118.0,23068,1306,25.1,0.0,10666.0,0,0,0,e1f,d4e,d4a,d4a,d4a,1,1,1,1,1,0,0,0,0,1,1,1,0,0,1,1,1,0,0,1,0,1,0,1,1,0,0,0,1,0,1,0,0,1,0,1,0,1,1,0,0,0,1,0,1,0,0,1,0,1,0,1,1,0,0,0,1,0,1,0,0,1,0,1,0,1,1,0,0
2026,3,29,08:48:46.206,61.14,175,66.9,0.8419,4685.7,689.6,3.939,2.10,3.89,0.01,0.01,-662.0,1838.0,354.0,-25131.0,23104,1313,25.9,0.0,10667.0,0,0,0,e1f,d4e,d4a,d4a,d4a,1,1,1,1,1,0,0,0,0,1,1,1,0,0,1,1,1,0,0,1,0,1,0,1,1,0,0,0,1,0,1,0,0,1,0,1,0,1,1,0,0,0,1,0,1,0,0,1,0,1,0,1,1,0,0,0,1,0,1,0,0,1,0,1,0,1,1,0,0
2026,3,29,08:48:46.226,61.16,195,66.9,0.8419,4685.7,689.6,3.940,2.10,3.89,0.01,0.01,-662.0,1839.0,354.0,-25145.0,23141,1320,26.8,0.0,10669.0,0,0,0,e1f,d4e,d4a,d4a,d4a,1,1,1,1,1,0,0,0,0,1,1,1,0,0,1,1,1,0,0,1,0,1,0,1,1,0,0,0,1,0,1,0,0,1,0,1,0,1,1,0,0,0,1,0,1,0,0,1,0,1,0,1,1,0,0,0,1,0,1,0,0,1,0,1,0,1,1,0,0
2026,3,29,08:48:46.246,61.18,215,66.9,0.8421,4678.1,682.0,3.939,2.11,3.89,0.01,0.01,-662.0,1840.0,354.0,-25158.0,23178,1327,27.9,0.0,10671.0,0,0,0,e1f,d4e,d4a,d4a,d4a,1,1,1,1,1,0,0,0,0,1,1,1,0,0,1,1,1,0,0,1,0,1,0,1,1,0,0,0,1,0,1,0,0,1,0,1,0,1,1,0,0,0,1,0,1,0,0,1,0,1,0,1,1,0,0,0,1,0,1,0,0,1,0,1,0,1,1,0,0
2026,3,29,08:48:46.266,61.20,235,66.9,0.8421,4678.1,682.0,3.940,2.11,3.89,0.01,0.01,-663.0,1841.0,354.0,-25171.0,23215,1334,29.3,0.0,10673.0,0,0,0,e1f,d4e,d4a,d4a,d4a,1,1,1,1,1,0,0,0,0,1,1,1,0,0,1,1,1,0,0,1,0,1,0,1,1,0,0,0,1,0,1,0,0,1,0,1,0,1,1,0,0,0,1,0,1,0,0,1,0,1,0,1,1,0,0,0,1,0,1,0,0,1,0,1,0,1,1,0,0
2026,3,29,08:48:46.286,61.22,5,66.9,0.8425,4666.6,670.6,3.940,2.11,3.89,0.01,0.01,-663.0,1841.0,353.0,-25184.0,23252,1341,30.8,0.0,10676.0,0,0,0,e1f,d4e,d4a,d4a,d4a,1,1,1,1,1,0,0,0,0,1,1,1,0,0,1,1,1,0,0,1,0,1,0,1,1,0,0,0,1,0,1,0,0,1,0,1,0,1,1,0,0,0,1,0,1,0,0,1,0,1,0,1,1,0,0,0,1,0,1,0,0,1,0,1,0,1,1,0,0
2026,3,29,08:48:46.306,61.24,25,66.9,0.8425,4666.6,670.6,3.939,2.11,3.89,0.01,0.01,-664.0,1842.0,353.0,-25198.0,23288,1348,32.6,0.0,10678.0,0,0,0,e1f,d4e,d4a,d4a,d4a,1,1,1,1,1,0,0,0,0,1,1,1,0,0,1,1,1,0,0,1,0,1,0,1,1,0,0,0,1,0,1,0,0,1,0,1,0,1,1,0,0,0,1,0,1,0,0,1,0,1,0,1,1,0,0,0,1,0,1,0,0,1,0,1,0,1,1,0,0
2026,3,29,08:48:46.326,61.26,45,66.9,0.8431,4648.2,652.1,3.939,2.11,3.89,0.01,0.01,-664.0,1842.0,353.0,-25211.0,23325,1355,34.6,0.0,10681.0,0,0,0,e1f,d4e,d4a,d4a,d4a,1,1,1,1,1,0,0,0,0,1,1,1,0,0,1,1,1,0,0,1,0,1,0,1,1,0,0,0,1,0,1,0,0,1,0,1,0,1,1,0,0,0,1,0,1,0,0,1,0,1,0,1,1,0,0,0,1,0,1,0,0,1,0,1,0,1,1,0,0
2026,3,29,08:48:46.346,61.28,65,66.9,0.8431,4648.2,652.1,3.940,2.11,3.89,0.01,0.01,-664.0,1843.0,353.0,-25224.0,23362,1362,36.7,0.0,10684.0,0,0,0,e1f,d4e,d4a,d4a,d4a,1,1,1,1,1,0,0,0,0,1,1,1,0,0,1,1,1,0,0,1,0,1,0,1,1,0,0,0,1,0,1,0,0,1,0,1,0,1,1,0,0,0,1,0,1,0,0,1,0,1,0,1,1,0,0,0,1,0,1,0,0,1,0,1,0,1,1,0,0
2026,3,29,08:48:46.366,61.30,85,66.9,0.8437,4628.5,632.4,3.940,2.11,3.89,0.01,0.01,-664.0,1843.0,352.0,-25237.0,23399,1369,38.8,0.0,10687.0,0,0,0,e1f,d4e,d4a,d4a,d4a,1,1,1,1,1,0,0,0,0,1,1,1,0,0,1,1,1,0,0,1,0,1,0,1,1,0,0,0,1,0,1,0,0,1,0,1,0,1,1,0,0,0,1,0,1,0,0,1,0,1,0,1,1,0,0,0,1,0,1,0,0,1,0,1,0,1,1,0,0
2026,3,29,08:48:46.386,61.32,105,66.9,0.8437,4627.9,631.8,3.940,2.11,3.89,0.01,0.01,-664.0,1843.0,352.0,-25251.0,23436,1376,41.0,0.0,10690.0,0,0,0,e1f,d4e,d4a,d4a,d4a,1,1,1,1,1,0,0,0,0,1,1,1,0,0,1,1,1,0,0,1,0,1,0,1,1,0,0,0,1,0,1,0,0,1,0,1,0,1,1,0,0,0,1,0,1,0,0,1,0,1,0,1,1,0,0,0,1,0,1,0,0,1,0,1,0,1,1,0,0
2026,3,29,08:48:46.406,61.34,125,66.9,0.8445,4603.1,607.0,3.940,2.11,3.89,0.01,0.01,-664.0,1843.0,352.0,-25264.0,23473,1383,43.0,0.0,10693.0,0,0,0,e1f,d4e,d4a,d4a,d4a,1,1,1,1,1,0,0,0,0,1,1,1,0,0,1,1,1,0,0,1,0,1,0,1,1,0,0,0,1,0,1,0,0,1,0,1,0,1,1,0,0,0,1,0,1,0,0,1,0,1,0,1,1,0,0,0,1,0,1,0,0,1,0,1,0,1,1,0,0
2026,3,29,08:48:46.426,61.36,145,67.0,0.8445,4602.5,606.4,3.939,2.11,3.89,0.01,0.01,-665.0,1842.0,352.0,-25277.0,23510,1390,45.1,0.0,10697.0,0,0,0,e1f,d4e,d4a,d4a,d4a,1,1,1,1,1,0,0,0,0,1,1,1,0,0,1,1,1,0,0,1,0,1,0,1,1,0,0,0,1,0,1,0,0,1,0,1,0,1,1,0,0,0,1,0,1,0,0,1,0,1,0,1,1,0,0,0,1,0,1,0,0,1,0,1,0,1,1,0,0
2026,3,29,08:48:46.446,61.38,165,67.0,0.8453,4577.7,581.7,3.939,2.11,3.89,0.01,0.01,-665.0,1842.0,352.0,-25291.0,23547,1397,47.1,0.0,10700.0,0,0,0,e1f,d4e,d4a,d4a,d4a,1,1,1,1,1,0,0,0,0,1,1,1,0,0,1,1,1,0,0,1,0,1,0,1,1,0,0,0,1,0,1,0,0,1,0,1,0,1,1,0,0,0,1,0,1,0,0,1,0,1,0,1,1,0,0,0,1,0,1,0,0,1,0,1,0,1,1,0,0
2026,3,29,08:48:46.466,61.40,185,67.0,0.8453,4576.5,580.4,3.939,2.11,3.89,0.01,0.01,-665.0,1842.0,352.0,-25304.0,23583,1404,49.0,0.0,10703.0,0,0,0,e1f,d4e,d4a,d4a,d4a,1,1,1,1,1,0,0,0,0,1,1,1,0,0,1,1,1,0,0,1,0,1,0,1,1,0,0,0,1,0,1,0,0,1,0,1,0,1,1,0,0,0,1,0,1,0,0,1,0,1,0,1,1,0,0,0,1,0,1,0,0,1,0,1,0,1,1,0,0
2026,3,29,08:48:46.486,61.42,205,67.0,0.8463,4546.0,550.0,3.939,2.11,3.89,0.01,0.01,-665.0,1842.0,351.0,-25317.0,23620,1412,50.9,0.0,10707.0,0,0,0,e1f,d4e,d4a,d4a,d4a,1,1,1,1,1,0,0,0,0,1,1,1,0,0,1,1,1,0,0,1,0,1,0,1,1,0,0,0,1,0,1,0,0,1,0,1,0,1,1,0,0,0,1,0,1,0,0,1,0,1,0,1,1,0,0,0,1,0,1,0,0,1,0,1,0,1,1,0,0
2026,3,29,08:48:46.506,61.44,225,67.0,0.8463,4544.8,548.7,3.939,2.11,3.89,0.01,0.01,-665.0,1842.0,351.0,-25331.0,23657,1419,52.7,0.0,10710.0,0,0,0,e1f,d4e,d4a,d4a,d4a,1,1,1,1,1,0,0,0,0,1,1,1,0,0,1,1,1,0,0,1,0,1,0,1,1,0,0,0,1,0,1,0,0,1,0,1,0,1,1,0,0,0,1,0,1,0,0,1,0,1,0,1,1,0,0,0,1,0,1,0,0,1,0,1,0,1,1,0,0
2026,3,29,08:48:46.526,61.46,245,67.0,0.8472,4516.9,520.8,3.940,2.11,3.89,0.01,0.01,-665.0,1841.0,351.0,-25344.0,23694,1426,54.4,0.0,10713.0,0,0,0,e1f,d4e,d4a,d4a,d4a,1,1,1,1,1,0,0,0,0,1,1,1,0,0,1,1,1,0,0,1,0,1,0,1,1,0,0,0,1,0,1,0,0,1,0,1,0,1,1,0,0,0,1,0,1,0,0,1,0,1,0,1,1,0,0,0,1,0,1,0,0,1,0,1,0,1,1,0,0
2026,3,29,08:48:46.546,61.48,15,67.1,0.8472,4516.3,520.2,3.939,2.11,3.89,0.01,0.01,-664.0,1841.0,351.0,-25357.0,23731,1433,55.9,0.0,10717.0,0,0,0,e1f,d4e,d4a,d4a,d4a,1,1,1,1,1,0,0,0,0,1,1,1,0,0,1,1,1,0,0,1,0,1,0,1,1,0,0,0,1,0,1,0,0,1,0,1,0,1,1,0,0,0,1,0,1,0,0,1,0,1,0,1,1,0,0,0,1,0,1,0,0,1,0,1,0,1,1,0,0
2026,3,29,08:48:46.566,61.50,35,67.1,0.8479,4495.4,499.3,3.940,2.12,3.89,0.01,0.01,-663.0,1841.0,351.0,-25370.0,23768,1440,57.2,0.0,10721.0,0,0,0,e1f,d4e,d4a,d4a,d4a,1,1,1,1,1,0,0,0,0,1,1,1,0,0,1,1,1,0,0,1,0,1,0,1,1,0,0,0,1,0,1,0,0,1,0,1,0,1,1,0,0,0,1,0,1,0,0,1,0,1,0,1,1,0,0,0,1,0,1,0,0,1,0,1,0,1,1,0,0
2026,3,29,08:48:46.586,61.52,55,67.1,0.8479,4494.1,498.1,3.937,2.12,3.89,0.01,0.01,-663.0,1841.0,351.0,-25384.0,23805,1447,58.2,0.0,10724.0,0,0,0,e1f,d4e,d4a,d4a,d4a,1,1,1,1,1,0,0,0,0,1,1,1,0,0,1,1,1,0,0,1,0,1,0,1,1,0,0,0,1,0,1,0,0,1,0,1,0,1,1,0,0,0,1,0,1,0,0,1,0,1,0,1,1,0,0,0,1,0,1,0,0,1,0,1,0,1,1,0,0
2026,3,29,08:48:46.606,61.54,75,67.1,0.8483,4481.5,485.4,3.939,2.12,3.89,0.01,0.01,-663.0,1841.0,351.0,-25397.0,23842,1454,59.1,0.0,10728.0,0,0,0,e1f,d4e,d4a,d4a,d4a,1,1,1,1,1,0,0,0,0,1,1,1,0,0,1,1,1,0,0,1,0,1,0,1,1,0,0,0,1,0,1,0,0,1,0,1,0,1,1,0,0,0,1,0,1,0,0,1,0,1,0,1,1,0,0,0,1,0,1,0,0,1,0,1,0,1,1,0,0
2026,3,29,08:48:46.626,61.56,95,67.1,0.8483,4481.5,485.4,3.940,2.12,3.89,0.01,0.01,-662.0,1841.0,350.0,-25410.0,23878,1461,59.9,0.0,10732.0,0,0,0,e1f,d4e,d4a,d4a,d4a,1,1,1,1,1,0,0,0,0,1,1,1,0,0,1,1,1,0,0,1,0,1,0,1,1,0,0,0,1,0,1,0,0,1,0,1,0,1,1,0,0,0,1,0,1,0,0,1,0,1,0,1,1,0,0,0,1,0,1,0,0,1,0,1,0,1,1,0,0
2026,3,29,08:48:46.646,61.58,115,67.1,0.8486,4473.3,477.2,3.940,2.12,3.89,0.01,0.01,-662.0,1841.0,350.0,-25424.0,23915,1468,60.5,0.0,10736.0,0,0,0,e1f,d4e,d4a,d4a,d4a,1,1,1,1,1,0,0,0,0,1,1,1,0,0,1,1,1,0,0,1,0,1,0,1,1,0,0,0,1,0,1,0,0,1,0,1,0,1,1,0,0,0,1,0,1,0,0,1,0,1,0,1,1,0,0,0,1,0,1,0,0,1,0,1,0,1,1,0,0
2026,3,29,08:48:46.666,61.60,135,67.1,0.8486,4472.6,476.6,3.940,2.12,3.89,0.01,0.01,-662.0,1841.0,350.0,-25437.0,23952,1475,61.2,0.0,10740.0,0,0,0,e1f,d4e,d4a,d4a,d4a,1,1,1,1,1,0,0,0,0,1,1,1,0,0,1,1,1,0,0,1,0,1,0,1,1,0,0,0,1,0,1,0,0,1,0,1,0,1,1,0,0,0,1,0,1,0,0,1,0,1,0,1,1,0,0,0,1,0,1,0,0,1,0,1,0,1,1,0,0
2026,3,29,08:48:46.686,61.62,155,67.1,0.8489,4464.4,468.3,3.939,2.12,3.89,0.01,0.01,-662.0,1841.0,350.0,-25450.0,23989,1482,61.8,0.0,10744.0,0,0,0,e1f,d4e,d4a,d4a,d4a,1,1,1,1,1,0,0,0,0,1,1,1,0,0,1,1,1,0,0,1,0,1,0,1,1,0,0,0,1,0,1,0,0,1,0,1,0,1,1,0,0,0,1,0,1,0,0,1,0,1,0,1,1,0,0,0,1,0,1,0,0,1,0,1,0,1,1,0,0
2026,3,29,08:48:46.706,61.64,175,67.1,0.8489,4464.4,468.3,3.939,2.13,3.89,0.01,0.01,-662.0,1841.0,350.0,-25463.0,24026,1489,62.3,0.0,10748.0,0,0,0,e1f,d4e,d4a,d4a,d4a,1,1,1,1,1,0,0,0,0,1,1,1,0,0,1,1,1,0,0,1,0,1,0,1,1,0,0,0,1,0,1,0,0,1,0,1,0,1,1,0,0,0,1,0,1,0,0,1,0,1,0,1,1,0,0,0,1,0,1,0,0,1,0,1,0,1,1,0,0
2026,3,29,08:48:46.726,61.66,195,67.1,0.8493,4451.8,455.7,3.939,2.13,3.89,0.01,0.01,-662.0,1841.0,350.0,-25477.0,24063,1496,62.8,0.0,10752.0,0,0,0,e1f,d4e,d4a,d4a,d4a,1,1,1,1,1,0,0,0,0,1,1,1,0,0,1,1,1,0,0,1,0,1,0,1,1,0,0,0,1,0,1,0,0,1,0,1,0,1,1,0,0,0,1,0,1,0,0,1,0,1,0,1,1,0,0,0,1,0,1,0,0,1,0,1,0,1,1,0,0
2026,3,29,08:48:46.746,61.68,215,67.1,0.8493,4451.1,455.1,3.939,2.13,3.89,0.01,0.01,-662.0,1841.0,350.0,-25490.0,24100,1503,63.1,0.0,10756.0,0,0,0,e1f,d4e,d4a,d4a,d4a,1,1,1,1,1,0,0,0,0,1,1,1,0,0,1,1,1,0,0,1,0,1,0,1,1,0,0,0,1,0,1,0,0,1,0,1,0,1,1,0,0,0,1,0,1,0,0,1,0,1,0,1,1,0,0,0,1,0,1,0,0,1,0,1,0,1,1,0,0
2026,3,29,08:48:46.766,61.70,235,67.1,0.8493,4449.9,453.8,3.939,2.13,3.89,0.01,0.01,-661.0,1841.0,350.0,-25503.0,24136,1510,63.4,0.0,10760.0,0,0,0,e1f,d4e,d4a,d4a,d4a,1,1,1,1,1,0,0,0,0,1,1,1,0,0,1,1,1,0,0,1,0,1,0,1,1,0,0,0,1,0,1,0,0,1,0,1,0,1,1,0,0,0,1,0,1,0,0,1,0,1,0,1,1,0,0,0,1,0,1,0,0,1,0,1,0,1,1,0,0
2026,3,29,08:48:46.786,61.72,5,67.1,0.8493,4449.2,453.2,3.939,2.13,3.89,0.01,0.01,-661.0,1841.0,350.0,-25516.0,24173,1517,63.5,0.0,10764.0,0,0,0,e1f,d4e,d4a,d4a,d4a,1,1,1,1,1,0,0,0,0,1,1,1,0,0,1,1,1,0,0,1,0,1,0,1,1,0,0,0,1,0,1,0,0,1,0,1,0,1,1,0,0,0,1,0,1,0,0,1,0,1,0,1,1,0,0,0,1,0,1,0,0,1,0,1,0,1,1,0,0
2026,3,29,08:48:46.806,61.74,25,67.1,0.8496,4441.7,445.6,3.939,2.13,3.89,0.01,0.01,-661.0,1841.0,350.0,-25530.0,24210,1524,63.5,0.0,10769.0,0,0,0,e1f,d4e,d4a,d4a,d4a,1,1,1,1,1,0,0,0,0,1,1,1,0,0,1,1,1,0,0,1,0,1,0,1,1,0,0,0,1,0,1,0,0,1,0,1,0,1,1,0,0,0,1,0,1,0,0,1,0,1,0,1,1,0,0,0,1,0,1,0,0,1,0,1,0,1,1,0,0
2026,3,29,08:48:46.826,61.76,45,67.1,0.8496,4441.7,445.6,3.939,2.14,3.89,0.01,0.01,-660.0,1841.0,351.0,-25543.0,24247,1531,63.4,0.0,10773.0,0,0,0,e1f,d4e,d4a,d4a,d4a,1,1,1,1,1,0,0,0,0,1,1,1,0,0,1,1,1,0,0,1,0,1,0,1,1,0,0,0,1,0,1,0,0,1,0,1,0,1,1,0,0,0,1,0,1,0,0,1,0,1,0,1,1,0,0,0,1,0,1,0,0,1,0,1,0,1,1,0,0
2026,3,29,08:48:46.846,61.78,65,67.1,0.8496,4441.7,445.6,3.940,2.14,3.89,0.01,0.01,-660.0,1841.0,351.0,-25556.0,24284,1538,63.1,0.0,10777.0,0,0,0,e1f,d4e,d4a,d4a,d4a,1,1,1,1,1,0,0,0,0,1,1,1,0,0,1,1,1,0,0,1,0,1,0,1,1,0,0,0,1,0,1,0,0,1,0,1,0,1,1,0,0,0,1,0,1,0,0,1,0,1,0,1,1,0,0,0,1,0,1,0,0,1,0,1,0,1,1,0,0
2026,3,29,08:48:46.866,61.80,85,67.1,0.8496,4441.7,445.6,3.939,2.14,3.89,0.01,0.01,-660.0,1841.0,351.0,-25569.0,24320,1545,62.8,0.0,10781.0,0,0,0,e1f,d4e,d4a,d4a,d4a,1,1,1,1,1,0,0,0,0,1,1,1,0,0,1,1,1,0,0,1,0,1,0,1,1,0,0,0,1,0,1,0,0,1,0,1,0,1,1,0,0,0,1,0,1,0,0,1,0,1,0,1,1,0,0,0,1,0,1,0,0,1,0,1,0,1,1,0,0
2026,3,29,08:48:46.886,61.82,105,67.1,0.8497,4436.6,440.6,3.939,2.14,3.89,0.01,0.01,-660.0,1841.0,352.0,-25582.0,24357,1552,62.3,0.0,10785.0,0,0,0,e1f,d4e,d4a,d4a,d4a,1,1,1,1,1,0,0,0,0,1,1,1,0,0,1,1,1,0,0,1,0,1,0,1,1,0,0,0,1,0,1,0,0,1,0,1,0,1,1,0,0,0,1,0,1,0,0,1,0,1,0,1,1,0,0,0,1,0,1,0,0,1,0,1,0,1,1,0,0
2026,3,29,08:48:46.906,61.84,125,67.1,0.8497,4436.6,440.6,3.940,2.14,3.89,0.01,0.01,-660.0,1841.0,352.0,-25596.0,24394,1559,61.8,0.0,10788.0,0,0,0,e1f,d4e,d4a,d4a,d4a,1,1,1,1,1,0,0,0,0,1,1,1,0,0,1,1,1,0,0,1,0,1,0,1,1,0,0,0,1,0,1,0,0,1,0,1,0,1,1,0,0,0,1,0,1,0,0,1,0,1,0,1,1,0,0,0,1,0,1,0,0,1,0,1,0,1,1,0,0
2026,3,29,08:48:46.926,61.86,145,67.1,0.8498,4433.5,437.4,3.939,2.15,3.89,0.01,0.01,-659.0,1841.0,353.0,-25609.0,24431,1566,61.1,0.0,10792.0,0,0,0,e1f,d4e,d4a,d4a,d4a,1,1,1,1,1,0,0,0,0,1,1,1,0,0,1,1,1,0,0,1,0,1,0,1,1,0,0,0,1,0,1,0,0,1,0,1,0,1,1,0,0,0,1,0,1,0,0,1,0,1,0,1,1,0,0,0,1,0,1,0,0,1,0,1,0,1,1,0,0
2026,3,29,08:48:46.946,61.88,165,67.1,0.8498,4433.5,437.4,3.939,2.15,3.89,0.01,0.01,-659.0,1841.0,353.0,-25622.0,24468,1573,60.3,0.0,10796.0,0,0,0,e1f,d4e,d4a,d4a,d4a,1,1,1,1,1,0,0,0,0,1,1,1,0,0,1,1,1,0,0,1,0,1,0,1,1,0,0,0,1,0,1,0,0,1,0,1,0,1,1,0,0,0,1,0,1,0,0,1,0,1,0,1,1,0,0,0,1,0,1,0,0,1,0,1,0,1,1,0,0
2026,3,29,08:48:46.966,61.90,185,67.1,0.8498,4434.7,438.7,3.939,2.15,3.89,0.01,0.01,-659.0,1841.0,354.0,-25635.0,24504,1580,59.4,0.0,10800.0,0,0,0,e1f,d4e,d4a,d4a,d4a,1,1,1,1,1,0,0,0,0,1,1,1,0,0,1,1,1,0,0,1,0,1,0,1,1,0,0,0,1,0,1,0,0,1,0,1,0,1,1,0,0,0,1,0,1,0,0,1,0,1,0,1,1,0,0,0,1,0,1,0,0,1,0,1,0,1,1,0,0
2026,3,29,08:48:46.986,61.92,205,67.1,0.8498,4434.7,438.7,3.940,2.15,3.89,0.01,0.01,-659.0,1841.0,354.0,-25648.0,24541,1587,58.4,0.0,10803.0,0,0,0,e1f,d4e,d4a,d4a,d4a,1,1,1,1,1,0,0,0,0,1,1,1,0,0,1,1,1,0,0,1,0,1,0,1,1,0,0,0,1,0,1,0,0,1,0,1,0,1,1,0,0,0,1,0,1,0,0,1,0,1,0,1,1,0,0,0,1,0,1,0,0,1,0,1,0,1,1,0,0
2026,3,29,08:48:47.006,61.94,225,67.1,0.8500,4429.7,433.6,3.940,2.15,3.89,0.01,0.01,-659.0,1842.0,355.0,-25662.0,24578,1594,57.3,0.0,10807.0,0,0,0,e1f,d4e,d4a,d4a,d4a,1,1,1,1,1,0,0,0,0,1,1,1,0,0,1,1,1,0,0,1,0,1,0,1,1,0,0,0,1,0,1,0,0,1,0,1,0,1,1,0,0,0,1,0,1,0,0,1,0,1,0,1,1,0,0,0,1,0,1,0,0,1,0,1,0,1,1,0,0
2026,3,29,08:48:47.026,61.96,245,67.1,0.8499,4430.3,434.2,3.941,2.15,3.89,0.01,0.01,-659.0,1842.0,355.0,-25675.0,24615,1602,56.1,0.0,10811.0,0,0,0,e1f,d4e,d4a,d4a,d4a,1,1,1,1,1,0,0,0,0,1,1,1,0,0,1,1,1,0,0,1,0,1,0,1,1,0,0,0,1,0,1,0,0,1,0,1,0,1,1,0,0,0,1,0,1,0,0,1,0,1,0,1,1,0,0,0,1,0,1,0,0,1,0,1,0,1,1,0,0
2026,3,29,08:48:47.046,61.98,15,67.1,0.8500,4428.4,432.3,3.939,2.15,3.89,0.01,0.01,-659.0,1842.0,356.0,-25688.0,24652,1609,54.7,0.0,10814.0,0,0,0,e1f,d4e,d4a,d4a,d4a,1,1,1,1,1,0,0,0,0,1,1,1,0,0,1,1,1,0,0,1,0,1,0,1,1,0,0,0,1,0,1,0,0,1,0,1,0,1,1,0,0,0,1,0,1,0,0,1,0,1,0,1,1,0,0,0,1,0,1,0,0,1,0,1,0,1,1,0,0
2026,3,29,08:48:47.066,62.00,35,67.1,0.8500,4428.4,432.3,3.940,2.15,3.89,0.01,0.01,-659.0,1842.0,357.0,-25701.0,24689,1616,53.2,0.0,10818.0,0,0,0,e1f,d4e,d4a,d4a,d4a,1,1,1,1,1,0,0,0,0,1,1,1,0,0,1,1,1,0,0,1,0,1,0,1,1,0,0,0,1,0,1,0,0,1,0,1,0,1,1,0,0,0,1,0,1,0,0,1,0,1,0,1,1,0,0,0,1,0,1,0,0,1,0,1,0,1,1,0,0
2026,3,29,08:48:47.086,62.02,55,67.1,0.8499,4431.6,435.5,3.939,2.15,3.89,0.01,0.01,-659.0,1842.0,357.0,-25714.0,24726,1623,51.7,0.0,10821.0,0,0,0,e1f,d4e,d4a,d4a,d4a,1,1,1,1,1,0,0,0,0,1,1,1,0,0,1,1,1,0,0,1,0,1,0,1,1,0,0,0,1,0,1,0,0,1,0,1,0,1,1,0,0,0,1,0,1,0,0,1,0,1,0,1,1,0,0,0,1,0,1,0,0,1,0,1,0,1,1,0,0
2026,3,29,08:48:47.106,62.04,75,67.1,0.8499,4431.6,435.5,3.940,2.15,3.89,0.01,0.01,-659.0,1842.0,358.0,-25727.0,24763,1630,50.0,0.0,10824.0,0,0,0,e1f,d4e,d4a,d4a,d4a,1,1,1,1,1,0,0,0,0,1,1,1,0,0,1,1,1,0,0,1,0,1,0,1,1,0,0,0,1,0,1,0,0,1,0,1,0,1,1,0,0,0,1,0,1,0,0,1,0,1,0,1,1,0,0,0,1,0,1,0,0,1,0,1,0,1,1,0,0
2026,3,29,08:48:47.126,62.06,95,67.1,0.8500,4428.4,432.3,3.939,2.15,3.89,0.01,0.01,-659.0,1842.0,359.0,-25741.0,24799,1637,48.2,0.0,10827.0,0,0,0,e1f,d4e,d4a,d4a,d4a,1,1,1,1,1,0,0,0,0,1,1,1,0,0,1,1,1,0,0,1,0,1,0,1,1,0,0,0,1,0,1,0,0,1,0,1,0,1,1,0,0,0,1,0,1,0,0,1,0,1,0,1,1,0,0,0,1,0,1,0,0,1,0,1,0,1,1,0,0
2026,3,29,08:48:47.146,62.08,115,67.1,0.8500,4428.4,432.3,3.940,2.15,3.89,0.01,0.01,-659.0,1842.0,359.0,-25754.0,24836,1644,46.3,0.0,10830.0,0,0,0,e1f,d4e,d4a,d4a,d4a,1,1,1,1,1,0,0,0,0,1,1,1,0,0,1,1,1,0,0,1,0,1,0,1,1,0,0,0,1,0,1,0,0,1,0,1,0,1,1,0,0,0,1,0,1,0,0,1,0,1,0,1,1,0,0,0,1,0,1,0,0,1,0,1,0,1,1,0,0
2026,3,29,08:48:47.166,62.10,135,67.1,0.8504,4417.0,421.0,3.940,2.16,3.89,0.01,0.01,-659.0,1842.0,360.0,-25767.0,24873,1652,44.3,0.0,10833.0,0,0,0,e1f,d4e,d4a,d4a,d4a,1,1,1,1,1,0,0,0,0,1,1,1,0,0,1,1,1,0,0,1,0,1,0,1,1,0,0,0,1,0,1,0,0,1,0,1,0,1,1,0,0,0,1,0,1,0,0,1,0,1,0,1,1,0,0,0,1,0,1,0,0,1,0,1,0,1,1,0,0
2026,3,29,08:48:47.186,62.12,155,67.1,0.8504,4417.0,421.0,3.939,2.16,3.89,0.01,0.01,-659.0,1843.0,361.0,-25780.0,24910,1659,42.2,0.0,10836.0,0,0,0,e1f,d4e,d4a,d4a,d4a,1,1,1,1,1,0,0,0,0,1,1,1,0,0,1,1,1,0,0,1,0,1,0,1,1,0,0,0,1,0,1,0,0,1,0,1,0,1,1,0,0,0,1,0,1,0,0,1,0,1,0,1,1,0,0,0,1,0,1,0,0,1,0,1,0,1,1,0,0
2026,3,29,08:48:47.206,62.14,175,67.1,0.8504,4415.8,419.7,3.939,2.16,3.89,0.01,0.01,-659.0,1843.0,362.0,-25793.0,24947,1666,39.9,0.0,10839.0,0,0,0,e1f,d4e,d4a,d4a,d4a,1,1,1,1,1,0,0,0,0,1,1,1,0,0,1,1,1,0,0,1,0,1,0,1,1,0,0,0,1,0,1,0,0,1,0,1,0,1,1,0,0,0,1,0,1,0,0,1,0,1,0,1,1,0,0,0,1,0,1,0,0,1,0,1,0,1,1,0,0
2026,3,29,08:48:47.226,62.16,195,67.1,0.8504,4415.8,419.7,3.940,2.16,3.89,0.01,0.01,-659.0,1843.0,363.0,-25807.0,24984,1673,37.5,0.0,10842.0,0,0,0,e1f,d4e,d4a,d4a,d4a,1,1,1,1,1,0,0,0,0,1,1,1,0,0,1,1,1,0,0,1,0,1,0,1,1,0,0,0,1,0,1,0,0,1,0,1,0,1,1,0,0,0,1,0,1,0,0,1,0,1,0,1,1,0,0,0,1,0,1,0,0,1,0,1,0,1,1,0,0
2026,3,29,08:48:47.246,62.18,215,67.1,0.8504,4415.8,419.7,3.939,2.16,3.89,0.01,0.01,-659.0,1843.0,364.0,-25820.0,25021,1681,34.9,0.0,10845.0,0,0,0,e1f,d4e,d4a,d4a,d4a,1,1,1,1,1,0,0,0,0,1,1,1,0,0,1,1,1,0,0,1,0,1,0,1,1,0,0,0,1,0,1,0,0,1,0,1,0,1,1,0,0,0,1,0,1,0,0,1,0,1,0,1,1,0,0,0,1,0,1,0,0,1,0,1,0,1,1,0,0
2026,3,29,08:48:47.266,62.20,235,67.1,0.8504,4415.8,419.7,3.940,2.16,3.89,0.01,0.01,-659.0,1844.0,364.0,-25833.0,25058,1688,32.3,0.0,10848.0,0,0,0,e1f,d4e,d4a,d4a,d4a,1,1,1,1,1,0,0,0,0,1,1,1,0,0,1,1,1,0,0,1,0,1,0,1,1,0,0,0,1,0,1,0,0,1,0,1,0,1,1,0,0,0,1,0,1,0,0,1,0,1,0,1,1,0,0,0,1,0,1,0,0,1,0,1,0,1,1,0,0
2026,3,29,08:48:47.286,62.22,5,67.1,0.8508,4402.5,406.5,3.939,2.16,3.89,0.01,0.01,-660.0,1844.0,365.0,-25846.0,25094,1695,29.7,0.0,10851.0,0,0,0,e1f,d4e,d4a,d4a,d4a,1,1,1,1,1,0,0,0,0,1,1,1,0,0,1,1,1,0,0,1,0,1,0,1,1,0,0,0,1,0,1,0,0,1,0,1,0,1,1,0,0,0,1,0,1,0,0,1,0,1,0,1,1,0,0,0,1,0,1,0,0,1,0,1,0,1,1,0,0
2026,3,29,08:48:47.306,62.24,25,67.1,0.8508,4402.5,406.5,3.939,2.16,3.89,0.01,0.01,-660.0,1845.0,366.0,-25859.0,25131,1703,27.1,0.0,10853.0,0,0,0,e1f,d4e,d4a,d4a,d4a,1,1,1,1,1,0,0,0,0,1,1,1,0,0,1,1,1,0,0,1,0,1,0,1,1,0,0,0,1,0,1,0,0,1,0,1,0,1,1,0,0,0,1,0,1,0,0,1,0,1,0,1,1,0,0,0,1,0,1,0,0,1,0,1,0,1,1,0,0
2026,3,29,08:48:47.326,62.26,45,67.1,0.8508,4404.4,408.4,3.939,2.16,3.89,0.01,0.01,-661.0,1845.0,366.0,-25873.0,25168,1710,24.5,0.0,10856.0,0,0,0,e1f,d4e,d4a,d4a,d4a,1,1,1,1,1,0,0,0,0,1,1,1,0,0,1,1,1,0,0,1,0,1,0,1,1,0,0,0,1,0,1,0,0,1,0,1,0,1,1,0,0,0,1,0,1,0,0,1,0,1,0,1,1,0,0,0,1,0,1,0,0,1,0,1,0,1,1,0,0
2026,3,29,08:48:47.346,62.28,65,67.1,0.8508,4404.4,408.4,3.940,2.16,3.89,0.01,0.01,-661.0,1846.0,367.0,-25886.0,25205,1717,22.0,0.0,10859.0,0,0,0,e1f,d4e,d4a,d4a,d4a,1,1,1,1,1,0,0,0,0,1,1,1,0,0,1,1,1,0,0,1,0,1,0,1,1,0,0,0,1,0,1,0,0,1,0,1,0,1,1,0,0,0,1,0,1,0,0,1,0,1,0,1,1,0,0,0,1,0,1,0,0,1,0,1,0,1,1,0,0
2026,3,29,08:48:47.366,62.30,85,67.1,0.8510,4396.2,400.2,3.939,2.16,3.89,0.01,0.01,-662.0,1847.0,367.0,-25899.0,25242,1725,19.5,0.0,10862.0,0,0,0,e1f,d4e,d4a,d4a,d4a,1,1,1,1,1,0,0,0,0,1,1,1,0,0,1,1,1,0,0,1,0,1,0,1,1,0,0,0,1,0,1,0,0,1,0,1,0,1,1,0,0,0,1,0,1,0,0,1,0,1,0,1,1,0,0,0,1,0,1,0,0,1,0,1,0,1,1,0,0
2026,3,29,08:48:47.386,62.32,105,67.1,0.8510,4396.2,400.2,3.939,2.16,3.89,0.01,0.01,-662.0,1848.0,367.0,-25912.0,25279,1732,17.3,0.0,10864.0,0,0,0,e1f,d4e,d4a,d4a,d4a,1,1,1,1,1,0,0,0,0,1,1,1,0,0,1,1,1,0,0,1,0,1,0,1,1,0,0,0,1,0,1,0,0,1,0,1,0,1,1,0,0,0,1,0,1,0,0,1,0,1,0,1,1,0,0,0,1,0,1,0,0,1,0,1,0,1,1,0,0
2026,3,29,08:48:47.406,62.34,125,67.1,0.8511,4393.1,397.0,3.940,2.16,3.89,0.01,0.01,-663.0,1848.0,368.0,-25926.0,25316,1739,15.2,0.0,10867.0,0,0,0,e1f,d4e,d4a,d4a,d4a,1,1,1,1,1,0,0,0,0,1,1,1,0,0,1,1,1,0,0,1,0,1,0,1,1,0,0,0,1,0,1,0,0,1,0,1,0,1,1,0,0,0,1,0,1,0,0,1,0,1,0,1,1,0,0,0,1,0,1,0,0,1,0,1,0,1,1,0,0
2026,3,29,08:48:47.426,62.36,145,67.1,0.8511,4393.7,397.6,3.938,2.16,3.89,0.01,0.01,-663.0,1849.0,368.0,-25939.0,25353,1747,13.5,0.0,10869.0,0,0,0,e1f,d4e,d4a,d4a,d4a,1,1,1,1,1,0,0,0,0,1,1,1,0,0,1,1,1,0,0,1,0,1,0,1,1,0,0,0,1,0,1,0,0,1,0,1,0,1,1,0,0,0,1,0,1,0,0,1,0,1,0,1,1,0,0,0,1,0,1,0,0,1,0,1,0,1,1,0,0
2026,3,29,08:48:47.446,62.38,165,67.1,0.8508,4401.9,405.8,3.939,2.16,3.89,0.01,0.01,-664.0,1850.0,368.0,-25952.0,25390,1754,12.0,0.0,10872.0,0,0,0,e1f,d4e,d4a,d4a,d4e,1,1,1,1,1,0,0,0,0,1,1,1,0,0,1,1,1,0,0,1,0,1,0,1,1,0,0,0,1,0,1,0,0,1,0,1,0,1,1,0,0,0,1,0,1,0,0,1,0,1,0,1,1,0,0,0,1,1,1,0,0,1,0,1,0,1,1,0,0
2026,3,29,08:48:47.466,62.40,185,67.1,0.8508,4402.5,406.5,3.939,2.16,3.89,0.01,0.01,-664.0,1851.0,368.0,-25965.0,25427,1761,11.0,0.0,10875.0,0,0,0,e1f,d4e,d4a,d4a,d4e,1,1,1,1,1,0,0,0,0,1,1,1,0,0,1,1,1,0,0,1,0,1,0,1,1,0,0,0,1,0,1,0,0,1,0,1,0,1,1,0,0,0,1,0,1,0,0,1,0,1,0,1,1,0,0,0,1,1,1,0,0,1,0,1,0,1,1,0,0
2026,3,29,08:48:47.486,62.42,205,67.1,0.8502,4423.4,427.3,3.939,2.16,3.89,0.01,0.01,-664.0,1851.0,368.0,-25979.0,25464,1769,10.6,0.0,10877.0,0,0,0,e1f,d46,d42,d42,d46,1,1,1,1,1,0,0,0,0,1,1,1,0,0,1,1,0,0,0,1,0,1,0,1,1,0,0,0,1,0,0,0,0,1,0,1,0,1,1,0,0,0,1,0,0,0,0,1,0,1,0,1,1,0,0,0,1,1,0,0,0,1,0,1,0,1,1,0,0
2026,3,29,08:48:47.506,62.44,225,67.0,0.8501,4424.6,428.6,3.939,2.16,3.89,0.01,0.01,-665.0,1852.0,368.0,-25992.0,25501,1776,10.6,0.0,10880.0,0,0,0,e1f,d46,d42,d42,d46,1,1,1,1,1,0,0,0,0,1,1,1,0,0,1,1,0,0,0,1,0,1,0,1,1,0,0,0,1,0,0,0,0,1,0,1,0,1,1,0,0,0,1,0,0,0,0,1,0,1,0,1,1,0,0,0,1,1,0,0,0,1,0,1,0,1,1,0,0
2026,3,29,08:48:47.526,62.46,245,67.0,0.8497,4437.2,441.2,3.939,2.16,3.89,0.01,0.01,-665.0,1853.0,369.0,-26005.0,25538,1784,11.1,0.0,10882.0,0,0,0,e1f,d46,d42,d42,d46,1,1,1,1,1,0,0,0,0,1,1,1,0,0,1,1,0,0,0,1,0,1,0,1,1,0,0,0,1,0,0,0,0,1,0,1,0,1,1,0,0,0,1,0,0,0,0,1,0,1,0,1,1,0,0,0,1,1,0,0,0,1,0,1,0,1,1,0,0
2026,3,29,08:48:47.546,62.48,15,67.0,0.8497,4438.5,442.4,3.939,2.17,3.89,0.01,0.01,-665.0,1854.0,369.0,-26019.0,25575,1791,11.9,0.0,10885.0,0,0,0,e1f,d46,d42,d42,d46,1,1,1,1,1,0,0,0,0,1,1,1,0,0,1,1,0,0,0,1,0,1,0,1,1,0,0,0,1,0,0,0,0,1,0,1,0,1,1,0,0,0,1,0,0,0,0,1,0,1,0,1,1,0,0,0,1,1,0,0,0,1,0,1,0,1,1,0,0
2026,3,29,08:48:47.566,62.50,35,67.0,0.8489,4462.5,466.4,3.938,2.17,3.89,0.01,0.01,-665.0,1855.0,369.0,-26032.0,25612,1798,13.0,0.0,10887.0,0,0,0,e1f,d46,d42,d42,d46,1,1,1,1,1,0,0,0,0,1,1,1,0,0,1,1,0,0,0,1,0,1,0,1,1,0,0,0,1,0,0,0,0,1,0,1,0,1,1,0,0,0,1,0,0,0,0,1,0,1,0,1,1,0,0,0,1,1,0,0,0,1,0,1,0,1,1,0,0
2026,3,29,08:48:47.586,62.52,55,67.0,0.8489,4463.8,467.7,3.939,2.17,3.89,0.01,0.01,-666.0,1856.0,369.0,-26045.0,25650,1806,14.2,0.0,10890.0,0,0,0,e1f,d4e,d4a,d4a,d4e,1,1,1,1,1,0,0,0,0,1,1,1,0,0,1,1,1,0,0,1,0,1,0,1,1,0,0,0,1,0,1,0,0,1,0,1,0,1,1,0,0,0,1,0,1,0,0,1,0,1,0,1,1,0,0,0,1,1,1,0,0,1,0,1,0,1,1,0,0
2026,3,29,08:48:47.606,62.54,75,67.0,0.8481,4489.7,493.6,3.939,2.17,3.89,0.01,0.01,-666.0,1857.0,369.0,-26059.0,25687,1813,15.6,0.0,10892.0,0,0,0,e1f,d4e,d4a,d4a,d4e,1,1,1,1,1,0,0,0,0,1,1,1,0,0,1,1,1,0,0,1,0,1,0,1,1,0,0,0,1,0,1,0,0,1,0,1,0,1,1,0,0,0,1,0,1,0,0,1,0,1,0,1,1,0,0,0,1,1,1,0,0,1,0,1,0,1,1,0,0
2026,3,29,08:48:47.626,62.56,95,66.9,0.8480,4491.0,494.9,3.939,2.17,3.89,0.01,0.01,-666.0,1858.0,370.0,-26072.0,25724,1820,17.1,0.0,10895.0,0,0,0,e1f,d4e,d4a,d4a,d4a,1,1,1,1,1,0,0,0,0,1,1,1,0,0,1,1,1,0,0,1,0,1,0,1,1,0,0,0,1,0,1,0,0,1,0,1,0,1,1,0,0,0,1,0,1,0,0,1,0,1,0,1,1,0,0,0,1,0,1,0,0,1,0,1,0,1,1,0,0
2026,3,29,08:48:47.646,62.58,115,66.9,0.8474,4509.9,513.9,3.939,2.17,3.89,0.01,0.01,-666.0,1858.0,370.0,-26085.0,25761,1828,18.7,0.0,10897.0,0,0,0,e1f,d4e,d4a,d4a,d4a,1,1,1,1,1,0,0,0,0,1,1,1,0,0,1,1,1,0,0,1,0,1,0,1,1,0,0,0,1,0,1,0,0,1,0,1,0,1,1,0,0,0,1,0,1,0,0,1,0,1,0,1,1,0,0,0,1,0,1,0,0,1,0,1,0,1,1,0,0
2026,3,29,08:48:47.666,62.60,135,66.9,0.8474,4511.8,515.8,3.940,2.17,3.89,0.01,0.01,-667.0,1859.0,370.0,-26099.0,25798,1835,20.4,0.0,10900.0,0,0,0,e1f,d4e,d4a,d4a,d4a,1,1,1,1,1,0,0,0,0,1,1,1,0,0,1,1,1,0,0,1,0,1,0,1,1,0,0,0,1,0,1,0,0,1,0,1,0,1,1,0,0,0,1,0,1,0,0,1,0,1,0,1,1,0,0,0,1,0,1,0,0,1,0,1,0,1,1,0,0
2026,3,29,08:48:47.686,62.62,155,66.9,0.8464,4541.0,544.9,3.939,2.17,3.89,0.01,0.01,-667.0,1860.0,370.0,-26112.0,25835,1843,22.2,0.0,10902.0,0,0,0,e1f,d4e,d4a,d4a,d4a,1,1,1,1,1,0,0,0,0,1,1,1,0,0,1,1,1,0,0,1,0,1,0,1,1,0,0,0,1,0,1,0,0,1,0,1,0,1,1,0,0,0,1,0,1,0,0,1,0,1,0,1,1,0,0,0,1,0,1,0,0,1,0,1,0,1,1,0,0
2026,3,29,08:48:47.706,62.64,175,66.9,0.8464,4541.6,545.5,3.939,2.17,3.89,0.01,0.01,-667.0,1861.0,370.0,-26125.0,25873,1850,24.1,0.0,10904.0,0,0,0,e1f,d4e,d4a,d4a,d4a,1,1,1,1,1,0,0,0,0,1,1,1,0,0,1,1,1,0,0,1,0,1,0,1,1,0,0,0,1,0,1,0,0,1,0,1,0,1,1,0,0,0,1,0,1,0,0,1,0,1,0,1,1,0,0,0,1,0,1,0,0,1,0,1,0,1,1,0,0
2026,3,29,08:48:47.726,62.66,195,66.9,0.8457,4564.4,568.3,3.940,2.17,3.89,0.01,0.01,-668.0,1861.0,371.0,-26139.0,25910,1858,26.2,0.0,10907.0,0,0,0,e1f,d4e,d4a,d4a,d4a,1,1,1,1,1,0,0,0,0,1,1,1,0,0,1,1,1,0,0,1,0,1,0,1,1,0,0,0,1,0,1,0,0,1,0,1,0,1,1,0,0,0,1,0,1,0,0,1,0,1,0,1,1,0,0,0,1,0,1,0,0,1,0,1,0,1,1,0,0
2026,3,29,08:48:47.746,62.68,215,66.8,0.8457,4565.7,569.6,3.939,2.17,3.89,0.01,0.01,-668.0,1862.0,371.0,-26152.0,25947,1865,28.5,0.0,10909.0,0,0,0,e1f,d4e,d4a,d4a,d4a,1,1,1,1,1,0,0,0,0,1,1,1,0,0,1,1,1,0,0,1,0,1,0,1,1,0,0,0,1,0,1,0,0,1,0,1,0,1,1,0,0,0,1,0,1,0,0,1,0,1,0,1,1,0,0,0,1,0,1,0,0,1,0,1,0,1,1,0,0
2026,3,29,08:48:47.766,62.70,235,66.8,0.8452,4579.0,582.9,3.938,2.17,3.89,0.01,0.01,-669.0,1862.0,371.0,-26165.0,25984,1872,30.9,0.0,10912.0,0,0,0,e1f,d4e,d4a,d4a,d4a,1,1,1,1,1,0,0,0,0,1,1,1,0,0,1,1,1,0,0,1,0,1,0,1,1,0,0,0,1,0,1,0,0,1,0,1,0,1,1,0,0,0,1,0,1,0,0,1,0,1,0,1,1,0,0,0,1,0,1,0,0,1,0,1,0,1,1,0,0
2026,3,29,08:48:47.786,62.72,5,66.8,0.8452,4579.6,583.6,3.939,2.17,3.89,0.01,0.01,-670.0,1863.0,371.0,-26179.0,26022,1880,33.4,0.0,10914.0,0,0,0,e1f,d4e,d4a,d4a,d4a,1,1,1,1,1,0,0,0,0,1,1,1,0,0,1,1,1,0,0,1,0,1,0,1,1,0,0,0,1,0,1,0,0,1,0,1,0,1,1,0,0,0,1,0,1,0,0,1,0,1,0,1,1,0,0,0,1,0,1,0,0,1,0,1,0,1,1,0,0
2026,3,29,08:48:47.806,62.74,25,66.8,0.8444,4606.9,610.8,3.939,2.17,3.89,0.01,0.01,-670.0,1863.0,370.0,-26192.0,26059,1887,36.1,0.0,10917.0,0,0,0,e1f,d4e,d4a,d4a,d4a,1,1,1,1,1,0,0,0,0,1,1,1,0,0,1,1,1,0,0,1,0,1,0,1,1,0,0,0,1,0,1,0,0,1,0,1,0,1,1,0,0,0,1,0,1,0,0,1,0,1,0,1,1,0,0,0,1,0,1,0,0,1,0,1,0,1,1,0,0
2026,3,29,08:48:47.826,62.76,45,66.8,0.8443,4608.2,612.1,3.939,2.17,3.89,0.01,0.01,-671.0,1863.0,370.0,-26206.0,26096,1895,38.9,0.0,10919.0,0,0,0,e1f,d4e,d4a,d4a,d4a,1,1,1,1,1,0,0,0,0,1,1,1,0,0,1,1,1,0,0,1,0,1,0,1,1,0,0,0,1,0,1,0,0,1,0,1,0,1,1,0,0,0,1,0,1,0,0,1,0,1,0,1,1,0,0,0,1,0,1,0,0,1,0,1,0,1,1,0,0
2026,3,29,08:48:47.846,62.78,65,66.8,0.8440,4619.6,623.5,3.939,2.17,3.89,0.01,0.01,-672.0,1864.0,370.0,-26219.0,26133,1902,41.9,0.0,10922.0,0,0,0,e1f,d4e,d4a,d4a,d4a,1,1,1,1,1,0,0,0,0,1,1,1,0,0,1,1,1,0,0,1,0,1,0,1,1,0,0,0,1,0,1,0,0,1,0,1,0,1,1,0,0,0,1,0,1,0,0,1,0,1,0,1,1,0,0,0,1,0,1,0,0,1,0,1,0,1,1,0,0
2026,3,29,08:48:47.866,62.80,85,66.8,0.8440,4619.6,623.5,3.939,2.17,3.89,0.01,0.01,-673.0,1864.0,370.0,-26232.0,26171,1909,45.0,0.0,10924.0,0,0,0,e1f,d4e,d4a,d4a,d4a,1,1,1,1,1,0,0,0,0,1,1,1,0,0,1,1,1,0,0,1,0,1,0,1,1,0,0,0,1,0,1,0,0,1,0,1,0,1,1,0,0,0,1,0,1,0,0,1,0,1,0,1,1,0,0,0,1,0,1,0,0,1,0,1,0,1,1,0,0
2026,3,29,08:48:47.886,62.82,105,66.8,0.8442,4613.3,617.2,3.940,2.17,3.89,0.01,0.01,-674.0,1864.0,370.0,-26246.0,26208,1917,48.3,0.0,10927.0,0,0,0,e1f,d4e,d4a,d4a,d4a,1,1,1,1,1,0,0,0,0,1,1,1,0,0,1,1,1,0,0,1,0,1,0,1,1,0,0,0,1,0,1,0,0,1,0,1,0,1,1,0,0,0,1,0,1,0,0,1,0,1,0,1,1,0,0,0,1,0,1,0,0,1,0,1,0,1,1,0,0
2026,3,29,08:48:47.906,62.84,125,66.8,0.8441,4613.9,617.8,3.939,2.17,3.89,0.01,0.01,-674.0,1865.0,369.0,-26259.0,26245,1924,51.7,0.0,10929.0,0,0,0,e1f,d4e,d4a,d4a,d4a,1,1,1,1,1,0,0,0,0,1,1,1,0,0,1,1,1,0,0,1,0,1,0,1,1,0,0,0,1,0,1,0,0,1,0,1,0,1,1,0,0,0,1,0,1,0,0,1,0,1,0,1,1,0,0,0,1,0,1,0,0,1,0,1,0,1,1,0,0
2026,3,29,08:48:47.926,62.86,145,66.8,0.8439,4621.5,625.4,3.940,2.17,3.89,0.01,0.01,-675.0,1865.0,369.0,-26273.0,26283,1932,55.3,0.0,10932.0,0,0,0,e1f,d4e,d4a,d4a,d4a,1,1,1,1,1,0,0,0,0,1,1,1,0,0,1,1,1,0,0,1,0,1,0,1,1,0,0,0,1,0,1,0,0,1,0,1,0,1,1,0,0,0,1,0,1,0,0,1,0,1,0,1,1,0,0,0,1,0,1,0,0,1,0,1,0,1,1,0,0
2026,3,29,08:48:47.946,62.88,165,66.8,0.8439,4621.5,625.4,3.939,2.17,3.89,0.01,0.01,-676.0,1866.0,369.0,-26286.0,26320,1939,58.9,0.0,10935.0,0,0,0,e1f,d4e,d4a,d4a,d4a,1,1,1,1,1,0,0,0,0,1,1,1,0,0,1,1,1,0,0,1,0,1,0,1,1,0,0,0,1,0,1,0,0,1,0,1,0,1,1,0,0,0,1,0,1,0,0,1,0,1,0,1,1,0,0,0,1,0,1,0,0,1,0,1,0,1,1,0,0
2026,3,29,08:48:47.966,62.90,185,66.8,0.8439,4620.2,624.2,3.939,2.17,3.89,0.01,0.01,-676.0,1866.0,368.0,-26300.0,26357,1946,62.6,0.0,10938.0,0,0,0,e1f,d4e,d4a,d4a,d4a,1,1,1,1,1,0,0,0,0,1,1,1,0,0,1,1,1,0,0,1,0,1,0,1,1,0,0,0,1,0,1,0,0,1,0,1,0,1,1,0,0,0,1,0,1,0,0,1,0,1,0,1,1,0,0,0,1,0,1,0,0,1,0,1,0,1,1,0,0
2026,3,29,08:48:47.986,62.92,205,66.8,0.8440,4619.6,623.5,3.940,2.17,3.89,0.01,0.01,-677.0,1867.0,367.0,-26314.0,26395,1954,66.4,0.0,10942.0,0,0,0,e1f,d4e,d4a,d4a,d4a,1,1,1,1,1,0,0,0,0,1,1,1,0,0,1,1,1,0,0,1,0,1,0,1,1,0,0,0,1,0,1,0,0,1,0,1,0,1,1,0,0,0,1,0,1,0,0,1,0,1,0,1,1,0,0,0,1,0,1,0,0,1,0,1,0,1,1,0,0
2026,3,29,08:48:48.006,62.94,225,66.8,0.8443,4608.2,612.1,3.939,2.17,3.89,0.01,0.01,-677.0,1867.0,367.0,-26327.0,26432,1961,70.3,0.0,10946.0,0,0,0,e1f,d4e,d4a,d4a,d4a,1,1,1,1,1,0,0,0,0,1,1,1,0,0,1,1,1,0,0,1,0,1,0,1,1,0,0,0,1,0,1,0,0,1,0,1,0,1,1,0,0,0,1,0,1,0,0,1,0,1,0,1,1,0,0,0,1,0,1,0,0,1,0,1,0,1,1,0,0
2026,3,29,08:48:48.026,62.96,245,66.8,0.8443,4607.5,611.5,3.940,2.17,3.89,0.01,0.01,-678.0,1868.0,366.0,-26341.0,26469,1969,74.2,0.0,10950.0,0,0,0,e1f,d4e,d4a,d4a,d4a,1,1,1,1,1,0,0,0,0,1,1,1,0,0,1,1,1,0,0,1,0,1,0,1,1,0,0,0,1,0,1,0,0,1,0,1,0,1,1,0,0,0,1,0,1,0,0,1,0,1,0,1,1,0,0,0,1,0,1,0,0,1,0,1,0,1,1,0,0
2026,3,29,08:48:48.046,62.98,15,66.8,0.8450,4586.0,589.9,3.940,2.17,3.89,0.01,0.01,-678.0,1868.0,366.0,-26354.0,26507,1976,78.1,0.0,10954.0,0,0,0,e1f,d4e,d4a,d4a,d4a,1,1,1,1,1,0,0,0,0,1,1,1,0,0,1,1,1,0,0,1,0,1,0,1,1,0,0,0,1,0,1,0,0,1,0,1,0,1,1,0,0,0,1,0,1,0,0,1,0,1,0,1,1,0,0,0,1,0,1,0,0,1,0,1,0,1,1,0,0
2026,3,29,08:48:48.066,63.00,35,66.9,0.8451,4584.1,588.0,3.939,2.17,3.89,0.01,0.01,-678.0,1869.0,365.0,-26368.0,26544,1983,81.9,0.0,10960.0,0,0,0,e1f,d4e,d4a,d4a,d4a,1,1,1,1,1,0,0,0,0,1,1,1,0,0,1,1,1,0,0,1,0,1,0,1,1,0,0,0,1,0,1,0,0,1,0,1,0,1,1,0,0,0,1,0,1,0,0,1,0,1,0,1,1,0,0,0,1,0,1,0,0,1,0,1,0,1,1,0,0
2026,3,29,08:48:48.086,63.02,55,66.9,0.8466,4537.2,541.1,3.939,2.17,3.89,0.01,0.01,-678.0,1869.0,364.0,-26381.0,26581,1990,85.8,0.0,10966.0,0,0,0,e1f,d4e,d4a,d4a,d4a,1,1,1,1,1,0,0,0,0,1,1,1,0,0,1,1,1,0,0,1,0,1,0,1,1,0,0,0,1,0,1,0,0,1,0,1,0,1,1,0,0,0,1,0,1,0,0,1,0,1,0,1,1,0,0,0,1,0,1,0,0,1,0,1,0,1,1,0,0
2026,3,29,08:48:48.106,63.04,75,66.9,0.8466,4535.3,539.2,3.939,2.17,3.89,0.01,0.01,-678.0,1870.0,364.0,-26395.0,26619,1998,89.6,0.0,10972.0,0,0,0,e1f,d4e,d4a,d4a,d4a,1,1,1,1,1,0,0,0,0,1,1,1,0,0,1,1,1,0,0,1,0,1,0,1,1,0,0,0,1,0,1,0,0,1,0,1,0,1,1,0,0,0,1,0,1,0,0,1,0,1,0,1,1,0,0,0,1,0,1,0,0,1,0,1,0,1,1,0,0
2026,3,29,08:48:48.126,63.06,95,66.9,0.8482,4486.5,490.5,3.940,2.17,3.89,0.01,0.01,-678.0,1870.0,363.0,-26409.0,26656,2005,93.3,0.0,10979.0,0,0,0,e1f,d4e,d4a,d4a,d4a,1,1,1,1,1,0,0,0,0,1,1,1,0,0,1,1,1,0,0,1,0,1,0,1,1,0,0,0,1,0,1,0,0,1,0,1,0,1,1,0,0,0,1,0,1,0,0,1,0,1,0,1,1,0,0,0,1,0,1,0,0,1,0,1,0,1,1,0,0
2026,3,29,08:48:48.146,63.08,115,67.0,0.8482,4484.6,488.6,3.939,2.17,3.89,0.01,0.01,-678.0,1871.0,363.0,-26422.0,26694,2012,97.0,0.0,10985.0,0,0,0,e1f,d4a,d4a,d4a,d4a,1,1,1,1,1,0,0,0,0,1,1,1,0,0,1,0,1,0,0,1,0,1,0,1,1,0,0,0,1,0,1,0,0,1,0,1,0,1,1,0,0,0,1,0,1,0,0,1,0,1,0,1,1,0,0,0,1,0,1,0,0,1,0,1,0,1,1,0,0
2026,3,29,08:48:48.166,63.10,135,67.0,0.8496,4442.3,446.2,3.939,2.18,3.89,0.01,0.01,-677.0,1871.0,362.0,-26436.0,26731,2020,100.6,0.0,10991.0,0,0,0,e1f,d4a,d4a,d4a,d4a,1,1,1,1,1,0,0,0,0,1,1,1,0,0,1,0,1,0,0,1,0,1,0,1,1,0,0,0,1,0,1,0,0,1,0,1,0,1,1,0,0,0,1,0,1,0,0,1,0,1,0,1,1,0,0,0,1,0,1,0,0,1,0,1,0,1,1,0,0
2026,3,29,08:48:48.186,63.12,155,67.0,0.8496,4441.0,445.0,3.940,2.18,3.89,0.01,0.01,-677.0,1872.0,362.0,-26449.0,26769,2027,104.2,0.0,10997.0,0,0,0,e1f,d4a,d4a,d4a,d4a,1,1,1,1,1,0,0,0,0,1,1,1,0,0,1,0,1,0,0,1,0,1,0,1,1,0,0,0,1,0,1,0,0,1,0,1,0,1,1,0,0,0,1,0,1,0,0,1,0,1,0,1,1,0,0,0,1,0,1,0,0,1,0,1,0,1,1,0,0
2026,3,29,08:48:48.206,63.14,175,67.0,0.8506,4408.2,412.1,3.940,2.18,3.89,0.01,0.01,-677.0,1872.0,362.0,-26463.0,26806,2034,107.7,0.0,11002.0,0,0,0,e1f,d4a,d4a,d4a,d4a,1,1,1,1,1,0,0,0,0,1,1,1,0,0,1,0,1,0,0,1,0,1,0,1,1,0,0,0,1,0,1,0,0,1,0,1,0,1,1,0,0,0,1,0,1,0,0,1,0,1,0,1,1,0,0,0,1,0,1,0,0,1,0,1,0,1,1,0,0
2026,3,29,08:48:48.226,63.16,195,67.1,0.8506,4408.2,412.1,3.939,2.18,3.89,0.01,0.01,-677.0,1872.0,362.0,-26476.0,26843,2041,111.1,0.0,11006.0,0,0,0,e1f,d4a,d4a,d4a,d4a,1,1,1,1,1,0,0,0,0,1,1,1,0,0,1,0,1,0,0,1,0,1,0,1,1,0,0,0,1,0,1,0,0,1,0,1,0,1,1,0,0,0,1,0,1,0,0,1,0,1,0,1,1,0,0,0,1,0,1,0,0,1,0,1,0,1,1,0,0
2026,3,29,08:48:48.246,63.18,215,67.1,0.8503,4419.6,423.5,3.939,2.18,3.89,0.01,0.01,-676.0,1872.0,362.0,-26490.0,26881,2049,114.4,0.0,11011.0,0,0,0,e1f,d4a,d4a,d4a,d4a,1,1,1,1,1,0,0,0,0,1,1,1,0,0,1,0,1,0,0,1,0,1,0,1,1,0,0,0,1,0,1,0,0,1,0,1,0,1,1,0,0,0,1,0,1,0,0,1,0,1,0,1,1,0,0,0,1,0,1,0,0,1,0,1,0,1,1,0,0
2026,3,29,08:48:48.266,63.20,235,67.1,0.8503,4418.3,422.2,3.939,2.18,3.89,0.01,0.01,-676.0,1873.0,362.0,-26503.0,26918,2056,117.7,0.0,11016.0,0,0,0,e1f,d4a,d4a,d4a,d4a,1,1,1,1,1,0,0,0,0,1,1,1,0,0,1,0,1,0,0,1,0,1,0,1,1,0,0,0,1,0,1,0,0,1,0,1,0,1,1,0,0,0,1,0,1,0,0,1,0,1,0,1,1,0,0,0,1,0,1,0,0,1,0,1,0,1,1,0,0
2026,3,29,08:48:48.286,63.22,5,67.1,0.8510,4397.5,401.4,3.939,2.18,3.89,0.01,0.01,-676.0,1873.0,362.0,-26517.0,26956,2063,120.8,0.0,11020.0,0,0,0,e1f,d4a,d4a,d4a,d4a,1,1,1,1,1,0,0,0,0,1,1,1,0,0,1,0,1,0,0,1,0,1,0,1,1,0,0,0,1,0,1,0,0,1,0,1,0,1,1,0,0,0,1,0,1,0,0,1,0,1,0,1,1,0,0,0,1,0,1,0,0,1,0,1,0,1,1,0,0
2026,3,29,08:48:48.306,63.24,25,67.1,0.8510,4397.5,401.4,3.940,2.18,3.89,0.01,0.01,-675.0,1873.0,362.0,-26530.0,26993,2070,123.8,0.0,11025.0,0,0,0,e1f,d4a,d4a,d4a,d4a,1,1,1,1,1,0,0,0,0,1,1,1,0,0,1,0,1,0,0,1,0,1,0,1,1,0,0,0,1,0,1,0,0,1,0,1,0,1,1,0,0,0,1,0,1,0,0,1,0,1,0,1,1,0,0,0,1,0,1,0,0,1,0,1,0,1,1,0,0
2026,3,29,08:48:48.326,63.26,45,67.1,0.8512,4389.3,393.2,3.939,2.18,3.89,0.01,0.01,-675.0,1874.0,362.0,-26544.0,27031,2078,126.5,0.0,11030.0,0,0,0,e1f,d4a,d4a,d4a,d4a,1,1,1,1,1,0,0,0,0,1,1,1,0,0,1,0,1,0,0,1,0,1,0,1,1,0,0,0,1,0,1,0,0,1,0,1,0,1,1,0,0,0,1,0,1,0,0,1,0,1,0,1,1,0,0,0,1,0,1,0,0,1,0,1,0,1,1,0,0
2026,3,29,08:48:48.346,63.28,65,67.1,0.8512,4389.3,393.2,3.939,2.18,3.89,0.01,0.01,-674.0,1874.0,363.0,-26557.0,27068,2085,129.1,0.0,11035.0,0,0,0,e1f,d4a,d4a,d4a,d4a,1,1,1,1,1,0,0,0,0,1,1,1,0,0,1,0,1,0,0,1,0,1,0,1,1,0,0,0,1,0,1,0,0,1,0,1,0,1,1,0,0,0,1,0,1,0,0,1,0,1,0,1,1,0,0,0,1,0,1,0,0,1,0,1,0,1,1,0,0
2026,3,29,08:48:48.366,63.30,85,67.1,0.8516,4379.2,383.1,3.939,2.18,3.89,0.01,0.01,-674.0,1874.0,363.0,-26571.0,27106,2092,131.5,0.0,11040.0,0,0,0,e1f,d4a,d4a,d4a,d4a,1,1,1,1,1,0,0,0,0,1,1,1,0,0,1,0,1,0,0,1,0,1,0,1,1,0,0,0,1,0,1,0,0,1,0,1,0,1,1,0,0,0,1,0,1,0,0,1,0,1,0,1,1,0,0,0,1,0,1,0,0,1,0,1,0,1,1,0,0
2026,3,29,08:48:48.386,63.32,105,67.1,0.8515,4379.8,383.8,3.939,2.18,3.89,0.01,0.01,-674.0,1874.0,364.0,-26584.0,27143,2099,133.7,0.0,11046.0,0,0,0,e1f,d4a,d4a,d4a,d4a,1,1,1,1,1,0,0,0,0,1,1,1,0,0,1,0,1,0,0,1,0,1,0,1,1,0,0,0,1,0,1,0,0,1,0,1,0,1,1,0,0,0,1,0,1,0,0,1,0,1,0,1,1,0,0,0,1,0,1,0,0,1,0,1,0,1,1,0,0
2026,3,29,08:48:48.406,63.34,125,67.1,0.8521,4362.2,366.1,3.939,2.18,3.89,0.01,0.01,-674.0,1875.0,364.0,-26598.0,27181,2107,135.8,0.0,11052.0,0,0,0,e1f,d4a,d4a,d4a,d4a,1,1,1,1,1,0,0,0,0,1,1,1,0,0,1,0,1,0,0,1,0,1,0,1,1,0,0,0,1,0,1,0,0,1,0,1,0,1,1,0,0,0,1,0,1,0,0,1,0,1,0,1,1,0,0,0,1,0,1,0,0,1,0,1,0,1,1,0,0
2026,3,29,08:48:48.426,63.36,145,67.1,0.8521,4361.6,365.5,3.939,2.18,3.89,0.01,0.01,-674.0,1875.0,365.0,-26611.0,27218,2114,137.7,0.0,11059.0,0,0,0,e1f,d4a,d4a,d4a,d4a,1,1,1,1,1,0,0,0,0,1,1,1,0,0,1,0,1,0,0,1,0,1,0,1,1,0,0,0,1,0,1,0,0,1,0,1,0,1,1,0,0,0,1,0,1,0,0,1,0,1,0,1,1,0,0,0,1,0,1,0,0,1,0,1,0,1,1,0,0
2026,3,29,08:48:48.446,63.38,165,67.1,0.8528,4340.8,344.7,3.940,2.18,3.89,0.01,0.01,-674.0,1875.0,365.0,-26625.0,27256,2121,139.5,0.0,11065.0,0,0,0,e1f,d4a,d4a,d4a,d4a,1,1,1,1,1,0,0,0,0,1,1,1,0,0,1,0,1,0,0,1,0,1,0,1,1,0,0,0,1,0,1,0,0,1,0,1,0,1,1,0,0,0,1,0,1,0,0,1,0,1,0,1,1,0,0,0,1,0,1,0,0,1,0,1,0,1,1,0,0
2026,3,29,08:48:48.466,63.40,185,67.1,0.8528,4340.8,344.7,3.940,2.18,3.89,0.01,0.01,-674.0,1875.0,366.0,-26638.0,27293,2129,141.2,0.0,11071.0,0,0,0,e1f,d4a,d4a,d4a,d4a,1,1,1,1,1,0,0,0,0,1,1,1,0,0,1,0,1,0,0,1,0,1,0,1,1,0,0,0,1,0,1,0,0,1,0,1,0,1,1,0,0,0,1,0,1,0,0,1,0,1,0,1,1,0,0,0,1,0,1,0,0,1,0,1,0,1,1,0,0
2026,3,29,08:48:48.486,63.42,205,67.1,0.8528,4340.8,344.7,3.940,2.18,3.89,0.01,0.01,-674.0,1875.0,366.0,-26652.0,27331,2136,142.7,0.0,11077.0,0,0,0,e1f,d4a,d4a,d4a,d4a,1,1,1,1,1,0,0,0,0,1,1,1,0,0,1,0,1,0,0,1,0,1,0,1,1,0,0,0,1,0,1,0,0,1,0,1,0,1,1,0,0,0,1,0,1,0,0,1,0,1,0,1,1,0,0,0,1,0,1,0,0,1,0,1,0,1,1,0,0
2026,3,29,08:48:48.506,63.44,225,67.1,0.8528,4340.8,344.7,3.940,2.18,3.89,0.01,0.01,-674.0,1875.0,367.0,-26665.0,27368,2143,144.2,0.0,11083.0,0,0,0,e1f,d4a,d4a,d4a,d4a,1,1,1,1,1,0,0,0,0,1,1,1,0,0,1,0,1,0,0,1,0,1,0,1,1,0,0,0,1,0,1,0,0,1,0,1,0,1,1,0,0,0,1,0,1,0,0,1,0,1,0,1,1,0,0,0,1,0,1,0,0,1,0,1,0,1,1,0,0
2026,3,29,08:48:48.526,63.46,245,67.1,0.8537,4313.1,317.0,3.940,2.18,3.89,0.01,0.01,-675.0,1875.0,367.0,-26679.0,27406,2151,145.6,0.0,11088.0,0,0,0,e1f,d4a,d4a,d4a,d4a,1,1,1,1,1,0,0,0,0,1,1,1,0,0,1,0,1,0,0,1,0,1,0,1,1,0,0,0,1,0,1,0,0,1,0,1,0,1,1,0,0,0,1,0,1,0,0,1,0,1,0,1,1,0,0,0,1,0,1,0,0,1,0,1,0,1,1,0,0
2026,3,29,08:48:48.546,63.48,15,67.1,0.8537,4313.1,317.0,3.940,2.18,3.89,0.01,0.01,-675.0,1875.0,367.0,-26692.0,27443,2158,147.0,0.0,11092.0,0,0,0,e1f,d4a,d4a,d4a,d4a,1,1,1,1,1,0,0,0,0,1,1,1,0,0,1,0,1,0,0,1,0,1,0,1,1,0,0,0,1,0,1,0,0,1,0,1,0,1,1,0,0,0,1,0,1,0,0,1,0,1,0,1,1,0,0,0,1,0,1,0,0,1,0,1,0,1,1,0,0
2026,3,29,08:48:48.566,63.50,35,67.1,0.8538,4308.7,312.6,3.939,2.18,3.89,0.01,0.01,-675.0,1876.0,368.0,-26706.0,27481,2165,148.3,0.0,11097.0,0,0,0,e1f,d4a,d4a,d4a,d4a,1,1,1,1,1,0,0,0,0,1,1,1,0,0,1,0,1,0,0,1,0,1,0,1,1,0,0,0,1,0,1,0,0,1,0,1,0,1,1,0,0,0,1,0,1,0,0,1,0,1,0,1,1,0,0,0,1,0,1,0,0,1,0,1,0,1,1,0,0
2026,3,29,08:48:48.586,63.52,55,67.1,0.8538,4308.7,312.6,3.940,2.18,3.89,0.01,0.01,-676.0,1876.0,368.0,-26719.0,27518,2173,149.6,0.0,11101.0,0,0,0,e1f,d4a,d4a,d4a,d4a,1,1,1,1,1,0,0,0,0,1,1,1,0,0,1,0,1,0,0,1,0,1,0,1,1,0,0,0,1,0,1,0,0,1,0,1,0,1,1,0,0,0,1,0,1,0,0,1,0,1,0,1,1,0,0,0,1,0,1,0,0,1,0,1,0,1,1,0,0
2026,3,29,08:48:48.606,63.54,75,67.1,0.8543,4293.6,297.5,3.940,2.18,3.89,0.01,0.01,-676.0,1877.0,368.0,-26733.0,27556,2180,150.9,0.0,11105.0,0,0,0,e1f,d4a,d4a,d4a,d4a,1,1,1,1,1,0,0,0,0,1,1,1,0,0,1,0,1,0,0,1,0,1,0,1,1,0,0,0,1,0,1,0,0,1,0,1,0,1,1,0,0,0,1,0,1,0,0,1,0,1,0,1,1,0,0,0,1,0,1,0,0,1,0,1,0,1,1,0,0
2026,3,29,08:48:48.626,63.56,95,67.1,0.8543,4293.6,297.5,3.940,2.18,3.89,0.01,0.01,-676.0,1877.0,369.0,-26747.0,27593,2187,152.1,0.0,11109.0,0,0,0,e1f,d4a,d4a,d4a,d4a,1,1,1,1,1,0,0,0,0,1,1,1,0,0,1,0,1,0,0,1,0,1,0,1,1,0,0,0,1,0,1,0,0,1,0,1,0,1,1,0,0,0,1,0,1,0,0,1,0,1,0,1,1,0,0,0,1,0,1,0,0,1,0,1,0,1,1,0,0
2026,3,29,08:48:48.646,63.58,115,67.1,0.8542,4296.7,300.7,3.940,2.18,3.89,0.01,0.01,-677.0,1878.0,369.0,-26760.0,27631,2195,153.2,0.0,11114.0,0,0,0,e1f,d4a,d4a,d4a,d4a,1,1,1,1,1,0,0,0,0,1,1,1,0,0,1,0,1,0,0,1,0,1,0,1,1,0,0,0,1,0,1,0,0,1,0,1,0,1,1,0,0,0,1,0,1,0,0,1,0,1,0,1,1,0,0,0,1,0,1,0,0,1,0,1,0,1,1,0,0
2026,3,29,08:48:48.906,63.60,125,67.1,0.8533,4325.7,329.6,3.939,2.19,3.89,0.01,0.01,-682.0,1883.0,372.0,-26937.0,28120,2291,162.4,0.0,11169.0,0,0,0,e1f,d4a,d4a,d4a,d4a,1,1,1,1,1,0,0,0,0,1,1,1,0,0,1,0,1,0,0,1,0,1,0,1,1,0,0,0,1,0,1,0,0,1,0,1,0,1,1,0,0,0,1,0,1,0,0,1,0,1,0,1,1,0,0,0,1,0,1,0,0,1,0,1,0,1,1,0,0
2026,3,29,08:48:48.926,63.62,145,67.1,0.8536,4314.3,318.3,3.940,2.19,3.89,0.01,0.01,-682.0,1884.0,372.0,-26950.0,28158,2299,163.0,0.0,11170.0,0,0,0,e1f,d4a,d4a,d4a,d4a,1,1,1,1,1,0,0,0,0,1,1,1,0,0,1,0,1,0,0,1,0,1,0,1,1,0,0,0,1,0,1,0,0,1,0,1,0,1,1,0,0,0,1,0,1,0,0,1,0,1,0,1,1,0,0,0,1,0,1,0,0,1,0,1,0,1,1,0,0
2026,3,29,08:48:48.946,63.64,165,67.1,0.8536,4314.3,318.3,3.939,2.19,3.89,0.01,0.01,-682.0,1884.0,372.0,-26964.0,28195,2306,163.6,0.0,11170.0,0,0,0,e1f,d4a,d4a,d4a,d4a,1,1,1,1,1,0,0,0,0,1,1,1,0,0,1,0,1,0,0,1,0,1,0,1,1,0,0,0,1,0,1,0,0,1,0,1,0,1,1,0,0,0,1,0,1,0,0,1,0,1,0,1,1,0,0,0,1,0,1,0,0,1,0,1,0,1,1,0,0
2026,3,29,08:48:48.966,63.66,185,67.1,0.8534,4321.3,325.2,3.939,2.19,3.89,0.01,0.01,-682.0,1885.0,372.0,-26978.0,28233,2314,164.1,0.0,11169.0,0,0,0,e1f,d4a,d4a,d4a,d4a,1,1,1,1,1,0,0,0,0,1,1,1,0,0,1,0,1,0,0,1,0,1,0,1,1,0,0,0,1,0,1,0,0,1,0,1,0,1,1,0,0,0,1,0,1,0,0,1,0,1,0,1,1,0,0,0,1,0,1,0,0,1,0,1,0,1,1,0,0
2026,3,29,08:48:49.226,63.68,195,67.1,0.8547,4281.0,285.0,3.939,2.19,3.89,0.01,0.01,-687.0,1888.0,373.0,-27156.0,28724,2411,164.0,0.0,11149.0,0,0,0,e1f,d4a,d4a,d4a,d4a,1,1,1,1,1,0,0,0,0,1,1,1,0,0,1,0,1,0,0,1,0,1,0,1,1,0,0,0,1,0,1,0,0,1,0,1,0,1,1,0,0,0,1,0,1,0,0,1,0,1,0,1,1,0,0,0,1,0,1,0,0,1,0,1,0,1,1,0,0
2026,3,29,08:48:49.246,63.70,215,67.1,0.8551,4268.4,272.4,3.939,2.19,3.89,0.01,0.01,-687.0,1888.0,373.0,-27170.0,28761,2418,163.2,0.0,11147.0,0,0,0,e1f,d4a,d4a,d4a,d4a,1,1,1,1,1,0,0,0,0,1,1,1,0,0,1,0,1,0,0,1,0,1,0,1,1,0,0,0,1,0,1,0,0,1,0,1,0,1,1,0,0,0,1,0,1,0,0,1,0,1,0,1,1,0,0,0,1,0,1,0,0,1,0,1,0,1,1,0,0
2026,3,29,08:48:49.266,63.72,235,67.1,0.8551,4268.4,272.4,3.939,2.19,3.89,0.01,0.01,-688.0,1889.0,373.0,-27183.0,28799,2426,162.3,0.0,11145.0,0,0,0,e1f,d4a,d4a,d4a,d4a,1,1,1,1,1,0,0,0,0,1,1,1,0,0,1,0,1,0,0,1,0,1,0,1,1,0,0,0,1,0,1,0,0,1,0,1,0,1,1,0,0,0,1,0,1,0,0,1,0,1,0,1,1,0,0,0,1,0,1,0,0,1,0,1,0,1,1,0,0
2026,3,29,08:48:49.286,63.74,5,67.1,0.8547,4279.8,283.7,3.941,2.19,3.89,0.01,0.01,-688.0,1889.0,373.0,-27197.0,28837,2433,161.3,0.0,11143.0,0,0,0,e1f,d4a,d4a,d4a,d4a,1,1,1,1,1,0,0,0,0,1,1,1,0,0,1,0,1,0,0,1,0,1,0,1,1,0,0,0,1,0,1,0,0,1,0,1,0,1,1,0,0,0,1,0,1,0,0,1,0,1,0,1,1,0,0,0,1,0,1,0,0,1,0,1,0,1,1,0,0
2026,3,29,08:48:49.546,63.76,15,66.9,0.8541,4299.9,303.8,3.940,2.20,3.89,0.01,0.01,-688.0,1894.0,373.0,-27376.0,29329,2530,139.9,0.0,11065.0,0,0,0,e1f,d4a,d4a,d4a,d4a,1,1,1,1,1,0,0,0,0,1,1,1,0,0,1,0,1,0,0,1,0,1,0,1,1,0,0,0,1,0,1,0,0,1,0,1,0,1,1,0,0,0,1,0,1,0,0,1,0,1,0,1,1,0,0,0,1,0,1,0,0,1,0,1,0,1,1,0,0
2026,3,29,08:48:49.566,63.78,35,66.9,0.8523,4356.5,360.5,3.939,2.20,3.89,0.01,0.01,-688.0,1894.0,373.0,-27390.0,29367,2538,138.2,0.0,11056.0,0,0,0,e1f,d4a,d4a,d4a,d4a,1,1,1,1,1,0,0,0,0,1,1,1,0,0,1,0,1,0,0,1,0,1,0,1,1,0,0,0,1,0,1,0,0,1,0,1,0,1,1,0,0,0,1,0,1,0,0,1,0,1,0,1,1,0,0,0,1,0,1,0,0,1,0,1,0,1,1,0,0
2026,3,29,08:48:49.586,63.80,55,66.9,0.8522,4359.0,363.0,3.939,2.20,3.89,0.01,0.01,-689.0,1894.0,373.0,-27404.0,29405,2545,136.6,0.0,11046.0,0,0,0,e1f,d4a,d4a,d4a,d4a,1,1,1,1,1,0,0,0,0,1,1,1,0,0,1,0,1,0,0,1,0,1,0,1,1,0,0,0,1,0,1,0,0,1,0,1,0,1,1,0,0,0,1,0,1,0,0,1,0,1,0,1,1,0,0,0,1,0,1,0,0,1,0,1,0,1,1,0,0
2026,3,29,08:48:49.606,63.82,75,66.9,0.8496,4439.8,443.7,3.939,2.20,3.89,0.01,0.01,-689.0,1895.0,373.0,-27417.0,29443,2552,135.0,0.0,11036.0,0,0,0,e1f,d4a,d4a,d4a,d4a,1,1,1,1,1,0,0,0,0,1,1,1,0,0,1,0,1,0,0,1,0,1,0,1,1,0,0,0,1,0,1,0,0,1,0,1,0,1,1,0,0,0,1,0,1,0,0,1,0,1,0,1,1,0,0,0,1,0,1,0,0,1,0,1,0,1,1,0,0
2026,3,29,08:48:49.866,63.84,85,66.9,0.8522,4359.0,363.0,3.940,2.20,3.89,0.01,0.01,-691.0,1902.0,372.0,-27597.0,29936,2650,118.1,0.0,10917.0,0,0,0,e1f,d4a,d4a,d4a,d4a,1,1,1,1,1,0,0,0,0,1,1,1,0,0,1,0,1,0,0,1,0,1,0,1,1,0,0,0,1,0,1,0,0,1,0,1,0,1,1,0,0,0,1,0,1,0,0,1,0,1,0,1,1,0,0,0,1,0,1,0,0,1,0,1,0,1,1,0,0
2026,3,29,08:48:49.886,63.86,105,66.9,0.8546,4283.5,287.5,3.939,2.20,3.89,0.01,0.01,-690.0,1903.0,372.0,-27611.0,29974,2657,116.4,0.0,10908.0,0,0,0,e1f,d4a,d4a,d4a,d4a,1,1,1,1,1,0,0,0,0,1,1,1,0,0,1,0,1,0,0,1,0,1,0,1,1,0,0,0,1,0,1,0,0,1,0,1,0,1,1,0,0,0,1,0,1,0,0,1,0,1,0,1,1,0,0,0,1,0,1,0,0,1,0,1,0,1,1,0,0
2026,3,29,08:48:49.906,63.88,125,67.0,0.8547,4281.0,285.0,3.940,2.20,3.89,0.01,0.01,-690.0,1904.0,371.0,-27625.0,30012,2665,114.6,0.0,10900.0,0,0,0,e1f,d4a,d4a,d4a,d4a,1,1,1,1,1,0,0,0,0,1,1,1,0,0,1,0,1,0,0,1,0,1,0,1,1,0,0,0,1,0,1,0,0,1,0,1,0,1,1,0,0,0,1,0,1,0,0,1,0,1,0,1,1,0,0,0,1,0,1,0,0,1,0,1,0,1,1,0,0
2026,3,29,08:48:49.926,63.90,145,67.0,0.8550,4269.7,273.6,3.940,2.20,3.89,0.01,0.01,-689.0,1904.0,371.0,-27639.0,30051,2672,112.7,0.0,10894.0,0,0,0,e1f,d4a,d4a,d4a,d4a,1,1,1,1,1,0,0,0,0,1,1,1,0,0,1,0,1,0,0,1,0,1,0,1,1,0,0,0,1,0,1,0,0,1,0,1,0,1,1,0,0,0,1,0,1,0,0,1,0,1,0,1,1,0,0,0,1,0,1,0,0,1,0,1,0,1,1,0,0
