time_s,gnss_x,gnss_y,gnss_z
0.0,33.49864099644529,-99.3375993124239,418.7372196605987
0.1,33.4986158164124,-99.3375850407933,421.39373743772563
0.2,33.498651070462046,-99.33765677307278,413.5705350614818
0.3,33.498610146209614,-99.33759743324924,419.3995095995894
0.4,33.49863238921297,-99.33755962435195,424.2009128887842
0.5,33.49862107319462,-99.3376638310068,428.2353159832558
0.6,33.49861616790007,-99.3376340746554,422.6896379547039
0.7000000000000001,33.49862208464568,-99.33759736563961,436.6833452475339
0.8,33.49860846377636,-99.33761407415936,437.98564722111047
0.9,33.49862992531207,-99.33761785277375,456.31724877379116
1.0,33.49857525097628,-99.33760625573841,461.93325634426736
1.1,33.498636384627126,-99.33759080972433,472.2175927354942
1.2,33.498633468435116,-99.33759281281147,478.785240507058
1.3,33.49865837398375,-99.33760107046872,497.7939064071231
1.4000000000000001,33.49858139595885,-99.33768702322661,504.0131036088399
1.5,33.49865418499617,-99.33765605455825,519.882270863419
1.6,33.498626017254665,-99.33764761353224,542.0473086453081
1.7,33.498613306900346,-99.33764065110591,560.7054425516864
1.8,33.49861973985645,-99.33765699118251,575.2285742716155
1.9000000000000001,33.49867259608373,-99.3377094523664,593.620736506051
2.0,33.49866204344039,-99.33766853492112,614.5317876419331
2.1,33.498629124722186,-99.33770517705227,644.1868422947437
2.2,33.498612434100046,-99.3376820378637,657.918265321816
2.3000000000000003,33.49860305598003,-99.33766002921607,690.6982247703968
2.4,33.49859741403252,-99.33766109506361,713.2824538772745
2.5,33.49864657439812,-99.33773302344838,728.8735511953016
2.6,33.49864652935059,-99.33772093177262,759.6515852070924
2.7,33.49868295002766,-99.33772220833848,786.2926187563197
2.8000000000000003,33.49867757324945,-99.33773973933279,803.6542729399434
2.9,33.498681157056446,-99.33776414676183,835.3321460325034
3.0,33.49866560432032,-99.33776399180958,867.1409812873619
3.1,33.49867167250896,-99.3377114655552,891.1337136050455
3.2,33.49865085795165,-99.33771203562239,921.5134044562664
3.3000000000000003,33.498706125056515,-99.33777698674997,946.4070560720465
3.4,33.498641331066985,-99.33778092388776,969.9793764400702
3.5,33.49869788478656,-99.33784519684346,1000.9232156736344
3.6,33.498665802114296,-99.33779985778685,1029.816166244493
3.7,33.49866277211133,-99.33780785779862,1055.453592263841
3.8000000000000003,33.498692284636505,-99.33781408228089,1083.7454934869706
3.9,33.49872047786867,-99.33784187733423,1108.1431972753307
4.0,33.49868172826983,-99.33788847643318,1143.5868935317887
4.1,33.49868272915466,-99.33789989778423,1169.4553233467436
4.2,33.49867702548856,-99.33788214814331,1186.8353510132129
4.3,33.49873883951966,-99.33790010823863,1215.3639948744294
4.4,33.49868357684306,-99.3379366332501,1248.3827091300684
4.5,33.4987309209814,-99.33787798964846,1269.6105585467503
4.6000000000000005,33.498710597457865,-99.33786430667632,1292.447203407254
4.7,33.498682862900104,-99.33795960533486,1313.6509893500133
4.8,33.49876204613191,-99.3379599027137,1337.0283825956612
4.9,33.49868858326512,-99.3380329884989,1368.7034607698108
5.0,33.49875016213262,-99.33797828735698,1387.1347132728197
5.1000000000000005,33.49874389249185,-99.33794123673957,1408.4334354046318
5.2,33.49872484611077,-99.33799027371872,1448.4700489057614
5.3,33.4987675244766,-99.33803507850396,1466.1697214750682
5.4,33.498759845147354,-99.3379994323767,1486.8746404062558
5.5,33.49873335503629,-99.33803616605236,1513.4196995105574
5.6000000000000005,33.49879035302457,-99.33803444278735,1532.9332602623228
5.7,33.498734569045034,-99.33797932857227,1552.3254718084158
5.8,33.49878936110028,-99.33797792199124,1582.4416356158017
5.9,33.498769652826326,-99.33805678713277,1606.1222008109842
6.0,33.498756725899945,-99.33812802565353,1628.790991302071
6.1000000000000005,33.49875444804857,-99.338082411168,1655.4305280581277
6.2,33.49874022757921,-99.33810115566916,1662.8991371838106
6.3,33.49871618367162,-99.33811169649407,1691.0470387875177
6.4,33.49877480674794,-99.33812785857582,1710.5925173864473
6.5,33.49877863053651,-99.33811060197307,1742.233167677174
6.6000000000000005,33.498820193862464,-99.33811374628363,1754.2425112950543
6.7,33.498823814910224,-99.33813676828771,1775.4564476820758
6.8,33.49882474824429,-99.33813553589087,1797.1229590058738
6.9,33.49876098655275,-99.3381677015815,1823.0510809537586
7.0,33.4987972522228,-99.338129881902,1837.3645211153591
7.1000000000000005,33.4988123311386,-99.33814822198528,1863.8846107692107
7.2,33.49879016737478,-99.33815999480161,1875.7158521251436
7.3,33.49878153455485,-99.33809180127247,1900.1925823472714
7.4,33.49884627175842,-99.33819716726157,1920.1221631097792
7.5,33.4987618371632,-99.33820358207967,1938.9909848343602
7.6000000000000005,33.498834405381615,-99.33821053980252,1948.0809392215938
7.7,33.49878411339549,-99.33830247188784,1982.192821839535
7.8,33.49879862582661,-99.33819247379957,1991.4222483728809
7.9,33.49882017243204,-99.33821383716561,2016.5015418969842
8.0,33.49883104091855,-99.33825250114813,2042.2152224820131
8.1,33.49884710773617,-99.33822027055804,2062.072052114955
8.2,33.49880000727875,-99.3382744980099,2070.285088495814
8.3,33.498828723674684,-99.33824996389787,2090.391473375773
8.4,33.49881707086504,-99.33829663607268,2115.6688434228035
8.5,33.4988281331823,-99.33830063807562,2134.1539571381154
8.6,33.49885228598178,-99.33825513774875,2154.5745923143045
8.700000000000001,33.49885829357897,-99.33827223417637,2156.6354899017633
8.8,33.498861068576595,-99.33837966526815,2175.2931416854462
8.9,33.49887256926554,-99.33832531883982,2199.3215338151113
9.0,33.49887237301343,-99.33835566389573,2213.306994388785
9.1,33.49883051820719,-99.33828302499627,2243.039148589885
9.200000000000001,33.49878227099771,-99.33832797081035,2254.9493318671834
9.3,33.498877747503066,-99.33832579203784,2274.769121220211
9.4,33.49886161091568,-99.33832424459813,2278.8400992157653
9.5,33.49883787304606,-99.33831045066526,2295.312234687496
9.6,33.49882839606521,-99.3383530720971,2313.114458003429
9.700000000000001,33.49885383807918,-99.33838065533729,2340.823429992196
9.8,33.498840367777966,-99.33831205520585,2354.1853895882286
9.9,33.49886570099399,-99.33838771062229,2364.723973466789
10.0,33.498868235599,-99.33839204959787,2389.840171711055
10.1,33.498848764724634,-99.3384132663374,2394.706859332439
10.200000000000001,33.49890258447007,-99.33840059941741,2409.1567912841288
10.3,33.498880267003166,-99.33845266130166,2431.0384851117765
10.4,33.49891191070762,-99.33835908355132,2446.4795428155085
10.5,33.4989095107175,-99.33846004574661,2460.4335327985373
10.6,33.498853347438434,-99.33842630635289,2477.395357161829
10.700000000000001,33.498866334633846,-99.3384301978177,2482.939963809068
10.8,33.49886576819858,-99.33843401664662,2507.5076881882865
10.9,33.49888436736291,-99.33845695436801,2528.7214060144197
11.0,33.498900219494466,-99.33842095437592,2536.0960268402464
11.1,33.49894024789087,-99.33847200898693,2552.6663438968894
11.200000000000001,33.49890727746029,-99.33849134695409,2563.6567109208804
11.3,33.49891409463306,-99.3384678089096,2580.16511377083
11.4,33.498906042038605,-99.3384915608901,2593.848132706079
11.5,33.49886207150838,-99.33854152006155,2608.4661785254657
11.6,33.49887700714448,-99.33853626745285,2614.6804285136313
11.700000000000001,33.49889415560956,-99.33851366048042,2638.8362386877175
11.8,33.49884816229018,-99.33852267103931,2648.126031047782
11.9,33.498873512514926,-99.33852085878256,2667.7748018578563
12.0,33.498904957264806,-99.33856984303938,2673.255196201095
12.1,33.498912724744876,-99.33853182467789,2682.0700668051963
12.200000000000001,33.49891261217606,-99.33860349160688,2702.348581380461
12.3,33.498949664144924,-99.33854566938314,2712.810802301424
12.4,33.498920688177435,-99.33859430111121,2730.118986258659
12.5,33.498930805846946,-99.33855648795436,2739.0494780445565
12.6,33.49895249414396,-99.33857820453595,2754.5774129225765
12.700000000000001,33.49890738382373,-99.33859554733192,2775.8348843237454
12.8,33.49892303448991,-99.33855211762871,2777.919092061275
12.9,33.498894075405595,-99.338648253956,2784.660904865469
13.0,33.498950739174234,-99.33866907775031,2813.4882682011553
13.1,33.498941098977205,-99.33862146040815,2814.026539862181
13.200000000000001,33.49894627733469,-99.33854180198198,2823.574467007225
13.3,33.49896601983998,-99.3385880607091,2840.5584013797657
13.4,33.49894248617324,-99.33856923756385,2851.1108428741763
13.5,33.49892508225351,-99.33862462254586,2871.399284177882
13.6,33.49888780619501,-99.3386786709062,2875.7312657579796
13.700000000000001,33.49891885111294,-99.33858317804653,2881.145534525708
13.8,33.498909319674304,-99.33857002417385,2895.5225772062313
13.9,33.49894805901896,-99.33864914448039,2910.1807519800172
14.0,33.49889057201706,-99.33867802721794,2920.0918772595237
14.1,33.49895160008194,-99.3386755749136,2929.9150775812677
14.200000000000001,33.49891711906006,-99.33870168900818,2925.889076071063
14.3,33.49892557839505,-99.33869181947236,2940.4052027302264
14.4,33.498979097916205,-99.33867902298782,2958.103466067192
14.5,33.49891836432511,-99.33866483852998,2975.722765989611
14.6,33.49890231303082,-99.33866108220158,2976.1372796413166
14.700000000000001,33.4989035628213,-99.33865881718008,2985.998590207425
14.8,33.49895744403768,-99.33869159718074,3004.5645043003433
14.9,33.49897269723958,-99.33873295199136,3011.032373034329
15.0,33.49897558600566,-99.33868545975866,3021.7936109303027
15.1,33.498936593974996,-99.33872915882947,3041.158657152428
15.200000000000001,33.49897009217,-99.33876190674428,3047.457817450551
15.3,33.49895241483669,-99.33873435126301,3044.9337914750354
15.4,33.49895438546737,-99.33871027724008,3060.490212671728
15.5,33.498914458166794,-99.33874374900508,3068.5350916982716
15.6,33.49893889718391,-99.33872965422556,3073.6622126268694
15.700000000000001,33.498932927118894,-99.33877025924403,3074.235378919758
15.8,33.49897561371246,-99.3387650944832,3090.4517470227674
15.9,33.49898485418664,-99.3387180974064,3109.8959889797925
16.0,33.4990094096369,-99.33874845329379,3116.4719806971148
16.1,33.498977243240255,-99.33877521436449,3119.8899672479492
16.2,33.49898748642837,-99.33881608843309,3140.4833445875624
16.3,33.49897069575755,-99.33879807246713,3130.3092018543557
16.4,33.49899713232087,-99.33876313185887,3147.0875833723085
16.5,33.498978223308015,-99.33878279330057,3155.161676469086
16.6,33.49901629672061,-99.33881267293035,3158.1900455407495
16.7,33.49896092257955,-99.33883278661537,3168.873558033698
16.8,33.498967009543755,-99.33885704073649,3176.240664581458
16.9,33.49897750369264,-99.33877113060791,3190.2024002265634
17.0,33.498981425814684,-99.33883325716171,3186.6248817366
17.1,33.4990005904207,-99.33876076423492,3197.296326098194
17.2,33.49902764810552,-99.33879868097708,3209.0155916532
17.3,33.499003574291315,-99.33880776282568,3216.501034399981
17.400000000000002,33.49898973067126,-99.33889245777014,3221.7178987335537
17.5,33.49899398412442,-99.33888254105904,3234.5728906816225
17.6,33.498969676815555,-99.33884895596913,3233.125372541805
17.7,33.498990924576354,-99.33884103157685,3242.5098778289343
17.8,33.49900015450343,-99.33883202736217,3251.9002037029504
17.900000000000002,33.49901842628252,-99.33891895916277,3259.3986878420346
18.0,33.499006923254015,-99.33880755661129,3271.988475441231
18.1,33.49906157186614,-99.33892038075491,3271.569072158831
18.2,33.499050840529634,-99.33885168759174,3280.9238398100174
18.3,33.499011862188695,-99.33885429054318,3276.8618669667685
18.400000000000002,33.49900227384445,-99.3389549996856,3296.2850805283965
18.5,33.4990461093471,-99.33885381953962,3288.9152681331693
18.6,33.499059101384496,-99.3389248854109,3296.6631720236364
18.7,33.49896755131949,-99.3388932607448,3304.4543448909008
18.8,33.498992016515984,-99.33881745389203,3313.2794035096604
18.900000000000002,33.49902418844175,-99.33889153548003,3310.685293773519
19.0,33.49898664017481,-99.33896498542761,3322.5554101180624
19.1,33.49903661809271,-99.33891274814455,3327.970781765909
19.2,33.49895344247157,-99.33893875407075,3341.7326265089087
19.3,33.49900138176517,-99.3389932315551,3338.608872009778
19.400000000000002,33.49893602982454,-99.33894335523023,3345.1348724939044
19.5,33.499041871460804,-99.33896458988515,3350.0843202909455
19.6,33.498993518939805,-99.33897518208899,3348.218374728633
19.7,33.49901344550257,-99.33893260321759,3363.466015739392
19.8,33.49901634149168,-99.33897857379816,3369.486841320519
19.900000000000002,33.49905082752402,-99.33893501928723,3362.8121065737955
20.0,33.4990615583621,-99.33894884015399,3385.230150584586
20.1,33.49907339033021,-99.3389869448193,3375.7428741474487
20.2,33.49902731555486,-99.3390237194194,3380.6883608661374
20.3,33.49902215966627,-99.33895873112779,3386.79413389227
20.400000000000002,33.49900729514377,-99.33899950214936,3395.636048716034
20.5,33.49907946219765,-99.33899609103574,3391.6865173759934
20.6,33.49898561721463,-99.33897385062825,3397.930574072534
20.7,33.49907228302051,-99.33897923194843,3401.9844150282806
20.8,33.499035401735114,-99.33895515190885,3413.3034679782136
20.900000000000002,33.498997687133134,-99.33900953637547,3411.2816856932445
21.0,33.49906042188468,-99.3389977854422,3414.0063425136254
21.1,33.4990479441728,-99.33894345470367,3410.6076505571878
21.2,33.499037515864735,-99.33898272711752,3435.342361444057
21.3,33.499033920945465,-99.3390578655874,3425.7745202905685
21.400000000000002,33.499024390009794,-99.33902299451528,3429.775462895451
21.5,33.499057211961606,-99.33902613496467,3422.630677679477
21.6,33.499025694947896,-99.33898931817238,3427.890173604492
21.7,33.499030163901516,-99.33905214102381,3437.3041438262885
21.8,33.49905048056509,-99.33901925540084,3445.851509629577
21.900000000000002,33.49909478952773,-99.33900831979295,3444.84216387359
22.0,33.49906945636372,-99.33909032464601,3451.7569557043626
22.1,33.499076495348596,-99.33905650840741,3447.2069544453007
22.2,33.49904959124262,-99.33907953124073,3438.9628610484397
22.3,33.499007529224436,-99.33903941332835,3449.1855884301613
22.400000000000002,33.499111625883195,-99.33905979642793,3441.3104446141588
22.5,33.49906250587642,-99.33903288627384,3458.7873364655757
22.6,33.49905433634968,-99.3390479394777,3462.7234476240474
22.7,33.49900309049784,-99.33908496579248,3456.66081361475
22.8,33.49904136562216,-99.33909989577603,3461.3579410787
22.900000000000002,33.49907058254707,-99.33907428636853,3465.6942368786454
23.0,33.49902646728725,-99.33912868562412,3467.6952662066874
23.1,33.49907320900819,-99.33907083464425,3467.3080241728767
23.2,33.49907188639504,-99.33914604658041,3468.6704884738856
23.3,33.49909403761954,-99.33913020925966,3467.5489323101615
23.400000000000002,33.4990452577216,-99.33909823909639,3476.9673877368673
23.5,33.49908204428768,-99.33910803871646,3473.5884353944302
23.6,33.4990696401526,-99.3390896394446,3470.5094950068938
23.7,33.49905891776408,-99.3391971196421,3466.7814365339077
23.8,33.49905063244446,-99.33913932896641,3475.725470439517
23.900000000000002,33.499071305296575,-99.33911480749558,3480.7603012126533
24.0,33.49910649658774,-99.33921875064438,3476.4786216575258
24.1,33.49903874141288,-99.33917675892839,3476.6035204845657
24.2,33.499068104982996,-99.3391998698337,3476.2805989988915
24.3,33.4990599038678,-99.33913343073255,3482.34730610407
24.400000000000002,33.49909438991182,-99.33916153951871,3478.325986595032
24.5,33.49907218515309,-99.33922855164094,3477.7950953695668
24.6,33.499084638896385,-99.33919100244206,3481.3292569557966
24.7,33.49904198834551,-99.33919016827939,3477.796372483533
24.8,33.499102619108996,-99.3391688694818,3465.4154115189413
24.900000000000002,33.49911774190129,-99.33912836488001,3476.1483840211695
25.0,33.499077378848376,-99.33919534186846,3474.7342946918275
25.1,33.49906876768325,-99.33919365962667,3465.5829181605327
25.2,33.49907542780314,-99.33923182548828,3471.8767861896936
25.3,33.49908761438749,-99.3391658668196,3475.5261942627008
25.400000000000002,33.4990962849958,-99.33918250738331,3473.9929886687
25.5,33.499081632200124,-99.33919929908879,3467.2736033981623
25.6,33.49910439851859,-99.33918595459537,3464.580768193979
25.7,33.49910702519282,-99.33911573443837,3468.254422252527
25.8,33.49907325784084,-99.33919626988873,3471.1862039148286
25.900000000000002,33.49908830335534,-99.3391823342312,3472.548993043343
26.0,33.499103487859934,-99.33915423609584,3475.2293568050263
26.1,33.4990777341466,-99.3392224588255,3463.9380554870477
26.2,33.49912532329538,-99.33918909145004,3465.068693141595
26.3,33.49911390571108,-99.33919254067521,3473.038927056131
26.400000000000002,33.49912628964297,-99.339163073983,3464.518485422278
26.5,33.49911121419621,-99.33925607891558,3469.5202801677365
26.6,33.49913694734021,-99.33924439617628,3462.155656976556
26.7,33.49905323686154,-99.33922452729591,3473.4355902471584
26.8,33.499095989511225,-99.33924045915404,3455.952500910445
26.900000000000002,33.49907059540109,-99.33922275774638,3461.536650731607
27.0,33.49906313965222,-99.33921275526933,3459.1666775140557
27.1,33.49906192957336,-99.33924634638396,3455.2940109626047
27.2,33.49910917277257,-99.33918005283867,3457.0819191027276
27.3,33.499081983896176,-99.33923320779766,3450.7000241236447
27.400000000000002,33.4990648055168,-99.33920770336037,3454.3248991706755
27.5,33.49910848161651,-99.33920847568714,3443.7028896361703
27.6,33.49907133273697,-99.33919686000768,3441.378994116519
27.7,33.49907513194446,-99.33923994610001,3442.5331751061963
27.8,33.49907538289578,-99.33923668410397,3451.9469970043656
27.900000000000002,33.4990803079513,-99.3392300880107,3444.7220040734164
28.0,33.499115368917046,-99.339237440506,3441.6488019442904
28.1,33.49908533089266,-99.33919192450016,3439.0942386013603
28.2,33.499056844499634,-99.33923443692636,3433.363565872229
28.3,33.499023840141,-99.33926329374005,3436.0979471698583
28.400000000000002,33.499080805083814,-99.33914950318565,3435.351391599594
28.5,33.499101906311736,-99.33923384374445,3439.956352020346
28.6,33.499050477182564,-99.33914067369744,3419.250082913927
28.7,33.499069520181166,-99.33920956493482,3423.93059054132
28.8,33.49906787321839,-99.3392479701559,3429.974188887955
28.900000000000002,33.49914306724516,-99.33920747634355,3433.038963013079
29.0,33.499068962859084,-99.3392020456099,3425.2582680346222
29.1,33.49906891828065,-99.33916971023042,3411.4868758205553
29.2,33.49905006125051,-99.33914794937864,3415.91794231374
29.3,33.499049705947414,-99.33925638982117,3423.616784071647
29.400000000000002,33.49908080341987,-99.33917655192867,3420.6572762215815
29.5,33.49906157082601,-99.33911597272431,3414.361440842943
29.6,33.49901083995249,-99.33920666360989,3413.4737646419253
29.7,33.49906988764788,-99.3391239128617,3408.0056614302557
29.8,33.49909561442244,-99.33911983557556,3404.011452124829
29.900000000000002,33.49902465136641,-99.3392244439949,3399.842131402177
30.0,33.49901945212609,-99.33919769522505,3399.2810020685324
30.1,33.499026714233416,-99.33912682022853,3395.3241963896157
30.2,33.49899879702774,-99.33913779641344,3391.5633176529363
30.3,33.499036897279595,-99.33912079945873,3395.330459911958
30.400000000000002,33.499044929278746,-99.33912118158233,3391.338626443879
30.5,33.49899616396466,-99.33912555676119,3387.8816047971154
30.6,33.49901911301695,-99.33907832916637,3385.3754366448175
30.7,33.49902833962351,-99.33914520240451,3385.3452833124393
30.8,33.49898329167684,-99.3391333364861,3385.1904646011935
30.900000000000002,33.49907571846961,-99.33912878427009,3371.3952990004127
31.0,33.49903414961391,-99.33909337150726,3379.9742519304655
31.1,33.4990651365089,-99.33908199765659,3379.5999233491098
31.2,33.499029296217586,-99.33914068594278,3375.6367962800623
31.3,33.49900987925444,-99.3391256424161,3373.201610780567
31.400000000000002,33.49902432458847,-99.33908514510632,3375.8005825273526
31.5,33.49905178333556,-99.33909433508687,3364.192661100991
31.6,33.49902896879166,-99.33904097252602,3365.3606761228416
31.7,33.499021803224046,-99.33908838261121,3350.659206658507
31.8,33.49901908031726,-99.33909446631456,3352.2476015852726
31.900000000000002,33.499012796829504,-99.33909911018311,3358.198123064957
32.0,33.49903812387847,-99.33912764689659,3349.5356348363025
32.1,33.49898301920407,-99.3390706552023,3350.7203763278667
32.2,33.49898543115967,-99.33904287936167,3344.1300504284027
32.3,33.49899705878159,-99.33900524762655,3343.9387668012737
32.4,33.498989986199966,-99.33903037037112,3351.485716389077
32.5,33.49895792439998,-99.33904377316654,3334.5208365363765
32.6,33.49899502725592,-99.33902019606319,3346.0318969182917
32.7,33.49900577509542,-99.33908867068334,3335.590860938346
32.8,33.49899266418268,-99.33897850141493,3338.5740133433583
32.9,33.49897952974189,-99.3389200585553,3325.059838276298
33.0,33.498975488781554,-99.33903206485455,3323.841961589054
33.1,33.49894371062403,-99.33897580910904,3309.1680163461
33.2,33.49897404295696,-99.3389668202356,3313.7667270248276
33.3,33.4989882891334,-99.33898492452043,3312.654773559095
33.4,33.4989418458294,-99.3388982857594,3317.9636145720806
33.5,33.49895494708094,-99.33900312696252,3309.164699749717
33.6,33.49897938080261,-99.33892385614686,3304.556512390619
33.7,33.49896807437453,-99.3389694971512,3309.825333331226
33.8,33.498974028578694,-99.33892609937864,3306.843490779369
33.9,33.49892563297667,-99.33887758017774,3292.7191872935473
34.0,33.49893263108979,-99.33890216211933,3292.8515589414183
34.1,33.49892580534455,-99.33888749219884,3291.7575502672726
34.2,33.49893653205915,-99.33884979035612,3286.6035901204186
34.300000000000004,33.498949523130364,-99.33887705874858,3279.9369592615258
34.4,33.498948547453914,-99.33890543762038,3279.866432689462
34.5,33.498912440341535,-99.33894748421385,3283.1700322584315
34.6,33.498923316836986,-99.33883447644551,3272.8512703705023
34.7,33.49889111992267,-99.3388900457311,3273.151231638071
34.800000000000004,33.49890709555143,-99.33883376581181,3276.412990513829
34.9,33.49895722273404,-99.33884286312797,3263.9595999650605
35.0,33.49888704927516,-99.33881284203284,3263.6169514824282
35.1,33.49894411883709,-99.33884018267007,3261.580248720368
35.2,33.49888246832216,-99.33881320528492,3257.922822898767
35.300000000000004,33.49889579985744,-99.33878693119117,3267.3785602654125
35.4,33.498868946300526,-99.33877976298012,3254.0699779227166
35.5,33.49889986828646,-99.33880295977767,3258.094285312735
35.6,33.49886654837618,-99.33878087189154,3248.399591858022
35.7,33.49892205527612,-99.33877678127955,3246.7796080260314
35.800000000000004,33.498893502893445,-99.33877264382004,3245.038751816629
35.9,33.498893761928464,-99.3388072855183,3244.4167838814856
36.0,33.4988123269688,-99.33871125144613,3240.885342284617
36.1,33.498916104857905,-99.33870996950797,3242.3453793177528
36.2,33.49885416492986,-99.33876088601886,3229.9404423431233
36.300000000000004,33.498878429902284,-99.33876196783753,3236.834246526161
36.4,33.49890887189634,-99.33865342393405,3222.805645395659
36.5,33.49883136797312,-99.33868978125167,3225.2329802708678
36.6,33.49885836210551,-99.33870378591601,3220.7476817464208
36.7,33.4989169371538,-99.33869467932796,3218.455032431932
36.800000000000004,33.49884606712839,-99.33870390467344,3226.029480832438
36.9,33.49878695949427,-99.33865900941505,3210.1930386257995
37.0,33.498815292452434,-99.3386450629244,3208.0968888181897
37.1,33.49884627499154,-99.3386314864064,3204.5951273360865
37.2,33.49882655499494,-99.33864323975439,3206.615401348788
37.300000000000004,33.49879680275605,-99.33862386705209,3199.296264766867
37.4,33.49883780179895,-99.33862439561656,3188.873655195378
37.5,33.498768368591264,-99.33861098876196,3205.2433139166337
37.6,33.49881893887512,-99.3386012629121,3190.492241556612
37.7,33.4987965743181,-99.33850719558019,3186.3482980005906
37.800000000000004,33.498797736756224,-99.33853823859823,3186.9768903555464
37.9,33.49879332963758,-99.33859809362356,3191.716694852746
38.0,33.49877789207836,-99.33853129307485,3185.3815533716393
38.1,33.4987636805878,-99.33855443561745,3179.4322005091326
38.2,33.49878677572271,-99.33859981352056,3178.42474079883
38.300000000000004,33.4987650151107,-99.3385297808985,3167.043478424774
38.4,33.49877333025977,-99.33856602504387,3165.0467914042833
38.5,33.498777379008935,-99.33850788318973,3174.1428128916373
38.6,33.49871328835255,-99.33847386945916,3168.1049711217083
38.7,33.498744174082056,-99.3385236253325,3158.2285969432287
38.800000000000004,33.498774390697555,-99.33854278566585,3149.986930687157
38.9,33.49876165031182,-99.33848827638967,3155.0827287042675
39.0,33.498759831273624,-99.33847902854085,3158.8034295024713
39.1,33.4986743889101,-99.3384888504482,3153.536685368971
39.2,33.49873315856356,-99.3385469862824,3143.686497833112
39.300000000000004,33.49873948887218,-99.3384535123907,3148.551412248357
39.4,33.49868254609297,-99.33848036481629,3135.3444461393547
39.5,33.4986773345641,-99.33841703147982,3129.2116641887424
39.6,33.49873756025171,-99.33847157495126,3138.4885029054835
39.7,33.49869393366187,-99.33837617408335,3128.8108870410056
39.800000000000004,33.49873600070406,-99.33845178671358,3124.923971728734
39.9,33.498723208238175,-99.33840838335502,3126.4905148359603
40.0,33.498727454070114,-99.33835987978935,3131.310713748681
40.1,33.49869608226758,-99.33839226617624,3130.744832849711
40.2,33.49868579427195,-99.33834731878358,3118.5255760715045
40.300000000000004,33.49872682832016,-99.33839777021207,3112.1078132068255
40.4,33.49866477342615,-99.33832570164057,3105.0529032003215
40.5,33.49869522382651,-99.33834346868458,3107.169529098796
40.6,33.49873135485707,-99.33829398804063,3098.4522434429937
40.7,33.4986601180999,-99.33833880108216,3107.9355019583104
40.800000000000004,33.498685541671456,-99.33827158037347,3101.209472146998
40.9,33.49865138699448,-99.33833733525628,3098.8083207076197
41.0,33.498604082063096,-99.33830566994013,3098.5472038341873
41.1,33.498658491860226,-99.33830372385466,3094.4498500891004
41.2,33.49867026575974,-99.33825207369975,3094.528535407282
41.300000000000004,33.498634796107886,-99.33826312963777,3085.7423246801563
41.4,33.49863906826676,-99.33824898995962,3088.294630175202
41.5,33.49867106709156,-99.33823506402416,3081.6324916567955
41.6,33.4986684354163,-99.33822077745842,3075.6890118158417
41.7,33.498577485599355,-99.33817523359444,3077.4533799795413
41.800000000000004,33.49869340828199,-99.33821868203137,3063.704569555144
41.9,33.49865891570013,-99.3382118323268,3081.770285682739
42.0,33.498663524202,-99.33816638236017,3067.3983586395675
42.1,33.49861711492866,-99.33817599790139,3068.4645245859056
42.2,33.498610407781456,-99.33814852444505,3059.302174584834
42.300000000000004,33.498621946741665,-99.33810179673232,3062.055787046141
42.4,33.49864479713897,-99.33811475479267,3056.1108947861335
42.5,33.49859582859653,-99.33810075107846,3045.3953550060382
42.6,33.498584859077866,-99.3381822750752,3040.9508801189795
42.7,33.49863233793941,-99.33811634286525,3038.5392929932127
42.800000000000004,33.498579216779056,-99.33815395743733,3052.5892500111513
42.9,33.49857444605113,-99.3380436162134,3038.3782055795928
43.0,33.498601948354434,-99.33807646194221,3029.634599705225
43.1,33.498606230071054,-99.33809500471985,3028.6091480066175
43.2,33.498580132461974,-99.33805399016595,3031.1439310955793
43.300000000000004,33.498592621395304,-99.3380631480903,3025.9568700754644
43.4,33.498585856446454,-99.33810614049597,3024.6188517393452
43.5,33.49856742661646,-99.33802271257025,3018.335275552353
43.6,33.498540953704286,-99.33806472035107,3027.3642557063718
43.7,33.49853537523484,-99.33800964726143,3017.650216055401
43.800000000000004,33.49850528096753,-99.33803539757498,3019.228128813837
43.9,33.498540162238584,-99.33803169894468,3007.768534477962
44.0,33.498530595494096,-99.33800854802827,3008.7163060697053
44.1,33.49850618005107,-99.3379919162576,3008.388825877613
44.2,33.49851847629359,-99.33798413628502,2996.120580179726
44.300000000000004,33.49850069654288,-99.33794495362551,3002.5674509158302
44.4,33.49852418015739,-99.33799174549367,2988.0629284742063
44.5,33.49852285598717,-99.33793615867272,2992.6533757216484
44.6,33.49848188563014,-99.33789628659622,2981.6955820752924
44.7,33.49853515569478,-99.33794204307819,2990.153207109843
44.800000000000004,33.49847590856614,-99.3379227057829,2984.1012329939645
44.9,33.498516806616244,-99.33791873429233,2982.153017466203
45.0,33.49847217857186,-99.33787986718464,2975.168244431416
45.1,33.498482687782726,-99.33790682493579,2976.6260204392693
45.2,33.49848131341736,-99.33788459100018,2980.3878817250634
45.300000000000004,33.49850482582479,-99.33787331294252,2976.0361492988286
45.4,33.498524220220226,-99.33785132440184,2964.336911122616
45.5,33.498496462284116,-99.33787092094516,2967.4115831259383
45.6,33.49851745476994,-99.3378780763707,2962.4617915366703
45.7,33.498497026645936,-99.33783570959689,2964.567709429813
45.800000000000004,33.49847010694071,-99.3377937227374,2956.6776412497093
45.9,33.498451917223804,-99.33786035815773,2951.5203718544713
46.0,33.49849740706959,-99.33778641513753,2948.090106290445
46.1,33.49847425835533,-99.33775427858913,2942.361577196553
46.2,33.49846505942271,-99.33778397511794,2948.3631628000744
46.300000000000004,33.498474351385234,-99.33780339462739,2943.9491822775594
46.4,33.49850065380829,-99.337843979494,2931.82906262045
46.5,33.498428749740036,-99.33773071655884,2937.4425182311215
46.6,33.49841665900796,-99.3376964629953,2931.511115042838
46.7,33.49843389706457,-99.33772436553653,2932.910755369636
46.800000000000004,33.498400433114696,-99.33772726484167,2929.4511521006043
46.9,33.49847443230499,-99.33768485432999,2925.3503591768763
47.0,33.49840469860783,-99.33769936988949,2921.386936503293
47.1,33.498433899397405,-99.33771074622938,2920.410715932907
47.2,33.49839712992439,-99.33769969537437,2905.0941932291894
47.300000000000004,33.498420336772185,-99.33764597376994,2924.826357064318
47.4,33.49838943943804,-99.33764398179851,2907.6283732907323
47.5,33.49841523963825,-99.3376272190162,2902.802329976169
47.6,33.49840637861947,-99.33769163223903,2910.486398076036
47.7,33.498378569902115,-99.33759370582949,2902.943276327072
47.800000000000004,33.49832278870924,-99.33768827077651,2900.0219579272416
47.9,33.498361055214396,-99.33768821885603,2892.4447344074474
48.0,33.49837606796879,-99.33762373414046,2898.5464147455787
48.1,33.49836172856651,-99.33761435378896,2879.907844987565
48.2,33.49836652279986,-99.33762996931908,2885.0504580677775
48.300000000000004,33.49834097198794,-99.33758489351534,2882.947770866405
48.4,33.49838482177784,-99.33760229288255,2878.247698759725
48.5,33.498390099257634,-99.33754746448709,2882.176776734033
48.6,33.49836239264417,-99.33752167835311,2879.9182811681217
48.7,33.49838448694514,-99.33753926449508,2885.0100071297456
48.800000000000004,33.49833816362484,-99.33751958534866,2871.6492157242465
48.9,33.498361785254154,-99.3375584927218,2874.3605138743455
49.0,33.49830628023491,-99.33755786223799,2863.2623426044925
49.1,33.49833277887613,-99.33748718336378,2866.5245108870386
49.2,33.498330916978425,-99.33749594640086,2864.2289910618365
49.300000000000004,33.498345436459424,-99.33741547846535,2856.2605370064875
49.4,33.498358344560145,-99.33742953251335,2851.3998600757373
49.5,33.498323825103625,-99.33740213368696,2847.5331060868302
49.6,33.498276452071636,-99.33746552312222,2843.1527243484707
49.7,33.49828450977979,-99.33742453025542,2836.575168214651
49.800000000000004,33.49835305963968,-99.337358596394,2841.3296454286647
49.9,33.49831186578529,-99.33745523600587,2842.1745304260235
50.0,33.49832639556252,-99.33746532508638,2836.8330473620335
50.1,33.49832845107257,-99.33735441613163,2839.7349895526604
50.2,33.49827811207201,-99.33736447769616,2838.2049848635393
50.300000000000004,33.498269928612245,-99.33738268059398,2839.046212308003
50.4,33.498301899757216,-99.33734107938511,2824.0519850253877
50.5,33.49830901663428,-99.33736953272421,2819.857594347822
50.6,33.4982894714595,-99.33730647417734,2819.617464298649
50.7,33.49827929498815,-99.33731537682367,2813.897462023608
50.800000000000004,33.498259021694345,-99.33731178137306,2812.6865688722996
50.9,33.49824540344867,-99.33730141466334,2812.725243109525
51.0,33.49827723965584,-99.33731602886596,2802.8146524937993
51.1,33.49827111380662,-99.33729700464475,2811.2629872793736
51.2,33.498308664795246,-99.3372664878808,2804.8815274980034
51.300000000000004,33.49827629464185,-99.33731120828055,2811.757180614667
51.4,33.49827001302042,-99.3372923540492,2793.232199551499
51.5,33.4982365224236,-99.33730656753362,2784.4924395190824
51.6,33.49822971630231,-99.33728742600069,2802.1951986347276
51.7,33.4982696463261,-99.33722298611389,2785.1354237308037
51.800000000000004,33.49824642976831,-99.33723699193233,2781.3907162024952
51.9,33.49827048335915,-99.33723962706539,2780.750639150943
52.0,33.49823615061185,-99.33714812878576,2783.3008009577366
52.1,33.49817665546876,-99.33718111400947,2775.3117235148034
52.2,33.49823126551608,-99.33715999763665,2782.8268444074924
52.300000000000004,33.49819220003391,-99.33713965063683,2766.024511888002
52.4,33.49820362807404,-99.33717121208147,2774.7068009421796
52.5,33.49816660053222,-99.33715782841017,2754.707622703665
52.6,33.49819034665689,-99.33714638804508,2756.8076387011374
52.7,33.49817837772883,-99.33712197570078,2765.8007562812777
52.800000000000004,33.49821811498403,-99.33712432195517,2763.2542595407926
52.9,33.498204461594305,-99.33714987017287,2762.396455828296
53.0,33.49815865991191,-99.33712299448138,2744.171976127566
53.1,33.49818303205898,-99.33712199615805,2746.387527039577
53.2,33.49816440378566,-99.33707804208552,2739.369651976763
53.300000000000004,33.498170887607735,-99.33714538421293,2742.563143544446
53.4,33.49811199737509,-99.33714485880478,2743.6876489976785
53.5,33.49813788296801,-99.33706047200579,2735.045412697752
53.6,33.498101012683705,-99.33705380418309,2742.872697464332
53.7,33.498195029931324,-99.33710794303343,2734.4961581106186
53.800000000000004,33.498173868707255,-99.3370091189799,2727.7950087514005
53.9,33.498116299071455,-99.33701759732516,2724.049659724918
54.0,33.49816178179528,-99.33698720248908,2722.522653457027
54.1,33.49811636789616,-99.3369829230797,2726.1946241549517
54.2,33.49814590568287,-99.33700488777066,2713.827665385818
54.300000000000004,33.49809362922331,-99.33704085701245,2719.262611393162
54.4,33.49814624814195,-99.33695856284155,2714.687168168505
54.5,33.49814377968081,-99.3369832491869,2715.2160899465907
54.6,33.49808183454115,-99.33697347294164,2716.6953767964465
54.7,33.49810012317131,-99.33695881186294,2706.663653282155
54.800000000000004,33.49813006419599,-99.336948225038,2700.2790692862104
54.9,33.49810757383172,-99.3368995117242,2692.3265859864196
55.0,33.49810681181839,-99.33695281581313,2688.845332324925
55.1,33.49809331837687,-99.33693377543908,2703.6129582377403
55.2,33.498060781354695,-99.33693593145732,2697.5910991799497
55.300000000000004,33.498083864201526,-99.33690867082852,2693.1462723584973
55.4,33.49807384107837,-99.3369032553984,2684.5461624179525
55.5,33.49808408305484,-99.33691210362367,2671.653537555608
55.6,33.498061902840384,-99.33687507789418,2676.1233546384487
55.7,33.498033920247906,-99.33685467827719,2677.1976868002453
55.800000000000004,33.49808281670163,-99.33685959077755,2669.1436954869146
55.9,33.49808444335184,-99.33681883455706,2671.2391337771874
56.0,33.49809905233228,-99.33683196160506,2666.929169335086
56.1,33.4980230951454,-99.33682553550017,2671.0319602252284
56.2,33.498093875163285,-99.33679272192596,2661.022941575192
56.300000000000004,33.49804051906543,-99.33680091424598,2656.112482598491
56.4,33.498035549415164,-99.33678615258553,2649.678387104041
56.5,33.49803979479162,-99.3367619105406,2652.0365603055216
56.6,33.498061124766004,-99.33677925670021,2652.3346318685794
56.7,33.49799466034859,-99.33676693686773,2648.0406315757496
56.800000000000004,33.498005936363356,-99.33675709638423,2644.4309980885405
56.9,33.49799563406744,-99.33672389983374,2635.8356968684393
57.0,33.49801663398462,-99.33672898433817,2641.982944217186
57.1,33.498028400966646,-99.33673116418744,2631.4925022578636
57.2,33.49800915210373,-99.33674097634734,2632.241584416218
57.300000000000004,33.49800359571358,-99.3367239055172,2625.4676396559526
57.4,33.49800537567077,-99.33666584591748,2622.2426982459783
57.5,33.498052184366145,-99.33664883264672,2631.464032054146
57.6,33.49797747498112,-99.33668050255228,2619.8102266318165
57.7,33.497993590258304,-99.33672913707248,2624.588373409863
57.800000000000004,33.49795542072258,-99.33664656105543,2618.9656820435175
57.9,33.49794535396458,-99.33669620542068,2607.6859694356363
58.0,33.49792042528048,-99.33666150110862,2607.7815036369034
58.1,33.497998595987156,-99.33661644883315,2613.11786521078
58.2,33.497964046182716,-99.33664457079364,2604.4370829311047
58.300000000000004,33.49799077305122,-99.33668805640983,2600.482677283183
58.4,33.49795448238431,-99.33660733356042,2598.489125569257
58.5,33.49799208528071,-99.3366539204105,2597.2908523645706
58.6,33.49797861531508,-99.33661787086682,2596.7747437912003
58.7,33.497947798687456,-99.33657043856228,2594.374564733325
58.800000000000004,33.49794527651484,-99.33662738527343,2583.054615846446
58.9,33.49793496340868,-99.33653752625305,2588.951378172237
59.0,33.49793787793699,-99.33655258272142,2579.9456367404932
59.1,33.497920679601805,-99.33654496571732,2584.3325396768914
59.2,33.49789181088131,-99.33658418305227,2583.6253912443517
59.300000000000004,33.49791939957739,-99.33648240135466,2569.3124635579293
59.4,33.49796962502329,-99.33651693363811,2569.2119474113456
59.5,33.49792193095902,-99.33654310423282,2577.416233784279
59.6,33.49790771202967,-99.33650891442026,2565.0364472840415
59.7,33.49786368579334,-99.33650151357509,2556.4007322574357
59.800000000000004,33.497963541562825,-99.3364921248159,2562.55442901135
59.9,33.497885682605826,-99.33644657536487,2562.928695341269
60.0,33.497899699658085,-99.33646492824157,2554.5640820605527
60.1,33.4979116043624,-99.3364939021683,2559.4932576552733
60.2,33.497901289554626,-99.3364699818731,2544.9481083827504
60.300000000000004,33.49790918910971,-99.33643839281332,2540.182141883158
60.4,33.49782649512082,-99.33648641157117,2540.375841175254
60.5,33.49784808409873,-99.3364542545564,2542.2140757099723
60.6,33.49790240409664,-99.33639977360916,2539.7365178683576
60.7,33.497826948646235,-99.33639135693888,2537.8299326838055
60.800000000000004,33.49790217481936,-99.33646368790839,2530.322023759208
60.9,33.497832796678566,-99.33638763509337,2531.767760688609
61.0,33.49784648355427,-99.33633382270337,2521.3141553421024
61.1,33.49785056122556,-99.33636739056438,2524.537798665759
61.2,33.49787867379076,-99.33644633257298,2520.3156428014577
61.300000000000004,33.49785732482842,-99.33632957691603,2516.9590885945963
61.4,33.497847442116836,-99.33633411559731,2518.897600787638
61.5,33.49779902747569,-99.33636076974034,2522.9962827596237
61.6,33.49783765514383,-99.33627980304234,2495.8053490125785
61.7,33.497890241664514,-99.33634356101928,2507.415797037117
61.800000000000004,33.497814524510986,-99.33630286905277,2512.5567172294295
61.9,33.49781473704095,-99.33634235012853,2498.190810055581
62.0,33.497796831132916,-99.33627069181392,2499.235774634505
62.1,33.49780392723966,-99.3362761879214,2496.710459195921
62.2,33.49785371135173,-99.33629230580766,2500.0780371492647
62.300000000000004,33.49779382684049,-99.33627585853019,2494.650453049445
62.4,33.49781431340632,-99.33626185984896,2489.744941314788
62.5,33.49784782105678,-99.33621588528005,2487.1457117734335
62.6,33.497807460444484,-99.33620968358629,2474.9004412522377
62.7,33.49782216937282,-99.33616104648883,2488.243148464488
62.800000000000004,33.497801578287074,-99.33622790494302,2484.133040083014
62.9,33.49778770571929,-99.33617758501495,2470.4063191670643
63.0,33.497776563787966,-99.33615822451861,2468.2227119367926
63.1,33.49780498840731,-99.33614509310776,2468.833902262124
63.2,33.497777222130175,-99.33614973078903,2474.300675645489
63.300000000000004,33.49779580388253,-99.33615590950828,2467.7779543275105
63.4,33.49775249076383,-99.33620151385979,2456.201494285825
63.5,33.497796939180326,-99.33613598823119,2451.0363274652514
63.6,33.49782774226034,-99.33611341162033,2452.855847837486
63.7,33.497737167844114,-99.33615477922201,2444.8340224468593
63.800000000000004,33.49772652815512,-99.33612805366208,2448.030458770236
63.9,33.49778586701166,-99.33609291557657,2441.614177658258
64.0,33.49782993720191,-99.33608925796878,2435.088869734498
64.1,33.497785381361474,-99.33612780054204,2441.5140134341354
64.2,33.49773746636465,-99.33609229705591,2430.6383345882878
64.3,33.497791925411256,-99.33604345573093,2437.823566577795
64.4,33.497743619719195,-99.33607751261785,2436.4780550335136
64.5,33.497726989048,-99.33608194032492,2429.819310530563
64.6,33.497765588567354,-99.33606448971679,2428.4000108315363
64.7,33.49772518815471,-99.3360238646073,2422.598373217836
64.8,33.49773674507194,-99.33603916332594,2424.610577966328
64.9,33.49775137358802,-99.33599585531924,2419.0451159820163
65.0,33.49771813269468,-99.33601485866009,2412.704143962617
65.1,33.49771378434834,-99.33599535695585,2422.305932489583
65.2,33.49771641310058,-99.33597446159959,2407.5144158587386
65.3,33.497681241573574,-99.33593763733337,2406.363087475574
65.4,33.49773723609241,-99.33598029057976,2408.7638631238938
65.5,33.49770592597422,-99.33598611585234,2401.924136882645
65.6,33.49771579016797,-99.33595429508328,2397.865800117295
65.7,33.49767794234465,-99.33592808417616,2395.075645062891
65.8,33.49766238787492,-99.33591042844634,2397.3431899234424
65.9,33.49764033030361,-99.33596447298389,2390.2591977374636
66.0,33.49770231754261,-99.33585781629846,2381.8816233591565
66.1,33.49766306674091,-99.33590069929141,2386.779844303611
66.2,33.49769761895637,-99.33584186020195,2385.7434899126515
66.3,33.49762098537413,-99.33589698171274,2375.9450172293487
66.4,33.49769590113848,-99.33580427332649,2371.3461296304686
66.5,33.49767428123673,-99.33594976161793,2372.244879061569
66.6,33.49764579058492,-99.33582802578194,2365.9873348931987
66.7,33.49765193646264,-99.3358677313552,2363.951145323944
66.8,33.497598539050635,-99.33583271213371,2367.599377278361
66.9,33.49766072683081,-99.33579285711356,2361.690713190846
67.0,33.49762413374169,-99.3357885084179,2363.1878619822505
67.1,33.49766630068273,-99.33584088692889,2357.905527811677
67.2,33.49762334218056,-99.33586574603461,2353.5783233964007
67.3,33.49765450493532,-99.335749984139,2350.0534211385107
67.4,33.497688310962424,-99.33580084849068,2354.6364608261706
67.5,33.497619420242415,-99.33576910840928,2347.7453234635705
67.6,33.49769660957833,-99.33574190865365,2348.4774363955407
67.7,33.497646927548296,-99.33579288300238,2332.5002580459086
67.8,33.49763484346054,-99.33571244397066,2344.243320386022
67.9,33.49760987611033,-99.3357260872798,2333.190233925293
68.0,33.49761613039835,-99.33576830481564,2330.7386948302897
68.1,33.49757887145301,-99.33567839789858,2324.9020055885503
68.2,33.497607155189705,-99.33576155649448,2332.2109608323135
68.3,33.497573690978356,-99.33572706289746,2317.064715849804
68.4,33.49760167302268,-99.33570794397782,2315.905365511164
68.5,33.49759818462093,-99.33568833510277,2315.24342832786
68.60000000000001,33.49757920283422,-99.3356832408708,2316.985628379507
68.7,33.497575270615386,-99.33572165230419,2307.232492855448
68.8,33.49757398136245,-99.33568574885815,2312.72601731037
68.9,33.497585597111936,-99.33569581547542,2306.038982773495
69.0,33.497641181556205,-99.33565006448565,2305.8325597845883
69.10000000000001,33.4975965192328,-99.33564222617186,2307.728072462449
69.2,33.49758922254816,-99.3356574496152,2302.454856551648
69.3,33.49757086032645,-99.33567591341208,2300.4959727189453
69.4,33.49758542183668,-99.33563475368783,2304.582509936876
69.5,33.497561004406855,-99.33561051927457,2287.0910114404724
69.60000000000001,33.49756658868969,-99.33551887800789,2279.831805116782
69.7,33.49758003789204,-99.33558728173129,2285.2109414443776
69.8,33.49752628242955,-99.33558175023774,2279.913023520735
69.9,33.497540765746336,-99.3356169570888,2284.390186532668
70.0,33.49757996171981,-99.3356255353088,2282.618446272463
70.10000000000001,33.49755412045097,-99.33559440464404,2276.7840255123024
70.2,33.497612491264455,-99.33556181673092,2265.8029970269213
70.3,33.49750291955988,-99.33551859810376,2268.4411041325307
70.4,33.49755281943604,-99.33552671136376,2269.07776315942
70.5,33.49748683352973,-99.33553878015275,2267.301521679916
70.60000000000001,33.49751070008774,-99.3355428538163,2261.3632680850283
70.7,33.49754212443189,-99.33550361579465,2259.2124229058604
70.8,33.49753551215241,-99.33550395498129,2264.0148942410783
70.9,33.49749446387856,-99.33550633545478,2251.666019277426
71.0,33.4975038501861,-99.33551465966711,2246.0805556093446
71.10000000000001,33.49749727262701,-99.3355246344553,2238.2666872732743
71.2,33.49748557609782,-99.3354370890717,2250.1858609432493
71.3,33.49751209564865,-99.33551570885943,2234.8834106055756
71.4,33.497474443188615,-99.33541963394079,2227.713987073839
71.5,33.4975061583473,-99.33548799683442,2233.8446117244457
71.60000000000001,33.49747007562838,-99.33543760748894,2235.9789710869436
71.7,33.497451257589596,-99.33533752490548,2225.879072508775
71.8,33.49747144320087,-99.33546310943507,2230.0557124966663
71.9,33.49746621226154,-99.33534302054508,2229.043489391503
72.0,33.49749631780711,-99.33543019139093,2212.4071163849817
72.10000000000001,33.49745131295478,-99.33540166332207,2222.1423659402026
72.2,33.49748689621676,-99.33539189264235,2212.306558850487
72.3,33.497426970004184,-99.33536895076962,2210.5744194810272
72.4,33.49747897269937,-99.33537339925394,2211.4918383526406
72.5,33.49743171182363,-99.33534973593922,2212.188061749672
72.60000000000001,33.497447773557674,-99.33534390893077,2195.124769581351
72.7,33.4974126379297,-99.33537719524996,2199.9213848794507
72.8,33.49745850949171,-99.33533505565042,2197.687482506056
72.9,33.49740142869988,-99.33529151120455,2208.674325440944
73.0,33.49741430994557,-99.33529563329066,2188.636659813033
73.10000000000001,33.497396604571385,-99.33535236403442,2186.449068215115
73.2,33.497396362769884,-99.33529101941377,2183.2670803627384
73.3,33.4973994743093,-99.3353250328785,2192.736155973642
73.4,33.49743732273428,-99.33523329235172,2178.820811326711
73.5,33.497450011249256,-99.33526657310165,2183.2290780892063
73.60000000000001,33.49740789775685,-99.33526355509976,2171.893683873
73.7,33.49739858228147,-99.33525781240186,2174.490266923095
73.8,33.49740448464779,-99.33522855918508,2172.450451427204
73.9,33.49741543638311,-99.33528125571888,2170.9906433553792
74.0,33.49742477628511,-99.33525035811103,2166.3795099096437
74.10000000000001,33.49736237949229,-99.3352073952552,2168.421206904911
74.2,33.49740214841457,-99.33521202628704,2163.0244746257654
74.3,33.497394691245276,-99.33527312782402,2164.250445734498
74.4,33.497392756645496,-99.33525757824447,2165.6872121972124
74.5,33.49740015482819,-99.3352010983941,2147.3351800116334
74.60000000000001,33.497433860575526,-99.33523650450628,2149.8894790382456
74.7,33.49731914973533,-99.33517458639332,2141.402562246284
74.8,33.49737834849431,-99.33514503615407,2144.3762348254077
74.9,33.49737767121371,-99.33518507731833,2134.4714619714764
75.0,33.49738513662991,-99.3352044639794,2137.492807451367
75.10000000000001,33.49735150661544,-99.33512819283683,2148.654273546742
75.2,33.497372220420694,-99.33517011470258,2129.2470933529557
75.3,33.497348534194124,-99.335119118823,2123.618640944747
75.4,33.497363443282275,-99.33509307611072,2127.8326798061084
75.5,33.497335379824605,-99.33508075660426,2125.3464685031736
75.60000000000001,33.497358900326766,-99.33511147529451,2133.727334319615
75.7,33.497359653424816,-99.33511930677146,2124.24230761128
75.8,33.49731610765612,-99.33508294015796,2112.7077900627605
75.9,33.49739313012651,-99.33509152448228,2109.9960647884163
76.0,33.49732582789227,-99.33507687009084,2108.918110400269
76.10000000000001,33.49733642603819,-99.33508635282364,2111.646707595585
76.2,33.49733268304202,-99.33504896529118,2106.6984883031982
76.3,33.49733215196355,-99.33509505104304,2105.222645664192
76.4,33.49729788335803,-99.33506816466034,2105.5368967392824
76.5,33.49727228299345,-99.33502610723602,2098.5630420295097
76.60000000000001,33.497288646277276,-99.334971910477,2094.900410695409
76.7,33.49729524596061,-99.33498883316514,2088.840810461196
76.8,33.497304114922365,-99.33503393192812,2090.2309941424173
76.9,33.49728539192184,-99.33502652021305,2088.9484613094846
77.0,33.49729609071448,-99.33503879321636,2083.24527989237
77.10000000000001,33.497266408473145,-99.33497158524922,2080.2247256500887
77.2,33.497312390563316,-99.33496317236911,2078.1877912296227
77.3,33.49730883071871,-99.33496158355634,2076.8484050955153
77.4,33.49732513587942,-99.33497155461801,2077.587489252469
77.5,33.4972810937804,-99.33490797758364,2063.3695428703704
77.60000000000001,33.49726860079927,-99.33499630129964,2068.86181699619
77.7,33.49730379530091,-99.3349566942938,2071.064758929277
77.8,33.49731866239621,-99.33496967957649,2059.702558137691
77.9,33.497281401930174,-99.33495682828539,2053.95078852572
78.0,33.49725599131738,-99.33494317391796,2059.6458007736715
78.10000000000001,33.497292439042596,-99.33491616974526,2051.32411983575
78.2,33.497252019080435,-99.3349340626406,2050.2408207072563
78.3,33.49730013149866,-99.3349052695973,2035.0090595274823
78.4,33.49726356965157,-99.33487509501238,2043.5143458304542
78.5,33.497224982140224,-99.33491472687128,2044.1251742926008
78.60000000000001,33.49723247058084,-99.33486893507782,2039.0501534317384
78.7,33.497254323862656,-99.33489940959338,2041.1183093734915
78.8,33.49718754405127,-99.33487811783154,2031.1911496778052
78.9,33.49723590942483,-99.33487188017871,2032.675200422838
79.0,33.497242015261385,-99.3347716478467,2036.2821396079983
79.10000000000001,33.49729304897693,-99.33479700232276,2032.1860895190441
79.2,33.497218266841614,-99.33481232868444,2013.9513117627127
79.3,33.497159715819535,-99.3348280718425,2022.9219606618813
79.4,33.49723378569492,-99.33479331588715,2008.0887319426636
79.5,33.497228431944556,-99.33478070265203,2015.5639028984222
79.60000000000001,33.4972183747715,-99.3346870647797,2008.4224929998886
79.7,33.49720469635273,-99.33473081707409,2005.8262566941712
79.8,33.49722933632193,-99.33475454047019,2015.1199735060773
79.9,33.49717445939679,-99.33474857832972,2002.5401833769747
80.0,33.49714685161955,-99.3347737770573,1997.8673810552184
80.10000000000001,33.49718104742686,-99.33473649750854,2003.5737423182516
80.2,33.49716571501291,-99.33472378693197,1996.1141983381754
80.3,33.497225482757806,-99.33476255844883,2006.7898171852626
80.4,33.49718302212292,-99.334672720349,1985.9547368247702
80.5,33.49713863351699,-99.33471234623913,1994.9703267228215
80.60000000000001,33.49719864080797,-99.3346914106873,1997.8479896067197
80.7,33.49718245054526,-99.33473834358517,1981.7146371975102
80.8,33.49715361670106,-99.33467365599958,1980.6450519161742
80.9,33.49714268599594,-99.33467543288583,1972.3446730691742
81.0,33.49714014696997,-99.3346724334477,1981.0904597713143
81.10000000000001,33.49713919449184,-99.33463043073492,1980.3100857667528
81.2,33.49710786331703,-99.33471485412507,1963.7089575101782
81.3,33.4971620509455,-99.3346579518073,1965.9058816958266
81.4,33.497136349868974,-99.33464993992295,1964.0672048831432
81.5,33.49716602532928,-99.33466647937921,1959.5996131275328
81.60000000000001,33.497126628138794,-99.33455866999644,1966.7256742357815
81.7,33.4970966097223,-99.33462808315987,1947.1654745841208
81.8,33.49716860267939,-99.33459207204984,1957.4788016143045
81.9,33.49713672857466,-99.33456464586178,1950.3500820327063
82.0,33.49712369490939,-99.33461335517607,1953.7791639951208
82.10000000000001,33.4971450495823,-99.33458688518402,1945.345625863406
82.2,33.4971177412515,-99.33453801132923,1943.2025255943759
82.3,33.497145114464395,-99.33453608175115,1938.932203358325
82.4,33.49710812788859,-99.33460639793596,1933.6249216134393
82.5,33.49708286992699,-99.33455649580088,1927.6345141282243
82.60000000000001,33.49710477287444,-99.3345700149925,1929.9900986110433
82.7,33.49711293397286,-99.33448539294221,1924.1628346916807
82.8,33.49710541271992,-99.33457100097162,1928.932502883178
82.9,33.49709964977255,-99.33448123675534,1923.0162663174838
83.0,33.497072237398214,-99.33450731453647,1922.1335853222158
83.10000000000001,33.49715872074952,-99.33451793678027,1918.7681664435909
83.2,33.49708745233008,-99.33448933368945,1915.655250114204
83.3,33.497075399364135,-99.33445602820117,1913.1403287599219
83.4,33.49707442615058,-99.33450990484155,1896.542209023045
83.5,33.49708838237482,-99.33450482656309,1913.4001069918638
83.60000000000001,33.49707008958446,-99.33447694438021,1906.8117399127325
83.7,33.4971000457475,-99.33448052498777,1897.0734209956947
83.8,33.49701704779778,-99.33445044061197,1896.0629321333165
83.9,33.49708095103276,-99.33440058612268,1893.2915011056862
84.0,33.496989488549396,-99.33444096260732,1890.0977871678185
84.10000000000001,33.497025496166884,-99.33444431420241,1894.4559510221702
84.2,33.49707467556913,-99.33436802198412,1884.690274583726
84.3,33.49704133610662,-99.33437958671544,1887.0357237754235
84.4,33.497060967303746,-99.33438219333519,1879.9551330581342
84.5,33.497056491486475,-99.33436568732486,1872.5116706791791
84.60000000000001,33.49700302120649,-99.33441830358679,1875.288624336866
84.7,33.49706799888898,-99.33441932781903,1873.3842597534403
84.8,33.49706354323402,-99.33436150209096,1875.6027170084635
84.9,33.49703228667346,-99.33437019110792,1877.6938779528896
85.0,33.497029201013085,-99.33435084486688,1866.357784494092
85.10000000000001,33.49700774488814,-99.33434487308507,1863.1289735077871
85.2,33.497021053884446,-99.334302171284,1863.210387878751
85.3,33.49704922411183,-99.33433767596486,1858.7939031948051
85.4,33.49702357727793,-99.33431884358639,1860.6149174130487
85.5,33.49700236979953,-99.33433112591838,1856.6304814490336
85.60000000000001,33.49703235723405,-99.33425921657106,1848.8865047148304
85.7,33.496992305994254,-99.33428395952507,1843.4794119325254
85.8,33.4970227825399,-99.3343231153999,1850.1922568466618
85.9,33.496998219323665,-99.33430726231934,1841.071927280921
86.0,33.49700121557594,-99.33436193070956,1841.8187001533684
86.10000000000001,33.497004197014206,-99.33434018183553,1829.536867532103
86.2,33.49698323152763,-99.33426151953674,1831.219763280219
86.3,33.496960104295844,-99.3342503671913,1828.3821315801522
86.4,33.49699906252502,-99.33422959128886,1826.2428902800389
86.5,33.496921618304725,-99.33427656795267,1832.5674529838184
86.60000000000001,33.49697117148139,-99.33422277906988,1819.8300149874442
86.7,33.496966573040886,-99.33423556530106,1819.8522617521214
86.8,33.496963087377154,-99.3342195991898,1823.2861575923323
86.9,33.49700792182341,-99.33423346242068,1813.4958024619787
87.0,33.49696761950394,-99.33421324208895,1817.1304116690299
87.10000000000001,33.49695142943907,-99.33421232610077,1801.010264785038
87.2,33.49698325864789,-99.33425105554726,1799.6570134823307
87.3,33.49694482095975,-99.33417801688435,1809.724740931147
87.4,33.496913448165984,-99.33415292434391,1798.9729927750163
87.5,33.49689025386957,-99.33419035473436,1785.4481612757688
87.60000000000001,33.4969321589029,-99.33418717559982,1795.9958257378864
87.7,33.49694838864336,-99.3341451404202,1792.4493504723825
87.8,33.49694532794468,-99.33413692386961,1790.1475893635227
87.9,33.49690843315503,-99.33409663210918,1785.9532203848853
88.0,33.496914193669156,-99.33410911896658,1782.6559304075288
88.10000000000001,33.49694190449878,-99.33415028745844,1794.2218916277986
88.2,33.49691910798521,-99.33406947000938,1777.258395788867
88.3,33.49690820702058,-99.33413825850315,1775.4187245853416
88.4,33.496906239252894,-99.33406149000348,1770.9056426038119
88.5,33.49693412738059,-99.33409876310552,1766.5088739907026
88.60000000000001,33.49692308456194,-99.33410692174974,1769.3486942156912
88.7,33.49692065485431,-99.33402693004757,1759.8191221720513
88.8,33.49690986942287,-99.3340828199721,1766.2765566078838
88.9,33.496935447450184,-99.33411495657197,1762.1067091048446
89.0,33.49693344934561,-99.33404058481835,1755.0069691109925
89.10000000000001,33.49695052310574,-99.33407351641873,1754.0418378380177
89.2,33.49693053530443,-99.33400395920842,1751.1867634364485
89.3,33.49690464436108,-99.33406024190981,1743.7472961319975
89.4,33.49684898112751,-99.33407702612911,1740.1799255929816
89.5,33.496839020001026,-99.33398823526359,1745.745828482171
89.60000000000001,33.49691139710108,-99.33403342576632,1735.896947350598
89.7,33.496835715597655,-99.33401624066465,1730.1032648050475
89.8,33.496884423432874,-99.33395251751477,1727.5028582595855
89.9,33.496913839716335,-99.33400214472961,1731.2153703955667
90.0,33.49684812899061,-99.3340032641019,1723.227454140752
90.10000000000001,33.49687173358809,-99.33395132132313,1734.3968979308218
90.2,33.49682731944515,-99.33400101842997,1729.6371111955634
90.3,33.496871188326175,-99.3340026071976,1715.2872044217631
90.4,33.496923070753596,-99.33397802192216,1714.1461540728026
90.5,33.49687256752048,-99.33399835312898,1712.6683790017782
90.60000000000001,33.496854114515685,-99.33394330567124,1714.5727646902994
90.7,33.496810911977995,-99.33395293689439,1706.7341142280338
90.8,33.4968792762745,-99.33393226826603,1701.3185701249233
90.9,33.49687345148803,-99.33388320633581,1703.9134157091828
91.0,33.49685227522741,-99.33387109364922,1706.9127571430322
91.10000000000001,33.49683593850232,-99.33393633868732,1696.458425214489
91.2,33.49684845636957,-99.33384097006746,1697.3029462220914
91.3,33.49686570132524,-99.33391988292601,1692.0629958317427
91.4,33.49685753310119,-99.33391504171934,1701.6425168350304
91.5,33.49684394650438,-99.33388034711547,1684.6968026404138
91.60000000000001,33.49679559469684,-99.33385766646214,1683.700085831087
91.7,33.49680938597619,-99.3338071733438,1685.8311984721165
91.8,33.4968567641791,-99.33381857862769,1677.5981410615937
91.9,33.496776197584786,-99.33387413007478,1685.3492139000653
92.0,33.49677924658601,-99.33383773408289,1673.5376876827454
92.10000000000001,33.49681057001835,-99.33382763724673,1669.240230190623
92.2,33.4968270290396,-99.33384144036987,1680.2453222060196
92.3,33.496771825768626,-99.33382895429607,1669.6420769297197
92.4,33.4968037004431,-99.33379994328928,1674.498247276904
92.5,33.4967931635572,-99.33380249454851,1657.6029533043259
92.60000000000001,33.49679615207816,-99.33381107559099,1657.4234737246309
92.7,33.49678226557003,-99.33380309867152,1653.4505246748872
92.8,33.4967151146532,-99.33373209054423,1654.1552303986982
92.9,33.49680100277606,-99.33368874006497,1649.7562996498327
93.0,33.4968115100628,-99.3337261359588,1647.4460077549322
93.10000000000001,33.49676470248675,-99.33373645409051,1654.0414394074223
93.2,33.496801264631294,-99.33375363582196,1645.8314744450552
93.3,33.49673198445009,-99.3337287597919,1633.0659137375542
93.4,33.496769702987045,-99.3336918423082,1641.713723303874
93.5,33.49676631795329,-99.33376044859119,1632.2864402883506
93.60000000000001,33.496732858266775,-99.33367333997988,1628.052120592492
93.7,33.496761433013646,-99.33365980695757,1629.6024776861343
93.8,33.49679029639662,-99.33374304021756,1627.4754188478303
93.9,33.4967160651747,-99.3336630093863,1624.7110465683597
94.0,33.49671984205488,-99.33377939473239,1614.314182003591
94.10000000000001,33.49675012136369,-99.33367055416434,1624.2065112141295
94.2,33.496764343103045,-99.33369383754508,1616.276995863023
94.3,33.49672703648588,-99.3336723936967,1615.8728265134328
94.4,33.49679896502863,-99.33364332583969,1616.86146342836
94.5,33.49665233435952,-99.33366843562116,1606.193724012712
94.60000000000001,33.496746285174986,-99.33363084230338,1617.8079802809418
94.7,33.49677325652369,-99.33362021075416,1600.6122931986658
94.8,33.49676412140258,-99.33361334089271,1607.3914853789836
94.9,33.496716408987524,-99.33368599351574,1609.958837206969
95.0,33.49670463519338,-99.33359902571364,1595.0821587435803
95.10000000000001,33.49673686672104,-99.33361468402762,1600.3137268451878
95.2,33.496665459029835,-99.3336324987487,1590.1568043881605
95.3,33.49671692101551,-99.33360402506813,1591.2098143128621
95.4,33.496705657761446,-99.33357630304872,1583.4268452916872
95.5,33.49674914679309,-99.33357594572749,1588.075781602546
95.60000000000001,33.496674723928095,-99.33355217091888,1580.6951358260055
95.7,33.49670102573833,-99.33362488489978,1589.403978097074
95.8,33.496708169165835,-99.3335180899808,1581.813586744956
95.9,33.49666570474918,-99.3335437231657,1568.237913179238
96.0,33.49669217016496,-99.33352826863353,1570.371423103151
96.10000000000001,33.4967048123146,-99.33354156907906,1570.5822545060055
96.2,33.496662614314246,-99.33354522073004,1558.376924330086
96.3,33.49668384289064,-99.33350503956585,1564.2979305053573
96.4,33.4967357576048,-99.33347200405612,1558.2330333196583
96.5,33.496663228494015,-99.33349490219919,1562.6867104714427
96.60000000000001,33.49667707710764,-99.33349333075999,1550.5808263371557
96.7,33.496670108481545,-99.33353615437252,1546.7180129698397
96.8,33.49669642075519,-99.33346344298619,1544.1850756234207
96.9,33.49663648502285,-99.33345843910226,1539.243866258134
97.0,33.49665034900958,-99.33345153075217,1549.7154477390316
97.10000000000001,33.49666033609079,-99.33346397987665,1534.484234791661
97.2,33.49665107934655,-99.33352284565929,1539.5183989310522
97.3,33.49668709672883,-99.33348130216643,1533.9885490597137
97.4,33.49666943138574,-99.33342046214558,1527.26205542408
97.5,33.49665637246713,-99.3333933786126,1531.3807728233546
97.60000000000001,33.49662688980517,-99.33345252895975,1517.8703110367178
97.7,33.49664282197879,-99.33342855072084,1523.2748808203867
97.8,33.496618172021606,-99.33338872632777,1526.5820282985112
97.9,33.49667441487348,-99.33345021685294,1520.056213406442
98.0,33.496627550204984,-99.3334108376631,1524.1625055909608
98.10000000000001,33.49661978828971,-99.33336567196928,1510.082127642546
98.2,33.496587932319116,-99.3333819116105,1500.9155822681828
98.3,33.49661630349798,-99.33344943707448,1513.225252371368
98.4,33.49661199604915,-99.33330577129828,1507.666983531878
98.5,33.496600781871756,-99.33329456824809,1494.6633377261926
98.60000000000001,33.496585179501004,-99.333392158425,1496.2994050057991
98.7,33.496621263619694,-99.33334803213641,1502.7402708156585
98.8,33.49664322364239,-99.33337945995778,1491.1046252004433
98.9,33.49663254872902,-99.3333535690981,1488.2226643852407
99.0,33.49659978769503,-99.33328089869804,1486.193000159049
99.10000000000001,33.496576044877315,-99.33331363324672,1491.4409825268156
99.2,33.49659820389322,-99.33336045627678,1497.4829411694725
99.3,33.49658065070684,-99.33333387665968,1491.8482730456872
99.4,33.49657052708534,-99.33324926969125,1491.1774670479633
99.5,33.496606822186,-99.33327846247136,1473.9947242146172
99.60000000000001,33.496582169847855,-99.33331487861389,1479.8080791973464
99.7,33.49653921248077,-99.33329341746057,1466.8458643538625
99.8,33.496566584246295,-99.33328079928111,1464.7571509912163
99.9,33.496550157864775,-99.33327774639938,1461.713600531164
100.0,33.496569068663064,-99.33332324958909,1463.8075874838055
100.10000000000001,33.49649341789458,-99.33327053567939,1461.287399446997
100.2,33.49654551505084,-99.33323451545398,1456.3850671656332
100.3,33.496525643785105,-99.3332299187252,1462.0551054366297
100.4,33.496549481011144,-99.3331990930097,1457.6763390359529
100.5,33.49658557417983,-99.33318152485921,1442.619095418872
100.60000000000001,33.49654430662432,-99.33324363746507,1440.310099698364
100.7,33.49659792753426,-99.33322549799747,1437.1674700093229
100.8,33.49650384660705,-99.33317037925843,1439.3890965623689
100.9,33.49657732425644,-99.33318495606088,1442.2685229335514
101.0,33.49653000355079,-99.33324668320496,1432.8917899367113
101.10000000000001,33.49650876290352,-99.33311707648546,1430.532440444663
101.2,33.49652554878434,-99.3331805942119,1428.9700989289363
101.3,33.49652312870576,-99.33316825014123,1433.892671458045
101.4,33.49651651441626,-99.33317063111028,1423.7201730406036
101.5,33.49650570793166,-99.33320548563005,1427.3669570444797
101.60000000000001,33.49652836865668,-99.33313422712128,1426.3126803152393
101.7,33.49650486352956,-99.33315116084076,1414.524565158527
101.8,33.49649252517892,-99.33314902333319,1412.5197744143454
101.9,33.496520562012606,-99.33313187703524,1416.9699167189078
102.0,33.49652883809796,-99.33309616661724,1410.8718562232802
102.10000000000001,33.49654405692478,-99.33310706953476,1403.8516173794187
102.2,33.49653559147592,-99.33313104558465,1407.1370597459386
102.3,33.49654072121135,-99.33306196447373,1396.9541491633386
102.4,33.49648988593984,-99.33304769798406,1402.4768581723256
102.5,33.49649480965812,-99.33314155500442,1392.4678777618524
102.60000000000001,33.49651205390044,-99.33310323942327,1393.3759242900896
102.7,33.496516502749486,-99.33304861584016,1394.195260824955
102.8,33.49649806398655,-99.33310205458956,1384.4431547986046
102.9,33.496512848142174,-99.33302189074094,1388.8967680469912
103.0,33.49654646571667,-99.3330938952024,1382.312685214812
103.10000000000001,33.496521157444846,-99.33306351827503,1371.7741054773594
103.2,33.49646850937933,-99.33309198843052,1370.2082889553553
103.3,33.49644439624015,-99.33304560215913,1381.3296651395585
103.4,33.49647549298156,-99.33310488602783,1371.0575106156107
103.5,33.49649201341139,-99.33307021272508,1371.7209354263714
103.60000000000001,33.49647634560151,-99.3329599140934,1368.6519939356904
103.7,33.49653194844771,-99.33303505289038,1355.7528454635492
103.8,33.49649339284835,-99.33299908531365,1362.0921192397177
103.9,33.496430065102075,-99.33300651338405,1360.1189641195747
104.0,33.496469138885246,-99.33294468228773,1351.9524397615482
104.10000000000001,33.49646650148895,-99.33300537066356,1361.4311140183909
104.2,33.496454265282566,-99.33294457063928,1371.6828939663542
104.3,33.49648961034812,-99.33297716592041,1353.4600701170818
104.4,33.49645213967103,-99.33301610790676,1338.665652363511
104.5,33.49643757411743,-99.33297027019167,1344.6319309742228
104.60000000000001,33.496452871476706,-99.33290736348016,1344.475763839271
104.7,33.496396090451704,-99.33296440364464,1340.1399812832813
104.8,33.49640918529801,-99.33293587223622,1338.148784722544
104.9,33.496445818002634,-99.33294300727238,1334.0030472613607
105.0,33.496422740161485,-99.33295965843676,1330.9267272943011
105.10000000000001,33.49646107044505,-99.33293990122309,1318.272062582181
105.2,33.496373565567744,-99.33294615467791,1315.6970598757048
105.3,33.49642784959998,-99.33288104544133,1323.0318694437763
105.4,33.496517512474625,-99.3329713603907,1320.7629601310248
105.5,33.49641932913896,-99.33289807708617,1321.2880343638521
105.60000000000001,33.49642802977414,-99.33294071620796,1308.9957823931763
105.7,33.496430553576914,-99.33284019310636,1312.2304191403887
105.8,33.496413449581596,-99.3328905219775,1305.3548552539942
105.9,33.49640726046777,-99.33285425380171,1307.7597752959148
106.0,33.49640594221485,-99.33281432988964,1313.75009459898
106.10000000000001,33.49637988175989,-99.33281389497252,1304.5948286759115
106.2,33.4964155279516,-99.33281957087338,1309.4319187254807
106.3,33.496377641840276,-99.33289128535625,1295.1741029087561
106.4,33.49643768021647,-99.33282908775635,1289.9911107893317
106.5,33.49642322941126,-99.33281933039189,1290.271737625721
106.60000000000001,33.496426251460896,-99.33287824516718,1287.5671413820157
106.7,33.49644150799791,-99.33288081432596,1295.3109130888686
106.8,33.49639043548448,-99.33284573504997,1275.4239605325174
106.9,33.49638874030951,-99.33274542000484,1277.3976606420379
107.0,33.49642887397146,-99.3328036474803,1275.6104747439272
107.10000000000001,33.496401717111105,-99.33285420427639,1274.8599367754805
107.2,33.49635239764195,-99.33279354421313,1274.3749151119216
107.3,33.496388530741754,-99.33279750196756,1271.173478011035
107.4,33.49636673700085,-99.3328529526738,1276.4195506430813
107.5,33.496370874154,-99.33273034399687,1267.804216237529
107.60000000000001,33.496388558386556,-99.33282188666121,1259.4046663911624
107.7,33.496352392031255,-99.33276664685246,1273.0197792805875
107.8,33.49635403023344,-99.33271400292428,1253.803403413337
107.9,33.496325452869414,-99.33276393669726,1257.4890757792577
108.0,33.4963393556174,-99.33274631035673,1245.0718498324518
108.10000000000001,33.4963723439791,-99.33271224832599,1240.0485267565957
108.2,33.49636451455552,-99.3326762501806,1248.971907005954
108.3,33.496359760154334,-99.33274980874704,1243.6985277642966
108.4,33.496346390130384,-99.33276090767221,1233.5398301770838
108.5,33.49633070682818,-99.33273677765703,1242.0397268674103
108.60000000000001,33.49631538468505,-99.33273444966599,1229.1845839423852
108.7,33.49632179944794,-99.33261270871415,1234.8462507877234
108.8,33.49634049877928,-99.33269916169844,1229.5452768884468
108.9,33.49635296016678,-99.33270141223433,1227.0189466651514
109.0,33.49633016366402,-99.3326771064267,1232.9630845530926
109.10000000000001,33.49630689669572,-99.3326881028776,1234.1824002863877
109.2,33.49632319887222,-99.33268671284645,1232.713283111776
109.3,33.49629546889113,-99.33262413635657,1224.1362995586123
109.4,33.496323668783226,-99.33263654454886,1219.7895576978513
109.5,33.49632513719101,-99.33264406315766,1219.5304855237036
109.60000000000001,33.49630543453727,-99.3326280488558,1204.5298711707435
109.7,33.49628448025583,-99.33266692549493,1214.6016767005824
109.8,33.496286294056105,-99.33260937610943,1204.6075027435793
109.9,33.49630080843459,-99.33261216169669,1202.7313256889938
110.0,33.49627750409528,-99.33263067860638,1199.4357740904754
110.10000000000001,33.49632818132174,-99.33259673939028,1200.2424526834473
110.2,33.49628796359583,-99.33261997794352,1188.3319727660544
110.3,33.49626330263248,-99.33266089766856,1199.7663296659864
110.4,33.496248872842855,-99.33260807202964,1191.874996740055
110.5,33.49628798052795,-99.33267685177084,1184.791758932616
110.60000000000001,33.496334179421154,-99.33258599787635,1187.7548767730661
110.7,33.49632031543725,-99.33258511280887,1179.794855561321
110.8,33.49627788099907,-99.33264501187806,1176.9899023235314
110.9,33.49631290770728,-99.33252570653772,1174.1911582382268
111.0,33.49624609715681,-99.33262611694305,1166.9553417995562
111.10000000000001,33.49627099067599,-99.33256555971799,1171.1816678217363
111.2,33.49626536300033,-99.33254847638483,1170.7838903708935
111.3,33.496271331308044,-99.33256630181427,1168.9597703726254
111.4,33.49627726068149,-99.33252478231448,1167.7211808042325
111.5,33.49626650406676,-99.33250973032139,1155.4977039563967
111.60000000000001,33.49627777342598,-99.33246043025707,1162.7349017368501
111.7,33.49628203865847,-99.33254453317421,1159.0733036967106
111.8,33.49626762274384,-99.33255928534383,1148.5194412360045
111.9,33.49628986719686,-99.33254380240547,1159.378686134007
112.0,33.4962800887916,-99.33251856120756,1146.183031123368
112.10000000000001,33.49626095303531,-99.3325218688774,1140.0857857725616
112.2,33.496242046864815,-99.33248750174297,1147.8330960938288
112.3,33.49631013823445,-99.33247528581326,1134.1244998995837
112.4,33.49628229153155,-99.33252146973932,1146.2670326356708
112.5,33.49628094589706,-99.33251112251082,1131.7136109716957
112.60000000000001,33.49622846478147,-99.33250080518468,1131.0494335554297
112.7,33.49625821213622,-99.33239641037923,1118.3071014186098
112.8,33.49626609941989,-99.3324267965829,1122.9151345417044
112.9,33.49621928951273,-99.33239441284222,1130.28261528352
113.0,33.49620669587821,-99.33250151079794,1122.438726444017
113.10000000000001,33.49625901435651,-99.3324506825591,1117.6810191506236
113.2,33.496232009311804,-99.33245260423278,1116.0245439058897
113.3,33.49620267179873,-99.33246546379533,1105.9801248517595
113.4,33.496179416036234,-99.33242330690852,1115.2906227925416
113.5,33.49622957398984,-99.33242600571604,1109.2713072457655
113.60000000000001,33.49621227532847,-99.33240537657275,1103.3147925104179
113.7,33.496207187399854,-99.33235534063394,1111.4095054863976
113.8,33.496208919226916,-99.33236237697473,1106.0735584874144
113.9,33.49623688216537,-99.33235576249947,1097.359474254435
114.0,33.49623061427761,-99.33237138785609,1103.0680808993366
114.10000000000001,33.49616638385493,-99.33237370255672,1086.2117458381426
114.2,33.49622061558814,-99.33239049396235,1092.6462127478342
114.3,33.49623388854808,-99.33237323616872,1079.5660242845572
114.4,33.49615299631577,-99.33228000061109,1086.3409001555785
114.5,33.49618881015845,-99.33233158485812,1080.9569273425436
114.60000000000001,33.49618141327721,-99.33234003954215,1080.5605793417042
114.7,33.49618748575244,-99.33239985074356,1076.0468531992146
114.8,33.496186819797934,-99.33235586844502,1068.741282211046
114.9,33.496188134265125,-99.33236190137308,1070.4980252453163
115.0,33.496211761812745,-99.3323565760139,1070.9983783225566
115.10000000000001,33.496156370278044,-99.33234099918656,1066.1824598640712
115.2,33.49620881623693,-99.33237879868818,1062.3633022023052
115.3,33.496202389143356,-99.33227627163963,1058.0865964739553
115.4,33.496169613615855,-99.33234752108552,1064.2394185623677
115.5,33.496182364004035,-99.33234158659988,1055.5834587349757
115.60000000000001,33.49619563748785,-99.33231662696326,1053.0047231896456
115.7,33.4961980247458,-99.3323072188924,1053.1900146674534
115.8,33.4961698436099,-99.33228421802883,1049.283684009149
115.9,33.496152066472064,-99.33227566716043,1043.7124261361876
116.0,33.496200178030335,-99.33235117668089,1046.8003143133058
116.10000000000001,33.49614053232658,-99.33230649488846,1038.668462932415
116.2,33.496145105869964,-99.3322998388896,1038.8463315885515
116.3,33.49616457126712,-99.33222299999592,1030.4009790562936
116.4,33.49613557210991,-99.33232501472772,1034.5161211482769
116.5,33.49616241401357,-99.33226145531634,1028.8087251244065
116.60000000000001,33.49617484896411,-99.33230027758557,1027.3965413890771
116.7,33.49614045640519,-99.33221281895821,1018.3736593945231
116.8,33.49616453350269,-99.3322263880895,1020.9638516385043
116.9,33.49616745364706,-99.33223730070615,1027.1424973286707
117.0,33.49615546309253,-99.33224609281692,1018.9632089489817
117.10000000000001,33.496129312232796,-99.33223635583369,1010.5783363047549
117.2,33.496191291113036,-99.33222282930973,1008.4166216992619
117.3,33.49618345289851,-99.33219146640663,1003.6445532537396
117.4,33.496172109278525,-99.3321736503398,1011.1508282167194
117.5,33.49612354746251,-99.33224614372676,1007.6674265745683
117.60000000000001,33.49613469954285,-99.33216158080049,1001.4077466114722
117.7,33.49614492860899,-99.33223130188857,992.369319578932
117.8,33.49613021473008,-99.33214537660814,995.1873472677996
117.9,33.49616461307487,-99.33222068839557,990.8577247105677
118.0,33.49614762784227,-99.33223846409042,991.2732254225699
118.10000000000001,33.496210167627446,-99.33215711633848,985.3641402623799
118.2,33.496137156322206,-99.33210980212093,991.8763544313699
118.3,33.49609337022838,-99.33218514208795,978.9538910593639
118.4,33.49612851496111,-99.3321842318629,979.0887749229598
118.5,33.496124095079836,-99.33211632224591,982.3534863656142
118.60000000000001,33.49609698857487,-99.33213043132103,966.1275162488099
118.7,33.49611202732225,-99.33218922937877,976.4555138853865
118.8,33.49608059989439,-99.33212521100316,969.7566434425305
118.9,33.496082140880475,-99.33214602422902,973.5264107313134
119.0,33.49616763773351,-99.3321234078102,963.1949584959557
119.10000000000001,33.4961092705155,-99.33211957919887,965.3730509774089
119.2,33.49612821713466,-99.3320810676063,954.5481744192101
119.3,33.49609565571457,-99.3321445360815,960.5453149099474
119.4,33.49609831428898,-99.33209248281557,947.8335656384894
119.5,33.49614068974875,-99.33211239804173,951.9104572711694
119.60000000000001,33.496098787956456,-99.33210585685387,946.8430569779208
119.7,33.496043915961856,-99.33208549233645,948.390021743144
119.8,33.49606158190446,-99.33207932083306,936.274172229405
119.9,33.49606473079352,-99.3321323164583,947.870993285782
120.0,33.49611416937196,-99.3321104518017,933.3205540714647
120.10000000000001,33.49610121006028,-99.33205641076492,939.531692691929
120.2,33.49603515199733,-99.33203440972873,935.4709082074696
120.3,33.49604646785506,-99.33210876997853,933.7599043499587
120.4,33.49610536755112,-99.33211844285675,929.5601122665818
120.5,33.49609348157407,-99.3320507001086,924.1242572925275
120.60000000000001,33.49607475813781,-99.33200124375931,924.2006155182153
120.7,33.496060535765935,-99.3320790776966,918.342096145846
120.8,33.49607059769169,-99.33204588026159,916.3667468918949
120.9,33.49605595360456,-99.33204970746633,916.094376224939
121.0,33.49605137302231,-99.33202017253868,914.6154457742397
121.10000000000001,33.49604767682183,-99.3320244950838,919.544671705064
121.2,33.49609257277672,-99.33196527900152,915.0943422127688
121.3,33.496040819796086,-99.33201309450502,898.0173800225675
121.4,33.49606396037433,-99.33199113428682,905.3816118999933
121.5,33.496074071196254,-99.33205850186933,905.0343228044038
121.60000000000001,33.49605426427444,-99.3320010609763,898.3462827156885
121.7,33.4960497761218,-99.33198959763311,889.9754992332196
121.8,33.4960641305351,-99.33199359730054,891.8243171029804
121.9,33.49608768478169,-99.33198206665065,892.8044342961931
122.0,33.49604090619875,-99.33200361367601,876.7600811772943
122.10000000000001,33.496025637097596,-99.33197416526966,884.3844340659107
122.2,33.49606990792505,-99.33194727277115,885.392553404286
122.3,33.49601444410945,-99.33192185580809,880.363373419977
122.4,33.4960113042417,-99.33190039030411,872.9255485773032
122.5,33.496065923607986,-99.33196599038828,878.4980636535198
122.60000000000001,33.49601445220425,-99.33198536274874,865.8220897051428
122.7,33.49607095068091,-99.33198141855885,874.1935390653293
122.8,33.49600697306319,-99.33193273127716,871.0387539204271
122.9,33.496000884528975,-99.33192972020969,866.2927387375124
123.0,33.496031829440994,-99.33194561993204,854.8376083961176
123.10000000000001,33.495996590292016,-99.33197228314977,861.9147581347114
123.2,33.49600939726804,-99.33192974198609,850.0286570059546
123.3,33.49600875607559,-99.33193599791207,851.4972500214197
123.4,33.496032564003265,-99.33192817398985,853.2422153994173
123.5,33.49601557069092,-99.33185583615115,844.4511765731991
123.60000000000001,33.49598626278349,-99.33193778154285,853.5423352451417
123.7,33.49598582609896,-99.3319704686967,842.9032857392738
123.8,33.49604889192508,-99.33190561815252,854.454794360587
123.9,33.49601060555289,-99.33191710370298,842.8163527280361
124.0,33.49601295947435,-99.33187911243223,839.6822214884693
124.10000000000001,33.496012221309506,-99.33191965509515,834.4473004778895
124.2,33.49601317563678,-99.33188888733369,830.2088275493976
124.3,33.49600999838162,-99.33193185983282,827.9267283243345
124.4,33.49598415305803,-99.33196387556534,830.9174987876776
124.5,33.495990560979386,-99.33193610783302,818.5815056477327
124.60000000000001,33.49599836111131,-99.33191659015557,823.7445494719713
124.7,33.49601474516422,-99.33182514503912,817.8154121163844
124.8,33.49595478379036,-99.33187738054905,811.2215283755583
124.9,33.495958527742104,-99.33183929962287,808.4950480811959
125.0,33.495994116236346,-99.33187381932858,817.0144464778265
125.10000000000001,33.495973573137995,-99.33185172862241,814.2272075131744
125.2,33.4959662239405,-99.33187333673357,802.8301752655632
125.3,33.49596364514255,-99.33182785056975,805.0021625465627
125.4,33.4959803126178,-99.33185826003687,807.5722456894136
125.5,33.495963388725116,-99.33189557279125,805.1838846235515
125.60000000000001,33.495947934103576,-99.33183447152835,805.5533113984081
125.7,33.49597079277905,-99.33183555694754,807.3157812088489
125.8,33.49592339511071,-99.33179272793332,806.0065361705524
125.9,33.49599412559653,-99.33182041185515,807.9124829304964
126.0,33.49595563238322,-99.33179512118093,799.8414393927442
126.10000000000001,33.495947910880446,-99.33182780623889,803.6942552344593
126.2,33.49599349637249,-99.33179708282235,799.3393289166037
126.3,33.495971237775656,-99.33179959657117,798.5962897350856
126.4,33.49594082390116,-99.33183668347095,795.2999924331381
126.5,33.49601832456398,-99.33183431519797,798.0008260818981
126.60000000000001,33.495971856325205,-99.3318018069928,795.2032466637539
126.7,33.49595074318857,-99.33184658006847,793.8366189939004
126.8,33.49596153210472,-99.3317601746235,791.3109774120644
126.9,33.49594461539095,-99.33184035921073,799.8249619133983
127.0,33.49594430322276,-99.33175241471079,803.1098442245126
127.10000000000001,33.49597770032133,-99.33179940322918,792.3964098467948
127.2,33.49594043062709,-99.3318087439256,788.0093793806747
127.3,33.495985407718535,-99.33173358360092,794.1853607644505
127.4,33.49591302285434,-99.33177174972606,793.1808216675852
127.5,33.49596682858577,-99.33175729986209,797.357644178405
127.60000000000001,33.495938879042555,-99.3317352315758,789.0592830409955
127.7,33.49594763798068,-99.33173801958002,790.8104197909844
127.8,33.49599848065013,-99.33174815002793,802.7856012409399
127.9,33.495958650966,-99.33177592728546,791.2078472293525
128.0,33.49594584623794,-99.33175826820438,791.8145515958258
128.1,33.49590303741439,-99.33179926892316,790.9717618704889
128.2,33.495927537749445,-99.33174551403098,788.2930331661967
128.3,33.4959695993508,-99.33169558208061,792.7679216036698
128.4,33.49590979052832,-99.33174863832406,791.4258879814898
128.5,33.49593876887888,-99.33175288503074,776.9669612783534
128.6,33.495899114233836,-99.33177136211262,779.6628179089039
128.7,33.49594671679828,-99.33168128177223,792.5005995592327
128.8,33.495921934129456,-99.33178035428925,779.3712979714846
128.9,33.495924618220435,-99.33171867250057,787.402444690221
129.0,33.49587593241155,-99.33171758917351,779.8834771618236
129.1,33.49589640523564,-99.33168682947229,786.5098092941104
129.2,33.49591779574452,-99.33172629193278,780.8622225723612
129.3,33.495915001641805,-99.33169080881936,776.4730328647707
129.4,33.495912903236395,-99.33163141525094,777.4418608275496
129.5,33.49591178733261,-99.33170658823211,779.5415804459674
129.6,33.49588548972832,-99.33166753675819,778.1856832448967
129.7,33.49591212508762,-99.33171214246353,781.2725848028532
129.8,33.49593092846718,-99.33171539617611,774.7876688491024
129.9,33.495911371640524,-99.33175267738119,770.005899925441
130.0,33.49592506612367,-99.33167231017723,771.5157044678641
130.1,33.49587261201367,-99.3316916384546,777.3267319326527
130.2,33.49594446537805,-99.33164881441256,778.3250551325523
130.3,33.49589550552748,-99.33167697377068,777.0348731086366
130.4,33.4958872112743,-99.33167441490625,782.3180774150593
130.5,33.495908377822055,-99.33165589041064,772.1216243268715
130.6,33.495933177003316,-99.33165768163285,766.0158186085772
130.7,33.49588196359542,-99.33161722394239,772.1613144443452
130.8,33.49589792358416,-99.33161321284517,773.577248419493
130.9,33.49591137436382,-99.33163541613482,772.6204254203825
131.0,33.4959269284775,-99.33166885929727,779.0514965465073
131.1,33.495882090886,-99.33161191429028,775.8011046907635
131.2,33.49592880974528,-99.33160202645492,776.4603375254675
131.3,33.49589487871776,-99.33163603010905,770.5882741943802
131.4,33.49591920837657,-99.33172230492106,773.068753314172
131.5,33.495883308182904,-99.33163855025843,766.2335229315484
131.6,33.49590259764776,-99.33160980599523,769.5266601471353
131.7,33.49590688968009,-99.3316357064019,770.5126629985849
131.8,33.49592252126879,-99.33166625016422,779.068084064541
131.9,33.495886276209504,-99.33157399764433,769.4941965990637
132.0,33.495892494456584,-99.33159596802832,768.2439290747843
132.1,33.49587967409687,-99.33161966864256,762.9546352718245
132.2,33.49591350979705,-99.33160723426647,762.1301935308322
132.3,33.49588004286832,-99.33158054837928,774.7380806638512
132.4,33.49591079024673,-99.33156056843814,773.8082267744097
132.5,33.4959046024303,-99.33156248865403,766.2499094806301
132.6,33.49585747168843,-99.33160356725176,764.9463383075956
132.7,33.49583656188237,-99.33160624416293,756.1296347386642
132.8,33.49587247832364,-99.33159183051087,759.035804918777
132.9,33.49588297703935,-99.33153141120579,762.2600546749853
133.0,33.49584607213177,-99.33156458545504,770.8246005248843
133.1,33.49587701950917,-99.33158632388499,758.1534188455154
133.2,33.49584245062854,-99.33166579534864,759.8718780942352
133.3,33.49584162915115,-99.33163055341959,753.7953073476511
133.4,33.495879085198645,-99.33160256214157,757.4346216164463
133.5,33.49588652007728,-99.33158277704503,762.3782201880641
133.6,33.49587044170879,-99.33158295952803,757.7742636204575
133.7,33.49586152418705,-99.33154740803695,755.2831599023657
133.8,33.49586563390819,-99.33154303348539,764.9393420737996
133.9,33.49585793739872,-99.3315407754932,756.7995019854476
134.0,33.49584107416373,-99.33156593930383,757.3602864139506
134.1,33.49588708072121,-99.33152912088852,751.8387455735752
134.2,33.4958889391121,-99.33162949260264,757.5195102947316
134.3,33.49582835293505,-99.33153505621588,764.8531387661433
134.4,33.49591529772335,-99.33152921579197,752.121541449036
134.5,33.4958588334705,-99.33153037845423,748.9115186465498
134.6,33.495906029336,-99.33152848567047,756.4841983856447
134.7,33.49588955466787,-99.33154604818277,745.9783243487499
134.8,33.495790823067736,-99.33153302811833,753.1265813623314
134.9,33.49581956163778,-99.33153608529395,760.0445742623706
135.0,33.49585809980263,-99.33151826983453,742.15008712412
135.1,33.49583797847214,-99.33147203192344,750.2607941621105
135.2,33.49586802285603,-99.33148790119456,757.6803642722056
135.3,33.49583649468476,-99.33147823381725,761.8289917138478
135.4,33.49582421445077,-99.33151466604599,751.462181498646
135.5,33.49585330919778,-99.33144084100357,748.1193951207181
135.6,33.49582802911925,-99.3314905521507,744.7382631125249
135.7,33.49580690843649,-99.33144313572869,743.9751915138294
135.8,33.4958212406208,-99.33150415016124,740.9095323416456
135.9,33.49582721777237,-99.33141248528882,754.4292252602118
136.0,33.49577730065737,-99.33151528720188,749.9259041506582
136.1,33.49583649995215,-99.33147476340424,747.9455535011227
136.2,33.49579326608658,-99.3314270775551,743.9957760351986
136.3,33.495830621951114,-99.33149222197322,748.2207004754127
136.4,33.49584942229866,-99.3315049280007,736.7748816793218
136.5,33.4958092959778,-99.3314635246512,745.0707718700269
136.6,33.49589887034136,-99.33144112928161,739.3406535659102
136.70000000000002,33.49585261209071,-99.331465642303,745.216297202334
136.8,33.49580682297578,-99.33143592117916,732.9400369248681
136.9,33.49581618060686,-99.33144116674222,733.7123914562949
137.0,33.49582390945341,-99.33143219286637,731.673507269877
137.1,33.49582982201413,-99.3314385393942,737.702675003244
137.20000000000002,33.495813686049146,-99.33142370165048,747.2468450781499
137.3,33.49580038823247,-99.33145775109757,740.2059235156711
137.4,33.495844118435876,-99.33146090529685,736.4269323077905
137.5,33.495778536244586,-99.33143057423493,735.8365080046868
137.6,33.49580081773683,-99.33136520113274,728.2337332939813
137.70000000000002,33.495805961004784,-99.33139511517813,737.0570835894922
137.8,33.49582693034377,-99.33140907324207,726.0573826814298
137.9,33.495815139807576,-99.33142554133234,732.2746534733801
138.0,33.495783728754276,-99.33140448704499,734.6524721473232
138.1,33.49581055503766,-99.33136439959014,736.9968665311184
138.20000000000002,33.495778276093596,-99.33142535213995,734.2537074503553
138.3,33.49581371141876,-99.33140120935929,727.5992468230347
138.4,33.495776933199494,-99.33138964825226,729.7726856698239
138.5,33.495823211240754,-99.33137938719052,733.4742042249056
138.6,33.49581955177016,-99.331426147705,727.9324153874022
138.70000000000002,33.49576036253273,-99.33139582719802,733.6105863830231
138.8,33.49579661694045,-99.33141192940752,737.6650571478524
138.9,33.495755565158,-99.33139167401933,729.3979906111659
139.0,33.49577921225496,-99.33136272780057,726.465338979165
139.1,33.49578099206983,-99.33133314181318,722.3137640119559
139.20000000000002,33.495816282751825,-99.33130563497079,724.7488520691393
139.3,33.495750102288234,-99.33135488107345,718.0660561239621
139.4,33.49578138687027,-99.33134994380383,727.5333711670427
139.5,33.49579883515163,-99.33143971118348,733.3309798741459
139.6,33.49579553681631,-99.33133070545873,727.4059525410113
139.70000000000002,33.4957482582701,-99.33140097581882,730.4265666067768
139.8,33.49576914032647,-99.33130700650361,719.917090100439
139.9,33.49574131837383,-99.33134529054153,729.2688366594307
140.0,33.495836510610296,-99.33132642015227,724.5230841302081
140.1,33.49577082649514,-99.33134435576596,715.9821282828885
140.20000000000002,33.49575453891283,-99.33128958509224,720.9953829216661
140.3,33.495791437809075,-99.33130297776026,713.9913525735935
140.4,33.49576514412184,-99.33133215138098,721.1165032831517
140.5,33.49583348592388,-99.33130546619954,710.5580287196448
140.6,33.495736476477525,-99.33132364626414,720.5178860031273
140.70000000000002,33.49571478368342,-99.33129127422308,722.8452356247932
140.8,33.495764764638764,-99.33137252414441,718.1604540714106
140.9,33.495726140205896,-99.33131261487688,717.5485039987477
141.0,33.495760344407884,-99.33130109941251,718.6620441531583
141.1,33.49577297530381,-99.33136177546749,721.1190910757919
141.20000000000002,33.495756163930544,-99.3313132174235,706.2978899929625
141.3,33.495741819595494,-99.33131128979177,715.4510658833594
141.4,33.49577008611096,-99.33128362078897,711.6321079818532
141.5,33.4957572278352,-99.33131089244384,710.2261412764558
141.6,33.49574563308845,-99.33136383510131,703.3684259267279
141.70000000000002,33.49577118552404,-99.33124900761115,721.0046260310445
141.8,33.49566142954998,-99.33129545623812,718.6661345684372
141.9,33.495769941411744,-99.33121659645941,704.7550787753322
142.0,33.4957233588001,-99.33126906344745,718.5241200042494
142.1,33.495817870412594,-99.33127139445482,704.3762199942937
142.20000000000002,33.49573608079121,-99.33128369241457,705.5390678427208
142.3,33.49576433383923,-99.33123900237061,703.7256328215943
142.4,33.495705562968645,-99.33129828101995,708.5889871701494
142.5,33.495764590801244,-99.33126361804273,708.872425760573
142.6,33.495700766626996,-99.3312201457061,709.3308810435979
142.70000000000002,33.495721703375615,-99.33129391822774,707.872340176194
142.8,33.495696162708526,-99.33122642185715,702.8749026882742
142.9,33.495737450107065,-99.33126470870522,704.2260519971604
143.0,33.495705979088484,-99.33119036967406,702.8260835647677
143.1,33.49573793803455,-99.3312212860068,703.6608394886283
143.20000000000002,33.49575025695807,-99.3312873249225,702.6330645995382
143.3,33.4957114173566,-99.331126061711,696.756250485533
143.4,33.49572669082041,-99.33125102405901,702.0177089925459
143.5,33.49577954439135,-99.33121379851359,693.8109847564907
143.6,33.49571716856879,-99.33125573982032,699.4808273568534
143.70000000000002,33.495690680441406,-99.3312206038148,701.4174451090988
143.8,33.49563821214908,-99.33118137289551,693.9538066748047
143.9,33.495727618846686,-99.3312646153366,705.9234238549327
144.0,33.495722096487064,-99.33121915281775,704.9327755755697
144.1,33.495757310676616,-99.33119609562287,705.4687895873466
144.20000000000002,33.495739777971664,-99.33123541824426,694.7936000043215
144.3,33.49572395545301,-99.33124301340906,698.026185083731
144.4,33.49570155577607,-99.33118696276726,693.5618424386481
144.5,33.49572128738573,-99.33116508267953,692.6583249245045
144.6,33.49567836479179,-99.33115455366212,693.7889688165251
144.70000000000002,33.49568768133644,-99.33117580533322,697.1225058928065
144.8,33.49567317455546,-99.33122916021424,696.8786468971877
144.9,33.495678470150395,-99.33116374200762,688.9131322205244
145.0,33.49565552428632,-99.33116292431373,697.1568677066039
145.1,33.495684604930865,-99.33119851395031,695.9616645425932
145.20000000000002,33.495706201924776,-99.33116491745366,688.8105351439505
145.3,33.49573964061556,-99.33117301948793,686.7778181370032
145.4,33.49572354378505,-99.33114293542661,692.9948893338612
145.5,33.495664656872364,-99.33116176299258,692.2831611121944
145.6,33.495711327494746,-99.33124481173911,685.4613716711999
145.70000000000002,33.49571126340702,-99.33114727107423,694.1301800621253
145.8,33.49570366218076,-99.33112712830946,691.7878504313314
145.9,33.49571228346006,-99.33118476229703,684.7396390914897
146.0,33.49570532183455,-99.33120689765558,689.5110280960007
146.1,33.49568252745173,-99.33115971420847,679.5689144223783
146.20000000000002,33.4956824920974,-99.33115033618003,693.1336662332363
146.3,33.49567801314155,-99.331035548418,678.2131287396917
146.4,33.49570161184688,-99.33111956331763,688.0829756992907
146.5,33.4956960362808,-99.33116234884673,687.7306928546188
146.6,33.49562380500605,-99.33118505657667,687.3904249060522
146.70000000000002,33.495659957573665,-99.33114315505031,688.3959651848506
146.8,33.49570949661077,-99.33117597182647,678.6152730147006
146.9,33.495666731526,-99.33114526691912,683.3977500150003
147.0,33.49567965680742,-99.33114155762931,675.88838239617
147.1,33.495677892555285,-99.3311333240449,674.5837109179893
147.20000000000002,33.495670624955366,-99.33112050430124,682.095991178971
147.3,33.4956918598396,-99.33110851152095,679.2654528466408
147.4,33.49572347158867,-99.33110712496429,684.4036202583709
147.5,33.49565194931488,-99.33107624885446,673.8155277328032
147.6,33.495647946835994,-99.33111449166954,686.7702680210115
147.70000000000002,33.49562069918268,-99.3311283547312,677.0610508146924
147.8,33.495654309285925,-99.33106142734106,678.0178476687104
147.9,33.49567419113321,-99.33109780385374,676.5486500372471
148.0,33.495678596702646,-99.3310801689188,674.0986157150345
148.1,33.4956921799581,-99.33102531519782,675.3055553785161
148.20000000000002,33.495662475261675,-99.33111878702759,673.5440055834425
148.3,33.495630103207624,-99.33110802397131,683.9274294060835
148.4,33.49567148206459,-99.33104424888961,667.5619129020339
148.5,33.495652373809925,-99.33104205683682,679.4475392265637
148.6,33.49567972980345,-99.33103677443918,666.8310955922625
148.70000000000002,33.49564670568899,-99.33106049491313,669.442881014972
148.8,33.495615085004694,-99.33104321153637,670.1451449771715
148.9,33.495678073351804,-99.3310172433625,675.4484744579511
149.0,33.495651139925776,-99.33107894634968,668.5597520724951
149.1,33.49563314465703,-99.33104415322646,663.7210797422073
149.20000000000002,33.49570699988408,-99.33105745341027,661.8758614171677
149.3,33.49566675570448,-99.3310551163119,664.7489910485957
149.4,33.49563990718891,-99.33109350291808,671.203598769801
149.5,33.495593698567106,-99.33103261692533,657.2865702574418
149.6,33.49559055105104,-99.3310196760094,666.9167454232326
149.70000000000002,33.495626121107,-99.33101580970084,669.1036381898243
149.8,33.49567300956539,-99.33103614816841,664.8853241787587
149.9,33.49567769679776,-99.33103862319612,665.3577776777888
150.0,33.4956496536289,-99.3310491585746,664.0325305942209
150.1,33.49565722942023,-99.33100157476498,673.3070634446242
150.20000000000002,33.495658819494,-99.33106367253558,672.9207292890248
150.3,33.49563156614681,-99.33099883887762,665.593506652951
150.4,33.4956988667724,-99.33105756537383,666.752778859288
150.5,33.495655943608114,-99.33101601364926,660.4232100493591
150.6,33.4956073160828,-99.33098900112567,662.3516619463455
150.70000000000002,33.495625343463544,-99.33100108358033,661.290968149128
150.8,33.49560002625729,-99.33096992367894,657.5138722168266
150.9,33.49564281874529,-99.33104024939351,652.3930635592134
151.0,33.495558908183604,-99.33099054746815,668.1447233353937
151.1,33.49560598601062,-99.33106017710429,658.2543777902343
151.20000000000002,33.49561318789953,-99.33100642907631,660.3899091231096
151.3,33.49564249591571,-99.33098246142558,655.421612632232
151.4,33.49562545562018,-99.33098821903091,657.5712523638603
151.5,33.49564296408906,-99.33097279329579,658.7859709109788
151.6,33.49562608626857,-99.33091857865783,658.6204939047442
151.70000000000002,33.495637374337925,-99.33096790435071,662.3579506252916
151.8,33.49558332749314,-99.33097571164264,657.6752548491932
151.9,33.495659502711746,-99.33096215518442,645.0131916556152
152.0,33.4956358366707,-99.3309093284357,647.9550312984044
152.1,33.495621727550514,-99.33096747263303,643.2400978003218
152.20000000000002,33.495667983193584,-99.33095699312467,657.3280538142976
152.3,33.49565349546537,-99.33092620822369,639.2716781661373
152.4,33.495615170755116,-99.33094596408142,651.0552928894502
152.5,33.4956030941894,-99.33093571836042,651.3494981714903
152.6,33.495626329250875,-99.33088071937516,661.340496742951
152.70000000000002,33.49563193542465,-99.33093512874711,641.5477368432774
152.8,33.495584923397764,-99.33094953711156,649.8270314183284
152.9,33.49563329783176,-99.33093482769614,647.3045348659737
153.0,33.49559539062853,-99.330927116559,640.6102338385672
153.1,33.49558821841168,-99.33095931472403,642.4401758380561
153.20000000000002,33.49558386784967,-99.33093214181841,646.1749122191347
153.3,33.49559758396704,-99.33091644657983,644.1012344947926
153.4,33.49562406780271,-99.3308484542542,641.6935189898122
153.5,33.49561439435681,-99.33095553649669,648.9590726576305
153.6,33.49562956560116,-99.33090961734233,645.3142728927069
153.70000000000002,33.49558279066253,-99.33093386725555,644.0091613951271
153.8,33.49564670923003,-99.33094407734539,640.1036352330109
153.9,33.49564880859172,-99.33090849592254,652.7554874831578
154.0,33.495585466248194,-99.33093085392798,648.6267834462726
154.1,33.49560937610875,-99.33091161064739,632.3948536001
154.20000000000002,33.49556254781951,-99.33088041026926,635.8604634681667
154.3,33.495580769763045,-99.33086608531679,635.8519477814701
154.4,33.4956104846471,-99.33091587217534,634.1266357140634
154.5,33.49557685467139,-99.33086395347777,641.8790065014267
154.6,33.495624879617665,-99.33092111356537,629.334574342047
154.70000000000002,33.49560425297584,-99.33092249894474,629.6787110643103
154.8,33.49560206072712,-99.33090060971178,638.9869987793926
154.9,33.495576852665614,-99.33091107187589,635.9074503011642
155.0,33.495555653365045,-99.33085229278564,641.9080619995239
155.1,33.49561578698644,-99.33084484007391,633.9561178931601
155.20000000000002,33.495610416915525,-99.33082131539537,641.0666080181198
155.3,33.49555890794691,-99.33091067649505,634.9135586046455
155.4,33.495600009015874,-99.33088754599382,633.3768410150376
155.5,33.495520167732785,-99.33080776823877,632.4722969947214
155.6,33.49559411981572,-99.33083368170558,626.0451756512283
155.70000000000002,33.49558349283051,-99.33089710865318,631.2027633170857
155.8,33.495572045723044,-99.33085804569548,631.2248327785512
155.9,33.49554063964991,-99.33087648384944,625.6065659538515
156.0,33.49560191469873,-99.33090092444696,633.4761520114556
156.1,33.49560850350241,-99.33087719546666,618.6617544629179
156.20000000000002,33.49561345384789,-99.3308509413863,630.0305154206713
156.3,33.495568640244485,-99.33084826490835,634.0536274483181
156.4,33.49554418056359,-99.33084763505387,625.7552386673766
156.5,33.49559251047225,-99.33084663309477,633.6583112650613
156.6,33.49557438034406,-99.33079639501177,626.0701458908575
156.70000000000002,33.49554872187003,-99.33089902377114,622.00227417047
156.8,33.4955328298729,-99.33084652914653,627.9566503552459
156.9,33.49556826297039,-99.33083345821045,620.3635648819198
157.0,33.49551606509404,-99.33084166776709,618.8302405380238
157.1,33.49556123825996,-99.3308270922748,631.2479991802358
157.20000000000002,33.495542752885264,-99.33078806783898,623.3513277892512
157.3,33.495558745393964,-99.33075671351779,624.6871928061635
157.4,33.49555964028164,-99.33087581498722,630.5969953619315
157.5,33.49555377444733,-99.33080734916958,620.915180995157
157.6,33.49559014611616,-99.33081083170094,624.2093113236025
157.70000000000002,33.495617556775336,-99.33078367102743,609.3015800524528
157.8,33.495572303678344,-99.3308041787067,626.9542801920873
157.9,33.49552178807192,-99.33078133070588,618.332101487033
158.0,33.49556176768404,-99.33076940270422,623.6915379198425
158.1,33.495573470533515,-99.33080720951826,619.6181039073947
158.20000000000002,33.49560984978315,-99.33077689724125,618.7503719762854
158.3,33.49552157932118,-99.33081998141868,615.1211076625584
158.4,33.495547793962544,-99.33080753215137,620.0791089959928
158.5,33.49555756631816,-99.33078509981902,616.1274926255189
158.6,33.49560891907182,-99.33079615382343,615.7257630579669
158.70000000000002,33.49557558236436,-99.33086280891985,620.7720276899663
158.8,33.4955843252252,-99.33078710408303,620.4427221294562
158.9,33.49556078359133,-99.33074992019577,615.4989233179431
159.0,33.49554029546564,-99.3307683052494,618.727685465105
159.1,33.49550370843618,-99.33073848568995,619.086797427626
159.20000000000002,33.49557966053888,-99.3308024104053,616.7040839643017
159.3,33.495520734849094,-99.33071272143435,620.6201325522554
159.4,33.49557853687244,-99.33071382803378,601.8068860927586
159.5,33.49552356255183,-99.3307064679417,608.1057269380163
159.6,33.495559458106015,-99.33077098303556,609.1239745565863
159.70000000000002,33.49555802743072,-99.33074469179329,604.9638709477824
159.8,33.49553299232028,-99.33071004190266,609.8654217283369
159.9,33.49555125233346,-99.33077746383755,611.0495137616289
160.0,33.49548493569,-99.3307416008384,604.021259282326
160.1,33.495547239179594,-99.33076847720318,613.3729170837626
160.20000000000002,33.495490311908576,-99.33076174487876,602.8893747295654
160.3,33.4954982897315,-99.33071702122373,598.1315392008074
160.4,33.4955012668351,-99.33076000083815,601.5646981539302
160.5,33.49555319581317,-99.33070621641895,609.5091758760789
160.6,33.49554844924908,-99.33069708933047,602.4545481647303
160.70000000000002,33.49550684372894,-99.33069518151181,603.4241584596424
160.8,33.49553163536799,-99.33071578930922,611.5733163833811
160.9,33.495566985010946,-99.33070299681557,594.9397954504688
161.0,33.495531483910376,-99.3307202811988,599.5575278378668
161.1,33.49545977071517,-99.3307219697981,601.8182997403438
161.20000000000002,33.49549871625475,-99.33073525211432,601.9022136746808
161.3,33.495498944258664,-99.33070122980537,597.1685682094502
161.4,33.49547020652348,-99.33070979009936,600.2225442283892
161.5,33.49550532130213,-99.33076747696435,599.2334278363284
161.6,33.49550885097159,-99.33072548127748,599.1924756719889
161.70000000000002,33.49555060712337,-99.33069126644419,599.2344911536211
161.8,33.49551409713883,-99.3306286961946,597.4084960805897
161.9,33.49554779267568,-99.33072523940142,597.3207725595596
162.0,33.495526610372785,-99.33070186715142,595.3553121155826
162.1,33.495507717577645,-99.33068275173966,594.0740218296942
162.20000000000002,33.49547947887351,-99.33068517936447,596.6219647338079
162.3,33.49553809642559,-99.33069371903605,606.7871909245692
162.4,33.49551554214431,-99.33069186333368,599.4579117797915
162.5,33.495458476777145,-99.33071374416896,591.3432484246083
162.6,33.495549276481555,-99.33069929739374,588.7641201243789
162.70000000000002,33.49549093339588,-99.33060105262265,589.777908491995
162.8,33.49554946438706,-99.33070961499872,590.7225541765476
162.9,33.49550721974377,-99.33066228803301,591.9821497440051
163.0,33.49551238043194,-99.33069077223482,592.612329386073
163.1,33.49548741844568,-99.3306777111797,595.8745096657725
163.20000000000002,33.49549229285355,-99.33064632984667,601.0761664871048
163.3,33.49546126988877,-99.33064407945666,588.9807320877799
163.4,33.49551114950273,-99.33064591517592,586.4599708296798
163.5,33.495500966044254,-99.33068861265488,595.5482242313662
163.6,33.495498296547325,-99.330631948929,586.816069754932
163.70000000000002,33.49551232449704,-99.33063800780558,590.5946942738013
163.8,33.495538587597125,-99.33065203205079,577.9012545322297
163.9,33.4954657257539,-99.33065388797206,589.6191718100049
164.0,33.49548510145383,-99.33061561305387,580.5558257797964
164.1,33.49546618072185,-99.33064013447103,583.2350037278773
164.20000000000002,33.49547548542143,-99.33064334553256,587.3042223815208
164.3,33.49545406524241,-99.33064027638325,579.6346342218145
164.4,33.49550179564968,-99.33062635616892,577.1830672651665
164.5,33.49548910437949,-99.33065731500808,578.8593629818165
164.6,33.49547450309203,-99.33059505354261,580.3542228739923
164.70000000000002,33.49549852663162,-99.33060674663295,579.9746733772251
164.8,33.49547017189912,-99.33056112708356,588.7947588617724
164.9,33.49547249382043,-99.33060050277821,583.9139282816161
165.0,33.49545405759498,-99.33060496323506,583.062245440076
165.1,33.49550836309339,-99.33060130749429,578.4089002879097
165.20000000000002,33.49543945123303,-99.33058133998028,570.7779224273628
165.3,33.49548116724744,-99.33057045012208,579.1464594600349
165.4,33.49548033746912,-99.33057875374412,575.9398555213393
165.5,33.49543305002772,-99.33061982114313,583.2007908526709
165.6,33.49549379771279,-99.33061095694514,574.2469094998835
165.70000000000002,33.49547430385812,-99.330568980708,573.6583288188053
165.8,33.4954845602091,-99.33060407905889,576.5874933557185
165.9,33.49545943447024,-99.3305553700027,574.3960147553603
166.0,33.495472671258405,-99.3305847233914,574.3611963013332
166.1,33.49551938165911,-99.33052108036507,572.7099045429613
166.20000000000002,33.49546536487344,-99.33057016805192,581.3128857226743
166.3,33.49541817842054,-99.33055391632901,571.8858292597486
166.4,33.49548418015535,-99.33058808170715,570.5141504948175
166.5,33.49547837556129,-99.33055229607317,573.6298789480568
166.6,33.49544991602098,-99.33061949936855,565.6682648913646
166.70000000000002,33.49549052034029,-99.33055144486103,563.4400247652692
166.8,33.495479876112,-99.33055768502904,557.4377659139705
166.9,33.495446171454354,-99.33052984448722,565.2698384538011
167.0,33.49544017888886,-99.3305412773413,579.5834741919941
167.1,33.49544190098577,-99.33061356824132,570.0893412966908
167.20000000000002,33.495476072774125,-99.33060849896819,571.3388558958256
167.3,33.49544013647102,-99.33053967715092,562.7390077033946
167.4,33.49545706439256,-99.33057709137691,570.3009436530476
167.5,33.49546846213126,-99.33055546865529,559.7139769435341
167.6,33.495452290200674,-99.3305149260775,569.9046048842348
167.70000000000002,33.49543596328828,-99.33058112701876,561.1508632069838
167.8,33.49549805419389,-99.33058851031608,560.0307320031709
167.9,33.49550549648033,-99.33051839358508,563.7668455155867
168.0,33.49541809922047,-99.33051485582763,568.6844043277652
168.1,33.4954529269669,-99.33054899007446,563.9109159791087
168.20000000000002,33.495444797992484,-99.33055052853628,573.5309264806308
168.3,33.4954152353037,-99.33054652687088,561.1008807695695
168.4,33.49542820019058,-99.33051357179559,566.325873320072
168.5,33.495492235888086,-99.33050345363324,556.2788586248531
168.6,33.495418005064835,-99.33055312086356,559.3921148875949
168.70000000000002,33.49547056200289,-99.33054933562087,554.1423975271546
168.8,33.49546568797538,-99.33047222372443,564.0630517840402
168.9,33.495454619462905,-99.33052490406747,555.4584395957215
169.0,33.49541784660907,-99.33046219746744,560.8533089351893
169.1,33.4954700434375,-99.33050979657835,547.551479418406
169.20000000000002,33.49545051921383,-99.33044457896767,556.1217197235727
169.3,33.49543684487631,-99.33054228670912,556.5593930019361
169.4,33.49540816727709,-99.330530654801,564.2169344267735
169.5,33.49541797775034,-99.33052235460791,554.330428935834
169.6,33.495442980216886,-99.33049395062586,550.2596591406367
169.70000000000002,33.49541541313275,-99.3304545063254,551.7736710919378
169.8,33.49545104051482,-99.33049238228801,559.3638225561103
169.9,33.49547270845583,-99.33053398760255,552.5834657677416
170.0,33.4954131978885,-99.33048501214932,545.355308625743
170.1,33.49542629773977,-99.33046720638411,552.5588832010933
170.20000000000002,33.49543311987126,-99.33046252549666,548.9255726583297
170.3,33.495427708773306,-99.33044747260277,544.8140298733153
170.4,33.495441509292796,-99.33051482274166,552.3567881302752
170.5,33.495463601010144,-99.33050785525352,557.8818155878043
170.6,33.4954736376469,-99.33045367226471,553.318331177113
170.70000000000002,33.49542382065221,-99.33049741445753,543.0617736766176
170.8,33.495421258489436,-99.33047997971222,550.2748410308711
170.9,33.495402636811576,-99.33042398743633,544.8641911489659
171.0,33.495429902639856,-99.33047544234324,554.9951409891091
171.1,33.495419508015104,-99.33047006920765,550.6105109280442
171.20000000000002,33.495415728725064,-99.3304775750765,541.6005662207192
171.3,33.495441413802205,-99.33041807778109,540.3889024028672
171.4,33.4954658316303,-99.3304747033714,542.9214670385376
171.5,33.49541749185089,-99.33050496451486,540.6818026267075
171.6,33.49538391231397,-99.33046042566158,529.0336094214005
171.70000000000002,33.49544152728713,-99.330458794849,540.3850774794417
171.8,33.49541983348667,-99.33044656070194,539.7250825633438
171.9,33.495417042714664,-99.33045611016423,535.631330882753
172.0,33.49541202962624,-99.33041924515862,537.0848855687802
172.1,33.49544652309818,-99.3304271592723,545.2588950638443
172.20000000000002,33.49542546707731,-99.33049107113281,549.5036807423136
172.3,33.49541923303749,-99.33048653500737,543.7270035321499
172.4,33.49541388066546,-99.3304352815865,539.841150299983
172.5,33.495442553106784,-99.33038335341227,546.548594331334
172.6,33.495417519087304,-99.33047696377967,540.3543079500549
172.70000000000002,33.495430233285425,-99.33042983518979,539.9550573372167
172.8,33.4954538568416,-99.33039666770516,542.95151389834
172.9,33.49542183740127,-99.33042964945864,529.3835720943373
173.0,33.49542058463583,-99.33044811495581,533.9727825845517
173.1,33.495448722473384,-99.33043516929757,536.9724081397092
173.20000000000002,33.49538658910316,-99.33045406629545,528.9848675774759
173.3,33.4954111078426,-99.33038634431026,537.1724695371953
173.4,33.49544817464126,-99.33043658602111,533.0888354485716
173.5,33.495397655527846,-99.33043075840615,533.0533918790829
173.6,33.495388916030265,-99.33037086905462,531.6329308128804
173.70000000000002,33.495415741285676,-99.33038584845788,532.4437368209195
173.8,33.495337407385314,-99.33046156555949,527.4838777222822
173.9,33.49537690784739,-99.3303822973632,535.0920744038709
174.0,33.495429457901636,-99.33041562861908,534.1326092826192
174.1,33.49542138509149,-99.33037610759766,527.8096910168462
174.20000000000002,33.495416660073346,-99.33044020011891,529.563988985857
174.3,33.49540460666713,-99.33044830655619,535.1040646161732
174.4,33.495428450915526,-99.33037052676977,528.5336424692839
174.5,33.49536615307806,-99.33037311955742,519.2132170596007
174.6,33.495368497472434,-99.33036407093087,522.313079379923
174.70000000000002,33.49535160771574,-99.33038802750764,531.684359408476
174.8,33.49541392484982,-99.33042865687096,529.1644256188661
174.9,33.495384223850984,-99.33045723542163,521.7154283056211
175.0,33.49531277614365,-99.33039538773028,523.3733982938124
175.1,33.49544292237707,-99.33037904979928,522.5816320315898
175.20000000000002,33.495372289029916,-99.33039812261295,514.4023289581585
175.3,33.495344969446926,-99.33038934873424,524.3960350035895
175.4,33.49543048320776,-99.33040641612466,516.0456666583464
175.5,33.49540236721318,-99.33037767158804,525.2647982720844
175.6,33.495417991734755,-99.33030205652324,519.5950047273207
175.70000000000002,33.49541090265257,-99.33039372049863,512.9977044941769
175.8,33.49539415252822,-99.3303432073905,521.7413020532988
175.9,33.49536879949295,-99.33035944774547,522.1095536410112
176.0,33.49540050836351,-99.33035312733821,514.9711592702405
176.1,33.49538593502978,-99.3304183692857,519.7380167445431
176.20000000000002,33.495401649873834,-99.33038211819027,516.4829118023586
176.3,33.495358365796385,-99.33033510536916,521.3734656030624
176.4,33.49536117456313,-99.33032821084558,511.7507279668704
176.5,33.495395365328655,-99.33039456375313,513.4867256658165
176.6,33.49536830418382,-99.33033546016921,512.2463273783069
176.70000000000002,33.49539975388649,-99.33036573931477,515.2039095795594
176.8,33.49533407664974,-99.33029412441319,507.4712906361324
176.9,33.49534521597435,-99.33032889261167,514.9588824668322
177.0,33.495412210823204,-99.33033545000485,518.8713508094971
177.1,33.49539244495142,-99.33031080431493,516.5442025525293
177.20000000000002,33.49536627260778,-99.33033906430366,511.03589606317274
177.3,33.49535517635732,-99.33029427856039,513.4950752407248
177.4,33.49536802084437,-99.33030535309597,514.8120702771041
177.5,33.49535440188152,-99.33034564417628,512.1402995505517
177.6,33.49535436010117,-99.33032930461836,511.65186820289284
177.70000000000002,33.4953974891205,-99.33039145156039,511.70330203780713
177.8,33.49534424492071,-99.3303427676779,506.9795968647412
177.9,33.495344523605816,-99.33037274640958,507.19991760838104
178.0,33.49536809068839,-99.33029118420052,499.3259677864204
178.1,33.49537281225729,-99.33030477047366,502.44410453655655
178.20000000000002,33.49533106788491,-99.33028195863764,505.1928042018412
178.3,33.49533405267315,-99.33031768508951,509.5395927377139
178.4,33.49539683552415,-99.33032327292928,504.4285244047102
178.5,33.49540480827162,-99.33028620379774,519.0758490508454
178.6,33.495342622533705,-99.33031658188074,503.60106462692863
178.70000000000002,33.495382397719155,-99.33028850247126,500.829001844994
178.8,33.495358460688955,-99.3303340595349,506.84877441348203
178.9,33.49537167114262,-99.33027042730889,502.65690193331596
179.0,33.49539417994531,-99.3302889912686,498.4968621062499
179.1,33.495386384923385,-99.33027145481722,501.1923401520729
179.20000000000002,33.49536491797426,-99.33027642209548,507.27258267648074
179.3,33.49535024375373,-99.3302585802681,497.43682929834324
179.4,33.495360729495744,-99.33036059177147,496.76086073663026
179.5,33.495335831350175,-99.3302654949725,495.0570915766571
179.6,33.49537990222704,-99.33031288521715,497.8950219220515
179.70000000000002,33.49532571621719,-99.33027119944028,498.74259170183706
179.8,33.495332885229764,-99.33032629013336,508.4647569059912
179.9,33.49534822152849,-99.33031583308802,494.15898184673154
180.0,33.495363321540054,-99.3302675387274,505.34403347300696
180.1,33.495396516873654,-99.33022587528342,484.0656367403353
180.20000000000002,33.49531440391023,-99.33024308624289,489.957829290789
180.3,33.4953384923132,-99.3303320235074,490.0356016501797
180.4,33.49537274095929,-99.3302911967288,491.16085463267945
180.5,33.495383058227205,-99.33025511706522,487.8846306833625
180.6,33.495351241909574,-99.33031222142841,509.0154360508067
180.70000000000002,33.49534354452423,-99.33021041457336,488.3996157346794
180.8,33.495328549726786,-99.33021489919014,501.6557294896939
180.9,33.49535301774707,-99.33024431256601,501.4903455317746
181.0,33.495347027048496,-99.33023574200233,487.6414814516492
181.1,33.49540210076268,-99.33026898364787,488.4610671816216
181.20000000000002,33.495375424003775,-99.33025358048513,480.83178438693625
181.3,33.49537785530714,-99.3302347157955,488.2103293073796
181.4,33.4953694809125,-99.33024322314594,480.7824747842578
181.5,33.4953777832085,-99.33025154370166,496.1104690645268
181.6,33.49532951142587,-99.33019120056544,486.8268799776318
181.70000000000002,33.495353906350765,-99.33021377167513,490.1967057710584
181.8,33.495341587141674,-99.33024760092749,478.2500810982575
181.9,33.49536072605791,-99.33027623138135,490.8132846863017
182.0,33.49533814373573,-99.33020930291721,488.0654432517026
182.1,33.49530322890925,-99.3302671554874,487.72729542137347
182.20000000000002,33.49533162705307,-99.33023333891737,486.89384223578
182.3,33.49532544118617,-99.330229619758,485.76895300700465
182.4,33.49535877717045,-99.33020781698173,483.59339608203254
182.5,33.49533937477352,-99.33025306036447,476.46687080867287
182.6,33.495311631235275,-99.33022130345009,479.98135750499995
182.70000000000002,33.49529589228743,-99.33024225923947,470.37226901156174
182.8,33.49535996385165,-99.33023128841307,491.15213085955344
182.9,33.49536083271945,-99.33020295842341,484.33707636302955
183.0,33.49534467169496,-99.33021186141703,474.65653593900777
183.1,33.49534896305424,-99.3301953928295,482.7197731476896
183.20000000000002,33.4952706522255,-99.3302084123368,484.2198570826072
183.3,33.495323491200544,-99.33026195171162,475.00347125875896
183.4,33.4953145748519,-99.33015382126247,477.420565221678
183.5,33.49537978999092,-99.33019660128508,474.4508431093407
183.6,33.495314485133896,-99.33019221744323,477.1165728407994
183.70000000000002,33.49533833841524,-99.33018404001892,477.1792226934709
183.8,33.495369972559104,-99.33016095222884,474.67318860182536
183.9,33.4953351514244,-99.33017086316498,473.3865971794201
184.0,33.495325414626805,-99.33024217425465,470.2363925939925
184.1,33.49531229227633,-99.3301736489902,463.5980067617209
184.20000000000002,33.49536238453915,-99.33018614187502,471.54905473090173
184.3,33.49533090936727,-99.33013553318669,475.54911333299316
184.4,33.49529055472798,-99.33020800156218,474.28764490908816
184.5,33.49538964084498,-99.33019797872632,472.9711503498025
184.6,33.49531422367949,-99.33013801411661,470.25548536977675
184.70000000000002,33.495292712191635,-99.3301894266164,462.01358132906853
184.8,33.495330724781894,-99.33012616497145,472.29288448862803
184.9,33.49533905177227,-99.33020237906005,462.20981014994106
185.0,33.495277270102974,-99.33018769767098,467.8235584275436
185.1,33.495332908878,-99.33015093300023,466.6455395798125
185.20000000000002,33.49534110698369,-99.33011577063452,466.62589776314377
185.3,33.49539123930383,-99.33023862550695,470.74624681573323
185.4,33.49535807769541,-99.33015197041924,466.83758618880023
185.5,33.49531265440492,-99.33015744957255,465.32759561434625
185.6,33.49531546237495,-99.33013010652607,466.14226539537776
185.70000000000002,33.49532677210255,-99.33021219636085,466.0652712046904
185.8,33.49534615725394,-99.33016773880846,469.5749039717797
185.9,33.49526915838985,-99.33020547345492,466.02995275795985
186.0,33.49532644133938,-99.33012006651848,454.35974821812226
186.1,33.4953338570717,-99.33015674924171,465.2931574397379
186.20000000000002,33.49532560795298,-99.33018500618272,455.8635569224958
186.3,33.495295613677285,-99.3301074953462,459.2165232669011
186.4,33.4952938560365,-99.3301295025627,467.79998804438594
186.5,33.49530037430322,-99.33018911821785,456.63250000718403
186.6,33.495333039149614,-99.3301675517488,467.132608278415
186.70000000000002,33.49531241263698,-99.33011658946566,457.80535731724683
186.8,33.495328549872,-99.33009523636379,459.56758611766827
186.9,33.49530839927793,-99.33012194189803,463.1861063308726
187.0,33.495279278213644,-99.33017985666969,453.97707472596386
187.1,33.495329151374285,-99.330103210814,454.39150578345294
187.20000000000002,33.49528674926218,-99.33009194981072,460.61943010662753
187.3,33.495344952027914,-99.3300581738527,450.81532647099516
187.4,33.495291195714834,-99.33015111220057,453.70817156095364
187.5,33.495270550998754,-99.33020528291546,457.81860237555867
187.6,33.49531363523768,-99.33010942962896,447.9099674861748
187.70000000000002,33.49527996061882,-99.33015798477979,445.9947825334735
187.8,33.49535950893347,-99.33008707982953,454.077927570399
187.9,33.49527537157372,-99.33009891150395,455.7658582475176
188.0,33.49528152566888,-99.33007255282695,442.3761144126715
188.1,33.49528776300634,-99.33002496865677,453.45835259921347
188.20000000000002,33.49533760913615,-99.33011696826611,446.5469504430493
188.3,33.49535981291875,-99.33005909303192,439.9012570164717
188.4,33.49525280572532,-99.33008552546117,450.27099644255384
188.5,33.49533254878691,-99.33017921103439,437.00571387361197
188.6,33.49529973842984,-99.33008963498173,454.05931322748694
188.70000000000002,33.4953003968996,-99.33005615477397,447.0130371675641
188.8,33.4953072020911,-99.33009866366845,439.85162834146297
188.9,33.49527970478966,-99.33011911811266,449.7355512133247
189.0,33.495281082066356,-99.33009138012065,452.4673490473086
189.1,33.49532254284479,-99.33009035922143,447.16416344893685
189.20000000000002,33.495256229687676,-99.3301174800217,446.15073280138813
189.3,33.495295333057975,-99.33006800454669,458.54764131895536
189.4,33.49529481359077,-99.33009871123987,445.585799183883
189.5,33.49530573143097,-99.33010664589737,446.32562747480006
189.6,33.49526193259145,-99.33007811118115,437.57800261492844
189.70000000000002,33.49529949810103,-99.33002579865929,445.33291856647776
189.8,33.49526141031955,-99.33014391705208,445.657343815806
189.9,33.49531106862566,-99.33008549136368,444.56823237563617
190.0,33.49528705234861,-99.33004992671832,436.0799571547971
190.1,33.495332988061975,-99.33005782637139,432.6661769752999
190.20000000000002,33.49532512724516,-99.33005541181463,440.12601691597075
190.3,33.495314943776705,-99.3300954213024,440.7688105462047
190.4,33.49536576363065,-99.33007769462351,441.6662342725431
190.5,33.49527904677659,-99.33001857416022,436.27041495499157
190.6,33.49528534767264,-99.33011422226578,444.7799271964684
190.70000000000002,33.49528805282683,-99.33000899134004,428.094510558715
190.8,33.495347918339085,-99.32998571875957,445.5828869527086
190.9,33.49525528641188,-99.33006561891236,430.9990487246553
191.0,33.495259245747405,-99.33004189504776,425.1173529400242
191.1,33.49529462047041,-99.33008664130155,439.76046458398775
191.20000000000002,33.495292097549026,-99.32999624683839,439.1585505178817
191.3,33.49527759395874,-99.33007284293413,438.60362774681283
191.4,33.495274888312565,-99.33004638787172,439.0492870079079
191.5,33.495278404660276,-99.33005200900817,430.2428917133763
191.6,33.495271685327275,-99.33005828874442,424.35521468865664
191.70000000000002,33.495303249993114,-99.33000945840347,434.6785384599361
191.8,33.49529708785951,-99.33008919268906,433.42362445494587
191.9,33.4953125807278,-99.33001657320025,429.76113793770566
192.0,33.495238387454734,-99.33006411223727,430.2514398255832
192.1,33.49527272371116,-99.3300614699064,423.64743432893647
192.20000000000002,33.49532732881183,-99.33005931828643,423.0317249135069
192.3,33.495272106174866,-99.33004187814993,423.3002095520722
192.4,33.49526570728213,-99.33003992862751,426.69196338352646
192.5,33.49529574963043,-99.32999557128578,441.8240329937334
192.6,33.495310757957405,-99.33003519711565,421.7092657332706
192.70000000000002,33.49527616139943,-99.3300621434776,434.3154967047694
192.8,33.49528757098415,-99.33005407250039,427.0417244768958
192.9,33.49521644226394,-99.33005783397664,432.920522659854
193.0,33.49529229864065,-99.33003131665635,421.376131325657
193.1,33.49530542139491,-99.32995142124102,416.9577430074264
193.20000000000002,33.49524476710328,-99.32999884894286,420.88421083253957
193.3,33.495259431451885,-99.33003588124711,422.74567214940066
193.4,33.495301294358434,-99.3300498383174,422.9251903720661
193.5,33.49527636774607,-99.32997992631256,413.80990483859216
193.6,33.495247095504695,-99.33002295169247,419.91671881816586
193.70000000000002,33.49522612319951,-99.33007419958413,421.05091716263547
193.8,33.49523999680395,-99.33000509535803,426.98853249937986
193.9,33.49528920023817,-99.33004489231509,415.04883769095557
194.0,33.495278526631814,-99.33008610340158,417.84732898108786
194.1,33.49525197166147,-99.32997500064681,414.08465048847427
