time_s,barometer_v1
0.0,96454.14803513487
0.01,96453.13006041569
0.02,96456.24273290546
0.03,96453.8897390166
0.04,96453.31027404738
0.05,96452.86082028253
0.06,96450.97656918364
0.07,96453.27089267105
0.08,96451.56090672298
0.09,96450.2410788923
0.1,96451.78542429257
0.11,96449.40277425644
0.12,96447.676076884
0.13,96449.18160294057
0.14,96446.70519950135
0.15,96445.55738653618
0.16,96444.79868594813
0.17,96443.66303028357
0.18,96440.95481373709
0.19,96439.80273803098
0.2,96435.79564275527
0.21,96437.06324192016
0.22,96433.37804267593
0.23,96431.72784721083
0.24,96429.9086555123
0.25,96427.60250449606
0.26,96424.56506529631
0.27,96424.15708978543
0.28,96419.71478898305
0.29,96415.51890192424
0.3,96413.5311836571
0.31,96410.89365972142
0.32,96405.68198450562
0.33,96404.47706813164
0.34,96397.45201365498
0.35000000000000003,96396.92069662611
0.36,96394.31941758344
0.37,96389.54487139737
0.38,96385.51191490411
0.39,96381.67469181572
0.4,96376.11693272997
0.41000000000000003,96373.92593796924
0.42,96369.50733264566
0.43,96362.42981466764
0.44,96359.17835733086
0.45,96355.5134912178
0.46,96352.49959133852
0.47000000000000003,96346.37214896591
0.48,96343.14378383041
0.49,96337.31047729812
0.5,96331.98187494402
0.51,96326.07607089308
0.52,96319.93459279639
0.53,96314.10699825303
0.54,96308.86202664995
0.55,96302.67611311462
0.56,96297.3637210737
0.5700000000000001,96291.51978405412
0.58,96286.76292182937
0.59,96279.24053508957
0.6,96274.06590261651
0.61,96265.09630673246
0.62,96257.92025982948
0.63,96254.48580383832
0.64,96245.88108858297
0.65,96239.45525415443
0.66,96232.90460328224
0.67,96225.7634815422
0.68,96218.35405824885
0.6900000000000001,96211.82416222719
0.7000000000000001,96203.7974524746
0.71,96196.49659635311
0.72,96189.06394938329
0.73,96180.53620080213
0.74,96172.96998413562
0.75,96163.45969608666
0.76,96156.5941498022
0.77,96147.53069482296
0.78,96138.47236001617
0.79,96131.11985595713
0.8,96122.20325078971
0.81,96112.23251504736
0.8200000000000001,96105.27965717358
0.8300000000000001,96095.7642447369
0.84,96087.57136997145
0.85,96078.25528852825
0.86,96066.5325282793
0.87,96059.7851085224
0.88,96049.54827162412
0.89,96037.67924824334
0.9,96028.05644670501
0.91,96017.98257516221
0.92,96009.49623472657
0.93,95997.77844529282
0.9400000000000001,95989.71552046247
0.9500000000000001,95976.43810795732
0.96,95967.56586436702
0.97,95954.84857211687
0.98,95945.7572933281
0.99,95934.72973243988
1.0,95922.48963985103
1.01,95913.37472175134
1.02,95901.3787097366
1.03,95889.79799029586
1.04,95878.11279157578
1.05,95865.6388927329
1.06,95854.2413263415
1.07,95842.17297548556
1.08,95829.7184651544
1.09,95817.49750349704
1.1,95805.93735116825
1.11,95792.39327545333
1.12,95779.46653771673
1.1300000000000001,95766.43131948882
1.1400000000000001,95752.13548456892
1.1500000000000001,95740.18442386511
1.16,95725.95143411776
1.17,95713.1171340007
1.18,95702.2462477912
1.19,95687.11757430242
1.2,95672.09518265266
1.21,95659.9928876026
1.22,95644.6788468955
1.23,95631.8633284081
1.24,95617.30483168202
1.25,95603.41637735748
1.26,95587.68802353702
1.27,95574.83037074051
1.28,95560.20409359898
1.29,95544.63253865755
1.3,95526.76155058126
1.31,95515.27997288333
1.32,95499.80373797475
1.33,95483.37771504854
1.34,95468.37272099352
1.35,95452.695456237
1.36,95436.90336898652
1.37,95419.2345088659
1.3800000000000001,95405.09139264305
1.3900000000000001,95386.68868471008
1.4000000000000001,95371.59463058932
1.41,95353.99293265793
1.42,95339.59356199234
1.43,95320.60525292828
1.44,95305.69610862972
1.45,95289.95436553263
1.46,95272.34467219397
1.47,95254.35162530575
1.48,95235.92154415959
1.49,95219.20973410955
1.5,95203.01377376434
1.51,95184.40231334361
1.52,95167.49077228238
1.53,95148.14303698388
1.54,95131.00191217932
1.55,95112.45451729992
1.56,95092.09200395351
1.57,95077.39136309737
1.58,95057.08574960043
1.59,95037.51649136463
1.6,95019.00128102348
1.61,95000.14309902371
1.62,94980.88022182901
1.6300000000000001,94962.38531400678
1.6400000000000001,94940.5286820591
1.6500000000000001,94922.28547265795
1.6600000000000001,94903.91584649311
1.67,94884.94738383421
1.68,94863.11367242437
1.69,94843.80950137884
1.7,94823.33517238304
1.71,94801.59466001645
1.72,94783.38715458594
1.73,94764.07584684624
1.74,94740.08549310679
1.75,94720.50779854137
1.76,94698.89589120557
1.77,94680.19212604083
1.78,94657.02295621476
1.79,94634.56784463176
1.8,94613.60389829177
1.81,94594.35605096506
1.82,94572.81641743924
1.83,94549.65753041608
1.84,94527.56564537897
1.85,94506.88038163327
1.86,94483.29915355556
1.87,94461.12901088386
1.8800000000000001,94438.31137410048
1.8900000000000001,94417.67198455032
1.9000000000000001,94393.53418876223
1.9100000000000001,94371.23648005174
1.92,94349.79549151809
1.93,94326.20945520619
1.94,94302.92916596592
1.95,94279.77669778097
1.96,94256.93554245842
1.97,94231.45505299197
1.98,94210.27127210934
1.99,94185.30218284324
2.0,94161.0119073567
2.0100000000000002,94136.42040960968
2.02,94113.15338970965
2.0300000000000002,94087.7634228079
2.04,94067.31428321602
2.05,94040.83268906458
2.06,94015.70266902035
2.07,93989.5911990367
2.08,93967.68503245013
2.09,93941.46533058856
2.1,93918.16596482042
2.11,93892.20549818882
2.12,93867.6530058018
2.13,93843.56371793854
2.14,93815.48406206544
2.15,93791.74965523306
2.16,93765.32722847928
2.17,93739.04762005687
2.18,93713.63526517579
2.19,93690.45165214279
2.2,93662.0595144754
2.21,93637.26045901273
2.22,93608.06399266029
2.23,93584.57930894721
2.24,93556.63088123011
2.25,93528.8139654921
2.2600000000000002,93504.71779378642
2.27,93476.92234726655
2.2800000000000002,93451.00638413531
2.29,93425.10060563016
2.3000000000000003,93397.70750902232
2.31,93368.88841763433
2.32,93344.18837254443
2.33,93316.54132716182
2.34,93289.64379826626
2.35,93261.08820026454
2.36,93233.4190918872
2.37,93206.16083821467
2.38,93178.76265923
2.39,93149.64682005794
2.4,93124.34224949619
2.41,93096.39643798964
2.42,93067.86207349558
2.43,93038.44500140724
2.44,93011.62928487713
2.45,92981.2233802811
2.46,92954.16842702696
2.47,92926.3314393161
2.48,92895.19982421404
2.49,92867.51753215742
2.5,92840.23354958082
2.5100000000000002,92811.85485714753
2.52,92782.80409548795
2.5300000000000002,92754.4506700811
2.54,92726.68171227821
2.5500000000000003,92698.98208711769
2.56,92668.3216736488
2.57,92639.95245868822
2.58,92611.65179437635
2.59,92582.09673514377
2.6,92553.42388026083
2.61,92525.4531133075
2.62,92496.639835431
2.63,92466.75630690444
2.64,92438.48417442878
2.65,92406.78652133794
2.66,92379.71593418959
2.67,92350.70839787449
2.68,92321.36070697749
2.69,92293.71370870077
2.7,92263.270448982
2.71,92234.49526575874
2.72,92205.49812400943
2.73,92174.05557869576
2.74,92146.4625008345
2.75,92115.68151232899
2.7600000000000002,92086.59870193558
2.77,92059.7634863564
2.7800000000000002,92027.61274452147
2.79,92000.22271949814
2.8000000000000003,91972.3147036439
2.81,91940.68831128602
2.82,91911.63695786116
2.83,91882.00515492668
2.84,91853.35619769074
2.85,91819.75058322772
2.86,91793.86961255179
2.87,91763.06243548362
2.88,91732.3545146211
2.89,91704.76483888555
2.9,91675.87092172634
2.91,91643.24474532141
2.92,91616.20479334328
2.93,91584.3135906695
2.94,91554.2992237915
2.95,91525.52551948185
2.96,91495.2768725869
2.97,91466.26871008574
2.98,91434.78642641738
2.99,91405.6472727021
3.0,91378.18397713383
3.0100000000000002,91344.63857669794
3.02,91316.34746230679
3.0300000000000002,91288.15199123512
3.04,91256.89995354037
3.0500000000000003,91225.74471553175
3.06,91197.17303867664
3.0700000000000003,91166.33228246916
3.08,91137.10917186052
3.09,91107.45690515851
3.1,91076.73577537763
3.11,91045.65073679842
3.12,91016.21763946897
3.13,90987.72387848572
3.14,90956.64682144746
3.15,90927.55340259902
3.16,90896.12329109307
3.17,90864.91808108315
3.18,90838.36162720429
3.19,90805.82667978904
3.2,90775.98430212095
3.21,90744.78819905604
3.22,90714.30507331419
3.23,90685.1208342201
3.24,90656.06047395548
3.25,90625.48060392104
3.2600000000000002,90594.7252503196
3.27,90564.50358966192
3.2800000000000002,90534.60714440097
3.29,90504.37598899509
3.3000000000000003,90471.96341066263
3.31,90443.33310081462
3.3200000000000003,90412.85801106812
3.33,90383.06612652956
3.34,90351.74058716961
3.35,90324.09911080009
3.36,90292.4077941814
3.37,90260.34074184009
3.38,90230.82226968044
3.39,90199.92829532054
3.4,90170.5935509397
3.41,90141.30983046458
3.42,90109.2315744887
3.43,90080.00630599361
3.44,90049.31493839831
3.45,90019.89357462652
3.46,89989.58575655022
3.47,89957.34351206743
3.48,89927.73691181294
3.49,89897.96939293503
3.5,89866.42203153539
3.5100000000000002,89837.83099702478
3.52,89806.92793593921
3.5300000000000002,89775.90634093339
3.54,89747.84248892836
3.5500000000000003,89716.91940278848
3.56,89686.45710139588
3.5700000000000003,89656.84030083203
3.58,89626.0061644733
3.59,89596.28443514716
3.6,89567.4993816969
3.61,89537.84886910606
3.62,89508.14892347834
3.63,89478.42531138546
3.64,89447.07292731022
3.65,89418.22177010027
3.66,89386.89768413779
3.67,89358.30439141567
3.68,89327.47490226592
3.69,89296.89024879379
3.7,89269.22118255869
3.71,89237.44185289626
3.72,89210.31160403875
3.73,89179.4373722769
3.74,89148.75473130419
3.75,89120.32406556234
3.7600000000000002,89089.46876223244
3.77,89061.201913385
3.7800000000000002,89032.15604305943
3.79,89000.76208090094
3.8000000000000003,88971.7009246723
3.81,88944.58821417243
3.8200000000000003,88917.07396849849
3.83,88885.52347635142
3.84,88855.29443738377
3.85,88826.78873312577
3.86,88797.18778093641
3.87,88768.28946305445
3.88,88738.63367749815
3.89,88709.42265953538
3.9,88680.91480372395
3.91,88650.2852057254
3.92,88622.85418957613
3.93,88593.07950933733
3.94,88563.93100663614
3.95,88535.73732709313
3.96,88508.29008400707
3.97,88477.544546159
3.98,88448.42902560996
3.99,88420.0140243236
4.0,88391.66679424341
4.01,88363.31190041834
4.0200000000000005,88334.29204406263
4.03,88304.91177381025
4.04,88276.76462101362
4.05,88250.35980249698
4.0600000000000005,88222.36645482187
4.07,88191.78821358159
4.08,88164.93944979912
4.09,88134.23813688646
4.1,88106.77667829207
4.11,88078.52952620391
4.12,88051.47344136241
4.13,88022.6556210333
4.14,87994.64409139205
4.15,87966.3238150622
4.16,87938.07993693494
4.17,87911.4906309112
4.18,87880.40962482347
4.19,87854.81812888384
4.2,87826.27039654458
4.21,87798.32438031185
4.22,87770.46865492691
4.23,87742.40721596968
4.24,87712.84840356218
4.25,87688.21805007751
4.26,87660.28302474864
4.2700000000000005,87629.09067253712
4.28,87603.01816347551
4.29,87574.89142512073
4.3,87546.34797674199
4.3100000000000005,87520.17306321119
4.32,87491.58248258466
4.33,87465.96752259065
4.34,87437.68603546859
4.3500000000000005,87409.78920274065
4.36,87383.22505112296
4.37,87355.35965769332
4.38,87329.97205178865
4.39,87299.38413300182
4.4,87274.79100486853
4.41,87245.57182996017
4.42,87217.11209889145
4.43,87189.65911342447
4.44,87163.9452397586
4.45,87136.09358102812
4.46,87109.90814993586
4.47,87082.88804980411
4.48,87053.47866598792
4.49,87027.99583982973
4.5,87001.97378147213
4.51,86974.57216735987
4.5200000000000005,86947.58658189516
4.53,86921.26362093717
4.54,86894.93201744737
4.55,86868.34078004521
4.5600000000000005,86840.44574409538
4.57,86812.18223076189
4.58,86785.91908730312
4.59,86758.8665570639
4.6000000000000005,86733.22758016946
4.61,86706.51299784397
4.62,86679.89997898931
4.63,86650.89040806187
4.64,86626.29079504612
4.65,86599.59765077183
4.66,86572.7794421068
4.67,86547.26636087445
4.68,86521.61411198284
4.69,86493.06483232375
4.7,86466.75893681696
4.71,86440.42382369879
4.72,86413.08068439752
4.73,86390.9381563893
4.74,86361.73137458791
4.75,86336.57091435844
4.76,86310.26438438706
4.7700000000000005,86284.74824110998
4.78,86258.0336751515
4.79,86230.98447233479
4.8,86204.21074711437
4.8100000000000005,86180.28487876778
4.82,86152.95179090777
4.83,86123.92104679748
4.84,86101.01292815237
4.8500000000000005,86074.2377572173
4.86,86048.97068742962
4.87,86022.40478134503
4.88,85998.36795580588
4.89,85971.9313643606
4.9,85947.16773346042
4.91,85919.61252584546
4.92,85895.05267711324
4.93,85869.12191556797
4.94,85841.77428197507
4.95,85817.37065739384
4.96,85791.05249045981
4.97,85764.82958943404
4.98,85739.66765416393
4.99,85714.12238892722
5.0,85690.11272091164
5.01,85663.1036459785
5.0200000000000005,85639.55146648639
5.03,85611.61391987685
5.04,85587.61967258301
5.05,85562.19242249339
5.0600000000000005,85538.03076374429
5.07,85511.30107048409
5.08,85486.0893678482
5.09,85463.23728792678
5.1000000000000005,85435.36208283278
5.11,85411.18366641428
5.12,85383.81322633797
5.13,85362.0162995821
5.14,85337.51976164462
5.15,85310.05410581369
5.16,85286.60944735294
5.17,85259.31072973623
5.18,85234.77978256905
5.19,85210.5291993066
5.2,85184.44178363701
5.21,85159.55396874431
5.22,85135.68925968236
5.23,85107.93965365978
5.24,85085.75012129136
5.25,85061.09138633378
5.26,85035.19528414599
5.2700000000000005,85012.35661944986
5.28,84986.59623732243
5.29,84961.25575015326
5.3,84938.8857796956
5.3100000000000005,84913.02286745365
5.32,84886.45474919859
5.33,84863.4057642637
5.34,84840.15840853506
5.3500000000000005,84815.25839282479
5.36,84790.7566894721
5.37,84766.11495169277
5.38,84742.55022664063
5.39,84717.09537602971
5.4,84692.14456503015
5.41,84665.99506049274
5.42,84643.09002053778
5.43,84620.61845718946
5.44,84595.34785352921
5.45,84571.00526928638
5.46,84543.96116020992
5.47,84520.59172769153
5.48,84497.52543131329
5.49,84473.32378778316
5.5,84449.12761525936
5.51,84424.16934372978
5.5200000000000005,84401.81973572356
5.53,84375.52359612036
5.54,84352.08323935118
5.55,84328.98599476839
5.5600000000000005,84302.41443620704
5.57,84278.67645842367
5.58,84257.13515555592
5.59,84231.7266811325
5.6000000000000005,84209.41871767759
5.61,84184.76158599059
5.62,84162.25870392587
5.63,84137.38392437858
5.64,84114.04133211916
5.65,84090.49382443936
5.66,84068.16651100338
5.67,84043.60766966364
5.68,84017.78245951973
5.69,83995.1951151899
5.7,83971.68083532242
5.71,83946.91053154205
5.72,83925.26080222626
5.73,83899.2929076273
5.74,83878.60241972248
5.75,83852.8877045889
5.76,83831.70420955945
5.7700000000000005,83805.90271912086
5.78,83784.54368381618
5.79,83760.6156276272
5.8,83737.7292440085
5.8100000000000005,83713.4068921832
5.82,83690.26695728807
5.83,83666.78281707049
5.84,83643.33063972254
5.8500000000000005,83619.0065633178
5.86,83596.38713490123
5.87,83574.4964694436
5.88,83551.55167378766
5.89,83527.77942823252
5.9,83504.592714542
5.91,83480.56888308085
5.92,83458.52744559145
5.93,83435.35441979308
5.94,83411.76730537711
5.95,83387.38050150199
5.96,83367.94331326205
5.97,83344.58884574109
5.98,83319.51249544394
5.99,83297.55933450171
6.0,83274.03086463678
6.01,83252.91881689662
6.0200000000000005,83230.76844211553
6.03,83205.92445646368
6.04,83183.399227577
6.05,83161.29783115388
6.0600000000000005,83137.68727074609
6.07,83114.3221880605
6.08,83090.57378246835
6.09,83067.94301580718
6.1000000000000005,83048.00770407333
6.11,83024.08766421334
6.12,83001.41825279206
6.13,82978.94350403476
6.140000000000001,82957.62011602036
6.15,82936.38297148906
6.16,82912.34966316666
6.17,82890.9524372782
6.18,82867.20716720629
6.19,82844.93195944303
6.2,82822.46881080717
6.21,82799.11873679714
6.22,82778.07247856334
6.23,82755.77861273431
6.24,82733.86792511845
6.25,82711.71300657648
6.26,82688.96901737284
6.2700000000000005,82666.00990281395
6.28,82643.39581708187
6.29,82622.33369325969
6.3,82599.68995041228
6.3100000000000005,82577.73895875359
6.32,82555.62308053729
6.33,82536.09160641974
6.34,82510.32909766417
6.3500000000000005,82489.98742213634
6.36,82466.79999427515
6.37,82444.47792900684
6.38,82421.22053275138
6.390000000000001,82399.41904003768
6.4,82380.70888444285
6.41,82358.70000646956
6.42,82336.67026049137
6.43,82313.63011169748
6.44,82290.5926655386
6.45,82270.22282480002
6.46,82247.64451144388
6.47,82225.48882172159
6.48,82204.73373274315
6.49,82183.30888524315
6.5,82161.25771144063
6.51,82139.30060938915
6.5200000000000005,82119.02043097913
6.53,82097.34780997458
6.54,82074.83203995241
6.55,82053.07021091362
6.5600000000000005,82031.46935736558
6.57,82010.43131557839
6.58,81988.3103808843
6.59,81967.18693985716
6.6000000000000005,81944.37612493892
6.61,81926.5227518579
6.62,81901.66939599687
6.63,81882.29125779406
6.640000000000001,81860.48000239195
6.65,81838.2018881284
6.66,81819.36440302701
6.67,81795.0958464918
6.68,81775.20370406497
6.69,81754.04081973397
6.7,81732.88869409834
6.71,81710.57125912071
6.72,81690.11938131657
6.73,81668.09726446803
6.74,81646.90350631574
6.75,81626.24252204888
6.76,81606.19906167302
6.7700000000000005,81583.52977053884
6.78,81562.94802435277
6.79,81542.51520482745
6.8,81521.71072565316
6.8100000000000005,81498.71564178336
6.82,81479.35003535713
6.83,81457.90607893644
6.84,81437.42233086647
6.8500000000000005,81416.88698886488
6.86,81394.79581606231
6.87,81372.98539070306
6.88,81353.44691542293
6.890000000000001,81332.39366371722
6.9,81311.4448471233
6.91,81291.78956662974
6.92,81270.17906913231
6.93,81249.08620776863
6.94,81227.55883455019
6.95,81209.06652766584
6.96,81186.26084157829
6.97,81166.46365044649
6.98,81146.67986490384
6.99,81125.60517334669
7.0,81104.08518917022
7.01,81084.83925557243
7.0200000000000005,81064.74105450267
7.03,81043.01428020721
7.04,81024.10648535249
7.05,81002.14688183431
7.0600000000000005,80982.73149083738
7.07,80960.18478052157
7.08,80940.30260794146
7.09,80920.92254133098
7.1000000000000005,80899.94102525822
7.11,80880.02531103879
7.12,80859.04045331143
7.13,80837.90442888043
7.140000000000001,80819.22816898453
7.15,80800.19127352786
7.16,80778.38962524512
7.17,80757.99493062343
7.18,80738.77129454968
7.19,80717.13017400113
7.2,80695.966145132
7.21,80678.41366692375
7.22,80656.49743378413
7.23,80637.17773673807
7.24,80616.76306632087
7.25,80596.69000025754
7.26,80578.09871174449
7.2700000000000005,80555.66419726613
7.28,80536.4797979128
7.29,80515.85811972062
7.3,80495.73981706276
7.3100000000000005,80477.67715572852
7.32,80458.02632757605
7.33,80437.71735048179
7.34,80415.9720725209
7.3500000000000005,80396.34909467603
7.36,80377.59520136412
7.37,80357.7515957227
7.38,80337.8477012348
7.390000000000001,80318.21882322607
7.4,80299.45508288882
7.41,80279.49398429754
7.42,80258.1311359519
7.43,80238.42505812542
7.44,80218.12773433606
7.45,80200.65624755132
7.46,80180.96742761033
7.47,80159.2771895047
7.48,80140.17352332624
7.49,80119.82015382726
7.5,80101.64119677138
7.51,80082.58023173168
7.5200000000000005,80061.80385269875
7.53,80043.62056135225
7.54,80023.31421165708
7.55,80003.79901815631
7.5600000000000005,79984.59665255262
7.57,79962.49335546287
7.58,79946.30470226862
7.59,79926.62491615793
7.6000000000000005,79907.23971173467
7.61,79887.86317434986
7.62,79868.09013885168
7.63,79848.89768210286
7.640000000000001,79829.25465219033
7.65,79810.28365383818
7.66,79790.94455732226
7.67,79769.97563173066
7.68,79753.20784674463
7.69,79732.3059837192
7.7,79715.03492075199
7.71,79696.0749313308
7.72,79675.88951250295
7.73,79656.50957561625
7.74,79638.51181936744
7.75,79618.54289908134
7.76,79599.23446230158
7.7700000000000005,79582.36989010869
7.78,79560.73819218826
7.79,79542.44608613201
7.8,79525.32711592062
7.8100000000000005,79505.2635062036
7.82,79484.92432560089
7.83,79468.32677198229
7.84,79447.28913044745
7.8500000000000005,79428.53808196388
7.86,79408.87973229808
7.87,79391.78686443385
7.88,79373.03831029996
7.890000000000001,79354.22722216416
7.9,79335.89378080322
7.91,79315.61614802743
7.92,79296.64767729653
7.930000000000001,79278.25307825921
7.94,79259.79718170373
7.95,79240.78017773874
7.96,79223.33120027045
7.97,79204.0430037409
7.98,79184.78301144944
7.99,79168.25536335779
8.0,79147.96534652026
8.01,79131.4873655451
8.02,79111.29995168204
8.03,79094.68874716079
8.040000000000001,79072.3058950834
8.05,79056.0592754251
8.06,79036.50045984583
8.07,79019.3393643503
8.08,79001.30987587117
8.09,78981.38951745862
8.1,78965.19549591948
8.11,78945.72925305896
8.120000000000001,78927.67270256187
8.13,78910.22040691652
8.14,78890.91688442709
8.15,78869.84200997853
8.16,78852.5521473023
8.17,78832.78555293042
8.18,78817.02612747256
8.19,78800.07481953206
8.2,78780.0798218382
8.21,78762.5923671319
8.22,78741.36338019177
8.23,78725.8296055701
8.24,78708.07234603669
8.25,78690.77814431438
8.26,78671.4679670056
8.27,78654.23901198032
8.28,78635.07837201866
8.290000000000001,78618.69444436092
8.3,78602.36308396136
8.31,78582.2043744559
8.32,78564.22429081828
8.33,78547.66900803105
8.34,78527.47349154046
8.35,78510.74013016443
8.36,78491.56068993914
8.370000000000001,78474.9306362309
8.38,78456.52016037947
8.39,78438.20771107469
8.4,78421.61796516333
8.41,78404.4130232442
8.42,78384.56232023146
8.43,78367.73656939634
8.44,78350.7046640853
8.45,78330.73236762972
8.46,78314.01923822174
8.47,78297.3997457421
8.48,78279.48615426903
8.49,78262.0099648871
8.5,78243.58208820478
8.51,78225.95447359573
8.52,78207.04120291966
8.53,78193.06838727296
8.540000000000001,78173.3051942946
8.55,78153.50312392204
8.56,78140.46063560294
8.57,78122.64839394417
8.58,78102.58896885987
8.59,78087.29749407111
8.6,78068.64789696469
8.61,78050.37260114712
8.620000000000001,78032.13409186945
8.63,78016.52290487762
8.64,77996.83831220494
8.65,77980.75145189867
8.66,77962.5783161554
8.67,77946.28644269066
8.68,77929.99344789083
8.69,77910.60006575884
8.700000000000001,77894.15682788112
8.71,77878.5226357054
8.72,77860.13848063687
8.73,77840.52660911668
8.74,77825.01901077565
8.75,77808.81928270494
8.76,77791.77758672416
8.77,77776.55946204386
8.78,77756.71343004133
8.790000000000001,77739.56882350742
8.8,77722.26277700221
8.81,77704.86792838064
8.82,77689.02385657193
8.83,77671.92547237109
8.84,77655.16611925892
8.85,77636.83915289215
8.86,77620.10125143046
8.870000000000001,77602.48423991665
8.88,77585.52715044624
8.89,77571.22007579033
8.9,77551.85940224704
8.91,77535.41620279335
8.92,77518.2102953754
8.93,77503.46861630959
8.94,77485.74000252101
8.950000000000001,77469.69085797254
8.96,77452.13200378856
8.97,77432.77190883612
8.98,77417.22490861425
8.99,77401.50432689748
9.0,77382.77196477918
9.01,77366.89489084345
9.02,77348.46032216062
9.03,77333.8876170303
9.040000000000001,77317.35970836203
9.05,77300.94106639778
9.06,77283.81710763024
9.07,77265.11790017704
9.08,77250.08816206071
9.09,77235.47235928723
9.1,77218.11184739065
9.11,77199.21757164074
9.120000000000001,77184.9900784322
9.13,77167.170182681
9.14,77150.89513869639
9.15,77133.62489608569
9.16,77118.79794705502
9.17,77101.83259095975
9.18,77084.15501906186
9.19,77069.31516313851
9.200000000000001,77052.0502004273
9.21,77037.36949752999
9.22,77019.49540104975
9.23,77004.0041720755
9.24,76987.31312585091
9.25,76971.3644063865
9.26,76955.71152634827
9.27,76937.6549052398
9.28,76921.45417259111
9.290000000000001,76905.33586803252
9.3,76888.26258311735
9.31,76874.46455477741
9.32,76857.19333392059
9.33,76839.88213038119
9.34,76825.81320206962
9.35,76808.22412113316
9.36,76791.19460940825
9.370000000000001,76776.10261906289
9.38,76760.21371464037
9.39,76744.30224928401
9.4,76725.497138174
9.41,76711.42314978957
9.42,76693.44332535351
9.43,76679.07993169292
9.44,76662.57627356426
9.450000000000001,76646.74231848939
9.46,76631.25354793877
9.47,76614.93682969152
9.48,76600.31974960434
9.49,76583.0742140948
9.5,76566.50246641487
9.51,76550.57329131772
9.52,76535.93403066984
9.53,76519.86982568556
9.540000000000001,76503.53997490022
9.55,76488.87328109174
9.56,76472.5628652526
9.57,76456.14999148619
9.58,76439.56733625318
9.59,76425.00481313867
9.6,76410.40211222094
9.61,76393.69146203405
9.620000000000001,76378.15006347292
9.63,76363.22263301833
9.64,76345.54940434493
9.65,76329.89592920827
9.66,76312.36489556225
9.67,76298.58895328233
9.68,76281.6645783177
9.69,76266.54267565098
9.700000000000001,76250.76604475098
9.71,76235.85357019841
9.72,76224.4570462838
9.73,76206.14109997058
9.74,76190.64632739784
9.75,76174.21236144862
9.76,76158.76112204482
9.77,76142.70307444419
9.78,76128.18529071072
9.790000000000001,76111.61283144022
9.8,76096.13330440555
9.81,76083.23151947228
9.82,76066.00016233041
9.83,76051.605718472
9.84,76036.48222160051
9.85,76020.54489985548
9.86,76005.3654848284
9.870000000000001,75990.62948074096
9.88,75973.543447749
9.89,75958.19326280263
9.9,75943.58688864233
9.91,75928.87575055509
9.92,75910.98767127313
9.93,75897.71760628889
9.94,75882.03006354951
9.950000000000001,75866.10104100755
9.96,75852.71484047889
9.97,75838.25503276351
9.98,75822.54295466394
9.99,75808.55243578678
10.0,75791.46216434737
10.01,75776.79437455435
10.02,75762.14701093221
10.03,75747.48646905852
10.040000000000001,75731.85554664703
10.05,75714.80179883396
10.06,75699.26260887267
10.07,75685.45075418004
10.08,75671.5217036212
10.09,75656.40245357333
10.1,75640.15090828236
10.11,75624.26062442087
10.120000000000001,75612.54522153935
10.13,75596.52736288897
10.14,75580.12001621128
10.15,75565.495784847
10.16,75551.848577102
10.17,75537.77476059353
10.18,75522.22219381979
10.19,75507.91994846055
10.200000000000001,75493.43460741607
10.21,75477.50951563622
10.22,75462.11262313511
10.23,75449.21473243482
10.24,75432.6759822849
10.25,75416.99103185328
10.26,75403.59174031527
10.27,75389.98892586079
10.28,75374.21106375342
10.290000000000001,75360.80281007806
10.3,75345.79946366709
10.31,75330.88524367259
10.32,75315.63759192693
10.33,75301.78838056492
10.34,75285.81586904064
10.35,75272.15261095681
10.36,75258.1290530056
10.370000000000001,75242.93893785989
10.38,75226.57786966323
10.39,75212.47556538918
10.4,75200.34792844545
10.41,75184.71971731471
10.42,75169.83598067162
10.43,75156.46586657883
10.44,75141.22909270006
10.450000000000001,75127.61567371518
10.46,75111.49351907319
10.47,75098.1190191254
10.48,75083.56520135705
10.49,75069.18353985109
10.5,75055.53682493539
10.51,75040.0055725215
10.52,75027.3936479092
10.53,75012.8246286982
10.540000000000001,74997.25124268513
10.55,74983.67718346814
10.56,74969.48726057852
10.57,74954.68640457637
10.58,74941.6800674469
10.59,74925.81718770819
10.6,74912.13064448275
10.61,74897.67348909826
10.620000000000001,74882.92793729277
10.63,74870.5745780012
10.64,74855.95123474282
10.65,74841.7390015131
10.66,74826.91744491027
10.67,74814.6236035038
10.68,74798.81901924532
10.69,74784.16635831803
10.700000000000001,74771.95518171768
10.71,74756.98053540665
10.72,74742.2370738809
10.73,74729.47330912192
10.74,74715.15649722758
10.75,74701.636717717
10.76,74686.72402309069
10.77,74673.75267235983
10.78,74657.31927569718
10.790000000000001,74643.81558300537
10.8,74631.40318443421
10.81,74617.71826966199
10.82,74602.64755868317
10.83,74590.18595620824
10.84,74574.7683203411
10.85,74560.94392857378
10.86,74548.64871880451
10.870000000000001,74535.49836277292
10.88,74519.80073021963
10.89,74508.29890944118
10.9,74493.83769252159
10.91,74479.38598378179
10.92,74466.60994241593
10.93,74450.48911936874
10.94,74438.16514076272
10.950000000000001,74424.60041300832
10.96,74413.58573517218
10.97,74396.71267365229
10.98,74382.82325855717
10.99,74367.28336633822
11.0,74356.52768096728
11.01,74342.5305683446
11.02,74328.87302764668
11.03,74313.36334114689
11.040000000000001,74302.1459359002
11.05,74289.29964876558
11.06,74274.26658804901
11.07,74261.65532961076
11.08,74247.44832276719
11.09,74234.32009451934
11.1,74218.99480294921
11.11,74207.52648925941
11.120000000000001,74193.1386804192
11.13,74180.70640183621
11.14,74167.03885036077
11.15,74153.36002197325
11.16,74139.42223927788
11.17,74125.11960271155
11.18,74114.57465071257
11.19,74100.29202768742
11.200000000000001,74084.73234721845
11.21,74072.19665549025
11.22,74058.59291432457
11.23,74046.05786058887
11.24,74033.07946334172
11.25,74019.86803940462
11.26,74007.099522919
11.27,73994.18767023053
11.28,73979.5934857126
11.290000000000001,73967.6866622925
11.3,73952.77306866302
11.31,73941.73172567562
11.32,73926.81076990874
11.33,73913.88915825535
11.34,73901.58642850877
11.35,73888.58455661338
11.36,73876.5005333126
11.370000000000001,73861.18195777951
11.38,73848.36492504111
11.39,73836.77538865554
11.4,73822.04703905122
11.41,73809.6314719616
11.42,73797.96623262216
11.43,73784.14388824961
11.44,73770.10090957742
11.450000000000001,73759.1182108282
11.46,73744.52535436061
11.47,73731.4266717186
11.48,73718.0753625261
11.49,73705.94617113478
11.5,73691.40216858323
11.51,73680.1846949624
11.52,73666.72876191541
11.53,73652.87199567504
11.540000000000001,73640.93325016898
11.55,73629.70968660257
11.56,73614.64537684136
11.57,73602.11905737019
11.58,73588.46009044177
11.59,73577.580843869
11.6,73561.92182012167
11.61,73552.41255094619
11.620000000000001,73538.692318033
11.63,73528.04260992086
11.64,73514.36849110968
11.65,73501.48299229238
11.66,73487.5128254524
11.67,73475.91385807935
11.68,73462.88267014128
11.69,73449.39339800947
11.700000000000001,73436.74299287495
11.71,73424.16152823939
11.72,73410.65090433363
11.73,73398.64431081647
11.74,73386.10087568861
11.75,73375.2183430352
11.76,73361.75712815906
11.77,73348.9577588295
11.78,73337.85175239686
11.790000000000001,73324.9708677271
11.8,73312.52689150987
11.81,73300.53700920322
11.82,73287.39851194202
11.83,73274.1648793421
11.84,73260.350445248
11.85,73249.05823741402
11.86,73235.91239121839
11.870000000000001,73223.36902664189
11.88,73213.97496842677
11.89,73199.10085199015
11.9,73187.14771962826
11.91,73174.46716530925
11.92,73162.70855561705
11.93,73149.47402440991
11.94,73137.34158828437
11.950000000000001,73128.02232015211
11.96,73114.38331594254
11.97,73100.65276079852
11.98,73087.32024885988
11.99,73077.05103759986
12.0,73065.51048080524
12.01,73050.87127586907
12.02,73038.70953368384
12.030000000000001,73027.2463497032
12.040000000000001,73015.05411391753
12.05,73002.87707396195
12.06,72991.65865631335
12.07,72978.16585701046
12.08,72964.72007678993
12.09,72953.97178046666
12.1,72942.31290019187
12.11,72930.99573290815
12.120000000000001,72917.2337934118
12.13,72907.60158256505
12.14,72894.99150412346
12.15,72881.99975983474
12.16,72869.48018568526
12.17,72857.76343027425
12.18,72846.50895621227
12.19,72834.78246710409
12.200000000000001,72821.96029995917
12.21,72808.89241521964
12.22,72797.52614128076
12.23,72784.42423245379
12.24,72773.93506532736
12.25,72760.01592127599
12.26,72749.38064839639
12.27,72738.49693097838
12.280000000000001,72726.88846884649
12.290000000000001,72714.06155399188
12.3,72700.11653513776
12.31,72690.97992762942
12.32,72677.30792163873
12.33,72667.10818501175
12.34,72655.43237854223
12.35,72643.20664343124
12.36,72630.70977723438
12.370000000000001,72621.31294229145
12.38,72608.74841450449
12.39,72595.98900312066
12.4,72584.81209448805
12.41,72572.90971917463
12.42,72561.29319123707
12.43,72551.74519331277
12.44,72538.99375816002
12.450000000000001,72526.88025290373
12.46,72513.54319416868
12.47,72502.77336737
12.48,72490.52533149789
12.49,72480.6436073284
12.5,72467.70515404557
12.51,72457.04044491335
12.52,72443.49245688277
12.530000000000001,72432.44992102751
12.540000000000001,72421.09354344661
12.55,72410.73161553201
12.56,72399.09965268192
12.57,72385.43269761292
12.58,72376.34446245564
12.59,72364.0169054041
12.6,72353.73569654452
12.61,72340.04449582637
12.620000000000001,72328.58401544402
12.63,72318.88783652672
12.64,72307.96430939567
12.65,72294.51819402535
12.66,72283.8042957305
12.67,72272.18185761283
12.68,72261.36617096709
12.69,72250.11670095223
12.700000000000001,72238.81035623587
12.71,72226.76833650471
12.72,72215.31796007758
12.73,72204.8744312668
12.74,72193.31587530463
12.75,72182.56196226306
12.76,72169.34529916136
12.77,72159.32678875294
12.780000000000001,72149.28200749581
12.790000000000001,72138.28246361915
12.8,72126.1109644314
12.81,72113.49315920765
12.82,72103.48885213274
12.83,72093.2620936232
12.84,72081.68792826556
12.85,72069.38180718143
12.86,72060.00623413638
12.870000000000001,72047.05182377565
12.88,72037.11682849833
12.89,72026.91677863529
12.9,72013.77028998428
12.91,72002.58828318704
12.92,71994.18393780102
12.93,71981.5327841232
12.94,71969.18924387482
12.950000000000001,71958.88263437501
12.96,71948.57936459866
12.97,71935.07412956686
12.98,71926.09916008686
12.99,71913.2962088076
13.0,71903.93890410964
13.01,71894.0498898007
13.02,71881.28928982015
13.030000000000001,71871.02273445661
13.040000000000001,71857.97718566572
13.05,71848.4437652807
13.06,71837.29097407537
13.07,71826.9603262994
13.08,71818.4997611875
13.09,71805.84573630667
13.1,71795.16492348711
13.11,71783.0661663699
13.120000000000001,71772.1905004327
13.13,71762.27067965925
13.14,71751.2985211763
13.15,71740.95443698006
13.16,71730.99697112672
13.17,71720.59887638589
13.18,71709.23521170087
13.19,71696.27070956773
13.200000000000001,71686.4666607755
13.21,71677.64224211547
13.22,71667.95340033837
13.23,71655.61976863391
13.24,71642.75380489494
13.25,71631.70472210995
13.26,71623.9604238917
13.27,71610.05069303034
13.280000000000001,71600.66952144854
13.290000000000001,71592.28044265253
13.3,71580.25521663376
13.31,71570.19037387356
13.32,71558.92230423627
13.33,71548.38331184906
13.34,71539.12241378528
13.35,71528.11206859183
13.36,71516.23150479994
13.370000000000001,71507.76105710382
13.38,71494.96987769823
13.39,71485.6476980161
13.4,71474.82861333969
13.41,71464.60479126382
13.42,71453.03286191856
13.43,71441.89984938539
13.44,71434.11975098742
13.450000000000001,71422.14643739561
13.46,71412.23194470338
13.47,71401.8041081274
13.48,71391.94983896492
13.49,71383.313862153
13.5,71370.56725933384
13.51,71360.83847576099
13.52,71349.73168592494
13.530000000000001,71339.50885851696
13.540000000000001,71328.65037000526
13.55,71317.92566833113
13.56,71307.64041031015
13.57,71297.55919643599
13.58,71287.45474026559
13.59,71277.39396780328
13.6,71266.84842349983
13.61,71255.52284897825
13.620000000000001,71248.00070215395
13.63,71236.96289614226
13.64,71226.61686950152
13.65,71216.66548659067
13.66,71205.80029135072
13.67,71193.42866553516
13.68,71187.16055054941
13.69,71176.04412775651
13.700000000000001,71165.16584460367
13.71,71153.02879019134
13.72,71145.12753340263
13.73,71134.66044862565
13.74,71126.3992153408
13.75,71114.8856643531
13.76,71103.89347000126
13.77,71096.19538618668
13.780000000000001,71085.78671130695
13.790000000000001,71075.73885512832
13.8,71063.4193564417
13.81,71055.1338768554
13.82,71045.88459174102
13.83,71034.84653411535
13.84,71025.18111231604
13.85,71015.8174917886
13.86,71004.42775921062
13.870000000000001,70995.20285552627
13.88,70986.03408913502
13.89,70974.32910097484
13.9,70966.16932767165
13.91,70955.6170476204
13.92,70945.5106288446
13.93,70935.39062061907
13.94,70926.0008557482
13.950000000000001,70917.34481165861
13.96,70906.08737806974
13.97,70895.60749048287
13.98,70886.16472205757
13.99,70875.51635212722
14.0,70866.15776969919
14.01,70855.54900065894
14.02,70847.7181090359
14.030000000000001,70838.05417315409
14.040000000000001,70828.9583480204
14.05,70817.44317775879
14.06,70808.84830506264
14.07,70798.27252333023
14.08,70789.05849020048
14.09,70779.55063939907
14.1,70771.32405575171
14.11,70760.43804424652
14.120000000000001,70751.404705117
14.13,70740.3284767235
14.14,70730.07902797971
14.15,70721.61562934502
14.16,70711.59332310883
14.17,70700.64725523467
14.18,70692.914818198
14.19,70684.48694715169
14.200000000000001,70673.11099886254
14.21,70663.57799113085
14.22,70652.62138788374
14.23,70643.71653496756
14.24,70633.40343310895
14.25,70623.16455071289
14.26,70615.19113319575
14.27,70605.5235607312
14.280000000000001,70597.168158582
14.290000000000001,70585.75816291843
14.3,70580.1594781736
14.31,70570.24089882536
14.32,70559.77950757858
14.33,70549.98018471769
14.34,70541.04500085265
14.35,70529.5749011142
14.36,70520.32146765135
14.370000000000001,70512.53497908343
14.38,70502.45418304247
14.39,70493.00295202977
14.4,70484.59399711931
14.41,70475.62387148234
14.42,70466.02404911375
14.43,70457.70348969944
14.44,70447.58968447246
14.450000000000001,70439.44162893922
14.46,70428.08617892447
14.47,70418.5454992896
14.48,70409.96463264384
14.49,70401.74904946824
14.5,70391.15326985254
14.51,70382.48253456179
14.52,70371.70190779495
14.530000000000001,70363.44787271546
14.540000000000001,70353.02445282615
14.55,70345.67046507711
14.56,70336.61672240084
14.57,70327.352599542
14.58,70318.23490336946
14.59,70309.04299594995
14.6,70299.84635020992
14.61,70289.84105374105
14.620000000000001,70281.13338920246
14.63,70272.709026337
14.64,70261.74786522308
14.65,70253.57704180993
14.66,70248.60179431779
14.67,70234.60110210767
14.68,70227.8855095702
14.69,70218.0299535177
14.700000000000001,70209.05770962029
14.71,70199.23650468909
14.72,70190.78664710454
14.73,70180.21012764252
14.74,70173.49127998926
14.75,70163.95172280064
14.76,70155.85586880086
14.77,70146.78814024506
14.780000000000001,70137.44560937906
14.790000000000001,70128.47690803654
14.8,70119.69971255814
14.81,70112.09963800081
14.82,70103.341759184
14.83,70092.8926659043
14.84,70085.24102725503
14.85,70076.54131899227
14.86,70065.81118765028
14.870000000000001,70058.01032527056
14.88,70047.55482388566
14.89,70039.95729913613
14.9,70031.51516766506
14.91,70023.51955664581
14.92,70015.01718113008
14.93,70006.57817117478
14.94,69995.48005525226
14.950000000000001,69987.3127351658
14.96,69978.58907004324
14.97,69970.75949756778
14.98,69962.37740439903
14.99,69952.53331745284
15.0,69944.93763471427
15.01,69935.41015999764
15.02,69926.5859008432
15.030000000000001,69920.04951457752
15.040000000000001,69910.16338169067
15.05,69901.26249507673
15.06,69891.95359764765
15.07,69884.61890388902
15.08,69876.6730859217
15.09,69866.18599644642
15.1,69857.27078245996
15.11,69848.78096831356
15.120000000000001,69839.85351309214
15.13,69833.30745553796
15.14,69824.61188222232
15.15,69813.4956308056
15.16,69806.88154319431
15.17,69798.74850837496
15.18,69791.01600279986
15.19,69781.28648433744
15.200000000000001,69773.5431756454
15.21,69763.65482545937
15.22,69756.58489217838
15.23,69748.55409437635
15.24,69740.07236983
15.25,69730.34427729652
15.26,69723.51468548425
15.27,69714.75785440482
15.280000000000001,69706.72489670049
15.290000000000001,69698.34476917764
15.3,69688.81367723683
15.31,69680.36096034235
15.32,69671.29615293554
15.33,69662.33948462251
15.34,69654.95615762277
15.35,69647.81635211712
15.36,69637.3967538104
15.370000000000001,69629.73399067645
15.38,69620.46175141087
15.39,69613.25997898048
15.4,69604.5800450531
15.41,69597.44601109665
15.42,69588.37308237438
15.43,69579.9855205152
15.44,69572.28335009933
15.450000000000001,69564.99626388271
15.46,69556.87688006503
15.47,69546.98480300317
15.48,69539.10417562582
15.49,69532.72759066604
15.5,69523.52243250396
15.51,69514.90992714454
15.52,69506.08801310706
15.530000000000001,69498.9116981127
15.540000000000001,69491.5937604304
15.55,69483.80069649605
15.56,69476.4540277388
15.57,69467.05103518475
15.58,69458.73792899598
15.59,69450.44312505315
15.6,69441.82306244281
15.610000000000001,69433.97108206246
15.620000000000001,69426.4527161292
15.63,69419.17331660532
15.64,69410.61599013013
15.65,69403.32296840317
15.66,69397.199356901
15.67,69385.41986157853
15.68,69378.60933388615
15.69,69371.2607243945
15.700000000000001,69364.37305677237
15.71,69354.02437869989
15.72,69346.81632857425
15.73,69338.7914897273
15.74,69330.41800162438
15.75,69322.40384724482
15.76,69315.25139130729
15.77,69306.71757298161
15.780000000000001,69299.11441088722
15.790000000000001,69293.45720284304
15.8,69284.54234763252
15.81,69276.17379725992
15.82,69268.18264198652
15.83,69261.6705150326
15.84,69252.64978242545
15.85,69245.48665550862
15.860000000000001,69235.40537818863
15.870000000000001,69230.12618404436
15.88,69223.24482441571
15.89,69215.26761497337
15.9,69207.69004019657
15.91,69199.06946139675
15.92,69191.3325091599
15.93,69184.56050495773
15.94,69175.4838257753
15.950000000000001,69167.28247305339
15.96,69158.96532358088
15.97,69152.63121203844
15.98,69145.4147642268
15.99,69136.34748192613
16.0,69129.08537413971
16.01,69121.06833177569
16.02,69114.38899441037
16.03,69106.5730976183
16.04,69099.7707203936
16.05,69091.84159068667
16.06,69084.22194289605
16.07,69076.65685027762
16.080000000000002,69069.93544335605
16.09,69062.66198930482
16.1,69055.17522172636
16.11,69046.31498385846
16.12,69040.5833343329
16.13,69031.50209799755
16.14,69024.39342839028
16.15,69016.74716588279
16.16,69009.44992100992
16.17,69000.8164330784
16.18,68994.63909103855
16.19,68985.85513271368
16.2,68978.7574338953
16.21,68971.2437454256
16.22,68965.59632520215
16.23,68959.25163465874
16.240000000000002,68950.06481495488
16.25,68941.18139385655
16.26,68934.29225394219
16.27,68926.17499042163
16.28,68919.0340015134
16.29,68911.72245970763
16.3,68905.37854691206
16.31,68898.68033991409
16.32,68891.04364258974
16.330000000000002,68885.02987904144
16.34,68875.21344381146
16.35,68868.74173691044
16.36,68861.60835924772
16.37,68855.48158202808
16.38,68847.47827735338
16.39,68841.18017990314
16.4,68834.08491680076
16.41,68825.50082533063
16.42,68820.20373733394
16.43,68811.91701102967
16.44,68803.8059124595
16.45,68797.4325135715
16.46,68791.07657746758
16.47,68783.21521221715
16.48,68775.87593140682
16.490000000000002,68767.98190888883
16.5,68760.838777317
16.51,68754.15582083848
16.52,68747.87042613338
16.53,68739.29207179218
16.54,68733.5369354063
16.55,68726.19646590967
16.56,68718.83586010404
16.57,68710.22601423184
16.580000000000002,68704.5746225808
16.59,68695.65808420755
16.6,68690.87365307787
16.61,68682.2528400182
16.62,68677.15144324418
16.63,68668.78087537143
16.64,68661.0377971967
16.65,68655.34120857423
16.66,68649.03633157455
16.67,68641.61633170521
16.68,68634.93823882814
16.69,68627.95069855341
16.7,68622.13612537493
16.71,68613.25501811017
16.72,68606.68756142673
16.73,68601.67837963527
16.740000000000002,68592.21377191135
16.75,68584.32569367984
16.76,68579.9702468867
16.77,68571.46984850435
16.78,68566.09717463139
16.79,68558.98656980101
16.8,68553.45934360418
16.81,68546.15383564288
16.82,68540.09333904079
16.830000000000002,68533.104416807
16.84,68526.61239778917
16.85,68519.3241333116
16.86,68509.92796317505
16.87,68503.88455128697
16.88,68498.00798092622
16.89,68492.88712313955
16.9,68486.33756913501
16.91,68477.85513440683
16.92,68470.91849914979
16.93,68465.0279181899
16.94,68456.73453815043
16.95,68452.16760190277
16.96,68445.26397203506
16.97,68437.01943956215
16.98,68430.56399359321
16.990000000000002,68425.84963189949
17.0,68417.95049852421
17.01,68411.61178796062
17.02,68404.31880232418
17.03,68398.62415683264
17.04,68391.40143686779
17.05,68383.78863769957
17.06,68380.25342437538
17.07,68371.35893480656
17.080000000000002,68364.60506546561
17.09,68358.24062577207
17.1,68352.60038499138
17.11,68348.36193509372
17.12,68339.76984161147
17.13,68330.3979750244
17.14,68326.7730830526
17.150000000000002,68321.80895270033
17.16,68311.711240429
17.17,68308.41618041557
17.18,68299.98898825214
17.19,68293.20149054239
17.2,68286.90174518367
17.21,68281.55227493921
17.22,68274.03651781035
17.23,68270.25415040724
17.240000000000002,68263.52563921166
17.25,68255.77949516992
17.26,68251.29510349884
17.27,68243.49612279845
17.28,68237.50887625705
17.29,68231.18729924421
17.3,68222.6205290842
17.31,68216.48043686638
17.32,68210.9908434805
17.330000000000002,68204.94092474134
17.34,68197.47030593432
17.35,68192.001141118
17.36,68183.27656981221
17.37,68178.6134569777
17.38,68174.23590851408
17.39,68168.3727567761
17.400000000000002,68162.99853497856
17.41,68155.98311332059
17.42,68150.39598401256
17.43,68143.2283918834
17.44,68136.67193548963
17.45,68128.97237448939
17.46,68123.7227979787
17.47,68117.573961412
17.48,68109.56172635843
17.490000000000002,68105.84740596947
17.5,68099.61213481933
17.51,68091.54673563804
17.52,68088.04890084123
17.53,68079.7939100487
17.54,68075.75721297316
17.55,68067.69152328496
17.56,68060.79399758323
17.57,68054.76976764793
17.580000000000002,68051.11571321604
17.59,68044.67856930051
17.6,68037.71085957217
17.61,68032.34758244285
17.62,68026.38826796053
17.63,68020.17291670224
17.64,68013.67146048175
17.650000000000002,68007.30417511013
17.66,68002.18891467861
17.67,67997.17373894248
17.68,67990.0952124842
17.69,67983.9930116044
17.7,67977.03874516666
17.71,67974.39632905599
17.72,67966.72713283713
17.73,67959.70940508338
17.740000000000002,67953.72184900836
17.75,67950.18094309345
17.76,67942.42146892333
17.77,67936.41264255608
17.78,67929.80182720443
17.79,67925.6852713407
17.8,67917.35100171021
17.81,67912.8084187517
17.82,67907.28570370286
17.830000000000002,67901.62670335562
17.84,67895.00019580139
17.85,67888.52556477577
17.86,67883.4036806318
17.87,67880.08482098731
17.88,67871.41051924645
17.89,67866.17784083931
17.900000000000002,67862.34514440532
17.91,67855.09993221977
17.92,67848.60741852036
17.93,67843.77505197808
17.94,67838.7381217194
17.95,67830.9584291777
17.96,67826.38806436528
17.97,67820.7034402585
17.98,67817.10414336198
17.990000000000002,67808.07796414665
18.0,67800.23644870125
18.01,67798.46437418314
18.02,67792.5233530672
18.03,67786.04584947803
18.04,67779.85171075132
18.05,67778.30366733747
18.06,67772.24129482375
18.07,67764.19091924567
18.080000000000002,67757.42142170618
18.09,67752.90113266215
18.1,67747.70135381036
18.11,67741.23357933998
18.12,67735.82472224403
18.13,67732.28343271257
18.14,67724.27733209384
18.150000000000002,67720.54893722071
18.16,67714.14871060825
18.17,67707.33137454938
18.18,67703.40213951847
18.19,67697.11590790316
18.2,67691.30655318676
18.21,67687.45302955201
18.22,67680.57644638559
18.23,67674.60857816145
18.240000000000002,67672.56340107939
18.25,67663.43829317618
18.26,67660.1519693414
18.27,67653.23798865805
18.28,67647.15709335373
18.29,67644.05593344731
18.3,67638.03170164545
18.31,67633.21936830362
18.32,67626.31129637516
18.330000000000002,67621.68784972002
18.34,67615.01710165928
18.35,67611.68509899073
18.36,67603.3991269841
18.37,67599.65456963124
18.38,67595.87475076456
18.39,67588.51917404501
18.400000000000002,67584.64672320201
18.41,67580.382248617
18.42,67573.49973856175
18.43,67568.86877432033
18.44,67563.3577184148
18.45,67558.19515226407
18.46,67552.29732977532
18.47,67549.30611755239
18.48,67540.39650973753
18.490000000000002,67538.17991820889
18.5,67532.0753295435
18.51,67526.96070062467
18.52,67519.5357231946
18.53,67515.55426060362
18.54,67510.02557761864
18.55,67507.33810419882
18.56,67500.39142064819
18.57,67496.6607088608
18.580000000000002,67491.62736969544
18.59,67486.45546725145
18.6,67478.74440345018
18.61,67475.7194214644
18.62,67471.27175960975
18.63,67465.58090290078
18.64,67458.04214475914
18.650000000000002,67453.23808400192
18.66,67450.23099174758
18.67,67443.60564793092
18.68,67439.89029606666
18.69,67434.6977903966
18.7,67429.77708751864
18.71,67425.93161740256
18.72,67419.40247948965
18.73,67415.17124503024
18.740000000000002,67411.85480367874
18.75,67404.58142465765
18.76,67399.66080423717
18.77,67396.39816134868
18.78,67389.8865349067
18.79,67384.63523145254
18.8,67379.29041647432
18.81,67374.50481515075
18.82,67370.34648617641
18.830000000000002,67365.20529958948
18.84,67358.55290966881
18.85,67354.47525079908
18.86,67350.97775608445
18.87,67345.1420402849
18.88,67339.54556625022
18.89,67335.76040689173
18.900000000000002,67332.6150835083
18.91,67326.69955538536
18.92,67322.01805579686
18.93,67315.09668582745
18.94,67312.40291327923
18.95,67306.77492073578
18.96,67303.11270288116
18.97,67296.63230920129
18.98,67292.03514963246
18.990000000000002,67287.95149252958
19.0,67284.68196888469
19.01,67278.6402896233
19.02,67273.51003001157
19.03,67270.150609161
19.04,67262.942479538
19.05,67257.99360474499
19.06,67253.45174928743
19.07,67249.50499802343
19.080000000000002,67245.40916197396
19.09,67241.16459097114
19.1,67235.37262381961
19.11,67233.23659940348
19.12,67226.08753747899
19.13,67222.09864379268
19.14,67218.36326545474
19.150000000000002,67214.16063792352
19.16,67209.84790659096
19.17,67204.24209710398
19.18,67199.44843688617
19.19,67193.3322934343
19.2,67190.50048449679
19.21,67185.52861499279
19.22,67178.95227191843
19.23,67177.47158834235
19.240000000000002,67171.98557936409
19.25,67168.28428021105
19.26,67160.718847112
19.27,67158.74851285604
19.28,67154.67928636582
19.29,67150.62293065297
19.3,67146.95704510322
19.31,67139.8532388739
19.32,67137.48018462805
19.330000000000002,67130.8322674281
19.34,67126.71440425956
19.35,67122.68527642079
19.36,67117.81326080041
19.37,67113.18600871618
19.38,67108.79845724661
19.39,67105.55431946825
19.400000000000002,67100.74261983906
19.41,67096.24264180804
19.42,67092.22650873494
19.43,67086.52063243095
19.44,67082.65746567189
19.45,67078.70202267611
19.46,67075.83346219343
19.47,67070.12837094138
19.48,67067.04068882001
19.490000000000002,67063.77071791432
19.5,67056.64841901012
19.51,67052.73173637997
19.52,67048.1393279068
19.53,67042.89420533262
19.54,67041.21098076146
19.55,67035.36797566964
19.56,67032.04517581986
19.57,67025.32591624983
19.580000000000002,67022.80862901728
19.59,67018.4469890605
19.6,67013.53673919244
19.61,67012.04730898594
19.62,67006.16447634851
19.63,67004.05666204426
19.64,66998.68950786385
19.650000000000002,66993.23108669936
19.66,66990.90633955182
19.67,66983.31314333939
19.68,66981.01710339006
19.69,66977.90359191713
19.7,66973.0737621315
19.71,66970.15059347835
19.72,66965.6249865963
19.73,66962.67580418047
19.740000000000002,66956.01955760481
19.75,66952.52797480999
19.76,66949.31320566365
19.77,66945.23876526572
19.78,66939.97598485765
19.79,66936.36300836086
19.8,66930.66434762288
19.81,66929.96548512604
19.82,66923.84717989119
19.830000000000002,66921.2736170873
19.84,66916.7353862452
19.85,66912.00693204341
19.86,66908.72432215026
19.87,66903.73076638112
19.88,66901.59032053761
19.89,66896.5373985204
19.900000000000002,66892.5882851861
19.91,66888.70111849744
19.92,66884.49243345943
19.93,66881.98295033105
19.94,66878.17314921414
19.95,66872.63708436256
19.96,66868.10534057008
19.97,66865.93806887779
19.98,66862.22819198554
19.990000000000002,66856.59550132943
20.0,66852.69003611054
20.01,66849.86753242432
20.02,66845.82216849487
20.03,66841.50286916787
20.04,66838.74199768652
20.05,66833.31416777366
20.06,66829.41722408525
20.07,66825.2957010682
20.080000000000002,66824.12391237795
20.09,66819.42949929392
20.1,66814.5518165732
20.11,66812.03289672025
20.12,66809.30500657142
20.13,66802.1275279715
20.14,66801.1599000502
20.150000000000002,66797.97779887565
20.16,66792.80294915549
20.17,66792.0123334265
20.18,66784.87755177695
20.19,66782.7536923115
20.2,66777.46315716987
20.21,66775.6610365154
20.22,66770.8649408934
20.23,66767.5505885139
20.240000000000002,66763.2383180275
20.25,66760.44871470456
20.26,66755.07311425215
20.27,66751.9859343586
20.28,66748.75434828472
20.29,66745.07073429087
20.3,66741.59056683365
20.31,66739.38355676061
20.32,66734.53489475766
20.330000000000002,66732.18354139764
20.34,66728.0566639002
20.35,66724.78126450056
20.36,66721.69482057392
20.37,66717.51645697892
20.38,66711.80192334326
20.39,66710.99292659473
20.400000000000002,66706.22419254213
20.41,66701.27452714684
20.42,66698.77369878859
20.43,66695.94051095769
20.44,66691.5636233459
20.45,66687.66125675748
20.46,66685.9343523175
20.47,66684.19344888492
20.48,66679.3742435511
20.490000000000002,66674.18148495995
20.5,66671.06825036045
20.51,66668.2181981435
20.52,66663.04275218403
20.53,66661.93854465785
20.54,66658.26473304794
20.55,66652.9139978396
20.56,66650.72271953747
20.57,66648.49712804564
20.580000000000002,66644.60936266453
20.59,66641.9900429955
20.6,66637.78038096822
20.61,66636.66505758485
20.62,66633.66826199656
20.63,66627.68954743787
20.64,66624.89069222921
20.650000000000002,66621.36965817401
20.66,66617.66500673456
20.67,66614.3477041185
20.68,66612.72502829731
20.69,66608.72390882456
20.7,66606.00516035547
20.71,66603.86574925567
20.72,66598.79594207437
20.73,66593.44700228928
20.740000000000002,66591.80508756281
20.75,66587.11093436638
20.76,66586.28105264797
20.77,66581.85492185978
20.78,66579.38985126473
20.79,66575.84241594128
20.8,66575.90842897438
20.81,66569.88891457238
20.82,66566.31394747707
20.830000000000002,66563.59369634776
20.84,66559.38406378913
20.85,66556.7936959363
20.86,66555.36065924432
20.87,66551.64898831637
20.88,66546.38488413938
20.89,66545.84189470674
20.900000000000002,66541.60872945211
20.91,66537.72360685433
20.92,66535.59314999172
20.93,66533.27916180281
20.94,66529.14568886501
20.95,66527.58989919389
20.96,66523.63715436144
20.97,66519.3866974925
20.98,66518.41500420927
20.990000000000002,66515.22876235115
21.0,66510.48128301225
21.01,66508.84654779703
21.02,66506.994452619
21.03,66502.80512275278
21.04,66499.15283840429
21.05,66496.59062309415
21.06,66494.34763514793
21.07,66490.85681300936
21.080000000000002,66487.64819101422
21.09,66484.55956655456
21.1,66481.88096648101
21.11,66480.03603538814
21.12,66476.65284223409
21.13,66473.29442018719
21.14,66470.1187528924
21.150000000000002,66467.4903433207
21.16,66465.37087367724
21.17,66462.32767763946
21.18,66460.22901610623
21.19,66457.48547181554
21.2,66453.97642165207
21.21,66450.79164836435
21.22,66447.7644120749
21.23,66443.9345725835
21.240000000000002,66442.60618493294
21.25,66440.65933786437
21.26,66437.89467138659
21.27,66434.86277944202
21.28,66430.30745341086
21.29,66430.6864410034
21.3,66427.66267391427
21.31,66424.7587936739
21.32,66418.8672616382
21.330000000000002,66415.87648037904
21.34,66415.31731661134
21.35,66412.48228059792
21.36,66411.67544360079
21.37,66407.445939276
21.38,66404.52436154812
21.39,66400.43244495471
21.400000000000002,66398.11342371568
21.41,66396.34022393003
21.42,66393.16309748027
21.43,66390.73624606848
21.44,66389.43516621187
21.45,66385.94223525644
21.46,66381.73104522344
21.47,66381.82639600286
21.48,66377.95288877169
21.490000000000002,66375.31149352535
21.5,66373.40314467909
21.51,66369.49696046028
21.52,66367.228827353
21.53,66364.62290155579
21.54,66364.36580026809
21.55,66361.4071092434
21.56,66358.05475472829
21.57,66355.90590522182
21.580000000000002,66351.63241806504
21.59,66350.51391681391
21.6,66348.03503296994
21.61,66345.98834301483
21.62,66341.54541312963
21.63,66340.2480224882
21.64,66338.51316948894
21.650000000000002,66335.62301787332
21.66,66333.77617473826
21.67,66330.95918410415
21.68,66329.96276614076
21.69,66324.81813038826
21.7,66323.37673316078
21.71,66320.88781130927
21.72,66318.8225594632
21.73,66315.69712334243
21.740000000000002,66314.50110705619
21.75,66312.04263501689
21.76,66309.03695297314
21.77,66306.78677906943
21.78,66304.51875243698
21.79,66302.73585983508
21.8,66299.16688475384
21.81,66298.85490445305
21.82,66295.08174363158
21.830000000000002,66293.09137725862
21.84,66289.85887396225
21.85,66289.87487389613
21.86,66285.88738636283
21.87,66283.81041005887
21.88,66282.62414650229
21.89,66278.03092238163
21.900000000000002,66276.58945364847
21.91,66273.73134114308
21.92,66272.8471810337
21.93,66271.0104124242
21.94,66266.12422232627
21.95,66265.01215103401
21.96,66264.47238751076
21.97,66262.25829671159
21.98,66259.3960589173
21.990000000000002,66259.43810018808
22.0,66255.12484718137
22.01,66252.8428494005
22.02,66251.9694666992
22.03,66248.60367794606
22.04,66247.8962049325
22.05,66245.74701216792
22.06,66244.23298300152
22.07,66239.84365279628
22.080000000000002,66238.9742002086
22.09,66236.80064720809
22.1,66235.37288546252
22.11,66233.49480889637
22.12,66230.59674800113
22.13,66228.9159257618
22.14,66226.77498203443
22.150000000000002,66224.98524442042
22.16,66223.83346136796
22.17,66221.07419975734
22.18,66217.46030132362
22.19,66216.82127353392
22.2,66216.76019877478
22.21,66214.86275042155
22.22,66210.01445072914
22.23,66209.73001555755
22.240000000000002,66205.91611716608
22.25,66205.62706822755
22.26,66201.2772451762
22.27,66201.05611812492
22.28,66200.9036494195
22.29,66197.69895134933
22.3,66195.22747607011
22.31,66192.39336541439
22.32,66191.70085538617
22.330000000000002,66189.79411420856
22.34,66186.90203733555
22.35,66189.0000766369
22.36,66183.80804294364
22.37,66182.32205121996
22.38,66180.45681467211
22.39,66177.2770019956
22.400000000000002,66176.79606450116
22.41,66175.89017372511
22.42,66173.18144066077
22.43,66170.88795630842
22.44,66170.14529635485
22.45,66168.45557801337
22.46,66166.16201553233
22.47,66164.56644363469
22.48,66161.56766581238
22.490000000000002,66160.35040846623
22.5,66159.31165631152
22.51,66158.70830529714
22.52,66156.43077710156
22.53,66154.5085233343
22.54,66153.87710433776
22.55,66151.26689044655
22.56,66150.47533388007
22.57,66148.42096025517
22.580000000000002,66146.90778763239
22.59,66143.38314057495
22.6,66140.98250011487
22.61,66141.63267694273
22.62,66138.44836627005
22.63,66136.90231234921
22.64,66137.55885298252
22.650000000000002,66134.16598504581
22.66,66131.7516800098
22.67,66131.04460174454
22.68,66129.94520511875
22.69,66129.6954554705
22.7,66126.59868276096
22.71,66123.82521021293
22.72,66124.02274404468
22.73,66121.1042646986
22.740000000000002,66120.88203202006
22.75,66117.61988020474
22.76,66117.51379604437
22.77,66116.94538283497
22.78,66114.2971159871
22.79,66111.72973600484
22.8,66111.84055856566
22.81,66108.83337607018
22.82,66108.25422095401
22.830000000000002,66108.44531825549
22.84,66105.23483337885
22.85,66104.93893544747
22.86,66102.88615951745
22.87,66100.62332363366
22.88,66099.82256000538
22.89,66098.98166391285
22.900000000000002,66098.1575877877
22.91,66095.91613173924
22.92,66093.02365518635
22.93,66092.22885160652
22.94,66091.0446709326
22.95,66090.55227335494
22.96,66087.83947330626
22.97,66088.81002059499
22.98,66086.02266051403
22.990000000000002,66086.70416292774
23.0,66083.79624873151
23.01,66081.91076021113
23.02,66080.70772847664
23.03,66080.59085134587
23.04,66078.22866623204
23.05,66076.81564929623
23.06,66076.67228159973
23.07,66074.85608139256
23.080000000000002,66072.20135073409
23.09,66072.43676281186
23.1,66071.53733794519
23.11,66071.06908184527
23.12,66069.99566533377
23.13,66067.95657082475
23.14,66065.8617439646
23.150000000000002,66066.33863686406
23.16,66064.66268646867
23.17,66063.64387748427
23.18,66061.0152216142
23.19,66060.5106767943
23.2,66059.77471757223
23.21,66058.8981789428
23.22,66056.14344843416
23.23,66055.36896305083
23.240000000000002,66054.89762537355
23.25,66053.98139209648
23.26,66052.06976978194
23.27,66051.69321575602
23.28,66049.02702289267
23.29,66050.73663742568
23.3,66048.96485883274
23.31,66046.88983627132
23.32,66046.27447568273
23.330000000000002,66045.17476858628
23.34,66043.4081297197
23.35,66042.68774550225
23.36,66040.23838522511
23.37,66042.42577947152
23.38,66040.45703065167
23.39,66038.51710067433
23.400000000000002,66038.29568837455
23.41,66034.42414831418
23.42,66035.684857542
23.43,66035.36583076007
23.44,66034.1653852612
23.45,66034.50217681508
23.46,66031.30118347105
23.47,66032.38391692685
23.48,66030.00118174436
23.490000000000002,66029.84150855266
23.5,66028.87592201967
23.51,66027.83376983013
23.52,66027.97030870723
23.53,66026.86527623245
23.54,66024.92546508407
23.55,66025.8830916487
23.56,66024.46960655595
23.57,66022.76444844235
23.580000000000002,66022.36805504971
23.59,66021.62665294268
23.6,66020.27667320396
23.61,66018.84740329883
23.62,66018.98771758776
23.63,66017.3454602794
23.64,66016.30956720724
23.650000000000002,66015.1020920682
23.66,66014.27231729569
23.67,66015.75584756919
23.68,66015.23341616333
23.69,66012.72333068757
23.7,66012.05579930019
23.71,66010.53904447192
23.72,66010.67293197902
23.73,66009.63701850541
23.740000000000002,66010.38356830766
23.75,66008.2474044121
23.76,66008.98067499051
23.77,66007.32697254207
23.78,66006.26769427913
23.79,66007.21598261602
23.8,66005.25068112089
23.81,66004.64993036875
23.82,66004.77509620097
23.830000000000002,66003.49113710139
23.84,66002.58063825208
23.85,66004.35455114183
23.86,66003.00928889707
23.87,66002.00484915116
23.88,66000.3806562787
23.89,66000.1672635161
23.900000000000002,66001.34702917848
23.91,65999.29720823622
23.92,65998.90511631468
23.93,65996.54854617268
23.94,65997.19699293884
23.95,65996.3846849163
23.96,65996.12477789658
23.97,65995.94355946698
23.98,65994.23561627523
23.990000000000002,65995.31585863946
24.0,65993.42954537856
24.01,65993.44049950228
24.02,65992.57177696396
24.03,65993.58397416037
24.04,65990.09873311922
24.05,65991.58869341083
24.060000000000002,65991.00698826555
24.07,65991.8818538032
24.080000000000002,65991.26293938865
24.09,65990.40523403996
24.1,65991.62046982687
24.11,65988.59144561632
24.12,65988.44123434507
24.13,65988.06081612507
24.14,65987.642498639
24.150000000000002,65988.41238374161
24.16,65986.82419568294
24.17,65987.93247854285
24.18,65988.30219077675
24.19,65987.13588684835
24.2,65985.86172731132
24.21,65984.31520869501
24.22,65985.02155322712
24.23,65985.97827373791
24.240000000000002,65984.61972440989
24.25,65984.15923244647
24.26,65984.75009286389
24.27,65985.42416391218
24.28,65984.62939169262
24.29,65982.77764558254
24.3,65983.54023343681
24.310000000000002,65981.91448820692
24.32,65981.70913658041
24.330000000000002,65981.18027567207
24.34,65982.22879461723
24.35,65982.95978891454
24.36,65981.45240283989
24.37,65981.80067800604
24.38,65981.15676542366
24.39,65982.73263535052
24.400000000000002,65981.56518560942
24.41,65981.79174081546
24.42,65980.31153749974
24.43,65982.95230608022
24.44,65981.20843987947
24.45,65979.7716275719
24.46,65980.62760708427
24.47,65979.51735197197
24.48,65980.80293671813
24.490000000000002,65981.42736207091
24.5,65982.24273863227
24.51,65980.83145352303
24.52,65980.40076115838
24.53,65979.17271405736
24.54,65979.47589818989
24.55,65979.99549644162
24.560000000000002,65980.61244079517
24.57,65979.37443415516
24.580000000000002,65979.45540975995
24.59,65978.4450763451
24.6,65979.86680448521
24.61,65981.64560317324
24.62,65980.05770035992
24.63,65978.74256519234
24.64,65980.02150222752
24.650000000000002,65981.00745282191
24.66,65980.35653831113
24.67,65981.61218479199
24.68,65980.32735898433
24.69,65980.39680895743
24.7,65979.4737170098
24.71,65980.80769814251
24.72,65978.77765030309
24.73,65980.27031215
24.740000000000002,65981.04785647907
24.75,65980.12647942209
24.76,65980.78883927253
24.77,65980.45922745892
24.78,65980.57813282972
24.79,65981.47821481885
24.8,65980.35612238277
24.810000000000002,65982.56733004631
24.82,65981.51420494053
24.830000000000002,65981.4786991624
24.84,65983.21352268966
24.85,65982.6164912459
24.86,65982.80238002264
24.87,65982.47343223158
24.88,65983.3868958033
24.89,65983.15816504046
24.900000000000002,65984.59295725155
24.91,65982.37969188584
24.92,65983.50037602146
24.93,65984.07326149422
24.94,65983.94196444265
24.95,65984.13176511362
24.96,65982.63714805405
24.97,65984.61855744541
24.98,65985.49808894805
24.990000000000002,65985.83199737506
25.0,65985.0243469259
25.01,65985.74245450755
25.02,65985.57079359125
25.03,65984.66434130259
25.04,65984.02779603408
25.05,65986.36182989512
25.060000000000002,65984.5673762299
25.07,65987.33104140297
25.080000000000002,65985.79509452487
25.09,65988.45184474734
25.1,65986.18476577275
25.11,65986.92603432412
25.12,65987.85543904624
25.13,65988.65900274337
25.14,65989.05629900937
25.150000000000002,65989.57442744919
25.16,65988.25902896923
25.17,65989.72708041697
25.18,65989.90667460834
25.19,65990.3691262176
25.2,65990.51429904856
25.21,65992.03144339992
25.22,65990.15949901345
25.23,65989.74301651763
25.240000000000002,65990.77816115392
25.25,65991.76273217323
25.26,65993.04441602144
25.27,65993.19008872243
25.28,65994.20697434362
25.29,65992.61451701638
25.3,65995.26665555926
25.310000000000002,65995.4965924437
25.32,65994.34338046277
25.330000000000002,65994.54384920861
25.34,65995.3942738181
25.35,65996.6324943993
25.36,65996.73066725161
25.37,65998.49938015957
25.38,65998.09033175789
25.39,65997.11828900833
25.400000000000002,65996.7707544334
25.41,66000.33939164846
25.42,65998.73587756518
25.43,65998.58832592743
25.44,65996.98396650694
25.45,66001.02166953986
25.46,66001.24929227987
25.47,66001.628849644
25.48,66001.23954079994
25.490000000000002,66002.7931316302
25.5,66004.56204251715
25.51,66004.21327059144
25.52,66003.19044652618
25.53,66003.64898841118
25.54,66004.97552977887
25.55,66006.29783993473
25.560000000000002,66007.02748184245
25.57,66006.74627157983
25.580000000000002,66007.0656909098
25.59,66008.30753089338
25.6,66009.0585567942
25.61,66007.10616532403
25.62,66009.92243916148
25.63,66010.74858890746
25.64,66011.14046381888
25.650000000000002,66012.7852419411
25.66,66011.96745142636
25.67,66013.64200330045
25.68,66013.51777209033
25.69,66013.71762180245
25.7,66014.19888947242
25.71,66015.81545047724
25.72,66015.6227947115
25.73,66016.03474745208
25.740000000000002,66016.73551865904
25.75,66018.45928465323
25.76,66016.71773282571
25.77,66016.79373786433
25.78,66019.10753426726
25.79,66018.13744694596
25.8,66020.50789508408
25.810000000000002,66018.4308342465
25.82,66021.44081011834
25.830000000000002,66022.52478356283
25.84,66021.79559603895
25.85,66024.35828260916
25.86,66024.1426762169
25.87,66024.48890721942
25.88,66025.18238166762
25.89,66025.74323925843
25.900000000000002,66025.38063961481
25.91,66028.05401556693
25.92,66027.67710853317
25.93,66028.37226955856
25.94,66029.83883462209
25.95,66029.8446751861
25.96,66031.85779452277
25.97,66029.69827753774
25.98,66030.91091426475
25.990000000000002,66033.02904058095
26.0,66033.26363069036
26.01,66032.98432659326
26.02,66033.51001049567
26.03,66035.08205033117
26.04,66035.8970510897
26.05,66036.44141080361
26.060000000000002,66036.59580293625
26.07,66036.97976409092
26.080000000000002,66039.54217064702
26.09,66039.50561998815
26.1,66041.80591366068
26.11,66041.59417267091
26.12,66043.47246069726
26.13,66041.50203152839
26.14,66044.16223840306
26.150000000000002,66044.35750353924
26.16,66043.93856262176
26.17,66046.17980715472
26.18,66048.08284477828
26.19,66049.16198474732
26.2,66050.00527933646
26.21,66050.93380974235
26.22,66048.48576232187
26.23,66050.41923758079
26.240000000000002,66050.76704428734
26.25,66052.93205033796
26.26,66053.96745143863
26.27,66053.55951909519
26.28,66055.90585237474
26.29,66056.24848822934
26.3,66058.06376055103
26.310000000000002,66057.33257196024
26.32,66060.89647920188
26.330000000000002,66061.84597963757
26.34,66060.84576196774
26.35,66061.39228199037
26.36,66063.41905540264
26.37,66062.8885324477
26.38,66063.1113176859
26.39,66065.35131007733
26.400000000000002,66065.43234338424
26.41,66069.35506450511
26.42,66065.69652230447
26.43,66065.40094173946
26.44,66069.34224178562
26.45,66069.30352935988
26.46,66071.629381673
26.47,66073.99156808344
26.48,66072.40497384254
26.490000000000002,66073.93825718154
26.5,66074.65058387071
26.51,66074.55670074177
26.52,66079.43262838632
26.53,66077.6689286659
26.54,66078.69520039852
26.55,66081.17082878468
26.560000000000002,66082.52737407704
26.57,66082.51814438528
26.580000000000002,66083.91400132424
26.59,66084.66566080514
26.6,66084.7418134497
26.61,66088.18510225593
26.62,66087.59030592666
26.63,66088.03725204758
26.64,66092.21652372375
26.650000000000002,66090.98649207207
26.66,66091.7724649153
26.67,66092.17242727833
26.68,66094.88925675047
26.69,66093.27204966286
26.7,66097.00018046942
26.71,66097.04016357174
26.72,66096.68612314457
26.73,66097.82137320338
26.740000000000002,66097.15696684874
26.75,66100.87943735205
26.76,66104.0053776232
26.77,66102.85008867052
26.78,66104.47014073722
26.79,66107.8789486125
26.8,66106.8885588438
26.810000000000002,66106.90143827593
26.82,66109.36025820173
26.830000000000002,66108.66488275124
26.84,66109.63723015491
26.85,66109.71336918787
26.86,66111.84154140655
26.87,66113.13842870003
26.88,66113.33375456074
26.89,66116.45189199736
26.900000000000002,66115.2326291289
26.91,66119.87225066875
26.92,66119.124383943
26.93,66119.90700063668
26.94,66121.34585600186
26.95,66122.13729005116
26.96,66124.84204186384
26.97,66126.30465560243
26.98,66125.04595482955
26.990000000000002,66128.79847332176
27.0,66128.11410428578
27.01,66129.22503474921
27.02,66132.2831841668
27.03,66132.51908607132
27.04,66133.13487812947
27.05,66134.56210583511
27.060000000000002,66135.73956616313
27.07,66137.85788884421
27.080000000000002,66138.47196823652
27.09,66138.66988082387
27.1,66140.96817774682
27.11,66139.41288979836
27.12,66142.06454873113
27.13,66144.41629709501
27.14,66143.6373426185
27.150000000000002,66146.65030506025
27.16,66147.45964823087
27.17,66147.6828879803
27.18,66148.51205504511
27.19,66151.6625697789
27.2,66152.51098970816
27.21,66154.42466318517
27.22,66156.3703870085
27.23,66156.58101700574
27.240000000000002,66157.09432981061
27.25,66159.15693800051
27.26,66159.30000525
27.27,66161.21538672343
27.28,66163.5523094026
27.29,66164.79135119116
27.3,66165.36819783955
27.310000000000002,66167.29293488899
27.32,66166.42461676632
27.330000000000002,66169.3642444584
27.34,66170.59787441073
27.35,66172.29560489686
27.36,66174.19636340094
27.37,66173.8299021241
27.38,66174.62435990565
27.39,66176.20197145973
27.400000000000002,66178.09276241582
27.41,66179.45993747223
27.42,66181.396056962
27.43,66181.1307812796
27.44,66182.42339698876
27.45,66184.14354898321
27.46,66186.47975826813
27.47,66187.66374997026
27.48,66188.93562031399
27.490000000000002,66190.82153368302
27.5,66193.18241781206
27.51,66194.03195817178
27.52,66194.03770497917
27.53,66195.07272052731
27.54,66196.94376270032
27.55,66198.78386242114
27.560000000000002,66201.75014531
27.57,66200.17055682439
27.580000000000002,66201.82174475856
27.59,66202.89817563731
27.6,66204.52859431248
27.61,66208.16736822322
27.62,66207.85652880854
27.63,66211.0736503543
27.64,66211.37641892149
27.650000000000002,66212.22304792974
27.66,66214.35417207678
27.67,66214.88495304622
27.68,66216.96306858143
27.69,66216.81011072782
27.7,66219.15794415178
27.71,66222.34722953412
27.72,66222.169083129
27.73,66223.09753216644
27.740000000000002,66224.62998205294
27.75,66226.6813811591
27.76,66228.15166301126
27.77,66231.33771068447
27.78,66230.42296744612
27.79,66231.0860401243
27.8,66233.63139064924
27.810000000000002,66236.45313992994
27.82,66235.55970914151
27.830000000000002,66237.55049399415
27.84,66239.83890279016
27.85,66240.47131194678
27.86,66242.67495194818
27.87,66244.3140543562
27.88,66247.00665525654
27.89,66245.51291214778
27.900000000000002,66248.99413232575
27.91,66247.86220837096
27.92,66252.36794995311
27.93,66251.93626935272
27.94,66254.07682691026
27.95,66256.18880175495
27.96,66257.12586508246
27.97,66257.60307384424
27.98,66260.73054654463
27.990000000000002,66262.29625461134
28.0,66264.88661419472
28.01,66266.05263518338
28.02,66266.71986607373
28.03,66267.92777861908
28.04,66268.74276833836
28.05,66271.49069233575
28.060000000000002,66271.95677091587
28.07,66275.09471806724
28.080000000000002,66275.33989153434
28.09,66277.50997383105
28.1,66279.56612459625
28.11,66281.59223196965
28.12,66281.61051634444
28.13,66283.89790150369
28.14,66287.06754838546
28.150000000000002,66286.81581785831
28.16,66289.01561930389
28.17,66287.74579429063
28.18,66292.15515067393
28.19,66295.2765822952
28.2,66295.00977233023
28.21,66295.64942959839
28.22,66297.58291966112
28.23,66297.91394908137
28.240000000000002,66302.28165815331
28.25,66300.70661424556
28.26,66305.57671901521
28.27,66306.64177062054
28.28,66306.15622942522
28.29,66308.60030165246
28.3,66311.79623735696
28.310000000000002,66312.93683804049
28.32,66314.495714335
28.330000000000002,66315.12939786413
28.34,66316.77784579844
28.35,66319.89081968478
28.36,66320.28016670868
28.37,66322.16234919592
28.38,66324.14655350152
28.39,66324.75750703194
28.400000000000002,66327.59184251868
28.41,66330.0252601299
28.42,66331.27852127468
28.43,66331.46770347953
28.44,66332.75892641234
28.45,66334.78385896033
28.46,66336.19405708724
28.47,66339.64126662156
28.48,66341.45141667535
28.490000000000002,66342.95529577968
28.5,66344.46260186075
28.51,66346.07484843349
28.52,66345.14583543701
28.53,66347.11839154587
28.54,66349.77344602054
28.55,66350.17756248436
28.560000000000002,66353.04774459974
28.57,66355.11384659745
28.580000000000002,66357.08767195446
28.59,66357.40693162805
28.6,66360.78211534949
28.61,66361.03595115147
28.62,66365.73652581463
28.63,66366.0933149865
28.64,66369.11704932943
28.650000000000002,66369.19143338708
28.66,66370.670222073
28.67,66371.6515316923
28.68,66374.78117465749
28.69,66376.6820452368
28.7,66376.9666236147
28.71,66380.66969648967
28.72,66380.70082427199
28.73,66382.86457261017
28.740000000000002,66384.59560933405
28.75,66385.48919619546
28.76,66387.23897648376
28.77,66389.45422513974
28.78,66392.98744538952
28.79,66391.65864442177
28.8,66394.19719089649
28.810000000000002,66395.87387782367
28.82,66397.2024868383
28.830000000000002,66400.42619368617
28.84,66402.26096363101
28.85,66404.8184802962
28.86,66404.70335360481
28.87,66408.01507786501
28.88,66410.67613614153
28.89,66411.36232716654
28.900000000000002,66412.7595571434
28.91,66415.05921364953
28.92,66414.56807437597
28.93,66417.00931195803
28.94,66419.19997305107
28.95,66421.15979920063
28.96,66423.50101979174
28.97,66425.66585058758
28.98,66426.89201026397
28.990000000000002,66427.77597845784
29.0,66429.93202634038
29.01,66433.21626089336
29.02,66434.25987008138
29.03,66435.99919461267
29.04,66436.53929542066
29.05,66439.30720377334
29.060000000000002,66441.57114574593
29.07,66442.58742712052
29.080000000000002,66445.45642973686
29.09,66447.41915363395
29.1,66449.41362666646
29.11,66451.17560729924
29.12,66451.07559048507
29.13,66454.23294480682
29.14,66456.52965831655
29.150000000000002,66459.00758818578
29.16,66460.70970510315
29.17,66463.59514339203
29.18,66464.8316471075
29.19,66464.52345339836
29.2,66465.77077993356
29.21,66469.60631994242
29.22,66472.22844732694
29.23,66473.52228329249
29.240000000000002,66475.61046334452
29.25,66474.95033770615
29.26,66477.90988037482
29.27,66480.04863889127
29.28,66482.87812741159
29.29,66482.36065064618
29.3,66484.40821597312
29.310000000000002,66488.00384659815
29.32,66489.2231307071
29.330000000000002,66490.33329955867
29.34,66492.30437278857
29.35,66493.25162589304
29.36,66496.79927430207
29.37,66499.46147913163
29.38,66500.40629034057
29.39,66503.91581292707
29.400000000000002,66506.38081107705
29.41,66507.00094023289
29.42,66508.58405635372
29.43,66511.54033456053
29.44,66511.32435086767
29.45,66515.36473620079
29.46,66516.78613816775
29.47,66518.14878372395
29.48,66520.77851409026
29.490000000000002,66521.9702464046
29.5,66524.20007169456
29.51,66525.90319916487
29.52,66528.80826688948
29.53,66531.80424971078
29.54,66531.39819004087
29.55,66532.58551474345
29.560000000000002,66535.07237458798
29.57,66536.19280346621
29.580000000000002,66538.40079426144
29.59,66542.09587251452
29.6,66543.7336485224
29.61,66545.64107799891
29.62,66545.38946690672
29.63,66550.27343152197
29.64,66550.30183595057
29.650000000000002,66552.85964202158
29.66,66553.81085810202
29.67,66557.36273835384
29.68,66560.05505310389
29.69,66560.27730273249
29.7,66561.00380774165
29.71,66562.8262122271
29.72,66565.3083172978
29.73,66568.20735497706
29.740000000000002,66569.96681420029
29.75,66572.54770859548
29.76,66574.27160409492
29.77,66577.63433274596
29.78,66577.01477747154
29.79,66581.29291174447
29.8,66583.03191985752
29.810000000000002,66584.98629889684
29.82,66585.67898322747
29.830000000000002,66589.63042771429
29.84,66590.17387665375
29.85,66593.77698432177
29.86,66595.19954724573
29.87,66596.89669958121
29.88,66598.35197019835
29.89,66599.81294305636
29.900000000000002,66601.13815765972
29.91,66604.76307207125
29.92,66606.75092990612
29.93,66608.05531615911
29.94,66609.25587609579
29.95,66611.58443623566
29.96,66612.9846682575
29.97,66615.51902101099
29.98,66617.6186269667
29.990000000000002,66618.63348964187
30.0,66621.81339050349
30.01,66625.00968207388
30.02,66627.39448237547
30.03,66628.60299814476
30.04,66629.52836994197
30.05,66634.85199253308
30.060000000000002,66633.77860933894
30.07,66637.93373174692
30.080000000000002,66638.37957438751
30.09,66641.0074127038
30.1,66643.40715118834
30.11,66644.17058952608
30.12,66646.5458607332
30.13,66648.92510378618
30.14,66649.70216647419
30.150000000000002,66650.04940240757
30.16,66656.54882397503
30.17,66657.36898578261
30.18,66657.14533380275
30.19,66660.87326300211
30.2,66662.34975881426
30.21,66665.84283921559
30.22,66666.64835153837
30.23,66669.48097142183
30.240000000000002,66669.8874156575
30.25,66673.25523441365
30.26,66675.61880649868
30.27,66677.93394926442
30.28,66680.3645939482
30.29,66679.89974936312
30.3,66684.38304004181
30.310000000000002,66687.81414747097
30.32,66686.3228339939
30.330000000000002,66690.53967360033
30.34,66691.76179673577
30.35,66693.52501585065
30.36,66695.44381339989
30.37,66697.4096383563
30.38,66699.74654776999
30.39,66700.90435608772
30.400000000000002,66704.25918060589
30.41,66703.53260394472
30.42,66710.2288716388
30.43,66710.89719880046
30.44,66711.98724719304
30.45,66716.46819032202
30.46,66716.98188891078
30.47,66720.00170001932
30.48,66721.92629753909
30.490000000000002,66723.95906878222
30.5,66726.03949448223
30.51,66729.53812776846
30.52,66731.20422520643
30.53,66731.35436982973
30.54,66733.66477537993
30.55,66735.36546951978
30.560000000000002,66738.29913859465
30.57,66741.70751601158
30.580000000000002,66743.30741768338
30.59,66745.08582328081
30.6,66746.9374218607
30.61,66747.80998882423
30.62,66753.2354413167
30.63,66751.5879184189
30.64,66754.05806875457
30.650000000000002,66757.25564334253
30.66,66760.30268663759
30.67,66759.78378911155
30.68,66762.87538237301
30.69,66764.44697956259
30.7,66768.82009870796
30.71,66770.03675553454
30.72,66772.38465045312
30.73,66773.89689266516
30.740000000000002,66774.29402108725
30.75,66776.04578123233
30.76,66780.32211999637
30.77,66784.22036654536
30.78,66784.64975337703
30.79,66788.7493621777
30.8,66789.47745628943
30.810000000000002,66791.30449185526
30.82,66793.4858003481
30.830000000000002,66796.30280206574
30.84,66796.54176729516
30.85,66799.47198045877
30.86,66803.17051402591
30.87,66803.81878928721
30.88,66805.33019290649
30.89,66809.56298811555
30.900000000000002,66810.8440434807
30.91,66812.9669713402
30.92,66815.47136919785
30.93,66817.31329774339
30.94,66819.52398115677
30.95,66822.44473107046
30.96,66822.82198101681
30.970000000000002,66824.55549878273
30.98,66828.1248968178
30.990000000000002,66829.55726056694
31.0,66832.02048909864
31.01,66833.52715688769
31.02,66838.01176542017
31.03,66839.37601446286
31.04,66840.67426216873
31.05,66844.46380864196
31.060000000000002,66844.53334084227
31.07,66848.55935423996
31.080000000000002,66849.58142891085
31.09,66853.32746998643
31.1,66853.2452847402
31.11,66855.72490967486
31.12,66858.16508146646
31.13,66862.73355644352
31.14,66862.60807844833
31.150000000000002,66865.23787922398
31.16,66868.17078881
31.17,66869.99956799459
31.18,66870.43313520824
31.19,66873.62228538509
31.2,66874.64867303782
31.21,66878.85726112823
31.220000000000002,66881.72546305209
31.23,66884.19330567954
31.240000000000002,66884.67240507471
31.25,66887.57454817074
31.26,66888.18077172179
31.27,66892.65401046566
31.28,66894.60149397429
31.29,66895.32019371344
31.3,66899.71027857898
31.310000000000002,66900.42388331307
31.32,66902.3938020456
31.330000000000002,66906.25786337953
31.34,66907.27876590971
31.35,66908.03990877392
31.36,66911.39742324057
31.37,66914.20664410143
31.38,66915.15330015538
31.39,66917.01415125029
31.400000000000002,66921.3440727396
31.41,66922.17600304577
31.42,66924.90400897781
31.43,66927.10894141132
31.44,66926.74908209074
31.45,66931.88980160179
31.46,66933.26064270474
31.470000000000002,66935.94364506488
31.48,66938.82468753005
31.490000000000002,66939.53557064413
31.5,66942.2354021006
31.51,66944.38286782122
31.52,66947.89391561065
31.53,66950.31319486369
31.54,66953.12683973809
31.55,66952.87539186365
31.560000000000002,66955.64402149913
31.57,66960.53645106503
31.580000000000002,66960.2829470275
31.59,66964.17481991509
31.6,66964.14621954299
31.61,66968.10121411073
31.62,66970.45047821956
31.63,66972.48336218436
31.64,66974.0505342109
31.650000000000002,66976.88444838395
31.66,66978.22540765797
31.67,66979.96321383824
31.68,66984.88768358402
31.69,66985.71965557279
31.7,66988.86256031416
31.71,66989.11996461019
31.720000000000002,66991.7089365237
31.73,66993.13475925381
31.740000000000002,66996.0711193874
31.75,66999.41231549537
31.76,66999.88918119077
31.77,67003.25160552814
31.78,67006.54848007711
31.79,67008.06248312844
31.8,67009.95778229088
31.810000000000002,67011.24936770284
31.82,67015.33774062939
31.830000000000002,67017.48572898548
31.84,67018.6597480395
31.85,67022.33738256262
31.86,67026.15387107433
31.87,67027.83573789134
31.88,67028.03509364503
31.89,67030.9418337458
31.900000000000002,67031.12349207964
31.91,67035.09357850789
31.92,67035.66808707209
31.93,67038.90510543867
31.94,67040.83632597665
31.95,67043.03745102327
31.96,67045.53182012445
31.970000000000002,67048.05782945934
31.98,67051.13171599984
31.990000000000002,67052.90819210782
32.0,67056.96871922113
32.01,67057.07041594628
32.02,67060.7254584072
32.03,67062.55554079625
32.04,67063.98706590265
32.05,67066.43521363882
32.06,67070.55556325486
32.07,67070.7861723424
32.08,67073.6383175266
32.09,67076.2164666709
32.1,67079.79618109923
32.11,67081.71472230932
32.12,67082.58301106919
32.13,67086.41743194815
32.14,67087.66248302355
32.15,67091.03717998083
32.160000000000004,67091.57026851091
32.17,67094.81019827594
32.18,67097.06642390319
32.19,67100.12331725241
32.2,67101.62984172843
32.21,67102.98627507735
32.22,67106.61006823594
32.230000000000004,67108.33279788116
32.24,67111.23196139185
32.25,67112.18017403103
32.26,67115.01489536682
32.27,67118.13054505314
32.28,67118.83580295139
32.29,67121.36792809922
32.3,67123.08191093573
32.31,67127.29361768522
32.32,67129.86616594557
32.33,67130.3926343307
32.34,67135.41647299103
32.35,67137.33002697698
32.36,67138.25310512356
32.37,67140.58633716045
32.38,67142.73994099755
32.39,67145.1175828343
32.4,67148.00695927192
32.410000000000004,67150.60833859722
32.42,67150.91982768002
32.43,67155.61719448604
32.44,67157.45245889107
32.45,67159.35502674633
32.46,67161.1305038943
32.47,67163.31454242679
32.480000000000004,67165.54698030723
32.49,67169.74146194158
32.5,67169.31539469778
32.51,67171.63911703354
32.52,67175.25327549964
32.53,67179.9368003842
32.54,67180.67864286125
32.55,67184.28648830176
32.56,67184.33219585338
32.57,67186.43483624958
32.58,67188.19775814214
32.59,67192.10817917848
32.6,67194.48944666928
32.61,67196.76387407366
32.62,67199.54730622335
32.63,67200.30035545681
32.64,67203.65231829506
32.65,67205.82938852385
32.660000000000004,67206.88371255941
32.67,67211.57577119752
32.68,67212.60631058631
32.69,67214.88010168301
32.7,67217.58126339018
32.71,67219.68387892486
32.72,67221.94285969854
32.730000000000004,67223.16085836456
32.74,67227.85880438311
32.75,67229.13900570244
32.76,67232.65360351352
32.77,67233.14365739237
32.78,67236.10228797291
32.79,67239.52483137649
32.8,67241.03170009532
32.81,67243.7841519709
32.82,67246.65377036305
32.83,67248.29609681791
32.84,67250.17931013716
32.85,67252.46313774423
32.86,67256.4293421569
32.87,67258.97956651411
32.88,67260.23512914343
32.89,67262.49911989033
32.9,67263.19156062769
32.910000000000004,67266.90768912979
32.92,67268.78738073602
32.93,67273.28052584658
32.94,67274.08031561556
32.95,67278.8366493231
32.96,67279.56535061955
32.97,67282.01812759649
32.980000000000004,67284.86396295665
32.99,67286.48277719908
33.0,67287.70486728876
33.01,67289.80499776879
33.02,67291.9442999456
33.03,67293.89531957044
33.04,67297.51137171032
33.05,67301.19942132058
33.06,67301.68721298907
33.07,67304.90864674753
33.08,67307.58373714141
33.09,67310.02961480085
33.1,67310.59977783472
33.11,67315.87805088295
33.12,67315.38817230075
33.13,67318.90488799187
33.14,67321.10831356632
33.15,67324.87767770418
33.160000000000004,67325.38700653336
33.17,67328.117067832
33.18,67331.28155131041
33.19,67334.32924065982
33.2,67335.43814848669
33.21,67338.97103452684
33.22,67340.9626341359
33.230000000000004,67343.24731710994
33.24,67345.82607107857
33.25,67347.07943882502
33.26,67350.29592837374
33.27,67353.60334288636
33.28,67353.18137497237
33.29,67356.95321147807
33.3,67361.86505131674
33.31,67360.91664179965
33.32,67364.91773567915
33.33,67367.02634203043
33.34,67369.056869336
33.35,67372.65058702635
33.36,67376.39716998544
33.37,67378.10581249048
33.38,67377.61770928241
33.39,67379.2142470738
33.4,67381.82892690302
33.410000000000004,67386.27294731619
33.42,67391.45762721698
33.43,67390.32071682866
33.44,67391.40262374478
33.45,67395.64955936199
33.46,67398.2455751639
33.47,67400.17104931599
33.480000000000004,67401.6446114378
33.49,67405.46364286504
33.5,67407.99149102332
33.51,67408.76179579888
33.52,67410.87581671392
33.53,67415.0532850417
33.54,67416.91216794963
33.55,67419.9916884014
33.56,67420.60488553575
33.57,67422.92978384628
33.58,67426.62576881956
33.59,67429.07293869635
33.6,67431.12780673563
33.61,67433.09648363048
33.62,67436.69208969633
33.63,67437.55268728577
33.64,67441.29698478906
33.65,67442.89771691691
33.660000000000004,67444.4995588757
33.67,67447.69351146679
33.68,67450.85760673755
33.69,67453.38776412417
33.7,67454.3829167601
33.71,67456.95431105862
33.72,67460.60228435046
33.730000000000004,67463.17984301939
33.74,67465.3732270056
33.75,67467.98794679002
33.76,67469.59041018198
33.77,67471.80099059806
33.78,67474.47471941836
33.79,67476.04932382867
33.8,67478.27237556611
33.81,67481.94713638633
33.82,67483.66578797191
33.83,67486.49784108836
33.84,67488.9553518826
33.85,67492.08347892568
33.86,67492.98960736334
33.87,67497.49970636687
33.88,67498.66359725465
33.89,67501.924698256
33.9,67504.11157224166
33.910000000000004,67504.96841525089
33.92,67507.9461745918
33.93,67511.64954477333
33.94,67513.22285763531
33.95,67516.47326857355
33.96,67516.17290392832
33.97,67520.76604537896
33.980000000000004,67522.0469662547
33.99,67523.83162112023
34.0,67527.02975227966
34.01,67529.04269322706
34.02,67534.61992124893
34.03,67534.65225649839
34.04,67537.6688429201
34.05,67538.17749970694
34.06,67541.55501727478
34.07,67545.34727273417
34.08,67546.38861098967
34.09,67547.76365667635
34.1,67551.99809067702
34.11,67553.96597267121
34.12,67555.2280133146
34.13,67558.83634050086
34.14,67560.75580730884
34.15,67565.03838948895
34.160000000000004,67564.957131247
34.17,67567.53614699598
34.18,67570.76877301022
34.19,67574.82534184895
34.2,67576.66522017831
34.21,67577.2676019158
34.22,67579.4410123602
34.230000000000004,67582.57459956154
34.24,67585.25857164705
34.25,67589.56184198058
34.26,67589.54140661735
34.27,67592.29992907355
34.28,67595.77304041233
34.29,67599.3280595152
34.300000000000004,67600.30380080781
34.31,67602.81218492506
34.32,67605.14470393455
34.33,67606.92856995866
34.34,67610.51113659503
34.35,67613.11466417862
34.36,67613.77427971466
34.37,67618.13005032639
34.38,67619.68589923084
34.39,67622.41774733416
34.4,67624.90349860262
34.410000000000004,67626.97820465255
34.42,67629.64309300618
34.43,67630.6775965439
34.44,67634.21873809141
34.45,67639.41142846593
34.46,67638.89355641583
34.47,67640.22323848664
34.480000000000004,67641.29595444119
34.49,67647.1333451037
34.5,67647.57114692284
34.51,67650.91559029787
34.52,67652.01232025411
34.53,67655.4579595972
34.54,67658.36285276341
34.550000000000004,67660.06120169537
34.56,67662.44511339594
34.57,67665.05690623871
34.58,67667.8292659539
34.59,67671.16285048406
34.6,67674.63730641647
34.61,67676.25814977642
34.62,67678.66351310775
34.63,67680.59485025481
34.64,67683.79078549631
34.65,67684.86323699784
34.660000000000004,67688.18346463796
34.67,67689.6249678528
34.68,67693.47677797829
34.69,67696.34228570016
34.7,67698.4871094505
34.71,67699.41994296371
34.72,67702.3284794624
34.730000000000004,67704.86084252506
34.74,67707.36020503037
34.75,67710.95344508832
34.76,67712.44611234612
34.77,67714.52119270874
34.78,67717.4978664868
34.79,67719.7771652226
34.800000000000004,67721.88208444565
34.81,67723.48331461764
34.82,67727.54288682253
34.83,67727.80264881196
34.84,67729.3615094059
34.85,67733.43540950413
34.86,67737.37965250351
34.87,67739.76707527967
34.88,67742.78358379276
34.89,67744.72757199028
34.9,67747.06466040266
34.910000000000004,67750.38932739972
34.92,67750.61253010102
34.93,67753.27492553294
34.94,67757.82152377607
34.95,67760.59573463825
34.96,67760.39260986367
34.97,67764.44291484129
34.980000000000004,67767.0202230058
34.99,67767.9628439433
35.0,67770.88959242988
35.01,67774.53744151897
35.02,67778.28118501662
35.03,67778.11567767826
35.04,67780.24809922911
35.050000000000004,67783.04853954591
35.06,67785.29075246802
35.07,67788.55839749887
35.08,67789.3706579679
35.09,67793.42216834066
35.1,67795.31806824522
35.11,67798.23665308683
35.12,67800.48840342525
35.13,67801.89191244825
35.14,67805.396688891
35.15,67807.78886098637
35.160000000000004,67811.87933523503
35.17,67812.52035388233
35.18,67815.06630227642
35.19,67818.4295688239
35.2,67821.3885377172
35.21,67823.61711420992
35.22,67826.348558687
35.230000000000004,67827.78354534059
35.24,67830.18350914036
35.25,67833.51310960804
35.26,67836.25412602458
35.27,67837.89789840333
35.28,67840.21515644298
35.29,67841.14175548713
35.300000000000004,67846.38913235728
35.31,67846.2599003233
35.32,67848.57423110021
35.33,67851.02045888918
35.34,67854.18891235023
35.35,67857.13744936443
35.36,67858.38931836215
35.37,67861.8567104047
35.38,67863.83374384316
35.39,67866.37640595078
35.4,67868.21896694708
35.410000000000004,67872.09850623959
35.42,67874.3543459731
35.43,67874.48797990983
35.44,67878.96353144395
35.45,67881.98063534929
35.46,67884.11457504991
35.47,67886.48344346172
35.480000000000004,67889.0725937655
35.49,67893.07899749199
35.5,67893.68448954301
35.51,67895.56612585737
35.52,67898.49321190422
35.53,67900.24802336306
35.54,67903.04561956877
35.550000000000004,67906.68478815723
35.56,67908.85122648104
35.57,67910.91183367828
35.58,67914.28308992357
35.59,67915.2228045347
35.6,67918.58835934145
35.61,67920.70415856742
35.62,67922.24829802367
35.63,67926.3581437938
35.64,67927.8547191625
35.65,67932.23987254947
35.660000000000004,67935.2248263532
35.67,67936.47796771576
35.68,67937.3221087917
35.69,67942.71795097223
35.7,67945.21271969177
35.71,67945.9123845557
35.72,67947.58539436353
35.730000000000004,67951.19538545284
35.74,67954.24046997918
35.75,67956.65108121518
35.76,67959.9044735044
35.77,67960.1372233181
35.78,67962.70654269819
35.79,67965.21732398502
35.800000000000004,67967.537975818
35.81,67970.69292440916
35.82,67971.91169624022
35.83,67978.02448465113
35.84,67978.24343394121
35.85,67978.80031776747
35.86,67983.273569298
35.87,67986.09225428257
35.88,67988.83328293654
35.89,67989.33702544573
35.9,67993.63025247795
35.910000000000004,67996.0998072147
35.92,67996.88357178302
35.93,68000.63515813174
35.94,68004.19611758493
35.95,68005.4817890407
35.96,68008.11601095075
35.97,68010.38243131668
35.980000000000004,68013.10909578885
35.99,68014.44501157857
36.0,68017.15141958727
36.01,68019.7738799852
36.02,68023.07182805629
36.03,68025.84835207649
36.04,68028.89974529218
36.050000000000004,68029.71727668056
36.06,68031.54344911253
36.07,68035.98730156245
36.08,68038.26482775535
36.09,68041.38990561682
36.1,68042.44539583485
36.11,68044.45711403883
36.12,68046.08890387154
36.13,68050.74641287429
36.14,68052.1620445749
36.15,68055.34438289619
36.160000000000004,68056.89345205709
36.17,68060.87769244275
36.18,68061.5126906668
36.19,68064.30532770054
36.2,68067.18759876721
36.21,68069.19657349294
36.22,68072.64746666673
36.230000000000004,68072.85295720985
36.24,68077.14643432166
36.25,68078.62310619006
36.26,68083.47656228697
36.27,68083.75988601196
36.28,68089.28691724886
36.29,68090.83598831561
36.300000000000004,68092.6097772695
36.31,68094.64485243628
36.32,68097.50598111021
36.33,68100.9223112905
36.34,68101.42972569194
36.35,68105.00802854946
36.36,68106.58898764738
36.37,68109.92146048769
36.38,68113.32197553202
36.39,68114.66915790505
36.4,68117.21300065395
36.410000000000004,68119.68176464486
36.42,68121.79545405731
36.43,68124.58781453506
36.44,68127.17222506102
36.45,68129.73810327343
36.46,68132.08551036977
36.47,68133.99527696925
36.480000000000004,68137.09004675725
36.49,68140.05700178187
36.5,68142.71030027751
36.51,68145.73466786061
36.52,68147.06552483377
36.53,68150.08663387551
36.54,68154.86153262365
36.550000000000004,68155.29581335306
36.56,68156.98489395565
36.57,68161.68246674364
36.58,68161.67351790467
36.59,68163.57626609714
36.6,68167.60671216343
36.61,68169.29542199362
36.62,68171.94874814537
36.63,68174.93316006503
36.64,68175.51976613639
36.65,68179.15794766048
36.660000000000004,68181.15955261547
36.67,68185.24499135253
36.68,68188.28534638614
36.69,68190.09786466876
36.7,68192.2861147659
36.71,68194.93396331852
36.72,68196.70862396382
36.730000000000004,68199.81308788815
36.74,68201.79047202587
36.75,68204.2858703218
36.76,68206.69071446052
36.77,68210.4415485617
36.78,68211.21178913211
36.79,68215.36040952173
36.800000000000004,68217.14066176675
36.81,68219.66816989734
36.82,68224.9073541725
36.83,68224.03240035045
36.84,68227.74012508117
36.85,68228.37884211805
36.86,68232.05168979103
36.87,68234.37942436914
36.88,68235.03618699464
36.89,68239.26431985885
36.9,68242.57735956299
36.910000000000004,68244.73653188275
36.92,68247.73080970206
36.93,68251.28437676089
36.94,68251.99846452946
36.95,68253.18086005205
36.96,68257.04878223599
36.97,68259.01189205561
36.980000000000004,68262.09240427466
36.99,68264.9649833988
37.0,68266.74173892906
37.01,68270.49300807269
37.02,68271.34913128497
37.03,68274.4194512636
37.04,68275.95279212415
37.050000000000004,68279.01072120978
37.06,68281.82276922744
37.07,68284.87344965461
37.08,68286.23775682502
37.09,68290.31150918793
37.1,68291.91391606415
37.11,68294.72077262764
37.12,68296.42664676966
37.13,68300.84272942966
37.14,68301.42154525708
37.15,68306.1960555944
37.160000000000004,68307.24509655448
37.17,68310.49708094851
37.18,68314.22347572917
37.19,68314.92937015668
37.2,68317.00180439802
37.21,68319.82548229497
37.22,68323.69159161093
37.230000000000004,68324.68201861276
37.24,68326.4580285573
37.25,68328.29454510345
37.26,68332.41321376039
37.27,68335.94385591288
37.28,68337.34052067052
37.29,68339.21517950244
37.300000000000004,68341.5793064865
37.31,68343.13609480835
37.32,68346.54357044832
37.33,68347.60290154819
37.34,68351.84664818195
37.35,68354.94609133339
37.36,68356.54655759025
37.37,68360.00785228456
37.38,68362.76957252153
37.39,68364.3483779935
37.4,68365.61039907148
37.410000000000004,68370.73776187548
37.42,68370.46436213722
37.43,68375.14665704945
37.44,68377.02462235879
37.45,68380.5374642207
37.46,68383.50632092779
37.47,68384.63662104373
37.480000000000004,68388.4491034863
37.49,68389.30200954052
37.5,68392.28617872694
37.51,68394.43484303512
37.52,68397.2616129356
37.53,68400.42034732483
37.54,68402.4454964912
37.550000000000004,68404.04423929613
37.56,68407.30464620431
37.57,68409.72874767773
37.58,68411.09312179775
37.59,68415.54137459947
37.6,68415.26715719918
37.61,68418.09210429
37.62,68421.82549317644
37.63,68426.20743900658
37.64,68427.41960857238
37.65,68430.24347248915
37.660000000000004,68432.87508110714
37.67,68434.99116100857
37.68,68438.70937822813
37.69,68439.74612921561
37.7,68443.72231963805
37.71,68444.83903434566
37.72,68445.59432272098
37.730000000000004,68449.37158806673
37.74,68451.54796850054
37.75,68453.45975561907
37.76,68458.43342738596
37.77,68459.42482079912
37.78,68462.084001076
37.79,68466.689093112
37.800000000000004,68469.05771385219
37.81,68469.71298815883
37.82,68473.4303067433
37.83,68474.66109138964
37.84,68479.67278850083
37.85,68478.98200239248
37.86,68483.12811527187
37.87,68485.45059862513
37.88,68489.25570477078
37.89,68490.89197231414
37.9,68494.8370652469
37.910000000000004,68495.68983952304
37.92,68497.5721268224
37.93,68499.17244249627
37.94,68501.61293943996
37.95,68505.6713326051
37.96,68508.2616748665
37.97,68509.49690066227
37.980000000000004,68514.19718899061
37.99,68514.67554288071
38.0,68515.81026276734
38.01,68519.0117296775
38.02,68524.114607461
38.03,68524.60736676896
38.04,68526.82229067378
38.050000000000004,68529.62681028571
38.06,68533.34697989027
38.07,68534.93205894042
38.08,68539.45334532781
38.09,68540.61482085347
38.1,68544.34178813765
38.11,68546.27104765254
38.12,68549.16188199878
38.13,68551.12612131641
38.14,68552.35955700935
38.15,68555.18480188638
38.160000000000004,68558.45845727877
38.17,68562.96608891114
38.18,68564.01823938533
38.19,68563.7124095675
38.2,68569.84504553671
38.21,68570.62905789052
38.22,68572.1901314691
38.230000000000004,68577.50668836935
38.24,68574.37243136174
38.25,68581.14797054285
38.26,68582.13074286474
38.27,68584.5282571775
38.28,68588.66677885217
38.29,68592.63474111933
38.300000000000004,68592.55060479035
38.31,68594.66301868002
38.32,68598.1820567853
38.33,68599.12558119415
38.34,68603.67253657614
38.35,68606.18215032222
38.36,68609.64971184716
38.37,68610.69711314882
38.38,68613.95399991228
38.39,68615.64384374896
38.4,68617.89243665957
38.410000000000004,68619.87695078336
38.42,68625.91745085636
38.43,68624.5715985196
38.44,68628.83886924009
38.45,68631.13783086928
38.46,68632.55940540519
38.47,68635.57783793288
38.480000000000004,68636.96774278556
38.49,68641.01185342434
38.5,68644.90320993743
38.51,68647.70246555402
38.52,68648.653658112
38.53,68650.48277759884
38.54,68651.90549941594
38.550000000000004,68656.28325737841
38.56,68658.80941294247
38.57,68661.72143288526
38.58,68664.2081543309
38.59,68666.86218978444
38.6,68669.55821059135
38.61,68672.29948756596
38.62,68672.88307029038
38.63,68675.94892223446
38.64,68679.23124275553
38.65,68683.95282579456
38.660000000000004,68682.49018499172
38.67,68685.07837456743
38.68,68688.6387917385
38.69,68692.49417601494
38.7,68693.60807535877
38.71,68697.47766148858
38.72,68700.71632298519
38.730000000000004,68701.401372442
38.74,68704.87012252948
38.75,68706.48645929378
38.76,68709.00606076041
38.77,68712.50279284011
38.78,68714.78795710641
38.79,68717.42383795553
38.800000000000004,68719.12108977264
38.81,68722.5968879405
38.82,68723.70403212383
38.83,68728.6696663606
38.84,68730.89119232603
38.85,68731.46674026016
38.86,68733.43402988848
38.87,68737.61443512255
38.88,68740.53096803706
38.89,68742.28185252585
38.9,68744.65122105423
38.910000000000004,68746.65757651346
38.92,68748.4178805968
38.93,68752.43873268679
38.94,68754.81008881298
38.95,68758.02441426541
38.96,68760.06256063166
38.97,68761.85171812758
38.980000000000004,68764.84782912012
38.99,68766.07210362838
39.0,68771.32344163352
39.01,68771.26950771024
39.02,68775.03451413014
39.03,68777.23439978022
39.04,68779.43509957686
39.050000000000004,68783.33549137376
39.06,68782.56238898514
39.07,68787.70514529913
39.08,68787.4439173124
39.09,68793.45206412325
39.1,68792.99563552707
39.11,68795.917083654
39.12,68800.24190957606
39.13,68802.79993873804
39.14,68803.90258546958
39.15,68807.49594121448
39.160000000000004,68810.5694768142
39.17,68812.88090814625
39.18,68813.91549796097
39.19,68818.18250678178
39.2,68821.77021199511
39.21,68823.69109094412
39.22,68824.81257762053
39.230000000000004,68830.30828189713
39.24,68828.96974826451
39.25,68832.81286880585
39.26,68836.59936112084
39.27,68838.06382563179
39.28,68842.08226296134
39.29,68843.79094161552
39.300000000000004,68846.28211114781
39.31,68847.51578815214
39.32,68850.86993005626
39.33,68853.72906239913
39.34,68853.45154581805
39.35,68858.62222579967
39.36,68862.4302323658
39.37,68861.00379795599
39.38,68865.5547295492
39.39,68868.8620762039
39.4,68870.92640480582
39.410000000000004,68874.2423610043
39.42,68875.06887311174
39.43,68877.08672401996
39.44,68882.00531449958
39.45,68883.6358128028
39.46,68886.76116672804
39.47,68887.1539738703
39.480000000000004,68891.73113471178
39.49,68894.6125092387
39.5,68897.31622559663
39.51,68900.30140281183
39.52,68899.68406222048
39.53,68903.32774571143
39.54,68906.29575207563
39.550000000000004,68909.68378832053
39.56,68911.76595990628
39.57,68913.86223851048
39.58,68916.35570356972
39.59,68919.28077919716
39.6,68921.66195390986
39.61,68924.2581285276
39.62,68928.28521144735
39.63,68928.10359433893
39.64,68930.77207379279
39.65,68931.9279632647
39.660000000000004,68936.04512931779
39.67,68940.13416634072
39.68,68940.85453581106
39.69,68944.36732782224
39.7,68948.00317075632
39.71,68950.36047512584
39.72,68950.58038241955
39.730000000000004,68953.70102511547
39.74,68955.68367795744
39.75,68958.93098810269
39.76,68962.60247156916
39.77,68963.73748158173
39.78,68967.9288280557
39.79,68969.38704600152
39.800000000000004,68973.53491051275
39.81,68973.54871366003
39.82,68976.04426329225
39.83,68978.29956322566
39.84,68981.03640305874
39.85,68984.39900589928
39.86,68984.17873253103
39.87,68988.32505253045
39.88,68992.31123304942
39.89,68994.34998500466
39.9,68998.12932759747
39.910000000000004,69000.74855464544
39.92,69002.29106535076
39.93,69005.35857114523
39.94,69006.92184677272
39.95,69010.27084012605
39.96,69009.20190191672
39.97,69016.33517432907
39.980000000000004,69016.89196663843
39.99,69018.65676974562
40.0,69022.65837005652
40.01,69025.90123936848
40.02,69026.93806977262
40.03,69032.38687821907
40.04,69033.75581748309
40.050000000000004,69033.79051247943
40.06,69037.5155477767
40.07,69040.69770357397
40.08,69043.03664966206
40.09,69045.01299787036
40.1,69048.06069737706
40.11,69051.40482872441
40.12,69051.23086062001
40.13,69056.74560925894
40.14,69057.49956893097
40.15,69060.5388697153
40.160000000000004,69063.64410789954
40.17,69064.31836603566
40.18,69067.24374810624
40.19,69068.79020392107
40.2,69073.0337228607
40.21,69074.70638717111
40.22,69076.07600700848
40.230000000000004,69078.79239294137
40.24,69083.15325995933
40.25,69086.48611544083
40.26,69088.65341200834
40.27,69090.78303783292
40.28,69095.13124525787
40.29,69094.70645703429
40.300000000000004,69098.87230194514
40.31,69099.88826248818
40.32,69105.0985511711
40.33,69107.21837098153
40.34,69109.87564438413
40.35,69110.23061081946
40.36,69114.12262910078
40.37,69117.52007719882
40.38,69119.05847952889
40.39,69123.67458928953
40.4,69123.60798515676
40.410000000000004,69126.78689193925
40.42,69130.55935246895
40.43,69133.14706041005
40.44,69134.15412814352
40.45,69136.65872968743
40.46,69140.35673096654
40.47,69142.52035513273
40.480000000000004,69144.3141343321
40.49,69147.32901046683
40.5,69150.46223704555
40.51,69152.3809290985
40.52,69156.58011601515
40.53,69156.84128260106
40.54,69159.49993723643
40.550000000000004,69160.52447123345
40.56,69165.53131980346
40.57,69167.22900826935
40.58,69169.8335134107
40.59,69173.11867186827
40.6,69173.48999016371
40.61,69176.45969729952
40.62,69182.03603707015
40.63,69182.94160982623
40.64,69186.39377143045
40.65,69186.3724056031
40.660000000000004,69188.97411574087
40.67,69191.23124432702
40.68,69195.29659491306
40.69,69199.44264640094
40.7,69198.29945354979
40.71,69202.2982703011
40.72,69205.08870557733
40.730000000000004,69208.05099188925
40.74,69210.82905982654
40.75,69213.24012103515
40.76,69215.09894126364
40.77,69217.75306982583
40.78,69219.5591630617
40.79,69224.70058259658
40.800000000000004,69225.75247894897
40.81,69228.17863525606
40.82,69230.65833893468
40.83,69232.90914440763
40.84,69236.4067432657
40.85,69237.8459777237
40.86,69239.46625725135
40.87,69242.4050659168
40.88,69245.5619557592
40.89,69247.7968729413
40.9,69251.80024515958
40.910000000000004,69253.91496833808
40.92,69256.16701543643
40.93,69259.39296327041
40.94,69260.42475503746
40.95,69263.87372327992
40.96,69264.75806212384
40.97,69268.26646526909
40.980000000000004,69272.33665553054
40.99,69274.63257126555
41.0,69277.42918038672
41.01,69279.42634338388
41.02,69281.93840273643
41.03,69284.01215522795
41.04,69284.39387973379
41.050000000000004,69288.03103039242
41.06,69292.60487914609
41.07,69293.69535115047
41.08,69297.8556341281
41.09,69298.36181602781
41.1,69301.79176271003
41.11,69304.51769072989
41.12,69306.58984638005
41.13,69308.56169484397
41.14,69312.43084269388
41.15,69316.69089453411
41.160000000000004,69316.50039197935
41.17,69320.35983050245
41.18,69321.42591858447
41.19,69322.39788446976
41.2,69327.23132398922
41.21,69330.5125732869
41.22,69330.46128492446
41.230000000000004,69335.47043995588
41.24,69338.27598217195
41.25,69338.59903811179
41.26,69340.28510131866
41.27,69344.00737833415
41.28,69346.64185490063
41.29,69348.34189000577
41.300000000000004,69353.65004705882
41.31,69355.10711076374
41.32,69358.05852486243
41.33,69359.97745360663
41.34,69362.64322459193
41.35,69363.32545391539
41.36,69367.14101157748
41.37,69370.82288054029
41.38,69373.37465440072
41.39,69375.44878231983
41.4,69379.29423331712
41.410000000000004,69380.80825235012
41.42,69383.81255553929
41.43,69384.75828459486
41.44,69387.15396724959
41.45,69391.45669597045
41.46,69390.91376747382
41.47,69394.92270003607
41.480000000000004,69399.02930679251
41.49,69400.82003314796
41.5,69402.48389049711
41.51,69405.46390445919
41.52,69408.0441244571
41.53,69411.78308223656
41.54,69414.52154364152
41.550000000000004,69415.76876490441
41.56,69420.3363647102
41.57,69420.39751569819
41.58,69422.80170262266
41.59,69425.95382618763
41.6,69427.87229269145
41.61,69432.69737145625
41.62,69433.14479703942
41.63,69435.7882725775
41.64,69437.37515330773
41.65,69442.44288836923
41.660000000000004,69444.13800539248
41.67,69445.31706233424
41.68,69447.44203748419
41.69,69451.52886390868
41.7,69453.58530941774
41.71,69455.31707131705
41.72,69458.78119176436
41.730000000000004,69460.28073052937
41.74,69464.32059986128
41.75,69466.15016534242
41.76,69468.61551388678
41.77,69471.2224573232
41.78,69475.16990912065
41.79,69476.77499391456
41.800000000000004,69480.897445995
41.81,69482.50584461787
41.82,69482.8163216877
41.83,69487.77722186655
41.84,69490.57485200018
41.85,69492.62033063814
41.86,69494.87393229446
41.87,69499.27123000464
41.88,69499.33034568912
41.89,69501.59859747054
41.9,69503.88624367263
41.910000000000004,69507.28174941728
41.92,69511.59781480796
41.93,69511.78272127079
41.94,69516.27003864525
41.95,69519.61112833081
41.96,69519.33534494451
41.97,69522.7753102554
41.980000000000004,69524.98867757077
41.99,69528.50054566535
42.0,69531.44561933237
42.01,69532.83627569856
42.02,69533.38907707247
42.03,69537.32671430298
42.04,69539.5283843776
42.050000000000004,69543.49746739885
42.06,69544.67816495516
42.07,69548.16189096187
42.08,69552.14649154565
42.09,69552.08789750186
42.1,69556.27391250452
42.11,69557.2135347072
42.12,69561.58254858729
42.13,69563.66689401524
42.14,69566.5823767696
42.15,69568.59545867052
42.160000000000004,69570.54920126549
42.17,69574.38805563055
42.18,69576.90095484813
42.19,69578.73481988009
42.2,69579.18419753178
42.21,69583.55627726388
42.22,69586.7541522549
42.230000000000004,69589.47811369624
42.24,69592.15933110668
42.25,69594.48836996638
42.26,69597.00977529907
42.27,69598.54357463779
42.28,69602.29867477703
42.29,69604.91985689827
42.300000000000004,69607.02858729937
42.31,69610.60847638665
42.32,69612.94278281718
42.33,69614.97334518743
42.34,69616.818591075
42.35,69618.53182402768
42.36,69622.99937298795
42.37,69624.73798102846
42.38,69627.77142996636
42.39,69628.81625574846
42.4,69632.12460604555
42.410000000000004,69634.11341110036
42.42,69637.85200129614
42.43,69642.00265781564
42.44,69643.3086176602
42.45,69644.46234504154
42.46,69647.54864223403
42.47,69650.70658255774
42.480000000000004,69653.20339367789
42.49,69654.98643763133
42.5,69656.45931080155
42.51,69660.87017161793
42.52,69662.58897208705
42.53,69665.06503058119
42.54,69668.9591545584
42.550000000000004,69670.57199656864
42.56,69674.39210194249
42.57,69676.21540020454
42.58,69676.86301928916
42.59,69678.7806301187
42.6,69682.1260945106
42.61,69686.66025499238
42.62,69689.00533564504
42.63,69690.15539335198
42.64,69692.28452463179
42.65,69695.88840860782
42.660000000000004,69698.84923674709
42.67,69701.30727999592
42.68,69703.03850923924
42.69,69704.72169356325
42.7,69708.82636976072
42.71,69710.88188837614
42.72,69711.57691911569
42.730000000000004,69717.11908350782
42.74,69718.11105729466
42.75,69721.66070222789
42.76,69723.58573114601
42.77,69724.46981243862
42.78,69731.14185428532
42.79,69731.44009881318
42.800000000000004,69733.24488720884
42.81,69737.423850087
42.82,69741.36588352971
42.83,69744.8068893585
42.84,69743.47462804534
42.85,69747.21643392862
42.86,69747.78095483857
42.87,69753.29491075542
42.88,69755.85928465957
42.89,69756.76313960213
42.9,69758.73239423985
42.910000000000004,69763.60693463097
42.92,69767.43727386126
42.93,69767.15280242593
42.94,69768.98349736202
42.95,69771.80958719896
42.96,69773.9693576831
42.97,69778.01968112608
42.980000000000004,69781.65388154297
42.99,69782.78833245931
43.0,69787.27978865273
43.01,69787.12536270154
43.02,69790.77240374338
43.03,69793.7246647988
43.04,69796.00166883305
43.050000000000004,69796.38317609756
43.06,69801.77613164493
43.07,69801.25424286544
43.08,69803.84265074162
43.09,69808.31490563184
43.1,69810.71041307463
43.11,69813.0846847626
43.12,69816.39138468112
43.13,69816.70329252674
43.14,69821.2021269835
43.15,69821.76406678802
43.160000000000004,69826.23721590766
43.17,69828.72452329175
43.18,69831.8508455462
43.19,69833.81321468162
43.2,69836.80779506217
43.21,69839.63241277503
43.22,69839.88934092651
43.230000000000004,69843.5724741836
43.24,69845.2863319113
43.25,69850.84420170408
43.26,69852.13369636612
43.27,69854.41449756324
43.28,69857.03195069601
43.29,69859.59888385596
43.300000000000004,69861.23595489383
43.31,69862.1599799044
43.32,69867.91947850838
43.33,69867.56110444912
43.34,69872.18176537105
43.35,69873.1247159664
43.36,69876.26240514185
43.37,69882.5021079844
43.38,69882.17793216003
43.39,69883.99584185777
43.4,69886.93237217306
43.410000000000004,69889.86752432956
43.42,69892.46118749877
43.43,69894.7515060697
43.44,69898.39253469306
43.45,69899.91780532326
43.46,69903.15886453608
43.47,69904.20170261434
43.480000000000004,69909.18085217375
43.49,69911.03940135411
43.5,69912.02283612883
43.51,69915.33227566996
43.52,69917.20563472858
43.53,69921.0254399768
43.54,69923.92695329651
43.550000000000004,69925.88734342382
43.56,69929.83339139004
43.57,69929.87344268152
43.58,69933.44806996729
43.59,69934.1148081416
43.6,69939.19501308666
43.61,69940.40782538675
43.62,69944.39601552687
43.63,69945.66171939904
43.64,69948.13518358696
43.65,69949.05676149143
43.660000000000004,69953.16860171147
43.67,69955.43068418471
43.68,69958.84631492304
43.69,69959.21369076667
43.7,69963.81292758933
43.71,69965.52992295926
43.72,69967.68501876824
43.730000000000004,69969.49928432019
43.74,69975.22770371342
43.75,69975.10310723918
43.76,69977.65727560686
43.77,69981.83217574269
43.78,69985.16462241391
43.79,69987.24195417596
43.800000000000004,69989.02149270428
43.81,69990.54210072232
43.82,69996.07365993723
43.83,69995.96574841216
43.84,69999.49531080849
43.85,70000.93289761222
43.86,70004.26338691928
43.87,70007.68638523652
43.88,70011.28246521816
43.89,70010.52941132525
43.9,70013.64316372146
43.910000000000004,70017.75425432278
43.92,70020.0703173583
43.93,70021.91550041262
43.94,70024.20260976751
43.95,70028.54064736037
43.96,70031.4269460886
43.97,70032.21604279612
43.980000000000004,70034.88089097818
43.99,70037.72862250142
44.0,70039.61114255968
44.01,70042.45158945542
44.02,70045.72651838037
44.03,70048.36981282245
44.04,70051.76876507905
44.050000000000004,70053.50011068764
44.06,70053.33321808607
44.07,70058.00206070326
44.08,70061.04390098197
44.09,70061.75711101713
44.1,70063.82804964251
44.11,70070.05240914541
44.12,70069.90576961101
44.13,70073.7687496776
44.14,70074.69808912626
44.15,70077.49511965693
44.160000000000004,70079.67202596315
44.17,70083.31960308972
44.18,70085.99621872923
44.19,70089.08918484423
44.2,70090.7443483182
44.21,70095.49751941989
44.22,70094.71979622336
44.230000000000004,70097.57298481546
44.24,70103.14312864315
44.25,70101.69586136787
44.26,70106.84160915478
44.27,70108.21909499419
44.28,70112.16435729571
44.29,70116.89308969292
44.300000000000004,70117.48746921081
44.31,70117.86705538485
44.32,70122.41493280149
44.33,70124.91122841538
44.34,70127.20083024436
44.35,70128.25954407212
44.36,70131.81153667862
44.37,70135.1669293248
44.38,70137.2505884392
44.39,70137.74584103873
44.4,70140.58710662316
44.410000000000004,70144.65457941678
44.42,70147.1490463411
44.43,70151.69545726059
44.44,70151.71899606069
44.45,70156.17316568035
44.46,70157.98348060626
44.47,70160.6287229819
44.480000000000004,70162.46925869648
44.49,70165.66485588279
44.5,70166.23276858943
44.51,70168.51501007899
44.52,70173.8317330109
44.53,70176.04500530916
44.54,70176.99824786742
44.550000000000004,70180.57929149672
44.56,70184.2975827919
44.57,70187.41268405473
44.58,70188.00356844174
44.59,70191.42409536487
44.6,70193.46818281252
44.61,70196.27315762901
44.62,70199.9011922262
44.63,70200.50170465352
44.64,70202.29969641131
44.65,70206.90383290808
44.660000000000004,70208.56041779897
44.67,70211.67797644131
44.68,70214.40797838797
44.69,70217.14507325906
44.7,70218.9680735071
44.71,70222.31382661732
44.72,70223.70628496495
44.730000000000004,70227.46002925753
44.74,70228.39094996749
44.75,70233.3069422239
44.76,70234.61025104516
44.77,70235.25231030786
44.78,70239.6243861299
44.79,70242.72267994726
44.800000000000004,70245.40201523286
44.81,70247.74762263322
44.82,70251.21023507706
44.83,70253.76397504447
44.84,70255.5460552596
44.85,70258.396008503
44.86,70260.38189440873
44.87,70263.27491004065
44.88,70267.27317965766
44.89,70267.92584674885
44.9,70270.50503636336
44.910000000000004,70272.48251540611
44.92,70276.29621995513
44.93,70278.24449990474
44.94,70279.9426998504
44.95,70283.5209140733
44.96,70286.0636346373
44.97,70287.7430321718
44.980000000000004,70293.27875648325
44.99,70291.77786891209
45.0,70294.97777937271
45.01,70299.19365032688
45.02,70300.80534895256
45.03,70304.1530164023
45.04,70304.29176855637
45.050000000000004,70308.65965826456
45.06,70311.70240405653
45.07,70313.15423363129
45.08,70317.06156090791
45.09,70317.6422384884
45.1,70320.72948587479
45.11,70323.77049928601
45.12,70326.5125836599
45.13,70328.46249278518
45.14,70331.43717498389
45.15,70334.48757341308
45.160000000000004,70336.5718931573
45.17,70340.24728114165
45.18,70341.3462001352
45.19,70345.04389319358
45.2,70346.77653960633
45.21,70350.73720862105
45.22,70352.31585084143
45.230000000000004,70355.20099986096
45.24,70357.17616437764
45.25,70359.54908326513
45.26,70362.73788030772
45.27,70363.57017675079
45.28,70368.08450833413
45.29,70369.14016626851
45.300000000000004,70372.98721222239
45.31,70374.51596160921
45.32,70378.16767234843
45.33,70378.65854573183
45.34,70382.1792754548
45.35,70385.70970844098
45.36,70387.60113402351
45.37,70389.44524729026
45.38,70393.69979787804
45.39,70395.7693431379
45.4,70398.36400720899
45.410000000000004,70401.16411640625
45.42,70406.1930812446
45.43,70405.76442617956
45.44,70409.14575047568
45.45,70412.2335175021
45.46,70412.65741307048
45.47,70416.42162451986
45.480000000000004,70419.73608972621
45.49,70419.83200923959
45.5,70424.93348711162
45.51,70424.3594185968
45.52,70430.06834166867
45.53,70431.82223920987
45.54,70434.80268673653
45.550000000000004,70436.91370999765
45.56,70439.5171201479
45.57,70442.25615537651
45.58,70445.57401664903
45.59,70448.8967330699
45.6,70450.23762636448
45.61,70453.04797247668
45.62,70455.04167819694
45.63,70458.23515693219
45.64,70459.13230571854
45.65,70462.52035428083
45.660000000000004,70464.07193235731
45.67,70465.79693255191
45.68,70470.92447815501
45.69,70472.36916721344
45.7,70475.74219502785
45.71,70477.25011591849
45.72,70480.7959607151
45.730000000000004,70482.9844310342
45.74,70485.74916946818
45.75,70489.18143193584
45.76,70490.7151259725
45.77,70491.71596319598
45.78,70495.77929829108
45.79,70497.73432063022
45.800000000000004,70500.79100468289
45.81,70503.45382569858
45.82,70505.0109245165
45.83,70507.22595411354
45.84,70511.2890618111
45.85,70514.72956969234
45.86,70517.17796984554
45.87,70518.85821635893
45.88,70521.0281520743
45.89,70523.73246627345
45.9,70523.8532958031
45.910000000000004,70530.30807966286
45.92,70530.6929122636
45.93,70535.44658103777
45.94,70537.99511799819
45.95,70539.54198128774
45.96,70543.30809704735
45.97,70544.28214574789
45.980000000000004,70546.90646450443
45.99,70549.16789352833
46.0,70552.33178368128
46.01,70553.4664779384
46.02,70557.3208096635
46.03,70559.9643472443
46.04,70561.14010698193
46.050000000000004,70565.23662116464
46.06,70567.409438798
46.07,70570.03528416416
46.08,70573.22726307918
46.09,70575.05837277742
46.1,70578.17739567894
46.11,70579.75311291481
46.12,70581.62904890002
46.13,70584.07439477816
46.14,70586.79270658232
46.15,70590.07828886303
46.160000000000004,70593.88992307812
46.17,70594.53938533693
46.18,70598.7202527091
46.19,70601.47046119541
46.2,70603.7565956047
46.21,70606.43423458985
46.22,70608.93050320272
46.230000000000004,70611.45398954775
46.24,70614.09423989954
46.25,70615.72000332367
46.26,70619.19419047656
46.27,70621.15972337112
46.28,70624.46753632826
46.29,70625.03933574016
46.300000000000004,70628.43656607799
46.31,70631.16549623065
46.32,70634.77876998945
46.33,70635.1740471016
46.34,70641.26084511842
46.35,70641.08138341102
46.36,70644.6270283411
46.37,70647.1789287116
46.38,70649.90637434513
46.39,70654.10762786394
46.4,70653.45868872738
46.410000000000004,70659.54285028655
46.42,70659.86947604892
46.43,70663.42231906064
46.44,70665.12874652164
46.45,70669.15956892513
46.46,70670.093785453
46.47,70673.93974514934
46.480000000000004,70674.83560448568
46.49,70678.50962023652
46.5,70678.50953131152
46.51,70681.91886606293
46.52,70683.69890953021
46.53,70688.86070822111
46.54,70689.64396174844
46.550000000000004,70693.1677292349
46.56,70695.35737767676
46.57,70700.40671626596
46.58,70699.90091244494
46.59,70703.01885772304
46.6,70707.50631575352
46.61,70708.33445473
46.62,70712.10667643738
46.63,70712.16963561343
46.64,70715.41876485122
46.65,70718.704176312
46.660000000000004,70720.454407423
46.67,70725.43879892712
46.68,70725.68751166669
46.69,70731.03950896865
46.7,70730.55702710326
46.71,70735.18227678849
46.72,70736.66915373296
46.730000000000004,70737.403113859
46.74,70742.0528015598
46.75,70745.77830522401
46.76,70747.5034271937
46.77,70749.63002688144
46.78,70752.68197328699
46.79,70754.40672993264
46.800000000000004,70758.18210377921
46.81,70760.6966346029
46.82,70762.3690826929
46.83,70765.93041611508
46.84,70769.66722718446
46.85,70770.67461318713
46.86,70773.4736413637
46.87,70775.92145522691
46.88,70777.27535068375
46.89,70779.84820318302
46.9,70782.84717088321
46.910000000000004,70786.82976934532
46.92,70788.0758527306
46.93,70791.00501479022
46.94,70791.8145971328
46.95,70793.81088827693
46.96,70800.70570284512
46.97,70801.87790075445
46.980000000000004,70801.1034344289
46.99,70806.95054371991
47.0,70808.04663332329
47.01,70811.63686915278
47.02,70813.80125355853
47.03,70815.97313992494
47.04,70818.06074157715
47.050000000000004,70821.11807355416
47.06,70824.65548189855
47.07,70825.9335462066
47.08,70830.05177444742
47.09,70830.97357323379
47.1,70834.60824805475
47.11,70838.69752627755
47.12,70839.00909520558
47.13,70841.87435298123
47.14,70846.39843084851
47.15,70847.77262972691
47.160000000000004,70850.57320163684
47.17,70851.18442420736
47.18,70853.36653207254
47.19,70859.32311190305
47.2,70860.03796758906
47.21,70861.90292615451
47.22,70864.24251976833
47.230000000000004,70866.11849995759
47.24,70871.12137267555
47.25,70873.41413896835
47.26,70876.43950651684
47.27,70877.40954838012
47.28,70881.50382267448
47.29,70883.63417117661
47.300000000000004,70886.2035065094
47.31,70886.89554851386
47.32,70889.31147692238
47.33,70892.56561702874
47.34,70895.14186641698
47.35,70897.9390624774
47.36,70899.03487548511
47.37,70901.45423701375
47.38,70907.13596056215
47.39,70909.16812530563
47.4,70912.9074319789
47.410000000000004,70913.87944844841
47.42,70915.96524628147
47.43,70918.47834502398
47.44,70922.17235039924
47.45,70923.54564752671
47.46,70926.80221153398
47.47,70930.45435459206
47.480000000000004,70931.75480224226
47.49,70935.16866760932
47.5,70935.45746071984
47.51,70939.35006977765
47.52,70942.30191555123
47.53,70944.90616932661
47.54,70947.11150519352
47.550000000000004,70951.97999874759
47.56,70952.58376279875
47.57,70953.95799026059
47.58,70958.01672568814
47.59,70960.91753343762
47.6,70964.02446133955
47.61,70963.86627525867
47.62,70963.97234186078
47.63,70967.90779065412
47.64,70972.16523789802
47.65,70974.61308628191
47.660000000000004,70976.6958455478
47.67,70981.31775098667
47.68,70982.61930052025
47.69,70986.35365613496
47.7,70988.88018566574
47.71,70990.95310534822
47.72,70993.51377744054
47.730000000000004,70994.26550913848
47.74,70997.60318122208
47.75,71000.08911575518
47.76,71002.41412048264
47.77,71005.62223295505
47.78,71009.29953904661
47.79,71009.8349012373
47.800000000000004,71013.44312089804
47.81,71015.46979666057
47.82,71019.16523504163
47.83,71019.49472090547
47.84,71024.77642054789
47.85,71028.62603247246
47.86,71028.35062715397
47.870000000000005,71031.88368531963
47.88,71034.85532037454
47.89,71036.1234552599
47.9,71039.80585922577
47.910000000000004,71042.16318416692
47.92,71045.29180082849
47.93,71045.20261308002
47.94,71049.58915559598
47.95,71053.03285904673
47.96,71057.2594916469
47.97,71058.8566711135
47.980000000000004,71061.6973056402
47.99,71064.2997981953
48.0,71066.15564309515
48.01,71068.25975951558
48.02,71069.28231457181
48.03,71073.03272088294
48.04,71076.15754539617
48.050000000000004,71078.77582036755
48.06,71081.3250546337
48.07,71084.47601515398
48.08,71084.8081756864
48.09,71087.7375655209
48.1,71092.65020276769
48.11,71092.126794534
48.120000000000005,71095.49143868661
48.13,71098.00174183008
48.14,71101.60776642888
48.15,71104.52350440927
48.160000000000004,71107.16337117106
48.17,71109.24698283977
48.18,71112.68966642907
48.19,71114.96328274984
48.2,71116.54076752056
48.21,71119.11183737424
48.22,71123.66114539962
48.230000000000004,71123.00108631059
48.24,71127.36296419379
48.25,71131.03458990957
48.26,71131.75865156902
48.27,71134.42831991066
48.28,71135.74837069215
48.29,71138.8552135471
48.300000000000004,71141.40138327931
48.31,71145.5365998384
48.32,71147.45644971529
48.33,71151.5732407549
48.34,71154.36899266783
48.35,71156.0863868825
48.36,71157.69828349672
48.370000000000005,71160.54172905753
48.38,71163.29601236354
48.39,71165.0099027429
48.4,71169.38819348463
48.410000000000004,71170.17769676934
48.42,71175.20151049079
48.43,71175.19032559499
48.44,71178.29325656385
48.45,71181.34043036468
48.46,71184.77239799469
48.47,71187.07005475195
48.480000000000004,71189.78360139184
48.49,71191.04723243411
48.5,71193.81348993862
48.51,71197.17840904341
48.52,71201.16369725356
48.53,71203.20393271648
48.54,71204.51139007728
48.550000000000004,71204.80579164455
48.56,71208.28732366476
48.57,71211.937384055
48.58,71215.3100560628
48.59,71217.258237919
48.6,71219.3943768889
48.61,71222.05507206242
48.620000000000005,71223.2024071434
48.63,71225.71935247167
48.64,71230.73296887112
48.65,71231.05840602609
48.660000000000004,71235.65479706522
48.67,71236.70180359058
48.68,71239.24126646166
48.69,71242.86067989904
48.7,71245.42380267078
48.71,71248.70515190849
48.72,71250.41027638188
48.730000000000004,71254.25588819098
48.74,71255.4669306429
48.75,71257.68842540213
48.76,71259.73433899305
48.77,71263.90429449873
48.78,71267.50267855808
48.79,71269.7156346496
48.800000000000004,71272.26047328982
48.81,71272.42494014143
48.82,71275.16856294493
48.83,71278.0115047906
48.84,71281.23288626522
48.85,71281.66872627585
48.86,71286.5764641384
48.870000000000005,71289.24908034036
48.88,71291.95505728078
48.89,71293.80575799035
48.9,71296.30124945358
48.910000000000004,71300.6109443182
48.92,71301.56681897862
48.93,71304.95788708674
48.94,71308.36668177055
48.95,71308.08876467645
48.96,71310.83383388976
48.97,71316.74256460692
48.980000000000004,71318.4682397763
48.99,71321.58141655536
49.0,71324.66135306006
49.01,71324.8121496694
49.02,71327.88285797353
49.03,71330.12398819685
49.04,71332.83174269594
49.050000000000004,71337.73317808514
49.06,71338.62396205938
49.07,71339.64177870235
49.08,71343.97228233378
49.09,71345.71248005507
49.1,71347.60648276481
49.11,71350.66093486421
49.120000000000005,71352.16305498313
49.13,71357.65820023896
49.14,71359.87327918633
49.15,71362.37057833263
49.160000000000004,71363.93911852664
49.17,71367.36966870827
49.18,71369.72524388866
49.19,71370.49253782816
49.2,71375.36555506545
49.21,71376.66049450103
49.22,71380.26988045705
49.230000000000004,71382.76690550888
49.24,71383.84301316482
49.25,71387.91633694223
49.26,71388.90470264411
49.27,71391.81315247892
49.28,71395.59990520767
49.29,71394.89014620802
49.300000000000004,71399.9775762886
49.31,71401.24611654744
49.32,71405.63102495366
49.33,71407.77646502218
49.34,71409.57116990957
49.35,71412.72982556048
49.36,71415.31884346089
49.370000000000005,71417.61805092677
49.38,71421.08357557721
49.39,71423.06836449046
49.4,71425.38409106205
49.410000000000004,71429.99286771279
49.42,71428.13940328898
49.43,71434.64177033807
49.44,71437.50636317856
49.45,71441.1340945514
49.46,71439.64851802326
49.47,71443.6264665619
49.480000000000004,71447.67321237398
49.49,71449.80331725067
49.5,71451.25151328297
49.51,71452.67212925099
49.52,71457.6306865773
49.53,71458.90885139938
49.54,71462.15558950098
49.550000000000004,71463.83641014219
49.56,71468.78315526394
49.57,71471.23835734463
49.58,71471.22707666812
49.59,71473.74866909333
49.6,71477.22922679003
49.61,71479.1774325141
49.620000000000005,71481.45084271372
49.63,71483.60975035775
49.64,71487.15247774788
49.65,71488.2458417446
49.660000000000004,71492.78713883083
49.67,71495.62124437203
49.68,71497.40637697018
49.69,71499.88297160427
49.7,71502.63374706537
49.71,71506.47903621642
49.72,71508.69313214807
49.730000000000004,71512.47080129579
49.74,71513.21981698246
49.75,71515.07878144055
49.76,71517.82712200555
49.77,71520.26927977904
49.78,71522.6815767459
49.79,71525.65720557401
49.800000000000004,71527.54828955633
49.81,71532.35671226923
49.82,71534.03890849599
49.83,71535.48817431474
49.84,71538.96943269667
49.85,71541.50970097572
49.86,71544.36832133285
49.870000000000005,71548.34587828972
49.88,71549.82819633963
49.89,71551.46144613647
49.9,71554.83120331998
49.910000000000004,71557.21386150277
49.92,71560.73162694678
49.93,71563.17365310958
49.94,71567.19340923324
49.95,71568.60246871738
49.96,71568.67797421612
49.97,71573.24701778954
49.980000000000004,71576.3312492098
49.99,71577.85679829717
50.0,71581.10998220654
50.01,71584.28861058698
50.02,71585.82870606327
50.03,71588.04037828145
50.04,71590.62717900588
50.050000000000004,71590.82416234433
50.06,71596.87215758198
50.07,71598.01947961352
50.08,71602.63421892581
50.09,71603.86766866586
50.1,71605.36760153915
50.11,71607.55206370616
50.120000000000005,71611.22348549892
50.13,71614.64264087545
50.14,71616.06765191177
50.15,71620.29007026539
50.160000000000004,71621.28510532861
50.17,71624.89323663537
50.18,71624.92073806092
50.19,71628.88319181265
50.2,71631.5655101332
50.21,71635.69183975064
50.22,71634.69023325913
50.230000000000004,71642.73558009623
50.24,71643.96031403607
50.25,71643.9628574993
50.26,71647.59598385633
50.27,71650.91630094658
50.28,71652.75357805868
50.29,71653.63615933288
50.300000000000004,71657.67320994685
50.31,71660.18373482098
50.32,71664.13570331788
50.33,71666.54128921297
50.34,71668.7167488345
50.35,71670.28753931055
50.36,71674.98365321821
50.370000000000005,71675.69999243625
50.38,71680.2773168222
50.39,71678.83713468222
50.4,71684.66297343477
50.410000000000004,71686.4752825671
50.42,71685.4364494693
50.43,71691.31307503983
50.44,71694.93012893396
50.45,71696.3037806701
50.46,71698.19070792201
50.47,71702.60410430071
50.480000000000004,71705.19049271128
50.49,71706.06887411058
50.5,71708.92930177922
50.51,71710.79047746073
50.52,71714.85117558502
50.53,71716.69926704689
50.54,71719.50533975137
50.550000000000004,71720.11967967125
50.56,71724.47339829765
50.57,71727.04014287613
50.58,71729.66447107439
50.59,71732.60120444822
50.6,71734.38230562542
50.61,71737.95444104873
50.620000000000005,71738.18953205884
50.63,71743.73503215487
50.64,71745.0471682729
50.65,71747.91456246092
50.660000000000004,71752.53911921917
50.67,71752.19200262924
50.68,71755.77148331868
50.69,71756.86213630482
50.7,71761.58361746515
50.71,71763.26476544235
50.72,71764.95973138428
50.730000000000004,71767.5017345222
50.74,71771.94355147358
50.75,71774.44871670633
50.76,71777.05214475053
50.77,71780.11117930681
50.78,71781.0393063871
50.79,71783.99721754191
50.800000000000004,71786.77252933981
50.81,71789.4583693216
50.82,71792.96235949387
50.83,71793.18645305904
50.84,71799.56830338576
50.85,71798.86894397638
50.86,71801.25167906811
50.870000000000005,71806.82431949873
50.88,71807.52409923253
50.89,71809.85092498256
50.9,71812.17551493351
50.910000000000004,71814.01700802252
50.92,71817.15267264625
50.93,71819.58563508154
50.94,71822.60210764677
50.95,71825.90505100953
50.96,71828.38082655675
50.97,71831.98787360509
50.980000000000004,71834.31493983754
50.99,71835.84057521466
51.0,71839.03951186464
51.01,71840.67578301005
51.02,71842.71622564046
51.03,71844.7282454984
51.04,71848.83069604244
51.050000000000004,71851.65101842924
51.06,71854.9370474441
51.07,71856.70414173305
51.08,71861.63076708159
51.09,71861.27196629567
51.1,71863.34567191236
51.11,71866.44578837077
51.120000000000005,71870.05311202072
51.13,71871.18077504305
51.14,71874.52466643584
51.15,71877.08737863968
51.160000000000004,71878.72596804897
51.17,71880.86255207036
51.18,71884.22899629004
51.19,71888.30446729466
51.2,71890.73962690664
51.21,71892.66660358224
51.22,71894.51557882362
51.230000000000004,71898.07853336964
51.24,71899.60795656794
51.25,71904.13481751167
51.26,71907.52522623849
51.27,71908.1010718979
51.28,71910.11224545079
51.29,71913.55288559676
51.300000000000004,71915.65761750296
51.31,71919.63813776159
51.32,71920.35365044375
51.33,71923.23104222727
51.34,71926.78034033373
51.35,71928.58033585394
51.36,71930.85273761651
51.370000000000005,71933.78483014995
51.38,71935.02812808169
51.39,71938.86478891289
51.4,71941.03146260841
51.410000000000004,71945.21562515335
51.42,71947.01123863409
51.43,71948.05256042468
51.44,71954.27350499366
51.45,71953.68898233394
51.46,71956.95725654355
51.47,71960.0639238203
51.480000000000004,71961.37350427249
51.49,71965.51436844666
51.5,71966.3985660411
51.51,71970.77715072424
51.52,71973.04097808489
51.53,71976.09083208445
51.54,71977.68576962143
51.550000000000004,71979.59929203294
51.56,71984.42505097591
51.57,71986.52187600442
51.58,71988.15550207869
51.59,71991.09098125705
51.6,71994.42756483365
51.61,71997.57271897954
51.620000000000005,71999.9945404471
51.63,72000.9213963242
51.64,72003.40834534103
51.65,72006.44289041236
51.660000000000004,72007.21819555826
51.67,72010.23368677628
51.68,72014.47264789794
51.69,72015.34166524594
51.7,72019.5237602132
51.71,72021.00436985488
51.72,72025.15448519196
51.730000000000004,72025.35035459857
51.74,72029.93995986227
51.75,72033.53516182497
51.76,72033.5420780061
51.77,72035.41068013733
51.78,72040.59065969284
51.79,72045.68176102085
51.800000000000004,72044.24662925139
51.81,72046.50326486642
51.82,72048.79711349666
51.83,72052.5629950712
51.84,72056.15554928525
51.85,72059.22683761192
51.86,72061.12786938474
51.870000000000005,72063.37413602762
51.88,72066.63081334466
51.89,72068.47284698681
51.9,72071.85277477703
51.910000000000004,72074.48234818935
51.92,72075.79614692928
51.93,72080.47430605604
51.94,72080.92783420098
51.95,72084.13563277466
51.96,72087.4108997259
51.97,72087.98857474055
51.980000000000004,72091.97467673292
51.99,72093.76772786601
52.0,72097.10546740198
52.01,72100.82121799693
52.02,72101.16498718385
52.03,72105.25328479896
52.04,72107.19302119767
52.050000000000004,72111.49792425417
52.06,72110.86184352511
52.07,72114.77838469962
52.08,72118.17139046089
52.09,72120.67326041206
52.1,72122.56144765962
52.11,72126.65993527242
52.120000000000005,72128.74848291796
52.13,72129.81400919522
52.14,72133.75095128853
52.15,72135.14441566585
52.160000000000004,72138.11312977182
52.17,72140.80495113162
52.18,72145.04187839087
52.19,72145.95337046986
52.2,72150.93923866416
52.21,72151.30248243443
52.22,72153.6643801854
52.230000000000004,72156.24507103828
52.24,72158.75560560335
52.25,72162.54578601559
52.26,72164.63015157408
52.27,72166.66818214694
52.28,72167.33682706849
52.29,72171.84760242209
52.300000000000004,72176.16784288918
52.31,72176.13777107137
52.32,72177.39241520598
52.33,72181.90779328237
52.34,72185.15702504825
52.35,72188.0109731267
52.36,72187.79781560712
52.370000000000005,72192.54227347285
52.38,72196.49641672688
52.39,72198.94531028278
52.4,72201.29958115082
52.410000000000004,72202.86449279515
52.42,72205.45450802059
52.43,72208.6546352657
52.44,72212.4352142142
52.45,72212.41449101789
52.46,72213.98623084617
52.47,72217.33400502616
52.480000000000004,72220.20440963983
52.49,72223.76196324707
52.5,72226.93468737492
52.51,72228.18532043582
52.52,72231.11412277553
52.53,72233.64161045445
52.54,72235.71473264243
52.550000000000004,72238.35062696238
52.56,72241.76588952173
52.57,72243.83649283867
52.58,72247.83151276948
52.59,72250.86541682699
52.6,72251.56098664064
52.61,72254.54485773256
52.620000000000005,72255.17986465336
52.63,72261.1471081162
52.64,72262.6099857984
52.65,72265.42746797885
52.660000000000004,72267.93755690638
52.67,72269.87979853198
52.68,72271.59358626041
52.69,72275.12943846795
52.7,72277.89548553583
52.71,72281.33671068629
52.72,72284.36090473951
52.730000000000004,72285.49084458023
52.74,72286.90182354921
52.75,72290.37828775216
52.76,72292.8679218378
52.77,72294.91433986013
52.78,72299.16971600488
52.79,72300.09000093734
52.800000000000004,72303.95450393714
52.81,72306.3634307099
52.82,72311.37938394291
52.83,72310.35110006477
52.84,72314.38213116412
52.85,72316.82333667336
52.86,72319.3727385759
52.870000000000005,72322.24744829246
52.88,72323.91370145424
52.89,72326.89835809088
52.9,72329.6837820884
52.910000000000004,72332.59757183645
52.92,72333.35842231073
52.93,72338.27597674869
52.94,72341.0395028683
52.95,72341.44658890081
52.96,72346.43311958505
52.97,72349.24411344423
52.980000000000004,72348.62091440127
52.99,72352.41814653689
53.0,72356.58526569589
53.01,72357.09169256162
53.02,72361.89510275189
53.03,72362.50399629086
53.04,72365.19954504498
53.050000000000004,72369.15689640121
53.06,72373.77724069108
53.07,72372.48347842028
53.08,72376.24878137303
53.09,72379.13889322962
53.1,72381.94791710937
53.11,72384.23913939823
53.120000000000005,72386.8793233661
53.13,72388.51758874225
53.14,72392.47820121696
53.15,72393.35324863394
53.160000000000004,72398.57264617637
53.17,72401.23538103917
53.18,72402.01772609007
53.19,72404.35823397701
53.2,72405.71624603738
53.21,72411.67212085663
53.22,72412.43689292774
53.230000000000004,72414.87729230862
53.24,72417.15473813616
53.25,72420.95842577018
53.26,72423.0705627827
53.27,72425.63198269249
53.28,72428.03777522912
53.29,72429.63472451267
53.300000000000004,72433.52305579284
53.31,72436.308902981
53.32,72437.07259960663
53.33,72441.4817647885
53.34,72444.6632351273
53.35,72444.86012956701
53.36,72447.77348383608
53.370000000000005,72450.81794871604
53.38,72453.96599975055
53.39,72457.42644001299
53.4,72459.69305355409
53.410000000000004,72462.24802918905
53.42,72465.29137447127
53.43,72465.96524430008
53.44,72471.32140800307
53.45,72471.89512746182
53.46,72474.59040660085
53.47,72478.40771719467
53.480000000000004,72479.56119350981
53.49,72480.78731677168
53.5,72485.7844927003
53.51,72486.32448048833
53.52,72490.0729890482
53.53,72494.00030490824
53.54,72494.2396035061
53.550000000000004,72497.45844321631
53.56,72499.83923214205
53.57,72502.17287282652
53.58,72506.18283803163
53.59,72508.9998209265
53.6,72510.65226198887
53.61,72514.47535428361
53.620000000000005,72515.80287248743
53.63,72518.91095294135
53.64,72520.7907399576
53.65,72523.92150702304
53.660000000000004,72525.97362191546
53.67,72530.16473334256
53.68,72532.25033450148
53.69,72533.61624481388
53.7,72537.46775004354
53.71,72540.01627740399
53.72,72541.63483770743
53.730000000000004,72546.24864919069
53.74,72546.15993996947
53.75,72549.96228478296
53.76,72551.90080499783
53.77,72556.09412466502
53.78,72557.56614101646
53.79,72560.86072893115
53.800000000000004,72563.23185574822
53.81,72563.95942914938
53.82,72569.69776937908
53.83,72569.04183729932
53.84,72573.3902616322
53.85,72575.88945041427
53.86,72579.0021597994
53.870000000000005,72581.95958897313
53.88,72583.56231684792
53.89,72586.16139984319
53.9,72588.88362980605
53.910000000000004,72589.49302763498
53.92,72593.30771691292
53.93,72597.39570216081
53.94,72600.61464129502
53.95,72602.17447539566
53.96,72606.52236268483
53.97,72606.54874547374
53.980000000000004,72610.47084854712
53.99,72612.09419370223
54.0,72614.43681285545
54.01,72618.03559434066
54.02,72619.55128156935
54.03,72622.3657544462
54.04,72625.97295966701
54.050000000000004,72625.96564783246
54.06,72630.44267426152
54.07,72633.24108210465
54.08,72633.69895641657
54.09,72637.17332702386
54.1,72641.32585021673
54.11,72644.45214320326
54.120000000000005,72645.90382176952
54.13,72648.3462461244
54.14,72649.56439039385
54.15,72654.54003033649
54.160000000000004,72656.51215042104
54.17,72658.21039291211
54.18,72661.82528830656
54.19,72664.81414657936
54.2,72667.44404271392
54.21,72669.03938599079
54.22,72673.01726229655
54.230000000000004,72674.55738087921
54.24,72679.45074110727
54.25,72680.44641513003
54.26,72682.45995604385
54.27,72684.39994528517
54.28,72687.58811259324
54.29,72688.66143037887
54.300000000000004,72692.54514248754
54.31,72694.59701841707
54.32,72696.33818691381
54.33,72701.21426252168
54.34,72700.52210087545
54.35,72705.31602821538
54.36,72709.15835925777
54.370000000000005,72710.14263057389
54.38,72714.96800744446
54.39,72716.57056447757
54.4,72718.11004638005
54.410000000000004,72722.07966962061
54.42,72724.66392081593
54.43,72726.77429194067
54.44,72728.72212750357
54.45,72731.88740251058
54.46,72735.5049478623
54.47,72737.50811755513
54.480000000000004,72738.52774685205
54.49,72741.15752750622
54.5,72747.18804603672
54.51,72745.44374119458
54.52,72749.14993659535
54.53,72751.86529946694
54.54,72756.70512958236
54.550000000000004,72756.1592254329
54.56,72759.99414209093
54.57,72763.106388513
54.58,72765.80841681115
54.59,72768.05626756728
54.6,72769.2394095715
54.61,72772.93340207705
54.620000000000005,72774.21820797633
54.63,72777.30036676794
54.64,72781.48003523385
54.65,72783.5965129097
54.660000000000004,72784.56460382883
54.67,72787.29208946649
54.68,72788.65102924309
54.69,72794.08932828715
54.7,72797.21800375174
54.71,72798.65022602204
54.72,72802.4836778812
54.730000000000004,72803.03802500608
54.74,72805.9952503059
54.75,72810.41553238807
54.76,72813.23675852631
54.77,72815.46661599608
54.78,72817.48787789201
54.79,72819.02270175288
54.800000000000004,72824.26804676211
54.81,72825.73826183111
54.82,72826.64056206134
54.83,72829.51183204746
54.84,72831.97633081571
54.85,72833.7128377211
54.86,72837.117565872
54.870000000000005,72841.78463935414
54.88,72842.58661081477
54.89,72845.47195836762
54.9,72847.78088301362
54.910000000000004,72849.979625811
54.92,72852.91837876519
54.93,72856.16640811978
54.94,72859.44404825731
54.95,72860.93986739006
54.96,72863.92782579432
54.97,72864.51826246556
54.980000000000004,72867.08354318081
54.99,72871.9060065537
55.0,72873.097647353
55.01,72876.06785928819
55.02,72878.46483242458
55.03,72881.8975245269
55.04,72884.8436133191
55.050000000000004,72888.29209703184
55.06,72890.9237541328
55.07,72891.8932842385
55.08,72895.21082222676
55.09,72896.86004765664
55.1,72901.59994511631
55.11,72903.25694472039
55.120000000000005,72907.517408535
55.13,72908.65718359777
55.14,72910.38918108682
55.15,72912.03851201589
55.160000000000004,72917.50672759734
55.17,72918.52563765376
55.18,72920.79600746014
55.19,72922.54773071107
55.2,72926.78693079103
55.21,72929.55196181763
55.22,72933.85833571081
55.230000000000004,72934.29433312736
55.24,72939.52462115858
55.25,72940.41802560035
55.26,72940.72094429075
55.27,72942.50117369187
55.28,72946.11329749106
55.29,72949.38159203154
55.300000000000004,72951.48977883262
55.31,72955.01927685368
55.32,72956.89789630937
55.33,72959.42889740903
55.34,72962.84727199275
55.35,72965.82687063741
55.36,72968.71475295797
55.370000000000005,72969.77739778692
55.38,72971.67489829868
55.39,72975.30514495086
55.4,72977.89591058993
55.410000000000004,72980.94848650781
55.42,72983.29004806271
55.43,72985.15889674117
55.44,72988.70534479295
55.45,72991.00549750184
55.46,72994.56306667204
55.47,72997.62659732545
55.480000000000004,72999.62115230225
55.49,73003.04874563972
55.5,73004.4147092516
55.51,73008.08729111121
55.52,73008.92057204596
55.53,73010.96751992193
55.54,73014.11105611353
55.550000000000004,73017.0746362122
55.56,73020.70862036932
55.57,73020.93174973967
55.58,73024.8241854096
55.59,73026.74132782577
55.6,73031.88677386854
55.61,73033.20963215928
55.620000000000005,73036.30966265399
55.63,73037.94443000587
55.64,73041.19385454628
55.65,73043.92428399967
55.660000000000004,73045.28211877194
55.67,73048.31674980558
55.68,73049.60973690645
55.69,73053.28108712046
55.7,73056.21976439422
55.71,73058.9126453726
55.72,73062.48733854588
55.730000000000004,73066.62726418207
55.74,73067.12587439806
55.75,73067.19332421287
55.76,73071.29152657455
55.77,73075.43879650439
55.78,73075.47393239767
55.79,73079.98354763523
55.800000000000004,73082.14522525946
55.81,73085.6317801622
55.82,73087.64886305426
55.83,73088.52403996022
55.84,73093.28954963603
55.85,73095.11066574637
55.86,73099.23856531573
55.870000000000005,73099.69839558488
55.88,73103.6735764476
55.89,73105.15504806908
55.9,73108.05409983046
55.910000000000004,73111.0710946204
55.92,73113.83153669065
55.93,73116.62073680086
55.94,73121.09828654489
55.95,73122.4654391616
55.96,73123.91531238906
55.97,73126.49588041643
55.980000000000004,73129.42682664431
55.99,73130.48588192093
56.0,73133.33305533904
56.01,73137.4963489577
56.02,73139.75779036913
56.03,73142.46648629635
56.04,73144.43717216139
56.050000000000004,73147.1368540565
56.06,73149.23502428639
56.07,73151.0974060249
56.08,73156.9393395573
56.09,73157.87260876583
56.1,73161.64002633147
56.11,73162.63962379625
56.120000000000005,73164.3068806804
56.13,73169.17212137258
56.14,73170.73571657769
56.15,73170.62812373397
56.160000000000004,73175.45569675052
56.17,73178.18645546268
56.18,73181.97315305054
56.19,73180.60389961867
56.2,73185.33854976433
56.21,73187.72645015873
56.22,73191.6823558822
56.230000000000004,73193.3633762298
56.24,73196.3893536605
56.25,73199.23184752352
56.26,73203.39938696155
56.27,73205.4838778463
56.28,73206.96299437791
56.29,73211.28054175411
56.300000000000004,73212.25654752122
56.31,73214.84423092021
56.32,73217.73328817385
56.33,73218.6504510603
56.34,73224.7327519559
56.35,73225.9984245691
56.36,73228.17434988204
56.370000000000005,73229.24300167373
56.38,73232.993102567
56.39,73237.23010883924
56.4,73237.24913512613
56.410000000000004,73240.97403027795
56.42,73244.64386109995
56.43,73246.78413146915
56.44,73249.747471547
56.45,73249.51944118604
56.46,73253.54759019312
56.47,73256.80760088928
56.480000000000004,73260.21475755086
56.49,73263.00827903023
56.5,73265.23120090191
56.51,73267.2790970702
56.52,73270.88603272646
56.53,73270.69356334698
56.54,73274.25771238832
56.550000000000004,73274.7085496933
56.56,73278.20324397854
56.57,73284.28057647214
56.58,73286.48357388718
56.59,73287.12073292768
56.6,73289.83206638327
56.61,73292.49568831886
56.620000000000005,73295.83612084354
56.63,73298.31052270277
56.64,73300.17780159641
56.65,73304.11825904435
56.660000000000004,73306.29442868802
56.67,73308.8380129224
56.68,73310.40372515176
56.69,73313.20925340083
56.7,73315.68168435733
56.71,73320.10298622491
56.72,73321.81151119493
56.730000000000004,73324.42056797804
56.74,73327.36821460442
56.75,73331.15766934685
56.76,73332.08601453717
56.77,73333.95916927271
56.78,73338.44897974833
56.79,73339.88496283269
56.800000000000004,73341.97314130985
56.81,73345.014509153
56.82,73347.77410256179
56.83,73348.50954600352
56.84,73353.61439690525
56.85,73355.38796665167
56.86,73358.10787992872
56.870000000000005,73359.34137349941
56.88,73362.63788375382
56.89,73366.5212597758
56.9,73367.17331112425
56.910000000000004,73369.83513135572
56.92,73374.75392078189
56.93,73376.76124352645
56.94,73378.98358728862
56.95,73382.47301200333
56.96,73385.65919206772
56.97,73386.22134277472
56.980000000000004,73389.88117454767
56.99,73394.05818225593
57.0,73393.46753502266
57.01,73397.3360623203
57.02,73399.43104408032
57.03,73402.58637975334
57.04,73406.34691770606
57.050000000000004,73409.64820001289
57.06,73411.67956908145
57.07,73414.49784265592
57.08,73416.33544235588
57.09,73419.12652551106
57.1,73422.20296273392
57.11,73420.22102047731
57.120000000000005,73426.81800187899
57.13,73428.57278378226
57.14,73431.1524753542
57.15,73434.54293630473
57.160000000000004,73436.2931195782
57.17,73439.45138552335
57.18,73441.08216739114
57.19,73442.39533525327
57.2,73445.801705588
57.21,73448.82370959329
57.22,73450.10980444404
57.230000000000004,73453.87949460023
57.24,73457.03420934794
57.25,73460.71260628589
57.26,73462.39725269117
57.27,73465.72220132453
57.28,73469.98853327821
57.29,73470.30587218607
57.300000000000004,73471.87592695442
57.31,73476.91719052808
57.32,73477.65075049532
57.33,73479.27815784719
57.34,73482.06567066864
57.35,73485.63850480906
57.36,73489.44435255736
57.370000000000005,73491.86255575847
57.38,73493.6878399638
57.39,73497.78487123996
57.4,73499.18538926123
57.410000000000004,73502.41797923786
57.42,73504.73857656987
57.43,73505.23197985328
57.44,73510.34456857629
57.45,73512.6788072893
57.46,73516.54653917481
57.47,73517.10160397297
57.480000000000004,73519.85493381409
57.49,73523.29678312363
57.5,73524.96097745202
57.51,73525.84064302928
57.52,73528.68675405819
57.53,73531.69918095275
57.54,73535.46094808984
57.550000000000004,73539.338281163
57.56,73539.82738159878
57.57,73543.30403865516
57.58,73546.16015082569
57.59,73549.96708927947
57.6,73551.76344560852
57.61,73552.53928043082
57.620000000000005,73556.39068982955
57.63,73558.25578659032
57.64,73561.76654585169
57.65,73563.15262496642
57.660000000000004,73568.77204089423
57.67,73569.48845219192
57.68,73571.44538988522
57.69,73573.50335626837
57.7,73577.13244105695
57.71,73577.88666738328
57.72,73582.25809492327
57.730000000000004,73586.02590533048
57.74,73588.26409291188
57.75,73589.03537877207
57.76,73592.45623267222
57.77,73594.90182224594
57.78,73598.42558495172
57.79,73600.25482928689
57.800000000000004,73601.71140947375
57.81,73604.90410254455
57.82,73606.400478282
57.83,73610.75383487948
57.84,73613.27101900574
57.85,73617.20953512729
57.86,73617.77760020415
57.870000000000005,73622.9777649308
57.88,73623.12840510534
57.89,73628.91773397478
57.9,73629.66083783947
57.910000000000004,73631.47268190871
57.92,73633.63720408163
57.93,73635.08012735158
57.94,73642.14572503234
57.95,73641.42274952838
57.96,73645.18612045716
57.97,73648.19812081636
57.980000000000004,73648.4192080408
57.99,73652.84819798794
58.0,73654.0485209707
58.01,73657.76760053069
58.02,73660.73438901706
58.03,73663.3850695322
58.04,73664.12123957055
58.050000000000004,73668.06565803528
58.06,73670.09726575752
58.07,73674.29253437747
58.08,73676.47432360948
58.09,73677.90302433488
58.1,73680.91847734683
58.11,73682.91350205857
58.120000000000005,73687.05405225666
58.13,73688.82772210287
58.14,73691.85416737242
58.15,73694.4319827246
58.160000000000004,73696.97204735965
58.17,73698.42862564538
58.18,73703.82998464408
58.19,73706.20843454864
58.2,73706.26309193899
58.21,73710.55377249361
58.22,73712.03524847263
58.230000000000004,73715.15085029665
58.24,73719.8042451647
58.25,73720.34059134572
58.26,73724.39070742595
58.27,73726.40206203972
58.28,73725.951116143
58.29,73729.13527575665
58.300000000000004,73734.43726450246
58.31,73735.24075846425
58.32,73738.20309776257
58.33,73742.14126886055
58.34,73745.08443630925
58.35,73747.12142037254
58.36,73750.84424047568
58.370000000000005,73752.33325222881
58.38,73753.87597871639
58.39,73756.47060750572
58.4,73758.62605727467
58.410000000000004,73764.24957856988
58.42,73766.0382516917
58.43,73764.98505948861
58.44,73772.64278274371
58.45,73773.6060516168
58.46,73774.93125021098
58.47,73777.35817532925
58.480000000000004,73780.29258313266
58.49,73782.42851432237
58.5,73786.11903033624
58.51,73788.67368284604
58.52,73789.356716505
58.53,73793.78959186579
58.54,73795.56307921754
58.550000000000004,73798.63782630266
58.56,73802.77222789949
58.57,73804.15677026265
58.58,73806.60938728743
58.59,73809.02291541669
58.6,73812.54528667397
58.61,73815.19386923533
58.620000000000005,73818.8348192048
58.63,73818.13918382976
58.64,73824.13380889772
58.65,73825.60935669516
58.660000000000004,73828.89858826814
58.67,73831.17166980456
58.68,73832.89125493525
58.69,73835.43473330096
58.7,73838.99904652846
58.71,73841.6083754831
58.72,73842.72771724172
58.730000000000004,73846.69298633204
58.74,73848.95596392368
58.75,73851.64153606525
58.76,73853.31685642377
58.77,73853.75650502912
58.78,73859.35991382664
58.79,73862.35860518654
58.800000000000004,73863.53513406237
58.81,73868.0013710893
58.82,73868.12059907345
58.83,73870.86484373167
58.84,73874.62139456972
58.85,73876.60012462492
58.86,73880.46122039616
58.870000000000005,73884.47104857543
58.88,73884.4341189146
58.89,73887.83080026443
58.9,73889.57189979182
58.910000000000004,73891.98656634879
58.92,73894.75396839924
58.93,73899.46260820155
58.94,73901.67854916258
58.95,73903.03385064252
58.96,73906.30313117591
58.97,73911.1502995132
58.980000000000004,73911.57192799677
58.99,73914.18374319363
59.0,73917.25732394836
59.01,73919.8445324126
59.02,73922.52751456245
59.03,73923.28079634103
59.04,73925.75471118982
59.050000000000004,73930.54990854418
59.06,73930.86186712359
59.07,73935.10194616039
59.08,73939.91283950373
59.09,73938.6803038634
59.1,73942.93277377107
59.11,73945.77210976121
59.120000000000005,73946.51207206758
59.13,73951.65690160055
59.14,73952.77117867455
59.15,73956.93523127002
59.160000000000004,73956.93632256024
59.17,73961.18729242694
59.18,73962.83288094228
59.19,73967.10098148028
59.2,73968.32596949325
59.21,73969.10734055233
59.22,73972.16438664732
59.230000000000004,73974.93216221097
59.24,73978.81385543158
59.25,73980.72706553139
59.26,73984.00546402282
59.27,73989.0588427937
59.28,73989.25754308655
59.29,73992.88640326227
59.300000000000004,73995.05990738241
59.31,73996.74476423846
59.32,73999.95068932211
59.33,74000.8542454409
59.34,74002.81801742218
59.35,74006.74643455152
59.36,74011.79717229599
59.370000000000005,74013.45778109491
59.38,74017.36263464396
59.39,74019.48479105026
59.4,74019.81998734281
59.410000000000004,74024.2730441682
59.42,74025.50833987894
59.43,74028.58106176413
59.44,74032.50391775703
59.45,74033.81094116413
59.46,74038.03943369427
59.47,74039.53773590032
59.480000000000004,74041.98443646451
59.49,74042.71427755966
59.5,74046.56458938446
59.51,74050.94996249501
59.52,74051.29046281107
59.53,74055.10713552976
59.54,74056.68712328504
59.550000000000004,74058.22126575065
59.56,74063.01929462476
59.57,74065.43110219971
59.58,74067.51416356674
59.59,74071.10385647452
59.6,74072.49728007545
59.61,74076.40956462735
59.620000000000005,74078.10416355211
59.63,74083.25396122565
59.64,74082.78253571916
59.65,74087.90780902618
59.660000000000004,74089.76226091672
59.67,74091.20685115163
59.68,74094.16456883494
59.69,74095.56993457125
59.7,74099.8418949786
59.71,74100.39269907914
59.72,74104.57834841225
59.730000000000004,74107.24386424113
59.74,74111.1291459156
59.75,74114.49652143045
59.76,74115.52573045336
59.77,74117.44408386834
59.78,74119.71594615898
59.79,74122.78086047788
59.800000000000004,74125.34347712483
59.81,74127.43229472681
59.82,74129.806913057
59.83,74132.84713671732
59.84,74135.62556247153
59.85,74139.5283540452
59.86,74141.475415128
59.870000000000005,74143.69943280098
59.88,74145.71395351044
59.89,74149.46051709329
59.9,74151.76841160728
59.910000000000004,74154.73626692148
59.92,74157.59022214208
59.93,74159.58379494095
59.94,74161.50386262841
59.95,74166.32544220415
59.96,74167.68594990033
59.97,74169.99691201464
59.980000000000004,74173.40228086447
59.99,74176.63281529942
60.0,74177.52345902708
60.01,74180.43492929036
60.02,74182.59968671238
60.03,74186.10569950921
60.04,74188.30081209764
60.050000000000004,74191.34647982528
60.06,74194.33690950458
60.07,74194.41324039198
60.08,74199.62191996793
60.09,74201.45376908334
60.1,74204.64088807073
60.11,74205.60542833459
60.120000000000005,74209.25882347107
60.13,74212.94771310645
60.14,74215.42459688823
60.15,74216.2857681533
60.160000000000004,74220.89834852099
60.17,74223.91851639094
60.18,74225.41050574052
60.19,74229.1099944196
60.2,74229.41091488421
60.21,74234.78498466054
60.22,74235.77405650892
60.230000000000004,74238.2860803103
60.24,74239.19988595926
60.25,74243.96805604734
60.26,74245.03139067987
60.27,74249.6500113511
60.28,74252.47550069234
60.29,74253.66233615483
60.300000000000004,74254.78357831208
60.31,74256.54756615567
60.32,74264.16700414607
60.33,74264.56805099243
60.34,74266.35282685958
60.35,74267.311327616
60.36,74271.81793101945
60.370000000000005,74274.52351492134
60.38,74275.74242925875
60.39,74279.69448796114
60.4,74282.77296705039
60.410000000000004,74285.40528467413
60.42,74288.03022803733
60.43,74290.29133691068
60.44,74294.0376945465
60.45,74295.20226415925
60.46,74298.41448830982
60.47,74300.89732504917
60.480000000000004,74303.38556637953
60.49,74306.5897454114
60.5,74309.0918719857
60.51,74313.12708243047
60.52,74314.48564454287
60.53,74316.15495816292
60.54,74318.44006975123
60.550000000000004,74320.15232548992
60.56,74324.98663691914
60.57,74327.62790033745
60.58,74332.70433928237
60.59,74333.68675985321
60.6,74335.91771849965
60.61,74337.99941806147
60.620000000000005,74340.47571948354
60.63,74343.19600668723
60.64,74344.81933390578
60.65,74347.13997610635
60.660000000000004,74352.83290275594
60.67,74352.7027367052
60.68,74353.65206058185
60.69,74359.56198725125
60.7,74361.30553906501
60.71,74363.56782762826
60.72,74367.07600650682
60.730000000000004,74369.44812026722
60.74,74372.36774826766
60.75,74372.8058483791
60.76,74376.47114167096
60.77,74379.84826368191
60.78,74383.1238900531
60.79,74385.11430677457
60.800000000000004,74386.10828381508
60.81,74392.9100763608
60.82,74393.89003102778
60.83,74394.96332358314
60.84,74396.0089393468
60.85,74400.16723412774
60.86,74402.96642457235
60.870000000000005,74406.58297743148
60.88,74408.37465789447
60.89,74410.72928652508
60.9,74413.92066160572
60.910000000000004,74415.18966534619
60.92,74419.77337735136
60.93,74420.29931006952
60.94,74423.98430447011
60.95,74427.71436726055
60.96,74429.76347779819
60.97,74431.31899271856
60.980000000000004,74434.56359532669
60.99,74437.56603315948
61.0,74439.88695293451
61.01,74442.78110110745
61.02,74443.8548453764
61.03,74445.91765858995
61.04,74449.63062869811
61.050000000000004,74453.38286358962
61.06,74455.42918521467
61.07,74457.77813753946
61.08,74461.0656401956
61.09,74463.82476294956
61.1,74466.45513960763
61.11,74468.67980065323
61.120000000000005,74471.18623170932
61.13,74474.22275216937
61.14,74476.67154610995
61.15,74479.60621706009
61.160000000000004,74482.50213724062
61.17,74485.5095038762
61.18,74488.72934526214
61.19,74490.29047656203
61.2,74491.75161022983
61.21,74496.27711183805
61.22,74495.38943303587
61.230000000000004,74499.02805234124
61.24,74502.99526214445
61.25,74505.1807011897
61.26,74508.85762057675
61.27,74511.03496397097
61.28,74512.29685457812
61.29,74516.89109452411
61.300000000000004,74519.71460226864
61.31,74521.29924847806
61.32,74524.02029751384
61.33,74525.15252829118
61.34,74528.36928440107
61.35,74533.20170953535
61.36,74534.84666500681
61.370000000000005,74536.60240282812
61.38,74541.22592202523
61.39,74540.05086051741
61.4,74545.23603791923
61.410000000000004,74548.5918882886
61.42,74549.34481698049
61.43,74551.15837181963
61.44,74555.29302235809
61.45,74557.6700288374
61.46,74561.03549605417
61.47,74563.03169077878
61.480000000000004,74566.43720335797
61.49,74568.69946117932
61.5,74570.75723048077
61.51,74573.37181855997
61.52,74576.2041843963
61.53,74579.6309179156
61.54,74581.19564642139
61.550000000000004,74584.32859234318
61.56,74588.32808526927
61.57,74588.65725155071
61.58,74592.59932551278
61.59,74593.97525993992
61.6,74596.94806552437
61.61,74599.5344535565
61.620000000000005,74601.2192065371
61.63,74606.50053927564
61.64,74606.50719441891
61.65,74610.20136874406
61.660000000000004,74611.07680524098
61.67,74617.00674058512
61.68,74617.01205752896
61.690000000000005,74622.55496276378
61.7,74623.1244019815
61.71,74626.16079769982
61.72,74625.89622440342
61.730000000000004,74631.07968258267
61.74,74634.12033831945
61.75,74636.58650239147
61.76,74638.90751347266
61.77,74641.60997755262
61.78,74643.92769777431
61.79,74646.27417775165
61.800000000000004,74648.95640539477
61.81,74651.05723998722
61.82,74655.34537663018
61.83,74657.92302311661
61.84,74663.20926911516
61.85,74662.89378846908
61.86,74664.00532240668
61.870000000000005,74667.99502674754
61.88,74671.10667936284
61.89,74673.47120764141
61.9,74674.42700127198
61.910000000000004,74678.39267368036
61.92,74679.62605208704
61.93,74682.04354126404
61.940000000000005,74686.2497596087
61.95,74688.08630800998
61.96,74691.69322269161
61.97,74693.160826753
61.980000000000004,74697.06782496198
61.99,74700.89774080139
62.0,74702.7822965359
62.01,74704.59347413457
62.02,74707.75124227039
62.03,74711.00742407475
62.04,74713.40987027394
62.050000000000004,74716.91346183872
62.06,74717.39420559892
62.07,74720.83806550523
62.08,74721.827655062
62.09,74726.28503242135
62.1,74727.9990681232
62.11,74732.61491929545
62.120000000000005,74732.81668730757
62.13,74737.42632939723
62.14,74739.58005753228
62.15,74744.56611086865
62.160000000000004,74745.57182017408
62.17,74746.43903869108
62.18,74749.60578804064
62.190000000000005,74751.30788170264
62.2,74754.24443121727
62.21,74756.74940490215
62.22,74761.3029661409
62.230000000000004,74763.38143008768
62.24,74764.20400070302
62.25,74768.95052239315
62.26,74770.93889510652
62.27,74773.25319065602
62.28,74776.85057046195
62.29,74779.12764879687
62.300000000000004,74780.93917416625
62.31,74784.85685078701
62.32,74786.61307121866
62.33,74787.93523549433
62.34,74791.4263463919
62.35,74795.97300304087
62.36,74799.24430359088
62.370000000000005,74801.35635658278
62.38,74803.70647110227
62.39,74805.21149992484
62.4,74806.42718423455
62.410000000000004,74810.24617745353
62.42,74812.91500588886
62.43,74815.1141789769
62.440000000000005,74817.18977935787
62.45,74820.86239666474
62.46,74823.28838624698
62.47,74824.80049128304
62.480000000000004,74828.2397446729
62.49,74831.63409220315
62.5,74834.49248295455
62.51,74833.95321669079
62.52,74837.25267338526
62.53,74841.50914354796
62.54,74844.03982881329
62.550000000000004,74844.54245128816
62.56,74849.43445243823
62.57,74852.7588706178
62.58,74855.80749458706
62.59,74858.00307120924
62.6,74859.6853475036
62.61,74862.95573280785
62.620000000000005,74863.72786833132
62.63,74868.70533794741
62.64,74870.20818254145
62.65,74873.52059281552
62.660000000000004,74875.49988157039
62.67,74876.60877724865
62.68,74882.53031504249
62.690000000000005,74884.9074435708
62.7,74885.0493727296
62.71,74887.57340360037
62.72,74891.6647011528
62.730000000000004,74891.82696550738
62.74,74896.65003546613
62.75,74899.10932284413
62.76,74902.75219215408
62.77,74905.18447157535
62.78,74908.52085608075
62.79,74909.00855564591
62.800000000000004,74912.20494807868
62.81,74915.69090805073
62.82,74918.70392158003
62.83,74920.39334739026
62.84,74922.53204596485
62.85,74924.1303321459
62.86,74930.07992750287
62.870000000000005,74929.8124284094
62.88,74933.86091985521
62.89,74936.79029839885
62.9,74938.04760384631
62.910000000000004,74942.24525940808
62.92,74944.87326333219
62.93,74946.69628558337
62.940000000000005,74951.052810308
62.95,74952.44803950252
62.96,74952.64550181675
62.97,74957.50421146103
62.980000000000004,74959.42952194657
62.99,74961.74544502143
63.0,74964.65490520632
63.01,74968.5473538026
63.02,74969.42791227199
63.03,74973.18113193536
63.04,74976.56694641593
63.050000000000004,74977.59886545684
63.06,74978.92361256006
63.07,74985.1749429296
63.08,74986.19004353735
63.09,74988.7800816712
63.1,74991.40967795231
63.11,74993.81399539196
63.120000000000005,74996.03433257746
63.13,75001.70574844039
63.14,75002.24097727465
63.15,75004.26849123428
63.160000000000004,75007.61230378268
63.17,75009.95200237936
63.18,75013.13048604321
63.190000000000005,75014.92272481121
63.2,75016.30811422113
63.21,75019.26835781177
63.22,75022.09983748868
63.230000000000004,75025.52333294439
63.24,75027.89904287294
63.25,75030.63864315298
63.26,75032.13747704131
63.27,75034.28912388529
63.28,75039.7321947413
63.29,75039.3449448561
63.300000000000004,75042.7568866548
63.31,75046.9289081183
63.32,75047.87401400215
63.33,75053.1168842981
63.34,75052.43891769156
63.35,75057.06032098517
63.36,75058.06734825746
63.370000000000005,75061.59057442348
63.38,75064.83249705295
63.39,75067.37692061871
63.4,75068.4111455549
63.410000000000004,75072.96427501865
63.42,75072.80508402524
63.43,75078.54823824351
63.440000000000005,75081.65962237855
63.45,75083.48699850077
63.46,75084.6834423371
63.47,75090.1783575441
63.480000000000004,75091.80590634486
63.49,75094.373635213
63.5,75097.24222072537
63.51,75099.94780675815
63.52,75102.7602372705
63.53,75103.08436540207
63.54,75107.79060737681
63.550000000000004,75109.1687900038
63.56,75110.97016076678
63.57,75115.46930814597
63.58,75115.8598718321
63.59,75121.319316809
63.6,75122.44630912872
63.61,75125.49370251768
63.620000000000005,75128.92474620802
63.63,75130.81649757104
63.64,75133.16919329537
63.65,75134.6294486667
63.660000000000004,75139.89385534718
63.67,75141.25263072974
63.68,75143.83102413142
63.690000000000005,75147.14495609002
63.7,75149.79890395759
63.71,75152.73248523106
63.72,75153.70833596884
63.730000000000004,75157.71467321551
63.74,75159.4109004578
63.75,75161.16213879058
63.76,75164.49884687254
63.77,75166.35904001728
63.78,75170.84843387418
63.79,75170.77621252947
63.800000000000004,75176.76452046716
63.81,75178.30230124922
63.82,75180.39533144959
63.83,75184.41407269244
63.84,75184.69226901664
63.85,75187.7713684147
63.86,75192.27779357949
63.870000000000005,75194.15169014546
63.88,75194.77762761846
63.89,75199.51352364325
63.9,75202.85363298144
63.910000000000004,75205.89002886205
63.92,75206.00500857593
63.93,75207.86778588928
63.940000000000005,75211.90521133489
63.95,75214.07037967385
63.96,75217.21856750839
63.97,75222.44847400927
63.980000000000004,75222.14414751291
63.99,75225.12558064287
64.0,75225.86233893705
64.01,75229.2583217558
64.02,75233.47421793902
64.03,75236.53305759611
64.04,75238.34567398268
64.05,75240.91720572839
64.06,75243.79713929142
64.07000000000001,75245.75489747782
64.08,75247.88076448966
64.09,75251.6808181813
64.1,75254.7048856594
64.11,75256.81026410854
64.12,75256.98648219381
64.13,75261.1930611165
64.14,75266.47820987302
64.15,75268.14822550834
64.16,75270.31030692162
64.17,75271.94001046882
64.18,75276.59460101645
64.19,75279.11204783947
64.2,75280.9230833634
64.21000000000001,75283.99537385644
64.22,75285.29380603088
64.23,75288.6441235744
64.24,75291.0560129002
64.25,75293.55368265432
64.26,75296.02985524536
64.27,75298.8936257625
64.28,75300.94378390952
64.29,75302.61936242571
64.3,75307.68798635495
64.31,75310.48079265932
64.32000000000001,75312.00295803208
64.33,75313.94424888652
64.34,75316.16543546712
64.35,75319.9810092611
64.36,75323.48118597074
64.37,75327.14256926018
64.38,75327.29348786054
64.39,75332.20108786397
64.4,75332.17917340918
64.41,75335.03214278337
64.42,75338.56597448264
64.43,75340.81463568403
64.44,75344.27396362498
64.45,75346.3227996088
64.46000000000001,75347.03255265817
64.47,75352.49041118335
64.48,75355.01231732803
64.49,75357.52120965275
64.5,75358.44291691841
64.51,75361.50313976685
64.52,75365.20184484593
64.53,75369.24836366765
64.54,75371.79899450096
64.55,75371.45454683056
64.56,75377.15932907414
64.57000000000001,75377.99114387836
64.58,75380.48570062098
64.59,75381.99189901484
64.6,75385.36639657301
64.61,75388.92298095895
64.62,75390.51782869935
64.63,75395.01847136668
64.64,75397.10154463007
64.65,75398.36207346727
64.66,75402.78091009223
64.67,75405.22120061722
64.68,75407.71827395496
64.69,75409.62938592232
64.7,75411.41357403122
64.71000000000001,75415.86817933922
64.72,75417.64318843458
64.73,75421.73803867231
64.74,75424.98606254623
64.75,75425.36192312202
64.76,75429.34516400934
64.77,75431.18791729923
64.78,75433.95917776047
64.79,75436.06767284959
64.8,75436.37183989039
64.81,75443.20627651583
64.82000000000001,75444.72313206506
64.83,75445.97115502607
64.84,75448.08745603124
64.85,75454.3217631889
64.86,75452.21284085089
64.87,75455.74802522009
64.88,75460.34511825664
64.89,75462.42316748173
64.9,75464.18670307407
64.91,75469.03568203072
64.92,75472.70517737142
64.93,75473.72937864398
64.94,75476.32955652515
64.95,75480.30520067229
64.96000000000001,75480.96382043895
64.97,75483.23914680707
64.98,75486.38647364036
64.99,75489.8247998519
65.0,75492.13043913044
65.01,75496.20790666633
65.02,75497.59902402536
65.03,75499.75328849867
65.04,75503.74497565777
65.05,75503.61071578805
65.06,75508.72810522564
65.07000000000001,75509.6354068435
65.08,75514.91006091016
65.09,75515.24503654937
65.1,75516.37660906691
65.11,75519.46645971408
65.12,75521.11751483963
65.13,75526.23119776127
65.14,75530.23546094469
65.15,75530.5111995629
65.16,75534.10951890689
65.17,75536.61854196806
65.18,75538.71943283566
65.19,75541.82319871447
65.2,75543.66990095134
65.21000000000001,75546.42608788135
65.22,75550.93421344012
65.23,75551.12585813821
65.24,75553.48229658625
65.25,75558.76308347707
65.26,75557.8487713835
65.27,75562.04515858996
65.28,75565.07841192179
65.29,75569.98263041208
65.3,75569.46100926532
65.31,75571.55819994051
65.32000000000001,75573.9088401041
65.33,75578.38180626159
65.34,75580.97077804823
65.35,75582.13454980917
65.36,75585.74974961371
65.37,75588.47653259826
65.38,75590.41263812037
65.39,75596.862886855
65.4,75598.77313438886
65.41,75598.11766536337
65.42,75602.83717580367
65.43,75606.45336943738
65.44,75607.85233993454
65.45,75610.29650658373
65.46000000000001,75611.78534529921
65.47,75614.54474241156
65.48,75618.6068904077
65.49,75620.21950819566
65.5,75624.96712375621
65.51,75626.10691727692
65.52,75629.56102767857
65.53,75631.53257164735
65.54,75633.5604490723
65.55,75634.98281924997
65.56,75638.94821370847
65.57000000000001,75641.14112343572
65.58,75645.45530026952
65.59,75647.52463888959
65.6,75648.22394572203
65.61,75652.02835333793
65.62,75655.81063350185
65.63,75658.90686877319
65.64,75660.77988037633
65.65,75660.04379399262
65.66,75664.07048939566
65.67,75667.04295766052
65.68,75670.05918394512
65.69,75673.84281109505
65.7,75675.46058177916
65.71000000000001,75678.8075379528
65.72,75679.99083798385
65.73,75683.94733250442
65.74,75684.11123682192
65.75,75689.04692360597
65.76,75691.01594389348
65.77,75693.33384778496
65.78,75695.74449614283
65.79,75699.14482910249
65.8,75703.6707493247
65.81,75705.56650044546
65.82000000000001,75706.39522372409
65.83,75709.60686924346
65.84,75712.89055687329
65.85,75717.13601935591
65.86,75718.52378107284
65.87,75721.82756931841
65.88,75722.13835274472
65.89,75725.25402434447
65.9,75728.07503601661
65.91,75730.19096853114
65.92,75733.33822430049
65.93,75735.96046012593
65.94,75739.74917605035
65.95,75740.72942601735
65.96000000000001,75744.83860632975
65.97,75746.19152758719
65.98,75747.88703754006
65.99,75753.76924129915
66.0,75754.72297755332
66.01,75758.91656306923
66.02,75760.43092009344
66.03,75762.51822892873
66.04,75765.92673584221
66.05,75768.15679554858
66.06,75771.0605493598
66.07000000000001,75773.44690596855
66.08,75775.92737915675
66.09,75777.6411260449
66.1,75782.40278577444
66.11,75784.99074243505
66.12,75787.56895310317
66.13,75789.72865371653
66.14,75790.95266800695
66.15,75793.06941942975
66.16,75797.78761921408
66.17,75799.04805820962
66.18,75802.03698074045
66.19,75806.59904331849
66.2,75806.5862468721
66.21000000000001,75812.22556261397
66.22,75813.28935027866
66.23,75815.61282144238
66.24,75820.03203479692
66.25,75822.3189399713
66.26,75824.2074858893
66.27,75825.51856130298
66.28,75830.56424944168
66.29,75830.58939522746
66.3,75835.11790136978
66.31,75836.08003832764
66.32000000000001,75840.6310749009
66.33,75841.27422113008
66.34,75844.29525754068
66.35,75847.38399412378
66.36,75850.88044231237
66.37,75854.42477255347
66.38,75855.29812332995
66.39,75859.1271654952
66.4,75861.14250826952
66.41,75864.74244888718
66.42,75865.61492945265
66.43,75867.70540323346
66.44,75870.45204162846
66.45,75873.62346569891
66.46000000000001,75875.40084602067
66.47,75879.89690366664
66.48,75881.5441030334
66.49,75883.23071983195
66.5,75887.3320424209
66.51,75889.6000289906
66.52,75892.02577593211
66.53,75896.29222892581
66.54,75898.98516982817
66.55,75901.02638035238
66.56,75902.93637599683
66.57000000000001,75906.26345619197
66.58,75908.52150421964
66.59,75912.56830004237
66.6,75912.40584307669
66.61,75916.58371850669
66.62,75917.40858971488
66.63,75920.82628550788
66.64,75924.4086281475
66.65,75926.11940282631
66.66,75928.45789238728
66.67,75931.36589538929
66.68,75933.2136814027
66.69,75937.10021560818
66.7,75939.28077385027
66.71000000000001,75942.44261475353
66.72,75945.38813389446
66.73,75947.91889398954
66.74,75949.85182250601
66.75,75951.36530130528
66.76,75957.05921787178
66.77,75958.88287727634
66.78,75961.27234106048
66.79,75963.0039380396
66.8,75966.15058537759
66.81,75968.26878056058
66.82000000000001,75971.25467315264
66.83,75975.84764193193
66.84,75977.70634942621
66.85,75980.75629198825
66.86,75981.45914324932
66.87,75983.55659964927
66.88,75987.91390407285
66.89,75990.52826391034
66.9,75993.31176958392
66.91,75996.73575044842
66.92,75998.73086107825
66.93,75999.88616824018
66.94,76001.86363702772
66.95,76006.26731369528
66.96000000000001,76008.9224771014
66.97,76012.07368181978
66.98,76014.06114934398
66.99,76017.21158616757
67.0,76019.0553353967
67.01,76021.13841299314
67.02,76025.1134946888
67.03,76030.17971342147
67.04,76028.87019864605
67.05,76032.90841356957
67.06,76034.9498561515
67.07000000000001,76037.72162339736
67.08,76039.60504970925
67.09,76044.07545887993
67.1,76045.93747344508
67.11,76047.7362139029
67.12,76051.08783412173
67.13,76054.02805269239
67.14,76056.24365627169
67.15,76058.68097551794
67.16,76062.0735356497
67.17,76062.67736601584
67.18,76067.70048758155
67.19,76071.0594502396
67.2,76073.03666574534
67.21000000000001,76073.4381047766
67.22,76078.5892384867
67.23,76081.93008813621
67.24,76082.95884819396
67.25,76085.17925222547
67.26,76089.09642166473
67.27,76090.46356605849
67.28,76093.39467832113
67.29,76096.47323159204
67.3,76099.13215561988
67.31,76100.54614226805
67.32000000000001,76102.46040201672
67.33,76105.7475362549
67.34,76109.26938109241
67.35,76112.89580083058
67.36,76114.45086392238
67.37,76116.06130300688
67.38,76118.74227292751
67.39,76122.63780875027
67.4,76122.94911906183
67.41,76127.70367329092
67.42,76129.98493387237
67.43,76135.46980943004
67.44,76135.67344710733
67.45,76137.61716062383
67.46000000000001,76138.60889175389
67.47,76145.33668885991
67.48,76146.80170273806
67.49,76147.94585971498
67.5,76151.09698730781
67.51,76154.6883978375
67.52,76157.03778493214
67.53,76160.42180182342
67.54,76163.50448305004
67.55,76163.69082115864
67.56,76167.07104798626
67.57000000000001,76170.81233190566
67.58,76172.50711161102
67.59,76175.34203431633
67.6,76177.09327246525
67.61,76180.5970083311
67.62,76184.57684245454
67.63,76185.90066083142
67.64,76190.29356919254
67.65,76192.90689456508
67.66,76195.40386109754
67.67,76197.99424313703
67.68,76200.42441123695
67.69,76200.76082798197
67.7,76203.65899811886
67.71000000000001,76205.71785152995
67.72,76211.40660167817
67.73,76211.95663270808
67.74,76214.74542290106
67.75,76218.18154436289
67.76,76221.72410831714
67.77,76222.74498676906
67.78,76226.9918097272
67.79,76228.02912977296
67.8,76231.02276905332
67.81,76233.47056632425
67.82000000000001,76234.59324860296
67.83,76240.21096561679
67.84,76241.52562572065
67.85,76244.53848299765
67.86,76246.86350320312
67.87,76250.0729933253
67.88,76250.91701577083
67.89,76254.57323700385
67.9,76258.12729203886
67.91,76261.26018891943
67.92,76263.23720760953
67.93,76266.68784313515
67.94,76267.64583391737
67.95,76270.81048529873
67.96000000000001,76274.93240932339
67.97,76275.57780001304
67.98,76277.22883183969
67.99,76281.09939272235
68.0,76282.55563655394
68.01,76285.37229762896
68.02,76288.70632581331
68.03,76291.70757875784
68.04,76292.23315914972
68.05,76296.7242520619
68.06,76302.99901274084
68.07000000000001,76301.3261149815
68.08,76306.67126540889
68.09,76309.31771717941
68.1,76311.101352947
68.11,76314.07117445696
68.12,76316.72122386075
68.13,76320.25853772032
68.14,76320.88979110637
68.15,76325.93792371228
68.16,76327.66514982206
68.17,76329.9526461524
68.18,76330.43685201884
68.19,76333.12273841878
68.2,76336.50322325873
68.21000000000001,76340.08417261628
68.22,76342.07674339092
68.23,76345.23431472018
68.24,76348.25842246437
68.25,76350.12611910827
68.26,76351.49943862762
68.27,76357.08466249848
68.28,76357.49283195
68.29,76361.14737301227
68.3,76364.7369561681
68.31,76367.64355583908
68.32000000000001,76368.95222172617
68.33,76370.6953343188
68.34,76374.408269259
68.35000000000001,76376.46365067139
68.36,76380.94144702639
68.37,76381.65924109543
68.38,76384.44351561507
68.39,76387.68287392655
68.4,76390.36590152913
68.41,76393.10181588471
68.42,76395.4351056463
68.43,76398.5923382204
68.44,76400.79495348988
68.45,76403.48734744996
68.46000000000001,76405.59373341754
68.47,76410.86437102109
68.48,76410.73868791257
68.49,76413.43192294869
68.5,76414.73238381224
68.51,76420.35819871422
68.52,76421.198008569
68.53,76424.86802498941
68.54,76427.01540323184
68.55,76429.9009548291
68.56,76434.1390394124
68.57000000000001,76435.9330819938
68.58,76438.14125811865
68.59,76440.524516995
68.60000000000001,76443.44018606594
68.61,76445.31982859742
68.62,76449.88472213314
68.63,76450.56606488525
68.64,76452.76304188756
68.65,76457.02420387627
68.66,76458.65421378099
68.67,76462.12372087983
68.68,76463.29515624294
68.69,76465.90537647175
68.7,76469.32996295746
68.71000000000001,76472.47066785133
68.72,76475.63327257991
68.73,76477.71799087116
68.74,76479.52563000124
68.75,76482.81674393667
68.76,76486.58575204048
68.77,76486.39523342701
68.78,76490.46387203716
68.79,76492.18987614369
68.8,76496.31482998011
68.81,76498.6710301855
68.82000000000001,76501.54933734144
68.83,76505.70062672136
68.84,76507.35422755484
68.85000000000001,76509.25665398304
68.86,76512.0917149839
68.87,76514.59823516545
68.88,76516.00897417386
68.89,76520.01873806333
68.9,76523.10632304016
68.91,76522.3768741338
68.92,76527.72952066106
68.93,76530.41415227353
68.94,76532.39611439467
68.95,76535.60162892671
68.96000000000001,76538.28949577162
68.97,76538.5472161898
68.98,76543.78440565316
68.99,76545.8613478383
69.0,76548.47643165958
69.01,76551.2688959096
69.02,76554.51839119146
69.03,76556.11513299384
69.04,76560.11371001582
69.05,76562.69546109287
69.06,76565.5258205012
69.07000000000001,76569.6530639566
69.08,76571.27704737074
69.09,76571.53104776012
69.10000000000001,76575.02290401622
69.11,76578.05520843394
69.12,76580.70761115539
69.13,76581.3806428731
69.14,76585.84462495547
69.15,76588.09659876347
69.16,76592.02218653807
69.17,76594.22723863585
69.18,76598.50122293468
69.19,76599.92320344853
69.2,76601.82036769322
69.21000000000001,76604.49684299376
69.22,76605.91027846026
69.23,76609.44607504517
69.24,76612.88267544068
69.25,76615.7438367129
69.26,76617.99572857287
69.27,76620.72174616143
69.28,76623.58513412625
69.29,76624.57043939398
69.3,76627.84843206199
69.31,76632.05283687373
69.32000000000001,76633.14447958188
69.33,76637.60020969763
69.34,76640.08644167671
69.35000000000001,76642.86908342784
69.36,76644.72997093678
69.37,76646.06996100645
69.38,76648.20572108123
69.39,76651.81767548315
69.4,76656.31077535075
69.41,76658.3830687609
69.42,76660.42487435484
69.43,76663.39179426934
69.44,76666.56975983793
69.45,76667.46740447605
69.46000000000001,76671.13852787796
69.47,76673.2307228707
69.48,76675.37307413042
69.49,76678.34916767235
69.5,76681.56641306223
69.51,76684.18114652441
69.52,76687.19524763526
69.53,76688.33723688089
69.54,76691.09048968641
69.55,76692.54828244256
69.56,76698.2891397388
69.57000000000001,76699.37745727625
69.58,76703.38516202646
69.59,76706.46182489967
69.60000000000001,76708.08979861224
69.61,76710.50209148048
69.62,76711.78338650984
69.63,76716.56217770033
69.64,76720.56443242983
69.65,76722.87807776972
69.66,76723.46032686932
69.67,76727.08583428965
69.68,76730.3793780991
69.69,76732.45785382029
69.7,76736.93530576181
69.71000000000001,76736.7304863375
69.72,76740.81353164456
69.73,76741.20630910271
69.74,76745.03942524071
69.75,76749.56015905991
69.76,76751.94099728353
69.77,76752.73211769226
69.78,76756.08458841655
69.79,76758.58436034287
69.8,76762.6297187489
69.81,76765.36021024923
69.82000000000001,76767.05588446946
69.83,76771.63894122098
69.84,76769.99189442318
69.85000000000001,76773.28301940717
69.86,76776.8638576833
69.87,76780.44117344069
69.88,76784.0013294514
69.89,76784.33850686772
69.9,76788.36352170668
69.91,76790.08917985969
69.92,76794.0088434226
69.93,76793.7931243054
69.94,76798.24687690166
69.95,76801.32690860028
69.96000000000001,76803.95085994457
69.97,76806.78459768895
69.98,76807.68818714243
69.99,76814.02618616296
70.0,76814.45760107375
70.01,76817.15639724335
70.02,76820.54903965589
70.03,76822.20835342773
70.04,76825.68571103638
70.05,76824.68266502433
70.06,76830.71498641571
70.07000000000001,76831.95185657874
70.08,76835.75783901982
70.09,76839.30157167529
70.10000000000001,76840.08699637112
70.11,76843.37853736737
70.12,76847.05066254445
70.13,76849.50704439766
70.14,76851.36273300742
70.15,76854.5166095949
70.16,76856.58795917609
70.17,76857.84110383538
70.18,76863.21490125083
70.19,76863.44711128977
70.2,76868.85551641036
70.21000000000001,76869.98303087361
70.22,76872.23820120789
70.23,76876.99209143766
70.24,76878.0688205569
70.25,76880.33768104069
70.26,76882.45483936832
70.27,76886.8533340498
70.28,76888.94725061225
70.29,76892.52062856736
70.3,76894.7751717603
70.31,76896.06531113954
70.32000000000001,76900.00158542128
70.33,76902.23676271804
70.34,76904.38211827351
70.35000000000001,76907.42352441562
70.36,76910.03937443289
70.37,76912.35045258357
70.38,76916.68007460133
70.39,76916.31997224352
70.4,76920.26373061449
70.41,76924.28424636906
70.42,76927.10298379156
70.43,76928.11288643186
70.44,76930.76904132939
70.45,76935.4741153243
70.46000000000001,76937.19760810846
70.47,76939.90637622654
70.48,76941.37976693509
70.49,76945.50315662814
70.5,76947.43119691596
70.51,76949.0518884114
70.52,76952.92756496955
70.53,76954.92308069901
70.54,76960.07160529307
70.55,76960.89596628457
70.56,76963.44767771118
70.57000000000001,76966.18210895549
70.58,76968.14707529408
70.59,76971.52157625806
70.60000000000001,76974.16697248296
70.61,76975.99228839535
70.62,76980.78561707346
70.63,76983.20059338446
70.64,76982.87235492801
70.65,76986.74508372536
70.66,76988.77183411509
70.67,76992.01534899778
70.68,76994.77421786572
70.69,76999.96360559054
70.7,77000.51817944135
70.71000000000001,77004.24548586951
70.72,77007.29590153927
70.73,77008.49751072009
70.74,77010.35185136797
70.75,77013.18302477438
70.76,77015.18574125349
70.77,77019.82124146938
70.78,77021.40506045954
70.79,77025.1041238699
70.8,77028.04239162833
70.81,77029.14292989447
70.82000000000001,77032.38654433268
70.83,77034.55059246733
70.84,77035.09849131762
70.85000000000001,77040.44961853873
70.86,77043.31760568568
70.87,77045.87998065627
70.88,77047.07736064207
70.89,77050.87680898755
70.9,77053.44719556498
70.91,77056.33452149785
70.92,77058.25250353826
70.93,77062.2653019677
70.94,77065.04534785092
70.95,77067.45383280532
70.96000000000001,77069.00282469261
70.97,77071.06507539496
70.98,77075.0789620575
70.99,77078.52998256237
71.0,77079.6516334025
71.01,77082.68315518937
71.02,77086.4593154186
71.03,77088.51610503336
71.04,77091.4422133572
71.05,77094.64343926395
71.06,77095.61497648645
71.07000000000001,77099.81202832171
71.08,77101.7120456712
71.09,77107.03486883483
71.10000000000001,77107.9838787343
71.11,77109.7878178799
71.12,77111.74218017799
71.13,77114.98725461509
71.14,77119.10146947771
71.15,77120.09988384042
71.16,77122.29022489928
71.17,77124.36155963622
71.18,77128.97208738921
71.19,77129.8832909601
71.2,77131.71548669225
71.21000000000001,77136.07638052525
71.22,77138.62648217537
71.23,77140.88924341623
71.24,77144.2652343229
71.25,77146.91243774207
71.26,77150.57014923703
71.27,77152.38936387251
71.28,77156.0792959746
71.29,77156.84752929957
71.3,77161.02726054701
71.31,77164.57458536126
71.32000000000001,77164.53858658849
71.33,77168.65747555558
71.34,77170.81646116282
71.35000000000001,77173.39840313938
71.36,77175.3532304496
71.37,77179.24517219946
71.38,77182.40525423706
71.39,77183.09732863284
71.4,77186.47745974292
71.41,77189.78143142846
71.42,77193.26582702821
71.43,77194.31025038288
71.44,77197.52591119631
71.45,77198.80086878687
71.46000000000001,77201.80655626375
71.47,77205.42282025557
71.48,77208.52720929454
71.49,77211.53268754516
71.5,77212.9673973968
71.51,77213.49810382076
71.52,77220.54923757364
71.53,77220.82843001043
71.54,77224.12426462014
71.55,77225.71955431518
71.56,77228.30871074475
71.57000000000001,77231.36792253853
71.58,77233.95580569012
71.59,77238.34346611418
71.60000000000001,77239.0327146574
71.61,77242.72680302715
71.62,77245.75310611451
71.63,77246.9310955247
71.64,77249.70902505444
71.65,77252.10296838348
71.66,77255.8829531909
71.67,77257.36587940263
71.68,77261.61582379494
71.69,77264.12205789956
71.7,77267.46247810815
71.71000000000001,77268.60462790426
71.72,77271.76215462877
71.73,77275.827688711
71.74,77277.50470156432
71.75,77279.8661842542
71.76,77282.80355639714
71.77,77283.89797405654
71.78,77286.99337065472
71.79,77290.05219675868
71.8,77293.62628944738
71.81,77294.86654613052
71.82000000000001,77297.46239214686
71.83,77299.89069799564
71.84,77300.9154155454
71.85000000000001,77305.47479336936
71.86,77308.30789208616
71.87,77310.55725581234
71.88,77313.65927992776
71.89,77317.47050466256
71.9,77320.5966443664
71.91,77321.53549179855
71.92,77324.97553396755
71.93,77329.32873763038
71.94,77330.31918631117
71.95,77333.60259406625
71.96000000000001,77335.97690334961
71.97,77338.10710435198
71.98,77340.55175578414
71.99,77344.04066009822
72.0,77344.61800865963
72.01,77349.56707851535
72.02,77351.31752036315
72.03,77352.2028612591
72.04,77357.39529489224
72.05,77359.32733296166
72.06,77362.9544693709
72.07000000000001,77362.95174790423
72.08,77369.53739411327
72.09,77370.71251350394
72.10000000000001,77372.73420583086
72.11,77375.92603349462
72.12,77378.40916539445
72.13,77380.00824592324
72.14,77382.04583892357
72.15,77385.2000749643
72.16,77388.48426814306
72.17,77390.84839812166
72.18,77393.29015268956
72.19,77397.34209104575
72.2,77399.91777156999
72.21000000000001,77402.6394859631
72.22,77404.90198566398
72.23,77408.11004885583
72.24,77409.89747395128
72.25,77412.48777582053
72.26,77414.43732225292
72.27,77419.90117314969
72.28,77419.53274843031
72.29,77422.00726805502
72.3,77428.11983893767
72.31,77429.41234189074
72.32000000000001,77431.52470476479
72.33,77435.10103900508
72.34,77437.53503961598
72.35000000000001,77439.10781834231
72.36,77444.93472769359
72.37,77445.01832107546
72.38,77445.82745098551
72.39,77448.53468005423
72.4,77455.23772192537
72.41,77455.02266172807
72.42,77457.65361379377
72.43,77460.12397727152
72.44,77464.04424222383
72.45,77465.57613856121
72.46000000000001,77468.6511476984
72.47,77471.23701577145
72.48,77474.45331006232
72.49,77477.17177297767
72.5,77479.62624886306
72.51,77482.63605132341
72.52,77485.91514423005
72.53,77487.00234815966
72.54,77489.1261181499
72.55,77492.79140781738
72.56,77495.24526969873
72.57000000000001,77496.81615858864
72.58,77500.43900593961
72.59,77502.63767483062
72.60000000000001,77506.58948843146
72.61,77505.69261675174
72.62,77511.02579503488
72.63,77514.85421316835
72.64,77516.8995080151
72.65,77518.48185492525
72.66,77522.33311908893
72.67,77525.79527931442
72.68,77527.74184118253
72.69,77530.1367308077
72.7,77531.82255120727
72.71000000000001,77535.35336166467
72.72,77538.5967861837
72.73,77541.34606218015
72.74,77543.40041044481
72.75,77545.749760065
72.76,77550.09591199199
72.77,77552.83978673187
72.78,77555.41211873706
72.79,77555.44635712377
72.8,77560.42764796254
72.81,77562.6125555511
72.82000000000001,77565.1161700926
72.83,77564.9837695511
72.84,77570.04677176748
72.85000000000001,77572.42318349001
72.86,77575.38246025759
72.87,77578.64964480184
72.88,77580.30791000003
72.89,77584.80464480272
72.9,77587.13952377603
72.91,77589.22283626508
72.92,77591.74421395469
72.93,77593.15226941818
72.94,77596.0811192173
72.95,77598.38444058147
72.96000000000001,77601.1816406162
72.97,77603.9257075456
72.98,77606.4616641247
72.99,77609.93956178258
73.0,77613.77812096555
73.01,77614.96113513621
73.02,77619.58348020466
73.03,77620.75685149617
73.04,77623.06719475117
73.05,77627.26772390514
73.06,77627.71304980523
73.07000000000001,77630.94835560513
73.08,77634.01127803247
73.09,77637.25076794649
73.10000000000001,77639.29315378859
73.11,77641.22452919446
73.12,77644.87983140067
73.13,77646.55761241022
73.14,77650.08618574907
73.15,77652.3122010348
73.16,77654.55246031068
73.17,77658.68055483466
73.18,77661.25350688345
73.19,77661.73424187093
73.2,77666.24906770946
73.21000000000001,77667.22735942228
73.22,77671.37374516811
73.23,77674.22733149747
73.24,77677.96079686254
73.25,77680.03575031443
73.26,77682.69436962907
73.27,77685.21852137915
73.28,77687.26661324647
73.29,77690.28822634558
73.3,77693.21936974606
73.31,77696.58179353047
73.32000000000001,77697.75504509281
73.33,77700.05200263165
73.34,77703.67455588598
73.35000000000001,77707.06256827593
73.36,77708.76125409166
73.37,77711.82609995673
73.38,77712.71525840387
73.39,77717.2430409439
73.4,77716.59642763369
73.41,77721.89085816186
73.42,77725.31129316778
73.43,77726.80126240931
73.44,77728.76105105714
73.45,77732.3529006272
73.46000000000001,77735.28943834205
73.47,77738.51427190453
73.48,77741.11998370431
73.49,77743.64628901961
73.5,77746.96947978139
73.51,77748.83108699581
73.52,77752.74054579384
73.53,77755.91634394843
73.54,77757.33478540341
73.55,77760.25814541684
73.56,77762.77751617566
73.57000000000001,77764.90512695546
73.58,77768.07894399797
73.59,77769.25832107814
73.60000000000001,77773.10408418831
73.61,77774.45704305646
73.62,77778.79867234618
73.63,77781.81791840683
73.64,77784.16166102764
73.65,77784.7186675051
73.66,77790.69021511378
73.67,77792.16094777275
73.68,77793.80643834622
73.69,77796.81747734004
73.7,77799.91806535232
73.71000000000001,77801.94140278515
73.72,77805.1116840092
73.73,77809.05821998105
73.74,77810.76560997978
73.75,77813.21659199266
73.76,77816.28805614257
73.77,77818.8691325921
73.78,77821.88548890314
73.79,77822.97846987122
73.8,77824.96508325606
73.81,77829.20079416264
73.82000000000001,77831.85297668679
73.83,77835.96511137496
73.84,77835.29835382996
73.85000000000001,77840.82825907238
73.86,77841.15473485753
73.87,77844.24669458957
73.88,77846.40282469137
73.89,77849.53687066506
73.9,77852.6366304173
73.91,77854.5270690877
73.92,77858.39054910005
73.93,77860.25043153415
73.94,77863.98068613536
73.95,77867.7810158309
73.96000000000001,77868.43231585002
73.97,77872.23768547432
73.98,77873.65920527541
73.99,77876.2381187367
74.0,77877.76954045137
74.01,77882.8693061291
74.02,77886.68469949743
74.03,77886.45069561433
74.04,77890.73157815082
74.05,77894.35334391313
74.06,77897.38240332922
74.07000000000001,77899.45473365016
74.08,77900.10310311378
74.09,77904.33882424138
74.10000000000001,77905.75166050425
74.11,77909.50763031612
74.12,77912.65429035005
74.13,77915.10713246408
74.14,77915.40844434426
74.15,77920.18338079633
74.16,77922.93048615867
74.17,77926.32641790647
74.18,77927.21194536594
74.19,77930.3645666144
74.2,77934.23085872625
74.21000000000001,77935.45748910468
74.22,77937.601707063
74.23,77941.74352120583
74.24,77944.25035097098
74.25,77946.66135163342
74.26,77948.98045014587
74.27,77951.299522029
74.28,77953.49546132654
74.29,77958.31674304877
74.3,77959.14007623545
74.31,77962.50419645794
74.32000000000001,77964.44121282618
74.33,77966.15481063932
74.34,77970.71400811951
74.35000000000001,77972.70278012537
74.36,77973.254982214
74.37,77979.0671914375
74.38,77980.3160691593
74.39,77983.11408921593
74.4,77987.8252481362
74.41,77988.45022263443
74.42,77990.03397390837
74.43,77994.66667434927
74.44,77996.60143247161
74.45,77999.80220344618
74.46000000000001,78001.8957724725
74.47,78007.45580747252
74.48,78006.69380738643
74.49,78011.71792235646
74.5,78013.2939705865
74.51,78016.3871270957
74.52,78016.82232054546
74.53,78022.38950889306
74.54,78024.26110472732
74.55,78027.87893525613
74.56,78030.27663401866
74.57000000000001,78031.0880680984
74.58,78033.84905464109
74.59,78038.5318801512
74.60000000000001,78039.57732624897
74.61,78043.67504190201
74.62,78044.98063084613
74.63,78046.70606374177
74.64,78050.25792118277
74.65,78053.08904897433
74.66,78056.90417858733
74.67,78058.72552833715
74.68,78061.94153515734
74.69,78064.15056848302
74.7,78067.41082699115
74.71000000000001,78067.91039684434
74.72,78069.49759623698
74.73,78076.14629970913
74.74,78078.6078825526
74.75,78080.08200223048
74.76,78082.57056721131
74.77,78085.59470048067
74.78,78089.32401612433
74.79,78091.62570261155
74.8,78093.40321305623
74.81,78096.39492426073
74.82000000000001,78098.72889137361
74.83,78101.51523614216
74.84,78104.59335319261
74.85000000000001,78107.3318495786
74.86,78111.43401435741
74.87,78112.09106224879
74.88,78113.67891892293
74.89,78115.55478053486
74.9,78121.13701631215
74.91,78121.67624365537
74.92,78126.16579354012
74.93,78128.22336600609
74.94,78131.29714454361
74.95,78133.93965566403
74.96000000000001,78136.03397525438
74.97,78138.68673349117
74.98,78142.10484164403
74.99,78146.2472826453
75.0,78146.63748988885
75.01,78149.95091941394
75.02,78151.57385209722
75.03,78153.91486409397
75.04,78159.22597148696
75.05,78158.03269000916
75.06,78161.12422588283
75.07000000000001,78165.16934687005
75.08,78168.2630212096
75.09,78172.16853499126
75.10000000000001,78173.36815407466
75.11,78175.09191294682
75.12,78177.34479932912
75.13,78184.72090167471
75.14,78184.68941454367
75.15,78186.32706165873
75.16,78189.18070786791
75.17,78191.19074594909
75.18,78195.73606870524
75.19,78199.49588350978
75.2,78199.83437702952
75.21000000000001,78202.05213141385
75.22,78205.81036655814
75.23,78209.58635763447
75.24,78211.57052705102
75.25,78212.94029921493
75.26,78215.15553479858
75.27,78219.43966273454
75.28,78222.08877543893
75.29,78223.95080481129
75.3,78225.33226513067
75.31,78228.96337648499
75.32000000000001,78231.8117792199
75.33,78233.90919780449
75.34,78236.4707079539
75.35000000000001,78241.48285017775
75.36,78241.14853433611
75.37,78245.96698213404
75.38,78247.49124626478
75.39,78250.31839959363
75.4,78254.09377076212
75.41,78256.78694766262
75.42,78259.96447595213
75.43,78260.98377452303
75.44,78264.40408081248
75.45,78264.71746821377
75.46000000000001,78269.2104103473
75.47,78271.74309755201
75.48,78274.6661260445
75.49,78276.82361193723
75.5,78279.94348866493
75.51,78280.56172163393
75.52,78285.66616160904
75.53,78289.88289543382
75.54,78291.3003011454
75.55,78294.02513265876
75.56,78297.9011405482
75.57000000000001,78298.6584882518
75.58,78301.94276590504
75.59,78306.38744609177
75.60000000000001,78306.37653996625
75.61,78308.18225636985
75.62,78313.35572556859
75.63,78315.80903014696
75.64,78318.9748475472
75.65,78319.12560053948
75.66,78324.58502069363
75.67,78326.11916193474
75.68,78329.53612822681
75.69,78330.96831810092
75.7,78332.99315048874
75.71000000000001,78336.0607908866
75.72,78339.46442287318
75.73,78342.98688609566
75.74,78344.50988991553
75.75,78347.27511762873
75.76,78349.22027584915
75.77,78351.85505348703
75.78,78356.34234062833
75.79,78356.99583131325
75.8,78362.05082225853
75.81,78364.54831367751
75.82000000000001,78365.71687326756
75.83,78368.25257700769
75.84,78372.19652182372
75.85000000000001,78373.8090744015
75.86,78377.46832038446
75.87,78379.85748052393
75.88,78381.69767407085
75.89,78385.98632392705
75.9,78387.2371925396
75.91,78388.8434572859
75.92,78392.32500486544
75.93,78396.88127525906
75.94,78399.49145312581
75.95,78403.69206177315
75.96000000000001,78403.14622770305
75.97,78406.45673228642
75.98,78408.51224782979
75.99,78411.30908494433
76.0,78415.15495590639
76.01,78417.26297613591
76.02,78419.67154518094
76.03,78423.58294303976
76.04,78426.17424949561
76.05,78427.28491443383
76.06,78430.7364048603
76.07000000000001,78432.07332606098
76.08,78433.97286227255
76.09,78436.92894135254
76.10000000000001,78440.2763306642
76.11,78443.64427893482
76.12,78444.96339858175
76.13,78450.1866089621
76.14,78451.89747464382
76.15,78455.99219569706
76.16,78457.94521182987
76.17,78459.49677622583
76.18,78463.0279815539
76.19,78463.90972973718
76.2,78467.12097687213
76.21000000000001,78469.60211415414
76.22,78472.7909052942
76.23,78476.18734831609
76.24,78480.7339939048
76.25,78481.93761511677
76.26,78485.84091044287
76.27,78487.99414784824
76.28,78489.46171697673
76.29,78490.49259192395
76.3,78494.2336454208
76.31,78498.06944495057
76.32000000000001,78500.37731797989
76.33,78501.95639188612
76.34,78504.95513317345
76.35000000000001,78505.78303104751
76.36,78512.14205585743
76.37,78513.46197701369
76.38,78514.83911115509
76.39,78517.94985051444
76.4,78520.56635058841
76.41,78524.7428750114
76.42,78527.8640555068
76.43,78529.52522914438
76.44,78531.93737595633
76.45,78534.35341902252
76.46000000000001,78538.29991992417
76.47,78541.518083117
76.48,78543.65901184491
76.49,78544.64659847275
76.5,78549.30490424592
76.51,78551.08552612309
76.52,78554.76911521997
76.53,78554.09721984477
76.54,78558.58061983483
76.55,78560.05779277932
76.56,78562.79406614741
76.57000000000001,78566.16376058503
76.58,78570.41660870926
76.59,78572.29613737037
76.60000000000001,78574.1165432051
76.61,78579.58551375856
76.62,78580.31650422544
76.63,78581.90345990684
76.64,78585.66193704381
76.65,78589.26383841065
76.66,78589.86010067316
76.67,78593.10516865425
76.68,78597.09198681089
76.69,78598.76973529579
76.7,78602.88390643272
76.71000000000001,78605.07951363015
76.72,78607.59170392374
76.73,78608.21912514763
76.74,78612.03589535307
76.75,78614.16302046693
76.76,78618.47487964954
76.77,78619.94704966499
76.78,78624.1568074705
76.79,78625.82851025806
76.8,78629.49217427662
76.81,78630.73022258644
76.82000000000001,78635.32785418982
76.83,78636.05702409719
76.84,78638.90641029357
76.85000000000001,78642.00906326584
76.86,78644.86250036293
76.87,78648.51795222194
76.88,78650.4392715582
76.89,78655.25045070112
76.9,78654.9807416871
76.91,78657.7990793887
76.92,78660.65138970086
76.93,78663.10731993768
76.94,78666.88245305132
76.95,78668.07337530577
76.96000000000001,78671.51528521531
76.97,78673.43139753501
76.98,78677.36671663562
76.99,78680.30139765695
77.0,78683.09807990912
77.01,78683.31996405128
77.02,78687.05055913384
77.03,78691.8283819663
77.04,78692.9723485083
77.05,78695.24349163237
77.06,78698.49760751275
77.07000000000001,78701.11907870129
77.08,78702.91422521524
77.09,78708.64645179528
77.10000000000001,78709.1844189865
77.11,78709.30324047567
77.12,78712.88153058582
77.13,78715.20892899197
77.14,78720.15775328531
77.15,78721.0957601249
77.16,78724.51033307014
77.17,78729.23604526019
77.18,78731.0034585044
77.19,78732.06539618873
77.2,78735.7046546454
77.21000000000001,78739.50844904449
77.22,78740.92464130138
77.23,78743.68588937017
77.24,78745.86536233914
77.25,78747.86290453024
77.26,78752.10162214994
77.27,78754.86351849012
77.28,78757.49879819453
77.29,78760.3706986149
77.3,78762.71448353711
77.31,78764.84895577721
77.32000000000001,78768.90471380364
77.33,78769.16214689173
77.34,78774.224347462
77.35000000000001,78776.23866843007
77.36,78777.64928296872
77.37,78781.19694027919
77.38,78784.94761505559
77.39,78786.76115299259
77.4,78790.85916081707
77.41,78791.67501326691
77.42,78794.37133889332
77.43,78797.6686611547
77.44,78798.43289264472
77.45,78802.36911897575
77.46000000000001,78805.34207604056
77.47,78809.72463193722
77.48,78810.52908788937
77.49,78814.25787736528
77.5,78816.8913553395
77.51,78820.79105061197
77.52,78821.40061529572
77.53,78825.35075648774
77.54,78825.99914295092
77.55,78828.08236502075
77.56,78831.25477672531
77.57000000000001,78834.68318796862
77.58,78837.25748847304
77.59,78840.30519018222
77.60000000000001,78841.94017532309
77.61,78846.81402435493
77.62,78848.00715654122
77.63,78850.89419647722
77.64,78854.73312401077
77.65,78854.46067010422
77.66,78860.43315143665
77.67,78861.67798196907
77.68,78864.14032708167
77.69,78868.07039252754
77.7,78870.75837831087
77.71000000000001,78872.09245129117
77.72,78875.4014013348
77.73,78877.27584525826
77.74,78880.39066703265
77.75,78883.55209235556
77.76,78885.2527435847
77.77,78889.65824852732
77.78,78891.0732102544
77.79,78895.44506491208
77.8,78896.71519019768
77.81,78899.25799698681
77.82000000000001,78903.08612978316
77.83,78905.70087080468
77.84,78908.28178997361
77.85000000000001,78910.99306044531
77.86,78913.39611629193
77.87,78914.64788822549
77.88,78919.06236501734
77.89,78919.96800025803
77.9,78923.22375384074
77.91,78926.74109929735
77.92,78930.46251094308
77.93,78931.39497476674
77.94,78934.78222928713
77.95,78935.97770360546
77.96000000000001,78939.96881991548
77.97,78944.67425764939
77.98,78943.92486753972
77.99,78948.44589118006
78.0,78950.15027804126
78.01,78952.55330301395
78.02,78955.76987133664
78.03,78957.96800691237
78.04,78961.07512541916
78.05,78964.15385758664
78.06,78968.81552610712
78.07000000000001,78970.00678147018
78.08,78973.32657393425
78.09,78975.8447157024
78.10000000000001,78976.92359431434
78.11,78980.57304504223
78.12,78982.19441883983
78.13,78985.34095440512
78.14,78989.40163759372
78.15,78991.9489878203
78.16,78994.20213480039
78.17,78995.05975453755
78.18,78996.67713709286
78.19,79001.89012291748
78.2,79004.16291225498
78.21000000000001,79008.22425885357
78.22,79009.25085913189
78.23,79012.44449500462
78.24,79016.34792313227
78.25,79016.84899130836
78.26,79019.51813526466
78.27,79023.16683007282
78.28,79025.4436144826
78.29,79028.5349511626
78.3,79032.99237034522
78.31,79033.08173456049
78.32000000000001,79036.78984572554
78.33,79041.1105510005
78.34,79041.50232252841
78.35000000000001,79043.28044771474
78.36,79047.197630933
78.37,79050.17851450422
78.38,79052.46692285666
78.39,79055.2475750741
78.4,79059.47058820454
78.41,79059.39904331132
78.42,79063.79485458694
78.43,79066.00143657459
78.44,79068.740207537
78.45,79071.81576695597
78.46000000000001,79073.43916469437
78.47,79075.82928450358
78.48,79078.77543400163
78.49,79083.24418491677
78.5,79086.61364592085
78.51,79089.33667163439
78.52,79089.21687870867
78.53,79094.56499298876
78.54,79094.40313942991
78.55,79097.93489742142
78.56,79101.00254881491
78.57000000000001,79104.88099485089
78.58,79104.74792765405
78.59,79107.70688881754
78.60000000000001,79112.52398918477
78.61,79113.66337237121
78.62,79117.8789574775
78.63,79120.07519640717
78.64,79122.28298109044
78.65,79125.55338088308
78.66,79127.58132853915
78.67,79129.9547584748
78.68,79133.08406622703
78.69,79136.6056551755
78.7,79138.81513654631
78.71000000000001,79141.91977230816
78.72,79143.61150735516
78.73,79144.94909052984
78.74,79150.43007680391
78.75,79152.3629987088
78.76,79156.8731997947
78.77,79157.8836446499
78.78,79159.33041405762
78.79,79162.03786745538
78.8,79164.4796533458
78.81,79168.53729778067
78.82000000000001,79170.23430198077
78.83,79173.41303554253
78.84,79177.17569349358
78.85000000000001,79179.75476540065
78.86,79181.93153157012
78.87,79185.06021746967
78.88,79187.5838221907
78.89,79188.01661279265
78.9,79192.86569528947
78.91,79194.23131237329
78.92,79199.53925074323
78.93,79200.96907610845
78.94,79203.50335940075
78.95,79207.51950238521
78.96000000000001,79208.1063185307
78.97,79211.7509038004
78.98,79212.94955362815
78.99,79217.31305218369
79.0,79218.95988814755
79.01,79219.42498158029
79.02,79225.94290079795
79.03,79229.16075663292
79.04,79231.43971606148
79.05,79233.4367739225
79.06,79236.8991702378
79.07000000000001,79240.24049936504
79.08,79240.52776290635
79.09,79243.46141185478
79.10000000000001,79246.13877053616
79.11,79248.31827881302
79.12,79252.58132376042
79.13,79252.42931607633
79.14,79258.08463016702
79.15,79258.51247026215
79.16,79262.12889057583
79.17,79264.8076003496
79.18,79266.92234983352
79.19,79270.65244764788
79.2,79274.29841408144
79.21000000000001,79276.11624622671
79.22,79277.58534686516
79.23,79279.61053753353
79.24,79284.50292860094
79.25,79285.99878646657
79.26,79290.27401067683
79.27,79292.69005757662
79.28,79294.97831584296
79.29,79296.08626446745
79.3,79299.03815640294
79.31,79303.19187294204
79.32000000000001,79305.60200928527
79.33,79307.70285710726
79.34,79309.28291442509
79.35000000000001,79313.1357541223
79.36,79317.21871769361
79.37,79318.67322882413
79.38,79322.91844293797
79.39,79324.27541046297
79.4,79326.59826398177
79.41,79327.40769538518
79.42,79330.81417864264
79.43,79334.306923554
79.44,79336.7131536283
79.45,79339.84984738598
79.46000000000001,79342.10380840962
79.47,79345.42138110405
79.48,79349.10976851401
79.49,79350.94078665934
79.5,79352.81995498647
79.51,79354.84343961246
79.52,79360.31431562177
79.53,79362.41485648525
79.54,79365.48426477276
79.55,79368.50986183502
79.56,79369.79049413343
79.57000000000001,79373.90773659687
79.58,79375.92596417545
79.59,79379.68285952773
79.60000000000001,79379.93105352893
79.61,79381.88887702911
79.62,79386.10465176689
79.63,79387.064344358
79.64,79391.99478045794
79.65,79393.27374329123
79.66,79398.87245014113
79.67,79399.48068811018
79.68,79401.82137336691
79.69,79405.49139571
79.7,79409.24169717132
79.71000000000001,79408.79427440808
79.72,79413.2923026496
79.73,79414.98576678665
79.74,79417.95640053181
79.75,79420.09955499097
79.76,79423.49640221887
79.77,79425.60744625148
79.78,79428.2105069936
79.79,79431.91924963683
79.8,79434.10989358215
79.81,79439.19836662257
79.82000000000001,79440.18956559159
79.83,79441.09842720203
79.84,79444.5571672591
79.85000000000001,79448.11660493171
79.86,79450.11484476033
79.87,79451.73508269493
79.88,79457.63349836104
79.89,79458.45930053688
79.9,79461.03127549175
79.91,79463.74795107584
79.92,79465.2403327033
79.93,79468.34705844909
79.94,79471.58804247838
79.95,79473.70684905832
79.96000000000001,79477.40715629946
79.97,79479.22437275967
79.98,79482.69109121166
79.99,79483.86514228093
80.0,79487.86076508863
80.01,79489.21896911068
80.02,79494.00782716088
80.03,79496.31165991933
80.04,79500.0217367646
80.05,79502.24295604507
80.06,79501.91460447731
80.07000000000001,79505.63933974651
80.08,79509.20538974345
80.09,79512.03261173797
80.10000000000001,79516.0108567597
80.11,79518.16563402861
80.12,79519.4037023172
80.13,79522.39508283947
80.14,79524.14583144044
80.15,79527.37033928439
80.16,79530.87964869507
80.17,79533.56748728325
80.18,79536.73010295516
80.19,79540.40393614424
80.2,79540.79760875244
80.21000000000001,79544.66093600242
80.22,79547.59903495091
80.23,79551.0634243162
80.24,79552.30623645881
80.25,79555.22483594208
80.26,79559.32908028274
80.27,79559.70103327576
80.28,79563.31326226106
80.29,79564.64293936841
80.3,79570.48611979686
80.31,79571.50159007088
80.32000000000001,79573.26558546336
80.33,79577.24474031008
80.34,79579.79362839193
80.35000000000001,79582.66982908509
80.36,79584.05108921575
80.37,79587.85571944235
80.38,79591.36623799268
80.39,79591.80177635013
80.4,79594.5807982269
80.41,79598.1991116715
80.42,79602.00929913088
80.43,79604.66657536927
80.44,79604.59006362014
80.45,79609.80012109001
80.46000000000001,79609.78597204186
80.47,79614.66843847508
80.48,79618.49654342773
80.49,79618.24660012558
80.5,79623.41386398287
80.51,79626.61429381039
80.52,79628.21825825464
80.53,79629.19066639454
80.54,79633.91722882848
80.55,79635.83495753135
80.56,79639.81530589673
80.57000000000001,79641.92478622898
80.58,79643.2629038616
80.59,79648.10736915281
80.60000000000001,79649.23695694844
80.61,79651.84254020131
80.62,79654.80930431976
80.63,79657.851874788
80.64,79661.2660037941
80.65,79662.25199044622
80.66,79666.29305436858
80.67,79669.24249871867
80.68,79671.15324251195
80.69,79674.71233067928
80.7,79673.37882510597
80.71000000000001,79678.88388303333
80.72,79680.0614376139
80.73,79684.10866610278
80.74,79686.12295705901
80.75,79690.771367362
80.76,79692.01005748895
80.77,79695.77757417285
80.78,79697.14126890802
80.79,79699.52269621282
80.8,79701.61752755159
80.81,79706.24575542579
80.82000000000001,79708.44539747409
80.83,79708.92599813039
80.84,79714.56562188323
80.85000000000001,79717.74760279465
80.86,79717.83762695703
80.87,79722.70906810465
80.88,79722.90068132662
80.89,79726.66951468796
80.9,79729.67304304906
80.91,79733.10277400471
80.92,79736.57484699572
80.93,79737.13608116434
80.94,79739.82948889151
80.95,79742.82810601815
80.96000000000001,79747.7350534499
80.97,79748.5806196695
80.98,79752.49275946949
80.99,79754.73758061447
81.0,79756.13937794208
81.01,79759.22563173206
81.02,79762.77742907009
81.03,79764.49024464058
81.04,79766.44349436529
81.05,79771.50268375571
81.06,79774.36386579969
81.07000000000001,79777.20586590115
81.08,79778.21384615959
81.09,79780.93008725351
81.10000000000001,79783.61928689445
81.11,79787.12940403094
81.12,79790.23951302886
81.13,79792.81242075952
81.14,79795.33026673998
81.15,79799.03225062347
81.16,79799.79002060622
81.17,79802.93129561176
81.18,79803.6950128755
81.19,79809.17435195771
81.2,79812.57406857227
81.21000000000001,79813.8537348166
81.22,79816.43810412561
81.23,79818.74045278513
81.24,79820.77070756616
81.25,79824.86287380468
81.26,79827.76940528977
81.27,79829.99876123038
81.28,79834.30325097025
81.29,79836.60236212739
81.3,79838.66083476403
81.31,79842.9742575207
81.32000000000001,79844.67818342311
81.33,79846.3920054112
81.34,79848.07068167915
81.35000000000001,79851.15127934181
81.36,79854.54849705886
81.37,79857.3732406284
81.38,79860.1800169101
81.39,79861.59486826847
81.4,79866.40382309697
81.41,79868.7605881055
81.42,79870.15532847382
81.43,79872.18469343624
81.44,79874.7815806853
81.45,79879.50483079755
81.46000000000001,79881.92756696325
81.47,79885.08995527231
81.48,79886.59802575386
81.49,79889.49898837898
81.5,79892.02861778052
81.51,79894.8401840863
81.52,79898.07970054483
81.53,79899.74984549943
81.54,79907.27709052694
81.55,79904.56433036909
81.56,79907.2096384955
81.57000000000001,79910.27386295768
81.58,79914.69052333577
81.59,79916.37222161186
81.60000000000001,79920.28497930199
81.61,79921.06674171882
81.62,79924.99072551774
81.63,79928.19234877478
81.64,79928.96419098182
81.65,79931.34528878349
81.66,79935.70433732537
81.67,79936.87321852839
81.68,79940.84945616151
81.69,79944.66268006251
81.7,79945.57783072305
81.71000000000001,79949.24498805232
81.72,79950.79148046521
81.73,79956.44548066202
81.74,79958.51648068312
81.75,79958.01012101247
81.76,79962.26170263518
81.77,79965.10937167375
81.78,79966.83353481404
81.79,79970.33099134007
81.8,79972.68975399488
81.81,79975.68494214183
81.82000000000001,79979.8645994477
81.83,79981.40404270373
81.84,79983.08030906228
81.85000000000001,79987.55481318271
81.86,79990.29314767601
81.87,79992.83633196099
81.88,79994.54652997156
81.89,79997.91870207379
81.9,79996.89916254894
81.91,80004.23800579387
81.92,80004.94359705657
81.93,80007.64639813897
81.94,80013.93344546742
81.95,80013.77724530331
81.96000000000001,80016.71571364679
81.97,80018.81800946489
81.98,80022.63484902505
81.99,80024.32254521207
82.0,80027.42790418518
82.01,80029.03624255826
82.02,80033.74995285895
82.03,80036.33205468873
82.04,80037.73781789423
82.05,80040.56993490932
82.06,80043.53257334474
82.07000000000001,80045.86369233942
82.08,80048.21140131427
82.09,80051.3052537171
82.10000000000001,80053.36678222643
82.11,80059.6556100276
82.12,80056.56498587749
82.13,80061.57331061672
82.14,80062.19435517993
82.15,80064.7591920059
82.16,80069.9536153639
82.17,80071.57564613847
82.18,80075.27782498217
82.19,80079.31629959216
82.2,80081.98806527202
82.21000000000001,80084.36320802648
82.22,80087.8486921573
82.23,80088.56584979976
82.24,80091.84219182885
82.25,80093.95196517315
82.26,80097.68191856792
82.27,80101.01110319454
82.28,80102.2188408655
82.29,80104.42712983114
82.3,80108.76608612601
82.31,80110.5194665885
82.32000000000001,80113.50634838527
82.33,80116.02261790929
82.34,80118.35946139682
82.35000000000001,80122.0985070419
82.36,80124.62077345204
82.37,80127.75060303319
82.38,80128.31183433149
82.39,80131.3863237226
82.4,80135.82048878493
82.41,80138.95823649358
82.42,80140.15521201059
82.43,80142.31318064407
82.44,80146.06127034413
82.45,80146.01681771166
82.46000000000001,80151.15715265625
82.47,80153.69732999887
82.48,80156.7076127033
82.49,80157.20481332166
82.5,80162.37181938923
82.51,80164.55861440323
82.52,80167.09273404829
82.53,80170.45998471949
82.54,80173.71600584914
82.55,80174.25333235778
82.56,80178.58360103931
82.57000000000001,80181.03726168931
82.58,80183.10923843851
82.59,80184.34099730777
82.60000000000001,80188.67692147756
82.61,80192.32061200248
82.62,80194.46394069506
82.63,80196.64032175014
82.64,80200.26844360535
82.65,80203.21164041439
82.66,80204.51478820224
82.67,80208.43576478738
82.68,80210.57932458218
82.69,80214.51821457958
82.7,80217.38975857056
82.71000000000001,80218.2977880784
82.72,80220.97438347584
82.73,80223.29533850524
82.74,80226.1377639277
82.75,80230.10072425047
82.76,80233.15285120357
82.77,80235.53956873697
82.78,80238.37863887328
82.79,80239.83497642845
82.8,80242.92863668561
82.81,80244.50888338784
82.82000000000001,80249.25285935921
82.83,80249.7673507847
82.84,80253.41626134992
82.85000000000001,80257.29136685412
82.86,80261.25222588774
82.87,80261.43935415611
82.88,80263.45163903318
82.89,80267.89820234044
82.9,80269.6733983685
82.91,80274.0845724733
82.92,80276.28995306465
82.93,80276.91611092389
82.94,80280.73811319606
82.95,80284.31415344246
82.96000000000001,80287.19466823425
82.97,80289.96860743295
82.98,80292.11658536804
82.99,80293.67900012243
83.0,80297.10962576696
83.01,80299.32372401755
83.02,80302.87415685701
83.03,80305.2498796572
83.04,80307.43032069934
83.05,80310.25945169748
83.06,80313.12373955826
83.07000000000001,80315.06692725128
83.08,80319.5009999219
83.09,80321.23982510764
83.10000000000001,80324.4623495686
83.11,80325.98369100103
83.12,80330.57420018766
83.13,80334.0886837932
83.14,80336.37719612775
83.15,80338.21723711521
83.16,80341.22695677214
83.17,80341.84016577473
83.18,80347.66689085194
83.19,80349.08637854169
83.2,80350.7893490398
83.21000000000001,80353.63173004458
83.22,80356.7271717018
83.23,80359.25192168029
83.24,80364.12431159498
83.25,80364.97159617205
83.26,80367.78729576583
83.27,80369.69993070654
83.28,80372.40025551636
83.29,80375.4850606371
83.3,80378.86350130498
83.31,80381.28346037774
83.32000000000001,80383.4904893754
83.33,80385.3079647482
83.34,80389.58285119
83.35000000000001,80393.30030416169
83.36,80396.0819904192
83.37,80396.98445283058
83.38,80398.88854464279
83.39,80402.47004201837
83.4,80403.24958168974
83.41,80409.312031775
83.42,80410.92781708475
83.43,80413.09315501199
83.44,80416.32138416718
83.45,80418.77500033207
83.46000000000001,80422.06953093939
83.47,80425.27947300013
83.48,80428.95594289673
83.49,80429.23257276512
83.5,80433.4673494388
83.51,80435.13913822218
83.52,80437.64580960639
83.53,80438.70897766318
83.54,80442.48611638705
83.55,80445.06369703957
83.56,80448.18621469873
83.57000000000001,80450.02107596229
83.58,80453.33506412232
83.59,80456.9841618447
83.60000000000001,80458.5121338853
83.61,80463.87724028087
83.62,80464.50857082845
83.63,80466.89732160272
83.64,80469.71227614606
83.65,80474.1978035641
83.66,80474.07018575245
83.67,80479.19402176667
83.68,80481.66329849158
83.69,80484.7934581768
83.7,80487.09814735714
83.71000000000001,80489.07818812736
83.72,80489.53833217593
83.73,80494.28849722851
83.74,80498.09561226594
83.75,80497.68392868506
83.76,80504.16203696353
83.77,80504.42971309322
83.78,80507.06999217522
83.79,80510.56115970398
83.8,80513.51468882809
83.81,80517.49599097836
83.82000000000001,80519.65639917397
83.83,80521.09765041595
83.84,80525.7112380028
83.85000000000001,80525.3290297801
83.86,80528.797390471
83.87,80533.32432102032
83.88,80534.1545534472
83.89,80536.65011873082
83.9,80539.86854475201
83.91,80541.99950790672
83.92,80544.83444231054
83.93,80549.39522152745
83.94,80550.76034122011
83.95,80553.70881911529
83.96000000000001,80556.26785428578
83.97,80561.18439937693
83.98,80561.1406885009
83.99,80564.84363634212
84.0,80565.3097443009
84.01,80570.68220475478
84.02,80572.58076455099
84.03,80576.35883774963
84.04,80574.85525698107
84.05,80581.2059121709
84.06,80582.70870318069
84.07000000000001,80583.99616967622
84.08,80590.29883893099
84.09,80592.85233804073
84.10000000000001,80594.47615178795
84.11,80595.9444832415
84.12,80598.94866589726
84.13,80601.71778756003
84.14,80606.3963511169
84.15,80607.17820256567
84.16,80611.76954837791
84.17,80614.32042120476
84.18,80617.45355068326
84.19,80619.05344375476
84.2,80621.02595682356
84.21000000000001,80623.22478145911
84.22,80626.351758156
84.23,80628.90822083762
84.24,80630.59426984742
84.25,80634.57345670495
84.26,80637.16173397873
84.27,80642.44981691206
84.28,80644.8634733305
84.29,80643.65730287248
84.3,80648.58098226524
84.31,80647.90928925788
84.32000000000001,80655.47478769594
84.33,80658.21632133394
84.34,80659.49439861607
84.35000000000001,80661.80814405502
84.36,80666.89380193307
84.37,80667.62230471463
84.38,80670.68686796245
84.39,80672.616185528
84.4,80675.1282529545
84.41,80676.4987031358
84.42,80682.28335237602
84.43,80683.4154871863
84.44,80686.56095454763
84.45,80689.36959551435
84.46000000000001,80693.65114605868
84.47,80692.51158112254
84.48,80699.18838070174
84.49,80699.23569324834
84.5,80703.01291753363
84.51,80707.0586462502
84.52,80708.60646162441
84.53,80710.0139055996
84.54,80713.53536539752
84.55,80717.54082080923
84.56,80719.2988920213
84.57000000000001,80721.04508045639
84.58,80725.63312364715
84.59,80726.03992575005
84.60000000000001,80729.32850676871
84.61,80733.95859918009
84.62,80735.5894468905
84.63,80737.19960791909
84.64,80740.52990651663
84.65,80743.69974899778
84.66,80746.6433396467
84.67,80748.96911765725
84.68,80751.85437180742
84.69,80754.42136748176
84.7,80757.04695424071
84.71000000000001,80759.93697384793
84.72,80760.11371217924
84.73,80766.0540330382
84.74,80767.67607655225
84.75,80770.24100243022
84.76,80772.21095067177
84.77,80774.93762053488
84.78,80777.17751960829
84.79,80779.91628001533
84.8,80785.85807199722
84.81,80785.93731375822
84.82000000000001,80789.93873766225
84.83,80791.59604736083
84.84,80793.72753758765
84.85000000000001,80797.06506817832
84.86,80799.86639723356
84.87,80803.68611427363
84.88,80808.0973579191
84.89,80808.43807545964
84.9,80810.82767154863
84.91,80813.6669100578
84.92,80817.88932266645
84.93,80819.32459207304
84.94,80822.86714256812
84.95,80823.3036528599
84.96000000000001,80827.18770059095
84.97,80829.11616267769
84.98,80831.24961838848
84.99,80836.55287072428
85.0,80838.94817918504
85.01,80841.58804053183
85.02,80842.11028487777
85.03,80844.72758629794
85.04,80849.93307326431
85.05,80851.13554130006
85.06,80852.76101998248
85.07000000000001,80857.464001626
85.08,80860.26326681025
85.09,80862.69609480974
85.10000000000001,80862.56629567528
85.11,80867.6372366099
85.12,80870.72213368269
85.13,80873.70972583088
85.14,80874.92149258351
85.15,80880.36321060965
85.16,80883.02311453059
85.17,80884.57207071852
85.18,80885.83803649823
85.19,80889.8346889896
85.2,80892.41762926405
85.21000000000001,80894.94603352126
85.22,80896.88202367222
85.23,80899.80873596657
85.24,80903.35990166516
85.25,80908.38333917479
85.26,80908.42037061864
85.27,80912.21851995576
85.28,80913.8350268355
85.29,80916.72147552906
85.3,80918.66031593052
85.31,80921.63026284306
85.32000000000001,80925.43733476482
85.33,80926.65723971375
85.34,80931.5387213977
85.35000000000001,80934.02256493557
85.36,80935.20712015228
85.37,80939.62950206385
85.38,80939.9866879583
85.39,80942.84044063278
85.4,80945.40114418036
85.41,80949.11392624253
85.42,80951.9899351499
85.43,80953.0036907252
85.44,80957.61070498679
85.45,80960.39345029558
85.46000000000001,80963.23933754272
85.47,80966.78598836542
85.48,80969.35297984764
85.49,80971.12421550034
85.5,80971.48051207425
85.51,80976.91176061633
85.52,80976.38235837969
85.53,80982.02834626571
85.54,80985.58829066304
85.55,80987.52086434928
85.56,80990.68581426259
85.57000000000001,80992.60487048367
85.58,80994.25997350035
85.59,80997.95427542557
85.60000000000001,81001.09559293468
85.61,81003.25367016546
85.62,81005.3642429023
85.63,81008.72439675273
85.64,81011.38028788977
85.65,81016.29591576377
85.66,81015.96760095003
85.67,81018.26043972287
85.68,81022.60366527384
85.69,81026.54268438504
85.7,81028.95450270812
85.71000000000001,81030.32096749918
85.72,81031.74842278931
85.73,81036.69721815512
85.74,81038.5288849923
85.75,81041.69537634282
85.76,81045.79283441031
85.77,81047.04146618074
85.78,81050.04845141355
85.79,81052.81351772197
85.8,81056.27226619146
85.81,81058.2444819301
85.82000000000001,81060.70140720684
85.83,81063.0458040744
85.84,81066.78451310209
85.85000000000001,81068.84977178057
85.86,81071.09509646741
85.87,81074.89300291143
85.88,81077.27678377846
85.89,81079.73171836096
85.9,81083.06004351983
85.91,81083.92529350468
85.92,81085.53060956139
85.93,81089.44438243534
85.94,81091.97230040716
85.95,81095.03327939264
85.96000000000001,81096.3487231189
85.97,81100.15030087627
85.98,81103.68954379081
85.99,81106.91918090062
86.0,81108.67803568314
86.01,81112.10227082601
86.02,81114.27073055238
86.03,81118.4470841456
86.04,81118.84413829126
86.05,81122.40098401607
86.06,81126.55090713763
86.07000000000001,81127.3578270033
86.08,81130.26022784603
86.09,81133.48312597339
86.10000000000001,81136.5582593831
86.11,81138.03822113012
86.12,81141.5169282291
86.13,81144.84873927612
86.14,81149.12871600156
86.15,81149.41462540392
86.16,81154.42033378576
86.17,81157.05369639053
86.18,81156.93189437017
86.19,81160.55272659096
86.2,81163.93850734567
86.21000000000001,81166.08441366568
86.22,81168.00963679368
86.23,81171.59577547862
86.24,81174.18449038999
86.25,81176.62602671892
86.26,81177.74128212735
86.27,81182.01643004059
86.28,81185.68656094889
86.29,81187.97125426609
86.3,81190.7073735097
86.31,81194.39040982105
86.32000000000001,81196.25684798439
86.33,81197.61951148046
86.34,81202.36857808153
86.35000000000001,81203.6007222426
86.36,81206.96733131012
86.37,81210.66874340072
86.38,81212.71285837154
86.39,81213.2624876958
86.4,81219.34619607459
86.41,81219.44392661039
86.42,81222.92790225032
86.43,81225.52530616334
86.44,81228.10543042446
86.45,81231.38123128499
86.46000000000001,81232.99930552636
86.47,81236.15436884612
86.48,81238.61021728514
86.49,81243.06706090114
86.5,81245.05898149125
86.51,81246.95979102288
86.52,81250.31724445907
86.53,81251.93212109066
86.54,81255.43843569465
86.55,81259.30899887098
86.56,81262.92148673045
86.57000000000001,81264.77654581876
86.58,81266.73396178472
86.59,81271.31768484984
86.60000000000001,81273.03119917381
86.61,81274.04493810023
86.62,81277.56502953998
86.63,81281.35588500457
86.64,81281.86489893858
86.65,81284.11684414106
86.66,81288.08607922266
86.67,81291.31209364705
86.68,81294.46067932076
86.69,81294.60923049215
86.7,81298.71342114681
86.71000000000001,81302.13714720437
86.72,81304.00813174022
86.73,81307.49718529104
86.74,81310.62477964979
86.75,81312.86489234478
86.76,81316.18651717133
86.77,81317.925841103
86.78,81321.65538331037
86.79,81322.20986985217
86.8,81326.73397130509
86.81,81329.1959441816
86.82000000000001,81331.9632288199
86.83,81334.44434076673
86.84,81338.05570524019
86.85000000000001,81340.46824671952
86.86,81344.41434778708
86.87,81348.54736617736
86.88,81347.36599694368
86.89,81351.3446611191
86.9,81353.69209047253
86.91,81357.29723744835
86.92,81357.91603066806
86.93,81362.52123780851
86.94,81363.6726326578
86.95,81366.20298213823
86.96000000000001,81368.55621049745
86.97,81371.96716328031
86.98,81374.49024290513
86.99,81378.64359360201
87.0,81380.82487034588
87.01,81382.09016097372
87.02,81384.92329082993
87.03,81390.4298809096
87.04,81390.65981917061
87.05,81395.59332481494
87.06,81396.15945329047
87.07000000000001,81402.64806617795
87.08,81399.38769846072
87.09,81404.61771218946
87.10000000000001,81408.5124151312
87.11,81409.46099975094
87.12,81413.31320655804
87.13,81415.02744698492
87.14,81417.61536156674
87.15,81420.55796897963
87.16,81425.58378363818
87.17,81426.73318634338
87.18,81429.85739105234
87.19,81432.21008044292
87.2,81434.9700147494
87.21000000000001,81436.84681716608
87.22,81439.60836970934
87.23,81441.77719417131
87.24,81445.66316167518
87.25,81448.1803627168
87.26,81452.60398282218
87.27,81453.7096700263
87.28,81456.36891519793
87.29,81459.09593200794
87.3,81462.19412192194
87.31,81464.1051104313
87.32000000000001,81467.56811597147
87.33,81470.2053907286
87.34,81472.1618401597
87.35000000000001,81475.35442151892
87.36,81478.47624889208
87.37,81481.10335957249
87.38,81485.22885991474
87.39,81487.25033215588
87.4,81488.90871685465
87.41,81491.31741947659
87.42,81493.05828546867
87.43,81496.61342181623
87.44,81499.61341163739
87.45,81505.12525737761
87.46000000000001,81504.95575407214
87.47,81507.91744716703
87.48,81509.30952972997
87.49,81513.5522383489
87.5,81516.23916837154
87.51,81519.54938425515
87.52,81521.53923959688
87.53,81523.8154837754
87.54,81524.93476817713
87.55,81528.87588700428
87.56,81531.00633199331
87.57000000000001,81535.30189486693
87.58,81538.22671881657
87.59,81539.89095375265
87.60000000000001,81543.90224970525
87.61,81546.30179086402
87.62,81547.95880861941
87.63,81550.89597617637
87.64,81553.27171685788
87.65,81558.63032859581
87.66,81560.31203278454
87.67,81560.92629830213
87.68,81564.45091583344
87.69,81568.81621134875
87.7,81569.58051133678
87.71000000000001,81574.1316680442
87.72,81575.63225462828
87.73,81578.50848815076
87.74,81582.17593018874
87.75,81584.06265837622
87.76,81587.87780269996
87.77,81589.39975351826
87.78,81592.5881615502
87.79,81595.18222584532
87.8,81598.21503707513
87.81,81601.03308163186
87.82000000000001,81604.68635099297
87.83,81605.50092388727
87.84,81606.8762976752
87.85000000000001,81612.33406730562
87.86,81616.36402167635
87.87,81615.01855054616
87.88,81620.0489760927
87.89,81622.36285731243
87.9,81624.88439921696
87.91,81625.72244418027
87.92,81631.33104448138
87.93,81631.9247876665
87.94,81635.26326424668
87.95,81638.64158584375
87.96000000000001,81641.04747556995
87.97,81643.16761437886
87.98,81645.43734852399
87.99,81649.80786239322
88.0,81650.34323865386
88.01,81656.9469904124
88.02,81658.84359249304
88.03,81659.19043535592
88.04,81662.0450710921
88.05,81666.66228235458
88.06,81668.49816215751
88.07000000000001,81671.0655651584
88.08,81674.39409335493
88.09,81675.96559760065
88.10000000000001,81679.00182143238
88.11,81681.25055548748
88.12,81683.35085928932
88.13,81687.62759459995
88.14,81689.71078232586
88.15,81691.6589847838
88.16,81693.50958310229
88.17,81698.34366863075
88.18,81701.2082570721
88.19,81703.82984994547
88.2,81706.63202661839
88.21000000000001,81707.21845707331
88.22,81712.47235373197
88.23,81713.90529639799
88.24,81717.14514995976
88.25,81719.26281531656
88.26,81722.42439907808
88.27,81726.48638869412
88.28,81728.46977956021
88.29,81730.13266328663
88.3,81732.59348112303
88.31,81735.05699568105
88.32000000000001,81740.23742840572
88.33,81742.10822064195
88.34,81744.80880458615
88.35000000000001,81748.04581341997
88.36,81747.13999537351
88.37,81751.45966035694
88.38,81755.97007068337
88.39,81760.0216885518
88.4,81758.95463057708
88.41,81763.81412363386
88.42,81767.37868681713
88.43,81769.80966132323
88.44,81769.72193706804
88.45,81774.35037460664
88.46000000000001,81775.84069114944
88.47,81775.97091185756
88.48,81783.17069450727
88.49,81784.87433607734
88.5,81788.26994568521
88.51,81791.20496563343
88.52,81793.08511347961
88.53,81795.45385109281
88.54,81800.67752413324
88.55,81801.62106061506
88.56,81804.44954681199
88.57000000000001,81808.23065744701
88.58,81809.42041401925
88.59,81810.64713827988
88.60000000000001,81814.1691422984
88.61,81817.24663578812
88.62,81821.61892726342
88.63,81823.04093863469
88.64,81825.60735416425
88.65,81829.0308941057
88.66,81829.77478688206
88.67,81832.65977093909
88.68,81837.61716574356
88.69,81840.60241147067
88.7,81842.00734852513
88.71000000000001,81844.4740832698
88.72,81848.77626651237
88.73,81850.98113137577
88.74,81854.47200748467
88.75,81856.55459675014
88.76,81859.08557323793
88.77,81860.5353800806
88.78,81864.15905963548
88.79,81864.33931262152
88.8,81870.87458531541
88.81,81873.25668755364
88.82000000000001,81874.17713455434
88.83,81877.02542484892
88.84,81882.12066136838
88.85000000000001,81884.47537583206
88.86,81885.78711113388
88.87,81886.90537386946
88.88,81892.10015714695
88.89,81894.8762636076
88.9,81896.52746328666
88.91,81899.62179311483
88.92,81900.98968898685
88.93,81906.35588748165
88.94,81906.96169677819
88.95,81911.7883081754
88.96000000000001,81912.8206564262
88.97,81915.32293579074
88.98,81918.34749504656
88.99,81921.30383590182
89.0,81924.36927487703
89.01,81926.86736116119
89.02,81930.19982756491
89.03,81932.4302033266
89.04,81936.23522884684
89.05,81937.34248169651
89.06,81940.16345629435
89.07000000000001,81943.46046089249
89.08,81946.80097277918
89.09,81949.10163949599
89.10000000000001,81949.14916794917
89.11,81953.1687858753
89.12,81956.06052823563
89.13,81958.72503224747
89.14,81962.03283518837
89.15,81964.55497952887
89.16,81966.20487729668
89.17,81968.21012342157
89.18,81973.36222216843
89.19,81975.55619626488
89.2,81979.34049140182
89.21000000000001,81980.53648611641
89.22,81983.21139532866
89.23,81985.92383925761
89.24,81987.77450787323
89.25,81991.67851829788
89.26,81995.10662381233
89.27,81997.62761093618
89.28,81999.41734791322
89.29,82004.39097055155
89.3,82006.35452083948
89.31,82008.57832068522
89.32000000000001,82011.27597401479
89.33,82012.0224174802
89.34,82015.80649543357
89.35000000000001,82021.16379772476
89.36,82021.22676654081
89.37,82025.0553001265
89.38,82026.86118144904
89.39,82030.58981808877
89.4,82033.78931496393
89.41,82032.97488036488
89.42,82039.73317639249
89.43,82042.84227555555
89.44,82043.60918972405
89.45,82045.25015935102
89.46000000000001,82050.3777953193
89.47,82053.22946462556
89.48,82056.02155115867
89.49,82056.56535966703
89.5,82060.44625739584
89.51,82063.27662722046
89.52,82064.604924149
89.53,82068.55585072431
89.54,82072.18208128924
89.55,82074.492955682
89.56,82076.92550486662
89.57000000000001,82076.5680361336
89.58,82080.35124912861
89.59,82085.44371661142
89.60000000000001,82089.70550149042
89.61,82088.104108226
89.62,82092.41305439499
89.63,82095.0810527554
89.64,82101.37619598811
89.65,82100.70708798866
89.66,82104.54299083061
89.67,82105.61006126484
89.68,82107.54617402129
89.69,82110.35689659187
89.7,82113.40597927806
89.71000000000001,82116.76274621105
89.72,82121.43441222771
89.73,82123.42776021216
89.74,82125.6491825272
89.75,82128.308410652
89.76,82130.01862431214
89.77,82134.24098105023
89.78,82135.50313555774
89.79,82139.86254188813
89.8,82141.71280878922
89.81,82145.41901643848
89.82000000000001,82147.3706075038
89.83,82150.27850412598
89.84,82152.88168612856
89.85000000000001,82155.26345599222
89.86,82157.4188095829
89.87,82159.38824241093
89.88,82160.80572598778
89.89,82166.23660259708
89.9,82169.23371691207
89.91,82174.46292925604
89.92,82174.15119901983
89.93,82177.3288205501
89.94,82180.85098106506
89.95,82181.08168683799
89.96000000000001,82184.64308529046
89.97,82188.6014993893
89.98,82192.391330731
89.99,82194.13369570026
90.0,82196.0902485642
90.01,82197.56762974981
90.02,82201.5535358368
90.03,82205.31498222344
90.04,82208.35901782785
90.05,82209.73983922832
90.06,82211.99208793169
90.07000000000001,82215.22911558374
90.08,82216.73406572237
90.09,82221.70046071867
90.10000000000001,82224.22877271358
90.11,82224.13077753615
90.12,82228.68166436955
90.13,82231.84305438142
90.14,82233.79753604296
90.15,82237.07624800704
90.16,82239.0479021169
90.17,82241.77148085517
90.18,82246.10558606063
90.19,82247.36210557254
90.2,82252.558927834
90.21000000000001,82253.72698634092
90.22,82258.28423795332
90.23,82257.97055548964
90.24,82261.8164390126
90.25,82264.63526077349
90.26,82266.93750701813
90.27,82271.15844322188
90.28,82272.0798623622
90.29,82275.47395171289
90.3,82277.40115707928
90.31,82280.14341605219
90.32000000000001,82283.17668862881
90.33,82285.34484649655
90.34,82289.37536076255
90.35000000000001,82291.70144889453
90.36,82293.9911494984
90.37,82297.78113385735
90.38,82300.4792801969
90.39,82301.78630212675
90.4,82306.4980622334
90.41,82306.92019588324
90.42,82310.54898589145
90.43,82312.86475699059
90.44,82316.88630015538
90.45,82318.41457203969
90.46000000000001,82321.31923704244
90.47,82325.06450723251
90.48,82327.84116865136
90.49,82330.47364932834
90.5,82332.55514137166
90.51,82334.3660212715
90.52,82337.2967909941
90.53,82341.59162411408
90.54,82343.5539202422
90.55,82343.53608782025
90.56,82348.75966260394
90.57000000000001,82350.62091263609
90.58,82354.79375688155
90.59,82356.13612506089
90.60000000000001,82358.37292590637
90.61,82362.39623504992
90.62,82365.31473524716
90.63,82366.56640528416
90.64,82369.59448815929
90.65,82372.48581511829
90.66,82376.3820090884
90.67,82378.84690234828
90.68,82381.80527255667
90.69,82384.50564980852
90.7,82387.0556271934
90.71000000000001,82389.8568091847
90.72,82394.07000446577
90.73,82392.69664073511
90.74,82399.2587090479
90.75,82401.14695060875
90.76,82403.4858624103
90.77,82405.88902920354
90.78,82410.02358212002
90.79,82411.39381985193
90.8,82414.42215492528
90.81,82416.29582283509
90.82000000000001,82420.11912658183
90.83,82422.40604729934
90.84,82424.46827598041
90.85000000000001,82428.07881579958
90.86,82431.07377819337
90.87,82434.20194650118
90.88,82436.81760592744
90.89,82439.60355114621
90.9,82441.60038282104
90.91,82443.9481794668
90.92,82447.00563017708
90.93,82450.52366794953
90.94,82452.9166009526
90.95,82455.32620192302
90.96000000000001,82456.77246311199
90.97,82461.4775180828
90.98,82462.74148406247
90.99,82466.30163664556
91.0,82468.13803069417
91.01,82471.56673644434
91.02,82473.62582895624
91.03,82478.41311114951
91.04,82479.58699587842
91.05,82483.12571546425
91.06,82486.12967877473
91.07000000000001,82488.37704311544
91.08,82490.5775872958
91.09,82492.95384811945
91.10000000000001,82495.72118498581
91.11,82499.3067006978
91.12,82498.97143853261
91.13,82505.60571993672
91.14,82505.64805950699
91.15,82509.28968668201
91.16,82513.27991086044
91.17,82515.44457315806
91.18,82518.98980147086
91.19,82521.80415882946
91.2,82524.67445121799
91.21000000000001,82526.92263606335
91.22,82528.66051394734
91.23,82530.68097471348
91.24,82533.69256400445
91.25,82537.4550396081
91.26,82538.59305415742
91.27,82543.28614364291
91.28,82545.34363701436
91.29,82547.59271068516
91.3,82550.29565775866
91.31,82552.3327995726
91.32000000000001,82556.44684229748
91.33,82559.61664907937
91.34,82562.58260250058
91.35000000000001,82564.9373167962
91.36,82566.42985812624
91.37,82571.32032753712
91.38,82572.09440143773
91.39,82575.46930025205
91.4,82576.80546436753
91.41,82580.69325090662
91.42,82584.71863780291
91.43,82585.63077865928
91.44,82590.10501913959
91.45,82590.19604656652
91.46000000000001,82595.2083948127
91.47,82595.48941229127
91.48,82598.40476687298
91.49,82603.38904714742
91.5,82605.17986029324
91.51,82608.5570754233
91.52,82609.70957174648
91.53,82612.8883931426
91.54,82617.42849407063
91.55,82619.81769807682
91.56,82621.0656100867
91.57000000000001,82623.78168428168
91.58,82626.30411877205
91.59,82631.04590303151
91.60000000000001,82631.16438316484
91.61,82633.98964585822
91.62,82637.5545231489
91.63,82641.05863060421
91.64,82642.6753861138
91.65,82646.40628957225
91.66,82649.049972729
91.67,82652.59992988805
91.68,82655.67475908241
91.69,82655.53629584372
91.7,82660.79054299908
91.71000000000001,82662.5421939134
91.72,82666.02902995967
91.73,82668.16091204163
91.74,82671.41412565234
91.75,82672.5167173248
91.76,82675.28185218798
91.77,82678.07708037148
91.78,82681.63975970027
91.79,82682.70203796803
91.8,82685.40331029151
91.81,82688.76285116537
91.82000000000001,82695.02207145974
91.83,82696.11289246005
91.84,82697.44650112641
91.85000000000001,82700.25345334254
91.86,82706.91841161496
91.87,82708.29956139269
91.88,82708.27879050402
91.89,82710.28015188147
91.9,82714.5643263552
91.91,82717.11159596668
91.92,82718.76374727169
91.93,82720.32523891053
91.94,82725.92080237635
91.95,82728.0654472354
91.96000000000001,82732.04398824426
91.97,82732.32231529169
91.98,82738.05340468584
91.99,82740.7681327979
92.0,82742.0039365424
92.01,82744.50038819894
92.02,82747.53813851859
92.03,82751.4017700832
92.04,82754.0060924867
92.05,82754.62097252744
92.06,82759.61010734142
92.07000000000001,82760.63820837879
92.08,82763.44592542536
92.09,82766.13119675829
92.10000000000001,82769.06747585752
92.11,82771.45002346564
92.12,82774.88674428724
92.13,82778.40833469277
92.14,82779.15335581312
92.15,82783.315042573
92.16,82785.78425445492
92.17,82787.56961631162
92.18,82792.52091322884
92.19,82794.40756887532
92.2,82795.40879871773
92.21000000000001,82798.2129524761
92.22,82802.09129859296
92.23,82803.24008930422
92.24,82808.02909943234
92.25,82809.90049761829
92.26,82814.73840246926
92.27,82816.45400206234
92.28,82818.2112960529
92.29,82822.3893800977
92.3,82825.0608653144
92.31,82826.53599602373
92.32000000000001,82826.7891036599
92.33,82829.8005963168
92.34,82834.18313977944
92.35000000000001,82837.27515030003
92.36,82838.26810468183
92.37,82843.96196468663
92.38,82844.7611380349
92.39,82847.57112853574
92.4,82851.83992523003
92.41,82853.70356100262
92.42,82856.64135343715
92.43,82859.96557797873
92.44,82862.83137852488
92.45,82865.8404046321
92.46000000000001,82867.22815883305
92.47,82868.83499109178
92.48,82873.03296357556
92.49,82876.53235647855
92.5,82877.3396681695
92.51,82880.7902892372
92.52,82882.72714277016
92.53,82886.58431149025
92.54,82887.68426884447
92.55,82890.32924404534
92.56,82895.59815800906
92.57000000000001,82898.09100968816
92.58,82899.93699744958
92.59,82902.05417715388
92.60000000000001,82905.6378806213
92.61,82908.51934629446
92.62,82909.50824344122
92.63,82914.55148825524
92.64,82915.8486971869
92.65,82918.39681940488
92.66,82921.51138165525
92.67,82923.19248201234
92.68,82927.8990464143
92.69,82931.24240038841
92.7,82932.51722245627
92.71000000000001,82936.08997329506
92.72,82938.28240078343
92.73,82940.69258105343
92.74,82944.18939735492
92.75,82944.839356178
92.76,82948.07942068206
92.77,82951.12096483257
92.78,82956.62938889903
92.79,82959.08133041285
92.8,82960.05091397905
92.81,82961.38369470791
92.82000000000001,82966.07948574345
92.83,82967.57173055531
92.84,82971.31229891135
92.85000000000001,82974.3735600392
92.86,82976.1178022978
92.87,82978.9624630739
92.88,82981.86717048447
92.89,82983.78295600513
92.9,82986.67657740058
92.91,82991.71887412148
92.92,82993.87358266
92.93,82996.70169015451
92.94,82999.58361160097
92.95,83001.66285624582
92.96000000000001,83003.84901738736
92.97,83008.14238837056
92.98,83009.56526644349
92.99,83012.19147366243
93.0,83013.78997625202
93.01,83016.7647253711
93.02,83021.29772474503
93.03,83024.320779526
93.04,83026.52285601426
93.05,83027.24911185063
93.06,83031.41972737211
93.07000000000001,83033.69178472052
93.08,83036.6889734575
93.09,83038.88329156664
93.10000000000001,83044.71944077105
93.11,83045.12516532441
93.12,83046.61402574377
93.13,83048.83101738381
93.14,83053.03237035812
93.15,83054.90995710558
93.16,83059.55965396052
93.17,83061.24195157891
93.18,83064.2081748226
93.19,83066.29413213188
93.2,83067.33481400947
93.21000000000001,83073.22301771332
93.22,83073.29004165239
93.23,83077.39462785206
93.24,83080.27936492376
93.25,83082.41637111684
93.26,83086.3929525263
93.27,83088.45404205985
93.28,83092.56882600243
93.29,83093.87376847975
93.3,83097.1141671308
93.31,83101.7628139307
93.32000000000001,83102.19579897047
93.33,83104.13645982131
93.34,83108.17447998544
93.35000000000001,83111.14025784658
93.36,83114.54464533749
93.37,83116.29458120278
93.38,83118.53504397084
93.39,83120.00199285072
93.4,83122.77894959654
93.41,83128.20719569441
93.42,83129.78577894813
93.43,83132.18858358999
93.44,83135.47264206197
93.45,83139.20548815162
93.46000000000001,83141.0834440038
93.47,83143.08050228779
93.48,83146.01259852278
93.49,83149.80208732765
93.5,83152.18716317414
93.51,83155.15754257965
93.52,83156.92444851286
93.53,83160.70208809797
93.54,83161.31085959017
93.55,83164.86179906476
93.56,83168.8308479238
93.57000000000001,83170.80514231292
93.58,83173.75929028243
93.59,83177.21583350733
93.60000000000001,83180.67314149087
93.61,83181.82248414484
93.62,83183.13414424358
93.63,83188.0213130526
93.64,83187.3494572713
93.65,83193.12722897611
93.66,83195.55405976187
93.67,83198.79352341763
93.68,83201.71650838581
93.69,83201.89319978232
93.7,83207.17193104175
93.71000000000001,83207.95164006793
93.72,83210.13279306302
93.73,83215.1105809767
93.74,83217.32225076969
93.75,83221.01761218077
93.76,83220.98345143948
93.77,83225.51576932865
93.78,83227.31260725524
93.79,83232.43072986498
93.8,83232.83185220342
93.81,83238.07079623659
93.82000000000001,83240.7175627802
93.83,83241.62344222674
93.84,83244.9368340892
93.85000000000001,83248.84791647318
93.86,83250.17684793215
93.87,83250.97149359979
93.88,83254.81259637844
93.89,83258.46088810233
93.9,83262.32535123355
93.91,83263.8688083235
93.92,83266.380468518
93.93,83270.02058146882
93.94,83271.31207797678
93.95,83274.90234066319
93.96000000000001,83276.74148409061
93.97,83280.99150943616
93.98,83282.47681724657
93.99,83285.5736667182
94.0,83288.57748800307
94.01,83289.938879606
94.02,83293.30696554927
94.03,83296.92265038204
94.04,83299.31248989205
94.05,83303.64063053665
94.06,83305.33970665859
94.07000000000001,83308.9551647141
94.08,83310.4217368039
94.09,83312.35531512687
94.10000000000001,83314.56037683632
94.11,83317.84206407166
94.12,83323.32953213877
94.13,83323.91850779658
94.14,83327.90987982652
94.15,83329.66626435905
94.16,83331.4917024346
94.17,83335.41896343032
94.18,83339.3263333934
94.19,83341.07172195714
94.2,83343.17447612986
94.21000000000001,83345.33667959382
94.22,83347.87042201021
94.23,83349.69341540302
94.24,83354.15266602486
94.25,83357.41878185354
94.26,83359.07751964004
94.27,83363.71732959225
94.28,83363.80888440389
94.29,83367.95989862815
94.3,83369.55327495113
94.31,83375.09639736456
94.32000000000001,83374.08515439951
94.33,83378.61921517068
94.34,83381.62448133322
94.35000000000001,83385.89933028235
94.36,83387.84979178877
94.37,83390.19238726745
94.38,83392.52351043628
94.39,83394.77318375587
94.4,83398.28915805736
94.41,83400.53508626876
94.42,83403.4187098503
94.43,83406.14613176658
94.44,83408.55630217852
94.45,83411.68311091689
94.46000000000001,83415.20092587212
94.47,83417.93771815997
94.48,83421.0369734967
94.49,83423.58022979203
94.5,83424.83005884821
94.51,83428.07531171282
94.52,83429.71683685727
94.53,83433.47618202126
94.54,83436.8148914723
94.55,83438.09236340038
94.56,83443.08110202735
94.57000000000001,83445.9019264112
94.58,83448.357575868
94.59,83449.66678911209
94.60000000000001,83452.45007103874
94.61,83455.3730954877
94.62,83460.31265032094
94.63,83461.36802521316
94.64,83462.85131850833
94.65,83466.55244973568
94.66,83466.67194785918
94.67,83471.75209275675
94.68,83474.75642496572
94.69,83479.07319531242
94.7,83480.13404655005
94.71000000000001,83482.69892823361
94.72,83486.70741998775
94.73,83488.3279483528
94.74,83490.41907822147
94.75,83494.64947802718
94.76,83496.79150283977
94.77,83499.61404930461
94.78,83502.64182194765
94.79,83505.87475305691
94.8,83508.42322572645
94.81,83511.37985282668
94.82000000000001,83513.02932347114
94.83,83515.34141008691
94.84,83518.94024300699
94.85000000000001,83521.06191604787
94.86,83524.66890443896
94.87,83528.5905897259
94.88,83529.15406743842
94.89,83532.21699131312
94.9,83534.49227869364
94.91,83538.0973760623
94.92,83541.77504831662
94.93,83542.65709947121
94.94,83546.4381241992
94.95,83548.4986151708
94.96000000000001,83552.2801955231
94.97,83554.9064176729
94.98,83558.50762237466
94.99,83558.0241826259
95.0,83562.25512268809
95.01,83565.86218319321
95.02,83567.21156979664
95.03,83572.1700730568
95.04,83573.63308335839
95.05,83575.82492843231
95.06,83579.25313438717
95.07000000000001,83582.9946845318
95.08,83584.25016057165
95.09,83586.90032779705
95.10000000000001,83591.11934997565
95.11,83590.75343125884
95.12,83594.20185404421
95.13,83597.88486119252
95.14,83600.82121552434
95.15,83603.74961228488
95.16,83606.18860659107
95.17,83609.14110653118
95.18,83612.44790463898
95.19,83615.4187374333
95.2,83617.63051096033
95.21000000000001,83618.54648432168
95.22,83621.59611119205
95.23,83626.02357464637
95.24,83628.0116595924
95.25,83630.50941936883
95.26,83632.57865958435
95.27,83635.99412102625
95.28,83639.73291241298
95.29,83641.9050051089
95.3,83644.48974852472
95.31,83646.52426123162
95.32000000000001,83648.68825444646
95.33,83652.09568199908
95.34,83655.19641340556
95.35000000000001,83657.45576956899
95.36,83662.30628873188
95.37,83663.64165497692
95.38,83667.53061016789
95.39,83669.55648269897
95.4,83673.03923454265
95.41,83673.1590608949
95.42,83676.30762708567
95.43,83680.45496514866
95.44,83683.7442515534
95.45,83684.23780192964
95.46000000000001,83687.56162281394
95.47,83691.36720203218
95.48,83694.84641616879
95.49,83696.86421866913
95.5,83700.64040099892
95.51,83703.29193401121
95.52,83703.72499354181
95.53,83707.9099917168
95.54,83708.29753650312
95.55,83714.40704053365
95.56,83716.64176436172
95.57000000000001,83719.4375121339
95.58,83721.58799648487
95.59,83723.98078273117
95.60000000000001,83727.1747043134
95.61,83730.0017736947
95.62,83732.07291551214
95.63,83735.22279114395
95.64,83739.27222114611
95.65,83740.2847585895
95.66,83742.45682108527
95.67,83745.4727683409
95.68,83748.59084666045
95.69,83753.04101877628
95.7,83751.90780747701
95.71000000000001,83757.67841035267
95.72,83760.94523542128
95.73,83761.11449187085
95.74000000000001,83766.77046946817
95.75,83769.97990911786
95.76,83772.41315335188
95.77,83773.28903304494
95.78,83776.90665198943
95.79,83778.23144210047
95.8,83781.31803847545
95.81,83784.72477247982
95.82000000000001,83787.34391895222
95.83,83790.2065757185
95.84,83791.90339995657
95.85000000000001,83794.36653651473
95.86,83798.4318523287
95.87,83802.11268895658
95.88,83803.26928001844
95.89,83805.53406711399
95.9,83807.36105834859
95.91,83811.15521830897
95.92,83813.24576451782
95.93,83816.53380515215
95.94,83820.44380969509
95.95,83822.35988679936
95.96000000000001,83825.58319088191
95.97,83827.3212754005
95.98,83830.24846936153
95.99000000000001,83834.17259500097
96.0,83835.45428069535
96.01,83839.81449600222
96.02,83842.36029652468
96.03,83845.29804744617
96.04,83846.29026017907
96.05,83849.35488316213
96.06,83852.7723533329
96.07000000000001,83855.83740557125
96.08,83859.08511508796
96.09,83860.49925730319
96.10000000000001,83862.57906647092
96.11,83868.0704772769
96.12,83868.94485858134
96.13,83870.2707778118
96.14,83874.37465405698
96.15,83878.79882780572
96.16,83881.14454567678
96.17,83882.79824229954
96.18,83885.18086886308
96.19,83887.64317586778
96.2,83892.29960581037
96.21000000000001,83892.9841672772
96.22,83897.47412394764
96.23,83898.38334213055
96.24000000000001,83901.21402448595
96.25,83904.44312894877
96.26,83908.9944147567
96.27,83909.33144053788
96.28,83912.38128291887
96.29,83914.61978052535
96.3,83920.79724727866
96.31,83920.76976907378
96.32000000000001,83923.88647923726
96.33,83927.83279757497
96.34,83928.85981979076
96.35000000000001,83934.0951686892
96.36,83935.83487220018
96.37,83938.68172118238
96.38,83940.27028764045
96.39,83944.37003534315
96.4,83948.13692744522
96.41,83950.13902037304
96.42,83952.03689428861
96.43,83955.40545213244
96.44,83956.37013185165
96.45,83959.06084537036
96.46000000000001,83961.54873774486
96.47,83965.03016923364
96.48,83968.5287069289
96.49000000000001,83972.01054449881
96.5,83972.95668925355
96.51,83976.83468657009
96.52,83980.34941379348
96.53,83980.93323012043
96.54,83984.2275144255
96.55,83986.98688072887
96.56,83989.90804611136
96.57000000000001,83993.41466996234
96.58,83997.2100808695
96.59,83998.27381503016
96.60000000000001,84000.56814881587
96.61,84006.15323708959
96.62,84008.65685940497
96.63,84010.01559127706
96.64,84009.73945140798
96.65,84016.26031777855
96.66,84017.27103379082
96.67,84021.01847492106
96.68,84021.63762653482
96.69,84024.88147344429
96.7,84028.56500185095
96.71000000000001,84033.34694388982
96.72,84035.47948872704
96.73,84036.60422249186
96.74000000000001,84039.42500906636
96.75,84042.63641557013
96.76,84045.04038546266
96.77,84048.5539280968
96.78,84050.79983056162
96.79,84054.84211740193
96.8,84053.49743618972
96.81,84056.6549840072
96.82000000000001,84061.45881574394
96.83,84065.86946420946
96.84,84065.05385457141
96.85000000000001,84068.94864806526
96.86,84071.60781975182
96.87,84074.033650282
96.88,84076.6679037576
96.89,84081.749156602
96.9,84082.42861775916
96.91,84085.64472532868
96.92,84087.96822833698
96.93,84092.62154601823
96.94,84095.82216733883
96.95,84097.92445994024
96.96000000000001,84099.52384109977
96.97,84100.73970054837
96.98,84105.34264230859
96.99000000000001,84109.06845838376
97.0,84109.82870385275
97.01,84113.72944106106
97.02,84118.13646266215
97.03,84119.54721553417
97.04,84121.85042038892
97.05,84124.68836470324
97.06,84127.55103984593
97.07000000000001,84130.78451189004
97.08,84132.65283317794
97.09,84135.65839577575
97.10000000000001,84138.00945119088
97.11,84140.72805095898
97.12,84144.45876057685
97.13,84146.87715717644
97.14,84148.62680576992
97.15,84151.43790420193
97.16,84152.51762250558
97.17,84157.87207696566
97.18,84160.50829351139
97.19,84160.90582315932
97.2,84167.59341782599
97.21000000000001,84168.03953215321
97.22,84171.17205577853
97.23,84174.38597164661
97.24000000000001,84176.69382102761
97.25,84178.79884978016
97.26,84181.89309627311
97.27,84185.87905066465
97.28,84188.02981043451
97.29,84190.22247125463
97.3,84192.8806589707
97.31,84197.47407389616
97.32000000000001,84198.56516489
97.33,84202.42628288303
97.34,84203.136156767
97.35000000000001,84206.9488439691
97.36,84210.90265256794
97.37,84213.95811746403
97.38,84214.02674712945
97.39,84217.17322190099
97.4,84221.52292825686
97.41,84224.69657961979
97.42,84226.70833112691
97.43,84227.67536699293
97.44,84231.88318289259
97.45,84234.35836300168
97.46000000000001,84236.78863539052
97.47,84237.95217314915
97.48,84239.93857587794
97.49000000000001,84245.60758144237
97.5,84248.465366712
97.51,84250.59760831228
97.52,84252.8584345003
97.53,84256.2096989865
97.54,84257.24305117446
97.55,84262.55155200025
97.56,84264.13332801008
97.57000000000001,84268.43344149695
97.58,84270.16449888144
97.59,84274.1442558519
97.60000000000001,84276.92239614902
97.61,84277.91337345813
97.62,84280.26856157689
97.63,84285.95730596331
97.64,84286.84837080314
97.65,84290.75684786063
97.66,84289.96011917753
97.67,84294.9097697496
97.68,84298.14930471769
97.69,84298.56493267619
97.7,84304.01162480068
97.71000000000001,84306.90343340965
97.72,84309.57831541165
97.73,84310.37486523962
97.74000000000001,84312.92670491229
97.75,84316.97727045712
97.76,84318.87002615852
97.77,84322.86034768629
97.78,84327.70598314286
97.79,84328.83017380637
97.8,84331.08785103234
97.81,84334.45335464146
97.82000000000001,84337.32126600976
97.83,84338.28692618347
97.84,84341.3874719671
97.85000000000001,84345.41306805528
97.86,84347.35914816725
97.87,84349.74386581253
97.88,84352.59938112352
97.89,84356.47461377706
97.9,84360.4223628098
97.91,84360.65236040622
97.92,84363.92224669535
97.93,84365.55054773828
97.94,84369.14047777494
97.95,84370.37198565593
97.96000000000001,84374.36902173399
97.97,84377.81126735575
97.98,84380.22705774358
97.99000000000001,84383.87669487274
98.0,84385.70190099934
98.01,84387.3494004333
98.02,84390.72059567188
98.03,84393.80654810526
98.04,84395.69265634014
98.05,84399.64234288849
98.06,84401.92988943915
98.07000000000001,84405.68986757948
98.08,84407.682018473
98.09,84409.87807131848
98.10000000000001,84414.56416969631
98.11,84416.16177072524
98.12,84420.0872201132
98.13,84419.03999017352
98.14,84424.23902331496
98.15,84426.95462739636
98.16,84429.82396602165
98.17,84433.22826828381
98.18,84436.38029713306
98.19,84437.65280496897
98.2,84439.74894711288
98.21000000000001,84443.27061577926
98.22,84449.07752573832
98.23,84448.66357584442
98.24000000000001,84450.69154200824
98.25,84454.4333527616
98.26,84457.5968360158
98.27,84459.28283518461
98.28,84461.68252262863
98.29,84465.8685159012
98.3,84468.4710020074
98.31,84470.52479321805
98.32000000000001,84473.87235976248
98.33,84476.06050371611
98.34,84478.20305080726
98.35000000000001,84481.58884849114
98.36,84485.36271933734
98.37,84487.55220999266
98.38,84490.81772316582
98.39,84491.60705620593
98.4,84494.41001493136
98.41,84499.28490678493
98.42,84501.6324605695
98.43,84503.2751413362
98.44,84506.74752753558
98.45,84509.99520487925
98.46000000000001,84512.29122658278
98.47,84514.56536679111
98.48,84518.54902887226
98.49000000000001,84519.75964853662
98.5,84522.92114572437
98.51,84525.86252170164
98.52,84526.90200186544
98.53,84531.983432449
98.54,84533.63848705144
98.55,84537.22911273447
98.56,84540.69068773094
98.57000000000001,84544.2730935549
98.58,84544.25721339378
98.59,84546.80162229652
98.60000000000001,84552.31130910484
98.61,84552.98563745561
98.62,84555.54924147483
98.63,84560.08145456956
98.64,84561.20489458238
98.65,84565.4386784635
98.66,84567.09531034542
98.67,84569.79257309267
98.68,84572.58928132027
98.69,84576.70021546523
98.7,84576.50849522001
98.71000000000001,84582.61094717463
98.72,84584.42225378934
98.73,84587.07672407848
98.74000000000001,84589.2874577715
98.75,84591.49790068755
98.76,84596.41639770452
98.77,84597.59768694741
98.78,84600.17055203028
98.79,84603.93279964282
98.8,84605.88791089202
98.81,84610.25380390818
98.82000000000001,84610.80117739082
98.83,84614.16823183674
98.84,84618.22384374525
98.85000000000001,84620.26921002471
98.86,84621.15585215032
98.87,84624.1968275092
98.88,84626.57851813169
98.89,84631.53696049347
98.9,84633.86163126501
98.91,84636.37317357646
98.92,84638.01696093525
98.93,84641.76452081201
98.94,84644.01707595534
98.95,84648.8042043093
98.96000000000001,84648.65698924288
98.97,84652.64021089207
98.98,84657.06086830565
98.99000000000001,84658.25509038958
99.0,84660.99316498006
99.01,84661.66847299572
99.02,84665.33432851324
99.03,84669.63523001333
99.04,84672.3771773283
99.05,84673.39040101774
99.06,84677.52941636847
99.07000000000001,84679.53255238276
99.08,84682.11058258756
99.09,84684.81423354424
99.10000000000001,84689.86777291726
99.11,84691.93915421299
99.12,84693.59752316136
99.13,84696.20973454193
99.14,84699.86108943532
99.15,84702.73591195578
99.16,84705.11378669516
99.17,84708.5614762687
99.18,84709.61943062668
99.19,84713.00648571666
99.2,84718.53865394247
99.21000000000001,84719.27780765023
99.22,84721.72733989226
99.23,84722.98473047165
99.24000000000001,84726.9062479797
99.25,84728.3080558574
99.26,84733.24162175937
99.27,84733.99122804814
99.28,84736.17377678886
99.29,84740.93178954016
99.3,84743.6148375103
99.31,84747.30860763906
99.32000000000001,84750.1246673243
99.33,84750.5328892521
99.34,84754.10862571296
99.35000000000001,84756.86949720827
99.36,84760.8056713369
99.37,84760.7340547267
99.38,84765.61194190888
99.39,84766.77833617479
99.4,84772.08743156694
99.41,84773.38306569448
99.42,84775.41919291843
99.43,84779.24723195856
99.44,84782.58261229134
99.45,84786.07993711041
99.46000000000001,84788.46290727399
99.47,84790.3109919373
99.48,84791.37089804071
99.49000000000001,84795.92234560248
99.5,84796.95558437181
99.51,84800.54360965561
99.52,84804.44241042214
99.53,84808.75140660285
99.54,84808.7768941485
99.55,84811.21921341962
99.56,84816.04763893553
99.57000000000001,84818.15349644858
99.58,84820.45555826655
99.59,84823.03779353677
99.60000000000001,84825.13757020765
99.61,84829.57762496706
99.62,84830.16293074621
99.63,84834.88609160885
99.64,84836.89910598074
99.65,84840.41185660393
99.66,84842.04823951531
99.67,84845.47427231548
99.68,84848.05446435831
99.69,84850.9029167859
99.7,84852.87195395971
99.71000000000001,84856.77339364479
99.72,84859.14754770354
99.73,84862.3313393829
99.74000000000001,84865.17751049557
99.75,84866.53596131278
99.76,84869.1941564493
99.77,84872.01379126517
99.78,84875.15743055203
99.79,84878.8746290506
99.8,84882.54813837347
99.81,84884.53638161294
99.82000000000001,84885.77113784087
99.83,84889.3058847449
99.84,84891.616392829
99.85000000000001,84895.01633686443
99.86,84898.64642773404
99.87,84899.26973889531
99.88,84903.97127374439
99.89,84904.48832007239
99.9,84910.19136768872
99.91,84911.51909081188
99.92,84914.35629515721
99.93,84916.8602605246
99.94,84919.1964467632
99.95,84921.16949316883
99.96000000000001,84925.37962357016
99.97,84926.823049778
99.98,84931.86127958994
99.99000000000001,84934.48486078232
100.0,84937.10968788105
100.01,84939.93423819257
100.02,84942.81312349661
100.03,84945.0188024482
100.04,84947.29479515563
100.05,84950.38075446934
100.06,84952.31958470469
100.07000000000001,84955.3254625555
100.08,84956.39573954708
100.09,84961.2932363258
100.10000000000001,84963.82069335686
100.11,84967.4573179425
100.12,84970.56493165795
100.13,84973.37692557454
100.14,84975.04327198079
100.15,84976.85167882651
100.16,84983.7372953005
100.17,84983.53675690599
100.18,84987.53372286752
100.19,84988.19531121981
100.2,84992.73894788076
100.21000000000001,84995.56217967781
100.22,85000.36180866387
100.23,84999.88342959847
100.24000000000001,85004.27940707763
100.25,85004.23004210899
100.26,85009.46079225263
100.27,85008.08669933389
100.28,85013.674973457
100.29,85016.0343650369
100.3,85020.45192391478
100.31,85022.67974723646
100.32000000000001,85023.8520995723
100.33,85026.19009072955
100.34,85030.7084136421
100.35000000000001,85033.0406517616
100.36,85036.60169044821
100.37,85037.97661908835
100.38,85040.91267025168
100.39,85042.76752933247
100.4,85045.45089853121
100.41,85050.39246952833
100.42,85050.95145187675
100.43,85057.20106098829
100.44,85057.14211884225
100.45,85059.29414171376
100.46000000000001,85062.2100809288
100.47,85066.2589490164
100.48,85069.02845214719
100.49000000000001,85070.90556283783
100.5,85073.41731243877
100.51,85076.75289812812
100.52,85079.92146927374
100.53,85081.36013231507
100.54,85084.71128374107
100.55,85087.51456497448
100.56,85090.76824026689
100.57000000000001,85094.17410968702
100.58,85095.54175676333
100.59,85097.87847916267
100.60000000000001,85102.97234940363
100.61,85105.28525673208
100.62,85106.92724615638
100.63,85110.16451187902
100.64,85112.81451421112
100.65,85115.43032952475
100.66,85119.2157280687
100.67,85121.51830313937
100.68,85125.04691312327
100.69,85126.91776385145
100.7,85130.72276142595
100.71000000000001,85132.13591182415
100.72,85133.64105269506
100.73,85138.21776497307
100.74000000000001,85139.96433562798
100.75,85143.88058314627
100.76,85145.3412382504
100.77,85148.84572791954
100.78,85150.95079529275
100.79,85155.11109742051
100.8,85157.458251626
100.81,85160.04179852178
100.82000000000001,85161.2611365789
100.83,85164.74542441955
100.84,85168.27212866362
100.85000000000001,85170.8789233451
100.86,85172.9226452948
100.87,85176.52159911036
100.88,85178.31872350445
100.89,85180.97548351563
100.9,85184.33774794269
100.91,85186.99638356493
100.92,85190.71693944816
100.93,85193.74332019484
100.94,85194.29936848405
100.95,85199.21447402245
100.96000000000001,85200.42558298596
100.97,85202.37706394155
100.98,85206.86866515838
100.99000000000001,85209.7000034948
101.0,85210.15757926153
101.01,85214.88229201992
101.02,85218.41460296858
101.03,85220.11337958874
101.04,85223.71116536445
101.05,85225.5559871496
101.06,85229.44370154903
101.07000000000001,85231.99101152636
101.08,85234.1131511481
101.09,85237.75887346371
101.10000000000001,85239.75861448198
101.11,85241.2452079455
101.12,85245.05153285433
101.13,85247.54114784737
101.14,85250.11007740095
101.15,85252.74732384385
101.16,85258.60061292246
101.17,85258.38532711408
101.18,85262.88645528587
101.19,85265.8026579234
101.2,85267.30589459391
101.21000000000001,85270.12650401957
101.22,85272.2344826218
101.23,85274.76747518338
101.24000000000001,85277.54447971916
101.25,85279.29085140138
101.26,85283.06862395543
101.27,85286.2865758446
101.28,85289.12760106364
101.29,85293.42042943985
101.3,85294.80337698662
101.31,85298.82542190798
101.32000000000001,85300.92521008017
101.33,85304.8063778741
101.34,85306.12878404126
101.35000000000001,85308.24201914379
101.36,85312.6812323762
101.37,85313.93841150329
101.38,85315.27712068215
101.39,85318.87852516981
101.4,85322.13013790567
101.41,85325.20591218524
101.42,85326.22473635916
101.43,85331.44153169161
101.44,85333.67229197743
101.45,85335.97861346455
101.46000000000001,85340.09526894426
101.47,85341.66960970215
101.48,85344.62682083609
101.49000000000001,85347.167814876
101.5,85350.12597449828
101.51,85351.91036021344
101.52,85354.57022526993
101.53,85358.30217652983
101.54,85361.2582758374
101.55,85363.55554143853
101.56,85365.6729075544
101.57000000000001,85369.33214111537
101.58,85371.59351387112
101.59,85373.59063564567
101.60000000000001,85378.3290703595
101.61,85381.55748396114
101.62,85384.09010616735
101.63,85385.20835268155
101.64,85387.59701499739
101.65,85391.1257151309
101.66,85394.32463694931
101.67,85398.61089910654
101.68,85399.364670894
101.69,85402.04986589534
101.7,85407.8847475379
101.71000000000001,85408.04955138525
101.72,85412.0529100418
101.73,85414.5166096666
101.74000000000001,85416.78296309053
101.75,85417.55651104693
101.76,85422.32553363121
101.77,85426.17283517736
101.78,85428.22315209174
101.79,85430.5312883013
101.8,85433.34479363942
101.81,85435.65090217687
101.82000000000001,85439.9763922
101.83,85441.95631615001
101.84,85443.56182827042
101.85000000000001,85445.90178849091
101.86,85449.20704615733
101.87,85452.72816032733
101.88,85456.30495734849
101.89,85459.23387864037
101.9,85459.65974057675
101.91,85463.92444069001
101.92,85466.21228064231
101.93,85469.82938478292
101.94,85472.57139731447
101.95,85473.4864959349
101.96000000000001,85476.2529497343
101.97,85480.33604359721
101.98,85482.81863773846
101.99000000000001,85484.98566332553
102.0,85489.84625644449
102.01,85491.15281894767
102.02,85493.23841455238
102.03,85495.60790676612
102.04,85500.52442867441
102.05,85502.3383899114
102.06,85504.904121551
102.07000000000001,85506.70445481739
102.08,85509.8793805881
102.09,85514.20196742562
102.10000000000001,85518.37081077984
102.11,85519.99915961493
102.12,85519.88535429897
102.13,85524.2122519711
102.14,85526.62633707927
102.15,85529.05311880227
102.16,85531.28251016085
102.17,85535.25778147334
102.18,85539.7523934371
102.19,85541.07536328761
102.2,85542.74517649482
102.21000000000001,85547.98993594846
102.22,85549.91093505772
102.23,85552.2642994103
102.24000000000001,85554.26764349121
102.25,85555.74161541881
102.26,85559.59181433717
102.27,85563.22423896482
102.28,85568.23702110567
102.29,85567.10127166081
102.3,85571.98357741456
102.31,85574.36747232325
102.32000000000001,85577.43491107608
102.33,85578.17010085561
102.34,85581.88435404084
102.35000000000001,85587.85777996754
102.36,85588.26941092392
102.37,85590.21455702139
102.38,85595.04543449446
102.39,85596.13067009811
102.4,85601.49989554877
102.41,85600.22821861041
102.42,85604.381460194
102.43,85607.02324211382
102.44,85609.77929123057
102.45,85612.38791325036
102.46000000000001,85616.93838464013
102.47,85617.44433999014
102.48,85622.35836730785
102.49000000000001,85623.24775951217
102.5,85627.5111070555
102.51,85629.31405780758
102.52,85631.87883229347
102.53,85636.2336950541
102.54,85637.35293804518
102.55,85641.88609848589
102.56,85643.27943064885
102.57000000000001,85646.63073689233
102.58,85647.89896245573
102.59,85651.27928559804
102.60000000000001,85655.09872071038
102.61,85656.71722273335
102.62,85660.86473730687
102.63,85661.40597966178
102.64,85667.66822111618
102.65,85666.72740899459
102.66,85671.07628158078
102.67,85674.94151110898
102.68,85678.15148580832
102.69,85679.50603623218
102.7,85682.66715842756
102.71000000000001,85685.6746996256
102.72,85686.77423172802
102.73,85689.62088770772
102.74000000000001,85693.26584469757
102.75,85696.24770726464
102.76,85698.32410644328
102.77,85700.5758851186
102.78,85703.80849249379
102.79,85707.06494169924
102.8,85710.81035513007
102.81,85713.21689175209
102.82000000000001,85715.76233520135
102.83,85718.28190608273
102.84,85722.11648592653
102.85000000000001,85723.31118609553
102.86,85725.92819897275
102.87,85729.87237032929
102.88,85732.69603919574
102.89,85735.41615970393
102.9,85738.11689893114
102.91,85741.10690461347
102.92,85744.3647720318
102.93,85747.4274175819
102.94,85747.36188351012
102.95,85751.25044793953
102.96000000000001,85754.78885797782
102.97,85756.90361545053
102.98,85759.7158880907
102.99000000000001,85760.80627748622
103.0,85764.39697224414
103.01,85767.22372276137
103.02,85772.28123756965
103.03,85774.17943328299
103.04,85777.25689161099
103.05,85778.09908297496
103.06,85781.76283068534
103.07000000000001,85784.3404115808
103.08,85787.7904088725
103.09,85791.45756562286
103.10000000000001,85793.4011028557
103.11,85795.4427542542
103.12,85799.7216289447
103.13,85800.87747067056
103.14,85804.07137846416
103.15,85806.30257466808
103.16,85808.88113852126
103.17,85812.02783955417
103.18,85814.37361001014
103.19,85817.72239587436
103.2,85820.94785999418
103.21000000000001,85822.08102270882
103.22,85826.07254829361
103.23,85827.35531095891
103.24000000000001,85832.71890498242
103.25,85835.30204818031
103.26,85836.9532406089
103.27,85839.63558756866
103.28,85843.37616147284
103.29,85845.76365019995
103.3,85849.22504747169
103.31,85849.6812673169
103.32000000000001,85853.37336982536
103.33,85856.96104529608
103.34,85858.516869234
103.35000000000001,85861.6524501243
103.36,85865.12205245683
103.37,85867.45860764703
103.38,85869.62793697068
103.39,85873.719718378
103.4,85876.58138597819
103.41,85878.44240721007
103.42,85880.96023446867
103.43,85884.60934224115
103.44,85887.31580305641
103.45,85889.02213353054
103.46000000000001,85891.54463153845
103.47,85895.1569753176
103.48,85897.42196390472
103.49000000000001,85902.26651844883
103.5,85903.08940225389
103.51,85906.9455321087
103.52,85910.41962592014
103.53,85909.19456434551
103.54,85917.26224473398
103.55,85916.38112147398
103.56,85921.6360522497
103.57000000000001,85923.17042575145
103.58,85925.29284847659
103.59,85928.65248750616
103.60000000000001,85929.96445968492
103.61,85932.43395383548
103.62,85936.68502296915
103.63,85938.94131927307
103.64,85942.53877909295
103.65,85943.27651720816
103.66,85947.98554135299
103.67,85950.752610867
103.68,85953.37815083678
103.69,85955.601972289
103.7,85957.28915147677
103.71000000000001,85963.62424258552
103.72,85965.45849205926
103.73,85967.16909643158
103.74000000000001,85970.0277261646
103.75,85972.77105366025
103.76,85976.2506433102
103.77,85977.69186559108
103.78,85979.59113769543
103.79,85984.17042691313
103.8,85985.56394218547
103.81,85989.00266166743
103.82000000000001,85992.271980168
103.83,85994.96715666974
103.84,85999.57672683314
103.85000000000001,85999.76529975678
103.86,86004.12351764113
103.87,86005.5506554023
103.88,86008.2934170219
103.89,86013.57954172054
103.9,86015.84078666056
103.91,86017.49443097273
103.92,86019.67958130565
103.93,86024.1309233419
103.94,86026.61898941641
103.95,86027.71555701943
103.96000000000001,86029.11710059718
103.97,86033.93889139754
103.98,86038.22222237039
103.99000000000001,86037.64858615464
104.0,86043.9528984041
104.01,86044.25540541628
104.02,86047.63965333777
104.03,86051.08567509946
104.04,86052.52135001312
104.05,86054.40311204619
104.06,86059.61215216845
104.07000000000001,86062.9617814973
104.08,86063.12286125489
104.09,86065.02289817485
104.10000000000001,86068.63128250581
104.11,86072.30922919669
104.12,86075.84304431107
104.13,86078.32211403415
104.14,86080.2099682648
104.15,86085.0770772133
104.16,86086.19666460979
104.17,86089.76429165462
104.18,86091.95614951396
104.19,86094.22229368267
104.2,86098.48543597358
104.21000000000001,86099.36826573254
104.22,86103.29307566342
104.23,86105.92607398066
104.24000000000001,86109.68057457377
104.25,86110.20466445427
104.26,86114.35748436977
104.27,86116.90283189187
104.28,86119.39931881722
104.29,86122.49829118964
104.3,86127.59932312163
104.31,86128.24680753538
104.32000000000001,86130.47365813176
104.33,86133.84909116167
104.34,86137.43810290642
104.35000000000001,86138.15706707409
104.36,86141.91845322216
104.37,86146.19926709133
104.38,86148.40799357093
104.39,86148.34930433749
104.4,86154.72835057453
104.41,86155.08499319661
104.42,86158.77518576825
104.43,86160.58640900579
104.44,86163.93933249262
104.45,86167.10241332844
104.46000000000001,86169.91545282186
104.47,86172.86593451147
104.48,86176.72338189959
104.49000000000001,86179.26556010354
104.5,86181.21086736256
104.51,86183.82980515437
104.52,86186.75486841875
104.53,86190.03035051477
104.54,86191.04438522841
104.55,86196.75891019477
104.56,86197.484798358
104.57000000000001,86199.14317451106
104.58,86202.17368612687
104.59,86205.26476912918
104.60000000000001,86207.58604504565
104.61,86211.13424349924
104.62,86213.7520240495
104.63,86216.01045728553
104.64,86219.56526348845
104.65,86222.95151005311
104.66,86224.85328578309
104.67,86227.55338369742
104.68,86231.63921809515
104.69,86233.45363411792
104.7,86235.41803731475
104.71000000000001,86239.05416107121
104.72,86242.17623755177
104.73,86244.06788795949
104.74000000000001,86248.02665948901
104.75,86250.27350621659
104.76,86252.48248147665
104.77,86255.05475412462
104.78,86258.36066990007
104.79,86262.9185005272
104.8,86265.47698727637
104.81,86269.41619561522
104.82000000000001,86268.83558897566
104.83,86272.26097823153
104.84,86276.00095567468
104.85000000000001,86278.90846426808
104.86,86281.92556591252
104.87,86281.53403617498
104.88,86288.41256791938
104.89,86289.07846563119
104.9,86294.07074263376
104.91,86295.36809755926
104.92,86295.38322874822
104.93,86299.82147650128
104.94,86302.84836990804
104.95,86305.51795100178
104.96000000000001,86310.23959600282
104.97,86309.83889404408
104.98,86313.2841895101
104.99000000000001,86316.80989237817
105.0,86318.52347770585
105.01,86320.80806588173
105.02,86325.2466473997
105.03,86329.1489451267
105.04,86330.29569702854
105.05,86336.1462974789
105.06,86336.13099485454
105.07000000000001,86339.72724916539
105.08,86342.93881371224
105.09,86344.3520373278
105.10000000000001,86346.10434050311
105.11,86350.08767117052
105.12,86352.34897237776
105.13,86353.49812591294
105.14,86358.45135604941
105.15,86361.30991817178
105.16,86365.13919830964
105.17,86366.59130648026
105.18,86370.12395083366
105.19,86372.72304973408
105.2,86375.56895750924
105.21000000000001,86377.6573027254
105.22,86380.49291824034
105.23,86384.04509429402
105.24000000000001,86386.74932269241
105.25,86388.64079425065
105.26,86390.51768727961
105.27,86396.01495609003
105.28,86397.46212188345
105.29,86398.64579306936
105.3,86402.9587021326
105.31,86408.67391500412
105.32000000000001,86408.41836044977
105.33,86410.98217865995
105.34,86414.02658624662
105.35000000000001,86416.08366562374
105.36,86418.8474473234
105.37,86422.77664862984
105.38,86424.56181028833
105.39,86429.10374896703
105.4,86433.14121890873
105.41,86431.7930280239
105.42,86435.46596442188
105.43,86440.67306556803
105.44,86441.16376334679
105.45,86444.53433417247
105.46000000000001,86447.05150709135
105.47,86448.87364152995
105.48,86452.68990552913
105.49000000000001,86455.04195246854
105.5,86457.09953814576
105.51,86462.73626984854
105.52,86462.61698146236
105.53,86467.86217643636
105.54,86468.74815818702
105.55,86470.72143831494
105.56,86474.61599647602
105.57000000000001,86479.06435774517
105.58,86480.4486561945
105.59,86482.70798779899
105.60000000000001,86487.29442574494
105.61,86489.38423083155
105.62,86493.06186784618
105.63,86495.85046324764
105.64,86499.94003159039
105.65,86501.55947489162
105.66,86503.32615273765
105.67,86504.70363477412
105.68,86508.35695110205
105.69,86511.72878722755
105.7,86514.4209628172
105.71000000000001,86516.02455229264
105.72,86520.34668111295
105.73,86522.23098410884
105.74000000000001,86525.56495576029
105.75,86527.4224548468
105.76,86529.71016285621
105.77,86532.20299054943
105.78,86534.23929792883
105.79,86539.79087526022
105.8,86542.79814052301
105.81,86544.5701073693
105.82000000000001,86546.73030191075
105.83,86551.43132596646
105.84,86550.97766022773
105.85000000000001,86554.89927447033
105.86,86560.22684711868
105.87,86561.22526199944
105.88,86563.41481073466
105.89,86566.45681386486
105.9,86569.60119193225
105.91,86572.54547049456
105.92,86574.08268248138
105.93,86579.87089535959
105.94,86578.81967642534
105.95,86582.94432239492
105.96000000000001,86585.43479113003
105.97,86588.61673231598
105.98,86591.71169749803
105.99000000000001,86593.60094410123
106.0,86598.53954064599
106.01,86599.82984350335
106.02,86601.19489439188
106.03,86608.16426731627
106.04,86609.20061782394
106.05,86611.52048598215
106.06,86614.66231666427
106.07000000000001,86616.14612808323
106.08,86620.43273102837
106.09,86622.30289363745
106.10000000000001,86625.89488984279
106.11,86627.62756291564
106.12,86630.72690244838
106.13,86631.79113930264
106.14,86635.41625020177
106.15,86639.11341684592
106.16,86639.71717054187
106.17,86644.41842387224
106.18,86646.7851984651
106.19,86650.02556455226
106.2,86653.01470861066
106.21000000000001,86655.22887642945
106.22,86659.3680485132
106.23,86662.37507512516
106.24000000000001,86665.44463872183
106.25,86668.15949323415
106.26,86668.84838041618
106.27,86672.18502107631
106.28,86672.79200045715
106.29,86677.49710118874
106.3,86681.74229413037
106.31,86683.12349539447
106.32000000000001,86684.44763696512
106.33,86691.98984023722
106.34,86692.27647415556
106.35000000000001,86696.52878353272
106.36,86699.04912994985
106.37,86700.11186837283
106.38,86702.73655382036
106.39,86705.27322563583
106.4,86708.04982277601
106.41,86711.28514227387
106.42,86713.10435779349
106.43,86716.60976573716
106.44,86719.437897562
106.45,86721.42293330756
106.46000000000001,86725.60269942737
106.47,86729.3429847989
106.48,86731.3408870448
106.49000000000001,86733.97584651648
106.5,86735.78355937786
106.51,86738.79831957722
106.52,86743.98448908459
106.53,86745.03127253744
106.54,86747.41148875952
106.55,86749.30492739289
106.56,86752.554239021
106.57000000000001,86754.10937946958
106.58,86759.72328296071
106.59,86761.98516915116
106.60000000000001,86764.9497152225
106.61,86766.68863761821
106.62,86769.80622604369
106.63,86773.75023040416
106.64,86776.57328376829
106.65,86778.01663708006
106.66,86780.61927628567
106.67,86784.66801176917
106.68,86785.35737817427
106.69,86789.24609833866
106.7,86792.12468000631
106.71000000000001,86795.77913615748
106.72,86797.00127848297
106.73,86800.84722100667
106.74000000000001,86804.04319420015
106.75,86805.24091397545
106.76,86810.0665173783
106.77,86810.37590474066
106.78,86814.15633285942
106.79,86817.72397598112
106.8,86819.19738842579
106.81,86821.54990408449
106.82000000000001,86825.54311557434
106.83,86826.52322972682
106.84,86829.84397470264
106.85000000000001,86833.42763265333
106.86,86837.35738620977
106.87,86840.03297732024
106.88,86842.36363964956
106.89,86845.41423288299
106.9,86845.9976234602
106.91,86849.83710619346
106.92,86852.62611718035
106.93,86856.1926369174
106.94,86860.78492264602
106.95,86860.59811599163
106.96000000000001,86865.10875185402
106.97,86864.91886518252
106.98,86869.79797087172
106.99000000000001,86873.78584179214
107.0,86873.48911555872
107.01,86878.72052107257
107.02,86881.06234680105
107.03,86883.73060219848
107.04,86886.77686597127
107.05,86890.35676325945
107.06,86891.23561773893
107.07000000000001,86893.98598672543
107.08,86897.42034560133
107.09,86902.06683156748
107.10000000000001,86903.79392836362
107.11,86905.91055344373
107.12,86908.54412817668
107.13,86912.40365121684
107.14,86914.3259182184
107.15,86916.8913190249
107.16,86918.4839833944
107.17,86921.93919723798
107.18,86923.36133179901
107.19,86927.75912157321
107.2,86932.03801957004
107.21000000000001,86934.02842830642
107.22,86936.25394305632
107.23,86939.607620486
107.24000000000001,86941.7675923929
107.25,86945.80290958955
107.26,86946.3978709578
107.27,86948.72281346035
107.28,86954.29349748576
107.29,86956.2122987766
107.3,86959.6808941188
107.31,86963.60269397564
107.32000000000001,86964.6349465745
107.33,86967.75036282839
107.34,86970.73541225179
107.35000000000001,86973.29461257103
107.36,86975.06430318822
107.37,86976.65868266669
107.38,86981.5054623319
107.39,86982.91513295611
107.4,86987.4579531907
107.41,86989.6445924839
107.42,86993.50002798048
107.43,86995.08326056201
107.44,86998.78380096337
107.45,86999.68518064634
107.46000000000001,87003.35223705159
107.47,87006.95787817014
107.48,87009.10868775124
107.49000000000001,87010.82379345482
107.5,87014.71751671514
107.51,87018.52434470216
107.52,87019.81747508098
107.53,87022.2482824299
107.54,87026.51563398234
107.55,87028.87255240997
107.56,87030.0542716994
107.57000000000001,87034.07136802767
107.58,87036.96325357628
107.59,87040.37840331274
107.60000000000001,87041.95126174712
107.61,87043.58297331043
107.62,87048.20327254501
107.63,87050.77506790278
107.64,87053.9876519394
107.65,87056.63605884869
107.66,87061.00061214452
107.67,87060.41706205363
107.68,87065.69893985537
107.69,87067.44949456086
107.7,87070.33336292733
107.71000000000001,87072.70154607858
107.72,87074.88825847556
107.73,87079.05252849571
107.74000000000001,87081.36155483311
107.75,87083.82759500424
107.76,87086.29779607548
107.77,87090.46093905196
107.78,87092.55374983296
107.79,87094.69507708742
107.8,87097.85497363369
107.81,87101.05995819686
107.82000000000001,87102.59952479652
107.83,87105.26068865306
107.84,87110.03851005503
107.85000000000001,87113.6409906793
107.86,87116.32547067752
107.87,87118.90239340514
107.88,87119.73712386213
107.89,87123.30386827508
107.9,87126.66704560198
107.91,87127.56238720143
107.92,87131.17938259595
107.93,87135.62845115911
107.94,87138.16882688836
107.95,87142.0779492327
107.96000000000001,87145.06426452285
107.97,87145.50618411548
107.98,87148.48716665154
107.99000000000001,87150.7915280425
108.0,87154.45013635307
108.01,87156.16025219213
108.02,87160.47364907412
108.03,87162.61939989301
108.04,87164.76547676795
108.05,87166.91185540477
108.06,87170.02139422829
108.07000000000001,87173.60772593747
108.08,87178.3984623342
108.09,87180.32069562026
108.10000000000001,87182.92116153744
108.11,87184.84995585706
108.12,87187.78372105991
108.13,87190.06886585911
108.14,87192.86289187327
108.15,87196.3642181813
108.16,87197.53779667457
108.17,87201.04168882477
108.18,87203.1524649593
108.19,87208.54288895105
108.2,87209.33945040456
108.21000000000001,87211.05596955452
108.22,87216.05924149854
108.23,87218.49558317284
108.24000000000001,87219.35921995089
108.25,87224.18719258688
108.26,87226.71220807594
108.27,87229.01231435033
108.28,87232.49433077677
108.29,87234.58022903792
108.3,87236.91362463437
108.31,87241.26451757875
108.32000000000001,87243.0125997049
108.33,87247.76524522097
108.34,87247.40088079068
108.35000000000001,87251.46978417702
108.36,87255.19774649844
108.37,87257.38438015197
108.38,87258.75287811314
108.39,87262.56399958873
108.4,87265.17301760889
108.41,87267.93434411431
108.42,87270.99346988779
108.43,87275.09356900038
108.44,87275.44150987247
108.45,87278.74118277227
108.46000000000001,87283.30082858511
108.47,87285.00214523386
108.48,87288.67580670428
108.49000000000001,87290.92283300399
108.5,87293.45132448312
108.51,87296.91734280244
108.52,87301.20506192984
108.53,87301.93301873884
108.54,87304.13677076863
108.55,87307.31380692213
108.56,87309.14199533417
108.57000000000001,87315.50922836208
108.58,87316.02292539191
108.59,87318.40749166867
108.60000000000001,87322.07101419427
108.61,87321.69614247879
108.62,87327.21088587934
108.63,87329.57030222018
108.64,87333.4534781949
108.65,87336.8058848099
108.66,87337.57769529369
108.67,87342.34929102172
108.68,87342.75289020184
108.69,87348.97203631085
108.7,87349.19120568644
108.71000000000001,87352.03679761958
108.72,87355.21142880952
108.73,87359.54584277676
108.74000000000001,87360.79350691878
108.75,87362.34076140991
108.76,87367.65656296023
108.77,87367.63844590716
108.78,87370.75932089853
108.79,87375.32016688112
108.8,87377.57611352978
108.81,87379.5290567915
108.82000000000001,87382.37096705427
108.83,87384.81431274502
108.84,87389.21169903676
108.85000000000001,87391.36348106188
108.86,87392.06218182703
108.87,87397.09879216025
108.88,87399.6518596286
108.89,87402.60468542844
108.9,87403.74339326295
108.91,87409.55484624255
108.92,87410.45786051781
108.93,87413.74078988106
108.94,87415.45751956027
108.95,87418.57651217624
108.96000000000001,87421.93267141111
108.97,87426.6730244028
108.98,87426.78419243028
108.99000000000001,87430.40063203369
109.0,87432.01165285119
109.01,87436.86100593906
109.02,87438.29028824714
109.03,87439.72549730941
109.04,87444.20556336
109.05,87447.27079900393
109.06,87449.05487933956
109.07000000000001,87452.33739630858
109.08,87455.30190063053
109.09,87458.61687249094
109.10000000000001,87460.53184149912
109.11,87465.99903230376
109.12,87467.47975494189
109.13,87469.75087307663
109.14,87473.82945822018
109.15,87475.87728118563
109.16,87478.08496537183
109.17,87480.18257413407
109.18,87481.37621402706
109.19,87485.03424511674
109.2,87490.48644581638
109.21000000000001,87491.67329092097
109.22,87493.67540614678
109.23,87495.97421632522
109.24000000000001,87500.06435814088
109.25,87504.39876809945
109.26,87507.33999449946
109.27,87509.60859955367
109.28,87511.20974420794
109.29,87514.15770483066
109.3,87515.6413809781
109.31,87519.0287525282
109.32000000000001,87521.79681757244
109.33,87525.50797440369
109.34,87529.23929097367
109.35000000000001,87531.4111842288
109.36,87534.23748517285
109.37,87539.18422289845
109.38,87538.53913804109
109.39,87542.09619490402
109.4,87545.84370201499
109.41,87547.78942997259
109.42,87551.3791141315
109.43,87552.9871498281
109.44,87553.94133885067
109.45,87559.20550741744
109.46000000000001,87561.9875396415
109.47,87565.57135624292
109.48,87565.86473629129
109.49000000000001,87570.28980186448
109.5,87573.45941610383
109.51,87575.66935444645
109.52,87579.38588963723
109.53,87583.46180006389
109.54,87582.53194842751
109.55,87587.51716734329
109.56,87590.51827999331
109.57000000000001,87593.1270558981
109.58,87595.09368124387
109.59,87597.86503429175
109.60000000000001,87600.68108309597
109.61,87604.54706359413
109.62,87604.24861934817
109.63,87608.9155717577
109.64,87611.30316009227
109.65,87615.05626939627
109.66,87618.26247300868
109.67,87619.8026336596
109.68,87622.78514761366
109.69,87626.45962308656
109.7,87629.59849769402
109.71000000000001,87631.71689450993
109.72,87633.22725544593
109.73,87636.38692083884
109.74000000000001,87640.65450114715
109.75,87640.83752075104
109.76,87644.3771437994
109.77,87647.91317534586
109.78,87651.32513837056
109.79,87654.95379146423
109.8,87655.97088181008
109.81,87659.39318933565
109.82000000000001,87662.77234015401
109.83,87664.97462931863
109.84,87667.65670349136
109.85000000000001,87670.51928547984
109.86,87674.62676641591
109.87,87676.8613302302
109.88,87679.9296480269
109.89,87683.08303883941
109.9,87684.68921704653
109.91,87687.19829017401
109.92,87689.73692244133
109.93,87691.0445805349
109.94,87695.73955768267
109.95,87698.9400854888
109.96000000000001,87700.28169827451
109.97,87703.2007360515
109.98,87707.31911771566
109.99000000000001,87709.23162964753
110.0,87713.2389831507
110.01,87716.2949168802
110.02,87719.71052035895
110.03,87719.84427496727
110.04,87724.1387472631
110.05,87724.05846855321
110.06,87729.1599614393
110.07000000000001,87731.50389487449
110.08,87734.16129927686
110.09,87739.63492810012
110.10000000000001,87739.8473569894
110.11,87745.0568810136
110.12,87744.75855244575
110.13,87747.46316321389
110.14,87750.12278462826
110.15,87756.33609780934
110.16,87756.29458288217
110.17,87762.07919770844
110.18,87763.98852082063
110.19,87766.6423621916
110.2,87769.2415314357
110.21000000000001,87769.69962444255
110.22,87773.55538446404
110.23,87778.57450898844
110.24000000000001,87781.09228477653
110.25,87783.93558966962
110.26,87786.15808491292
110.27,87787.20582329416
110.28,87790.1578057468
110.29,87794.05159738302
110.3,87796.17214882818
110.31,87801.9717885075
110.32000000000001,87801.90021541093
110.33,87803.97081405485
110.34,87809.3199215881
110.35000000000001,87811.34263694285
110.36,87814.45982438157
110.37,87816.62325399519
110.38,87819.31341115742
110.39,87823.23822939691
110.4,87822.37006377085
110.41,87827.00665479933
110.42,87827.79377554657
110.43,87834.65080966453
110.44,87836.87892231965
110.45,87839.34621230265
110.46000000000001,87841.90802827191
110.47,87845.72290816715
110.48,87846.6248494558
110.49000000000001,87848.35717712915
110.5,87851.96306995414
110.51,87855.28945686662
110.52,87858.40288525945
110.53,87860.13202699776
110.54,87865.75642554746
110.55,87865.86174914028
110.56,87866.7246562723
110.57000000000001,87870.27358763691
110.58,87874.15171332257
110.59,87879.46712468387
110.60000000000001,87878.9302195473
110.61,87883.2347098428
110.62,87885.76721001366
110.63,87889.06318681706
110.64,87891.16386562449
110.65,87894.3482796861
110.66,87896.63114008658
110.67,87901.02204012325
110.68,87901.08176693004
110.69,87904.60481522957
110.7,87909.02658951799
110.71000000000001,87911.33069392836
110.72,87914.02461038824
110.73,87913.81555468067
110.74000000000001,87919.60646969093
110.75,87922.61884836915
110.76,87925.39277255166
110.77,87927.58443330678
110.78,87930.9331868456
110.79,87932.9041759488
110.8,87936.86665843842
110.81,87940.70784359521
110.82000000000001,87941.2474309778
110.83,87945.63243532287
110.84,87948.62293555208
110.85000000000001,87950.5655976672
110.86,87953.42013878947
110.87,87958.05723500346
110.88,87959.18153861829
110.89,87961.02462967299
110.9,87963.97362126596
110.91,87968.90644552244
110.92,87971.41110378991
110.93,87973.55163514547
110.94,87976.04282930166
110.95,87978.855119287
110.96000000000001,87981.7605246505
110.97,87984.82031476352
110.98,87985.70263297825
110.99000000000001,87988.47984615664
111.0,87993.27340317778
111.01,87995.19719636085
111.02,87997.6660695073
111.03,88000.657056488
111.04,88002.42246130608
111.05,88006.89744164422
111.06,88009.29813067787
111.07000000000001,88011.18241596773
111.08,88015.7057515244
111.09,88017.75620022352
111.10000000000001,88020.92780808981
111.11,88022.90812344097
111.12,88026.00629442622
111.13,88028.20885130003
111.14,88031.39918776728
111.15,88033.41565826691
111.16,88037.51435462163
111.17,88039.53810043253
111.18,88042.24396155603
111.19,88047.37198206515
111.2,88046.92751228968
111.21000000000001,88051.21108934598
111.22,88053.99387319162
111.23,88057.56192828548
111.24000000000001,88059.29092908523
111.25,88063.19544661064
111.26,88064.46404844505
111.27,88067.84654411372
111.28,88070.411494533
111.29,88074.90291314897
111.3,88076.09741930048
111.31,88080.04552848656
111.32000000000001,88079.69705628701
111.33,88085.54120516709
111.34,88087.6697428184
111.35000000000001,88090.04512798897
111.36,88090.9305154629
111.37,88096.89780789388
111.38,88099.15226514985
111.39,88103.84145251257
111.4,88105.53885547639
111.41,88109.69423620829
111.42,88110.63978366624
111.43,88113.83987131967
111.44,88115.44951041935
111.45,88119.79772158683
111.46000000000001,88122.38513174643
111.47,88124.96790234288
111.48,88127.0143752789
111.49000000000001,88128.04922932327
111.5,88132.09410285928
111.51,88137.85744935393
111.52,88139.95432355921
111.53,88140.51269633301
111.54,88143.73392050013
111.55,88148.32359901843
111.56,88149.36366820007
111.57000000000001,88153.14354147807
111.58,88155.16930275784
111.59,88157.95832961895
111.60000000000001,88160.63559490348
111.61,88162.35899635963
111.62,88164.57960096223
111.63,88169.07389177025
111.64,88172.0351632925
111.65,88174.77979595089
111.66,88178.02228383641
111.67,88179.32401077187
111.68,88182.62607921439
111.69,88185.28654057105
111.7,88188.70203390418
111.71000000000001,88192.67757022491
111.72,88194.373656136
111.73,88196.00241534474
111.74000000000001,88199.77041296674
111.75,88202.87230672064
111.76,88208.41239562638
111.77,88207.35087827293
111.78,88210.51339641264
111.79,88213.27498435555
111.8,88217.61988846034
111.81,88220.00978451112
111.82000000000001,88221.54610924672
111.83,88225.76428725517
111.84,88227.82219590781
111.85000000000001,88232.17630556799
111.86,88233.618437493
111.87,88234.63602152136
111.88,88241.50018257869
111.89,88242.53364780638
111.9,88246.52568310214
111.91,88247.37307015424
111.92,88250.5538919996
111.93,88254.15913882751
111.94,88254.22610683074
111.95,88259.16125694608
111.96000000000001,88263.77121625462
111.97,88263.69510112784
111.98,88266.37116966456
111.99000000000001,88270.90648406142
112.0,88273.7039306013
112.01,88276.20490131629
112.02,88279.21951573482
112.03,88282.1220544302
112.04,88284.75774790143
112.05,88287.92417787523
112.06,88290.77844511971
112.07000000000001,88293.78789535041
112.08,88297.17822624193
112.09,88299.8910054995
112.10000000000001,88300.82550334802
112.11,88303.71256532658
112.12,88305.6623121853
112.13,88310.38157846389
112.14,88313.9852219351
112.15,88315.36008534243
112.16,88320.19769524514
112.17,88321.46812954074
112.18,88323.70019854285
112.19,88326.27895083025
112.2,88330.08550849151
112.21000000000001,88331.33003924893
112.22,88336.00693784645
112.23,88336.59630271186
112.24000000000001,88342.59145157404
112.25,88343.1990877069
112.26,88348.02117066547
112.27,88349.54754179467
112.28,88350.94860450223
112.29,88353.51267736962
112.3,88356.84844253724
112.31,88358.2198926839
112.32000000000001,88361.92324239286
112.33,88366.35768656936
112.34,88368.52678503866
112.35000000000001,88371.54572287046
112.36,88375.08067688471
112.37,88377.29426242971
112.38,88379.74374043295
112.39,88382.58057093751
112.4,88386.15168902483
112.41,88389.0289449602
112.42,88391.99329095364
112.43,88394.08246668096
112.44,88395.25071088935
112.45,88401.46273404175
112.46000000000001,88401.1892268659
112.47,88405.05203844668
112.48,88408.01004267292
112.49000000000001,88411.40729496254
112.5,88414.30291001368
112.51,88415.27603094059
112.52,88418.4734034514
112.53,88422.41251055613
112.54,88424.8805541453
112.55,88427.33271991726
112.56,88429.50009375006
112.57000000000001,88434.24454135582
112.58,88436.77498902184
112.59,88439.24847499497
112.60000000000001,88441.29699485452
112.61,88445.5859670129
112.62,88446.98144450778
112.63,88450.75878674476
112.64,88451.09176254747
112.65,88455.84616449804
112.66,88461.14391263042
112.67,88461.1677770848
112.68,88463.55546501665
112.69,88465.50211225246
112.7,88469.66658106337
112.71000000000001,88471.90650701069
112.72,88474.5517843678
112.73,88478.08838962876
112.74000000000001,88483.08577368538
112.75,88483.61496492694
112.76,88486.1039797824
112.77,88489.89386585167
112.78,88491.4446173848
112.79,88492.45683877864
112.8,88498.70928686352
112.81,88501.70948834249
112.82000000000001,88502.95175352042
112.83,88507.79571089684
112.84,88510.63999337846
112.85000000000001,88511.56893883864
112.86,88513.35043379889
112.87,88519.03878688373
112.88,88518.30966320352
112.89,88523.968422398
112.9,88524.77494455624
112.91,88528.48635023725
112.92,88532.33687530296
112.93,88534.17588566139
112.94,88536.6898783675
112.95,88541.58211466267
112.96000000000001,88542.5883392315
112.97,88545.29810189194
112.98,88547.06155404194
112.99000000000001,88551.58920681512
113.0,88554.3445143482
113.01,88555.11233749794
113.02,88559.33233212619
113.03,88561.59405895758
113.04,88564.3786963046
113.05,88568.633912704
113.06,88571.41065743237
113.07000000000001,88575.54782415858
113.08,88576.42819953109
113.09,88577.96267319191
113.10000000000001,88581.9190718526
113.11,88585.62774737772
113.12,88588.09262659594
113.13,88590.02282667554
113.14,88593.37722226676
113.15,88596.82135207442
113.16,88597.84680555614
113.17,88599.3288535006
113.18,88604.60117051537
113.19,88606.30155149841
113.2,88609.66069235698
113.21000000000001,88613.97780978202
113.22,88616.4053290008
113.23,88618.64471352355
113.24000000000001,88621.95090556511
113.25,88624.10685034159
113.26,88626.40472469642
113.27,88631.13707970113
113.28,88633.76029140851
113.29,88635.25353203088
113.3,88638.73612609808
113.31,88641.10506433104
113.32000000000001,88644.03399493606
113.33,88647.64786020947
113.34,88651.36520798839
113.35000000000001,88651.58826037169
113.36,88655.69073612113
113.37,88656.98378224886
113.38,88658.9529736451
113.39,88664.18845481997
113.4,88667.32458049299
113.41,88668.51767396949
113.42,88673.0140969522
113.43,88674.47632142306
113.44,88675.71123816246
113.45,88681.11097638971
113.46000000000001,88683.23667027884
113.47,88686.2118245513
113.48,88689.59266454549
113.49000000000001,88693.06704534394
113.5,88695.18691337446
113.51,88697.44405990411
113.52,88698.13395965731
113.53,88702.50378960927
113.54,88706.50332934917
113.55,88709.66632908174
113.56,88710.87607218156
113.57000000000001,88714.04549529457
113.58,88716.81985793177
113.59,88719.37039776794
113.60000000000001,88722.43198998124
113.61,88726.97522669456
113.62,88725.55766787604
113.63,88731.35015337158
113.64,88735.29299295413
113.65,88737.96072347654
113.66,88740.66590195903
113.67,88741.50969747287
113.68,88744.39076771174
113.69,88748.30242881151
113.7,88751.20211662696
113.71000000000001,88754.34354310014
113.72,88757.46890115611
113.73,88758.66895477058
113.74000000000001,88762.8374588802
113.75,88766.47576895122
113.76,88767.78576063998
113.77,88771.9068291118
113.78,88774.06862610708
113.79,88775.36426219449
113.8,88779.21361061232
113.81,88782.13589760747
113.82000000000001,88784.34026906155
113.83,88786.95414904911
113.84,88789.08180141731
113.85000000000001,88792.43004847383
113.86,88796.63721465436
113.87,88799.81772585146
113.88,88801.61701407221
113.89,88803.2526598015
113.9,88807.42526358076
113.91,88809.70794627925
113.92,88812.25421178737
113.93,88815.94374725781
113.94,88814.60077383705
113.95,88821.06342523528
113.96000000000001,88825.09743886204
113.97,88825.7430092038
113.98,88830.06040914224
113.99000000000001,88831.10986000542
114.0,88834.2616067671
114.01,88837.11632046866
114.02,88842.16329567581
114.03,88843.3558231899
114.04,88846.59048597494
114.05,88847.97041711501
114.06,88854.45311596115
114.07000000000001,88854.20272341915
114.08,88858.71717285748
114.09,88859.35746397813
114.10000000000001,88864.72599038677
114.11,88866.53119859188
114.12,88869.81085626555
114.13,88870.90793794407
114.14,88875.772017075
114.15,88878.12713991488
114.16,88879.80473377569
114.17,88880.82389062326
114.18,88886.58094360997
114.19,88888.76823201746
114.2,88891.4640276684
114.21000000000001,88894.7258926652
114.22,88896.41152339424
114.23,88900.73809752459
114.24000000000001,88903.65635306094
114.25,88905.05145995332
114.26,88908.24434497852
114.27,88912.34404705664
114.28,88913.60223186444
114.29,88917.8201636427
114.3,88920.53325714829
114.31,88921.93670272267
114.32000000000001,88924.89137637611
114.33,88930.36911461157
114.34,88932.2042317137
114.35000000000001,88932.81235792881
114.36,88937.13336512011
114.37,88939.24494829301
114.38,88942.68302157304
114.39,88945.01490163927
114.4,88948.39726775106
114.41,88949.63042528639
114.42,88954.5456343644
114.43,88955.80111224578
114.44,88959.14953201555
114.45,88961.86983559527
114.46000000000001,88964.84198287851
114.47,88967.40104310361
114.48,88971.4302089143
114.49000000000001,88972.70220555308
114.5,88976.07224412305
114.51,88979.96871182534
114.52,88981.96623691701
114.53,88984.72477777372
114.54,88986.97681298332
114.55,88990.08229782095
114.56,88991.55532408545
114.57000000000001,88996.10024549124
114.58,88998.1822938482
114.59,89001.34437893333
114.60000000000001,89004.03779296338
114.61,89007.1870011521
114.62,89009.90819294893
114.63,89012.8555384739
114.64,89016.10846088783
114.65,89017.30172061038
114.66,89020.79881112301
114.67,89025.37197931875
114.68,89025.05839670522
114.69,89028.51615659214
114.7,89031.88804553347
114.71000000000001,89034.8601200019
114.72,89037.70445796792
114.73,89040.71929259479
114.74000000000001,89044.29711200102
114.75,89046.52440716297
114.76,89049.33046838656
114.77,89053.09305166671
114.78,89054.24138812559
114.79,89059.66905363093
114.8,89061.28894184217
114.81,89063.4994716191
114.82000000000001,89066.67902369863
114.83,89069.08520511087
114.84,89072.23295818732
114.85000000000001,89074.9087631079
114.86,89076.47844366719
114.87,89078.66727403423
114.88,89082.02502572052
114.89,89085.10390837457
114.9,89088.97655648174
114.91,89092.80114948173
114.92,89094.96341668059
114.93,89096.8694360583
114.94,89100.19270720311
114.95,89101.68599704433
114.96000000000001,89105.36789256425
114.97,89108.98595448247
114.98,89112.0920772548
114.99000000000001,89114.51582330556
115.0,89119.17752404911
115.01,89118.8810950693
115.02,89124.04755297504
115.03,89123.33567627938
115.04,89128.39868039942
115.05,89130.90982139616
115.06,89134.93880993036
115.07000000000001,89136.68310507586
115.08,89140.38756675908
115.09,89141.19905221618
115.10000000000001,89145.6382597773
115.11,89148.05354788892
115.12,89149.97724388387
115.13,89153.65963501694
115.14,89155.98886379688
115.15,89159.07990938313
115.16,89162.50059784029
115.17,89163.69029408765
115.18,89167.13656292015
115.19,89170.90347387631
115.2,89174.20749659868
115.21000000000001,89177.06416387172
115.22,89179.5337227833
115.23,89182.191833815
115.24000000000001,89185.23055131845
115.25,89186.81556828173
115.26,89189.70245883624
115.27,89193.11464484791
115.28,89196.10359669008
115.29,89197.42109635659
115.3,89201.77001303138
115.31,89203.40708400133
115.32000000000001,89208.05690474293
115.33,89210.50881972331
115.34,89210.87355294895
115.35000000000001,89215.97812083435
115.36,89219.30500867953
115.37,89223.20930131545
115.38,89224.17072549454
115.39,89227.88891198204
115.4,89230.77886530482
115.41,89231.21858281268
115.42,89235.27064156851
115.43,89238.19079781699
115.44,89241.60145304009
115.45,89244.6399932664
115.46000000000001,89247.08545738053
115.47,89249.68102171288
115.48,89252.79424333236
115.49000000000001,89256.68607253983
115.5,89259.76005465929
115.51,89261.71178737708
115.52,89265.2912263028
115.53,89267.77006200756
115.54,89268.69072600735
115.55,89269.518284564
115.56,89273.32436602339
115.57000000000001,89277.81521213175
115.58,89279.57510134303
115.59,89283.67319637354
115.60000000000001,89286.699535645
115.61,89289.23512449031
115.62,89291.82965892465
115.63,89293.06996127772
115.64,89297.78846921143
115.65,89300.09491048826
115.66,89303.58340074045
115.67,89306.30950052649
115.68,89310.06875220816
115.69,89312.02306753966
115.7,89315.75229130857
115.71000000000001,89318.88241447258
115.72,89320.51369526272
115.73,89323.75958549528
115.74000000000001,89326.90642420613
115.75,89329.55058235367
115.76,89333.24892712384
115.77,89335.76314233472
115.78,89336.25994845538
115.79,89340.26498331755
115.8,89342.92889734147
115.81,89347.40303372472
115.82000000000001,89348.70264638055
115.83,89353.87106292762
115.84,89354.84738395589
115.85000000000001,89357.18916744905
115.86,89359.1316099934
115.87,89363.72761763356
115.88,89367.20275142211
115.89,89365.82227244104
115.9,89372.55560759452
115.91,89374.58138112546
115.92,89377.45297932987
115.93,89379.47545289822
115.94,89381.3944425731
115.95,89384.07182167862
115.96000000000001,89387.82891082257
115.97,89388.1408063088
115.98,89394.0079121783
115.99000000000001,89396.15201590238
116.0,89399.14686112214
116.01,89402.07773989458
116.02,89405.25815546286
116.03,89407.85040085694
116.04,89410.16128780656
116.05,89412.78829522655
116.06,89414.47558826228
116.07000000000001,89420.71453765822
116.08,89422.3509393152
116.09,89424.62336730395
116.10000000000001,89427.7884716862
116.11,89429.66977134683
116.12,89434.14329885737
116.13,89437.4936139456
116.14,89438.59855192385
116.15,89441.26064313373
116.16,89444.30095067939
116.17,89446.29094959401
116.18,89450.97501253613
116.19,89450.14897944921
116.2,89454.24937937208
116.21000000000001,89459.36200946366
116.22,89462.89033746546
116.23,89464.79496974507
116.24000000000001,89467.41605287134
116.25,89469.1542482887
116.26,89472.90426806478
116.27,89473.93141819337
116.28,89477.80454878251
116.29,89481.29924615206
116.3,89483.45445898532
116.31,89486.79846080542
116.32000000000001,89491.05449592395
116.33,89492.52503146743
116.34,89496.34231967024
116.35000000000001,89496.95653292755
116.36,89503.46310916996
116.37,89502.8617278025
116.38,89506.7049334254
116.39,89510.23240079466
116.4,89514.1020713188
116.41,89514.79187122788
116.42,89518.5029795908
116.43,89519.10906430466
116.44,89524.64622464657
116.45,89526.7754101489
116.46000000000001,89530.93343594421
116.47,89530.86063749407
116.48,89536.6624269823
116.49000000000001,89539.07020704809
116.5,89540.7614680629
116.51,89543.38726371116
116.52,89547.4462245976
116.53,89549.7736914659
116.54,89552.41998896447
116.55,89555.13968635853
116.56,89558.58626987605
116.57000000000001,89561.09464940646
116.58,89562.37267842812
116.59,89566.84627785822
116.60000000000001,89569.92095268238
116.61,89571.73093548806
116.62,89573.25761643163
116.63,89579.249236205
116.64,89582.20209984317
116.65,89582.32587256782
116.66,89585.41346535388
116.67,89589.48021302288
116.68,89591.0329065331
116.69,89595.41878896565
116.7,89597.56675624877
116.71000000000001,89599.59459301773
116.72,89602.53558588184
116.73,89605.87348884893
116.74000000000001,89609.99819610182
116.75,89613.35799752726
116.76,89614.21846106829
116.77,89618.00672014861
116.78,89622.40738881037
116.79,89623.65149553638
116.8,89626.18424269708
116.81,89629.24481261561
116.82000000000001,89632.94952599883
116.83,89633.38251931303
116.84,89638.51263434332
116.85000000000001,89641.34842436828
116.86,89643.12980075803
116.87,89646.04286525806
116.88,89647.25237342171
116.89,89652.31774625597
116.9,89654.45520222794
116.91,89656.5692848635
116.92,89660.07245136352
116.93,89662.18641095291
116.94,89665.11569729498
116.95,89666.79085162525
116.96000000000001,89669.99247370315
116.97,89671.49450831603
116.98,89676.07964259369
116.99000000000001,89680.70874786841
117.0,89682.95713691779
117.01,89685.645710072
117.02,89687.17573261715
117.03,89690.69358293797
117.04,89691.96842706772
117.05,89697.03734539385
117.06,89699.57859066449
117.07000000000001,89703.10276359812
117.08,89704.06816366491
117.09,89706.7582445267
117.10000000000001,89709.93509571304
117.11,89713.93351725978
117.12,89715.6433858407
117.13,89718.90210381558
117.14,89722.2009033986
117.15,89724.97369123418
117.16,89727.29309258233
117.17,89728.92684329217
117.18,89732.4590932357
117.19,89734.68073871286
117.2,89738.13725851178
117.21000000000001,89742.17199774722
117.22,89744.54295623982
117.23,89746.47795451687
117.24000000000001,89750.720701196
117.25,89753.59134752894
117.26,89756.04952630757
117.27,89759.61025723
117.28,89760.31478951387
117.29,89765.33121964095
117.3,89766.74398998881
117.31,89768.0079736517
117.32000000000001,89773.1823636998
117.33,89776.13959331038
117.34,89777.54808226782
117.35000000000001,89780.60452813756
117.36,89785.43372531558
117.37,89787.84548914994
117.38,89789.74735160779
117.39,89794.23835967042
117.4,89794.18486376532
117.41,89798.48507541037
117.42,89800.63927324513
117.43,89805.26816932802
117.44,89806.42744072445
117.45,89807.4656149105
117.46000000000001,89813.65593264205
117.47,89815.21217946126
117.48,89818.26933410593
117.49000000000001,89822.30583521679
117.5,89824.4470629447
117.51,89826.03012694207
117.52,89828.94486306462
117.53,89832.68401869542
117.54,89834.91872689014
117.55,89837.50168367321
117.56,89839.44639247286
117.57000000000001,89843.39761815219
117.58,89845.8858039358
117.59,89848.57964513502
117.60000000000001,89851.72559810983
117.61,89855.76365263788
117.62,89858.41304833563
117.63,89860.14191616824
117.64,89864.2656981483
117.65,89866.62102262417
117.66,89868.68758154972
117.67,89873.14158968994
117.68,89874.9945544362
117.69,89876.18125513695
117.7,89878.61891122375
117.71000000000001,89883.87499180279
117.72,89886.18877282244
117.73,89889.17094456141
117.74000000000001,89892.75373410914
117.75,89893.70906191194
117.76,89897.45039299021
117.77,89900.3292929232
117.78,89902.37338316366
117.79,89906.08548280092
117.8,89909.2830851789
117.81,89912.84062834365
117.82000000000001,89912.4046283913
117.83,89916.54239755945
117.84,89916.99801839233
117.85000000000001,89923.96175871669
117.86,89924.9876314881
117.87,89929.26032307935
117.88,89930.86642963238
117.89,89933.46460265487
117.9,89937.76530474072
117.91,89938.21467168942
117.92,89943.93410614638
117.93,89945.30695832966
117.94,89950.15238280168
117.95,89950.75516918139
117.96000000000001,89955.53018631513
117.97,89957.284693495
117.98,89960.14100475732
117.99000000000001,89963.39705401337
118.0,89966.0663769278
118.01,89965.86825574176
118.02,89970.78780339268
118.03,89973.68880868577
118.04,89976.0671580008
118.05,89980.00736985599
118.06,89981.99448489521
118.07000000000001,89985.94040134108
118.08,89988.99056346841
118.09,89992.21072966311
118.10000000000001,89993.93255628752
118.11,89995.31699822117
118.12,90002.83532169316
118.13,90001.38011083206
118.14,90006.72026204507
118.15,90007.67469450951
118.16,90009.22507400585
118.17,90014.99685230739
118.18,90014.96542751316
118.19,90020.49154580435
118.2,90024.23245738885
118.21000000000001,90025.76653081931
118.22,90027.67962584479
118.23,90031.10076216073
118.24000000000001,90033.49270555767
118.25,90036.02137348635
118.26,90039.43208307245
118.27,90042.53945362082
118.28,90044.88500430144
118.29,90048.30249635765
118.3,90049.95648014685
118.31,90055.36417862917
118.32000000000001,90058.41867502719
118.33,90059.11269206175
118.34,90060.68334375368
118.35000000000001,90066.14942118932
118.36,90068.44742958315
118.37,90071.31173303511
118.38,90073.18683619256
118.39,90075.31615704783
118.4,90078.69890662658
118.41,90080.5108130701
118.42,90083.37398274426
118.43,90087.14858976015
118.44,90089.75619783827
118.45,90091.80062766543
118.46000000000001,90095.28100239433
118.47,90097.65887493575
118.48,90101.09188050959
118.49000000000001,90104.40642793977
118.5,90106.5044945363
118.51,90109.48780601236
118.52,90112.78752463272
118.53,90114.84717880472
118.54,90119.14650323035
118.55,90120.66720805471
118.56,90124.80270981946
118.57000000000001,90125.938301008
118.58,90130.08843664714
118.59,90134.11363504986
118.60000000000001,90134.44497979818
118.61,90137.92657103771
118.62,90140.5850213724
118.63,90144.64013617276
118.64,90146.67479266514
118.65,90151.33998772333
118.66,90152.76819498005
118.67,90156.24964536923
118.68,90159.09673599357
118.69,90160.01750243019
118.7,90164.79400745295
118.71000000000001,90166.72052999944
118.72,90169.8647429586
118.73,90169.52029909533
118.74000000000001,90178.98914137782
118.75,90179.71937998474
118.76,90180.81701793085
118.77,90183.46531609696
118.78,90186.70264543258
118.79,90189.42639429105
118.8,90192.55773337912
118.81,90194.99340637813
118.82000000000001,90197.27757885138
118.83,90202.70441930578
118.84,90203.64523256355
118.85000000000001,90206.23945808192
118.86,90209.48682574504
118.87,90212.7953728273
118.88,90212.76985491265
118.89,90216.68642887616
118.9,90220.15815592723
118.91,90224.42366069328
118.92,90226.50066685893
118.93,90229.36660163205
118.94,90230.52382236061
118.95,90234.80612209857
118.96000000000001,90238.2872065489
118.97,90239.65707471731
118.98,90243.79451212846
118.99000000000001,90247.81941887857
119.0,90248.96664377295
119.01,90252.82125367601
119.02,90252.76781363561
119.03,90254.79494220097
119.04,90259.4621940567
119.05,90263.24417288565
119.06,90264.35377073265
119.07000000000001,90269.40539397253
119.08,90271.23000465235
119.09,90274.5271878165
119.10000000000001,90277.41504682438
119.11,90279.25351848699
119.12,90283.97379772265
119.13,90284.55509678113
119.14,90288.88745331307
119.15,90291.41835089213
119.16,90294.49922048998
119.17,90298.20902506102
119.18,90299.30611561042
119.19,90303.37825318465
119.2,90305.26257761855
119.21000000000001,90308.615706097
119.22,90311.04379022795
119.23,90314.52090472571
119.24000000000001,90315.97510482707
119.25,90320.80255074431
119.26,90323.04738809388
119.27,90325.38829264285
119.28,90329.4425693048
119.29,90330.82902617769
119.3,90335.03817668135
119.31,90336.57323307256
119.32000000000001,90340.68652697273
119.33,90344.11745897098
119.34,90344.75393784244
119.35000000000001,90347.38330726401
119.36,90351.12393954022
119.37,90354.12125906031
119.38,90358.18617789088
119.39,90361.05121079374
119.4,90362.47832273913
119.41,90364.09932974547
119.42,90367.69738044917
119.43,90370.2189272982
119.44,90373.42439353213
119.45,90378.58389507931
119.46000000000001,90380.83800574887
119.47,90382.0840600164
119.48,90384.85224696032
119.49000000000001,90388.86513581051
119.5,90392.33896993959
119.51,90394.00894844627
119.52,90399.09807743828
119.53,90399.6516605947
119.54,90404.07532325244
119.55,90405.38226776858
119.56,90407.99327230715
119.57000000000001,90411.77260958288
119.58,90413.5536360894
119.59,90417.92296322128
119.60000000000001,90421.70524078465
119.61,90423.15185662959
119.62,90426.15633996899
119.63,90428.39432078348
119.64,90429.45624470118
119.65,90435.12274875418
119.66,90437.73042100645
119.67,90437.8461788988
119.68,90442.5619886258
119.69,90446.78068918164
119.7,90446.90978573594
119.71000000000001,90450.73686936482
119.72,90455.87387745021
119.73,90458.39682503272
119.74000000000001,90458.53131719463
119.75,90462.37830967462
119.76,90463.46748334909
119.77,90467.27319788132
119.78,90470.46903631462
119.79,90473.74089111722
119.8,90476.60163433243
119.81,90478.88754128493
119.82000000000001,90482.45283971948
119.83,90485.30827094636
119.84,90488.27094405978
119.85000000000001,90490.21140408693
119.86,90492.64071702599
119.87,90497.19692661443
119.88,90498.87285188626
119.89,90502.89199992215
119.9,90504.91618018653
119.91,90508.10224551288
119.92,90511.68505590748
119.93,90513.18592856309
119.94,90517.36738865424
119.95,90518.06938315058
119.96000000000001,90522.92385098357
119.97,90525.00677346824
119.98,90528.04584024489
119.99000000000001,90531.552380644
120.0,90532.6877173232
120.01,90535.15985181365
120.02,90540.05133505838
120.03,90542.05627966301
120.04,90543.68655000193
120.05,90547.55345387543
120.06,90549.26943271494
120.07000000000001,90551.98374508011
120.08,90557.17827158452
120.09,90557.40075640836
120.10000000000001,90560.8336768973
120.11,90564.62066568683
120.12,90568.02987797563
120.13,90568.96713131876
120.14,90572.31556412393
120.15,90577.444288286
120.16,90578.66989524281
120.17,90581.79245555516
120.18,90585.16542378231
120.19,90587.48616120097
120.2,90591.45203468249
120.21000000000001,90592.57405680629
120.22,90596.95299287098
120.23,90600.25663658822
120.24000000000001,90602.21979247824
120.25,90602.89068291837
120.26,90607.62815183368
120.27,90610.1354960478
120.28,90612.41962382647
120.29,90616.40781885364
120.3,90619.68899744152
120.31,90620.29847015454
120.32000000000001,90624.4877917555
120.33,90628.39719967375
120.34,90629.605845629
120.35000000000001,90633.53197236333
120.36,90635.68783303644
120.37,90638.68437085151
120.38,90642.05884209678
120.39,90646.21662191238
120.4,90648.92373273215
120.41,90649.62615615598
120.42,90651.45104572807
120.43,90657.44687062911
120.44,90658.95228494289
120.45,90662.24440289804
120.46000000000001,90664.36930650151
120.47,90666.97158597842
120.48,90670.21887489723
120.49000000000001,90672.43740315041
120.5,90676.13216525385
120.51,90678.80585520355
120.52,90680.194075483
120.53,90684.779011821
120.54,90689.14062112798
120.55,90688.24802959088
120.56,90692.65406924782
120.57000000000001,90694.77825792794
120.58,90699.76234266486
120.59,90703.19757657395
120.60000000000001,90704.09274584638
120.61,90708.31629273776
120.62,90708.87340206544
120.63,90711.71374700738
120.64,90714.74933290626
120.65,90716.97764320979
120.66,90722.41498172963
120.67,90724.89012689877
120.68,90726.70228489382
120.69,90729.96302098675
120.7,90731.38309412175
120.71000000000001,90737.44911361959
120.72,90738.18664665183
120.73,90739.37452459616
120.74000000000001,90745.07995628752
120.75,90745.95789146681
120.76,90747.72028944702
120.77,90752.7575147779
120.78,90756.22412357906
120.79,90758.6463358796
120.8,90762.5077315902
120.81,90765.43947349841
120.82000000000001,90767.18174361135
120.83,90771.36576042387
120.84,90772.79082205024
120.85000000000001,90776.34549814585
120.86,90778.6975154005
120.87,90780.56143778103
120.88,90784.50827519625
120.89,90788.54161870442
120.9,90789.70805372958
120.91,90792.23579738518
120.92,90796.21217369386
120.93,90798.68964837513
120.94,90799.34383476523
120.95,90806.09425347802
120.96000000000001,90805.99199662876
120.97,90810.73964829059
120.98,90814.13987102828
120.99000000000001,90814.00065907346
121.0,90819.03091949894
121.01,90820.37863557054
121.02,90822.71832256326
121.03,90827.36107318575
121.04,90831.01559942098
121.05,90833.7089784929
121.06,90836.07330918481
121.07000000000001,90837.54501508528
121.08,90842.04391036644
121.09,90843.93207397938
121.10000000000001,90846.59417286629
121.11,90850.41612599153
121.12,90851.30594819612
121.13,90854.70742238752
121.14,90856.71075226332
121.15,90859.67436880448
121.16,90864.35428848467
121.17,90865.17639414435
121.18,90869.16567757969
121.19,90871.32896091878
121.2,90874.71279110842
121.21000000000001,90878.94367983067
121.22,90881.00743561692
121.23,90883.19122680067
121.24000000000001,90887.67748050645
121.25,90891.45800596829
121.26,90893.6189423971
121.27,90894.47518255244
121.28,90898.60005079194
121.29,90899.32723168324
121.3,90904.57087982599
121.31,90905.87219786446
121.32000000000001,90907.52937658544
121.33,90911.9991892294
121.34,90916.52128731673
121.35000000000001,90917.49251582177
121.36,90920.45525084315
121.37,90923.55470746325
121.38,90925.88002924398
121.39,90928.85766551727
121.4,90932.71430526597
121.41,90935.77480914134
121.42,90938.39488206092
121.43,90941.05935934916
121.44,90944.8182004156
121.45,90946.0260687891
121.46000000000001,90949.95333961518
121.47,90950.23569388453
121.48,90955.83628660579
121.49000000000001,90958.11454518553
121.5,90961.10881625762
121.51,90963.96585324344
121.52,90966.8016829851
121.53,90967.77521509488
121.54,90972.36390302543
121.55,90974.85846946262
121.56,90978.03511191154
121.57000000000001,90980.26957267178
121.58,90985.56104137913
121.59,90987.1450123357
121.60000000000001,90988.87587851135
121.61,90992.82896738347
121.62,90995.031031609
121.63,90997.60828886901
121.64,91001.55533211175
121.65,91004.81721372377
121.66,91005.59323834733
121.67,91009.98607703004
121.68,91014.11860307357
121.69,91015.6579726973
121.7,91016.65902015452
121.71000000000001,91021.58065527625
121.72,91023.89066487753
121.73,91026.7997236525
121.74000000000001,91031.00548584916
121.75,91033.51175972687
121.76,91034.29839933624
121.77,91038.01967800755
121.78,91040.65205719875
121.79,91043.3744786214
121.8,91045.75478109562
121.81,91047.85585396702
121.82000000000001,91052.16543435257
121.83,91054.4263643068
121.84,91058.8028767506
121.85000000000001,91059.59752484046
121.86,91064.56061342322
121.87,91066.20307681935
121.88,91069.69961658311
121.89,91072.28701672009
121.9,91073.60431370426
121.91,91077.27479109936
121.92,91079.92383742212
121.93,91083.92129284698
121.94,91086.87514811131
121.95,91090.05141105934
121.96000000000001,91091.4645557338
121.97,91096.3171537093
121.98,91097.50064969114
121.99000000000001,91101.15939175017
122.0,91104.00722865471
122.01,91107.34616154278
122.02,91109.3920818477
122.03,91110.9642971771
122.04,91113.57245312355
122.05,91116.97347123391
122.06,91120.41779928701
122.07000000000001,91122.81944086119
122.08,91125.25717616286
122.09,91128.9762070919
122.10000000000001,91132.87593880101
122.11,91134.36417940757
122.12,91138.26136634935
122.13,91140.6334665273
122.14,91144.67555250913
122.15,91144.90860389297
122.16,91148.43289792229
122.17,91152.5136122877
122.18,91153.85005731788
122.19,91157.01338321475
122.2,91162.35152085208
122.21000000000001,91163.78002521142
122.22,91167.00196995026
122.23,91169.0199611185
122.24000000000001,91172.40566724825
122.25,91177.08197631278
122.26,91179.81309193313
122.27,91181.80753962387
122.28,91184.60395807536
122.29,91186.31326373178
122.3,91188.62633429897
122.31,91191.46162674492
122.32000000000001,91194.08719555585
122.33,91197.09088709114
122.34,91202.65579023099
122.35000000000001,91203.68709592707
122.36,91205.58906811183
122.37,91211.03391407091
122.38,91212.25120223254
122.39,91213.74525930424
122.4,91218.41739676642
122.41,91219.10960446752
122.42,91223.77921486131
122.43,91226.29969227023
122.44,91230.27386608954
122.45,91232.40427692873
122.46000000000001,91233.67675887009
122.47,91237.63060835328
122.48,91240.7974109999
122.49000000000001,91241.76443969345
122.5,91246.12682039548
122.51,91249.99360605933
122.52,91253.82106725327
122.53,91254.84368822853
122.54,91258.63579171477
122.55,91261.54916862896
122.56,91264.11572866618
122.57000000000001,91265.53807528871
122.58,91268.37604516401
122.59,91272.70263420291
122.60000000000001,91274.29078078346
122.61,91277.77149526111
122.62,91281.03467491982
122.63,91282.03583903941
122.64,91286.12642239519
122.65,91290.37413140592
122.66,91290.3859496032
122.67,91295.09351905868
122.68,91299.29181566881
122.69,91301.94006330747
122.7,91304.91011143987
122.71000000000001,91306.29979237696
122.72,91308.26261077481
122.73,91312.27618193315
122.74000000000001,91314.97862410144
122.75,91318.71554715237
122.76,91322.24533780215
122.77,91323.28134850432
122.78,91326.08142686226
122.79,91329.69537141385
122.8,91331.37519090992
122.81,91334.74582503717
122.82000000000001,91336.11334596567
122.83,91341.83481032556
122.84,91341.94022751898
122.85000000000001,91347.35121158426
122.86,91348.74627926113
122.87,91352.56039524633
122.88,91355.8807939273
122.89,91356.94451564342
122.9,91359.07670579478
122.91,91364.65988450522
122.92,91368.02031511274
122.93,91370.47665442423
122.94,91372.67913768564
122.95,91376.31901044828
122.96000000000001,91379.57342789427
122.97,91383.26761890468
122.98,91383.19525555782
122.99000000000001,91387.11831932903
123.0,91389.16560193805
123.01,91392.33327078712
123.02,91395.55901882071
123.03,91396.7408920174
123.04,91401.7650271821
123.05,91403.86780270466
123.06,91405.76818835222
123.07000000000001,91408.5934388585
123.08,91415.04154703405
123.09,91414.16467024316
123.10000000000001,91418.16738972347
123.11,91421.46260057607
123.12,91422.5684331745
123.13000000000001,91428.31165206975
123.14,91429.26078411727
123.15,91432.40642202187
123.16,91435.7838786357
123.17,91439.60245080593
123.18,91441.88951108848
123.19,91441.47079523421
123.2,91447.21119100785
123.21000000000001,91449.24657730151
123.22,91451.38269070358
123.23,91455.88503007573
123.24000000000001,91460.43205189596
123.25,91461.09750341183
123.26,91464.57734043158
123.27,91467.31368376293
123.28,91469.86896447385
123.29,91474.2463945661
123.3,91474.78317505114
123.31,91477.09140400484
123.32000000000001,91482.38614559262
123.33,91484.7252338917
123.34,91486.16182501682
123.35000000000001,91489.14037820722
123.36,91491.35153045467
123.37,91493.87022763444
123.38000000000001,91498.91978970771
123.39,91500.8417712075
123.4,91504.88054298656
123.41,91506.49470210256
123.42,91509.05711956293
123.43,91512.23956115446
123.44,91513.95819242667
123.45,91519.00722507537
123.46000000000001,91520.36870634941
123.47,91525.56523947837
123.48,91526.46546884281
123.49000000000001,91529.81900436214
123.5,91534.59965741161
123.51,91536.02836278517
123.52,91539.80302877398
123.53,91542.19768390429
123.54,91544.91505113311
123.55,91545.45319635785
123.56,91549.00920733695
123.57000000000001,91552.68450187103
123.58,91555.38780331713
123.59,91558.32751099723
123.60000000000001,91562.05263308177
123.61,91563.7940889426
123.62,91567.04188398384
123.63000000000001,91570.07983643163
123.64,91571.19774896072
123.65,91577.36751248232
123.66,91578.50380295189
123.67,91581.15563579333
123.68,91586.30126117401
123.69,91586.74343174297
123.7,91589.64158060151
123.71000000000001,91591.06473412798
123.72,91595.47799115418
123.73,91599.40831221803
123.74000000000001,91602.70204417959
123.75,91602.48276968725
123.76,91608.03884723422
123.77,91610.62325574529
123.78,91614.25086375613
123.79,91616.3984522829
123.8,91618.15372664816
123.81,91621.07562712829
123.82000000000001,91624.05423211536
123.83,91626.52812857868
123.84,91631.99254152518
123.85000000000001,91632.09496768529
123.86,91635.80268408966
123.87,91638.57451052923
123.88000000000001,91641.93714696208
123.89,91644.37966254355
123.9,91647.641210794
123.91,91649.40883465818
123.92,91652.5757052479
123.93,91655.56156083095
123.94,91659.19662579277
123.95,91662.13692019053
123.96000000000001,91663.2384548968
123.97,91666.58823017513
123.98,91669.77823807356
123.99000000000001,91673.71327550655
124.0,91675.97634954358
124.01,91676.93754415316
124.02,91681.56889871141
124.03,91684.22991453143
124.04,91687.32398318949
124.05,91690.23936495761
124.06,91694.71762399572
124.07000000000001,91694.26753842534
124.08,91699.63416337551
124.09,91702.30351973425
124.10000000000001,91702.72244150532
124.11,91706.15223657317
124.12,91710.95784911893
124.13000000000001,91714.36460136983
124.14,91715.63592232086
124.15,91719.46332359605
124.16,91721.79290734432
124.17,91722.27956621745
124.18,91726.70594859128
124.19,91729.19564358755
124.2,91733.8760466093
124.21000000000001,91736.55155748609
124.22,91739.68286147146
124.23,91740.3464711208
124.24000000000001,91745.99440248554
124.25,91746.92525355857
124.26,91750.13376444411
124.27,91752.71064903298
124.28,91757.1309098419
124.29,91757.42542939872
124.3,91763.19822376585
124.31,91763.58133512139
124.32000000000001,91766.5868053779
124.33,91769.1300588083
124.34,91774.35914961676
124.35000000000001,91775.81933096833
124.36,91780.31715927065
124.37,91781.40056380426
124.38000000000001,91784.87577176496
124.39,91789.24574372252
124.4,91790.0381394469
124.41,91793.35727272693
124.42,91795.38443768269
124.43,91799.70705620972
124.44,91800.72352902984
124.45,91805.02407067092
124.46000000000001,91807.63893877083
124.47,91810.84949543588
124.48,91814.07982046656
124.49000000000001,91815.64165596745
124.5,91819.8326271102
124.51,91820.9790152647
124.52,91825.50712140217
124.53,91827.20040040302
124.54,91830.47989535503
124.55,91833.75030883115
124.56,91837.61015175855
124.57000000000001,91839.59718764003
124.58,91841.96515740569
124.59,91844.22101899837
124.60000000000001,91848.90003775092
124.61,91852.41014521275
124.62,91853.4350834062
124.63000000000001,91857.26408181142
124.64,91859.82295870065
124.65,91861.07352861068
124.66,91866.38081989445
124.67,91870.46661866416
124.68,91870.31746632404
124.69,91874.53408438992
124.7,91876.11327419333
124.71000000000001,91880.18189255884
124.72,91882.16192092761
124.73,91884.6429109169
124.74000000000001,91889.4457354954
124.75,91888.8948737256
124.76,91895.2895542372
124.77,91897.77380267537
124.78,91899.90365377265
124.79,91902.15616059322
124.8,91906.46100694918
124.81,91907.81535849195
124.82000000000001,91910.99599607132
124.83,91914.02180327242
124.84,91916.0964966937
124.85000000000001,91919.40740763406
124.86,91922.31725357883
124.87,91925.37514640421
124.88000000000001,91928.84260588701
124.89,91931.35737281872
124.9,91934.94742692381
124.91,91937.63329303279
124.92,91940.08903440712
124.93,91942.36111957958
124.94,91945.69292702977
124.95,91945.92986602122
124.96000000000001,91950.96860223051
124.97,91951.50546902066
124.98,91952.78861392103
124.99000000000001,91953.64601759768
125.0,91957.53429354697
125.01,91957.37285055041
125.02,91958.42948897406
125.03,91963.37531192352
125.04,91964.64892872913
125.05,91964.76160830888
125.06,91968.09948178421
125.07000000000001,91969.6632305779
125.08,91972.54251448897
125.09,91973.22017835622
125.10000000000001,91976.42120951021
125.11,91977.06130044567
125.12,91977.60564447194
125.13000000000001,91978.2682098461
125.14,91981.6860599383
125.15,91979.30204412591
125.16,91982.15309364816
125.17,91983.345156513
125.18,91986.84090114068
125.19,91986.85578009476
125.2,91988.06576593185
125.21000000000001,91987.77596127611
125.22,91991.13628662787
125.23,91991.84912413679
125.24000000000001,91992.65548260276
125.25,91996.29232898379
125.26,91995.1690822292
125.27,91996.01574326916
125.28,91997.78834055571
125.29,91999.85443959388
125.3,92002.24843416596
125.31,92000.44095731173
125.32000000000001,92001.51572065888
125.33,92005.09242566943
125.34,92003.03614422487
125.35000000000001,92004.52949104151
125.36,92007.96553974226
125.37,92007.99719871035
125.38000000000001,92009.07496132495
125.39,92008.92105140521
125.4,92009.0144859088
125.41,92013.24435457446
125.42,92011.63875254286
125.43,92014.4619987231
125.44,92015.82092456789
125.45,92014.12194294036
125.46000000000001,92016.96271695814
125.47,92017.00650578381
125.48,92018.75963273318
125.49000000000001,92018.1170921497
125.5,92020.76056466039
125.51,92020.56465206432
125.52,92020.52482711752
125.53,92023.40618189465
125.54,92023.14956601035
125.55,92024.07353582668
125.56,92025.24072931171
125.57000000000001,92027.00173938205
125.58,92026.87073390571
125.59,92028.80452600667
125.60000000000001,92027.97027576363
125.61,92028.45272655987
125.62,92032.0281958943
125.63000000000001,92031.4826605742
125.64,92032.19707835808
125.65,92034.56550820945
125.66,92034.51152515624
125.67,92036.31779207164
125.68,92036.88579234217
125.69,92035.72919326562
125.7,92038.48600049737
125.71000000000001,92037.53999718982
125.72,92038.54817833295
125.73,92041.91404372042
125.74000000000001,92040.64564261957
125.75,92041.99879940125
125.76,92041.82662897755
125.77,92043.30278806947
125.78,92043.23924196242
125.79,92044.14954278604
125.8,92044.78444453453
125.81,92045.47824215642
125.82000000000001,92046.9098888025
125.83,92046.4281950054
125.84,92047.34124958496
125.85000000000001,92048.83796762582
125.86,92049.7122834166
125.87,92050.96802990638
125.88000000000001,92051.38947311707
125.89,92051.43297567754
125.9,92052.00679925506
125.91,92054.57722136196
125.92,92054.70162400312
125.93,92054.19088359053
125.94,92055.16204652004
125.95,92057.45789492961
125.96000000000001,92056.89273957063
125.97,92059.04632188338
125.98,92058.27141390365
125.99000000000001,92059.95698588951
126.0,92059.85863510525
126.01,92061.41966993357
126.02,92061.56853529645
126.03,92060.76210983911
126.04,92063.53484932038
126.05,92065.7740619594
126.06,92064.8759233456
126.07000000000001,92064.16442461156
126.08,92065.73462785908
126.09,92068.09143646581
126.10000000000001,92067.28135216363
126.11,92069.16768943612
126.12,92067.5936398505
126.13000000000001,92069.01056647
126.14,92069.61514060764
126.15,92069.82771207171
126.16,92073.59190258395
126.17,92074.47577479259
126.18,92074.12762251051
126.19,92072.54094292586
126.2,92074.6650638663
126.21000000000001,92072.91549907558
126.22,92075.10407606227
126.23,92078.37119045014
126.24000000000001,92077.97152473826
126.25,92076.0987263753
126.26,92079.21046707785
126.27,92078.91674441888
126.28,92080.15800724654
126.29,92078.3256364517
126.3,92081.27020736734
126.31,92081.65636288891
126.32000000000001,92081.98293682432
126.33,92082.58669291042
126.34,92083.58744115304
126.35000000000001,92083.2323702339
126.36,92085.60159826269
126.37,92085.89228492124
126.38000000000001,92088.22907189031
126.39,92086.19016800182
126.4,92088.135448787
126.41,92089.81680023842
126.42,92088.77079952227
126.43,92088.89963699276
126.44,92091.35303356643
126.45,92091.10386906347
126.46000000000001,92092.83589781591
126.47,92092.29058469948
126.48,92093.45858606561
126.49000000000001,92092.23182347341
126.5,92096.19939568375
126.51,92097.6486819698
126.52,92095.18423293935
126.53,92095.70913375798
126.54,92094.50988387573
126.55,92097.18980317008
126.56,92097.55343434162
126.57000000000001,92097.30428791905
126.58,92099.80891049934
126.59,92098.7043719994
126.60000000000001,92099.7624049881
126.61,92101.33419450575
126.62,92101.86019682848
126.63000000000001,92101.5710820924
126.64,92103.37369612805
126.65,92105.91599449111
126.66,92105.46115463883
126.67,92105.13919378551
126.68,92105.96861075674
126.69,92106.69692226428
126.7,92109.49903783122
126.71000000000001,92106.98094236577
126.72,92109.81933159883
126.73,92110.80315290578
126.74000000000001,92109.25183864086
126.75,92111.03303710083
126.76,92110.25895047151
126.77,92112.35928430178
126.78,92113.28670626704
126.79,92114.20445084063
126.8,92113.65790121235
126.81,92114.44379003624
126.82000000000001,92117.55888802212
126.83,92115.7927155142
126.84,92119.30419932712
126.85000000000001,92118.34904415275
126.86,92118.36611203502
126.87,92119.36471106428
126.88000000000001,92118.77727237766
126.89,92121.37814214187
126.9,92122.3560947355
126.91,92121.33528375355
126.92,92122.72539335965
126.93,92123.03589492213
126.94,92123.61156006718
126.95,92125.33263554772
126.96000000000001,92123.92050272122
126.97,92124.81691264677
126.98,92126.20136038608
126.99000000000001,92127.78592076217
127.0,92128.4338169
127.01,92127.73680925735
127.02,92127.73870570047
127.03,92128.37792185269
127.04,92129.08020258984
127.05,92132.57429709392
127.06,92132.55568418354
127.07000000000001,92133.0161036453
127.08,92134.11955027291
127.09,92132.62045393052
127.10000000000001,92132.58249278383
127.11,92134.66776589054
127.12,92134.82917899574
127.13000000000001,92136.35369491903
127.14,92136.9655625117
127.15,92134.47274457979
127.16,92137.07435584838
127.17,92139.15683987972
127.18,92139.47225562924
127.19,92141.0116441186
127.2,92138.63205672073
127.21000000000001,92142.12982272489
127.22,92141.41455084187
127.23,92141.56208776757
127.24000000000001,92142.39392635891
127.25,92143.75510258954
127.26,92144.48246084926
127.27,92144.03590052869
127.28,92145.17549916025
127.29,92146.12832182691
127.3,92147.52937374401
127.31,92146.74533082644
127.32000000000001,92147.7381410095
127.33,92149.79569257659
127.34,92148.68236039545
127.35000000000001,92149.31207410156
127.36,92152.06453708449
127.37,92150.47560977607
127.38000000000001,92150.70327618001
127.39,92152.44003306703
127.4,92153.43528102206
127.41,92154.75429862844
127.42,92154.69156812661
127.43,92154.82322439882
127.44,92154.88504893826
127.45,92156.21715315503
127.46000000000001,92158.12681354619
127.47,92158.11313265166
127.48,92160.12985384857
127.49000000000001,92158.73946669977
127.5,92160.90134199457
127.51,92160.40427564443
127.52,92158.54272918623
127.53,92161.30574637585
127.54,92162.45904384831
127.55,92163.69926792325
127.56,92164.76807803847
127.57000000000001,92164.46679413573
127.58,92164.49663627608
127.59,92165.74790849794
127.60000000000001,92163.60348604026
127.61,92166.91040603688
127.62,92165.74797151078
127.63000000000001,92167.97560476186
127.64,92168.26182224527
127.65,92170.90672344611
127.66,92170.09040566086
127.67,92170.33391558826
127.68,92170.3778970546
127.69,92172.16446023055
127.7,92172.49997299288
127.71000000000001,92173.32007824478
127.72,92173.30025963364
127.73,92172.02530462386
127.74000000000001,92176.7286083232
127.75,92176.0217509851
127.76,92175.11648631538
127.77,92176.1994164006
127.78,92177.25457642696
127.79,92178.76349907761
127.8,92178.12385196713
127.81,92179.07146770839
127.82000000000001,92180.88442567039
127.83,92179.85328091895
127.84,92181.46419325085
127.85000000000001,92181.67003819502
127.86,92182.79139055817
127.87,92183.72011554563
127.88000000000001,92185.3421354955
127.89,92183.7670802371
127.9,92186.23850813461
127.91,92187.35478468885
127.92,92186.8620890042
127.93,92187.32480034095
127.94,92187.24963595498
127.95,92189.00508223317
127.96000000000001,92189.06518366742
127.97,92188.84198803037
127.98,92190.14095496539
127.99000000000001,92190.61391208446
128.0,92191.1757494548
128.01,92192.5874930285
128.02,92192.55071345583
128.03,92192.18091208016
128.04,92194.02170122221
128.05,92195.74380697226
128.06,92197.18431541408
128.07,92195.01535534918
128.08,92195.87885859847
128.09,92196.79071864193
128.1,92199.44148331892
128.11,92199.56648663172
128.12,92198.24135162678
128.13,92199.34227993517
128.14000000000001,92198.3937727323
128.15,92203.22834697049
128.16,92202.26710839655
128.17000000000002,92203.61535438246
128.18,92202.60511307236
128.19,92205.27077767307
128.2,92205.44035654626
128.21,92205.36152866212
128.22,92205.15644693389
128.23,92206.9754909645
128.24,92206.56154570874
128.25,92207.70366240099
128.26,92208.93039155193
128.27,92209.21613082198
128.28,92209.50011289089
128.29,92210.7330396413
128.3,92210.85977018462
128.31,92211.05261473877
128.32,92212.11985076712
128.33,92213.16899991575
128.34,92212.91095312174
128.35,92213.34616650324
128.36,92213.91360157602
128.37,92214.19722490576
128.38,92216.39956239989
128.39000000000001,92217.61715765871
128.4,92216.22799164719
128.41,92217.18955293304
128.42000000000002,92218.36112354431
128.43,92219.73578540715
128.44,92219.2060973325
128.45,92219.58195385916
128.46,92221.20859315972
128.47,92222.76195138694
128.48,92221.15189975219
128.49,92223.47012208159
128.5,92224.43864282565
128.51,92223.09927774289
128.52,92224.5923763658
128.53,92226.4260458087
128.54,92226.40456132487
128.55,92227.42961859744
128.56,92228.1516744675
128.57,92230.26643235578
128.58,92229.40294634164
128.59,92229.67373116383
128.6,92228.57619183464
128.61,92231.05337969016
128.62,92232.0288310174
128.63,92231.32838447917
128.64000000000001,92233.04199978996
128.65,92232.2511579158
128.66,92235.24159680156
128.67000000000002,92234.00190582336
128.68,92234.7011924016
128.69,92236.69650165102
128.7,92234.8605682986
128.71,92235.2277522793
128.72,92238.68690525222
128.73,92239.51692214256
128.74,92239.40745797976
128.75,92238.78865201309
128.76,92239.09342542532
128.77,92241.86226627845
128.78,92242.18504512725
128.79,92241.52384491806
128.8,92241.1074368254
128.81,92243.9358502561
128.82,92242.11148376961
128.83,92243.74647770202
128.84,92245.50432950324
128.85,92246.0673034823
128.86,92246.18669290107
128.87,92245.59357032599
128.88,92248.55236011565
128.89000000000001,92245.88883189717
128.9,92249.47952340229
128.91,92248.73071904211
128.92000000000002,92249.75489366162
128.93,92249.08603319565
128.94,92250.55162916295
128.95,92253.4338469827
128.96,92253.83159668476
128.97,92252.96615292261
128.98,92253.31064493267
128.99,92256.98111497122
129.0,92256.83974031179
129.01,92256.32445848435
129.02,92256.36317800781
129.03,92256.84175056653
129.04,92259.06662288068
129.05,92257.86997811696
129.06,92258.07186436024
129.07,92259.08438158664
129.08,92262.01041000316
129.09,92262.1978549042
129.1,92261.98449201602
129.11,92264.26823469426
129.12,92262.76230075856
129.13,92263.10554417857
129.14000000000001,92263.89555493619
129.15,92265.58438915639
129.16,92265.42808192766
129.17000000000002,92265.05781290295
129.18,92266.77672028427
129.19,92267.8620238599
129.2,92267.83390914329
129.21,92269.68340907326
129.22,92269.40469470281
129.23,92270.05558800485
129.24,92270.73181149561
129.25,92271.57176689575
129.26,92271.40490546168
129.27,92271.82222355927
129.28,92273.34390251468
129.29,92275.46317593333
129.3,92273.54725034666
129.31,92274.89071620963
129.32,92276.94014780635
129.33,92274.44992876964
129.34,92277.16162541595
129.35,92278.26086824294
129.36,92277.42460720074
129.37,92279.16908111042
129.38,92278.9757701374
129.39000000000001,92280.7491320387
129.4,92281.47101876944
129.41,92281.66345968907
129.42000000000002,92282.53216181738
129.43,92281.0082652785
129.44,92283.45430070667
129.45,92284.20042230377
129.46,92284.84432370981
129.47,92286.64839827048
129.48,92285.8077781693
129.49,92286.5157853003
129.5,92288.2837853698
129.51,92287.99318708645
129.52,92288.35831058613
129.53,92289.74035060039
129.54,92290.35512505779
129.55,92289.4169368841
129.56,92291.00683615646
129.57,92292.65972960927
129.58,92294.28579960887
129.59,92293.59134384677
129.6,92294.77157863461
129.61,92292.73126255505
129.62,92296.45049753996
129.63,92294.94646981938
129.64000000000001,92298.12695019203
129.65,92297.56164497751
129.66,92298.06315400799
129.67000000000002,92299.77017626572
129.68,92298.54638522235
129.69,92299.56217592687
129.7,92298.7814541706
129.71,92299.92256852519
129.72,92301.37052014233
129.73,92302.52111563963
129.74,92302.0723441729
129.75,92303.2951173768
129.76,92304.9076487343
129.77,92305.45813917028
129.78,92305.90216191133
129.79,92306.17091512628
129.8,92305.92608757594
129.81,92305.93677081545
129.82,92307.29837997266
129.83,92309.66162123304
129.84,92307.88919217417
129.85,92310.20092308425
129.86,92312.29239131666
129.87,92311.22195544302
129.88,92311.73348769205
129.89000000000001,92310.29246723044
129.9,92313.23773814071
129.91,92313.59186064293
129.92000000000002,92313.44942336222
129.93,92316.45987808814
129.94,92315.98714432433
129.95,92315.99289298838
129.96,92317.71298711938
129.97,92318.26833841266
129.98,92318.02412542392
129.99,92317.29980796459
130.0,92319.54605526115
130.01,92319.91577964019
130.02,92321.93898087976
130.03,92321.7374971683
130.04,92321.48974747928
130.05,92322.61365157856
130.06,92321.55988201992
130.07,92324.78074924763
130.08,92323.76902828176
130.09,92324.93129655496
130.1,92325.10190466404
130.11,92327.28107344695
130.12,92327.67972281313
130.13,92326.67805233935
130.14000000000001,92329.21786729252
130.15,92327.32531689527
130.16,92329.4312932428
130.17000000000002,92329.84573127158
130.18,92330.29537507704
130.19,92330.9010532823
130.2,92332.21731781599
130.21,92333.94569524522
130.22,92335.0090874558
130.23,92333.37647692353
130.24,92335.46334572615
130.25,92336.24870208521
130.26,92336.36057104066
130.27,92335.85687209087
130.28,92338.23754159885
130.29,92338.32139984846
130.3,92339.99258472989
130.31,92338.45957462522
130.32,92340.97493027271
130.33,92337.87090386392
130.34,92340.83348442135
130.35,92341.39189468566
130.36,92342.67413583923
130.37,92342.78470073319
130.38,92343.09780466388
130.39000000000001,92344.41147318164
130.4,92343.95852706309
130.41,92344.93377715482
130.42000000000002,92346.03655537582
130.43,92348.27386207487
130.44,92348.26553214484
130.45,92347.78754319683
130.46,92347.03986432106
130.47,92350.27728160177
130.48,92351.27246599547
130.49,92351.62594542358
130.5,92352.75992992934
130.51,92351.01286862895
130.52,92353.89071273361
130.53,92351.4005640178
130.54,92354.04139541619
130.55,92353.00105485391
130.56,92355.7484186329
130.57,92355.97966294257
130.58,92356.7297799489
130.59,92358.20417739512
130.6,92358.16988800763
130.61,92358.07152243718
130.62,92359.26438159755
130.63,92359.3213308042
130.64000000000001,92361.53873028707
130.65,92361.71688661394
130.66,92362.64520858944
130.67000000000002,92360.51650986135
130.68,92362.2165810875
130.69,92364.1227789121
130.7,92362.64785526869
130.71,92365.80563363145
130.72,92362.73105581876
130.73,92364.82240900298
130.74,92366.80673195982
130.75,92367.34623557165
130.76,92366.35141293507
130.77,92368.81445577758
130.78,92369.02045639706
130.79,92369.37422370414
130.8,92371.48304137462
130.81,92370.53798454723
130.82,92371.87288318237
130.83,92372.55104108751
130.84,92373.71075298933
130.85,92374.02369366596
130.86,92374.54546088468
130.87,92373.71464293948
130.88,92374.64450000384
130.89000000000001,92375.34119591971
130.9,92375.30810077864
130.91,92377.08712208229
130.92000000000002,92379.87413325535
130.93,92378.26356243443
130.94,92379.5541311953
130.95,92379.69960397873
130.96,92380.48663626116
130.97,92380.47933453479
130.98,92381.19016692697
130.99,92382.46428327459
131.0,92381.00755094092
131.01,92383.15754307974
131.02,92386.22202974067
131.03,92383.89768203546
131.04,92385.53672164047
131.05,92385.57235642536
131.06,92385.48437232173
131.07,92387.56612300304
131.08,92387.29842428386
131.09,92390.10197809941
131.1,92389.74864801114
131.11,92390.87373058235
131.12,92390.54874073656
131.13,92389.87906894945
131.14000000000001,92391.49350134582
131.15,92391.69343199082
131.16,92394.1184926368
131.17000000000002,92393.56943453559
131.18,92396.99492095617
131.19,92396.01582837313
131.2,92395.71477326193
131.21,92396.39965225899
131.22,92397.91114032608
131.23,92398.06682514062
131.24,92399.17569821181
131.25,92399.69266755125
131.26,92400.7257659151
131.27,92400.28115066577
131.28,92401.91757061683
131.29,92400.17557892103
131.3,92401.382564859
131.31,92402.55711050674
131.32,92402.52747921822
131.33,92402.96699959885
131.34,92403.82261415671
131.35,92407.03755463722
131.36,92405.60972428822
131.37,92406.56716675054
131.38,92405.6458970947
131.39000000000001,92409.2629985727
131.4,92409.1965731044
131.41,92411.92228019268
131.42000000000002,92409.44626956721
131.43,92411.02331897993
131.44,92412.30653995638
131.45,92412.08735149597
131.46,92411.88527848036
131.47,92416.29987050047
131.48,92413.61901404503
131.49,92415.77408900099
131.5,92414.09760581996
131.51,92415.22245041106
131.52,92417.8540422461
131.53,92418.30121893731
131.54,92418.28453854045
131.55,92418.6340272231
131.56,92419.35819210905
131.57,92419.2410695114
131.58,92421.52161529107
131.59,92418.75013554408
131.6,92421.3672009778
131.61,92423.19494199511
131.62,92422.11212449503
131.63,92422.3058194335
131.64000000000001,92423.62808590592
131.65,92423.72728102794
131.66,92426.6586133936
131.67000000000002,92425.17151039245
131.68,92427.77585964675
131.69,92428.86948783147
131.7,92427.99017230514
131.71,92428.8302186301
131.72,92431.71329220053
131.73,92430.03059149862
131.74,92429.20071054787
131.75,92431.1981294324
131.76,92432.57381353332
131.77,92433.10778734184
131.78,92432.53949223514
131.79,92432.97021842614
131.8,92435.47405072708
131.81,92432.50627038098
131.82,92434.69777736244
131.83,92437.25901296335
131.84,92436.91476802071
131.85,92436.6639172457
131.86,92439.98192597371
131.87,92438.09631434522
131.88,92439.51512360791
131.89000000000001,92441.51998549206
131.9,92441.22333571165
131.91,92441.46303083455
131.92000000000002,92440.80940410956
131.93,92443.67674038502
131.94,92443.53093418163
131.95,92444.12813224136
131.96,92444.4154182265
131.97,92445.07608453465
131.98,92446.84426543537
131.99,92445.92061168872
132.0,92446.89926765324
132.01,92448.15549289204
132.02,92448.96185233924
132.03,92448.13743486874
132.04,92451.1138603138
132.05,92450.64288158319
132.06,92451.36134070694
132.07,92451.8074888172
132.08,92451.67452674887
132.09,92452.36555423874
132.1,92454.16266260043
132.11,92454.08181594047
132.12,92454.91234232241
132.13,92455.49489419455
132.14000000000001,92454.74891202072
132.15,92456.76617498041
132.16,92457.74477000767
132.17000000000002,92460.83080136345
132.18,92460.21367256028
132.19,92458.78204028604
132.2,92459.21224628063
132.21,92458.96081069105
132.22,92460.30242660879
132.23,92460.50968869549
132.24,92462.07605114602
132.25,92461.58953199473
132.26,92462.29351162199
132.27,92462.7786567257
132.28,92462.55802099308
132.29,92466.81888246354
132.3,92466.13160107465
132.31,92465.00227366113
132.32,92467.25032102424
132.33,92469.33629622412
132.34,92468.005219681
132.35,92469.02190416437
132.36,92468.6108652773
132.37,92471.34917314262
132.38,92473.50785104584
132.39000000000001,92472.57518603845
132.4,92472.60242778827
132.41,92473.88444654526
132.42000000000002,92475.3914574506
132.43,92472.98515657442
132.44,92472.93712615287
132.45,92474.69068519332
132.46,92477.08154848556
132.47,92478.08205478553
132.48,92477.05053646321
132.49,92477.33761332199
132.5,92482.05888334605
132.51,92478.03354627769
132.52,92481.67241982675
132.53,92481.021964657
132.54,92481.20720267564
132.55,92484.5837194893
132.56,92483.86380667576
132.57,92483.60221708188
132.58,92483.7401429276
132.59,92484.63823233482
132.6,92483.28393468878
132.61,92483.4587189377
132.62,92485.81113364325
132.63,92487.30728682994
132.64000000000001,92488.55504870602
132.65,92488.04851706907
132.66,92490.47805417588
132.67000000000002,92489.81854266736
132.68,92489.96370906998
132.69,92490.65746837681
132.7,92492.63085993746
132.71,92490.91653246482
132.72,92494.24162797547
132.73,92494.20518666612
132.74,92496.2685578979
132.75,92494.36577423495
132.76,92497.41573037842
132.77,92495.77614451316
132.78,92498.06071899638
132.79,92497.71528492766
132.8,92498.34351164968
132.81,92498.056957933
132.82,92499.22015856656
132.83,92501.31436349993
132.84,92499.92031446572
132.85,92503.64584787475
132.86,92502.09575623657
132.87,92501.94212535572
132.88,92503.03064086386
132.89000000000001,92501.9635339114
132.9,92506.09181155807
132.91,92506.55035552467
132.92000000000002,92505.55273981123
132.93,92507.19402626107
132.94,92507.79260784434
132.95,92507.07184020888
132.96,92507.20936798502
132.97,92508.95139132434
132.98,92510.19751918648
132.99,92509.34820327334
133.0,92511.67469446865
133.01,92513.04000828201
133.02,92512.0072081375
133.03,92513.15887405
133.04,92513.51932082092
133.05,92514.07274962642
133.06,92513.85651399166
133.07,92516.20043267359
133.08,92515.66802450923
133.09,92519.12764923045
133.1,92518.44769125902
133.11,92517.14180399026
133.12,92517.85439214643
133.13,92519.12753688636
133.14000000000001,92520.78199885454
133.15,92520.64933362929
133.16,92522.48828868615
133.17000000000002,92523.11712753041
133.18,92521.89098591474
133.19,92524.38642162045
133.2,92522.51099275939
133.21,92522.73229685563
133.22,92524.99846543818
133.23,92525.27831781891
133.24,92525.44086191875
133.25,92528.49989848927
133.26,92529.26480095569
133.27,92528.05083091343
133.28,92529.26496941235
133.29,92529.90325613134
133.3,92530.53015026238
133.31,92529.88336314313
133.32,92531.4218017278
133.33,92531.24927327702
133.34,92531.16769232757
133.35,92532.87345150695
133.36,92531.54693354957
133.37,92534.69632812074
133.38,92536.60457052433
133.39000000000001,92535.91043865253
133.4,92535.8643015188
133.41,92538.71949664164
133.42000000000002,92537.29362898335
133.43,92537.56091211775
133.44,92539.77020417231
133.45,92538.6233665449
133.46,92540.95417691175
133.47,92540.49518479302
133.48,92543.25165554139
133.49,92542.59886955218
133.5,92542.76674402328
133.51,92541.8830577901
133.52,92542.67496820101
133.53,92544.54241062519
133.54,92544.2228375223
133.55,92544.47200573908
133.56,92547.4733601609
133.57,92545.95035703911
133.58,92549.39337593374
133.59,92548.4767707095
133.6,92548.38731542732
133.61,92549.3071743534
133.62,92550.86868667013
133.63,92550.56109264074
133.64000000000001,92552.41882155083
133.65,92554.25644587603
133.66,92554.08664954925
133.67000000000002,92552.47663144692
133.68,92554.21618277003
133.69,92555.06410824691
133.7,92556.4404665228
133.71,92555.0814886038
133.72,92555.78142748208
133.73,92556.19079621595
133.74,92557.68514572782
133.75,92558.7163711529
133.76,92558.57649858939
133.77,92561.39921403257
133.78,92561.03716612064
133.79,92561.92087860004
133.8,92562.29924933898
133.81,92563.15780401105
133.82,92564.39743065133
133.83,92564.23734053061
133.84,92565.65791762825
133.85,92565.62944604635
133.86,92566.37593565925
133.87,92568.03531088708
133.88,92567.65456733579
133.89000000000001,92567.33844667011
133.9,92568.51066644085
133.91,92568.412484801
133.92000000000002,92571.34582714188
133.93,92568.69141196471
133.94,92569.58247072322
133.95,92569.58088710655
133.96,92572.4188120678
133.97,92572.59140266768
133.98,92575.07641133587
133.99,92574.88502713655
134.0,92575.4151165704
134.01,92576.50311007624
134.02,92575.77392103404
134.03,92576.88187583779
134.04,92576.7233823663
134.05,92577.60668946148
134.06,92577.78499072696
134.07,92577.24119704332
134.08,92580.51663522559
134.09,92579.05981332544
134.1,92581.95096078939
134.11,92581.10626176106
134.12,92581.7782901397
134.13,92582.35025097581
134.14000000000001,92583.6247961729
134.15,92585.72063440092
134.16,92585.88151516572
134.17000000000002,92586.82850884847
134.18,92587.70899331072
134.19,92587.70957810666
134.2,92586.16707756232
134.21,92588.20542442566
134.22,92590.21120039957
134.23,92589.30773984599
134.24,92589.91530795458
134.25,92590.79062023952
134.26,92590.89933406062
134.27,92592.269977017
134.28,92592.87697117162
134.29,92591.30902342123
134.3,92595.95257620965
134.31,92595.99433969773
134.32,92595.5340356028
134.33,92596.06524274145
134.34,92596.45153530306
134.35,92597.77113429457
134.36,92598.27602418166
134.37,92598.92638085735
134.38,92601.06754004638
134.39000000000001,92600.38417948307
134.4,92601.13177170654
134.41,92604.22674254006
134.42000000000002,92601.55432914422
134.43,92603.49147952325
134.44,92603.57585358876
134.45,92604.50269187134
134.46,92605.00205410269
134.47,92604.38501097684
134.48,92604.37404948467
134.49,92605.65293316719
134.5,92607.12130955335
134.51,92607.71095443211
134.52,92608.3273113634
134.53,92608.42765617307
134.54,92609.17474624228
134.55,92610.39526368176
134.56,92610.97581523973
134.57,92612.52112957777
134.58,92612.23057986876
134.59,92612.80908350299
134.6,92613.1945845857
134.61,92614.43424233756
134.62,92614.93421915438
134.63,92615.81651957595
134.64000000000001,92615.06636058248
134.65,92613.8412177231
134.66,92615.97189417097
134.67000000000002,92617.4141174197
134.68,92617.52333612969
134.69,92619.89403602283
134.7,92618.64530617026
134.71,92619.7237249018
134.72,92619.58449302978
134.73,92621.78686604355
134.74,92622.92682246429
134.75,92622.19213548524
134.76,92624.6242696113
134.77,92624.02638680965
134.78,92624.81554906638
134.79,92624.24697239166
134.8,92627.18437001976
134.81,92626.330877575
134.82,92627.14067796976
134.83,92626.71689873663
134.84,92627.70655754527
134.85,92629.20224541894
134.86,92630.73084621184
134.87,92631.97486917138
134.88,92632.2831611865
134.89000000000001,92630.1676755444
134.9,92632.38910873994
134.91,92633.8206774163
134.92000000000002,92634.88516321898
134.93,92635.05620505984
134.94,92634.0223369175
134.95,92635.49339779073
134.96,92635.91431986696
134.97,92637.5655388343
134.98,92637.18259119116
134.99,92636.83252810755
135.0,92637.871048597
135.01,92638.69486103597
135.02,92638.98729311414
135.03,92640.88043633915
135.04,92641.30985229343
135.05,92641.51911351699
135.06,92640.61985876132
135.07,92641.17222016686
135.08,92643.3611800387
135.09,92642.56220716638
135.1,92645.31019688283
135.11,92646.6097404804
135.12,92645.38486966594
135.13,92647.4797855407
135.14000000000001,92649.2322689975
135.15,92648.33813703524
135.16,92648.02098047157
135.17000000000002,92650.59080795408
135.18,92649.61880464149
135.19,92648.9789037885
135.2,92651.53549379345
135.21,92652.51373912794
135.22,92652.42817516511
135.23,92653.38700161758
135.24,92653.54711966429
135.25,92656.4591338603
135.26,92654.85450419613
135.27,92655.23940834726
135.28,92657.26620524106
135.29,92657.84709641617
135.3,92657.195665894
135.31,92658.43683743641
135.32,92660.00696033059
135.33,92660.35962212067
135.34,92661.41031846493
135.35,92661.46475126338
135.36,92661.06135039969
135.37,92661.41714728664
135.38,92663.45515497285
135.39000000000001,92662.97253791329
135.4,92664.4916812888
135.41,92664.93358794089
135.42000000000002,92666.40855648214
135.43,92665.98617028812
135.44,92668.09305798811
135.45,92665.9914576643
135.46,92668.26221532442
135.47,92667.88942469459
135.48,92672.1009732519
135.49,92670.81750986696
135.5,92672.35643519225
135.51,92671.95519506007
135.52,92671.97353949716
135.53,92672.87960366558
135.54,92673.30505924208
135.55,92673.04065058062
135.56,92676.46298907071
135.57,92676.47165884501
135.58,92676.23440887783
135.59,92675.70858189084
135.6,92677.57858247432
135.61,92678.02163188125
135.62,92678.66640073998
135.63,92679.02646403339
135.64000000000001,92679.30315718275
135.65,92679.48838281172
135.66,92680.38417331694
135.67000000000002,92681.16401817405
135.68,92682.42611524648
135.69,92680.99443562861
135.7,92681.66610272927
135.71,92683.89755312631
135.72,92684.63664096147
135.73,92686.04919915016
135.74,92686.60178295475
135.75,92685.00636814581
135.76,92688.10032462102
135.77,92687.15452931724
135.78,92688.54271980566
135.79,92690.87282458921
135.8,92689.67862391683
135.81,92690.05835688168
135.82,92689.94102284667
135.83,92691.92992881706
135.84,92694.21858601595
135.85,92694.32141332501
135.86,92693.20074438416
135.87,92695.00681261563
135.88,92695.15737535305
135.89000000000001,92695.42563945531
135.9,92696.7705674648
135.91,92697.77809256795
135.92000000000002,92697.33804953062
135.93,92697.4255384611
135.94,92698.12839831371
135.95,92699.3313103137
135.96,92700.8406751341
135.97,92700.42320681337
135.98,92701.82552686115
135.99,92703.24000393835
136.0,92701.08092191083
136.01,92703.84724226443
136.02,92704.36539579631
136.03,92705.27904743004
136.04,92704.5372845061
136.05,92705.47412082412
136.06,92706.73937971666
136.07,92708.47914670582
136.08,92709.95625611166
136.09,92710.70232159918
136.1,92709.8257402638
136.11,92710.08275442051
136.12,92710.31294871816
136.13,92713.79703676175
136.14000000000001,92710.89094592305
136.15,92711.39033719013
136.16,92711.46572973771
136.17000000000002,92712.74286254626
136.18,92714.39478841744
136.19,92713.7145602835
136.2,92716.29187411006
136.21,92716.3197539729
136.22,92717.09501836069
136.23,92717.03855527115
136.24,92718.42823653744
136.25,92719.12936714216
136.26,92720.38323874032
136.27,92719.3799726249
136.28,92720.88717985297
136.29,92721.28787184913
136.3,92721.88656046522
136.31,92723.083087585
136.32,92722.4148159376
136.33,92724.5413072611
136.34,92723.66016555871
136.35,92725.28600405564
136.36,92725.94688141508
136.37,92725.65618431842
136.38,92727.14599901164
136.39000000000001,92727.60496845747
136.4,92727.98254472762
136.41,92728.31056643328
136.42000000000002,92729.89575229809
136.43,92729.12073544925
136.44,92731.1771383441
136.45,92730.76025201748
136.46,92731.7004066211
136.47,92734.3330409481
136.48,92734.44486864665
136.49,92734.57049783376
136.5,92736.33646951863
136.51,92735.84967807894
136.52,92735.42964911573
136.53,92736.93600892383
136.54,92738.42847559627
136.55,92737.54577855139
136.56,92737.23564455316
136.57,92740.299368633
136.58,92739.04629732273
136.59,92739.37220638322
136.6,92741.26652792186
136.61,92739.52851879683
136.62,92744.34097159977
136.63,92744.47367626145
136.64000000000001,92741.98377680524
136.65,92743.35901933014
136.66,92746.34178827387
136.67000000000002,92745.79485577732
136.68,92745.10689277014
136.69,92747.94581423729
136.70000000000002,92748.70681258498
136.71,92746.9670784733
136.72,92749.30278686984
136.73,92749.15869256337
136.74,92749.7962656412
136.75,92750.62270498576
136.76,92749.06902706422
136.77,92752.25791286178
136.78,92753.6617294932
136.79,92753.21791968912
136.8,92753.77173409503
136.81,92753.74879551223
136.82,92755.0174866083
136.83,92757.0197880439
136.84,92756.53395221478
136.85,92755.98214710204
136.86,92756.5923020046
136.87,92758.58552312698
136.88,92759.06871183257
136.89000000000001,92761.37282300075
136.9,92761.35694877146
136.91,92761.22388256784
136.92000000000002,92761.2673608286
136.93,92762.38052444482
136.94,92762.69102237129
136.95000000000002,92762.20387433756
136.96,92765.13242737454
136.97,92763.30948197973
136.98,92764.1964188962
136.99,92766.10701088251
137.0,92767.12226711478
137.01,92767.14918881567
137.02,92766.87844279253
137.03,92767.16871872832
137.04,92769.1018618975
137.05,92769.01696856636
137.06,92770.51021858811
137.07,92772.2847028123
137.08,92772.42902796376
137.09,92771.88909221541
137.1,92773.77420925991
137.11,92775.17991027368
137.12,92775.36207732426
137.13,92774.68358359314
137.14000000000001,92773.9043403657
137.15,92776.6285146716
137.16,92775.04062130721
137.17000000000002,92776.72681795177
137.18,92778.47243258813
137.19,92779.29418160974
137.20000000000002,92780.75220417512
137.21,92781.6895008508
137.22,92781.92654460431
137.23,92781.38131719522
137.24,92780.22970129241
137.25,92783.01280711855
137.26,92784.1393410893
137.27,92782.00922255327
137.28,92783.96998540351
137.29,92783.4555632594
137.3,92786.42139668642
137.31,92786.65977832985
137.32,92786.82463556646
137.33,92787.89979393106
137.34,92785.89254389869
137.35,92789.42624266692
137.36,92790.91387382017
137.37,92790.70284170654
137.38,92792.03666927197
137.39000000000001,92792.32887499346
137.4,92793.06177889263
137.41,92794.18064729885
137.42000000000002,92793.28476450598
137.43,92793.40495651559
137.44,92793.47101599438
137.45000000000002,92794.6387413476
137.46,92796.49971356726
137.47,92798.39382513096
137.48,92797.8770996108
137.49,92797.29643390786
137.5,92798.14387950262
137.51,92798.30168888628
137.52,92800.97326350349
137.53,92801.09645180102
137.54,92801.81995858827
137.55,92801.95237711065
137.56,92803.65415767612
137.57,92802.42244257807
137.58,92803.97863917744
137.59,92805.29118999475
137.6,92805.69737678178
137.61,92804.93932027525
137.62,92807.25492859354
137.63,92806.68419033974
137.64000000000001,92807.59370400663
137.65,92808.09041292312
137.66,92808.36007396324
137.67000000000002,92808.64792262495
137.68,92810.72247330494
137.69,92809.84787744492
137.70000000000002,92812.10527449798
137.71,92809.90422183104
137.72,92814.41650753519
137.73,92813.13911738453
137.74,92812.11639229437
137.75,92813.73494950384
137.76,92816.08537032692
137.77,92816.43116782811
137.78,92818.05001497245
137.79,92817.99006583076
137.8,92818.37702952133
137.81,92818.98886000375
137.82,92819.03521961799
137.83,92820.16405350289
137.84,92820.10497390902
137.85,92820.74035046338
137.86,92821.7596158918
137.87,92820.81047904732
137.88,92823.00894461936
137.89000000000001,92823.69868009398
137.9,92823.9722489314
137.91,92825.84172188597
137.92000000000002,92826.41013423458
137.93,92826.21923701087
137.94,92826.39683058363
137.95000000000002,92827.19450336875
137.96,92828.63144275261
137.97,92830.05952797947
137.98,92827.72568665139
137.99,92830.29920395165
138.0,92830.50694960213
138.01,92831.84921708712
138.02,92832.00071614407
138.03,92831.87045101679
138.04,92832.21080284196
138.05,92833.95238927072
138.06,92834.7657173862
138.07,92835.19031310099
138.08,92835.02553910622
138.09,92836.30002085117
138.1,92838.50660823038
138.11,92836.78705784096
138.12,92840.13799941987
138.13,92838.33590709884
138.14000000000001,92840.02226389773
138.15,92840.02163671514
138.16,92840.7424214667
138.17000000000002,92840.65772669073
138.18,92843.1121050098
138.19,92842.81309562823
138.20000000000002,92842.99523766075
138.21,92844.29875526395
138.22,92844.00218650736
138.23,92844.25549743182
138.24,92846.12412259686
138.25,92845.37302607614
138.26,92848.54372632963
138.27,92847.60147884318
138.28,92848.20286950604
138.29,92849.75630646896
138.3,92849.16939937069
138.31,92851.783126575
138.32,92850.9005077947
138.33,92853.28058082805
138.34,92851.61141114938
138.35,92852.01655679983
138.36,92855.91722329384
138.37,92854.53233312746
138.38,92853.57592636217
138.39000000000001,92855.49252495555
138.4,92858.19945837144
138.41,92855.88143511377
138.42000000000002,92857.30684762457
138.43,92858.85120533525
138.44,92860.51029638347
138.45000000000002,92857.52720480609
138.46,92859.2120154089
138.47,92860.66731486797
138.48,92861.95838091883
138.49,92863.02499194276
138.5,92862.53940229844
138.51,92861.58170749215
138.52,92864.51235837833
138.53,92864.9081600624
138.54,92866.04191496721
138.55,92866.63209438206
138.56,92867.74151694201
138.57,92866.43395911432
138.58,92868.70557081116
138.59,92869.23133704216
138.6,92868.24397089273
138.61,92868.09338937058
138.62,92867.95639284888
138.63,92869.65238569079
138.64000000000001,92870.73166543683
138.65,92871.16954044152
138.66,92872.58506053001
138.67000000000002,92874.05048484035
138.68,92874.6816831056
138.69,92875.04905580104
138.70000000000002,92875.84727284631
138.71,92875.60754559524
138.72,92876.75899125531
138.73,92875.34808057519
138.74,92878.01651275072
138.75,92877.82625308957
138.76,92881.1738054257
138.77,92881.35498264598
138.78,92880.3476247096
138.79,92880.95600756267
138.8,92884.06994568091
138.81,92882.30826188106
138.82,92882.72865467632
138.83,92883.31638138817
138.84,92883.7751284155
138.85,92886.0110602093
138.86,92885.57890087747
138.87,92885.23369741488
138.88,92887.28995220803
138.89000000000001,92887.51296187693
138.9,92889.59028443268
138.91,92889.1402393656
138.92000000000002,92889.95786203274
138.93,92890.47581296787
138.94,92889.635213344
138.95000000000002,92893.2546740954
138.96,92891.63445869324
138.97,92892.47487668328
138.98,92894.06928174096
138.99,92893.3768050418
139.0,92896.32521986222
139.01,92894.33065068153
139.02,92894.60133834151
139.03,92896.93499793031
139.04,92897.1378610177
139.05,92897.8923667296
139.06,92895.91628390318
139.07,92899.35582096322
139.08,92901.89549488957
139.09,92901.93869684152
139.1,92901.83300799593
139.11,92901.00296554567
139.12,92902.87587469652
139.13,92902.18428691145
139.14000000000001,92904.45474604786
139.15,92905.56072547956
139.16,92905.29014150126
139.17000000000002,92906.03682798646
139.18,92905.83400930419
139.19,92906.79103757479
139.20000000000002,92907.06607818126
139.21,92909.87938884713
139.22,92908.95523783595
139.23,92910.03170110185
139.24,92911.3437522907
139.25,92911.14897212881
139.26,92910.95514215567
139.27,92911.30525077233
139.28,92913.17826412177
139.29,92914.53015359797
139.3,92913.7446814799
139.31,92915.75489173
139.32,92914.89602289608
139.33,92914.07848771069
139.34,92916.7917108424
139.35,92916.03980975799
139.36,92918.16926586865
139.37,92919.17315623687
139.38,92920.40617392302
139.39000000000001,92919.52445119791
139.4,92920.94759126654
139.41,92921.3174884745
139.42000000000002,92921.61272602266
139.43,92922.07994032299
139.44,92922.6499131469
139.45000000000002,92922.75485285844
139.46,92922.32756862733
139.47,92923.33377295539
139.48,92926.7433269965
139.49,92925.79927972978
139.5,92924.84639896944
139.51,92926.29327361469
139.52,92928.955139852
139.53,92929.28587720562
139.54,92928.1468114156
139.55,92930.18233302809
139.56,92929.87197403768
139.57,92930.70841124323
139.58,92930.53069302341
139.59,92932.06362425497
139.6,92932.21979839413
139.61,92936.03747981516
139.62,92934.27492925212
139.63,92935.75818616098
139.64000000000001,92935.4604563371
139.65,92935.56833192533
139.66,92938.21770700195
139.67000000000002,92939.58267048183
139.68,92938.55201429308
139.69,92939.53256362506
139.70000000000002,92939.54766416592
139.71,92939.31828666062
139.72,92941.60189884293
139.73,92942.15457564991
139.74,92942.29094622278
139.75,92944.02557406762
139.76,92942.92010351892
139.77,92943.18695994173
139.78,92945.64243576948
139.79,92946.3962001542
139.8,92945.43622253333
139.81,92947.43735873696
139.82,92946.53438320672
139.83,92947.23908733045
139.84,92948.81781389497
139.85,92951.01589801832
139.86,92950.34689551129
139.87,92950.92037853946
139.88,92950.03217634738
139.89000000000001,92952.25400853212
139.9,92952.28213623018
139.91,92952.89065248246
139.92000000000002,92952.98477358664
139.93,92955.3418742438
139.94,92956.62511541067
139.95000000000002,92957.00733667609
139.96,92957.02344308929
139.97,92958.24425599592
139.98,92957.99457513753
139.99,92957.61507726646
140.0,92957.74609823237
140.01,92959.13272122687
140.02,92959.41209860922
140.03,92959.72043264462
140.04,92960.75274181466
140.05,92962.13878398578
140.06,92963.54970323594
140.07,92964.43501074433
140.08,92963.64008213628
140.09,92964.20035599508
140.1,92966.514020938
140.11,92965.38695514586
140.12,92967.49161409476
140.13,92966.84100176692
140.14000000000001,92968.98512737582
140.15,92969.2765995978
140.16,92969.90027773476
140.17000000000002,92970.35156608836
140.18,92968.6311707967
140.19,92972.28644813364
140.20000000000002,92971.6901779684
140.21,92971.8146192631
140.22,92971.49862012554
140.23,92974.49780497914
140.24,92975.26017675763
140.25,92973.84201408396
140.26,92975.74960182668
140.27,92976.17057629913
140.28,92976.2564112595
140.29,92976.59665361253
140.3,92979.426690277
140.31,92977.33473117354
140.32,92980.05510312221
140.33,92979.05707014122
140.34,92980.08745545229
140.35,92981.07946538608
140.36,92981.06983858786
140.37,92983.22614147667
140.38,92983.68810514471
140.39000000000001,92982.96862757964
140.4,92984.90417684107
140.41,92985.65188118709
140.42000000000002,92987.62173905972
140.43,92986.68961941752
140.44,92987.28036280017
140.45000000000002,92986.67946693802
140.46,92988.64535418552
140.47,92989.19558605323
140.48,92989.21253401312
140.49,92990.83620976549
140.5,92987.96464720386
140.51,92989.63571905956
140.52,92991.3313372491
140.53,92992.57550615183
140.54,92993.94487823597
140.55,92994.29699753842
140.56,92993.93853030993
140.57,92995.4776206728
140.58,92996.26781876986
140.59,92997.88539252774
140.6,92998.6259457326
140.61,92999.61474907918
140.62,92998.12010068905
140.63,92997.67091699467
140.64000000000001,93000.78516454718
140.65,93000.54317025648
140.66,93000.97264419602
140.67000000000002,93001.63642111968
140.68,93004.1901006085
140.69,93003.50937767679
140.70000000000002,93005.0315134959
140.71,93002.56116484567
140.72,93005.03325919156
140.73,93004.76204054571
140.74,93007.01793139214
140.75,93006.70326589631
140.76,93008.24127276363
140.77,93008.06989874772
140.78,93007.44803756375
140.79,93008.97404283873
140.8,93011.81978156061
140.81,93010.28679930772
140.82,93010.89916099589
140.83,93011.45058491477
140.84,93013.01508312416
140.85,93012.86471261184
140.86,93014.44428084361
140.87,93014.1329594632
140.88,93014.25097644037
140.89000000000001,93015.78296979831
140.9,93016.55770654176
140.91,93016.66294549078
140.92000000000002,93017.33153746261
140.93,93018.83651705708
140.94,93018.09833282573
140.95000000000002,93018.83507792333
140.96,93021.0325124347
140.97,93019.4384746172
140.98,93022.86254313789
140.99,93023.27158087907
141.0,93021.77259663567
141.01,93021.9537952819
141.02,93024.97775669958
141.03,93025.46055304557
141.04,93025.71010205463
141.05,93027.08019940025
141.06,93026.76758291422
141.07,93026.44070770073
141.08,93028.5049910818
141.09,93028.85161769553
141.1,93030.10605588235
141.11,93027.94561489183
141.12,93029.81676255005
141.13,93033.15291290224
141.14000000000001,93032.90149465272
141.15,93033.21817269824
141.16,93033.23346979088
141.17000000000002,93033.90460758736
141.18,93033.88223463121
141.19,93034.71584756783
141.20000000000002,93034.05206528696
141.21,93036.9794208207
141.22,93038.68017956021
141.23,93037.46633478606
141.24,93038.41130126186
141.25,93038.63082590768
141.26,93038.41317011765
141.27,93042.6238229081
141.28,93040.44390216915
141.29,93042.0642385
141.3,93041.00208266426
141.31,93041.15777581479
141.32,93043.76139058922
141.33,93043.20844903874
141.34,93043.78686666997
141.35,93045.1804465117
141.36,93046.29665263597
141.37,93047.23422086662
141.38,93047.03692068545
141.39000000000001,93048.96646443616
141.4,93047.9279327265
141.41,93048.77376688893
141.42000000000002,93049.25833873397
141.43,93049.49821654217
141.44,93050.67696476955
141.45000000000002,93051.10499327797
141.46,93053.21110994702
141.47,93050.11174079847
141.48,93053.16100531955
141.49,93055.26239363376
141.5,93054.9213585606
141.51,93055.28156672428
141.52,93055.10384761733
141.53,93057.01735817592
141.54,93057.93541983128
141.55,93056.32747653165
141.56,93059.05298982318
141.57,93058.99687036112
141.58,93060.35319255323
141.59,93060.51287548574
141.6,93062.45109006255
141.61,93062.77575056834
141.62,93062.99980568883
141.63,93064.2257715303
141.64000000000001,93062.93525088862
141.65,93065.78371286919
141.66,93065.72498104286
141.67000000000002,93065.83973933703
141.68,93068.02426967885
141.69,93067.68864586216
141.70000000000002,93066.41992300758
141.71,93067.62009132083
141.72,93067.46867430481
141.73,93071.85732393518
141.74,93070.74538117906
141.75,93071.16708313853
141.76,93071.54134953501
141.77,93072.70654614535
141.78,93071.97238363615
141.79,93074.20076766521
141.8,93072.32418597072
141.81,93074.19797686537
141.82,93075.62623311595
141.83,93075.13156830441
141.84,93075.37657906047
141.85,93076.75265149669
141.86,93077.17019836976
141.87,93078.57019784003
141.88,93077.42802606411
141.89000000000001,93079.13116152803
141.9,93080.5389375009
141.91,93081.40445872984
141.92000000000002,93082.63717518946
141.93,93080.91566696172
141.94,93084.36879374656
141.95000000000002,93083.60522950494
141.96,93084.5049895781
141.97,93085.18385287772
141.98,93086.38673764144
141.99,93087.30112045749
142.0,93087.37915759406
142.01,93089.21336653738
142.02,93088.10048962658
142.03,93089.67017243874
142.04,93089.52365999391
142.05,93089.83228552993
142.06,93089.75277165082
142.07,93090.37826238837
142.08,93090.84699323415
142.09,93093.41758676768
142.1,93094.60578416564
142.11,93093.69019786164
142.12,93093.95966895625
142.13,93096.18367357847
142.14000000000001,93095.00433007986
142.15,93096.43297721806
142.16,93097.43031223104
142.17000000000002,93097.39046777808
142.18,93099.32313924121
142.19,93099.32388675258
142.20000000000002,93101.52507587089
142.21,93100.28866402923
142.22,93101.76814478826
142.23,93102.87493818824
142.24,93101.28455515635
142.25,93102.52464235247
142.26,93101.39663411136
142.27,93105.05662261092
142.28,93105.11428385299
142.29,93105.19229742527
142.3,93106.76686980869
142.31,93107.93750935163
142.32,93106.04859660105
142.33,93108.62324506347
142.34,93108.34839547577
142.35,93108.70856287425
142.36,93109.63260588539
142.37,93110.7293421047
142.38,93111.27852888954
142.39000000000001,93110.45983428248
142.4,93112.66911535997
142.41,93115.31975711373
142.42000000000002,93113.06734445007
142.43,93113.58368280377
142.44,93113.92496396424
142.45000000000002,93114.54205896701
142.46,93116.5495844609
142.47,93116.84261675736
142.48,93116.71166122938
142.49,93116.2052474087
142.5,93120.18154775236
142.51,93119.68992262191
142.52,93119.26438209035
142.53,93120.57607992909
142.54,93121.85753127585
142.55,93122.516287306
142.56,93123.83043938423
142.57,93123.94235418555
142.58,93124.34605014033
142.59,93123.67649382984
142.6,93124.50686295607
142.61,93124.81292993588
142.62,93126.13784368245
142.63,93127.18385180457
142.64000000000001,93128.5019226682
142.65,93126.96066153637
142.66,93127.88087968652
142.67000000000002,93129.29547153815
142.68,93130.2602319797
142.69,93131.79882890936
142.70000000000002,93130.36714349322
142.71,93132.62891126836
142.72,93132.32945954952
142.73,93135.63515886953
142.74,93134.5984931466
142.75,93136.06165919408
142.76,93136.68907923801
142.77,93134.54611631321
142.78,93137.90640998873
142.79,93138.35343614488
142.8,93139.61747459184
142.81,93139.88649214989
142.82,93138.5255142952
142.83,93142.3671722104
142.84,93141.63864888878
142.85,93141.34602287076
142.86,93143.8519559649
142.87,93142.49106420069
142.88,93143.51938657634
142.89000000000001,93144.13565431128
142.9,93145.03926831948
142.91,93145.27952052809
142.92000000000002,93146.47585518836
142.93,93145.72414778355
142.94,93146.74815928611
142.95000000000002,93146.4311571399
142.96,93148.68117212717
142.97,93149.2215687191
142.98,93150.3715616894
142.99,93149.13148185526
143.0,93151.46652373267
143.01,93152.07466146961
143.02,93153.68308109934
143.03,93152.12227363345
143.04,93151.7152020359
143.05,93155.04840064576
143.06,93155.06815710096
143.07,93157.1596514951
143.08,93156.60563696612
143.09,93156.73273103498
143.1,93158.42469070185
143.11,93158.50965682216
143.12,93158.45259447712
143.13,93160.011951792
143.14000000000001,93159.43289512703
143.15,93161.27986630771
143.16,93162.63615001085
143.17000000000002,93162.07094283686
143.18,93161.6541068386
143.19,93165.41546078607
143.20000000000002,93164.06478926553
143.21,93166.09588624942
143.22,93165.35799411774
143.23,93167.10699583452
143.24,93164.62870994823
143.25,93167.00467970129
143.26,93167.8899257593
143.27,93166.25584168182
143.28,93171.12328868914
143.29,93167.85289122541
143.3,93171.18410239508
143.31,93171.10627574004
143.32,93173.69707809306
143.33,93172.10690150083
143.34,93173.29144567097
143.35,93173.36182730024
143.36,93174.41854704102
143.37,93175.92880408028
143.38,93174.82462831028
143.39000000000001,93175.93045902396
143.4,93176.43894037361
143.41,93178.57722811951
143.42000000000002,93178.33768649603
143.43,93176.93803650404
143.44,93179.61988314029
143.45000000000002,93179.91005402226
143.46,93178.93791971583
143.47,93179.0848181335
143.48,93184.4423734817
143.49,93182.01151792849
143.5,93183.26534521021
143.51,93182.88516847983
143.52,93183.77185178327
143.53,93185.33436982935
143.54,93185.84311517527
143.55,93187.15317459391
143.56,93187.1711237552
143.57,93187.3915772766
143.58,93188.28179763268
143.59,93189.22308313937
143.6,93188.26473974569
143.61,93191.18917583962
143.62,93191.76129062969
143.63,93191.75306730035
143.64000000000001,93191.36935357303
143.65,93192.64877436734
143.66,93192.75597230294
143.67000000000002,93193.61990363474
143.68,93195.96606352416
143.69,93194.29004442215
143.70000000000002,93195.44901527067
143.71,93196.90370366981
143.72,93197.4354725538
143.73,93196.87370118663
143.74,93197.70420572688
143.75,93198.50878662395
143.76,93200.45020804643
143.77,93199.84611826352
143.78,93200.53396709987
143.79,93201.78817178251
143.8,93202.02208481888
143.81,93204.36823551988
143.82,93203.57128541371
143.83,93203.77256607338
143.84,93205.47273542744
143.85,93206.84991525489
143.86,93205.29707654016
143.87,93206.25828529325
143.88,93209.0084786259
143.89000000000001,93207.60934360178
143.9,93210.45946036551
143.91,93209.87133863331
143.92000000000002,93210.36768507291
143.93,93209.92068130689
143.94,93211.17739551186
143.95000000000002,93213.48003567544
143.96,93211.75269386225
143.97,93214.48748422136
143.98,93213.16017085416
143.99,93215.49070462727
144.0,93216.65147691096
144.01,93215.00560425501
144.02,93217.57914369095
144.03,93216.33161199765
144.04,93217.84083059985
144.05,93218.72279768829
144.06,93218.89466344376
144.07,93219.88009392213
144.08,93218.634723164
144.09,93221.27301912812
144.1,93220.12588588794
144.11,93222.1720888793
144.12,93224.88155777716
144.13,93220.6746644586
144.14000000000001,93224.713199802
144.15,93225.07693096518
144.16,93226.35712340496
144.17000000000002,93225.69458978248
144.18,93225.15445980855
144.19,93225.87940255529
144.20000000000002,93227.70638323676
144.21,93228.95085232481
144.22,93228.87183266661
144.23,93231.4170706633
144.24,93230.20853264903
144.25,93232.996166477
144.26,93230.19211078968
144.27,93234.13445652674
144.28,93234.60983401911
144.29,93234.1012286792
144.3,93233.91722307542
144.31,93235.752194142
144.32,93236.18062361174
144.33,93236.94007986323
144.34,93236.73064228139
144.35,93237.82619292497
144.36,93237.29865679023
144.37,93238.60955182396
144.38,93238.26627122061
144.39000000000001,93239.73116108602
144.4,93239.8034841081
144.41,93240.2963293642
144.42000000000002,93241.64200808201
144.43,93242.60554693299
144.44,93242.69512913292
144.45000000000002,93243.83173727621
144.46,93244.56288862767
144.47,93247.24954667117
144.48,93246.80535452966
144.49,93247.4415202161
144.5,93244.91459939991
144.51,93249.36154613533
144.52,93250.0479645504
144.53,93249.22904826456
144.54,93249.19255594854
144.55,93250.79633615281
144.56,93252.51290629007
144.57,93252.52301444118
144.58,93252.84756940605
144.59,93254.71484249772
144.6,93253.04433344172
144.61,93254.22721147434
144.62,93255.98248356732
144.63,93253.86741044561
144.64000000000001,93256.12584725021
144.65,93256.94110303391
144.66,93257.24877661004
144.67000000000002,93256.93929130177
144.68,93257.91178975126
144.69,93258.84447432793
144.70000000000002,93259.01005885383
144.71,93260.39994565242
144.72,93260.99842868124
144.73,93260.39987743227
144.74,93261.1276413551
144.75,93262.69302270272
144.76,93263.7986782315
144.77,93263.30021612832
144.78,93264.15605991967
144.79,93265.20327234124
144.8,93265.34772432287
144.81,93267.00988468928
144.82,93267.30030404824
144.83,93267.82664581189
144.84,93268.39488635931
144.85,93272.43658293723
144.86,93269.93817930571
144.87,93272.87555464514
144.88,93271.31250349442
144.89000000000001,93270.85623698567
144.9,93274.41589573219
144.91,93272.32896483631
144.92000000000002,93275.013451273
144.93,93274.54728943224
144.94,93274.23938164313
144.95000000000002,93277.18805591154
144.96,93275.98280601283
144.97,93277.46655073205
144.98,93277.9465930935
144.99,93279.7350159449
145.0,93279.324922497
145.01,93278.64924847642
145.02,93280.40558997002
145.03,93281.42302403416
145.04,93281.15110740793
145.05,93281.03499895064
145.06,93281.68975284875
145.07,93284.22343967334
145.08,93283.92235427153
145.09,93284.75147395268
145.1,93285.16294807021
145.11,93287.39493944033
145.12,93287.30370551052
145.13,93287.06143960312
145.14000000000001,93288.14040222214
145.15,93289.07686608075
145.16,93290.02506565298
145.17000000000002,93291.56824403878
145.18,93290.270755375
145.19,93291.82764835045
145.20000000000002,93292.22864749003
145.21,93292.92104885084
145.22,93293.66248809913
145.23,93295.94874488015
145.24,93295.71329084593
145.25,93295.96857304775
145.26,93295.74013288469
145.27,93295.68260932216
145.28,93297.39889440646
145.29,93298.28790265562
145.3,93300.21542336623
145.31,93299.95073152478
145.32,93300.21594004476
145.33,93302.4505930066
145.34,93301.78621486312
145.35,93301.75612231261
145.36,93303.58153279804
145.37,93303.81848533021
145.38,93302.39175217556
145.39000000000001,93306.80827318397
145.4,93305.71572739625
145.41,93307.33815132409
145.42000000000002,93305.52009987729
145.43,93305.85116645503
145.44,93307.55555331487
145.45000000000002,93308.03454591896
145.46,93307.72595541898
145.47,93310.41920384152
145.48,93308.67028138916
145.49,93309.64138936714
145.5,93310.73267665521
145.51,93312.94510235234
145.52,93311.98459782763
145.53,93313.70132826321
145.54,93311.6319869246
145.55,93313.45421881723
145.56,93315.9107218934
145.57,93315.53256195776
145.58,93313.99481430145
145.59,93316.4020239115
145.6,93317.9163545719
145.61,93319.41134049626
145.62,93321.13043009194
145.63,93319.89779542085
145.64000000000001,93320.59126114304
145.65,93319.32466670948
145.66,93321.94056119316
145.67000000000002,93322.52927606387
145.68,93321.21250178183
145.69,93323.15084223814
145.70000000000002,93324.34203840753
145.71,93324.67021208654
145.72,93324.12993255544
145.73,93326.33839228874
145.74,93326.58225423242
145.75,93328.7064304262
145.76,93329.10889260055
145.77,93329.56423567302
145.78,93329.96542454037
145.79,93330.33354160607
145.8,93331.24714323744
145.81,93330.5338839858
145.82,93331.95136234553
145.83,93331.31165666296
145.84,93332.74599986125
145.85,93332.87491155083
145.86,93334.16194274141
145.87,93334.9921881873
145.88,93336.38398376826
145.89000000000001,93337.77744967643
145.9,93336.08092123498
145.91,93337.86306392914
145.92000000000002,93338.59264968376
145.93,93338.73243808154
145.94,93340.53576208923
145.95000000000002,93342.15226711464
145.96,93342.09311957366
145.97,93339.88776443394
145.98,93342.23831509953
145.99,93341.85339371029
146.0,93343.91248175025
146.01,93345.35536046406
146.02,93344.39398445304
146.03,93346.61365491574
146.04,93345.69259906973
146.05,93346.77195031953
146.06,93346.55553478729
146.07,93347.41635365268
146.08,93349.69376558583
146.09,93348.67302307411
146.1,93351.16955097696
146.11,93351.24457334031
146.12,93349.93358034756
146.13,93352.13371486744
146.14000000000001,93353.86945511262
146.15,93354.13786336739
146.16,93352.95548038416
146.17000000000002,93355.29473925417
146.18,93355.25721192184
146.19,93356.07135677579
146.20000000000002,93356.15230760208
146.21,93357.15047793892
146.22,93357.99916835834
146.23,93358.08880983782
146.24,93357.85191039444
146.25,93360.01373436808
146.26,93362.42886899148
146.27,93360.70739892269
146.28,93362.56416360216
146.29,93360.77167223408
146.3,93365.03578384733
146.31,93362.39681844418
146.32,93365.83917778263
146.33,93364.8760679037
146.34,93364.10734470857
146.35,93365.40307761116
146.36,93367.41132924688
146.37,93367.52701662769
146.38,93368.02590914692
146.39000000000001,93370.4759398102
146.4,93369.657409795
146.41,93370.15687806213
146.42000000000002,93368.81372069873
146.43,93371.36692526475
146.44,93372.29787080594
146.45000000000002,93372.73063972133
146.46,93372.76564677048
146.47,93373.67152630062
146.48,93373.0846998698
146.49,93374.51634571655
146.5,93376.45822271802
146.51,93374.95520947468
146.52,93376.6834851884
146.53,93375.38119551109
146.54,93378.70872924292
146.55,93378.27065186779
146.56,93380.6145956616
146.57,93380.40504210217
146.58,93381.32176870089
146.59,93381.16959148087
146.6,93382.95003366955
146.61,93382.76780414654
146.62,93384.71229314405
146.63,93384.54345699062
146.64000000000001,93384.42816260052
146.65,93383.99604606308
146.66,93386.50040349392
146.67000000000002,93385.8313178698
146.68,93388.43379651988
146.69,93388.21582062266
146.70000000000002,93388.90936023678
146.71,93389.10307172999
146.72,93390.72589254784
146.73,93390.48878042333
146.74,93391.62466234624
146.75,93391.81918059099
146.76,93393.28751860517
146.77,93391.64979451167
146.78,93392.2693614864
146.79,93394.20549028923
146.8,93396.06278565386
146.81,93395.2700997984
146.82,93396.19489502079
146.83,93396.63876646696
146.84,93397.76436158862
146.85,93398.60590145458
146.86,93400.28771792512
146.87,93398.8178737466
146.88,93400.67886332654
146.89000000000001,93400.95261740107
146.9,93401.1740803104
146.91,93404.3436888172
146.92000000000002,93402.66456724887
146.93,93402.4931807877
146.94,93403.9015119012
146.95000000000002,93405.64007549918
146.96,93404.23051149861
146.97,93404.62413869797
146.98,93403.5444914136
146.99,93405.41364930704
147.0,93408.15816896489
147.01,93407.52530986065
147.02,93408.97892475787
147.03,93409.56914235467
147.04,93411.36416528554
147.05,93412.07797355363
147.06,93411.58666285958
147.07,93413.36449814157
147.08,93411.31045340915
147.09,93414.11250252143
147.1,93414.273382025
147.11,93413.19300153217
147.12,93415.01176134021
147.13,93414.6610788504
147.14000000000001,93416.08811134331
147.15,93418.1853846172
147.16,93417.62631890408
147.17000000000002,93420.3132795786
147.18,93419.53449433963
147.19,93420.16188622483
147.20000000000002,93422.49557667533
147.21,93421.82426002086
147.22,93422.19269000826
147.23,93422.4949948222
147.24,93421.67678031244
147.25,93423.70696747726
147.26,93424.09257713654
147.27,93425.52170870667
147.28,93426.15199762772
147.29,93425.75127989863
147.3,93425.48307627217
147.31,93427.97420280357
147.32,93429.17018836949
147.33,93429.56724640279
147.34,93430.97546946177
147.35,93430.48613363851
147.36,93430.74004415894
147.37,93430.24101617094
147.38,93432.9922882719
147.39000000000001,93431.47388255893
147.4,93434.51697508953
147.41,93432.72662848052
147.42000000000002,93435.33802090584
147.43,93435.72188188837
147.44,93435.5983150332
147.45000000000002,93435.9092716724
147.46,93436.72302388282
147.47,93438.73636108013
147.48,93438.83539227536
147.49,93441.25905149369
147.5,93440.05814956035
147.51,93441.06928563735
147.52,93442.07005629981
147.53,93442.06351812067
147.54,93442.28249901618
147.55,93441.74451126973
147.56,93445.12633518901
147.57,93445.66446524237
147.58,93444.93165012139
147.59,93444.71916559227
147.6,93447.54504537079
147.61,93446.40337019997
147.62,93445.41083928161
147.63,93448.22752016773
147.64000000000001,93447.38693574877
147.65,93448.4227924261
147.66,93450.80012636555
147.67000000000002,93450.40853107822
147.68,93451.55209122942
147.69,93453.86291232565
147.70000000000002,93453.2017840646
147.71,93452.80069766517
147.72,93453.66898443048
147.73,93455.1016878361
147.74,93454.18847587955
147.75,93455.63707195189
147.76,93457.4570560223
147.77,93457.47030801998
147.78,93457.99167496097
147.79,93458.31178557179
147.8,93458.05988451811
147.81,93459.24814537635
147.82,93460.87434874466
147.83,93460.2830002718
147.84,93462.55054782666
147.85,93461.2371571592
147.86,93463.18438083104
147.87,93462.79103938852
147.88,93462.33063567715
147.89000000000001,93464.33802142167
147.9,93464.59930803301
147.91,93464.58930748196
147.92000000000002,93467.6555195628
147.93,93468.00419487993
147.94,93467.2940806093
147.95000000000002,93467.70677796187
147.96,93469.54118751855
147.97,93470.7749075457
147.98,93472.09405619276
147.99,93472.21748975643
148.0,93473.10000447404
148.01,93472.51699672155
148.02,93473.0332772466
148.03,93473.5430631628
148.04,93472.83309798958
148.05,93475.73472500044
148.06,93474.67349293835
148.07,93476.56068362705
148.08,93478.18330759156
148.09,93477.77949717494
148.1,93478.89797851027
148.11,93478.36788175225
148.12,93478.7883163739
148.13,93480.56194276364
148.14000000000001,93478.33046021742
148.15,93482.19859527389
148.16,93481.98973807823
148.17000000000002,93481.7320692649
148.18,93484.01502352218
148.19,93482.5814330053
148.20000000000002,93485.7769912893
148.21,93485.24814159055
148.22,93485.14301004545
148.23,93486.95679685955
148.24,93487.21757027713
148.25,93486.43806835602
148.26,93488.96960159397
148.27,93487.10094039646
148.28,93490.05699760813
148.29,93491.63219709462
148.3,93491.251770738
148.31,93491.20126561626
148.32,93493.4419821197
148.33,93492.81555979821
148.34,93493.62001146225
148.35,93493.74143875526
148.36,93492.68160927796
148.37,93494.80164054164
148.38,93497.4674605439
148.39000000000001,93495.26464263069
148.4,93497.78126939466
148.41,93496.77516268972
148.42000000000002,93497.3435024951
148.43,93500.2150493016
148.44,93499.94948710654
148.45000000000002,93501.31521940361
148.46,93500.81941404885
148.47,93502.41692782227
148.48,93503.17185154451
148.49,93504.14887625769
148.5,93501.5315460713
148.51,93505.6408024944
148.52,93505.03713261615
148.53,93506.49065107405
148.54,93506.9338825357
148.55,93507.06166612306
148.56,93506.97134747652
148.57,93509.66400202765
148.58,93511.3503619573
148.59,93510.41295795172
148.6,93509.8098375044
148.61,93510.05682873286
148.62,93512.61943403847
148.63,93512.91479015714
148.64000000000001,93512.73260423876
148.65,93513.52654499518
148.66,93515.57342212912
148.67000000000002,93514.00854331318
148.68,93516.2213369158
148.69,93515.7041767202
148.70000000000002,93515.90376473381
148.71,93517.30244979444
148.72,93519.9538345004
148.73,93517.85458962682
148.74,93518.4811377575
148.75,93520.10038240385
148.76,93519.41955073232
148.77,93522.25358396138
148.78,93521.85679741549
148.79,93523.32707664942
148.8,93524.02736435951
148.81,93523.91731399961
148.82,93525.71114503662
148.83,93525.07959844157
148.84,93525.59149956211
148.85,93527.43425547592
148.86,93528.88705455388
148.87,93530.06208737103
148.88,93528.64315372538
148.89000000000001,93529.5194025821
148.9,93529.38858032075
148.91,93528.65617856392
148.92000000000002,93530.4978695661
148.93,93532.14249788025
148.94,93532.99614310055
148.95000000000002,93532.20927860618
148.96,93531.83608848075
148.97,93535.235310075
148.98,93535.8416998401
148.99,93537.07276959602
149.0,93535.38443356092
149.01,93537.49658524025
149.02,93537.02575970137
149.03,93535.36595143015
149.04,93537.77782053448
149.05,93538.73059841609
149.06,93542.8510331177
149.07,93539.08856461196
149.08,93539.78878289416
149.09,93542.3097812331
149.1,93543.08783459477
149.11,93541.3735957405
149.12,93544.6185190895
149.13,93543.78892652772
149.14000000000001,93545.18991949438
149.15,93546.14685083133
149.16,93544.98873211014
149.17000000000002,93548.31036152219
149.18,93545.64708277534
149.19,93549.96889683732
149.20000000000002,93549.01989975253
149.21,93551.53719491584
149.22,93552.36507971403
149.23,93551.51884239014
149.24,93552.80655349228
149.25,93551.9724074676
149.26,93553.92493248428
149.27,93554.02356080839
149.28,93553.67666785166
149.29,93555.66401534207
149.3,93554.26762135419
149.31,93555.72412632554
149.32,93556.95819180403
149.33,93556.8595482611
149.34,93557.4947095327
149.35,93557.776825322
149.36,93558.80080670626
149.37,93560.20040850206
149.38,93560.36845776717
149.39000000000001,93561.17951125847
149.4,93563.05714316615
149.41,93561.15526151957
149.42000000000002,93563.15486260752
149.43,93565.81271873963
149.44,93565.26490819806
149.45000000000002,93564.73401346349
149.46,93565.53553702291
149.47,93565.4641823955
149.48,93566.43958346454
149.49,93568.8728341955
149.5,93569.66437293177
149.51,93567.71023209722
149.52,93569.57833895322
149.53,93569.36367556048
149.54,93569.54712619894
149.55,93571.80130678847
149.56,93572.8239745068
149.57,93571.68288581431
149.58,93572.85807287107
149.59,93573.95944981217
149.6,93576.15288895134
149.61,93575.73718430458
149.62,93575.94912247412
149.63,93576.86565945459
149.64000000000001,93578.21714696451
149.65,93578.56899966337
149.66,93578.49147573498
149.67000000000002,93580.35105860596
149.68,93581.02488057285
149.69,93580.77638047372
149.70000000000002,93581.40619127342
149.71,93582.73561691212
149.72,93582.02093094561
149.73,93582.95613374721
149.74,93585.53671798413
149.75,93584.4913366312
149.76,93586.02121581521
149.77,93586.05968395554
149.78,93585.1843271363
149.79,93587.33677696
149.8,93586.7710055449
149.81,93587.17394949737
149.82,93588.63883455166
149.83,93589.98056086936
149.84,93591.26942711396
149.85,93590.4911816181
149.86,93590.65782935132
149.87,93591.87676313649
149.88,93593.5180846835
149.89000000000001,93593.00798701
149.9,93593.49800626593
149.91,93595.73103927111
149.92000000000002,93594.53149003511
149.93,93594.92610218856
149.94,93595.36351124932
149.95000000000002,93598.47535360204
149.96,93597.95867770253
149.97,93597.77785898058
149.98,93599.2179968045
149.99,93599.91280897894
150.0,93600.88335275829
150.01,93601.84421754816
150.02,93602.33836492735
150.03,93601.60427942652
150.04,93603.4857650316
150.05,93604.13907486592
150.06,93604.61049676302
150.07,93605.60393329851
150.08,93604.50723581067
150.09,93606.72548054933
150.1,93605.41527914003
150.11,93609.62636194297
150.12,93607.483687279
150.13,93608.781280194
150.14000000000001,93611.70784690903
150.15,93609.79166499873
150.16,93611.21057598834
150.17000000000002,93610.76535235008
150.18,93614.51411628159
150.19,93612.933967174
150.20000000000002,93613.54772014925
150.21,93613.67960713374
150.22,93613.82089917024
150.23,93615.79509388957
150.24,93614.19460915412
150.25,93615.79022648858
150.26,93617.40329896551
150.27,93619.311954969
150.28,93618.52048956114
150.29,93619.39689361659
150.3,93620.338273862
150.31,93620.19488772647
150.32,93621.76929606145
150.33,93622.12729200075
150.34,93622.71830092567
150.35,93624.98034026689
150.36,93623.70658083215
150.37,93623.20056765214
150.38,93624.99561223909
150.39000000000001,93624.50988845961
150.4,93626.18994047414
150.41,93625.53797320598
150.42000000000002,93628.15911382843
150.43,93627.77524127631
150.44,93628.6473433974
150.45000000000002,93629.01294210643
150.46,93630.18392729611
150.47,93631.14708675264
150.48,93632.2194449741
150.49,93632.69059710672
150.5,93632.96630545011
150.51,93634.91049300363
150.52,93635.06341623187
150.53,93635.01009414167
150.54,93634.95230767506
150.55,93636.90850282741
150.56,93639.1048506701
150.57,93637.68572569163
150.58,93637.87616002408
150.59,93638.33147092408
150.6,93639.48453577359
150.61,93639.52047506862
150.62,93639.98667417624
150.63,93640.2237518649
150.64000000000001,93641.37950032664
150.65,93640.92263175808
150.66,93644.61459887832
150.67000000000002,93644.62849187323
150.68,93643.94192599726
150.69,93643.44996324551
150.70000000000002,93645.90413332428
150.71,93646.59461626053
150.72,93647.58350790438
150.73,93646.83976734203
150.74,93648.59863149453
150.75,93646.17332335163
150.76,93648.9891998167
150.77,93651.06210574307
150.78,93650.1823149598
150.79,93650.61386136258
150.8,93651.08400852734
150.81,93651.88866035269
150.82,93653.8634833427
150.83,93653.6508539051
150.84,93653.79844387183
150.85,93652.86800988378
150.86,93654.72407766164
150.87,93655.36763110808
150.88,93656.1707502738
150.89000000000001,93656.37233142664
150.9,93659.59719429571
150.91,93660.23187906417
150.92000000000002,93658.92259743242
150.93,93659.52579425619
150.94,93661.37000032986
150.95000000000002,93663.09743943803
150.96,93661.28047916004
150.97,93663.13212164775
150.98,93661.48594564873
150.99,93665.1049673208
151.0,93665.66631261115
151.01,93663.51804331625
151.02,93666.27910422358
151.03,93667.61933746496
151.04,93666.65155380772
151.05,93669.70290434614
151.06,93670.22184264146
151.07,93670.55066374506
151.08,93670.98518864461
151.09,93669.80999044153
151.1,93670.88089990085
151.11,93671.40072221807
151.12,93672.80938501182
151.13,93673.09109007008
151.14000000000001,93673.3365262608
151.15,93672.43254559806
151.16,93675.05737356232
151.17000000000002,93677.9484182638
151.18,93676.10641375637
151.19,93676.02217246735
151.20000000000002,93677.85677507734
151.21,93680.19524024516
151.22,93677.91361788912
151.23,93679.75031113382
151.24,93680.63369286594
151.25,93680.94227050417
151.26,93678.20826650542
151.27,93682.1084737225
151.28,93683.00189950292
151.29,93683.26336188165
151.3,93684.41499954293
151.31,93685.19343138479
151.32,93683.88968620336
151.33,93685.45459581817
151.34,93687.81975879657
151.35,93685.83641680425
151.36,93687.83992297757
151.37,93687.53199639537
151.38,93689.06365064751
151.39000000000001,93690.61761986681
151.4,93691.3609885203
151.41,93691.38395872094
151.42000000000002,93692.9379826721
151.43,93691.24376129213
151.44,93693.52037520189
151.45000000000002,93693.55537607083
151.46,93694.44348208256
151.47,93695.14732007372
151.48,93696.09609885671
151.49,93695.98053778044
151.5,93694.25909096358
151.51,93697.10570907076
151.52,93697.48198400644
151.53,93698.36469781699
151.54,93699.76720864182
151.55,93701.27969610899
151.56,93700.95038003416
151.57,93701.49729785642
151.58,93702.25751724879
151.59,93701.72514033019
151.6,93704.42225308047
151.61,93705.21331635711
151.62,93704.57668975508
151.63,93705.44331330294
151.64000000000001,93706.15718532215
151.65,93707.37432216122
151.66,93707.22179564068
151.67000000000002,93708.74405533492
151.68,93707.63574954744
151.69,93708.14543800692
151.70000000000002,93710.53120123336
151.71,93710.71744312308
151.72,93709.49386762602
151.73,93711.17542810159
151.74,93713.31207407558
151.75,93711.94929379992
151.76,93714.58377979207
151.77,93712.53718142038
151.78,93714.55082828566
151.79,93714.90262341457
151.8,93717.05468832623
151.81,93716.90566932723
151.82,93717.84446362568
151.83,93720.78371645081
151.84,93718.05597217965
151.85,93717.75647736063
151.86,93719.90354647576
151.87,93720.5252603127
151.88,93721.8290891802
151.89000000000001,93721.73565153779
151.9,93722.83883635221
151.91,93724.17615482774
151.92000000000002,93722.94483381907
151.93,93722.97206383538
151.94,93728.63990025905
151.95000000000002,93725.68478188184
151.96,93726.29422463314
151.97,93727.1902055928
151.98,93730.05385021908
151.99,93729.02614992479
152.0,93728.2016571972
152.01,93730.39448588094
152.02,93730.58997168206
152.03,93730.70791637349
152.04,93732.93968044806
152.05,93730.36565431794
152.06,93731.94817731899
152.07,93733.41156219284
152.08,93733.94132703355
152.09,93735.7807283698
152.1,93735.94475659767
152.11,93736.4325393072
152.12,93736.52449117626
152.13,93738.88058096239
152.14000000000001,93737.35426788162
152.15,93739.07320688761
152.16,93738.92184295403
152.17000000000002,93740.32433490902
152.18,93741.38519903953
152.19,93741.59742336856
152.20000000000002,93742.49717593071
152.21,93743.68338771394
152.22,93743.30993698204
152.23,93743.28872841863
152.24,93743.62067277593
152.25,93744.86654903239
152.26,93744.90193931964
152.27,93746.60125211184
152.28,93746.65886421803
152.29,93746.32194238421
152.3,93747.84522976089
152.31,93748.49177807006
152.32,93749.80063791327
152.33,93750.62734204844
152.34,93752.41384016428
152.35,93752.19814110528
152.36,93753.90237115698
152.37,93752.74774263495
152.38,93752.27391105628
152.39000000000001,93753.68226813135
152.4,93754.28268217319
152.41,93754.88140620111
152.42000000000002,93756.84035601934
152.43,93758.71530892652
152.44,93757.00628264403
152.45000000000002,93757.0177870306
152.46,93758.14045317352
152.47,93758.53754987144
152.48,93759.89588351967
152.49,93759.20598816754
152.5,93760.4754188483
152.51,93762.14924048774
152.52,93762.07351075124
152.53,93762.79285076432
152.54,93763.63893005665
152.55,93765.53828350536
152.56,93766.90736149492
152.57,93765.86411802185
152.58,93766.50221006137
152.59,93768.28775386717
152.6,93769.04142931744
152.61,93768.44447698319
152.62,93766.55287328755
152.63,93770.11857381274
152.64000000000001,93771.09150751027
152.65,93770.86583419226
152.66,93771.81084054374
152.67000000000002,93771.95706595144
152.68,93773.29786227543
152.69,93771.92815306068
152.70000000000002,93774.37661660054
152.71,93775.14101835957
152.72,93774.55280749638
152.73,93775.41936849366
152.74,93777.28299100786
152.75,93778.2234564675
152.76,93779.23582835883
152.77,93779.40232653882
152.78,93778.55788350022
152.79,93779.56425079166
152.8,93779.93422109346
152.81,93780.49321509172
152.82,93782.32457701549
152.83,93781.66691830067
152.84,93781.7007220446
152.85,93784.14938571063
152.86,93785.2728093396
152.87,93785.40721484655
152.88,93784.56394537167
152.89000000000001,93786.31721912418
152.9,93787.33329444617
152.91,93786.12786908969
152.92000000000002,93787.96722748246
152.93,93789.86515729646
152.94,93788.8274238569
152.95000000000002,93789.93506740466
152.96,93789.50511355548
152.97,93793.94448753892
152.98,93791.71834326864
152.99,93793.58245250188
153.0,93794.40846147017
153.01,93794.43938179221
153.02,93794.2373156983
153.03,93796.69255916512
153.04,93796.05929464225
153.05,93797.92937403622
153.06,93795.54851465659
153.07,93798.7717174223
153.08,93797.69262629091
153.09,93800.97763041571
153.1,93798.84876146413
153.11,93800.92133204822
153.12,93800.55272427837
153.13,93802.62984218854
153.14000000000001,93798.88063964667
153.15,93804.2840947827
153.16,93804.57686151376
153.17000000000002,93803.74968932518
153.18,93805.98561714934
153.19,93806.39037621174
153.20000000000002,93806.19451660558
153.21,93808.06182810337
153.22,93808.17966753655
153.23,93807.88658021644
153.24,93807.23332795313
153.25,93808.14593891839
153.26,93811.13519131135
153.27,93811.40947839274
153.28,93810.71940991629
153.29,93812.37823937876
153.3,93813.01584111057
153.31,93813.57041970761
153.32,93811.94725981086
153.33,93813.71890421314
153.34,93814.07340835602
153.35,93815.46932875957
153.36,93817.06024721147
153.37,93818.29062013605
153.38,93818.19643343415
153.39000000000001,93818.32703426939
153.4,93819.49358591672
153.41,93820.4702114606
153.42000000000002,93822.27212277833
153.43,93822.49938500178
153.44,93821.18066114477
153.45000000000002,93823.53742389935
153.46,93823.01899312843
153.47,93824.81378901751
153.48,93823.04220983964
153.49,93826.29516638535
153.5,93825.90960228498
153.51,93824.62078430857
153.52,93825.40806537206
153.53,93827.42074205117
153.54,93828.51765244827
153.55,93828.5570784528
153.56,93828.21078267049
153.57,93830.1321886686
153.58,93830.9438230379
153.59,93831.11181653426
153.6,93832.48384460538
153.61,93832.59155631166
153.62,93835.15595545775
153.63,93834.27401951043
153.64000000000001,93834.178998406
153.65,93834.60205153201
153.66,93835.3877885534
153.67000000000002,93836.30817905038
153.68,93837.07450790878
153.69,93837.6956441475
153.70000000000002,93837.07830361008
153.71,93838.85675242104
153.72,93840.2869339405
153.73,93839.73927958503
153.74,93841.0686298536
153.75,93842.0971265694
153.76,93842.15977448106
153.77,93842.85563886857
153.78,93843.13474672406
153.79,93843.74197664925
153.8,93846.73323931558
153.81,93845.17029309405
153.82,93847.4054345823
153.83,93846.84997105497
153.84,93846.74072997998
153.85,93846.29811587535
153.86,93846.63979004607
153.87,93849.07920996568
153.88,93849.40447280803
153.89000000000001,93851.46530122047
153.9,93852.29845993532
153.91,93851.85201490214
153.92000000000002,93855.33896777422
153.93,93854.1759975785
153.94,93852.61816608845
153.95000000000002,93854.03666046044
153.96,93855.34039780931
153.97,93856.47086966569
153.98,93855.68646818404
153.99,93856.14358127055
154.0,93859.40550602833
154.01,93859.69774978493
154.02,93858.55497109832
154.03,93860.99086694831
154.04,93860.7890985463
154.05,93860.76481107851
154.06,93862.28600325451
154.07,93862.6167056999
154.08,93862.45202358036
154.09,93863.52283250891
154.1,93864.95720461215
154.11,93863.35865955651
154.12,93864.48777807853
154.13,93866.50464807815
154.14000000000001,93869.33525409392
154.15,93866.24431783058
154.16,93868.1486063667
154.17000000000002,93867.58758447353
154.18,93869.89204324957
154.19,93868.57272850304
154.20000000000002,93869.63406916842
154.21,93872.32604297902
154.22,93872.6583966043
154.23,93871.0301990286
154.24,93871.73345124518
154.25,93872.61289866529
154.26,93874.21049070681
154.27,93873.10973758517
154.28,93876.84116206963
154.29,93877.11711060455
154.3,93875.62889769126
154.31,93879.03915063347
154.32,93877.57085847722
154.33,93878.66891625464
154.34,93878.86780570174
154.35,93878.10287777358
154.36,93879.94791575924
154.37,93880.66276819225
154.38,93880.84178363952
154.39000000000001,93883.80157900944
154.4,93884.26761081434
154.41,93882.49264413615
154.42000000000002,93884.547388772
154.43,93884.22873327765
154.44,93887.73263835897
154.45000000000002,93886.42118049886
154.46,93886.85894140716
154.47,93888.34547166484
154.48,93889.4932032742
154.49,93888.9527844379
154.5,93891.10093242551
154.51,93890.52027373003
154.52,93892.93381967
154.53,93891.47440055678
154.54,93892.11576691613
154.55,93893.38084189723
154.56,93893.63659737712
154.57,93894.67266595233
154.58,93897.25633630736
154.59,93896.25823329156
154.6,93896.35187088155
154.61,93898.38121716154
154.62,93896.67157416341
154.63,93899.43986967675
154.64000000000001,93899.3931277179
154.65,93898.84458851814
154.66,93901.0433923497
154.67000000000002,93900.33709302265
154.68,93897.97866186583
154.69,93902.92238517833
154.70000000000002,93901.85568431424
154.71,93904.59467773007
154.72,93904.47003140442
154.73,93904.30351649296
154.74,93905.79224988767
154.75,93902.1693426735
154.76,93906.30850987243
154.77,93907.96177339272
154.78,93907.27258246146
154.79,93909.35490999385
154.8,93909.21636441984
154.81,93909.33533177566
154.82,93909.94221858686
154.83,93911.6451164723
154.84,93912.78354279467
154.85,93911.91063508428
154.86,93912.0844825017
154.87,93911.9402863849
154.88,93915.95885519523
154.89000000000001,93915.7187031685
154.9,93915.61408491024
154.91,93915.90748901834
154.92000000000002,93918.27181342489
154.93,93917.22322967448
154.94,93918.80346725955
154.95000000000002,93919.23455618632
154.96,93918.66830674431
154.97,93921.00837277481
154.98,93921.31096267552
154.99,93920.87920063217
155.0,93921.84982645894
155.01,93921.96180173673
155.02,93922.79675743892
155.03,93924.45379422556
155.04,93925.95376468891
155.05,93924.57837366291
155.06,93927.97206411019
155.07,93927.77506527837
155.08,93926.25699775241
155.09,93926.71224695828
155.1,93927.3527309113
155.11,93928.34461217534
155.12,93927.53204358474
155.13,93929.05668747012
155.14000000000001,93932.45733826765
155.15,93932.76832017233
155.16,93931.24881522653
155.17000000000002,93933.69135701259
155.18,93931.89796637326
155.19,93936.10734657529
155.20000000000002,93934.43063633952
155.21,93933.42776922105
155.22,93937.11929953974
155.23,93938.1949035848
155.24,93936.53864381996
155.25,93936.38179948692
155.26,93936.95868868585
155.27,93939.30374939159
155.28,93941.11583152556
155.29,93940.72323569795
155.3,93941.89536367994
155.31,93942.21001825464
155.32,93943.88962220484
155.33,93941.12223365977
155.34,93944.76696230509
155.35,93944.4086535127
155.36,93943.81904755802
155.37,93947.33914356983
155.38,93945.83279248473
155.39000000000001,93947.04124337473
155.4,93947.84710305622
155.41,93947.36360807666
155.42000000000002,93949.49343257795
155.43,93950.8323528138
155.44,93950.15967348589
155.45000000000002,93951.62888157798
155.46,93950.5602512267
155.47,93952.51393023723
155.48,93952.94477641887
155.49,93953.42528246056
155.5,93952.96656289138
155.51,93956.36510177776
155.52,93954.43053366583
155.53,93954.59042492846
155.54,93957.22057420494
155.55,93956.82159401402
155.56,93957.1726867615
155.57,93959.26990015245
155.58,93959.47570233842
155.59,93961.50733358588
155.6,93960.6342801998
155.61,93960.84934821521
155.62,93962.90635316282
155.63,93963.37759511163
155.64000000000001,93963.30508339326
155.65,93963.2467703038
155.66,93966.0008360089
155.67000000000002,93965.03381473839
155.68,93967.30380491973
155.69,93965.97707723493
155.70000000000002,93966.59048279983
155.71,93967.03808812605
155.72,93967.46462718149
155.73,93969.50366405174
155.74,93969.54269222528
155.75,93969.36987004666
155.76,93971.01137355446
155.77,93971.61505390359
155.78,93973.22678439262
155.79,93972.14267265881
155.8,93972.66785284324
155.81,93974.16577617671
155.82,93974.98489710515
155.83,93974.82418597059
155.84,93975.31545664411
155.85,93977.10342344322
155.86,93977.10187527933
155.87,93977.90417910015
155.88,93978.6866607609
155.89000000000001,93978.02814264779
155.9,93980.87573123016
155.91,93983.21867026432
155.92000000000002,93981.97115337152
155.93,93981.28264590053
155.94,93980.98756681934
155.95000000000002,93983.00524018898
155.96,93981.10312904626
155.97,93984.71767457998
155.98,93985.88511132424
155.99,93985.45987519537
156.0,93987.9301557638
156.01,93986.42388011982
156.02,93988.42335239355
156.03,93989.15502571517
156.04,93989.48674691963
156.05,93989.74249870302
156.06,93992.35112760727
156.07,93989.48506261857
156.08,93993.246637579
156.09,93991.66778074282
156.1,93993.07122677872
156.11,93993.74488524333
156.12,93996.17211682758
156.13,93992.89093797878
156.14000000000001,93996.47767187581
156.15,93994.66281630931
156.16,93996.12537321882
156.17000000000002,93997.84745964277
156.18,93997.90523251996
156.19,93998.78974006361
156.20000000000002,93998.69002793176
156.21,93999.50163222858
156.22,93999.15516233681
156.23,94001.93131798536
156.24,94001.08794523602
156.25,94001.20297063814
156.26,94002.60798136682
156.27,94004.81239341483
156.28,94005.0233690916
156.29,94005.19287372257
156.3,94005.91686225132
156.31,94005.96122189803
156.32,94006.18343283188
156.33,94007.53333068352
156.34,94008.22942332571
156.35,94008.996932902
156.36,94009.75848691234
156.37,94011.45040300801
156.38,94012.64778452583
156.39000000000001,94013.67990867341
156.4,94012.33362342618
156.41,94014.46533365692
156.42000000000002,94012.68399734667
156.43,94013.59787550537
156.44,94015.67553267103
156.45000000000002,94016.6593208121
156.46,94017.391074547
156.47,94016.01563813657
156.48,94015.7737982949
156.49,94017.89442995131
156.5,94018.60086871851
156.51,94018.9249387009
156.52,94020.03334057929
156.53,94023.04156677771
156.54,94023.10113695187
156.55,94021.05822474683
156.56,94023.29790548769
156.57,94021.01448253746
156.58,94022.87656866724
156.59,94025.12681780859
156.6,94026.39323250398
156.61,94025.15743898529
156.62,94024.9574410685
156.63,94027.01565368586
156.64000000000001,94027.84486655371
156.65,94028.55422477581
156.66,94030.25850537099
156.67000000000002,94028.29779663538
156.68,94029.25120840827
156.69,94029.85412909022
156.70000000000002,94031.82325859935
156.71,94035.28977780908
156.72,94031.94746239486
156.73,94033.82136192989
156.74,94034.46947596564
156.75,94035.54310108647
156.76,94034.36790158275
156.77,94036.05819541214
156.78,94038.20660996744
156.79,94036.42505406137
156.8,94037.93055451778
156.81,94038.37048048846
156.82,94040.93993280502
156.83,94039.77440851006
156.84,94039.88505847576
156.85,94041.36378341248
156.86,94040.9656470751
156.87,94041.97181764073
156.88,94042.03281839889
156.89000000000001,94045.87120021398
156.9,94044.793624745
156.91,94045.03368437265
156.92000000000002,94045.77075232491
156.93,94045.77051738229
156.94,94048.40708650435
156.95000000000002,94048.00004660957
156.96,94047.60493835367
156.97,94049.60601045672
156.98,94048.9832163965
156.99,94049.34371536571
157.0,94050.94401767114
157.01,94050.79078888749
157.02,94051.47454761942
157.03,94053.05229358775
157.04,94053.75375891862
157.05,94052.58082648076
157.06,94053.15683031091
157.07,94055.86994114045
157.08,94056.03249669506
157.09,94055.85611088373
157.1,94056.52715876092
157.11,94058.29617911452
157.12,94057.48897083907
157.13,94059.22110459875
157.14000000000001,94058.97766463041
157.15,94062.35598832722
157.16,94060.23112475299
157.17000000000002,94061.12230075982
157.18,94062.40350754988
157.19,94062.70485561993
157.20000000000002,94064.11799914272
157.21,94065.74274440491
157.22,94066.02743812762
157.23,94065.28374101814
157.24,94065.93783922918
157.25,94067.29983479028
157.26,94067.45436963935
157.27,94068.67780776987
157.28,94072.02626270971
157.29,94069.61774708486
157.3,94069.08020955043
157.31,94068.86315011924
157.32,94072.14376701823
157.33,94071.43206302941
157.34,94072.60497442397
157.35,94074.8322092408
157.36,94073.19618996631
157.37,94075.76639850897
157.38,94074.82357869933
157.39000000000001,94077.3397148186
157.4,94075.80944663679
157.41,94077.73644720703
157.42000000000002,94077.22064185042
157.43,94077.38892153132
157.44,94079.4156206709
157.45000000000002,94080.4686342149
157.46,94079.72094981655
157.47,94080.39845811846
157.48,94080.66347665233
157.49,94081.44981018869
157.5,94082.58259085772
157.51,94083.20093056928
157.52,94085.42895395149
157.53,94086.36446139355
157.54,94086.6106692615
157.55,94086.96798814391
157.56,94086.7832648524
157.57,94088.17771595379
157.58,94088.28607527586
157.59,94090.11740989158
157.6,94089.9398775587
157.61,94089.48150092713
157.62,94092.20856417055
157.63,94090.92938985703
157.64000000000001,94091.10653675951
157.65,94092.9286743718
157.66,94093.5431305201
157.67000000000002,94093.55100989896
157.68,94092.94887398882
157.69,94095.11915772416
157.70000000000002,94096.33310928734
157.71,94096.11698141845
157.72,94096.86072741979
157.73,94097.41206078518
157.74,94097.1792866484
157.75,94098.94709765012
157.76,94097.70047524374
157.77,94100.2560624007
157.78,94100.65108949377
157.79,94103.01595745419
157.8,94103.13674387016
157.81,94101.0280311514
157.82,94103.80716869827
157.83,94103.62816800966
157.84,94104.56395790666
157.85,94106.86933023104
157.86,94107.29964540123
157.87,94105.84586343214
157.88,94107.17531374692
157.89000000000001,94108.53495497222
157.9,94108.0603286827
157.91,94107.16103474602
157.92000000000002,94110.31459454921
157.93,94110.70033135457
157.94,94112.23293039697
157.95000000000002,94110.01786153081
157.96,94113.05804847952
157.97,94112.87517710969
157.98,94113.8494741724
157.99,94115.85507689361
158.0,94115.77146354958
158.01,94116.19038241125
158.02,94115.93356367097
158.03,94115.99417431065
158.04,94115.67595536426
158.05,94117.06238788749
158.06,94118.52032265934
158.07,94118.75432172882
158.08,94120.94870955432
158.09,94121.38334523399
158.1,94123.12198711603
158.11,94122.05706113334
158.12,94121.9191571313
158.13,94122.61575616934
158.14000000000001,94125.17275704091
158.15,94125.57854137005
158.16,94125.03895720305
158.17000000000002,94126.80197006806
158.18,94126.63049596561
158.19,94127.85821262034
158.20000000000002,94127.92185053497
158.21,94129.31142754012
158.22,94129.78259032441
158.23,94128.69094854215
158.24,94131.0954050342
158.25,94130.23993551456
158.26,94131.07488557954
158.27,94134.0729406493
158.28,94133.45578169083
158.29,94134.89024088417
158.3,94135.79142894759
158.31,94136.84263665843
158.32,94137.97518597591
158.33,94136.90943727591
158.34,94138.03806406229
158.35,94137.25332094911
158.36,94140.22453479473
158.37,94137.84616114815
158.38,94139.25893686237
158.39000000000001,94141.40397903233
158.4,94140.6058146036
158.41,94141.57808800346
158.42000000000002,94142.55014007815
158.43,94143.532036256
158.44,94143.4558225499
158.45000000000002,94145.62902901109
158.46,94145.19297594982
158.47,94145.3495666228
158.48,94147.30829688943
158.49,94148.0349122876
158.5,94149.72405252159
158.51,94149.16937083766
158.52,94149.14535126727
158.53,94148.32172117625
158.54,94148.99022008228
158.55,94150.4120047279
158.56,94151.18345375432
158.57,94152.6087123626
158.58,94151.5691137552
158.59,94151.29065989747
158.6,94153.59048672034
158.61,94154.00564323996
158.62,94154.5889179381
158.63,94156.76099706904
158.64000000000001,94157.0018241802
158.65,94157.55942954378
158.66,94158.51225894042
158.67000000000002,94158.38960845875
158.68,94160.1983051331
158.69,94158.73337215435
158.70000000000002,94161.88462166066
158.71,94162.35268781922
158.72,94162.13278599159
158.73,94162.74490613009
158.74,94163.21108281256
158.75,94163.33949332517
158.76,94165.59081764313
158.77,94165.54805159528
158.78,94166.66742074583
158.79,94164.94955465104
158.8,94166.98951191823
158.81,94168.58759354662
158.82,94166.9131714864
158.83,94169.17917911634
158.84,94169.49444121786
158.85,94170.03195134466
158.86,94169.66715919694
158.87,94172.09761415886
158.88,94172.02498909904
158.89000000000001,94172.9981541668
158.9,94174.1727338136
158.91,94173.10159086196
158.92000000000002,94173.88812906537
158.93,94174.27440524763
158.94,94175.57614165964
158.95000000000002,94174.5111902537
158.96,94177.08672444608
158.97,94177.39947737833
158.98,94179.05848330264
158.99,94178.96798914112
159.0,94180.32952876846
159.01,94178.5784408444
159.02,94180.53620374048
159.03,94179.3834488569
159.04,94181.71369313225
159.05,94182.55836212396
159.06,94184.1797989799
159.07,94183.39827692397
159.08,94183.01506159446
159.09,94184.91586472667
159.1,94184.51003305719
159.11,94186.79230854547
159.12,94186.00783313293
159.13,94189.44786765563
159.14000000000001,94187.38878566248
159.15,94188.6993347398
159.16,94189.41311676762
159.17000000000002,94191.383048205
159.18,94190.49917075504
159.19,94193.87701434686
159.20000000000002,94190.83433995146
159.21,94193.49406154739
159.22,94193.42665325812
159.23,94194.02261045585
159.24,94196.38137152232
159.25,94196.26867207969
159.26,94197.9758662627
159.27,94198.48328506565
159.28,94197.92179545765
159.29,94198.48781110831
159.3,94199.49465779458
159.31,94200.30881252528
159.32,94200.82593302877
159.33,94202.85046294525
159.34,94201.99052616632
159.35,94201.63074375308
159.36,94203.5436087133
159.37,94204.05876562503
159.38,94205.47460116641
159.39000000000001,94204.46359031323
159.4,94205.42778224242
159.41,94206.33136865584
159.42000000000002,94206.83747869458
159.43,94208.29039103455
159.44,94207.63158586028
159.45000000000002,94207.79968352322
159.46,94207.63528744689
159.47,94207.9818278249
159.48,94212.2384387049
159.49,94212.11610167938
159.5,94211.85297314828
159.51,94212.37389227632
159.52,94213.26097336
159.53,94213.54507704936
159.54,94214.05093922687
159.55,94216.45188826586
159.56,94217.87940849697
159.57,94214.42773170998
159.58,94217.28135174324
159.59,94216.03755539483
159.6,94218.3866861306
159.61,94217.6742388429
159.62,94218.26164325475
159.63,94220.01623542687
159.64000000000001,94219.59032239606
159.65,94220.69285605632
159.66,94221.52266329838
159.67000000000002,94222.28757795712
159.68,94223.78878299287
159.69,94223.36275408897
159.70000000000002,94224.77926225444
159.71,94225.25444758838
159.72,94224.63605950793
159.73,94226.39877460377
159.74,94227.80822537563
159.75,94228.13849775319
159.76,94229.89553791634
159.77,94230.8305049636
159.78,94228.75992873829
159.79,94230.47227112202
159.8,94230.47366576357
159.81,94230.94065677843
159.82,94233.37340795076
159.83,94232.31146261687
159.84,94233.5662436343
159.85,94233.52526605462
159.86,94234.38912567656
159.87,94236.15243402452
159.88,94235.04221632793
159.89000000000001,94235.87772030795
159.9,94240.33055156135
159.91,94238.6272300553
159.92000000000002,94238.9674550699
159.93,94240.33681113181
159.94,94238.73314160029
159.95000000000002,94241.00015558634
159.96,94241.94342859877
159.97,94241.3106109198
159.98,94244.34477845539
159.99,94241.99787663046
160.0,94245.41277437269
160.01,94244.50030497217
160.02,94245.14695582248
160.03,94245.57569889029
160.04,94246.1337978197
160.05,94247.43385712826
160.06,94247.96042099288
160.07,94249.86941713875
160.08,94247.14954900584
160.09,94249.68836607177
160.1,94253.32645308423
160.11,94250.09054071046
160.12,94251.78964650026
160.13,94252.31649902275
160.14000000000001,94252.09252332753
160.15,94254.91570275465
160.16,94254.9703863253
160.17000000000002,94254.16746309039
160.18,94256.6483071547
160.19,94256.77723409096
160.20000000000002,94258.37903027957
160.21,94256.27893750329
160.22,94257.07367075034
160.23,94259.53823523626
160.24,94259.90249207207
160.25,94260.69570673381
160.26,94260.3094913132
160.27,94261.96590960275
160.28,94261.05182149215
160.29,94263.32633727707
160.3,94263.41988836166
160.31,94264.6249413548
160.32,94263.63383319578
160.33,94264.76647975412
160.34,94264.01879187993
160.35,94265.16954313165
160.36,94267.92037787009
160.37,94268.40997077458
160.38,94269.5558056795
160.39000000000001,94269.30234784629
160.4,94270.33963322987
160.41,94268.98288182796
160.42000000000002,94269.80062431596
160.43,94271.70835296552
160.44,94272.84940320384
160.45000000000002,94272.55717661648
160.46,94274.0824026442
160.47,94274.92889433181
160.48,94274.09122986607
160.49,94275.48585722774
160.5,94275.83091892503
160.51,94277.1844041332
160.52,94276.59914717662
160.53,94278.63530938324
160.54,94277.6079514693
160.55,94280.42344680142
160.56,94281.13099940355
160.57,94282.58494743188
160.58,94280.90272407557
160.59,94282.80558957047
160.6,94282.45003468021
160.61,94283.19612661224
160.62,94283.09514920553
160.63,94283.91305669601
160.64000000000001,94284.70162673829
160.65,94285.93169250892
160.66,94286.65168410554
160.67000000000002,94287.42483579401
160.68,94289.19693454306
160.69,94289.91555965321
160.70000000000002,94289.20946072103
160.71,94289.36636820974
160.72,94289.49302978712
160.73,94292.58068822183
160.74,94290.07877047405
160.75,94293.28485957487
160.76,94292.06819575767
160.77,94292.52372447087
160.78,94295.24412511788
160.79,94294.71537760322
160.8,94292.98798451867
160.81,94296.23981101625
160.82,94296.07679200343
160.83,94296.77321359146
160.84,94298.94090435405
160.85,94300.54765873354
160.86,94298.67638761512
160.87,94301.56969437796
160.88,94299.11588732351
160.89000000000001,94302.34413465204
160.9,94302.254685341
160.91,94302.62631424064
160.92000000000002,94305.31473777741
160.93,94304.19777881018
160.94,94304.64612228391
160.95000000000002,94305.61891996594
160.96,94305.79167874076
160.97,94305.60774901963
160.98,94307.61989664675
160.99,94308.03879415753
161.0,94309.62975432658
161.01,94309.60565850108
161.02,94309.70478107265
161.03,94309.70454600108
161.04,94310.33445171225
161.05,94312.3246142812
161.06,94312.82126494356
161.07,94314.46464498404
161.08,94312.83312251592
161.09,94313.6582084026
161.1,94315.7954485483
161.11,94316.65840984961
161.12,94316.68080236833
161.13,94316.44900861404
161.14000000000001,94317.10223715713
161.15,94318.21028543713
161.16,94318.91180058116
161.17000000000002,94317.74410677359
161.18,94320.16232162612
161.19,94320.5374992767
161.20000000000002,94320.9767591362
161.21,94320.44371914487
161.22,94322.80506854862
161.23,94322.12088389452
161.24,94323.79194031897
161.25,94325.37557078416
161.26,94326.43426933192
161.27,94324.74160287812
161.28,94325.78430806308
161.29,94327.98789455263
161.3,94326.95049493361
161.31,94328.85985102825
161.32,94331.35048094133
161.33,94328.70270213077
161.34,94331.35652170054
161.35,94329.33410759682
161.36,94331.80004265689
161.37,94333.70370724317
161.38,94333.71954165974
161.39000000000001,94333.25256471758
161.4,94335.03776593828
161.41,94338.30074237575
161.42000000000002,94335.84758944927
161.43,94336.54259090144
161.44,94337.84485349747
161.45000000000002,94338.28916053088
161.46,94336.53062140805
161.47,94339.3771083431
161.48,94339.94178058377
161.49,94339.99525824923
161.5,94340.40125763003
161.51,94341.46000085499
161.52,94343.80858467131
161.53,94342.27666764321
161.54,94342.75794521737
161.55,94343.5492435627
161.56,94344.74218710186
161.57,94344.8242380528
161.58,94346.00592866853
161.59,94346.19481829013
161.6,94348.66799393916
161.61,94348.2577928009
161.62,94347.72343899148
161.63,94350.45786504935
161.64000000000001,94352.66773006174
161.65,94350.0829172366
161.66,94351.6256688166
161.67000000000002,94351.83380471168
161.68,94354.27566131666
161.69,94351.85121513397
161.70000000000002,94353.94092439974
161.71,94352.35705078229
161.72,94356.10255256285
161.73,94356.93690046053
161.74,94355.85869806093
161.75,94357.83938765757
161.76,94356.60441438953
161.77,94358.11124866319
161.78,94358.43262366242
161.79,94358.39918410483
161.8,94361.91282236895
161.81,94362.39827003123
161.82,94362.29066682336
161.83,94361.65521772463
161.84,94363.30012479308
161.85,94362.34209018164
161.86,94364.66146470062
161.87,94364.31007532876
161.88,94366.35274241716
161.89000000000001,94364.55312877639
161.9,94365.45793242294
161.91,94367.81896931988
161.92000000000002,94367.68110379617
161.93,94368.41818801124
161.94,94371.44035293137
161.95000000000002,94371.9499858392
161.96,94372.21136693751
161.97,94371.01839456418
161.98,94368.89886163898
161.99,94371.99749872374
162.0,94372.48291832962
162.01,94374.32875290251
162.02,94374.10260946892
162.03,94374.54575404915
162.04,94374.50222273174
162.05,94375.95691059847
162.06,94375.75814334727
162.07,94377.80187149961
162.08,94378.17737208141
162.09,94380.15449871733
162.1,94379.18770822418
162.11,94378.62554418824
162.12,94381.28775086867
162.13,94381.19278880012
162.14000000000001,94381.76718009957
162.15,94383.99660725068
162.16,94383.74671418972
162.17000000000002,94383.73052967699
162.18,94386.37363069346
162.19,94384.0004100197
162.20000000000002,94385.03469383749
162.21,94385.41096940088
162.22,94386.04279025212
162.23,94387.79617591063
162.24,94389.95589937108
162.25,94388.65326267773
162.26,94388.91603958247
162.27,94390.11912885799
162.28,94391.69167667649
162.29,94392.46533271918
162.3,94390.85782580533
162.31,94390.80185316101
162.32,94393.90565146922
162.33,94394.64426556048
162.34,94394.6416175377
162.35,94395.03052040756
162.36,94396.66452171098
162.37,94395.28427483847
162.38,94397.30575718432
162.39000000000001,94399.7973625543
162.4,94398.60744274192
162.41,94401.08839111704
162.42000000000002,94400.91000294682
162.43,94399.67909897653
162.44,94402.60087179598
162.45000000000002,94402.9815239709
162.46,94403.14655474923
162.47,94402.88965041934
162.48,94404.05655770142
162.49,94403.89093519382
162.5,94403.64011351718
162.51,94406.49887153176
162.52,94406.39130592521
162.53,94408.28731576687
162.54,94408.50826691411
162.55,94409.02731558614
162.56,94409.02572121956
162.57,94409.03511312613
162.58,94409.94742592156
162.59,94411.27543629846
162.6,94412.39972862398
162.61,94414.41435071746
162.62,94413.54618338682
162.63,94413.40890247747
162.64000000000001,94415.11213174064
162.65,94415.0744042883
162.66,94416.15277678735
162.67000000000002,94416.39167026071
162.68,94416.77892173831
162.69,94415.67555655279
162.70000000000002,94417.35379672927
162.71,94418.95973276832
162.72,94419.216189212
162.73,94420.42002614633
162.74,94421.86886958082
162.75,94421.47025311155
162.76,94421.66116840628
162.77,94420.59555521494
162.78,94421.78038892121
162.79,94423.92965887129
162.8,94423.61342934097
162.81,94425.47932893378
162.82,94427.5233975368
162.83,94426.17331580732
162.84,94427.98912101173
162.85,94429.05024266994
162.86,94429.0241623227
162.87,94428.70076341457
162.88,94429.69193197039
162.89000000000001,94429.51987359299
162.9,94429.44106206438
162.91,94431.06100431345
162.92000000000002,94431.78311056031
162.93,94433.04019514481
162.94,94432.89191944266
162.95000000000002,94433.3877775195
162.96,94435.65890644437
162.97,94433.82061048874
162.98,94437.60977108499
162.99,94436.89757841695
163.0,94437.01765913184
163.01,94437.68809966273
163.02,94438.67835299694
163.03,94436.49775479184
163.04,94439.48037972848
163.05,94441.48277045696
163.06,94440.34527510213
163.07,94442.05775247814
163.08,94442.40823142625
163.09,94443.40325977797
163.1,94443.83064396257
163.11,94444.65769409694
163.12,94444.66960312468
163.13,94445.2632142426
163.14000000000001,94443.88277503067
163.15,94448.35549748465
163.16,94449.09941427856
163.17000000000002,94447.11133449257
163.18,94450.3915002789
163.19,94450.51592956999
163.20000000000002,94450.54512145511
163.21,94450.27842088234
163.22,94452.15726052663
163.23,94450.96915627194
163.24,94451.05615332523
163.25,94455.3624858371
163.26,94455.30433879956
163.27,94454.20101582141
163.28,94453.99168129818
163.29,94454.93213775702
163.3,94455.6015480931
163.31,94455.65514818272
163.32,94458.13731710959
163.33,94458.7248855767
163.34,94460.19063662985
163.35,94460.67630091797
163.36,94461.1241069333
163.37,94460.8936940938
163.38,94462.9252050295
163.39000000000001,94464.69271513024
163.4,94462.08020919903
163.41,94463.85428338667
163.42000000000002,94466.4179233707
163.43,94464.51650658582
163.44,94465.31255502638
163.45000000000002,94465.5603683773
163.46,94469.1733932227
163.47,94468.11242501845
163.48,94469.40204009882
163.49,94469.68319987714
163.5,94469.960156406
163.51,94470.12094233549
163.52,94470.93872688417
163.53,94471.3446681514
163.54,94473.14640117703
163.55,94472.49455677858
163.56,94474.95068619541
163.57,94473.97160933794
163.58,94476.28437379631
163.59,94472.89364906315
163.6,94477.11380899846
163.61,94476.9672965878
163.62,94476.7037988276
163.63,94478.69479523221
163.64000000000001,94478.80313415475
163.65,94480.13359963344
163.66,94479.6962844072
163.67000000000002,94479.91913577038
163.68,94480.95215616342
163.69,94481.50937870961
163.70000000000002,94482.64719841535
163.71,94480.74907637172
163.72,94486.39700522627
163.73,94486.30527814594
163.74,94484.77839956175
163.75,94486.24830191988
163.76,94485.92250841178
163.77,94488.36488974893
163.78,94489.16347429297
163.79,94488.767211914
163.8,94489.8343079381
163.81,94489.77434527049
163.82,94490.6534557799
163.83,94490.53266955625
163.84,94492.79027477415
163.85,94490.81322247074
163.86,94492.86815857477
163.87,94492.98435688223
163.88,94493.62595587097
163.89000000000001,94494.96984364804
163.9,94496.42221007914
163.91,94496.13855663902
163.92000000000002,94497.80660336581
163.93,94497.35741632909
163.94,94498.33421180128
163.95000000000002,94498.66570645096
163.96,94498.75096826626
163.97,94497.97212416767
163.98,94500.4692170331
163.99,94499.47953054198
164.0,94502.01059252257
164.01,94502.5499272449
164.02,94502.41363987664
164.03,94503.36229518663
164.04,94505.74979145912
164.05,94504.50485421153
164.06,94504.77990659483
164.07,94506.0154547111
164.08,94507.53465983951
164.09,94506.91885233267
164.1,94508.88941734825
164.11,94510.26208619219
164.12,94509.74797024849
164.13,94510.74445174744
164.14000000000001,94512.10231570472
164.15,94513.91110850598
164.16,94512.16665575664
164.17000000000002,94513.64569277877
164.18,94514.00400672083
164.19,94514.43863498181
164.20000000000002,94513.85360239388
164.21,94514.32981826391
164.22,94514.96208178267
164.23,94516.32359844206
164.24,94516.94398384613
164.25,94517.9963785253
164.26,94519.40023254776
164.27,94519.58490671456
164.28,94519.72771029125
164.29,94520.3636282716
164.3,94522.61326972792
164.31,94521.22605600295
164.32,94522.50307656571
164.33,94522.652194341
164.34,94524.6727358271
164.35,94524.02368790322
164.36,94526.66657885203
164.37,94525.90227843192
164.38,94526.41351808487
164.39000000000001,94526.27242235586
164.4,94527.58751396375
164.41,94528.55896592156
164.42000000000002,94528.29181797247
164.43,94530.50077928271
164.44,94530.7884304887
164.45000000000002,94531.13885211901
164.46,94532.2713692223
164.47,94532.52819583357
164.48,94533.17484393076
164.49,94534.32884945201
164.5,94534.07929369759
164.51,94534.19367155294
164.52,94535.65505599105
164.53,94536.95263737472
164.54,94536.81096454913
164.55,94538.49345050486
164.56,94537.45643887502
164.57,94540.28593731756
164.58,94541.11718402269
164.59,94539.74793756787
164.6,94539.95719608365
164.61,94540.08459226391
164.62,94542.55667366859
164.63,94543.94231177258
164.64000000000001,94543.05135659466
164.65,94545.76581578612
164.66,94544.3121433587
164.67000000000002,94545.07830023229
164.68,94544.45295604347
164.69,94544.94004853406
164.70000000000002,94547.48385624331
164.71,94548.30222270435
164.72,94548.90257783383
164.73,94549.58659692807
164.74,94548.59046877752
164.75,94549.75583103749
164.76,94550.74822452442
164.77,94551.65530725585
164.78,94553.77668596031
164.79,94552.04805707034
164.8,94550.95543103438
164.81,94553.04741949822
164.82,94554.26105250907
164.83,94555.66278146826
164.84,94556.98361347461
164.85,94556.3686127429
164.86,94557.42601197102
164.87,94557.68861567973
164.88,94559.23332268478
164.89000000000001,94560.40577847426
164.9,94561.07199456714
164.91,94559.39717075216
164.92000000000002,94562.10229978374
164.93,94561.08461494576
164.94,94562.29619032177
164.95000000000002,94563.54077478976
164.96,94564.93779251624
164.97,94564.90283015172
164.98,94566.73259976722
164.99,94565.68114195936
165.0,94564.86046094244
165.01,94567.3624701629
165.02,94568.21359869893
165.03,94567.82961308124
165.04,94567.57931951316
165.05,94569.73838085598
165.06,94570.75368460322
165.07,94570.95721740309
165.08,94571.30172204945
165.09,94571.00464058877
165.1,94570.06247868981
165.11,94572.8047279748
165.12,94574.86060728488
165.13,94576.07674536345
165.14000000000001,94574.39566394784
165.15,94575.11086886081
165.16,94578.42479694462
165.17000000000002,94577.66195897726
165.18,94579.20772921837
165.19,94577.98711886775
165.20000000000002,94580.28892522724
165.21,94579.64052360212
165.22,94581.9469190787
165.23,94581.79555730356
165.24,94582.7067636036
165.25,94583.80144410643
165.26,94584.01754074727
165.27,94584.02806564554
165.28,94585.77185946949
165.29,94584.88662006056
165.3,94586.06373418939
165.31,94585.7823677429
165.32,94588.19324794928
165.33,94586.765252566
165.34,94588.42162739174
165.35,94589.50823177438
165.36,94589.28848093907
165.37,94589.45460923371
165.38,94591.1454125825
165.39000000000001,94591.56961694136
165.4,94592.14025194262
165.41,94591.98997950395
165.42000000000002,94593.43068121941
165.43,94593.93278608791
165.44,94594.25495724317
165.45000000000002,94595.68363740612
165.46,94597.42110796979
165.47,94595.96908852318
165.48,94597.52783545713
165.49,94597.85167327726
165.5,94600.20949786484
165.51,94600.01579782473
165.52,94599.88575399414
165.53,94598.36305322111
165.54,94600.6989555706
165.55,94601.56682862497
165.56,94601.81513874093
165.57,94603.69260452702
165.58,94603.76225910075
165.59,94606.14370636041
165.6,94604.06181759779
165.61,94604.9874331394
165.62,94606.5327997749
165.63,94607.82397069926
165.64000000000001,94606.42789082447
165.65,94606.85473070064
165.66,94608.91960905131
165.67000000000002,94607.95539486296
165.68,94609.8087996849
165.69,94612.07123252645
165.70000000000002,94612.03689272588
165.71,94611.60074223763
165.72,94611.90433339193
165.73,94614.01336763741
165.74,94615.00471703579
165.75,94616.16262545716
165.76,94616.51629575004
165.77,94615.14916998375
165.78,94616.80222096338
165.79,94618.81525922955
165.8,94618.70440350255
165.81,94619.23762520113
165.82,94618.89794782276
165.83,94620.09195265577
165.84,94619.72167565157
165.85,94621.47620490537
165.86,94622.2900364838
165.87,94621.2996715526
165.88,94624.79529735088
165.89000000000001,94624.02248626441
165.9,94624.88685171622
165.91,94624.63123315197
165.92000000000002,94626.8837448604
165.93,94627.16203549149
165.94,94626.45016024432
165.95000000000002,94627.48666369937
165.96,94629.403508909
165.97,94629.36231225148
165.98,94628.93262325041
165.99,94628.69585253546
166.0,94631.83872529033
166.01,94632.36035111085
166.02,94631.32178806607
166.03,94631.12847694347
166.04,94633.8078845042
166.05,94633.96627710212
166.06,94635.68192294898
166.07,94635.20171041827
166.08,94635.71914387381
166.09,94636.30346857732
166.1,94636.73644811654
166.11,94638.70434442237
166.12,94639.8876905
166.13,94638.2047547461
166.14000000000001,94640.14539061488
166.15,94641.39148326809
166.16,94640.7315583184
166.17000000000002,94640.62262313806
166.18,94641.21129474281
166.19,94641.65583337555
166.20000000000002,94645.58363935126
166.21,94643.4190536871
166.22,94643.26243732931
166.23,94646.46198938023
166.24,94647.76359291261
166.25,94647.32334120107
166.26,94646.3156685371
166.27,94646.36190417105
166.28,94648.61004148655
166.29,94647.89769147654
166.3,94651.08321991742
166.31,94648.62275508678
166.32,94653.4732579106
166.33,94652.42386535397
166.34,94653.38376751337
166.35,94653.39496750919
166.36,94654.75592663474
166.37,94653.56850452725
166.38,94656.50910041571
166.39000000000001,94658.04133525284
166.4,94657.90164408377
166.41,94656.09291291134
166.42000000000002,94659.09258606317
166.43,94658.43983460577
166.44,94660.30949022697
166.45000000000002,94658.83892749638
166.46,94660.53350630584
166.47,94660.12868001677
166.48,94663.50037961705
166.49,94664.24510335841
166.5,94663.14287501207
166.51,94663.29786885566
166.52,94664.67817701263
166.53,94665.5556072543
166.54,94665.8212925588
166.55,94666.5227588519
166.56,94666.99871614731
166.57,94668.5352162021
166.58,94667.98535104078
166.59,94669.61172346331
166.6,94669.30150340096
166.61,94672.11327649464
166.62,94670.44516953078
166.63,94673.13555395849
166.64000000000001,94672.41485584341
166.65,94673.5521829522
166.66,94674.0575143709
166.67000000000002,94675.6647318623
166.68,94675.4046207492
166.69,94676.90103038259
166.70000000000002,94677.20557125557
166.71,94676.10644337452
166.72,94679.17691255055
166.73,94678.7181920981
166.74,94677.96076716535
166.75,94676.741922664
166.76,94680.72337219477
166.77,94682.08963533792
166.78,94682.70042500888
166.79,94682.3787008216
166.8,94681.86674267698
166.81,94684.8138602803
166.82,94683.56868088589
166.83,94684.01919001601
166.84,94686.36795390988
166.85,94687.67201089062
166.86,94686.4294774025
166.87,94686.1846964704
166.88,94688.31207909883
166.89000000000001,94688.28853497413
166.9,94689.36496654397
166.91,94690.91640096699
166.92000000000002,94691.0706538165
166.93,94688.80862733704
166.94,94690.52354677656
166.95000000000002,94691.6418519724
166.96,94694.77938821538
166.97,94692.84156978357
166.98,94694.86148228902
166.99,94694.61469128505
167.0,94695.17049933325
167.01,94696.83524625194
167.02,94695.89257874576
167.03,94698.39853243786
167.04,94698.00955899562
167.05,94698.66392986877
167.06,94698.88539466332
167.07,94699.53059239584
167.08,94701.10492966909
167.09,94700.34751414388
167.1,94702.81473419633
167.11,94702.52853556718
167.12,94702.87964403325
167.13,94702.16978216221
167.14000000000001,94703.26399340823
167.15,94704.42004166171
167.16,94707.02521787964
167.17000000000002,94707.00028816295
167.18,94707.39045946521
167.19,94707.70560934574
167.20000000000002,94707.94656933055
167.21,94709.20519659734
167.22,94710.62515289016
167.23,94711.0310852168
167.24,94711.88551959778
167.25,94711.69158803094
167.26,94712.7055458986
167.27,94715.12672756746
167.28,94714.21439559104
167.29,94714.22710862623
167.3,94715.43505840935
167.31,94715.90550959624
167.32,94715.70437729429
167.33,94718.01522843521
167.34,94717.40936302167
167.35,94717.02351405626
167.36,94718.60767621858
167.37,94720.8192015803
167.38,94718.64018555984
167.39000000000001,94720.32891982234
167.4,94723.18844195777
167.41,94722.90178062956
167.42000000000002,94722.50819599733
167.43,94723.22724084073
167.44,94723.19666388046
167.45000000000002,94724.65040506312
167.46,94726.00356256215
167.47,94725.03812022446
167.48,94727.64790135324
167.49,94726.96037143456
167.5,94728.16011998228
167.51,94727.22993019139
167.52,94729.85595771947
167.53,94729.89519603761
167.54,94729.29104004455
167.55,94731.62228888847
167.56,94730.18081148225
167.57,94732.27056800135
167.58,94731.64050488094
167.59,94732.41256853462
167.6,94733.48729291829
167.61,94736.74994455831
167.62,94735.66041888348
167.63,94736.68409620316
167.64000000000001,94736.97431616286
167.65,94737.5769293143
167.66,94736.82615622463
167.67000000000002,94739.1168855749
167.68,94739.72125135611
167.69,94738.93461632053
167.70000000000002,94741.15903508094
167.71,94740.07224298631
167.72,94742.92244890347
167.73,94743.05879488254
167.74,94743.22468946391
167.75,94744.09457745503
167.76,94744.47074587789
167.77,94745.43116265738
167.78,94745.93619818563
167.79,94746.52398166721
167.8,94746.9342507032
167.81,94747.8286349269
167.82,94750.09559606538
167.83,94749.31447383118
167.84,94750.56921972246
167.85,94749.96014771551
167.86,94750.63356516743
167.87,94750.09386506477
167.88,94753.2085157895
167.89000000000001,94754.00362762138
167.9,94753.80996385247
167.91,94752.75510620572
167.92000000000002,94753.62920648823
167.93,94755.20680868083
167.94,94755.74228864178
167.95000000000002,94755.42785930817
167.96,94756.28586963334
167.97,94760.32660066728
167.98,94760.62018419789
167.99,94757.56604860091
168.0,94759.72271441207
168.01,94760.70552287028
168.02,94760.05410110041
168.03,94761.7792946409
168.04,94761.86843464753
168.05,94763.62122614663
168.06,94763.01528843956
168.07,94765.48003091534
168.08,94762.49143852122
168.09,94766.83829839066
168.1,94766.8765181436
168.11,94767.85707244683
168.12,94766.283735155
168.13,94768.58845540875
168.14000000000001,94767.30493655472
168.15,94770.40781289048
168.16,94771.92479957915
168.17000000000002,94771.77568243763
168.18,94772.42465080124
168.19,94772.4569038221
168.20000000000002,94773.69231622505
168.21,94772.91936335848
168.22,94773.37593412705
168.23,94775.02675581352
168.24,94774.7779207008
168.25,94776.18722951134
168.26,94778.95904754444
168.27,94779.01541927725
168.28,94777.64808976512
168.29,94778.4732533353
168.3,94779.60914158743
168.31,94779.26421664238
168.32,94780.20030798041
168.33,94781.5553817953
168.34,94781.38676237185
168.35,94782.20171592403
168.36,94783.03504384858
168.37,94784.53418567502
168.38,94782.7160612894
168.39000000000001,94785.2331581522
168.4,94787.20275965036
168.41,94786.88343939265
168.42000000000002,94784.41393410935
168.43,94789.38994752824
168.44,94790.22860238866
168.45000000000002,94789.66988236943
168.46,94790.30856556348
168.47,94791.09209174488
168.48,94789.75341146019
168.49,94790.95352742203
168.5,94793.16964406331
168.51,94791.02079557914
168.52,94792.40590175531
168.53,94795.93990923339
168.54,94795.43871029602
168.55,94795.68419901376
168.56,94796.78413343437
168.57,94797.69156334372
168.58,94797.99572588725
168.59,94800.17488481797
168.6,94798.40517961333
168.61,94798.09334123723
168.62,94799.13320633584
168.63,94799.4751649802
168.64000000000001,94802.51681423494
168.65,94800.86994300225
168.66,94802.2829023006
168.67000000000002,94802.07363661223
168.68,94804.35948253947
168.69,94804.18881937841
168.70000000000002,94804.23297431345
168.71,94806.16774417699
168.72,94805.67418555853
168.73,94807.47444201239
168.74,94805.52305276354
168.75,94809.36545596272
168.76,94809.046088309
168.77,94809.12856557996
168.78,94809.10817216468
168.79,94811.60627448067
168.8,94810.98096353383
168.81,94812.67717008191
168.82,94813.55274891308
168.83,94813.42631408006
168.84,94814.25766312295
168.85,94815.5742991631
168.86,94816.71597063448
168.87,94816.31080940955
168.88,94816.18494771078
168.89000000000001,94817.42926676222
168.9,94818.15927901152
168.91,94818.93111156193
168.92000000000002,94817.82262411846
168.93,94821.00177483022
168.94,94821.30442714275
168.95000000000002,94819.95777261673
168.96,94821.80703107378
168.97,94822.5143036311
168.98,94825.32899955919
168.99,94823.16802775468
169.0,94824.91327135725
169.01,94824.9991168705
169.02,94825.91124726833
169.03,94826.63071077713
169.04,94825.37049977195
169.05,94827.90959794131
169.06,94829.76051504195
169.07,94828.28265152541
169.08,94829.23253180296
169.09,94831.10402425041
169.1,94832.48384143409
169.11,94831.80075091671
169.12,94833.18189280643
169.13,94833.12330827315
169.14000000000001,94833.96538431186
169.15,94834.88407504791
169.16,94833.9801117908
169.17000000000002,94836.1003434939
169.18,94837.41724682388
169.19,94838.48607933172
169.20000000000002,94836.96413588384
169.21,94840.86069076713
169.22,94839.16349091599
169.23,94839.44920120205
169.24,94840.4869206174
169.25,94839.24184125867
169.26,94844.11979998172
169.27,94841.24139400029
169.28,94842.42314426867
169.29,94843.01675363588
169.3,94843.81172146816
169.31,94844.96694091015
169.32,94844.83499536599
169.33,94847.33155509592
169.34,94845.94083649143
169.35,94847.77477377871
169.36,94847.97082361956
169.37,94848.74778420808
169.38,94848.88965593741
169.39000000000001,94850.52976315249
169.4,94851.11806289207
169.41,94852.21706920749
169.42000000000002,94852.53971367101
169.43,94853.01026682719
169.44,94853.9147381319
169.45000000000002,94854.42449520281
169.46,94855.5217081854
169.47,94856.10805130423
169.48,94855.33514102221
169.49,94854.61928095012
169.5,94858.42544768717
169.51,94857.52112466632
169.52,94855.7022075811
169.53,94856.4324237541
169.54,94859.19196901613
169.55,94861.0488341404
169.56,94862.13236672904
169.57,94862.63711482665
169.58,94861.52415917059
169.59,94861.99936664812
169.6,94864.01687917278
169.61,94863.35977640726
169.62,94866.00618407523
169.63,94864.60530834283
169.64000000000001,94866.25332438732
169.65,94865.49818296751
169.66,94865.31614230189
169.67000000000002,94869.28673450212
169.68,94867.6094890081
169.69,94868.73953343536
169.70000000000002,94869.564869821
169.71,94870.11883131551
169.72,94872.08642266433
169.73,94870.43958743129
169.74,94873.40889771414
169.75,94874.35510791744
169.76,94873.4678785091
169.77,94874.13226701866
169.78,94873.37630969491
169.79,94873.90588073278
169.8,94874.61655759819
169.81,94876.40033830355
169.82,94877.1697192346
169.83,94878.6242281203
169.84,94877.42712756523
169.85,94878.29155599466
169.86,94880.44224253065
169.87,94880.93882253571
169.88,94879.18006116217
169.89000000000001,94882.49959538436
169.9,94883.52962715575
169.91,94883.24922115786
169.92000000000002,94884.56060857151
169.93,94883.41999484706
169.94,94884.09968317427
169.95000000000002,94884.6169955785
169.96,94887.77770766594
169.97,94886.11180009437
169.98,94888.13554058333
169.99,94886.08805275359
170.0,94890.15347064688
170.01,94890.2149443518
170.02,94890.33896762464
170.03,94892.38242441959
170.04,94891.73107748995
170.05,94892.57152409363
170.06,94893.0500977812
170.07,94894.07977331155
170.08,94894.28307314252
170.09,94895.44257442323
170.1,94894.82029901132
170.11,94896.0987340287
170.12,94897.65816334076
170.13,94896.92986937617
170.14000000000001,94897.48855184388
170.15,94898.44149546287
170.16,94899.43438496998
170.17000000000002,94899.60389891762
170.18,94902.78361628916
170.19,94901.69906262445
170.20000000000002,94904.91457493081
170.21,94901.43112208004
170.22,94904.45972128301
170.23,94905.25580849264
170.24,94905.97023090797
170.25,94906.47022337712
170.26,94905.19578595442
170.27,94905.46421143613
170.28,94908.2380997223
170.29,94907.9861123005
170.3,94907.63322944651
170.31,94910.18937377694
170.32,94909.9269842464
170.33,94910.51310497792
170.34,94911.18092082471
170.35,94909.46296813907
170.36,94910.91732163656
170.37,94913.4995989233
170.38,94912.13913091207
170.39000000000001,94915.47985563967
170.4,94915.4382069437
170.41,94916.59437136221
170.42000000000002,94917.10287165588
170.43,94918.16828205509
170.44,94918.92749483531
170.45000000000002,94919.5770374333
170.46,94921.21402952635
170.47,94919.42719479892
170.48,94920.041679156
170.49,94920.5858871959
170.5,94921.97889913197
170.51,94923.68637678876
170.52,94921.25279946077
170.53,94922.59587968953
170.54,94923.6299008536
170.55,94922.97384061053
170.56,94924.505147937
170.57,94926.47144524303
170.58,94926.81363385916
170.59,94926.86905871947
170.6,94927.63535020067
170.61,94929.88858572242
170.62,94928.0825074326
170.63,94930.87687746133
170.64000000000001,94930.82978159537
170.65,94930.45834693499
170.66,94932.92093480722
170.67000000000002,94932.61386542773
170.68,94932.8944713102
170.69,94932.60814326124
170.70000000000002,94934.10843245956
170.71,94934.1809339833
170.72,94936.61197670411
170.73,94936.93332619642
170.74,94936.90020324328
170.75,94935.465548481
170.76,94939.90356728187
170.77,94937.30940515993
170.78,94941.7385669972
170.79,94939.15578779182
170.8,94939.30908860241
170.81,94942.10541159868
170.82,94943.48446440039
170.83,94942.25358031258
170.84,94943.57971742115
170.85,94943.99046952974
170.86,94945.46381166908
170.87,94945.84289570352
170.88,94946.89726523895
170.89000000000001,94945.63352937401
170.9,94947.3034167239
170.91,94947.30499713663
170.92000000000002,94948.00817613429
170.93,94949.77290143256
170.94,94950.4473263871
170.95000000000002,94950.7434641496
170.96,94951.71082029276
170.97,94950.57424308505
170.98,94951.20956880524
170.99,94951.55004341593
171.0,94954.4500343269
171.01,94954.94225880645
171.02,94954.92902176513
171.03,94955.36054363512
171.04,94957.24922165785
171.05,94957.97958401454
171.06,94959.24799426463
171.07,94957.60466311283
171.08,94959.16698889894
171.09,94960.53170260954
171.1,94960.04104812564
171.11,94961.94067306892
171.12,94961.3545158273
171.13,94961.78409301916
171.14000000000001,94963.82015116645
171.15,94963.333684008
171.16,94962.56241443382
171.17000000000002,94964.86502873125
171.18,94965.01063361137
171.19,94965.98970210516
171.20000000000002,94965.70450312518
171.21,94966.69954518466
171.22,94969.17822561921
171.23,94971.68653631245
171.24,94969.50005531746
171.25,94970.94955172292
171.26,94971.0838203955
171.27,94971.17203685439
171.28,94972.01537378339
171.29,94974.33172762654
171.3,94972.9239471404
171.31,94973.90553528239
171.32,94973.92697504982
171.33,94975.58804643285
171.34,94975.37230703191
171.35,94978.40184408934
171.36,94976.614243464
171.37,94978.21148951762
171.38,94977.81041405203
171.39000000000001,94978.22237288188
171.4,94979.0031287313
171.41,94979.58145289819
171.42000000000002,94980.83738835555
171.43,94981.2809913616
171.44,94982.2863608527
171.45000000000002,94982.12650789559
171.46,94983.00219198475
171.47,94984.51993997928
171.48,94984.68181356907
171.49,94984.54642094647
171.5,94987.20924894235
171.51,94987.12803304083
171.52,94987.7677711923
171.53,94988.04325787345
171.54,94987.68846040484
171.55,94990.75467362991
171.56,94991.1049925029
171.57,94991.20734442504
171.58,94991.54717604724
171.59,94993.17898305634
171.6,94992.811089965
171.61,94993.88741830124
171.62,94993.40933492791
171.63,94996.3799013192
171.64000000000001,94995.2882882416
171.65,94995.74935825962
171.66,94996.22852763608
171.67000000000002,94997.4947534002
171.68,94996.8551435432
171.69,95000.16647557174
171.70000000000002,94999.21193728174
171.71,94999.86673249664
171.72,95001.2671040499
171.73,94999.07231834627
171.74,95001.05491996327
171.75,95003.24680991811
171.76,95003.24859935167
171.77,95001.98702484753
171.78,95004.66863444276
171.79,95004.9608039326
171.8,95003.7394481716
171.81,95006.67656050932
171.82,95006.47075609655
171.83,95007.77949663646
171.84,95008.6612579009
171.85,95008.47611893927
171.86,95009.41779117573
171.87,95011.53708421813
171.88,95011.04386633947
171.89000000000001,95013.0709465925
171.9,95011.98462388154
171.91,95012.4720095659
171.92000000000002,95013.29442809902
171.93,95014.56752324244
171.94,95015.05428571125
171.95000000000002,95014.21518611445
171.96,95014.68100399007
171.97,95017.13911551697
171.98,95016.75767404295
171.99,95018.72561445535
172.0,95016.99911294828
172.01,95018.62923329564
172.02,95018.87923192748
172.03,95021.05551728515
172.04,95020.25701326184
172.05,95021.52421968414
172.06,95021.90326811816
172.07,95022.29624136124
172.08,95023.30767474482
172.09,95023.68224698925
172.1,95024.39014608315
172.11,95027.11696096507
172.12,95026.43053009515
172.13,95024.83654955719
172.14000000000001,95027.94610974718
172.15,95029.59937792526
172.16,95028.62411070977
172.17000000000002,95028.40325609858
172.18,95029.62337855526
172.19,95032.16176420059
172.20000000000002,95031.24554586895
172.21,95031.87465554907
172.22,95030.74563563836
172.23,95033.41677660566
172.24,95033.1976451056
172.25,95033.19147365882
172.26,95034.11697918343
172.27,95036.44766276014
172.28,95038.17021351415
172.29,95034.5898751834
172.3,95038.11882979021
172.31,95039.36532230493
172.32,95039.61916841406
172.33,95039.59506316602
172.34,95039.71918180074
172.35,95041.55862424495
172.36,95041.5545832899
172.37,95043.83994030968
172.38,95040.7858236151
172.39000000000001,95043.18137083777
172.4,95042.66214818961
172.41,95044.75741901992
172.42000000000002,95046.28718255553
172.43,95045.8110701386
172.44,95046.09956703955
172.45000000000002,95047.41911371393
172.46,95048.88373542215
172.47,95050.52660410975
172.48,95050.26140726972
172.49,95050.35655381161
172.5,95050.52530100728
172.51,95052.04262992328
172.52,95051.10320327217
172.53,95053.07422709395
172.54,95052.8915971258
172.55,95052.85778843725
172.56,95055.42493263786
172.57,95055.06104616605
172.58,95056.49983380178
172.59,95055.0733496267
172.6,95057.4950130292
172.61,95057.84977777803
172.62,95058.36905418785
172.63,95059.20171823776
172.64000000000001,95060.97554111673
172.65,95061.53206278985
172.66,95060.75582143018
172.67000000000002,95062.10988241869
172.68,95063.91345544167
172.69,95064.65910066833
172.70000000000002,95062.28688667895
172.71,95065.17641181461
172.72,95064.1320600508
172.73,95065.94931340423
172.74,95067.19598690489
172.75,95066.13185402394
172.76,95068.39405014405
172.77,95067.97056052915
172.78,95068.11411071342
172.79,95070.00316875549
172.8,95070.03401403445
172.81,95071.49412402578
172.82,95073.61268879127
172.83,95073.2803586094
172.84,95072.80691364796
172.85,95073.47211285958
172.86,95073.94374001834
172.87,95074.58247498
172.88,95076.2172934425
172.89000000000001,95076.40584522879
172.9,95076.14828132285
172.91,95076.91667572425
172.92000000000002,95078.16433639066
172.93,95078.28879617463
172.94,95078.72341984368
172.95000000000002,95079.09009900992
172.96,95079.5745979694
172.97,95079.38531964722
172.98,95081.12174058703
172.99,95081.62478728614
173.0,95083.98547806527
173.01,95082.92297359662
173.02,95084.5581860806
173.03,95085.55201561836
173.04,95085.60044556878
173.05,95084.9524529242
173.06,95085.95001342207
173.07,95087.90512186787
173.08,95089.51896376266
173.09,95090.45421845965
173.1,95089.22747645123
173.11,95091.4130572162
173.12,95089.4769141533
173.13,95092.12273388896
173.14000000000001,95092.54283634223
173.15,95092.03543725838
173.16,95093.94855188922
173.17000000000002,95094.46538657867
173.18,95095.0237618748
173.19,95094.97364563574
173.20000000000002,95096.2098508437
173.21,95095.93275108044
173.22,95097.21812024675
173.23,95098.65829590162
173.24,95098.32599607403
173.25,95098.36879198693
173.26,95100.81199659174
173.27,95100.09557028141
173.28,95101.1871475517
173.29,95101.49460412395
173.3,95101.70152780325
173.31,95103.79340654874
173.32,95101.69106668772
173.33,95104.61909167549
173.34,95104.41019323024
173.35,95105.38729218279
173.36,95104.84901743587
173.37,95107.87586795894
173.38,95107.84551007378
173.39000000000001,95109.09218985854
173.4,95109.74403539306
173.41,95109.37167667197
173.42000000000002,95108.53417490511
173.43,95109.25207917961
173.44,95110.6555393465
173.45000000000002,95110.75033570747
173.46,95111.84684644853
173.47,95112.68422651145
173.48,95114.1982879577
173.49,95116.68897725153
173.5,95115.81732201317
173.51,95115.67780653838
173.52,95115.66201972008
173.53,95115.60326951437
173.54,95115.70840547374
173.55,95121.28050772687
173.56,95118.01682633467
173.57,95118.76929626321
173.58,95120.9192684775
173.59,95118.85434821351
173.6,95120.65359688837
173.61,95123.38471870516
173.62,95122.73687184155
173.63,95124.80700558343
173.64000000000001,95124.43309443907
173.65,95124.78687883884
173.66,95125.25217195244
173.67000000000002,95127.34083691193
173.68,95127.40182403573
173.69,95127.70011409812
173.70000000000002,95128.83490807883
173.71,95130.06421586251
173.72,95129.18520045538
173.73,95131.82635701107
173.74,95131.00073247502
173.75,95130.95591978109
173.76,95133.27887931677
173.77,95132.26277592998
173.78,95135.59551019064
173.79,95134.40872286384
173.8,95134.96172785232
173.81,95135.86977232277
173.82,95136.31209248326
173.83,95136.00430375923
173.84,95136.58162898482
173.85,95137.52288362832
173.86,95138.16746406845
173.87,95138.97279111098
173.88,95138.95423928139
173.89000000000001,95140.79682285573
173.9,95142.40858789565
173.91,95142.7551757396
173.92000000000002,95142.09625546433
173.93,95142.53872065611
173.94,95144.68224862785
173.95000000000002,95142.79063697222
173.96,95145.96026721984
173.97,95144.51663705752
173.98,95146.38930396974
173.99,95147.83879551332
174.0,95147.89663134469
174.01,95147.56121404145
174.02,95147.7939291587
174.03,95150.71426495933
174.04,95150.10625411298
174.05,95151.62007348762
174.06,95152.6115973502
174.07,95153.360830987
174.08,95153.08407956925
174.09,95154.2159311979
174.1,95155.19893694199
174.11,95153.6742301516
174.12,95154.41993992192
174.13,95157.3127960556
174.14000000000001,95157.46260270322
174.15,95155.9088983337
174.16,95156.34648977267
174.17000000000002,95160.73520498618
174.18,95158.48859115678
174.19,95161.13902598097
174.20000000000002,95159.93699231456
174.21,95161.14455920193
174.22,95161.55299107882
174.23,95163.6859232345
174.24,95163.6413351694
174.25,95162.88923594258
174.26,95165.1715470698
174.27,95164.65090644646
174.28,95165.80074222386
174.29,95166.94629469872
174.3,95167.3232379729
174.31,95166.64516836079
174.32,95168.08608957703
174.33,95170.35389044201
174.34,95170.7413548968
174.35,95169.44383275311
174.36,95169.2723936387
174.37,95171.82525252145
174.38,95172.6484251439
174.39000000000001,95173.3943090407
174.4,95173.47929402044
174.41,95173.19211313124
174.42000000000002,95176.64022473502
174.43,95175.44732118284
174.44,95175.6059692276
174.45000000000002,95176.29125915199
174.46,95177.05778592477
174.47,95178.62610119832
174.48,95177.65268110942
174.49,95179.24110398583
174.5,95179.4854013716
174.51,95181.00170125395
174.52,95181.08833563139
174.53,95180.23326184606
174.54,95182.76842333264
174.55,95182.64029462074
174.56,95182.8573992848
174.57,95183.93591091527
174.58,95185.63414789275
174.59,95187.0909182801
174.6,95186.87803034713
174.61,95186.43208439848
174.62,95189.06811706828
174.63,95187.50570123138
174.64000000000001,95188.7007825733
174.65,95190.06399445087
174.66,95189.91763911553
174.67000000000002,95190.5435935019
174.68,95192.67280019927
174.69,95191.82032288062
174.70000000000002,95192.9638856073
174.71,95192.42865552554
174.72,95193.45814980354
174.73,95195.77406344721
174.74,95194.61930960887
174.75,95196.65515511956
174.76,95197.41354650275
174.77,95197.96167361489
174.78,95199.06355569273
174.79,95199.5387152834
174.8,95199.44826637938
174.81,95199.84322637587
174.82,95199.16705916806
174.83,95202.34528773927
174.84,95202.59562943704
174.85,95201.78610190122
174.86,95204.86601653806
174.87,95203.96951705478
174.88,95204.12889220557
174.89000000000001,95205.52934963992
174.9,95204.89937992595
174.91,95205.11010206447
174.92000000000002,95207.22757403976
174.93,95208.13118300587
174.94,95208.83709750774
174.95000000000002,95208.50411515076
174.96,95208.95367844953
174.97,95209.69068536696
174.98,95212.34456012204
174.99,95211.58534112545
175.0,95212.22928420882
175.01,95212.48374312115
175.02,95213.13932228193
175.03,95213.94289614924
175.04,95214.6875487973
175.05,95215.47931754575
175.06,95215.75588644882
175.07,95216.97625762805
175.08,95216.80901064281
175.09,95220.17227883276
175.1,95219.5264818311
175.11,95218.62393472948
175.12,95220.83157180308
175.13,95219.1371330566
175.14000000000001,95221.72292218363
175.15,95220.52213377696
175.16,95222.58483863363
175.17000000000002,95222.49909872487
175.18,95224.38703277784
175.19,95224.39297400188
175.20000000000002,95224.30748060274
175.21,95226.85871384578
175.22,95224.6527255731
175.23,95226.36088138277
175.24,95225.7370332897
175.25,95228.74166020738
175.26,95229.41784113826
175.27,95229.52194093526
175.28,95231.15519955324
175.29,95230.16163023197
175.3,95231.0005248862
175.31,95232.9355069637
175.32,95233.04756934877
175.33,95234.63492462029
175.34,95235.62825559094
175.35,95235.16813260192
175.36,95234.85252248344
175.37,95237.30641295467
175.38,95239.8508760792
175.39000000000001,95236.40066526431
175.4,95238.51486941401
175.41,95238.71384684778
175.42000000000002,95239.2370669525
175.43,95239.87597864021
175.44,95241.22593106433
175.45000000000002,95242.86129047035
175.46,95241.74422223345
175.47,95243.32616353937
175.48,95241.30214976896
175.49,95243.527304663
175.5,95244.57685848486
175.51,95245.5483861038
175.52,95246.2239670681
175.53,95247.92489958888
175.54,95245.32772071287
175.55,95246.60271116762
175.56,95247.5611521604
175.57,95249.77586057801
175.58,95248.73784261647
175.59,95248.22143908804
175.6,95249.2953827118
175.61,95250.39365487234
175.62,95252.14442948102
175.63,95252.32281142885
175.64000000000001,95254.36610826894
175.65,95254.56454633265
175.66,95254.8613286979
175.67000000000002,95253.71256573909
175.68,95257.1771638985
175.69,95257.06218839207
175.70000000000002,95257.52372692418
175.71,95257.27349568997
175.72,95259.49890188893
175.73,95261.50434451527
175.74,95260.19760443398
175.75,95260.99091140236
175.76,95260.99516894751
175.77,95262.2845177987
175.78,95264.53255189958
175.79,95263.47401433275
175.8,95263.50135386188
175.81,95265.49919695144
175.82,95264.53486605285
175.83,95267.08976313355
175.84,95266.22511226358
175.85,95267.13918820032
175.86,95268.34361351025
175.87,95268.47262475328
175.88,95269.86789841346
175.89000000000001,95271.8239300739
175.9,95270.86678108867
175.91,95271.70456569272
175.92000000000002,95272.43257602541
175.93,95271.98512809997
175.94,95273.27981369951
175.95000000000002,95273.6686284392
175.96,95271.88873246072
175.97,95273.30297334402
175.98,95273.98610004756
175.99,95276.49442607461
176.0,95277.69988264504
176.01,95277.7599751121
176.02,95278.30958694284
176.03,95280.20120624681
176.04,95280.51974174053
176.05,95281.18159227527
176.06,95280.67715727787
176.07,95281.94727253006
176.08,95282.03451030033
176.09,95281.8245793389
176.1,95284.74697283474
176.11,95284.24749708323
176.12,95284.43026211017
176.13,95284.54418537082
176.14000000000001,95287.95434927933
176.15,95285.22442113135
176.16,95287.1704423446
176.17000000000002,95287.58963460225
176.18,95287.59677561892
176.19,95289.3776908344
176.20000000000002,95289.26641819796
176.21,95290.28169039797
176.22,95291.90119635199
176.23,95292.31278566062
176.24,95291.93203357806
176.25,95293.08237878882
176.26,95292.79615241228
176.27,95293.74132625206
176.28,95294.42684781893
176.29,95296.88544837489
176.3,95294.94948522896
176.31,95297.4899689225
176.32,95298.2123981725
176.33,95300.18574313656
176.34,95298.73916002922
176.35,95298.11459478636
176.36,95299.38723040896
176.37,95299.93117531837
176.38,95302.8297186384
176.39000000000001,95301.45831880184
176.4,95303.08294317663
176.41,95302.5303768545
176.42000000000002,95306.24152413245
176.43,95303.9326430584
176.44,95306.58165655188
176.45000000000002,95306.36271698591
176.46,95307.14957997907
176.47,95306.75717827774
176.48,95306.49429368955
176.49,95309.46644934326
176.5,95310.59376529424
176.51,95310.75809493178
176.52,95310.09550478388
176.53,95312.58584561535
176.54,95311.96154105966
176.55,95312.79228043175
176.56,95313.24818358955
176.57,95314.89615563513
176.58,95317.24628480333
176.59,95316.53337080889
176.6,95316.67699950864
176.61,95315.89304505847
176.62,95315.94632920115
176.63,95317.00040146786
176.64000000000001,95318.90879320697
176.65,95318.32096322009
176.66,95321.60109849935
176.67000000000002,95321.32293998278
176.68,95320.26951281483
176.69,95321.50206775988
176.70000000000002,95321.46872997902
176.71,95322.5809658251
176.72,95324.29423860043
176.73,95323.95256233463
176.74,95326.34448099861
176.75,95325.06670217031
176.76,95326.94700344949
176.77,95326.68850921177
176.78,95326.29570038893
176.79,95329.7136946305
176.8,95327.90853880988
176.81,95330.34098888666
176.82,95328.95014974984
176.83,95331.80627407273
176.84,95330.66237138625
176.85,95331.89702758033
176.86,95331.83421958132
176.87,95334.28717044175
176.88,95335.00446397958
176.89000000000001,95333.65229620444
176.9,95336.310706634
176.91,95335.78143119627
176.92000000000002,95336.81604569995
176.93,95336.67261124124
176.94,95337.22782472336
176.95000000000002,95340.81414822479
176.96,95339.24226488749
176.97,95337.75125717139
176.98,95340.61889997504
176.99,95341.50696935024
177.0,95339.75814704414
177.01,95341.73299593508
177.02,95341.57582374231
177.03,95344.65122663949
177.04,95345.17411460912
177.05,95344.24206980194
177.06,95345.812392599
177.07,95347.82099406882
177.08,95348.9934371556
177.09,95348.65749336503
177.1,95347.98755937262
177.11,95348.0379323874
177.12,95349.45661191102
177.13,95351.18009967549
177.14000000000001,95349.37107232376
177.15,95350.59929917047
177.16,95351.5574033434
177.17000000000002,95352.46962182192
177.18,95354.108733124
177.19,95353.64482258058
177.20000000000002,95354.17791765866
177.21,95355.44186918826
177.22,95355.9211377697
177.23,95354.94765421089
177.24,95357.86703810934
177.25,95357.46696593308
177.26,95359.50836756571
177.27,95360.06068207981
177.28,95357.63069440369
177.29,95361.20712098159
177.3,95362.28888258703
177.31,95362.3182706383
177.32,95361.54462427653
177.33,95362.14751872575
177.34,95363.1790897569
177.35,95364.78359605417
177.36,95363.97006068297
177.37,95366.81465989126
177.38,95366.90633354237
177.39000000000001,95368.32092880795
177.4,95368.10128583515
177.41,95368.57765584436
177.42000000000002,95367.76934633401
177.43,95369.29567429157
177.44,95369.52217448528
177.45000000000002,95369.17849764663
177.46,95370.38978791595
177.47,95372.8812817121
177.48,95370.46376066584
177.49,95373.19665702108
177.5,95371.02852565901
177.51,95375.55504680835
177.52,95375.37171453227
177.53,95375.0150743651
177.54,95378.35609739114
177.55,95378.06590157856
177.56,95378.60685368975
177.57,95379.66446476747
177.58,95376.80159763861
177.59,95379.4399586994
177.6,95381.62136928139
177.61,95382.46392771315
177.62,95381.4377617059
177.63,95382.08257648954
177.64000000000001,95384.08683026014
177.65,95383.09929783519
177.66,95383.26002666351
177.67000000000002,95383.34744498473
177.68,95386.45763345432
177.69,95386.14565424032
177.70000000000002,95387.08776765947
177.71,95388.92717077052
177.72,95388.68422029332
177.73,95388.30797800006
177.74,95389.16835105522
177.75,95390.62905936893
177.76,95391.47271726005
177.77,95392.41784956226
177.78,95391.30568129626
177.79,95391.45134216257
177.8,95394.63137967812
177.81,95393.58617928118
177.82,95395.75216710145
177.83,95393.95695667327
177.84,95397.55858841336
177.85,95394.81889393694
177.86,95397.88548881757
177.87,95396.0828790222
177.88,95398.50350450535
177.89000000000001,95399.09711672593
177.9,95401.14648204886
177.91,95399.23425338161
177.92000000000002,95401.43998279746
177.93,95401.45705242855
177.94,95402.97851811306
177.95000000000002,95401.92708078767
177.96,95404.46611760762
177.97,95405.07476530258
177.98,95403.99348467457
177.99,95404.2215485355
178.0,95406.24783019163
178.01,95406.97964804062
178.02,95406.55714097101
178.03,95407.6184341628
178.04,95407.11911034746
178.05,95409.02248345537
178.06,95410.16071700625
178.07,95412.36460383584
178.08,95412.74547849914
178.09,95410.74764994455
178.1,95413.33048134376
178.11,95412.60055215581
178.12,95413.39083125719
178.13,95415.64751025451
178.14000000000001,95415.86282614287
178.15,95415.78893430675
178.16,95415.66915714045
178.17000000000002,95416.66975223807
178.18,95416.47539186999
178.19,95418.13552367818
178.20000000000002,95416.51583189113
178.21,95419.2162795872
178.22,95421.08024292058
178.23,95420.84045235367
178.24,95421.74456289776
178.25,95422.0504768155
178.26,95422.45037910515
178.27,95424.41228451453
178.28,95424.12529257801
178.29,95425.30776250428
178.3,95426.41423701476
178.31,95427.1621533916
178.32,95426.44425929253
178.33,95427.38734868033
178.34,95427.59738648447
178.35,95427.66624970245
178.36,95429.56094026206
178.37,95432.11490873291
178.38,95430.62847942222
178.39000000000001,95431.15574744483
178.4,95430.11045475081
178.41,95433.20546171536
178.42000000000002,95433.8278532804
178.43,95434.92232146344
178.44,95434.43956878153
178.45000000000002,95435.6094691091
178.46,95436.15137801625
178.47,95436.32410939292
178.48,95438.2702002875
178.49,95439.59695393722
178.5,95440.13672574991
178.51,95439.23796883074
178.52,95438.7907526185
178.53,95439.03512307827
178.54,95440.82621113445
178.55,95443.80335063038
178.56,95443.42067736546
178.57,95440.99105620268
178.58,95442.3848872859
178.59,95444.64191374842
178.6,95443.95030418923
178.61,95445.17187891707
178.62,95447.08634773042
178.63,95445.66999050516
178.64000000000001,95447.25112473266
178.65,95447.58014160581
178.66,95450.09265568342
178.67000000000002,95447.77635245191
178.68,95450.66710481636
178.69,95451.89993090763
178.70000000000002,95453.23235036782
178.71,95452.01165180706
178.72,95452.93975018348
178.73,95454.87126043897
178.74,95455.15940691995
178.75,95454.57911539784
178.76,95454.47974379166
178.77,95456.24234396219
178.78,95456.7665841256
178.79,95457.199115064
178.8,95456.93898626158
178.81,95457.31106158449
178.82,95459.32453632618
178.83,95460.19862480623
178.84,95461.77852003487
178.85,95461.43266173369
178.86,95461.84825937505
178.87,95462.2575950183
178.88,95463.75242048207
178.89000000000001,95463.98542541829
178.9,95465.13168748005
178.91,95465.3052524515
178.92000000000002,95463.73498339418
178.93,95465.05079233924
178.94,95468.23921911673
178.95000000000002,95465.70057508467
178.96,95469.04115366441
178.97,95469.25694792706
178.98,95471.30734841309
178.99,95469.12956883309
179.0,95470.49838557678
179.01,95473.21386182935
179.02,95472.42520932107
179.03,95473.95681663041
179.04,95473.18645473791
179.05,95473.51020553976
179.06,95474.87098258524
179.07,95474.08574628603
179.08,95473.85262569036
179.09,95474.38633668724
179.1,95477.568385808
179.11,95478.39053737528
179.12,95478.89278521927
179.13,95478.64788508808
179.14000000000001,95481.64745529482
179.15,95480.8470464223
179.16,95480.24575156663
179.17000000000002,95483.00143033991
179.18,95483.3570309661
179.19,95483.5649317625
179.20000000000002,95484.95319694429
179.21,95485.39356124432
179.22,95486.03984386096
179.23,95483.24384272002
179.24,95486.46169004959
179.25,95487.90358200284
179.26,95488.0246298308
179.27,95488.60552378176
179.28,95487.39697932596
179.29,95488.92893513259
179.3,95490.18036915596
179.31,95491.47581535141
179.32,95489.4927279647
179.33,95493.53377356406
179.34,95494.43094054834
179.35,95493.44409322154
179.36,95493.14016530677
179.37,95494.57341917901
179.38,95496.51322461643
179.39000000000001,95495.3020797596
179.4,95494.71451251394
179.41,95497.49288081964
179.42000000000002,95497.45218481631
179.43,95497.58095653959
179.44,95499.15158319466
179.45000000000002,95499.17704100849
179.46,95501.64995046341
179.47,95502.0504861485
179.48,95502.49533641244
179.49,95502.54867798672
179.5,95502.77510778372
179.51,95502.97485174482
179.52,95504.25584832147
179.53,95505.27189988724
179.54,95504.54793084683
179.55,95506.55975636958
179.56,95507.12534612669
179.57,95509.56624374547
179.58,95507.5566609306
179.59,95508.25676458432
179.6,95509.74463123032
179.61,95509.54074515922
179.62,95510.82964901892
179.63,95511.21540541571
179.64000000000001,95511.89390544768
179.65,95512.71845153476
179.66,95514.03513838157
179.67000000000002,95514.05165390878
179.68,95514.59148157168
179.69,95516.98360864988
179.70000000000002,95517.83146575399
179.71,95517.72707990557
179.72,95518.65819630766
179.73,95516.95585978885
179.74,95519.15571740204
179.75,95519.26528192795
179.76,95519.25600413869
179.77,95521.45553354896
179.78,95521.84266906651
179.79,95523.58508877266
179.8,95521.79725554954
179.81,95525.48190140672
179.82,95524.88549523518
179.83,95524.616235754
179.84,95523.01332906922
179.85,95525.69947396898
179.86,95525.45128452769
179.87,95527.46840514551
179.88,95527.4285791224
179.89000000000001,95527.69683912014
179.9,95530.21279682378
179.91,95529.26436517228
179.92000000000002,95531.48689819333
179.93,95530.98966402608
179.94,95531.97788527305
179.95000000000002,95534.52482651544
179.96,95532.06590780153
179.97,95533.09559465834
179.98,95534.89962504093
179.99,95535.4612228994
180.0,95535.65215566178
180.01,95536.51218731316
180.02,95535.66951168637
180.03,95538.43789768642
180.04,95539.77216024738
180.05,95539.1062468512
180.06,95539.55832584042
180.07,95539.50109130198
180.08,95541.41220930764
180.09,95542.16419465782
180.1,95540.82036137904
180.11,95544.38585636251
180.12,95542.56937671555
180.13,95544.67993266568
180.14000000000001,95543.12171720083
180.15,95545.67254333397
180.16,95546.88254235528
180.17000000000002,95546.76404410407
180.18,95545.66458605285
180.19,95548.44026441983
180.20000000000002,95547.68011483664
180.21,95550.31640412561
180.22,95549.53419593492
180.23,95550.66846077231
180.24,95550.83635577791
180.25,95552.8793084944
180.26,95553.10772869865
180.27,95552.41864224653
180.28,95553.03121875256
180.29,95553.63356440944
180.3,95555.00060478607
180.31,95555.23025501813
180.32,95555.84456953284
180.33,95555.21020501887
180.34,95558.23517123814
180.35,95558.82227909956
180.36,95559.59064886066
180.37,95559.52462931121
180.38,95561.56168817378
180.39000000000001,95564.05215151909
180.4,95562.38939260396
180.41,95562.43976265768
180.42000000000002,95563.12115168001
180.43,95563.96833506222
180.44,95564.69338917392
180.45000000000002,95563.6315493193
180.46,95564.83680583563
180.47,95567.64208661906
180.48,95566.64665290838
180.49,95566.3095747472
180.5,95567.81553036776
180.51,95568.92821344674
180.52,95568.60017044838
180.53,95568.88163904421
180.54,95570.81562407193
180.55,95570.9543234649
180.56,95573.46311034448
180.57,95573.87368445598
180.58,95572.38208194418
180.59,95576.09714359166
180.6,95576.28486899844
180.61,95576.9279649821
180.62,95575.62576520708
180.63,95577.34355494742
180.64000000000001,95575.15990541542
180.65,95577.50740628605
180.66,95578.05360431937
180.67000000000002,95580.00812315903
180.68,95581.09332501206
180.69,95579.33617153624
180.70000000000002,95581.94053610075
180.71,95580.22060366855
180.72,95582.68681859545
180.73,95581.88244084337
180.74,95582.3420798444
180.75,95583.94172213243
180.76,95584.98133145206
180.77,95585.33339957398
180.78,95585.84980070627
180.79,95587.65274216169
180.8,95588.64693543616
180.81,95590.00366447298
180.82,95588.66428288289
180.83,95589.26937701026
180.84,95591.04737676003
180.85,95592.15374050013
180.86,95590.94094628005
180.87,95590.62358469632
180.88,95593.04781804842
180.89000000000001,95594.37212113848
180.9,95595.39719996309
180.91,95594.47740331062
180.92000000000002,95595.51870822937
180.93,95597.10235458953
180.94,95595.81068598371
180.95000000000002,95597.4830590994
180.96,95597.75591497634
180.97,95597.98719310993
180.98,95599.10176911105
180.99,95600.38302445773
181.0,95601.88247165045
181.01,95601.926628069
181.02,95602.29594093509
181.03,95602.76862171647
181.04,95603.10502480456
181.05,95605.03533495156
181.06,95605.14000788776
181.07,95604.64205443466
181.08,95604.97577253252
181.09,95607.1827449066
181.1,95607.51126251514
181.11,95609.05522986878
181.12,95609.46568816138
181.13,95609.57679594099
181.14000000000001,95608.95994320892
181.15,95610.11037391554
181.16,95610.31211288727
181.17000000000002,95612.93372159683
181.18,95613.10227124328
181.19,95611.5997474412
181.20000000000002,95613.09640390611
181.21,95614.24053866546
181.22,95613.40937201933
181.23,95614.9753733476
181.24,95617.17913967176
181.25,95615.55639911827
181.26,95617.04927853856
181.27,95617.28987527329
181.28,95617.03070216163
181.29,95618.09203547015
181.3,95620.21267600234
181.31,95620.25798914803
181.32,95622.17954177057
181.33,95621.86295230847
181.34,95621.03721383566
181.35,95622.80807023277
181.36,95624.01407957778
181.37,95624.88234801835
181.38,95624.86184035847
181.39000000000001,95624.27084135139
181.4,95626.79906860516
181.41,95627.34905758596
181.42000000000002,95626.86473075741
181.43,95628.38647961637
181.44,95628.1199167837
181.45000000000002,95630.66872439321
181.46,95629.48025284542
181.47,95628.96276689213
181.48,95629.11570149432
181.49,95631.86859573303
181.5,95632.4664579189
181.51,95634.6967756204
181.52,95634.91302094069
181.53,95635.19685297174
181.54,95635.57441195205
181.55,95636.917993903
181.56,95635.83818180287
181.57,95636.93386899751
181.58,95637.56639412086
181.59,95640.78663170098
181.6,95639.43810170777
181.61,95639.97000437934
181.62,95640.09963483395
181.63,95640.04856210483
181.64000000000001,95641.52373055238
181.65,95642.60283669339
181.66,95642.89724917304
181.67000000000002,95643.14244052603
181.68,95644.48636862564
181.69,95644.51436716523
181.70000000000002,95646.47740992947
181.71,95646.7353322332
181.72,95647.29677844336
181.73,95646.7448758152
181.74,95647.22165531595
181.75,95647.04993768048
181.76,95650.19939285159
181.77,95650.50820197242
181.78,95648.66886454438
181.79,95652.15987340019
181.8,95652.31542807876
181.81,95652.06443384403
181.82,95654.48708294152
181.83,95654.58023967178
181.84,95652.40336065872
181.85,95655.94557415877
181.86,95656.01532848818
181.87,95655.80759636173
181.88,95657.96125980408
181.89000000000001,95659.11577527763
181.9,95657.55257879388
181.91,95658.47312020234
181.92000000000002,95660.23118737074
181.93,95659.76460138039
181.94,95660.29781537596
181.95000000000002,95662.58514181478
181.96,95662.4861532207
181.97,95663.57195475935
181.98,95662.08000141002
181.99,95664.27558139845
182.0,95665.04371746542
182.01,95665.61296881955
182.02,95667.94891527138
182.03,95667.74456253283
182.04,95666.95631779377
182.05,95668.45066668901
182.06,95668.93737051313
182.07,95668.91352215104
182.08,95668.52593000949
182.09,95672.10462643698
182.1,95669.72221575021
182.11,95672.6186437909
182.12,95672.77815660548
182.13,95673.94578256244
182.14000000000001,95674.39248684146
182.15,95673.96328129253
182.16,95674.69181053658
182.17000000000002,95675.86849459824
182.18,95674.9766234564
182.19,95675.98576311108
182.20000000000002,95679.62691110859
182.21,95679.32238537482
182.22,95678.1930166951
182.23,95681.37435491633
182.24,95680.95219386855
182.25,95681.82203120786
182.26,95682.14207666203
182.27,95681.40458279621
182.28,95683.77032026689
182.29,95684.7291334256
182.3,95684.37366996186
182.31,95682.76538799971
182.32,95686.77583832773
182.33,95684.82985809493
182.34,95689.0899200967
182.35,95687.48732330094
182.36,95688.97487274546
182.37,95691.66904308579
182.38,95689.56498316764
182.39000000000001,95690.11197997657
182.4,95690.81483961895
182.41,95690.53012819694
182.42000000000002,95692.6019741623
182.43,95691.15860241686
182.44,95693.86590181284
182.45000000000002,95695.07942832205
182.46,95694.20783228347
182.47,95694.09420091588
182.48,95694.8395252713
182.49,95697.50143525426
182.5,95695.85792799437
182.51,95699.71873898551
182.52,95698.21051200981
182.53,95698.76785584433
182.54,95700.85073819732
182.55,95701.39341401514
182.56,95701.53099746272
182.57,95702.58802122208
182.58,95702.62662348802
182.59,95703.11769581407
182.6,95705.70680129057
182.61,95703.23485855627
182.62,95704.19483866917
182.63,95706.64451895723
182.64000000000001,95706.25319773854
182.65,95705.96416494926
182.66,95707.48002372964
182.67000000000002,95708.86694478552
182.68,95710.76727510833
182.69,95709.30271263163
182.70000000000002,95711.344750148
182.71,95711.30720849242
182.72,95710.995192482
182.73,95711.85197292913
182.74,95713.7471682324
182.75,95713.74416882459
182.76,95715.66494715697
182.77,95714.35242369135
182.78,95716.74390264056
182.79,95715.0059710828
182.8,95716.33866123747
182.81,95719.45432243434
182.82,95718.29193031686
182.83,95717.64014032627
182.84,95718.02148617363
182.85,95721.25050483982
182.86,95722.09958359419
182.87,95721.68532530603
182.88,95722.21024006735
182.89000000000001,95724.30010247855
182.9,95724.57763179418
182.91,95724.18260161289
182.92000000000002,95723.96790671287
182.93,95725.09752461298
182.94,95723.3739570455
182.95000000000002,95726.1980629704
182.96,95726.94341353513
182.97,95726.25526246382
182.98,95726.85980410659
182.99,95728.19126506819
183.0,95729.91894709255
183.01,95731.83520748536
183.02,95731.45259220252
183.03,95732.19796958286
183.04,95732.04761665156
183.05,95733.98098091612
183.06,95733.98123472983
183.07,95732.51141148769
183.08,95733.00092624407
183.09,95737.07766679893
183.1,95738.08034119921
183.11,95735.80744209173
183.12,95739.05609168822
183.13,95739.07489634865
183.14000000000001,95738.51535297539
183.15,95739.05576081655
183.16,95740.13501570404
183.17000000000002,95741.22745339377
183.18,95741.32374314152
183.19,95743.61232122389
183.20000000000002,95743.63211246677
183.21,95742.40885031586
183.22,95744.66398339423
183.23,95744.05362061274
183.24,95745.1554895301
183.25,95746.00488657766
183.26,95746.42065592497
183.27,95747.86316301356
183.28,95748.72621328656
183.29,95748.66169533692
183.3,95749.71347378925
183.31,95749.511170907
183.32,95749.77804198563
183.33,95750.69973692097
183.34,95753.32496291962
183.35,95751.86417129109
183.36,95754.35064577061
183.37,95754.37247800537
183.38,95754.36254108402
183.39000000000001,95754.4339073707
183.4,95756.17944431145
183.41,95756.71263259556
183.42000000000002,95757.10915098504
183.43,95757.4739681254
183.44,95759.09470848484
183.45000000000002,95758.873430648
183.46,95759.92437869486
183.47,95758.66409533801
183.48,95760.36527468737
183.49,95759.73699502934
183.5,95761.73301123783
183.51,95760.66481727727
183.52,95763.72373107087
183.53,95762.82040443431
183.54,95764.57119443531
183.55,95766.52777486625
183.56,95766.00239609562
183.57,95767.21980296182
183.58,95767.56706568497
183.59,95768.7910144892
183.6,95768.9863036256
183.61,95766.294574209
183.62,95769.30240358661
183.63,95770.44799836965
183.64000000000001,95771.45284772843
183.65,95772.63927181793
183.66,95773.72710630955
183.67000000000002,95774.1082586326
183.68,95772.89220826922
183.69,95776.22860450057
183.70000000000002,95775.58283779849
183.71,95776.74296153447
183.72,95776.45647784302
183.73,95775.26229528089
183.74,95778.03405816738
183.75,95778.76423917143
183.76,95779.46890853118
183.77,95777.81299946079
183.78,95780.81429334512
183.79,95780.60214758784
183.8,95780.31905523578
183.81,95780.81439858701
183.82,95781.81676425417
183.83,95783.65825694131
183.84,95784.54581778463
183.85,95784.64055079673
183.86,95783.4183057858
183.87,95786.64519626033
183.88,95787.79031816288
183.89000000000001,95787.80698218948
183.9,95788.02582372996
183.91,95788.24232666602
183.92000000000002,95789.96716978063
183.93,95789.92310180838
183.94,95790.2582132378
183.95000000000002,95792.40208516196
183.96,95792.45593479261
183.97,95791.59985360812
183.98,95794.12011690784
183.99,95793.7930370629
184.0,95794.45884980245
184.01,95794.46719167089
184.02,95794.6780254578
184.03,95795.76463031168
184.04,95798.00343617008
184.05,95798.77142222387
184.06,95798.35977073327
184.07,95798.74515838477
184.08,95801.61833385703
184.09,95799.28901182517
184.1,95801.20480468484
184.11,95801.26876566229
184.12,95801.80227574501
184.13,95801.1783389652
184.14000000000001,95804.83769320697
184.15,95803.71081920515
184.16,95805.4095457364
184.17000000000002,95805.65073714398
184.18,95805.60543764745
184.19,95808.02633548673
184.20000000000002,95807.33364805365
184.21,95809.78717341073
184.22,95809.32044217651
184.23,95807.72575614354
184.24,95808.6625356623
184.25,95812.12405860175
184.26,95811.49128009831
184.27,95813.04454180493
184.28,95813.63814234406
184.29,95813.81196780253
184.3,95814.43886549577
184.31,95813.44125894741
184.32,95815.09271983377
184.33,95815.24328129517
184.34,95817.33440321738
184.35,95816.6360253572
184.36,95816.2103815815
184.37,95818.87847094644
184.38,95818.14932103506
184.39000000000001,95819.24572566533
184.4,95819.0038744633
184.41,95821.94904048915
184.42000000000002,95820.78800250325
184.43,95822.65087485747
184.44,95822.64541366647
184.45000000000002,95823.58541956903
184.46,95824.33657335625
184.47,95823.38458827323
184.48,95825.28674928435
184.49,95825.78971579159
184.5,95827.99911653156
184.51,95827.71206582047
184.52,95828.569481546
184.53,95828.54582925362
184.54,95830.76116170174
184.55,95830.78975742677
184.56,95832.77749972485
184.57,95832.01457269733
184.58,95831.87301815083
184.59,95832.30131895874
184.6,95833.5326286142
184.61,95834.74975280867
184.62,95835.79219099504
184.63,95836.10095694552
184.64000000000001,95836.5681944889
184.65,95837.10990410982
184.66,95836.88933899917
184.67000000000002,95837.1511811697
184.68,95838.84121220406
184.69,95841.09248477002
184.70000000000002,95841.04182421026
184.71,95840.98632736031
184.72,95840.63074152474
184.73,95841.82842033565
184.74,95842.10326769741
184.75,95842.11161555524
184.76,95844.24480344291
184.77,95843.02369933137
184.78,95845.8132595633
184.79,95846.29835763214
184.8,95845.18073654393
184.81,95848.43915621746
184.82,95847.82670387092
184.83,95848.80785302691
184.84,95849.25813346577
184.85,95850.03620052975
184.86,95851.5512090489
184.87,95850.82127944958
184.88,95852.492292603
184.89000000000001,95852.23214336368
184.9,95852.16491390941
184.91,95855.35685853862
184.92000000000002,95853.13666269169
184.93,95855.95446753353
184.94,95856.96243994331
184.95000000000002,95856.82300636804
184.96,95855.70546021678
184.97,95856.61534214269
184.98,95857.82028690113
184.99,95857.91561357562
185.0,95857.71508474178
185.01,95860.45903708783
185.02,95862.48917281334
185.03,95862.98878544391
185.04,95863.15867678434
185.05,95860.58668505751
185.06,95864.55810040014
185.07,95864.55079173388
185.08,95865.9886770338
185.09,95866.21134457392
185.1,95865.80126094402
185.11,95867.89255686585
185.12,95867.42017803049
185.13,95868.0927130381
185.14000000000001,95868.0058440941
185.15,95869.34832793435
185.16,95868.22975595447
185.17000000000002,95869.66888194685
185.18,95872.46425535361
185.19,95872.19969213457
185.20000000000002,95871.59718969344
185.21,95874.45520515092
185.22,95874.90390137957
185.23,95873.65069096797
185.24,95876.57194966247
185.25,95875.95689601733
185.26,95877.01244568732
185.27,95876.80740867424
185.28,95876.61248954922
185.29,95879.46484834269
185.3,95880.56753698854
185.31,95881.24875333456
185.32,95881.13535195164
185.33,95881.80657919106
185.34,95880.33741636512
185.35,95883.68951827468
185.36,95881.55518463759
185.37,95881.78991528237
185.38,95881.79266845467
185.39000000000001,95885.55306442194
185.4,95886.02660421145
185.41,95885.8824650768
185.42000000000002,95885.79400779963
185.43,95887.91336957928
185.44,95887.2828245592
185.45000000000002,95890.04328223293
185.46,95887.48593699736
185.47,95889.6492734114
185.48,95888.97518112833
185.49,95890.3837042792
185.5,95891.51421104268
185.51,95892.6497343231
185.52,95893.12882685497
185.53,95893.69895129501
185.54,95894.79114699861
185.55,95895.35422461646
185.56,95894.89427855922
185.57,95895.9974533643
185.58,95896.84718044536
185.59,95897.73036695052
185.6,95898.56254569
185.61,95899.0736492176
185.62,95898.12524383739
185.63,95900.09696608048
185.64000000000001,95899.35177301928
185.65,95901.74878791743
185.66,95902.54378456813
185.67000000000002,95903.70688925483
185.68,95902.71799437933
185.69,95905.45452227959
185.70000000000002,95904.54833081894
185.71,95906.16753151157
185.72,95906.57350801131
185.73,95906.80482589781
185.74,95907.75875836305
185.75,95907.9820199935
185.76,95910.45437850518
185.77,95910.72109936972
185.78,95908.96593518436
185.79,95908.85313788157
185.8,95913.03717643507
185.81,95912.92834102853
185.82,95911.48932073193
185.83,95911.34061510213
185.84,95915.76391181911
185.85,95914.67771148242
185.86,95915.10557747536
185.87,95916.82625151491
185.88,95916.01681645357
185.89000000000001,95917.27885986032
185.9,95916.55587096154
185.91,95917.4400070646
185.92000000000002,95919.12902432207
185.93,95920.71768498156
185.94,95920.82461533947
185.95000000000002,95919.46364459246
185.96,95921.46514889417
185.97,95920.2521325068
185.98,95922.99775050714
185.99,95923.6288948915
186.0,95923.30159991716
186.01,95924.41749451644
186.02,95925.60685091015
186.03,95926.8185267146
186.04,95926.65798413337
186.05,95927.48480602821
186.06,95925.43903380822
186.07,95928.9007649258
186.08,95928.8285819411
186.09,95930.44699666757
186.1,95931.44227997898
186.11,95932.1336606778
186.12,95931.27031337666
186.13,95930.62652274975
186.14000000000001,95931.8095221518
186.15,95933.69313609475
186.16,95935.64956786654
186.17000000000002,95935.19631485891
186.18,95935.69044007841
186.19,95936.8322695886
186.20000000000002,95935.94710526279
186.21,95939.57133966338
186.22,95938.42098010318
186.23,95939.90293224408
186.24,95937.82645213215
186.25,95941.27642412271
186.26,95941.13118616388
186.27,95942.0550121359
186.28,95944.30556688363
186.29,95942.77867620118
186.3,95944.88484735561
186.31,95944.60704170969
186.32,95944.16709502516
186.33,95947.00645428582
186.34,95946.78303055918
186.35,95948.07600779342
186.36,95947.64246439142
186.37,95947.98498865694
186.38,95948.67609796768
186.39000000000001,95948.94150641376
186.4,95950.34669753513
186.41,95949.97528786768
186.42000000000002,95952.97002474194
186.43,95953.65264029909
186.44,95953.02766375066
186.45000000000002,95952.01352633048
186.46,95954.24234945043
186.47,95955.0531824106
186.48,95955.11054049346
186.49,95956.35579787515
186.5,95958.19384933184
186.51,95956.81115979407
186.52,95957.09205615113
186.53,95959.32016193568
186.54,95959.46559722723
186.55,95959.53286730222
186.56,95960.93139365701
186.57,95960.4394839879
186.58,95961.56675962512
186.59,95962.35253417077
186.6,95963.26420720441
186.61,95965.07226942347
186.62,95962.48618923727
186.63,95963.9217188705
186.64000000000001,95965.10272198611
186.65,95964.96701136667
186.66,95967.18313340022
186.67000000000002,95968.4202908876
186.68,95966.7414933082
186.69,95968.26462003707
186.70000000000002,95970.37816360538
186.71,95969.47689653655
186.72,95969.63505354988
186.73,95971.23003144283
186.74,95972.86733392609
186.75,95973.81220121836
186.76,95974.57281245095
186.77,95972.87612151007
186.78,95974.65766028843
186.79,95975.27227611135
186.8,95975.95239322055
186.81,95976.22785734196
186.82,95977.95453318997
186.83,95977.3929062553
186.84,95977.32851131978
186.85,95977.106129013
186.86,95978.10335488028
186.87,95981.98340518998
186.88,95980.5604349032
186.89000000000001,95981.01052242938
186.9,95981.78608945306
186.91,95982.60720766876
186.92000000000002,95983.49286818846
186.93,95984.20458632955
186.94,95984.2467795521
186.95000000000002,95985.56845840497
186.96,95987.49192679497
186.97,95988.7068268039
186.98,95987.18352410226
186.99,95989.30041357866
187.0,95987.89261227274
187.01,95991.06986197254
187.02,95989.41229507793
187.03,95990.73074839124
187.04,95991.89953332572
187.05,95991.97903448429
187.06,95992.9439417164
187.07,95993.90261485454
187.08,95992.25555850648
187.09,95994.620122069
187.1,95994.56060999272
187.11,95995.97832171305
187.12,95995.85013625922
187.13,95996.57990114231
187.14000000000001,95997.09654135251
187.15,96001.19812525323
187.16,95999.99716744876
187.17000000000002,95997.99294705698
187.18,96000.54527916925
187.19,96000.63584651066
187.20000000000002,96002.98372811315
187.21,96002.18171269466
187.22,96003.11166451327
187.23,96003.2088626032
187.24,96003.46068764647
187.25,96003.4888048229
187.26,96005.30393503001
187.27,96004.84628678685
187.28,96006.51082067363
187.29,96007.2798585035
187.3,96008.71646851186
187.31,96009.03303534123
187.32,96008.01032024182
187.33,96008.76661715514
187.34,96011.07847789666
187.35,96011.07921907832
187.36,96012.22439782013
187.37,96012.0688065649
187.38,96012.126807608
187.39000000000001,96014.26555955436
187.4,96013.13163356874
187.41,96014.9975229243
187.42000000000002,96017.07103504594
187.43,96017.21559360945
187.44,96015.36856146556
187.45000000000002,96017.35319438542
187.46,96017.0702266043
187.47,96020.03250294142
187.48,96019.10773467587
187.49,96020.98847287736
187.5,96020.50239040442
187.51,96022.06202610937
187.52,96020.60346976345
187.53,96024.27043794331
187.54,96022.94754289316
187.55,96024.25842665821
187.56,96023.90571269319
187.57,96027.35786334291
187.58,96026.4404014995
187.59,96025.57689546708
187.6,96028.05103759724
187.61,96028.14182542745
187.62,96030.28076986108
187.63,96030.39546898802
187.64000000000001,96030.68585305805
187.65,96030.59025671454
187.66,96030.72080131342
187.67000000000002,96030.99844006401
187.68,96032.32283178775
187.69,96030.9878519691
187.70000000000002,96033.88053331515
187.71,96035.35464873814
187.72,96035.14749049216
187.73,96036.53768974013
187.74,96038.34609787626
187.75,96036.95898886281
187.76,96037.97515030764
187.77,96039.83979209526
187.78,96039.10792904122
187.79,96040.68721557042
187.8,96040.54839745564
187.81,96041.72710901247
187.82,96042.45720062079
187.83,96041.17470578778
187.84,96043.86471648226
187.85,96044.52027596279
187.86,96044.64652130354
187.87,96044.772374014
187.88,96046.12555533022
187.89000000000001,96048.77764211269
187.9,96045.9221208943
187.91,96046.25950153114
187.92000000000002,96047.11368883435
187.93,96049.48413527755
187.94,96049.98623015455
187.95000000000002,96051.02981805126
187.96,96050.98063069442
187.97,96049.85344916156
187.98,96051.88001584414
187.99,96054.41872428064
188.0,96055.19773817454
188.01,96055.12208766291
188.02,96055.30315153339
188.03,96056.03888590736
188.04,96055.13205889007
188.05,96056.15937990752
188.06,96058.31466386204
188.07,96057.90370345429
188.08,96059.40946854929
188.09,96059.16747779942
188.1,96060.60562981069
188.11,96061.57464301292
188.12,96062.89001821163
188.13,96061.5318192249
188.14000000000001,96060.63071142284
188.15,96062.56566108667
188.16,96062.20072484377
188.17000000000002,96065.2901013149
188.18,96065.26623939435
188.19,96065.316212518
188.20000000000002,96066.93980198984
188.21,96067.47805486897
188.22,96068.614758908
188.23,96069.5234089081
188.24,96069.20463378946
188.25,96069.1122380657
188.26,96069.56243153669
188.27,96072.5752549862
188.28,96071.6321735122
188.29,96073.75682391816
188.3,96074.9979627059
188.31,96073.27422555731
188.32,96074.21815370466
188.33,96076.42742982582
188.34,96075.72014939185
188.35,96075.85504865335
188.36,96075.83739243298
188.37,96077.32584706026
188.38,96079.63838894147
188.39000000000001,96080.1173095236
188.4,96079.319268742
188.41,96080.17327333553
188.42000000000002,96080.6682512388
188.43,96081.92613483031
188.44,96082.63882530123
188.45000000000002,96082.14544544474
188.46,96082.73395337755
188.47,96084.76172411857
188.48,96082.85287005313
188.49,96081.9244179448
188.5,96085.02966593587
188.51,96085.70098614722
188.52,96087.64523447433
188.53,96087.54045766118
188.54,96089.09694371524
188.55,96087.74750057787
188.56,96089.86395586228
188.57,96091.85972516112
188.58,96091.65350381468
188.59,96093.3491544744
188.6,96092.3834792892
188.61,96092.85704664953
188.62,96091.9682346793
188.63,96093.91610287306
188.64000000000001,96095.70924061401
188.65,96095.0240162314
188.66,96096.2836942052
188.67000000000002,96098.0306179534
188.68,96097.69982165055
188.69,96097.79472193564
188.70000000000002,96098.13514494136
188.71,96099.14797840196
188.72,96101.21824117826
188.73,96099.20050738391
188.74,96101.21329924012
188.75,96101.63757010769
188.76,96102.6274194179
188.77,96104.77246614735
188.78,96105.05996181736
188.79,96105.50727103528
188.8,96106.41459745324
188.81,96106.20908851881
188.82,96107.19875607968
188.83,96107.98529886919
188.84,96109.37697436304
188.85,96109.8198088302
188.86,96109.118863875
188.87,96109.54213912234
188.88,96110.5669637414
188.89000000000001,96110.13364024037
188.9,96111.5240923429
188.91,96113.50635264379
188.92000000000002,96111.78086825184
188.93,96116.4007330657
188.94,96113.89558047843
188.95000000000002,96115.81838498467
188.96,96114.4471589771
188.97,96116.81733215904
188.98,96115.21839575628
188.99,96117.70626080898
189.0,96118.33715983942
189.01,96118.44365349895
189.02,96119.25693077226
189.03,96119.93459328273
189.04,96121.35433791735
189.05,96119.35926925813
189.06,96120.8888455389
189.07,96121.58775918117
189.08,96122.86105567781
189.09,96123.93779535806
189.1,96123.84103131041
189.11,96124.79180667795
189.12,96126.75303693171
189.13,96124.59240614109
189.14000000000001,96127.66794215783
189.15,96127.0328190749
189.16,96129.38483765711
189.17000000000002,96128.44256091378
189.18,96129.76749472546
189.19,96131.33800898677
189.20000000000002,96130.67158711741
189.21,96133.25522118204
189.22,96133.20062929868
189.23,96132.58575242099
189.24,96133.01271568616
189.25,96134.7746875789
189.26,96133.51545638536
189.27,96135.57064163777
189.28,96137.97725746711
189.29,96136.48290261802
189.3,96135.96375960726
189.31,96139.09786746843
189.32,96138.05481104413
189.33,96137.65578463243
189.34,96141.29043745632
189.35,96139.80759205838
189.36,96142.00637566394
189.37,96141.69936294381
189.38,96142.11510988575
189.39000000000001,96142.49528731799
189.4,96143.68072114936
189.41,96145.94533507004
189.42000000000002,96145.79581875211
189.43,96144.98385990845
189.44,96147.85840699107
189.45000000000002,96147.20543616044
189.46,96147.32773999666
189.47,96150.30179553587
189.48,96146.96016699141
189.49,96151.0251020996
189.5,96150.6843955309
189.51,96151.01235682628
189.52,96151.27989045304
189.53,96152.98494327441
189.54,96151.54272849091
189.55,96154.80965183799
189.56,96154.19997877257
189.57,96155.34193717547
189.58,96155.4779442275
189.59,96157.82764484514
189.6,96157.80257355967
189.61,96158.95647851775
189.62,96157.8084916198
189.63,96158.88120286293
189.64000000000001,96159.20051777134
189.65,96160.35671678961
189.66,96160.5389022313
189.67000000000002,96162.49232193112
189.68,96163.24875246738
189.69,96161.99392701456
189.70000000000002,96164.6867954601
189.71,96165.87344154036
189.72,96163.51030518417
189.73,96166.01242389204
189.74,96167.45716874838
189.75,96167.89203658969
189.76,96170.15553934524
189.77,96167.50723991488
189.78,96170.4983998868
189.79,96171.23711564513
189.8,96170.08899563843
189.81,96171.8041333176
189.82,96171.61387348661
189.83,96171.03058242994
189.84,96171.93875557593
189.85,96173.78105413067
189.86,96175.29998845878
189.87,96175.41672022357
189.88,96174.95899223736
189.89000000000001,96177.00351071496
189.9,96177.63047940526
189.91,96176.59670252411
189.92000000000002,96179.34708348234
189.93,96179.08603009515
189.94,96179.13850391598
189.95000000000002,96178.57837116072
189.96,96180.59542717798
189.97,96181.94644113115
189.98,96182.00354172228
189.99,96183.20471654732
190.0,96183.53164630967
190.01,96184.26171635138
190.02,96182.2640826012
190.03,96184.823798357
190.04,96185.3682881407
190.05,96188.46043004343
190.06,96188.07218387126
190.07,96186.0723934328
190.08,96188.60559080711
190.09,96189.99885765898
190.1,96188.88028879341
190.11,96189.7593746618
190.12,96191.34760734724
190.13,96192.99870392022
190.14000000000001,96190.88420913939
190.15,96193.72626448078
190.16,96194.13953067733
190.17000000000002,96194.77163953458
190.18,96193.72196319785
190.19,96195.56433516083
190.20000000000002,96195.88769210645
190.21,96196.84959944138
190.22,96197.8052764869
190.23,96196.04974763174
190.24,96198.48741387286
190.25,96198.97254434242
190.26,96200.46964085431
190.27,96201.67482918977
190.28,96201.52293756034
190.29,96201.46412202399
190.3,96203.23746391981
190.31,96203.72381357827
190.32,96202.97057977905
190.33,96205.16142499127
190.34,96205.3598501674
190.35,96203.82837526209
190.36,96206.94172086343
190.37,96206.15052271582
190.38,96207.41715577368
190.39000000000001,96209.12574862308
190.4,96210.1775173353
190.41,96208.1709295971
190.42000000000002,96211.70733087148
190.43,96210.64667356457
190.44,96211.16287183418
190.45000000000002,96210.78912831326
190.46,96212.73212016516
190.47,96213.4108471904
190.48,96213.51174802014
190.49,96216.79378973591
190.5,96214.16522501645
190.51,96214.89833077678
190.52,96215.73000191347
190.53,96219.18968999767
190.54,96218.72641564607
190.55,96218.97457174055
190.56,96220.31217520601
190.57,96219.905097018
190.58,96221.54730776901
190.59,96220.83698867109
190.6,96222.1532557187
190.61,96223.40479256494
190.62,96221.77691147168
190.63,96224.01027922772
190.64000000000001,96224.72388217956
190.65,96224.3215795951
190.66,96226.8157723839
190.67000000000002,96227.06888591633
190.68,96227.00918700322
190.69,96227.30121660596
190.70000000000002,96227.81454091011
190.71,96228.51898400768
190.72,96229.73497126826
190.73,96228.4988541159
190.74,96232.25960321446
190.75,96231.500807849
190.76,96231.2458368865
190.77,96232.73408188201
190.78,96235.07564485265
190.79,96234.46698811477
190.8,96236.32935380803
190.81,96233.34464403469
190.82,96236.11724457027
190.83,96236.13867390904
190.84,96238.4209629144
190.85,96236.33083430298
190.86,96241.76352195743
190.87,96241.24155618665
190.88,96241.27580292763
190.89000000000001,96240.27285567932
190.9,96240.53203292128
190.91,96241.56037585597
190.92000000000002,96240.70019156045
190.93,96243.82122563137
190.94,96243.71824564568
190.95000000000002,96244.30058717135
190.96,96245.28661491252
190.97,96244.4644397579
190.98,96245.62107454837
190.99,96246.70647186582
191.0,96247.64077705007
191.01,96248.63761815654
191.02,96251.12356356323
191.03,96249.81124156018
191.04,96249.14224245847
191.05,96251.6045574645
191.06,96251.27497062094
191.07,96254.09975817423
191.08,96253.00210938495
191.09,96254.14162720165
191.1,96253.27439411201
191.11,96256.04849120615
191.12,96255.01976001063
191.13,96255.46158451244
191.14000000000001,96257.63880051138
191.15,96256.44798647027
191.16,96257.09494956154
191.17000000000002,96259.93010383697
191.18,96258.55858997915
191.19,96260.83910489238
191.20000000000002,96261.14202473416
191.21,96261.78545043046
191.22,96260.70628471892
191.23000000000002,96263.24489171228
191.24,96263.983016412
191.25,96263.10343395732
191.26,96265.04685660652
191.27,96266.44721875955
191.28,96266.70664413764
191.29,96267.85006301949
191.3,96267.90457058379
191.31,96270.56370444172
191.32,96269.77010375155
191.33,96270.37391111799
191.34,96269.8314900555
191.35,96268.63336754804
191.36,96271.1628852573
191.37,96270.33985425318
191.38,96272.54755019932
191.39000000000001,96273.05264948164
191.4,96273.58851183516
191.41,96272.20535660654
191.42000000000002,96276.19996584833
191.43,96275.92053016259
191.44,96276.94392692775
191.45000000000002,96276.61106587051
191.46,96278.69822265657
191.47,96278.55937729997
191.48000000000002,96280.21370512457
191.49,96278.38652665199
191.5,96279.47994910515
191.51,96279.31324598749
191.52,96280.82748395056
191.53,96282.62569067192
191.54,96283.03007358006
191.55,96284.3362248349
191.56,96283.99196591145
191.57,96284.95458173486
191.58,96284.54385007906
191.59,96285.65243525762
191.6,96286.76275849249
191.61,96288.0032106353
191.62,96288.14322833193
191.63,96289.7955724244
191.64000000000001,96290.04148561729
191.65,96289.98999536906
191.66,96289.97066713478
191.67000000000002,96291.83545769268
191.68,96290.90540045839
191.69,96294.1779533194
191.70000000000002,96292.57349138272
191.71,96293.2187345093
191.72,96291.72318820957
191.73000000000002,96294.40432713793
191.74,96296.15140714322
191.75,96297.00415723986
191.76,96294.78971646399
191.77,96296.13701984496
191.78,96296.74557996265
191.79,96299.5676602706
191.8,96300.50040134224
191.81,96299.58349392863
191.82,96301.87354917228
191.83,96302.75333633856
191.84,96302.45640910177
191.85,96303.31992081387
191.86,96301.81994825568
191.87,96304.16987493112
191.88,96305.01152753978
191.89000000000001,96306.12236541163
191.9,96307.0906761181
191.91,96307.69359744695
191.92000000000002,96308.62064278679
191.93,96308.69930739734
191.94,96306.70836990562
191.95000000000002,96309.42227698631
191.96,96312.00768945759
191.97,96312.76022949281
191.98000000000002,96311.16073342328
191.99,96312.67905882584
192.0,96312.04133741806
192.01,96315.00912762815
192.02,96314.83984456498
192.03,96314.87264872185
192.04,96315.5075013805
192.05,96316.13366408554
192.06,96314.2618811477
192.07,96317.71797619846
192.08,96316.88456403102
192.09,96318.36339051838
192.1,96319.12730715674
192.11,96320.3166024238
192.12,96320.44994700469
192.13,96320.9834349084
192.14000000000001,96321.24088296221
192.15,96321.39209166379
192.16,96322.73278269001
192.17000000000002,96322.17761841927
192.18,96324.57346050127
192.19,96324.58576619593
192.20000000000002,96325.07250947681
192.21,96325.10478134787
192.22,96325.94319999148
192.23000000000002,96328.5172820552
192.24,96326.72579272167
192.25,96328.7099597635
192.26,96329.38567096129
192.27,96330.55058272803
192.28,96329.72590037106
192.29,96331.05956833996
192.3,96331.92549443744
192.31,96332.37973200977
192.32,96333.31459922447
192.33,96334.64024433002
192.34,96337.222378884
192.35,96335.62878471502
192.36,96334.85008463873
192.37,96337.671295929
192.38,96337.20472344723
192.39000000000001,96337.82403985942
192.4,96338.35424483623
192.41,96338.79926835942
192.42000000000002,96338.28534180654
192.43,96341.20307351495
192.44,96340.76357774883
192.45000000000002,96342.71307030336
192.46,96342.85025473798
192.47,96343.21052394538
192.48000000000002,96342.92863048588
192.49,96344.88366289074
192.5,96343.80783372525
192.51,96346.33346089079
192.52,96347.24290294255
192.53,96346.1886822536
192.54,96347.71446589404
192.55,96348.45360122625
192.56,96348.3663917199
192.57,96349.62429243939
192.58,96350.51335080262
192.59,96349.03246884487
192.6,96353.60086665639
192.61,96351.23568451316
192.62,96351.5858266971
192.63,96355.09351599558
192.64000000000001,96353.78839546905
192.65,96354.60092749207
192.66,96354.6944374717
192.67000000000002,96356.53570966593
192.68,96354.73439194824
192.69,96358.22696525994
192.70000000000002,96357.26972639681
192.71,96358.8697152251
192.72,96360.19206973477
192.73000000000002,96358.95586980411
192.74,96362.08316508781
192.75,96360.25826190735
192.76,96361.48562272334
192.77,96363.0141259365
192.78,96362.79051165958
192.79,96363.67391793658
192.8,96364.3792339746
192.81,96367.65637184633
192.82,96366.00313423634
192.83,96365.81713980684
192.84,96367.02984107916
192.85,96367.96113021107
192.86,96367.75605425179
192.87,96369.14021640691
192.88,96369.57994818198
192.89000000000001,96369.8513408214
192.9,96370.13650662173
192.91,96371.44956241953
192.92000000000002,96371.59848361359
192.93,96373.01262935008
192.94,96374.43298155366
192.95000000000002,96372.78562023414
192.96,96374.46312975397
192.97,96375.67598737539
192.98000000000002,96376.36338932886
192.99,96376.90081564712
193.0,96376.38996464669
193.01,96376.9549299745
193.02,96379.45157914281
193.03,96380.4419342285
193.04,96380.7443818047
193.05,96381.8065065868
193.06,96381.205639126
193.07,96382.8602954865
193.08,96380.58440500432
193.09,96382.86435404103
193.1,96384.83885289845
193.11,96385.46846608087
193.12,96384.68974306202
193.13,96385.2169565932
193.14000000000001,96387.70499298781
193.15,96386.70772715005
193.16,96388.39516722044
193.17000000000002,96390.04157043199
193.18,96390.24870549396
193.19,96387.73578280707
193.20000000000002,96390.14239403422
193.21,96388.83524468463
193.22,96390.803914097
193.23000000000002,96393.36283738448
193.24,96393.9563019916
193.25,96392.76421747336
193.26,96392.6914080882
193.27,96395.4474680319
193.28,96394.88901918619
193.29,96395.73211583424
193.3,96395.282436882
193.31,96397.84985717559
193.32,96398.57908335805
193.33,96396.81355051966
193.34,96400.66413950046
193.35,96400.83876011732
193.36,96401.57854595016
193.37,96400.56955215686
193.38,96401.12547707045
193.39000000000001,96402.0304356681
193.4,96404.27831729587
193.41,96404.53263528949
193.42000000000002,96403.23214293043
193.43,96405.35993345799
193.44,96403.46625395631
193.45000000000002,96406.22203170921
193.46,96407.52415685893
193.47,96408.49392233657
193.48000000000002,96407.21583884124
193.49,96408.84242294592
193.5,96409.13280010516
193.51,96409.51996155229
193.52,96412.48953979241
193.53,96413.97640502937
193.54,96411.91072715285
193.55,96412.54296258074
193.56,96411.75596576763
193.57,96413.3917087078
193.58,96415.5061224511
193.59,96416.86649242508
193.6,96415.82914214718
193.61,96417.17151130679
193.62,96419.32385460412
193.63,96417.94738733061
193.64000000000001,96419.32858258883
193.65,96419.1625999298
193.66,96420.63472135448
193.67000000000002,96421.93848363942
193.68,96420.71462822327
193.69,96419.64393676062
193.70000000000002,96423.1404370296
193.71,96423.56416122594
193.72,96423.56583766911
193.73000000000002,96426.06995893666
193.74,96425.88342328138
193.75,96426.65811239347
193.76,96426.5871968966
193.77,96426.82538388555
193.78,96429.0470130269
193.79,96431.05341451523
193.8,96429.39703950747
193.81,96429.85923054315
193.82,96431.12551569857
193.83,96430.50922808518
193.84,96430.96425208235
193.85,96433.50090845609
193.86,96432.06761926613
193.87,96434.32735179755
193.88,96435.56866197112
193.89000000000001,96435.43096223696
193.9,96436.93341658039
193.91,96435.84417628095
193.92000000000002,96437.40775852259
193.93,96438.98610006506
193.94,96437.59914011709
193.95000000000002,96438.6687426253
193.96,96440.31556356807
193.97,96441.28824198496
193.98000000000002,96439.94377772369
193.99,96441.26238196867
194.0,96442.1849254118
194.01,96444.25173430098
194.02,96443.1980764633
194.03,96443.52210636069
194.04,96444.8699015639
194.05,96446.02064698031
194.06,96446.69263067069
194.07,96446.76992145475
194.08,96447.05009508191
194.09,96449.75416873538
194.1,96448.18639586426
194.11,96450.30337964006
194.12,96448.99796966124
