time_s,gnss_x,gnss_y,gnss_z
0.0,33.49861720212538,-99.33759475826066,416.96145377101243
0.1,33.498632953046105,-99.3375882699251,421.602371871206
0.2,33.49864557308508,-99.33762562379316,421.7013308144977
0.3,33.49858213126698,-99.33760986099935,426.62138278915506
0.4,33.49860765912386,-99.33760910859324,426.63299002857144
0.5,33.49865977760537,-99.33760281562083,418.92474177475617
0.6,33.4986710997806,-99.33765368299667,431.5256882861011
0.7000000000000001,33.498606275705185,-99.33759540107813,438.2941219986051
0.8,33.49860937060972,-99.33763991984567,449.075146414347
0.9,33.498644359039886,-99.33761436523571,451.67873530333213
1.0,33.49859710647596,-99.33764094738238,461.3662998673886
1.1,33.49862143073196,-99.3376808455317,474.1089419893184
1.2,33.49861609907221,-99.337609539747,486.91449985961464
1.3,33.498617603735994,-99.3375937701374,498.0098969365605
1.4000000000000001,33.49859163585559,-99.33761141867784,503.6745706527609
1.5,33.49864033758,-99.33764537606075,534.8136388881866
1.6,33.498607614668614,-99.33762660415304,543.3062206497455
1.7,33.49860261951558,-99.33758578427565,562.3623840486297
1.8,33.49865816162493,-99.3376229354519,573.3974982418268
1.9000000000000001,33.49868200164486,-99.33761809552334,597.7787841318784
2.0,33.498585694964355,-99.33766235310841,614.4181579300127
2.1,33.49867095528423,-99.33771140830989,631.2502894787856
2.2,33.498624006247326,-99.33776300804247,663.231776806081
2.3000000000000003,33.49863172562202,-99.33764699065256,683.4948129804546
2.4,33.498659388264585,-99.33770975969341,713.3978277145752
2.5,33.498630655820605,-99.33775436567106,726.1816760540676
2.6,33.49858708108241,-99.33761964959874,760.2372776241058
2.7,33.49864567647309,-99.33778809541666,785.9682323277804
2.8000000000000003,33.49864745855802,-99.33771485649183,800.0056054588443
2.9,33.498699307098725,-99.33777560326574,833.3856607158674
3.0,33.49866553035906,-99.33777386217284,859.7076281722419
3.1,33.49870253532386,-99.3377509592632,887.5370388370308
3.2,33.49863247055452,-99.33774895079516,916.4563617653096
3.3000000000000003,33.498683736386766,-99.33778065927713,949.213572802413
3.4,33.49871311357485,-99.33779605965832,965.7174215609431
3.5,33.49871044686187,-99.33780603175491,995.6381829508267
3.6,33.4986733218888,-99.33776569538963,1024.3061187925493
3.7,33.498680798068634,-99.33775348194965,1061.111154358211
3.8000000000000003,33.4986954905021,-99.33787618566555,1078.6787921136884
3.9,33.49866265751977,-99.33786683264881,1107.7216334379036
4.0,33.49870939096204,-99.33791130364197,1144.4174967845981
4.1,33.49871897569509,-99.33784575482836,1164.9256177794687
4.2,33.49872880800468,-99.33790502861662,1178.3099557275466
4.3,33.498756996353656,-99.33793194625767,1213.7670206937282
4.4,33.49869946141578,-99.33788404227302,1235.8377642218586
4.5,33.49873237519587,-99.33793372282967,1256.7865846268917
4.6000000000000005,33.49871195936558,-99.33794424510506,1299.336782615421
4.7,33.49874820015478,-99.33790684343701,1304.1526440574678
4.8,33.49874609963345,-99.3379030793025,1334.6512901698684
4.9,33.49875941899647,-99.33797462961248,1368.8077825652358
5.0,33.49870470592455,-99.33796294727243,1391.2199108923826
5.1000000000000005,33.49873430378233,-99.33800651127254,1409.9511654278556
5.2,33.498723606965434,-99.33794267165237,1435.6347708484698
5.3,33.49871367515056,-99.33801058847132,1457.2823301416317
5.4,33.49876635699121,-99.33797573875718,1498.9759285604193
5.5,33.49872874620235,-99.33805066403782,1513.4678601243663
5.6000000000000005,33.49873211084236,-99.33798253020169,1537.9588199430966
5.7,33.498735727385544,-99.33797280638572,1555.4127255650046
5.8,33.49879273634576,-99.3380135321969,1576.49248881737
5.9,33.498722430106,-99.3380534959649,1595.2011727355489
6.0,33.49877187918577,-99.33810964946164,1628.2016859739176
6.1000000000000005,33.498794399922346,-99.33806018556517,1645.1818827535212
6.2,33.49873493883251,-99.33807118457295,1678.424636680731
6.3,33.498842353343875,-99.33806918022485,1698.92393658931
6.4,33.49880807153772,-99.3381888130285,1703.1517681865225
6.5,33.49881753203295,-99.33808528980678,1725.8211767926584
6.6000000000000005,33.498795667433406,-99.33807279408632,1755.5515663145934
6.7,33.49881708848897,-99.33813530201385,1775.4225156592715
6.8,33.498771608943734,-99.3381643691469,1801.492327123786
6.9,33.49875426298012,-99.33813999263613,1815.1036546750925
7.0,33.49880414993825,-99.33823731214459,1842.267456675052
7.1000000000000005,33.4988291553966,-99.33817943334056,1861.3622913033062
7.2,33.49880427815983,-99.33815137917246,1877.884192905675
7.3,33.498814559011855,-99.33817584930821,1890.2990060469342
7.4,33.498806455294435,-99.33817853606948,1925.1342218470766
7.5,33.49880952767529,-99.3381688968869,1951.8371341646161
7.6000000000000005,33.49882777625128,-99.33818230434731,1961.5244322845558
7.7,33.498834051654875,-99.33816714208345,1976.9352588918227
7.8,33.498775684250745,-99.33825365367493,1999.392852690978
7.9,33.498828981055816,-99.33821617755689,2013.819644420509
8.0,33.49880130959708,-99.33830227864665,2033.158546176815
8.1,33.49880112996183,-99.33823958326813,2046.2533558722207
8.2,33.498822003179285,-99.33824283119739,2072.9690992546703
8.3,33.49881473846885,-99.33826754320505,2098.7717543223475
8.4,33.498858139387615,-99.33832335434879,2110.7213924304615
8.5,33.49881568195013,-99.33833020088582,2124.3902636599096
8.6,33.498877917420074,-99.33825438836843,2146.3265437692858
8.700000000000001,33.49883690545937,-99.33827153591932,2166.0233918950667
8.8,33.49885777372537,-99.33834425196011,2172.9395833820645
8.9,33.49884247411837,-99.3383072467716,2206.943609645195
9.0,33.498801429268404,-99.33832316807141,2210.3255858061007
9.1,33.4988531824488,-99.33824611815844,2228.838453410859
9.200000000000001,33.498835333930764,-99.33826292582961,2260.555800877047
9.3,33.498875773479,-99.33830447491867,2271.129705384795
9.4,33.49885573051482,-99.33832578732907,2285.1459466541874
9.5,33.498854666800696,-99.3382906934466,2296.3439989954622
9.6,33.49887556841825,-99.3383126803672,2316.6569564136885
9.700000000000001,33.498864921567304,-99.33839148096088,2343.7577872940115
9.8,33.498824415453285,-99.33835089353576,2353.7313322560103
9.9,33.49885287784199,-99.33837206551495,2366.918656015588
10.0,33.49886173908771,-99.33835675597525,2386.208357073789
10.1,33.49889149718406,-99.33831988653445,2398.9768543540745
10.200000000000001,33.49887502849948,-99.33832656668933,2415.3483383143116
10.3,33.49891656294992,-99.33844203736932,2424.480601540178
10.4,33.49885205071502,-99.33848366553872,2439.0421259416694
10.5,33.49887733999777,-99.33838406557288,2468.2875602295376
10.6,33.498878310135375,-99.33847187109484,2481.6525066913837
10.700000000000001,33.49887807723788,-99.33840617372107,2494.6259014586844
10.8,33.498846375503206,-99.3384829472653,2514.836650282901
10.9,33.49890592133842,-99.3384104876665,2525.835894680795
11.0,33.49885999855911,-99.33843669447441,2532.8269003905743
11.1,33.49886572642369,-99.33845400715852,2553.6106489406884
11.200000000000001,33.49890743775766,-99.33851288616557,2561.020331698084
11.3,33.4988576462371,-99.33844114655498,2580.6578921297632
11.4,33.49888680492715,-99.33850851209678,2595.8025085517656
11.5,33.49891865470956,-99.33846483319542,2599.676486565784
11.6,33.498912361694906,-99.33845520364126,2625.168247949754
11.700000000000001,33.49886163773182,-99.33854504736246,2638.920903631158
11.8,33.49887730178788,-99.33856528114264,2645.0400609702556
11.9,33.49889760403438,-99.33860448790462,2672.8589882142824
12.0,33.49893107759166,-99.33851400600747,2678.9001017619116
12.1,33.49892664700079,-99.3385314804796,2691.721496696814
12.200000000000001,33.49890718986208,-99.33849460387015,2708.3992768530225
12.3,33.49889547029748,-99.33863080425611,2710.5556090491395
12.4,33.49892027016786,-99.33858794390788,2726.4045028950695
12.5,33.498900887592924,-99.33851557880352,2743.44692874794
12.6,33.49891438170967,-99.3385690760703,2755.5298618583415
12.700000000000001,33.498848933914644,-99.33856089540737,2764.1087545325986
12.8,33.4989632442456,-99.33857154358142,2778.5866107526867
12.9,33.49887964424411,-99.33853717762493,2789.028187839452
13.0,33.49895937427555,-99.33858016121918,2804.497464281456
13.1,33.498889868500996,-99.33861677082008,2811.484618551636
13.200000000000001,33.49893712260011,-99.3386050544726,2831.767002952184
13.3,33.49893924846674,-99.33853473000109,2832.7404253672203
13.4,33.49893888230903,-99.33859627063377,2858.0802501148246
13.5,33.49890033715863,-99.33864975144361,2861.1727746824135
13.6,33.498952764489786,-99.3386810073359,2872.0598169277573
13.700000000000001,33.49891649168803,-99.33865211768897,2882.95000039851
13.8,33.49894514471745,-99.33862161716877,2894.356053553869
13.9,33.49895791200146,-99.33863460923158,2909.2124710343846
14.0,33.4989698958569,-99.33865971509167,2917.2894308875975
14.1,33.498973673687104,-99.33867242642746,2922.5924659195452
14.200000000000001,33.4989211920934,-99.33872288035663,2941.023508364889
14.3,33.49894448500235,-99.33867116771559,2954.88831337471
14.4,33.49893229489763,-99.33868231077595,2959.6081312067645
14.5,33.4989035192975,-99.33868113813334,2974.434699468211
14.6,33.498945018286165,-99.3386614061899,2973.3640299409403
14.700000000000001,33.49891709368526,-99.33863823294179,2984.5784952902036
14.8,33.498922623165186,-99.33866003018471,2996.9066422684077
14.9,33.498979243333466,-99.33873866801338,3003.777727938214
15.0,33.498956437462724,-99.33873518318889,3013.760453959799
15.1,33.498958661536776,-99.33873256456323,3030.269584445867
15.200000000000001,33.498918877384426,-99.3387146879217,3037.4888650593066
15.3,33.498948749931785,-99.33870316069654,3051.385327997711
15.4,33.49896350136494,-99.33874206802723,3068.701718710882
15.5,33.49896209642374,-99.33875583549441,3067.81243263407
15.6,33.49898369300848,-99.33868798135047,3081.420526687072
15.700000000000001,33.49897383849165,-99.33870592714369,3080.767822018863
15.8,33.498999882322806,-99.33877330247232,3098.598324048939
15.9,33.499008502473664,-99.33879310229402,3108.6086747218565
16.0,33.498965159636946,-99.33877674265241,3113.0066376035325
16.1,33.498950011627926,-99.33882678749436,3116.512925979603
16.2,33.49901004314422,-99.33883703573636,3127.2301002870677
16.3,33.49893684190922,-99.33876018059331,3140.777627719885
16.4,33.498962703225104,-99.33875190680395,3140.6305422369705
16.5,33.49898354812938,-99.3388075733039,3157.2074735153037
16.6,33.49894744687196,-99.3388224058779,3165.5538172722054
16.7,33.498989575280554,-99.33877227598926,3166.5245913142094
16.8,33.49899115803889,-99.33880470987268,3183.1742583302885
16.9,33.498968091111664,-99.33881230213063,3185.0999657387115
17.0,33.49896065390725,-99.3388383725123,3192.427624225061
17.1,33.499039153489974,-99.33880573774577,3197.017319942309
17.2,33.49898115769207,-99.33881095127987,3209.0722490647922
17.3,33.49902944599694,-99.3388173660708,3211.935353521892
17.400000000000002,33.498946830519536,-99.33879223378385,3223.8341129208466
17.5,33.49901694803463,-99.33885654780582,3241.224877941175
17.6,33.49897552717662,-99.33888242474156,3234.3736558842074
17.7,33.49899942616659,-99.33885088899743,3241.8158969874994
17.8,33.49896961308716,-99.33885436035649,3250.0783759561514
17.900000000000002,33.49901379305196,-99.33883476744876,3264.5564753749595
18.0,33.49895478719,-99.33890204456718,3259.617652227413
18.1,33.499013597231546,-99.33886762657686,3277.3191661896326
18.2,33.498969649119964,-99.33884303618746,3289.433788464096
18.3,33.49905724716625,-99.33884855203057,3278.607391143573
18.400000000000002,33.49901195723058,-99.33885005015432,3294.2208579986595
18.5,33.49899867007439,-99.33889648799986,3300.9646892764426
18.6,33.499007464800826,-99.33889600100218,3294.1165844694397
18.7,33.49903705439889,-99.33886793466984,3310.8249802942196
18.8,33.499038121100114,-99.33891106825207,3309.999813688993
18.900000000000002,33.49897817399069,-99.33893089966978,3317.9419137341624
19.0,33.49905758023127,-99.33890911435817,3321.031594354146
19.1,33.49906320342875,-99.33889677514088,3331.211538967071
19.2,33.49903458045973,-99.33895245858282,3329.0189482777882
19.3,33.49901526712645,-99.33897259222623,3342.9705208180876
19.400000000000002,33.49904761825243,-99.33889096528694,3356.936143898288
19.5,33.49904702154518,-99.33901087212173,3347.0124475816556
19.6,33.499003351144815,-99.33891523299954,3358.3826141661484
19.7,33.49901712802143,-99.33896250556823,3357.8685843677245
19.8,33.49903177844519,-99.33895637998086,3369.1299160671756
19.900000000000002,33.49902586124483,-99.33893199956434,3369.942544924228
20.0,33.49904286457844,-99.33895288939631,3383.255979613617
20.1,33.49907217110286,-99.3389204109484,3375.0381812059336
20.2,33.499038064654876,-99.33893756996693,3374.542195671617
20.3,33.49902326728398,-99.33896952590032,3384.6477433944783
20.400000000000002,33.49900590005409,-99.3390204725247,3392.7061182597918
20.5,33.499005462988876,-99.33898283948118,3397.5796477702993
20.6,33.4990669100574,-99.33895782802284,3396.239056714322
20.7,33.4990456925346,-99.3390232122162,3398.373874787909
20.8,33.49902061669723,-99.33900447371714,3410.811210770252
20.900000000000002,33.49904222795191,-99.33904035802414,3409.391559752782
21.0,33.4990434902217,-99.33905413476967,3414.4869690267096
21.1,33.49906791752959,-99.33897033445275,3414.395031122572
21.2,33.49903948885829,-99.33895931414818,3421.131010726427
21.3,33.49901608618982,-99.3390119431654,3421.759946255056
21.400000000000002,33.499010944637526,-99.33908433043501,3436.047472879456
21.5,33.49906539310773,-99.33906136784842,3425.022762716639
21.6,33.49904169954503,-99.33905162393654,3427.4979808238504
21.7,33.4990511175306,-99.3390515591399,3435.354313564254
21.8,33.49907272271961,-99.33904678226378,3446.913114223824
21.900000000000002,33.49903714548872,-99.33907080688454,3435.0114797538968
22.0,33.49904595923045,-99.3390475939009,3437.6186452053676
22.1,33.49905145233563,-99.33902501629271,3440.122085966576
22.2,33.499088034695724,-99.33903111496798,3454.738167985544
22.3,33.49901964466234,-99.33902444776388,3446.640012900321
22.400000000000002,33.499057717708055,-99.33908036142445,3452.92714323121
22.5,33.49907478622235,-99.33910298273761,3462.273354564359
22.6,33.499020683875514,-99.33907564733481,3466.644983757
22.7,33.499083439856996,-99.33906673846236,3472.9261248291855
22.8,33.499084443013935,-99.33907067993742,3458.2330165620215
22.900000000000002,33.49906962557089,-99.3390826330849,3453.7793655747787
23.0,33.49910252025172,-99.33907100613924,3470.8064692518656
23.1,33.499068085749265,-99.33903001575376,3469.390459778186
23.2,33.49901038153911,-99.33911732511274,3468.998077435284
23.3,33.49907734092438,-99.33918027650043,3475.18736474982
23.400000000000002,33.499043029507426,-99.33911092539299,3464.824013922445
23.5,33.49908407429263,-99.33907668648484,3475.7633984950426
23.6,33.49909302507132,-99.33910778087056,3472.166120284627
23.7,33.49906535634237,-99.33914525171042,3482.273723320152
23.8,33.49902399060008,-99.3391219312544,3474.662248076178
23.900000000000002,33.499044056566035,-99.33912930955442,3474.495053359505
24.0,33.49905736660521,-99.33910399354791,3479.8999220396954
24.1,33.49905687275876,-99.33910419146362,3474.0334347023445
24.2,33.49915178215549,-99.33914805804243,3483.8080291263705
24.3,33.49912935980916,-99.33917338779874,3475.795664011857
24.400000000000002,33.499134026573145,-99.33912723684551,3474.2778224666563
24.5,33.49908784196895,-99.33915041918483,3468.9752805887324
24.6,33.49904054072126,-99.33913732325068,3475.510450791089
24.7,33.499083591387915,-99.33915507584908,3477.8691852940833
24.8,33.499070317659786,-99.33918702774677,3474.4539000020445
24.900000000000002,33.49910849464561,-99.3391304852177,3476.717369903291
25.0,33.49908281110766,-99.33911641990612,3483.4469436024606
25.1,33.49909467505222,-99.33919436881912,3476.1397581982496
25.2,33.49908816338248,-99.33913630643657,3464.6257674765234
25.3,33.499041946844194,-99.33915669735961,3473.1084370213516
25.400000000000002,33.49909093607751,-99.33918958430041,3465.787942744563
25.5,33.49904292792112,-99.3391958857157,3473.5968181551543
25.6,33.49908593053758,-99.33919998478096,3471.501719081199
25.7,33.499106651666544,-99.33924407832536,3478.8550880871844
25.8,33.49908385606921,-99.33922148764442,3475.516885612901
25.900000000000002,33.49906146116544,-99.33921395452822,3463.9730012849395
26.0,33.49903281888743,-99.33917935999871,3470.1701283798516
26.1,33.499100043905095,-99.33918011421855,3473.5609725583213
26.2,33.499085891140616,-99.33923773672836,3462.250081467242
26.3,33.49909185791163,-99.33920709103965,3466.247063094089
26.400000000000002,33.4990820618954,-99.33920259253225,3465.210881788397
26.5,33.4990761393856,-99.33921457796754,3466.1290318686533
26.6,33.49906873426507,-99.33920008916006,3456.8899134573717
26.7,33.499075341544874,-99.33922863164597,3467.840905410074
26.8,33.49907328490609,-99.33921268024355,3467.8065996790137
26.900000000000002,33.49910277178391,-99.33925763579083,3461.3477163057473
27.0,33.499015245479406,-99.33925163898591,3454.775582257338
27.1,33.499055420409185,-99.33920412719694,3452.591234896453
27.2,33.49907696582286,-99.3392059141276,3461.928981773788
27.3,33.49909691371149,-99.33923020410805,3445.794165675399
27.400000000000002,33.49909661939396,-99.33923540069917,3447.5899658936373
27.5,33.49907788808641,-99.33922725086904,3458.968732652861
27.6,33.499155585981896,-99.33916021149706,3451.061238598067
27.7,33.49907074094143,-99.33917004830832,3449.305740603256
27.8,33.49909371472538,-99.33922553881779,3451.7874210290647
27.900000000000002,33.49909178440358,-99.33921598928865,3449.0814538775594
28.0,33.49908492045528,-99.33923605749796,3443.79906773349
28.1,33.49902056542945,-99.33922364989871,3432.329702820996
28.2,33.49906378039903,-99.3392180493928,3435.37039416256
28.3,33.49910065969901,-99.33924151391884,3441.036477370067
28.400000000000002,33.499091365609516,-99.33922617671024,3436.7753433293724
28.5,33.499072606471145,-99.33920775590948,3428.33828849626
28.6,33.49907206538735,-99.33926724235846,3424.355690862855
28.7,33.49903234643854,-99.33909802529877,3435.4057557288065
28.8,33.4990783823113,-99.33919047680807,3430.48727072819
28.900000000000002,33.49906380471609,-99.33919995560251,3425.4814253197833
29.0,33.49909756208437,-99.33921899992605,3426.044325209149
29.1,33.49909269559556,-99.33915698482062,3428.572070018162
29.2,33.499074789158854,-99.33912243736366,3422.4731015237103
29.3,33.4990026615996,-99.3391955767472,3421.5311811900715
29.400000000000002,33.499054537090736,-99.33920325272084,3405.383754055965
29.5,33.499063797755156,-99.33912041144315,3409.9324262273785
29.6,33.49902919399463,-99.33914204289653,3412.017773243124
29.7,33.4990620150436,-99.33917517006672,3406.755852554665
29.8,33.4990239824456,-99.33914833586338,3400.765247468268
29.900000000000002,33.49903474115179,-99.33911391734608,3403.20754756327
30.0,33.499032991131934,-99.33914381570617,3403.9120168078057
30.1,33.4990498367544,-99.33917936319678,3405.8329531330896
30.2,33.49902841524495,-99.33917060715693,3398.319910618578
30.3,33.49907994902312,-99.33914576357674,3393.213848775247
30.400000000000002,33.499054064493116,-99.33918824351922,3395.1342246416584
30.5,33.49907679274286,-99.33909221066747,3394.460979707811
30.6,33.49898838072202,-99.33914396525515,3391.8235274429135
30.7,33.49908159368311,-99.33914226838472,3378.538029734407
30.8,33.4990641772202,-99.33906873085667,3391.8460995579353
30.900000000000002,33.49900876573118,-99.33914750133565,3379.244581701793
31.0,33.4990177127991,-99.33914384994577,3369.5630716743212
31.1,33.4990100476795,-99.33910704293784,3372.8883115150384
31.2,33.499021543693765,-99.33912377918816,3375.3715953324513
31.3,33.49900656356122,-99.33904880873625,3363.371187379267
31.400000000000002,33.49908821748193,-99.33906371286595,3365.4473280340594
31.5,33.49902167292829,-99.33917565039293,3357.3478882879886
31.6,33.49904848985474,-99.3390430408259,3361.374391016071
31.7,33.49898470074413,-99.33906402333221,3350.639605179759
31.8,33.499011912524026,-99.33910506016498,3361.0539432843634
31.900000000000002,33.4990272086423,-99.33906309360862,3357.371828765165
32.0,33.49902613716611,-99.33907834739763,3344.4820959741037
32.1,33.498977298189445,-99.33906028837134,3336.661912292824
32.2,33.4990341904819,-99.33904522067022,3350.0669993532697
32.3,33.49897972999529,-99.3389789387107,3340.782705074422
32.4,33.49898316904549,-99.33896813931638,3339.7175393150565
32.5,33.49898045613592,-99.33900275529905,3334.600974814215
32.6,33.49895905513482,-99.33903908481649,3341.3425360582937
32.7,33.498964062199256,-99.33896403736392,3323.6875008254397
32.8,33.49896346729366,-99.33901032186873,3331.5420545101474
32.9,33.49897205256014,-99.33900350583754,3327.8366018560578
33.0,33.49897850758086,-99.33904446709332,3323.940936411909
33.1,33.49892601733313,-99.33899985109475,3319.89425359363
33.2,33.49892866977521,-99.33896984761058,3317.0962055635796
33.3,33.49893874752305,-99.3389487420007,3316.029490419999
33.4,33.49895067503408,-99.33892063124283,3313.800993966149
33.5,33.498946378527556,-99.33894622633905,3309.92989102849
33.6,33.49896205627431,-99.33890521255283,3313.420974080588
33.7,33.49892881533274,-99.33894225847054,3309.5489788252726
33.8,33.498915379494576,-99.33889091940328,3307.999365505209
33.9,33.49891328868745,-99.33892101194118,3300.277044197419
34.0,33.49898880617046,-99.33893483418406,3290.7562920489727
34.1,33.49885079381609,-99.3388215714164,3294.4013351376343
34.2,33.49896793795938,-99.33897032129182,3285.476988122049
34.300000000000004,33.4989163452397,-99.33893971244859,3286.1068129764735
34.4,33.498930934071296,-99.33887605342159,3289.677562141936
34.5,33.49893504613634,-99.3388809662406,3286.4363350571616
34.6,33.49891178255028,-99.3388841763494,3282.624740543574
34.7,33.49890767778663,-99.33889903356864,3280.8591525435036
34.800000000000004,33.49888668676849,-99.33888649952733,3270.490910249655
34.9,33.49888479681011,-99.33885990024115,3268.3382404371428
35.0,33.49888328372133,-99.3388405914398,3267.062512096307
35.1,33.49889898115322,-99.33885029500595,3261.5702182930268
35.2,33.49890012154362,-99.33882213134642,3264.392543115962
35.300000000000004,33.498863489537854,-99.33877417925467,3262.858191219805
35.4,33.49885952301851,-99.33877477946201,3253.7553587169755
35.5,33.498897975411786,-99.33879936618611,3254.7723065794708
35.6,33.49891541686838,-99.33878403930355,3256.6525141515776
35.7,33.498961166385676,-99.33872610656991,3254.699265316002
35.800000000000004,33.498867054267365,-99.3388027838642,3251.362483673842
35.9,33.49882893013715,-99.33872890965917,3237.70687918511
36.0,33.498862858705905,-99.33873107038052,3235.580671779758
36.1,33.498854814296045,-99.33872940725435,3235.483185618664
36.2,33.498859781972385,-99.33876080893074,3231.4588063086258
36.300000000000004,33.49885037144877,-99.33879710568156,3236.782202132105
36.4,33.49886276568023,-99.33874578204737,3231.3770657919235
36.5,33.49886928168788,-99.33875664570732,3224.9784827126064
36.6,33.49888048823569,-99.33864354901232,3219.7880089529904
36.7,33.49888893986501,-99.33872512630556,3223.1645426541686
36.800000000000004,33.49885857119294,-99.33869051961304,3208.962225784674
36.9,33.498809949963345,-99.33865433586176,3211.98635112041
37.0,33.49883203243903,-99.33859280427987,3205.3196119704994
37.1,33.49878389119704,-99.33870479836544,3216.8171206728753
37.2,33.498839636281886,-99.33867849454376,3193.327895368067
37.300000000000004,33.498769079999754,-99.33867431089796,3201.7632987225907
37.4,33.49879301770082,-99.33857912006167,3200.612889643788
37.5,33.49885661494391,-99.33859909526937,3195.283707330675
37.6,33.49877750986569,-99.33858057971568,3184.7629315723752
37.7,33.498829876069905,-99.33854341082379,3189.2992793795797
37.800000000000004,33.498805752051354,-99.33862362946448,3192.6432440853023
37.9,33.49876729442402,-99.33863746152421,3179.968569125561
38.0,33.498754331707715,-99.33858270867029,3188.1033908812724
38.1,33.49877047461009,-99.33858117605143,3176.8331163711855
38.2,33.49881262995759,-99.33860204292803,3175.0936935802915
38.300000000000004,33.49876583590692,-99.33857302080338,3176.083097919548
38.4,33.4987736186951,-99.33852915283201,3175.9002012694605
38.5,33.498773564517414,-99.33853376801011,3163.7586760562563
38.6,33.49879262002161,-99.33846703375477,3159.3657390092817
38.7,33.49877245101468,-99.33851365166844,3145.5215019691736
38.800000000000004,33.49872574088901,-99.33849519487048,3156.195549670152
38.9,33.49876282922405,-99.33855276963179,3153.629853431037
39.0,33.49877134191313,-99.33848885978657,3148.4212157285374
39.1,33.498745173325986,-99.33845017985205,3148.461471055954
39.2,33.49872032450783,-99.3385005833815,3150.547969760312
39.300000000000004,33.498702631081166,-99.33854406601696,3145.7227319612416
39.4,33.49871480651045,-99.33839672040045,3145.0936083622933
39.5,33.4987105614663,-99.33840077076628,3135.7612489710864
39.6,33.49867721750665,-99.33840831596497,3134.9360063563227
39.7,33.49867299163513,-99.33838185005696,3133.346380326755
39.800000000000004,33.49872687976754,-99.3383532501085,3128.72071495036
39.9,33.49871581109957,-99.33838997160532,3126.7978304830062
40.0,33.49871005974942,-99.33841356035302,3130.337881505968
40.1,33.49869382392373,-99.33838181313365,3115.0247406359886
40.2,33.4987487487658,-99.33838250844303,3113.8435655205117
40.300000000000004,33.49872187134082,-99.33834400949073,3115.648590258911
40.4,33.49869273537305,-99.33830784354033,3116.324758767949
40.5,33.498675775344886,-99.33837219538385,3107.8838813216835
40.6,33.4986879058659,-99.33839919358822,3106.851542082529
40.7,33.498646733959546,-99.33831864747539,3100.9333844927046
40.800000000000004,33.498734108696766,-99.33829857793417,3094.5417064151693
40.9,33.49863281995569,-99.33827469526366,3093.358323631268
41.0,33.49865744241199,-99.33823975728576,3096.52583108499
41.1,33.49865319164867,-99.33829908137628,3082.866372894127
41.2,33.49862455553581,-99.33825713276278,3085.5975127983997
41.300000000000004,33.498650065343384,-99.33830299931807,3083.901425473077
41.4,33.49865897655629,-99.33820326743225,3087.9163494533414
41.5,33.498671675505705,-99.33823930604437,3087.544342205313
41.6,33.49866465439242,-99.33820370430772,3074.9432138967672
41.7,33.49856761380019,-99.33822804830697,3070.243223894332
41.800000000000004,33.49865955201466,-99.33818323509693,3074.526471056571
41.9,33.49859939466582,-99.33821717024287,3070.7580029867395
42.0,33.49865075082595,-99.33822146024161,3061.9611980471573
42.1,33.4986623439583,-99.33817356491693,3064.3544046052375
42.2,33.4986534203895,-99.33819263136117,3062.1977500884304
42.300000000000004,33.49863300400642,-99.33820692224857,3060.825763959957
42.4,33.49858525837684,-99.3381816283518,3052.015489243723
42.5,33.498629003362225,-99.33819916952488,3061.4020865823863
42.6,33.49861100178908,-99.33817239485593,3064.570049579665
42.7,33.49858790166504,-99.33814731955638,3048.378982820102
42.800000000000004,33.49861123531949,-99.33815120776546,3046.8815228742005
42.9,33.49859091478829,-99.33805559153329,3035.541249375619
43.0,33.49856466784051,-99.33808195998996,3036.7209585870637
43.1,33.49858561099198,-99.33807042505363,3042.300505372734
43.2,33.49851989201619,-99.33809414780669,3035.3629064891984
43.300000000000004,33.498544617211955,-99.33803361673841,3037.04281891758
43.4,33.4985855845606,-99.33804578346304,3036.1445783105464
43.5,33.49857489824272,-99.33804131366456,3018.6822108471283
43.6,33.498544990334125,-99.33805254577722,3020.6901930020936
43.7,33.498552814984315,-99.33802407971741,3021.4760826476927
43.800000000000004,33.49851759041962,-99.33801208405684,3013.1972351515637
43.9,33.498548879885526,-99.33800397619584,3023.1628668744365
44.0,33.49856930298488,-99.33800834691925,3014.8888904027885
44.1,33.49848841508109,-99.33802287760605,3010.5915044208955
44.2,33.498545786186405,-99.33794920323899,3005.8191069338454
44.300000000000004,33.49850861391544,-99.3379288011777,3001.615516989416
44.4,33.49853150486071,-99.33795582074833,2993.754727408975
44.5,33.4985329005967,-99.33788432540774,2996.3833018820887
44.6,33.49855730795123,-99.33793806319302,2995.445964078903
44.7,33.49853891718633,-99.33795775083287,2997.538956119845
44.800000000000004,33.49849264821085,-99.33792236177706,2979.836465349755
44.9,33.49853337450392,-99.3378850130272,2980.4070010097416
45.0,33.49848237848101,-99.33783336109308,2982.493133718289
45.1,33.4984936334109,-99.33785935188475,2965.1283499584965
45.2,33.49850174151748,-99.33787971852881,2972.0505665248265
45.300000000000004,33.49849939062075,-99.33781146552106,2970.241463503269
45.4,33.498479132357126,-99.33784075234193,2966.6906592127093
45.5,33.498478303520116,-99.33786397026441,2972.0491488704542
45.6,33.49851692977677,-99.33785315700203,2963.8327068438493
45.7,33.4985041417592,-99.33787768945014,2966.5501136878734
45.800000000000004,33.498477811868625,-99.3377877322873,2953.1942185163507
45.9,33.498464079267855,-99.33775346345286,2948.970885621047
46.0,33.49844558032159,-99.3378385789574,2954.711012174723
46.1,33.49850706759991,-99.33783162486205,2948.7731334572186
46.2,33.498448866477815,-99.33774631758159,2948.256060162653
46.300000000000004,33.49839573136547,-99.33776020470711,2937.7427753315624
46.4,33.49845293035689,-99.33777968576447,2938.893178377976
46.5,33.498451377609435,-99.33783482951964,2932.0527258882603
46.6,33.49842021375095,-99.33780192177522,2933.725881337349
46.7,33.498432881463714,-99.33770255437736,2938.784758828175
46.800000000000004,33.49845808424066,-99.33768991866279,2929.2384867993346
46.9,33.49843399703194,-99.33771959482031,2923.9086014607824
47.0,33.49843775463831,-99.3376939223598,2919.285212086063
47.1,33.498389914501196,-99.3377434048943,2913.4405971643973
47.2,33.49844170369908,-99.33765400055044,2914.012173155865
47.300000000000004,33.498389601087744,-99.33772192962577,2920.7680642033756
47.4,33.49836253935483,-99.33762749186509,2911.9895374868934
47.5,33.4984253368062,-99.33770176829621,2905.907467078504
47.6,33.49841816292125,-99.33762284025593,2907.948855780405
47.7,33.498374784126256,-99.33765443862937,2900.682982816925
47.800000000000004,33.49834848799143,-99.33764849053377,2897.222718153778
47.9,33.49837210074904,-99.33760605649712,2893.1990116888455
48.0,33.498385677626665,-99.33760512267382,2888.1256343876257
48.1,33.49841495072913,-99.33759845391786,2890.258137035171
48.2,33.4983921270479,-99.33763578545819,2889.3428498253356
48.300000000000004,33.49834780498458,-99.33757311258704,2881.973518790792
48.4,33.49837566374444,-99.33756744433283,2882.389801306455
48.5,33.49833736006684,-99.33754120680481,2883.1417481941703
48.6,33.49837842119435,-99.33748134991748,2876.513381648309
48.7,33.49836485455919,-99.33754735420469,2878.0984610365313
48.800000000000004,33.49836018997059,-99.33748982067685,2875.380721507305
48.9,33.498349941768375,-99.33749672101773,2873.6127784457353
49.0,33.49834448784382,-99.33752492808749,2870.2314817442234
49.1,33.498346277665256,-99.3375354064459,2862.6331355728375
49.2,33.49831754987836,-99.33744028869747,2867.029433960548
49.300000000000004,33.49830141421079,-99.33749139300888,2865.5852675191763
49.4,33.4983581392417,-99.33744706566826,2847.0004850118926
49.5,33.498300462940314,-99.33744803182279,2848.822827525291
49.6,33.498294431898955,-99.33745215054988,2843.869502399649
49.7,33.49828674773177,-99.33749858970049,2847.752832435005
49.800000000000004,33.49832446546409,-99.33742063692006,2844.1791464848006
49.9,33.49828228923046,-99.33744512777204,2841.887579431705
50.0,33.498285867396625,-99.33739474522055,2843.224648409136
50.1,33.49832575375097,-99.33736812504175,2834.97231809899
50.2,33.498264141373234,-99.33739820972008,2833.0461986450664
50.300000000000004,33.49830007529413,-99.33734274070686,2822.442362251748
50.4,33.49828618405441,-99.33735819897207,2829.2499918189114
50.5,33.498257651162426,-99.33740703055172,2826.4515264499755
50.6,33.49830007605001,-99.33734936223412,2814.366943239658
50.7,33.498297529192655,-99.33737832901683,2813.70823530846
50.800000000000004,33.49825472221966,-99.33732205817888,2822.817099944752
50.9,33.49827087865929,-99.33727944797917,2811.342397135467
51.0,33.498296684689045,-99.33726739303656,2801.647495387843
51.1,33.498243588846215,-99.33727931778579,2814.4746480020426
51.2,33.49825348468378,-99.33731024432615,2803.565781867128
51.300000000000004,33.49822174558465,-99.33731110328108,2801.270857879681
51.4,33.4982175750443,-99.33723496813388,2801.7031681749822
51.5,33.49823015058605,-99.33725694658311,2797.970049282643
51.6,33.498204803253856,-99.3372839754657,2793.3721088864177
51.7,33.49823836000167,-99.33726256646996,2797.7564935165765
51.800000000000004,33.498256647047214,-99.33725262746262,2781.5656836823923
51.9,33.49822118183379,-99.3372193758429,2780.410525317973
52.0,33.498264365410975,-99.33719018463225,2776.340955733601
52.1,33.49819700138656,-99.33718180369536,2775.675314000907
52.2,33.49818808079055,-99.33720221765431,2783.6599409464247
52.300000000000004,33.49823588357883,-99.33715052441214,2772.3601870587604
52.4,33.49817530685283,-99.33716828440795,2767.3952970972614
52.5,33.49819654973316,-99.3371642306235,2754.2764284645996
52.6,33.4982159367213,-99.33714975261196,2759.8262847132582
52.7,33.498203176822656,-99.33711991647212,2766.569320876654
52.800000000000004,33.4981678430203,-99.33713950031321,2755.357993604445
52.9,33.49819662433444,-99.3371498019265,2754.56626351104
53.0,33.498119101004676,-99.33712699651687,2752.904557318174
53.1,33.498152019992894,-99.33709990061956,2747.4051385344496
53.2,33.49816118955297,-99.33707045321981,2745.9149685354837
53.300000000000004,33.498168633967765,-99.33714022570378,2746.5030002835156
53.4,33.49814586799489,-99.33709214649453,2754.714964154377
53.5,33.49813259992937,-99.33709823184269,2734.9428293447845
53.6,33.49814552054498,-99.33706853593043,2733.8521020491835
53.7,33.49821565323647,-99.3370712846519,2735.9927212799785
53.800000000000004,33.49814599472872,-99.33702947492756,2728.316181956631
53.9,33.498172979582094,-99.3370341400786,2726.2716313426295
54.0,33.49812649436298,-99.33699498278328,2731.1301281264277
54.1,33.49813401632646,-99.33703800609288,2712.0957095570484
54.2,33.49814635725284,-99.33694873292156,2721.6754008715034
54.300000000000004,33.49814775685188,-99.337049616441,2707.882180547892
54.4,33.498135444130334,-99.33699778940343,2709.4427331031084
54.5,33.49812620082186,-99.33704698049551,2708.367038663713
54.6,33.49811479555354,-99.33694911001857,2711.132873407641
54.7,33.498133642792304,-99.33699246639817,2704.536480545365
54.800000000000004,33.49811076948156,-99.33699782741591,2701.606409193013
54.9,33.49813006050542,-99.3368867768278,2705.941558751632
55.0,33.4980959248003,-99.33690266166076,2699.4728492345607
55.1,33.49811745048075,-99.33693861771451,2694.8661736847225
55.2,33.498110410383596,-99.33686612109793,2699.318899617019
55.300000000000004,33.49807662089155,-99.3369541507164,2684.997811695807
55.4,33.49804631071384,-99.33695120310664,2682.800691107883
55.5,33.49807139573581,-99.3368995050591,2677.5764947365305
55.6,33.49808138749322,-99.3368749773608,2677.6562682898425
55.7,33.49805215754033,-99.33688324792406,2674.782845856121
55.800000000000004,33.49804909572969,-99.33685089569381,2674.977148652871
55.9,33.49808744449366,-99.33683331493586,2655.6848273533606
56.0,33.49806070679199,-99.33686190931546,2669.125275145493
56.1,33.49807102167234,-99.33685804160861,2653.244151500117
56.2,33.49803619501672,-99.33673740991664,2655.9414847305407
56.300000000000004,33.49808714612909,-99.33686090991924,2659.088733580849
56.4,33.498041478054596,-99.33677546353069,2648.329947865795
56.5,33.49805102804576,-99.3368076345539,2659.900510589043
56.6,33.49800618020156,-99.33666361460176,2651.286650639536
56.7,33.49803355362114,-99.33670686510229,2645.6870735522243
56.800000000000004,33.49804228863854,-99.33677751333872,2638.737942226757
56.9,33.498027134392544,-99.3367794555235,2644.2792763538555
57.0,33.49800046437159,-99.3367648232607,2633.2054061236563
57.1,33.49798310685182,-99.33674325751936,2629.8452291098447
57.2,33.4980354212702,-99.33672013636327,2634.349684514155
57.300000000000004,33.497996881323985,-99.33667609859124,2634.416864876655
57.4,33.49799738373921,-99.33674577402691,2631.016339705928
57.5,33.49804628664196,-99.33666857535383,2625.965260971229
57.6,33.49792268571154,-99.33662586113972,2627.0622191627112
57.7,33.497974620088634,-99.33666822911324,2615.8384741015307
57.800000000000004,33.498004638517706,-99.33660814494496,2612.914373837782
57.9,33.49800829568463,-99.33664341174094,2619.384884711093
58.0,33.49797158062967,-99.33666015919822,2607.819964879447
58.1,33.49798256336272,-99.33665184838918,2611.369038703235
58.2,33.4979663794721,-99.33661678079895,2604.9116698958333
58.300000000000004,33.4979495609006,-99.33664213872741,2592.1115052958307
58.4,33.49793904583992,-99.33653312909672,2600.525729600834
58.5,33.49797245978261,-99.33658546745858,2595.1958545977523
58.6,33.49799329375751,-99.33666161127272,2599.4624520361904
58.7,33.49796071755345,-99.33659832100781,2585.5682465224263
58.800000000000004,33.49799162235867,-99.33658730652576,2593.923120064505
58.9,33.497972755794,-99.33655755986067,2579.761005253485
59.0,33.49793886432356,-99.3365166052789,2582.8060797950898
59.1,33.49789286320182,-99.33658666991205,2574.5984890053824
59.2,33.49791600325994,-99.33647702657706,2585.1617355697354
59.300000000000004,33.49796370172242,-99.33651769560858,2577.4055384353474
59.4,33.497921429011654,-99.33652876971085,2571.5040771484996
59.5,33.497947491277905,-99.33651075940912,2566.531344673184
59.6,33.49792098611682,-99.33652694712049,2559.6648777147584
59.7,33.49791035512023,-99.33653033831202,2557.3659312463383
59.800000000000004,33.49791436928411,-99.33651379228957,2565.812724641329
59.9,33.49790251863338,-99.3364860785937,2550.729819802865
60.0,33.49792571694801,-99.3364732415812,2550.6458686711762
60.1,33.49791282595169,-99.33649208218783,2548.1770773232233
60.2,33.49791227654855,-99.33645274220162,2545.6169566691638
60.300000000000004,33.49787985023574,-99.33645690838782,2545.0980863455484
60.4,33.497898616867005,-99.33641769852046,2549.959310733146
60.5,33.49787824794478,-99.33642252155408,2542.0678450039854
60.6,33.49787111430904,-99.33634940585632,2535.679852392135
60.7,33.49789855056215,-99.33640825355964,2530.061927884551
60.800000000000004,33.49787069924521,-99.33638318852819,2535.9394872174653
60.9,33.49785561088141,-99.33643063717089,2530.651668649367
61.0,33.49782117917457,-99.33635452962794,2526.1707770243897
61.1,33.497861597247336,-99.33639811804315,2521.418915140048
61.2,33.49785456652901,-99.33635152010773,2524.1914233435764
61.300000000000004,33.49788809666192,-99.33637359750395,2518.104667290738
61.4,33.49786812137166,-99.33633202274848,2512.9832773344556
61.5,33.49785733730714,-99.33629277541746,2507.3565005917253
61.6,33.497849811555824,-99.33631315450094,2508.936491043315
61.7,33.49783225376045,-99.33629501641803,2506.323141583116
61.800000000000004,33.49784112541642,-99.3362490941314,2501.29867418446
61.9,33.49787737576749,-99.33631274351484,2501.717096451691
62.0,33.497824200839425,-99.33629948484631,2499.125894652869
62.1,33.49780829219546,-99.3362733130717,2494.9079047492523
62.2,33.49777826411193,-99.33622897128124,2494.1845386512787
62.300000000000004,33.49784589061205,-99.33618539318243,2492.3723832077044
62.4,33.497814888004356,-99.33624159878975,2496.4898287551364
62.5,33.49780313321868,-99.33623076553317,2481.787072041633
62.6,33.497775743672975,-99.336243096089,2477.392810435298
62.7,33.49783920831065,-99.33624905981146,2482.7078248545204
62.800000000000004,33.49787816951275,-99.33623815171327,2483.28119772334
62.9,33.49778635600652,-99.33624341611298,2474.7777353268207
63.0,33.49782177333548,-99.33619616724101,2473.8988660338428
63.1,33.49781413473132,-99.3361220394094,2464.6183087654626
63.2,33.4977947413361,-99.33618793052982,2461.5293476070233
63.300000000000004,33.49781493250574,-99.3361426044924,2456.9176023943514
63.4,33.4977740631735,-99.33620331455175,2461.234696919648
63.5,33.49778374143934,-99.33614315115965,2457.396535889002
63.6,33.497743071141585,-99.33612483571854,2457.4031160301442
63.7,33.49775354711287,-99.33611959137416,2449.181364677088
63.800000000000004,33.49773853461055,-99.3360735428529,2459.445210098625
63.9,33.49779984121144,-99.3360815940038,2447.0317891743493
64.0,33.497705968640176,-99.33612121093249,2449.285673348439
64.1,33.49777581317476,-99.33608815481128,2437.5294650284413
64.2,33.49773747544185,-99.3360933079861,2441.606324377851
64.3,33.49776303852417,-99.33602983013711,2431.9723888073645
64.4,33.49773488282524,-99.33600948756401,2433.316861541818
64.5,33.49774361996935,-99.3360305543902,2423.521789332594
64.6,33.497726745248464,-99.33607577465229,2424.1434703604996
64.7,33.49771054287385,-99.33598680538054,2426.315630906805
64.8,33.497716471523795,-99.33608789795858,2420.6316400743626
64.9,33.49772737179576,-99.33599700258324,2409.959800114213
65.0,33.49771371568535,-99.33606804783162,2406.459524074512
65.1,33.49774775282045,-99.33602627536516,2419.1801366566456
65.2,33.497736026178785,-99.33597798865203,2410.6129974140927
65.3,33.49769886026264,-99.33597937044723,2407.877375618231
65.4,33.49769192744059,-99.33597409311945,2402.052301564196
65.5,33.49770330724398,-99.33594403499424,2407.1596878782175
65.6,33.49768774846746,-99.33605276974775,2388.288090863891
65.7,33.4977210717318,-99.33598476563922,2397.372456137
65.8,33.49772589494818,-99.33593545191755,2395.4354651636636
65.9,33.49765056169038,-99.33588727278946,2380.8789436167112
66.0,33.49771029398985,-99.33590767145608,2390.0663932537627
66.1,33.4976735629677,-99.33587413665293,2383.6368158502723
66.2,33.497665207168524,-99.33586306418957,2391.072879186895
66.3,33.49762686032567,-99.33599229537434,2382.1622528293374
66.4,33.49763317464356,-99.33590899241484,2376.186750807311
66.5,33.49760823506481,-99.33590710886635,2370.997152102515
66.6,33.497670693940584,-99.33587309658203,2378.751682023003
66.7,33.497655432419165,-99.33586397123285,2374.6830559984082
66.8,33.49761272884131,-99.33579502616621,2360.040125738005
66.9,33.49764056316025,-99.33586143498766,2358.3715812406895
67.0,33.49765975627,-99.33585377939043,2366.9988981385495
67.1,33.49765335791078,-99.33582537742147,2359.8312603044433
67.2,33.49763373987685,-99.33582550349111,2347.634363233204
67.3,33.49769065321787,-99.33584695343909,2356.0071713750976
67.4,33.49761925651789,-99.33574373295669,2350.932569003777
67.5,33.49761215485996,-99.33573724522988,2347.1004590129514
67.6,33.497663350465075,-99.33576448879927,2337.1324930612855
67.7,33.49762692233917,-99.33577981995978,2342.2198683777992
67.8,33.49761124281589,-99.335780892114,2329.518190555508
67.9,33.49761652396479,-99.33579627907893,2332.45304877494
68.0,33.49759603854397,-99.33572028316082,2329.996146689004
68.1,33.49761694630238,-99.33576315547307,2320.794074115464
68.2,33.49758863873221,-99.33571074387932,2326.049167919033
68.3,33.49758168697118,-99.33570039701046,2316.79578755899
68.4,33.4976132617122,-99.33569774141867,2322.089683077134
68.5,33.497612755082784,-99.33569467789164,2325.414881123702
68.60000000000001,33.49762518699709,-99.33572991766756,2321.5644454303883
68.7,33.49758817149006,-99.33562913709258,2312.626091933322
68.8,33.497632625973004,-99.33566005522515,2313.1723303701224
68.9,33.497504033471245,-99.33570793147342,2308.136551872748
69.0,33.497561113811365,-99.33565830410873,2310.206503271167
69.10000000000001,33.49756365727556,-99.33569432440228,2308.2838138238076
69.2,33.49756177672506,-99.33565709548425,2297.8206486892645
69.3,33.49759261420643,-99.33568871443896,2297.6232016176514
69.4,33.497529137930215,-99.33563991107567,2298.1452688857617
69.5,33.497568764953215,-99.33563520191237,2291.348968263252
69.60000000000001,33.49752301145686,-99.33559888553646,2284.4606296297084
69.7,33.49756948716358,-99.33556805106386,2285.9331620644925
69.8,33.497599812471634,-99.33557996574308,2280.918293030469
69.9,33.49755638287831,-99.33555789007121,2283.176044182221
70.0,33.497535406409696,-99.33557004323099,2281.6146447059295
70.10000000000001,33.4975254193538,-99.33557510366126,2267.4250448994353
70.2,33.4975880134444,-99.3355161471673,2269.608781143502
70.3,33.49753403753667,-99.3355492198818,2272.801187725549
70.4,33.49749872925086,-99.33557209394611,2266.18183155318
70.5,33.497513773902426,-99.3355303798567,2259.9414149146824
70.60000000000001,33.49750416247173,-99.3355045026733,2260.900551885577
70.7,33.497530146010746,-99.3354979814953,2253.6501058657186
70.8,33.497483084601804,-99.33552271509615,2252.1525599563643
70.9,33.49751581149688,-99.33551798540356,2246.76007456815
71.0,33.497536835255794,-99.33546513716016,2242.5237563672854
71.10000000000001,33.497523660754474,-99.33546073105965,2248.663295816943
71.2,33.49748723056197,-99.33552463290212,2236.730530625645
71.3,33.49753290927883,-99.33548872685552,2234.532091164356
71.4,33.49746830469759,-99.33546505608838,2242.6852071188755
71.5,33.497434736265284,-99.33541046571392,2231.576037643904
71.60000000000001,33.497490964663115,-99.33544240888907,2228.7881453096065
71.7,33.49745116102672,-99.33546799764473,2231.999324837197
71.8,33.4974684788693,-99.33543168707908,2218.516749274953
71.9,33.497453067983116,-99.33540812171776,2231.1956873482472
72.0,33.497506161261164,-99.33539283110186,2219.113137329068
72.10000000000001,33.49751914466528,-99.3353375989759,2215.6178563032154
72.2,33.49748728016231,-99.33537410425073,2230.2429421844176
72.3,33.497467524853136,-99.3353789485442,2213.9615009409868
72.4,33.497455985306125,-99.33534307356749,2210.007962378237
72.5,33.497438971328506,-99.33535209170165,2211.0187491288807
72.60000000000001,33.497396151346436,-99.33537584932458,2210.9090303160524
72.7,33.497401614175274,-99.33528524374607,2200.072853192187
72.8,33.497411775438216,-99.33533602410672,2209.934417131548
72.9,33.49743854419252,-99.33533798826679,2196.780906066105
73.0,33.49739994397169,-99.33532524081025,2187.775600662917
73.10000000000001,33.49743086682128,-99.33529896972038,2194.8129107586187
73.2,33.497426416410676,-99.33531907272328,2185.051303807999
73.3,33.49745223243096,-99.33531664645758,2189.7890083229972
73.4,33.497425720820566,-99.3353160865047,2193.655102567989
73.5,33.49740284091464,-99.33532380447565,2181.593364042197
73.60000000000001,33.49739985466322,-99.33527970215088,2169.578986122119
73.7,33.49734676146425,-99.3352150261464,2166.895843596769
73.8,33.49741520332611,-99.33524611327759,2173.32255838825
73.9,33.497418326487484,-99.33518051322972,2166.1634210818256
74.0,33.497386149762356,-99.33520563299108,2159.9900648851576
74.10000000000001,33.49737467170299,-99.33523094285421,2166.697347446036
74.2,33.497345453687686,-99.33519809073059,2156.9967010800037
74.3,33.497369862082714,-99.3352001929497,2157.4869928874746
74.4,33.49732741650546,-99.33521109048316,2147.966662819373
74.5,33.49735063211317,-99.33523501213189,2154.0060505179495
74.60000000000001,33.49733701755788,-99.3351552284756,2144.63905066933
74.7,33.497388811742084,-99.33524882449392,2146.824034066941
74.8,33.49732556830654,-99.33517758109905,2137.892844778722
74.9,33.49735611111661,-99.33516444056195,2132.209521416261
75.0,33.497352671313635,-99.33520985581576,2146.933515484619
75.10000000000001,33.49739235470793,-99.33516286523384,2138.127359203096
75.2,33.49733610778519,-99.33514620820684,2131.4504796010006
75.3,33.4973052564446,-99.335096673168,2125.178704543113
75.4,33.497387913782624,-99.33512624896042,2124.9865545663088
75.5,33.49733617684195,-99.33514861293968,2121.407517133734
75.60000000000001,33.49731833449653,-99.33507047694769,2124.766185046581
75.7,33.497381070628606,-99.33510619642603,2119.0511806405257
75.8,33.4973033812124,-99.33509399205471,2117.2335907280117
75.9,33.4973409479112,-99.33509496280419,2110.5607249776954
76.0,33.49731285315857,-99.33501872999095,2102.8069943138935
76.10000000000001,33.49729933519987,-99.33507427075304,2103.334961166334
76.2,33.49737976369271,-99.33504663516594,2098.190207103814
76.3,33.497340914611634,-99.33502470113545,2108.782420799813
76.4,33.497308408894256,-99.33506787384714,2102.8104322538393
76.5,33.49735515157815,-99.3350603621355,2102.393214862326
76.60000000000001,33.49730599150643,-99.33500542322238,2096.356035694631
76.7,33.49727727759398,-99.33507602329918,2099.6446592450243
76.8,33.497283113407086,-99.33502068644687,2086.4323435897863
76.9,33.49728085607672,-99.33498971656311,2089.5762850271676
77.0,33.49729874014166,-99.33501340331107,2083.4355794482785
77.10000000000001,33.497280344677634,-99.3350278177956,2081.181811271947
77.2,33.497314009093465,-99.33497455508464,2078.7987527988994
77.3,33.49728858458416,-99.33495515510722,2082.455492163935
77.4,33.49727623072557,-99.3349595100399,2069.8445292378506
77.5,33.497302859428004,-99.33495334195261,2075.7441357826783
77.60000000000001,33.49720948707369,-99.33495136548689,2069.9502744352344
77.7,33.497278201669765,-99.33495893411903,2068.100103222132
77.8,33.497270101008006,-99.33493106562536,2055.1716060274357
77.9,33.497250915588275,-99.33494036652593,2067.0148650008805
78.0,33.49723850536497,-99.33490655059032,2044.5280272917698
78.10000000000001,33.49724494576882,-99.33490840874492,2054.6986971064257
78.2,33.497240323575774,-99.33486373585413,2052.729992676993
78.3,33.49725314388364,-99.33483232715906,2048.4610635016406
78.4,33.497251526980754,-99.33489947060848,2045.518600471688
78.5,33.49721676101786,-99.33483037298723,2039.160938898805
78.60000000000001,33.49729885992015,-99.33482391309485,2038.3464065676187
78.7,33.49721829340863,-99.33484761360009,2042.873285774579
78.8,33.49725381751537,-99.33485602405023,2015.357950626782
78.9,33.49723208316214,-99.33484525655281,2032.5295899361902
79.0,33.497206767104686,-99.33488600440218,2024.0972368102146
79.10000000000001,33.49722670719501,-99.33479394987606,2025.2269699080368
79.2,33.49723699921577,-99.33480691343169,2016.7981009351188
79.3,33.49724354248054,-99.3347820699297,2009.9054830260213
79.4,33.497225643211635,-99.33480735459307,2014.648904777109
79.5,33.497200952108194,-99.33478574877071,2010.126492953065
79.60000000000001,33.49717931907181,-99.33475672804701,2005.9289061803227
79.7,33.49722647640812,-99.33475253386881,2011.767373383353
79.8,33.49718430791459,-99.33474155199082,2011.4779081220424
79.9,33.497173866269335,-99.33474794561207,2009.865085022921
80.0,33.49724946548639,-99.33471946767655,2002.2149818033945
80.10000000000001,33.49719635067593,-99.3346772467022,1992.2729193825098
80.2,33.49720220044848,-99.33469320108172,1998.0006882577718
80.3,33.49717648585807,-99.33476665776644,1996.1318382112188
80.4,33.497142915336035,-99.3347311883768,1983.0181864360695
80.5,33.49717927156938,-99.33474558207521,1986.2310056760946
80.60000000000001,33.497166184707616,-99.33469336614861,1987.253461122775
80.7,33.497225331649986,-99.33467206363703,1981.9568488953491
80.8,33.49720879015075,-99.33466607505581,1972.7090599016292
80.9,33.49718459318628,-99.33467206918336,1971.7380944316656
81.0,33.497177422193325,-99.33466271801956,1977.582986552455
81.10000000000001,33.49714661416033,-99.33461558593784,1967.463049233715
81.2,33.49716815891715,-99.33457974330334,1970.5864111435108
81.3,33.497148609066365,-99.33458132431747,1968.3334787106767
81.4,33.497172948642636,-99.33464645703282,1959.3403364257392
81.5,33.49715059635845,-99.33457940010432,1959.386077599329
81.60000000000001,33.49714808347827,-99.33457198177986,1958.3165202929492
81.7,33.49711093762983,-99.33462273145247,1955.217080733564
81.8,33.497185363543814,-99.33462563390603,1948.847172482884
81.9,33.49717873753696,-99.33465214088166,1947.741345213232
82.0,33.49717802156699,-99.33457119103525,1947.9919849779708
82.10000000000001,33.497107444991435,-99.33451785780063,1941.4124286086214
82.2,33.49713199458289,-99.33458089902705,1939.4142390053319
82.3,33.497145533037916,-99.33465470029822,1941.6805477301386
82.4,33.4971186599157,-99.33465600060316,1929.3599162413434
82.5,33.4971269451973,-99.33451810119908,1933.076431169047
82.60000000000001,33.49713238773735,-99.33451255506327,1928.1949901276525
82.7,33.49709199723688,-99.33453085662721,1930.920388488173
82.8,33.497070439073674,-99.33448001023977,1917.35483773097
82.9,33.497031758093,-99.33450016827786,1930.8747301055243
83.0,33.497103264721765,-99.33448066827289,1931.5220688534278
83.10000000000001,33.49708796225276,-99.33447204827293,1925.0308549729862
83.2,33.49705386814485,-99.33446278706342,1912.8504685214791
83.3,33.49708994321422,-99.33449006913905,1913.8102090319076
83.4,33.49708824453385,-99.33451337636544,1913.0433091342577
83.5,33.49708465429,-99.33445697455848,1916.140016165667
83.60000000000001,33.497068082955344,-99.33444531005154,1906.4277208205617
83.7,33.49704042966284,-99.33441844874947,1900.337617749088
83.8,33.49708031238104,-99.3344351760864,1897.146191732799
83.9,33.497053743660004,-99.33438270307681,1894.0650374194784
84.0,33.49708262465266,-99.33441610272382,1893.873999001136
84.10000000000001,33.49706252410329,-99.33448296115105,1888.3536059253722
84.2,33.49707477441702,-99.33439876930848,1884.3996862188549
84.3,33.497054631989364,-99.33436242137113,1881.7892512922228
84.4,33.49706313622003,-99.33433457896864,1891.0857379625531
84.5,33.497077046063886,-99.334391099514,1880.5121442945965
84.60000000000001,33.49709141199991,-99.33439162876964,1881.3807324606623
84.7,33.496986394687795,-99.33444309843199,1876.7889576954979
84.8,33.49702750577153,-99.33438066071474,1863.2618173433857
84.9,33.49703995830751,-99.3343764775299,1869.784603148063
85.0,33.4969847843902,-99.33432041256725,1854.906868070235
85.10000000000001,33.49701333713445,-99.33437690895045,1856.8131840502479
85.2,33.497060759861036,-99.33437407401992,1863.943261196113
85.3,33.49701621136801,-99.3343297535332,1859.6639210544683
85.4,33.49707358062778,-99.33433614990363,1854.8599506854114
85.5,33.496972390974534,-99.33430943742599,1855.6582166132441
85.60000000000001,33.497033268520354,-99.3343004673772,1856.9210905353245
85.7,33.497001031192646,-99.33430393530243,1848.1752394600232
85.8,33.49695678719625,-99.33426715182868,1841.919201261799
85.9,33.49699823266274,-99.33427368567472,1844.6648977386992
86.0,33.49701074246028,-99.33425246315699,1834.505774103725
86.10000000000001,33.49694925896404,-99.33432111398854,1839.39781434017
86.2,33.49701750991069,-99.3343122899981,1831.8957145138222
86.3,33.496974420152306,-99.33424756385054,1825.8599604168726
86.4,33.49699404361664,-99.33421690145033,1827.6953559246112
86.5,33.49699813249347,-99.33425250469978,1830.9732720550578
86.60000000000001,33.49700414493609,-99.33426628937015,1815.8873330316883
86.7,33.496973082720594,-99.33420098449633,1815.2688744589998
86.8,33.496987034691905,-99.33424030986073,1814.5012177794229
86.9,33.49699705901434,-99.33426586578275,1814.2751954551911
87.0,33.49696112728347,-99.33422984724851,1807.161790583518
87.10000000000001,33.49695492889679,-99.33424086986052,1809.2244321565586
87.2,33.49699721518728,-99.33420667637532,1809.1300045603487
87.3,33.49698857778263,-99.33414707386696,1800.6954831269454
87.4,33.496938836862476,-99.334189383295,1803.566723818496
87.5,33.49694644884226,-99.33413918576804,1798.2313564568976
87.60000000000001,33.496937792525586,-99.33411924817321,1809.8722092727353
87.7,33.49686532384693,-99.33414099694211,1791.7449537673835
87.8,33.496944829323375,-99.33413690323171,1788.5747152621218
87.9,33.49693211818152,-99.33415321877563,1779.8548003556007
88.0,33.49692888612815,-99.33410992239236,1790.325055515842
88.10000000000001,33.49692642200508,-99.33413828027618,1776.0412264289969
88.2,33.49690364791294,-99.33408756122971,1781.385500230311
88.3,33.49690274537343,-99.33410038494024,1779.8583283249147
88.4,33.4969388849165,-99.33408689968917,1775.5432871066055
88.5,33.496860460886175,-99.33407179805232,1773.7446432100983
88.60000000000001,33.49693044199659,-99.33411185942151,1769.2962123597551
88.7,33.496900607563475,-99.33403187692578,1777.6152412779968
88.8,33.49688863100956,-99.33415172006872,1768.9583161603973
88.9,33.496876712606465,-99.33401701282544,1760.6537433812005
89.0,33.496895203301,-99.3340274742095,1764.178433608077
89.10000000000001,33.4969510379669,-99.33408166754629,1749.3772769297473
89.2,33.496908099988495,-99.33402583088076,1749.6936098893052
89.3,33.49692812428832,-99.3339484126548,1752.9164047708111
89.4,33.496887172069805,-99.33396930768387,1746.6226683142388
89.5,33.496867614345476,-99.33402596480852,1749.20890346699
89.60000000000001,33.49688382333595,-99.33402646564709,1741.6893008491923
89.7,33.49688705112507,-99.3339916864379,1746.4722800063812
89.8,33.49687228580769,-99.33400436229947,1732.7750459269319
89.9,33.496861512640805,-99.33399894573913,1741.1324186782092
90.0,33.49688618214864,-99.33398758727049,1730.4687741384967
90.10000000000001,33.49690658462575,-99.33398200479701,1725.095967083063
90.2,33.49682932135471,-99.33400658976312,1730.6949977085205
90.3,33.496931312767074,-99.33390795223967,1725.752427186872
90.4,33.49681675529998,-99.33393442443524,1711.9628957550522
90.5,33.4968350221196,-99.33400082973145,1717.9872428001304
90.60000000000001,33.496873744635536,-99.33394068426702,1718.570518779575
90.7,33.49683193686046,-99.33398545322481,1714.280800709822
90.8,33.49685610539039,-99.33385433892403,1713.6352869640627
90.9,33.49681239146814,-99.33384037972598,1715.0082597946282
91.0,33.49679547451987,-99.33386773593939,1706.0200490073962
91.10000000000001,33.49680547469024,-99.33388521155348,1697.7868069525152
91.2,33.496899047241556,-99.33384700737587,1697.3018020754546
91.3,33.496848210549395,-99.33392931509812,1690.294142190441
91.4,33.49682999332154,-99.33386407926483,1689.511353194358
91.5,33.496859401610074,-99.33383696432142,1686.284124366035
91.60000000000001,33.496820246216956,-99.33383947891762,1686.4215789246514
91.7,33.49684020932922,-99.33387542144526,1682.459117765211
91.8,33.496828502854825,-99.3338362527516,1680.2098857609974
91.9,33.49681956749239,-99.33381311491374,1671.02750231793
92.0,33.496827398199635,-99.33385737760712,1678.4820141233688
92.10000000000001,33.49677899023497,-99.33383299348957,1663.6129895370714
92.2,33.496822984225,-99.33380383099983,1673.705174613211
92.3,33.49678191339412,-99.33376564542606,1672.4902392087536
92.4,33.49679410455116,-99.33372926478961,1674.944498031882
92.5,33.49680050219077,-99.33378064122569,1662.8890470243716
92.60000000000001,33.49681021821582,-99.33381257704379,1663.5837571098307
92.7,33.49681337443414,-99.33378878383571,1661.8350590129028
92.8,33.49684269668496,-99.333790033915,1662.8163521179322
92.9,33.49674546557332,-99.33377427299048,1652.26833477331
93.0,33.49673466444587,-99.33379940033942,1645.2750859232804
93.10000000000001,33.496815572001175,-99.33371715300754,1647.466149075179
93.2,33.49681230925697,-99.3337694800058,1649.9524551667366
93.3,33.496752731024344,-99.33374580198766,1645.2564282544076
93.4,33.49673471047398,-99.33368793356973,1641.2952456483035
93.5,33.496749527310435,-99.33370472752712,1637.6907997404776
93.60000000000001,33.49672484009672,-99.33370536683844,1640.691505445566
93.7,33.496756186243935,-99.3337270047684,1632.6147869948113
93.8,33.49680354590714,-99.33370076333289,1625.8913513399655
93.9,33.496777404225355,-99.33368118034251,1624.653829001842
94.0,33.49673166469478,-99.333696061117,1627.571745788026
94.10000000000001,33.49674240480907,-99.3336940947882,1620.516513828145
94.2,33.49673620854045,-99.33366653431217,1620.5531229378278
94.3,33.496768838532695,-99.33367242142684,1614.6249509713136
94.4,33.49675738737284,-99.33366737078626,1610.7251806881247
94.5,33.49673227932436,-99.33361105404407,1603.00585420161
94.60000000000001,33.49672356127288,-99.33363736242994,1606.438350760866
94.7,33.496761276354405,-99.33362803757596,1613.6492010516738
94.8,33.49667952361877,-99.33358315002101,1612.6429508737647
94.9,33.49671053176677,-99.33365823112818,1604.4062534263
95.0,33.496713879404304,-99.33359721749223,1603.501588325106
95.10000000000001,33.4966722298715,-99.33360043254561,1596.9475117989339
95.2,33.49677616418183,-99.33363988496907,1593.5646219736138
95.3,33.4966921300119,-99.3336229949192,1591.9069476679538
95.4,33.49672222401218,-99.33365552627212,1585.8516276443002
95.5,33.49675433038368,-99.3335972624443,1581.9470183851363
95.60000000000001,33.49666392734565,-99.33356085449178,1588.2843789137107
95.7,33.49668877826973,-99.33354185721059,1572.6304659840873
95.8,33.49671089507026,-99.33355099389117,1575.31397439158
95.9,33.496638150925584,-99.33354615276264,1568.8354374629128
96.0,33.49670914534694,-99.33351396612665,1566.2383542538241
96.10000000000001,33.49672101116374,-99.33347694060365,1570.9998922104592
96.2,33.49669804710916,-99.33356067024249,1563.5781096728995
96.3,33.49671105878313,-99.3334958943518,1552.224989254767
96.4,33.49666888804145,-99.33357723704451,1565.4271869066051
96.5,33.49663739438226,-99.33351942852082,1556.2240049442266
96.60000000000001,33.49664730246634,-99.33349842716795,1554.40715801962
96.7,33.49668683919922,-99.33355850420709,1545.8772258610752
96.8,33.496672753466896,-99.33345915145861,1542.7176677315874
96.9,33.49662078333978,-99.33346696138716,1541.091329716431
97.0,33.496664305482895,-99.33350090131168,1544.6247716371906
97.10000000000001,33.496659299391695,-99.33342895714053,1542.7227673773855
97.2,33.49667303628621,-99.33345332891648,1535.4394762296395
97.3,33.49669514409647,-99.3334375049125,1527.3166921946734
97.4,33.496666486403065,-99.33340630650737,1526.3763151434596
97.5,33.49666944670201,-99.33342972615239,1530.6080431907708
97.60000000000001,33.496636897218146,-99.33344816489,1516.6620160065968
97.7,33.496657954901366,-99.3334184535959,1522.3759887980482
97.8,33.496622275281275,-99.3334663720853,1512.5814103563355
97.9,33.496616578176216,-99.3334546912316,1516.1861933213684
98.0,33.49664698630381,-99.33335142687598,1514.4440688326315
98.10000000000001,33.496620517927454,-99.33340420314543,1513.6184742642179
98.2,33.49663471352607,-99.33338669660777,1517.748127228224
98.3,33.49659473547544,-99.33331357410596,1504.2576303998733
98.4,33.49663113054399,-99.33335639104543,1499.2503377427793
98.5,33.49657915527812,-99.33337823635395,1498.7110035363946
98.60000000000001,33.496611806501555,-99.33331390054363,1499.0552244295397
98.7,33.4966335011253,-99.3333448472822,1501.6226437183063
98.8,33.49657005699804,-99.33335616744102,1502.2829243649685
98.9,33.49660692812536,-99.3333616832088,1486.8478900490124
99.0,33.49662136299388,-99.33340697338133,1490.8735662906554
99.10000000000001,33.49660701177398,-99.33330691314434,1487.120994760312
99.2,33.49658163648708,-99.33331837847312,1481.8027294900708
99.3,33.49655917711917,-99.33337171655266,1475.3558636536602
99.4,33.496549802776656,-99.3333349473808,1484.1204836048944
99.5,33.49654051703,-99.33336748022865,1466.0679471400365
99.60000000000001,33.49659782899825,-99.33330932014613,1464.6240137812072
99.7,33.49658672576999,-99.33325577255499,1462.011057369601
99.8,33.49662895133487,-99.33327990887508,1474.4293828518876
99.9,33.496561428137994,-99.33326593334253,1468.37288856237
100.0,33.49658096714101,-99.3332382104114,1458.1015078917155
100.10000000000001,33.4965965933723,-99.33322423779902,1463.3785206347632
100.2,33.496597132646876,-99.33325046593515,1453.047246049477
100.3,33.49664155242595,-99.33328991053696,1460.1546719886205
100.4,33.4966106901826,-99.33321616339738,1453.9966305960402
100.5,33.49651810494335,-99.33330435837571,1447.364368255263
100.60000000000001,33.496548672209876,-99.333208885263,1449.9114099761482
100.7,33.496543663481894,-99.33320330706016,1440.2582902640797
100.8,33.496598472564315,-99.33317731841474,1444.1693802958007
100.9,33.49656351942561,-99.33317761273301,1446.6231723991302
101.0,33.49651210854856,-99.33325046910186,1435.5532824729203
101.10000000000001,33.496544887972775,-99.33324801377263,1436.2764729951812
101.2,33.496553485470976,-99.3331594820074,1439.5564137239974
101.3,33.4965483716953,-99.33317874420628,1426.3473712604866
101.4,33.49650488878265,-99.33313372477916,1427.7825729167253
101.5,33.49653205128116,-99.33325004999186,1421.3361777366217
101.60000000000001,33.49650142632136,-99.33315694539492,1419.7361551141717
101.7,33.49650900140427,-99.33317683670667,1416.7142248151713
101.8,33.49649905785905,-99.33311465320529,1410.7274479386422
101.9,33.496490045796314,-99.33315904523748,1418.61197928638
102.0,33.49649939544098,-99.3331021155709,1407.6847054552948
102.10000000000001,33.49650896842028,-99.33311515630066,1419.69346997576
102.2,33.49649209800866,-99.33310529417749,1404.120779524525
102.3,33.49650099996886,-99.3331221126643,1404.6545729633888
102.4,33.49650945612666,-99.33312256126328,1400.200893223115
102.5,33.49646682607683,-99.33310578971152,1390.4780485049835
102.60000000000001,33.49655094890545,-99.33309912496037,1395.255115879651
102.7,33.496526972259495,-99.33305998563455,1385.6157307444828
102.8,33.49654860690018,-99.33305447627757,1384.6595952187404
102.9,33.496516846788204,-99.33309648404177,1393.4439800686862
103.0,33.4964815529277,-99.33305283788174,1387.2431682577956
103.10000000000001,33.49653318964604,-99.33310480430431,1388.1051979160088
103.2,33.49649182568277,-99.3330319990409,1378.1007895474402
103.3,33.49649898107725,-99.3330550691728,1372.558189970857
103.4,33.49651355438972,-99.33296603201582,1369.9462390032186
103.5,33.49645270800525,-99.33304611854618,1372.9236226780672
103.60000000000001,33.49647091008899,-99.33299256644102,1368.8327315858942
103.7,33.49650100294663,-99.33305017560673,1369.0168815721427
103.8,33.49650099746234,-99.33291320272967,1357.466352899549
103.9,33.49643870464051,-99.33300282009927,1362.2897356058304
104.0,33.49647008624391,-99.33300720849739,1356.5705070715478
104.10000000000001,33.496433986933226,-99.33307321430281,1351.3661374543053
104.2,33.4964242319543,-99.3329696336419,1348.7765274517035
104.3,33.49642659899113,-99.33297423805028,1349.3683972448034
104.4,33.49642510809388,-99.33296794737149,1340.8734474139271
104.5,33.49644033510314,-99.33298559000042,1353.6228761165942
104.60000000000001,33.49647880815996,-99.33296602414654,1339.064056327328
104.7,33.496464498677156,-99.33297311835796,1336.2943284636417
104.8,33.496472475473645,-99.33290688011351,1332.7738849169452
104.9,33.49641297005524,-99.33297636989244,1335.6595974837805
105.0,33.496428257086414,-99.33288965828443,1329.5286456047327
105.10000000000001,33.49645457966334,-99.33288449475086,1325.530507023367
105.2,33.49643731227544,-99.3329275695154,1326.7367568044083
105.3,33.4963708696424,-99.33289963777833,1328.8089999944284
105.4,33.496404913910986,-99.33297166395485,1325.8939648454088
105.5,33.49642350582781,-99.3329319442553,1325.137606824259
105.60000000000001,33.496435844980276,-99.33296434988749,1311.0946489056516
105.7,33.496388627706274,-99.33286636017529,1313.0370035648114
105.8,33.496380635568514,-99.3328861501114,1311.678185965939
105.9,33.49639148787435,-99.33291491209943,1310.9851923343558
106.0,33.496407590083216,-99.33288510495785,1301.3591401684446
106.10000000000001,33.49636744491811,-99.33289718338733,1301.1598559836364
106.2,33.49638737722528,-99.33288959261175,1286.6452967346283
106.3,33.49639378041049,-99.33280984329768,1301.6270736563943
106.4,33.49637565219258,-99.33285157482773,1291.6535904390312
106.5,33.49638718786262,-99.3328664182296,1293.511259675201
106.60000000000001,33.49644725698465,-99.33278488353642,1289.9147434900253
106.7,33.496369360173986,-99.33284940648123,1277.6314985752972
106.8,33.49635774606866,-99.33286964351929,1286.021098223689
106.9,33.49640419183313,-99.33283991875854,1277.40503005364
107.0,33.49634936597946,-99.33279472121458,1268.7148458214908
107.10000000000001,33.49642139200367,-99.33278395017649,1277.560644415181
107.2,33.49641813468388,-99.33281248687487,1270.1950215334548
107.3,33.49644648984378,-99.33280656739713,1278.3389256553346
107.4,33.49636556302499,-99.33283002660615,1257.4247965299664
107.5,33.49634414967035,-99.33281988525228,1267.4110302597724
107.60000000000001,33.49631811420484,-99.33278167428396,1264.5581383417193
107.7,33.496316223044595,-99.33278663242183,1265.3263498860547
107.8,33.496354653197926,-99.33278494611977,1253.569826894688
107.9,33.49639816479684,-99.33277546157977,1250.9197491733532
108.0,33.496323395784636,-99.33272370340703,1256.2118901330002
108.10000000000001,33.49636138127132,-99.33272588356776,1246.0518895045257
108.2,33.496384839264735,-99.33274263534533,1241.2656221955228
108.3,33.496361139557486,-99.33275720569229,1241.0194404432345
108.4,33.49632871239421,-99.33270866936718,1247.678501895901
108.5,33.49634160859689,-99.33268610767705,1245.8044095486625
108.60000000000001,33.49633704557178,-99.3327409584205,1236.8830113529518
108.7,33.496371740838256,-99.33268293466435,1232.7706799279356
108.8,33.49635306823571,-99.3327187293552,1229.396787516534
108.9,33.496364449747276,-99.33272460930053,1224.668171530367
109.0,33.49631368695536,-99.33265388902319,1224.623781391956
109.10000000000001,33.49632244094164,-99.3326187440053,1217.2814357429766
109.2,33.49633050928744,-99.33264983819095,1222.0512386905891
109.3,33.49631425939431,-99.33269707625215,1212.625474921414
109.4,33.49637327228095,-99.33261599008146,1208.1511688307153
109.5,33.49629868367659,-99.33268824904206,1225.5406643139352
109.60000000000001,33.49629073140645,-99.33262697526908,1214.1301407473827
109.7,33.496318839601216,-99.33263814471925,1195.5422696443886
109.8,33.49634138892489,-99.3326373515144,1203.836704968515
109.9,33.49629347997183,-99.33266970828767,1206.4241483290411
110.0,33.49630000732803,-99.3326561449022,1203.2504275182944
110.10000000000001,33.496304344229614,-99.33257142399025,1193.8579741791675
110.2,33.49629346806593,-99.33258847811408,1194.8351583261142
110.3,33.496329109094,-99.3325721825464,1196.5740148751815
110.4,33.49632909002769,-99.33258483547726,1187.2092504264833
110.5,33.49629474877042,-99.33262254751114,1190.170933356541
110.60000000000001,33.496280116859076,-99.33259698138008,1189.766395054446
110.7,33.49632354137732,-99.33254336769879,1184.9445336188376
110.8,33.49622714462724,-99.3326287143808,1181.4255296897313
110.9,33.496323784495225,-99.33256706806182,1171.4484091771105
111.0,33.49630401683307,-99.33258492152888,1180.0198929400776
111.10000000000001,33.49632480793687,-99.3325353844627,1168.5541737054375
111.2,33.496257363329356,-99.33257631705612,1172.4074921768417
111.3,33.49629622483407,-99.3325885523044,1166.8273207959253
111.4,33.496322710188934,-99.33254498666724,1161.1568471523472
111.5,33.49624918975228,-99.33251605913424,1147.9505489101473
111.60000000000001,33.496242194261576,-99.33252321637751,1163.4210859667332
111.7,33.49629884045734,-99.33255276049623,1150.7920427864544
111.8,33.49626520942326,-99.33246186035608,1161.0496416617475
111.9,33.49624025931748,-99.33250921346504,1150.1855824586391
112.0,33.49625586963527,-99.33249704807733,1143.685774983771
112.10000000000001,33.49627688920096,-99.33248883904777,1138.1760688825036
112.2,33.49630514330002,-99.3325197636504,1142.3264148942826
112.3,33.496214049539844,-99.33247750820534,1142.581609462156
112.4,33.49626750655451,-99.33247012220974,1147.213722581476
112.5,33.49625982290484,-99.33250569289987,1125.4394482245973
112.60000000000001,33.496229578712246,-99.33244281669076,1131.8697278931593
112.7,33.496204148096865,-99.33243587852482,1127.8419000981994
112.8,33.496240444034235,-99.33249454987634,1127.5483646943896
112.9,33.496199078079364,-99.33240213257446,1130.2771985393995
113.0,33.49627260308148,-99.33245432068114,1111.4752832247425
113.10000000000001,33.49619203417222,-99.33246916140592,1119.0385782473818
113.2,33.496258122623665,-99.332480577465,1114.3461183031752
113.3,33.496181720300825,-99.33243704570022,1106.1483225899758
113.4,33.496272316850586,-99.33235603544722,1112.2166079862402
113.5,33.496261067916194,-99.33245693727062,1107.8843320003016
113.60000000000001,33.49622630552997,-99.33244857845423,1096.8427889459285
113.7,33.496225614149814,-99.33237373207486,1097.339029603884
113.8,33.496244090450936,-99.33239619801691,1095.6218656183287
113.9,33.49618239183647,-99.33235939762473,1099.4857894006996
114.0,33.496208995644,-99.33233368615039,1094.013884191443
114.10000000000001,33.49620592156722,-99.332361271662,1089.674885817999
114.2,33.4961605505242,-99.33242486337306,1088.5623339989831
114.3,33.49617939367117,-99.33234795342457,1077.7749518584158
114.4,33.49623083730256,-99.33241925297136,1087.6132781713313
114.5,33.49622951640567,-99.33236087024426,1089.5645878629132
114.60000000000001,33.49621037514272,-99.33235332341644,1093.0662294536498
114.7,33.496217609272655,-99.33239830614647,1078.822960173566
114.8,33.49619106072705,-99.33238951524031,1078.914940644609
114.9,33.49621362584035,-99.332348610677,1068.9671827655977
115.0,33.49617944082508,-99.3323611442601,1064.234407995368
115.10000000000001,33.49616147213587,-99.33230581194985,1060.9041479809407
115.2,33.49616979161401,-99.33240302415801,1063.9123461637248
115.3,33.496162054139695,-99.33226649361943,1070.349454730747
115.4,33.49616575768609,-99.33233427632601,1063.308299001124
115.5,33.49618224478447,-99.33229236259494,1051.062109390336
115.60000000000001,33.49617270868983,-99.33227170051676,1059.831961838499
115.7,33.496205921941645,-99.33229658105546,1041.6204504481032
115.8,33.49616902439907,-99.33226863501322,1041.3368222051672
115.9,33.49616908724147,-99.33227970915969,1040.6187335572833
116.0,33.496089546705974,-99.33226740053438,1039.8800311232783
116.10000000000001,33.496176821081484,-99.3322765355036,1044.5170954946138
116.2,33.496180434330306,-99.33226711611981,1036.6520366685106
116.3,33.49616242794915,-99.33234479939995,1031.1676953363694
116.4,33.49619038958484,-99.332224329727,1030.4120235678565
116.5,33.49619600826228,-99.33227238461254,1027.8173852356754
116.60000000000001,33.49616507432886,-99.33228185853459,1024.4549184869263
116.7,33.49615295750604,-99.33229756637151,1026.3851945563665
116.8,33.4961335994164,-99.33219951870521,1026.0760986532032
116.9,33.49610117816681,-99.33223486575088,1022.6886132202017
117.0,33.49615466356411,-99.33218411237539,1016.3400849010229
117.10000000000001,33.496176607303525,-99.33223657997752,1010.0894222323741
117.2,33.496153606637904,-99.33218464415077,1020.7042837700222
117.3,33.496138840382336,-99.33220758704864,1006.2923029972989
117.4,33.49609189382056,-99.3321897629532,1009.7512493236494
117.5,33.49609570963109,-99.33221334505151,1006.120899840961
117.60000000000001,33.49613180366185,-99.33221611195212,1001.8798184241041
117.7,33.49608929022418,-99.33212040998744,995.073348852891
117.8,33.496124998400575,-99.33216231419199,1002.3342804328627
117.9,33.496115516900176,-99.33219830821709,995.1012394388194
118.0,33.496122536486965,-99.33215139819276,996.671094722752
118.10000000000001,33.496127616740694,-99.33214763475522,986.5373663276731
118.2,33.49610877667565,-99.33216401510448,981.7103908716672
118.3,33.49611263209717,-99.33216806629154,990.5052040756641
118.4,33.49612489981278,-99.33219457300916,981.5709423962264
118.5,33.49606645474702,-99.33212450883185,979.53255944608
118.60000000000001,33.49609939167642,-99.33212158730608,975.6039765015261
118.7,33.496122391442945,-99.33216451940967,970.4187111940964
118.8,33.49613476403056,-99.33210298298188,968.4476688610582
118.9,33.49607186604022,-99.3321646229228,969.1627118319758
119.0,33.49610246725114,-99.33217086401443,965.5580838906163
119.10000000000001,33.49610803681275,-99.33217818547084,957.627875257908
119.2,33.496087913603866,-99.33216813646413,952.321378289973
119.3,33.49609833563858,-99.33216303434824,965.8765490701408
119.4,33.49610600805137,-99.3321161679259,953.698740237009
119.5,33.49610197168379,-99.33210740608858,944.6001571776108
119.60000000000001,33.49610999937589,-99.33214273101254,950.5863743381879
119.7,33.49610206601794,-99.33210737542184,955.7677347312194
119.8,33.49604460922272,-99.33210726334863,946.9860973076061
119.9,33.496123243286995,-99.3320759865125,935.7199708815577
120.0,33.49611052831569,-99.33209179019045,938.0792372860278
120.10000000000001,33.49602207756817,-99.33208761860247,928.1505799583528
120.2,33.49610133740377,-99.33203453135312,934.4545500146198
120.3,33.496101196078726,-99.33208497634102,931.071921829746
120.4,33.49607799046718,-99.33208792666393,927.6564709512246
120.5,33.49606366279849,-99.33209686821607,928.128177735756
120.60000000000001,33.496045987482574,-99.33207543559593,924.1354763619366
120.7,33.496055817967736,-99.33202502816557,920.9041969301697
120.8,33.49599796743385,-99.33205162948772,910.176385168561
120.9,33.49609017160855,-99.33205039791353,916.8609730162821
121.0,33.49606174056706,-99.33204116384124,913.9502525310171
121.10000000000001,33.49601387730153,-99.3320271217276,909.3511752186688
121.2,33.49605100307265,-99.33197085948026,915.3667405573232
121.3,33.49608502087603,-99.33203623350212,903.0225484360958
121.4,33.496074362778835,-99.33198655807615,905.0952814947715
121.5,33.49604940966589,-99.33198065800096,907.8277902855799
121.60000000000001,33.49603005829938,-99.33198211348953,890.5079293280274
121.7,33.49610273775273,-99.33202484385531,893.5952049883253
121.8,33.496105081563684,-99.33200359268461,890.1179216996743
121.9,33.496031870672454,-99.33203317434653,891.491091168602
122.0,33.49603761857999,-99.33196109113236,885.0132259875036
122.10000000000001,33.49606360828581,-99.33199051595632,890.0183082241576
122.2,33.496045091219635,-99.33196638166528,875.8112040262027
122.3,33.49602976419671,-99.3320348330137,881.4739891979835
122.4,33.49601518078195,-99.33197482243926,874.1150832583642
122.5,33.49605252620142,-99.331941805636,879.2447771809432
122.60000000000001,33.496013860424355,-99.33195318631424,868.1035880922003
122.7,33.496027351744644,-99.33198940008155,866.2626256439396
122.8,33.49604028928321,-99.33197773149615,855.2028182359621
122.9,33.496017352509384,-99.33193056286675,859.8055556246774
123.0,33.4960228607987,-99.33194446413941,857.9612123515914
123.10000000000001,33.496021847602044,-99.33193084938077,865.1587714986446
123.2,33.49601773979285,-99.33194718469692,853.6038651463468
123.3,33.495988164121314,-99.33199279698465,858.2962611876645
123.4,33.4960387783304,-99.33196156576352,856.097417471483
123.5,33.49602070512592,-99.33197477228384,847.6713994443287
123.60000000000001,33.496022106589145,-99.33192138053653,846.3371535573598
123.7,33.496060155647854,-99.3319298780581,843.1079204796566
123.8,33.495998642058474,-99.33190268357818,838.312593893452
123.9,33.49600286289572,-99.33193686522841,829.8012737325811
124.0,33.49600905356997,-99.33194992600272,834.2759653720135
124.10000000000001,33.49603037237958,-99.33191041589282,829.7104479474453
124.2,33.49599902543018,-99.33188276241235,833.3599449603628
124.3,33.49600476687078,-99.33185122752347,832.5669436137455
124.4,33.496003795134634,-99.33189896783166,828.7705615215007
124.5,33.495971160865935,-99.33186219169627,813.2531140890344
124.60000000000001,33.495983668038996,-99.33189090029505,821.5894976448654
124.7,33.49599156909177,-99.33182919828965,816.6777086548205
124.8,33.495988083705605,-99.33185530031025,808.0842200065871
124.9,33.49599920125491,-99.33182934440133,821.4541111349321
125.0,33.49600289960649,-99.33188619879475,820.4548231577228
125.10000000000001,33.4959954307607,-99.33189288145212,797.6177122974971
125.2,33.49596939461937,-99.3318757208404,799.9638313678562
125.3,33.49591924969315,-99.33181936088093,806.4928944648312
125.4,33.49595022131006,-99.33186740636246,804.2680126307083
125.5,33.496013879926856,-99.33180965525045,806.431854601299
125.60000000000001,33.49597127436917,-99.33179908003503,805.1832955166149
125.7,33.4959962082248,-99.33175291373213,807.1988072637731
125.8,33.496012735272345,-99.33183393301746,806.0628503062339
125.9,33.49599685466902,-99.33185173139398,806.4871603094492
126.0,33.49597399169103,-99.33178191361142,802.9214822187414
126.10000000000001,33.495971792137524,-99.33186781449562,817.9482288266103
126.2,33.495965681031464,-99.33179084465871,807.7734019528533
126.3,33.49595330761784,-99.33182806222668,797.0533188685207
126.4,33.49597311752724,-99.33181800918543,797.1484144815616
126.5,33.495981249960295,-99.33183816999814,795.3691365959667
126.60000000000001,33.496000680705386,-99.3317613598452,802.239127685442
126.7,33.49594064605911,-99.33175218290603,809.384662411478
126.8,33.495966663044236,-99.33180903885548,795.4968714106233
126.9,33.495962292719824,-99.33177023447944,796.9895281139499
127.0,33.495920019118714,-99.33180028408135,795.6358221347803
127.10000000000001,33.49599497971676,-99.33178021018298,796.9726477936807
127.2,33.49593415742924,-99.33179142830629,795.8629408042136
127.3,33.49595991491434,-99.3317640500336,794.3128935947352
127.4,33.49596007543845,-99.33180747375508,791.4176845646119
127.5,33.49592584925034,-99.33178094229523,793.876105413708
127.60000000000001,33.495899352485694,-99.33176225241498,795.4936731570107
127.7,33.49595272610634,-99.33175139555458,790.6885410216562
127.8,33.495932175693206,-99.33175548601996,794.4810506185893
127.9,33.495902508333295,-99.33178392875612,803.0637430021378
128.0,33.49588097215828,-99.3317496325418,786.9676618846657
128.1,33.49599754582216,-99.33176278753588,797.7386257779718
128.2,33.49592721376441,-99.3317613022635,782.6144021751929
128.3,33.49589839912307,-99.33175355303115,791.5910907611385
128.4,33.49594388695489,-99.33175986711201,798.8982702004644
128.5,33.49589305537379,-99.3317839047934,790.9398817908277
128.6,33.495917636631205,-99.3317349317573,786.6874758731676
128.7,33.49597849858946,-99.33171655372524,788.7697910560446
128.8,33.49593316510358,-99.3317316612491,781.7787937605177
128.9,33.495955512113206,-99.33173503585034,783.0741191856574
129.0,33.49588174906776,-99.33172805789833,785.8134527901499
129.1,33.495929566587755,-99.33166295716299,783.4413965109054
129.2,33.49590855745994,-99.33170893022333,780.9648138250508
129.3,33.49595837666765,-99.33170491860994,779.5892692327238
129.4,33.49591124524519,-99.33169047984379,783.8384093962817
129.5,33.49590176495319,-99.3317056249882,791.511351622417
129.6,33.49587285251717,-99.33169119541431,779.0647519848267
129.7,33.49595390158282,-99.33172827929727,777.240930349982
129.8,33.49591806292939,-99.33175464392569,778.9435395501423
129.9,33.495891926838006,-99.3317048197147,781.5659713463292
130.0,33.495880655769525,-99.33163921482017,784.717649337934
130.1,33.495870553063924,-99.33170804672284,783.3597880426964
130.2,33.49597280830625,-99.33169296978107,770.1136230092015
130.3,33.4958976194521,-99.33162463568351,770.7190263684455
130.4,33.495901456982466,-99.33166929688862,774.4972704542578
130.5,33.49592784080842,-99.33164891718106,771.5339132472425
130.6,33.49593248827732,-99.33164667664043,778.0365342726247
130.7,33.495889823937496,-99.33162252505517,769.0279131165975
130.8,33.49594717876179,-99.33166851463389,774.863057233541
130.9,33.4959185260703,-99.33175934809758,774.5146503332794
131.0,33.49591118789351,-99.33173615019722,785.005010890977
131.1,33.49591429097218,-99.33160709894875,775.4257419977487
131.2,33.495913866530564,-99.33160461900898,767.4148982807098
131.3,33.49589204466395,-99.33162068692678,772.4095107536257
131.4,33.49589280758722,-99.33153813656331,772.4686978784307
131.5,33.49590717912813,-99.3316161094885,776.7633265702083
131.6,33.49586107507014,-99.33162902284954,758.1016699750763
131.7,33.495880364646546,-99.33160636534667,766.9854840400387
131.8,33.495875221035355,-99.33159142417053,775.999608496772
131.9,33.495888860275976,-99.33160748468775,762.7742154267305
132.0,33.49592531192422,-99.33161577673872,764.507729557603
132.1,33.49593632972646,-99.33163671373853,764.3878544838025
132.2,33.49588996051137,-99.33158280924152,773.6070077726562
132.3,33.4959108013939,-99.33159560275176,765.7320872418331
132.4,33.49583911522719,-99.33156105883663,767.9684133752494
132.5,33.495898275844006,-99.33154617829858,768.6035826608921
132.6,33.49596273557207,-99.33161419258859,766.2489713655965
132.7,33.4958800257301,-99.33164074496729,764.7841261998221
132.8,33.495904607117495,-99.33159782373119,766.0984611354645
132.9,33.49589135602364,-99.33160574615984,766.6009794490574
133.0,33.4958383091065,-99.33153611726209,765.9943086743577
133.1,33.495832905903946,-99.33157338440493,763.2171910273705
133.2,33.4958889698914,-99.33157949173169,760.1112249041236
133.3,33.49576809816921,-99.33154137510901,759.7500777392794
133.4,33.495895471395514,-99.33154882344031,761.0782740181024
133.5,33.49585855796162,-99.33157996872906,765.8493795372287
133.6,33.49582813177599,-99.33151388285631,756.293461176661
133.7,33.4958942681644,-99.33149976879034,755.3083910903918
133.8,33.4958756408383,-99.3314903609667,757.5332844681859
133.9,33.49582623867757,-99.33154405192543,749.748378311584
134.0,33.49586148822438,-99.33156297080555,756.5796827104934
134.1,33.495857302241035,-99.33154632059242,764.9291465510661
134.2,33.4958268636534,-99.33152249924221,753.692345528896
134.3,33.49580930441517,-99.33150406622251,756.1410198824617
134.4,33.49590189286986,-99.33159413721467,756.0413443737771
134.5,33.49583473639376,-99.3315144565485,755.6984190756052
134.6,33.49585517195882,-99.33158204259047,755.44320862343
134.7,33.495847363734526,-99.3315234406373,750.1287973825255
134.8,33.495858781655706,-99.33156744522702,752.6722606665085
134.9,33.49587961655087,-99.33152007566798,747.9072419418947
135.0,33.49584851659107,-99.33151229116127,747.5671560824478
135.1,33.49581094422894,-99.33150560293032,755.1502394390851
135.2,33.495834017581494,-99.33145088392213,748.8315703184771
135.3,33.49580164135999,-99.33153921694789,743.8847186544498
135.4,33.495867146057044,-99.33152723493347,745.5634108216319
135.5,33.495889251651356,-99.33141693375197,744.2970020345376
135.6,33.495790335958695,-99.33150901898465,741.1591059667338
135.7,33.495830572609414,-99.33143988787069,752.1676823948872
135.8,33.49584548883939,-99.33148357225232,743.7862750438676
135.9,33.49580851626923,-99.33150439740818,746.6518798660896
136.0,33.49583836595925,-99.3314508991331,742.2892759904644
136.1,33.49580080160367,-99.3314909095667,742.8521329640979
136.2,33.49582379711817,-99.33151251446301,746.4987834296248
136.3,33.495784719174466,-99.33139716200512,740.49262371807
136.4,33.49584406438694,-99.33140743736702,743.2772629410574
136.5,33.49581317920032,-99.33144401606856,742.4572143191986
136.6,33.495787940175624,-99.33147074661336,740.508926163142
136.70000000000002,33.495830533149444,-99.33142809774095,739.8469929668938
136.8,33.49579820432503,-99.3314262833396,745.6814217217252
136.9,33.495833871938714,-99.33144519116458,740.4000198751589
137.0,33.49577097419377,-99.33139871208802,741.6480089011636
137.1,33.49586094224136,-99.33137854778721,740.5127268710417
137.20000000000002,33.49578189199588,-99.3314446409386,732.3010896995169
137.3,33.49580660602984,-99.33142876723839,739.3561710462935
137.4,33.49584272854406,-99.331393096821,745.3174838556711
137.5,33.495800599216984,-99.33143791363801,738.7358482992095
137.6,33.495767081321844,-99.33141514363551,733.6437020979093
137.70000000000002,33.49581755822097,-99.33141107787092,739.7720434907798
137.8,33.49577599405183,-99.33142527451503,741.7114630856321
137.9,33.49584711408227,-99.33142161922746,735.1735212472597
138.0,33.49581434487058,-99.33147054548681,741.3734375158373
138.1,33.49580652287784,-99.33135511253127,731.7579755611459
138.20000000000002,33.49584459930088,-99.33141425555549,728.6898653697949
138.3,33.495763916544014,-99.33139689116896,730.5775651525806
138.4,33.495775266482454,-99.33137797355478,730.8950496831601
138.5,33.49582118996185,-99.33135799655813,724.0422869899556
138.6,33.495785163363095,-99.33136730903584,727.5372772019955
138.70000000000002,33.495761728763846,-99.33138675816166,732.2680874451003
138.8,33.49580654147276,-99.33138268369176,735.4238861087239
138.9,33.49576877606487,-99.33138394568785,729.9315791983283
139.0,33.495785484661496,-99.33139342766601,728.6454308703256
139.1,33.495802383453714,-99.33139063017455,721.4168385508327
139.20000000000002,33.4957786242023,-99.33145613628665,729.3353651471773
139.3,33.4957807219578,-99.33135456599112,723.8151350592036
139.4,33.49579312720695,-99.33134087064008,726.2121014157053
139.5,33.495768670990515,-99.33135768168623,713.646480530316
139.6,33.49576645018218,-99.33136875074052,721.8463893993733
139.70000000000002,33.49579083776542,-99.3313478777178,720.5003724601215
139.8,33.49580902959238,-99.33128839453722,717.4831244438712
139.9,33.49576350706876,-99.33132778901664,725.0411814844981
140.0,33.495769573652986,-99.33128590977215,716.5926632073713
140.1,33.49577214359582,-99.33133940797957,723.2315285004272
140.20000000000002,33.49580271101329,-99.33138026599855,713.6085842574911
140.3,33.49575329637584,-99.3313372050495,715.464222117503
140.4,33.49574762835353,-99.33135784907225,716.8055032990457
140.5,33.495777702254614,-99.33132839621032,717.6728674129361
140.6,33.49575696394626,-99.33133498756443,719.1613501763474
140.70000000000002,33.49575343362093,-99.33132459986031,709.6877400768391
140.8,33.4957412108804,-99.33131976441618,716.4771034910514
140.9,33.495793387888256,-99.33139303659603,721.6240279719906
141.0,33.495753473895014,-99.33133142857258,715.8516422650276
141.1,33.49574825199724,-99.33134309248149,716.5069849800117
141.20000000000002,33.49575281256917,-99.33132221114776,711.2064788364571
141.3,33.49578077291654,-99.33125045987953,711.8051668105907
141.4,33.49576319773018,-99.3313000339261,707.2091677560633
141.5,33.49576113377301,-99.33132412639607,715.3492025089532
141.6,33.495778139252536,-99.33133940459298,703.941402753067
141.70000000000002,33.495757517224945,-99.33128856078254,711.8747838497619
141.8,33.49569772247111,-99.33124936912856,705.9121200255124
141.9,33.49573931507645,-99.33124662410064,697.4122374840333
142.0,33.49570572739069,-99.33128260850991,706.8995004693008
142.1,33.495732216921,-99.33116850928864,702.3567819243293
142.20000000000002,33.49570845789664,-99.33128650607534,714.0475165406114
142.3,33.495704262444654,-99.33128443716411,711.5745966619846
142.4,33.495732669148396,-99.33128875388199,715.349039598399
142.5,33.495713029219424,-99.3312367277969,702.1018079043735
142.6,33.495758364667736,-99.33125794203819,704.419808392622
142.70000000000002,33.49573997005011,-99.3313105772515,715.6036427426014
142.8,33.495722798580424,-99.33123977417951,706.8810698943936
142.9,33.49575891657944,-99.33123951686073,712.4305616192208
143.0,33.49574803291637,-99.33126622046898,705.212843356414
143.1,33.49571698484501,-99.33121108139858,708.479172779394
143.20000000000002,33.49570078840586,-99.33120859288836,704.9600743773515
143.3,33.49568003310409,-99.33130132936522,710.5161369007246
143.4,33.4957269910959,-99.33122839782409,700.5987857751858
143.5,33.49568405634912,-99.33123572366026,703.275143122833
143.6,33.495738608162064,-99.33118676170749,712.0700653607549
143.70000000000002,33.4957381248697,-99.33123910742425,697.9364814449672
143.8,33.49571790373141,-99.33121515437706,689.0370973425848
143.9,33.49571374533306,-99.33116370717316,697.5660832553123
144.0,33.495689117171324,-99.33122355008663,695.0043092311549
144.1,33.49574666877291,-99.33127858086809,699.3966761028342
144.20000000000002,33.49570821167814,-99.3311710506774,705.6242151245723
144.3,33.49568950810848,-99.3312180988914,698.3647528473338
144.4,33.495712001527075,-99.33117511505255,692.2508282171214
144.5,33.49572883550528,-99.33124587140101,697.915045817432
144.6,33.49566993835871,-99.3312516679743,704.7259207523225
144.70000000000002,33.495762721977236,-99.33121322686942,692.3549441807585
144.8,33.49574529430785,-99.33120962075118,693.2283508161172
144.9,33.49573861111813,-99.33118967688934,690.903052831692
145.0,33.49573859010392,-99.33114416078031,688.4621638525415
145.1,33.49570070450364,-99.33119691011336,691.3393913208953
145.20000000000002,33.4956837036983,-99.33113685814511,687.525918635974
145.3,33.49570133568212,-99.33115088282845,685.9030486590722
145.4,33.49571251129754,-99.33117119939479,688.9526116021998
145.5,33.49572322518331,-99.33120292240302,689.0473142210689
145.6,33.49565883618354,-99.33117981139245,692.4021661650547
145.70000000000002,33.49569636692441,-99.33116330602269,688.7720971678483
145.8,33.495739659329054,-99.33111460352052,683.7457729722479
145.9,33.49568748811496,-99.33117140674601,695.9747016463921
146.0,33.495706996495066,-99.33111582244999,679.525090339508
146.1,33.495700754289686,-99.33114336850795,688.2481000594063
146.20000000000002,33.49566537102173,-99.33118124293166,682.3132118029015
146.3,33.49570632309935,-99.33113466028196,688.0839093419845
146.4,33.49562830677125,-99.33108786725701,688.4092139717393
146.5,33.49566088317951,-99.3311405799719,693.5272673594965
146.6,33.495684961525235,-99.33113827159482,685.2358629120337
146.70000000000002,33.495684464532594,-99.33111177747254,688.2338944996573
146.8,33.49569042097462,-99.33116541696502,679.6317629419964
146.9,33.49572075397252,-99.33117645054044,686.8427412959013
147.0,33.4956682798523,-99.33112515865858,672.5644409469844
147.1,33.49566223729353,-99.33112929553616,688.720283409582
147.20000000000002,33.49568632622194,-99.33106383783203,680.3303126133428
147.3,33.49563951277132,-99.3310524179703,683.4850032601012
147.4,33.49570816579231,-99.33110810028492,688.3722507229163
147.5,33.49562229986718,-99.33105853773061,669.9683494565165
147.6,33.495676324239774,-99.33108528889608,671.4698233627072
147.70000000000002,33.49572010181374,-99.33108405766862,677.5320837900923
147.8,33.49569536233723,-99.33110492263656,678.6748380860996
147.9,33.49569610445404,-99.33109023926802,684.1475014866523
148.0,33.49566593550774,-99.33109333265205,674.2232814596802
148.1,33.49568661525894,-99.33106004717264,676.8847722020599
148.20000000000002,33.49562565014843,-99.3310686200973,667.2637956920573
148.3,33.49572797465644,-99.33109219318318,681.746578949988
148.4,33.495662532299896,-99.33105527192522,669.0665016918623
148.5,33.4957028225636,-99.33101220970904,674.1622060653657
148.6,33.49567673301526,-99.33103019039133,672.2771406796481
148.70000000000002,33.49567247229825,-99.33105877836294,667.0476030512029
148.8,33.49567934948114,-99.33109158442086,673.5075892666665
148.9,33.49561632393656,-99.33102472061061,671.8735870251543
149.0,33.49563886690248,-99.33104895286908,679.526512498475
149.1,33.49563748071234,-99.3310224675803,670.5768279093206
149.20000000000002,33.49563383311188,-99.33105995202509,671.8562598267523
149.3,33.495672233809536,-99.33097025168773,671.4309467426176
149.4,33.49563591774625,-99.33103961842141,675.0395923092757
149.5,33.49565848995878,-99.33100755559668,661.5589834917525
149.6,33.495637643499926,-99.33101158739841,664.6588210561576
149.70000000000002,33.495632091555066,-99.33102746509894,662.6998912470982
149.8,33.49567004895785,-99.3310541907998,664.24499895305
149.9,33.49565321336117,-99.3310461198017,662.717984842919
150.0,33.495595108380655,-99.3310921208852,670.0063451083623
150.1,33.49560775002083,-99.33107570768327,667.8548483682072
150.20000000000002,33.49568168790213,-99.33104060138908,671.8742823952441
150.3,33.495651422232086,-99.33096766819844,667.7742962970879
150.4,33.49563000132471,-99.33101171260695,660.413639801082
150.5,33.495676077204855,-99.33099753028146,661.2642719062255
150.6,33.49566657079946,-99.3309998269199,656.5825727627899
150.70000000000002,33.495619586579686,-99.33103553916155,655.4604736442114
150.8,33.49562505736309,-99.33098250426477,661.0621255136182
150.9,33.495622037326406,-99.33095857315261,671.1104730341165
151.0,33.49564861924239,-99.33100510745987,661.7660272611491
151.1,33.49561074229294,-99.33097205308903,655.5111093643645
151.20000000000002,33.49564397061911,-99.3309834090309,658.2678897960409
151.3,33.495612797722806,-99.33094082277702,653.8186375746648
151.4,33.49565699138429,-99.33099747836552,653.9740719531701
151.5,33.495625086180446,-99.33102739188257,651.4392958973249
151.6,33.49563777879822,-99.33094783814194,660.7881377792435
151.70000000000002,33.495630184279975,-99.33099417518382,652.9721556435686
151.8,33.49560273884378,-99.33095920958169,659.943200415395
151.9,33.49561338769307,-99.33095884245776,655.1749542770964
152.0,33.495635060372464,-99.3309212943289,656.5844680050059
152.1,33.49561875949569,-99.33090784335602,650.4941502134425
152.20000000000002,33.4956216860607,-99.33095586549395,657.9363547198236
152.3,33.49566281098392,-99.33101602443996,654.9818795255685
152.4,33.49566771881443,-99.33102431078248,648.4511184117066
152.5,33.49564588268787,-99.33096503817218,650.3922478533866
152.6,33.49562157152841,-99.33099891695129,657.7912322920209
152.70000000000002,33.49560751023346,-99.33096224667946,653.3072676221743
152.8,33.495586432485915,-99.33095781325432,652.8819618190569
152.9,33.49558291284792,-99.3309044022771,647.9056055437408
153.0,33.495635752673785,-99.33095873550828,634.646557019481
153.1,33.495631434406526,-99.33093916908324,645.385043460732
153.20000000000002,33.49561258438433,-99.33089452115622,653.3952740782776
153.3,33.49560056370169,-99.33089517796098,641.2339503576457
153.4,33.49556725279655,-99.33083116066688,640.3055503593661
153.5,33.49558274303082,-99.3309558306233,643.2824318210245
153.6,33.49557683111408,-99.33086010680024,636.6593119434021
153.70000000000002,33.49560207146174,-99.33090963033882,640.7105371671643
153.8,33.49563339597393,-99.33092377959103,644.4739861017554
153.9,33.495625980840714,-99.33090327658716,638.7892449919668
154.0,33.495575774532846,-99.33089166568548,643.8931234667862
154.1,33.495624452842776,-99.33087877252186,640.0400581787541
154.20000000000002,33.49558550806441,-99.33095038424277,642.0740449105014
154.3,33.49562328459929,-99.33096471308164,639.0737622987025
154.4,33.49561775757263,-99.33090004282887,649.7812035251213
154.5,33.49560766954074,-99.3308330236917,639.584956516123
154.6,33.495613355462176,-99.3309005308886,632.8205948678836
154.70000000000002,33.495615970480046,-99.33090563931317,647.855549742715
154.8,33.495565334143905,-99.33087671912233,637.1052330472048
154.9,33.49560891597863,-99.33091739047777,642.7253026641564
155.0,33.495602788221156,-99.3309184281108,645.2216722867081
155.1,33.49559928344631,-99.33089903034954,631.6667049675657
155.20000000000002,33.495568591554196,-99.33084071172388,637.8362443953841
155.3,33.49556283210751,-99.33084929644251,636.8110648271332
155.4,33.49560402456882,-99.33085086308174,634.039694149645
155.5,33.49554059864072,-99.3308399090723,634.4262773287552
155.6,33.49559800611864,-99.33082980236537,635.6473744966185
155.70000000000002,33.49560315736255,-99.33079768337318,642.3891097395388
155.8,33.495566640756365,-99.33083960400269,637.3870898857929
155.9,33.49567004158192,-99.33085146807913,629.0803513014865
156.0,33.49558432461854,-99.33088951240481,629.1531397716828
156.1,33.49554616195496,-99.33082981824747,634.5086734312383
156.20000000000002,33.49561825306005,-99.33084588319879,634.858953091292
156.3,33.49552640436978,-99.33083995416018,624.365706503047
156.4,33.49557440736694,-99.33083517995381,622.8332029347595
156.5,33.495562405325764,-99.33087852893385,634.2293263220936
156.6,33.495582114143716,-99.33080366374857,623.5391810761117
156.70000000000002,33.49553448339322,-99.33080673903238,627.2337892179996
156.8,33.495561441645876,-99.33085001773527,624.575352407406
156.9,33.495568669201226,-99.33079716958072,623.9401613276068
157.0,33.49549090728533,-99.33085626674365,624.9545761250615
157.1,33.49562433591286,-99.33080022258015,619.9601862381526
157.20000000000002,33.495571958520685,-99.33084864553533,627.1454327226796
157.3,33.4955338933844,-99.33081159527224,620.4912580848147
157.4,33.49553497483635,-99.33080754137887,623.0199171186617
157.5,33.49552126293302,-99.33078202520568,622.1006799880918
157.6,33.49553010005225,-99.33080161499953,622.0382732151047
157.70000000000002,33.49555211489961,-99.33079742708247,612.2352058252378
157.8,33.495521778000615,-99.3307686321645,616.8903993516941
157.9,33.495554980138316,-99.33081794696236,628.4031211715129
158.0,33.495523509134905,-99.33079994319208,627.3326650560996
158.1,33.49551664460375,-99.33077809680685,622.5853507763493
158.20000000000002,33.495558810976235,-99.33079701962926,617.7004259420634
158.3,33.495507244132504,-99.3307791922676,619.235511349878
158.4,33.495536691692806,-99.33077120154759,615.0816649458093
158.5,33.49553664990479,-99.33085516981276,617.429362484752
158.6,33.49554264172104,-99.33076862599499,615.5140287879334
158.70000000000002,33.49550191724826,-99.33077623995942,614.4303143623122
158.8,33.49551802135138,-99.33079480833086,631.9593062243365
158.9,33.49558138057808,-99.33077898770577,620.4442876388368
159.0,33.49553215793991,-99.33078004879668,611.1778899256527
159.1,33.49551641754864,-99.33079178601615,609.969009052385
159.20000000000002,33.4954643550826,-99.3307302559535,616.5906216985471
159.3,33.49551571536376,-99.33082631016316,613.622253477151
159.4,33.49555646549024,-99.33077110448568,614.8545987315118
159.5,33.49552200658177,-99.33075709707033,612.7174594961043
159.6,33.49553863353699,-99.33069549615712,611.344209637862
159.70000000000002,33.4954906486339,-99.33081693259128,600.217072704095
159.8,33.495545832667794,-99.33078904814236,619.0330870246142
159.9,33.49556512324202,-99.33074253802315,605.6368897249628
160.0,33.49558263806497,-99.33082234260397,612.1998725626286
160.1,33.49554576155883,-99.33070931093275,593.7239255361146
160.20000000000002,33.49557182069476,-99.33073012586041,602.8687186043038
160.3,33.49552375304906,-99.33071059972879,609.9365926348341
160.4,33.49550536869858,-99.33071321929192,602.1491487958989
160.5,33.49552170244928,-99.33073023416472,604.7947020286488
160.6,33.49551673587341,-99.33076796713503,615.7423174477211
160.70000000000002,33.49553105761092,-99.33076318159488,597.7828000645227
160.8,33.49549730677703,-99.33073579122883,600.2948287827599
160.9,33.4955087404699,-99.33066717094638,595.647042578555
161.0,33.49548261020037,-99.33073285550073,591.0371670732774
161.1,33.49550036817228,-99.33071132954683,598.1713071965748
161.20000000000002,33.49553851295538,-99.33071329139601,597.3538766129047
161.3,33.49546861233356,-99.33064554595758,602.4174016844797
161.4,33.49554165810398,-99.33072043749326,594.4715032835039
161.5,33.49554087476427,-99.33073784634124,605.7203735463872
161.6,33.495521610115794,-99.33066982483368,600.7760294881125
161.70000000000002,33.495486618027186,-99.3307138252226,595.9212073723481
161.8,33.49551461926686,-99.33072519199386,601.7847019049483
161.9,33.495493234709016,-99.33070069957326,599.3522788035539
162.0,33.495510587289125,-99.3307942389724,594.4907802526901
162.1,33.495523765290464,-99.33071396195416,605.0226625094357
162.20000000000002,33.4955388526124,-99.33072651596197,589.988279168027
162.3,33.495482004672766,-99.3307301440794,599.4051397588386
162.4,33.49552889018898,-99.33070947862694,593.8116565837992
162.5,33.4954706598967,-99.33067908522804,590.8440765135621
162.6,33.495484063771784,-99.33067136652716,591.7655271261796
162.70000000000002,33.4955245438565,-99.33063173669105,593.552577157531
162.8,33.49546877361874,-99.33060653086405,592.7932020005911
162.9,33.49546769759908,-99.3307052104923,589.0593809629796
163.0,33.495538620480026,-99.33060081742127,591.3896136331778
163.1,33.495529357987316,-99.33063244133179,590.2590951045293
163.20000000000002,33.49545680143267,-99.33068155819392,591.5752879219203
163.3,33.49552397350683,-99.33067884811838,586.0908770712878
163.4,33.495460402184854,-99.33066549343944,595.6283605371277
163.5,33.4955342730414,-99.33068832445144,586.581782326648
163.6,33.495495019330896,-99.33063316964392,592.4112877276114
163.70000000000002,33.49547159284563,-99.33067700935045,582.5235529664837
163.8,33.49549076843235,-99.33063822627328,581.8221310844166
163.9,33.495494013380586,-99.33061502345075,588.6196814276035
164.0,33.49552985691106,-99.33065595224404,585.7327646152883
164.1,33.49545593996539,-99.33066058315728,595.3158974350362
164.20000000000002,33.495498361756034,-99.3305867470331,586.1569910667295
164.3,33.49547285640547,-99.33062532540647,586.7047688286755
164.4,33.49549262809856,-99.33061730699306,583.494357543962
164.5,33.49550646540411,-99.33060779014274,585.3313003763901
164.6,33.495509776786335,-99.33060230537626,575.0496935480676
164.70000000000002,33.49548577984227,-99.33059380629486,584.6907375115958
164.8,33.49552160554053,-99.33065812972163,583.5067988148811
164.9,33.49545170915578,-99.33061213808541,587.9341284811951
165.0,33.49548626690696,-99.33064176457951,575.5331932988539
165.1,33.49544670551957,-99.3305662408357,577.7393670937387
165.20000000000002,33.49548587058318,-99.33060660937957,579.3081231149777
165.3,33.49554045645513,-99.33061111540547,580.7980529658523
165.4,33.49543366418944,-99.33057599117294,575.876319916465
165.5,33.495462666008876,-99.3306319164061,582.0642718157786
165.6,33.495459196026836,-99.33059848276076,568.5427882815844
165.70000000000002,33.49546439423137,-99.33063111448429,586.2165092141767
165.8,33.49543007337743,-99.33062377321252,577.149520736117
165.9,33.49546759906862,-99.33058734646868,573.6050095972921
166.0,33.49549493694749,-99.33054949894992,571.2018242195071
166.1,33.49548274972409,-99.33060094431325,565.5864222962292
166.20000000000002,33.49548754753019,-99.33057337666631,569.8361425553148
166.3,33.49546718168032,-99.33056496525802,573.3459717166569
166.4,33.49545529662008,-99.33052755693319,573.7188996525459
166.5,33.495426247753116,-99.33062400723449,574.2054238158257
166.6,33.49548859722283,-99.3305839753494,565.2112249993243
166.70000000000002,33.495429392222356,-99.33057019895908,567.6998121171139
166.8,33.49544189279783,-99.33054194548393,572.9936799857761
166.9,33.495495038852184,-99.3305964294926,565.6347921201826
167.0,33.49544769346458,-99.33059274032719,569.2996272087347
167.1,33.4954653889981,-99.33052581858263,564.3495197114469
167.20000000000002,33.49547728619515,-99.33057737930194,574.5188497384647
167.3,33.495437260441264,-99.33060676671467,573.7734349858456
167.4,33.49543199023764,-99.33052922501827,577.1847566879752
167.5,33.49544319099919,-99.33062302258477,568.0594561511693
167.6,33.495451748391154,-99.33052072370002,570.8977676762038
167.70000000000002,33.49544576431276,-99.33054556155194,560.7229851735459
167.8,33.495438296600106,-99.33054346918006,566.7905588187958
167.9,33.49540665986982,-99.33058926195908,558.0885831844184
168.0,33.495455775264254,-99.33050675127595,562.2195779434865
168.1,33.495403381718596,-99.33052583317539,563.508641366222
168.20000000000002,33.49545457716874,-99.33051101965589,566.671090455309
168.3,33.49549789286888,-99.33055688088052,558.9164982372637
168.4,33.49543191994166,-99.33056918851399,556.0364394180456
168.5,33.49547344183635,-99.33054761172893,561.7519956567232
168.6,33.49546434323197,-99.33051915082316,544.3815047478577
168.70000000000002,33.49547235043063,-99.3305480921358,560.868754337425
168.8,33.49542945759258,-99.33050782624599,560.0701393144897
168.9,33.49544261686572,-99.33052129751594,565.985193052327
169.0,33.495414587262594,-99.33052281684408,558.3337948942639
169.1,33.49544448488128,-99.33049432445605,565.1834108580117
169.20000000000002,33.49540703587702,-99.33052250557624,555.0021024434302
169.3,33.495455615313695,-99.33052115920692,554.4044937038971
169.4,33.49546954211314,-99.33051892364573,549.0224758678224
169.5,33.49546904378826,-99.33049154715339,545.6374915409989
169.6,33.49542951710637,-99.33054264106389,551.9650174800469
169.70000000000002,33.49544805106264,-99.3305229396345,562.2328543924425
169.8,33.495429752427235,-99.33048072643166,552.6515259189403
169.9,33.495485858064946,-99.33043191083948,557.9332236429361
170.0,33.49547476216681,-99.33042025478386,544.6032000003343
170.1,33.495404710333425,-99.33044414734846,546.5967645957339
170.20000000000002,33.49540532673123,-99.33049517307975,548.2565671485227
170.3,33.49540742183946,-99.33048643610933,547.3272717192768
170.4,33.495435809848466,-99.33050313912776,555.6572648956653
170.5,33.495432124574215,-99.33048924520573,546.7116304496903
170.6,33.4954335039174,-99.33048629029119,560.5111270423746
170.70000000000002,33.495468966765564,-99.33047309430988,542.2130255775304
170.8,33.495440382966535,-99.3304595073575,553.0901239274615
170.9,33.495409363855636,-99.33045846292731,536.738946904995
171.0,33.49542339694778,-99.33046513115475,537.9184615675102
171.1,33.495438890495805,-99.33047439143107,544.4375537463483
171.20000000000002,33.49543769148569,-99.33044534620146,551.7801495788856
171.3,33.49539454835124,-99.33045603704274,545.8789051248885
171.4,33.495392819447055,-99.33047136806263,552.5588180377363
171.5,33.49541591611833,-99.33042911711279,542.3833516616277
171.6,33.495406569152756,-99.33045001911546,548.9042747358505
171.70000000000002,33.49539880350457,-99.33040490813804,538.7631418805497
171.8,33.49541001352366,-99.33046672101709,544.4417102226939
171.9,33.495463001081184,-99.33051353395307,538.2663806131619
172.0,33.49539990818235,-99.33048886801484,536.4617765777919
172.1,33.49533858815944,-99.33041853707151,543.0094757578829
172.20000000000002,33.49543208832052,-99.33044977537399,543.9236355873667
172.3,33.495449572651815,-99.33042217452667,546.3921919397188
172.4,33.4954164840827,-99.33041907929943,540.0819836694317
172.5,33.49539755820768,-99.33042277687655,547.6404383843982
172.6,33.49538766735225,-99.33043452949121,538.8394789756118
172.70000000000002,33.49542939554386,-99.3304753078754,548.9697958361628
172.8,33.49538785765744,-99.33043211361509,546.1489480349418
172.9,33.495404587646796,-99.33042746125477,534.9045065599354
173.0,33.49539439229493,-99.33042158396515,531.8510513970082
173.1,33.49539433078772,-99.33043017860967,541.8170704187287
173.20000000000002,33.495393991082466,-99.33045443422844,543.7474439972168
173.3,33.49539249420543,-99.33036615719732,533.9308122305619
173.4,33.4954057026703,-99.33042328930979,539.527209897132
173.5,33.49540248152954,-99.33040760801438,537.8983788208363
173.6,33.49542673583533,-99.33039635262443,526.9062409667688
173.70000000000002,33.49538166786674,-99.33046482086266,515.7055563418967
173.8,33.495410262180904,-99.33038144555135,530.608364520318
173.9,33.495382353501185,-99.3304466611483,527.4423521078128
174.0,33.49542390151263,-99.33034954142694,529.1598259821363
174.1,33.49538240258648,-99.33044411427271,533.6867445392284
174.20000000000002,33.495406862672574,-99.33039035560967,527.0203794456578
174.3,33.49536072384106,-99.3304262032243,525.6097590382606
174.4,33.49541150301429,-99.33038972185106,521.5305593885604
174.5,33.49536622362914,-99.33039555157714,530.0272865119621
174.6,33.49540050839572,-99.33041743284059,524.5712505095116
174.70000000000002,33.495372083946435,-99.33038436714021,518.7178801330513
174.8,33.49540304295035,-99.3303568823779,522.6414993211894
174.9,33.49541753251731,-99.33038371315513,518.1042544092955
175.0,33.49542539396713,-99.33039631225836,522.7080048568066
175.1,33.49539922671376,-99.33036426244092,528.8302378978091
175.20000000000002,33.49535951695817,-99.33035659923488,515.7339385729958
175.3,33.49537689950835,-99.33042202179902,525.5914212692204
175.4,33.49539531357938,-99.3303702217295,524.7412048783469
175.5,33.49537734540009,-99.33040638733029,526.334444516711
175.6,33.49539304264322,-99.33036544666524,525.9091764274888
175.70000000000002,33.4953943929067,-99.33038015992439,518.586503030586
175.8,33.49536667554615,-99.33033985271652,524.3786185953429
175.9,33.4953752627142,-99.33039846917313,519.9356517857819
176.0,33.49533936050022,-99.33041604435994,521.3113559857923
176.1,33.49538064895255,-99.33041254984599,515.2073008178123
176.20000000000002,33.495377510719415,-99.3303658893676,517.1826283612473
176.3,33.49536432355101,-99.33034088182423,517.6032919967923
176.4,33.49538725743093,-99.33031576718389,501.39030457663176
176.5,33.49538918644045,-99.33037471997078,515.8944937132228
176.6,33.495364446460556,-99.33032799598061,519.5086472617614
176.70000000000002,33.49541821428526,-99.33032084956619,514.5847283845728
176.8,33.495394383112206,-99.33034830567028,508.61681685089235
176.9,33.49538723199446,-99.33036941368103,516.3706951730192
177.0,33.495411547233736,-99.33037096831401,522.1425221215079
177.1,33.495437715520346,-99.33029755583124,519.8211455568294
177.20000000000002,33.49535835270735,-99.33033060001792,513.4140830255254
177.3,33.49535183833639,-99.33026427086838,520.2284461052001
177.4,33.495358286424334,-99.3303647783043,504.27175035615875
177.5,33.49537533620218,-99.33032329916855,514.5617953949833
177.6,33.49539211501133,-99.33031185820258,507.48338024103685
177.70000000000002,33.49537851589563,-99.33030586820172,503.6231075084203
177.8,33.49538559661335,-99.3302926633145,507.19905574960853
177.9,33.495361744276615,-99.33026352683555,508.42461681892047
178.0,33.495355582630694,-99.33032514143166,501.72277307249124
178.1,33.495365592410366,-99.33028974786598,500.9705557301227
178.20000000000002,33.49536176468222,-99.33028567688066,513.7651188588486
178.3,33.49537523416764,-99.33026108178402,500.948602056593
178.4,33.49533025297969,-99.33032732589118,508.1774815067668
178.5,33.49533849148942,-99.33030567781867,498.8432079326856
178.6,33.49535057965938,-99.33036484522202,496.1424372843416
178.70000000000002,33.4953092541591,-99.33030497113761,502.3939241660786
178.8,33.49532394085254,-99.33024027595505,505.73884260946693
178.9,33.495392310904485,-99.33027067155908,511.4653046751055
179.0,33.49533532560155,-99.3302432192264,503.27545574733585
179.1,33.49538435422847,-99.33031345136276,502.4653807480453
179.20000000000002,33.49530633471169,-99.33027873814176,494.7566806221457
179.3,33.49537045619028,-99.33032482253861,503.58852730553735
179.4,33.49534174539825,-99.33026918641892,495.7329177119965
179.5,33.495409902112264,-99.33024893661215,506.38164795507566
179.6,33.495322506467076,-99.33032447457768,502.0445198282596
179.70000000000002,33.49536998639673,-99.3302459871688,500.124491071201
179.8,33.495393093490975,-99.33026082996518,495.37754992253514
179.9,33.495343872428535,-99.33029886428143,491.69959947289186
180.0,33.49538262552215,-99.33030124099858,493.4770048486639
180.1,33.49537602217458,-99.33025556560531,488.12693993486715
180.20000000000002,33.49537709179882,-99.3302593740389,501.2517935439473
180.3,33.49536487542266,-99.33029353972472,496.2845599915534
180.4,33.49536364786864,-99.33028957369865,493.871883699971
180.5,33.49538265579381,-99.3302467772653,488.5274828465159
180.6,33.495337412934944,-99.33022561332896,496.66458673430213
180.70000000000002,33.49531304243173,-99.33024797293696,500.79154676458745
180.8,33.495340772194155,-99.33027118741019,487.63585969489503
180.9,33.49529740942903,-99.33026462767803,496.0270933163293
181.0,33.49534619599303,-99.3302076801157,492.5373043566748
181.1,33.495359115233306,-99.33021503369685,497.9861112807684
181.20000000000002,33.49536958429536,-99.33024436927778,479.512184351758
181.3,33.49534728897031,-99.33025469924284,494.38216898289744
181.4,33.49533041413182,-99.3302528310369,490.4098696135422
181.5,33.49533653168794,-99.33021037743843,493.9902789251052
181.6,33.49536171829849,-99.33024461652218,488.8563886196144
181.70000000000002,33.495296980917146,-99.33022818258624,489.09113307821735
181.8,33.495306218872365,-99.33025978111957,484.82975393148274
181.9,33.49535669319726,-99.33026892353634,480.7198013602506
182.0,33.495402984313735,-99.33026228299232,484.8316811480569
182.1,33.49538344925641,-99.33020238339179,474.88806980968207
182.20000000000002,33.49531549936935,-99.33028270489633,488.780016079569
182.3,33.495328714847936,-99.33020610226832,486.4766745643601
182.4,33.495367288854176,-99.33026649430401,483.61518283694846
182.5,33.49534036479433,-99.33023531088014,494.3049052566513
182.6,33.495351843082524,-99.33019203508229,483.8674067004754
182.70000000000002,33.4953332456017,-99.33021126234287,478.96990806516465
182.8,33.49533106557385,-99.33026431025189,486.2110962867638
182.9,33.49531354311771,-99.33022123708209,476.5627753099384
183.0,33.49534504347697,-99.33024569322298,478.239767350654
183.1,33.49534894338625,-99.33025310522594,484.5799333171746
183.20000000000002,33.49535536373805,-99.3302172988107,467.9657108708791
183.3,33.49531299190751,-99.33018603630708,474.6041674132998
183.4,33.4953353695035,-99.33022961791396,477.37186438746465
183.5,33.49526247158993,-99.33021039484737,482.6431735420627
183.6,33.495317717846866,-99.33013102867545,474.2850367030369
183.70000000000002,33.49530404344659,-99.33019992927686,481.5966110466112
183.8,33.49535608407376,-99.33019773059122,470.1554402054379
183.9,33.49530581740125,-99.33019700174434,478.42568769089667
184.0,33.495268567986066,-99.33018363095562,476.0416235402866
184.1,33.495368121335346,-99.33014517138714,475.70748718407197
184.20000000000002,33.49535101109901,-99.33023690709004,468.21800325767595
184.3,33.495328212512405,-99.33016371075102,479.2593681823237
184.4,33.49531197271315,-99.33023874401403,467.9298127799538
184.5,33.49528836208096,-99.33017747430654,470.3819339235905
184.6,33.495317622967576,-99.33015021277097,470.73695021613145
184.70000000000002,33.495320757559526,-99.3301200734057,471.8292098256114
184.8,33.49536828287339,-99.33016266156483,470.9132878454368
184.9,33.495310546038645,-99.33017352977397,472.85750053246426
185.0,33.495333956390766,-99.33018893154208,466.7154626571546
185.1,33.495361787862734,-99.33016726294319,478.2479953495081
185.20000000000002,33.49532984621243,-99.33017384377507,469.196680766625
185.3,33.49530856068987,-99.33020652974635,462.75191593901684
185.4,33.49532770853197,-99.33014656609595,457.0713790463433
185.5,33.49530079505379,-99.33013978835514,466.2760324122983
185.6,33.49531670562171,-99.33015086048111,462.3040700785368
185.70000000000002,33.49532782280425,-99.33019390516701,463.90243855760485
185.8,33.4952660044537,-99.33010881372657,456.9757259135936
185.9,33.495318190425984,-99.33019622520435,457.48061712258016
186.0,33.49528047593752,-99.33013802345504,459.8737767663721
186.1,33.495285913233225,-99.33014002806745,474.71531755991134
186.20000000000002,33.495285506505226,-99.33015098003565,456.1062797798922
186.3,33.49530911946258,-99.3301679366434,467.22282332598184
186.4,33.495386446885135,-99.33021099395164,469.552671646054
186.5,33.49529839326411,-99.33011526341245,460.08485113788043
186.6,33.495262793091925,-99.33017158086392,467.2073526612295
186.70000000000002,33.49530267147758,-99.330190087536,454.7198257369601
186.8,33.49525560637585,-99.33008895296611,453.7560917248428
186.9,33.495281347077366,-99.33010719365869,460.7479905313247
187.0,33.49531525143414,-99.330184644141,455.50999150250635
187.1,33.49528868611654,-99.33015422643969,456.1516739322361
187.20000000000002,33.49532726892918,-99.33011580509213,451.90253768325556
187.3,33.495304780849594,-99.33015661380743,451.1413460172504
187.4,33.49530616784357,-99.3301380688541,455.3947064260587
187.5,33.495307134574496,-99.33011957755633,453.41671208691577
187.6,33.49528002508863,-99.33014657007011,452.10237131801784
187.70000000000002,33.495317311381484,-99.3300719572841,453.50091902681186
187.8,33.495319119475965,-99.33010826257116,452.3042248222649
187.9,33.49536733668645,-99.33013804488304,443.58947885126526
188.0,33.495297315819606,-99.3300557177779,458.2179696737285
188.1,33.49527503172263,-99.33007201277788,453.05659307705844
188.20000000000002,33.49526611079509,-99.33011706397461,449.9711659883279
188.3,33.495320456065855,-99.33014252387035,457.22927950446484
188.4,33.49529974743481,-99.33010073542754,447.61364024120905
188.5,33.49537419273799,-99.33015606868553,440.65157409575926
188.6,33.49532326763904,-99.33012796423202,455.61841332727346
188.70000000000002,33.49529768629858,-99.33002195347888,449.2608341216029
188.8,33.49526242706314,-99.3301319239237,441.11295738423576
188.9,33.49527616259315,-99.33006393542968,447.71666562634084
189.0,33.49531300922434,-99.33004923667563,443.72188394199975
189.1,33.49532884273915,-99.33005325541863,448.7449179004884
189.20000000000002,33.49530768730745,-99.33006510925871,445.66257289869924
189.3,33.49535617987686,-99.33007797991252,439.04075211240104
189.4,33.49523977383373,-99.33007854336245,448.5055457936145
189.5,33.495305959997786,-99.33010772035476,444.29846151075236
189.6,33.495270478142636,-99.33013647168772,439.86022575092085
189.70000000000002,33.495284449937365,-99.3300864721686,443.11520013863236
189.8,33.495316776407186,-99.3301085026051,436.92920660395504
189.9,33.49526851658183,-99.33006003689543,439.514270358406
190.0,33.49526662136334,-99.33007393964833,442.26466112136654
190.1,33.495321868289736,-99.33008329875864,438.0785710965887
190.20000000000002,33.495268599550144,-99.33009349443552,444.2146611544967
190.3,33.495302522834805,-99.33009130145955,430.62187261704565
190.4,33.49532343584585,-99.33002819681445,432.37919121005285
190.5,33.49530604669722,-99.33002535317206,428.2078813158725
190.6,33.495285813521235,-99.33006272876989,450.40049313337346
190.70000000000002,33.495319481822904,-99.33008047855112,427.44596391739645
190.8,33.49531393220269,-99.33011071444463,439.9984947996841
190.9,33.49533580548536,-99.33005857128889,432.0008168079216
191.0,33.49531384363097,-99.33004635503904,422.63804249553675
191.1,33.49526601536432,-99.33010473390244,440.03910578453815
191.20000000000002,33.495296891652345,-99.3299933355779,430.77086255540434
191.3,33.49529541780466,-99.3300587397558,433.0576259288483
191.4,33.49527474470796,-99.33005468399797,426.5410062818968
191.5,33.49528208850579,-99.32998263089382,427.054904221691
191.6,33.49527449806686,-99.33008421251934,436.6189606241868
191.70000000000002,33.49522220815886,-99.33008840979791,424.12191929090847
191.8,33.49528021797012,-99.33005662470698,430.95563892810975
191.9,33.495326137612544,-99.33004516473646,425.7311250678401
192.0,33.495352442623044,-99.33005579453584,423.8584385571397
192.1,33.49527684962813,-99.33004229815509,431.6204924432838
192.20000000000002,33.495268863566295,-99.33003369425984,436.53185421658577
192.3,33.49532902864676,-99.33002777858293,428.77282031506064
192.4,33.49526367956295,-99.33002868887003,435.3529349942127
192.5,33.49529262847764,-99.33000963143779,422.47691116550914
192.6,33.49529452242473,-99.33004119781567,423.68156170025895
192.70000000000002,33.49526080667937,-99.32998036163525,417.837183970682
192.8,33.49529171747953,-99.33006707342172,427.1098607969506
192.9,33.49524305499168,-99.33004565765144,424.0045309590643
193.0,33.495266973848075,-99.33002967117017,423.7914321412958
193.1,33.49528285419167,-99.3300197195409,423.04620212061945
193.20000000000002,33.49528889817631,-99.32999878122402,421.7287685572605
193.3,33.495291316759484,-99.3300190932081,422.66019782571794
193.4,33.495301052941294,-99.33003074860729,414.8520024256434
193.5,33.495284346053076,-99.33000558135448,420.2020217109299
193.6,33.49530338410961,-99.33002460721204,419.8450318451416
193.70000000000002,33.495295687541784,-99.32999631474482,420.2523912122849
193.8,33.49532535647462,-99.33002093340872,409.0658338419223
193.9,33.49532544968041,-99.32996428318361,417.2727074953364
194.0,33.495257705772914,-99.33001856306053,412.48355018230393
194.1,33.49526398475671,-99.32998330926398,412.4014574102864
