time_s,barometer_v1
0.0,96452.70476668856
0.01,96455.39791013939
0.02,96453.89473894415
0.03,96453.59105632105
0.04,96455.20453345003
0.05,96455.58808703229
0.06,96453.9095710328
0.07,96452.4562789471
0.08,96452.29194742528
0.09,96452.58805716809
0.1,96450.6927771191
0.11,96449.91511033395
0.12,96449.89939464768
0.13,96448.7880331005
0.14,96447.42694624589
0.15,96446.82028258398
0.16,96444.59999285427
0.17,96443.48857870055
0.18,96440.68627824608
0.19,96439.1133100397
0.2,96438.20736201548
0.21,96436.6202406814
0.22,96433.9910849615
0.23,96432.10274275279
0.24,96428.75492964011
0.25,96425.91206532552
0.26,96424.36267861722
0.27,96421.38509403037
0.28,96417.44113156963
0.29,96414.97774157756
0.3,96413.19234721648
0.31,96409.24273370889
0.32,96407.33639980492
0.33,96403.86650702672
0.34,96400.17699812436
0.35000000000000003,96395.60813386911
0.36,96394.00285112116
0.37,96389.5962787568
0.38,96384.36762802472
0.39,96382.87143591455
0.4,96375.98205307484
0.41000000000000003,96373.56674511061
0.42,96369.60139210652
0.43,96365.27514476178
0.44,96359.83615561326
0.45,96356.26654092502
0.46,96351.87374401613
0.47000000000000003,96346.69522519373
0.48,96342.0661435456
0.49,96335.60153091741
0.5,96330.22118683568
0.51,96325.10637597102
0.52,96319.59123708139
0.53,96315.39591809778
0.54,96309.49392171414
0.55,96302.83952006369
0.56,96298.6592490855
0.5700000000000001,96292.16809956514
0.58,96285.89055123455
0.59,96279.53276787359
0.6,96271.55786838589
0.61,96268.70509646411
0.62,96258.2866245691
0.63,96254.4860183807
0.64,96246.93045428346
0.65,96239.4945469058
0.66,96233.57440189521
0.67,96226.15301163604
0.68,96219.85933712422
0.6900000000000001,96210.8418675349
0.7000000000000001,96203.43563591778
0.71,96197.74291078145
0.72,96188.12671671297
0.73,96180.05715514228
0.74,96174.0447064147
0.75,96165.34615389457
0.76,96157.3674910951
0.77,96150.43286038168
0.78,96139.52693822265
0.79,96130.35149761234
0.8,96122.56545814035
0.81,96112.27295915347
0.8200000000000001,96105.69220198713
0.8300000000000001,96096.74957409086
0.84,96086.82532205393
0.85,96075.39970168048
0.86,96068.50007062823
0.87,96057.62866798029
0.88,96049.51295704338
0.89,96038.51294725791
0.9,96028.48722785177
0.91,96020.423425959
0.92,96010.68041546625
0.93,95998.01603681552
0.9400000000000001,95987.70248174675
0.9500000000000001,95976.24391897027
0.96,95966.20570726057
0.97,95954.97694845972
0.98,95944.43285715111
0.99,95933.70101350182
1.0,95923.87544011328
1.01,95913.09753665805
1.02,95901.53901885763
1.03,95888.25794090575
1.04,95877.55654823172
1.05,95864.2152965758
1.06,95854.82785264307
1.07,95841.37672149147
1.08,95831.0683580341
1.09,95818.94964406823
1.1,95804.20653772635
1.11,95791.68754456195
1.12,95779.11556491672
1.1300000000000001,95767.02305906873
1.1400000000000001,95754.58948139656
1.1500000000000001,95740.64463074294
1.16,95728.22357613122
1.17,95713.34208744328
1.18,95699.18079666764
1.19,95688.02184081204
1.2,95673.34403663402
1.21,95658.51490680993
1.22,95644.87346534272
1.23,95631.76228300182
1.24,95616.96901376026
1.25,95603.2139676324
1.26,95588.94370097994
1.27,95574.12092178529
1.28,95560.5497320817
1.29,95542.4271545228
1.3,95529.6722278581
1.31,95514.08588922994
1.32,95498.28372395913
1.33,95484.59269424727
1.34,95467.99538853676
1.35,95451.69006439955
1.36,95435.87984592577
1.37,95419.0781886804
1.3800000000000001,95403.90520166478
1.3900000000000001,95389.85869065532
1.4000000000000001,95371.86443234119
1.41,95355.42277826801
1.42,95340.11207919334
1.43,95321.62341921628
1.44,95302.97569638668
1.45,95286.81412102348
1.46,95273.54788380547
1.47,95254.97782738769
1.48,95237.48857312385
1.49,95220.10290889042
1.5,95200.09257928876
1.51,95184.87852488086
1.52,95165.80262981766
1.53,95146.69306431415
1.54,95132.27983708354
1.55,95111.79530591362
1.56,95095.5426435451
1.57,95075.36427319494
1.58,95057.19132065323
1.59,95038.52437064973
1.6,95019.19965321168
1.61,94999.7227345918
1.62,94981.09902085408
1.6300000000000001,94961.90390902855
1.6400000000000001,94942.26628740778
1.6500000000000001,94924.08553841153
1.6600000000000001,94902.1243553403
1.67,94883.87083781227
1.68,94865.63055794526
1.69,94843.27057682973
1.7,94821.43265029915
1.71,94803.34506036835
1.72,94783.42057623858
1.73,94762.5062730559
1.74,94740.41669055683
1.75,94719.15225959504
1.76,94700.49146650085
1.77,94676.68369668906
1.78,94657.32892961605
1.79,94635.53850246029
1.8,94614.93411253563
1.81,94591.02053431203
1.82,94572.42445613781
1.83,94549.73148643732
1.84,94527.91149423494
1.85,94507.83069938708
1.86,94483.97685326742
1.87,94462.26715869279
1.8800000000000001,94439.21391289525
1.8900000000000001,94416.63655579537
1.9000000000000001,94392.01996080129
1.9100000000000001,94371.28522407897
1.92,94349.49004946469
1.93,94326.6808596169
1.94,94302.27491160433
1.95,94280.67262476136
1.96,94254.36993287117
1.97,94232.42910374954
1.98,94210.01031902831
1.99,94185.9375513063
2.0,94161.53563681067
2.0100000000000002,94138.93513468585
2.02,94112.50530440002
2.0300000000000002,94088.58002711312
2.04,94064.07350220218
2.05,94041.84030537966
2.06,94014.66616017265
2.07,93993.70811529702
2.08,93967.75904531969
2.09,93944.28598117374
2.1,93918.0847429804
2.11,93890.54096597117
2.12,93865.75940216944
2.13,93842.55799246009
2.14,93816.77955390299
2.15,93790.4428097623
2.16,93764.54963368994
2.17,93740.0964649721
2.18,93714.07477078155
2.19,93688.54435850937
2.2,93662.32623788048
2.21,93635.64651343081
2.22,93608.84338670068
2.23,93584.07694898728
2.24,93558.81744493371
2.25,93531.99933054572
2.2600000000000002,93505.2231065895
2.27,93476.03708263181
2.2800000000000002,93451.78279708265
2.29,93424.96347767598
2.3000000000000003,93398.16101419438
2.31,93370.79232495034
2.32,93343.17463882186
2.33,93316.69457492321
2.34,93286.09515865539
2.35,93263.41474037559
2.36,93233.72754957732
2.37,93208.45111663546
2.38,93177.34806967109
2.39,93150.75311166538
2.4,93123.51488523572
2.41,93095.26065463152
2.42,93067.83182487883
2.43,93039.46300541748
2.44,93010.40740471659
2.45,92982.10838986369
2.46,92952.97903979746
2.47,92925.89690946169
2.48,92897.93461468161
2.49,92868.72024148014
2.5,92839.21198180762
2.5100000000000002,92811.53418442734
2.52,92782.6841215945
2.5300000000000002,92754.52038450965
2.54,92726.01379921527
2.5500000000000003,92696.82504342211
2.56,92667.55461582833
2.57,92638.3492259893
2.58,92610.59392323428
2.59,92583.91291716814
2.6,92554.41441808047
2.61,92524.5335899788
2.62,92495.7656973827
2.63,92467.13774899853
2.64,92437.34756954052
2.65,92409.51145065002
2.66,92380.32741105287
2.67,92352.67341368925
2.68,92321.4450718949
2.69,92292.44430746189
2.7,92262.7149763039
2.71,92234.69301785795
2.72,92205.32656984418
2.73,92174.29615479404
2.74,92147.13721986262
2.75,92118.24889432393
2.7600000000000002,92090.06144418321
2.77,92059.48146191037
2.7800000000000002,92030.093485774
2.79,92000.42810690394
2.8000000000000003,91970.97596017261
2.81,91941.96129350104
2.82,91910.7649742295
2.83,91882.45214882148
2.84,91852.69628379519
2.85,91823.06740586809
2.86,91793.13136946493
2.87,91764.05824032146
2.88,91734.70306337581
2.89,91703.44830010476
2.9,91676.29040249564
2.91,91645.16696528865
2.92,91615.10996244429
2.93,91585.6189733619
2.94,91556.09707046134
2.95,91525.82985864965
2.96,91495.30495659157
2.97,91466.58201722012
2.98,91436.0633839456
2.99,91406.24255766519
3.0,91376.51826365563
3.0100000000000002,91347.54259719663
3.02,91317.08779040915
3.0300000000000002,91288.30839380997
3.04,91258.8058100197
3.0500000000000003,91227.21688203693
3.06,91195.23448685148
3.0700000000000003,91167.50890013587
3.08,91136.94996173798
3.09,91106.85788292049
3.1,91076.36314977396
3.11,91046.44920778877
3.12,91016.72276859701
3.13,90986.23248821449
3.14,90956.09772976788
3.15,90927.74789926216
3.16,90897.05743479569
3.17,90867.64464611092
3.18,90836.79315182251
3.19,90806.81406754885
3.2,90775.8191423951
3.21,90744.4756761117
3.22,90715.08124549553
3.23,90685.28075309665
3.24,90657.39443100597
3.25,90625.75639846073
3.2600000000000002,90595.57339019117
3.27,90563.48129156388
3.2800000000000002,90534.82441556615
3.29,90503.59429900537
3.3000000000000003,90473.97457827319
3.31,90442.47963668546
3.3200000000000003,90411.95566344263
3.33,90383.38730779382
3.34,90351.75852024081
3.35,90321.4443763765
3.36,90292.88257975175
3.37,90262.1619164743
3.38,90230.88717556476
3.39,90202.33994961651
3.4,90171.67075291934
3.41,90138.74706620803
3.42,90110.60608243803
3.43,90079.59467554073
3.44,90049.13535913655
3.45,90018.85087298311
3.46,89988.84862928062
3.47,89958.94450541896
3.48,89928.14529932638
3.49,89898.6287502776
3.5,89867.39461144972
3.5100000000000002,89836.18389553661
3.52,89807.45161896136
3.5300000000000002,89778.07619023239
3.54,89746.55060578926
3.5500000000000003,89716.68972448398
3.56,89686.86631294427
3.5700000000000003,89655.95188813751
3.58,89626.28123505694
3.59,89597.18355221767
3.6,89565.76790455717
3.61,89536.21720110202
3.62,89506.06719642998
3.63,89476.48302070392
3.64,89446.71305902484
3.65,89418.51955342393
3.66,89388.46163391376
3.67,89358.82328622726
3.68,89326.54150074747
3.69,89296.98684617264
3.7,89267.043922388
3.71,89238.67953540376
3.72,89209.28947357251
3.73,89178.69978235872
3.74,89150.37894379493
3.75,89120.58462548257
3.7600000000000002,89089.93277960441
3.77,89062.14059504475
3.7800000000000002,89031.56601457317
3.79,89001.94128458203
3.8000000000000003,88973.59903579947
3.81,88943.74196557577
3.8200000000000003,88914.94427818315
3.83,88885.24867874463
3.84,88856.37305685101
3.85,88824.86792816696
3.86,88796.7641300155
3.87,88767.53557334511
3.88,88738.77723065077
3.89,88710.97802723708
3.9,88680.73442626373
3.91,88653.54431854573
3.92,88625.88674529434
3.93,88593.97708823063
3.94,88564.11757072732
3.95,88535.86683619808
3.96,88508.73893284732
3.97,88477.55113102609
3.98,88449.41153841774
3.99,88418.28351311751
4.0,88392.22914893572
4.01,88365.18088463417
4.0200000000000005,88336.25567038542
4.03,88305.68197311717
4.04,88278.39324854799
4.05,88250.24920171965
4.0600000000000005,88221.05464128342
4.07,88194.22624682235
4.08,88164.40644977742
4.09,88135.58911189534
4.1,88107.64538265312
4.11,88079.09636036718
4.12,88048.36369357002
4.13,88022.83808663119
4.14,87993.82589874543
4.15,87965.88226519078
4.16,87938.44284384714
4.17,87907.64860237522
4.18,87880.94348668585
4.19,87853.79572757422
4.2,87826.05299279762
4.21,87796.02192518477
4.22,87770.26811098565
4.23,87741.39108668726
4.24,87713.43745336836
4.25,87686.51080627854
4.26,87660.4027901967
4.2700000000000005,87630.9166731976
4.28,87604.09016225618
4.29,87576.35668067004
4.3,87546.85096097403
4.3100000000000005,87519.98476903641
4.32,87492.92069417975
4.33,87464.98138905084
4.34,87436.34665338302
4.3500000000000005,87409.20842177396
4.36,87381.61624363848
4.37,87354.79211213067
4.38,87326.74906099284
4.39,87299.69336219906
4.4,87272.44522544676
4.41,87246.8041520716
4.42,87216.77967263237
4.43,87191.6875277698
4.44,87165.45499995955
4.45,87136.00427098898
4.46,87108.22350483671
4.47,87083.83238216251
4.48,87055.83917880576
4.49,87030.06576235945
4.5,87000.61576007245
4.51,86974.8420505425
4.5200000000000005,86946.44450880056
4.53,86919.96067407305
4.54,86892.66312431122
4.55,86866.63755341018
4.5600000000000005,86840.48050179683
4.57,86812.60599562721
4.58,86784.39786548661
4.59,86760.42738967454
4.6000000000000005,86731.79726606765
4.61,86705.68160890134
4.62,86678.20986167857
4.63,86653.28891567817
4.64,86625.79702720238
4.65,86598.99010087112
4.66,86572.3295814152
4.67,86546.6086002536
4.68,86520.6460901876
4.69,86493.04877141252
4.7,86467.65183514766
4.71,86442.84632253034
4.72,86416.62144724344
4.73,86388.42960411911
4.74,86360.9200232709
4.75,86334.86397462837
4.76,86311.12553698002
4.7700000000000005,86282.67600479805
4.78,86255.99074497826
4.79,86231.1929623869
4.8,86203.86149098126
4.8100000000000005,86177.91304473976
4.82,86151.20758394121
4.83,86125.62983354731
4.84,86099.54176972006
4.8500000000000005,86074.95844013043
4.86,86049.26434089181
4.87,86023.3618202899
4.88,85997.27883273385
4.89,85970.29165270447
4.9,85945.91499758077
4.91,85920.03344380968
4.92,85893.36202380697
4.93,85867.2483125352
4.94,85842.07252721926
4.95,85818.27874780174
4.96,85790.12516465517
4.97,85766.04754228039
4.98,85738.41601625437
4.99,85716.13953338731
5.0,85690.9174288575
5.01,85665.91985918742
5.0200000000000005,85638.50076571736
5.03,85612.6041731418
5.04,85587.03906028626
5.05,85562.03431532888
5.0600000000000005,85535.09289639995
5.07,85511.60108267839
5.08,85485.13231291124
5.09,85460.62236679459
5.1000000000000005,85435.97053941272
5.11,85411.22731360808
5.12,85383.97070304942
5.13,85360.98536754934
5.14,85336.67350607412
5.15,85310.50542896897
5.16,85285.30916413192
5.17,85258.72055585499
5.18,85234.54677430177
5.19,85209.43526419176
5.2,85184.4702495197
5.21,85160.79390206731
5.22,85133.83611939174
5.23,85109.96214484358
5.24,85084.86193510298
5.25,85060.85953352171
5.26,85033.96559451615
5.2700000000000005,85010.79325370066
5.28,84985.06129511283
5.29,84962.17191761377
5.3,84937.45584219809
5.3100000000000005,84913.57080051309
5.32,84888.36918565619
5.33,84862.5008568658
5.34,84840.16913149726
5.3500000000000005,84813.24190362409
5.36,84787.74983503815
5.37,84764.74644638455
5.38,84739.73006130906
5.39,84716.70557303463
5.4,84691.24937132777
5.41,84669.07996091517
5.42,84642.50513436334
5.43,84619.56618411682
5.44,84595.1470773521
5.45,84569.99300337462
5.46,84546.58904591198
5.47,84522.69432357376
5.48,84497.35562319688
5.49,84473.59752556913
5.5,84449.2697576989
5.51,84424.14409754478
5.5200000000000005,84401.03385476061
5.53,84376.50795730307
5.54,84352.69353707581
5.55,84327.7295409014
5.5600000000000005,84307.28262514192
5.57,84279.64334559703
5.58,84256.37334575369
5.59,84231.5953899835
5.6000000000000005,84209.1529061628
5.61,84184.44833144918
5.62,84163.53442376557
5.63,84137.49694877717
5.64,84115.44603543045
5.65,84091.13543516475
5.66,84067.33459671872
5.67,84043.52988974597
5.68,84018.42949859778
5.69,83996.44314876506
5.7,83970.70135078194
5.71,83948.98836630804
5.72,83924.39104766476
5.73,83901.19428738758
5.74,83877.22089931868
5.75,83854.93785507206
5.76,83829.97373569813
5.7700000000000005,83805.76643384686
5.78,83783.69558748891
5.79,83759.34203390933
5.8,83738.51181198908
5.8100000000000005,83713.96804024208
5.82,83690.27842496199
5.83,83667.34724785037
5.84,83643.60029191022
5.8500000000000005,83622.21191967503
5.86,83596.85304605504
5.87,83574.54522238085
5.88,83550.49884300015
5.89,83526.97285605413
5.9,83504.85415581493
5.91,83481.04225888195
5.92,83457.45883328462
5.93,83436.54978641438
5.94,83412.23115134134
5.95,83390.5942979121
5.96,83366.44924100857
5.97,83343.42127696442
5.98,83320.35167191515
5.99,83297.6042154675
6.0,83275.72572163722
6.01,83251.75625742883
6.0200000000000005,83231.06705043987
6.03,83206.64809999728
6.04,83183.95718906327
6.05,83159.69245615893
6.0600000000000005,83136.40126911194
6.07,83116.45564815891
6.08,83091.02275625442
6.09,83068.40228899871
6.1000000000000005,83046.04564528346
6.11,83027.02835964561
6.12,83003.19747201867
6.13,82980.07853232115
6.140000000000001,82957.24378343993
6.15,82936.6108942944
6.16,82911.25340886546
6.17,82888.99152155504
6.18,82866.52062914388
6.19,82846.97101260415
6.2,82820.66880217442
6.21,82800.32329812497
6.22,82777.8636481957
6.23,82755.54598617957
6.24,82733.30556623053
6.25,82712.21727002127
6.26,82688.52722389702
6.2700000000000005,82665.05231608839
6.28,82643.79251443078
6.29,82623.56132150184
6.3,82599.15688791573
6.3100000000000005,82577.4275707065
6.32,82555.34464586547
6.33,82531.83453265183
6.34,82510.45252359354
6.3500000000000005,82487.97463674645
6.36,82467.69868898574
6.37,82444.87388611816
6.38,82421.67528289685
6.390000000000001,82401.49719895465
6.4,82377.5590956079
6.41,82356.27327301228
6.42,82333.69262222023
6.43,82312.30448915451
6.44,82293.04999076003
6.45,82271.94919529089
6.46,82247.18592644761
6.47,82227.18446767058
6.48,82205.47866197437
6.49,82181.53805611363
6.5,82162.37925081453
6.51,82140.94538835771
6.5200000000000005,82116.45920522683
6.53,82096.9748826908
6.54,82073.86612699411
6.55,82052.17321663207
6.5600000000000005,82031.72459597145
6.57,82011.3718750407
6.58,81987.1741801992
6.59,81966.74968653837
6.6000000000000005,81946.06820760874
6.61,81924.33999321707
6.62,81902.70864428434
6.63,81881.54319648255
6.640000000000001,81859.19070836408
6.65,81838.195045912
6.66,81817.83106373294
6.67,81795.16242834562
6.68,81775.50362430535
6.69,81752.44797213346
6.7,81730.46433199974
6.71,81710.34912418338
6.72,81687.97097887952
6.73,81667.14115745272
6.74,81648.55064618617
6.75,81624.83474468927
6.76,81605.36828237023
6.7700000000000005,81582.52668929225
6.78,81562.51703606504
6.79,81541.3491938892
6.8,81519.74778684904
6.8100000000000005,81499.70710208328
6.82,81480.06023184276
6.83,81457.01164187546
6.84,81435.63690016048
6.8500000000000005,81414.70229978242
6.86,81394.915667987
6.87,81372.19517325073
6.88,81352.90012346933
6.890000000000001,81331.72865387572
6.9,81311.10672771384
6.91,81290.20415039433
6.92,81270.52434860804
6.93,81248.77170829917
6.94,81228.63817391287
6.95,81207.00474192871
6.96,81188.3934818231
6.97,81166.84104136561
6.98,81145.70804199534
6.99,81125.22722244513
7.0,81105.06539140224
7.01,81084.33665302026
7.0200000000000005,81062.99526820239
7.03,81042.69797344961
7.04,81021.89877825978
7.05,81001.9588521013
7.0600000000000005,80980.79478101323
7.07,80961.78098210266
7.08,80942.59805431169
7.09,80919.67549890898
7.1000000000000005,80898.02694544138
7.11,80877.97963461746
7.12,80858.63074829231
7.13,80839.18875127439
7.140000000000001,80818.01701360047
7.15,80798.75387297479
7.16,80776.0132052749
7.17,80756.954713243
7.18,80738.31870553264
7.19,80720.01288141172
7.2,80695.11867305671
7.21,80675.83095998694
7.22,80656.68954996055
7.23,80636.96181113162
7.24,80615.32908613283
7.25,80597.91652526184
7.26,80577.55038940466
7.2700000000000005,80557.54568838698
7.28,80536.65278577855
7.29,80514.99085462067
7.3,80496.17862823664
7.3100000000000005,80477.45237804436
7.32,80458.69910489078
7.33,80436.34319117073
7.34,80415.15629075783
7.3500000000000005,80397.25557659865
7.36,80377.48103520092
7.37,80356.40606985477
7.38,80336.88591862032
7.390000000000001,80318.60923023464
7.4,80297.67881231611
7.41,80277.95266721954
7.42,80258.8040304422
7.43,80237.42319967572
7.44,80219.13667545836
7.45,80199.22087374776
7.46,80179.32340774676
7.47,80161.66600328709
7.48,80140.46594156303
7.49,80121.15254007834
7.5,80101.96759309877
7.51,80081.1153718565
7.5200000000000005,80063.11530456788
7.53,80042.81484962035
7.54,80023.47027906658
7.55,80004.71251224674
7.5600000000000005,79983.87866666289
7.57,79964.48300253472
7.58,79947.88494773992
7.59,79927.36116483789
7.6000000000000005,79907.5186620362
7.61,79886.68707332431
7.62,79867.01048579895
7.63,79848.94960893712
7.640000000000001,79830.93814879462
7.65,79810.731806685
7.66,79790.70079086907
7.67,79771.76407294002
7.68,79753.45109395678
7.69,79732.28654897318
7.7,79714.5126409049
7.71,79696.39159193986
7.72,79675.26451316486
7.73,79656.51642221854
7.74,79636.5881484309
7.75,79618.84023879282
7.76,79601.4450065708
7.7700000000000005,79581.41828939042
7.78,79563.01617393283
7.79,79543.53591426066
7.8,79524.37102269747
7.8100000000000005,79505.91471702699
7.82,79488.04403965342
7.83,79466.99216321857
7.84,79449.26492723111
7.8500000000000005,79430.37446559833
7.86,79411.07306688369
7.87,79391.52790548257
7.88,79372.68527784078
7.890000000000001,79353.43478192213
7.9,79334.91346505666
7.91,79315.66654191518
7.92,79296.9456510697
7.930000000000001,79278.98228260383
7.94,79259.89602247575
7.95,79242.46691360003
7.96,79222.92335395826
7.97,79205.51167863936
7.98,79185.32607458187
7.99,79167.53386647564
8.0,79149.13453096649
8.01,79129.5686764531
8.02,79110.90843191626
8.03,79092.72283271304
8.040000000000001,79075.49119128544
8.05,79056.00346279849
8.06,79036.78451204184
8.07,79018.22548968585
8.08,79001.31465909134
8.09,78983.47099827054
8.1,78963.93454774962
8.11,78947.58441594597
8.120000000000001,78926.8305163345
8.13,78909.21818954889
8.14,78889.91874290413
8.15,78871.67261033085
8.16,78852.08584876623
8.17,78837.1185450324
8.18,78818.68121145057
8.19,78798.41320917185
8.2,78781.1189216532
8.21,78763.60580807623
8.22,78744.09467174977
8.23,78727.12198230455
8.24,78708.10552178283
8.25,78690.42436903593
8.26,78673.9064065714
8.27,78654.8906714731
8.28,78636.6780267374
8.290000000000001,78618.79121512469
8.3,78599.48208722989
8.31,78582.63103836123
8.32,78563.41872971805
8.33,78546.31454078318
8.34,78529.3364225934
8.35,78511.04783447928
8.36,78491.4235683696
8.370000000000001,78473.64063904285
8.38,78456.82601953293
8.39,78439.70825589825
8.4,78420.96695059178
8.41,78403.41667961795
8.42,78384.91893441282
8.43,78367.17111694394
8.44,78349.91441225691
8.45,78333.67121695043
8.46,78313.65724567036
8.47,78297.4379961443
8.48,78278.74640122268
8.49,78260.89184928403
8.5,78245.06451101486
8.51,78225.40953910083
8.52,78207.59491796143
8.53,78190.73516482687
8.540000000000001,78173.73454470331
8.55,78154.58247160006
8.56,78140.03162766858
8.57,78121.00080602961
8.58,78102.10918090213
8.59,78085.41036695657
8.6,78068.09110823966
8.61,78050.60992967222
8.620000000000001,78031.71038988941
8.63,78015.64597200623
8.64,78000.52674155793
8.65,77981.8416108751
8.66,77964.73395559686
8.67,77947.69207850711
8.68,77930.23060943761
8.69,77912.35000779622
8.700000000000001,77894.71507701439
8.71,77877.27438854885
8.72,77861.07444770224
8.73,77841.91916624013
8.74,77825.78232613398
8.75,77808.13108086708
8.76,77790.83891171835
8.77,77773.80024645448
8.78,77758.25992107193
8.790000000000001,77740.24842431267
8.8,77722.72124763271
8.81,77705.40909047762
8.82,77687.84779290955
8.83,77669.31053987943
8.84,77651.86635164912
8.85,77638.41274849702
8.86,77619.4433507115
8.870000000000001,77602.46653989422
8.88,77586.78208865008
8.89,77568.51951562501
8.9,77552.91232765173
8.91,77534.71124988503
8.92,77518.34055439007
8.93,77501.63081067726
8.94,77485.30610432301
8.950000000000001,77466.0300971276
8.96,77451.52923863428
8.97,77433.11953721018
8.98,77415.7652274496
8.99,77400.83370691419
9.0,77383.81056014058
9.01,77368.58743980764
9.02,77348.90145264748
9.03,77334.68705836913
9.040000000000001,77316.03900184073
9.05,77299.104262099
9.06,77283.82435996244
9.07,77266.20705321997
9.08,77250.3459227127
9.09,77234.1799863345
9.1,77217.10083661486
9.11,77201.49238747304
9.120000000000001,77183.43325513585
9.13,77166.11831496318
9.14,77151.4863087491
9.15,77133.48247421357
9.16,77118.48256414835
9.17,77100.81387802308
9.18,77085.10372284007
9.19,77068.58581019657
9.200000000000001,77052.66193626555
9.21,77035.03901554956
9.22,77019.03842746631
9.23,77003.60928061172
9.24,76987.23769047976
9.25,76971.64593311281
9.26,76954.01801401946
9.27,76937.20899401727
9.28,76921.4157153928
9.290000000000001,76905.01718790754
9.3,76890.64019183333
9.31,76871.00770110913
9.32,76856.03332212548
9.33,76838.44477778838
9.34,76824.88179224292
9.35,76807.23422880302
9.36,76791.23434609166
9.370000000000001,76776.55780311392
9.38,76758.546101397
9.39,76742.98545838617
9.4,76726.30196288384
9.41,76711.85214485413
9.42,76694.18127248206
9.43,76678.84008203472
9.44,76663.10579156474
9.450000000000001,76646.36581713398
9.46,76630.14793678303
9.47,76614.98320931658
9.48,76601.36253701545
9.49,76582.33868959142
9.5,76566.49329825855
9.51,76550.79586487074
9.52,76536.8307359778
9.53,76520.15864003159
9.540000000000001,76504.05207837807
9.55,76489.11337751175
9.56,76471.87897012221
9.57,76455.51569815728
9.58,76441.1865445973
9.59,76423.7041811448
9.6,76408.44151985616
9.61,76392.71652894498
9.620000000000001,76377.38920241274
9.63,76362.17362772468
9.64,76345.91860645165
9.65,76331.01703337725
9.66,76312.31293140765
9.67,76297.94628381381
9.68,76284.29777868249
9.69,76265.76126127409
9.700000000000001,76251.73285735064
9.71,76237.03627124462
9.72,76221.10304332103
9.73,76206.26698550771
9.74,76190.584591859
9.75,76174.58467136901
9.76,76157.93881693654
9.77,76143.61282336779
9.78,76127.5469160829
9.790000000000001,76112.25147138344
9.8,76097.1936455135
9.81,76081.5187688133
9.82,76067.6303437276
9.83,76049.88876985315
9.84,76035.25532432791
9.85,76021.62841079531
9.86,76003.45156714965
9.870000000000001,75989.17232948073
9.88,75973.38470542213
9.89,75959.04138243663
9.9,75943.06360658373
9.91,75927.87419676698
9.92,75914.6826447311
9.93,75896.46299362474
9.94,75882.48838232433
9.950000000000001,75867.59364932957
9.96,75850.20580126368
9.97,75835.80562615044
9.98,75821.89188435308
9.99,75805.86733283714
10.0,75793.1289580947
10.01,75776.0658831312
10.02,75759.39784653287
10.03,75745.84038617765
10.040000000000001,75730.26222308326
10.05,75717.63585799944
10.06,75699.170794146
10.07,75687.39720371085
10.08,75670.13685937287
10.09,75656.13161417618
10.1,75639.70789096243
10.11,75625.65017650384
10.120000000000001,75610.7127844525
10.13,75596.68217063602
10.14,75578.29883314595
10.15,75565.55305355457
10.16,75551.11494833992
10.17,75537.45564840364
10.18,75521.57680815364
10.19,75508.58461817724
10.200000000000001,75492.15605811002
10.21,75477.74475777567
10.22,75462.2771107408
10.23,75448.25368509392
10.24,75434.14743929401
10.25,75418.98578625832
10.26,75402.98440567982
10.27,75387.35301711371
10.28,75373.79389953504
10.290000000000001,75358.97517073041
10.3,75345.74240150584
10.31,75330.3610327591
10.32,75314.92737908634
10.33,75301.04260869235
10.34,75286.45019545064
10.35,75272.53638181028
10.36,75258.28122470416
10.370000000000001,75241.83587864388
10.38,75227.90332123767
10.39,75214.00556102554
10.4,75199.3278010134
10.41,75185.0628769823
10.42,75169.37918618899
10.43,75158.1995969405
10.44,75142.22395224163
10.450000000000001,75126.56009330055
10.46,75112.89928349154
10.47,75098.23519209564
10.48,75082.92364742277
10.49,75069.52183110501
10.5,75055.58719529152
10.51,75039.04862375917
10.52,75024.130342045
10.53,75009.84148040533
10.540000000000001,74996.70893396558
10.55,74982.10685828376
10.56,74969.87680832058
10.57,74955.53731536906
10.58,74941.85335275445
10.59,74927.5979352612
10.6,74912.79857597525
10.61,74898.40177477001
10.620000000000001,74884.93234258995
10.63,74870.18969617969
10.64,74854.665828986
10.65,74843.16398740008
10.66,74827.41101784332
10.67,74811.33461428636
10.68,74798.76851556702
10.69,74784.98373237664
10.700000000000001,74770.95984784541
10.71,74757.92582128123
10.72,74741.90911735246
10.73,74728.19187276422
10.74,74714.94679307482
10.75,74702.2548484195
10.76,74687.57633661962
10.77,74672.8603245644
10.78,74659.48739374407
10.790000000000001,74647.55042419222
10.8,74631.83985540397
10.81,74617.89950766983
10.82,74604.1268443608
10.83,74588.7631269607
10.84,74574.83631395079
10.85,74562.49109542578
10.86,74547.11241694019
10.870000000000001,74533.04579590954
10.88,74519.87114274595
10.89,74508.35844517426
10.9,74491.0440780192
10.91,74479.55877120855
10.92,74466.28838709668
10.93,74449.39615022497
10.94,74438.20813893752
10.950000000000001,74422.12844552797
10.96,74411.12734375364
10.97,74400.16808957882
10.98,74384.11697665277
10.99,74369.3703124058
11.0,74357.63365927413
11.01,74342.04441665047
11.02,74329.59590752707
11.03,74316.34074851872
11.040000000000001,74301.2487258066
11.05,74287.87799225666
11.06,74274.33428977446
11.07,74261.63698573172
11.08,74245.82809094309
11.09,74233.39295434812
11.1,74220.32253483942
11.11,74207.23063400268
11.120000000000001,74193.72056561556
11.13,74181.35695091261
11.14,74168.05042467928
11.15,74152.55064356422
11.16,74141.32134899958
11.17,74127.11116057362
11.18,74112.11136974275
11.19,74098.6519062788
11.200000000000001,74087.71785923434
11.21,74071.51639610389
11.22,74058.87362626295
11.23,74046.3341724893
11.24,74033.70246795597
11.25,74020.18081638565
11.26,74006.09597076153
11.27,73993.99098031459
11.28,73979.4224946793
11.290000000000001,73967.89462829933
11.3,73952.69280838053
11.31,73941.51238569463
11.32,73928.59354244161
11.33,73913.69693030912
11.34,73900.47916581444
11.35,73889.3212260075
11.36,73873.33461136441
11.370000000000001,73861.5162102445
11.38,73848.65855106746
11.39,73834.19628926065
11.4,73824.8442047398
11.41,73810.72102601264
11.42,73796.83489318127
11.43,73784.63409752038
11.44,73771.04900305666
11.450000000000001,73756.88251689028
11.46,73743.96889146428
11.47,73731.42673984474
11.48,73717.47041162872
11.49,73706.05656735411
11.5,73691.10517685437
11.51,73679.87301606743
11.52,73668.03785059972
11.53,73654.24356532197
11.540000000000001,73639.78344970023
11.55,73628.2774149791
11.56,73614.93122872809
11.57,73602.62829995037
11.58,73590.04065316038
11.59,73577.5646437909
11.6,73564.12277481415
11.61,73551.95429619931
11.620000000000001,73537.13214863082
11.63,73525.24651211569
11.64,73514.89635004773
11.65,73502.08757003017
11.66,73488.81760380599
11.67,73475.44932955396
11.68,73461.28423499827
11.69,73451.84832773524
11.700000000000001,73436.75408528719
11.71,73425.69458544764
11.72,73412.55509295566
11.73,73398.9983805015
11.74,73387.46697045915
11.75,73374.50430633161
11.76,73360.61113728413
11.77,73348.99805878733
11.78,73336.74402450066
11.790000000000001,73322.75279994817
11.8,73310.50677646857
11.81,73298.17342885595
11.82,73287.35104428117
11.83,73273.27824531903
11.84,73261.14909750741
11.85,73247.82494692403
11.86,73237.55580622907
11.870000000000001,73224.23998939194
11.88,73211.80813352563
11.89,73199.1075699549
11.9,73187.33085283387
11.91,73173.84584489922
11.92,73161.43935883172
11.93,73151.76511170622
11.94,73137.63629081639
11.950000000000001,73126.19978473787
11.96,73112.9590794554
11.97,73100.59869588586
11.98,73088.82590208449
11.99,73078.34449501391
12.0,73064.66610760849
12.01,73052.59540621542
12.02,73040.4032853166
12.030000000000001,73027.58961742398
12.040000000000001,73016.03365867879
12.05,73001.84144499048
12.06,72991.28957519036
12.07,72978.10092381612
12.08,72967.74733907744
12.09,72954.39130686823
12.1,72942.2898814555
12.11,72931.02272690028
12.120000000000001,72915.72544804316
12.13,72906.65374017142
12.14,72893.00841085645
12.15,72881.97488618914
12.16,72870.48546929542
12.17,72858.33200117805
12.18,72843.76152571461
12.19,72833.61683253117
12.200000000000001,72820.27306635345
12.21,72808.89675814724
12.22,72797.25438963858
12.23,72785.10705516847
12.24,72773.1967270133
12.25,72760.23888794558
12.26,72750.70952677302
12.27,72739.1929381112
12.280000000000001,72725.33560737758
12.290000000000001,72714.42603292402
12.3,72703.07410750903
12.31,72690.7170258817
12.32,72678.13708637419
12.33,72667.26126102055
12.34,72654.63699830705
12.35,72644.30911899867
12.36,72634.75567003537
12.370000000000001,72619.27879861632
12.38,72606.8633290351
12.39,72597.02026375043
12.4,72585.60946378266
12.41,72574.07852451256
12.42,72563.0683391022
12.43,72549.89508918235
12.44,72540.28655897066
12.450000000000001,72526.52573757051
12.46,72513.15921294857
12.47,72500.98489263645
12.48,72492.15308292497
12.49,72479.60467393276
12.5,72467.55021164988
12.51,72456.72886129959
12.52,72447.20496718057
12.530000000000001,72434.41640130509
12.540000000000001,72422.15386562023
12.55,72410.48523275925
12.56,72398.97391656168
12.57,72386.94327897856
12.58,72374.35969770607
12.59,72363.54614699041
12.6,72350.75279961449
12.61,72341.42387136066
12.620000000000001,72329.54752617388
12.63,72318.53290847644
12.64,72306.3151462505
12.65,72295.74261152938
12.66,72283.21496121936
12.67,72273.13018466083
12.68,72260.54865949653
12.69,72249.35811461878
12.700000000000001,72237.71231344121
12.71,72225.99710143164
12.72,72214.9789209621
12.73,72205.48584314478
12.74,72192.51578811587
12.75,72182.21450793928
12.76,72170.6991926881
12.77,72158.57495929362
12.780000000000001,72149.00775283962
12.790000000000001,72138.4783828679
12.8,72125.94117364207
12.81,72113.00913172564
12.82,72103.11650473549
12.83,72091.93725382963
12.84,72080.24588121659
12.85,72068.20233814136
12.86,72058.95400572283
12.870000000000001,72046.39133016561
12.88,72037.61082181887
12.89,72022.8859625561
12.9,72013.51441559952
12.91,72001.68133554791
12.92,71990.59589543939
12.93,71979.12944625298
12.94,71970.96661385763
12.950000000000001,71959.33621072289
12.96,71948.60875001019
12.97,71937.40985158854
12.98,71926.04626611929
12.99,71914.34598562006
13.0,71904.15706486563
13.01,71892.91123182166
13.02,71882.47417239138
13.030000000000001,71871.98593151038
13.040000000000001,71860.37533391325
13.05,71847.73993380555
13.06,71835.90051000903
13.07,71829.42434354877
13.08,71816.33482150098
13.09,71806.8075471302
13.1,71793.6474879715
13.11,71784.32960565027
13.120000000000001,71774.27326701285
13.13,71763.09946804975
13.14,71752.85897433017
13.15,71738.66696141657
13.16,71728.72776293577
13.17,71718.43005083008
13.18,71709.314951536
13.19,71697.08671699095
13.200000000000001,71686.1383215704
13.21,71676.95915964247
13.22,71667.72661021355
13.23,71653.70197456321
13.24,71645.6044252525
13.25,71633.07947199057
13.26,71623.54816474981
13.27,71611.27187579767
13.280000000000001,71600.80460126702
13.290000000000001,71591.49239121469
13.3,71580.51598575259
13.31,71569.04388854734
13.32,71559.22445229869
13.33,71548.4938538398
13.34,71537.509500305
13.35,71529.97281468888
13.36,71515.7997780711
13.370000000000001,71505.05064196898
13.38,71497.30968823134
13.39,71482.95143235286
13.4,71475.51174243614
13.41,71462.84690802917
13.42,71453.50853065639
13.43,71443.65901485368
13.44,71431.46979705
13.450000000000001,71422.91092314114
13.46,71412.23349779975
13.47,71402.35586504661
13.48,71389.4483689916
13.49,71381.47876116914
13.5,71370.30520650238
13.51,71360.18843762897
13.52,71349.53690606324
13.530000000000001,71341.09314908009
13.540000000000001,71329.33101474591
13.55,71318.8001894761
13.56,71309.06802969228
13.57,71297.7436957409
13.58,71287.4354624211
13.59,71277.18447465762
13.6,71267.97343343873
13.61,71257.09440236808
13.620000000000001,71247.09650412734
13.63,71235.21514419993
13.64,71226.97944460782
13.65,71216.04721811837
13.66,71206.52571890407
13.67,71195.491248764
13.68,71183.04337364127
13.69,71176.43451756025
13.700000000000001,71166.97524851409
13.71,71155.97181909437
13.72,71145.33239399984
13.73,71135.13694044776
13.74,71126.16116986121
13.75,71115.72490245869
13.76,71106.61617321712
13.77,71095.44791752887
13.780000000000001,71085.34331409175
13.790000000000001,71073.9102008565
13.8,71066.42400146661
13.81,71055.46858025566
13.82,71043.96180707596
13.83,71034.33732381518
13.84,71023.82409145766
13.85,71012.85179917351
13.86,71005.26109693763
13.870000000000001,70994.09528296426
13.88,70983.07925090745
13.89,70974.22373026866
13.9,70964.74102410255
13.91,70954.99642511537
13.92,70946.35421762957
13.93,70935.48334555904
13.94,70927.05619748752
13.950000000000001,70916.70472705254
13.96,70905.1707378839
13.97,70896.3640048647
13.98,70885.92689227415
13.99,70876.59564856971
14.0,70867.09324497763
14.01,70856.45834647506
14.02,70846.45304605934
14.030000000000001,70837.12587494496
14.040000000000001,70829.78284856939
14.05,70816.51836443682
14.06,70806.21867012861
14.07,70799.3358648474
14.08,70789.69668873052
14.09,70778.12710097537
14.1,70769.15816181237
14.11,70760.00719315585
14.120000000000001,70751.37956067777
14.13,70740.04426183984
14.14,70729.55958053173
14.15,70720.25377902624
14.16,70709.51564035137
14.17,70702.16335871504
14.18,70692.29242457471
14.19,70682.77816710807
14.200000000000001,70670.54915301358
14.21,70663.1143190507
14.22,70654.6590205874
14.23,70644.91176405548
14.24,70634.24632696933
14.25,70625.53997603469
14.26,70616.21237602789
14.27,70607.34340586823
14.280000000000001,70595.68586384224
14.290000000000001,70587.64312222048
14.3,70579.28984215588
14.31,70569.29610877292
14.32,70558.92318031054
14.33,70550.53707727167
14.34,70541.5113530336
14.35,70529.79905568296
14.36,70521.5883743331
14.370000000000001,70511.61001446481
14.38,70504.56213230519
14.39,70494.19848808841
14.4,70484.80227387525
14.41,70475.14434215194
14.42,70465.39638832156
14.43,70457.64492306378
14.44,70446.0212547415
14.450000000000001,70438.0110745151
14.46,70427.76021288667
14.47,70418.54833949581
14.48,70409.15615749457
14.49,70401.51310837285
14.5,70392.49835154437
14.51,70381.12969788318
14.52,70373.98775137968
14.530000000000001,70364.19802433767
14.540000000000001,70354.11869405018
14.55,70345.8629324005
14.56,70336.29176086134
14.57,70328.08589716983
14.58,70316.04504617344
14.59,70309.46656501997
14.6,70299.02568125291
14.61,70288.94613315313
14.620000000000001,70281.28262028565
14.63,70272.85430409582
14.64,70263.38510461026
14.65,70254.29343815263
14.66,70245.02290008872
14.67,70235.92227678673
14.68,70229.02655528244
14.69,70219.62637122386
14.700000000000001,70210.15156721992
14.71,70200.59766845297
14.72,70190.33509150535
14.73,70181.66963761696
14.74,70171.13122634665
14.75,70164.55029756248
14.76,70157.19064287785
14.77,70147.98621488971
14.780000000000001,70137.4637663758
14.790000000000001,70129.03524261962
14.8,70120.16200361616
14.81,70109.9269265552
14.82,70102.76240634959
14.83,70091.894826524
14.84,70084.09301183025
14.85,70075.36250983292
14.86,70064.98593285639
14.870000000000001,70057.42473779789
14.88,70051.26883667195
14.89,70040.52166965534
14.9,70031.51044487336
14.91,70023.06940838209
14.92,70014.49728571299
14.93,70005.0826559101
14.94,69995.656857055
14.950000000000001,69984.24721321362
14.96,69980.91521803103
14.97,69970.32265421543
14.98,69961.33461827293
14.99,69951.35815009763
15.0,69945.44793498193
15.01,69935.03180739583
15.02,69926.87659020713
15.030000000000001,69917.92741810608
15.040000000000001,69909.07937643769
15.05,69899.31646692453
15.06,69891.90836632489
15.07,69883.89532908534
15.08,69876.56933446342
15.09,69864.3560910059
15.1,69857.1349895477
15.11,69849.92668326272
15.120000000000001,69840.16341340366
15.13,69831.88253495563
15.14,69823.63045353699
15.15,69816.54275256906
15.16,69804.93947974693
15.17,69797.76039357134
15.18,69791.31530387668
15.19,69782.12795172188
15.200000000000001,69772.14312274118
15.21,69765.52594814796
15.22,69756.49729832094
15.23,69747.47858695671
15.24,69740.42815842367
15.25,69732.16812657159
15.26,69722.75901091535
15.27,69714.26744587052
15.280000000000001,69705.57466996934
15.290000000000001,69697.40366093522
15.3,69689.78553311131
15.31,69679.51521628574
15.32,69671.62084980361
15.33,69663.1424143418
15.34,69656.94914631636
15.35,69646.46437251233
15.36,69639.40666322017
15.370000000000001,69629.49203614671
15.38,69622.19865222824
15.39,69613.30638620004
15.4,69605.01088436773
15.41,69596.69829279855
15.42,69590.4604171525
15.43,69581.50533139934
15.44,69573.31459561536
15.450000000000001,69563.96262492512
15.46,69557.20971541599
15.47,69549.69523604691
15.48,69541.83074920978
15.49,69529.98910910595
15.5,69523.11855694391
15.51,69514.93917105769
15.52,69505.88435432821
15.530000000000001,69500.25324089143
15.540000000000001,69490.83806246205
15.55,69483.87239211031
15.56,69475.03654284107
15.57,69465.87007710963
15.58,69459.7644514773
15.59,69450.09360733726
15.6,69444.56897486851
15.610000000000001,69435.60519108184
15.620000000000001,69427.2807715266
15.63,69419.12988995417
15.64,69411.12671111333
15.65,69403.44932737142
15.66,69396.12125231279
15.67,69388.06367740461
15.68,69378.89418429614
15.69,69370.3443562728
15.700000000000001,69362.8673283016
15.71,69355.48391408283
15.72,69346.87606865697
15.73,69339.87425205536
15.74,69330.66514718549
15.75,69324.04790018318
15.76,69315.51737679049
15.77,69309.05279758356
15.780000000000001,69299.1899030908
15.790000000000001,69292.91360017471
15.8,69283.58646005412
15.81,69274.3242952916
15.82,69269.63069304917
15.83,69260.18856227417
15.84,69254.61926794793
15.85,69244.29679077175
15.860000000000001,69237.46305806423
15.870000000000001,69229.62616420088
15.88,69221.55461189673
15.89,69213.32159593682
15.9,69205.89932288486
15.91,69200.01649600551
15.92,69190.78009351467
15.93,69181.64902343065
15.94,69173.5363886187
15.950000000000001,69168.59595201504
15.96,69160.7665642456
15.97,69152.26869471103
15.98,69144.26382315173
15.99,69137.74687807784
16.0,69130.63737721906
16.01,69121.38039151806
16.02,69115.83901381528
16.03,69106.9688433256
16.04,69101.13167849011
16.05,69091.70120296231
16.06,69084.65547484304
16.07,69078.36246141339
16.080000000000002,69068.66125336736
16.09,69060.58879546984
16.1,69054.3583828452
16.11,69050.22621048566
16.12,69039.36312734889
16.13,69031.04122151276
16.14,69022.41248372037
16.15,69014.30574625243
16.16,69009.85060720626
16.17,69002.67710305299
16.18,68994.24165880785
16.19,68987.75025868132
16.2,68979.75466712234
16.21,68972.01064782374
16.22,68966.35226207471
16.23,68957.19146163015
16.240000000000002,68949.045043983
16.25,68942.75211484767
16.26,68935.55230263801
16.27,68927.24841910528
16.28,68918.63069795052
16.29,68913.15049168517
16.3,68906.73644157728
16.31,68898.95757947948
16.32,68892.57931492763
16.330000000000002,68883.19781906654
16.34,68876.64813663291
16.35,68870.12295671043
16.36,68861.18715493972
16.37,68855.49538640134
16.38,68847.29620119937
16.39,68840.36410545286
16.4,68832.82295799219
16.41,68826.16398400639
16.42,68819.64658399051
16.43,68812.33092513791
16.44,68805.07430792018
16.45,68795.49430544589
16.46,68788.17608612598
16.47,68781.77898326905
16.48,68775.23082750586
16.490000000000002,68767.97405926611
16.5,68761.75367095483
16.51,68755.28375671597
16.52,68747.70278575196
16.53,68741.04443705385
16.54,68733.0764659327
16.55,68726.23307069643
16.56,68717.75169593208
16.57,68713.31069302559
16.580000000000002,68702.3544046828
16.59,68698.45188566644
16.6,68690.28328305569
16.61,68684.11558528244
16.62,68675.61262214738
16.63,68669.18340325198
16.64,68661.74205259136
16.65,68656.05015674228
16.66,68648.4127077655
16.67,68642.14855768712
16.68,68636.90076926228
16.69,68626.78129615335
16.7,68619.89444944359
16.71,68613.10690712031
16.72,68606.3641825792
16.73,68598.62087235288
16.740000000000002,68593.50274259472
16.75,68585.82111677187
16.76,68578.70804098385
16.77,68573.5199907606
16.78,68565.48731314918
16.79,68561.13906008471
16.8,68553.76159007134
16.81,68546.2606546225
16.82,68540.57840986134
16.830000000000002,68534.1128234776
16.84,68526.01456694388
16.85,68519.0732371327
16.86,68512.7414483623
16.87,68502.31355924705
16.88,68497.62350605526
16.89,68491.14494847348
16.9,68485.73789212751
16.91,68478.50762866253
16.92,68472.22762346621
16.93,68463.39207223897
16.94,68457.17672249116
16.95,68451.4380453824
16.96,68444.07007206071
16.97,68439.6584032294
16.98,68430.41358482708
16.990000000000002,68423.72103618147
17.0,68417.24108189408
17.01,68411.75543193694
17.02,68405.86181544942
17.03,68398.21032014392
17.04,68394.05935633297
17.05,68384.63470949254
17.06,68378.25535956607
17.07,68371.00292084028
17.080000000000002,68365.95338663153
17.09,68357.92044044993
17.1,68350.71118000471
17.11,68343.35927481327
17.12,68340.10642315198
17.13,68331.62325405506
17.14,68323.51873753907
17.150000000000002,68319.82052483842
17.16,68312.89134443155
17.17,68306.15050774817
17.18,68300.93455926878
17.19,68294.64266631012
17.2,68287.27228578173
17.21,68281.51563193259
17.22,68273.35068051142
17.23,68267.05774284597
17.240000000000002,68260.98416356312
17.25,68256.20996510572
17.26,68250.31183056589
17.27,68243.13266988608
17.28,68236.50350682935
17.29,68230.40924901704
17.3,68222.43152760828
17.31,68217.06911686981
17.32,68210.360517079
17.330000000000002,68205.64401670951
17.34,68199.21867737216
17.35,68192.7125589644
17.36,68185.00260535462
17.37,68181.52769234146
17.38,68172.12534420664
17.39,68166.97545506083
17.400000000000002,68160.51659401998
17.41,68153.93423169991
17.42,68149.43703983912
17.43,68141.48700446766
17.44,68136.29670083096
17.45,68130.32306484143
17.46,68124.22468835975
17.47,68116.56495132037
17.48,68111.51491135042
17.490000000000002,68105.36806077631
17.5,68099.59566147329
17.51,68093.03256422389
17.52,68086.35258177899
17.53,68079.10794433283
17.54,68074.26546437194
17.55,68067.58423674546
17.56,68063.13679554427
17.57,68055.9605592316
17.580000000000002,68048.318928796
17.59,68044.44718158054
17.6,68037.78570133407
17.61,68031.88651817995
17.62,68026.4892309534
17.63,68019.61351845332
17.64,68014.12166096718
17.650000000000002,68007.80958637313
17.66,68000.35026642987
17.67,67993.43712707599
17.68,67989.86846711648
17.69,67982.97565301332
17.7,67977.39600065892
17.71,67972.34116644207
17.72,67967.26484610398
17.73,67958.86875857432
17.740000000000002,67954.15248405171
17.75,67949.09849355479
17.76,67941.3789064044
17.77,67936.9482473602
17.78,67928.43063117994
17.79,67925.39870334291
17.8,67919.81985689876
17.81,67914.71440995
17.82,67906.89630144152
17.830000000000002,67899.90925694851
17.84,67894.0889650448
17.85,67891.94229126508
17.86,67884.86874435296
17.87,67879.40804243431
17.88,67873.15168617654
17.89,67867.67396953749
17.900000000000002,67861.62537030343
17.91,67855.67912369336
17.92,67850.16207633867
17.93,67842.79991117182
17.94,67837.76374671045
17.95,67832.03503680114
17.96,67826.50882658371
17.97,67822.12389408138
17.98,67816.69633573943
17.990000000000002,67809.33796897787
18.0,67803.13142049512
18.01,67798.57797273775
18.02,67791.28805915789
18.03,67785.73177502074
18.04,67779.08321097778
18.05,67776.19097167377
18.06,67768.6730655122
18.07,67764.57796182827
18.080000000000002,67759.03973790955
18.09,67753.41406363463
18.1,67746.82362256089
18.11,67741.55971381681
18.12,67734.92226361061
18.13,67731.69700738897
18.14,67725.8962004624
18.150000000000002,67719.37429827623
18.16,67716.05072442137
18.17,67708.94450195222
18.18,67704.2471858914
18.19,67699.40852448258
18.2,67692.24635298205
18.21,67686.69552935229
18.22,67682.26865961851
18.23,67677.05476642089
18.240000000000002,67669.0689564443
18.25,67665.72980038715
18.26,67659.66509345995
18.27,67652.59908239378
18.28,67646.79516981672
18.29,67642.5151372307
18.3,67638.42036849112
18.31,67633.76635700278
18.32,67627.59910810467
18.330000000000002,67623.1506450201
18.34,67616.19925443288
18.35,67612.83087708027
18.36,67605.87729814199
18.37,67599.72605508045
18.38,67595.50003269217
18.39,67589.81894017222
18.400000000000002,67583.79943661513
18.41,67579.90897088265
18.42,67575.06155517921
18.43,67569.51067403883
18.44,67562.31653367776
18.45,67558.12846925865
18.46,67553.07155201059
18.47,67545.9546741691
18.48,67542.26617571466
18.490000000000002,67535.25927603476
18.5,67531.67076015518
18.51,67526.97183111969
18.52,67521.29355105323
18.53,67516.54716596397
18.54,67510.5700361377
18.55,67506.34782177383
18.56,67499.52043707742
18.57,67494.06285297482
18.580000000000002,67489.60687641229
18.59,67483.96864007215
18.6,67480.80648393766
18.61,67472.62790363403
18.62,67470.22438918805
18.63,67465.04241086986
18.64,67460.78248757798
18.650000000000002,67455.30195554555
18.66,67451.64877071236
18.67,67445.48433765875
18.68,67438.20511082251
18.69,67434.10619448642
18.7,67430.17349979213
18.71,67423.33775267671
18.72,67420.05370063017
18.73,67414.61542798312
18.740000000000002,67411.46565948513
18.75,67403.82644623004
18.76,67398.95808861664
18.77,67395.6526771409
18.78,67389.4846261963
18.79,67384.51606726674
18.8,67380.3031673059
18.81,67375.2174051538
18.82,67370.34018101865
18.830000000000002,67363.78234836561
18.84,67359.7522581973
18.85,67355.68462811434
18.86,67351.69684631198
18.87,67345.36253236204
18.88,67341.80483476585
18.89,67334.28197177048
18.900000000000002,67329.51756604022
18.91,67327.01205239639
18.92,67320.8651443014
18.93,67316.27460304639
18.94,67311.7337932557
18.95,67306.77948405514
18.96,67302.92645701038
18.97,67297.55796593866
18.98,67292.45869499618
18.990000000000002,67288.40634064347
19.0,67283.7344853282
19.01,67279.15562016038
19.02,67273.26266098631
19.03,67268.97374938933
19.04,67264.64549125821
19.05,67260.12108055815
19.06,67254.83288370159
19.07,67251.742210684
19.080000000000002,67246.63433842573
19.09,67241.09460940068
19.1,67237.33643658279
19.11,67231.87256138376
19.12,67228.06888780922
19.13,67221.68319984239
19.14,67218.00664094658
19.150000000000002,67213.19307259069
19.16,67209.4017123712
19.17,67202.95775849017
19.18,67200.62811971025
19.19,67193.47830998279
19.2,67189.73368542496
19.21,67183.74022433821
19.22,67180.10861586334
19.23,67174.05655825396
19.240000000000002,67171.23326900677
19.25,67167.95144935102
19.26,67162.77639433516
19.27,67158.95836405539
19.28,67153.37278701107
19.29,67149.72370135123
19.3,67145.50281398238
19.31,67141.60231612888
19.32,67137.84168896917
19.330000000000002,67130.41338817384
19.34,67128.06235889724
19.35,67124.48317800525
19.36,67118.56182163638
19.37,67113.50556537473
19.38,67109.08549556731
19.39,67106.55781377235
19.400000000000002,67101.60781838019
19.41,67096.51314862154
19.42,67092.31672023055
19.43,67086.3941787889
19.44,67083.24655452621
19.45,67079.0716377633
19.46,67074.04232273385
19.47,67069.55571099435
19.48,67065.4188124622
19.490000000000002,67061.65406569163
19.5,67056.7346587592
19.51,67052.17168629155
19.52,67049.77123263618
19.53,67044.46574519151
19.54,67039.9423497927
19.55,67035.94161225065
19.56,67031.27817899962
19.57,67026.02541560945
19.580000000000002,67025.22641169267
19.59,67017.9088731652
19.6,67016.58037064412
19.61,67010.10937355072
19.62,67004.94357916054
19.63,67001.05171005284
19.64,66997.33445903729
19.650000000000002,66994.42316998757
19.66,66989.92720685109
19.67,66985.2704034354
19.68,66981.30059161728
19.69,66977.84005927946
19.7,66972.59729232524
19.71,66970.66246484157
19.72,66963.34303613656
19.73,66961.26889941009
19.740000000000002,66957.45429812233
19.75,66952.76108553704
19.76,66949.47118434738
19.77,66943.94079516725
19.78,66941.66358277758
19.79,66935.54888354527
19.8,66931.18905360815
19.81,66928.48049215427
19.82,66924.94323342013
19.830000000000002,66922.07061271429
19.84,66915.36319421582
19.85,66912.75838335864
19.86,66908.61512794012
19.87,66904.33142862971
19.88,66900.80599819227
19.89,66897.95236456016
19.900000000000002,66891.44005937292
19.91,66887.46287248546
19.92,66883.20455668948
19.93,66880.36114479584
19.94,66876.3748312311
19.95,66870.3029201531
19.96,66866.81108952274
19.97,66864.54962870997
19.98,66860.4556587101
19.990000000000002,66858.66145425988
20.0,66853.53544744066
20.01,66848.98625798148
20.02,66846.06034140839
20.03,66840.57630760195
20.04,66837.62266223847
20.05,66833.36248545475
20.06,66830.12537835541
20.07,66825.30913469108
20.080000000000002,66823.94937783787
20.09,66818.99461104996
20.1,66816.7820178138
20.11,66810.76258238129
20.12,66807.46029907247
20.13,66804.10481375888
20.14,66800.4112989178
20.150000000000002,66797.90695543027
20.16,66791.57343852382
20.17,66786.99986504212
20.18,66785.59646605788
20.19,66782.32101900363
20.2,66778.09544735587
20.21,66774.07141782081
20.22,66769.82065696653
20.23,66767.45998296396
20.240000000000002,66763.29364700751
20.25,66759.81613432565
20.26,66758.23719290188
20.27,66751.97529969904
20.28,66747.61906786526
20.29,66745.11620505393
20.3,66740.01847002747
20.31,66738.13226132984
20.32,66735.0649725267
20.330000000000002,66730.94982059096
20.34,66727.92399847294
20.35,66724.32728666683
20.36,66720.5411668957
20.37,66717.97784621874
20.38,66710.09868314615
20.39,66710.4686886725
20.400000000000002,66707.36105657779
20.41,66700.6750434869
20.42,66699.56917550645
20.43,66694.71240243278
20.44,66691.76141570072
20.45,66688.42211833334
20.46,66685.78231101645
20.47,66681.90881385702
20.48,66677.71496639862
20.490000000000002,66673.99955176984
20.5,66671.55362894622
20.51,66668.4038523524
20.52,66666.11369676756
20.53,66661.93142373292
20.54,66657.14889473085
20.55,66653.95743178317
20.56,66652.07663728972
20.57,66647.00105326879
20.580000000000002,66643.9674636755
20.59,66639.96461915119
20.6,66636.66000278754
20.61,66634.5580127093
20.62,66633.80935750676
20.63,66627.43498482097
20.64,66624.90029504309
20.650000000000002,66620.15854915773
20.66,66618.17076505105
20.67,66613.6454592399
20.68,66610.23127100486
20.69,66608.95012503158
20.7,66606.94550741579
20.71,66602.01599895614
20.72,66600.59391926635
20.73,66596.84512076355
20.740000000000002,66592.64963713434
20.75,66588.9555221335
20.76,66586.22413372867
20.77,66582.396263651
20.78,66577.85695512239
20.79,66575.5272462264
20.8,66572.89512193807
20.81,66568.30284423218
20.82,66567.782479826
20.830000000000002,66563.77062051492
20.84,66559.7566853731
20.85,66555.36397857599
20.86,66554.56778376193
20.87,66551.22140096701
20.88,66549.22790952407
20.89,66542.83107442674
20.900000000000002,66541.3281597136
20.91,66538.98859307214
20.92,66535.83807469497
20.93,66531.91383066778
20.94,66530.11795971154
20.95,66526.19559978368
20.96,66524.30651716741
20.97,66520.59839320902
20.98,66517.1063891429
20.990000000000002,66514.95936463006
21.0,66511.56606863046
21.01,66509.73565009973
21.02,66505.9137755627
21.03,66500.92019321705
21.04,66500.99938169977
21.05,66498.11202324036
21.06,66495.06942856313
21.07,66491.72101784161
21.080000000000002,66487.66661874947
21.09,66486.10159865467
21.1,66482.0872071642
21.11,66479.05747582576
21.12,66475.35021113964
21.13,66473.75502396317
21.14,66470.3842777537
21.150000000000002,66466.78243570437
21.16,66463.90139527687
21.17,66461.79047691966
21.18,66458.767775007
21.19,66456.16664837314
21.2,66453.3078148572
21.21,66451.16718323716
21.22,66447.22432147367
21.23,66443.96194693347
21.240000000000002,66442.53032832146
21.25,66439.05515363677
21.26,66435.77164573496
21.27,66433.41636680253
21.28,66430.79061453299
21.29,66429.23420736604
21.3,66425.5301067701
21.31,66423.67842228775
21.32,66419.93418536898
21.330000000000002,66417.35690303867
21.34,66415.86044619045
21.35,66412.64677155224
21.36,66409.76833910191
21.37,66407.07859144094
21.38,66403.77558022228
21.39,66402.43498528606
21.400000000000002,66396.96107966958
21.41,66396.53836933935
21.42,66393.75520479395
21.43,66390.03716572067
21.44,66387.55777792151
21.45,66385.74100710671
21.46,66383.29516325466
21.47,66381.99147812929
21.48,66378.34920899513
21.490000000000002,66374.57707055222
21.5,66372.37677659499
21.51,66371.15649208378
21.52,66368.56884633913
21.53,66365.6937780009
21.54,66361.40604146832
21.55,66360.42865821636
21.56,66358.08690066857
21.57,66354.9661467458
21.580000000000002,66351.00106592508
21.59,66350.38567895371
21.6,66347.3325076149
21.61,66344.6230289585
21.62,66343.76329195028
21.63,66339.65774998326
21.64,66336.83386520091
21.650000000000002,66335.23795236651
21.66,66332.66785505497
21.67,66332.13413754558
21.68,66327.96430304855
21.69,66326.69665848506
21.7,66321.9985563115
21.71,66320.22032777165
21.72,66319.23102658638
21.73,66316.69360655601
21.740000000000002,66315.09879580642
21.75,66312.1510823302
21.76,66308.04916464642
21.77,66305.90366424424
21.78,66304.07231958862
21.79,66303.95253570555
21.8,66299.07766498072
21.81,66297.10894154561
21.82,66294.44226234786
21.830000000000002,66292.03429840923
21.84,66290.94704290359
21.85,66288.8382502395
21.86,66285.34497808528
21.87,66284.79062772906
21.88,66280.66616657584
21.89,66279.2899094973
21.900000000000002,66276.28861124012
21.91,66276.64188836985
21.92,66271.1393704229
21.93,66273.0475259967
21.94,66269.14641180146
21.95,66265.6812480502
21.96,66263.86071697505
21.97,66261.72310206374
21.98,66259.05293129997
21.990000000000002,66258.21786329341
22.0,66256.24287317357
22.01,66253.66364510893
22.02,66252.18961870091
22.03,66250.0412317266
22.04,66247.66227784999
22.05,66245.85578390793
22.06,66242.54414201401
22.07,66239.62460426566
22.080000000000002,66239.60447191496
22.09,66236.41494734553
22.1,66235.64712710408
22.11,66232.84359060452
22.12,66230.47159996281
22.13,66228.19349048793
22.14,66225.66409573023
22.150000000000002,66224.72526311754
22.16,66222.40120060183
22.17,66219.93763648873
22.18,66217.75133381961
22.19,66216.82435658689
22.2,66213.35740210212
22.21,66212.20976989562
22.22,66208.13144270034
22.23,66209.32824681484
22.240000000000002,66207.5467799852
22.25,66204.38913523391
22.26,66202.35971948064
22.27,66202.10984302963
22.28,66199.9851430131
22.29,66197.76778873532
22.3,66194.44703575657
22.31,66193.5031791228
22.32,66191.73293974242
22.330000000000002,66190.0060511772
22.34,66188.52802408268
22.35,66184.41011954937
22.36,66186.65274371255
22.37,66182.39773868954
22.38,66178.85157135666
22.39,66178.75960980683
22.400000000000002,66177.73488834806
22.41,66174.5864371155
22.42,66173.57900936245
22.43,66171.2598025867
22.44,66168.7988050411
22.45,66168.03175940097
22.46,66166.47586853022
22.47,66163.16169924098
22.48,66162.92895671801
22.490000000000002,66160.99212605905
22.5,66159.64125984827
22.51,66157.83935270522
22.52,66155.38040929947
22.53,66154.13229345842
22.54,66153.53720999009
22.55,66151.29150244579
22.56,66150.02958795459
22.57,66148.51950758329
22.580000000000002,66145.30276711163
22.59,66143.57894820672
22.6,66141.54453100885
22.61,66143.14324923519
22.62,66138.36087929756
22.63,66137.16738645264
22.64,66137.42711396227
22.650000000000002,66131.95515423776
22.66,66131.3255868202
22.67,66130.90308318565
22.68,66130.4458278185
22.69,66127.73959435044
22.7,66125.90367534655
22.71,66123.86407865821
22.72,66124.50094031857
22.73,66121.30802334241
22.740000000000002,66119.308330017
22.75,66118.63417703297
22.76,66118.38219213199
22.77,66117.42484674774
22.78,66115.1199465188
22.79,66112.7187862115
22.8,66111.9131966191
22.81,66110.16140949438
22.82,66109.81294759101
22.830000000000002,66106.95141270554
22.84,66106.12263297991
22.85,66103.45503686005
22.86,66102.66171754319
22.87,66100.30633910553
22.88,66098.22487510002
22.89,66100.09958911456
22.900000000000002,66098.00269370664
22.91,66095.83977196281
22.92,66094.69510840805
22.93,66093.21615144204
22.94,66091.60509529134
22.95,66089.60399229806
22.96,66089.97761118642
22.97,66087.7002154375
22.98,66088.37124000787
22.990000000000002,66084.08232253215
23.0,66084.70201840579
23.01,66081.66805485304
23.02,66082.30072657946
23.03,66080.42372522007
23.04,66079.00255704772
23.05,66079.42441808437
23.06,66073.76031717485
23.07,66074.98416758305
23.080000000000002,66071.4561617619
23.09,66072.66492491825
23.1,66071.9769623649
23.11,66068.5067493772
23.12,66069.24891602484
23.13,66067.8123088385
23.14,66067.81159057951
23.150000000000002,66065.11123151856
23.16,66063.09555707376
23.17,66064.48656105022
23.18,66063.46483742117
23.19,66060.94622550845
23.2,66058.58207597231
23.21,66058.71223582844
23.22,66057.53875161755
23.23,66056.06977747807
23.240000000000002,66054.7627340192
23.25,66053.46259990813
23.26,66054.33006084363
23.27,66052.12268393145
23.28,66051.76039428775
23.29,66047.23566315582
23.3,66049.16310677097
23.31,66048.19611168945
23.32,66046.00148208319
23.330000000000002,66046.4912938929
23.34,66043.67845166133
23.35,66043.04852536217
23.36,66042.44973014873
23.37,66040.71343291998
23.38,66039.88835968405
23.39,66038.79534736591
23.400000000000002,66037.49435300908
23.41,66036.40412614998
23.42,66036.35749986721
23.43,66034.9372022462
23.44,66033.11657201573
23.45,66032.66106262724
23.46,66032.89489442148
23.47,66032.2694402946
23.48,66031.39849343961
23.490000000000002,66028.81107003496
23.5,66028.76824232494
23.51,66029.72437330532
23.52,66027.06848651022
23.53,66026.88604231126
23.54,66024.95477996119
23.55,66024.5286210932
23.56,66021.57503856192
23.57,66022.55902416178
23.580000000000002,66021.64716207495
23.59,66019.65008524255
23.6,66020.35160777565
23.61,66020.23763296379
23.62,66017.64056240694
23.63,66019.57104064884
23.64,66014.7611312525
23.650000000000002,66017.17903455303
23.66,66014.08795530917
23.67,66017.40259915011
23.68,66014.7117236888
23.69,66013.6929009378
23.7,66012.15312334202
23.71,66010.97660435244
23.72,66011.949758211
23.73,66011.46265439
23.740000000000002,66011.01746027467
23.75,66009.32361068866
23.76,66008.89583790587
23.77,66008.01100788935
23.78,66007.99574395396
23.79,66008.24830832578
23.8,66004.72260993796
23.81,66005.34868543844
23.82,66004.17840552198
23.830000000000002,66004.83959334741
23.84,66004.65367439423
23.85,66001.84499689098
23.86,66003.6908286001
23.87,66000.11945134884
23.88,66001.97072161363
23.89,65999.87663054393
23.900000000000002,65999.5556528796
23.91,65999.796370538
23.92,65997.68933212155
23.93,65996.92850795858
23.94,65997.14926986404
23.95,65996.46584549718
23.96,65997.96584400749
23.97,65994.58679201663
23.98,65994.04635155723
23.990000000000002,65995.9599073887
24.0,65993.84203536907
24.01,65994.05333410994
24.02,65992.93218095825
24.03,65992.89732195869
24.04,65992.47709780638
24.05,65993.58579560126
24.060000000000002,65992.1760247288
24.07,65990.26143072378
24.080000000000002,65991.49493859071
24.09,65989.26337450453
24.1,65988.93408559034
24.11,65990.37744059606
24.12,65988.92436012746
24.13,65989.131294365
24.14,65987.98789015424
24.150000000000002,65989.21714910323
24.16,65987.79127594671
24.17,65987.74387037318
24.18,65986.68577501012
24.19,65986.75687270149
24.2,65986.99325333633
24.21,65987.1694117812
24.22,65986.8935086646
24.23,65985.60265415418
24.240000000000002,65983.6222052148
24.25,65985.07997703487
24.26,65983.31291245205
24.27,65983.3666059509
24.28,65982.91095830768
24.29,65983.67660866253
24.3,65983.29493723011
24.310000000000002,65983.18563245388
24.32,65982.37626226507
24.330000000000002,65984.74483828734
24.34,65983.59430968216
24.35,65982.10976230288
24.36,65981.82113281704
24.37,65982.00845991902
24.38,65981.2325949355
24.39,65982.95153202166
24.400000000000002,65982.67068243495
24.41,65980.03364465214
24.42,65983.36561771335
24.43,65978.48881891131
24.44,65980.07403482165
24.45,65980.74955146882
24.46,65980.1365934891
24.47,65981.48938030605
24.48,65981.02335061712
24.490000000000002,65981.77429028804
24.5,65980.8591533447
24.51,65979.33053651334
24.52,65979.6847153903
24.53,65980.8855259441
24.54,65979.70505709568
24.55,65980.08941520716
24.560000000000002,65980.91639223788
24.57,65979.83068177373
24.580000000000002,65980.24258714168
24.59,65980.10642852851
24.6,65981.94740375607
24.61,65979.75783490867
24.62,65979.63417844799
24.63,65979.73364292964
24.64,65979.96804426562
24.650000000000002,65980.53704289396
24.66,65980.4283882586
24.67,65980.42480782756
24.68,65982.80590629514
24.69,65982.0211744798
24.7,65981.48309124754
24.71,65982.18768384778
24.72,65980.21564279158
24.73,65981.03191160015
24.740000000000002,65978.78064401337
24.75,65981.81229951304
24.76,65980.96235598026
24.77,65981.87808305964
24.78,65981.91470077257
24.79,65980.71319484696
24.8,65981.5031108803
24.810000000000002,65980.70018965748
24.82,65980.16095673385
24.830000000000002,65981.67126785558
24.84,65982.4299262525
24.85,65982.83931180763
24.86,65981.09449243429
24.87,65981.63694682327
24.88,65983.66244093314
24.89,65983.01896946336
24.900000000000002,65983.05751932239
24.91,65982.22954527629
24.92,65984.43358088385
24.93,65982.43646473056
24.94,65983.27065839666
24.95,65984.11092125518
24.96,65983.30327224226
24.97,65982.84412116333
24.98,65984.05413631318
24.990000000000002,65984.00372796938
25.0,65985.64354737246
25.01,65985.35682021479
25.02,65985.25558673663
25.03,65986.93723896677
25.04,65985.79812708558
25.05,65985.76860128918
25.060000000000002,65986.22391822167
25.07,65986.58658644221
25.080000000000002,65986.04378448412
25.09,65985.9242696604
25.1,65987.5908768739
25.11,65987.40282567384
25.12,65988.4133424416
25.13,65987.91355764343
25.14,65987.81977409097
25.150000000000002,65988.49261202228
25.16,65989.54875938091
25.17,65989.19491739736
25.18,65990.35838059091
25.19,65990.30329848231
25.2,65990.39600831123
25.21,65991.47227890299
25.22,65991.72823054387
25.23,65991.74502083099
25.240000000000002,65992.66772760429
25.25,65992.66193075347
25.26,65991.20608156016
25.27,65993.24227651261
25.28,65993.43229674918
25.29,65992.20280514519
25.3,65994.93575611927
25.310000000000002,65994.001444979
25.32,65994.53011980333
25.330000000000002,65995.36857107333
25.34,65994.45524298283
25.35,65995.91839715722
25.36,65994.77774166163
25.37,65997.33347624571
25.38,65998.25876648775
25.39,65998.4945783731
25.400000000000002,65999.0471795563
25.41,65998.84541448158
25.42,65997.6308563598
25.43,65998.37449137373
25.44,66001.32452669422
25.45,65998.54901146861
25.46,66000.1869932413
25.47,66001.93711505587
25.48,66000.37720271068
25.490000000000002,66002.83103249315
25.5,66003.40301950322
25.51,66002.20125934786
25.52,66002.99823091253
25.53,66004.72256811906
25.54,66005.53633748862
25.55,66006.05685506098
25.560000000000002,66005.76845006245
25.57,66005.32893354744
25.580000000000002,66005.20162891455
25.59,66007.10594571021
25.6,66005.79319057195
25.61,66006.96895625776
25.62,66008.27275863755
25.63,66008.64552106897
25.64,66009.75890063048
25.650000000000002,66008.59290607234
25.66,66011.63647666365
25.67,66010.98827413963
25.68,66011.84352084801
25.69,66012.49298616183
25.7,66014.19902685515
25.71,66012.6720951185
25.72,66014.2773321452
25.73,66014.12853308723
25.740000000000002,66015.56219365138
25.75,66015.71379665654
25.76,66018.20754477754
25.77,66018.70097135239
25.78,66017.0247691558
25.79,66018.18736050575
25.8,66018.66938753889
25.810000000000002,66017.77533326435
25.82,66021.43322391888
25.830000000000002,66022.58187397126
25.84,66019.21645076184
25.85,66023.0255663102
25.86,66023.6880163559
25.87,66024.43706906258
25.88,66026.37643823375
25.89,66026.28228797019
25.900000000000002,66025.89423587383
25.91,66026.88480488148
25.92,66028.61475610836
25.93,66027.367234698
25.94,66028.81728112
25.95,66029.1155331025
25.96,66031.04325447584
25.97,66031.08852871243
25.98,66031.67683928725
25.990000000000002,66032.95544571264
26.0,66032.29348617101
26.01,66035.46973209278
26.02,66033.90995416795
26.03,66035.68612663478
26.04,66035.3524535434
26.05,66037.61099046991
26.060000000000002,66038.57754811367
26.07,66038.44242509219
26.080000000000002,66039.87302189649
26.09,66040.59509258994
26.1,66042.27892840706
26.11,66040.31538097285
26.12,66044.53229524456
26.13,66044.37663333444
26.14,66043.94078204388
26.150000000000002,66045.86110862636
26.16,66044.6952697389
26.17,66044.32756681909
26.18,66045.20896518425
26.19,66049.69041163694
26.2,66048.22881116088
26.21,66049.78032726969
26.22,66051.1432928778
26.23,66049.98947535093
26.240000000000002,66051.89241710216
26.25,66054.44460647188
26.26,66054.23685102152
26.27,66055.7413050853
26.28,66055.40358423321
26.29,66056.72950890992
26.3,66056.64922077389
26.310000000000002,66057.82841681597
26.32,66056.80406014541
26.330000000000002,66059.75237435347
26.34,66062.1170421291
26.35,66061.63154441435
26.36,66063.70851494695
26.37,66066.38426007742
26.38,66066.03298994758
26.39,66066.46878129746
26.400000000000002,66067.06203207085
26.41,66068.05695316558
26.42,66066.48696701761
26.43,66070.22386771654
26.44,66069.16727158072
26.45,66070.57952861537
26.46,66070.59750351292
26.47,66072.31100296864
26.48,66075.53548987945
26.490000000000002,66073.39227055862
26.5,66076.4138859161
26.51,66076.18143433012
26.52,66078.14948035675
26.53,66077.04298014852
26.54,66078.12226465897
26.55,66080.52802918511
26.560000000000002,66080.39150322494
26.57,66082.57088449791
26.580000000000002,66083.16847902678
26.59,66082.36919768839
26.6,66084.62441755386
26.61,66085.4088855209
26.62,66086.87786994348
26.63,66087.78123254117
26.64,66088.29325786271
26.650000000000002,66093.33385212293
26.66,66092.77193129284
26.67,66091.03951951329
26.68,66095.04302433303
26.69,66093.37743774112
26.7,66095.75989870986
26.71,66095.59176146916
26.72,66096.38167075515
26.73,66098.42486510462
26.740000000000002,66101.95253414671
26.75,66099.68304489131
26.76,66099.80070630836
26.77,66102.20747889414
26.78,66103.53631054389
26.79,66104.75424938707
26.8,66105.12869142536
26.810000000000002,66107.43356904545
26.82,66108.7652805438
26.830000000000002,66109.33912674715
26.84,66109.00620115409
26.85,66112.49013341713
26.86,66112.19745625698
26.87,66113.79002853212
26.88,66115.44833706644
26.89,66114.89432522537
26.900000000000002,66116.17841815413
26.91,66118.62843513957
26.92,66118.66432289834
26.93,66119.31018923949
26.94,66122.13877668184
26.95,66122.774843495
26.96,66123.25609078765
26.97,66124.54991692818
26.98,66126.30100965162
26.990000000000002,66127.2374449868
27.0,66127.21444728223
27.01,66130.45659609207
27.02,66128.84749396532
27.03,66130.18236873692
27.04,66134.83670813707
27.05,66136.34206676521
27.060000000000002,66135.56962923292
27.07,66136.53544777598
27.080000000000002,66136.70356358928
27.09,66139.1122552865
27.1,66141.1854352196
27.11,66142.13210779746
27.12,66141.18869942508
27.13,66144.1899477654
27.14,66145.93576975544
27.150000000000002,66146.58705090333
27.16,66147.3912520919
27.17,66148.37205057197
27.18,66151.46470519525
27.19,66151.95821526337
27.2,66153.55857667128
27.21,66153.29916575871
27.22,66155.73209433196
27.23,66155.98481296087
27.240000000000002,66158.19975121923
27.25,66159.67069563115
27.26,66159.35521899471
27.27,66160.2549675543
27.28,66162.90383885124
27.29,66162.34430899892
27.3,66165.43307724809
27.310000000000002,66164.55050981941
27.32,66165.08533636491
27.330000000000002,66167.80378499051
27.34,66169.64755928649
27.35,66172.79475632256
27.36,66174.06465937612
27.37,66175.10647371782
27.38,66175.02953123987
27.39,66176.14887752719
27.400000000000002,66178.73457301725
27.41,66180.06795762523
27.42,66181.52062804604
27.43,66182.9151728652
27.44,66183.14105922636
27.45,66184.7133912712
27.46,66185.0577842254
27.47,66187.40525942108
27.48,66187.68531962571
27.490000000000002,66188.16360852578
27.5,66191.30790472799
27.51,66193.97543350268
27.52,66193.0256293364
27.53,66198.23916313847
27.54,66197.77848282813
27.55,66197.29307723968
27.560000000000002,66199.37861622049
27.57,66202.48790980823
27.580000000000002,66201.62158057293
27.59,66203.89857336953
27.6,66204.18110632824
27.61,66206.9261049144
27.62,66208.60937274463
27.63,66208.89831410574
27.64,66210.70925690598
27.650000000000002,66213.55432374068
27.66,66213.30150217286
27.67,66215.61878211246
27.68,66216.03839677954
27.69,66219.54178184165
27.7,66218.5339886321
27.71,66221.4352301512
27.72,66223.213284378
27.73,66223.99498369465
27.740000000000002,66225.45171362684
27.75,66225.34859331367
27.76,66228.25300066517
27.77,66230.81445914935
27.78,66230.61923149154
27.79,66231.642083613
27.8,66236.25799589555
27.810000000000002,66233.43941688522
27.82,66235.63653898438
27.830000000000002,66236.79763238953
27.84,66237.81239258594
27.85,66241.50782045924
27.86,66241.65745293489
27.87,66243.14048289758
27.88,66245.78323019686
27.89,66247.34276332027
27.900000000000002,66247.72917333731
27.91,66249.66930768915
27.92,66250.16319585656
27.93,66252.0251184811
27.94,66254.69395471901
27.95,66255.87408430934
27.96,66257.45472619189
27.97,66259.94494422872
27.98,66259.96418629006
27.990000000000002,66261.26631869788
28.0,66262.95188057594
28.01,66265.8905162003
28.02,66265.9757958584
28.03,66267.55409237952
28.04,66269.80047234478
28.05,66269.63620269454
28.060000000000002,66271.46599215086
28.07,66273.78220645087
28.080000000000002,66275.63654591623
28.09,66277.41528754139
28.1,66277.37569016682
28.11,66279.87077389781
28.12,66280.9287497983
28.13,66284.11933165259
28.14,66286.08867136888
28.150000000000002,66287.2881155347
28.16,66288.16090858361
28.17,66288.22791388072
28.18,66289.52301415619
28.19,66293.05458505124
28.2,66296.61447699493
28.21,66297.02248981467
28.22,66296.96595120395
28.23,66300.40392323914
28.240000000000002,66302.12676539601
28.25,66303.81402820119
28.26,66304.1314320859
28.27,66307.01198880778
28.28,66307.56798586155
28.29,66307.86686867068
28.3,66311.54777918107
28.310000000000002,66311.57875475196
28.32,66314.76795499357
28.330000000000002,66314.73012430963
28.34,66314.91286644393
28.35,66319.73887539751
28.36,66320.73439061998
28.37,66321.98213023022
28.38,66322.3518598218
28.39,66325.09326394727
28.400000000000002,66326.78064252927
28.41,66329.70066053847
28.42,66330.77836176459
28.43,66331.70815085132
28.44,66334.99131953344
28.45,66335.41777603125
28.46,66336.49047986079
28.47,66339.35778750114
28.48,66339.14938611309
28.490000000000002,66342.33222852813
28.5,66342.36109420519
28.51,66344.02118766832
28.52,66344.65063238781
28.53,66348.51150101543
28.54,66349.47065980469
28.55,66352.83731336077
28.560000000000002,66351.87284352026
28.57,66357.78956720629
28.580000000000002,66356.82219806728
28.59,66358.49051628237
28.6,66359.59672349866
28.61,66362.21126996147
28.62,66365.83139608566
28.63,66366.06763860933
28.64,66368.07922291332
28.650000000000002,66367.59576424994
28.66,66371.19403230629
28.67,66372.2095432982
28.68,66374.32893073167
28.69,66375.64851972034
28.7,66377.78648387543
28.71,66379.05952215882
28.72,66381.32768465382
28.73,66383.13045164161
28.740000000000002,66383.32460163863
28.75,66386.73154390237
28.76,66388.29636275214
28.77,66391.35826088932
28.78,66392.63192888311
28.79,66394.2733074596
28.8,66395.28338980119
28.810000000000002,66396.28584538038
28.82,66398.07876552113
28.830000000000002,66402.79295053253
28.84,66400.64856133117
28.85,66403.50824794023
28.86,66407.6451586693
28.87,66404.7659041667
28.88,66409.61137137395
28.89,66411.89950679464
28.900000000000002,66414.45424539167
28.91,66415.23277317821
28.92,66415.82691390086
28.93,66416.93215342148
28.94,66419.76024613241
28.95,66421.14878944303
28.96,66421.39729054277
28.97,66425.75268947148
28.98,66426.62832560428
28.990000000000002,66429.72751064527
29.0,66431.67367987838
29.01,66431.06655453052
29.02,66431.97223513722
29.03,66434.6740341809
29.04,66436.03976021173
29.05,66440.49117197927
29.060000000000002,66441.55087740063
29.07,66442.97790735652
29.080000000000002,66443.80523922604
29.09,66445.8073912512
29.1,66448.21429208279
29.11,66452.2910977157
29.12,66452.52190005439
29.13,66453.6401381364
29.14,66458.74011858177
29.150000000000002,66458.48812873855
29.16,66459.22710457238
29.17,66462.20893765992
29.18,66463.3303971417
29.19,66466.00846213961
29.2,66468.54703491346
29.21,66468.24560702904
29.22,66470.41841320552
29.23,66471.81001266548
29.240000000000002,66474.53183116153
29.25,66477.17205539305
29.26,66478.78868457672
29.27,66479.67764204192
29.28,66482.31886067444
29.29,66483.98188733943
29.3,66487.00395532105
29.310000000000002,66487.35947378885
29.32,66488.28323286743
29.330000000000002,66490.99395467296
29.34,66494.07605959065
29.35,66494.85035143675
29.36,66497.14335658807
29.37,66499.31762955504
29.38,66501.82370638549
29.39,66504.02034625022
29.400000000000002,66504.78904114301
29.41,66507.00488691586
29.42,66508.88536385358
29.43,66510.16837488249
29.44,66512.63045334286
29.45,66513.9320529643
29.46,66515.2045557979
29.47,66517.18937826411
29.48,66519.13944280359
29.490000000000002,66520.89661193306
29.5,66522.03127935115
29.51,66527.14925146221
29.52,66526.81792964527
29.53,66529.54834711259
29.54,66531.43623827276
29.55,66534.40573964773
29.560000000000002,66535.92599822544
29.57,66537.4962557754
29.580000000000002,66537.13201697837
29.59,66540.37192624892
29.6,66543.57964104257
29.61,66543.66255641212
29.62,66547.29654854034
29.63,66548.12540958574
29.64,66552.51569631511
29.650000000000002,66553.1227567462
29.66,66554.22542026947
29.67,66555.64189059837
29.68,66557.73931829774
29.69,66561.13994081947
29.7,66562.25486349946
29.71,66564.34724147746
29.72,66566.19655947872
29.73,66566.43568877729
29.740000000000002,66571.688987949
29.75,66572.59772998797
29.76,66576.21876417457
29.77,66577.6333519672
29.78,66576.43598668219
29.79,66581.33674073602
29.8,66582.70471721477
29.810000000000002,66585.69470061766
29.82,66585.4117906522
29.830000000000002,66587.9162727049
29.84,66587.76722471332
29.85,66594.58226036528
29.86,66595.33942726748
29.87,66595.14659870687
29.88,66598.94642508391
29.89,66600.5228112112
29.900000000000002,66604.3563766301
29.91,66604.79757938713
29.92,66607.39910883336
29.93,66609.77509426186
29.94,66608.81883335576
29.95,66612.27993732879
29.96,66613.8595234584
29.97,66615.76966333331
29.98,66616.69758896118
29.990000000000002,66619.14251273165
30.0,66623.05318362018
30.01,66623.67911336709
30.02,66625.16771905702
30.03,66628.89066459314
30.04,66629.37880735971
30.05,66631.27122040284
30.060000000000002,66635.88302104696
30.07,66636.48672312079
30.080000000000002,66638.54226428541
30.09,66641.78815994017
30.1,66642.72584650507
30.11,66643.45459093702
30.12,66646.07810060676
30.13,66648.3439750917
30.14,66650.50242936067
30.150000000000002,66653.07269855517
30.16,66655.67457304032
30.17,66656.6036432214
30.18,66659.2612748153
30.19,66661.59147781845
30.2,66664.71569590604
30.21,66665.07681406276
30.22,66668.09647470668
30.23,66668.71027916821
30.240000000000002,66670.1078073402
30.25,66673.20365842585
30.26,66675.18253622865
30.27,66677.76963968802
30.28,66678.64655619541
30.29,66680.76186871747
30.3,66682.81141001209
30.310000000000002,66687.32178394336
30.32,66687.65217598314
30.330000000000002,66688.77324634536
30.34,66691.52200681304
30.35,66692.35736618949
30.36,66696.79877618531
30.37,66698.25631525744
30.38,66700.245716628
30.39,66701.25614126837
30.400000000000002,66704.33194395636
30.41,66706.95892361132
30.42,66708.91785484368
30.43,66710.57707477848
30.44,66710.33003100804
30.45,66715.10850479196
30.46,66717.94548056478
30.47,66721.7040286486
30.48,66723.1750889519
30.490000000000002,66724.0381428368
30.5,66726.28222544708
30.51,66728.2886665262
30.52,66730.95381231175
30.53,66732.42398818916
30.54,66733.5212249724
30.55,66735.9033215702
30.560000000000002,66738.59666583539
30.57,66738.78407492461
30.580000000000002,66742.27584851297
30.59,66744.12811814122
30.6,66748.06720729127
30.61,66748.9776812321
30.62,66750.85193976045
30.63,66751.61255014343
30.64,66754.85030744696
30.650000000000002,66758.47680591341
30.66,66759.9771259737
30.67,66763.91387875953
30.68,66762.5817042249
30.69,66765.78392782532
30.7,66766.88979042822
30.71,66770.49618226966
30.72,66771.93337296565
30.73,66771.92823243269
30.740000000000002,66778.7215078363
30.75,66778.25846129814
30.76,66780.86987824253
30.77,66783.85960576998
30.78,66783.91792411581
30.79,66787.4894483337
30.8,66788.75366540458
30.810000000000002,66790.3507799027
30.82,66793.72021121954
30.830000000000002,66795.24825785773
30.84,66798.3464825772
30.85,66801.69674951055
30.86,66803.3897963605
30.87,66804.2403340144
30.88,66806.41062646091
30.89,66806.99086339962
30.900000000000002,66809.7227189841
30.91,66812.2789474562
30.92,66815.46714321415
30.93,66817.18002047532
30.94,66819.09871744348
30.95,66823.10478439533
30.96,66824.40100704443
30.970000000000002,66825.2271144971
30.98,66829.01580136974
30.990000000000002,66829.35502073783
31.0,66833.58708978185
31.01,66834.30105705612
31.02,66837.00589306574
31.03,66840.11954030918
31.04,66839.52427829933
31.05,66844.47060077879
31.060000000000002,66845.20101631011
31.07,66847.84796754082
31.080000000000002,66851.2246836504
31.09,66853.75910612386
31.1,66852.94711138011
31.11,66858.37959153294
31.12,66858.65788109094
31.13,66860.80844615898
31.14,66863.09800311853
31.150000000000002,66864.83907391393
31.16,66866.20575607049
31.17,66868.84534783606
31.18,66871.10090755062
31.19,66873.74950474036
31.2,66876.35437583487
31.21,66877.33801489613
31.220000000000002,66879.12414815188
31.23,66883.99274676252
31.240000000000002,66886.10864755513
31.25,66886.55427279128
31.26,66888.47067773085
31.27,66891.9443512622
31.28,66893.76314891415
31.29,66895.24966683125
31.3,66898.35977926855
31.310000000000002,66900.51193953105
31.32,66900.61554928843
31.330000000000002,66906.33914022235
31.34,66907.29734333229
31.35,66908.9647038366
31.36,66912.24032972743
31.37,66914.13752303142
31.38,66915.47904291449
31.39,66917.86647410074
31.400000000000002,66918.58459558077
31.41,66922.81160568305
31.42,66925.34197583378
31.43,66928.00604622932
31.44,66930.80863029361
31.45,66932.23396867224
31.46,66934.2231405391
31.470000000000002,66934.86548375957
31.48,66938.61571741584
31.490000000000002,66940.80321738009
31.5,66944.35857748309
31.51,66944.45450055295
31.52,66947.37346343326
31.53,66949.34943707185
31.54,66949.83430108493
31.55,66955.4931148634
31.560000000000002,66957.11089708091
31.57,66957.92148707628
31.580000000000002,66960.06868539688
31.59,66962.48800813344
31.6,66965.3300863675
31.61,66967.5647425157
31.62,66970.0357568713
31.63,66973.34463259616
31.64,66974.4479473609
31.650000000000002,66977.43674546777
31.66,66977.44473924
31.67,66982.11113298016
31.68,66982.55869439156
31.69,66984.72588551915
31.7,66990.01388973274
31.71,66988.52384049068
31.720000000000002,66992.08980081801
31.73,66995.20300652231
31.740000000000002,66996.19460283371
31.75,66999.69922287315
31.76,67001.12704902432
31.77,67003.64998398582
31.78,67006.0812728222
31.79,67009.00800291561
31.8,67009.3997350873
31.810000000000002,67011.50285721556
31.82,67013.98602379131
31.830000000000002,67017.52900577793
31.84,67018.87067193215
31.85,67023.30100423639
31.86,67025.21280855118
31.87,67026.43106634224
31.88,67027.76048177146
31.89,67030.0075902055
31.900000000000002,67034.71974355313
31.91,67033.85925386848
31.92,67037.67652645738
31.93,67038.24765392115
31.94,67041.57100717037
31.95,67044.41023155699
31.96,67046.7482649596
31.970000000000002,67047.93548078701
31.98,67050.56720611165
31.990000000000002,67053.7673918663
32.0,67054.27018506217
32.01,67058.70896026106
32.02,67060.03257733361
32.03,67061.75195345185
32.04,67063.7002785425
32.05,67066.66703377712
32.06,67069.81274828855
32.07,67072.52922783671
32.08,67073.76041938458
32.09,67076.06115623214
32.1,67077.9052667872
32.11,67080.26689066445
32.12,67084.69813377658
32.13,67085.70392207016
32.14,67087.78012230732
32.15,67090.44517929094
32.160000000000004,67091.10647842557
32.17,67093.13492254353
32.18,67097.4630752936
32.19,67099.16591623417
32.2,67101.19730023688
32.21,67103.60118095134
32.22,67105.70496359564
32.230000000000004,67109.86474402639
32.24,67111.30851015562
32.25,67113.03682886533
32.26,67115.09980136278
32.27,67117.65368754716
32.28,67118.18923053563
32.29,67122.31562913372
32.3,67124.01478415655
32.31,67128.64959738545
32.32,67129.52437746024
32.33,67130.36441656762
32.34,67133.49946399312
32.35,67136.50993284537
32.36,67137.09585088865
32.37,67140.14918515997
32.38,67141.08167453186
32.39,67145.25417853074
32.4,67147.92592779115
32.410000000000004,67148.83877864336
32.42,67153.01275353334
32.43,67155.56156838949
32.44,67157.24757813808
32.45,67158.83651543583
32.46,67162.09717861126
32.47,67164.64807708122
32.480000000000004,67165.77272269738
32.49,67169.47677074515
32.5,67170.87386409013
32.51,67172.55529260242
32.52,67173.49652842569
32.53,67177.7428582
32.54,67181.2237211126
32.55,67182.87381596239
32.56,67185.23634438988
32.57,67185.19632414183
32.58,67188.36473644045
32.59,67191.22344546144
32.6,67193.39261284877
32.61,67196.503025952
32.62,67198.95355862619
32.63,67200.35519708664
32.64,67205.56029260486
32.65,67205.89377856553
32.660000000000004,67207.89187086957
32.67,67210.79463242202
32.68,67213.30508064207
32.69,67213.77786220497
32.7,67218.59562370283
32.71,67218.80235083505
32.72,67222.94465303066
32.730000000000004,67223.40954154466
32.74,67225.47968348315
32.75,67230.76140782682
32.76,67231.0688920797
32.77,67235.21045137846
32.78,67236.44461613389
32.79,67237.6664822288
32.8,67240.92116506209
32.81,67243.74209046205
32.82,67245.18163481732
32.83,67248.5404549734
32.84,67250.72882679537
32.85,67253.8687427306
32.86,67257.76884317138
32.87,67257.55336196595
32.88,67260.57892898716
32.89,67262.79351816299
32.9,67264.43714105888
32.910000000000004,67267.21557817482
32.92,67271.18940216834
32.93,67271.89596448399
32.94,67274.42019727768
32.95,67275.63604591196
32.96,67278.83709265059
32.97,67279.23668903174
32.980000000000004,67284.0876660153
32.99,67286.6775681159
33.0,67287.49549525217
33.01,67290.21251518869
33.02,67293.27410642823
33.03,67294.62761467266
33.04,67298.68215624071
33.05,67299.69783645912
33.06,67301.96971623816
33.07,67305.13365175958
33.08,67307.91513530038
33.09,67307.8723751962
33.1,67312.85729658505
33.11,67313.22229875468
33.12,67318.90310552114
33.13,67319.78521923964
33.14,67321.19834143485
33.15,67322.59671504144
33.160000000000004,67325.22103684212
33.17,67326.48816423598
33.18,67331.60190236483
33.19,67333.08664285109
33.2,67336.9858208743
33.21,67339.68740548809
33.22,67339.48920941404
33.230000000000004,67344.21980360511
33.24,67346.14980489365
33.25,67347.87914810801
33.26,67348.95682497897
33.27,67351.99132728159
33.28,67355.38901934872
33.29,67355.43581027973
33.3,67360.02117966975
33.31,67360.01294054122
33.32,67364.34313663849
33.33,67365.55529716941
33.34,67368.43996789398
33.35,67372.3024478648
33.36,67373.86952512585
33.37,67375.39374043535
33.38,67377.14294310333
33.39,67379.88559501526
33.4,67384.10862167222
33.410000000000004,67387.09946116433
33.42,67388.18728709158
33.43,67391.96047511182
33.44,67393.37641912539
33.45,67394.9595534812
33.46,67397.21753729225
33.47,67400.17595282696
33.480000000000004,67403.0864033874
33.49,67404.67189553192
33.5,67405.97145603613
33.51,67409.46440679097
33.52,67412.03027576557
33.53,67415.0132581981
33.54,67416.22362460392
33.55,67420.40328791957
33.56,67422.00351830781
33.57,67424.0435217647
33.58,67426.67980260232
33.59,67428.77095947482
33.6,67431.4393730363
33.61,67433.43993056942
33.62,67434.42501673472
33.63,67439.29780137581
33.64,67441.92360506777
33.65,67443.0902496849
33.660000000000004,67444.98415473221
33.67,67447.91288175745
33.68,67449.36402627164
33.69,67452.92382564847
33.7,67455.6300466375
33.71,67457.2016414722
33.72,67459.90823399917
33.730000000000004,67462.11071648136
33.74,67465.14086756163
33.75,67465.7924092456
33.76,67468.67915979467
33.77,67470.98890057557
33.78,67475.1563318574
33.79,67475.08418295288
33.8,67479.18755447169
33.81,67480.79336926267
33.82,67483.7529158486
33.83,67486.87243785789
33.84,67488.9176382182
33.85,67491.86442800173
33.86,67492.07957140346
33.87,67496.28050558738
33.88,67498.09602307614
33.89,67500.52378972463
33.9,67503.39281909453
33.910000000000004,67505.32367158862
33.92,67508.64662664084
33.93,67510.64586856827
33.94,67513.66273201136
33.95,67516.28666875917
33.96,67517.35798255702
33.97,67521.22490090817
33.980000000000004,67525.0459991853
33.99,67525.97713683173
34.0,67526.53928820613
34.01,67529.98583828387
34.02,67532.4067403863
34.03,67535.7224753559
34.04,67537.29069200988
34.05,67539.85900037973
34.06,67543.10982953644
34.07,67544.04654890487
34.08,67546.69914681808
34.09,67549.12985518709
34.1,67552.62907932438
34.11,67553.51370383623
34.12,67557.27586279553
34.13,67559.1609404009
34.14,67562.03295844566
34.15,67564.60897071284
34.160000000000004,67567.75903041886
34.17,67566.73422475194
34.18,67569.61482401477
34.19,67574.49350213342
34.2,67576.89249343044
34.21,67579.26590417826
34.22,67581.68125262199
34.230000000000004,67583.13561976451
34.24,67586.07168313938
34.25,67588.24156441454
34.26,67589.30299075689
34.27,67592.569553828
34.28,67594.56915432971
34.29,67597.4562283673
34.300000000000004,67599.30294790791
34.31,67602.4532334466
34.32,67605.51554972983
34.33,67607.34214205488
34.34,67610.478822583
34.35,67611.05681211207
34.36,67613.98977749047
34.37,67616.9877140491
34.38,67618.84659683223
34.39,67621.58531287615
34.4,67625.105755358
34.410000000000004,67627.77648801621
34.42,67628.76906081199
34.43,67631.42027221198
34.44,67634.18823898936
34.45,67635.76427572427
34.46,67636.99399020193
34.47,67641.63676551588
34.480000000000004,67644.12520816158
34.49,67647.3299665276
34.5,67648.41769173196
34.51,67652.340241105
34.52,67654.60994050583
34.53,67655.67754909568
34.54,67659.09987528982
34.550000000000004,67659.20559611055
34.56,67664.07875423055
34.57,67662.72581349222
34.58,67668.36034944338
34.59,67671.12675621972
34.6,67674.42298871648
34.61,67674.20010188193
34.62,67678.67314571545
34.63,67681.0619115792
34.64,67682.10651480661
34.65,67685.3760881147
34.660000000000004,67687.78471733777
34.67,67688.55780308142
34.68,67692.6489755623
34.69,67695.15075072141
34.7,67696.86429010807
34.71,67698.40067692762
34.72,67704.45987169839
34.730000000000004,67703.77306294836
34.74,67707.57755258518
34.75,67712.05685332292
34.76,67712.67214329378
34.77,67715.78758730231
34.78,67716.5189918071
34.79,67720.19373264555
34.800000000000004,67721.75542314691
34.81,67725.44086632482
34.82,67727.35909939063
34.83,67729.16521212862
34.84,67732.4174900728
34.85,67733.70974240043
34.86,67737.58602711759
34.87,67738.68433188641
34.88,67740.89465374757
34.89,67744.9315940973
34.9,67748.24396560248
34.910000000000004,67749.61135112075
34.92,67752.20445026994
34.93,67752.63655089162
34.94,67756.11387961457
34.95,67759.03879020338
34.96,67761.0634877551
34.97,67765.1048786554
34.980000000000004,67766.7529096516
34.99,67769.73626298641
35.0,67773.19012459983
35.01,67772.74862193965
35.02,67776.2657917766
35.03,67779.28478112255
35.04,67781.02493999746
35.050000000000004,67783.03701079766
35.06,67787.71592664577
35.07,67787.93447755904
35.08,67790.20758743516
35.09,67793.5638454677
35.1,67795.48065264979
35.11,67798.4205575196
35.12,67802.20034773702
35.13,67801.04989514715
35.14,67806.70009348735
35.15,67805.79820189715
35.160000000000004,67809.789747927
35.17,67813.06823703209
35.18,67816.05987182625
35.19,67819.18600844548
35.2,67820.96862309468
35.21,67823.61435038605
35.22,67824.2607422213
35.230000000000004,67826.67408932872
35.24,67829.46767728316
35.25,67833.32180847837
35.26,67834.94892303963
35.27,67837.25189425834
35.28,67838.29737856836
35.29,67843.42784534987
35.300000000000004,67844.99830959305
35.31,67845.32914379633
35.32,67849.40092314787
35.33,67852.77336426695
35.34,67855.65288167032
35.35,67858.2360508127
35.36,67859.1615849305
35.37,67861.48806256671
35.38,67866.11042366922
35.39,67865.85398365512
35.4,67866.78214760569
35.410000000000004,67872.04594379647
35.42,67875.29601677373
35.43,67876.93868896057
35.44,67880.38126985625
35.45,67880.12065422867
35.46,67885.15125528042
35.47,67886.73913286919
35.480000000000004,67888.3638639031
35.49,67892.1983778594
35.5,67892.81655957391
35.51,67896.2488578967
35.52,67899.66589111567
35.53,67900.44443550758
35.54,67905.68120473163
35.550000000000004,67907.56666914093
35.56,67909.34129360618
35.57,67911.95455867687
35.58,67913.05492117623
35.59,67917.59107143524
35.6,67918.8588336183
35.61,67921.47470344946
35.62,67923.65247417567
35.63,67926.23494768293
35.64,67930.29609958602
35.65,67931.1718407225
35.660000000000004,67934.55122466576
35.67,67935.15381811984
35.68,67939.47504342798
35.69,67940.1296644025
35.7,67944.39801120249
35.71,67944.51694611013
35.72,67947.71147546635
35.730000000000004,67950.13136058516
35.74,67954.14187975766
35.75,67955.52173345227
35.76,67958.77132912741
35.77,67961.87025605768
35.78,67963.28558464766
35.79,67965.12633839628
35.800000000000004,67967.4761442051
35.81,67972.84969468898
35.82,67974.81545342212
35.83,67975.81082149252
35.84,67979.17620299976
35.85,67980.45794791785
35.86,67984.39631341524
35.87,67987.63186706713
35.88,67987.20260185684
35.89,67991.76664410724
35.9,67994.11093912541
35.910000000000004,67995.65235529986
35.92,67999.39863902116
35.93,68001.44169603985
35.94,68004.02175557101
35.95,68005.0644075836
35.96,68007.38842943661
35.97,68009.06975855012
35.980000000000004,68012.0976360419
35.99,68015.22971218868
36.0,68017.78663634315
36.01,68019.3798497272
36.02,68021.09823175243
36.03,68025.74023031878
36.04,68027.24044172994
36.050000000000004,68027.61759101375
36.06,68034.3865896465
36.07,68036.88531209747
36.08,68038.12414319716
36.09,68040.48944534383
36.1,68044.15353477304
36.11,68046.13049816848
36.12,68046.66142298449
36.13,68051.1077382916
36.14,68052.34840614836
36.15,68054.78722728248
36.160000000000004,68056.35965038445
36.17,68060.57152783308
36.18,68062.06258400557
36.19,68064.65052064118
36.2,68065.8172856395
36.21,68070.51554649469
36.22,68071.54165867248
36.230000000000004,68075.95954856375
36.24,68076.06827860327
36.25,68080.41577827031
36.26,68082.48779777043
36.27,68084.32305031209
36.28,68087.70775439087
36.29,68091.5063891812
36.300000000000004,68094.00822920393
36.31,68095.01525618254
36.32,68096.86123989486
36.33,68099.07746036268
36.34,68102.83827264355
36.35,68104.52485934198
36.36,68106.93692574892
36.37,68110.14249703106
36.38,68111.28676406396
36.39,68116.57881161176
36.4,68117.25016022733
36.410000000000004,68119.20496596476
36.42,68122.34626105492
36.43,68124.98544389375
36.44,68127.05831897764
36.45,68128.99391355485
36.46,68133.85925578211
36.47,68135.11670163707
36.480000000000004,68137.23526496968
36.49,68140.49558349811
36.5,68142.09592945088
36.51,68144.31743415631
36.52,68148.50864731842
36.53,68150.23116516028
36.54,68152.88982723508
36.550000000000004,68153.88254737252
36.56,68156.97490593398
36.57,68159.44993425996
36.58,68161.04735061443
36.59,68164.33922131364
36.6,68167.65576622571
36.61,68171.12461354306
36.62,68170.21174076622
36.63,68175.29270982702
36.64,68177.17368791394
36.65,68180.49109251479
36.660000000000004,68181.98313288254
36.67,68181.44850936576
36.68,68186.29963337553
36.69,68191.07807291721
36.7,68190.50665789012
36.71,68194.08828549704
36.72,68197.88848317195
36.730000000000004,68198.01386134377
36.74,68202.06063472299
36.75,68205.32596113111
36.76,68206.91606722825
36.77,68209.57676630428
36.78,68212.0630911295
36.79,68214.49418861997
36.800000000000004,68215.56069459717
36.81,68219.76501459614
36.82,68220.8394187009
36.83,68225.29982912728
36.84,68227.34402288744
36.85,68229.83797777374
36.86,68233.32158091679
36.87,68235.24160930315
36.88,68235.34700424371
36.89,68237.51461215151
36.9,68242.68493726854
36.910000000000004,68246.00235869772
36.92,68246.6244753819
36.93,68251.03189807234
36.94,68252.67039331744
36.95,68255.90464158024
36.96,68257.85247863462
36.97,68259.11154502253
36.980000000000004,68261.51542160953
36.99,68264.08372682401
37.0,68266.55111339233
37.01,68271.46928575702
37.02,68271.31537088248
37.03,68274.65993955264
37.04,68275.75630565983
37.050000000000004,68276.79333404035
37.06,68282.68514807311
37.07,68284.27291487428
37.08,68287.74067518715
37.09,68290.00019572853
37.1,68292.69087354092
37.11,68295.00964891294
37.12,68296.53418890008
37.13,68297.00276133743
37.14,68303.42995232479
37.15,68303.5644956596
37.160000000000004,68307.11694888891
37.17,68309.7081299524
37.18,68311.450422234
37.19,68314.91233546067
37.2,68318.67588458177
37.21,68319.38264517812
37.22,68321.31925848943
37.230000000000004,68324.38049883964
37.24,68329.01468387296
37.25,68331.03792220133
37.26,68331.6756773325
37.27,68334.50640495808
37.28,68338.24293987779
37.29,68339.18118484513
37.300000000000004,68341.48765427926
37.31,68345.7258282055
37.32,68347.85068770486
37.33,68348.54788019732
37.34,68351.33498764127
37.35,68355.5361915497
37.36,68356.33646243825
37.37,68359.61950586771
37.38,68362.63552156584
37.39,68366.60759420018
37.4,68366.33048144913
37.410000000000004,68370.8307986153
37.42,68373.76753935876
37.43,68375.87845084642
37.44,68378.64007256844
37.45,68378.46634529009
37.46,68382.45966815604
37.47,68385.93347624187
37.480000000000004,68387.48355427402
37.49,68388.95421378591
37.5,68393.81233406167
37.51,68394.97166571907
37.52,68397.42664556023
37.53,68399.63396361817
37.54,68401.78696049248
37.550000000000004,68404.9906659585
37.56,68408.42339211148
37.57,68409.49150554117
37.58,68411.98285127402
37.59,68412.92272201204
37.6,68417.1627384915
37.61,68420.34900395335
37.62,68421.37308864165
37.63,68424.94603150501
37.64,68429.19021479384
37.65,68428.71023294533
37.660000000000004,68431.3908954259
37.67,68434.11345394842
37.68,68436.50769264005
37.69,68441.60661374651
37.7,68441.55188475156
37.71,68444.56991770185
37.72,68448.29642954566
37.730000000000004,68448.63732945613
37.74,68452.59365135753
37.75,68456.31929835436
37.76,68458.03735039738
37.77,68459.89797828018
37.78,68460.84612255522
37.79,68463.61393084275
37.800000000000004,68466.79897745779
37.81,68471.91131675805
37.82,68471.93879923172
37.83,68475.91118840067
37.84,68477.14979151703
37.85,68478.63904373272
37.86,68483.31134059466
37.87,68483.86564375866
37.88,68489.32507132889
37.89,68489.29913211729
37.9,68493.02051037099
37.910000000000004,68494.97379381831
37.92,68497.97952465854
37.93,68500.83544237127
37.94,68502.4131236454
37.95,68505.15583495327
37.96,68506.43059784711
37.97,68511.07422611609
37.980000000000004,68512.77972030846
37.99,68514.07148128026
38.0,68516.89325025429
38.01,68521.30952061518
38.02,68522.90236281557
38.03,68525.75784080588
38.04,68527.5412392401
38.050000000000004,68531.93179302939
38.06,68531.50421225217
38.07,68533.81946117937
38.08,68538.54723237273
38.09,68540.70263109158
38.1,68543.2577969079
38.11,68547.68498121505
38.12,68548.32895139197
38.13,68548.43180807984
38.14,68552.84439370464
38.15,68555.69291204501
38.160000000000004,68559.06666390743
38.17,68561.5113857261
38.18,68562.82982778779
38.19,68565.50638221168
38.2,68566.81224238162
38.21,68570.75830199424
38.22,68573.49101633199
38.230000000000004,68575.17191109755
38.24,68575.59027185598
38.25,68581.3774991876
38.26,68585.98832549324
38.27,68585.64262868595
38.28,68586.33623282275
38.29,68591.31765811902
38.300000000000004,68593.89001076862
38.31,68595.12949710034
38.32,68598.63541783683
38.33,68601.52155454802
38.34,68604.09390410887
38.35,68605.85029028785
38.36,68608.5002425831
38.37,68609.33718928117
38.38,68615.03416045944
38.39,68616.15087817804
38.4,68616.9992736122
38.410000000000004,68621.08299363019
38.42,68623.57018891282
38.43,68628.63978763482
38.44,68630.15564380273
38.45,68631.81040605535
38.46,68635.15608071427
38.47,68637.02457562418
38.480000000000004,68638.8104399293
38.49,68641.30706965804
38.5,68643.36813521938
38.51,68646.02366068805
38.52,68648.47220691446
38.53,68650.29709007853
38.54,68652.83896577795
38.550000000000004,68655.88185758381
38.56,68657.58625146093
38.57,68660.60873568336
38.58,68660.8073248067
38.59,68667.63995981828
38.6,68670.44408650501
38.61,68670.30799669788
38.62,68674.00305735144
38.63,68675.54085094608
38.64,68679.61198592566
38.65,68679.88631320717
38.660000000000004,68684.72000795785
38.67,68687.5907370948
38.68,68689.01108431123
38.69,68690.83230958109
38.7,68694.83396431468
38.71,68697.97215485935
38.72,68701.92223710327
38.730000000000004,68701.72687696097
38.74,68707.27325040616
38.75,68707.32398415398
38.76,68710.06202421617
38.77,68712.27580124584
38.78,68713.82006375011
38.79,68718.61252901918
38.800000000000004,68719.15961650346
38.81,68722.77416997642
38.82,68723.75922574688
38.83,68726.22936706616
38.84,68729.14492125929
38.85,68730.91382530138
38.86,68734.8486649143
38.87,68736.13684494057
38.88,68738.22949638595
38.89,68741.07090461692
38.9,68745.71437622578
38.910000000000004,68745.37712051153
38.92,68748.35873277285
38.93,68751.78974007002
38.94,68755.72971102584
38.95,68758.10285849596
38.96,68762.56791519576
38.97,68763.04051717148
38.980000000000004,68763.70502538892
38.99,68768.06680463499
39.0,68767.94866210665
39.01,68771.78938616063
39.02,68776.23819248902
39.03,68778.88454430563
39.04,68780.5654751152
39.050000000000004,68781.42688936999
39.06,68785.54012401217
39.07,68786.98610197108
39.08,68789.90896488114
39.09,68791.30060902335
39.1,68793.38163183801
39.11,68797.87216007977
39.12,68801.56135378787
39.13,68802.02752817921
39.14,68804.24922825022
39.15,68807.60507239748
39.160000000000004,68811.99175709212
39.17,68812.66094337948
39.18,68814.36088485771
39.19,68819.66475241372
39.2,68819.25870312504
39.21,68823.54390864268
39.22,68824.98872110796
39.230000000000004,68826.11527475549
39.24,68830.27401755433
39.25,68833.21082661209
39.26,68835.47924460821
39.27,68837.49843586961
39.28,68840.76786423527
39.29,68843.67883925291
39.300000000000004,68845.54341576167
39.31,68848.47990936306
39.32,68851.72303278111
39.33,68854.16933229429
39.34,68855.51545261742
39.35,68858.53741717176
39.36,68860.10046182106
39.37,68863.16777012983
39.38,68865.83993606915
39.39,68868.00602897537
39.4,68872.18443447478
39.410000000000004,68871.96911799816
39.42,68876.85252512827
39.43,68878.30024214894
39.44,68882.58972591728
39.45,68881.92522385312
39.46,68886.36758901548
39.47,68890.2613320643
39.480000000000004,68889.71892586102
39.49,68894.40356002758
39.5,68895.8710194802
39.51,68897.65179878533
39.52,68900.87505791883
39.53,68903.05452692052
39.54,68905.63678478223
39.550000000000004,68907.54918791458
39.56,68909.95371915621
39.57,68913.57799340917
39.58,68915.4455037831
39.59,68918.94846874784
39.6,68920.59061774587
39.61,68924.22319774343
39.62,68925.67845755293
39.63,68927.51230658608
39.64,68930.52824959907
39.65,68933.18311088439
39.660000000000004,68936.00399153827
39.67,68939.38535591273
39.68,68941.08090915858
39.69,68945.0734293251
39.7,68945.21081207246
39.71,68950.52957881763
39.72,68952.23197105873
39.730000000000004,68953.83294658358
39.74,68956.33929824912
39.75,68961.55521631925
39.76,68962.6108543774
39.77,68965.67930162992
39.78,68967.36757640362
39.79,68969.77283747237
39.800000000000004,68971.75204154511
39.81,68975.18155871106
39.82,68977.14910157543
39.83,68979.25012017868
39.84,68982.75827494146
39.85,68983.99805975088
39.86,68988.93982272397
39.87,68989.76731678893
39.88,68992.72613673197
39.89,68995.15339460051
39.9,68996.8798148934
39.910000000000004,69000.17785677544
39.92,69003.34193200005
39.93,69003.888430588
39.94,69006.45609383319
39.95,69009.61913047273
39.96,69012.68254887164
39.97,69014.86054873312
39.980000000000004,69016.84037635085
39.99,69018.96709652558
40.0,69021.8220689374
40.01,69024.08291393505
40.02,69026.35584407514
40.03,69030.34779744879
40.04,69032.50626055499
40.050000000000004,69034.74085935496
40.06,69037.7257876214
40.07,69040.70455383489
40.08,69044.41582497618
40.09,69043.3149649144
40.1,69046.33748178705
40.11,69049.78439785454
40.12,69054.05911116175
40.13,69054.07371621644
40.14,69058.29155419492
40.15,69060.821780106
40.160000000000004,69061.53218948755
40.17,69066.46682453192
40.18,69066.9953821668
40.19,69071.41154428846
40.2,69073.15869269938
40.21,69075.90215478763
40.22,69077.85169497004
40.230000000000004,69080.53082616886
40.24,69083.16344960601
40.25,69085.61144303343
40.26,69088.174373739
40.27,69091.54706850041
40.28,69094.33791891004
40.29,69097.35684694714
40.300000000000004,69098.36383316781
40.31,69101.81618141846
40.32,69105.00635125847
40.33,69105.99790701877
40.34,69109.97094382506
40.35,69113.06681255919
40.36,69113.4336022579
40.37,69118.24772344813
40.38,69118.34001484209
40.39,69120.57851457565
40.4,69122.4410347389
40.410000000000004,69126.06116423078
40.42,69129.4886032678
40.43,69131.6811261653
40.44,69132.94002393245
40.45,69135.02201516475
40.46,69138.49930416615
40.47,69141.3899429196
40.480000000000004,69144.29665268946
40.49,69147.72710961504
40.5,69151.12505553827
40.51,69150.63417238972
40.52,69155.56417949444
40.53,69157.76636314455
40.54,69161.86140224087
40.550000000000004,69163.85073063926
40.56,69163.96022722185
40.57,69166.5630962848
40.58,69169.85527777844
40.59,69172.86549794253
40.6,69175.11492849723
40.61,69178.15065193249
40.62,69181.53312037904
40.63,69182.99500259699
40.64,69183.81026538719
40.65,69187.59902182798
40.660000000000004,69189.08756062001
40.67,69192.41278549688
40.68,69194.17010029368
40.69,69196.17461055139
40.7,69199.27615334214
40.71,69203.70539635222
40.72,69205.57551603789
40.730000000000004,69208.85295802019
40.74,69209.72127699248
40.75,69211.53558304303
40.76,69216.20306058112
40.77,69218.35486977149
40.78,69221.54696733593
40.79,69224.09043634821
40.800000000000004,69225.81481977421
40.81,69229.17990865624
40.82,69230.29505080145
40.83,69231.72302875835
40.84,69234.49576855515
40.85,69236.99946107814
40.86,69241.76788288211
40.87,69242.77975447684
40.88,69244.80095256472
40.89,69250.60671393697
40.9,69250.30720402469
40.910000000000004,69253.35533519775
40.92,69257.56075113485
40.93,69258.88332613309
40.94,69262.54411936666
40.95,69263.14299404647
40.96,69265.03881501596
40.97,69268.4581553031
40.980000000000004,69270.76183088355
40.99,69273.15920940772
41.0,69276.64058809687
41.01,69277.78164158872
41.02,69280.83392409422
41.03,69284.81526442332
41.04,69287.0585325367
41.050000000000004,69289.83068756254
41.06,69291.51741464526
41.07,69294.93755813135
41.08,69296.06790575416
41.09,69299.70029660597
41.1,69303.3899880996
41.11,69302.84245322921
41.12,69306.68394913636
41.13,69307.6751941739
41.14,69311.88304360918
41.15,69316.74377182421
41.160000000000004,69317.47885830447
41.17,69319.64175432135
41.18,69322.02295043445
41.19,69325.23042780247
41.2,69325.39287395617
41.21,69327.79571988547
41.22,69331.34012843759
41.230000000000004,69336.34258397212
41.24,69337.11356968152
41.25,69340.73487657322
41.26,69341.98687478875
41.27,69347.2082912203
41.28,69346.39324427975
41.29,69349.11503942423
41.300000000000004,69351.25664745542
41.31,69353.37227985544
41.32,69356.16160833642
41.33,69358.9898509061
41.34,69362.11416083033
41.35,69364.328000353
41.36,69367.51069519794
41.37,69369.4421102414
41.38,69372.71069210701
41.39,69374.86946166052
41.4,69376.34126428011
41.410000000000004,69379.82748402882
41.42,69383.85659363917
41.43,69384.77024523563
41.44,69388.80039783147
41.45,69389.79255895899
41.46,69393.18671342586
41.47,69395.0082331486
41.480000000000004,69399.08928866636
41.49,69400.59969814286
41.5,69404.0540846281
41.51,69404.88481445487
41.52,69407.97078613905
41.53,69411.20554184834
41.54,69414.68371577836
41.550000000000004,69415.17626660493
41.56,69420.58554815197
41.57,69420.39207306267
41.58,69424.0379154114
41.59,69423.04778599276
41.6,69428.62857166282
41.61,69431.95141227082
41.62,69434.94059360739
41.63,69434.69365586893
41.64,69437.01475641783
41.65,69441.20568294021
41.660000000000004,69444.06370388532
41.67,69446.6745752989
41.68,69446.90521570525
41.69,69451.36154831032
41.7,69454.57996907177
41.71,69456.89592048133
41.72,69459.52439276133
41.730000000000004,69461.28874371985
41.74,69464.23293571892
41.75,69466.40623501514
41.76,69470.59339772363
41.77,69473.0493375024
41.78,69473.45756672337
41.79,69478.18716498237
41.800000000000004,69479.73863497746
41.81,69482.32309684069
41.82,69485.5801024471
41.83,69486.61847004078
41.84,69489.73680235817
41.85,69491.51931294533
41.86,69494.65859263606
41.87,69498.07590924519
41.88,69500.15733563293
41.89,69502.50472228491
41.9,69504.66265849653
41.910000000000004,69508.15334842057
41.92,69510.46526787854
41.93,69512.29806725001
41.94,69516.46274391508
41.95,69517.4265220044
41.96,69520.35573333755
41.97,69523.05451079061
41.980000000000004,69525.92872613991
41.99,69528.01845896174
42.0,69529.73137773368
42.01,69533.77757034037
42.02,69535.29069119613
42.03,69535.7293732536
42.04,69541.16050045403
42.050000000000004,69542.36551083002
42.06,69546.49205902539
42.07,69547.20890990843
42.08,69551.69214639011
42.09,69552.72256521303
42.1,69556.26623392921
42.11,69559.10857768003
42.12,69560.94519282927
42.13,69563.47709675979
42.14,69569.12673749895
42.15,69568.14907818152
42.160000000000004,69571.6045764834
42.17,69573.53628936033
42.18,69575.1239350384
42.19,69577.76699608202
42.2,69581.56388565616
42.21,69583.57155730012
42.22,69585.83093550355
42.230000000000004,69589.21774005571
42.24,69592.00592925215
42.25,69593.62049249497
42.26,69597.77358193311
42.27,69598.4530653984
42.28,69602.02227838628
42.29,69605.11022757302
42.300000000000004,69607.19563152702
42.31,69610.06361882185
42.32,69611.95008867145
42.33,69614.26680794072
42.34,69618.25367403192
42.35,69619.15221424834
42.36,69620.66180431396
42.37,69625.01540523708
42.38,69626.15956539362
42.39,69630.03431409768
42.4,69632.81196966293
42.410000000000004,69633.79338415712
42.42,69637.49791608434
42.43,69640.3715743709
42.44,69643.18362142904
42.45,69644.06551530634
42.46,69647.76547165119
42.47,69648.5344174704
42.480000000000004,69650.85471246736
42.49,69653.98439938964
42.5,69657.05978319171
42.51,69661.17582855887
42.52,69663.54245632053
42.53,69665.15447180854
42.54,69666.36534321675
42.550000000000004,69670.9083532149
42.56,69672.8313262302
42.57,69678.01714513567
42.58,69677.0208101101
42.59,69678.0178895735
42.6,69681.79382284326
42.61,69686.39664499093
42.62,69687.36063962788
42.63,69690.20736547004
42.64,69693.13113638916
42.65,69695.18901566435
42.660000000000004,69698.64924242924
42.67,69700.84737369089
42.68,69703.98680379073
42.69,69705.53957851944
42.7,69709.73778150402
42.71,69712.14565755251
42.72,69714.3628420005
42.730000000000004,69716.26007552091
42.74,69719.83930848852
42.75,69721.20081343956
42.76,69724.29496309423
42.77,69727.18809231884
42.78,69727.52942212958
42.79,69732.84673267894
42.800000000000004,69734.73479086025
42.81,69738.8481497904
42.82,69740.2618437179
42.83,69740.76931883568
42.84,69745.24481670157
42.85,69745.28564399695
42.86,69748.62817652612
42.87,69750.99628177521
42.88,69753.89737662049
42.89,69757.19690926243
42.9,69759.94273414015
42.910000000000004,69762.23957935875
42.92,69765.24991750345
42.93,69766.99534498976
42.94,69768.07574577432
42.95,69773.26537421378
42.96,69775.73691139072
42.97,69777.18788721433
42.980000000000004,69778.09203219337
42.99,69782.72402437514
43.0,69785.1728914831
43.01,69787.13581272407
43.02,69790.78119846377
43.03,69791.56270502113
43.04,69793.32141010616
43.050000000000004,69797.72847193346
43.06,69802.36059738332
43.07,69803.66549198142
43.08,69805.80019831113
43.09,69806.58545461038
43.1,69809.25560223889
43.11,69812.78147055714
43.12,69816.30075815256
43.13,69817.1519420129
43.14,69821.30061934951
43.15,69824.74014001482
43.160000000000004,69825.61099334536
43.17,69829.05638996656
43.18,69831.42197888934
43.19,69834.02459582745
43.2,69836.17765939704
43.21,69837.92153116148
43.22,69840.89388219111
43.230000000000004,69843.40219482596
43.24,69846.13952889736
43.25,69847.6316816297
43.26,69851.6400214101
43.27,69854.03558866768
43.28,69857.48618148311
43.29,69859.62737226908
43.300000000000004,69861.68897432103
43.31,69864.10488895429
43.32,69865.08561421651
43.33,69869.4039391572
43.34,69872.15237706926
43.35,69874.72162158611
43.36,69877.41812827434
43.37,69880.67675978017
43.38,69883.39053634206
43.39,69883.78680056964
43.4,69885.73612216259
43.410000000000004,69890.28791880279
43.42,69891.11282450051
43.43,69894.65298876581
43.44,69897.33113580424
43.45,69899.48962028607
43.46,69902.34129407015
43.47,69905.1638355637
43.480000000000004,69907.2880489716
43.49,69909.38961444484
43.5,69913.08277748639
43.51,69915.82751751275
43.52,69916.91745152969
43.53,69919.01540077249
43.54,69921.83360251361
43.550000000000004,69924.1419496876
43.56,69925.70103215889
43.57,69930.86387468611
43.58,69934.08987783633
43.59,69935.5044141489
43.6,69938.73139149188
43.61,69939.96863791485
43.62,69944.53440359882
43.63,69946.31309688404
43.64,69948.97705590997
43.65,69949.52454308636
43.660000000000004,69952.40173424511
43.67,69955.54273122201
43.68,69959.82139248835
43.69,69958.7600876778
43.7,69961.9216809343
43.71,69966.66303952523
43.72,69970.56945016696
43.730000000000004,69972.31084457855
43.74,69971.97292024274
43.75,69976.27455128272
43.76,69980.83742926436
43.77,69982.01664353037
43.78,69984.33618125952
43.79,69988.08682869343
43.800000000000004,69988.15325649496
43.81,69991.56022932891
43.82,69993.93285457298
43.83,69995.65258279986
43.84,69999.75673336016
43.85,70002.0310939564
43.86,70004.17977860216
43.87,70007.17481244546
43.88,70009.89470546527
43.89,70011.59553237223
43.9,70015.85558716199
43.910000000000004,70018.07710773531
43.92,70018.80010817475
43.93,70023.51773394282
43.94,70024.52727760538
43.95,70027.4546306908
43.96,70027.93186149433
43.97,70032.75326613488
43.980000000000004,70035.60981342434
43.99,70037.66019237888
44.0,70038.33473167713
44.01,70042.62959753408
44.02,70044.877403096
44.03,70047.3796743303
44.04,70050.68630433892
44.050000000000004,70053.3289136386
44.06,70055.20489902899
44.07,70057.3651892331
44.08,70062.09999094298
44.09,70064.95027642362
44.1,70063.6150905559
44.11,70067.82660774054
44.12,70069.78973928258
44.13,70072.08700798731
44.14,70076.1518166979
44.15,70076.44806048556
44.160000000000004,70080.43436761737
44.17,70083.6956120314
44.18,70085.43557502454
44.19,70088.59085000624
44.2,70092.667190839
44.21,70094.19744430172
44.22,70094.5634752081
44.230000000000004,70099.06075458227
44.24,70103.52820351685
44.25,70103.52113597654
44.26,70107.15258740782
44.27,70109.51684193936
44.28,70113.90659870623
44.29,70112.60441482709
44.300000000000004,70116.37646457658
44.31,70119.39567140174
44.32,70122.44391496781
44.33,70125.15441107955
44.34,70127.98639732666
44.35,70129.07628964065
44.36,70132.63762417724
44.37,70134.00481095567
44.38,70138.24415144257
44.39,70138.60629101879
44.4,70143.35770149111
44.410000000000004,70144.24241319075
44.42,70147.75542832362
44.43,70150.27121684626
44.44,70151.4762416303
44.45,70155.31350899544
44.46,70156.46768627287
44.47,70160.36956395634
44.480000000000004,70162.07852911705
44.49,70164.28405641727
44.5,70165.5835594294
44.51,70170.86653600582
44.52,70174.27555489063
44.53,70175.08215803308
44.54,70178.95143134148
44.550000000000004,70180.6314197308
44.56,70183.75862754749
44.57,70186.07786391964
44.58,70188.1018370901
44.59,70191.82978189993
44.6,70193.1360064184
44.61,70197.39896723795
44.62,70199.5284916244
44.63,70201.42561918014
44.64,70203.13697200261
44.65,70205.08089124526
44.660000000000004,70208.68646922156
44.67,70210.38383516914
44.68,70215.0625328623
44.69,70216.74962791195
44.7,70219.34690268083
44.71,70220.84010785338
44.72,70224.24044932118
44.730000000000004,70227.4100202108
44.74,70230.45123615973
44.75,70232.52395072923
44.76,70234.72774645168
44.77,70236.62289728565
44.78,70239.64546486469
44.79,70243.00891905947
44.800000000000004,70244.57045236223
44.81,70248.33742139269
44.82,70249.05643127939
44.83,70254.41432184451
44.84,70254.51159292154
44.85,70257.10609053427
44.86,70259.71540806234
44.87,70261.59417804363
44.88,70264.42965035749
44.89,70267.89175260035
44.9,70268.80487415832
44.910000000000004,70272.25014693358
44.92,70275.15878627208
44.93,70277.50400926553
44.94,70278.36826951275
44.95,70283.78032701551
44.96,70286.1285080102
44.97,70287.89942684685
44.980000000000004,70291.6989624475
44.99,70294.24647245518
45.0,70297.17370469046
45.01,70297.95532472823
45.02,70299.95315202279
45.03,70303.06948794775
45.04,70307.0593265958
45.050000000000004,70308.77386897075
45.06,70312.28640606106
45.07,70312.06219826589
45.08,70315.67953178556
45.09,70317.92939582054
45.1,70321.96324261499
45.11,70323.64253001176
45.12,70327.40833701122
45.13,70328.48308931633
45.14,70331.59182593944
45.15,70333.02432103566
45.160000000000004,70337.10626406402
45.17,70338.53034595877
45.18,70341.73797479438
45.19,70345.49036654507
45.2,70344.79091086006
45.21,70350.2223373803
45.22,70351.17837752703
45.230000000000004,70353.47010567981
45.24,70357.73827243716
45.25,70361.12629997123
45.26,70364.14663520333
45.27,70363.34077164791
45.28,70368.05290936465
45.29,70370.3107822511
45.300000000000004,70374.27495031417
45.31,70375.75308773635
45.32,70377.48595400446
45.33,70379.01169664723
45.34,70382.29509063913
45.35,70385.85857443714
45.36,70387.30023552779
45.37,70390.68375613431
45.38,70394.3046749984
45.39,70395.84722532582
45.4,70399.35404152692
45.410000000000004,70401.15384325369
45.42,70403.00168586645
45.43,70406.47737014481
45.44,70409.60518881986
45.45,70411.85294388687
45.46,70412.89452485439
45.47,70417.16317435648
45.480000000000004,70419.91103759441
45.49,70421.02306073849
45.5,70424.68266825538
45.51,70426.9739819907
45.52,70427.81298707219
45.53,70430.82353645601
45.54,70434.16325077307
45.550000000000004,70435.57388797349
45.56,70439.53025660363
45.57,70442.88035611123
45.58,70444.02446349815
45.59,70445.11485705012
45.6,70449.88003963577
45.61,70452.41555697042
45.62,70456.07763802624
45.63,70457.38114919659
45.64,70460.32637154296
45.65,70462.8415264978
45.660000000000004,70464.60217657535
45.67,70465.61828625076
45.68,70471.31090480935
45.69,70472.02877681903
45.7,70474.6429592242
45.71,70477.59814693507
45.72,70480.34192525083
45.730000000000004,70482.63696439855
45.74,70485.65512878109
45.75,70487.8280282567
45.76,70490.55629371996
45.77,70492.36452554488
45.78,70494.6006231536
45.79,70498.00849799128
45.800000000000004,70500.90301524506
45.81,70502.2531327852
45.82,70507.44077165241
45.83,70509.36722533274
45.84,70511.02810766135
45.85,70513.08059222736
45.86,70515.86875761184
45.87,70517.53658926388
45.88,70521.314518506
45.89,70522.92722710059
45.9,70527.71506101859
45.910000000000004,70528.59130860654
45.92,70531.46058261208
45.93,70536.2061370101
45.94,70538.53810045823
45.95,70538.82928141202
45.96,70542.91192576686
45.97,70544.69297747088
45.980000000000004,70548.60591296172
45.99,70550.85207116176
46.0,70552.87304050033
46.01,70555.55643992487
46.02,70556.10434887001
46.03,70559.96219781326
46.04,70562.6793730827
46.050000000000004,70564.26688649775
46.06,70566.91399790975
46.07,70569.17318823846
46.08,70571.55717701477
46.09,70575.10036043236
46.1,70579.20097343209
46.11,70579.87316164207
46.12,70583.58624855528
46.13,70584.69372426397
46.14,70590.48340902313
46.15,70588.52561813821
46.160000000000004,70592.55252840044
46.17,70595.55554007547
46.18,70598.59575030085
46.19,70601.21808107034
46.2,70604.52990936313
46.21,70605.5652427512
46.22,70609.23792185412
46.230000000000004,70611.37935623404
46.24,70614.13439325649
46.25,70616.27160088792
46.26,70619.47671985775
46.27,70620.78530664238
46.28,70623.64813270426
46.29,70627.74457949866
46.300000000000004,70629.73496166036
46.31,70633.37077074735
46.32,70632.73331565055
46.33,70638.23649207412
46.34,70639.16368875706
46.35,70641.40366203424
46.36,70644.67264791453
46.37,70646.65044984434
46.38,70647.47332862766
46.39,70651.54326342307
46.4,70655.14241353523
46.410000000000004,70656.8623696019
46.42,70660.12314541209
46.43,70662.51921053728
46.44,70664.7489489713
46.45,70668.01771167232
46.46,70669.89834737703
46.47,70672.35086046915
46.480000000000004,70674.6417090095
46.49,70677.64556819986
46.5,70679.5189905314
46.51,70683.32767114248
46.52,70685.12562944056
46.53,70688.58882951745
46.54,70692.39414966147
46.550000000000004,70691.86262514886
46.56,70694.07432653589
46.57,70699.61916510882
46.58,70701.19469027287
46.59,70703.25135988607
46.6,70704.41429655616
46.61,70707.38661634036
46.62,70711.33955546455
46.63,70714.23409942693
46.64,70713.41262884738
46.65,70719.57662697117
46.660000000000004,70721.76123150146
46.67,70725.09516418581
46.68,70726.25323267574
46.69,70727.93367773059
46.7,70730.4742190435
46.71,70733.15050529213
46.72,70737.06968626092
46.730000000000004,70740.10686366797
46.74,70741.13986813457
46.75,70744.79857206272
46.76,70747.24418807388
46.77,70751.39523023053
46.78,70752.15062728612
46.79,70754.63364930145
46.800000000000004,70757.0179899972
46.81,70759.4725270925
46.82,70761.21230903277
46.83,70763.82863102535
46.84,70766.96625013954
46.85,70770.5084966523
46.86,70773.78618176079
46.87,70774.95483393621
46.88,70778.10712652997
46.89,70779.01200592106
46.9,70783.74100523394
46.910000000000004,70785.44153580333
46.92,70787.77693608393
46.93,70789.43986521864
46.94,70793.09159634517
46.95,70796.86463532383
46.96,70798.01597029946
46.97,70801.60439638977
46.980000000000004,70802.72282749305
46.99,70805.30990634026
47.0,70808.70221003803
47.01,70811.68468894516
47.02,70813.63383924535
47.03,70816.78335579237
47.04,70819.64897534337
47.050000000000004,70821.87935112056
47.06,70825.70345227237
47.07,70826.33183815643
47.08,70828.46695353476
47.09,70831.55417086335
47.1,70835.27313316113
47.11,70835.12155442043
47.12,70838.28391940454
47.13,70841.90308831993
47.14,70844.57006845402
47.15,70846.82506559821
47.160000000000004,70849.25169043682
47.17,70852.38509030218
47.18,70854.58257566372
47.19,70857.56724027787
47.2,70861.60878052536
47.21,70863.74745743973
47.22,70864.92781547955
47.230000000000004,70867.86512701727
47.24,70868.54667306297
47.25,70873.8409067346
47.26,70874.99098596294
47.27,70878.36586504287
47.28,70880.92495639605
47.29,70883.2607363715
47.300000000000004,70884.97355765502
47.31,70887.2478428124
47.32,70888.95984993485
47.33,70894.57805941127
47.34,70894.40204647953
47.35,70898.71806568053
47.36,70900.27633741435
47.37,70903.31065466536
47.38,70905.44745740503
47.39,70908.5119030376
47.4,70912.96053595188
47.410000000000004,70912.9005197084
47.42,70916.67093725983
47.43,70919.53327595322
47.44,70922.96782514683
47.45,70923.61351404528
47.46,70926.74216937447
47.47,70929.67221978097
47.480000000000004,70930.96155005379
47.49,70935.90050348037
47.5,70937.01509548032
47.51,70939.28905242552
47.52,70941.22025744194
47.53,70944.26116830307
47.54,70944.62480765347
47.550000000000004,70948.77543329597
47.56,70952.75721026181
47.57,70955.80746429627
47.58,70957.42888226232
47.59,70959.31556861433
47.6,70964.6877033067
47.61,70966.5902363685
47.62,70966.84085255387
47.63,70969.62312950741
47.64,70972.54638602433
47.65,70974.8434236494
47.660000000000004,70977.1644350445
47.67,70982.90583582252
47.68,70983.07826122537
47.69,70984.92015644308
47.7,70988.1110627491
47.71,70991.07959366126
47.72,70991.95709120738
47.730000000000004,70995.18758137102
47.74,70999.95290870617
47.75,71001.27260605688
47.76,71004.57944170832
47.77,71006.05944318628
47.78,71009.89090302505
47.79,71010.22939407823
47.800000000000004,71014.05022710426
47.81,71016.30542869272
47.82,71018.3685859968
47.83,71021.8379195201
47.84,71023.11252069003
47.85,71025.82018196545
47.86,71030.04090178406
47.870000000000005,71031.8258467936
47.88,71033.38941874383
47.89,71038.41281743094
47.9,71040.1865815248
47.910000000000004,71041.60616660808
47.92,71046.32897968403
47.93,71048.06412434892
47.94,71049.75305717086
47.95,71054.18577788964
47.96,71055.06537474909
47.97,71057.51484144274
47.980000000000004,71060.4495863378
47.99,71062.89483988337
48.0,71065.107552413
48.01,71069.35872277583
48.02,71069.61177857904
48.03,71072.73622791172
48.04,71076.99885438623
48.050000000000004,71078.08967246785
48.06,71080.64692170593
48.07,71084.66049346587
48.08,71086.17681740398
48.09,71088.71952181189
48.1,71091.45867934902
48.11,71093.45255106191
48.120000000000005,71096.7765783784
48.13,71098.19881461744
48.14,71101.2988665304
48.15,71104.06694886519
48.160000000000004,71105.71347908872
48.17,71110.44278027937
48.18,71111.25437147234
48.19,71114.34472224745
48.2,71114.62142875901
48.21,71118.55321789651
48.22,71121.7616898032
48.230000000000004,71124.74757953238
48.24,71127.14349273752
48.25,71129.82401069724
48.26,71130.78731412279
48.27,71134.04796979348
48.28,71137.7206015128
48.29,71140.95998057749
48.300000000000004,71144.66189084273
48.31,71148.26933343188
48.32,71146.95749779201
48.33,71148.93284171396
48.34,71151.26970707625
48.35,71154.48023797624
48.36,71158.33349875589
48.370000000000005,71159.88002796091
48.38,71161.65602673564
48.39,71165.80857196981
48.4,71166.6388265658
48.410000000000004,71172.06746303866
48.42,71174.19260947993
48.43,71176.83219558283
48.44,71177.50694787575
48.45,71181.29715853727
48.46,71182.10579811812
48.47,71186.12376203688
48.480000000000004,71188.45141328675
48.49,71190.48006298013
48.5,71193.74029450555
48.51,71196.68977121747
48.52,71197.291157542
48.53,71201.67321302014
48.54,71203.53450601529
48.550000000000004,71206.90764216548
48.56,71209.12941744592
48.57,71210.57222070597
48.58,71214.80509592716
48.59,71217.9766980476
48.6,71219.93312381636
48.61,71221.8792122553
48.620000000000005,71225.78966222037
48.63,71225.47573788164
48.64,71229.78442230374
48.65,71232.10706644827
48.660000000000004,71234.68124965427
48.67,71237.88743177337
48.68,71240.92246934123
48.69,71243.07108788259
48.7,71245.78771608086
48.71,71247.58249960885
48.72,71253.35265340569
48.730000000000004,71252.15882082474
48.74,71255.37639693743
48.75,71258.15811236647
48.76,71261.69419182508
48.77,71263.93773178717
48.78,71267.10092638957
48.79,71269.62367603346
48.800000000000004,71268.6856659746
48.81,71272.18129568368
48.82,71276.44561549602
48.83,71277.65984170946
48.84,71280.58046366669
48.85,71284.89763397096
48.86,71287.52648827097
48.870000000000005,71289.45630529596
48.88,71289.98794003838
48.89,71294.01789915308
48.9,71296.66550023544
48.910000000000004,71299.96079274378
48.92,71302.23607506255
48.93,71304.5850806512
48.94,71308.0149147487
48.95,71308.31368849493
48.96,71311.93344730446
48.97,71313.48894391772
48.980000000000004,71316.36606009687
48.99,71320.68774567319
49.0,71321.70375894466
49.01,71324.28628420753
49.02,71327.34591543046
49.03,71330.61001641784
49.04,71334.21149682679
49.050000000000004,71337.62285665305
49.06,71337.76267524403
49.07,71338.77512760743
49.08,71343.90396866815
49.09,71345.37758552539
49.1,71349.62651146177
49.11,71350.5770979477
49.120000000000005,71353.5216151857
49.13,71356.76037081612
49.14,71358.69507239334
49.15,71359.96746966236
49.160000000000004,71362.00141225224
49.17,71368.18612428653
49.18,71370.30387526056
49.19,71372.50186698517
49.2,71373.3982051086
49.21,71375.52956739129
49.22,71380.08395737133
49.230000000000004,71383.2071665183
49.24,71383.72616906781
49.25,71388.65949444834
49.26,71390.3123661635
49.27,71390.21070793825
49.28,71394.90327356682
49.29,71399.12873252401
49.300000000000004,71400.56983294614
49.31,71403.80703927024
49.32,71405.72743478775
49.33,71408.65763105087
49.34,71410.88175332986
49.35,71409.62209412182
49.36,71415.26579726445
49.370000000000005,71418.76175059058
49.38,71419.16528706602
49.39,71421.46043070924
49.4,71426.50085276112
49.410000000000004,71428.23322630597
49.42,71432.27145786797
49.43,71433.24363997375
49.44,71438.85789170381
49.45,71438.7591119317
49.46,71440.68849447255
49.47,71444.53984281518
49.480000000000004,71446.57845816296
49.49,71448.56963547698
49.5,71452.29409380816
49.51,71452.93700298358
49.52,71456.90782758841
49.53,71458.64768025385
49.54,71458.57303442826
49.550000000000004,71464.2187682849
49.56,71465.38252154931
49.57,71469.48666605087
49.58,71473.14113618362
49.59,71476.1411715413
49.6,71476.93078575804
49.61,71478.99682778586
49.620000000000005,71481.52847255151
49.63,71484.7564316614
49.64,71487.75132952245
49.65,71490.55742649166
49.660000000000004,71492.22574899619
49.67,71494.86122316295
49.68,71497.6019083612
49.69,71499.8721971173
49.7,71505.83926672547
49.71,71506.06001410387
49.72,71508.16681678663
49.730000000000004,71510.97959216058
49.74,71512.4944789532
49.75,71514.61565439234
49.76,71518.11112048298
49.77,71521.81917116906
49.78,71522.97701346251
49.79,71524.79114625532
49.800000000000004,71528.20764421517
49.81,71530.83402739215
49.82,71533.14230327956
49.83,71535.6606198229
49.84,71538.62101567228
49.85,71541.1160331818
49.86,71545.00186768608
49.870000000000005,71548.26510335963
49.88,71548.43377133869
49.89,71551.44994560095
49.9,71555.34798822444
49.910000000000004,71556.99888157657
49.92,71561.32292650967
49.93,71560.53753187871
49.94,71563.66954514457
49.95,71567.37163897627
49.96,71568.94090524992
49.97,71573.00885636671
49.980000000000004,71574.47372878357
49.99,71577.66877091561
50.0,71580.94562348354
50.01,71582.58611212927
50.02,71585.57975295241
50.03,71588.43764766035
50.04,71591.55434862146
50.050000000000004,71592.97451310832
50.06,71595.30861950191
50.07,71596.98734846068
50.08,71598.68736847947
50.09,71603.310493907
50.1,71606.59480752239
50.11,71609.33947288764
50.120000000000005,71609.87321833023
50.13,71614.42496003407
50.14,71616.36400840525
50.15,71618.59153693415
50.160000000000004,71621.40711468447
50.17,71623.27981146767
50.18,71626.76684642238
50.19,71628.91697445611
50.2,71631.4968674174
50.21,71633.89286708785
50.22,71638.17717871485
50.230000000000004,71638.59993992571
50.24,71641.42271820137
50.25,71644.97920221763
50.26,71648.43121677493
50.27,71649.3644809795
50.28,71652.93392699069
50.29,71653.96839820611
50.300000000000004,71660.45718999191
50.31,71660.2643455989
50.32,71663.57122466949
50.33,71666.09643927256
50.34,71667.14132342993
50.35,71671.37041347103
50.36,71671.44955131545
50.370000000000005,71675.51595074464
50.38,71678.16976736768
50.39,71680.98794974032
50.4,71683.69766853818
50.410000000000004,71685.7015949081
50.42,71688.79770257017
50.43,71691.15876192172
50.44,71693.71257190217
50.45,71696.36675831952
50.46,71698.69085819104
50.47,71700.73805991719
50.480000000000004,71703.94142291653
50.49,71706.78685587397
50.5,71707.42617989273
50.51,71712.86315756905
50.52,71712.57474533537
50.53,71718.220922533
50.54,71720.20176626468
50.550000000000004,71721.23324900965
50.56,71724.8954068662
50.57,71727.93054154882
50.58,71731.35479595487
50.59,71732.32635367772
50.6,71735.53612886164
50.61,71737.67182761064
50.620000000000005,71739.22597533837
50.63,71743.79530128703
50.64,71743.63308910555
50.65,71747.11998493563
50.660000000000004,71751.36007922556
50.67,71752.377845365
50.68,71754.50119458554
50.69,71757.60318798911
50.7,71762.1134155397
50.71,71763.43819069769
50.72,71767.5027808879
50.730000000000004,71768.45142114024
50.74,71772.49865107624
50.75,71774.41413671157
50.76,71776.89975683208
50.77,71779.88312344096
50.78,71779.31315022714
50.79,71785.18107341553
50.800000000000004,71787.65113057989
50.81,71789.76941452723
50.82,71792.05725666975
50.83,71793.68780906868
50.84,71796.48337808727
50.85,71799.15827453892
50.86,71802.35618818212
50.870000000000005,71805.55413105045
50.88,71808.08993910538
50.89,71808.48525709656
50.9,71812.5530302023
50.910000000000004,71815.56171056448
50.92,71818.28230068278
50.93,71821.5006851256
50.94,71824.24651706671
50.95,71825.15171694996
50.96,71827.7018243135
50.97,71832.79390978563
50.980000000000004,71833.88332093992
50.99,71836.61571966836
51.0,71837.90078131563
51.01,71840.77552396238
51.02,71845.05921956181
51.03,71846.18762250734
51.04,71849.89880593918
51.050000000000004,71850.3289738151
51.06,71852.99902042463
51.07,71857.35991623101
51.08,71858.25832430647
51.09,71861.16846791322
51.1,71866.22866554373
51.11,71865.86694544127
51.120000000000005,71870.12330977686
51.13,71871.41817579666
51.14,71874.08067513678
51.15,71876.63771138599
51.160000000000004,71880.08214193692
51.17,71882.52328584142
51.18,71885.22331804955
51.19,71887.58380694175
51.2,71889.34669400986
51.21,71892.650439038
51.22,71894.53329281429
51.230000000000004,71897.24098724875
51.24,71900.78590062309
51.25,71902.551207952
51.26,71905.96098500943
51.27,71910.16066625918
51.28,71911.048374358
51.29,71913.82596026195
51.300000000000004,71916.88843192146
51.31,71919.32947143851
51.32,71921.3443190514
51.33,71923.4706927346
51.34,71926.7660649002
51.35,71928.13436609476
51.36,71931.67657785959
51.370000000000005,71935.0566630667
51.38,71935.16450126917
51.39,71939.16603592661
51.4,71941.39433573457
51.410000000000004,71943.14637263879
51.42,71947.44690191417
51.43,71950.63703789283
51.44,71951.48507174903
51.45,71953.384440362
51.46,71957.06226569452
51.47,71960.03247437115
51.480000000000004,71962.16561921733
51.49,71966.72515025084
51.5,71967.0349506009
51.51,71972.06539967445
51.52,71973.3190704085
51.53,71975.78352552022
51.54,71978.18516105138
51.550000000000004,71980.44909524749
51.56,71984.70904795214
51.57,71987.29672093634
51.58,71989.02571180792
51.59,71991.23199330569
51.6,71995.16274539946
51.61,71996.66893676056
51.620000000000005,71997.55176527139
51.63,72001.37859328702
51.64,72002.63420144083
51.65,72007.49005112011
51.660000000000004,72008.44950854893
51.67,72011.34832402653
51.68,72015.0652801103
51.69,72017.3191744518
51.7,72018.76204398528
51.71,72021.40073137393
51.72,72024.3650153256
51.730000000000004,72027.21600021402
51.74,72027.74287270589
51.75,72031.54127370627
51.76,72033.78019764213
51.77,72037.08484129018
51.78,72038.66548014991
51.79,72041.84781715002
51.800000000000004,72045.0971515357
51.81,72047.51004678322
51.82,72050.23573008053
51.83,72055.3140164842
51.84,72054.92621673094
51.85,72057.848228501
51.86,72059.52936672456
51.870000000000005,72063.85885292591
51.88,72065.2988652419
51.89,72070.86348755268
51.9,72072.47110751398
51.910000000000004,72073.16017888083
51.92,72076.76448546916
51.93,72078.87059928416
51.94,72083.39836050241
51.95,72085.40423200197
51.96,72086.99301170315
51.97,72089.72015099043
51.980000000000004,72092.76935700538
51.99,72094.98032349495
52.0,72096.79897187259
52.01,72098.70908545615
52.02,72102.67639603828
52.03,72105.00581634125
52.04,72106.37998530216
52.050000000000004,72109.81169898054
52.06,72111.4613954661
52.07,72114.1580889313
52.08,72120.204982024
52.09,72121.74829688985
52.1,72122.12999757654
52.11,72127.15694072164
52.120000000000005,72126.54648206089
52.13,72131.57990545718
52.14,72132.8065210746
52.15,72135.87942261547
52.160000000000004,72136.70787913988
52.17,72139.84598891431
52.18,72143.09503479584
52.19,72145.61170154918
52.2,72147.72411870622
52.21,72151.12846458382
52.22,72153.0733336029
52.230000000000004,72156.41995991686
52.24,72160.0355577798
52.25,72161.80308486664
52.26,72163.8711338699
52.27,72167.2412104418
52.28,72167.6076396531
52.29,72170.77266378568
52.300000000000004,72172.4933951342
52.31,72176.80933804861
52.32,72179.1878075074
52.33,72182.20622152432
52.34,72183.68182341737
52.35,72185.95418809836
52.36,72189.80620160149
52.370000000000005,72192.43264781585
52.38,72195.2625945632
52.39,72198.56671645315
52.4,72197.98672845033
52.410000000000004,72204.68083443545
52.42,72206.00462985775
52.43,72209.70777869722
52.44,72210.25514552157
52.45,72213.12405264718
52.46,72213.35073504593
52.47,72216.5585620483
52.480000000000004,72221.0574791801
52.49,72225.92991107597
52.5,72225.82650162154
52.51,72229.50760042007
52.52,72230.4918995598
52.53,72235.47203407691
52.54,72236.11304795582
52.550000000000004,72239.0217969087
52.56,72242.96911154603
52.57,72244.58485325144
52.58,72245.9184301092
52.59,72250.32706676668
52.6,72253.43014784182
52.61,72254.68778532602
52.620000000000005,72257.71155872209
52.63,72259.0670742804
52.64,72262.03446058481
52.65,72263.80938797632
52.660000000000004,72267.3432980534
52.67,72270.13603441542
52.68,72271.92038859586
52.69,72274.4501971877
52.7,72277.08518236395
52.71,72280.16188851376
52.72,72283.28567238469
52.730000000000004,72283.12120306205
52.74,72287.68294382554
52.75,72290.84642390166
52.76,72292.99124061209
52.77,72296.15052455442
52.78,72298.31935751492
52.79,72299.96316016233
52.800000000000004,72305.06851437356
52.81,72305.1316904286
52.82,72308.27671039467
52.83,72312.19490220955
52.84,72313.1427520603
52.85,72316.5915682308
52.86,72319.96248935521
52.870000000000005,72321.97671252674
52.88,72325.11995679596
52.89,72326.2277538767
52.9,72329.57597817612
52.910000000000004,72332.06049113668
52.92,72336.02263771956
52.93,72336.51170801008
52.94,72340.42324593433
52.95,72343.53034884785
52.96,72345.42328341628
52.97,72349.462521213
52.980000000000004,72349.36930649102
52.99,72352.23252021098
53.0,72357.62748939781
53.01,72358.6079530401
53.02,72358.49415832931
53.03,72360.94390846658
53.04,72366.00814239489
53.050000000000004,72366.18926310695
53.06,72371.4046761957
53.07,72373.82514204193
53.08,72376.096500826
53.09,72379.21766228243
53.1,72381.14205734203
53.11,72384.30491789784
53.120000000000005,72388.32116891294
53.13,72390.40558334553
53.14,72390.7148183183
53.15,72395.6332372201
53.160000000000004,72397.68174840054
53.17,72399.5206427672
53.18,72402.49777533133
53.19,72404.36943408258
53.2,72408.12049705486
53.21,72410.16004354233
53.22,72412.52463394743
53.230000000000004,72415.20024031431
53.24,72418.06157080233
53.25,72420.77092703775
53.26,72422.8424291505
53.27,72426.08945550711
53.28,72429.11418027879
53.29,72430.8856511156
53.300000000000004,72433.76223226532
53.31,72433.41470040244
53.32,72437.3793437044
53.33,72441.90850119817
53.34,72443.45063609583
53.35,72446.77223697635
53.36,72447.41622655283
53.370000000000005,72452.21628749429
53.38,72454.97243404883
53.39,72459.36500264154
53.4,72457.7731563165
53.410000000000004,72462.41387379897
53.42,72463.75297888096
53.43,72467.2423224589
53.44,72469.45952376527
53.45,72472.32065521485
53.46,72474.67777970564
53.47,72476.13014953664
53.480000000000004,72478.94920166345
53.49,72483.47602527407
53.5,72486.0556667952
53.51,72486.74311400599
53.52,72491.41611298564
53.53,72493.73975496853
53.54,72494.6242228855
53.550000000000004,72497.21245589892
53.56,72500.76731721293
53.57,72503.34331669405
53.58,72506.05910859292
53.59,72507.42460602564
53.6,72511.1080418585
53.61,72513.92788134067
53.620000000000005,72516.3934098381
53.63,72519.07213190565
53.64,72520.89324168338
53.65,72527.22414302906
53.660000000000004,72526.10324062253
53.67,72529.2406658304
53.68,72530.4893146832
53.69,72532.6281943429
53.7,72536.39507081457
53.71,72538.2064301939
53.72,72542.48713500983
53.730000000000004,72546.66060552503
53.74,72546.1417181138
53.75,72548.62459453977
53.76,72551.99720044316
53.77,72556.72238841423
53.78,72558.38440359784
53.79,72560.42213618128
53.800000000000004,72564.18650121044
53.81,72565.00882294937
53.82,72568.61624582324
53.83,72569.73132539837
53.84,72572.0483777695
53.85,72576.26690595063
53.86,72580.71012296423
53.870000000000005,72579.94630481988
53.88,72584.57147570391
53.89,72587.39342049792
53.9,72588.93799788877
53.910000000000004,72590.40259991224
53.92,72593.42271356547
53.93,72597.1593087837
53.94,72598.48366259191
53.95,72601.74036468877
53.96,72603.00706596242
53.97,72609.32730380484
53.980000000000004,72609.01868894744
53.99,72611.329653597
54.0,72614.23619562089
54.01,72617.14559677405
54.02,72619.86804294118
54.03,72623.81063887337
54.04,72626.33097737891
54.050000000000004,72627.83801631146
54.06,72630.5408271902
54.07,72633.2656543299
54.08,72635.59228544487
54.09,72639.055487547
54.1,72639.31584132403
54.11,72644.71372881664
54.120000000000005,72644.58527550114
54.13,72650.43362549816
54.14,72650.94912914938
54.15,72654.42518584845
54.160000000000004,72655.313497667
54.17,72658.36797740929
54.18,72660.1700288017
54.19,72665.23312645129
54.2,72667.15028313235
54.21,72667.20579979956
54.22,72671.46305054378
54.230000000000004,72672.35170145794
54.24,72676.29732048487
54.25,72679.0715914011
54.26,72682.94540325121
54.27,72685.60146804158
54.28,72686.27332869456
54.29,72689.84321162857
54.300000000000004,72690.85067263588
54.31,72695.32964214277
54.32,72697.8483966309
54.33,72701.19828055265
54.34,72704.39533582535
54.35,72703.97382169812
54.36,72708.60331825771
54.370000000000005,72711.82728926252
54.38,72713.62654878346
54.39,72716.17491249493
54.4,72717.94530742672
54.410000000000004,72721.70378920024
54.42,72723.86290163819
54.43,72726.5544855371
54.44,72728.23633907556
54.45,72729.87493736004
54.46,72735.12102847626
54.47,72736.38918135269
54.480000000000004,72738.73281047148
54.49,72742.89829221922
54.5,72744.58852892045
54.51,72747.49395256263
54.52,72749.29193180591
54.53,72752.70291079092
54.54,72754.10054271914
54.550000000000004,72758.546984196
54.56,72761.18617784185
54.57,72762.47962992743
54.58,72765.36027707519
54.59,72767.96945757794
54.6,72768.24530306661
54.61,72773.75978822235
54.620000000000005,72776.00133761409
54.63,72777.86945555177
54.64,72780.53169461412
54.65,72783.33762877935
54.660000000000004,72786.12945531911
54.67,72789.43798918491
54.68,72789.9491209404
54.69,72792.89334217839
54.7,72796.4917942753
54.71,72797.2607357527
54.72,72799.47355714435
54.730000000000004,72804.34151469335
54.74,72806.94471673443
54.75,72810.17382832835
54.76,72810.73030345383
54.77,72812.86554266828
54.78,72815.96420598065
54.79,72819.72593693297
54.800000000000004,72821.67026018212
54.81,72824.0451501684
54.82,72825.63911725042
54.83,72829.51650900545
54.84,72831.62838563812
54.85,72836.35228646213
54.86,72837.4839609947
54.870000000000005,72840.57367873934
54.88,72843.38116505512
54.89,72845.12884362576
54.9,72846.62284325404
54.910000000000004,72851.59836554658
54.92,72854.36965877505
54.93,72858.49657990465
54.94,72859.53180057294
54.95,72861.63224449854
54.96,72865.17486105704
54.97,72865.07289730546
54.980000000000004,72868.71951589825
54.99,72872.02619006488
55.0,72874.04080090983
55.01,72874.79596981584
55.02,72879.90813363915
55.03,72882.16891200186
55.04,72883.3384181874
55.050000000000004,72887.58842992182
55.06,72889.56792872098
55.07,72893.15274457571
55.08,72896.26338811526
55.09,72896.69458379174
55.1,72900.9386841675
55.11,72901.76840510423
55.120000000000005,72907.53342556533
55.13,72908.32505879086
55.14,72911.49371263105
55.15,72911.56141854686
55.160000000000004,72916.60631290126
55.17,72919.52612864542
55.18,72919.26831110836
55.19,72923.27374019728
55.2,72925.17619670126
55.21,72930.1362868381
55.22,72930.74543727707
55.230000000000004,72935.18856634514
55.24,72936.19189641763
55.25,72940.89378523093
55.26,72941.87418938657
55.27,72943.23594669842
55.28,72948.32065892669
55.29,72950.10011347484
55.300000000000004,72953.42961958634
55.31,72954.38140767648
55.32,72957.1574895846
55.33,72960.23443624428
55.34,72962.61697421304
55.35,72964.94315340069
55.36,72968.05718324556
55.370000000000005,72970.62940703315
55.38,72974.92216019376
55.39,72975.5803137149
55.4,72978.58389906591
55.410000000000004,72980.64764226168
55.42,72983.17881997733
55.43,72986.20318124714
55.44,72989.64043478419
55.45,72990.64824782549
55.46,72994.38635028471
55.47,72997.40248807562
55.480000000000004,72998.93299785492
55.49,73002.06692735325
55.5,73005.46932897059
55.51,73006.65317590503
55.52,73009.36105575389
55.53,73012.00873062908
55.54,73014.35668202018
55.550000000000004,73017.62741113073
55.56,73019.61776258814
55.57,73023.7905729957
55.58,73025.30541091134
55.59,73028.171291138
55.6,73031.14381265703
55.61,73031.40469920152
55.620000000000005,73035.44209941478
55.63,73038.04917298381
55.64,73040.64744964938
55.65,73043.40500570145
55.660000000000004,73045.46403776245
55.67,73048.82107713087
55.68,73050.92417569122
55.69,73054.40482294637
55.7,73056.57596287648
55.71,73059.04519050277
55.72,73062.07445306177
55.730000000000004,73064.22106169668
55.74,73067.40186981023
55.75,73068.64416758122
55.76,73071.50071563745
55.77,73075.28842913159
55.78,73077.49263942755
55.79,73080.49487741756
55.800000000000004,73083.99623399656
55.81,73083.8085581454
55.82,73088.64003063606
55.83,73089.43630916445
55.84,73092.85765459188
55.85,73094.56046626031
55.86,73097.99977635927
55.870000000000005,73100.90485302573
55.88,73103.4088239467
55.89,73105.93676593546
55.9,73106.64070609886
55.910000000000004,73110.39769525739
55.92,73113.36966850082
55.93,73116.82442355312
55.94,73117.85799927011
55.95,73122.06780760658
55.96,73123.00037019061
55.97,73125.70679540157
55.980000000000004,73129.77924370146
55.99,73132.92850333627
56.0,73136.08585987882
56.01,73138.44898416483
56.02,73139.40774553442
56.03,73143.4214613882
56.04,73145.26303000435
56.050000000000004,73149.0070317337
56.06,73150.59857841312
56.07,73153.73783280022
56.08,73155.2462677572
56.09,73157.97945930385
56.1,73161.28807034226
56.11,73164.07948678522
56.120000000000005,73165.24681969854
56.13,73168.02148633776
56.14,73170.85746621432
56.15,73171.47548978966
56.160000000000004,73175.10495594857
56.17,73178.67204801594
56.18,73182.39523251356
56.19,73185.15432252777
56.2,73185.86909158506
56.21,73187.10431889258
56.22,73190.95412518748
56.230000000000004,73193.21614373485
56.24,73196.54181949426
56.25,73199.82931749626
56.26,73202.03297896516
56.27,73205.12708732777
56.28,73207.08828058444
56.29,73210.1016016464
56.300000000000004,73213.76509193219
56.31,73215.10605826411
56.32,73217.68611900666
56.33,73220.96499815218
56.34,73222.14684076571
56.35,73225.70500897721
56.36,73228.7090342389
56.370000000000005,73230.84909682522
56.38,73232.71171772348
56.39,73235.67873261803
56.4,73237.95591085506
56.410000000000004,73241.05431678049
56.42,73242.94427587053
56.43,73245.44157868777
56.44,73248.68572702802
56.45,73250.2237081709
56.46,73254.50268809247
56.47,73256.3772442905
56.480000000000004,73258.54948420376
56.49,73261.93195396656
56.5,73264.39238670419
56.51,73265.75834717722
56.52,73270.53219247103
56.53,73272.05812774827
56.54,73270.62055380418
56.550000000000004,73275.66382717452
56.56,73280.83880787292
56.57,73283.63121939228
56.58,73285.15337801243
56.59,73287.67598497627
56.6,73289.43451335879
56.61,73293.02510285184
56.620000000000005,73294.67369900619
56.63,73297.23026625806
56.64,73300.08808116113
56.65,73303.85336766858
56.660000000000004,73305.73620955467
56.67,73309.60727307465
56.68,73312.82110821774
56.69,73314.10328013488
56.7,73316.76711754268
56.71,73319.21900959367
56.72,73322.82793847218
56.730000000000004,73324.16027435301
56.74,73328.08625184801
56.75,73329.67101094655
56.76,73331.64872488371
56.77,73333.51833533701
56.78,73335.76983475502
56.79,73339.69796731854
56.800000000000004,73342.82733668796
56.81,73345.92089720987
56.82,73345.93751041636
56.83,73350.4976255535
56.84,73351.6456212351
56.85,73355.96642152175
56.86,73358.46009227661
56.870000000000005,73359.57855233159
56.88,73363.4808308857
56.89,73367.2050655088
56.9,73370.11636813007
56.910000000000004,73371.37218122995
56.92,73375.74078551498
56.93,73375.97312481166
56.94,73379.2589355829
56.95,73382.84198989178
56.96,73384.52518350449
56.97,73387.16618420013
56.980000000000004,73389.29169467179
56.99,73392.69674299053
57.0,73394.69280723811
57.01,73398.223375468
57.02,73400.3236787631
57.03,73400.22680151697
57.04,73405.46591394779
57.050000000000004,73410.81840820634
57.06,73411.48935439604
57.07,73412.38256399712
57.08,73415.20588952515
57.09,73417.30479090694
57.1,73422.27230372763
57.11,73423.42137118473
57.120000000000005,73425.71730604068
57.13,73429.3421589319
57.14,73431.29162769666
57.15,73432.7118517506
57.160000000000004,73435.93236138493
57.17,73438.12113911196
57.18,73442.80206960089
57.19,73444.64592066687
57.2,73445.62271713953
57.21,73449.33132707769
57.22,73453.1691882733
57.230000000000004,73454.15709552917
57.24,73460.25992757632
57.25,73461.32232912951
57.26,73461.0109448335
57.27,73464.68315357398
57.28,73468.50229253752
57.29,73468.58642422865
57.300000000000004,73473.7501017036
57.31,73476.96843774174
57.32,73478.16282364912
57.33,73480.12512050827
57.34,73482.44818025565
57.35,73486.03272238547
57.36,73488.85445478263
57.370000000000005,73491.61367851707
57.38,73495.89359634552
57.39,73496.77504716453
57.4,73498.84379670232
57.410000000000004,73503.19161369643
57.42,73503.08852263386
57.43,73507.31306917816
57.44,73511.08730391563
57.45,73512.47301474439
57.46,73516.64964513786
57.47,73516.87258541085
57.480000000000004,73517.45662774742
57.49,73521.6173164135
57.5,73527.31996854855
57.51,73524.64432614238
57.52,73529.1413093073
57.53,73530.2422182366
57.54,73535.82990526472
57.550000000000004,73536.07510265341
57.56,73540.90434766315
57.57,73542.21389723438
57.58,73545.58768740449
57.59,73547.38668479386
57.6,73550.95251423013
57.61,73554.4117660071
57.620000000000005,73556.93026150098
57.63,73560.36939517478
57.64,73561.0464443457
57.65,73565.24698818605
57.660000000000004,73566.42135729642
57.67,73569.48897092271
57.68,73570.639853704
57.69,73573.4288125998
57.7,73575.96542967926
57.71,73581.95949054146
57.72,73583.20620292546
57.730000000000004,73586.73372776408
57.74,73588.1032760753
57.75,73589.81100024961
57.76,73593.20438478126
57.77,73596.39682704474
57.78,73597.90960957586
57.79,73600.36086933097
57.800000000000004,73603.36012051807
57.81,73607.03052916423
57.82,73608.91486869722
57.83,73610.66919438622
57.84,73612.06795863125
57.85,73615.37528545695
57.86,73619.6067122685
57.870000000000005,73621.66490023343
57.88,73625.4209967241
57.89,73627.75112111875
57.9,73627.73107587094
57.910000000000004,73630.49090511908
57.92,73634.7431382848
57.93,73637.0041570732
57.94,73639.80402333691
57.95,73641.24753171563
57.96,73645.04626428842
57.97,73649.2767899885
57.980000000000004,73648.69104205858
57.99,73652.68559460448
58.0,73656.85456368448
58.01,73658.91959577739
58.02,73660.42605239156
58.03,73663.02108679175
58.04,73666.85507165117
58.050000000000004,73668.27940782631
58.06,73669.60840336526
58.07,73673.71645806756
58.08,73677.20367231897
58.09,73678.3763130503
58.1,73680.23391471241
58.11,73685.5012063943
58.120000000000005,73687.18896563767
58.13,73689.21759121
58.14,73691.29135909515
58.15,73694.11389056053
58.160000000000004,73697.90215509456
58.17,73700.48773505511
58.18,73703.63696863197
58.19,73705.66987938745
58.2,73707.2924422709
58.21,73712.20482352453
58.22,73713.74443428816
58.230000000000004,73715.04698078996
58.24,73718.44508885994
58.25,73720.54298498538
58.26,73723.56218029297
58.27,73726.63642076573
58.28,73728.25991724122
58.29,73732.02328464549
58.300000000000004,73733.13088539764
58.31,73736.437135466
58.32,73739.7715912008
58.33,73740.99870972044
58.34,73744.55761555197
58.35,73747.88846516443
58.36,73750.20790004103
58.370000000000005,73753.19940482611
58.38,73754.8535657806
58.39,73757.40495870243
58.4,73760.00467257794
58.410000000000004,73760.49697883439
58.42,73763.44619693444
58.43,73768.26331799997
58.44,73769.26089607374
58.45,73773.35262637172
58.46,73774.95167709298
58.47,73779.71876102513
58.480000000000004,73780.41231686827
58.49,73783.86349820496
58.5,73785.54665868462
58.51,73788.51196358494
58.52,73791.78993468753
58.53,73792.9167942635
58.54,73798.21433647523
58.550000000000004,73797.33486301982
58.56,73801.90500252569
58.57,73804.52526473928
58.58,73808.44405352404
58.59,73809.56594331996
58.6,73810.79625343866
58.61,73813.75962941896
58.620000000000005,73817.09990035949
58.63,73819.92733705138
58.64,73823.43417509594
58.65,73825.30269268205
58.660000000000004,73827.68437845263
58.67,73830.34050422924
58.68,73835.07300472954
58.69,73837.21429126846
58.7,73837.44144727019
58.71,73841.82339375801
58.72,73844.64186737806
58.730000000000004,73845.4248001817
58.74,73847.95436671136
58.75,73851.3520620152
58.76,73854.57943920225
58.77,73858.9782128779
58.78,73860.22580128351
58.79,73862.63940717214
58.800000000000004,73862.83529503121
58.81,73868.18911531137
58.82,73870.39700530702
58.83,73870.17460990843
58.84,73875.74395573571
58.85,73878.20564246808
58.86,73880.31138115106
58.870000000000005,73882.56313047519
58.88,73885.1387555188
58.89,73890.5507258129
58.9,73890.95040570963
58.910000000000004,73894.2216393862
58.92,73894.5729760633
58.93,73897.50720924903
58.94,73900.88443371365
58.95,73903.90488823893
58.96,73905.00429143196
58.97,73908.98447848458
58.980000000000004,73913.0271229651
58.99,73914.41781102499
59.0,73917.69006276925
59.01,73919.58091527969
59.02,73922.8932205951
59.03,73922.63899365888
59.04,73927.97429927778
59.050000000000004,73927.7558028266
59.06,73933.41168312849
59.07,73935.40109434437
59.08,73938.06289742174
59.09,73939.23722646928
59.1,73943.45893479718
59.11,73945.84017802803
59.120000000000005,73947.53659050397
59.13,73951.16745856516
59.14,73952.7709921712
59.15,73955.33232137993
59.160000000000004,73958.755654071
59.17,73961.05722046005
59.18,73963.21284154999
59.19,73966.67239162972
59.2,73971.11709597168
59.21,73970.33363106893
59.22,73975.27985250259
59.230000000000004,73974.90578502313
59.24,73979.35423272254
59.25,73982.37599063084
59.26,73984.35767846693
59.27,73987.84797450108
59.28,73991.00577746637
59.29,73990.86220605078
59.300000000000004,73995.41563684786
59.31,73996.87274611017
59.32,73999.67817047605
59.33,74003.12578604501
59.34,74006.06033824754
59.35,74007.77087283444
59.36,74009.74034407768
59.370000000000005,74012.88853464542
59.38,74014.20351015712
59.39,74020.16455192858
59.4,74019.61880240125
59.410000000000004,74024.47239908046
59.42,74025.3418881659
59.43,74029.21341791555
59.44,74032.34300358694
59.45,74033.78280329518
59.46,74036.20968133623
59.47,74038.73610458917
59.480000000000004,74040.92548834147
59.49,74044.55713813112
59.5,74046.88454010624
59.51,74050.11415708427
59.52,74052.90411475737
59.53,74054.59579390076
59.54,74057.17269066809
59.550000000000004,74058.48679537194
59.56,74062.00175630796
59.57,74065.83023814938
59.58,74068.08818470882
59.59,74071.84248302187
59.6,74073.77693654357
59.61,74074.10484038964
59.620000000000005,74078.59903341156
59.63,74080.57258953991
59.64,74083.60875403424
59.65,74086.7115077164
59.660000000000004,74089.02522799755
59.67,74091.68416146138
59.68,74093.78272917894
59.69,74097.63218271555
59.7,74099.66082451279
59.71,74102.96600574201
59.72,74105.07966456257
59.730000000000004,74105.46050862556
59.74,74110.20358426926
59.75,74112.97648151807
59.76,74114.62870606227
59.77,74115.72046395278
59.78,74121.09163445672
59.79,74122.64557275387
59.800000000000004,74124.75977792757
59.81,74128.24219115598
59.82,74129.86533024647
59.83,74133.08860423903
59.84,74135.60318806196
59.85,74137.48748280146
59.86,74141.2338249996
59.870000000000005,74144.89073948043
59.88,74145.5218894418
59.89,74148.61115465718
59.9,74151.06543807327
59.910000000000004,74155.42858057481
59.92,74156.26179321509
59.93,74160.09769681269
59.94,74162.07127478016
59.95,74164.72307448664
59.96,74167.52434944609
59.97,74170.13247158098
59.980000000000004,74173.4386612088
59.99,74175.61831990756
60.0,74176.4938313831
60.01,74182.46052991132
60.02,74183.48781990507
60.03,74187.5586197109
60.04,74187.7243971438
60.050000000000004,74191.46727752806
60.06,74194.19077356817
60.07,74195.0021808119
60.08,74198.65121606899
60.09,74201.32565037164
60.1,74206.84328053523
60.11,74205.69732289184
60.120000000000005,74208.27796494323
60.13,74211.4976420805
60.14,74214.51305957804
60.15,74217.16527295041
60.160000000000004,74219.69831506911
60.17,74222.24165336059
60.18,74226.4576805575
60.19,74227.28248695051
60.2,74231.08850425002
60.21,74234.46293789554
60.22,74235.57567916732
60.230000000000004,74238.03630887235
60.24,74241.39127459886
60.25,74244.55519208313
60.26,74246.85882282522
60.27,74249.24028228283
60.28,74252.25248347459
60.29,74254.47402485948
60.300000000000004,74256.08100695853
60.31,74258.66451273792
60.32,74262.71027917872
60.33,74264.18320799108
60.34,74267.24979195511
60.35,74267.77173103229
60.36,74270.7842925937
60.370000000000005,74275.28320469943
60.38,74275.78849900965
60.39,74280.33116870582
60.4,74282.7612065994
60.410000000000004,74285.3205579445
60.42,74287.40955815498
60.43,74290.43241912051
60.44,74291.00662604197
60.45,74297.35309597885
60.46,74297.38915114023
60.47,74300.90735587543
60.480000000000004,74302.79767841822
60.49,74306.33983501246
60.5,74310.08402199915
60.51,74310.54437415856
60.52,74314.5668891554
60.53,74317.66318376282
60.54,74319.63490000243
60.550000000000004,74321.96631090503
60.56,74323.31109932438
60.57,74327.06933858647
60.58,74330.50500718076
60.59,74333.72652475917
60.6,74336.2290311429
60.61,74336.74266379846
60.620000000000005,74341.2948019985
60.63,74342.9994402925
60.64,74343.99803011125
60.65,74348.96438146429
60.660000000000004,74351.06111481103
60.67,74351.3021163864
60.68,74356.2996678845
60.69,74359.49196719487
60.7,74360.96812247158
60.71,74363.7142889318
60.72,74365.4136461437
60.730000000000004,74368.97655482873
60.74,74371.15927665615
60.75,74375.73005494654
60.76,74377.57354642166
60.77,74380.65143949456
60.78,74381.00583029109
60.79,74386.39227458726
60.800000000000004,74387.90196373145
60.81,74392.22615857728
60.82,74392.07748841107
60.83,74394.30699756232
60.84,74398.71292321164
60.85,74400.42227732946
60.86,74403.84897370925
60.870000000000005,74405.86247383653
60.88,74408.07931221295
60.89,74411.83709143188
60.9,74414.31240737917
60.910000000000004,74418.20956880579
60.92,74420.29290729173
60.93,74422.03892278188
60.94,74426.07198680729
60.95,74427.41217807152
60.96,74429.66932182976
60.97,74432.43827782583
60.980000000000004,74437.06225403045
60.99,74438.40987569567
61.0,74441.06160144681
61.01,74441.64746949804
61.02,74445.27644520695
61.03,74447.22017882176
61.04,74450.55053420467
61.050000000000004,74452.18755112965
61.06,74456.56483864962
61.07,74458.46004321464
61.08,74461.03313669251
61.09,74462.85008867702
61.1,74465.91912657823
61.11,74468.82251719145
61.120000000000005,74470.86212506174
61.13,74473.20430791265
61.14,74475.77663670912
61.15,74479.63523865353
61.160000000000004,74483.64938788634
61.17,74484.51973485619
61.18,74486.14781095505
61.19,74490.70539453966
61.2,74492.78932331406
61.21,74496.23996242459
61.22,74497.67412909053
61.230000000000004,74501.07544544412
61.24,74501.13096727816
61.25,74505.18401424037
61.26,74507.98544565156
61.27,74509.45405468628
61.28,74514.19315599668
61.29,74516.50589200974
61.300000000000004,74517.8785878221
61.31,74520.73976451835
61.32,74522.98976535484
61.33,74524.64634957744
61.34,74529.18440985598
61.35,74532.04345618901
61.36,74535.65862221015
61.370000000000005,74535.9776260344
61.38,74538.37414434204
61.39,74542.20782484098
61.4,74545.43567017646
61.410000000000004,74546.302184672
61.42,74552.0670886661
61.43,74552.4773876601
61.44,74554.58087474688
61.45,74558.08010758916
61.46,74561.1008592199
61.47,74562.46391627821
61.480000000000004,74566.29731046587
61.49,74569.9907561625
61.5,74572.07595233452
61.51,74572.81196997735
61.52,74574.85715547153
61.53,74577.75284880937
61.54,74580.98073527701
61.550000000000004,74585.00647051964
61.56,74587.51156781608
61.57,74590.67374258104
61.58,74591.26526523937
61.59,74594.32742633982
61.6,74598.2678641517
61.61,74599.50308726927
61.620000000000005,74603.30021749738
61.63,74605.10778505764
61.64,74608.29216395465
61.65,74611.6126349063
61.660000000000004,74611.75191883673
61.67,74616.9221807616
61.68,74618.22899162202
61.690000000000005,74620.40266158147
61.7,74624.65401981406
61.71,74625.58677952894
61.72,74628.9469211788
61.730000000000004,74630.5764341688
61.74,74633.1089014415
61.75,74637.01257553823
61.76,74639.86422908935
61.77,74641.02226258226
61.78,74643.91189837756
61.79,74648.28026677553
61.800000000000004,74650.3416756771
61.81,74653.21793144861
61.82,74653.21457683502
61.83,74658.0489737786
61.84,74659.76117826966
61.85,74665.59123961916
61.86,74666.03059144609
61.870000000000005,74669.16431836481
61.88,74670.86475553543
61.89,74672.3026229095
61.9,74675.8068518039
61.910000000000004,74678.31148131892
61.92,74681.96740776984
61.93,74683.4404322377
61.940000000000005,74687.02210629085
61.95,74687.19145237718
61.96,74691.57963126786
61.97,74694.93326839255
61.980000000000004,74697.31387277647
61.99,74698.31933573665
62.0,74701.79330575993
62.01,74703.75350464949
62.02,74707.90424304102
62.03,74711.46887832812
62.04,74713.0025828528
62.050000000000004,74715.96417679438
62.06,74716.41191080472
62.07,74721.92168781586
62.08,74723.20658175583
62.09,74725.34975242463
62.1,74728.92164268506
62.11,74731.46753910411
62.120000000000005,74735.58519585368
62.13,74736.69069649465
62.14,74740.0362272822
62.15,74741.45100099518
62.160000000000004,74744.95888567183
62.17,74745.50703963984
62.18,74749.81834870832
62.190000000000005,74751.83029516402
62.2,74754.63096086694
62.21,74756.19421074507
62.22,74759.82203518851
62.230000000000004,74763.7435934079
62.24,74766.42192683554
62.25,74768.41018340258
62.26,74771.69593588894
62.27,74773.79333518386
62.28,74776.05569844416
62.29,74778.1369777136
62.300000000000004,74778.57635028589
62.31,74784.93184385232
62.32,74786.99423503823
62.33,74789.60902861696
62.34,74790.97699998482
62.35,74795.59956855129
62.36,74797.71315720116
62.370000000000005,74800.61381071726
62.38,74801.22467805246
62.39,74805.98956624325
62.4,74808.49334992394
62.410000000000004,74808.87342175898
62.42,74811.11012964229
62.43,74814.31195952147
62.440000000000005,74818.53386251867
62.45,74821.09679495133
62.46,74823.447812507
62.47,74823.61965965877
62.480000000000004,74829.86159007068
62.49,74831.1310418837
62.5,74832.81234242926
62.51,74834.94659742044
62.52,74840.29019448448
62.53,74840.82096099992
62.54,74842.50224071826
62.550000000000004,74845.82008458368
62.56,74849.37725236849
62.57,74850.46050251511
62.58,74855.34278425932
62.59,74858.3172745658
62.6,74857.83260282554
62.61,74861.52303733915
62.620000000000005,74865.81670895526
62.63,74866.54667264462
62.64,74871.14378422195
62.65,74871.34084201032
62.660000000000004,74876.37065032174
62.67,74879.34480688497
62.68,74880.56489974442
62.690000000000005,74882.3409144294
62.7,74885.6368068858
62.71,74888.23469596573
62.72,74892.19815304087
62.730000000000004,74894.11328342471
62.74,74896.26967141448
62.75,74898.05111197667
62.76,74901.77208248334
62.77,74904.20772022192
62.78,74908.22084210036
62.79,74907.53842421681
62.800000000000004,74913.38333217526
62.81,74915.25690690498
62.82,74918.14332093262
62.83,74921.12573989567
62.84,74923.95574937525
62.85,74926.29945019337
62.86,74928.63264369711
62.870000000000005,74930.81636599128
62.88,74933.3184548117
62.89,74934.92837408964
62.9,74937.7274123637
62.910000000000004,74941.2208119842
62.92,74944.6973118675
62.93,74945.93110935023
62.940000000000005,74947.95877176571
62.95,74952.35472725339
62.96,74955.85564439664
62.97,74956.01861313022
62.980000000000004,74959.9828949421
62.99,74962.84997914468
63.0,74964.21783952593
63.01,74967.16069634212
63.02,74971.4426297054
63.03,74972.24278230079
63.04,74977.02540768408
63.050000000000004,74976.83458649051
63.06,74980.4971740475
63.07,74981.94557884496
63.08,74986.22529314405
63.09,74988.37247628802
63.1,74992.17403418233
63.11,74992.4001412999
63.120000000000005,74997.54112142784
63.13,75000.57036167828
63.14,75001.64789164446
63.15,75002.89419553243
63.160000000000004,75007.48580370839
63.17,75010.1810895767
63.18,75013.04094543416
63.190000000000005,75015.20262010959
63.2,75018.9267953358
63.21,75019.12461190663
63.22,75022.36030870739
63.230000000000004,75026.87506381828
63.24,75028.16087220704
63.25,75029.81469276363
63.26,75033.06999584367
63.27,75035.25803843311
63.28,75036.8411850251
63.29,75042.0258930209
63.300000000000004,75044.38502422387
63.31,75046.0702534979
63.32,75049.4509473199
63.33,75051.62002216601
63.34,75054.90851858293
63.35,75056.877563648
63.36,75059.99554530627
63.370000000000005,75062.3227749446
63.38,75064.30096566005
63.39,75067.61882099808
63.4,75071.93458761067
63.410000000000004,75071.8935601266
63.42,75073.73140664822
63.43,75079.25847719325
63.440000000000005,75080.39712668881
63.45,75082.44823126895
63.46,75087.0746156983
63.47,75088.41627873991
63.480000000000004,75091.56421991126
63.49,75094.15213852937
63.5,75097.08660033233
63.51,75097.95888441952
63.52,75100.66557691047
63.53,75104.19701477388
63.54,75106.17147538967
63.550000000000004,75110.97152192416
63.56,75112.5052700874
63.57,75115.250116109
63.58,75118.07387752237
63.59,75119.77723620315
63.6,75122.2716755858
63.61,75125.67440349681
63.620000000000005,75127.70979069895
63.63,75131.16746476055
63.64,75132.85164799535
63.65,75136.82166171662
63.660000000000004,75138.60032137092
63.67,75139.64909375047
63.68,75141.76822969434
63.690000000000005,75146.7031865015
63.7,75148.63342419192
63.71,75151.04463225525
63.72,75154.40216377162
63.730000000000004,75157.61743650732
63.74,75160.36981323549
63.75,75164.3244306448
63.76,75164.19712684253
63.77,75167.21377254558
63.78,75169.9148987253
63.79,75172.74243892952
63.800000000000004,75176.2896995589
63.81,75177.55994981795
63.82,75179.964912246
63.83,75183.21820579101
63.84,75186.71844418798
63.85,75187.66703090152
63.86,75189.92565855643
63.870000000000005,75195.04780340445
63.88,75196.50626636528
63.89,75199.37525644376
63.9,75202.32837146953
63.910000000000004,75204.00051236835
63.92,75206.9591397072
63.93,75209.72107936727
63.940000000000005,75212.00059492505
63.95,75216.20350351787
63.96,75218.48636982685
63.97,75219.4869899939
63.980000000000004,75223.61254765953
63.99,75225.88133234526
64.0,75229.3808336412
64.01,75231.07255986433
64.02,75232.53481160426
64.03,75236.15904346046
64.04,75237.66331891381
64.05,75242.12170100346
64.06,75243.7002889931
64.07000000000001,75248.33352391899
64.08,75250.20205742623
64.09,75252.2012659042
64.1,75254.67316041261
64.11,75255.71321883895
64.12,75261.57496570761
64.13,75260.965562011
64.14,75265.1652571296
64.15,75267.61630782984
64.16,75268.29547740943
64.17,75274.13437212506
64.18,75277.31810352571
64.19,75278.2391885756
64.2,75280.88911419087
64.21000000000001,75283.37705981173
64.22,75285.36346749823
64.23,75288.87161729985
64.24,75290.28770467242
64.25,75294.82306095152
64.26,75297.60908027788
64.27,75298.24586810592
64.28,75302.29210677567
64.29,75304.24687845982
64.3,75307.62646547247
64.31,75308.16967968304
64.32000000000001,75313.06018099775
64.33,75314.00621555487
64.34,75318.29195299993
64.35,75321.0006606432
64.36,75324.22437214077
64.37,75326.5302273804
64.38,75327.3320195019
64.39,75330.14492195247
64.4,75333.30263978663
64.41,75336.11030212369
64.42,75339.25561372339
64.43,75341.54950703567
64.44,75340.68631135656
64.45,75348.34838140594
64.46000000000001,75348.21990657602
64.47,75351.71783650223
64.48,75354.44289395078
64.49,75356.69183783577
64.5,75359.55717010434
64.51,75362.67375369728
64.52,75365.21400285042
64.53,75366.93032207771
64.54,75370.07289839283
64.55,75373.53313023272
64.56,75375.4999423679
64.57000000000001,75378.09803226632
64.58,75380.03334745744
64.59,75383.13566596825
64.6,75386.48555251211
64.61,75388.82327299689
64.62,75390.27551383032
64.63,75393.69032638047
64.64,75398.36587051011
64.65,75400.64802365862
64.66,75401.67559406917
64.67,75405.17449102901
64.68,75406.78625822571
64.69,75409.62622063473
64.7,75412.73211946599
64.71000000000001,75414.46008445743
64.72,75418.03413668797
64.73,75418.04791566037
64.74,75422.65887054954
64.75,75425.09069838366
64.76,75427.50569332707
64.77,75430.26071110676
64.78,75433.33832302052
64.79,75436.5762134536
64.8,75437.60859855474
64.81,75441.27784278689
64.82000000000001,75444.24699030022
64.83,75447.75819899012
64.84,75448.92053176618
64.85,75451.78457329766
64.86,75453.41565211254
64.87,75456.42604842022
64.88,75459.79490306682
64.89,75461.94045485232
64.9,75464.51271611631
64.91,75466.99534184024
64.92,75470.51557812004
64.93,75473.45567663068
64.94,75477.20861409785
64.95,75476.91669567487
64.96000000000001,75478.77082618007
64.97,75482.13892589574
64.98,75487.04276683409
64.99,75488.73183680541
65.0,75491.00770402972
65.01,75492.99824893226
65.02,75498.43207888905
65.03,75498.141614118
65.04,75503.01610053307
65.05,75504.13216942194
65.06,75507.90361200563
65.07000000000001,75508.92728464305
65.08,75511.66118735482
65.09,75515.76541054247
65.1,75517.74981164804
65.11,75520.65347126985
65.12,75523.60562060482
65.13,75523.92247132321
65.14,75527.65284390107
65.15,75531.0985003282
65.16,75532.3249276393
65.17,75535.61799191796
65.18,75537.83376443286
65.19,75540.13172142768
65.2,75545.9254486733
65.21000000000001,75548.60020151737
65.22,75549.56040504378
65.23,75552.44454463397
65.24,75553.13685409694
65.25,75557.73720616275
65.26,75560.37905057266
65.27,75561.89893208683
65.28,75565.40593380526
65.29,75566.15570302193
65.3,75569.6612436265
65.31,75573.89383442089
65.32000000000001,75573.84004238437
65.33,75579.25662516001
65.34,75580.22635412935
65.35,75583.88916582563
65.36,75588.35283303274
65.37,75590.89620031422
65.38,75591.49151695339
65.39,75594.37440229526
65.4,75596.41089625645
65.41,75598.6505987875
65.42,75600.4528794627
65.43,75606.34678860354
65.44,75607.2318052975
65.45,75611.2214495596
65.46000000000001,75614.12863494537
65.47,75614.04278476394
65.48,75619.77029583103
65.49,75621.20178143973
65.5,75623.7283492606
65.51,75625.71600978465
65.52,75628.82498119667
65.53,75630.58851903069
65.54,75633.48099604114
65.55,75635.89632591532
65.56,75638.96723552671
65.57000000000001,75642.72685119085
65.58,75645.98325271191
65.59,75647.29292295246
65.6,75650.0694338827
65.61,75651.589468101
65.62,75655.78387392555
65.63,75656.76796222734
65.64,75659.55953465682
65.65,75664.13265906893
65.66,75666.53895014693
65.67,75667.38509543864
65.68,75670.37019426102
65.69,75672.42067927669
65.7,75676.47486664569
65.71000000000001,75678.66658771096
65.72,75681.27032625949
65.73,75685.3565313831
65.74,75686.8358300689
65.75,75690.49168257229
65.76,75691.68645531811
65.77,75693.2712098149
65.78,75697.06926266702
65.79,75698.51088115045
65.8,75702.79149346659
65.81,75705.36897024226
65.82000000000001,75707.1390536067
65.83,75711.14110920462
65.84,75712.82210845857
65.85,75715.47935233756
65.86,75718.018515074
65.87,75720.66765502006
65.88,75724.41514082607
65.89,75726.52908768157
65.9,75729.59098248833
65.91,75730.90860880229
65.92,75734.73334579621
65.93,75736.64175675747
65.94,75738.4082549654
65.95,75742.07540543424
65.96000000000001,75745.44405015798
65.97,75747.91535206522
65.98,75750.2246238096
65.99,75753.49774044729
66.0,75756.06264329437
66.01,75759.2257808142
66.02,75760.13204289916
66.03,75762.64996806931
66.04,75766.0454929039
66.05,75769.83215847421
66.06,75770.06538734499
66.07000000000001,75772.95596964502
66.08,75776.65830697914
66.09,75777.42190944144
66.1,75781.93639168022
66.11,75785.60289007529
66.12,75786.78849499616
66.13,75789.83835187304
66.14,75791.82182166053
66.15,75796.58202788497
66.16,75797.37816524909
66.17,75801.35213294649
66.18,75803.19403735532
66.19,75804.52488667925
66.2,75807.53389864553
66.21000000000001,75810.89096174091
66.22,75811.70666364703
66.23,75814.36078303157
66.24,75819.59019261439
66.25,75819.93259267014
66.26,75825.37038741415
66.27,75827.71039119238
66.28,75830.01229781567
66.29,75832.13751418496
66.3,75833.73289653324
66.31,75836.50852726618
66.32000000000001,75838.34161320268
66.33,75840.11229985818
66.34,75847.20605463021
66.35,75847.78520487604
66.36,75850.41927044152
66.37,75853.6704575671
66.38,75855.5977249529
66.39,75857.6351275746
66.4,75860.43402049913
66.41,75862.04513751599
66.42,75864.25257798885
66.43,75869.2539594994
66.44,75872.404818069
66.45,75874.68036167478
66.46000000000001,75875.45529108292
66.47,75879.95035283567
66.48,75883.3392435202
66.49,75881.6382012965
66.5,75887.15643893823
66.51,75889.09267008382
66.52,75891.61250361711
66.53,75895.75340856613
66.54,75898.32353524792
66.55,75901.49859483993
66.56,75904.7489610206
66.57000000000001,75905.46387934018
66.58,75907.47155820938
66.59,75910.17024721166
66.6,75914.29251157207
66.61,75915.39550819305
66.62,75920.5814534107
66.63,75921.22959552867
66.64,75924.96650649278
66.65,75927.77543897861
66.66,75928.60029094676
66.67,75932.78938135596
66.68,75933.80533929783
66.69,75936.73874103733
66.7,75942.58776982209
66.71000000000001,75943.44395824157
66.72,75944.87209699581
66.73,75947.09824713225
66.74,75949.90492672316
66.75,75953.23335491096
66.76,75955.03765945882
66.77,75958.81551691888
66.78,75961.07414989032
66.79,75962.9086194254
66.8,75967.92297700612
66.81,75969.1695338965
66.82000000000001,75971.96724765842
66.83,75976.69565899344
66.84,75975.39234730255
66.85,75979.15968061425
66.86,75981.71360138118
66.87,75985.4173328793
66.88,75988.9026532987
66.89,75990.86810441004
66.9,75992.81769443142
66.91,75994.29987542504
66.92,75998.12839038185
66.93,75999.0052994314
66.94,76004.54465571724
66.95,76004.5123725409
66.96000000000001,76009.53740150105
66.97,76011.53108045174
66.98,76014.88584194428
66.99,76016.93362765956
67.0,76019.59575236205
67.01,76022.00421098918
67.02,76024.20700055551
67.03,76027.53488253463
67.04,76028.93232780196
67.05,76034.10892836527
67.06,76035.95195603321
67.07000000000001,76035.77423488186
67.08,76042.11941653938
67.09,76043.19419150882
67.1,76046.16333299375
67.11,76047.45044297191
67.12,76053.67514076334
67.13,76052.67846574055
67.14,76055.43953128294
67.15,76057.77508285227
67.16,76061.11258658915
67.17,76066.81529406687
67.18,76067.74490897509
67.19,76071.55625412204
67.2,76071.43088480418
67.21000000000001,76075.6555685148
67.22,76076.89307764612
67.23,76079.1207447452
67.24,76081.51574757365
67.25,76085.56104143642
67.26,76088.26220042618
67.27,76090.31210570547
67.28,76092.56768461256
67.29,76095.963131722
67.3,76097.55508859754
67.31,76102.53925479138
67.32000000000001,76103.93695681394
67.33,76107.67557784803
67.34,76112.08781201584
67.35,76110.40443261611
67.36,76114.27801602919
67.37,76115.98035498674
67.38,76120.7518149287
67.39,76123.1416850318
67.4,76123.21202054867
67.41,76128.94706415
67.42,76129.46770432362
67.43,76133.2123045834
67.44,76135.22266206337
67.45,76138.65964042541
67.46000000000001,76139.88307886239
67.47,76144.13181049815
67.48,76147.14250030566
67.49,76149.51008904299
67.5,76150.68842138507
67.51,76156.54458129298
67.52,76155.65153432549
67.53,76160.17875893948
67.54,76162.68243111385
67.55,76164.5690525115
67.56,76165.81606157038
67.57000000000001,76168.25744525566
67.58,76172.8089288516
67.59,76175.59717027101
67.6,76177.30842189092
67.61,76181.13990934078
67.62,76184.65018022354
67.63,76184.12380152302
67.64,76189.5522354567
67.65,76190.11752954795
67.66,76192.62929909979
67.67,76197.88531347034
67.68,76199.58436374256
67.69,76201.4892925209
67.7,76205.70278147404
67.71000000000001,76208.20452409417
67.72,76210.90676219683
67.73,76212.90747754599
67.74,76215.52886178094
67.75,76218.12379292604
67.76,76220.66760205066
67.77,76223.36609343812
67.78,76226.3388814697
67.79,76229.28409129784
67.8,76230.46486163416
67.81,76233.41064505508
67.82000000000001,76237.22981296158
67.83,76238.08630909077
67.84,76241.39308772363
67.85,76244.2855509022
67.86,76247.0511661601
67.87,76248.91481756011
67.88,76252.70901070944
67.89,76255.12625066668
67.9,76257.96807123368
67.91,76259.31016611149
67.92,76262.32666330453
67.93,76264.03887795977
67.94,76269.30127552027
67.95,76270.64923389697
67.96000000000001,76271.96797175448
67.97,76277.34599919287
67.98,76280.12255913312
67.99,76282.67726903365
68.0,76282.56827934645
68.01,76287.36429941433
68.02,76291.61996569885
68.03,76291.30626892389
68.04,76294.00078256111
68.05,76296.70242600953
68.06,76299.07420346518
68.07000000000001,76303.0894689475
68.08,76306.04357012034
68.09,76308.05943990516
68.1,76308.35405659578
68.11,76313.90882324186
68.12,76315.80125618268
68.13,76318.45403446254
68.14,76320.12379714477
68.15,76321.9612117875
68.16,76329.54196006994
68.17,76329.52697781664
68.18,76330.29428060929
68.19,76334.43598495441
68.2,76336.68560942131
68.21000000000001,76339.54548234872
68.22,76341.6422876324
68.23,76343.57887911168
68.24,76349.23973270031
68.25,76350.38145649743
68.26,76353.27964481387
68.27,76354.87074299715
68.28,76358.87279752157
68.29,76360.31744836191
68.3,76361.9983774643
68.31,76366.87655956595
68.32000000000001,76368.91422233674
68.33,76371.49027061382
68.34,76374.35460831717
68.35000000000001,76377.80234820975
68.36,76379.10382223148
68.37,76381.06533791026
68.38,76385.43741478559
68.39,76387.10535861173
68.4,76388.97028988386
68.41,76392.90495254468
68.42,76394.3829277414
68.43,76398.22171653467
68.44,76399.99152936065
68.45,76404.72073632096
68.46000000000001,76404.48535336446
68.47,76408.4850667342
68.48,76412.17968463383
68.49,76413.49102160135
68.5,76417.59931589355
68.51,76419.57065548714
68.52,76423.58434451919
68.53,76422.33703037673
68.54,76427.16899081907
68.55,76429.46694590479
68.56,76432.34281844963
68.57000000000001,76434.88493989919
68.58,76436.99322340167
68.59,76441.05450306156
68.60000000000001,76442.87278541584
68.61,76446.15655379581
68.62,76448.63980594606
68.63,76452.3456923758
68.64,76452.44857140232
68.65,76456.00484648228
68.66,76459.9185915957
68.67,76461.59694109089
68.68,76464.66618585157
68.69,76468.15159011641
68.7,76472.29408547154
68.71000000000001,76472.75008134921
68.72,76474.6925247067
68.73,76477.8799470936
68.74,76479.96016889391
68.75,76483.34547338533
68.76,76483.9371203915
68.77,76488.35532972228
68.78,76490.7133197457
68.79,76493.55516056981
68.8,76497.15910884332
68.81,76498.81437215008
68.82000000000001,76502.38204520474
68.83,76504.7401086759
68.84,76506.86324724685
68.85000000000001,76509.8393628842
68.86,76511.78889806225
68.87,76515.23549964563
68.88,76517.785030381
68.89,76521.03889640924
68.9,76520.29543296517
68.91,76526.28329239368
68.92,76526.8057731053
68.93,76529.99409912496
68.94,76532.06409874647
68.95,76536.39021486798
68.96000000000001,76539.13226403191
68.97,76542.30346630492
68.98,76543.83182962955
68.99,76545.44812171442
69.0,76549.25567311319
69.01,76551.75944870914
69.02,76554.88091766939
69.03,76554.35202387485
69.04,76559.24499605049
69.05,76561.33191856823
69.06,76564.65883914525
69.07000000000001,76566.18358744738
69.08,76570.45802821983
69.09,76570.64437373055
69.10000000000001,76574.96865137965
69.11,76577.87332649321
69.12,76580.87914229804
69.13,76584.10095104769
69.14,76587.12373325846
69.15,76589.98835709781
69.16,76590.18008722669
69.17,76592.394666939
69.18,76597.80966587721
69.19,76600.96271252469
69.2,76602.22780165786
69.21000000000001,76605.51793130625
69.22,76608.30452238831
69.23,76610.77174097367
69.24,76610.71789134397
69.25,76612.46091854454
69.26,76618.35566768277
69.27,76621.37185080649
69.28,76623.45646768782
69.29,76625.81840493565
69.3,76627.95780025524
69.31,76630.54328032599
69.32000000000001,76634.14828939817
69.33,76636.45225659972
69.34,76640.14304170125
69.35000000000001,76641.1302254165
69.36,76644.71734885438
69.37,76646.79595694979
69.38,76649.27102581972
69.39,76653.33633878735
69.4,76655.71740762555
69.41,76657.80850829995
69.42,76660.02263830675
69.43,76662.07360270817
69.44,76665.42409941014
69.45,76667.81632604837
69.46000000000001,76671.53956482932
69.47,76674.46684032718
69.48,76673.8107759278
69.49,76679.38923640041
69.5,76682.26977340312
69.51,76684.34530500734
69.52,76686.56828328369
69.53,76690.72420006807
69.54,76692.53946889215
69.55,76695.42700084184
69.56,76696.77260889571
69.57000000000001,76700.86421739566
69.58,76704.11059179083
69.59,76706.74125837022
69.60000000000001,76706.7484524295
69.61,76712.22421582892
69.62,76711.99661130294
69.63,76714.9158628727
69.64,76718.76826334932
69.65,76722.8106723191
69.66,76724.5730129577
69.67,76727.15584380734
69.68,76728.45122775213
69.69,76733.53484945741
69.7,76737.51231447946
69.71000000000001,76737.37465101591
69.72,76739.6448624853
69.73,76742.62477468194
69.74,76746.17077649127
69.75,76747.58703825591
69.76,76750.48855412361
69.77,76755.05202551313
69.78,76758.23961487708
69.79,76758.84664653587
69.8,76758.91934310344
69.81,76763.92634221485
69.82000000000001,76767.7853020615
69.83,76769.59990975828
69.84,76774.36667004938
69.85000000000001,76773.35681863243
69.86,76778.16695695542
69.87,76780.99020883367
69.88,76783.46130365346
69.89,76784.44553390767
69.9,76787.67544193925
69.91,76788.62368651354
69.92,76793.54391007533
69.93,76794.08633241904
69.94,76799.29849912634
69.95,76800.5886177884
69.96000000000001,76805.19394827326
69.97,76805.23102107113
69.98,76809.7500217699
69.99,76809.50692150732
70.0,76816.18248076939
70.01,76817.0852834833
70.02,76819.8764101016
70.03,76820.9947010604
70.04,76827.47677619325
70.05,76826.8777031277
70.06,76830.32178036551
70.07000000000001,76834.32733135635
70.08,76836.41116163782
70.09,76838.5727923107
70.10000000000001,76841.55586639268
70.11,76844.0251021717
70.12,76846.52635108457
70.13,76847.79785464563
70.14,76850.83376897288
70.15,76854.20682395104
70.16,76856.1346195731
70.17,76858.86806400341
70.18,76861.35622801144
70.19,76863.3555147163
70.2,76868.25431286168
70.21000000000001,76870.89709382236
70.22,76874.20603039145
70.23,76875.5936189474
70.24,76878.4204197779
70.25,76881.47232272569
70.26,76885.05239717633
70.27,76887.27939309351
70.28,76888.73648371935
70.29,76892.24104759688
70.3,76894.08354089138
70.31,76896.57311048545
70.32000000000001,76899.23077248958
70.33,76900.62269163191
70.34,76903.91564980098
70.35000000000001,76908.08104974905
70.36,76910.82303726206
70.37,76912.33897382776
70.38,76916.0770822581
70.39,76917.71188415043
70.4,76919.87710063881
70.41,76923.31102230055
70.42,76926.90158656175
70.43,76930.1067743389
70.44,76930.4661274307
70.45,76934.62623936095
70.46000000000001,76936.29743945895
70.47,76939.84303754767
70.48,76942.69715457824
70.49,76944.94707312014
70.5,76948.42782953067
70.51,76946.36260850469
70.52,76952.22141272503
70.53,76955.26588592236
70.54,76957.66060116405
70.55,76958.32216820534
70.56,76961.2726427418
70.57000000000001,76967.03808633392
70.58,76967.76261134449
70.59,76971.8621888625
70.60000000000001,76974.7115288622
70.61,76976.1285905521
70.62,76979.80640430456
70.63,76981.98623965429
70.64,76983.23246611012
70.65,76986.1667698636
70.66,76989.11239511857
70.67,76992.72958602301
70.68,76995.14627033868
70.69,76997.5803551717
70.7,77001.4996739999
70.71000000000001,77004.04179436786
70.72,77006.44173265129
70.73,77010.38458668282
70.74,77010.89718051066
70.75,77014.24147069856
70.76,77018.45928567898
70.77,77018.31278139444
70.78,77019.58769835261
70.79,77023.5700610471
70.8,77026.2382932278
70.81,77029.40657868958
70.82000000000001,77033.15858952263
70.83,77033.29717364979
70.84,77036.48747811237
70.85000000000001,77040.01108364294
70.86,77043.34008254636
70.87,77044.8723302578
70.88,77048.44923819126
70.89,77049.98049923251
70.9,77052.76443302222
70.91,77056.11014478415
70.92,77059.31954741417
70.93,77062.01371876878
70.94,77065.22031038477
70.95,77066.28105403234
70.96000000000001,77070.5368654315
70.97,77072.6618007749
70.98,77074.89084080688
70.99,77076.84122086842
71.0,77080.24733151712
71.01,77082.51679568931
71.02,77085.47667987211
71.03,77089.52944502176
71.04,77092.101723769
71.05,77093.70860622576
71.06,77096.6699988209
71.07000000000001,77096.41128134604
71.08,77102.60954263873
71.09,77103.08590230257
71.10000000000001,77107.72425927798
71.11,77109.65185714696
71.12,77110.56535176525
71.13,77113.57797985563
71.14,77117.15177760347
71.15,77120.20782892764
71.16,77123.18625994491
71.17,77124.13600545314
71.18,77129.18541712809
71.19,77131.40258541824
71.2,77134.16633337877
71.21000000000001,77135.31720198088
71.22,77137.53685303114
71.23,77140.34379315155
71.24,77144.71667010809
71.25,77146.01294304192
71.26,77149.33454055486
71.27,77153.12014358609
71.28,77153.86444731291
71.29,77157.00713562891
71.3,77159.61965284377
71.31,77160.98221244902
71.32000000000001,77164.0394168299
71.33,77167.22582956242
71.34,77171.2478035343
71.35000000000001,77174.66175319965
71.36,77176.48006739658
71.37,77178.80995021248
71.38,77181.40682681424
71.39,77182.71543591842
71.4,77187.60025408691
71.41,77189.99804568953
71.42,77190.17727095471
71.43,77193.99711041628
71.44,77195.62579452887
71.45,77199.28217949616
71.46000000000001,77201.9054505644
71.47,77204.003333846
71.48,77207.50085586809
71.49,77210.67723620767
71.5,77212.82419947226
71.51,77215.78034304323
71.52,77218.54197271426
71.53,77222.31195012022
71.54,77223.33820182888
71.55,77225.4050453887
71.56,77228.06146388418
71.57000000000001,77233.19613154634
71.58,77235.03255795983
71.59,77237.60666615295
71.60000000000001,77240.11817735863
71.61,77240.80721886987
71.62,77243.7871339492
71.63,77248.96301437565
71.64,77249.50082877073
71.65,77253.67540260001
71.66,77256.37930712265
71.67,77258.88362519903
71.68,77261.20413966803
71.69,77262.20415408988
71.7,77264.39332082546
71.71000000000001,77268.38085950103
71.72,77272.36347147186
71.73,77275.05978512061
71.74,77278.08098764298
71.75,77280.1939853932
71.76,77280.90788274366
71.77,77284.24578317076
71.78,77288.58210253858
71.79,77290.49988906356
71.8,77291.51348281126
71.81,77296.05279837908
71.82000000000001,77298.83541834638
71.83,77301.76030753875
71.84,77303.48824667204
71.85000000000001,77305.9342409107
71.86,77309.71469141597
71.87,77312.94068990067
71.88,77314.38966000946
71.89,77316.93030629847
71.9,77318.55989136388
71.91,77322.38505383574
71.92,77325.57760288505
71.93,77328.54097479272
71.94,77329.21206748593
71.95,77333.94351004694
71.96000000000001,77334.95926116242
71.97,77337.15155135129
71.98,77342.35820902171
71.99,77344.41766640398
72.0,77348.39177586787
72.01,77348.19835859188
72.02,77351.7469282872
72.03,77353.29826534101
72.04,77357.81815809698
72.05,77359.78863621643
72.06,77363.47163493809
72.07000000000001,77364.87019534435
72.08,77367.53608156624
72.09,77370.48050677967
72.10000000000001,77372.10246778069
72.11,77374.7451939879
72.12,77378.65795211672
72.13,77381.00322586008
72.14,77383.78996238882
72.15,77385.85608235165
72.16,77390.47044487744
72.17,77390.87484909399
72.18,77393.97636137328
72.19,77398.00186677217
72.2,77399.62714615274
72.21000000000001,77401.17233147414
72.22,77403.26574632803
72.23,77410.1569867317
72.24,77410.56162019435
72.25,77413.80461307704
72.26,77414.79860853218
72.27,77418.48549622347
72.28,77420.99974006003
72.29,77423.68377263316
72.3,77426.81966471538
72.31,77427.57775329483
72.32000000000001,77430.6854796911
72.33,77433.37428650461
72.34,77435.11820621525
72.35000000000001,77438.82229936856
72.36,77442.64270516743
72.37,77445.1911654308
72.38,77447.66377362881
72.39,77449.27611272226
72.4,77453.02297057088
72.41,77454.61266311398
72.42,77457.19885665728
72.43,77462.02369933065
72.44,77463.12839210167
72.45,77465.0515645006
72.46000000000001,77469.66213162194
72.47,77472.10431521665
72.48,77474.03150052151
72.49,77475.18848465153
72.5,77478.79429230872
72.51,77482.79158242824
72.52,77483.23087698559
72.53,77486.5997145183
72.54,77488.44201956295
72.55,77493.25194192704
72.56,77493.96559916034
72.57000000000001,77497.31649904537
72.58,77501.08005061778
72.59,77503.02846274251
72.60000000000001,77506.01315119176
72.61,77508.94662967669
72.62,77511.96232079736
72.63,77513.52360717679
72.64,77518.33025936366
72.65,77520.66929465438
72.66,77522.34639186593
72.67,77524.31759247305
72.68,77525.9512699523
72.69,77531.18459251532
72.7,77531.44782474969
72.71000000000001,77534.28264620682
72.72,77537.01588760232
72.73,77540.25704232398
72.74,77542.81749060837
72.75,77545.48542921226
72.76,77546.74094154773
72.77,77550.97849800099
72.78,77553.86318611148
72.79,77558.09704104468
72.8,77560.59663291251
72.81,77561.56622208086
72.82000000000001,77564.91322737795
72.83,77567.05903002615
72.84,77568.23300427095
72.85000000000001,77573.22400965184
72.86,77574.52703117016
72.87,77579.430013976
72.88,77581.3081055904
72.89,77584.06273449102
72.9,77586.49968460464
72.91,77588.30562951231
72.92,77592.07011313803
72.93,77594.29078680972
72.94,77596.32497292184
72.95,77600.76271868809
72.96000000000001,77603.785170811
72.97,77604.84788858637
72.98,77606.582194302
72.99,77610.0377939403
73.0,77613.54493505352
73.01,77617.30912466886
73.02,77618.14689155329
73.03,77620.10155490336
73.04,77622.17627944902
73.05,77626.79809575812
73.06,77628.27679470045
73.07000000000001,77631.45032566974
73.08,77635.5874283787
73.09,77636.77687025255
73.10000000000001,77639.44009293409
73.11,77640.81221304608
73.12,77645.08500354584
73.13,77647.59048723619
73.14,77648.68057198197
73.15,77653.26863938117
73.16,77656.04190978131
73.17,77656.76171363467
73.18,77659.26440524842
73.19,77662.89361992992
73.2,77665.22867392062
73.21000000000001,77668.84756597762
73.22,77670.62296685518
73.23,77673.20910886502
73.24,77677.31649117649
73.25,77680.31439168335
73.26,77681.55513893996
73.27,77686.2527989604
73.28,77688.58144146617
73.29,77689.4778393504
73.3,77691.08306591412
73.31,77695.69660733716
73.32000000000001,77699.68066311457
73.33,77700.84858567912
73.34,77703.2212335257
73.35000000000001,77705.41025913921
73.36,77709.69165235416
73.37,77712.01670580237
73.38,77714.29501097366
73.39,77716.970666536
73.4,77721.15887047721
73.41,77720.84073460623
73.42,77723.17389514485
73.43,77726.32231842987
73.44,77728.90397919097
73.45,77732.5273850821
73.46000000000001,77734.63228728752
73.47,77738.81292563054
73.48,77738.89333010002
73.49,77744.19778707073
73.5,77744.8474129423
73.51,77747.05562288102
73.52,77751.90518571403
73.53,77754.33266484327
73.54,77755.05849377828
73.55,77757.5065110179
73.56,77762.44566390538
73.57000000000001,77764.60604468075
73.58,77767.13446701698
73.59,77768.53607274387
73.60000000000001,77772.33518333713
73.61,77776.15181952025
73.62,77777.67165193422
73.63,77780.3507183896
73.64,77785.23084105132
73.65,77786.9234517596
73.66,77788.86528013763
73.67,77791.14785513449
73.68,77794.6365566061
73.69,77797.6755559084
73.7,77798.33181075138
73.71000000000001,77801.20766757563
73.72,77806.47830076223
73.73,77807.4710759797
73.74,77809.24513917496
73.75,77814.14444699425
73.76,77814.5410007356
73.77,77818.55883380766
73.78,77821.73662764413
73.79,77824.3193193398
73.8,77826.32150822737
73.81,77828.36439661687
73.82000000000001,77829.95141568508
73.83,77834.8277938677
73.84,77836.41265475626
73.85000000000001,77838.3668371145
73.86,77840.01215017357
73.87,77845.05242885841
73.88,77846.72766480771
73.89,77852.22921360967
73.9,77854.05366427606
73.91,77855.32160146402
73.92,77858.2892695714
73.93,77861.74928935751
73.94,77863.08406715046
73.95,77865.87941644368
73.96000000000001,77867.87086151188
73.97,77869.7422719851
73.98,77873.33641558411
73.99,77877.50615396221
74.0,77878.48077117046
74.01,77882.97508765895
74.02,77884.91947767058
74.03,77887.04508389867
74.04,77892.41097715437
74.05,77891.38785180943
74.06,77894.42741211626
74.07000000000001,77899.8662617071
74.08,77900.93320087648
74.09,77903.58287672796
74.10000000000001,77906.59387029386
74.11,77910.45771490704
74.12,77909.45223247733
74.13,77915.02591235672
74.14,77917.73397345624
74.15,77918.97294810713
74.16,77922.71022283175
74.17,77925.92666996147
74.18,77925.31423037992
74.19,77931.24832351893
74.2,77931.72957548682
74.21000000000001,77937.07872496198
74.22,77938.6922512351
74.23,77941.8219832618
74.24,77944.65639055971
74.25,77948.126460544
74.26,77948.28171310617
74.27,77951.7195067559
74.28,77954.84321351169
74.29,77956.7294998896
74.3,77959.49336041023
74.31,77961.43334601926
74.32000000000001,77964.84935856819
74.33,77968.31304727717
74.34,77970.0618989333
74.35000000000001,77972.33121720837
74.36,77975.82673771922
74.37,77980.75123882674
74.38,77979.58024505862
74.39,77985.66337789994
74.4,77986.91131730475
74.41,77988.89843328614
74.42,77991.19586832785
74.43,77994.21372328888
74.44,77996.96151292701
74.45,78000.3510486495
74.46000000000001,78004.89829206117
74.47,78005.67550418305
74.48,78006.53418832243
74.49,78010.17758131637
74.5,78012.79093287929
74.51,78016.90630028995
74.52,78019.42121791201
74.53,78020.49051162218
74.54,78024.41567731377
74.55,78027.04237739209
74.56,78029.03620097699
74.57000000000001,78032.46392337086
74.58,78034.31168357265
74.59,78033.74545560255
74.60000000000001,78040.72649465727
74.61,78041.92485483088
74.62,78043.92374422173
74.63,78044.86034782117
74.64,78051.44564104194
74.65,78051.00634253987
74.66,78056.9464215948
74.67,78059.72567506837
74.68,78062.92394354213
74.69,78064.03924436201
74.7,78065.86338532048
74.71000000000001,78070.39750079255
74.72,78071.82407610244
74.73,78074.49332591506
74.74,78077.93647390553
74.75,78078.49732321735
74.76,78083.83574131744
74.77,78085.30569371063
74.78,78088.45377828942
74.79,78090.4841390579
74.8,78093.84241449588
74.81,78097.40336540248
74.82000000000001,78098.99597993337
74.83,78103.33668005682
74.84,78103.7959986319
74.85000000000001,78106.29938633596
74.86,78109.2900665137
74.87,78111.34772174053
74.88,78113.86320701223
74.89,78119.55794945729
74.9,78121.24980173
74.91,78124.22858559433
74.92,78126.24968361892
74.93,78126.94853893337
74.94,78130.71552582258
74.95,78134.67342267573
74.96000000000001,78137.14763592136
74.97,78139.65894327118
74.98,78141.87759977324
74.99,78144.1269823511
75.0,78146.9010414026
75.01,78148.86064974962
75.02,78153.73725541355
75.03,78154.23533629219
75.04,78156.57591976906
75.05,78161.94190483495
75.06,78163.51670268326
75.07000000000001,78167.04354161174
75.08,78168.1464601421
75.09,78170.95110180348
75.10000000000001,78173.02199576024
75.11,78178.24196526021
75.12,78178.44546729382
75.13,78181.33870830605
75.14,78185.55923224209
75.15,78186.17695342655
75.16,78189.48124721165
75.17,78193.03161189548
75.18,78196.75727614516
75.19,78197.6189823587
75.2,78197.9138026348
75.21000000000001,78204.55408486298
75.22,78205.20830078615
75.23,78206.354263038
75.24,78211.20148773747
75.25,78212.82275886378
75.26,78217.04914131101
75.27,78217.18011913254
75.28,78220.48493645102
75.29,78223.68576181034
75.3,78226.00771578412
75.31,78229.72585732967
75.32000000000001,78232.18670058389
75.33,78235.17937532511
75.34,78236.70402748289
75.35000000000001,78241.25521590815
75.36,78243.41526031954
75.37,78247.43502217738
75.38,78247.83346599428
75.39,78250.94364575733
75.4,78253.99998967427
75.41,78255.56388217199
75.42,78260.6199718494
75.43,78262.02094265223
75.44,78263.2597276168
75.45,78269.51428957071
75.46000000000001,78269.68241884487
75.47,78272.44519405006
75.48,78273.80642125005
75.49,78277.47211499939
75.5,78280.39452744687
75.51,78281.33594346051
75.52,78285.56498749035
75.53,78285.83224092363
75.54,78289.9090921239
75.55,78294.0503417282
75.56,78296.92296857604
75.57000000000001,78298.64189192835
75.58,78300.50075250058
75.59,78305.6351787522
75.60000000000001,78308.67285479396
75.61,78308.84740176103
75.62,78311.1447378109
75.63,78315.34123469653
75.64,78316.95217367541
75.65,78320.53115396401
75.66,78322.41255246208
75.67,78325.55813099626
75.68,78329.49032181072
75.69,78330.91567511382
75.7,78334.18974976467
75.71000000000001,78337.73056931193
75.72,78340.25401973909
75.73,78342.0826161013
75.74,78343.3430362831
75.75,78346.94474969513
75.76,78350.15016025549
75.77,78353.7824200199
75.78,78356.9587606779
75.79,78356.99987156803
75.8,78362.55910854622
75.81,78362.37948601758
75.82000000000001,78366.25663499569
75.83,78369.59731390626
75.84,78371.54638541672
75.85000000000001,78376.83665562682
75.86,78376.70856442199
75.87,78378.2622528511
75.88,78382.73943176742
75.89,78385.26884074423
75.9,78386.9640482824
75.91,78390.74320085684
75.92,78392.8345822097
75.93,78394.46491833305
75.94,78398.74189737378
75.95,78401.24508395852
75.96000000000001,78404.18078460307
75.97,78406.56098841348
75.98,78411.22518290457
75.99,78410.49381936372
76.0,78414.21119186423
76.01,78416.8921571363
76.02,78422.12941660796
76.03,78423.04942811234
76.04,78423.51956325615
76.05,78427.2386769934
76.06,78430.56866061587
76.07000000000001,78434.4018438642
76.08,78436.14871234914
76.09,78438.47033640776
76.10000000000001,78441.42181167276
76.11,78443.33995344119
76.12,78444.65287582477
76.13,78446.93509994855
76.14,78451.70460688624
76.15,78453.25587050768
76.16,78456.37720005003
76.17,78460.67723681981
76.18,78462.36471903653
76.19,78463.35243111655
76.2,78467.17548544226
76.21000000000001,78471.26054912522
76.22,78473.36906734481
76.23,78476.06225604571
76.24,78479.55165968357
76.25,78481.58362173206
76.26,78484.60843202015
76.27,78485.85984891737
76.28,78489.28324318922
76.29,78492.7143205308
76.3,78495.7468660949
76.31,78498.6185996805
76.32000000000001,78499.60228916086
76.33,78501.83544953664
76.34,78505.93709708608
76.35000000000001,78508.79718255365
76.36,78511.35803052288
76.37,78512.11095494806
76.38,78516.65526873175
76.39,78518.74223878206
76.4,78520.97627530828
76.41,78523.36824650192
76.42,78527.54170764658
76.43,78528.62673966895
76.44,78531.3930665693
76.45,78534.78350838913
76.46000000000001,78538.06905197757
76.47,78541.46066456873
76.48,78543.49096755052
76.49,78545.04118806799
76.5,78547.98574475269
76.51,78552.30485144551
76.52,78553.1107719929
76.53,78556.96429185069
76.54,78560.82575161848
76.55,78561.85138974128
76.56,78565.28002524363
76.57000000000001,78568.37339492013
76.58,78570.54247548252
76.59,78572.93078282602
76.60000000000001,78575.54257783362
76.61,78578.55088984675
76.62,78581.18457959032
76.63,78581.72960201741
76.64,78584.5130122783
76.65,78587.1705164853
76.66,78591.38533557083
76.67,78594.28664352227
76.68,78597.76474224022
76.69,78598.27485339453
76.7,78603.0584591525
76.71000000000001,78604.83605127047
76.72,78608.92083402128
76.73,78611.59692258562
76.74,78611.21400842948
76.75,78614.95218263223
76.76,78618.72257066672
76.77,78620.26680585853
76.78,78623.3895371187
76.79,78626.885898607
76.8,78629.0950823453
76.81,78633.54506368624
76.82000000000001,78633.36248656156
76.83,78637.02115270073
76.84,78638.66211488392
76.85000000000001,78642.01021444384
76.86,78647.13540972302
76.87,78647.00842293468
76.88,78650.2721754728
76.89,78653.10326261914
76.9,78655.12039665875
76.91,78659.0641890764
76.92,78659.39664819818
76.93,78663.77230083082
76.94,78667.45921170332
76.95,78668.44500348657
76.96000000000001,78669.26275111048
76.97,78674.80737124449
76.98,78678.93715442362
76.99,78679.57127877057
77.0,78683.46468838569
77.01,78684.04479328338
77.02,78686.3304801545
77.03,78691.83747557468
77.04,78693.8047192406
77.05,78696.07768484678
77.06,78699.30523914096
77.07000000000001,78700.30151898038
77.08,78705.98649133247
77.09,78706.94229898696
77.10000000000001,78708.35662793738
77.11,78714.80459170073
77.12,78715.08725879209
77.13,78716.31199968458
77.14,78720.99966679938
77.15,78720.96821420803
77.16,78724.70265929827
77.17,78727.64680247333
77.18,78730.53500191253
77.19,78734.57637381673
77.2,78736.53716040832
77.21000000000001,78737.25466825538
77.22,78740.84197517525
77.23,78743.30426485508
77.24,78745.88961157024
77.25,78749.69733420282
77.26,78751.93478279508
77.27,78755.16137799331
77.28,78756.30799030044
77.29,78759.57626597944
77.3,78762.5505884792
77.31,78764.52997485387
77.32000000000001,78768.50395756484
77.33,78769.73930280993
77.34,78773.28543205395
77.35000000000001,78775.9882635289
77.36,78777.06018791735
77.37,78781.42249372702
77.38,78784.02501170714
77.39,78787.38667003006
77.4,78789.40408048448
77.41,78790.82161545027
77.42,78795.45944325687
77.43,78796.38536457885
77.44,78800.74660918156
77.45,78803.67245205544
77.46000000000001,78804.51186092343
77.47,78807.89742417083
77.48,78810.57332374061
77.49,78815.16301141848
77.5,78815.3624573092
77.51,78817.73216545802
77.52,78821.56765264149
77.53,78824.59801452683
77.54,78827.14438316617
77.55,78830.26587750322
77.56,78831.92456441172
77.57000000000001,78833.62684768155
77.58,78836.35529040538
77.59,78840.84772338487
77.60000000000001,78842.54260728082
77.61,78847.50837454389
77.62,78849.42480003017
77.63,78851.68241418523
77.64,78854.48960259926
77.65,78858.84264400403
77.66,78860.12260774408
77.67,78860.71769071222
77.68,78864.4194072196
77.69,78866.36525462191
77.7,78870.59494255889
77.71000000000001,78872.54401077297
77.72,78875.88332848865
77.73,78879.03475854888
77.74,78880.46582701491
77.75,78884.07883362274
77.76,78886.76148034904
77.77,78889.06418480088
77.78,78891.51118500698
77.79,78893.49732573814
77.8,78896.76767580988
77.81,78900.09444034449
77.82000000000001,78900.81703911256
77.83,78906.67290520367
77.84,78907.2372243719
77.85000000000001,78909.99311366337
77.86,78913.2655989137
77.87,78915.8197996272
77.88,78917.27854239455
77.89,78921.68271027385
77.9,78923.02722661049
77.91,78926.3531506561
77.92,78927.23594377199
77.93,78931.33730452183
77.94,78933.74021625512
77.95,78937.53577656017
77.96000000000001,78940.20270111955
77.97,78941.83652976692
77.98,78944.75118218338
77.99,78947.89616174855
78.0,78949.0253809333
78.01,78952.9360239961
78.02,78955.2823629661
78.03,78958.5414834823
78.04,78960.52579672105
78.05,78963.99974581285
78.06,78966.3995376571
78.07000000000001,78969.56473491302
78.08,78970.88265185968
78.09,78975.56646366123
78.10000000000001,78978.26867988812
78.11,78979.21247039625
78.12,78981.98928566037
78.13,78984.96018015673
78.14,78988.91056272536
78.15,78990.22654911233
78.16,78994.10975019677
78.17,78996.24314318497
78.18,78998.51455278374
78.19,79003.8728692069
78.2,79004.07225699525
78.21000000000001,79007.94679390942
78.22,79010.0814516109
78.23,79013.6506461403
78.24,79014.15294457442
78.25,79017.97978202203
78.26,79017.38535999852
78.27,79023.43813241654
78.28,79024.98184754179
78.29,79025.95952335733
78.3,79030.52462323585
78.31,79032.90350797446
78.32000000000001,79038.24864935767
78.33,79038.67678438072
78.34,79041.53589609738
78.35000000000001,79045.3264724411
78.36,79047.15528349967
78.37,79049.9168326402
78.38,79053.97442966313
78.39,79054.63497256886
78.4,79056.1178687092
78.41,79060.04945661317
78.42,79064.71669888195
78.43,79066.6212868547
78.44,79066.50415805422
78.45,79072.8138172121
78.46000000000001,79075.71475668771
78.47,79077.06693628884
78.48,79079.51895620902
78.49,79083.69633543395
78.5,79085.1953777065
78.51,79086.47646295912
78.52,79089.29989357635
78.53,79093.29003543397
78.54,79095.44781956208
78.55,79099.06489616145
78.56,79104.56122493243
78.57000000000001,79102.28705479982
78.58,79106.85896006548
78.59,79109.08340647745
78.60000000000001,79112.45910692577
78.61,79113.8334511754
78.62,79118.87052454302
78.63,79121.09959301139
78.64,79122.17454838674
78.65,79125.0083717392
78.66,79127.73468302612
78.67,79130.74278668124
78.68,79132.4854657574
78.69,79137.15205381528
78.7,79138.40606596535
78.71000000000001,79141.0880792544
78.72,79143.07911233332
78.73,79146.32892059333
78.74,79149.43238745368
78.75,79151.3936836719
78.76,79154.24362967168
78.77,79158.13564210039
78.78,79159.64471271768
78.79,79163.71920093482
78.8,79166.70664758453
78.81,79168.08464558051
78.82000000000001,79171.7451970401
78.83,79175.82376920717
78.84,79177.25723925146
78.85000000000001,79178.3176001456
78.86,79183.12361836531
78.87,79183.73106434406
78.88,79186.50893166962
78.89,79188.99385992617
78.9,79192.5602603584
78.91,79195.27892611166
78.92,79197.82452868424
78.93,79199.88388254608
78.94,79204.21408167129
78.95,79205.71238225738
78.96000000000001,79208.41024425217
78.97,79211.2368121996
78.98,79213.22467027493
78.99,79216.26336304678
79.0,79219.04096221432
79.01,79219.89877887064
79.02,79224.28105771124
79.03,79225.92041815097
79.04,79229.1020263173
79.05,79232.7309044164
79.06,79234.86337946546
79.07000000000001,79236.68125006284
79.08,79238.55471576432
79.09,79244.4818814466
79.10000000000001,79247.63003091075
79.11,79249.01441305301
79.12,79252.38608202372
79.13,79253.45925099563
79.14,79254.9499065226
79.15,79259.40817349538
79.16,79262.82598260694
79.17,79262.55672538783
79.18,79263.9579706752
79.19,79270.2121039348
79.2,79273.88346667124
79.21000000000001,79276.11244767418
79.22,79277.30364028882
79.23,79282.50997777049
79.24,79281.78488630454
79.25,79285.89069766113
79.26,79289.69076405527
79.27,79291.38916671324
79.28,79295.62211833432
79.29,79297.73926665203
79.3,79299.4604602358
79.31,79302.87362293527
79.32000000000001,79306.01027703617
79.33,79308.65774566623
79.34,79311.31060214514
79.35000000000001,79311.98866143389
79.36,79315.92433359091
79.37,79318.13189654483
79.38,79322.4042829285
79.39,79323.57048407833
79.4,79327.55214704174
79.41,79329.37804585868
79.42,79331.45041188011
79.43,79334.60118507683
79.44,79336.3377344486
79.45,79341.25424771786
79.46000000000001,79342.82250430749
79.47,79345.5032565713
79.48,79347.88026108668
79.49,79350.03375429074
79.5,79353.12142243345
79.51,79358.11938576249
79.52,79356.98997680192
79.53,79363.2603392794
79.54,79365.16630009923
79.55,79366.50320506844
79.56,79369.26801780701
79.57000000000001,79371.21602563358
79.58,79376.58201509251
79.59,79378.15929527709
79.60000000000001,79381.11439129419
79.61,79382.07318138148
79.62,79383.9301916283
79.63,79387.03982279201
79.64,79391.8138756614
79.65,79394.77042156357
79.66,79396.66626027352
79.67,79399.86477535465
79.68,79401.83236015808
79.69,79402.40434020555
79.7,79406.71745410055
79.71000000000001,79410.24905924381
79.72,79411.82700998626
79.73,79416.55196998894
79.74,79417.29154491014
79.75,79420.44037861684
79.76,79424.41550320789
79.77,79426.34387550528
79.78,79429.42169820279
79.79,79431.61930124115
79.8,79432.73206079754
79.81,79436.63191584134
79.82000000000001,79439.70243359421
79.83,79442.17796161424
79.84,79445.5197655042
79.85000000000001,79448.14396927229
79.86,79451.26501792748
79.87,79451.80215979264
79.88,79455.95077330194
79.89,79460.38657387313
79.9,79461.49182064936
79.91,79464.44120217854
79.92,79465.74439211494
79.93,79467.12609899911
79.94,79472.37044084338
79.95,79475.09142651569
79.96000000000001,79476.71075794139
79.97,79480.2260725511
79.98,79482.49949399958
79.99,79484.02352409918
80.0,79489.25578725994
80.01,79489.51069643791
80.02,79493.29510407898
80.03,79496.88532956457
80.04,79498.67751440078
80.05,79501.1177897707
80.06,79503.58573002691
80.07000000000001,79508.67273016606
80.08,79509.57344041752
80.09,79512.38350053529
80.10000000000001,79513.25570576658
80.11,79517.58596935593
80.12,79520.18673472093
80.13,79522.24060557678
80.14,79526.30937347446
80.15,79529.08595646768
80.16,79531.1820738715
80.17,79534.66080583862
80.18,79535.36086371467
80.19,79539.33231929949
80.2,79542.34783787685
80.21000000000001,79544.62507497234
80.22,79546.87466660849
80.23,79549.88726406042
80.24,79552.81331408858
80.25,79554.73555908317
80.26,79555.81785022531
80.27,79560.43640121646
80.28,79562.22162614047
80.29,79564.47609496256
80.3,79569.67919131726
80.31,79572.2528586057
80.32000000000001,79573.06189594373
80.33,79576.4221894677
80.34,79577.9059765052
80.35000000000001,79580.124167898
80.36,79585.17749758494
80.37,79586.43125268031
80.38,79591.21555839987
80.39,79592.5609392435
80.4,79595.97312738856
80.41,79599.15672402312
80.42,79600.71638186715
80.43,79604.80323007092
80.44,79607.10978950707
80.45,79610.05787707413
80.46000000000001,79610.62331850873
80.47,79614.78703594212
80.48,79617.68797655759
80.49,79619.70107603096
80.5,79622.26503201103
80.51,79625.08026525589
80.52,79627.24685101237
80.53,79630.8862935619
80.54,79633.90728762824
80.55,79636.6690806947
80.56,79638.3410523103
80.57000000000001,79643.5512481172
80.58,79642.87407501564
80.59,79647.89034933977
80.60000000000001,79648.76493410846
80.61,79653.1361051188
80.62,79654.32600579222
80.63,79658.87506584746
80.64,79659.90554946018
80.65,79662.93907939053
80.66,79666.92981468367
80.67,79668.6331290072
80.68,79670.6553760001
80.69,79672.15217501901
80.7,79677.64764547785
80.71000000000001,79679.58354149474
80.72,79681.53031474937
80.73,79685.68976160017
80.74,79686.43111695838
80.75,79689.28974114479
80.76,79692.64075120908
80.77,79697.14977465842
80.78,79697.88389631643
80.79,79700.52645600484
80.8,79703.35814858343
80.81,79705.7995921686
80.82000000000001,79707.47972804772
80.83,79712.26773055684
80.84,79712.36479815556
80.85000000000001,79716.84088262236
80.86,79720.02567733277
80.87,79721.52519510986
80.88,79725.12722441007
80.89,79728.5040858611
80.9,79731.00724989513
80.91,79731.96646501844
80.92,79734.82298292298
80.93,79737.72346886795
80.94,79739.64309459332
80.95,79743.07499670067
80.96000000000001,79746.11116696108
80.97,79749.597281915
80.98,79749.77012769616
80.99,79753.53931325045
81.0,79756.5046493093
81.01,79760.49432379023
81.02,79762.46844137923
81.03,79765.97607263835
81.04,79767.33904168135
81.05,79769.49326180868
81.06,79774.98952592807
81.07000000000001,79775.55627036268
81.08,79779.65729182148
81.09,79781.14216723837
81.10000000000001,79783.23212931692
81.11,79787.29012361814
81.12,79790.85071554671
81.13,79793.34409367373
81.14,79795.24539753584
81.15,79797.4411344894
81.16,79799.56011874683
81.17,79803.55400925768
81.18,79807.26580077564
81.19,79809.25590811772
81.2,79810.8658726804
81.21000000000001,79813.63984926579
81.22,79817.48303227303
81.23,79820.83541140008
81.24,79821.90996317234
81.25,79823.61898046108
81.26,79828.15772596373
81.27,79831.30149155909
81.28,79833.93142365984
81.29,79835.71183597078
81.3,79838.52103530416
81.31,79840.2323701757
81.32000000000001,79843.79226619784
81.33,79847.62091426323
81.34,79849.24336519364
81.35000000000001,79850.85616519695
81.36,79855.80549923328
81.37,79858.44016615409
81.38,79860.91775756143
81.39,79862.48451573633
81.4,79864.56173874262
81.41,79866.35847289268
81.42,79871.28314258748
81.43,79873.53553016539
81.44,79875.68153375821
81.45,79877.24826005449
81.46000000000001,79879.2848899418
81.47,79883.5139991614
81.48,79887.10718756131
81.49,79889.21077775155
81.5,79892.32928884734
81.51,79895.88391978113
81.52,79897.39780857117
81.53,79899.49241398329
81.54,79903.13904285744
81.55,79907.3878195913
81.56,79907.41841348389
81.57000000000001,79911.5217668814
81.58,79912.80649009791
81.59,79916.72551203455
81.60000000000001,79917.73235003906
81.61,79922.21306660719
81.62,79925.13554361083
81.63,79928.67813365003
81.64,79929.53745124345
81.65,79932.88531675957
81.66,79936.22379969154
81.67,79938.97826873857
81.68,79939.38708350723
81.69,79943.83769892946
81.7,79947.20888336067
81.71000000000001,79949.02385617413
81.72,79950.55870534926
81.73,79954.46838065395
81.74,79956.44671402182
81.75,79959.82857634965
81.76,79961.10895891402
81.77,79966.54582425284
81.78,79967.84218080889
81.79,79970.19638828906
81.8,79971.86148664066
81.81,79976.89626815871
81.82000000000001,79978.16661076574
81.83,79980.56902751556
81.84,79983.31910737058
81.85000000000001,79986.49497350716
81.86,79988.43977132897
81.87,79990.26304300882
81.88,79995.18355212294
81.89,79995.55514304283
81.9,79999.30815987589
81.91,80003.67296883422
81.92,80006.52838890567
81.93,80006.68796179738
81.94,80010.01407450227
81.95,80012.76059497231
81.96000000000001,80015.62893717058
81.97,80017.56172009377
81.98,80023.19034825037
81.99,80023.81893607906
82.0,80027.2265152325
82.01,80029.50550241485
82.02,80031.74499647213
82.03,80038.41531579591
82.04,80037.9636866678
82.05,80041.70396151245
82.06,80044.99196817257
82.07000000000001,80047.79634892564
82.08,80049.67999747145
82.09,80051.33136885495
82.10000000000001,80055.07210105595
82.11,80057.18255622472
82.12,80058.5045061953
82.13,80061.89314052557
82.14,80064.68046235814
82.15,80067.34803139501
82.16,80070.68222705208
82.17,80071.49667576546
82.18,80075.42681894032
82.19,80078.53980901802
82.2,80081.5655732026
82.21000000000001,80082.5840014337
82.22,80086.92865062176
82.23,80088.77026923349
82.24,80090.41269080415
82.25,80091.90594888394
82.26,80097.20823572448
82.27,80099.26610011127
82.28,80103.5103482795
82.29,80104.80481831201
82.3,80110.2546181712
82.31,80111.85787486937
82.32000000000001,80111.17714290945
82.33,80116.08643065412
82.34,80118.6459693056
82.35000000000001,80120.73391171827
82.36,80123.93787014476
82.37,80126.17781998002
82.38,80129.41961131408
82.39,80130.69280825541
82.4,80135.68008871384
82.41,80137.09299654503
82.42,80141.06045565549
82.43,80142.28378900624
82.44,80145.81933806524
82.45,80148.47048818016
82.46000000000001,80151.37539315467
82.47,80154.65619579153
82.48,80157.11088536594
82.49,80160.03426904081
82.5,80162.8131115967
82.51,80164.3737000374
82.52,80166.53428147163
82.53,80172.31987740076
82.54,80170.03682579304
82.55,80175.3387109958
82.56,80176.82284087673
82.57000000000001,80180.50622615975
82.58,80184.76345198877
82.59,80188.03966225515
82.60000000000001,80190.64625381993
82.61,80190.20070995617
82.62,80192.06128773645
82.63,80194.72677180929
82.64,80199.40777605546
82.65,80203.08583529721
82.66,80205.41915168315
82.67,80207.10792796151
82.68,80210.83417564133
82.69,80214.28766590299
82.7,80214.69587313688
82.71000000000001,80219.21073333676
82.72,80221.634770388
82.73,80224.94970556787
82.74,80225.07416146253
82.75,80230.41460492983
82.76,80231.54839519742
82.77,80234.71567948879
82.78,80235.95944330448
82.79,80239.24566354562
82.8,80242.19521958861
82.81,80246.92866555555
82.82000000000001,80247.14297148511
82.83,80252.37365461412
82.84,80252.35967221261
82.85000000000001,80256.98981691335
82.86,80260.69967989861
82.87,80261.8115799262
82.88,80265.0096658076
82.89,80268.80399178421
82.9,80270.23395106707
82.91,80274.14312821392
82.92,80275.30892396583
82.93,80278.13610423998
82.94,80278.98268970803
82.95,80283.9891941695
82.96000000000001,80285.17650368105
82.97,80288.21497711692
82.98,80291.32603352661
82.99,80294.73525851066
83.0,80296.39228616156
83.01,80299.32311888176
83.02,80302.49781590216
83.03,80304.57931429276
83.04,80306.37346328227
83.05,80310.94861151076
83.06,80311.79889645833
83.07000000000001,80316.50408813721
83.08,80317.57675058022
83.09,80321.35794448969
83.10000000000001,80324.15682791574
83.11,80327.73963728237
83.12,80328.72417198992
83.13,80332.02358808195
83.14,80333.8506578008
83.15,80337.04437139537
83.16,80341.59529139451
83.17,80343.91078536434
83.18,80345.822250191
83.19,80347.62505344489
83.2,80350.80859334512
83.21000000000001,80354.1037713293
83.22,80355.09744378277
83.23,80358.98032655726
83.24,80361.71272319995
83.25,80364.53340343626
83.26,80366.83395950584
83.27,80369.72308911131
83.28,80373.01812231302
83.29,80376.12735507646
83.3,80378.20991379519
83.31,80381.9761726379
83.32000000000001,80383.61299357239
83.33,80385.07791064537
83.34,80388.52033119205
83.35000000000001,80389.55037560556
83.36,80392.9804568289
83.37,80398.19581768
83.38,80398.5520986169
83.39,80401.79427190298
83.4,80406.40819809964
83.41,80409.14030288803
83.42,80410.85804914366
83.43,80413.55914993495
83.44,80416.15561563996
83.45,80418.66183098676
83.46000000000001,80422.38888532604
83.47,80423.66674333673
83.48,80426.65134516488
83.49,80429.35645871557
83.5,80432.35821456241
83.51,80433.76080206649
83.52,80439.49059029571
83.53,80438.40794438332
83.54,80443.87456405419
83.55,80445.31003577965
83.56,80449.03138444589
83.57000000000001,80451.63853108487
83.58,80453.23615282115
83.59,80457.00565764627
83.60000000000001,80458.70087636699
83.61,80460.70742053086
83.62,80464.8879990858
83.63,80467.77878582351
83.64,80469.77140411812
83.65,80472.62369926009
83.66,80476.16778694067
83.67,80477.88303239594
83.68,80480.73980716021
83.69,80483.14316053512
83.7,80483.7918808001
83.71000000000001,80487.43502781873
83.72,80490.41640896516
83.73,80495.36338020492
83.74,80495.7566618984
83.75,80499.07223607764
83.76,80503.14442691019
83.77,80505.0666557981
83.78,80507.11663699838
83.79,80509.24547993304
83.8,80510.93996401409
83.81,80516.3716565964
83.82000000000001,80518.77507247102
83.83,80521.43626797672
83.84,80524.9591823024
83.85000000000001,80527.7873857786
83.86,80528.90139014178
83.87,80532.15723576574
83.88,80534.57224184817
83.89,80537.2103440132
83.9,80541.13787808667
83.91,80541.6884221873
83.92,80546.3421474498
83.93,80547.70748917709
83.94,80552.11042394592
83.95,80554.40179620711
83.96000000000001,80556.90777901393
83.97,80559.50720789436
83.98,80562.38857695836
83.99,80565.5059177544
84.0,80567.83102174467
84.01,80570.8970110862
84.02,80572.06609156914
84.03,80576.26531803829
84.04,80578.2411557017
84.05,80579.24937856494
84.06,80582.45653342531
84.07000000000001,80587.21299199086
84.08,80590.60712714885
84.09,80591.98135345874
84.10000000000001,80595.8573977796
84.11,80597.53331794059
84.12,80600.8207337454
84.13,80602.68644733212
84.14,80605.19136408201
84.15,80608.9162790983
84.16,80611.03018905762
84.17,80613.70799698653
84.18,80616.49498268143
84.19,80619.68714282707
84.2,80622.18583490275
84.21000000000001,80624.89788801184
84.22,80627.51122188466
84.23,80629.91731911279
84.24,80631.93015765405
84.25,80634.12467317207
84.26,80635.81027582746
84.27,80640.29553891685
84.28,80643.6586339395
84.29,80645.4783515673
84.3,80650.11738317108
84.31,80650.38827965545
84.32000000000001,80654.91009622737
84.33,80656.86864807096
84.34,80658.00172129327
84.35000000000001,80662.37979453955
84.36,80666.81731607173
84.37,80667.52922752796
84.38,80671.09432133743
84.39,80671.7653975874
84.4,80675.99013199777
84.41,80678.91921802986
84.42,80681.66780770259
84.43,80683.67707734073
84.44,80684.60460349717
84.45,80686.92439474832
84.46000000000001,80692.95618460892
84.47,80695.6247781827
84.48,80695.19298571727
84.49,80700.92680888376
84.5,80702.48907799264
84.51,80705.2687117296
84.52,80707.93095330856
84.53,80709.87017036753
84.54,80715.06064966405
84.55,80716.04724238708
84.56,80718.70479914804
84.57000000000001,80721.96573513646
84.58,80723.14914054947
84.59,80725.89368140686
84.60000000000001,80728.78346299478
84.61,80732.10595345956
84.62,80735.7807520008
84.63,80735.74006422353
84.64,80740.79499462506
84.65,80743.94868505928
84.66,80747.39363993339
84.67,80747.09118981751
84.68,80750.8255532184
84.69,80754.19557698736
84.7,80756.8304215757
84.71000000000001,80758.97881098506
84.72,80762.11030733936
84.73,80763.13665546835
84.74,80768.93637076633
84.75,80770.16414231804
84.76,80773.50691934612
84.77,80774.65857424743
84.78,80779.05729444949
84.79,80782.46346731223
84.8,80785.63383564472
84.81,80785.23181162997
84.82000000000001,80788.78897126706
84.83,80792.0076889991
84.84,80794.55417274732
84.85000000000001,80795.95770907842
84.86,80800.8465014177
84.87,80801.38170858385
84.88,80806.10659641743
84.89,80807.54608961474
84.9,80809.1349863573
84.91,80813.30320614488
84.92,80816.52557600194
84.93,80818.4587546485
84.94,80822.1532895239
84.95,80824.95574707138
84.96000000000001,80825.70615062943
84.97,80829.9965522409
84.98,80830.69277008122
84.99,80834.73090176833
85.0,80839.13264192535
85.01,80839.35083726041
85.02,80844.54002997691
85.03,80846.57127544095
85.04,80850.45148553769
85.05,80851.3092639952
85.06,80855.87813486802
85.07000000000001,80857.89290932896
85.08,80859.90589903721
85.09,80862.88342805645
85.10000000000001,80864.37640411138
85.11,80866.57684255898
85.12,80870.93404510352
85.13,80872.18085065836
85.14,80877.11999012798
85.15,80880.1343499943
85.16,80881.67779979168
85.17,80883.20555026617
85.18,80885.5351547011
85.19,80889.30309903891
85.2,80893.25104738929
85.21000000000001,80893.02402662527
85.22,80897.19572663095
85.23,80901.09820050612
85.24,80901.34800165672
85.25,80906.44960938883
85.26,80910.84309513001
85.27,80909.27761921873
85.28,80913.06738503015
85.29,80915.45683770324
85.3,80919.5572309445
85.31,80922.481466985
85.32000000000001,80925.01180239364
85.33,80927.14056369996
85.34,80930.45261879162
85.35000000000001,80933.34488957677
85.36,80936.08717691262
85.37,80937.03391330143
85.38,80942.52182518055
85.39,80942.92789037668
85.4,80946.10459630372
85.41,80949.47401557096
85.42,80950.82076827298
85.43,80953.03182259286
85.44,80957.14564543804
85.45,80960.19607472418
85.46000000000001,80963.01525352015
85.47,80964.95996986271
85.48,80968.04436025908
85.49,80970.49537694787
85.5,80974.60355048113
85.51,80975.59271351485
85.52,80979.91013201486
85.53,80981.51591111338
85.54,80983.45790753023
85.55,80986.83977580757
85.56,80990.3737335356
85.57000000000001,80994.12888470148
85.58,80994.39225885636
85.59,80997.23628744812
85.60000000000001,80999.19065222723
85.61,81004.22077365576
85.62,81004.55161642046
85.63,81008.1232473184
85.64,81011.9840607831
85.65,81013.67243103174
85.66,81015.01608416723
85.67,81019.4615075661
85.68,81021.851903475
85.69,81025.06610766781
85.7,81027.11957251119
85.71000000000001,81030.74499350783
85.72,81030.7716815317
85.73,81034.63649652184
85.74,81039.57129943684
85.75,81041.72894025875
85.76,81043.44894991849
85.77,81046.15579571629
85.78,81051.32900541628
85.79,81052.02948544291
85.8,81055.41995520801
85.81,81056.19734415815
85.82000000000001,81059.30830363475
85.83,81063.38078953253
85.84,81064.04702257848
85.85000000000001,81067.71565742325
85.86,81072.48745821243
85.87,81073.97539679348
85.88,81076.28432743548
85.89,81080.20583441999
85.9,81082.37145100343
85.91,81083.96484073644
85.92,81087.11160690412
85.93,81091.83788177282
85.94,81092.74838177625
85.95,81095.3438501512
85.96000000000001,81099.88008047783
85.97,81100.46525988895
85.98,81104.76573706261
85.99,81107.01250978377
86.0,81108.82669562132
86.01,81110.68421577965
86.02,81115.09656979365
86.03,81115.72499159232
86.04,81119.97672904102
86.05,81123.07892905828
86.06,81125.00783039631
86.07000000000001,81129.22730805837
86.08,81130.867273158
86.09,81134.75970955074
86.10000000000001,81136.16537753065
86.11,81140.06382649657
86.12,81140.83341171918
86.13,81143.81382176488
86.14,81146.62478620787
86.15,81150.53128847701
86.16,81151.1724978971
86.17,81156.19638530296
86.18,81156.71690771534
86.19,81160.35064240333
86.2,81164.82690834109
86.21000000000001,81166.13528887498
86.22,81169.24227737967
86.23,81172.87901285428
86.24,81176.00625605027
86.25,81176.72171278232
86.26,81179.25010758052
86.27,81183.34039815562
86.28,81184.91609312792
86.29,81184.71328552361
86.3,81190.73848480507
86.31,81192.7509528941
86.32000000000001,81196.6498936377
86.33,81199.12063143402
86.34,81200.00293973811
86.35000000000001,81203.10651198112
86.36,81205.06878835258
86.37,81208.95207646496
86.38,81213.20450827741
86.39,81216.39650093603
86.4,81218.09385784596
86.41,81218.8470040303
86.42,81222.78185284212
86.43,81225.54854992572
86.44,81227.55980287299
86.45,81230.30831405128
86.46000000000001,81233.73737361905
86.47,81236.45407803818
86.48,81239.47101469383
86.49,81241.64897644446
86.5,81244.62670010455
86.51,81246.84861446853
86.52,81249.9603651177
86.53,81252.45258819112
86.54,81255.02647128783
86.55,81259.03315108118
86.56,81260.78473101665
86.57000000000001,81264.21654875939
86.58,81266.66906500896
86.59,81268.19546023183
86.60000000000001,81271.78654012227
86.61,81276.91639863582
86.62,81276.73392106198
86.63,81280.60109426912
86.64,81282.77630142831
86.65,81284.30309179738
86.66,81288.25132597217
86.67,81290.45960169195
86.68,81293.89605649152
86.69,81296.42630554838
86.7,81299.83907524418
86.71000000000001,81301.1324521066
86.72,81305.82353627843
86.73,81307.14804894113
86.74,81309.89221989016
86.75,81310.89411735442
86.76,81313.5462236929
86.77,81316.93453108345
86.78,81320.99344446431
86.79,81323.8236255897
86.8,81327.49635984575
86.81,81327.35611390692
86.82000000000001,81332.48901606385
86.83,81334.86644816102
86.84,81335.19776494835
86.85000000000001,81339.68119087716
86.86,81342.39582831578
86.87,81347.29960429831
86.88,81346.48694029657
86.89,81351.87097190728
86.9,81353.50851689254
86.91,81355.1816863207
86.92,81358.91049911929
86.93,81360.00014454486
86.94,81364.69641667146
86.95,81368.04103870604
86.96000000000001,81369.97863339302
86.97,81373.00122599679
86.98,81374.35367993705
86.99,81377.62185389025
87.0,81381.0956501089
87.01,81381.74200647503
87.02,81385.94590012138
87.03,81388.33225995225
87.04,81390.41734244212
87.05,81393.44735497849
87.06,81395.35897225745
87.07000000000001,81399.6414775033
87.08,81402.4467568
87.09,81402.89320748561
87.10000000000001,81406.61356725646
87.11,81410.7126233504
87.12,81412.57550386124
87.13,81416.01607200384
87.14,81418.82443890817
87.15,81421.26088813155
87.16,81423.75492022607
87.17,81425.35329895926
87.18,81428.45998288372
87.19,81431.12767128702
87.2,81434.71799218035
87.21000000000001,81436.84862246511
87.22,81438.6508619363
87.23,81443.29168107703
87.24,81445.29561212893
87.25,81445.65070701126
87.26,81450.63346628199
87.27,81453.19054258835
87.28,81455.1664318092
87.29,81458.07205469122
87.3,81460.28938817799
87.31,81463.7635946911
87.32000000000001,81466.99721788937
87.33,81469.07894586088
87.34,81473.71920465512
87.35000000000001,81475.31246508035
87.36,81479.66664420276
87.37,81478.67300216538
87.38,81482.04180088568
87.39,81488.1747016563
87.4,81490.12944984632
87.41,81491.76046308431
87.42,81495.35478223946
87.43,81496.7594083887
87.44,81500.5065765249
87.45,81500.96522798509
87.46000000000001,81505.40098598426
87.47,81506.44313077057
87.48,81511.32599083336
87.49,81513.72795635539
87.5,81514.9516996986
87.51,81518.83323126154
87.52,81522.50281714917
87.53,81524.7619904862
87.54,81528.46514900132
87.55,81530.20502283533
87.56,81532.23266694066
87.57000000000001,81535.18252513513
87.58,81536.22576241086
87.59,81540.70841523804
87.60000000000001,81543.9566219762
87.61,81544.0303333744
87.62,81547.56250350852
87.63,81550.39662308001
87.64,81554.40568464933
87.65,81556.15895223251
87.66,81558.92119728356
87.67,81561.53528297385
87.68,81565.24807992132
87.69,81567.10996613342
87.7,81570.75172220478
87.71000000000001,81571.34974974114
87.72,81575.69105513406
87.73,81579.19781451115
87.74,81581.50865780005
87.75,81583.2907312162
87.76,81587.35630486872
87.77,81590.01146467438
87.78,81593.10894067188
87.79,81595.27607830912
87.8,81598.2461439415
87.81,81600.98342685435
87.82000000000001,81602.89089820255
87.83,81607.60699808876
87.84,81609.55496070384
87.85000000000001,81611.01355179369
87.86,81612.45020383345
87.87,81616.3248150746
87.88,81619.3186486084
87.89,81620.89317624709
87.9,81624.51616745256
87.91,81627.30129386508
87.92,81630.20768984695
87.93,81633.80372474353
87.94,81635.73141587617
87.95,81639.27036917977
87.96000000000001,81639.81158742381
87.97,81643.75562276297
87.98,81647.36764834754
87.99,81650.29454530923
88.0,81652.09580074527
88.01,81655.38687194126
88.02,81655.10238337403
88.03,81660.22088089329
88.04,81663.96707546376
88.05,81667.37945190862
88.06,81669.72304675386
88.07000000000001,81671.91500647293
88.08,81672.2342879992
88.09,81677.70611040817
88.10000000000001,81679.4094123148
88.11,81680.13227007589
88.12,81685.61799023957
88.13,81688.14800441635
88.14,81689.50768311386
88.15,81693.18370234978
88.16,81696.90372736797
88.17,81696.5833338345
88.18,81701.64079439965
88.19,81705.6877951497
88.2,81707.25271329927
88.21000000000001,81708.02803420737
88.22,81712.37240264479
88.23,81715.96094442732
88.24,81717.25646723477
88.25,81721.29090074367
88.26,81722.63582013747
88.27,81724.562600127
88.28,81727.55725749362
88.29,81732.39793095869
88.3,81735.77410172066
88.31,81735.98089932317
88.32000000000001,81740.73480357582
88.33,81741.9990110572
88.34,81745.30941816313
88.35000000000001,81746.51919182138
88.36,81750.11834059012
88.37,81752.99402397382
88.38,81754.82576563813
88.39,81757.23148575859
88.4,81760.24437420588
88.41,81763.24719244034
88.42,81765.20347337898
88.43,81771.05152509872
88.44,81772.69860253428
88.45,81775.42243106931
88.46000000000001,81777.12112700976
88.47,81779.15985772983
88.48,81784.42333465586
88.49,81785.43881555641
88.5,81788.19803151202
88.51,81788.60171218342
88.52,81792.85099481969
88.53,81796.73239189162
88.54,81797.99300854799
88.55,81801.4494229686
88.56,81805.13972517708
88.57000000000001,81807.42885363754
88.58,81808.85419370694
88.59,81811.10182760569
88.60000000000001,81816.26325583512
88.61,81819.13652715925
88.62,81820.7144309939
88.63,81822.40079048378
88.64,81826.73023487334
88.65,81828.91564223019
88.66,81829.93357575964
88.67,81833.97856687882
88.68,81835.86732936016
88.69,81838.2597235483
88.7,81841.31265027316
88.71000000000001,81843.4625467521
88.72,81847.70309905894
88.73,81850.34949304782
88.74,81853.7242739665
88.75,81855.76159862777
88.76,81859.5214122249
88.77,81861.53647359756
88.78,81863.06961654428
88.79,81866.90815300444
88.8,81869.26983861586
88.81,81872.21948300184
88.82000000000001,81874.14997829328
88.83,81879.2573551539
88.84,81881.6389845261
88.85000000000001,81882.49787669031
88.86,81886.55980929133
88.87,81890.87088493035
88.88,81891.88105436241
88.89,81893.09448231642
88.9,81896.03548214871
88.91,81902.19335383637
88.92,81902.88312559518
88.93,81906.2889999055
88.94,81907.38072656895
88.95,81909.49086480842
88.96000000000001,81911.76990425347
88.97,81915.10166623187
88.98,81917.55786940783
88.99,81922.63887261876
89.0,81923.85556144458
89.01,81925.44735854471
89.02,81928.23092933054
89.03,81932.80195228825
89.04,81935.50525456066
89.05,81937.84742308168
89.06,81940.41488371903
89.07000000000001,81942.80323992285
89.08,81945.74319376968
89.09,81948.08968959532
89.10000000000001,81953.25925502514
89.11,81954.21608837692
89.12,81956.63721823963
89.13,81959.66949395723
89.14,81963.37982484799
89.15,81966.29822091585
89.16,81967.06546620547
89.17,81969.5626726266
89.18,81974.48932534675
89.19,81976.01978649963
89.2,81977.84980278528
89.21000000000001,81979.93860112767
89.22,81982.64213134529
89.23,81986.50545720685
89.24,81988.75612960392
89.25,81990.81834450651
89.26,81995.81938702485
89.27,81998.43336195212
89.28,81998.49449028283
89.29,82003.4967551958
89.3,82006.34325461414
89.31,82007.44806732252
89.32000000000001,82011.961993239
89.33,82012.01143948885
89.34,82015.82639101575
89.35000000000001,82018.49412001688
89.36,82021.07512393591
89.37,82023.7616247025
89.38,82027.10495978006
89.39,82031.00375202665
89.4,82033.42397111018
89.41,82035.73021971021
89.42,82038.01959151302
89.43,82040.43933723315
89.44,82043.27840142339
89.45,82045.97093332856
89.46000000000001,82048.46362992712
89.47,82050.62237354746
89.48,82053.88332479556
89.49,82057.29245578825
89.5,82059.94467471736
89.51,82063.06683945387
89.52,82065.9195521832
89.53,82067.49600510036
89.54,82070.49581994579
89.55,82073.77925454617
89.56,82075.72073327121
89.57000000000001,82078.41128015604
89.58,82081.38475603022
89.59,82084.79301583646
89.60000000000001,82086.96218361772
89.61,82089.39457011347
89.62,82092.26136189363
89.63,82095.78070701554
89.64,82098.17824936882
89.65,82101.24738281251
89.66,82103.82984182944
89.67,82107.80489313207
89.68,82110.6016561756
89.69,82113.12867639767
89.7,82113.61780475911
89.71000000000001,82116.42453747791
89.72,82121.24367558035
89.73,82120.94193118154
89.74,82127.33319099125
89.75,82128.5041530955
89.76,82133.3773652375
89.77,82133.77147201696
89.78,82137.55425926547
89.79,82139.10921393958
89.8,82141.24163625969
89.81,82145.09986337899
89.82000000000001,82146.05324741152
89.83,82151.39164216987
89.84,82153.2901378859
89.85000000000001,82156.3071673201
89.86,82158.21425617287
89.87,82161.90368810648
89.88,82164.85311116275
89.89,82166.43604584843
89.9,82169.5146408994
89.91,82171.82448838257
89.92,82176.1161631835
89.93,82177.44445446406
89.94,82180.66478914826
89.95,82181.86069332593
89.96000000000001,82184.7760937217
89.97,82189.21186536335
89.98,82188.81698836535
89.99,82193.18114870541
90.0,82196.44346012188
90.01,82197.92427148181
90.02,82200.26418303627
90.03,82203.99039606813
90.04,82206.72735331871
90.05,82208.34041022393
90.06,82211.61676804065
90.07000000000001,82216.8509832145
90.08,82217.09286760422
90.09,82220.23897750428
90.10000000000001,82223.11750532535
90.11,82225.248328677
90.12,82227.99673323576
90.13,82231.61087968448
90.14,82235.0767775715
90.15,82236.92441080109
90.16,82242.13078145744
90.17,82242.80252197421
90.18,82244.42503430053
90.19,82248.6827597765
90.2,82249.40174896651
90.21000000000001,82253.96522696535
90.22,82256.63794491594
90.23,82259.20311840257
90.24,82261.65552499329
90.25,82264.58392515428
90.26,82266.83950084308
90.27,82270.13752108964
90.28,82272.50098667263
90.29,82275.84162646015
90.3,82276.71616386368
90.31,82279.23960390713
90.32000000000001,82282.80988189409
90.33,82284.97775307568
90.34,82288.1210662317
90.35000000000001,82291.14512404794
90.36,82295.20474106474
90.37,82297.93713720853
90.38,82299.28263876353
90.39,82302.95892031126
90.4,82306.3642089123
90.41,82307.54879024593
90.42,82309.4719179592
90.43,82314.6019409622
90.44,82315.2640117065
90.45,82319.46259085102
90.46000000000001,82320.16811310346
90.47,82322.69969057098
90.48,82325.13097733915
90.49,82328.97527144049
90.5,82332.99837194318
90.51,82334.48203071117
90.52,82338.59535461124
90.53,82340.90158525093
90.54,82343.18534584122
90.55,82345.48476981018
90.56,82348.49245942225
90.57000000000001,82349.65674501623
90.58,82352.3093376169
90.59,82357.49625565209
90.60000000000001,82360.22745278764
90.61,82363.19650287378
90.62,82364.10768233448
90.63,82367.17855604122
90.64,82369.8681635302
90.65,82372.8361191114
90.66,82375.53018241013
90.67,82379.95547497508
90.68,82381.59912001937
90.69,82385.03687441062
90.7,82387.90516899871
90.71000000000001,82391.16977287109
90.72,82392.30065874553
90.73,82395.69022001371
90.74,82398.94433306952
90.75,82400.20743162654
90.76,82404.25879000223
90.77,82406.37853480595
90.78,82408.68746888834
90.79,82411.95015538395
90.8,82411.89047971755
90.81,82416.84755309875
90.82000000000001,82419.85041345768
90.83,82424.44565604466
90.84,82424.66607986916
90.85000000000001,82426.5058385822
90.86,82430.96254840381
90.87,82433.42719767163
90.88,82436.5619986185
90.89,82440.16399788536
90.9,82440.96448611912
90.91,82445.49433720198
90.92,82448.33571195128
90.93,82450.89658817847
90.94,82451.78059645493
90.95,82456.29414872134
90.96000000000001,82456.01767248375
90.97,82460.55969249566
90.98,82464.50594259778
90.99,82465.87408109364
91.0,82468.54010586186
91.01,82470.56493595697
91.02,82473.8048205285
91.03,82475.1696785916
91.04,82479.86942803305
91.05,82482.44813715915
91.06,82484.8645642473
91.07000000000001,82488.47205457179
91.08,82491.04158479214
91.09,82493.07201351583
91.10000000000001,82494.18001637507
91.11,82498.96902727771
91.12,82500.09254006484
91.13,82502.71315022283
91.14,82506.11069653241
91.15,82509.8386598272
91.16,82513.07014420172
91.17,82515.13153454087
91.18,82518.75644512547
91.19,82518.71902675072
91.2,82524.97228708418
91.21000000000001,82526.02314890054
91.22,82529.54384382501
91.23,82531.63615050912
91.24,82536.17088069337
91.25,82537.28119708381
91.26,82539.74995669776
91.27,82539.56261975337
91.28,82545.60119337207
91.29,82546.81399264319
91.3,82550.90920279312
91.31,82554.57783015937
91.32000000000001,82555.37248651698
91.33,82559.39994243166
91.34,82561.1693194894
91.35000000000001,82562.38453952369
91.36,82565.83943093526
91.37,82570.75899835177
91.38,82572.55151423269
91.39,82574.91880392135
91.4,82577.43720873495
91.41,82578.90397642228
91.42,82583.88898634503
91.43,82585.1894500384
91.44,82589.0474630501
91.45,82592.03182089578
91.46000000000001,82592.61368397881
91.47,82596.88003600803
91.48,82598.84720786133
91.49,82601.97946766236
91.5,82604.87899166635
91.51,82607.67715400709
91.52,82609.28731390841
91.53,82610.58670159926
91.54,82616.66233098022
91.55,82618.19470649365
91.56,82621.29399191415
91.57000000000001,82624.75606888946
91.58,82626.82302414438
91.59,82630.34965522778
91.60000000000001,82631.92893722621
91.61,82634.529738592
91.62,82637.71930024099
91.63,82640.88183543265
91.64,82642.5423061908
91.65,82646.57411886941
91.66,82650.184422448
91.67,82651.04609961297
91.68,82655.40769224161
91.69,82658.66148008895
91.7,82660.329299017
91.71000000000001,82659.72461843213
91.72,82662.78081000435
91.73,82669.25650654032
91.74,82671.50616276254
91.75,82673.10783927146
91.76,82677.22205841783
91.77,82680.80791012406
91.78,82681.10191484465
91.79,82683.83940729455
91.8,82687.26756282405
91.81,82688.84484278504
91.82000000000001,82693.29773120975
91.83,82694.49797935647
91.84,82698.0738414903
91.85000000000001,82701.0923111754
91.86,82703.43903079008
91.87,82707.21998840675
91.88,82709.54791242933
91.89,82711.34782021378
91.9,82715.1377443645
91.91,82716.89513791163
91.92,82719.23368550139
91.93,82721.50344762913
91.94,82724.713221262
91.95,82727.3748037356
91.96000000000001,82729.42830080133
91.97,82733.90260557682
91.98,82736.1253613879
91.99,82739.46090759082
92.0,82742.16279313221
92.01,82743.69269382083
92.02,82747.61557953204
92.03,82749.06161732538
92.04,82751.54744115552
92.05,82754.34924221905
92.06,82757.51575244254
92.07000000000001,82761.1775316823
92.08,82762.79749494125
92.09,82765.27339231204
92.10000000000001,82770.7383686296
92.11,82772.74572304786
92.12,82775.00358053902
92.13,82778.06396711728
92.14,82780.78590298875
92.15,82782.68418630336
92.16,82784.9474358838
92.17,82787.21040008242
92.18,82788.61595923547
92.19,82792.24968948886
92.2,82795.94423156821
92.21000000000001,82801.16431015887
92.22,82802.3707686549
92.23,82804.97140711959
92.24,82806.73241434885
92.25,82807.85730721835
92.26,82813.04659749265
92.27,82816.13206430324
92.28,82817.5505209438
92.29,82818.36248957872
92.3,82823.91480869449
92.31,82825.23715770179
92.32000000000001,82829.72184823918
92.33,82831.96405110002
92.34,82834.12705389188
92.35000000000001,82837.96466350135
92.36,82840.307881794
92.37,82842.22278544886
92.38,82845.57482031194
92.39,82847.61370947554
92.4,82853.02421242629
92.41,82851.83555010217
92.42,82855.4134507238
92.43,82859.72033079252
92.44,82859.97923264373
92.45,82864.36466895719
92.46000000000001,82868.28029300313
92.47,82870.79557650229
92.48,82872.74338878451
92.49,82876.18769605973
92.5,82878.4747690332
92.51,82880.64466719277
92.52,82883.73047851476
92.53,82885.38779618364
92.54,82888.78058272482
92.55,82893.00447729396
92.56,82894.16222497121
92.57000000000001,82898.5318302614
92.58,82900.31289372769
92.59,82903.21348989982
92.60000000000001,82904.86693636084
92.61,82909.34076938256
92.62,82910.23449225731
92.63,82912.71349098819
92.64,82916.51703324537
92.65,82919.42117615968
92.66,82921.22291424706
92.67,82923.86409818534
92.68,82928.70807202066
92.69,82932.24241269409
92.7,82932.78368372853
92.71000000000001,82933.11599400386
92.72,82938.03844618215
92.73,82940.34141426586
92.74,82943.5607717595
92.75,82946.730170014
92.76,82949.55858309199
92.77,82953.83957901085
92.78,82954.20381122609
92.79,82957.92244594517
92.8,82960.39925893613
92.81,82962.33945060044
92.82000000000001,82965.26016593112
92.83,82969.09210081723
92.84,82971.69254875011
92.85000000000001,82973.79187046476
92.86,82975.69984642755
92.87,82982.14098876713
92.88,82981.01622450068
92.89,82985.89339383846
92.9,82987.92804389025
92.91,82989.25271845073
92.92,82992.08868400032
92.93,82995.39557423994
92.94,82999.23377407974
92.95,83001.26493076487
92.96000000000001,83003.83777603146
92.97,83005.4538877774
92.98,83009.4959830848
92.99,83011.21538031584
93.0,83014.57220022619
93.01,83015.78768735386
93.02,83019.9492944014
93.03,83024.01548285123
93.04,83022.79179216891
93.05,83028.5094912725
93.06,83031.95194222988
93.07000000000001,83033.91557673084
93.08,83037.62630687816
93.09,83038.52833830907
93.10000000000001,83042.54937725246
93.11,83044.13088455821
93.12,83048.85077820845
93.13,83049.88422065588
93.14,83051.53934110688
93.15,83058.77395824327
93.16,83058.54416653414
93.17,83061.96599459775
93.18,83064.94252866424
93.19,83068.00896336965
93.2,83069.2966952559
93.21000000000001,83071.50704804096
93.22,83074.29383552504
93.23,83077.90104739959
93.24,83080.23465901437
93.25,83083.70153959414
93.26,83085.49129391127
93.27,83088.83682365777
93.28,83091.66564841272
93.29,83094.19884301031
93.3,83095.67927872359
93.31,83098.7417643488
93.32000000000001,83100.87480449257
93.33,83106.17565444167
93.34,83106.39888589177
93.35000000000001,83109.59869895318
93.36,83113.48234595619
93.37,83114.08774358394
93.38,83118.19066398164
93.39,83120.95166518081
93.4,83125.19522652414
93.41,83127.8431457382
93.42,83130.08745682861
93.43,83131.62251471271
93.44,83135.40158817676
93.45,83139.24476614257
93.46000000000001,83141.60020273816
93.47,83143.31927550116
93.48,83148.14818899734
93.49,83149.25201310423
93.5,83152.153342192
93.51,83155.64485413214
93.52,83156.65471789538
93.53,83160.5569650466
93.54,83162.09988367322
93.55,83165.8202238559
93.56,83169.34204657441
93.57000000000001,83171.22072114679
93.58,83172.9587672842
93.59,83178.9589758438
93.60000000000001,83179.20468805429
93.61,83183.35931588638
93.62,83185.66147814807
93.63,83186.84786708241
93.64,83189.29513517277
93.65,83193.25903203897
93.66,83194.54964585243
93.67,83198.0171307521
93.68,83201.030876943
93.69,83203.2640296539
93.7,83208.09342971357
93.71000000000001,83208.47465182452
93.72,83212.12323352227
93.73,83213.36931292844
93.74,83218.12809347431
93.75,83220.55612915625
93.76,83223.95457237006
93.77,83225.91436323553
93.78,83227.96023815963
93.79,83231.82654170686
93.8,83234.93226072336
93.81,83237.03960271015
93.82000000000001,83238.63950086606
93.83,83240.00793452896
93.84,83244.60365737631
93.85000000000001,83246.84046780514
93.86,83252.3424575706
93.87,83252.72379197575
93.88,83255.30606840926
93.89,83259.95244733083
93.9,83260.73931509249
93.91,83264.86343173619
93.92,83265.86741602921
93.93,83269.91547028843
93.94,83271.47609262809
93.95,83274.66998208479
93.96000000000001,83277.75917676203
93.97,83279.17216160234
93.98,83284.28981830787
93.99,83285.34206419787
94.0,83290.14787981469
94.01,83291.20147442314
94.02,83294.87246674029
94.03,83295.52215428311
94.04,83300.20921980815
94.05,83301.59268302162
94.06,83303.56241585725
94.07000000000001,83306.7147711008
94.08,83310.919882946
94.09,83313.56532260003
94.10000000000001,83313.69928681004
94.11,83316.03811145634
94.12,83320.56617681369
94.13,83323.64681839537
94.14,83326.04519417758
94.15,83328.38303451291
94.16,83331.40258855744
94.17,83336.13648335444
94.18,83338.48409234235
94.19,83339.42423398404
94.2,83341.1462960682
94.21000000000001,83345.72736319153
94.22,83347.54262665797
94.23,83352.11357657649
94.24,83354.42807320884
94.25,83356.94565224786
94.26,83359.92607229808
94.27,83363.05091702507
94.28,83364.797473655
94.29,83366.21133058055
94.3,83371.3121647898
94.31,83375.28896094271
94.32000000000001,83376.03181295445
94.33,83378.71098641932
94.34,83382.56273820062
94.35000000000001,83386.45640966219
94.36,83386.04208928911
94.37,83388.31396658193
94.38,83392.81815998972
94.39,83395.51929324689
94.4,83397.10964189032
94.41,83399.51968457288
94.42,83403.2506220574
94.43,83405.65712434254
94.44,83408.54796946538
94.45,83410.82874694145
94.46000000000001,83415.18565759872
94.47,83416.62899038932
94.48,83418.86243195874
94.49,83421.25001278016
94.5,83422.94891989692
94.51,83428.5893974954
94.52,83430.76972770864
94.53,83432.68438240049
94.54,83434.22873782688
94.55,83438.37556013337
94.56,83440.71519442821
94.57000000000001,83444.08062421544
94.58,83446.31335083627
94.59,83448.38356522816
94.60000000000001,83452.96596969625
94.61,83453.07816593251
94.62,83459.06737522458
94.63,83460.67728148209
94.64,83464.79034953115
94.65,83467.40827735493
94.66,83468.97283576977
94.67,83473.14489607206
94.68,83474.96647536698
94.69,83477.95171676022
94.7,83480.4004038536
94.71000000000001,83483.07318358943
94.72,83486.18869767372
94.73,83488.53224419805
94.74,83491.40853597593
94.75,83491.636018305
94.76,83497.7685991094
94.77,83498.46919056516
94.78,83502.03989962401
94.79,83505.52635476479
94.8,83507.38609986287
94.81,83508.7380730519
94.82000000000001,83513.7075809864
94.83,83515.69125973734
94.84,83518.89466263735
94.85000000000001,83521.69500895026
94.86,83524.57074712073
94.87,83526.3145679708
94.88,83529.58917228776
94.89,83533.54065265293
94.9,83535.4642010573
94.91,83538.31432474585
94.92,83541.35385433363
94.93,83543.00784887894
94.94,83547.05107319672
94.95,83548.93933813214
94.96000000000001,83550.94854385704
94.97,83553.72378305985
94.98,83557.60614117076
94.99,83559.86113934436
95.0,83562.37170176356
95.01,83565.63917110134
95.02,83570.59811079223
95.03,83569.49834956569
95.04,83572.44277369858
95.05,83576.2246719705
95.06,83578.45690511935
95.07000000000001,83581.41577898485
95.08,83582.64997746698
95.09,83586.67722779646
95.10000000000001,83589.90785211118
95.11,83592.25990435982
95.12,83595.78586163273
95.13,83596.87195244472
95.14,83600.05044371462
95.15,83604.69575979176
95.16,83607.9561179061
95.17,83608.69624988879
95.18,83610.25742560123
95.19,83612.69002022753
95.2,83618.74017440954
95.21000000000001,83619.96440459929
95.22,83618.9710224176
95.23,83624.85957416777
95.24,83627.49437007982
95.25,83629.78676538054
95.26,83634.60534070096
95.27,83639.03367608419
95.28,83637.70616619507
95.29,83642.93190264463
95.3,83645.2224414311
95.31,83647.73659299922
95.32000000000001,83650.10785339067
95.33,83653.02585653312
95.34,83655.79667797523
95.35000000000001,83658.6205298309
95.36,83659.57714616512
95.37,83665.39765989047
95.38,83666.90893506858
95.39,83669.02794773376
95.4,83672.1508482756
95.41,83676.69104380121
95.42,83677.26441662898
95.43,83679.64767816855
95.44,83681.58527410659
95.45,83684.71573693755
95.46000000000001,83689.10927815542
95.47,83690.31083799219
95.48,83695.0946582547
95.49,83695.0243751885
95.5,83699.3375003948
95.51,83702.1376598229
95.52,83703.39718098441
95.53,83708.31849109915
95.54,83711.08613236954
95.55,83713.04214505624
95.56,83715.64801845019
95.57000000000001,83717.66702577242
95.58,83721.04261189095
95.59,83725.96714922343
95.60000000000001,83724.53293644813
95.61,83728.76150709404
95.62,83731.96175437792
95.63,83734.93668743967
95.64,83738.96591659218
95.65,83738.74012290062
95.66,83743.94070867247
95.67,83745.95228815715
95.68,83749.4839420614
95.69,83752.19461474626
95.7,83754.97081591334
95.71000000000001,83757.39624415705
95.72,83760.52741223198
95.73,83763.09904831038
95.74000000000001,83764.30747827145
95.75,83766.86202314244
95.76,83771.06011997412
95.77,83771.80865662827
95.78,83776.37267339884
95.79,83779.19756560403
95.8,83783.54344361922
95.81,83784.26168073203
95.82000000000001,83787.60690438056
95.83,83791.25815602504
95.84,83791.76942715036
95.85000000000001,83797.34534336465
95.86,83799.53688984392
95.87,83800.25423577474
95.88,83803.09582571378
95.89,83804.7681010368
95.9,83809.09726813658
95.91,83812.807544607
95.92,83812.74517338323
95.93,83818.079947946
95.94,83819.9938298233
95.95,83821.7219000768
95.96000000000001,83825.86241850643
95.97,83828.59194027686
95.98,83830.46915937777
95.99000000000001,83833.3222022198
96.0,83836.70991585068
96.01,83838.07183213416
96.02,83842.0353435288
96.03,83846.09716787167
96.04,83847.61358160056
96.05,83850.3404084272
96.06,83852.3820185771
96.07000000000001,83857.3524323118
96.08,83858.4198416042
96.09,83862.04257676155
96.10000000000001,83862.62540950597
96.11,83866.6844675075
96.12,83870.41987410367
96.13,83871.97621307331
96.14,83876.46382546258
96.15,83877.72741522464
96.16,83880.80233921365
96.17,83884.02688415891
96.18,83884.98270627914
96.19,83888.63818889648
96.2,83891.51769196158
96.21000000000001,83893.40699692181
96.22,83896.78189207126
96.23,83898.27995235981
96.24000000000001,83902.94991025879
96.25,83906.42700093173
96.26,83908.12456618105
96.27,83911.39383525628
96.28,83912.19664889107
96.29,83916.22040591492
96.3,83917.80094155803
96.31,83920.92504363113
96.32000000000001,83922.3576089309
96.33,83925.91921298442
96.34,83929.5237540798
96.35000000000001,83933.0909516379
96.36,83935.33709556906
96.37,83937.57828325451
96.38,83940.73328862018
96.39,83945.14593786704
96.4,83946.38634493038
96.41,83946.96459668089
96.42,83951.05646022358
96.43,83954.37074039334
96.44,83957.87919278201
96.45,83960.07311367642
96.46000000000001,83962.75298975063
96.47,83965.74351848222
96.48,83967.83887165473
96.49000000000001,83972.29607225403
96.5,83973.35738037202
96.51,83977.37083462902
96.52,83978.41156895725
96.53,83980.10144001394
96.54,83985.13121072308
96.55,83987.59640526364
96.56,83989.6426796823
96.57000000000001,83994.33993238336
96.58,83995.89225628148
96.59,83999.13825375069
96.60000000000001,84002.90107098935
96.61,84005.60451585826
96.62,84008.61043313402
96.63,84009.3610493585
96.64,84011.11380718848
96.65,84016.31995749062
96.66,84018.11494700388
96.67,84019.78007525587
96.68,84023.82825045839
96.69,84024.5688466146
96.7,84028.3405229937
96.71000000000001,84030.92299056207
96.72,84034.25169481388
96.73,84036.19251917767
96.74000000000001,84039.2255405032
96.75,84042.9238824951
96.76,84046.80400135023
96.77,84048.63009359548
96.78,84050.46890223755
96.79,84052.1822144141
96.8,84054.32561999139
96.81,84058.05502745246
96.82000000000001,84061.49786884245
96.83,84061.42652062135
96.84,84066.83627949277
96.85000000000001,84068.22569336632
96.86,84071.86786710442
96.87,84076.8799483284
96.88,84079.97222976924
96.89,84081.44232270101
96.9,84084.48246022765
96.91,84086.56190094282
96.92,84087.8293006692
96.93,84091.95706344025
96.94,84092.78019525966
96.95,84100.42890248241
96.96000000000001,84099.42090899171
96.97,84102.73995024107
96.98,84107.021806287
96.99000000000001,84107.31639889833
97.0,84110.64949758507
97.01,84112.55763690747
97.02,84115.55218796697
97.03,84119.56051373122
97.04,84122.74296820213
97.05,84123.46604637693
97.06,84128.99147738499
97.07000000000001,84130.55473671411
97.08,84133.81981654596
97.09,84134.14553683554
97.10000000000001,84137.92866859934
97.11,84141.41185122337
97.12,84143.52737008578
97.13,84146.38634484555
97.14,84150.92745876302
97.15,84152.96429985897
97.16,84154.04506728245
97.17,84157.85195067836
97.18,84158.75979501788
97.19,84162.38093230988
97.2,84167.1059863841
97.21000000000001,84169.86300529694
97.22,84170.02141235764
97.23,84174.21232516285
97.24000000000001,84176.54364224807
97.25,84178.3213472414
97.26,84183.42073056828
97.27,84185.5656098357
97.28,84186.7453351677
97.29,84190.49739675614
97.3,84193.33969792216
97.31,84196.140488045
97.32000000000001,84199.17202428055
97.33,84201.38353950124
97.34,84205.78303101056
97.35000000000001,84208.34795344272
97.36,84208.11877281399
97.37,84212.081735473
97.38,84214.67968812298
97.39,84217.09894514918
97.4,84221.9010781502
97.41,84223.34150988694
97.42,84224.86324597357
97.43,84228.90173408638
97.44,84232.43536795037
97.45,84234.50998412586
97.46000000000001,84236.04023975263
97.47,84240.2720238165
97.48,84243.24019666969
97.49000000000001,84245.51327095654
97.5,84248.77635376305
97.51,84250.85901467221
97.52,84254.67598315545
97.53,84255.2693646823
97.54,84259.95429726261
97.55,84261.80776854318
97.56,84266.69452257284
97.57000000000001,84267.11687130413
97.58,84269.15954811347
97.59,84273.45954840619
97.60000000000001,84277.82137242472
97.61,84277.84390238325
97.62,84281.48930238235
97.63,84283.94632295218
97.64,84285.502578785
97.65,84290.07815040647
97.66,84291.5643733771
97.67,84296.10847505082
97.68,84299.54322899808
97.69,84299.22703637653
97.7,84302.59573377015
97.71000000000001,84306.9826329208
97.72,84309.9328529253
97.73,84311.98968384287
97.74000000000001,84314.39025926159
97.75,84315.84364726319
97.76,84318.93487572414
97.77,84322.33611827559
97.78,84324.03704426879
97.79,84326.15334337721
97.8,84330.55432548834
97.81,84334.96981946411
97.82000000000001,84336.04435617954
97.83,84340.35345831595
97.84,84341.62175592277
97.85000000000001,84345.37591815353
97.86,84348.21223149003
97.87,84351.7900362087
97.88,84352.46189935147
97.89,84355.7655107021
97.9,84360.03558749471
97.91,84362.33035855442
97.92,84363.24728063251
97.93,84368.62067890263
97.94,84367.43738589382
97.95,84372.23445653677
97.96000000000001,84374.9532117364
97.97,84378.48312795057
97.98,84380.01912336476
97.99000000000001,84382.65075943648
98.0,84385.93421245154
98.01,84388.24729259519
98.02,84391.48433995631
98.03,84394.67441672983
98.04,84397.7824069458
98.05,84397.84911025564
98.06,84401.69065429246
98.07000000000001,84403.6133548882
98.08,84408.64894782504
98.09,84410.74027977702
98.10000000000001,84413.11792243943
98.11,84416.71247626873
98.12,84418.25965423888
98.13,84423.32780035897
98.14,84425.95685353565
98.15,84426.82997347949
98.16,84430.63681272302
98.17,84432.70728625488
98.18,84435.28251351515
98.19,84438.96004707209
98.2,84439.16229494753
98.21000000000001,84442.30120092377
98.22,84444.87436581506
98.23,84448.0965579784
98.24000000000001,84451.38265929544
98.25,84455.02443389826
98.26,84457.80200160036
98.27,84460.48612079663
98.28,84462.98803265311
98.29,84465.57832743016
98.3,84467.4095334549
98.31,84471.8415121689
98.32000000000001,84474.08537439615
98.33,84476.9011199532
98.34,84479.67926903705
98.35000000000001,84480.48449043308
98.36,84487.59344514212
98.37,84488.9069589777
98.38,84489.96687733037
98.39,84492.83715741671
98.4,84495.49808113897
98.41,84499.2983549447
98.42,84500.76406107658
98.43,84503.35459385907
98.44,84507.13809564982
98.45,84510.58447902539
98.46000000000001,84511.50714574628
98.47,84515.36202187264
98.48,84519.31187973786
98.49000000000001,84520.18106986544
98.5,84523.76806493184
98.51,84525.87078129058
98.52,84530.50062834565
98.53,84529.93220401136
98.54,84533.83997372902
98.55,84536.74416877692
98.56,84538.80530810007
98.57000000000001,84541.35887375024
98.58,84545.19023653747
98.59,84549.70978141073
98.60000000000001,84549.76869943281
98.61,84553.66377277965
98.62,84556.38207423822
98.63,84558.57233816272
98.64,84562.1856789239
98.65,84564.73669270582
98.66,84567.57517139391
98.67,84569.66965064537
98.68,84572.21310877327
98.69,84574.6809010598
98.7,84578.85112503752
98.71000000000001,84582.52366020568
98.72,84583.63635961112
98.73,84587.1402869956
98.74000000000001,84588.36105369305
98.75,84592.44902194271
98.76,84594.12595930982
98.77,84597.21241684478
98.78,84599.52745433437
98.79,84603.7287842176
98.8,84605.44286027024
98.81,84607.91883074616
98.82000000000001,84612.05380199688
98.83,84614.9889067204
98.84,84616.24166124516
98.85000000000001,84619.45408550819
98.86,84622.2437601142
98.87,84625.7033373461
98.88,84627.98335634594
98.89,84629.13188523315
98.9,84632.62082274148
98.91,84634.65378312815
98.92,84638.62567881146
98.93,84641.94563890582
98.94,84644.8003011808
98.95,84646.95317129238
98.96000000000001,84649.02679314307
98.97,84652.86963165355
98.98,84655.54757587616
98.99000000000001,84656.88510790198
99.0,84659.8557919057
99.01,84665.89324904258
99.02,84663.96036317926
99.03,84669.58930751715
99.04,84673.04131853029
99.05,84675.59200648045
99.06,84678.50430658128
99.07000000000001,84681.19781748514
99.08,84682.85291835354
99.09,84683.55886349977
99.10000000000001,84687.70540986171
99.11,84689.75326613299
99.12,84693.63105693363
99.13,84696.98999555483
99.14,84697.75622475869
99.15,84701.62708899436
99.16,84704.42525799443
99.17,84707.66075137493
99.18,84709.37557063515
99.19,84714.08478899172
99.2,84713.34974975775
99.21000000000001,84718.41034095768
99.22,84721.98546233958
99.23,84726.70420105937
99.24000000000001,84726.4748544949
99.25,84731.32214225612
99.26,84732.32031196437
99.27,84736.34412099702
99.28,84738.09853857213
99.29,84741.18994778986
99.3,84743.78343593454
99.31,84746.70049117421
99.32000000000001,84749.19174813331
99.33,84751.48350930634
99.34,84755.34977223986
99.35000000000001,84755.83366585057
99.36,84760.77506955116
99.37,84763.00845473583
99.38,84763.85338949667
99.39,84766.97296577442
99.4,84771.14272179012
99.41,84772.2714042169
99.42,84776.45092399213
99.43,84778.10677297456
99.44,84781.96286487738
99.45,84785.88486383243
99.46000000000001,84786.77686917783
99.47,84790.10831399944
99.48,84793.65821589701
99.49000000000001,84794.43616906647
99.5,84798.32835042874
99.51,84801.50676745048
99.52,84803.6212579413
99.53,84807.94549270843
99.54,84809.25843666705
99.55,84812.9460561784
99.56,84813.72446080345
99.57000000000001,84817.51750038007
99.58,84820.89879559311
99.59,84821.09478833557
99.60000000000001,84825.60134723243
99.61,84828.67665670885
99.62,84831.44286773507
99.63,84834.11409203529
99.64,84837.90720378274
99.65,84839.55815866838
99.66,84842.01033405465
99.67,84844.7386285423
99.68,84847.66257580552
99.69,84851.3497334808
99.7,84854.17401183977
99.71000000000001,84856.69479324497
99.72,84858.63575206784
99.73,84860.6978668089
99.74000000000001,84866.66506117363
99.75,84866.4151812231
99.76,84871.17380825372
99.77,84873.69522699868
99.78,84875.23989787766
99.79,84879.34623077505
99.8,84882.37305179617
99.81,84883.54472226324
99.82000000000001,84888.20636006721
99.83,84889.25047081108
99.84,84888.31430850596
99.85000000000001,84894.08001522865
99.86,84897.06156369156
99.87,84900.50415583058
99.88,84902.6366991204
99.89,84906.60183260517
99.9,84909.05251659162
99.91,84911.76646399757
99.92,84915.41124009056
99.93,84917.58340688776
99.94,84918.98890995317
99.95,84922.44391796978
99.96000000000001,84923.84050907848
99.97,84928.09220475558
99.98,84931.24187725768
99.99000000000001,84932.01940311122
100.0,84936.93006482239
100.01,84940.17272604666
100.02,84941.06713324867
100.03,84943.67167913016
100.04,84946.2627348632
100.05,84948.74167233091
100.06,84952.78491094276
100.07000000000001,84955.75579469292
100.08,84959.0218231365
100.09,84963.18304316993
100.10000000000001,84964.48704569752
100.11,84967.67736879071
100.12,84970.14253927155
100.13,84971.45116788581
100.14,84974.39659385291
100.15,84978.64936939137
100.16,84982.14062064188
100.17,84984.27894134697
100.18,84985.04987773797
100.19,84989.33838438794
100.2,84991.29872014695
100.21000000000001,84994.60372496211
100.22,84997.29215787347
100.23,84997.68476671792
100.24000000000001,85002.4346632038
100.25,85003.99225890748
100.26,85009.26101134614
100.27,85009.54634824868
100.28,85014.2237275363
100.29,85017.18893324687
100.3,85018.89667643029
100.31,85021.91544469172
100.32000000000001,85023.52964632152
100.33,85028.35784934943
100.34,85028.92365181597
100.35000000000001,85032.5306345365
100.36,85036.04390345163
100.37,85037.94816459785
100.38,85042.70980736968
100.39,85045.58496941466
100.4,85047.31086430162
100.41,85047.2140679874
100.42,85051.52852915275
100.43,85056.58223161426
100.44,85056.4864770861
100.45,85060.5904204552
100.46000000000001,85063.89529786081
100.47,85064.26173680733
100.48,85070.13518115728
100.49000000000001,85072.40263136177
100.5,85077.58543298673
100.51,85077.20345218989
100.52,85078.76783921389
100.53,85082.64094516094
100.54,85085.37137852756
100.55,85089.15879757272
100.56,85090.81918316813
100.57000000000001,85094.08210129513
100.58,85097.14021706744
100.59,85097.88978272985
100.60000000000001,85101.25809912343
100.61,85104.98817189362
100.62,85108.52476215431
100.63,85110.50995919266
100.64,85114.53052256773
100.65,85117.2287838624
100.66,85119.2061616458
100.67,85121.35595666054
100.68,85121.75502913955
100.69,85125.24034373874
100.7,85130.83074787448
100.71000000000001,85130.66815329487
100.72,85134.188142669
100.73,85136.73818044661
100.74000000000001,85139.37634762266
100.75,85142.79068412456
100.76,85145.97976257805
100.77,85148.69877296995
100.78,85151.98163697992
100.79,85153.73557965258
100.8,85158.20005241732
100.81,85160.4486252089
100.82000000000001,85162.1985345085
100.83,85166.6010673541
100.84,85169.3206912984
100.85000000000001,85170.27746407305
100.86,85173.44599729254
100.87,85176.362394371
100.88,85178.92086281782
100.89,85180.0621650983
100.9,85185.74027176408
100.91,85188.71501413989
100.92,85191.07834483593
100.93,85192.83989338335
100.94,85195.1329677803
100.95,85198.15725253033
100.96000000000001,85201.48634049884
100.97,85204.86814288494
100.98,85207.25505448208
100.99000000000001,85209.2608013868
101.0,85212.80242274827
101.01,85215.19883013012
101.02,85217.62053633196
101.03,85218.70552775903
101.04,85223.16339535861
101.05,85224.53638150817
101.06,85228.31267862863
101.07000000000001,85231.41946442198
101.08,85235.33861581035
101.09,85237.69438961145
101.10000000000001,85238.77748252828
101.11,85243.63187543057
101.12,85244.5436967536
101.13,85247.94585928897
101.14,85250.47703515815
101.15,85253.65767326113
101.16,85256.17015975631
101.17,85260.71887596432
101.18,85261.63499996686
101.19,85264.07997405487
101.2,85268.65922208384
101.21000000000001,85269.14984320599
101.22,85273.25101611624
101.23,85274.06521264119
101.24000000000001,85278.7298632367
101.25,85280.56632476926
101.26,85283.88470142713
101.27,85286.14950471747
101.28,85290.82852236993
101.29,85293.13133740016
101.3,85296.69404277374
101.31,85296.90399658137
101.32000000000001,85299.58956726984
101.33,85301.28023060378
101.34,85304.95375494035
101.35000000000001,85308.60272759247
101.36,85313.14110731827
101.37,85314.80832902907
101.38,85316.64972621402
101.39,85319.88474335747
101.4,85323.18728741365
101.41,85325.80750091988
101.42,85328.64792219405
101.43,85331.03725093012
101.44,85333.54878978609
101.45,85335.33518755635
101.46000000000001,85339.13895164349
101.47,85340.87083540724
101.48,85345.74978806458
101.49000000000001,85347.4916616638
101.5,85350.69167926717
101.51,85352.90742877155
101.52,85356.19386908061
101.53,85358.42718205505
101.54,85360.52383088686
101.55,85365.49063004642
101.56,85367.25432047695
101.57000000000001,85369.67269772972
101.58,85371.83386851195
101.59,85375.98939321649
101.60000000000001,85377.89403791988
101.61,85379.76525479584
101.62,85381.73577902866
101.63,85386.75392241869
101.64,85388.15689771708
101.65,85391.5940443456
101.66,85394.97528095727
101.67,85397.05844497673
101.68,85399.4949950226
101.69,85400.68124512101
101.7,85405.27414411938
101.71000000000001,85408.81217649028
101.72,85409.60946602203
101.73,85414.99746568297
101.74000000000001,85417.0847513988
101.75,85418.70758695634
101.76,85423.99926048984
101.77,85425.39316349436
101.78,85426.98381114771
101.79,85432.8514068278
101.8,85433.28456854024
101.81,85437.32701132592
101.82000000000001,85438.97428423585
101.83,85440.93413118538
101.84,85444.5789636423
101.85000000000001,85447.96311110996
101.86,85449.88866716465
101.87,85452.77364916909
101.88,85455.88595456975
101.89,85458.04432320464
101.9,85460.73716833451
101.91,85465.43106593043
101.92,85465.71515010975
101.93,85468.58555735045
101.94,85474.09192128148
101.95,85472.85779624626
101.96000000000001,85475.94835642498
101.97,85480.80770504996
101.98,85482.0690077098
101.99000000000001,85484.47882351716
102.0,85489.15210937106
102.01,85489.59467004637
102.02,85494.80012950703
102.03,85495.13645584059
102.04,85499.207220762
102.05,85503.15662317626
102.06,85506.49001371523
102.07000000000001,85508.18130837816
102.08,85510.76644817299
102.09,85514.06175940519
102.10000000000001,85516.50164893699
102.11,85518.8791579521
102.12,85520.97488561973
102.13,85524.37901356466
102.14,85527.2240107696
102.15,85528.48851650815
102.16,85532.4185429952
102.17,85537.11564084627
102.18,85540.2201806286
102.19,85540.72208628901
102.2,85544.60355035981
102.21000000000001,85545.57692721479
102.22,85548.4144794613
102.23,85552.7481110924
102.24000000000001,85555.78753046483
102.25,85556.74732652139
102.26,85561.99015301786
102.27,85563.56036764153
102.28,85566.43026416181
102.29,85569.01571265134
102.3,85571.26166038387
102.31,85574.1743240319
102.32000000000001,85576.7473344817
102.33,85580.85461361102
102.34,85581.72485795867
102.35000000000001,85585.33602557979
102.36,85587.49960718863
102.37,85590.90507268616
102.38,85592.78348568261
102.39,85596.45173799683
102.4,85599.25338291314
102.41,85602.99537465637
102.42,85603.4378864891
102.43,85607.45625113213
102.44,85610.95762466568
102.45,85611.01431032813
102.46000000000001,85615.00898156331
102.47,85618.9446088182
102.48,85622.22756981931
102.49000000000001,85624.22279748654
102.5,85626.81162686627
102.51,85628.56462775392
102.52,85632.48998934527
102.53,85634.15655983619
102.54,85636.84716305292
102.55,85639.90359447605
102.56,85645.14576324105
102.57000000000001,85646.76164179495
102.58,85649.63857433386
102.59,85650.32496201416
102.60000000000001,85654.94934390648
102.61,85656.23969926243
102.62,85660.73002637603
102.63,85663.7199573426
102.64,85665.39659642935
102.65,85667.40101235254
102.66,85670.61876716765
102.67,85672.5041969636
102.68,85677.18761486515
102.69,85679.68172046955
102.7,85681.16848757364
102.71000000000001,85683.20958768229
102.72,85686.16422409106
102.73,85692.39505836793
102.74000000000001,85694.36802422557
102.75,85694.60934538874
102.76,85699.188648391
102.77,85701.59304077043
102.78,85704.07440029687
102.79,85707.12341412193
102.8,85710.11999647827
102.81,85713.74492578892
102.82000000000001,85716.35622131769
102.83,85719.46475365877
102.84,85720.52526678031
102.85000000000001,85725.73936623326
102.86,85727.20397509648
102.87,85729.12165560485
102.88,85734.08978384007
102.89,85734.32979698275
102.9,85737.34662862729
102.91,85739.8795549224
102.92,85743.86285541531
102.93,85744.90373928912
102.94,85747.84134885731
102.95,85751.7570767331
102.96000000000001,85756.42103178601
102.97,85757.86481289486
102.98,85759.96293130176
102.99000000000001,85761.31262473724
103.0,85766.87368690307
103.01,85768.46288062813
103.02,85771.61051207136
103.03,85774.57168298263
103.04,85775.52432303486
103.05,85777.10186300984
103.06,85780.98758817994
103.07000000000001,85784.4826739915
103.08,85787.24358405916
103.09,85789.0705576163
103.10000000000001,85792.31844320924
103.11,85795.1988331821
103.12,85798.68356161645
103.13,85800.82635728747
103.14,85803.25826357803
103.15,85808.111999739
103.16,85808.65354130085
103.17,85810.92515851207
103.18,85814.1496771195
103.19,85817.48855530542
103.2,85819.36801231687
103.21000000000001,85822.36620731463
103.22,85825.71450653391
103.23,85830.13286101984
103.24000000000001,85831.70496012269
103.25,85833.88651735664
103.26,85838.49428299077
103.27,85839.11352825939
103.28,85844.10052413326
103.29,85844.83680284434
103.3,85848.47368399012
103.31,85852.59133149694
103.32000000000001,85854.76609038356
103.33,85855.17855831445
103.34,85858.60092581375
103.35000000000001,85861.91635689666
103.36,85864.93912627139
103.37,85867.71882660294
103.38,85870.91404902608
103.39,85872.50696493727
103.4,85876.15316688792
103.41,85878.55162904205
103.42,85882.30391445523
103.43,85886.84338940849
103.44,85885.93012963253
103.45,85889.21623701682
103.46000000000001,85891.68841200773
103.47,85894.42907240323
103.48,85896.51366897322
103.49000000000001,85900.85839868545
103.5,85902.78232956094
103.51,85904.80854948932
103.52,85910.98682173714
103.53,85910.37901784435
103.54,85916.00171532398
103.55,85918.52760421469
103.56,85921.71257760943
103.57000000000001,85923.94375566934
103.58,85926.55232602921
103.59,85928.24821119371
103.60000000000001,85931.87426256092
103.61,85933.33355766178
103.62,85936.62618262331
103.63,85938.47717148082
103.64,85942.3908727719
103.65,85945.53995493043
103.66,85946.84227145121
103.67,85951.63540257412
103.68,85951.65486971829
103.69,85955.14193788388
103.7,85957.94520077406
103.71000000000001,85960.87462933526
103.72,85964.53975108452
103.73,85967.67995271398
103.74000000000001,85970.66734455102
103.75,85973.00798728455
103.76,85977.77124264429
103.77,85978.23317702061
103.78,85981.33640267195
103.79,85985.63181024762
103.8,85986.83762807572
103.81,85989.14214519424
103.82000000000001,85991.92345630174
103.83,85995.18749225806
103.84,85997.23791043853
103.85000000000001,86000.58882495006
103.86,86003.15053479486
103.87,86007.43073738275
103.88,86006.82133312264
103.89,86010.6423864143
103.9,86013.35673237997
103.91,86014.85672289363
103.92,86019.83108003803
103.93,86022.78479279867
103.94,86024.7373763401
103.95,86029.56309027983
103.96000000000001,86030.24421630858
103.97,86034.82865085111
103.98,86036.08978613585
103.99000000000001,86039.40343368203
104.0,86041.16151316234
104.01,86045.42653873522
104.02,86049.00194529528
104.03,86050.13975889573
104.04,86053.23718798529
104.05,86056.0287161349
104.06,86058.5463256942
104.07000000000001,86060.74495597424
104.08,86065.54676789301
104.09,86068.04966874945
104.10000000000001,86068.93571554923
104.11,86075.14860869365
104.12,86074.39845509875
104.13,86078.54080768116
104.14,86081.94830151615
104.15,86083.81091421423
104.16,86085.6473869104
104.17,86089.40507029854
104.18,86090.59018225798
104.19,86096.14899630299
104.2,86098.14117930055
104.21000000000001,86101.86966408107
104.22,86104.55245266641
104.23,86106.13060756144
104.24000000000001,86108.31477032084
104.25,86110.81978896464
104.26,86114.12560414616
104.27,86117.23904478687
104.28,86121.36659787057
104.29,86123.7525368001
104.3,86126.21031969888
104.31,86127.22711811219
104.32000000000001,86130.55552455023
104.33,86133.22280163575
104.34,86136.99084203957
104.35000000000001,86138.18619296302
104.36,86140.8315014816
104.37,86144.0370638341
104.38,86146.76663471572
104.39,86150.71707052295
104.4,86153.2950160756
104.41,86155.96894804572
104.42,86157.16794120416
104.43,86159.0760015311
104.44,86163.85644613986
104.45,86166.38034708606
104.46000000000001,86170.73077687576
104.47,86170.6495953445
104.48,86175.14468840857
104.49000000000001,86179.50926060318
104.5,86178.88066152742
104.51,86182.7185739541
104.52,86187.38466879011
104.53,86189.29141991463
104.54,86189.41957301176
104.55,86195.39202138183
104.56,86197.208311448
104.57000000000001,86200.35851689133
104.58,86204.50673470194
104.59,86205.12392559797
104.60000000000001,86207.33362655317
104.61,86209.66966481283
104.62,86215.33919118016
104.63,86215.73393327065
104.64,86219.83895243485
104.65,86222.02841930104
104.66,86225.98249531706
104.67,86227.80659450224
104.68,86231.52953810872
104.69,86233.66882478303
104.7,86235.83763493532
104.71000000000001,86240.7156422664
104.72,86242.09217281727
104.73,86243.44795802867
104.74000000000001,86248.06767061123
104.75,86249.92586181917
104.76,86254.45864252295
104.77,86256.19942554219
104.78,86257.18593334524
104.79,86261.59355135645
104.8,86264.070030739
104.81,86268.04790097542
104.82000000000001,86268.91973941443
104.83,86271.95738447955
104.84,86276.40338515764
104.85000000000001,86277.39011364234
104.86,86281.00708890488
104.87,86283.7318801074
104.88,86287.47819913647
104.89,86288.48811485905
104.9,86293.55997419605
104.91,86294.93202107142
104.92,86297.75759870003
104.93,86300.75271151047
104.94,86303.30713544895
104.95,86306.50126794777
104.96000000000001,86308.88198332101
104.97,86313.39619958197
104.98,86312.87466309915
104.99000000000001,86317.50038325356
105.0,86319.40363929904
105.01,86323.25589457691
105.02,86322.91486695615
105.03,86327.377516002
105.04,86329.81690398841
105.05,86334.12505866085
105.06,86336.21352570041
105.07000000000001,86338.52618399185
105.08,86341.84409727046
105.09,86344.53609175507
105.10000000000001,86345.3540047597
105.11,86351.2278485928
105.12,86352.68895903518
105.13,86355.87703306481
105.14,86358.98808732908
105.15,86360.83315648399
105.16,86363.74713177454
105.17,86367.72345192352
105.18,86369.11669439197
105.19,86371.31733129887
105.2,86375.71610108035
105.21000000000001,86379.62851656892
105.22,86381.60151373448
105.23,86384.29559386874
105.24000000000001,86384.75589761209
105.25,86387.98560555068
105.26,86391.8461573716
105.27,86394.9542800243
105.28,86397.192029785
105.29,86399.82824741959
105.3,86403.09916994006
105.31,86403.96105782178
105.32000000000001,86407.50668395948
105.33,86411.38876776848
105.34,86413.17611392826
105.35000000000001,86416.66606178712
105.36,86418.83136476162
105.37,86421.91378355815
105.38,86422.8869267996
105.39,86425.1282992189
105.4,86431.43083525113
105.41,86433.69337417945
105.42,86435.41552542179
105.43,86438.76588315787
105.44,86440.52167579357
105.45,86445.40729935248
105.46000000000001,86447.62949295202
105.47,86448.78195295336
105.48,86454.14925516861
105.49000000000001,86454.65609690582
105.5,86458.10427036628
105.51,86461.5786168624
105.52,86464.95317950135
105.53,86466.66814159666
105.54,86470.60499550839
105.55,86472.05409884204
105.56,86473.54289936392
105.57000000000001,86479.08736746124
105.58,86480.07436278077
105.59,86481.60124276791
105.60000000000001,86485.838754035
105.61,86487.50354636725
105.62,86491.47229376619
105.63,86496.1309364934
105.64,86497.4510810772
105.65,86499.41143521164
105.66,86504.08231030426
105.67,86506.68316972606
105.68,86508.86309550238
105.69,86511.27309815996
105.7,86513.41107425131
105.71000000000001,86516.70825695156
105.72,86519.83534735932
105.73,86522.17715042614
105.74000000000001,86524.80554182078
105.75,86527.56119855201
105.76,86530.74009790152
105.77,86534.81316439972
105.78,86535.60059420766
105.79,86538.28016599128
105.8,86542.962819124
105.81,86543.6752624721
105.82000000000001,86548.08267355872
105.83,86549.55635729358
105.84,86552.68351064836
105.85000000000001,86556.52214672498
105.86,86557.71717890869
105.87,86560.71913871699
105.88,86563.59479885866
105.89,86566.4870564825
105.9,86569.56372790132
105.91,86572.21283495847
105.92,86575.45355453422
105.93,86577.58340421476
105.94,86580.52803030933
105.95,86582.4040149393
105.96000000000001,86586.13598076525
105.97,86588.14492536357
105.98,86589.11723944392
105.99000000000001,86595.08117443208
106.0,86595.55679929865
106.01,86602.20433086056
106.02,86603.70316058066
106.03,86606.99733307732
106.04,86606.57139345122
106.05,86611.4281309769
106.06,86612.19271932385
106.07000000000001,86617.04192781755
106.08,86618.44399911724
106.09,86622.6708299138
106.10000000000001,86625.09853261174
106.11,86628.04494113376
106.12,86629.50427488047
106.13,86632.34655764604
106.14,86635.02999075825
106.15,86638.80188637938
106.16,86641.74307517902
106.17,86642.60229974397
106.18,86646.42317807808
106.19,86650.28109688354
106.2,86655.77395399414
106.21000000000001,86654.5497406573
106.22,86658.99731051437
106.23,86661.67648884104
106.24000000000001,86662.26756162546
106.25,86666.77420459286
106.26,86670.08977610992
106.27,86670.57140468573
106.28,86675.1515435677
106.29,86676.90459290592
106.3,86682.1636268511
106.31,86683.44348616447
106.32000000000001,86684.93582151293
106.33,86689.04152135775
106.34,86692.27363086028
106.35000000000001,86695.07970672804
106.36,86696.31829472174
106.37,86699.9793492072
106.38,86704.41906296893
106.39,86704.85219701429
106.4,86709.78840923995
106.41,86710.54770370689
106.42,86714.0031449316
106.43,86715.5974002357
106.44,86720.82990677653
106.45,86721.55630470414
106.46000000000001,86725.63097932388
106.47,86730.0388786004
106.48,86731.5856833631
106.49000000000001,86734.77553431729
106.5,86736.75051643811
106.51,86739.42949683782
106.52,86741.54531241336
106.53,86745.67299657805
106.54,86746.68274354002
106.55,86751.19829775103
106.56,86752.96019462548
106.57000000000001,86755.21798597633
106.58,86758.5525244066
106.59,86762.23085234703
106.60000000000001,86764.40241354881
106.61,86768.51111188279
106.62,86770.74330033181
106.63,86771.3939171287
106.64,86774.389125883
106.65,86778.3663359732
106.66,86781.01974043444
106.67,86784.61797712339
106.68,86785.58327665947
106.69,86789.73549651388
106.7,86793.20792514647
106.71000000000001,86793.78660817888
106.72,86797.5593780132
106.73,86800.36881694368
106.74000000000001,86802.67765816975
106.75,86805.67782783523
106.76,86808.88281740593
106.77,86811.12320288323
106.78,86814.5887426421
106.79,86815.98333226432
106.8,86817.47145683813
106.81,86821.75084431567
106.82000000000001,86825.97317306661
106.83,86825.86769147529
106.84,86831.37746968876
106.85000000000001,86832.67743193299
106.86,86836.87744735685
106.87,86838.30208680681
106.88,86840.43223981149
106.89,86845.51071356396
106.9,86849.09261445102
106.91,86850.69375337289
106.92,86853.36473541611
106.93,86856.74542536394
106.94,86858.75977179097
106.95,86861.01715663382
106.96000000000001,86863.66038864559
106.97,86866.93567205772
106.98,86869.63436503954
106.99000000000001,86873.0465237148
107.0,86876.51095116798
107.01,86879.15966417943
107.02,86882.11118982984
107.03,86883.90569151286
107.04,86887.83145307023
107.05,86889.25688777445
107.06,86892.30252715797
107.07000000000001,86895.65080803304
107.08,86898.87208422698
107.09,86901.26075406201
107.10000000000001,86902.623734096
107.11,86906.08417601699
107.12,86909.64515446815
107.13,86910.85111645683
107.14,86916.36209489458
107.15,86916.73714757542
107.16,86920.59923951728
107.17,86922.31671962824
107.18,86926.53181273723
107.19,86927.73643701442
107.2,86931.2904666357
107.21000000000001,86932.8694448584
107.22,86937.37886044916
107.23,86940.4996050035
107.24000000000001,86940.81192552597
107.25,86944.06503395844
107.26,86949.33154137665
107.27,86950.95113065255
107.28,86953.49894319376
107.29,86955.81975929168
107.3,86959.22968760756
107.31,86960.11307737976
107.32000000000001,86965.26691530389
107.33,86968.18467985043
107.34,86970.68741260961
107.35000000000001,86971.23901581796
107.36,86975.80492432612
107.37,86978.44078523976
107.38,86980.49554673044
107.39,86982.89426249232
107.4,86987.50825309569
107.41,86990.18486815042
107.42,86992.14948183342
107.43,86994.35651522077
107.44,86997.52647533706
107.45,87001.23050959271
107.46000000000001,87004.39418089746
107.47,87005.96821548506
107.48,87008.88295516995
107.49000000000001,87011.98624967816
107.5,87012.70944061285
107.51,87018.03133356913
107.52,87018.80993651378
107.53,87022.61880046372
107.54,87025.19995128899
107.55,87030.02508432277
107.56,87029.62127884547
107.57000000000001,87034.65693639789
107.58,87035.85307124993
107.59,87041.19497972325
107.60000000000001,87042.71243521897
107.61,87044.04678604822
107.62,87048.18908512183
107.63,87051.09377919551
107.64,87053.44028111626
107.65,87054.79575762295
107.66,87058.73651848926
107.67,87060.81674562163
107.68,87063.49441965777
107.69,87068.36778094113
107.7,87071.12564837313
107.71000000000001,87072.62243465887
107.72,87077.07559308657
107.73,87079.38850182178
107.74000000000001,87082.03610675594
107.75,87084.95876674526
107.76,87086.58526019937
107.77,87089.21445650143
107.78,87093.74380199867
107.79,87096.18697010688
107.8,87098.77773182513
107.81,87099.23133508801
107.82000000000001,87103.2034019379
107.83,87107.52989835742
107.84,87111.68702819681
107.85000000000001,87111.20940375108
107.86,87117.03479183509
107.87,87116.45985824717
107.88,87119.12588033821
107.89,87123.81900555769
107.9,87125.5937072379
107.91,87129.413978796
107.92,87131.45386499117
107.93,87133.31777501233
107.94,87138.54798137542
107.95,87141.42213099761
107.96000000000001,87144.69129963728
107.97,87144.63693526741
107.98,87148.48246477713
107.99000000000001,87150.50280453818
108.0,87155.21808626388
108.01,87158.38269246867
108.02,87160.24310019678
108.03,87162.27338127236
108.04,87164.97862716022
108.05,87167.23380825321
108.06,87168.9756454129
108.07000000000001,87173.65378686565
108.08,87177.24371954918
108.09,87178.40737661306
108.10000000000001,87181.42675937114
108.11,87184.1178457895
108.12,87188.12459152458
108.13,87188.16754353992
108.14,87192.02854966871
108.15,87196.75916287822
108.16,87198.46852223239
108.17,87202.28382668947
108.18,87207.35063964596
108.19,87206.63706486442
108.2,87209.9332597587
108.21000000000001,87212.11084179985
108.22,87215.69277135987
108.23,87219.45341496517
108.24000000000001,87222.50809227947
108.25,87223.44428378857
108.26,87226.80460839481
108.27,87230.28113510675
108.28,87232.75676514662
108.29,87234.9834897706
108.3,87238.71443860985
108.31,87241.77353385737
108.32000000000001,87243.47190999682
108.33,87246.81003952502
108.34,87249.36341523171
108.35000000000001,87251.79649341763
108.36,87254.15241735871
108.37,87257.34677900342
108.38,87259.4321434539
108.39,87264.295112368
108.4,87265.85250941258
108.41,87268.8815521803
108.42,87271.34203664484
108.43,87274.62190125162
108.44,87276.05916515108
108.45,87281.25799956344
108.46000000000001,87281.89240533565
108.47,87284.17079326662
108.48,87288.67709275585
108.49000000000001,87291.26018124995
108.5,87293.67555122264
108.51,87295.4088603844
108.52,87299.43809952038
108.53,87301.93314784621
108.54,87306.41810630487
108.55,87306.10359450645
108.56,87310.4742770277
108.57000000000001,87313.23222178346
108.58,87317.07679333138
108.59,87321.91456973103
108.60000000000001,87321.58328741563
108.61,87322.64402752537
108.62,87329.49750300783
108.63,87330.39134055442
108.64,87332.63734494461
108.65,87334.48110746188
108.66,87337.36021097931
108.67,87341.23459968175
108.68,87343.78101157388
108.69,87347.50135008305
108.7,87348.37522008902
108.71000000000001,87352.59349755672
108.72,87354.56890079619
108.73,87360.32982924301
108.74000000000001,87358.39329426245
108.75,87362.71985473523
108.76,87365.93166916544
108.77,87367.96074251305
108.78,87371.59338401553
108.79,87375.49285287531
108.8,87375.44549987906
108.81,87380.38778201929
108.82000000000001,87383.01374987853
108.83,87385.52002968705
108.84,87388.71279812162
108.85000000000001,87391.40986562343
108.86,87394.56648534439
108.87,87396.21826958653
108.88,87399.63833223192
108.89,87402.90890955187
108.9,87405.74443156656
108.91,87408.15044668158
108.92,87411.21181303619
108.93,87415.01709217572
108.94,87419.01817288247
108.95,87419.03011840406
108.96000000000001,87421.20112140257
108.97,87423.81450956868
108.98,87425.99447305527
108.99000000000001,87430.170390421
109.0,87432.76603185051
109.01,87436.80319979406
109.02,87437.4467082954
109.03,87442.2356810015
109.04,87443.46846648026
109.05,87447.44621469488
109.06,87450.05320018371
109.07000000000001,87453.08899795085
109.08,87454.94941065829
109.09,87461.8445335312
109.10000000000001,87460.07674302082
109.11,87463.79139806297
109.12,87466.84805350853
109.13,87469.28844409148
109.14,87470.95686508676
109.15,87475.55557466974
109.16,87477.65825809767
109.17,87481.91966310555
109.18,87480.8997556085
109.19,87485.97641653122
109.2,87488.5595639999
109.21000000000001,87491.2123151455
109.22,87494.83891840503
109.23,87498.16980806646
109.24000000000001,87499.50619500651
109.25,87502.49306785772
109.26,87506.41703674379
109.27,87508.6690500115
109.28,87509.68761910875
109.29,87514.64234149281
109.3,87516.55976931509
109.31,87520.64814452978
109.32000000000001,87522.15942869395
109.33,87525.01673193692
109.34,87527.98876749536
109.35000000000001,87530.8180746624
109.36,87533.48558787188
109.37,87536.6587556655
109.38,87541.384501312
109.39,87542.57819967356
109.4,87543.75739676526
109.41,87547.1765836792
109.42,87549.69666736292
109.43,87552.96713040594
109.44,87558.8108502675
109.45,87559.26432979509
109.46000000000001,87561.86484871652
109.47,87564.38356765787
109.48,87566.73955089343
109.49000000000001,87569.77921778512
109.5,87574.0241180346
109.51,87575.9956520092
109.52,87578.8570723429
109.53,87583.66683421363
109.54,87583.49196789761
109.55,87587.07009739979
109.56,87589.30620440978
109.57000000000001,87593.66217287211
109.58,87593.6359526746
109.59,87598.59269940085
109.60000000000001,87599.89565854377
109.61,87605.06811970644
109.62,87607.73065038076
109.63,87611.13927144288
109.64,87610.68758325158
109.65,87616.622126873
109.66,87617.29410538387
109.67,87621.0890531808
109.68,87622.91184031928
109.69,87625.65512555162
109.7,87628.90658770366
109.71000000000001,87632.9637247528
109.72,87634.1280972104
109.73,87637.11816074468
109.74000000000001,87640.02740127359
109.75,87645.00079874242
109.76,87647.16724825406
109.77,87646.44250162557
109.78,87651.14745420213
109.79,87653.73430139912
109.8,87656.48374718877
109.81,87660.41876106983
109.82000000000001,87662.2531092905
109.83,87664.6096547971
109.84,87667.78318345826
109.85000000000001,87671.3453069563
109.86,87672.16042054647
109.87,87676.57811136512
109.88,87676.20665832667
109.89,87682.57630278435
109.9,87684.93450219205
109.91,87687.30045151159
109.92,87690.20451542649
109.93,87694.83735807195
109.94,87694.18424556873
109.95,87697.61168030667
109.96000000000001,87701.97115637148
109.97,87703.69361480333
109.98,87708.70025668979
109.99000000000001,87709.68936306638
110.0,87712.50751495663
110.01,87716.32157394546
110.02,87718.11714017134
110.03,87719.9638985741
110.04,87723.82263123964
110.05,87727.11617852189
110.06,87729.4674267364
110.07000000000001,87731.71965718236
110.08,87734.37417275274
110.09,87739.46229706361
110.10000000000001,87740.85337064645
110.11,87743.8411429079
110.12,87746.6008510187
110.13,87750.92162752079
110.14,87751.0954302748
110.15,87754.61494540874
110.16,87756.29688749225
110.17,87762.47823711102
110.18,87762.51427488493
110.19,87766.55666449395
110.2,87768.46392789588
110.21000000000001,87769.04336851704
110.22,87773.47769287697
110.23,87777.0611024202
110.24000000000001,87778.6390778878
110.25,87780.96405626363
110.26,87784.99767393761
110.27,87788.17583071307
110.28,87789.30162115535
110.29,87793.75135388032
110.3,87796.73805269598
110.31,87798.96820637665
110.32000000000001,87802.71091172498
110.33,87803.92510907455
110.34,87809.67214285312
110.35000000000001,87811.33233068165
110.36,87813.35259614594
110.37,87817.33047845057
110.38,87820.33424688625
110.39,87822.61276645104
110.4,87823.3389418625
110.41,87828.9809458032
110.42,87830.27559253217
110.43,87832.64139657053
110.44,87834.17728958133
110.45,87838.4084123646
110.46000000000001,87842.15676885119
110.47,87844.09074986225
110.48,87848.6976986934
110.49000000000001,87849.8714711046
110.5,87850.17620943915
110.51,87855.35940253308
110.52,87859.46648571489
110.53,87860.78299628008
110.54,87865.42853736362
110.55,87866.30613353424
110.56,87870.55909418126
110.57000000000001,87871.7133258625
110.58,87874.921678867
110.59,87877.92100723284
110.60000000000001,87881.31747607174
110.61,87883.89031148747
110.62,87885.1605978648
110.63,87889.11465748583
110.64,87891.57008253271
110.65,87894.26865143515
110.66,87895.60624976682
110.67,87901.84733182138
110.68,87903.75783900196
110.69,87906.14639060677
110.7,87910.50932613744
110.71000000000001,87911.68856356315
110.72,87912.63523418129
110.73,87917.23772662113
110.74000000000001,87918.9406398233
110.75,87922.5545982633
110.76,87924.90674387105
110.77,87928.97245101056
110.78,87929.5292926909
110.79,87934.39177844455
110.8,87937.14315533884
110.81,87936.76719235168
110.82000000000001,87940.82656555729
110.83,87945.2444505371
110.84,87948.24691578423
110.85000000000001,87952.68812674753
110.86,87953.74725605968
110.87,87956.18220949906
110.88,87959.39234382016
110.89,87961.71320054258
110.9,87964.89217217501
110.91,87967.51506505345
110.92,87970.11668527157
110.93,87971.57470019921
110.94,87977.12292021174
110.95,87978.81546938578
110.96000000000001,87982.48325137862
110.97,87984.19417984459
110.98,87986.94146996822
110.99000000000001,87990.03607940493
111.0,87991.69048628293
111.01,87995.53803870188
111.02,88000.12913654199
111.03,87999.5683712582
111.04,88005.70810363075
111.05,88006.1427119831
111.06,88010.29318059627
111.07000000000001,88013.94403495983
111.08,88016.04876982936
111.09,88017.00430152233
111.10000000000001,88020.10157977005
111.11,88022.48033288903
111.12,88025.69564422536
111.13,88028.24909066281
111.14,88029.9345526687
111.15,88035.60514985534
111.16,88036.74700774775
111.17,88038.14191773959
111.18,88043.07844452771
111.19,88047.3492842326
111.2,88048.576544272
111.21000000000001,88050.17673617243
111.22,88054.18830038796
111.23,88057.34218993677
111.24000000000001,88058.87305017635
111.25,88062.63169621282
111.26,88067.57597141192
111.27,88066.60486036901
111.28,88069.12112469184
111.29,88073.91298575421
111.3,88079.1579240971
111.31,88077.31479664889
111.32000000000001,88081.70609872916
111.33,88085.85303789999
111.34,88086.43287814118
111.35000000000001,88089.32473423169
111.36,88092.65956888517
111.37,88096.13368088545
111.38,88098.94971666815
111.39,88102.54422003045
111.4,88105.37255965368
111.41,88108.30428569698
111.42,88110.02986107243
111.43,88113.61175490996
111.44,88116.97726753759
111.45,88118.1873173974
111.46000000000001,88121.33060901497
111.47,88125.49765296032
111.48,88127.75843704287
111.49000000000001,88128.45916231003
111.5,88131.76985412634
111.51,88135.35645014072
111.52,88139.51680611871
111.53,88141.10484467492
111.54,88144.82023641428
111.55,88146.19680187257
111.56,88150.49953738287
111.57000000000001,88154.49080639842
111.58,88155.82873765784
111.59,88158.03960120499
111.60000000000001,88161.40717091013
111.61,88164.05823395196
111.62,88166.54601196991
111.63,88169.54030644373
111.64,88173.4436735876
111.65,88174.3565950939
111.66,88177.17558214218
111.67,88180.39017968626
111.68,88183.2269593949
111.69,88188.6110188862
111.7,88188.05530873907
111.71000000000001,88192.21238315634
111.72,88195.89689528738
111.73,88196.02863219916
111.74000000000001,88198.091661297
111.75,88203.10567998193
111.76,88203.62922594533
111.77,88209.0339955428
111.78,88209.68487723987
111.79,88213.1332390303
111.8,88217.4597837855
111.81,88220.67922478593
111.82000000000001,88222.82302096144
111.83,88225.33365256482
111.84,88227.73109494401
111.85000000000001,88229.16788923265
111.86,88232.92282128104
111.87,88237.21591937257
111.88,88239.94896617302
111.89,88243.78764728167
111.9,88245.44516710677
111.91,88248.49050716877
111.92,88250.47011466783
111.93,88251.50402284284
111.94,88257.68287873868
111.95,88260.70839401726
111.96000000000001,88262.12303802872
111.97,88264.38620743106
111.98,88267.89952035101
111.99000000000001,88270.22708146006
112.0,88274.47474115781
112.01,88276.35466389876
112.02,88279.29729425967
112.03,88282.56149386824
112.04,88286.05156955188
112.05,88287.52248002494
112.06,88290.35827053364
112.07000000000001,88292.86799221205
112.08,88295.57870501245
112.09,88298.24703194061
112.10000000000001,88301.07607872359
112.11,88303.32534248325
112.12,88307.92878882105
112.13,88310.47684349307
112.14,88312.37741083188
112.15,88315.30299477703
112.16,88316.44571261073
112.17,88320.61986334829
112.18,88324.48781114764
112.19,88325.81238314944
112.2,88331.4674652183
112.21000000000001,88332.73081730542
112.22,88335.41722002528
112.23,88337.15626488665
112.24000000000001,88340.83805046341
112.25,88342.5943017134
112.26,88346.75952317262
112.27,88347.90220488545
112.28,88353.31005584945
112.29,88354.58683764063
112.3,88356.7860578304
112.31,88361.21500781075
112.32000000000001,88363.02575817145
112.33,88365.69365075006
112.34,88367.74364839292
112.35000000000001,88373.25909425961
112.36,88373.53641259496
112.37,88377.81687512444
112.38,88380.27519201857
112.39,88380.8518323383
112.4,88386.65446423531
112.41,88386.87820179903
112.42,88392.12763788154
112.43,88393.53550519499
112.44,88396.93391059701
112.45,88400.28511647212
112.46000000000001,88403.37218200421
112.47,88405.70446087065
112.48,88408.68406419917
112.49000000000001,88409.66983673889
112.5,88412.28424368855
112.51,88415.14047909644
112.52,88419.8428461982
112.53,88421.50377707173
112.54,88423.25815292842
112.55,88428.55615249005
112.56,88427.94703634013
112.57000000000001,88430.69714626722
112.58,88435.71292758523
112.59,88438.7547065387
112.60000000000001,88440.78101367754
112.61,88442.89840114019
112.62,88448.32309228939
112.63,88450.18604135803
112.64,88453.07747288047
112.65,88457.42264735102
112.66,88457.81246486025
112.67,88461.35355305462
112.68,88464.16924361857
112.69,88467.40844688269
112.7,88469.03663763858
112.71000000000001,88473.29763433758
112.72,88474.31022138924
112.73,88479.34206104753
112.74000000000001,88479.92424712602
112.75,88483.99151976047
112.76,88485.36285205965
112.77,88490.4476503329
112.78,88492.14837026426
112.79,88494.8395125912
112.8,88498.0815703369
112.81,88499.92967334583
112.82000000000001,88504.83403044041
112.83,88506.6553673522
112.84,88510.96317129751
112.85000000000001,88509.8545010336
112.86,88515.68648470085
112.87,88517.74794726355
112.88,88519.90686136189
112.89,88523.20929032422
112.9,88524.87008541993
112.91,88529.79458430313
112.92,88530.61445837788
112.93,88536.56489483733
112.94,88536.29519958781
112.95,88538.18041193095
112.96000000000001,88543.08038472116
112.97,88544.80074596043
112.98,88549.30476756956
112.99000000000001,88550.04223683763
113.0,88554.91669752586
113.01,88555.38202740118
113.02,88559.91199163253
113.03,88563.05956077609
113.04,88565.6919168843
113.05,88568.46867203663
113.06,88570.38078975062
113.07000000000001,88573.76527078611
113.08,88575.44989876174
113.09,88578.55467361922
113.10000000000001,88582.13604794687
113.11,88583.68470690247
113.12,88588.60538073709
113.13,88589.52332151489
113.14,88594.17834093222
113.15,88596.02017138245
113.16,88599.43243540665
113.17,88601.5401654271
113.18,88604.29904704918
113.19,88605.1073261627
113.2,88610.8735559181
113.21000000000001,88612.71637637404
113.22,88616.2829043119
113.23,88617.40179244468
113.24000000000001,88620.53653615076
113.25,88624.2167954753
113.26,88626.37853895345
113.27,88632.2476945229
113.28,88632.38143450629
113.29,88634.50379896321
113.3,88637.29551770953
113.31,88641.16840151952
113.32000000000001,88644.19777917389
113.33,88645.93370615385
113.34,88648.9453107166
113.35000000000001,88651.58624278157
113.36,88655.14817780681
113.37,88659.11705673586
113.38,88659.06735838568
113.39,88662.84252628556
113.4,88666.30419127972
113.41,88670.49919129252
113.42,88670.87151401916
113.43,88674.5187400237
113.44,88677.99674283242
113.45,88679.52178800704
113.46000000000001,88682.7617834586
113.47,88686.94320426928
113.48,88688.21338658353
113.49000000000001,88692.1490168604
113.5,88692.67023014568
113.51,88698.75279342785
113.52,88698.26061122134
113.53,88703.23630450133
113.54,88705.92629049948
113.55,88710.90875642309
113.56,88710.62798330936
113.57000000000001,88714.50975805886
113.58,88717.0430825353
113.59,88719.53179088868
113.60000000000001,88723.23817126847
113.61,88724.57411073001
113.62,88727.53754127391
113.63,88733.54199477055
113.64,88732.90875641989
113.65,88736.5497958605
113.66,88738.35062689029
113.67,88743.31387047344
113.68,88745.22808154748
113.69,88747.4535897697
113.7,88750.37735364561
113.71000000000001,88754.71743528005
113.72,88756.79115322254
113.73,88756.93863536122
113.74000000000001,88761.80890121253
113.75,88764.73104050194
113.76,88770.31644980342
113.77,88771.65578007461
113.78,88772.72831288226
113.79,88774.21044687844
113.8,88779.39934544399
113.81,88781.01198516467
113.82000000000001,88785.7148741013
113.83,88788.31746599666
113.84,88789.42181982571
113.85000000000001,88792.89979413652
113.86,88795.06986570133
113.87,88798.31207939029
113.88,88802.62639238924
113.89,88805.38859982914
113.9,88804.38793383159
113.91,88811.78593331377
113.92,88811.93793954082
113.93,88815.37234789434
113.94,88818.89769637315
113.95,88820.60423469136
113.96000000000001,88821.596598795
113.97,88825.18095649405
113.98,88830.92267574932
113.99000000000001,88833.28564254547
114.0,88835.4014024813
114.01,88840.02916261749
114.02,88841.49607368253
114.03,88843.88193676688
114.04,88845.63359041956
114.05,88850.54500057656
114.06,88853.35780665382
114.07000000000001,88855.36888160794
114.08,88859.74454631314
114.09,88861.99781039513
114.10000000000001,88861.85008089186
114.11,88866.81061912037
114.12,88868.4733724223
114.13,88868.37059473331
114.14,88874.51870129004
114.15,88875.75365164342
114.16,88881.30964861282
114.17,88882.79624138356
114.18,88887.08250031355
114.19,88888.81751788234
114.2,88892.84299079368
114.21000000000001,88893.8111269413
114.22,88896.97581333018
114.23,88900.19630341923
114.24000000000001,88903.50194753411
114.25,88908.09804205602
114.26,88908.72350138123
114.27,88909.43813939898
114.28,88914.18947487284
114.29,88915.8996177472
114.3,88920.08033637355
114.31,88920.57932622674
114.32000000000001,88927.6740898947
114.33,88928.30822019465
114.34,88931.40500480268
114.35000000000001,88933.34234044685
114.36,88936.81106491765
114.37,88938.46872367017
114.38,88943.09615620864
114.39,88945.51341955432
114.4,88948.29282396249
114.41,88951.11266230553
114.42,88953.83175228453
114.43,88957.48608943349
114.44,88959.12442787646
114.45,88960.33439330166
114.46000000000001,88965.09790826107
114.47,88967.87192400519
114.48,88970.74990550501
114.49000000000001,88972.43411516257
114.5,88975.07284818903
114.51,88980.59051432855
114.52,88983.75135606484
114.53,88985.10059393449
114.54,88987.33034036249
114.55,88991.10804816539
114.56,88995.07876748858
114.57000000000001,88995.9332578388
114.58,88999.65866827258
114.59,89001.3875556869
114.60000000000001,89004.51474360275
114.61,89007.4964673014
114.62,89011.1910016188
114.63,89011.86026295851
114.64,89015.88369679892
114.65,89018.11026060504
114.66,89020.11163403731
114.67,89022.71391376054
114.68,89027.74848003993
114.69,89031.1058140053
114.7,89031.23524514733
114.71000000000001,89034.83689572588
114.72,89038.69594344482
114.73,89039.85470731554
114.74000000000001,89043.64626671867
114.75,89046.41032402717
114.76,89049.37073987206
114.77,89052.20625971684
114.78,89054.84559797698
114.79,89057.08868211208
114.8,89061.81602309633
114.81,89063.2953397312
114.82000000000001,89065.85331395658
114.83,89069.72482881632
114.84,89071.28243351617
114.85000000000001,89075.55736329674
114.86,89078.21140813308
114.87,89078.95706633257
114.88,89082.72924921516
114.89,89085.8744057379
114.9,89087.26883053912
114.91,89091.91806795615
114.92,89097.36133344573
114.93,89097.78772401735
114.94,89098.79762835988
114.95,89101.77689568492
114.96000000000001,89106.516991536
114.97,89109.99213362375
114.98,89109.8711871766
114.99000000000001,89114.07454828412
115.0,89116.26640215288
115.01,89120.2841881473
115.02,89122.41262562327
115.03,89125.4497284002
115.04,89127.98590892322
115.05,89132.46529204474
115.06,89135.30346838859
115.07000000000001,89137.62226487111
115.08,89137.97362827118
115.09,89143.33336572065
115.10000000000001,89146.68276991973
115.11,89146.95262194928
115.12,89151.16879107097
115.13,89153.5953797376
115.14,89155.35216698363
115.15,89160.17464190113
115.16,89161.23020339281
115.17,89165.61908661156
115.18,89166.93870841729
115.19,89169.25228278531
115.2,89173.31156803913
115.21000000000001,89174.07202114648
115.22,89178.74866585153
115.23,89182.49329986022
115.24000000000001,89184.51272731122
115.25,89187.09260270912
115.26,89190.92576632932
115.27,89194.02567144683
115.28,89195.51757596676
115.29,89200.02381017848
115.3,89203.05928272165
115.31,89204.15380376035
115.32000000000001,89207.54195553425
115.33,89207.97670710385
115.34,89213.32194182988
115.35000000000001,89216.23714755928
115.36,89218.92775220255
115.37,89221.00419452497
115.38,89225.53990479052
115.39,89224.88682298745
115.4,89229.39303641567
115.41,89232.05601474844
115.42,89235.32227642412
115.43,89239.62731124122
115.44,89240.65033057974
115.45,89244.26097928359
115.46000000000001,89247.27124952781
115.47,89250.94820031695
115.48,89251.9644978753
115.49000000000001,89256.18567830132
115.5,89258.64116985003
115.51,89261.70046590269
115.52,89263.5194762412
115.53,89264.20921100336
115.54,89271.12775038945
115.55,89273.32759556855
115.56,89275.29235833266
115.57000000000001,89277.36208441787
115.58,89280.90250307777
115.59,89282.74139513902
115.60000000000001,89287.65733399185
115.61,89290.25820680034
115.62,89292.69542262751
115.63,89295.68159751118
115.64,89296.68534668243
115.65,89301.97953441482
115.66,89302.91183207383
115.67,89306.75173568535
115.68,89309.74160184251
115.69,89311.72989188768
115.7,89314.98053168728
115.71000000000001,89316.73402891707
115.72,89319.94724456583
115.73,89321.62119985331
115.74000000000001,89324.15276764228
115.75,89329.58036520678
115.76,89332.44758778479
115.77,89334.7832846507
115.78,89338.52627788918
115.79,89342.70418930962
115.8,89342.72200717946
115.81,89345.92068571123
115.82000000000001,89349.4591438776
115.83,89350.12430581346
115.84,89354.5645199191
115.85000000000001,89357.33926320223
115.86,89360.45053866756
115.87,89362.16154937347
115.88,89365.10914902731
115.89,89369.90498113183
115.9,89372.29769516955
115.91,89373.86864745688
115.92,89374.47334228177
115.93,89379.905556721
115.94,89383.16397165057
115.95,89383.46874535352
115.96000000000001,89388.19266118911
115.97,89390.20729881554
115.98,89393.3614872373
115.99000000000001,89395.54270257824
116.0,89400.2040309641
116.01,89402.18378089857
116.02,89404.76684923186
116.03,89406.76341892053
116.04,89410.58227408367
116.05,89412.19029116168
116.06,89418.9568991785
116.07000000000001,89419.07761630112
116.08,89420.81090449031
116.09,89424.95742057667
116.10000000000001,89427.33191477288
116.11,89430.88459036476
116.12,89433.35552016902
116.13,89437.72607223243
116.14,89439.83587690497
116.15,89441.95532971961
116.16,89446.75243777993
116.17,89446.28033246886
116.18,89449.57548423044
116.19,89454.15621295587
116.2,89457.54575845358
116.21000000000001,89458.92757054389
116.22,89461.79619192114
116.23,89463.79473743061
116.24000000000001,89466.76935087836
116.25,89469.2501533692
116.26,89472.38316476953
116.27,89476.34794101122
116.28,89480.27047999275
116.29,89480.8223856106
116.3,89483.73048935333
116.31,89487.82284301094
116.32000000000001,89491.10125395842
116.33,89493.015883791
116.34,89495.04712162023
116.35000000000001,89499.85645880546
116.36,89501.24403987243
116.37,89504.7674154451
116.38,89506.37276018244
116.39,89508.36347321719
116.4,89512.04922004018
116.41,89515.49610966352
116.42,89516.2892750824
116.43,89521.66852586264
116.44,89523.27608907086
116.45,89527.82688478877
116.46000000000001,89529.39203713043
116.47,89531.56667999456
116.48,89534.08119423967
116.49000000000001,89539.18918973132
116.5,89541.9050191748
116.51,89541.51022406809
116.52,89546.17868622697
116.53,89546.73740201321
116.54,89551.8450192733
116.55,89553.64322692396
116.56,89557.1137679274
116.57000000000001,89560.7784955667
116.58,89562.22596736002
116.59,89566.52811297911
116.60000000000001,89568.41315297953
116.61,89572.57725947403
116.62,89576.1995434956
116.63,89577.95048119122
116.64,89581.15803997127
116.65,89582.63591329326
116.66,89586.27019212098
116.67,89587.91927674321
116.68,89589.61543787771
116.69,89593.01234247853
116.7,89598.16524088109
116.71000000000001,89600.36122454808
116.72,89603.77736505224
116.73,89605.41220419282
116.74000000000001,89608.95544814208
116.75,89611.0017830274
116.76,89613.40206614388
116.77,89616.78375166674
116.78,89619.92014844602
116.79,89621.39319986389
116.8,89625.66631116989
116.81,89626.55801630122
116.82000000000001,89630.72057856891
116.83,89635.05695754722
116.84,89638.05504491029
116.85000000000001,89640.54873971555
116.86,89643.34000430355
116.87,89646.20810892132
116.88,89647.6793210028
116.89,89650.6789647936
116.9,89653.32903289342
116.91,89657.02589409226
116.92,89657.59384241859
116.93,89662.77012349869
116.94,89664.38261371724
116.95,89666.64897426098
116.96000000000001,89671.39827419442
116.97,89672.37305768306
116.98,89677.17399265342
116.99000000000001,89679.07749598694
117.0,89681.51912406646
117.01,89685.43531876229
117.02,89689.26698970557
117.03,89690.3477862367
117.04,89691.10218958821
117.05,89695.72737421149
117.06,89699.80671887242
117.07000000000001,89703.05015730081
117.08,89704.04178472894
117.09,89704.56772663345
117.10000000000001,89710.88321831283
117.11,89714.85373574827
117.12,89717.25932773549
117.13,89719.59961152713
117.14,89720.8475878563
117.15,89724.07776620485
117.16,89727.50478030762
117.17,89731.37689960399
117.18,89731.58863735475
117.19,89735.50923403031
117.2,89738.90871957902
117.21000000000001,89741.58674841034
117.22,89743.50364175493
117.23,89746.35602474182
117.24000000000001,89750.04295698757
117.25,89753.27826253432
117.26,89755.79325546203
117.27,89758.70885552414
117.28,89759.00205583639
117.29,89762.86208488814
117.3,89767.61093245685
117.31,89769.36438641221
117.32000000000001,89772.93571463737
117.33,89774.37343727103
117.34,89777.17438645191
117.35000000000001,89781.53004525151
117.36,89784.89927901451
117.37,89787.72640595771
117.38,89790.17147274272
117.39,89792.09347005747
117.4,89796.75164194599
117.41,89798.24668988204
117.42,89801.7622524673
117.43,89803.90076971934
117.44,89807.07119530607
117.45,89809.3210142992
117.46000000000001,89811.73410260622
117.47,89813.8008535298
117.48,89817.95917667635
117.49000000000001,89822.53527215295
117.5,89822.4845434734
117.51,89828.36609264137
117.52,89828.80744028385
117.53,89833.07028434296
117.54,89834.51043925558
117.55,89836.254359355
117.56,89841.21965580551
117.57000000000001,89844.19762394397
117.58,89846.14045573249
117.59,89849.64263678828
117.60000000000001,89851.7331011623
117.61,89854.34647430111
117.62,89857.10391147324
117.63,89860.09344566277
117.64,89863.3232949329
117.65,89865.72711453453
117.66,89869.76469722154
117.67,89871.55606503043
117.68,89874.4783264781
117.69,89879.05405607281
117.7,89879.46403332835
117.71000000000001,89883.28108985016
117.72,89884.51604927989
117.73,89888.35828512261
117.74000000000001,89891.7148359448
117.75,89895.35817393387
117.76,89897.75542535253
117.77,89900.2235745223
117.78,89903.68061999328
117.79,89904.9710971502
117.8,89909.91714636779
117.81,89910.0941525889
117.82000000000001,89916.44317445373
117.83,89915.90715395802
117.84,89919.81780961448
117.85000000000001,89921.60884261022
117.86,89926.035233633
117.87,89928.15737151986
117.88,89931.4956122979
117.89,89935.1842617103
117.9,89937.14660225005
117.91,89939.91584170237
117.92,89941.26443780595
117.93,89944.33040223569
117.94,89948.57668053794
117.95,89951.26279331738
117.96000000000001,89952.79557854953
117.97,89957.91788126825
117.98,89959.51905694418
117.99000000000001,89961.9665190021
118.0,89966.26321163411
118.01,89965.88885018154
118.02,89971.6533272204
118.03,89972.9134029102
118.04,89976.16843820941
118.05,89979.5276741675
118.06,89983.2503051456
118.07000000000001,89985.8627944176
118.08,89987.2498979679
118.09,89990.52752126368
118.10000000000001,89993.81390037778
118.11,89996.52682462544
118.12,89998.11954041447
118.13,90003.66110562242
118.14,90003.43680934345
118.15,90007.13858342823
118.16,90010.76797750109
118.17,90012.11540954093
118.18,90017.83799642377
118.19,90020.29013665066
118.2,90022.85098780128
118.21000000000001,90025.79306139801
118.22,90029.08604953023
118.23,90029.91252564
118.24000000000001,90034.24531844126
118.25,90035.36554247527
118.26,90038.5267835151
118.27,90042.02322840969
118.28,90045.60762463539
118.29,90047.12807313332
118.3,90051.5042368054
118.31,90053.20743152067
118.32000000000001,90055.03606875165
118.33,90057.81501334254
118.34,90062.76824710437
118.35000000000001,90065.34581450313
118.36,90066.72322834138
118.37,90071.4820212133
118.38,90072.17742363937
118.39,90077.43405556543
118.4,90077.60516593802
118.41,90081.74247111616
118.42,90082.75421539499
118.43,90088.0610848509
118.44,90091.25200292881
118.45,90093.75803330785
118.46000000000001,90096.06699740015
118.47,90099.95623904066
118.48,90103.6212021998
118.49000000000001,90103.05802654248
118.5,90107.87199622334
118.51,90108.33694536748
118.52,90113.09440047819
118.53,90115.74177727042
118.54,90118.78737631445
118.55,90119.68472358426
118.56,90123.83170349599
118.57000000000001,90126.83655598214
118.58,90129.04223999132
118.59,90135.36155531836
118.60000000000001,90134.8661537604
118.61,90140.54965968536
118.62,90141.38134925147
118.63,90144.45541443258
118.64,90146.47620776581
118.65,90149.54365043333
118.66,90151.85361181245
118.67,90155.03066078707
118.68,90155.92687840009
118.69,90160.63718576543
118.7,90165.70402244813
118.71000000000001,90166.88191553259
118.72,90170.38361050213
118.73,90174.326105735
118.74000000000001,90176.70738733132
118.75,90176.36986631
118.76,90179.46668554729
118.77,90183.924438931
118.78,90186.84586509161
118.79,90188.72243208915
118.8,90192.9687409125
118.81,90195.08895656993
118.82000000000001,90198.91709499221
118.83,90199.47021285875
118.84,90206.04232479805
118.85000000000001,90206.39067127802
118.86,90209.04375658739
118.87,90212.66652353472
118.88,90215.50379718567
118.89,90217.6875103688
118.9,90217.88974886233
118.91,90223.9878875563
118.92,90228.42093726953
118.93,90229.68451194806
118.94,90230.77125203547
118.95,90234.58837880733
118.96000000000001,90237.80738493697
118.97,90240.35736983879
118.98,90242.84920169713
118.99000000000001,90247.31720449062
119.0,90248.53142306392
119.01,90249.35076609363
119.02,90255.91573593022
119.03,90255.8284358914
119.04,90260.52731115416
119.05,90263.77163115198
119.06,90265.55210345678
119.07000000000001,90268.76836358545
119.08,90271.20284944981
119.09,90274.66685357054
119.10000000000001,90276.30067914493
119.11,90281.65508022813
119.12,90282.71092593571
119.13,90285.54651372973
119.14,90289.5332398088
119.15,90291.05783036859
119.16,90294.41371696598
119.17,90296.17953126485
119.18,90298.90606524069
119.19,90304.04505642642
119.2,90307.12941455656
119.21000000000001,90307.8856272638
119.22,90309.4379875935
119.23,90312.34618114564
119.24000000000001,90317.44661476227
119.25,90318.2735463611
119.26,90324.38389227797
119.27,90324.7686823551
119.28,90328.01762127805
119.29,90331.21032715747
119.3,90334.46821851454
119.31,90338.42902436183
119.32000000000001,90340.11020275895
119.33,90341.10900066794
119.34,90344.09922703073
119.35000000000001,90349.30587084389
119.36,90350.526835425
119.37,90354.05953728016
119.38,90358.05734742248
119.39,90359.93063678325
119.4,90362.21686844314
119.41,90367.49551409787
119.42,90369.17154854818
119.43,90370.9276083778
119.44,90372.77804166502
119.45,90377.35245082255
119.46000000000001,90379.66927744761
119.47,90382.38000112171
119.48,90384.76046498185
119.49000000000001,90387.63081698053
119.5,90392.46429269272
119.51,90394.6952677156
119.52,90396.54067905714
119.53,90402.55353352215
119.54,90402.3302341447
119.55,90405.32327352362
119.56,90408.38017965645
119.57000000000001,90411.90266257679
119.58,90414.57832561243
119.59,90417.04251664122
119.60000000000001,90420.88094955569
119.61,90421.74538323007
119.62,90425.50513917455
119.63,90428.68240855416
119.64,90430.87040675811
119.65,90432.99775999265
119.66,90437.8398083465
119.67,90440.47351453188
119.68,90443.74405510201
119.69,90444.56215635975
119.7,90449.31105314045
119.71000000000001,90450.77259110271
119.72,90453.94789792175
119.73,90457.0040665225
119.74000000000001,90457.7655970884
119.75,90462.34671401753
119.76,90467.5817927809
119.77,90467.89124091352
119.78,90469.98245368784
119.79,90472.68645613105
119.8,90475.63191688154
119.81,90479.26757293264
119.82000000000001,90481.50693550841
119.83,90486.69942130399
119.84,90488.07936472549
119.85000000000001,90491.74366218361
119.86,90494.83235791996
119.87,90495.22138884975
119.88,90499.06230012496
119.89,90501.88206484134
119.9,90504.64461216383
119.91,90508.82789192509
119.92,90511.08831389446
119.93,90513.36037361421
119.94,90514.36774174306
119.95,90518.97963495927
119.96000000000001,90523.6160146854
119.97,90524.87702551538
119.98,90526.22885063986
119.99000000000001,90530.0357576788
120.0,90532.67583756898
120.01,90535.74027583197
120.02,90538.15848134247
120.03,90544.45508712273
120.04,90545.38170672694
120.05,90547.25586237414
120.06,90551.1353210925
120.07000000000001,90552.74996825759
120.08,90556.70541725702
120.09,90559.67652603539
120.10000000000001,90563.05833948254
120.11,90565.75570724584
120.12,90567.70724940693
120.13,90570.00771670903
120.14,90571.83400596312
120.15,90576.45637036706
120.16,90579.86638687024
120.17,90583.07308299991
120.18,90585.08161189123
120.19,90587.64626508571
120.2,90591.2412194778
120.21000000000001,90594.84812191769
120.22,90596.62757546258
120.23,90599.26885643697
120.24000000000001,90602.2022691981
120.25,90602.64746891275
120.26,90607.99792223166
120.27,90610.02735386392
120.28,90610.52330053513
120.29,90614.8029353974
120.3,90619.89271918597
120.31,90620.3754485707
120.32000000000001,90624.91406329199
120.33,90627.74896178639
120.34,90631.121729336
120.35000000000001,90632.69579304736
120.36,90634.05065838374
120.37,90639.40015586048
120.38,90641.62621816024
120.39,90645.14124320321
120.4,90648.16044221021
120.41,90648.43254461649
120.42,90655.50393490358
120.43,90654.49783072935
120.44,90658.76722615378
120.45,90661.26042144843
120.46000000000001,90664.54544803589
120.47,90665.81593093081
120.48,90667.62026041423
120.49000000000001,90672.64378136893
120.5,90677.55702526087
120.51,90677.61242282423
120.52,90682.56000210214
120.53,90683.37984690812
120.54,90686.67016699318
120.55,90688.9860296222
120.56,90693.77630272148
120.57000000000001,90694.49361394071
120.58,90699.5212464964
120.59,90703.39010489878
120.60000000000001,90704.55578824905
120.61,90707.18963489556
120.62,90710.26783002574
120.63,90711.9873478207
120.64,90716.37271903224
120.65,90719.157725985
120.66,90720.05518261717
120.67,90725.4022743531
120.68,90725.71199704523
120.69,90730.90924375827
120.7,90731.85444119269
120.71000000000001,90737.14107428117
120.72,90738.60876686557
120.73,90741.18941662305
120.74000000000001,90743.62791283318
120.75,90745.88694194758
120.76,90749.77166736964
120.77,90752.31584482126
120.78,90754.9856879189
120.79,90757.75624869669
120.8,90759.64387991776
120.81,90765.2982053147
120.82000000000001,90767.74433933897
120.83,90767.77570854608
120.84,90772.92218905623
120.85000000000001,90774.11180401976
120.86,90779.48355586284
120.87,90782.58360338217
120.88,90783.58260822363
120.89,90787.0826991478
120.9,90789.15294371467
120.91,90790.98249730411
120.92,90795.72034477665
120.93,90798.2049173703
120.94,90801.32065136563
120.95,90804.44337608934
120.96000000000001,90807.28523361127
120.97,90810.29272974444
120.98,90811.94100065631
120.99000000000001,90815.26172185286
121.0,90818.58854930334
121.01,90821.1610836008
121.02,90821.08309706247
121.03,90824.31745647918
121.04,90828.5077311251
121.05,90833.7963030999
121.06,90836.17054818242
121.07000000000001,90837.4574662339
121.08,90840.86903135106
121.09,90844.10941641133
121.10000000000001,90846.3892010202
121.11,90849.03394561922
121.12,90852.72875192984
121.13,90855.84032461593
121.14,90859.27115677064
121.15,90860.76221284848
121.16,90863.286751769
121.17,90866.00003175497
121.18,90869.06619553726
121.19,90871.54416227501
121.2,90875.53209267696
121.21000000000001,90876.38169781948
121.22,90881.51863881189
121.23,90884.27707586429
121.24000000000001,90884.72306738516
121.25,90889.63646795305
121.26,90891.51272336343
121.27,90895.91432977347
121.28,90897.14009000604
121.29,90901.41562975716
121.3,90903.46990810096
121.31,90907.16405711239
121.32000000000001,90909.04550931373
121.33,90912.05260271434
121.34,90915.62628580071
121.35000000000001,90918.893943493
121.36,90921.5402668152
121.37,90922.20343875523
121.38,90928.56401372499
121.39,90929.60041065353
121.4,90931.84117663381
121.41,90934.33177142883
121.42,90937.20620013136
121.43,90940.38845361987
121.44,90942.65780794295
121.45,90949.53987141536
121.46000000000001,90947.47253853257
121.47,90954.50528723217
121.48,90953.7988444006
121.49000000000001,90957.58199598736
121.5,90962.06857157343
121.51,90963.36396430757
121.52,90966.34642255091
121.53,90970.36128716974
121.54,90970.29171420002
121.55,90974.95449105291
121.56,90979.06164095656
121.57000000000001,90981.15107757327
121.58,90983.22477118144
121.59,90985.82088909732
121.60000000000001,90989.56913313268
121.61,90992.53400088765
121.62,90994.97064498362
121.63,90998.68265017837
121.64,91001.02295321676
121.65,91002.31884793122
121.66,91007.22429206452
121.67,91009.25215212049
121.68,91011.57522484449
121.69,91015.13001855378
121.7,91018.90833165072
121.71000000000001,91020.38351551293
121.72,91025.85655692924
121.73,91026.03944016901
121.74000000000001,91029.45805177306
121.75,91031.29073323986
121.76,91034.70693024277
121.77,91037.47725057795
121.78,91040.82658354325
121.79,91041.99895356086
121.8,91047.3991339428
121.81,91048.33403764328
121.82000000000001,91051.92074306602
121.83,91053.7792200165
121.84,91057.7094784876
121.85000000000001,91061.40056951833
121.86,91063.80866322304
121.87,91065.70597224681
121.88,91069.37123465528
121.89,91072.66909362374
121.9,91073.98484974103
121.91,91078.53863684784
121.92,91080.90535705567
121.93,91083.39737674712
121.94,91084.63257782855
121.95,91090.3111970403
121.96000000000001,91091.34947354774
121.97,91095.99880056479
121.98,91096.67851370545
121.99000000000001,91096.44077392982
122.0,91103.31609698261
122.01,91106.78924407573
122.02,91107.58695610758
122.03,91111.59574611064
122.04,91115.7948868891
122.05,91118.98963949693
122.06,91121.14116645283
122.07000000000001,91124.84228146997
122.08,91126.47312137485
122.09,91128.42616007295
122.10000000000001,91132.04538689647
122.11,91134.80042704048
122.12,91137.6370876374
122.13,91140.37007931055
122.14,91144.03382085833
122.15,91146.11776344189
122.16,91149.78435473824
122.17,91151.10741961616
122.18,91154.5918374499
122.19,91159.09096198124
122.2,91160.00012667276
122.21000000000001,91162.5679454071
122.22,91167.07747157483
122.23,91170.97640330695
122.24000000000001,91172.19280787396
122.25,91175.60323799842
122.26,91178.50452785371
122.27,91180.79507851797
122.28,91183.9828032133
122.29,91185.56160922881
122.3,91189.52747675344
122.31,91191.48478520251
122.32000000000001,91195.58728325806
122.33,91199.0250750846
122.34,91201.59239468125
122.35000000000001,91205.30701969212
122.36,91206.82566841407
122.37,91209.14540108189
122.38,91210.42909941195
122.39,91213.73301957357
122.4,91217.96466074554
122.41,91221.07897642982
122.42,91223.42747286553
122.43,91226.92206962919
122.44,91229.20964629698
122.45,91229.61052888985
122.46000000000001,91233.67412753872
122.47,91238.25179459082
122.48,91240.16888861106
122.49000000000001,91244.82141834387
122.5,91247.1198473817
122.51,91249.74329767805
122.52,91251.62800429808
122.53,91252.97736368759
122.54,91260.02287693601
122.55,91260.30421484099
122.56,91265.0116368566
122.57000000000001,91266.51113281898
122.58,91271.00429265172
122.59,91272.2260460822
122.60000000000001,91275.48574727631
122.61,91280.22218289564
122.62,91280.25463657161
122.63,91282.93223350833
122.64,91287.52951365293
122.65,91289.20270748575
122.66,91291.46251453397
122.67,91295.92603388224
122.68,91298.18259260923
122.69,91301.07521212712
122.7,91302.77880202934
122.71000000000001,91307.06914804048
122.72,91308.64871432836
122.73,91313.45141337466
122.74000000000001,91315.72629054466
122.75,91316.36813771163
122.76,91320.41230709825
122.77,91324.02439006885
122.78,91326.42128241743
122.79,91331.65223580874
122.8,91332.3046848719
122.81,91336.31701623695
122.82000000000001,91337.9534319023
122.83,91340.51660165367
122.84,91341.75936132162
122.85000000000001,91346.34233010041
122.86,91349.766467002
122.87,91355.02833022561
122.88,91356.14436098376
122.89,91357.69261577944
122.9,91362.75335164247
122.91,91365.18095081755
122.92,91366.11329571417
122.93,91369.80754160022
122.94,91372.04764395897
122.95,91374.44801957822
122.96000000000001,91376.0110978632
122.97,91381.19417509773
122.98,91382.55749547089
122.99000000000001,91387.26221743872
123.0,91386.87830167977
123.01,91393.47472623846
123.02,91395.33948168343
123.03,91399.37355944165
123.04,91402.31567335897
123.05,91404.68465488961
123.06,91407.8919124989
123.07000000000001,91409.12550332803
123.08,91412.86966124686
123.09,91414.97103354083
123.10000000000001,91418.1129240909
123.11,91421.85494563135
123.12,91422.54854888644
123.13000000000001,91427.32147015918
123.14,91428.12280959946
123.15,91433.25339459014
123.16,91436.39568252531
123.17,91436.49432409999
123.18,91439.18265865788
123.19,91444.00738593691
123.2,91446.96945767364
123.21000000000001,91449.58503533404
123.22,91452.06449149935
123.23,91455.53843856983
123.24000000000001,91458.18491770756
123.25,91460.70996374944
123.26,91463.86898271204
123.27,91466.64056068094
123.28,91469.0105235481
123.29,91473.49052388112
123.3,91475.92915865919
123.31,91478.37656349564
123.32000000000001,91482.89368642795
123.33,91483.60909603823
123.34,91484.79941195292
123.35000000000001,91488.72681306452
123.36,91493.71866734218
123.37,91494.21043212539
123.38000000000001,91498.31517916486
123.39,91501.04138103176
123.4,91504.48509875164
123.41,91507.78149742469
123.42,91509.19626944727
123.43,91513.3688229243
123.44,91515.7544821716
123.45,91518.76730615462
123.46000000000001,91522.06873045645
123.47,91523.59008169829
123.48,91524.64371289719
123.49000000000001,91530.60212032456
123.5,91533.30024171187
123.51,91534.89198526509
123.52,91537.61125819116
123.53,91541.87020939642
123.54,91544.14031720952
123.55,91546.41118447193
123.56,91549.54306752574
123.57000000000001,91553.17793387873
123.58,91555.64989264902
123.59,91557.86210368719
123.60000000000001,91562.12660946233
123.61,91562.43100362014
123.62,91566.07741056908
123.63000000000001,91570.91742639871
123.64,91572.75293526519
123.65,91575.41751509976
123.66,91578.26051280902
123.67,91581.36575409918
123.68,91584.2137701655
123.69,91586.28029570062
123.7,91591.62790025593
123.71000000000001,91591.80077976946
123.72,91594.98484902448
123.73,91599.46578583373
123.74000000000001,91601.0354005294
123.75,91604.06859594527
123.76,91608.98960598338
123.77,91613.35189716837
123.78,91612.2134271257
123.79,91616.54202380947
123.8,91618.26675501562
123.81,91620.32119167721
123.82000000000001,91623.51193993913
123.83,91627.23658617616
123.84,91630.41228196463
123.85000000000001,91633.75552582194
123.86,91635.78407045703
123.87,91638.01946718099
123.88000000000001,91640.5121705478
123.89,91644.84810012123
123.9,91646.75970920964
123.91,91649.48298023232
123.92,91653.14262436569
123.93,91655.57969461418
123.94,91659.22843442265
123.95,91661.07477721079
123.96000000000001,91663.34130948664
123.97,91666.41812357324
123.98,91671.89342179321
123.99000000000001,91673.25973056315
124.0,91677.84943541438
124.01,91679.7848807058
124.02,91681.54043127611
124.03,91685.52324853661
124.04,91689.5407742634
124.05,91689.80465917967
124.06,91693.8983793306
124.07000000000001,91696.67250344691
124.08,91698.5911330403
124.09,91701.49073501707
124.10000000000001,91704.87139347645
124.11,91707.34717633357
124.12,91710.51351200636
124.13000000000001,91714.32412854281
124.14,91715.68746091351
124.15,91718.59431790163
124.16,91721.32059705343
124.17,91724.42689399958
124.18,91727.79675124628
124.19,91730.69014335777
124.2,91733.13969699477
124.21000000000001,91737.59031237777
124.22,91740.18376152316
124.23,91739.79755340316
124.24000000000001,91744.63222703182
124.25,91748.44371990458
124.26,91752.80238720437
124.27,91753.99998133253
124.28,91755.68936043957
124.29,91760.3625173356
124.3,91762.46388480086
124.31,91764.76856553752
124.32000000000001,91766.83031526438
124.33,91770.93118218456
124.34,91775.0399256158
124.35000000000001,91775.02226566151
124.36,91778.40841225622
124.37,91780.73146542037
124.38000000000001,91785.68845665212
124.39,91788.14711805806
124.4,91789.4324363515
124.41,91792.46143046554
124.42,91797.90495114196
124.43,91799.58891619093
124.44,91802.85252510538
124.45,91804.88015780486
124.46000000000001,91808.63424328063
124.47,91808.75285455248
124.48,91814.14053700492
124.49000000000001,91816.01907616066
124.5,91820.03262409718
124.51,91822.53944131748
124.52,91826.74093310142
124.53,91828.51710519442
124.54,91829.58230061147
124.55,91834.23780872548
124.56,91835.25439982358
124.57000000000001,91839.97991503227
124.58,91841.72406372365
124.59,91846.62912589335
124.60000000000001,91847.38955140831
124.61,91850.31932841497
124.62,91853.80521879187
124.63000000000001,91855.94991116172
124.64,91856.34478769731
124.65,91862.33769831344
124.66,91866.90124563778
124.67,91867.4234073282
124.68,91873.10029023066
124.69,91873.58414078978
124.7,91876.83948588015
124.71000000000001,91878.25886035367
124.72,91881.85605984705
124.73,91886.8225983191
124.74000000000001,91888.26859645588
124.75,91892.34096162417
124.76,91893.54252272144
124.77,91897.49916879435
124.78,91900.29829605584
124.79,91902.50879789154
124.8,91906.09685369469
124.81,91906.44509864849
124.82000000000001,91912.24518672313
124.83,91915.3254614699
124.84,91917.94239905602
124.85000000000001,91919.70030914937
124.86,91922.09121544214
124.87,91925.11664163283
124.88000000000001,91927.16868002873
124.89,91930.6756326925
124.9,91934.07801698415
124.91,91937.33960779739
124.92,91937.51834591935
124.93,91942.35653526263
124.94,91944.50725004506
124.95,91946.10697081365
124.96000000000001,91949.41522184642
124.97,91950.96687130103
124.98,91953.34594577123
124.99000000000001,91956.06329469153
125.0,91956.29605783615
125.01,91959.75205418821
125.02,91962.89108176695
125.03,91964.43623874887
125.04,91965.19876303335
125.05,91965.2725959801
125.06,91966.762469737
125.07000000000001,91968.16225697231
125.08,91971.49245634441
125.09,91971.7874183838
125.10000000000001,91974.67118478827
125.11,91976.77431667867
125.12,91976.99715871632
125.13000000000001,91978.49729414849
125.14,91979.58557000282
125.15,91981.97919422254
125.16,91981.89815558367
125.17,91985.84430787907
125.18,91984.66752641626
125.19,91984.26472824051
125.2,91989.28716214075
125.21000000000001,91990.36964047463
125.22,91991.223329135
125.23,91990.92548332117
125.24000000000001,91993.43997424853
125.25,91993.10963955421
125.26,91994.70231938173
125.27,91995.33035608163
125.28,91998.5644570398
125.29,91997.11189510461
125.3,92000.5252480672
125.31,92000.4432758071
125.32000000000001,92000.80263343922
125.33,92004.6735740072
125.34,92005.50605562211
125.35000000000001,92005.47944609134
125.36,92006.1372816976
125.37,92008.39916434891
125.38000000000001,92008.06199199273
125.39,92008.6267315379
125.4,92011.2328501153
125.41,92011.018489567
125.42,92010.8433675734
125.43,92013.82836198735
125.44,92014.99188326694
125.45,92015.04848560844
125.46000000000001,92014.70282728286
125.47,92014.3961383915
125.48,92017.37468125494
125.49000000000001,92018.68840630767
125.5,92021.24359474523
125.51,92022.45320307805
125.52,92022.82833967253
125.53,92022.12702747397
125.54,92023.86362902327
125.55,92025.23991046812
125.56,92025.83916316598
125.57000000000001,92026.269705464
125.58,92026.63474096937
125.59,92026.32843221058
125.60000000000001,92027.3867178847
125.61,92028.03337670976
125.62,92030.35128542355
125.63000000000001,92031.2485277925
125.64,92032.74007064656
125.65,92032.93708697538
125.66,92032.6072010757
125.67,92034.95873395819
125.68,92034.97998781413
125.69,92036.76527534175
125.7,92035.39612302279
125.71000000000001,92038.38152237546
125.72,92040.69635017133
125.73,92040.11594514041
125.74000000000001,92041.00470176543
125.75,92041.24071920413
125.76,92041.60069731131
125.77,92043.70884129273
125.78,92043.46298942983
125.79,92043.04919986188
125.8,92045.06402488357
125.81,92046.47693965804
125.82000000000001,92046.66398882504
125.83,92047.14348733357
125.84,92048.80665644398
125.85000000000001,92047.50637788334
125.86,92048.52133080711
125.87,92052.1348166155
125.88000000000001,92053.49337717515
125.89,92051.57302185186
125.9,92052.94451594245
125.91,92053.93484180915
125.92,92054.54132245235
125.93,92054.9805352243
125.94,92053.63299053078
125.95,92055.18881078898
125.96000000000001,92055.97131388985
125.97,92056.11335940876
125.98,92056.71211740881
125.99000000000001,92059.4860706875
126.0,92060.38940599537
126.01,92061.49012133965
126.02,92061.42710339799
126.03,92062.07790335135
126.04,92062.84782583427
126.05,92065.07416786136
126.06,92064.174175985
126.07000000000001,92064.70913033241
126.08,92065.55612726421
126.09,92066.79674487533
126.10000000000001,92065.5690720355
126.11,92067.85670400347
126.12,92068.8580699793
126.13000000000001,92070.55723704104
126.14,92071.43688562351
126.15,92068.86221832503
126.16,92072.41744386534
126.17,92072.20746248485
126.18,92072.23528130226
126.19,92074.29685814603
126.2,92075.38078090388
126.21000000000001,92076.19411819665
126.22,92074.4427383167
126.23,92076.35007666155
126.24000000000001,92076.09507745305
126.25,92078.02884737556
126.26,92079.06254711315
126.27,92078.54447922071
126.28,92079.50183542803
126.29,92081.18670606053
126.3,92081.20446138547
126.31,92080.98605623987
126.32000000000001,92083.44319385025
126.33,92083.38685597798
126.34,92084.38297551603
126.35000000000001,92085.3114090096
126.36,92086.35962083144
126.37,92086.62336500459
126.38000000000001,92087.39754659821
126.39,92086.84606367414
126.4,92086.79890317895
126.41,92089.72703973555
126.42,92088.3574939974
126.43,92088.89496858924
126.44,92089.98174273466
126.45,92090.03502489036
126.46000000000001,92092.8721563663
126.47,92092.68969247039
126.48,92093.96412227504
126.49000000000001,92094.15822122112
126.5,92094.43329913169
126.51,92095.9396391913
126.52,92095.41877324528
126.53,92096.38690008214
126.54,92097.6282777332
126.55,92097.44713961752
126.56,92099.48267180093
126.57000000000001,92098.89329566224
126.58,92099.94362470802
126.59,92101.10392490037
126.60000000000001,92101.0846133739
126.61,92101.48739647333
126.62,92101.46046068783
126.63000000000001,92102.29071992091
126.64,92103.1365980376
126.65,92103.21001922559
126.66,92104.940955501
126.67,92105.40609166537
126.68,92105.96855477002
126.69,92106.762125222
126.7,92106.52308987018
126.71000000000001,92107.19328669744
126.72,92109.40472948067
126.73,92109.80083948612
126.74000000000001,92110.71440070329
126.75,92110.01927279292
126.76,92112.10190103874
126.77,92111.24946929856
126.78,92113.00281626804
126.79,92112.04369082492
126.8,92115.05394292875
126.81,92112.98000079424
126.82000000000001,92115.51172459334
126.83,92116.4637854106
126.84,92115.72751756021
126.85000000000001,92117.98188884176
126.86,92118.90163779186
126.87,92119.32717211357
126.88000000000001,92120.08833778468
126.89,92119.57256464912
126.9,92121.70301070673
126.91,92122.28149242778
126.92,92123.89545527383
126.93,92122.12015771432
126.94,92124.09434772689
126.95,92124.98019194168
126.96000000000001,92123.43131896704
126.97,92126.31109004114
126.98,92124.89417616151
126.99000000000001,92125.8239874206
127.0,92127.51661505544
127.01,92129.2579043894
127.02,92129.85508749448
127.03,92129.33749142975
127.04,92129.53218049575
127.05,92132.09666008932
127.06,92130.31191771188
127.07000000000001,92131.06319000544
127.08,92132.32988669034
127.09,92132.51923249228
127.10000000000001,92136.72232107703
127.11,92136.14800169975
127.12,92135.75963899976
127.13000000000001,92134.9711968621
127.14,92135.70079561858
127.15,92137.58494732874
127.16,92136.69079173675
127.17,92139.41861565472
127.18,92138.87607657164
127.19,92139.36941479467
127.2,92139.65561837629
127.21000000000001,92142.41901430475
127.22,92141.90747622428
127.23,92142.11003748598
127.24000000000001,92143.20526907599
127.25,92143.10707870529
127.26,92145.37833262261
127.27,92146.26417346117
127.28,92144.61902354541
127.29,92145.93499058964
127.3,92147.66281931868
127.31,92147.542337083
127.32000000000001,92149.10336064079
127.33,92148.04917914778
127.34,92148.50652000672
127.35000000000001,92151.57994266775
127.36,92151.11979038718
127.37,92152.27631721226
127.38000000000001,92153.0260405315
127.39,92153.2497190836
127.4,92153.8520221058
127.41,92154.7601184551
127.42,92154.94746201523
127.43,92155.42896182048
127.44,92153.98236387341
127.45,92154.31008481266
127.46000000000001,92156.14553535442
127.47,92156.84586126002
127.48,92158.65912466841
127.49000000000001,92157.97885853572
127.5,92158.56309053452
127.51,92159.19987115555
127.52,92160.93577599693
127.53,92160.69837124633
127.54,92159.97146507961
127.55,92162.7134290787
127.56,92163.54363122565
127.57000000000001,92164.521107556
127.58,92165.18379509167
127.59,92166.4862128719
127.60000000000001,92166.29336396776
127.61,92166.39039820895
127.62,92168.72996256957
127.63000000000001,92168.3741058432
127.64,92169.28444346269
127.65,92169.13345176386
127.66,92170.3513716469
127.67,92171.30914355669
127.68,92170.13027706272
127.69,92173.09510496477
127.7,92172.80904686666
127.71000000000001,92174.41836158084
127.72,92172.0540063164
127.73,92174.41379759875
127.74000000000001,92175.75512435594
127.75,92174.77701344166
127.76,92174.65715398689
127.77,92175.54081713805
127.78,92177.12588961655
127.79,92177.96282529112
127.8,92179.37181005836
127.81,92179.18577508931
127.82000000000001,92180.08264193097
127.83,92181.19423878659
127.84,92180.9576992078
127.85000000000001,92182.30513990657
127.86,92183.49879076828
127.87,92183.42846169643
127.88000000000001,92183.74914848003
127.89,92185.59208046527
127.9,92185.35393944805
127.91,92185.27372800317
127.92,92188.74408307119
127.93,92186.9738552131
127.94,92186.81173917565
127.95,92187.48257802831
127.96000000000001,92189.59113616725
127.97,92188.95855901767
127.98,92189.52441843659
127.99000000000001,92191.28101232843
128.0,92191.34033829033
128.01,92190.9004527692
128.02,92193.54183256313
128.03,92194.17065263813
128.04,92196.05611958605
128.05,92193.23156542378
128.06,92195.75453807431
128.07,92195.95738300348
128.08,92196.4471918454
128.09,92196.41613361865
128.1,92199.05112015728
128.11,92199.11181220085
128.12,92198.5796746027
128.13,92199.34690195836
128.14000000000001,92198.93130235738
128.15,92201.38371671987
128.16,92201.78101564522
128.17000000000002,92202.9340046039
128.18,92203.6497980922
128.19,92206.08237970613
128.2,92206.262518919
128.21,92205.28703374293
128.22,92207.0092127298
128.23,92208.30232174792
128.24,92206.69052650401
128.25,92206.11481650952
128.26,92208.57542869898
128.27,92209.42616618183
128.28,92207.72379659134
128.29,92210.01710085798
128.3,92210.48337446433
128.31,92211.09636669692
128.32,92210.94120211413
128.33,92213.25737100866
128.34,92212.41140413396
128.35,92215.02052310167
128.36,92215.57642923952
128.37,92215.2377041402
128.38,92215.09966108222
128.39000000000001,92216.96028642151
128.4,92218.90333283361
128.41,92219.12521286125
128.42000000000002,92218.46033179342
128.43,92220.11153419728
128.44,92220.91162248743
128.45,92219.43098909821
128.46,92220.40351530569
128.47,92222.06831466778
128.48,92221.09211239395
128.49,92222.4226851635
128.5,92223.03744447586
128.51,92224.77161173408
128.52,92225.3530725975
128.53,92225.14535175206
128.54,92225.27810682997
128.55,92227.7270910066
128.56,92226.0864836996
128.57,92225.9141183644
128.58,92229.21638252494
128.59,92228.35784612368
128.6,92230.5488305866
128.61,92231.71748986932
128.62,92231.64892327438
128.63,92231.58437581724
128.64000000000001,92232.31370836098
128.65,92234.47313695164
128.66,92233.42409015082
128.67000000000002,92233.97948452657
128.68,92233.55376083008
128.69,92234.53475429659
128.7,92237.35908907655
128.71,92237.30496177364
128.72,92238.34347917797
128.73,92238.34186089678
128.74,92236.95440624499
128.75,92238.9557091302
128.76,92241.13899045781
128.77,92240.26780201202
128.78,92238.27952669261
128.79,92240.6908274903
128.8,92242.37909607324
128.81,92241.97784387026
128.82,92245.53057518674
128.83,92245.19840141923
128.84,92245.75732500505
128.85,92245.15342025642
128.86,92246.86206870948
128.87,92247.52370163171
128.88,92247.80574036055
128.89000000000001,92248.76671712523
128.9,92248.2897266391
128.91,92247.97706237706
128.92000000000002,92250.27637400816
128.93,92251.28856503859
128.94,92252.28821966433
128.95,92253.48843688094
128.96,92254.00907015771
128.97,92250.82302819341
128.98,92253.4198085635
128.99,92255.04029720888
129.0,92253.12448774248
129.01,92257.96237734858
129.02,92256.51120269162
129.03,92257.65720317399
129.04,92258.01841054524
129.05,92257.52623767778
129.06,92259.691264109
129.07,92258.44342060179
129.08,92261.77290584569
129.09,92262.46684141173
129.1,92260.12349444296
129.11,92263.20975168822
129.12,92262.0908624158
129.13,92263.51618319591
129.14000000000001,92264.14183565025
129.15,92266.03947222067
129.16,92266.52976348177
129.17000000000002,92265.97871630266
129.18,92264.96949582266
129.19,92270.2042201696
129.2,92268.44256549618
129.21,92268.23500767705
129.22,92271.1649311563
129.23,92269.75181728571
129.24,92270.77804048877
129.25,92271.89724987633
129.26,92273.0281984898
129.27,92271.859833897
129.28,92272.54865722448
129.29,92274.00267655482
129.3,92275.47156189622
129.31,92275.93497612169
129.32,92276.23453827863
129.33,92274.80087038309
129.34,92276.03778583993
129.35,92278.79410189416
129.36,92278.46539509136
129.37,92280.15824919303
129.38,92278.15600152961
129.39000000000001,92279.86368362735
129.4,92281.00764017808
129.41,92282.62669993007
129.42000000000002,92283.35266185112
129.43,92284.51606196625
129.44,92283.7543011767
129.45,92284.58066324248
129.46,92285.10712101818
129.47,92285.21542994288
129.48,92286.37989457184
129.49,92287.24279134478
129.5,92287.19952297378
129.51,92289.79242322531
129.52,92287.09953598844
129.53,92289.5142905042
129.54,92290.30936212113
129.55,92290.19042622054
129.56,92289.76336437187
129.57,92293.4617073289
129.58,92293.5876013365
129.59,92291.34734440334
129.6,92292.47942454087
129.61,92294.21824699918
129.62,92293.17391856996
129.63,92294.99851107152
129.64000000000001,92297.3186346637
129.65,92297.73035299285
129.66,92297.11662839726
129.67000000000002,92298.95465778688
129.68,92301.23187694358
129.69,92300.26138420758
129.7,92299.47985382928
129.71,92299.12975012389
129.72,92301.91867801681
129.73,92303.93295591595
129.74,92303.05737216491
129.75,92301.98192462344
129.76,92303.85930416691
129.77,92304.31076583485
129.78,92304.9765107027
129.79,92306.30255386593
129.8,92306.29296264821
129.81,92306.39811772626
129.82,92307.97413150324
129.83,92308.40644478406
129.84,92309.33217786955
129.85,92311.07250442519
129.86,92311.38754237523
129.87,92309.15275225313
129.88,92308.87830756573
129.89000000000001,92312.35423909215
129.9,92312.54910417624
129.91,92313.64036191917
129.92000000000002,92314.71127509025
129.93,92313.74161762586
129.94,92314.8148403195
129.95,92316.25135707123
129.96,92316.4941019242
129.97,92318.39736077285
129.98,92319.0934923097
129.99,92318.28452058074
130.0,92318.93291097943
130.01,92318.17910922613
130.02,92320.54873429475
130.03,92321.55414718612
130.04,92322.59778500583
130.05,92321.79938232744
130.06,92322.1044907794
130.07,92323.32443872094
130.08,92324.71198245743
130.09,92324.25396231361
130.1,92325.9281401377
130.11,92325.37989715111
130.12,92327.71443487788
130.13,92328.46082618067
130.14000000000001,92328.7187825911
130.15,92329.52914137286
130.16,92328.83967741388
130.17000000000002,92328.84946295942
130.18,92330.45669019234
130.19,92331.74179198772
130.2,92332.34819667095
130.21,92333.61700387007
130.22,92334.76411726473
130.23,92334.90615489455
130.24,92335.43305242047
130.25,92335.70345562085
130.26,92337.35425411676
130.27,92336.42476944266
130.28,92337.33087624556
130.29,92337.72482555502
130.3,92339.08380402529
130.31,92337.89394350654
130.32,92339.05213060709
130.33,92341.04661147529
130.34,92341.65236160027
130.35,92341.27727003153
130.36,92341.60490567482
130.37,92343.27392840116
130.38,92343.98659705269
130.39000000000001,92344.07619992911
130.4,92346.57413006961
130.41,92346.87924760755
130.42000000000002,92346.9756496881
130.43,92345.5198059799
130.44,92345.64351099274
130.45,92348.47831160833
130.46,92349.29595713293
130.47,92350.42311590747
130.48,92351.61620042725
130.49,92351.23192846683
130.5,92349.71783130677
130.51,92349.91283895262
130.52,92352.01346915787
130.53,92354.85429684499
130.54,92354.28044966479
130.55,92352.6927859751
130.56,92354.34437273466
130.57,92355.89710569697
130.58,92355.4584819327
130.59,92358.4079839559
130.6,92358.067635516
130.61,92359.63882412054
130.62,92360.49349392463
130.63,92359.6059463266
130.64000000000001,92361.33871605793
130.65,92359.39730017429
130.66,92362.15387386926
130.67000000000002,92363.71806543779
130.68,92362.11224502584
130.69,92362.65948555815
130.7,92362.96534131191
130.71,92364.54936745667
130.72,92365.3384135529
130.73,92366.96270535661
130.74,92365.74447697695
130.75,92367.48143769498
130.76,92368.45274540545
130.77,92369.11360070694
130.78,92368.9593599819
130.79,92370.0078092287
130.8,92369.63886400216
130.81,92371.09564555604
130.82,92371.81965988071
130.83,92371.41194679905
130.84,92372.32792768917
130.85,92374.02298356713
130.86,92372.22772493592
130.87,92374.6234336927
130.88,92376.95626197901
130.89000000000001,92375.16323738293
130.9,92376.00468084434
130.91,92378.41817767905
130.92000000000002,92378.95589846706
130.93,92377.95595900365
130.94,92378.70383369706
130.95,92379.12752662963
130.96,92379.68119804238
130.97,92380.38136665447
130.98,92382.47755961554
130.99,92380.99818879932
131.0,92385.00022392164
131.01,92382.27334315357
131.02,92383.19879443273
131.03,92384.33988549543
131.04,92386.29147886057
131.05,92387.61711706022
131.06,92388.21062598428
131.07,92387.67441432607
131.08,92388.5133491492
131.09,92387.91516302025
131.1,92389.50543900306
131.11,92388.78554558301
131.12,92390.55133142379
131.13,92392.69233656245
131.14000000000001,92392.24047825017
131.15,92391.71219432153
131.16,92392.0719771386
131.17000000000002,92394.80778252204
131.18,92394.18285905129
131.19,92393.79951697092
131.2,92394.43694488076
131.21,92395.9759996138
131.22,92396.72874274146
131.23,92396.83137551589
131.24,92397.92376562634
131.25,92399.07241513139
131.26,92399.80064696839
131.27,92399.34611574089
131.28,92400.13041907024
131.29,92401.69714324709
131.3,92403.38715345936
131.31,92402.43820581555
131.32,92402.0010753384
131.33,92403.0625228836
131.34,92405.81080849234
131.35,92404.0607885892
131.36,92405.19065586006
131.37,92406.00391799785
131.38,92408.28932577156
131.39000000000001,92408.12872787906
131.4,92409.38703810386
131.41,92409.23077609098
131.42000000000002,92409.89202553619
131.43,92410.5228407906
131.44,92410.20264483312
131.45,92413.3356474693
131.46,92411.77148205628
131.47,92413.2122262622
131.48,92414.18448065514
131.49,92413.51877110451
131.5,92415.17274341792
131.51,92415.21755394185
131.52,92418.97448429234
131.53,92416.92139818515
131.54,92417.5586846784
131.55,92418.89102638805
131.56,92419.20439166437
131.57,92419.7809438521
131.58,92419.46027865469
131.59,92422.04016246083
131.6,92422.02365821452
131.61,92420.17799597257
131.62,92423.44560133072
131.63,92420.34610771047
131.64000000000001,92423.77549525854
131.65,92424.64427262108
131.66,92426.39316867472
131.67000000000002,92426.26774062475
131.68,92426.67416011816
131.69,92426.11991559356
131.7,92427.70005254912
131.71,92427.56618869441
131.72,92425.7093949455
131.73,92429.11472889694
131.74,92430.08207056708
131.75,92432.54226483523
131.76,92430.31408717103
131.77,92432.98912163744
131.78,92433.15347436255
131.79,92432.53688891434
131.8,92433.57492473599
131.81,92436.10960028614
131.82,92435.55794779671
131.83,92434.87295015411
131.84,92435.23080266282
131.85,92437.5049407467
131.86,92437.79349131977
131.87,92439.2524926908
131.88,92437.97875786523
131.89000000000001,92440.11767260067
131.9,92440.02648967056
131.91,92440.81055237821
131.92000000000002,92441.60140254222
131.93,92441.60550380166
131.94,92441.65499723639
131.95,92444.42303220472
131.96,92444.32289320683
131.97,92443.74941845729
131.98,92446.07238350982
131.99,92446.41128070823
132.0,92447.13502892594
132.01,92446.83876295996
132.02,92447.28403882621
132.03,92448.27912127686
132.04,92449.21369149929
132.05,92450.69341629733
132.06,92449.02434996256
132.07,92450.67733238058
132.08,92450.86299022978
132.09,92451.86814055026
132.1,92452.94540228663
132.11,92454.00417768703
132.12,92454.70390607514
132.13,92455.67125013909
132.14000000000001,92456.22930359974
132.15,92455.087787173
132.16,92456.6627961446
132.17000000000002,92457.81558062416
132.18,92459.1614884778
132.19,92459.19128282927
132.2,92459.04436226236
132.21,92462.7308070906
132.22,92462.51207028652
132.23,92461.57134043422
132.24,92462.9419707853
132.25,92464.20053222124
132.26,92462.52820846347
132.27,92465.62650318664
132.28,92465.79035154103
132.29,92465.40693564016
132.3,92467.13228968192
132.31,92468.05852343634
132.32,92467.55185661795
132.33,92466.69238569954
132.34,92468.70415267923
132.35,92469.33413375563
132.36,92470.00546803766
132.37,92470.83295822819
132.38,92472.66784487704
132.39000000000001,92472.44708775348
132.4,92473.67924017353
132.41,92472.72209022411
132.42000000000002,92474.8983861805
132.43,92473.41541927453
132.44,92475.30122361286
132.45,92475.11200912716
132.46,92475.54719700447
132.47,92474.50945603852
132.48,92476.85196938479
132.49,92477.81112116895
132.5,92477.17342940472
132.51,92479.5175540179
132.52,92480.30917940252
132.53,92482.25691120495
132.54,92483.07826028342
132.55,92482.04300356607
132.56,92481.53490450732
132.57,92483.36593855277
132.58,92483.50921188832
132.59,92485.48398836626
132.6,92486.61227232874
132.61,92484.26777197619
132.62,92487.2279987582
132.63,92486.6545643156
132.64000000000001,92489.23306631761
132.65,92486.33812509796
132.66,92486.98837952212
132.67000000000002,92490.63132641985
132.68,92490.2407731186
132.69,92493.98618419548
132.7,92490.21442713516
132.71,92490.73944115003
132.72,92491.30121379049
132.73,92493.05826863335
132.74,92494.37591553025
132.75,92494.15850004138
132.76,92496.84510913678
132.77,92497.71866671556
132.78,92496.15976568426
132.79,92499.30620111944
132.8,92498.30963226447
132.81,92497.9519613554
132.82,92498.41987354188
132.83,92500.82000156127
132.84,92501.41165029783
132.85,92503.8055134571
132.86,92501.97648159064
132.87,92501.88600446867
132.88,92505.01905908411
132.89000000000001,92503.64138933849
132.9,92504.51680262094
132.91,92505.34516811998
132.92000000000002,92507.34414615759
132.93,92505.90426284188
132.94,92506.45299133875
132.95,92507.17173859048
132.96,92508.5268502106
132.97,92510.58043364236
132.98,92508.11041353838
132.99,92509.60944188284
133.0,92511.06478959387
133.01,92512.35629098577
133.02,92512.61411007323
133.03,92512.39413097184
133.04,92513.42221013707
133.05,92514.89975573453
133.06,92514.63301545098
133.07,92513.6037376724
133.08,92515.43167936463
133.09,92516.31886535394
133.1,92516.16455283434
133.11,92516.97823615363
133.12,92518.54658030452
133.13,92518.70931879822
133.14000000000001,92519.49790389858
133.15,92520.32037696378
133.16,92521.54425039739
133.17000000000002,92522.70273731762
133.18,92523.89963531893
133.19,92523.97016594352
133.2,92522.55344458758
133.21,92524.68392699846
133.22,92524.21225927019
133.23,92524.92493881281
133.24,92524.91017137436
133.25,92527.16654134895
133.26,92526.85408382381
133.27,92528.16437471901
133.28,92530.38578240541
133.29,92530.05618179949
133.3,92530.59737182982
133.31,92531.33457664984
133.32,92533.74007791719
133.33,92532.44633629725
133.34,92531.96340683888
133.35,92533.27044079691
133.36,92534.90203788136
133.37,92535.72239430182
133.38,92536.29625216515
133.39000000000001,92533.76621081802
133.4,92536.75255836835
133.41,92536.06034429041
133.42000000000002,92538.73737628624
133.43,92538.2658588959
133.44,92539.54510466532
133.45,92540.17669033867
133.46,92541.20730478699
133.47,92539.5510983745
133.48,92538.94218575628
133.49,92543.37950249287
133.5,92541.81314308409
133.51,92542.988156605
133.52,92545.16843706634
133.53,92545.55968849726
133.54,92545.2324175136
133.55,92544.51371231083
133.56,92547.45160005332
133.57,92547.54266119885
133.58,92546.78909312078
133.59,92548.02928162618
133.6,92549.45058276986
133.61,92549.82275053184
133.62,92551.97033650937
133.63,92552.04068426929
133.64000000000001,92551.24572099293
133.65,92553.14656564478
133.66,92554.19427146133
133.67000000000002,92554.09418008343
133.68,92554.22683321091
133.69,92555.11476642574
133.7,92556.19312127262
133.71,92555.35017833667
133.72,92558.91925574167
133.73,92556.67930633012
133.74,92559.38003951265
133.75,92557.60304336176
133.76,92559.52209272445
133.77,92561.92417217253
133.78,92559.53336467758
133.79,92561.10813647357
133.8,92561.73495503212
133.81,92561.29346008773
133.82,92561.68965172477
133.83,92563.48364757885
133.84,92563.20866049004
133.85,92567.48460849891
133.86,92563.40673827131
133.87,92564.72974118005
133.88,92567.90212513093
133.89000000000001,92567.39118914623
133.9,92567.82646534189
133.91,92568.64451219168
133.92000000000002,92570.50853340716
133.93,92570.87962596878
133.94,92570.43795217796
133.95,92572.21182931334
133.96,92571.78825107626
133.97,92573.68671031472
133.98,92573.33865666194
133.99,92574.7462119977
134.0,92576.63876105708
134.01,92573.96018649981
134.02,92575.50443115122
134.03,92577.05767443468
134.04,92579.00210833066
134.05,92578.42465641953
134.06,92577.22485189268
134.07,92578.29929986011
134.08,92582.30705833425
134.09,92579.16613821682
134.1,92580.88543990972
134.11,92578.8038412695
134.12,92582.57692541854
134.13,92584.81481331402
134.14000000000001,92584.15438717353
134.15,92584.0665851928
134.16,92584.56018579917
134.17000000000002,92587.47017508245
134.18,92587.35824030734
134.19,92588.19353988193
134.2,92586.177092483
134.21,92588.83044338039
134.22,92589.47383967633
134.23,92587.91440620521
134.24,92589.72024917587
134.25,92590.32682360528
134.26,92592.45626054789
134.27,92593.43102623089
134.28,92594.72219177992
134.29,92593.13905480521
134.3,92592.41759457877
134.31,92595.9827854837
134.32,92595.36377590863
134.33,92594.56862805203
134.34,92595.75887522553
134.35,92596.30765582128
134.36,92596.95021962808
134.37,92597.82902407643
134.38,92598.46822110748
134.39000000000001,92600.05503019904
134.4,92602.27190720307
134.41,92599.95074141485
134.42000000000002,92601.1435942552
134.43,92600.57981624102
134.44,92604.4595531495
134.45,92602.73636593184
134.46,92602.75535738033
134.47,92605.39646927542
134.48,92606.62288324001
134.49,92605.25164125697
134.5,92607.85879054262
134.51,92608.4767374767
134.52,92607.285409388
134.53,92610.94663612265
134.54,92608.78901878431
134.55,92610.53271496535
134.56,92611.5531027931
134.57,92612.2025797177
134.58,92611.8413506463
134.59,92614.02140663385
134.6,92612.43122231444
134.61,92613.43844762788
134.62,92614.21159177978
134.63,92615.12351044206
134.64000000000001,92615.72679821005
134.65,92617.2729623609
134.66,92616.11142494403
134.67000000000002,92620.31665935625
134.68,92616.81514563963
134.69,92617.26229394544
134.7,92619.66085670673
134.71,92618.03742686777
134.72,92620.55669601582
134.73,92621.51346839596
134.74,92623.58453948928
134.75,92622.58793527757
134.76,92625.06606514941
134.77,92623.52399259828
134.78,92623.10916282787
134.79,92623.59605134594
134.8,92625.98390206121
134.81,92623.99533700438
134.82,92628.32759805492
134.83,92628.44326649045
134.84,92628.56838558086
134.85,92629.0425636006
134.86,92628.47319008762
134.87,92631.08775900706
134.88,92630.939697783
134.89000000000001,92632.06387149538
134.9,92633.29439550237
134.91,92634.6332195347
134.92000000000002,92633.42626808157
134.93,92632.68250193028
134.94,92637.26958400603
134.95,92636.40085015277
134.96,92634.97763343516
134.97,92636.97739882261
134.98,92636.89207635916
134.99,92638.11457195856
135.0,92638.19643032535
135.01,92640.82419651154
135.02,92639.29838822117
135.03,92640.17902836677
135.04,92639.61100488002
135.05,92641.12889881514
135.06,92642.29737556397
135.07,92644.16714040803
135.08,92642.99375635454
135.09,92646.74077627662
135.1,92646.62099640488
135.11,92645.62948376767
135.12,92645.89239975723
135.13,92646.99469328164
135.14000000000001,92647.55475195669
135.15,92647.6577646215
135.16,92647.98207655415
135.17000000000002,92648.06636693589
135.18,92650.15978641552
135.19,92649.86612207929
135.2,92650.04540507757
135.21,92651.89473342212
135.22,92650.71633115948
135.23,92655.05626923128
135.24,92654.41967378117
135.25,92654.86078153242
135.26,92655.32162050685
135.27,92654.67674803261
135.28,92656.12966688811
135.29,92657.51050796102
135.3,92658.01898660904
135.31,92659.76956474704
135.32,92658.88488013043
135.33,92658.16933501046
135.34,92659.65655354352
135.35,92659.8395333347
135.36,92661.0571674957
135.37,92663.40104975841
135.38,92663.1527138861
135.39000000000001,92664.28637714576
135.4,92665.24500367994
135.41,92666.44165369972
135.42000000000002,92665.78868276258
135.43,92667.57182137323
135.44,92667.5004536764
135.45,92665.52951609895
135.46,92667.30391455696
135.47,92670.49678695045
135.48,92670.14911440937
135.49,92669.53954296888
135.5,92671.09372849438
135.51,92671.75614841527
135.52,92669.56234140738
135.53,92673.48212699754
135.54,92673.4001380934
135.55,92674.14107123745
135.56,92674.16225780401
135.57,92673.20807623286
135.58,92676.91807352427
135.59,92677.64004245512
135.6,92678.10373770843
135.61,92677.35055556535
135.62,92678.39484907563
135.63,92679.46800777181
135.64000000000001,92680.6829420996
135.65,92679.95058809995
135.66,92681.50074590919
135.67000000000002,92681.21931051808
135.68,92682.28279325184
135.69,92682.60478562217
135.7,92684.10635587755
135.71,92684.30999838392
135.72,92685.3247035274
135.73,92684.9281798101
135.74,92685.9561640673
135.75,92688.1115384283
135.76,92688.53350289163
135.77,92687.8206408806
135.78,92688.3850981469
135.79,92687.61532597002
135.8,92691.1716392637
135.81,92689.70887811537
135.82,92691.32904994905
135.83,92691.00310371502
135.84,92691.55841591684
135.85,92691.92787056381
135.86,92693.70089695083
135.87,92694.61127206698
135.88,92694.31576789085
135.89000000000001,92693.87044876089
135.9,92696.28970559084
135.91,92696.34254243426
135.92000000000002,92697.47007853304
135.93,92699.81008657823
135.94,92697.84044130691
135.95,92700.15073086074
135.96,92700.52886998783
135.97,92702.62020725258
135.98,92702.07544756382
135.99,92702.45732524195
136.0,92704.17160385424
136.01,92702.0844575918
136.02,92703.593246451
136.03,92705.95512834073
136.04,92706.05403271517
136.05,92706.07251785006
136.06,92707.40881859385
136.07,92707.36703261195
136.08,92707.05101839204
136.09,92707.79373817776
136.1,92710.55851715642
136.11,92708.43557567146
136.12,92710.23516398853
136.13,92710.631856218
136.14000000000001,92711.10629376993
136.15,92709.76379508365
136.16,92713.18468244407
136.17000000000002,92714.23584648216
136.18,92714.4399575608
136.19,92712.18984799308
136.2,92714.54977219827
136.21,92716.52960038839
136.22,92716.22958138387
136.23,92715.85532378548
136.24,92717.96467842124
136.25,92718.00786575968
136.26,92718.66187307646
136.27,92719.84926429871
136.28,92721.36320516458
136.29,92720.20262929304
136.3,92722.54648730473
136.31,92721.93845040516
136.32,92723.4552337633
136.33,92724.8118058469
136.34,92725.17380484655
136.35,92723.12971830604
136.36,92725.18508700606
136.37,92726.02115810139
136.38,92726.72371203733
136.39000000000001,92727.85456129847
136.4,92730.81313558201
136.41,92728.07546462711
136.42000000000002,92730.91716542869
136.43,92729.4410321039
136.44,92731.63976038835
136.45,92730.05582729136
136.46,92732.04754750691
136.47,92731.3803071734
136.48,92732.62634595881
136.49,92734.67846620327
136.5,92735.25534854979
136.51,92734.90114936054
136.52,92734.50586607143
136.53,92736.05866084814
136.54,92739.38557784668
136.55,92738.31036202633
136.56,92737.60669192192
136.57,92736.46532527718
136.58,92741.15590230249
136.59,92741.30777763911
136.6,92739.92113497749
136.61,92742.05886534127
136.62,92742.29833405282
136.63,92742.70241354864
136.64000000000001,92743.78914832507
136.65,92744.6817391391
136.66,92744.74495067472
136.67000000000002,92745.16018490233
136.68,92747.69344791063
136.69,92747.32191663793
136.70000000000002,92748.10867796914
136.71,92748.86287830566
136.72,92748.00397707697
136.73,92749.10011550572
136.74,92749.48073642042
136.75,92750.27690679886
136.76,92750.66870944228
136.77,92751.29482766028
136.78,92752.43920286359
136.79,92751.77728636232
136.8,92752.18378900016
136.81,92754.12013535648
136.82,92755.5920110945
136.83,92755.23740252257
136.84,92757.30877730675
136.85,92757.24156074684
136.86,92757.27759398411
136.87,92758.59837445497
136.88,92759.17687122239
136.89000000000001,92759.98388475753
136.9,92760.58415828962
136.91,92761.78181169384
136.92000000000002,92761.20707598866
136.93,92761.89433187038
136.94,92762.85864925855
136.95000000000002,92762.72946044232
136.96,92762.75172434105
136.97,92765.01302756296
136.98,92765.24353386048
136.99,92765.30978599706
137.0,92767.05789174787
137.01,92766.23501653696
137.02,92768.30894522835
137.03,92769.76803219477
137.04,92768.77976194462
137.05,92769.73146794041
137.06,92769.88998223409
137.07,92771.3815069613
137.08,92773.45252268329
137.09,92771.43932287229
137.1,92773.2752825275
137.11,92772.99662225907
137.12,92773.81480340642
137.13,92774.94142269778
137.14000000000001,92773.38629269255
137.15,92776.68550298923
137.16,92775.87671890584
137.17000000000002,92777.33832875895
137.18,92779.00820293346
137.19,92778.20493833307
137.20000000000002,92779.15043054616
137.21,92779.44932511069
137.22,92781.8163937113
137.23,92782.41535981432
137.24,92782.42179690654
137.25,92782.64692872143
137.26,92784.1649886211
137.27,92785.48702648198
137.28,92786.06721323084
137.29,92783.48128381021
137.3,92785.46871812598
137.31,92786.74410563319
137.32,92784.18515872746
137.33,92786.91958862827
137.34,92789.18628757518
137.35,92789.34494684418
137.36,92789.68285800792
137.37,92788.71797244008
137.38,92789.48284237475
137.39000000000001,92790.03687949217
137.4,92793.98366670345
137.41,92792.1473036878
137.42000000000002,92793.187949066
137.43,92793.3142710113
137.44,92793.80810752716
137.45000000000002,92797.19133954862
137.46,92796.735545357
137.47,92795.3497453909
137.48,92798.81986722517
137.49,92798.40618895202
137.5,92798.27716067743
137.51,92800.08148949931
137.52,92802.63034507331
137.53,92800.74528461181
137.54,92800.75475152525
137.55,92801.40942499161
137.56,92802.01904871502
137.57,92802.53688327156
137.58,92803.94175127789
137.59,92805.56809209532
137.6,92807.5308392774
137.61,92805.60556864005
137.62,92806.09681257405
137.63,92809.17176443855
137.64000000000001,92807.51965073057
137.65,92807.40892432857
137.66,92809.78702655244
137.67000000000002,92807.8028004099
137.68,92810.69281660004
137.69,92809.972493765
137.70000000000002,92811.39670101368
137.71,92811.41189333852
137.72,92812.58274263515
137.73,92813.76017247688
137.74,92812.73144560585
137.75,92813.27315376006
137.76,92816.11466796277
137.77,92815.04220930857
137.78,92817.09436735687
137.79,92815.43300464623
137.8,92818.35618794626
137.81,92817.42362123508
137.82,92817.48455010155
137.83,92820.53405578235
137.84,92820.02629721398
137.85,92820.42873999297
137.86,92821.15492798014
137.87,92823.61359899463
137.88,92821.47777779831
137.89000000000001,92823.26235639915
137.9,92825.15551790177
137.91,92824.56730419875
137.92000000000002,92826.07132450512
137.93,92824.28916116938
137.94,92825.94440419065
137.95000000000002,92828.13320855692
137.96,92828.6590335329
137.97,92829.47603455567
137.98,92829.80622842122
137.99,92831.3969188806
138.0,92829.5487395552
138.01,92831.81260615546
138.02,92832.4610136334
138.03,92833.47124049283
138.04,92835.02150825322
138.05,92834.52080947405
138.06,92834.51529809914
138.07,92835.50929848648
138.08,92837.4517850306
138.09,92833.83179133548
138.1,92836.81853383448
138.11,92839.14102357879
138.12,92839.66539956788
138.13,92837.99972126186
138.14000000000001,92840.54536668833
138.15,92838.30482825481
138.16,92840.94952879693
138.17000000000002,92842.09993857545
138.18,92841.12904727312
138.19,92843.74906086765
138.20000000000002,92845.14384081728
138.21,92843.84154549602
138.22,92844.53359774737
138.23,92845.17592086185
138.24,92847.67760233002
138.25,92845.62170537343
138.26,92847.83600843338
138.27,92848.49680080154
138.28,92848.10405794371
138.29,92849.40940967381
138.3,92850.14986684371
138.31,92852.37860937968
138.32,92851.42888862055
138.33,92852.18661966169
138.34,92852.33971195962
138.35,92853.10645190468
138.36,92853.1617221867
138.37,92853.1512877372
138.38,92855.65743312665
138.39000000000001,92855.35132455266
138.4,92856.70035681082
138.41,92855.85850512251
138.42000000000002,92857.4491762228
138.43,92858.70540501569
138.44,92858.8773205325
138.45000000000002,92859.50056468954
138.46,92860.28267236652
138.47,92859.36233796728
138.48,92860.92877116233
138.49,92860.15711467994
138.5,92861.73283342928
138.51,92863.89268822408
138.52,92863.77773276462
138.53,92864.98434056553
138.54,92865.13689986501
138.55,92867.25453726934
138.56,92865.11909892176
138.57,92868.00367317336
138.58,92867.26334267571
138.59,92868.50416213227
138.6,92869.63292564731
138.61,92869.79088253138
138.62,92869.02568203687
138.63,92870.39624247726
138.64000000000001,92870.73172666974
138.65,92872.46696276098
138.66,92873.23623144861
138.67000000000002,92874.54529262372
138.68,92873.43054416249
138.69,92874.92690234294
138.70000000000002,92875.58711971359
138.71,92876.33723696091
138.72,92876.82818133241
138.73,92877.7675202635
138.74,92880.58683589046
138.75,92876.48361783511
138.76,92879.87591979785
138.77,92878.54805643999
138.78,92881.97581326295
138.79,92881.3238279484
138.8,92881.87267418252
138.81,92881.8915250777
138.82,92882.58132321063
138.83,92883.66075881747
138.84,92884.44931027645
138.85,92885.14003784355
138.86,92886.4592052913
138.87,92886.05311368023
138.88,92887.00844912209
138.89000000000001,92887.46873231223
138.9,92888.84993440864
138.91,92888.55120913226
138.92000000000002,92889.68632447688
138.93,92888.67754278748
138.94,92891.48562968549
138.95000000000002,92893.5780810871
138.96,92892.11376795662
138.97,92893.2776245124
138.98,92892.27428445243
138.99,92894.27049775163
139.0,92895.12872708132
139.01,92895.54067553843
139.02,92895.00524016577
139.03,92894.21085420063
139.04,92895.81324625958
139.05,92898.02598353928
139.06,92899.48539231077
139.07,92899.95291751687
139.08,92898.47716684533
139.09,92900.01345867319
139.1,92901.44568725963
139.11,92901.50809395158
139.12,92901.75682274456
139.13,92903.52178039517
139.14000000000001,92903.49208899376
139.15,92902.68796698279
139.16,92904.31279443657
139.17000000000002,92905.76723544231
139.18,92908.29672710493
139.19,92907.1828375203
139.20000000000002,92906.84809868195
139.21,92907.59599653623
139.22,92911.34540205561
139.23,92909.63028554052
139.24,92908.80740184983
139.25,92912.28806287111
139.26,92912.73634517012
139.27,92911.96927536289
139.28,92909.57465772121
139.29,92913.20481031574
139.3,92912.19035548366
139.31,92915.08364745218
139.32,92914.80084939413
139.33,92915.13953313912
139.34,92917.07944243323
139.35,92915.84759610864
139.36,92917.1637916593
139.37,92919.17973802358
139.38,92921.03656614893
139.39000000000001,92919.39049969787
139.4,92921.44958607185
139.41,92920.18159947239
139.42000000000002,92918.88352958442
139.43,92922.40174760783
139.44,92923.17498333257
139.45000000000002,92925.51965896894
139.46,92924.34349082205
139.47,92924.95258404914
139.48,92926.59534254447
139.49,92927.44741609864
139.5,92926.5086341749
139.51,92925.81770386716
139.52,92926.64241156343
139.53,92929.47132968249
139.54,92930.18127429823
139.55,92928.7529022428
139.56,92930.22775611415
139.57,92930.92728116366
139.58,92933.14304816489
139.59,92933.0231947801
139.6,92933.52955425507
139.61,92932.59595668703
139.62,92936.03674030227
139.63,92934.37151101595
139.64000000000001,92935.60991139388
139.65,92936.10308172493
139.66,92936.92897084318
139.67000000000002,92937.84237962209
139.68,92937.63082768083
139.69,92937.75477265423
139.70000000000002,92939.50867012683
139.71,92940.40103123986
139.72,92943.01455719865
139.73,92941.71343415955
139.74,92942.29914266037
139.75,92944.42119068057
139.76,92944.45879241427
139.77,92943.77954894131
139.78,92944.6626026057
139.79,92944.87261855525
139.8,92947.13366001046
139.81,92946.82227507354
139.82,92949.20338262117
139.83,92948.39378663425
139.84,92947.1804545749
139.85,92948.5603071085
139.86,92948.36746173292
139.87,92950.37322788461
139.88,92950.73840747432
139.89000000000001,92953.4523280107
139.9,92951.31925149278
139.91,92953.51339121857
139.92000000000002,92952.28645169815
139.93,92952.83612614182
139.94,92954.66884054137
139.95000000000002,92957.81160367478
139.96,92955.64301023494
139.97,92954.44482455953
139.98,92956.19885334099
139.99,92957.54155319944
140.0,92958.11696860718
140.01,92959.8754859497
140.02,92958.86983347956
140.03,92960.30211228476
140.04,92961.04038497878
140.05,92961.52289383723
140.06,92962.10649800139
140.07,92962.79568987663
140.08,92964.5939866404
140.09,92966.03481268321
140.1,92964.37228755484
140.11,92966.88651959549
140.12,92967.05216958918
140.13,92965.92692433896
140.14000000000001,92967.87522955649
140.15,92969.18912836241
140.16,92969.98267342725
140.17000000000002,92969.90147264446
140.18,92970.1969350577
140.19,92970.0149356952
140.20000000000002,92972.94831863827
140.21,92971.8745037788
140.22,92971.27341665904
140.23,92972.37012857376
140.24,92972.98568963133
140.25,92974.9080309552
140.26,92975.29259114897
140.27,92974.10729574236
140.28,92976.43378220333
140.29,92976.99057688967
140.3,92979.0357278769
140.31,92978.6036634752
140.32,92979.52731553288
140.33,92979.94171384949
140.34,92979.64970507137
140.35,92980.13873415932
140.36,92981.56619270725
140.37,92982.18543106162
140.38,92983.23775614385
140.39000000000001,92983.7044754713
140.4,92983.69469220767
140.41,92985.18021769509
140.42000000000002,92985.97392853459
140.43,92987.15577408521
140.44,92988.23699545558
140.45000000000002,92987.40737964938
140.46,92988.44396640194
140.47,92988.64845103113
140.48,92990.13202730542
140.49,92989.30810354653
140.5,92992.79737228205
140.51,92992.08702804854
140.52,92993.23029525303
140.53,92995.04108451698
140.54,92992.07419296744
140.55,92993.82795479364
140.56,92995.98860980244
140.57,92992.56991076336
140.58,92994.38985941929
140.59,92995.61407863197
140.6,92997.18078517645
140.61,92998.92343784701
140.62,92998.61167107818
140.63,93000.54115283691
140.64000000000001,93000.33165063155
140.65,92999.41858156295
140.66,93001.18816982095
140.67000000000002,93002.91129166621
140.68,93001.66737057696
140.69,93001.09524353994
140.70000000000002,93004.67562482353
140.71,93003.76834237343
140.72,93005.02995912047
140.73,93005.26737450801
140.74,93005.38275490636
140.75,93005.2041638811
140.76,93009.59498961786
140.77,93007.3031617472
140.78,93008.93684654604
140.79,93008.24135187722
140.8,93010.71783977274
140.81,93011.57929677395
140.82,93011.7509615703
140.83,93012.80468267613
140.84,93011.59384291369
140.85,93011.05873739957
140.86,93014.43599554336
140.87,93013.32477063799
140.88,93017.25955268566
140.89000000000001,93016.08904323383
140.9,93018.91438669001
140.91,93018.28397947058
140.92000000000002,93018.11521985897
140.93,93019.0098410584
140.94,93020.0914232997
140.95000000000002,93020.23376131781
140.96,93019.17273925141
140.97,93022.47578351175
140.98,93020.74833699974
140.99,93020.7740283698
141.0,93021.95083459924
141.01,93024.39496154523
141.02,93023.12745463426
141.03,93025.3458490417
141.04,93026.8845887082
141.05,93024.60793062474
141.06,93025.48798752787
141.07,93026.9643527719
141.08,93026.61327956335
141.09,93028.93916694683
141.1,93030.42796092069
141.11,93031.48022067087
141.12,93030.95158883327
141.13,93031.75324232505
141.14000000000001,93032.4039457337
141.15,93030.4739608035
141.16,93033.94953412014
141.17000000000002,93033.64983128039
141.18,93034.75660545772
141.19,93034.30832571602
141.20000000000002,93036.04559899002
141.21,93036.4984314924
141.22,93036.11982581906
141.23,93038.91130778509
141.24,93038.52383384401
141.25,93036.58462801551
141.26,93040.84666171555
141.27,93040.01939797823
141.28,93039.97764568553
141.29,93041.94445493497
141.3,93041.34171126528
141.31,93044.02321979628
141.32,93043.07432190819
141.33,93042.32636216749
141.34,93044.62459717579
141.35,93046.34121646492
141.36,93045.48956139125
141.37,93047.57647681258
141.38,93047.58514630423
141.39000000000001,93047.35951343841
141.4,93047.55822261205
141.41,93050.55023163125
141.42000000000002,93048.9658953755
141.43,93050.10767900331
141.44,93052.00128609718
141.45000000000002,93052.05689048667
141.46,93050.56612562996
141.47,93053.11030373978
141.48,93054.6031776111
141.49,93053.5282323672
141.5,93052.7808991194
141.51,93056.87655406503
141.52,93056.04048737792
141.53,93055.93007958244
141.54,93056.13511232313
141.55,93058.91627204364
141.56,93058.309874666
141.57,93057.46332802111
141.58,93061.54139458002
141.59,93060.31007152748
141.6,93062.05194508088
141.61,93062.34203200633
141.62,93063.35698447462
141.63,93062.98217477396
141.64000000000001,93064.74986989248
141.65,93064.90794715472
141.66,93066.01386964803
141.67000000000002,93064.65550066163
141.68,93065.07460965829
141.69,93067.88579302724
141.70000000000002,93068.14476427353
141.71,93067.10574833398
141.72,93068.52474451935
141.73,93070.05082255349
141.74,93067.10286829692
141.75,93071.52467742506
141.76,93072.91698979343
141.77,93073.69058506805
141.78,93072.51502911244
141.79,93074.00267807192
141.8,93074.78903705411
141.81,93074.85461743046
141.82,93075.75206984932
141.83,93073.7201647525
141.84,93076.58950269216
141.85,93079.75552323072
141.86,93077.5677417374
141.87,93077.5162466265
141.88,93081.46789488924
141.89000000000001,93080.30706522669
141.9,93079.71677729815
141.91,93080.78283749823
141.92000000000002,93082.63390255338
141.93,93082.2889273758
141.94,93082.18004931799
141.95000000000002,93082.98879395677
141.96,93084.81392300382
141.97,93084.80705209114
141.98,93085.83912365437
141.99,93087.73637638845
142.0,93088.5933343533
142.01,93087.94007286945
142.02,93089.39336466914
142.03,93089.1276570757
142.04,93088.83744525205
142.05,93088.4005600996
142.06,93089.28416800773
142.07,93090.68244848463
142.08,93091.3946693626
142.09,93091.92490121252
142.1,93094.28451557015
142.11,93093.33995722997
142.12,93094.00681101727
142.13,93095.13669228503
142.14000000000001,93096.39691193888
142.15,93097.28076414845
142.16,93096.17149247487
142.17000000000002,93097.62353526743
142.18,93097.8497020504
142.19,93098.39681324999
142.20000000000002,93100.6141040486
142.21,93100.99785347306
142.22,93102.00251948279
142.23,93101.79640223189
142.24,93103.11198660695
142.25,93102.27338101799
142.26,93103.65641574681
142.27,93104.85907153902
142.28,93104.82086778317
142.29,93105.21148305437
142.3,93105.89884801485
142.31,93106.96119778512
142.32,93107.18430371491
142.33,93107.88309521938
142.34,93107.40523288738
142.35,93108.84729215014
142.36,93109.88788138382
142.37,93110.84181768037
142.38,93110.78868354786
142.39000000000001,93112.68096120245
142.4,93112.66598713628
142.41,93113.9440155751
142.42000000000002,93114.36838586623
142.43,93113.4656305311
142.44,93114.94453436509
142.45000000000002,93115.81847707985
142.46,93117.13209878419
142.47,93118.18068192614
142.48,93116.65435921893
142.49,93118.70419299987
142.5,93118.80472214625
142.51,93119.83230778597
142.52,93118.30322019971
142.53,93122.25380058124
142.54,93121.65985438808
142.55,93121.10892102186
142.56,93121.6281783986
142.57,93123.71117679215
142.58,93124.72763314965
142.59,93124.07105449734
142.6,93124.0894744004
142.61,93127.93909856124
142.62,93126.92907401393
142.63,93128.55993622645
142.64000000000001,93126.73138044847
142.65,93130.03777840966
142.66,93128.41625839587
142.67000000000002,93129.52163026562
142.68,93130.62423253527
142.69,93130.60043166301
142.70000000000002,93131.08728585782
142.71,93134.72678392919
142.72,93133.04728028603
142.73,93134.17127845909
142.74,93136.44227960972
142.75,93134.01209903862
142.76,93135.61891750296
142.77,93135.98814521535
142.78,93137.45428400234
142.79,93136.05068638656
142.8,93138.05302804706
142.81,93138.66702635367
142.82,93139.45690200815
142.83,93140.2772701639
142.84,93139.32217863396
142.85,93142.82247891939
142.86,93143.60725992025
142.87,93143.78662026896
142.88,93142.62934420757
142.89000000000001,93144.7361558137
142.9,93143.76503925711
142.91,93146.67480626088
142.92000000000002,93144.33421977198
142.93,93146.98240971126
142.94,93148.2143088524
142.95000000000002,93149.04338082763
142.96,93148.69190304413
142.97,93147.94609834423
142.98,93149.14060889157
142.99,93149.32002027515
143.0,93149.7149992716
143.01,93150.49903591463
143.02,93152.13819452687
143.03,93154.03095737663
143.04,93154.28304562008
143.05,93154.40513275999
143.06,93156.12521341651
143.07,93157.06715649196
143.08,93154.1483506491
143.09,93157.27042761537
143.1,93157.21787841954
143.11,93157.57753806892
143.12,93158.7251958545
143.13,93157.86276188066
143.14000000000001,93158.22610447131
143.15,93159.64135942826
143.16,93161.9476597759
143.17000000000002,93161.76039718838
143.18,93163.49687015434
143.19,93163.12327540515
143.20000000000002,93165.40696428904
143.21,93163.51214720192
143.22,93164.47800223612
143.23,93164.60833776758
143.24,93166.80553096546
143.25,93166.70813833181
143.26,93167.91336967192
143.27,93168.48070535186
143.28,93168.41247397017
143.29,93170.73529878509
143.3,93170.42740193228
143.31,93169.70167050716
143.32,93171.9759501459
143.33,93169.94602286494
143.34,93173.23114470323
143.35,93171.75446388964
143.36,93174.21129065091
143.37,93174.04247928508
143.38,93174.59955319406
143.39000000000001,93177.10198607236
143.4,93176.2369380238
143.41,93176.70729581098
143.42000000000002,93178.31182450829
143.43,93180.77693571615
143.44,93177.40653028338
143.45000000000002,93179.8961342908
143.46,93181.04885190427
143.47,93180.76718759311
143.48,93181.91367056698
143.49,93184.03934985754
143.5,93183.38999142667
143.51,93183.7357393936
143.52,93186.6896455682
143.53,93185.71940880119
143.54,93186.09153289296
143.55,93187.31539077144
143.56,93186.75427995993
143.57,93186.00280211933
143.58,93189.03517071319
143.59,93188.45112830617
143.6,93190.240172126
143.61,93191.32896381227
143.62,93190.55403798251
143.63,93191.36777672783
143.64000000000001,93191.83760465357
143.65,93194.01841327372
143.66,93191.65892792169
143.67000000000002,93194.97365223459
143.68,93193.63869179928
143.69,93195.69634949855
143.70000000000002,93196.94832719654
143.71,93196.44347820301
143.72,93196.27488541885
143.73,93196.13550309552
143.74,93199.04345618839
143.75,93198.82937481228
143.76,93198.93851405806
143.77,93201.51890801491
143.78,93200.91441963917
143.79,93201.84491828807
143.8,93202.64917832304
143.81,93201.60762072558
143.82,93203.14968012614
143.83,93204.99418450192
143.84,93207.2446306445
143.85,93206.46775125466
143.86,93206.54893928824
143.87,93205.42984753294
143.88,93209.69860789352
143.89000000000001,93209.82915664093
143.9,93207.65245322457
143.91,93210.03519952072
143.92000000000002,93210.96255256236
143.93,93210.62817074821
143.94,93211.4465984635
143.95000000000002,93212.10159265765
143.96,93212.52447483492
143.97,93211.54273585584
143.98,93214.39194034427
143.99,93212.49020761765
144.0,93213.28173132252
144.01,93213.71951434333
144.02,93216.01939048388
144.03,93217.49369759425
144.04,93216.60425478462
144.05,93217.66850382274
144.06,93218.04465889679
144.07,93218.60951127892
144.08,93222.27576430092
144.09,93222.08377238842
144.1,93220.4535346761
144.11,93222.12374837251
144.12,93223.26051019579
144.13,93225.35227320642
144.14000000000001,93222.90078255521
144.15,93225.14904032112
144.16,93225.88174715181
144.17000000000002,93225.88572428774
144.18,93225.37978102638
144.19,93227.1816538128
144.20000000000002,93228.30368126046
144.21,93226.60722768684
144.22,93230.35597454388
144.23,93229.27870201947
144.24,93230.08039982208
144.25,93230.6174451263
144.26,93231.33921943408
144.27,93231.15182098486
144.28,93231.32004654722
144.29,93233.1577594712
144.3,93234.60419108391
144.31,93236.24285155305
144.32,93233.35680852877
144.33,93237.32226754492
144.34,93236.06292117211
144.35,93236.53977023247
144.36,93239.52590064642
144.37,93239.25360931596
144.38,93239.6980989223
144.39000000000001,93238.62729774954
144.4,93241.61618036364
144.41,93241.93102026227
144.42000000000002,93242.09097021501
144.43,93244.87254703809
144.44,93241.04351770163
144.45000000000002,93242.87465884305
144.46,93245.07000185679
144.47,93246.16996200796
144.48,93245.96311832702
144.49,93246.67535714123
144.5,93246.0660244559
144.51,93249.1118798892
144.52,93247.95784788794
144.53,93249.77381559128
144.54,93250.35276638057
144.55,93251.01340250864
144.56,93252.90983218927
144.57,93251.67122783232
144.58,93252.22208812031
144.59,93253.95906122659
144.6,93253.05890437862
144.61,93254.76843509219
144.62,93255.90640421619
144.63,93254.81441562362
144.64000000000001,93257.89808603738
144.65,93256.92909636204
144.66,93258.56282819028
144.67000000000002,93257.35887895469
144.68,93258.6593719404
144.69,93257.54861716482
144.70000000000002,93261.0863268315
144.71,93259.13824889764
144.72,93262.06073443661
144.73,93260.77809143292
144.74,93262.25904442971
144.75,93263.70055555437
144.76,93264.33507260279
144.77,93265.32951857419
144.78,93264.29229382241
144.79,93264.26086578358
144.8,93265.59679898192
144.81,93268.31127568515
144.82,93269.8482578605
144.83,93268.06989532837
144.84,93269.04470226227
144.85,93268.34613642236
144.86,93270.81785249658
144.87,93272.649794698
144.88,93273.50200496857
144.89000000000001,93272.88369605549
144.9,93271.90609990418
144.91,93273.40349182044
144.92000000000002,93274.47731270776
144.93,93275.27385452008
144.94,93273.8574778321
144.95000000000002,93276.30543763538
144.96,93277.40656183756
144.97,93278.250278752
144.98,93279.39316831171
144.99,93277.11990673529
145.0,93278.79679888241
145.01,93278.377393376
145.02,93280.42144294026
145.03,93280.03415257626
145.04,93281.2511916677
145.05,93281.57932968692
145.06,93283.05047693639
145.07,93284.15754687334
145.08,93285.62717919835
145.09,93286.19311626894
145.1,93284.32072122926
145.11,93286.91551029118
145.12,93286.75207308755
145.13,93288.4400064338
145.14000000000001,93288.13264849369
145.15,93286.67336082486
145.16,93290.65070315111
145.17000000000002,93290.13436256435
145.18,93290.22737289155
145.19,93291.42920273221
145.20000000000002,93292.7002083795
145.21,93293.84451072408
145.22,93292.74879853961
145.23,93292.49234402651
145.24,93295.74952579183
145.25,93294.6015811953
145.26,93295.698277114
145.27,93296.17201698206
145.28,93297.89053749987
145.29,93298.2410982962
145.3,93300.02586023131
145.31,93300.9238942455
145.32,93300.76929451972
145.33,93299.56538543441
145.34,93300.33096283818
145.35,93302.16492983242
145.36,93300.87433876703
145.37,93303.36646837454
145.38,93304.56058860988
145.39000000000001,93305.87852776135
145.4,93304.88377800412
145.41,93305.95474212909
145.42000000000002,93306.27448471617
145.43,93307.00601762194
145.44,93307.8279438564
145.45000000000002,93308.89119877105
145.46,93309.18390018506
145.47,93309.05082105061
145.48,93309.19720667883
145.49,93309.40344398814
145.5,93312.31366486798
145.51,93311.26526174664
145.52,93313.96506721708
145.53,93313.13669808174
145.54,93313.1721228328
145.55,93313.90456856611
145.56,93315.51222187605
145.57,93316.15847790729
145.58,93317.82310243558
145.59,93317.19260557514
145.6,93317.21534648238
145.61,93319.2227642504
145.62,93320.73545460361
145.63,93320.07292923215
145.64000000000001,93319.55277630127
145.65,93320.38539860776
145.66,93322.45468156118
145.67000000000002,93323.20752897974
145.68,93324.52211620026
145.69,93322.55114463737
145.70000000000002,93325.17379961956
145.71,93324.97265999691
145.72,93325.06582274144
145.73,93328.96995208017
145.74,93326.75079892117
145.75,93327.31295002864
145.76,93329.83723403132
145.77,93328.8308001225
145.78,93329.84195773762
145.79,93329.9827124124
145.8,93331.19729377562
145.81,93333.29653695566
145.82,93331.13756821593
145.83,93332.77924554762
145.84,93332.64881060831
145.85,93334.89379886385
145.86,93334.18249242606
145.87,93336.34400583709
145.88,93334.59363037407
145.89000000000001,93337.00410554087
145.9,93336.39604788546
145.91,93337.4332196095
145.92000000000002,93336.96786967895
145.93,93339.5010158048
145.94,93338.95474163601
145.95000000000002,93341.0915638407
145.96,93340.54889050257
145.97,93341.2573712851
145.98,93341.98833885923
145.99,93344.3029052488
146.0,93343.7692214893
146.01,93344.2578347625
146.02,93344.41550111069
146.03,93344.27181794701
146.04,93345.89911362805
146.05,93345.7453777685
146.06,93348.40519487418
146.07,93348.50837146294
146.08,93348.72737554317
146.09,93349.4392980406
146.1,93350.7144290945
146.11,93349.26060266471
146.12,93350.80393911635
146.13,93353.18793840586
146.14000000000001,93350.57284962562
146.15,93352.33063998308
146.16,93355.36865283018
146.17000000000002,93354.02296931428
146.18,93355.00996284583
146.19,93356.16580287543
146.20000000000002,93356.4611829363
146.21,93358.58160384165
146.22,93357.85232237437
146.23,93359.6066824645
146.24,93357.27916038006
146.25,93358.9782480847
146.26,93358.84277993203
146.27,93361.43779877007
146.28,93361.88189315694
146.29,93363.12379879534
146.3,93362.67699458201
146.31,93363.12784607579
146.32,93364.36329459182
146.33,93363.43040989981
146.34,93365.6638876166
146.35,93365.48150362972
146.36,93364.00306853086
146.37,93366.3045878641
146.38,93366.80393084924
146.39000000000001,93367.97142009366
146.4,93370.84531144278
146.41,93370.32173016104
146.42000000000002,93371.3680108458
146.43,93370.03583710447
146.44,93372.40757724612
146.45000000000002,93374.16611638793
146.46,93373.36856888031
146.47,93373.1430383216
146.48,93373.85988269502
146.49,93375.8553022736
146.5,93375.03703820855
146.51,93377.50137479162
146.52,93376.87731427097
146.53,93377.9993646337
146.54,93378.77003194299
146.55,93378.07414727984
146.56,93379.69336760422
146.57,93379.65134242801
146.58,93380.04847233793
146.59,93381.75236986244
146.6,93381.93932924683
146.61,93382.52023056746
146.62,93381.6809446565
146.63,93383.85102778136
146.64000000000001,93384.82851164571
146.65,93384.84876507818
146.66,93386.60318225008
146.67000000000002,93388.29713731281
146.68,93385.95061146702
146.69,93386.50433560298
146.70000000000002,93388.1692844389
146.71,93390.31713867269
146.72,93389.42438442519
146.73,93390.96826495761
146.74,93392.95575653936
146.75,93390.8558750544
146.76,93393.6406087356
146.77,93393.92571357577
146.78,93394.25127013562
146.79,93394.44678249446
146.8,93395.05749113356
146.81,93394.51302972784
146.82,93397.51654249842
146.83,93396.38722283891
146.84,93396.6910121249
146.85,93395.96272152332
146.86,93398.22945674974
146.87,93399.52046395664
146.88,93398.95967781256
146.89000000000001,93402.09957961435
146.9,93400.63544370212
146.91,93401.86121945655
146.92000000000002,93403.51581008483
146.93,93403.61025083598
146.94,93402.6420101937
146.95000000000002,93405.10608926961
146.96,93406.98121655529
146.97,93404.83771476874
146.98,93405.33600023756
146.99,93405.6216672157
147.0,93407.87755455867
147.01,93408.0864672777
147.02,93408.16971158078
147.03,93409.31848801971
147.04,93409.27992520026
147.05,93411.01861374556
147.06,93411.93486690277
147.07,93412.07628500999
147.08,93410.97584264509
147.09,93413.77856194938
147.1,93413.25661761666
147.11,93414.04462737452
147.12,93413.09532669697
147.13,93415.55304059431
147.14000000000001,93415.3191575544
147.15,93416.47827360278
147.16,93417.97066575731
147.17000000000002,93419.1503659227
147.18,93418.84573413231
147.19,93420.28759025644
147.20000000000002,93418.81072786936
147.21,93421.98623707319
147.22,93420.20350495438
147.23,93422.34210887495
147.24,93424.95485971736
147.25,93423.94274035956
147.26,93424.89087840484
147.27,93424.32126602769
147.28,93423.83114376321
147.29,93424.1791567236
147.3,93426.72154354342
147.31,93428.70140222703
147.32,93429.22652435732
147.33,93429.27505315798
147.34,93429.27224881668
147.35,93430.05300578708
147.36,93429.77343984378
147.37,93432.41536760495
147.38,93433.53635000795
147.39000000000001,93433.21007485465
147.4,93433.53031201375
147.41,93433.4926972586
147.42000000000002,93432.94124082655
147.43,93435.73825267577
147.44,93437.59475083156
147.45000000000002,93435.50757057563
147.46,93436.71834354119
147.47,93435.760716422
147.48,93439.83950440722
147.49,93439.41719501479
147.5,93440.97619033435
147.51,93440.53089299254
147.52,93439.84625640127
147.53,93440.89200633184
147.54,93443.41982740973
147.55,93440.0545048861
147.56,93443.38044083862
147.57,93443.52293799109
147.58,93446.15235180009
147.59,93445.14007698033
147.6,93446.4154509749
147.61,93447.60418039805
147.62,93446.66913300117
147.63,93446.97371522321
147.64000000000001,93448.4201578701
147.65,93449.28064504101
147.66,93451.41953376107
147.67000000000002,93452.06218010702
147.68,93451.30610371
147.69,93453.25044841673
147.70000000000002,93451.64866658591
147.71,93452.446031546
147.72,93454.88372655366
147.73,93455.70222737579
147.74,93456.4716390359
147.75,93455.81477492607
147.76,93456.97105309587
147.77,93457.13008765038
147.78,93457.47177021942
147.79,93458.40159918553
147.8,93457.64714675254
147.81,93459.51192947068
147.82,93462.25916075332
147.83,93459.94879132957
147.84,93460.22501706207
147.85,93462.39919631452
147.86,93462.70670409517
147.87,93463.18779777508
147.88,93464.81431704061
147.89000000000001,93463.37808275386
147.9,93464.53281915816
147.91,93467.72057393233
147.92000000000002,93466.3030782049
147.93,93467.98675444172
147.94,93467.54719388479
147.95000000000002,93469.82360128488
147.96,93468.64705638243
147.97,93467.42631421432
147.98,93468.575509383
147.99,93470.1125944337
148.0,93472.44959601917
148.01,93472.39499047906
148.02,93473.48965761432
148.03,93473.11360436377
148.04,93472.4332565227
148.05,93474.72317418107
148.06,93475.28647655479
148.07,93475.78694816606
148.08,93476.63049678152
148.09,93478.25258180533
148.1,93477.97948487775
148.11,93479.2556296309
148.12,93478.57846343952
148.13,93480.42032321468
148.14000000000001,93479.98767460418
148.15,93483.19104103842
148.16,93482.83300593038
148.17000000000002,93481.4130398148
148.18,93483.78563944853
148.19,93485.04094693932
148.20000000000002,93484.54550198084
148.21,93486.35828915834
148.22,93485.69471947072
148.23,93487.86749036257
148.24,93485.76868451276
148.25,93487.01993204358
148.26,93488.2713476449
148.27,93489.09336852623
148.28,93489.83810647322
148.29,93490.7442002126
148.3,93489.96389981285
148.31,93491.3442243101
148.32,93492.15901978342
148.33,93492.4551670884
148.34,93492.54792037899
148.35,93495.9728688618
148.36,93495.51553813356
148.37,93495.6198735705
148.38,93494.9447671467
148.39000000000001,93496.59775521945
148.4,93497.18322620678
148.41,93496.22571285856
148.42000000000002,93498.072036378
148.43,93500.47760831533
148.44,93497.24704217036
148.45000000000002,93500.99623773087
148.46,93502.16061077874
148.47,93501.99213841342
148.48,93503.41145111955
148.49,93502.94369245645
148.5,93505.22056762745
148.51,93502.88506284446
148.52,93504.21630016652
148.53,93505.40503338282
148.54,93506.513155327
148.55,93505.42466174232
148.56,93507.93951637071
148.57,93509.19849218788
148.58,93510.13207277306
148.59,93509.33744876363
148.6,93509.90717808771
148.61,93510.52591958601
148.62,93511.03758485487
148.63,93510.78880304351
148.64000000000001,93515.07432960712
148.65,93513.90289429051
148.66,93514.57077900185
148.67000000000002,93512.35572468441
148.68,93515.62108556724
148.69,93517.13792849975
148.70000000000002,93518.87237131956
148.71,93516.96592123993
148.72,93518.28940175341
148.73,93518.92344320135
148.74,93520.28202277093
148.75,93518.11458282643
148.76,93519.74246442171
148.77,93519.96146089643
148.78,93521.32284132503
148.79,93522.37474475027
148.8,93523.9004406204
148.81,93524.96981987313
148.82,93526.23322165858
148.83,93523.7563008662
148.84,93525.1570837822
148.85,93525.83625028237
148.86,93528.31591945382
148.87,93528.2169399595
148.88,93528.31040007877
148.89000000000001,93529.57017518982
148.9,93528.70771398865
148.91,93528.1115838558
148.92000000000002,93530.88839274555
148.93,93530.62928908337
148.94,93531.98765685537
148.95000000000002,93533.71461815173
148.96,93536.84428646092
148.97,93534.9850137241
148.98,93534.96120082686
148.99,93535.33657686437
149.0,93538.52087735425
149.01,93537.45810418024
149.02,93536.67526718086
149.03,93536.8609112269
149.04,93537.5006688137
149.05,93538.77311688758
149.06,93539.07463671103
149.07,93541.2465935909
149.08,93539.9678664558
149.09,93543.09350544518
149.1,93540.806709612
149.11,93540.77193702808
149.12,93543.5316901484
149.13,93544.32166299727
149.14000000000001,93544.7257287548
149.15,93547.9051742055
149.16,93546.4428607374
149.17000000000002,93546.05817264327
149.18,93547.81503704944
149.19,93547.1551525695
149.20000000000002,93547.60145154514
149.21,93549.10153227064
149.22,93550.89627233797
149.23,93550.42706916631
149.24,93548.99429952605
149.25,93550.9475087976
149.26,93554.14862180986
149.27,93552.63000559696
149.28,93556.2676665349
149.29,93554.72284945167
149.3,93554.53631462417
149.31,93556.9252934731
149.32,93557.01067737122
149.33,93557.34626453083
149.34,93557.80858972618
149.35,93557.17891936767
149.36,93559.56049078162
149.37,93558.1033405976
149.38,93559.8843711412
149.39000000000001,93560.91392685822
149.4,93561.68599686067
149.41,93562.86190626898
149.42000000000002,93562.96866114812
149.43,93564.1018177482
149.44,93563.12664308351
149.45000000000002,93566.24738900221
149.46,93565.78561939423
149.47,93566.74628833111
149.48,93565.35273852397
149.49,93566.70897952456
149.5,93568.36501035544
149.51,93569.20693028213
149.52,93570.10412490241
149.53,93569.39222124545
149.54,93568.95501923813
149.55,93571.83590512296
149.56,93571.90550369548
149.57,93572.09274686809
149.58,93573.51841143085
149.59,93574.10390244763
149.6,93574.36346423283
149.61,93575.1959201234
149.62,93576.64287757406
149.63,93576.41598968676
149.64000000000001,93577.76809654856
149.65,93577.91613301079
149.66,93578.28414941298
149.67000000000002,93579.27407045042
149.68,93577.55492854715
149.69,93581.78159805339
149.70000000000002,93580.13264125944
149.71,93582.24895456833
149.72,93581.07595463237
149.73,93583.70434892992
149.74,93582.48298694596
149.75,93584.52529518433
149.76,93585.34397586167
149.77,93585.16999711949
149.78,93588.5508702516
149.79,93587.66513629071
149.8,93587.04359735547
149.81,93590.03913281158
149.82,93590.39900951998
149.83,93591.44288328699
149.84,93589.90277350547
149.85,93591.57712323328
149.86,93592.19652890341
149.87,93591.4452558244
149.88,93593.94524753104
149.89000000000001,93594.10013658855
149.9,93593.6039984275
149.91,93595.36961318224
149.92000000000002,93595.20493852234
149.93,93596.99855343653
149.94,93596.77706604938
149.95000000000002,93597.17012449753
149.96,93597.87843319436
149.97,93599.41231627368
149.98,93599.91048115664
149.99,93599.8433779442
150.0,93600.73961918184
150.01,93598.52544858362
150.02,93602.96394079966
150.03,93601.50375261932
150.04,93603.07927859304
150.05,93605.0200431703
150.06,93605.36465071027
150.07,93603.53173996026
150.08,93604.08894864554
150.09,93607.49786221635
150.1,93606.69737777663
150.11,93607.75160786818
150.12,93608.50784369044
150.13,93609.37574572834
150.14000000000001,93607.76429405063
150.15,93610.03541711449
150.16,93610.95546774035
150.17000000000002,93612.33055808666
150.18,93611.91852870505
150.19,93613.2348513452
150.20000000000002,93612.81636930439
150.21,93614.53427109329
150.22,93613.99657939786
150.23,93614.22546041722
150.24,93615.52976743835
150.25,93615.83841921952
150.26,93617.95421633488
150.27,93617.346002178
150.28,93618.80567729696
150.29,93617.66505987667
150.3,93621.13842971006
150.31,93621.07789355291
150.32,93620.68474778204
150.33,93620.18362386586
150.34,93622.75193580048
150.35,93623.76498780958
150.36,93622.97513245566
150.37,93624.80248820159
150.38,93622.94237018391
150.39000000000001,93627.1641510759
150.4,93624.96940625564
150.41,93626.22951042249
150.42000000000002,93627.76196692338
150.43,93625.67448378999
150.44,93629.53434951913
150.45000000000002,93629.70777517492
150.46,93629.873379674
150.47,93629.68638086607
150.48,93629.87484699943
150.49,93632.42744273998
150.5,93633.58198035184
150.51,93631.93865816809
150.52,93635.17557660534
150.53,93634.90445214079
150.54,93633.96675853954
150.55,93635.5945024074
150.56,93635.54061750906
150.57,93638.01708010703
150.58,93636.74459060075
150.59,93637.02836295267
150.6,93638.94731186342
150.61,93639.28052088563
150.62,93639.1155753993
150.63,93640.99304000229
150.64000000000001,93642.46436671646
150.65,93642.70879464976
150.66,93644.45278189135
150.67000000000002,93641.22171095604
150.68,93644.50193670452
150.69,93645.23463837136
150.70000000000002,93645.24365456491
150.71,93646.9489463606
150.72,93645.07904806043
150.73,93646.58463068653
150.74,93647.95858025635
150.75,93648.34235997708
150.76,93648.24009041181
150.77,93647.78654496252
150.78,93649.18398326794
150.79,93651.28344736926
150.8,93649.50914577313
150.81,93652.38948929039
150.82,93650.57696359477
150.83,93653.6375045113
150.84,93654.411460936
150.85,93654.70380673424
150.86,93656.8828010364
150.87,93657.5674061751
150.88,93656.42456830229
150.89000000000001,93656.76909467715
150.9,93658.28948315444
150.91,93658.69498227142
150.92000000000002,93658.73406197382
150.93,93661.0737958103
150.94,93661.39736148187
150.95000000000002,93663.09902732227
150.96,93660.80168306157
150.97,93663.29212569419
150.98,93663.48225853281
150.99,93661.394989881
151.0,93663.35119594562
151.01,93666.22285769542
151.02,93666.71713925927
151.03,93667.09172669904
151.04,93668.58454869622
151.05,93669.33111759467
151.06,93668.72379073146
151.07,93668.83144925212
151.08,93670.14679756771
151.09,93670.40731511428
151.1,93670.78079774317
151.11,93672.74918385725
151.12,93674.76677826446
151.13,93673.46446202348
151.14000000000001,93674.58140591218
151.15,93674.22736415894
151.16,93675.32098401879
151.17000000000002,93676.92384735105
151.18,93675.55757804413
151.19,93677.98413897342
151.20000000000002,93678.47724586629
151.21,93675.95308711947
151.22,93678.95778323222
151.23,93680.81234768174
151.24,93679.4549793788
151.25,93682.09667399482
151.26,93681.10656212083
151.27,93682.74421869362
151.28,93681.84437241951
151.29,93683.76957174645
151.3,93683.59487646061
151.31,93684.3781552066
151.32,93684.96865713027
151.33,93685.50785401605
151.34,93687.07770337643
151.35,93686.00143219641
151.36,93686.58109280765
151.37,93689.10737891222
151.38,93688.92718378884
151.39000000000001,93689.13561619967
151.4,93690.32898105998
151.41,93690.03954693892
151.42000000000002,93691.9915389552
151.43,93692.74802111147
151.44,93690.77182270994
151.45000000000002,93693.9687128245
151.46,93694.17000764361
151.47,93693.30960742343
151.48,93694.44462702837
151.49,93694.43770508564
151.5,93695.82451574707
151.51,93698.03854433571
151.52,93697.23217606195
151.53,93699.44931054885
151.54,93699.64409603701
151.55,93700.05082099965
151.56,93700.84762176938
151.57,93699.44205360464
151.58,93700.67376296676
151.59,93701.83476748528
151.6,93703.60126454275
151.61,93702.73787674269
151.62,93703.66214659561
151.63,93706.73684854074
151.64000000000001,93704.99783609429
151.65,93706.62911635764
151.66,93707.77275826216
151.67000000000002,93707.18481417191
151.68,93708.12149006025
151.69,93709.18295837712
151.70000000000002,93707.97190981051
151.71,93710.50559984599
151.72,93710.44190178165
151.73,93712.286420474
151.74,93711.8552171086
151.75,93713.19974829664
151.76,93714.52009599948
151.77,93713.08119396913
151.78,93715.7664591951
151.79,93716.1076152146
151.8,93716.73430397657
151.81,93717.07207747985
151.82,93717.24333314651
151.83,93717.00469083535
151.84,93720.09565982006
151.85,93719.61685348292
151.86,93723.0331572373
151.87,93721.98460202839
151.88,93723.17280812576
151.89000000000001,93721.24207826176
151.9,93723.44169152917
151.91,93724.35871715762
151.92000000000002,93722.02828883858
151.93,93726.59311589717
151.94,93725.07033828167
151.95000000000002,93725.63616209674
151.96,93727.77625356572
151.97,93727.13251730205
151.98,93726.87595912263
151.99,93727.31641167824
152.0,93727.94532017419
152.01,93727.968758083
152.02,93729.83356322546
152.03,93731.5684680204
152.04,93731.79342331902
152.05,93733.0102358196
152.06,93733.07663425375
152.07,93733.76355842757
152.08,93734.41951145476
152.09,93733.88000971994
152.1,93734.42839059574
152.11,93737.24063959089
152.12,93737.07085716623
152.13,93737.99386102194
152.14000000000001,93738.2021882353
152.15,93740.18391538196
152.16,93739.79414289928
152.17000000000002,93739.21558777649
152.18,93740.95897625973
152.19,93741.4408571406
152.20000000000002,93741.57662065531
152.21,93743.2763656442
152.22,93743.68258384343
152.23,93741.06497085677
152.24,93743.91393103704
152.25,93744.40157469326
152.26,93746.30563435225
152.27,93746.59552166483
152.28,93744.68817996987
152.29,93747.40316227419
152.3,93746.8071404095
152.31,93747.69234478459
152.32,93749.87279067037
152.33,93749.9093072358
152.34,93750.99462234063
152.35,93751.51049982481
152.36,93752.28467702682
152.37,93753.77358445938
152.38,93754.2818253225
152.39000000000001,93753.60545973718
152.4,93755.76240984125
152.41,93755.74056716132
152.42000000000002,93755.79213193787
152.43,93757.87546822512
152.44,93757.53348282955
152.45000000000002,93755.56591004776
152.46,93759.36860120502
152.47,93759.56474769446
152.48,93759.75105590919
152.49,93760.34172675369
152.5,93762.7868886927
152.51,93760.762398422
152.52,93763.12464120975
152.53,93764.02774896687
152.54,93764.61293963692
152.55,93764.39210231882
152.56,93765.0004836795
152.57,93766.66757034771
152.58,93767.77417978569
152.59,93766.97409215361
152.6,93766.21238743195
152.61,93767.50096388465
152.62,93768.68512186571
152.63,93770.91891726493
152.64000000000001,93770.0727688072
152.65,93770.19162509764
152.66,93772.51659935487
152.67000000000002,93771.4219267884
152.68,93770.95809612915
152.69,93773.09953970047
152.70000000000002,93773.93398570763
152.71,93777.34391510945
152.72,93776.18658017767
152.73,93776.41124903415
152.74,93777.335894693
152.75,93778.06600658885
152.76,93778.40956665271
152.77,93779.38711738381
152.78,93778.98141064879
152.79,93781.42845675786
152.8,93780.56213452923
152.81,93780.13048675736
152.82,93780.20982674259
152.83,93780.27404613463
152.84,93782.43055465733
152.85,93784.27329424127
152.86,93784.9996837439
152.87,93783.84390228611
152.88,93785.42213619493
152.89000000000001,93788.15362912341
152.9,93787.75664662916
152.91,93786.59729660253
152.92000000000002,93788.88668226995
152.93,93787.70295701304
152.94,93788.48936388305
152.95000000000002,93790.20450638616
152.96,93791.34163198911
152.97,93790.56453958256
152.98,93791.57935977573
152.99,93795.00015087391
153.0,93793.93297846762
153.01,93794.54743779618
153.02,93793.35723280052
153.03,93793.24138913436
153.04,93796.26023162207
153.05,93796.22010446056
153.06,93795.97606234347
153.07,93795.86765016097
153.08,93797.60006339695
153.09,93798.66591824873
153.1,93799.59204736765
153.11,93800.73799533733
153.12,93800.06608991271
153.13,93799.4514644588
153.14000000000001,93803.1190825766
153.15,93803.22810260975
153.16,93803.93138652788
153.17000000000002,93804.01738492491
153.18,93804.88298596306
153.19,93803.58166406404
153.20000000000002,93805.85115389574
153.21,93806.89263897488
153.22,93807.88910141858
153.23,93808.42413825262
153.24,93809.50470376332
153.25,93809.43815146491
153.26,93810.9130929464
153.27,93811.06835272505
153.28,93813.07122002302
153.29,93811.9988590746
153.3,93814.1233646387
153.31,93811.65600802419
153.32,93815.2724196067
153.33,93814.62584311585
153.34,93815.74934739855
153.35,93815.78171181603
153.36,93816.35708415064
153.37,93817.12483953421
153.38,93819.19859725687
153.39000000000001,93817.14704544116
153.4,93818.419300545
153.41,93818.8117029555
153.42000000000002,93818.52808119041
153.43,93820.77513964388
153.44,93821.19233070123
153.45000000000002,93822.18395372275
153.46,93822.024158025
153.47,93823.1857551296
153.48,93824.59783547571
153.49,93824.25352360077
153.5,93824.28867421146
153.51,93825.41401754692
153.52,93827.5714697358
153.53,93827.72737499018
153.54,93826.92391925487
153.55,93826.61158366462
153.56,93827.46860393127
153.57,93832.16404059717
153.58,93828.56415501842
153.59,93830.01767924379
153.6,93833.04107005047
153.61,93831.44925951079
153.62,93834.02252820642
153.63,93834.5381952593
153.64000000000001,93835.87868824496
153.65,93834.25813478586
153.66,93834.6438095546
153.67000000000002,93837.32295681354
153.68,93835.99456299818
153.69,93839.47336906266
153.70000000000002,93838.19100846165
153.71,93838.37299106426
153.72,93837.12292429522
153.73,93840.24730581677
153.74,93840.68372348536
153.75,93842.19331027195
153.76,93841.26331747319
153.77,93841.95663258874
153.78,93842.8695053787
153.79,93844.6772916121
153.8,93844.31523667678
153.81,93844.9182682204
153.82,93844.8661352629
153.83,93847.94706104632
153.84,93848.39030282659
153.85,93848.54846395993
153.86,93848.54583358113
153.87,93850.51447434365
153.88,93850.02592793108
153.89000000000001,93851.65834822688
153.9,93848.90594067976
153.91,93852.93660471709
153.92000000000002,93852.51830936041
153.93,93851.82484751505
153.94,93852.4770125528
153.95000000000002,93854.00193512239
153.96,93855.60579610897
153.97,93855.83120334928
153.98,93855.84189516399
153.99,93855.18611595486
154.0,93857.94354799452
154.01,93857.62137941756
154.02,93858.94433691044
154.03,93860.46859116471
154.04,93859.66606135423
154.05,93860.19148822474
154.06,93861.21511734683
154.07,93862.27165617644
154.08,93863.13409921795
154.09,93863.57678438569
154.1,93864.27406600614
154.11,93864.23498840694
154.12,93866.09192900451
154.13,93865.11448825644
154.14000000000001,93866.8217476621
154.15,93867.0096521277
154.16,93868.41921270225
154.17000000000002,93868.28996593121
154.18,93869.24834954034
154.19,93869.7210839907
154.20000000000002,93868.8227540013
154.21,93870.62931359455
154.22,93872.32011007829
154.23,93871.66547797018
154.24,93873.91778936022
154.25,93872.28683216938
154.26,93875.41684767588
154.27,93875.91963643696
154.28,93875.97441011717
154.29,93876.3535505131
154.3,93876.80168220766
154.31,93877.25773799262
154.32,93877.93881488085
154.33,93880.00492015465
154.34,93877.75526420574
154.35,93881.76426685511
154.36,93880.92117590454
154.37,93881.16380400244
154.38,93882.77867175963
154.39000000000001,93883.52643968312
154.4,93882.58592261582
154.41,93883.81976759773
154.42000000000002,93885.46776623598
154.43,93884.42233862302
154.44,93885.24469858238
154.45000000000002,93885.66062829088
154.46,93885.22643443207
154.47,93888.3538772858
154.48,93888.6549903399
154.49,93889.9070126941
154.5,93889.93844323748
154.51,93890.27082028145
154.52,93891.41709630053
154.53,93894.57869584231
154.54,93894.60094907397
154.55,93894.21884698486
154.56,93892.86714931502
154.57,93893.86153520977
154.58,93892.74312608896
154.59,93895.32800319971
154.6,93898.28221143153
154.61,93896.38726186306
154.62,93895.88198942199
154.63,93897.5680738266
154.64000000000001,93900.5821213509
154.65,93900.17866113446
154.66,93899.26436138974
154.67000000000002,93902.55356642125
154.68,93902.42620591074
154.69,93903.80049115514
154.70000000000002,93902.84014600473
154.71,93906.2754652722
154.72,93904.73032192202
154.73,93904.89582546153
154.74,93905.56686594561
154.75,93905.12530918501
154.76,93905.23447584342
154.77,93906.4734927792
154.78,93907.2881205612
154.79,93909.9642044835
154.8,93908.77752361487
154.81,93910.01180986498
154.82,93910.25278717747
154.83,93910.26583810805
154.84,93911.73833837522
154.85,93911.94919222579
154.86,93911.89834718934
154.87,93910.85733760761
154.88,93913.70147385252
154.89000000000001,93913.0824051834
154.9,93915.21688282336
154.91,93915.25400887599
154.92000000000002,93918.16835182361
154.93,93918.16905587261
154.94,93918.1004779071
154.95000000000002,93919.13590898557
154.96,93920.11148529961
154.97,93920.46708578261
154.98,93920.70071468555
154.99,93920.3502505774
155.0,93920.82396752664
155.01,93921.57205360582
155.02,93922.42814210655
155.03,93925.06336713594
155.04,93925.54670341463
155.05,93924.25327148724
155.06,93925.71131287128
155.07,93925.40233443628
155.08,93926.11283033139
155.09,93927.38254584305
155.1,93928.65971566341
155.11,93930.80307774627
155.12,93930.08274729068
155.13,93928.7229159556
155.14000000000001,93929.68381242234
155.15,93932.6126036694
155.16,93933.33264585253
155.17000000000002,93931.71716861537
155.18,93933.70190642445
155.19,93933.7445823658
155.20000000000002,93934.78866983509
155.21,93933.30443173561
155.22,93936.43621907844
155.23,93937.24984114832
155.24,93936.89046827736
155.25,93937.46900145072
155.26,93937.41361344738
155.27,93939.78839361532
155.28,93940.81649131778
155.29,93941.98959951193
155.3,93941.6493006052
155.31,93941.54402964812
155.32,93942.48461970294
155.33,93945.61587882675
155.34,93942.50801370389
155.35,93944.49354503932
155.36,93945.04060435637
155.37,93946.48702179527
155.38,93946.19237986593
155.39000000000001,93946.79899093122
155.4,93945.69393236817
155.41,93947.83053547623
155.42000000000002,93947.76577118962
155.43,93950.4352110829
155.44,93950.53837151328
155.45000000000002,93951.54611223965
155.46,93949.8453298999
155.47,93951.84920376826
155.48,93953.14010572842
155.49,93951.85406544799
155.5,93953.50526235333
155.51,93954.29881229783
155.52,93953.70316957036
155.53,93955.52934968928
155.54,93957.0001781744
155.55,93956.34686586935
155.56,93958.27897149403
155.57,93958.11046358585
155.58,93959.50817354649
155.59,93961.80871809162
155.6,93961.34789514761
155.61,93961.62948057304
155.62,93961.78917672831
155.63,93963.46881481864
155.64000000000001,93964.57735893087
155.65,93965.79115706935
155.66,93964.01317430502
155.67000000000002,93964.22586255439
155.68,93964.40350282528
155.69,93966.9090246443
155.70000000000002,93967.85205125168
155.71,93968.38060415204
155.72,93967.09936796546
155.73,93967.65526926045
155.74,93969.30462717691
155.75,93970.31613733925
155.76,93971.20007990918
155.77,93972.92593300258
155.78,93971.66793516191
155.79,93972.81611363935
155.8,93972.99882373086
155.81,93974.19134914615
155.82,93975.51316149747
155.83,93975.03394639211
155.84,93976.46396847401
155.85,93976.9712217853
155.86,93976.83507826696
155.87,93978.19211617025
155.88,93979.1859877241
155.89000000000001,93980.5657038699
155.9,93979.57682134703
155.91,93981.57749975708
155.92000000000002,93980.74757672045
155.93,93981.0379465418
155.94,93981.93992924363
155.95000000000002,93985.23467012607
155.96,93984.38374989473
155.97,93983.83578327291
155.98,93984.6557955965
155.99,93985.25287657397
156.0,93986.7704401824
156.01,93987.30714155511
156.02,93987.53889575263
156.03,93990.0829263143
156.04,93989.8844537363
156.05,93988.73517731522
156.06,93989.25633815864
156.07,93989.75648383576
156.08,93991.06458830019
156.09,93990.88481336186
156.1,93993.15403050643
156.11,93994.10668692118
156.12,93994.59436242284
156.13,93994.33724726361
156.14000000000001,93995.02197534556
156.15,93995.22852583135
156.16,93995.81063152025
156.17000000000002,93998.62550924554
156.18,93997.68018464353
156.19,93997.43735921542
156.20000000000002,93998.36226081925
156.21,94001.47034474515
156.22,94000.37833929792
156.23,94001.94407002509
156.24,94001.1152240113
156.25,94002.59164668694
156.26,94003.38142050752
156.27,94001.63916966274
156.28,94004.28360907125
156.29,94004.72344556113
156.3,94005.89796148746
156.31,94006.76729980127
156.32,94006.20591406699
156.33,94008.24375950154
156.34,94007.8084583451
156.35,94009.66231467329
156.36,94010.7793213699
156.37,94010.6625067935
156.38,94011.689178515
156.39000000000001,94011.90115227505
156.4,94012.10369980123
156.41,94012.17867790794
156.42000000000002,94013.9009897541
156.43,94014.47031411131
156.44,94016.07312627858
156.45000000000002,94017.68294297975
156.46,94015.29954270908
156.47,94016.59357901993
156.48,94016.56744501294
156.49,94019.67907479205
156.5,94018.23489184753
156.51,94018.93416685339
156.52,94017.4245924135
156.53,94022.14667730407
156.54,94018.94644687707
156.55,94022.93756941297
156.56,94023.45201946856
156.57,94023.64899691424
156.58,94024.856172519
156.59,94024.5843562956
156.6,94023.65944188558
156.61,94025.2346456779
156.62,94028.95141728851
156.63,94027.74516661135
156.64000000000001,94027.50488881864
156.65,94029.11638450528
156.66,94028.63875216484
156.67000000000002,94029.83861202134
156.68,94029.715519128
156.69,94029.80412524924
156.70000000000002,94032.15652350502
156.71,94031.8964035874
156.72,94031.57049102761
156.73,94033.6803068158
156.74,94034.61447386326
156.75,94033.88549527268
156.76,94034.62341189421
156.77,94034.47573081513
156.78,94036.29333423906
156.79,94038.34437997192
156.8,94038.01156669388
156.81,94039.02737194863
156.82,94039.71159067583
156.83,94039.96233996593
156.84,94040.26092427758
156.85,94039.33730779006
156.86,94039.97129242495
156.87,94043.66263490065
156.88,94041.55702121278
156.89000000000001,94042.05232338978
156.9,94044.76867956786
156.91,94043.45232368125
156.92000000000002,94045.34342970481
156.93,94047.6550224897
156.94,94046.55063030335
156.95000000000002,94045.92242962396
156.96,94048.40825870256
156.97,94048.77182652183
156.98,94046.65887629362
156.99,94050.05935210621
157.0,94050.47401283901
157.01,94051.77948576903
157.02,94053.36472371641
157.03,94051.061063208
157.04,94054.26626032621
157.05,94052.73131821866
157.06,94054.91800987184
157.07,94055.21451098353
157.08,94055.09356956714
157.09,94055.43296554517
157.1,94055.87677219711
157.11,94057.04534927435
157.12,94057.49564013083
157.13,94059.00555269839
157.14000000000001,94059.75498983539
157.15,94060.08731129268
157.16,94061.29446534564
157.17000000000002,94062.07792423242
157.18,94062.26998664785
157.19,94063.09256029753
157.20000000000002,94063.50344115803
157.21,94064.95444784273
157.22,94064.72048665585
157.23,94063.61048566508
157.24,94066.13064899587
157.25,94065.30291863595
157.26,94067.68960533678
157.27,94067.31996224367
157.28,94069.12552995117
157.29,94069.03719619487
157.3,94069.30591553303
157.31,94071.9662295613
157.32,94073.41711104271
157.33,94070.42734811109
157.34,94071.46869798472
157.35,94076.04034799765
157.36,94072.50172062957
157.37,94074.77249277904
157.38,94076.02402904679
157.39000000000001,94074.98125490785
157.4,94077.48937367368
157.41,94075.23335101524
157.42000000000002,94078.71954724987
157.43,94078.8159837629
157.44,94078.79763650044
157.45000000000002,94081.44242100345
157.46,94079.0479862132
157.47,94080.2484231522
157.48,94082.10506148968
157.49,94080.42422481891
157.5,94082.14379953992
157.51,94085.52370097229
157.52,94084.94072079724
157.53,94084.24413561517
157.54,94086.35189271202
157.55,94084.89570352998
157.56,94087.86556387502
157.57,94086.945490252
157.58,94088.70422972813
157.59,94087.89385819013
157.6,94088.21278737836
157.61,94089.85270931401
157.62,94091.29841915195
157.63,94091.17585829152
157.64000000000001,94089.6183620232
157.65,94091.52126061695
157.66,94092.7647950711
157.67000000000002,94094.29291000003
157.68,94092.96903921459
157.69,94092.90913306527
157.70000000000002,94093.87384118744
157.71,94096.84699239253
157.72,94097.98856305979
157.73,94096.82503814383
157.74,94097.32130421573
157.75,94098.882931916
157.76,94099.18722682323
157.77,94101.17452171071
157.78,94101.33376441385
157.79,94101.93446784349
157.8,94103.36810778707
157.81,94103.0713694987
157.82,94104.8203817249
157.83,94103.4642074264
157.84,94103.16232823822
157.85,94106.51344455066
157.86,94106.6609411656
157.87,94106.93419403052
157.88,94108.34595681551
157.89000000000001,94109.11948223447
157.9,94107.907437591
157.91,94110.74797793252
157.92000000000002,94110.2100647451
157.93,94110.12069910875
157.94,94109.82861135888
157.95000000000002,94110.9669669065
157.96,94113.6264775314
157.97,94113.56717633687
157.98,94114.5198712604
157.99,94113.60122424237
158.0,94114.60611773288
158.01,94115.53080549957
158.02,94115.10747453208
158.03,94117.6555178052
158.04,94117.02455730354
158.05,94118.07599457233
158.06,94117.38011951139
158.07,94118.35175713063
158.08,94120.27711469331
158.09,94119.86394325271
158.1,94122.3415911187
158.11,94122.60743759823
158.12,94123.01904841706
158.13,94123.63902148398
158.14000000000001,94123.80617398833
158.15,94124.54361923813
158.16,94124.98294247426
158.17000000000002,94126.04621340134
158.18,94126.1150271424
158.19,94128.18853099323
158.20000000000002,94128.8074293061
158.21,94127.08021384149
158.22,94127.6499549509
158.23,94131.36424238047
158.24,94129.61197535701
158.25,94131.67159664635
158.26,94131.1020771136
158.27,94132.64099608315
158.28,94133.13091909152
158.29,94134.431061864
158.3,94134.58198885644
158.31,94134.2991495038
158.32,94136.22168634215
158.33,94136.22081049315
158.34,94136.30996609639
158.35,94138.49699122128
158.36,94137.9623942613
158.37,94140.22734650296
158.38,94138.27905914167
158.39000000000001,94141.59424947172
158.4,94140.91982219674
158.41,94143.9955035878
158.42000000000002,94143.51458537286
158.43,94143.81159086138
158.44,94143.22730812487
158.45000000000002,94143.85055056284
158.46,94142.02894249775
158.47,94145.08650538977
158.48,94145.73985324627
158.49,94146.23172564259
158.5,94147.07751196355
158.51,94150.53690151138
158.52,94148.85202318264
158.53,94149.16802187373
158.54,94149.84304203959
158.55,94151.11406371974
158.56,94151.226092264
158.57,94152.3547576673
158.58,94151.3221212489
158.59,94153.24201783155
158.6,94153.60086171338
158.61,94154.96011681753
158.62,94155.47610351021
158.63,94156.07556284803
158.64000000000001,94155.64329671921
158.65,94155.39981853591
158.66,94156.82083094146
158.67000000000002,94158.46524941799
158.68,94157.99854272975
158.69,94160.95083757948
158.70000000000002,94158.54777157419
158.71,94160.44151982506
158.72,94161.16138168202
158.73,94162.42323228625
158.74,94162.72334605153
158.75,94163.90849915975
158.76,94166.07975837092
158.77,94164.83996837065
158.78,94164.17490910919
158.79,94164.15888456412
158.8,94167.39154195628
158.81,94166.67402586983
158.82,94167.20466341038
158.83,94170.08921287408
158.84,94169.2625979998
158.85,94169.26465487573
158.86,94169.90881198297
158.87,94169.05074617299
158.88,94170.87638072665
158.89000000000001,94173.94145198805
158.9,94171.06203014402
158.91,94175.41675492072
158.92000000000002,94173.87231647091
158.93,94176.02989927947
158.94,94175.89682770289
158.95000000000002,94177.70749549208
158.96,94176.31514778611
158.97,94177.35747798116
158.98,94179.0798790018
158.99,94178.94973376843
159.0,94181.39113310103
159.01,94180.81887265395
159.02,94181.97317166519
159.03,94180.5812476806
159.04,94183.26835484648
159.05,94184.02272061797
159.06,94183.25172742494
159.07,94184.47498718012
159.08,94185.75665997669
159.09,94187.811669124
159.1,94185.61005200936
159.11,94185.39879984994
159.12,94187.15835313482
159.13,94188.11030063397
159.14000000000001,94187.96124448169
159.15,94189.5661116533
159.16,94189.25651618806
159.17000000000002,94188.08435099643
159.18,94191.14593627279
159.19,94190.8203631778
159.20000000000002,94192.49563379676
159.21,94192.68611188445
159.22,94193.51857310795
159.23,94194.03485438062
159.24,94194.60850044913
159.25,94195.61448087332
159.26,94195.39915153132
159.27,94197.60863107706
159.28,94197.77572629324
159.29,94199.70753763778
159.3,94200.75810772584
159.31,94200.36275250294
159.32,94198.1972485863
159.33,94198.16387903498
159.34,94200.17437484946
159.35,94202.39019253607
159.36,94202.55708469746
159.37,94203.244014586
159.38,94205.16330126097
159.39000000000001,94203.20166192879
159.4,94206.09651006467
159.41,94206.86281111985
159.42000000000002,94206.36790631055
159.43,94207.02534541869
159.44,94208.1774242429
159.45000000000002,94208.96867601266
159.46,94209.32183702584
159.47,94210.95113301385
159.48,94210.3443272748
159.49,94211.7312399139
159.5,94212.218452858
159.51,94208.52826451827
159.52,94213.15124157911
159.53,94214.04802704207
159.54,94213.25769305187
159.55,94214.62382759647
159.56,94216.19971927299
159.57,94215.58905498667
159.58,94218.50478475883
159.59,94217.90100942763
159.6,94216.71372738517
159.61,94220.27531337645
159.62,94218.7917003928
159.63,94218.97141116587
159.64000000000001,94220.89644465056
159.65,94221.89991101618
159.66,94221.20499633053
159.67000000000002,94222.82809228684
159.68,94224.4868068671
159.69,94225.23935241696
159.70000000000002,94223.66139212639
159.71,94224.2687669635
159.72,94225.79905831267
159.73,94228.46093169364
159.74,94226.99528356198
159.75,94226.74652365553
159.76,94228.6028774347
159.77,94228.27484778904
159.78,94230.42284401355
159.79,94229.58247946882
159.8,94232.88141096778
159.81,94231.6698841918
159.82,94233.73834885187
159.83,94232.2365605444
159.84,94232.74725535489
159.85,94235.60199947153
159.86,94234.61960594097
159.87,94237.03528902071
159.88,94235.73411776454
159.89000000000001,94236.15806380716
159.9,94237.23645940832
159.91,94237.32310727405
159.92000000000002,94238.71381017986
159.93,94240.31049885968
159.94,94240.69376645405
159.95000000000002,94240.60239582934
159.96,94241.06752806497
159.97,94241.93981056169
159.98,94243.59115269376
159.99,94243.96462745078
160.0,94243.94523117505
160.01,94243.40270103283
160.02,94244.77965420626
160.03,94246.79847924027
160.04,94247.3733248927
160.05,94247.25039663218
160.06,94246.88811332779
160.07,94248.34118663703
160.08,94248.4199422125
160.09,94247.04410705029
160.1,94251.65560152318
160.11,94248.18585696514
160.12,94252.60086899449
160.13,94252.26128135974
160.14000000000001,94253.41782099726
160.15,94253.93152587382
160.16,94253.19561969883
160.17000000000002,94254.29727924046
160.18,94254.45887905128
160.19,94257.12376246853
160.20000000000002,94256.1644233508
160.21,94255.84517593618
160.22,94257.43744577398
160.23,94256.37367568008
160.24,94259.23099536676
160.25,94259.34508300218
160.26,94260.80725151568
160.27,94261.49900337232
160.28,94262.3791896722
160.29,94263.77131865504
160.3,94265.22813805826
160.31,94264.50697452638
160.32,94265.82838339331
160.33,94264.05168870513
160.34,94266.01853405814
160.35,94266.0196863036
160.36,94267.63802832707
160.37,94267.7296111473
160.38,94268.51926174416
160.39000000000001,94268.9277303406
160.4,94268.71481350253
160.41,94270.36305101388
160.42000000000002,94269.51674844552
160.43,94272.87424983317
160.44,94273.20828794577
160.45000000000002,94274.23281695871
160.46,94275.1598224524
160.47,94274.57907006949
160.48,94273.98819592793
160.49,94275.9680551645
160.5,94274.49372935285
160.51,94277.156339434
160.52,94277.52117344881
160.53,94277.83900069539
160.54,94280.49994870588
160.55,94278.4750336734
160.56,94278.18143446208
160.57,94281.50292712224
160.58,94281.93447426977
160.59,94282.64634598035
160.6,94282.77268976999
160.61,94284.27010562003
160.62,94282.43997123814
160.63,94284.71083918316
160.64000000000001,94285.03961124383
160.65,94285.45862700038
160.66,94286.82955257069
160.67000000000002,94288.00915296547
160.68,94287.69510313458
160.69,94286.25646206636
160.70000000000002,94287.14470726169
160.71,94289.10870934768
160.72,94289.60334653765
160.73,94291.74379454437
160.74,94291.47270687974
160.75,94292.79487605086
160.76,94292.06625168829
160.77,94292.46986504595
160.78,94292.79913846853
160.79,94293.70855366996
160.8,94295.36512019038
160.81,94295.60298232487
160.82,94297.28725898224
160.83,94297.66420479826
160.84,94297.2500844064
160.85,94297.57170282444
160.86,94299.86260225455
160.87,94300.15317814115
160.88,94300.22413971927
160.89000000000001,94302.12881735881
160.9,94302.93390591511
160.91,94303.39792217591
160.92000000000002,94302.11725426819
160.93,94305.37498531045
160.94,94303.63216954158
160.95000000000002,94307.09259519195
160.96,94306.26530062094
160.97,94306.14766613235
160.98,94306.71721597784
160.99,94305.87703125982
161.0,94307.87718938447
161.01,94309.72613720623
161.02,94308.57755364936
161.03,94310.52989282005
161.04,94312.03969432738
161.05,94312.7564905432
161.06,94310.97142451613
161.07,94313.85025621328
161.08,94313.01812531412
161.09,94313.53971630217
161.1,94315.4897019404
161.11,94314.57250954413
161.12,94315.25246395214
161.13,94316.57649509673
161.14000000000001,94318.06332600863
161.15,94319.88793651175
161.16,94316.45644661477
161.17000000000002,94320.05457893269
161.18,94317.48116131879
161.19,94320.66286562438
161.20000000000002,94319.81197795496
161.21,94322.89246181906
161.22,94320.6941240315
161.23,94322.56873401049
161.24,94323.06909075189
161.25,94323.53857262267
161.26,94324.02421422511
161.27,94326.62389089161
161.28,94326.40287724773
161.29,94326.41282016208
161.3,94327.0863818061
161.31,94327.79985736836
161.32,94329.37621528603
161.33,94327.43179413298
161.34,94329.1935302047
161.35,94330.94670961199
161.36,94331.1882923265
161.37,94331.45651801329
161.38,94332.9445525127
161.39000000000001,94334.5120767521
161.4,94335.75102842915
161.41,94334.9035406971
161.42000000000002,94336.3340285964
161.43,94335.29981436822
161.44,94337.49718597464
161.45000000000002,94337.05314792183
161.46,94336.96160231471
161.47,94337.85766203026
161.48,94338.49716678026
161.49,94339.66055793031
161.5,94339.79529401657
161.51,94342.14290379155
161.52,94340.75583011215
161.53,94342.7671144066
161.54,94343.09666616231
161.55,94342.76550743145
161.56,94345.96495809207
161.57,94343.69372991523
161.58,94345.49349951158
161.59,94345.39999575292
161.6,94347.66811916766
161.61,94347.63182314656
161.62,94347.50248830445
161.63,94347.31378610163
161.64000000000001,94349.30092568086
161.65,94350.18833197057
161.66,94348.16268034755
161.67000000000002,94350.39888672305
161.68,94352.29666948457
161.69,94354.78193264251
161.70000000000002,94355.31073777362
161.71,94353.58396277916
161.72,94354.85675729573
161.73,94354.94972799682
161.74,94355.2337428359
161.75,94356.8424680227
161.76,94359.04605209609
161.77,94357.44103628692
161.78,94359.86944309046
161.79,94358.66817407499
161.8,94361.05357182938
161.81,94358.69067474076
161.82,94360.31678965922
161.83,94362.51452586509
161.84,94363.36475477471
161.85,94361.083081861
161.86,94363.29187028499
161.87,94363.30005294507
161.88,94366.16123120132
161.89000000000001,94364.93434220884
161.9,94366.19137172188
161.91,94365.02070839053
161.92000000000002,94366.51551676505
161.93,94369.64323372551
161.94,94368.38537515282
161.95000000000002,94368.90098713408
161.96,94369.63788720763
161.97,94372.17353222039
161.98,94370.48172456409
161.99,94373.27175501428
162.0,94373.9040411769
162.01,94374.39348571186
162.02,94375.65518181035
162.03,94374.19540226387
162.04,94374.04229229336
162.05,94375.11458739231
162.06,94377.44708520008
162.07,94377.49926928627
162.08,94377.783182203
162.09,94380.33868279129
162.1,94380.89456218932
162.11,94380.48520897966
162.12,94379.68227285064
162.13,94380.74708759625
162.14000000000001,94381.5388111795
162.15,94381.34942662099
162.16,94382.689968573
162.17000000000002,94384.8030197319
162.18,94384.45592839147
162.19,94383.19992350569
162.20000000000002,94386.5133488448
162.21,94386.28176617608
162.22,94387.39069030392
162.23,94386.55995306793
162.24,94387.24197869404
162.25,94388.97370429663
162.26,94390.12135893005
162.27,94391.02782843182
162.28,94391.58048790053
162.29,94391.03668205532
162.3,94390.4714695655
162.31,94393.04270358293
162.32,94394.09686648795
162.33,94394.54060858703
162.34,94393.70660001275
162.35,94396.28303042907
162.36,94396.06645623311
162.37,94397.13045984667
162.38,94396.94322248665
162.39000000000001,94400.20981833184
162.4,94399.87212484745
162.41,94399.48057320516
162.42000000000002,94399.12979787479
162.43,94400.18518256748
162.44,94399.06897376468
162.45000000000002,94402.55993073201
162.46,94403.33393821932
162.47,94403.57963371712
162.48,94402.30107044091
162.49,94403.1649576181
162.5,94405.48983974136
162.51,94404.89980660625
162.52,94407.01114916606
162.53,94406.8199854948
162.54,94407.86609826036
162.55,94408.94479650327
162.56,94409.91691153175
162.57,94411.32524065828
162.58,94410.2917182183
162.59,94411.70861543209
162.6,94411.61359584272
162.61,94411.06540707828
162.62,94412.99536408
162.63,94412.39466573526
162.64000000000001,94413.28212027629
162.65,94412.99979194484
162.66,94414.65380677854
162.67000000000002,94414.86878462874
162.68,94416.02760070514
162.69,94417.77674335253
162.70000000000002,94417.2922278643
162.71,94416.8446582765
162.72,94418.25411596816
162.73,94421.58872504106
162.74,94421.6009011516
162.75,94419.01906304533
162.76,94422.50795539109
162.77,94420.31617758873
162.78,94424.23648656147
162.79,94424.8208834053
162.8,94427.33420744546
162.81,94424.29788270734
162.82,94425.52044003729
162.83,94426.69329499979
162.84,94427.66593461309
162.85,94425.86219777894
162.86,94427.75494723851
162.87,94428.86297747893
162.88,94428.69148958827
162.89000000000001,94429.27607269167
162.9,94430.42474763807
162.91,94430.58665227733
162.92000000000002,94432.0258151646
162.93,94432.36812494499
162.94,94435.18569975621
162.95000000000002,94434.11190705972
162.96,94435.48472240943
162.97,94435.78828467197
162.98,94437.07921755273
162.99,94438.1774768768
163.0,94439.28396169595
163.01,94436.38166312609
163.02,94438.03952921262
163.03,94439.97733449379
163.04,94439.46248448826
163.05,94441.09028043388
163.06,94441.15557828468
163.07,94442.230729959
163.08,94443.01210076659
163.09,94444.01992343101
163.1,94444.0410160759
163.11,94445.79157930361
163.12,94445.55042808343
163.13,94446.52848117126
163.14000000000001,94446.5345205666
163.15,94447.91285001325
163.16,94447.883064463
163.17000000000002,94447.94417782006
163.18,94448.54293136008
163.19,94450.60766654603
163.20000000000002,94451.49801928044
163.21,94449.90331359951
163.22,94452.98051227712
163.23,94453.27527605937
163.24,94451.08894491766
163.25,94454.55864588034
163.26,94453.76209174847
163.27,94453.46770901642
163.28,94454.41841867738
163.29,94456.0411086223
163.3,94456.86848165885
163.31,94456.92802684165
163.32,94458.03725317137
163.33,94457.51819104962
163.34,94458.29795223795
163.35,94460.65763982227
163.36,94460.27600876456
163.37,94462.50722304976
163.38,94459.79688527447
163.39000000000001,94462.55024171028
163.4,94463.12011464329
163.41,94464.13172905306
163.42000000000002,94466.33800382473
163.43,94465.5532900198
163.44,94466.13092989504
163.45000000000002,94466.69364267122
163.46,94466.88427944726
163.47,94468.80929087111
163.48,94467.68942452218
163.49,94469.31871369053
163.5,94471.3855184398
163.51,94469.22372866738
163.52,94470.73814910767
163.53,94470.16063519313
163.54,94471.82886559164
163.55,94471.05124674502
163.56,94472.98522968711
163.57,94474.44704766119
163.58,94473.96405770892
163.59,94474.87343189058
163.6,94475.64671119179
163.61,94477.35458041176
163.62,94478.12335262822
163.63,94478.79106175227
163.64000000000001,94479.12429051971
163.65,94480.33345836935
163.66,94479.59402358293
163.67000000000002,94480.72775458831
163.68,94481.08635635785
163.69,94480.8946515742
163.70000000000002,94483.88217490284
163.71,94485.05941347552
163.72,94483.04035218162
163.73,94487.43367727606
163.74,94483.80805692475
163.75,94484.3865916778
163.76,94486.82497864105
163.77,94486.50981764284
163.78,94487.74177790356
163.79,94488.39145201484
163.8,94489.27477949345
163.81,94490.27124696528
163.82,94490.55730375671
163.83,94489.9327208297
163.84,94491.66931475067
163.85,94492.85649538842
163.86,94492.01384667089
163.87,94492.00704105785
163.88,94494.86634837471
163.89000000000001,94494.13638074195
163.9,94495.25292353162
163.91,94495.8855470285
163.92000000000002,94497.21027226282
163.93,94497.79712885893
163.94,94497.16993774177
163.95000000000002,94498.16865228966
163.96,94500.06022623967
163.97,94498.94700946433
163.98,94501.39441373572
163.99,94499.18500428337
164.0,94503.23955396029
164.01,94503.48205509192
164.02,94501.8606152164
164.03,94505.77387282118
164.04,94506.12887960124
164.05,94505.6093294084
164.06,94505.10208871415
164.07,94504.91522490548
164.08,94506.87092474489
164.09,94508.76346697092
164.1,94506.02046794488
164.11,94508.72610165572
164.12,94509.11364885807
164.13,94511.00472826576
164.14000000000001,94512.35366117994
164.15,94510.8175587027
164.16,94512.50433417154
164.17000000000002,94513.09200284682
164.18,94512.40749669477
164.19,94512.93874759278
164.20000000000002,94513.288404725
164.21,94513.86600827838
164.22,94516.17646803716
164.23,94516.52546440004
164.24,94516.9835844024
164.25,94518.88844425413
164.26,94517.65150452056
164.27,94520.53636266412
164.28,94520.7733485697
164.29,94520.45340489542
164.3,94522.05460720502
164.31,94523.50054980734
164.32,94522.31062041048
164.33,94523.07528015706
164.34,94525.20740722425
164.35,94524.50193537875
164.36,94523.9634163896
164.37,94526.86558686897
164.38,94526.76579340777
164.39000000000001,94525.51734234903
164.4,94526.92083798179
164.41,94528.43893527852
164.42000000000002,94529.5826228584
164.43,94529.13259421848
164.44,94529.81785735242
164.45000000000002,94530.1817485823
164.46,94532.25265175111
164.47,94531.89541990541
164.48,94531.28913433263
164.49,94532.20610306725
164.5,94534.90773503161
164.51,94532.45939077379
164.52,94537.15451063096
164.53,94535.11391580958
164.54,94537.15769518723
164.55,94536.6805888765
164.56,94538.86900093548
164.57,94536.65046798352
164.58,94539.86259155108
164.59,94539.89962140689
164.6,94540.29386277724
164.61,94541.31708771046
164.62,94541.8120090716
164.63,94541.96301805093
164.64000000000001,94543.15652270203
164.65,94542.79058372858
164.66,94541.88510844049
164.67000000000002,94543.42849725681
164.68,94544.10561515059
164.69,94543.66795372956
164.70000000000002,94545.01140046796
164.71,94545.69039092418
164.72,94548.53300648526
164.73,94549.13812072777
164.74,94550.2178766152
164.75,94548.94809916941
164.76,94549.44159290935
164.77,94550.51396607253
164.78,94553.04931355406
164.79,94553.75978780429
164.8,94551.85679455141
164.81,94556.755603849
164.82,94555.00190551294
164.83,94556.28503986592
164.84,94555.08631557411
164.85,94556.89838601675
164.86,94558.10346047013
164.87,94556.90309775423
164.88,94559.09003341808
164.89000000000001,94559.4522743021
164.9,94561.50711574376
164.91,94560.35975643981
164.92000000000002,94562.33136839354
164.93,94562.59533776355
164.94,94562.52226260412
164.95000000000002,94562.37367035355
164.96,94563.9811836021
164.97,94564.24642908254
164.98,94564.92511187198
164.99,94566.16823503081
165.0,94565.06158028381
165.01,94567.08174404704
165.02,94569.27882182744
165.03,94568.13047472187
165.04,94570.73575518864
165.05,94569.58431073852
165.06,94569.0865061492
165.07,94571.9854350935
165.08,94570.6076645374
165.09,94571.77260648926
165.1,94573.59818790529
165.11,94573.12133346249
165.12,94573.57400330565
165.13,94575.41427986586
165.14000000000001,94573.49501149668
165.15,94577.08859166825
165.16,94577.76177010793
165.17000000000002,94579.31248542947
165.18,94577.63816063714
165.19,94581.01678489437
165.20000000000002,94577.7530614915
165.21,94579.87920905152
165.22,94580.98623578077
165.23,94581.5776247763
165.24,94581.95304238469
165.25,94582.63220193991
165.26,94582.6651829279
165.27,94583.52410402452
165.28,94582.55602849643
165.29,94583.87187376438
165.3,94585.64213800838
165.31,94585.69430517426
165.32,94589.50795102457
165.33,94588.84110405693
165.34,94588.30035119274
165.35,94588.21069656024
165.36,94590.35075448538
165.37,94589.88509003259
165.38,94590.64972795061
165.39000000000001,94592.46295162367
165.4,94591.35064177756
165.41,94592.71906494831
165.42000000000002,94593.59731230962
165.43,94593.52262571029
165.44,94595.05752436057
165.45000000000002,94597.03695176919
165.46,94593.84968559848
165.47,94595.55707394781
165.48,94597.88664776199
165.49,94599.0240752233
165.5,94600.63172549909
165.51,94598.82730025351
165.52,94598.65844292847
165.53,94600.5693508336
165.54,94602.13384106697
165.55,94602.59058733653
165.56,94603.47587883916
165.57,94603.25441281365
165.58,94604.09778038324
165.59,94605.92665162717
165.6,94604.07763294138
165.61,94607.35129582637
165.62,94605.08153442519
165.63,94606.55221823938
165.64000000000001,94606.12526772407
165.65,94608.19502467754
165.66,94608.31566503672
165.67000000000002,94610.94423755692
165.68,94609.82043379916
165.69,94607.90337944432
165.70000000000002,94613.37435986812
165.71,94611.32159442779
165.72,94609.27591446
165.73,94613.47024333249
165.74,94615.74577756687
165.75,94613.64053989928
165.76,94616.43176141825
165.77,94614.40045198133
165.78,94616.00441707233
165.79,94615.98737158315
165.8,94617.09194173716
165.81,94617.81572805418
165.82,94618.98721029008
165.83,94618.47107362127
165.84,94619.94330852991
165.85,94620.92778517547
165.86,94620.94443151158
165.87,94621.83267226782
165.88,94621.65266298107
165.89000000000001,94624.5379111553
165.9,94624.34254987097
165.91,94624.71809487509
165.92000000000002,94625.78088428068
165.93,94626.90973980037
165.94,94627.63910594655
165.95000000000002,94628.15858465059
165.96,94628.2751782084
165.97,94629.56666449936
165.98,94629.06243463405
165.99,94629.79820336174
166.0,94631.4355123868
166.01,94632.84347951807
166.02,94634.22316362176
166.03,94632.2687978577
166.04,94633.07092998787
166.05,94634.95160493536
166.06,94635.25734221915
166.07,94635.99269369288
166.08,94634.6680943029
166.09,94635.63762521943
166.1,94637.0097302778
166.11,94640.16342801646
166.12,94638.67808165713
166.13,94638.88286545426
166.14000000000001,94639.36325555721
166.15,94639.11582830224
166.16,94641.67802223733
166.17000000000002,94638.69382595137
166.18,94642.21854586148
166.19,94643.9690441542
166.20000000000002,94644.20128443294
166.21,94645.0466737934
166.22,94645.36202841459
166.23,94646.32246245703
166.24,94647.14019424745
166.25,94647.01398508434
166.26,94647.17532636065
166.27,94647.75284561246
166.28,94646.7340769704
166.29,94650.43460161045
166.3,94648.54629082541
166.31,94650.20145422689
166.32,94652.10533493945
166.33,94650.41883372667
166.34,94653.59417324988
166.35,94651.7578728523
166.36,94654.19069150258
166.37,94655.48314747485
166.38,94655.98460458391
166.39000000000001,94656.99644070878
166.4,94656.79572474852
166.41,94659.01189257028
166.42000000000002,94657.33005916668
166.43,94657.87571124642
166.44,94660.28296268467
166.45000000000002,94658.41911032249
166.46,94660.59506105079
166.47,94662.48707352905
166.48,94661.70584641072
166.49,94664.06428264428
166.5,94665.28014559823
166.51,94664.5886014949
166.52,94665.15349141487
166.53,94665.62040412499
166.54,94666.34746675509
166.55,94665.23007348043
166.56,94667.28480682443
166.57,94666.9245722334
166.58,94670.11912980284
166.59,94667.86971515484
166.6,94668.52802455868
166.61,94670.89123804464
166.62,94669.82176919721
166.63,94673.06074739774
166.64000000000001,94672.10840042276
166.65,94672.639437819
166.66,94671.93326958138
166.67000000000002,94672.72307693432
166.68,94674.54533949534
166.69,94675.45251586162
166.70000000000002,94675.02673383604
166.71,94676.28165201678
166.72,94677.10755367133
166.73,94678.38864583093
166.74,94680.14989443189
166.75,94679.55870804898
166.76,94679.59872817184
166.77,94679.73014747864
166.78,94680.97988103106
166.79,94681.49626668388
166.8,94682.12424883763
166.81,94683.0306097647
166.82,94683.74052262714
166.83,94683.82286808026
166.84,94685.91760344099
166.85,94685.6358000299
166.86,94684.21871134383
166.87,94688.30284023426
166.88,94688.3112422584
166.89000000000001,94688.34236804904
166.9,94689.5234635799
166.91,94690.99386477965
166.92000000000002,94689.88521212956
166.93,94690.64314979034
166.94,94692.53441413451
166.95000000000002,94692.97442608674
166.96,94692.18471944824
166.97,94693.66341670258
166.98,94694.6967728977
166.99,94695.27934144283
167.0,94698.14018551393
167.01,94694.72397620298
167.02,94696.32211076799
167.03,94696.16969313426
167.04,94696.40303337628
167.05,94696.86376997354
167.06,94700.09548498293
167.07,94701.87782440403
167.08,94699.95797192842
167.09,94701.68213725666
167.1,94701.97719173616
167.11,94701.8411050155
167.12,94703.07285668378
167.13,94703.5818925291
167.14000000000001,94705.45337457025
167.15,94705.36954422682
167.16,94707.04230214315
167.17000000000002,94706.509348136
167.18,94706.87589541393
167.19,94706.4445863792
167.20000000000002,94710.35532502683
167.21,94710.32513323383
167.22,94710.09045107638
167.23,94711.27923686159
167.24,94709.91913680096
167.25,94712.11661998036
167.26,94711.77409810947
167.27,94715.89918323491
167.28,94715.14193654062
167.29,94714.17492302826
167.3,94715.65232478906
167.31,94713.83705648304
167.32,94716.0003452328
167.33,94715.43436807077
167.34,94717.82819732989
167.35,94716.27961197824
167.36,94718.39227707754
167.37,94718.01624556257
167.38,94720.2057029864
167.39000000000001,94719.62533429847
167.4,94722.60460123469
167.41,94722.4463738808
167.42000000000002,94724.83188244422
167.43,94722.55017460854
167.44,94721.44262428083
167.45000000000002,94722.24585158328
167.46,94726.3505576874
167.47,94724.19615439723
167.48,94724.92642331617
167.49,94728.60813969352
167.5,94728.56752030314
167.51,94730.36859428232
167.52,94729.64515541885
167.53,94731.12353057224
167.54,94731.26431184207
167.55,94732.29901214952
167.56,94731.23269373919
167.57,94732.43716819357
167.58,94732.99895008784
167.59,94733.18156236071
167.6,94733.61733682638
167.61,94736.13496077021
167.62,94736.19598401105
167.63,94733.89820545817
167.64000000000001,94736.20474170691
167.65,94737.43075703822
167.66,94737.50927730706
167.67000000000002,94740.34717546853
167.68,94741.43859846727
167.69,94739.64162535148
167.70000000000002,94740.87445423608
167.71,94741.91897000707
167.72,94741.80389651145
167.73,94742.40584532055
167.74,94743.75253283909
167.75,94745.0237296881
167.76,94744.0144774854
167.77,94743.8922359046
167.78,94746.90377392947
167.79,94745.77337594324
167.8,94746.82297193226
167.81,94747.49853525819
167.82,94748.63026394266
167.83,94749.55304535716
167.84,94748.09991272067
167.85,94749.58611245222
167.86,94751.97641562932
167.87,94750.99455776438
167.88,94753.58939542845
167.89000000000001,94755.02796070994
167.9,94751.36922865019
167.91,94754.7479981674
167.92000000000002,94755.15454431182
167.93,94756.20652307832
167.94,94755.69737151744
167.95000000000002,94758.55350318903
167.96,94757.1099872044
167.97,94759.357916409
167.98,94757.64175913263
167.99,94757.89918617676
168.0,94759.22929102754
168.01,94760.54368358686
168.02,94761.7360017621
168.03,94763.3196973487
168.04,94761.41285656256
168.05,94763.29705293737
168.06,94763.52391039241
168.07,94765.24101881655
168.08,94765.07566646536
168.09,94766.52831875357
168.1,94767.84711072884
168.11,94766.50203649211
168.12,94767.98171343726
168.13,94766.68057676913
168.14000000000001,94769.21486856032
168.15,94769.37301084303
168.16,94769.90820713695
168.17000000000002,94770.67491425085
168.18,94770.26884313373
168.19,94773.31680326055
168.20000000000002,94772.93802702002
168.21,94772.138905469
168.22,94774.01291328545
168.23,94773.19940969604
168.24,94776.59082225393
168.25,94775.85345412753
168.26,94777.06825118743
168.27,94778.64305814236
168.28,94779.51191240661
168.29,94779.14544478508
168.3,94779.74269274669
168.31,94780.39624373021
168.32,94782.7698703756
168.33,94781.05523407627
168.34,94782.82825532129
168.35,94783.0648991082
168.36,94782.75392639989
168.37,94782.76173787305
168.38,94784.2571486821
168.39000000000001,94786.94853901383
168.4,94786.18529418603
168.41,94786.42979328247
168.42000000000002,94788.52163736052
168.43,94787.8530825524
168.44,94788.26600885179
168.45000000000002,94789.13925907487
168.46,94790.21886030302
168.47,94791.5256837742
168.48,94791.27357800215
168.49,94792.05803647215
168.5,94791.93996164377
168.51,94793.11341913891
168.52,94794.1487142169
168.53,94795.06566798745
168.54,94795.08239737777
168.55,94794.39422494348
168.56,94796.49266733
168.57,94795.91772591564
168.58,94795.95070527993
168.59,94797.43431756421
168.6,94798.89549436662
168.61,94799.374010878
168.62,94798.52339142023
168.63,94800.2802049795
168.64000000000001,94802.3371997836
168.65,94801.84077715037
168.66,94801.83278857807
168.67000000000002,94803.52086308271
168.68,94803.73698697593
168.69,94805.75149318806
168.70000000000002,94804.41325337287
168.71,94806.02746124534
168.72,94807.43197202293
168.73,94806.17970530652
168.74,94808.72524024492
168.75,94809.69621731434
168.76,94807.88598960465
168.77,94811.03091469163
168.78,94810.53685181936
168.79,94810.21471086048
168.8,94810.62855754093
168.81,94810.40426023143
168.82,94812.94999831996
168.83,94813.20949349554
168.84,94813.32318309692
168.85,94815.51577622736
168.86,94816.52822020816
168.87,94816.48181757523
168.88,94816.3279335539
168.89000000000001,94817.01918558436
168.9,94818.37964123886
168.91,94818.18004210155
168.92000000000002,94819.70432818103
168.93,94819.40873131054
168.94,94821.30051869727
168.95000000000002,94819.85648878031
168.96,94822.06396606979
168.97,94821.36753509632
168.98,94826.00794039831
168.99,94825.11132591723
169.0,94825.28430121129
169.01,94825.1377629382
169.02,94823.77676145222
169.03,94826.41735735806
169.04,94826.23004803588
169.05,94827.24223387604
169.06,94830.12372836737
169.07,94829.59287317302
169.08,94829.70770230754
169.09,94829.73678787412
169.1,94829.8520126543
169.11,94831.16679980783
169.12,94833.82268320245
169.13,94832.8577371776
169.14000000000001,94834.19654758225
169.15,94833.35216240492
169.16,94836.62456388501
169.17000000000002,94836.5099869734
169.18,94836.92876954254
169.19,94837.23708123663
169.20000000000002,94837.19637723961
169.21,94837.21138143407
169.22,94838.93511892504
169.23,94837.99293830666
169.24,94839.14916714757
169.25,94840.34946476996
169.26,94840.19720622149
169.27,94843.44463472115
169.28,94842.1646117184
169.29,94844.69173491471
169.3,94845.72115779937
169.31,94844.58998403487
169.32,94845.14334041247
169.33,94844.90212987721
169.34,94845.22180685987
169.35,94845.12263131513
169.36,94847.91576565833
169.37,94849.57990338061
169.38,94849.12075010818
169.39000000000001,94849.54210836034
169.4,94851.56973916294
169.41,94850.24769946458
169.42000000000002,94852.03509818605
169.43,94851.82812743133
169.44,94852.91060443774
169.45000000000002,94851.5832057868
169.46,94854.75123102663
169.47,94854.0755172112
169.48,94855.0546528843
169.49,94855.60923231835
169.5,94858.69320523684
169.51,94857.32765088539
169.52,94858.72752066712
169.53,94858.23856913549
169.54,94857.65257154622
169.55,94863.02741526515
169.56,94860.27134853615
169.57,94859.97507489119
169.58,94861.57581455077
169.59,94860.33607148648
169.6,94862.97122002786
169.61,94863.52831246363
169.62,94864.09999280566
169.63,94864.52380991711
169.64000000000001,94866.66620396212
169.65,94865.25102744692
169.66,94868.4988422635
169.67000000000002,94868.52367765957
169.68,94866.83497538956
169.69,94869.88371454971
169.70000000000002,94871.31634206108
169.71,94870.22793430736
169.72,94871.03119728302
169.73,94870.71568557463
169.74,94873.15497852299
169.75,94872.35619096247
169.76,94871.02926629457
169.77,94872.1923240282
169.78,94873.9972535636
169.79,94877.58671715358
169.8,94874.15569108397
169.81,94874.93769499825
169.82,94877.15477941609
169.83,94877.6651307125
169.84,94878.40410858943
169.85,94878.33959650752
169.86,94880.85488842217
169.87,94881.54811589577
169.88,94879.43219094684
169.89000000000001,94881.56931819393
169.9,94883.26774059929
169.91,94883.53352061285
169.92000000000002,94882.92884279751
169.93,94883.51145569359
169.94,94884.57953195657
169.95000000000002,94885.00569109243
169.96,94885.57002294765
169.97,94887.57980627158
169.98,94887.50403859244
169.99,94887.4863950725
170.0,94888.98581526961
170.01,94889.29151061806
170.02,94890.46152119318
170.03,94891.01971569845
170.04,94888.50101189679
170.05,94892.64052711826
170.06,94892.80561434588
170.07,94893.91995152137
170.08,94895.77504939635
170.09,94893.87713261988
170.1,94895.2852229608
170.11,94896.30255150492
170.12,94896.6090634369
170.13,94898.33605348575
170.14000000000001,94897.58605533409
170.15,94898.89036071366
170.16,94899.27928443596
170.17000000000002,94899.18195973514
170.18,94899.93447335088
170.19,94900.62991252747
170.20000000000002,94901.12268721354
170.21,94903.73321619198
170.22,94902.99471642406
170.23,94904.6871435441
170.24,94904.59445411369
170.25,94903.89672092015
170.26,94905.3783724149
170.27,94906.4358877037
170.28,94905.9755650314
170.29,94907.5343442854
170.3,94908.5324547355
170.31,94909.18140342987
170.32,94909.15592415511
170.33,94910.0256680018
170.34,94910.11963324255
170.35,94912.22007729008
170.36,94912.71297963701
170.37,94913.65184098203
170.38,94912.45742061183
170.39000000000001,94914.92426225459
170.4,94914.62024939473
170.41,94914.28531787921
170.42000000000002,94915.58860842575
170.43,94916.80415129756
170.44,94917.47353028662
170.45000000000002,94916.73417673177
170.46,94919.48614843765
170.47,94918.31594028819
170.48,94920.0819148525
170.49,94921.27052492453
170.5,94920.21746539172
170.51,94923.00191633837
170.52,94920.1986786888
170.53,94923.77226135269
170.54,94922.8597149227
170.55,94925.5103705423
170.56,94925.71557295683
170.57,94926.24519281536
170.58,94925.96317181198
170.59,94928.27276604378
170.6,94927.71851690242
170.61,94928.16750811283
170.62,94929.04278471218
170.63,94931.33394509887
170.64000000000001,94929.36190057582
170.65,94929.98954847454
170.66,94931.9679114971
170.67000000000002,94931.97052915642
170.68,94931.9824510188
170.69,94932.93147588853
170.70000000000002,94935.20466034135
170.71,94935.65968872338
170.72,94935.84722160838
170.73,94937.13916513487
170.74,94935.76924913493
170.75,94938.21187119705
170.76,94936.58506238248
170.77,94939.01643555422
170.78,94939.35506472978
170.79,94941.18634359835
170.8,94940.6391957845
170.81,94940.5225324585
170.82,94940.92830425478
170.83,94942.67219049523
170.84,94943.90498523047
170.85,94944.33929695623
170.86,94944.49490592642
170.87,94945.80173920786
170.88,94945.49938729536
170.89000000000001,94947.04474068689
170.9,94946.64888014969
170.91,94947.2826744773
170.92000000000002,94947.4159882706
170.93,94950.25992735376
170.94,94950.09343040893
170.95000000000002,94948.61920254382
170.96,94951.01964171359
170.97,94950.69190262935
170.98,94952.24558812015
170.99,94951.12044816343
171.0,94952.51821445464
171.01,94953.68816410888
171.02,94954.73019577714
171.03,94955.34427044434
171.04,94955.30492121239
171.05,94956.74695434076
171.06,94957.30818252076
171.07,94958.29346798857
171.08,94957.19362699208
171.09,94959.01674358123
171.1,94959.71859787201
171.11,94961.92310862996
171.12,94961.51360180175
171.13,94962.3735964017
171.14000000000001,94962.81108291924
171.15,94963.99267601313
171.16,94964.05299984843
171.17000000000002,94965.5661697667
171.18,94963.64032981638
171.19,94966.00169736214
171.20000000000002,94966.42476736903
171.21,94967.1232800809
171.22,94967.29638135439
171.23,94969.57168945938
171.24,94968.7389833551
171.25,94969.88484023573
171.26,94968.33530168272
171.27,94971.65005164755
171.28,94972.0909926347
171.29,94972.20395223214
171.3,94972.64448138626
171.31,94973.97972369922
171.32,94973.40196765665
171.33,94975.06976375484
171.34,94975.5920017235
171.35,94976.17133563355
171.36,94976.24025158335
171.37,94977.03337520764
171.38,94978.31063577502
171.39000000000001,94977.24940213004
171.4,94978.77281568566
171.41,94979.34933546555
171.42000000000002,94980.2511801282
171.43,94981.45087458144
171.44,94981.67031501606
171.45000000000002,94983.63559458239
171.46,94984.07027488945
171.47,94984.9287845671
171.48,94983.93240316994
171.49,94987.64969023489
171.5,94987.17049083115
171.51,94989.017134367
171.52,94986.01009823628
171.53,94989.27112359922
171.54,94989.03873615162
171.55,94989.39547575716
171.56,94990.52869376342
171.57,94989.09495918523
171.58,94991.06831090033
171.59,94992.18633814751
171.6,94992.73827325342
171.61,94992.47745546012
171.62,94992.24229415681
171.63,94995.07144709265
171.64000000000001,94993.96521572625
171.65,94994.72716128966
171.66,94994.91553222778
171.67000000000002,94996.54720871281
171.68,94995.83633703057
171.69,94996.4709220642
171.70000000000002,94999.51445974967
171.71,94999.4921584776
171.72,94999.98251008123
171.73,94999.51310897543
171.74,95000.71955090387
171.75,95002.13846410949
171.76,95003.19387237095
171.77,95002.40001460744
171.78,95002.66492814307
171.79,95005.0988050686
171.8,95006.41454849558
171.81,95006.12304173269
171.82,95005.38090213819
171.83,95006.91544058734
171.84,95006.99045947725
171.85,95007.67807412999
171.86,95011.12262054745
171.87,95007.63162328469
171.88,95009.64005439107
171.89000000000001,95010.78667231271
171.9,95013.2205885012
171.91,95013.3736973119
171.92000000000002,95012.75067648123
171.93,95011.85074808191
171.94,95014.07705300274
171.95000000000002,95014.4398480851
171.96,95016.02951895437
171.97,95015.11094998315
171.98,95016.42111351038
171.99,95018.10972758257
172.0,95016.98004685377
172.01,95018.56206547593
172.02,95019.6948213984
172.03,95019.88860039655
172.04,95021.41304485852
172.05,95019.62056301815
172.06,95022.84747592024
172.07,95023.2007382419
172.08,95024.3493143556
172.09,95025.04555163339
172.1,95024.74683756016
172.11,95023.30258093386
172.12,95025.37378203598
172.13,95026.2262644266
172.14000000000001,95029.19778070386
172.15,95027.29057103756
172.16,95028.73880707003
172.17000000000002,95029.84610354516
172.18,95029.18421371307
172.19,95030.76258243038
172.20000000000002,95030.61203886825
172.21,95031.93261999443
172.22,95032.7588200638
172.23,95034.83722591866
172.24,95032.6766890993
172.25,95032.66683911087
172.26,95036.06520630648
172.27,95035.34851227682
172.28,95035.89838091428
172.29,95037.55964140342
172.3,95037.41540030218
172.31,95038.16083614768
172.32,95037.63311910175
172.33,95039.4559769818
172.34,95040.12214778046
172.35,95041.12804963822
172.36,95042.51485648705
172.37,95040.04804083993
172.38,95041.95400769239
172.39000000000001,95041.14274541006
172.4,95044.11249793446
172.41,95044.97825181122
172.42000000000002,95046.45138377856
172.43,95044.50881467902
172.44,95046.94663848366
172.45000000000002,95048.24127756477
172.46,95048.38407650932
172.47,95049.14883461062
172.48,95050.14040428832
172.49,95050.80574477836
172.5,95050.45335302512
172.51,95050.49153604357
172.52,95050.7700960846
172.53,95052.20665725188
172.54,95053.37302877287
172.55,95052.8606550357
172.56,95054.0334324865
172.57,95055.81635531288
172.58,95057.33261832123
172.59,95055.71583190959
172.6,95056.95373070778
172.61,95056.6728534794
172.62,95057.95287616024
172.63,95058.41139051483
172.64000000000001,95059.28087277913
172.65,95058.99686607094
172.66,95059.71300488697
172.67000000000002,95061.50744067018
172.68,95062.2963575723
172.69,95064.14325767725
172.70000000000002,95063.13753348988
172.71,95063.23500320845
172.72,95065.10399242306
172.73,95067.41289240964
172.74,95064.94371710472
172.75,95067.84695382112
172.76,95066.3468289175
172.77,95066.26331732744
172.78,95067.36778162775
172.79,95069.5633939844
172.8,95069.44428532453
172.81,95070.48736798503
172.82,95071.54178542511
172.83,95071.67748215694
172.84,95073.50591888635
172.85,95073.55128563788
172.86,95073.4600145433
172.87,95073.63277333323
172.88,95074.23395279281
172.89000000000001,95075.7490383383
172.9,95075.58418978936
172.91,95077.47138802022
172.92000000000002,95079.85347611377
172.93,95079.17064918541
172.94,95077.8480640107
172.95000000000002,95080.59280015736
172.96,95080.40204188295
172.97,95081.74476015122
172.98,95083.30772970532
172.99,95082.46872746812
173.0,95082.41198094368
173.01,95083.62536900886
173.02,95083.2777485303
173.03,95084.66947632254
173.04,95084.85310947652
173.05,95086.32140908463
173.06,95085.35318128718
173.07,95087.10459638078
173.08,95087.97403818548
173.09,95088.04976091112
173.1,95089.05202011681
173.11,95089.53818086795
173.12,95090.76998647406
173.13,95090.56042903168
173.14000000000001,95090.50168747258
173.15,95091.51616736349
173.16,95093.16791125512
173.17000000000002,95095.03275147494
173.18,95094.2810416507
173.19,95095.92403362408
173.20000000000002,95096.8864784728
173.21,95097.53660432625
173.22,95097.09292752092
173.23,95097.60220672173
173.24,95099.40709564948
173.25,95099.04826142882
173.26,95099.01606284535
173.27,95100.10671525252
173.28,95099.89555617786
173.29,95100.52476707769
173.3,95103.56899138274
173.31,95103.724663234
173.32,95102.21997345454
173.33,95103.90191421752
173.34,95104.40369091628
173.35,95105.92698553196
173.36,95106.78107939247
173.37,95106.98632866715
173.38,95106.26107150328
173.39000000000001,95108.10500368162
173.4,95108.2511078968
173.41,95108.65121076073
173.42000000000002,95110.47373083836
173.43,95109.75590864882
173.44,95113.06359907529
173.45000000000002,95110.9043072877
173.46,95112.28199595254
173.47,95113.515249766
173.48,95111.83942925332
173.49,95114.94878295358
173.5,95114.41878590074
173.51,95117.19682148879
173.52,95115.03402843857
173.53,95116.47467551517
173.54,95117.00379948274
173.55,95118.67257689215
173.56,95118.6069468555
173.57,95118.60843719453
173.58,95119.8662723104
173.59,95119.37245146508
173.6,95121.47803073964
173.61,95122.81622861112
173.62,95123.36497810135
173.63,95124.0571579315
173.64000000000001,95124.58169244046
173.65,95126.05606435752
173.66,95126.8039117851
173.67000000000002,95125.8248347246
173.68,95126.38220591488
173.69,95126.63790272236
173.70000000000002,95128.81820963295
173.71,95131.16323334812
173.72,95130.57999008388
173.73,95131.25256363594
173.74,95131.21613791521
173.75,95130.61461497535
173.76,95130.91050624348
173.77,95132.41666326295
173.78,95131.47993869039
173.79,95134.91620957226
173.8,95134.5792354711
173.81,95135.17700900979
173.82,95135.31739476975
173.83,95136.16980381116
173.84,95138.1645872591
173.85,95138.14534843936
173.86,95138.73508330308
173.87,95140.0494430787
173.88,95139.19022583062
173.89000000000001,95141.12110182746
173.9,95140.73002061866
173.91,95141.70766012161
173.92000000000002,95143.37565032495
173.93,95142.90717561345
173.94,95144.42831816946
173.95000000000002,95146.29698472767
173.96,95143.1206117223
173.97,95146.28333617239
173.98,95147.06347766315
173.99,95147.85268214988
174.0,95148.37255417713
174.01,95147.88326391391
174.02,95148.08454768869
174.03,95148.54663918808
174.04,95150.88403192704
174.05,95150.53337224117
174.06,95150.07347960537
174.07,95151.66310348615
174.08,95154.76589839037
174.09,95152.6848020003
174.1,95153.06015147553
174.11,95153.875419002
174.12,95155.17492753748
174.13,95156.72440410266
174.14000000000001,95156.80978431639
174.15,95156.55958765325
174.16,95157.14504678876
174.17000000000002,95159.12205078438
174.18,95157.19086192008
174.19,95159.47948994124
174.20000000000002,95159.74478692257
174.21,95163.48772194532
174.22,95160.74168128405
174.23,95161.25478255046
174.24,95163.58715042043
174.25,95163.97482111935
174.26,95164.65722120472
174.27,95164.1573358032
174.28,95165.62630019757
174.29,95166.26877087046
174.3,95165.58371790587
174.31,95167.19389760743
174.32,95168.19031544126
174.33,95168.80509198793
174.34,95171.72355055924
174.35,95169.99515280778
174.36,95169.55829257231
174.37,95173.05490785425
174.38,95172.20263030614
174.39000000000001,95172.70988234578
174.4,95171.88512049911
174.41,95173.47290727151
174.42000000000002,95174.50236724074
174.43,95174.47452145259
174.44,95175.7067987681
174.45000000000002,95178.23441175793
174.46,95178.69147965263
174.47,95177.40375043705
174.48,95179.98343149478
174.49,95180.4216519064
174.5,95181.03865574843
174.51,95179.65831837039
174.52,95180.11869315043
174.53,95181.7390787052
174.54,95183.58528774307
174.55,95181.91700711561
174.56,95183.94276557326
174.57,95185.32529969588
174.58,95186.33124877042
174.59,95185.28016224041
174.6,95186.68612207
174.61,95188.10937133679
174.62,95187.60970327188
174.63,95188.51000545954
174.64000000000001,95189.43447914808
174.65,95189.64852923626
174.66,95191.08305793528
174.67000000000002,95190.82618897734
174.68,95192.39142921525
174.69,95192.75382258433
174.70000000000002,95191.08327877353
174.71,95193.39141614108
174.72,95194.15847635032
174.73,95193.47407824233
174.74,95194.58141712817
174.75,95195.68843230014
174.76,95196.99348667858
174.77,95197.44418360823
174.78,95198.24621979268
174.79,95198.55738778466
174.8,95198.9066380404
174.81,95199.73192828191
174.82,95200.47355473902
174.83,95201.83256411017
174.84,95201.39206469753
174.85,95202.65134108465
174.86,95202.14635197334
174.87,95205.08560713835
174.88,95206.07655784141
174.89000000000001,95204.58093842304
174.9,95207.51901725122
174.91,95205.50130039795
174.92000000000002,95208.16409187434
174.93,95208.25542821549
174.94,95208.20843724247
174.95000000000002,95207.98938829021
174.96,95210.56647918004
174.97,95210.28712697454
174.98,95211.09029155433
174.99,95211.543189755
175.0,95210.9640044307
175.01,95213.74967935207
175.02,95213.64518732771
175.03,95212.76715510308
175.04,95214.97017343061
175.05,95215.39953272823
175.06,95214.74527853388
175.07,95218.32658845365
175.08,95218.217043653
175.09,95216.74440973681
175.1,95219.33464376295
175.11,95219.5793689212
175.12,95220.46390306206
175.13,95220.11315553439
175.14000000000001,95221.70709865373
175.15,95222.61945161498
175.16,95222.40859938244
175.17000000000002,95223.8934162432
175.18,95225.68478724756
175.19,95223.14520861668
175.20000000000002,95224.57521209461
175.21,95226.80544566766
175.22,95227.32980530354
175.23,95227.48593951426
175.24,95227.72939763735
175.25,95227.35736951386
175.26,95227.89203231056
175.27,95230.33283334976
175.28,95232.48868685584
175.29,95230.75228803082
175.3,95230.26380464666
175.31,95232.8571710782
175.32,95233.03829055867
175.33,95231.42102627443
175.34,95234.92796001109
175.35,95233.33967633243
175.36,95236.32073569753
175.37,95236.33286397354
175.38,95237.26791409081
175.39000000000001,95238.2294840835
175.4,95238.4250916016
175.41,95238.28922187688
175.42000000000002,95238.98250140883
175.43,95238.54870369885
175.44,95241.60836440866
175.45000000000002,95241.67059834952
175.46,95240.84577853288
175.47,95240.75542475434
175.48,95244.34971346108
175.49,95245.3412059597
175.5,95244.3357573367
175.51,95244.37593367494
175.52,95244.824854532
175.53,95245.4404480594
175.54,95246.57655798126
175.55,95249.723790121
175.56,95250.15081432206
175.57,95250.50654228624
175.58,95250.7720498956
175.59,95251.16086918449
175.6,95252.25328984631
175.61,95251.08778360354
175.62,95253.37560347626
175.63,95251.950626531
175.64000000000001,95253.6532043079
175.65,95252.5496769635
175.66,95254.64327039036
175.67000000000002,95255.69113854125
175.68,95256.86300280016
175.69,95257.50019009184
175.70000000000002,95258.2040173545
175.71,95256.54861545493
175.72,95257.69093478814
175.73,95258.77649295513
175.74,95259.41675846637
175.75,95261.67572735954
175.76,95261.74179909426
175.77,95261.08839151409
175.78,95262.53936022508
175.79,95263.38147935925
175.8,95265.49852098922
175.81,95263.63283483627
175.82,95263.9630145733
175.83,95266.36233279225
175.84,95266.05057334556
175.85,95267.64244427455
175.86,95266.38180893476
175.87,95268.08271019446
175.88,95269.62408792075
175.89000000000001,95269.81280232288
175.9,95270.40602964527
175.91,95269.9275548593
175.92000000000002,95271.27245444701
175.93,95273.01304030913
175.94,95272.7751954084
175.95000000000002,95274.9389570873
175.96,95273.66665073592
175.97,95273.97930179944
175.98,95276.61688156777
175.99,95274.80221800497
176.0,95277.04116806693
176.01,95276.64169418259
176.02,95277.50536286048
176.03,95278.3494479429
176.04,95279.00651375303
176.05,95279.45361245802
176.06,95282.41448171096
176.07,95280.86957271573
176.08,95283.66399273473
176.09,95284.00860067246
176.1,95282.99304574025
176.11,95282.51738660055
176.12,95284.9621800303
176.13,95284.70809678733
176.14000000000001,95284.4618485774
176.15,95286.0052893774
176.16,95289.96831697685
176.17000000000002,95287.54131140375
176.18,95287.75444769638
176.19,95288.74533926677
176.20000000000002,95290.68121060416
176.21,95290.71107874704
176.22,95290.08704514836
176.23,95291.7897202083
176.24,95293.20921507936
176.25,95292.17094855104
176.26,95292.02020086355
176.27,95292.78382731842
176.28,95294.92243218211
176.29,95295.2658096006
176.3,95295.51697689242
176.31,95297.0751283921
176.32,95296.72564816385
176.33,95297.02010007207
176.34,95299.93487238881
176.35,95298.80334220054
176.36,95301.36998108844
176.37,95301.32067714928
176.38,95302.18028539653
176.39000000000001,95300.77894044713
176.4,95303.34464353247
176.41,95302.55862312755
176.42000000000002,95304.81180992197
176.43,95304.49607540885
176.44,95305.66181834393
176.45000000000002,95305.50819379819
176.46,95307.87957921792
176.47,95308.20587926607
176.48,95307.86197501626
176.49,95307.28064348265
176.5,95309.2762801932
176.51,95310.21257608505
176.52,95310.69185693415
176.53,95310.03643384174
176.54,95313.62326590966
176.55,95312.00880594472
176.56,95313.83313886599
176.57,95313.56637618228
176.58,95315.23549324878
176.59,95315.26388224696
176.6,95315.51127742327
176.61,95316.81708862669
176.62,95315.6921244212
176.63,95317.05644188865
176.64000000000001,95317.35635904328
176.65,95317.09101466651
176.66,95319.06691690236
176.67000000000002,95320.87377197409
176.68,95320.46997281112
176.69,95323.2511041171
176.70000000000002,95320.67123869757
176.71,95322.70268268103
176.72,95323.84476982184
176.73,95323.97075183416
176.74,95322.53424534037
176.75,95324.79633212759
176.76,95326.00568025646
176.77,95327.89221007872
176.78,95328.90527613537
176.79,95327.76686647095
176.8,95329.34264699907
176.81,95328.30168246554
176.82,95329.45126743721
176.83,95329.96137012605
176.84,95330.95749327596
176.85,95332.50745880534
176.86,95333.39237916328
176.87,95333.08574348841
176.88,95335.6672072695
176.89000000000001,95335.24944672115
176.9,95336.45784110182
176.91,95335.45932074741
176.92000000000002,95336.04860029127
176.93,95336.47503593726
176.94,95337.79591382093
176.95000000000002,95338.93337187292
176.96,95336.86523452455
176.97,95337.71825361141
176.98,95339.0881871322
176.99,95340.37094328529
177.0,95342.95649656866
177.01,95342.3032655208
177.02,95341.59226722227
177.03,95344.31888044155
177.04,95344.03702671472
177.05,95344.97735727813
177.06,95344.9231047502
177.07,95345.9211866911
177.08,95345.7048241004
177.09,95347.92130534575
177.1,95348.10160230065
177.11,95349.00308227459
177.12,95347.96249537203
177.13,95349.79864269131
177.14000000000001,95350.96454936145
177.15,95349.43423698611
177.16,95353.83012060313
177.17000000000002,95351.08820808108
177.18,95352.80605886546
177.19,95353.06823272035
177.20000000000002,95354.79045730717
177.21,95353.98996841251
177.22,95355.03679166788
177.23,95355.85866280893
177.24,95357.74838261145
177.25,95357.46347008499
177.26,95359.18280008227
177.27,95357.84318706217
177.28,95360.0890331898
177.29,95359.21634285014
177.3,95360.67057405075
177.31,95360.79799985656
177.32,95361.49984952084
177.33,95363.49860018579
177.34,95362.87908703383
177.35,95364.126324126
177.36,95366.78936129104
177.37,95366.25261563518
177.38,95364.51652542377
177.39000000000001,95366.15398507711
177.4,95365.98356024637
177.41,95368.26593217441
177.42000000000002,95368.55441310925
177.43,95367.80709630431
177.44,95371.14077760959
177.45000000000002,95371.01684166002
177.46,95370.93222844678
177.47,95372.01616963744
177.48,95372.38415253288
177.49,95373.01856350242
177.5,95374.96107339964
177.51,95372.76622560457
177.52,95373.97101364424
177.53,95376.1290935708
177.54,95377.2650686283
177.55,95377.93513869127
177.56,95378.79020888003
177.57,95377.67859489178
177.58,95379.8859971989
177.59,95379.57863821226
177.6,95379.5194694448
177.61,95382.55386216677
177.62,95382.3477833247
177.63,95381.9902261628
177.64000000000001,95383.17954845515
177.65,95384.12307242442
177.66,95384.85631657558
177.67000000000002,95385.46415538467
177.68,95386.64543485972
177.69,95385.60489235075
177.70000000000002,95386.81411638585
177.71,95386.712360915
177.72,95387.27897669881
177.73,95389.17528730378
177.74,95389.00413549926
177.75,95389.00411938211
177.76,95389.187668262
177.77,95390.87603869612
177.78,95391.79748242514
177.79,95392.52811227758
177.8,95393.47415574233
177.81,95393.16229639754
177.82,95394.09101454446
177.83,95395.39922800873
177.84,95397.70505418522
177.85,95396.89266231227
177.86,95397.8408903863
177.87,95397.07544262813
177.88,95398.23704588838
177.89000000000001,95398.36694205922
177.9,95398.57895305494
177.91,95402.32088031544
177.92000000000002,95399.41157000425
177.93,95400.29419725646
177.94,95402.05691064149
177.95000000000002,95402.3406786712
177.96,95401.47284819618
177.97,95404.10963206248
177.98,95405.18615142019
177.99,95405.78356022801
178.0,95406.51904727206
178.01,95405.85186103612
178.02,95407.05090239458
178.03,95408.37836313779
178.04,95412.1751051259
178.05,95408.37353010183
178.06,95409.5276418286
178.07,95410.28173272299
178.08,95409.97250756694
178.09,95412.21254265345
178.1,95411.40275555081
178.11,95412.34663998059
178.12,95414.46596131814
178.13,95415.24601787754
178.14000000000001,95415.51082770745
178.15,95416.10822990112
178.16,95417.28970412641
178.17000000000002,95417.5026721502
178.18,95418.75672940967
178.19,95419.13720066212
178.20000000000002,95417.5097511629
178.21,95420.42709105261
178.22,95423.16073407081
178.23,95421.04545178301
178.24,95421.01313124127
178.25,95423.30935796477
178.26,95422.63784848725
178.27,95422.94439791031
178.28,95425.71397772526
178.29,95426.05924511967
178.3,95426.68208551452
178.31,95425.291397894
178.32,95426.80248918632
178.33,95426.24049019758
178.34,95428.58106198929
178.35,95427.59644192117
178.36,95429.19826753178
178.37,95430.80876721667
178.38,95430.66565298838
178.39000000000001,95430.03863646436
178.4,95432.17360532338
178.41,95432.27124175015
178.42000000000002,95434.56160604885
178.43,95432.92681177861
178.44,95435.19961807248
178.45000000000002,95435.82705186204
178.46,95435.49172549357
178.47,95437.39506758715
178.48,95436.70758425404
178.49,95438.32681288512
178.5,95438.39771367931
178.51,95439.31317904021
178.52,95439.74381246796
178.53,95441.12649023508
178.54,95440.98553036721
178.55,95442.48543359632
178.56,95441.96215153213
178.57,95445.24334877895
178.58,95444.69202664575
178.59,95445.45976911158
178.6,95444.48708855384
178.61,95446.21105600141
178.62,95445.33660731584
178.63,95445.80085502459
178.64000000000001,95447.75241205072
178.65,95449.42959510458
178.66,95450.35690284094
178.67000000000002,95449.8512461253
178.68,95449.48942927703
178.69,95450.43523452753
178.70000000000002,95453.34359669678
178.71,95452.20258875929
178.72,95452.55080269661
178.73,95454.43439782095
178.74,95453.14169622086
178.75,95454.54851971903
178.76,95457.36448152032
178.77,95453.84909662844
178.78,95454.97881644897
178.79,95457.83988272969
178.8,95457.62133471141
178.81,95458.12780689004
178.82,95458.49678022932
178.83,95459.73238491142
178.84,95460.92753350726
178.85,95460.56747570814
178.86,95461.25196270642
178.87,95462.64263272949
178.88,95461.5599254892
178.89000000000001,95464.41185802741
178.9,95465.14063194007
178.91,95464.53207665068
178.92000000000002,95468.00881303537
178.93,95465.90493441603
178.94,95464.86270789195
178.95000000000002,95467.98365917151
178.96,95468.47612532687
178.97,95466.60798640794
178.98,95467.93076301644
178.99,95470.5153115521
179.0,95470.4772890805
179.01,95471.80410933598
179.02,95472.95173848192
179.03,95473.08981702726
179.04,95473.01287178876
179.05,95474.17924341864
179.06,95474.03734717009
179.07,95475.82262452583
179.08,95475.39558844295
179.09,95478.73291988584
179.1,95478.00221431909
179.11,95477.46320144038
179.12,95478.48396160339
179.13,95478.23765010036
179.14000000000001,95479.86881649749
179.15,95480.66381455549
179.16,95481.59337562103
179.17000000000002,95482.9138745348
179.18,95481.82346375422
179.19,95482.56554765158
179.20000000000002,95486.25692212142
179.21,95485.48195391808
179.22,95484.42257564182
179.23,95485.24776569045
179.24,95488.39931103372
179.25,95488.19549502792
179.26,95486.60568040841
179.27,95488.77869350124
179.28,95490.08810070367
179.29,95491.17679386053
179.3,95490.3159651596
179.31,95490.05706040443
179.32,95490.41937182656
179.33,95493.4603036817
179.34,95491.20887061732
179.35,95491.88147386535
179.36,95494.21378854392
179.37,95494.77462561266
179.38,95496.22334559726
179.39000000000001,95495.62340395097
179.4,95498.2907626318
179.41,95496.71097227307
179.42000000000002,95497.55743047144
179.43,95498.12436623633
179.44,95500.62189166377
179.45000000000002,95501.16179039355
179.46,95501.1038574724
179.47,95500.9750554084
179.48,95502.38365881197
179.49,95502.29203767875
179.5,95501.82957632188
179.51,95503.04852897798
179.52,95506.10310316583
179.53,95505.24734551541
179.54,95504.69418424982
179.55,95505.52251566538
179.56,95507.87574792744
179.57,95508.3149767632
179.58,95510.46066953627
179.59,95510.41827551495
179.6,95510.01064527412
179.61,95509.49049576
179.62,95510.13132590898
179.63,95511.92197519504
179.64000000000001,95512.24602338867
179.65,95512.23718913036
179.66,95512.93717499216
179.67000000000002,95515.22624705726
179.68,95513.64225102052
179.69,95514.09166365284
179.70000000000002,95516.33816283138
179.71,95517.24112451694
179.72,95517.89445184286
179.73,95518.80033740794
179.74,95518.4773145664
179.75,95516.9883140824
179.76,95522.11051302413
179.77,95521.05507829787
179.78,95521.62260228231
179.79,95521.21352306104
179.8,95523.90516435832
179.81,95524.13950060308
179.82,95523.82310859177
179.83,95525.05735970047
179.84,95524.94058552448
179.85,95525.10597193628
179.86,95527.63964090822
179.87,95526.79395800337
179.88,95526.68262842332
179.89000000000001,95528.39974348289
179.9,95528.66846489483
179.91,95529.27947811579
179.92000000000002,95529.91387911714
179.93,95530.98412659357
179.94,95530.06882447469
179.95000000000002,95532.23282427559
179.96,95533.64559697131
179.97,95533.83227582884
179.98,95533.22899746528
179.99,95532.9991068652
180.0,95536.92233384427
180.01,95535.24565794173
180.02,95535.09169151339
180.03,95538.85616271092
180.04,95538.8587392879
180.05,95538.08049759567
180.06,95538.39325317772
180.07,95539.15915758334
180.08,95542.02166205534
180.09,95539.6739414918
180.1,95542.0607563535
180.11,95541.01594477727
180.12,95545.73677354364
180.13,95544.33584174143
180.14000000000001,95545.42087820804
180.15,95544.7782580453
180.16,95546.98875196741
180.17000000000002,95545.82036064475
180.18,95549.21093171331
180.19,95547.16315781976
180.20000000000002,95548.46029714582
180.21,95550.34881851643
180.22,95548.40321771704
180.23,95550.80523347264
180.24,95551.63349584385
180.25,95551.85327160815
180.26,95552.22272664498
180.27,95552.42940255124
180.28,95552.498891802
180.29,95553.93391142752
180.3,95555.79406869334
180.31,95555.48718321789
180.32,95556.26873223954
180.33,95556.35771248097
180.34,95559.86420506163
180.35,95558.3843270243
180.36,95559.79949486087
180.37,95559.63556602952
180.38,95559.20180479281
180.39000000000001,95560.83620699814
180.4,95561.40825119591
180.41,95560.92243100617
180.42000000000002,95563.37653478359
180.43,95564.24457733812
180.44,95562.16916026815
180.45000000000002,95564.42587214925
180.46,95566.46816465113
180.47,95565.13456680276
180.48,95567.46071882744
180.49,95566.58272123923
180.5,95568.73468394807
180.51,95568.06285258685
180.52,95569.24232896388
180.53,95571.8200270487
180.54,95571.00049467756
180.55,95572.70320137286
180.56,95572.13798343277
180.57,95572.29257883663
180.58,95571.75571259546
180.59,95574.87431186638
180.6,95571.96891148578
180.61,95576.38117020327
180.62,95574.67239579062
180.63,95576.91663797508
180.64000000000001,95576.38422755098
180.65,95578.7385490428
180.66,95577.28129965934
180.67000000000002,95579.26130338157
180.68,95579.93252578049
180.69,95580.19496379033
180.70000000000002,95579.0393757058
180.71,95581.55033323873
180.72,95581.30181732989
180.73,95582.59158155482
180.74,95583.64598631035
180.75,95585.3196928992
180.76,95586.36078207465
180.77,95584.63488991541
180.78,95584.04524381156
180.79,95584.35355152743
180.8,95585.41054086229
180.81,95587.32641132327
180.82,95587.04009965523
180.83,95589.1908570992
180.84,95589.40793916448
180.85,95591.94195462346
180.86,95591.43186913177
180.87,95590.54689296093
180.88,95591.67308227895
180.89000000000001,95593.20790905807
180.9,95592.26168600188
180.91,95594.46905326948
180.92000000000002,95595.32145863683
180.93,95596.0795907277
180.94,95596.31919133602
180.95000000000002,95596.20486354236
180.96,95596.63705563649
180.97,95598.46126450623
180.98,95598.16464499541
180.99,95598.87167397827
181.0,95599.16265518637
181.01,95601.04469467337
181.02,95602.10869816321
181.03,95601.59658721785
181.04,95601.85679081579
181.05,95601.22479692593
181.06,95604.42339413463
181.07,95604.74212192654
181.08,95604.57325150936
181.09,95604.90042984243
181.1,95605.45129153875
181.11,95607.76208164568
181.12,95608.79974625543
181.13,95608.20827478789
181.14000000000001,95609.31919457472
181.15,95611.32207081042
181.16,95610.73139744741
181.17000000000002,95611.24438502957
181.18,95612.62774499727
181.19,95613.42974332353
181.20000000000002,95614.77142375053
181.21,95614.19308206455
181.22,95614.81417002909
181.23,95613.18911728972
181.24,95615.50635915449
181.25,95615.62923312835
181.26,95617.04922752966
181.27,95617.56465580226
181.28,95620.7883495712
181.29,95617.83833936349
181.3,95619.45600601821
181.31,95619.70606644562
181.32,95622.48923884102
181.33,95621.14118036327
181.34,95621.54751207012
181.35,95621.71849761982
181.36,95622.9075202578
181.37,95622.92784521973
181.38,95624.868590684
181.39000000000001,95625.33918161788
181.4,95626.67768945779
181.41,95627.7134599242
181.42000000000002,95626.55997073035
181.43,95627.93490686419
181.44,95627.63783840316
181.45000000000002,95630.86988566944
181.46,95629.71665101174
181.47,95629.34716343468
181.48,95632.75015709082
181.49,95631.74824170882
181.5,95632.72107193714
181.51,95635.29068209941
181.52,95632.00830995769
181.53,95633.45779173526
181.54,95635.0105669723
181.55,95636.19369161251
181.56,95639.23800900886
181.57,95636.71292907717
181.58,95636.963016989
181.59,95638.66645319895
181.6,95638.85501691465
181.61,95638.28734095895
181.62,95641.91011989815
181.63,95641.44628899213
181.64000000000001,95641.51894552395
181.65,95643.74147865287
181.66,95642.93881721924
181.67000000000002,95643.27649435143
181.68,95644.41880655558
181.69,95644.41270464683
181.70000000000002,95645.94148372117
181.71,95645.01422476278
181.72,95645.29813765122
181.73,95647.13835045313
181.74,95648.18200741238
181.75,95648.4511390703
181.76,95649.22841574444
181.77,95649.71264859235
181.78,95652.93169396784
181.79,95652.34412318798
181.8,95653.2444445506
181.81,95651.67300622613
181.82,95652.02456582962
181.83,95653.11550597947
181.84,95654.58766846663
181.85,95654.37590396743
181.86,95655.01831218743
181.87,95655.1098718794
181.88,95656.26244202757
181.89000000000001,95659.45230367561
181.9,95659.46205918197
181.91,95659.42551804816
181.92000000000002,95661.06742120892
181.93,95659.59286049276
181.94,95660.01877921117
181.95000000000002,95663.65888285992
181.96,95662.46467926251
181.97,95663.91819094011
181.98,95665.85200447399
181.99,95665.87961532059
182.0,95665.22319037441
182.01,95667.53858237535
182.02,95663.71249704457
182.03,95666.41903880912
182.04,95667.98031443053
182.05,95669.04611207824
182.06,95668.0699089527
182.07,95669.41539086668
182.08,95669.50922590248
182.09,95670.96426517436
182.1,95670.67242277526
182.11,95672.17246222033
182.12,95672.65160273686
182.13,95674.38320893291
182.14000000000001,95672.42742889505
182.15,95673.58967165044
182.16,95676.22435652294
182.17000000000002,95674.77653174114
182.18,95677.86252982492
182.19,95677.472773299
182.20000000000002,95678.43567159408
182.21,95677.72770509895
182.22,95678.3978390885
182.23,95680.82683815247
182.24,95679.75315398026
182.25,95681.48447192373
182.26,95683.32413567972
182.27,95681.16214852007
182.28,95682.58594021725
182.29,95684.56384362328
182.3,95683.12808343736
182.31,95684.70590564529
182.32,95684.94681686988
182.33,95686.22953252602
182.34,95688.79493470378
182.35,95688.54194156811
182.36,95687.97667886103
182.37,95688.06845216129
182.38,95690.4305346581
182.39000000000001,95689.78833604553
182.4,95689.80326114429
182.41,95692.25047519112
182.42000000000002,95691.95495482112
182.43,95692.08516178819
182.44,95693.38962908273
182.45000000000002,95693.55425752031
182.46,95693.67690069714
182.47,95694.20454814337
182.48,95694.85097314246
182.49,95697.76683301166
182.5,95698.49960513489
182.51,95698.82438822811
182.52,95699.727223722
182.53,95699.27571334448
182.54,95700.10311421481
182.55,95699.67080217763
182.56,95699.2116839561
182.57,95699.97916000905
182.58,95703.43693789764
182.59,95703.5653647125
182.6,95702.52196033199
182.61,95705.97824871552
182.62,95706.46712393392
182.63,95705.88703876495
182.64000000000001,95706.98979302216
182.65,95706.01878176542
182.66,95706.95915677096
182.67000000000002,95707.79718036388
182.68,95709.4953631919
182.69,95708.99515482513
182.70000000000002,95710.41551629764
182.71,95711.24567252933
182.72,95711.30843106208
182.73,95711.27824277706
182.74,95712.15749282131
182.75,95712.69832615352
182.76,95715.95703898885
182.77,95714.17041541146
182.78,95714.460338352
182.79,95716.69480698749
182.8,95718.08204655017
182.81,95717.30829131046
182.82,95716.02684796121
182.83,95718.99857179749
182.84,95719.5740713327
182.85,95719.41346602153
182.86,95720.70069886776
182.87,95718.93925281541
182.88,95721.21160188624
182.89000000000001,95722.44202439096
182.9,95722.59090749374
182.91,95724.08461386252
182.92000000000002,95724.62276908851
182.93,95726.28519150785
182.94,95725.03683912229
182.95000000000002,95726.64070599154
182.96,95726.00699462461
182.97,95726.83951903795
182.98,95729.4164434391
182.99,95729.47031596769
183.0,95729.21340660992
183.01,95729.84547793622
183.02,95731.42565943011
183.03,95730.89910213223
183.04,95731.31053898841
183.05,95733.50068707681
183.06,95733.56300567745
183.07,95735.63029616159
183.08,95733.76718498695
183.09,95735.5132647574
183.1,95736.68151879316
183.11,95735.8445103497
183.12,95735.81402555504
183.13,95737.18178602078
183.14000000000001,95738.84665251707
183.15,95738.51532125172
183.16,95741.97896771571
183.17000000000002,95740.11063696524
183.18,95742.93985512026
183.19,95743.7949392077
183.20000000000002,95742.22543992837
183.21,95742.70691101777
183.22,95743.10190890661
183.23,95743.7231950589
183.24,95746.10336974528
183.25,95743.28551951915
183.26,95747.72333875424
183.27,95747.97885560061
183.28,95749.31754698088
183.29,95749.26865130007
183.3,95749.10470247957
183.31,95748.6574403415
183.32,95750.74453469578
183.33,95751.8341227149
183.34,95751.37767095394
183.35,95751.57153336763
183.36,95753.61063233881
183.37,95752.87774203975
183.38,95754.07986636792
183.39000000000001,95756.77706271797
183.4,95756.3560498415
183.41,95756.57040660708
183.42000000000002,95758.9134880447
183.43,95757.06307531234
183.44,95759.34895743195
183.45000000000002,95760.66991469281
183.46,95758.74849303515
183.47,95760.67295804516
183.48,95760.26174944232
183.49,95759.63441463883
183.5,95763.1578898995
183.51,95760.07528994494
183.52,95764.7575515331
183.53,95765.14789892075
183.54,95763.4889820009
183.55,95764.2811167977
183.56,95764.85292959602
183.57,95768.24322832696
183.58,95766.6939583035
183.59,95767.44592026378
183.6,95769.47917140763
183.61,95769.88360014449
183.62,95770.09758171548
183.63,95771.30072797986
183.64000000000001,95771.023791721
183.65,95770.49850972672
183.66,95772.85422817891
183.67000000000002,95771.66699754806
183.68,95774.90833223306
183.69,95775.67993205291
183.70000000000002,95775.41144787369
183.71,95775.38964747761
183.72,95775.72690686381
183.73,95777.31278671822
183.74,95776.09093005708
183.75,95776.13072107056
183.76,95777.99481240404
183.77,95779.52943322851
183.78,95779.98689535326
183.79,95783.16952085798
183.8,95781.66264552694
183.81,95779.65210507906
183.82,95781.00870902551
183.83,95784.59749309321
183.84,95783.45200441124
183.85,95783.246680639
183.86,95784.81318311415
183.87,95785.2299014125
183.88,95785.04978657691
183.89000000000001,95788.09300947118
183.9,95787.20687148922
183.91,95789.32375118106
183.92000000000002,95788.23113247324
183.93,95788.10533905287
183.94,95791.02525380107
183.95000000000002,95790.87909518844
183.96,95793.11624448469
183.97,95790.44340578002
183.98,95794.57066737913
183.99,95793.55973633926
184.0,95793.34899971384
184.01,95793.89351456301
184.02,95796.09255494279
184.03,95795.16566675343
184.04,95797.3881068954
184.05,95797.25412301376
184.06,95797.485002624
184.07,95799.4317760293
184.08,95799.96857946027
184.09,95800.23281892258
184.1,95800.98880182521
184.11,95802.76201955487
184.12,95802.19942404027
184.13,95803.00574017287
184.14000000000001,95803.3947435069
184.15,95803.21873333791
184.16,95805.6183344405
184.17000000000002,95803.86332479141
184.18,95805.2057802238
184.19,95806.95326125741
184.20000000000002,95807.42773344117
184.21,95806.85774839367
184.22,95809.08720862571
184.23,95808.05768231949
184.24,95809.75714383952
184.25,95811.42680515509
184.26,95812.04358231036
184.27,95811.23300521646
184.28,95812.87113272642
184.29,95813.97191535933
184.3,95813.52012795025
184.31,95814.48274268553
184.32,95812.98378480185
184.33,95817.34684616273
184.34,95815.83908960506
184.35,95817.06686686182
184.36,95816.63101289372
184.37,95816.5724895657
184.38,95818.29162229676
184.39000000000001,95820.60836009425
184.4,95817.51728601866
184.41,95821.90443852262
184.42000000000002,95821.62715875561
184.43,95821.31248502179
184.44,95823.58123384895
184.45000000000002,95822.91128803522
184.46,95823.32878874514
184.47,95824.05456357739
184.48,95825.43907504811
184.49,95827.4026640642
184.5,95825.37204832456
184.51,95828.3807857084
184.52,95827.52719679465
184.53,95828.31388455511
184.54,95825.97697880017
184.55,95829.90550433488
184.56,95829.93017660109
184.57,95831.44558159642
184.58,95830.59150461003
184.59,95832.55295316305
184.6,95832.0121090069
184.61,95835.05833167178
184.62,95832.22542212262
184.63,95834.84658166507
184.64000000000001,95836.82099697935
184.65,95835.12155286047
184.66,95836.78820413227
184.67000000000002,95836.57602198615
184.68,95838.75765494922
184.69,95839.74252409018
184.70000000000002,95839.97696705723
184.71,95840.89870119485
184.72,95839.30407487473
184.73,95843.16774853837
184.74,95842.52340900662
184.75,95842.51023126752
184.76,95843.07962749922
184.77,95845.84850776105
184.78,95845.45794914488
184.79,95844.90744806282
184.8,95847.44439442037
184.81,95848.33842677201
184.82,95846.46754585399
184.83,95847.00160709707
184.84,95849.15416056673
184.85,95849.51810202411
184.86,95850.27396659693
184.87,95850.72929585468
184.88,95850.7620606679
184.89000000000001,95851.61258376317
184.9,95851.85659783351
184.91,95853.45262182062
184.92000000000002,95852.4352471068
184.93,95854.6046444602
184.94,95855.17848840596
184.95000000000002,95857.00495138997
184.96,95855.59254988449
184.97,95857.87812798086
184.98,95856.30319907701
184.99,95859.1648973694
185.0,95860.0163847324
185.01,95859.91486150367
185.02,95860.7412418461
185.03,95860.0926811109
185.04,95860.73771552923
185.05,95862.41389891521
185.06,95863.17256290557
185.07,95863.60110282873
185.08,95863.63710680588
185.09,95863.09247820926
185.1,95866.33928177383
185.11,95864.19952375376
185.12,95866.57053411544
185.13,95866.73456962265
185.14000000000001,95868.06686206156
185.15,95868.53017680939
185.16,95867.9747448477
185.17000000000002,95870.83769925768
185.18,95870.82239000653
185.19,95870.89296956985
185.20000000000002,95873.18759476472
185.21,95872.27665914159
185.22,95872.54969507447
185.23,95874.66219977463
185.24,95873.8399906234
185.25,95876.28813303528
185.26,95876.11824882234
185.27,95875.70359935962
185.28,95876.42386198591
185.29,95877.40828039384
185.3,95878.92985546647
185.31,95879.18271115924
185.32,95881.60711490017
185.33,95880.75764904353
185.34,95880.5953112336
185.35,95880.89624292841
185.36,95881.81832992002
185.37,95883.88811222797
185.38,95882.43303004157
185.39000000000001,95883.40608573836
185.4,95884.7459722639
185.41,95886.41411695268
185.42000000000002,95883.99938782571
185.43,95886.88118966954
185.44,95886.86993474411
185.45000000000002,95887.35631265525
185.46,95887.64145201386
185.47,95889.17862523597
185.48,95889.71051576266
185.49,95889.97034495657
185.5,95890.621171511
185.51,95893.07127900457
185.52,95893.86029467823
185.53,95894.69765359987
185.54,95891.86347201283
185.55,95895.1997022322
185.56,95895.16164651157
185.57,95896.3798350232
185.58,95897.13297234793
185.59,95898.2695004707
185.6,95897.26450929328
185.61,95895.60700020514
185.62,95898.03554653561
185.63,95900.9001101638
185.64000000000001,95899.58902580495
185.65,95902.78824910543
185.66,95902.26245383132
185.67000000000002,95904.29157278848
185.68,95903.70655025517
185.69,95904.38963492861
185.70000000000002,95903.70179633202
185.71,95905.17986008244
185.72,95906.07691545808
185.73,95906.73344323873
185.74,95906.71639778888
185.75,95908.19534121723
185.76,95908.81763840745
185.77,95907.90192521583
185.78,95908.0648753552
185.79,95909.60120986085
185.8,95911.41974615768
185.81,95910.6624541072
185.82,95910.97726097926
185.83,95911.93841209885
185.84,95912.66945134928
185.85,95913.44211217998
185.86,95917.38333903796
185.87,95914.10556570397
185.88,95914.05006474486
185.89000000000001,95915.39960290703
185.9,95916.20771466059
185.91,95916.78988435322
185.92000000000002,95918.6718269636
185.93,95918.58684047849
185.94,95920.27908147963
185.95000000000002,95921.0911627971
185.96,95920.6523831361
185.97,95922.23880285087
185.98,95922.69313546663
185.99,95923.66760907063
186.0,95922.95662110785
186.01,95924.31904223491
186.02,95924.37017364016
186.03,95924.62388719434
186.04,95924.90063374944
186.05,95925.86621371312
186.06,95926.62764808848
186.07,95926.86420982523
186.08,95929.39894595137
186.09,95930.26008207783
186.1,95931.02818180589
186.11,95930.78866721728
186.12,95932.85176887763
186.13,95933.92911779683
186.14000000000001,95934.26384596124
186.15,95930.69623366969
186.16,95935.7490557285
186.17000000000002,95934.12620047337
186.18,95935.22708761707
186.19,95936.83031032395
186.20000000000002,95935.3481839653
186.21,95937.07931173466
186.22,95938.0786003717
186.23,95939.03568680523
186.24,95940.02767922111
186.25,95940.4883326759
186.26,95941.84138163259
186.27,95940.20501675575
186.28,95940.4692640855
186.29,95943.21686497937
186.3,95944.69262938235
186.31,95943.08410516792
186.32,95944.17914453942
186.33,95946.29992341466
186.34,95945.08259915745
186.35,95944.613522988
186.36,95947.7518561155
186.37,95948.2811680632
186.38,95948.92342781334
186.39000000000001,95949.1924195428
186.4,95950.59863182214
186.41,95949.11238062843
186.42000000000002,95950.99806732908
186.43,95950.64483172943
186.44,95954.05466279744
186.45000000000002,95952.48749286894
186.46,95953.83249580282
186.47,95953.96335545558
186.48,95954.8508956251
186.49,95954.14774894148
186.5,95957.03226170139
186.51,95957.39879290166
186.52,95957.6154236163
186.53,95957.55580069363
186.54,95959.1364991182
186.55,95960.9250379071
186.56,95961.51577968054
186.57,95961.63254617107
186.58,95961.60089729459
186.59,95961.65730510917
186.6,95961.3178662534
186.61,95963.455663491
186.62,95963.12309341834
186.63,95966.21862741612
186.64000000000001,95965.25559773004
186.65,95967.23632031404
186.66,95966.94730662252
186.67000000000002,95967.56565232138
186.68,95967.06610053132
186.69,95967.7990286856
186.70000000000002,95969.27492136578
186.71,95969.38549413142
186.72,95971.0448737861
186.73,95969.83894574553
186.74,95970.99655887323
186.75,95971.05503160003
186.76,95972.56341490123
186.77,95973.29578641546
186.78,95974.12446247612
186.79,95974.80238363217
186.8,95976.04615588125
186.81,95977.04141637436
186.82,95979.59367349182
186.83,95978.2307438082
186.84,95978.70539158779
186.85,95978.66964745904
186.86,95979.00639210858
186.87,95980.58982561251
186.88,95979.95129067179
186.89000000000001,95979.43233424608
186.9,95984.02697837325
186.91,95982.55977252465
186.92000000000002,95984.3774244887
186.93,95984.25824170197
186.94,95982.6311378439
186.95000000000002,95984.72343185607
186.96,95987.68170426994
186.97,95986.3382639861
186.98,95986.63629296645
186.99,95989.21533656189
187.0,95989.06307152077
187.01,95989.1734303152
187.02,95989.3542075873
187.03,95991.77515134221
187.04,95992.07166804347
187.05,95991.68808962508
187.06,95992.24400560465
187.07,95991.44111891888
187.08,95992.75166807235
187.09,95993.87141001347
187.1,95995.66579022452
187.11,95996.2365529995
187.12,95994.82224185314
187.13,95994.89327326279
187.14000000000001,95997.56556025159
187.15,95998.33691308579
187.16,95997.67744671473
187.17000000000002,95999.8305720596
187.18,96001.30463857569
187.19,96001.09483010198
187.20000000000002,96000.4515168906
187.21,96000.94594481181
187.22,96004.29243660183
187.23,96004.20270792652
187.24,96005.23421142319
187.25,96005.5268119317
187.26,96005.3681814502
187.27,96004.84866756196
187.28,96008.3065935256
187.29,96006.43883767696
187.3,96008.07055318922
187.31,96009.56978834652
187.32,96009.05228325065
187.33,96011.28638747112
187.34,96011.7029225292
187.35,96011.61337072523
187.36,96010.53319308379
187.37,96012.07875688554
187.38,96011.8785361271
187.39000000000001,96014.6585588417
187.4,96014.14606285504
187.41,96015.63435257651
187.42000000000002,96015.37889221974
187.43,96016.67967426755
187.44,96017.34681741898
187.45000000000002,96016.67956130065
187.46,96017.93995572896
187.47,96018.72136583082
187.48,96020.27378294553
187.49,96021.40358135
187.5,96022.47502938859
187.51,96021.69244944764
187.52,96021.6474009466
187.53,96022.34131342362
187.54,96025.66369317725
187.55,96025.33775415312
187.56,96025.08131370407
187.57,96026.46680664753
187.58,96026.90454339383
187.59,96025.68692666515
187.6,96030.44453425842
187.61,96028.01375312333
187.62,96029.38478434112
187.63,96029.02757225554
187.64000000000001,96029.1404350082
187.65,96028.9244058555
187.66,96030.02142837812
187.67000000000002,96030.81379940361
187.68,96033.15730155521
187.69,96033.14396244529
187.70000000000002,96032.88348170667
187.71,96033.3689029829
187.72,96034.61640503288
187.73,96035.77374848218
187.74,96037.86683447393
187.75,96037.65714156497
187.76,96039.2945781342
187.77,96037.97675897619
187.78,96038.67394956152
187.79,96039.11967558213
187.8,96040.2435404736
187.81,96041.23148261734
187.82,96041.64318589256
187.83,96042.60202440107
187.84,96044.1552034967
187.85,96043.76278737045
187.86,96044.07656503045
187.87,96044.5011965407
187.88,96045.46395721445
187.89000000000001,96044.96224391654
187.9,96046.12108278112
187.91,96046.08621245147
187.92000000000002,96048.57286034318
187.93,96048.76787923765
187.94,96049.85424064666
187.95000000000002,96050.21100076352
187.96,96053.32370338951
187.97,96052.21506984472
187.98,96050.14204527199
187.99,96054.77072913988
188.0,96054.95775564158
188.01,96054.58966783965
188.02,96052.91260453204
188.03,96056.0611025561
188.04,96056.00451496
188.05,96057.0162102363
188.06,96057.90659666584
188.07,96057.57534012622
188.08,96057.25435761981
188.09,96058.54375790573
188.1,96057.94528664774
188.11,96062.78622924851
188.12,96060.36564403343
188.13,96061.73566264345
188.14000000000001,96061.87288763595
188.15,96064.46798017799
188.16,96062.11503345033
188.17000000000002,96062.22428395289
188.18,96063.88109921128
188.19,96064.12215271762
188.20000000000002,96065.25911098068
188.21,96067.68488343093
188.22,96066.58964650692
188.23,96067.79886264645
188.24,96069.19485885414
188.25,96070.16065643953
188.26,96069.40808512474
188.27,96069.66309651698
188.28,96069.28334295482
188.29,96072.1089209121
188.3,96071.46547891988
188.31,96072.45750388701
188.32,96073.70415596273
188.33,96075.07089902586
188.34,96074.7406903626
188.35,96077.50795291473
188.36,96074.9541307643
188.37,96078.29349374729
188.38,96078.7633112417
188.39000000000001,96078.15631302225
188.4,96078.20758178185
188.41,96078.78109271424
188.42000000000002,96081.30768771624
188.43,96081.48139080798
188.44,96080.76201587386
188.45000000000002,96082.47956503517
188.46,96082.99382352889
188.47,96084.06008549531
188.48,96085.24537560987
188.49,96086.27796639744
188.5,96086.92208425725
188.51,96086.18328704944
188.52,96086.9982927416
188.53,96088.12140093575
188.54,96090.01382197265
188.55,96089.82524995723
188.56,96089.85796801666
188.57,96090.16969612757
188.58,96088.76388109275
188.59,96093.14290647328
188.6,96091.6827151406
188.61,96093.19079361756
188.62,96092.38820243564
188.63,96094.26636993482
188.64000000000001,96094.85217044146
188.65,96095.67227028358
188.66,96093.65532624118
188.67000000000002,96097.42516634779
188.68,96095.7551666773
188.69,96097.89316281641
188.70000000000002,96098.33482830806
188.71,96099.67516161596
188.72,96099.77452481305
188.73,96100.40059667379
188.74,96101.9417250586
188.75,96102.75959673518
188.76,96103.15810687191
188.77,96101.03190685067
188.78,96104.07298237344
188.79,96101.94628491068
188.8,96104.62842448452
188.81,96105.48288338694
188.82,96106.91543766808
188.83,96106.12227589605
188.84,96108.49522039166
188.85,96109.08054760635
188.86,96107.47931214784
188.87,96109.45396565393
188.88,96108.8370110459
188.89000000000001,96111.59153607051
188.9,96111.51574196866
188.91,96112.70001355917
188.92000000000002,96111.06533822777
188.93,96112.26236570571
188.94,96113.47047154994
188.95000000000002,96114.53491481213
188.96,96116.15405502563
188.97,96115.70902541844
188.98,96115.95752966627
188.99,96117.41330414644
189.0,96118.12884084786
189.01,96117.43344369033
189.02,96118.3416047962
189.03,96121.35296236868
189.04,96120.13930129277
189.05,96121.53456258471
189.06,96121.52792964848
189.07,96121.25332655737
189.08,96122.69077830546
189.09,96122.57947463213
189.1,96124.43972375983
189.11,96124.19406890581
189.12,96126.29307357187
189.13,96126.15370092186
189.14000000000001,96127.93143828768
189.15,96128.728144757
189.16,96126.93561145698
189.17000000000002,96128.13219355197
189.18,96129.91209371561
189.19,96130.33759748428
189.20000000000002,96131.40423684289
189.21,96130.6048632036
189.22,96132.3447924641
189.23,96133.54500952204
189.24,96131.41099229502
189.25,96135.38471516341
189.26,96133.71370172294
189.27,96136.38575056788
189.28,96135.13401011017
189.29,96136.15249555634
189.3,96138.3704522892
189.31,96138.07131204077
189.32,96140.02561024015
189.33,96139.38287006902
189.34,96142.05072617426
189.35,96140.07441777506
189.36,96138.89995103399
189.37,96141.91607021348
189.38,96143.83980523807
189.39000000000001,96143.73100025658
189.4,96144.65124493645
189.41,96143.20551313361
189.42000000000002,96144.35887847233
189.43,96145.30790945911
189.44,96147.27445462688
189.45000000000002,96146.82549312225
189.46,96149.31428951872
189.47,96148.39696276572
189.48,96149.1020992935
189.49,96149.46548420154
189.5,96150.43738368018
189.51,96152.46385444902
189.52,96151.66137100606
189.53,96154.35619158963
189.54,96152.4994252385
189.55,96154.37477060212
189.56,96154.20408309065
189.57,96156.235366886
189.58,96156.9537809173
189.59,96155.38308070194
189.6,96158.37678296272
189.61,96158.11134394817
189.62,96158.88685787623
189.63,96159.28423225526
189.64000000000001,96158.82322346355
189.65,96160.09817713284
189.66,96161.69554444464
189.67000000000002,96161.65100256799
189.68,96163.38957662434
189.69,96163.05280181933
189.70000000000002,96163.31025118609
189.71,96164.91778904869
189.72,96163.81335172546
189.73,96166.33465424078
189.74,96168.51026387677
189.75,96168.14996304788
189.76,96168.82752103903
189.77,96167.14097360999
189.78,96166.46532516203
189.79,96168.02473248773
189.8,96169.80478826672
189.81,96171.82506221431
189.82,96170.67869203229
189.83,96170.30676923617
189.84,96170.9309746254
189.85,96174.74136336675
189.86,96174.65238314621
189.87,96175.59768560487
189.88,96177.28234072012
189.89000000000001,96175.70820228817
189.9,96176.94526606392
189.91,96177.13715334177
189.92000000000002,96178.93878563769
189.93,96177.3071108054
189.94,96179.58991345661
189.95000000000002,96179.12536226037
189.96,96180.19262442569
189.97,96180.78609062498
189.98,96181.32443269786
189.99,96184.17696968878
190.0,96181.74578416265
190.01,96181.0477241206
190.02,96183.84931060232
190.03,96182.51649290479
190.04,96184.73871616172
190.05,96185.84429121886
190.06,96185.53115562248
190.07,96187.83785888841
190.08,96188.241424095
190.09,96187.24899642162
190.1,96189.73391147626
190.11,96189.2821837867
190.12,96189.79395947624
190.13,96190.62513063115
190.14000000000001,96189.56565674726
190.15,96192.52770427933
190.16,96195.1968685506
190.17000000000002,96194.30442984268
190.18,96194.26793118243
190.19,96194.95702786537
190.20000000000002,96194.82719818484
190.21,96197.0551902899
190.22,96197.11895942324
190.23,96198.9549826212
190.24,96197.21818092425
190.25,96198.66839921246
190.26,96199.35283900877
190.27,96202.55253801333
190.28,96200.74343209094
190.29,96201.77653279951
190.3,96202.0302678493
190.31,96203.29264949707
190.32,96202.06760588718
190.33,96204.66648003933
190.34,96204.90763589162
190.35,96206.618436465
190.36,96206.13898350816
190.37,96205.7464233659
190.38,96208.76713772051
190.39000000000001,96207.14340232278
190.4,96208.24754696066
190.41,96210.06253154944
190.42000000000002,96209.58656764965
190.43,96211.98753747855
190.44,96211.31605934908
190.45000000000002,96213.21567472201
190.46,96213.09611686844
190.47,96214.12133196127
190.48,96214.81606992825
190.49,96215.5570127346
190.5,96214.80657099566
190.51,96217.50397129843
190.52,96217.60346359274
190.53,96219.23437876118
190.54,96219.4278557758
190.55,96218.1148888672
190.56,96218.56244185913
190.57,96218.6170100218
190.58,96220.41949609488
190.59,96220.81421012204
190.6,96222.05582525596
190.61,96223.24076833736
190.62,96223.38242190308
190.63,96223.31119610296
190.64000000000001,96227.23490359198
190.65,96225.81535728875
190.66,96227.20804757037
190.67000000000002,96227.30444110394
190.68,96228.7596914949
190.69,96227.48079547957
190.70000000000002,96228.6632363396
190.71,96227.01065253299
190.72,96229.60074556344
190.73,96230.76743264092
190.74,96232.26563240166
190.75,96231.70867301802
190.76,96231.59214967264
190.77,96231.78221778727
190.78,96232.16094408954
190.79,96234.5381487608
190.8,96234.94141584869
190.81,96235.29380382145
190.82,96233.2392942353
190.83,96237.78674513412
190.84,96235.35079099174
190.85,96237.64870600158
190.86,96238.14100145567
190.87,96238.87603183916
190.88,96241.3105546473
190.89000000000001,96241.16758540783
190.9,96240.9173086179
190.91,96242.60362400392
190.92000000000002,96241.7943607525
190.93,96242.72995205608
190.94,96245.32420453127
190.95000000000002,96244.38868784046
190.96,96243.12944109186
190.97,96246.94348766193
190.98,96245.6855566016
190.99,96247.19343812414
191.0,96246.86006580463
191.01,96247.97293844659
191.02,96248.6232966462
191.03,96249.37005685507
191.04,96250.07412775101
191.05,96251.97356960183
191.06,96252.36431233419
191.07,96252.18313238813
191.08,96252.40673364312
191.09,96253.98790070444
191.1,96253.12540473585
191.11,96254.3586056619
191.12,96254.43402519426
191.13,96254.838616956
191.14000000000001,96258.09585013124
191.15,96255.29194298091
191.16,96257.1465036304
191.17000000000002,96257.56919552936
191.18,96258.49342452292
191.19,96259.47564679127
191.20000000000002,96262.14174460822
191.21,96260.13251894437
191.22,96259.67538427433
191.23000000000002,96263.95681616972
191.24,96262.74379574115
191.25,96264.00499655206
191.26,96265.1543750784
191.27,96263.54993822674
191.28,96266.72057984215
191.29,96265.05505459988
191.3,96267.42566170807
191.31,96267.4829355632
191.32,96268.49923905487
191.33,96270.111389208
191.34,96268.29578093361
191.35,96270.85914821477
191.36,96271.34949648629
191.37,96272.0566115074
191.38,96271.94764764926
191.39000000000001,96274.061020674
191.4,96273.9090836216
191.41,96273.86535045257
191.42000000000002,96274.01052322406
191.43,96275.45990519835
191.44,96275.61097676064
191.45000000000002,96276.70114578573
191.46,96275.76858161068
191.47,96278.55941670258
191.48000000000002,96279.02150663029
191.49,96281.50112997576
191.5,96280.39333211901
191.51,96279.43070106904
191.52,96279.19585655817
191.53,96282.38322514032
191.54,96283.49226986823
191.55,96284.88358259982
191.56,96283.76620613811
191.57,96285.89179944221
191.58,96286.91468302273
191.59,96286.06939232028
191.6,96286.81023682437
191.61,96285.13269661789
191.62,96286.5502149986
191.63,96287.75295470773
191.64000000000001,96288.52132564878
191.65,96290.84442864517
191.66,96290.11669224165
191.67000000000002,96290.61293047098
191.68,96291.2298771087
191.69,96294.3711620208
191.70000000000002,96293.036700249
191.71,96292.32992797652
191.72,96295.40759782119
191.73000000000002,96295.64161717719
191.74,96295.82977715893
191.75,96297.83538535747
191.76,96298.41442345425
191.77,96298.5964872781
191.78,96298.52241206673
191.79,96298.71995244214
191.8,96298.2900262817
191.81,96300.20936683752
191.82,96299.75859085162
191.83,96300.0147313511
191.84,96300.44626629476
191.85,96303.35965513717
191.86,96303.74580220516
191.87,96303.68775024648
191.88,96301.81510052047
191.89000000000001,96306.41937649439
191.9,96304.62080169382
191.91,96306.77067455325
191.92000000000002,96306.83605098241
191.93,96307.64561965961
191.94,96310.08063117448
191.95000000000002,96309.17820117513
191.96,96309.84952365202
191.97,96309.96013855754
191.98000000000002,96313.2300057472
191.99,96311.48245476098
192.0,96312.58812717916
192.01,96314.67221210792
192.02,96315.12037967064
192.03,96314.40914861888
192.04,96315.0584559093
192.05,96315.81931399593
192.06,96317.31263983721
192.07,96314.29046072846
192.08,96318.64990526934
192.09,96318.4197023403
192.1,96319.71572710948
192.11,96318.95858346923
192.12,96319.1646158979
192.13,96321.38808877952
192.14000000000001,96320.30998049608
192.15,96320.89167234243
192.16,96323.29541221327
192.17000000000002,96323.18633058706
192.18,96323.86294692227
192.19,96324.73496154402
192.20000000000002,96325.24873218026
192.21,96327.73411990612
192.22,96327.05685978297
192.23000000000002,96326.90009743231
192.24,96327.2396968672
192.25,96328.28877650374
192.26,96328.43850738087
192.27,96330.91469737877
192.28,96330.70106952052
192.29,96330.71236477442
192.3,96331.4565757375
192.31,96332.11802445391
192.32,96332.43953546704
192.33,96334.22797667007
192.34,96334.05822292362
192.35,96334.91822406798
192.36,96335.42365760557
192.37,96337.04675072522
192.38,96335.8953439608
192.39000000000001,96337.96424978817
192.4,96338.77825038641
192.41,96338.00504585373
192.42000000000002,96340.25734628127
192.43,96340.90475733337
192.44,96340.60847236104
192.45000000000002,96342.25243827347
192.46,96341.63643527798
192.47,96343.92335281755
192.48000000000002,96341.67022275123
192.49,96345.94538072255
192.5,96345.45425809825
192.51,96344.53749941649
192.52,96346.61010495479
192.53,96347.55676198044
192.54,96347.34983052722
192.55,96346.61650958078
192.56,96348.14042740791
192.57,96349.22718799057
192.58,96351.29058333777
192.59,96351.01828087162
192.6,96351.93864503047
192.61,96351.70110978195
192.62,96351.89743558291
192.63,96352.74192171617
192.64000000000001,96355.23656939124
192.65,96354.56500782835
192.66,96355.01391159194
192.67000000000002,96355.65788223653
192.68,96357.6418784428
192.69,96355.95183431472
192.70000000000002,96356.81734817405
192.71,96357.8398232212
192.72,96359.67325184979
192.73000000000002,96358.43722185784
192.74,96360.09589192644
192.75,96360.48144140448
192.76,96363.18680674444
192.77,96361.02145459213
192.78,96361.042623382
192.79,96363.69359810569
192.8,96363.61580565009
192.81,96365.01730629959
192.82,96364.38560771446
192.83,96366.64838315915
192.84,96364.6987178885
192.85,96368.76178069586
192.86,96368.53833845012
192.87,96367.66065402387
192.88,96368.27841647806
192.89000000000001,96369.7830469833
192.9,96371.20913974903
192.91,96370.03206961094
192.92000000000002,96373.57025647679
192.93,96374.19933963996
192.94,96374.68220134667
192.95000000000002,96374.05096234797
192.96,96375.1071189289
192.97,96375.48729076596
192.98000000000002,96376.44767059547
192.99,96377.36498973885
193.0,96377.0119826091
193.01,96376.92074167488
193.02,96376.75854900555
193.03,96379.49707895676
193.04,96380.4685252706
193.05,96382.52674922359
193.06,96380.16558079235
193.07,96380.83325831396
193.08,96382.39936963005
193.09,96382.75464875903
193.1,96383.49116764932
193.11,96383.75884314826
193.12,96385.22367622917
193.13,96384.19715227457
193.14000000000001,96386.07164706683
193.15,96388.14869370022
193.16,96388.39319803531
193.17000000000002,96387.64086240923
193.18,96388.18093614325
193.19,96388.64661924026
193.20000000000002,96389.61555784769
193.21,96391.35104731868
193.22,96392.21193179335
193.23000000000002,96391.40811211958
193.24,96392.38303117818
193.25,96392.93129454053
193.26,96393.43276615812
193.27,96394.96312199802
193.28,96393.83611745812
193.29,96396.26732363383
193.3,96396.58405771526
193.31,96396.23845730367
193.32,96398.33721130235
193.33,96398.32553342007
193.34,96398.82458492725
193.35,96399.72268081635
193.36,96401.19478421504
193.37,96399.62670467544
193.38,96401.5556234846
193.39000000000001,96400.40730713436
193.4,96403.82339585347
193.41,96402.0989975462
193.42000000000002,96405.35606651999
193.43,96405.00134782569
193.44,96406.57206256807
193.45000000000002,96405.68062323132
193.46,96406.18287040506
193.47,96405.1822063168
193.48000000000002,96406.85388788757
193.49,96409.4729905482
193.5,96410.3557009687
193.51,96410.07470695316
193.52,96411.69723385687
193.53,96412.33737800716
193.54,96410.99012800417
193.55,96411.32632563668
193.56,96415.46545773248
193.57,96414.8902466076
193.58,96413.87842314345
193.59,96414.70996896518
193.6,96416.91690971353
193.61,96417.68729639
193.62,96418.92091362408
193.63,96418.4421734698
193.64000000000001,96419.31680050307
193.65,96418.91183968095
193.66,96421.21829037325
193.67000000000002,96419.51248954747
193.68,96421.74863182264
193.69,96423.09390744225
193.70000000000002,96422.77157340002
193.71,96424.55111254656
193.72,96423.87851524298
193.73000000000002,96424.03136293498
193.74,96423.9682327029
193.75,96425.82626050216
193.76,96425.26702000064
193.77,96426.34680273956
193.78,96427.7865770381
193.79,96429.71726506241
193.8,96429.94689558592
193.81,96429.72839645545
193.82,96431.3317514856
193.83,96430.44081902676
193.84,96432.39483994507
193.85,96432.4830206207
193.86,96432.6536066131
193.87,96434.05088916801
193.88,96434.67959983835
193.89000000000001,96434.26873338563
193.9,96437.00604116768
193.91,96437.7425274285
193.92000000000002,96436.85984222892
193.93,96438.11472803977
193.94,96440.73480867458
193.95000000000002,96437.93743746824
193.96,96439.23819076715
193.97,96439.19075333736
193.98000000000002,96440.73811729348
193.99,96441.88461619656
194.0,96441.38747736973
194.01,96442.3063288955
194.02,96442.95778928387
194.03,96443.27132377011
194.04,96447.62717123574
194.05,96445.06672363823
194.06,96445.27613198625
194.07,96446.5497355373
194.08,96446.85633105713
194.09,96447.372188604
194.1,96447.70320050257
194.11,96449.3184284628
194.12,96448.38932377813
