time_s,barometer_v1
0.0,96453.54835105537
0.01,96454.22919638117
0.02,96453.86263866842
0.03,96453.89837085073
0.04,96453.72638964797
0.05,96453.8878977057
0.06,96453.63154755888
0.07,96452.52572102554
0.08,96452.86864152108
0.09,96451.74001989921
0.1,96453.78234297983
0.11,96449.91304148408
0.12,96449.08261278245
0.13,96447.72235805327
0.14,96448.70026864817
0.15,96444.22964248493
0.16,96444.82429821033
0.17,96440.99450363411
0.18,96441.92954819094
0.19,96439.62463292066
0.2,96437.09194231224
0.21,96435.44810824493
0.22,96433.669320324
0.23,96433.10263582453
0.24,96430.78441525249
0.25,96428.08335075897
0.26,96423.90400372472
0.27,96421.85032945387
0.28,96420.26729952767
0.29,96416.08197873969
0.3,96412.55472775661
0.31,96410.14197398267
0.32,96404.43638818311
0.33,96402.9128414058
0.34,96400.7593046372
0.35000000000000003,96395.01880771562
0.36,96393.68416809436
0.37,96389.7527261816
0.38,96385.68697723179
0.39,96382.36182467132
0.4,96377.50271737778
0.41000000000000003,96374.4120935253
0.42,96369.28274165485
0.43,96366.47131174916
0.44,96359.90062575258
0.45,96355.56678834454
0.46,96350.14023934558
0.47000000000000003,96346.47786188003
0.48,96343.16319368294
0.49,96337.30764854013
0.5,96332.11200613293
0.51,96325.64433864992
0.52,96321.08375133554
0.53,96315.41779038607
0.54,96309.0667526186
0.55,96302.74966015982
0.56,96296.67141935242
0.5700000000000001,96292.61304120945
0.58,96285.27999263933
0.59,96280.3064430707
0.6,96274.792050165
0.61,96267.26215691416
0.62,96261.9530058854
0.63,96253.99262462335
0.64,96248.8691267171
0.65,96241.04800553872
0.66,96232.24934933803
0.67,96226.07407038614
0.68,96216.75536732086
0.6900000000000001,96211.66089214719
0.7000000000000001,96203.48953405698
0.71,96196.01035656096
0.72,96187.56388413683
0.73,96180.84783862095
0.74,96172.3104652767
0.75,96163.75892881137
0.76,96155.84972440498
0.77,96148.30195311274
0.78,96140.51649618025
0.79,96132.68950149558
0.8,96123.19184263948
0.81,96114.80698168697
0.8200000000000001,96105.80407380438
0.8300000000000001,96095.9493324186
0.84,96087.31018434203
0.85,96078.92951606645
0.86,96068.36273345994
0.87,96058.42917830127
0.88,96046.51596681448
0.89,96039.274397979
0.9,96029.91167356384
0.91,96018.81665327499
0.92,96007.90199705087
0.93,95999.08856925216
0.9400000000000001,95988.3413228715
0.9500000000000001,95977.83517843919
0.96,95966.30941056304
0.97,95956.34661467992
0.98,95945.28586156783
0.99,95933.38681255389
1.0,95924.57942579206
1.01,95912.11803007191
1.02,95898.55241692308
1.03,95887.48202938034
1.04,95875.01677635557
1.05,95864.55926270885
1.06,95853.36242549492
1.07,95841.17280309311
1.08,95828.86928633506
1.09,95816.13783171425
1.1,95805.43776542712
1.11,95793.13852486758
1.12,95778.30838228785
1.1300000000000001,95767.9217102835
1.1400000000000001,95754.63225355255
1.1500000000000001,95740.17102722355
1.16,95726.69650298094
1.17,95711.3793493531
1.18,95701.48642015365
1.19,95685.80576407722
1.2,95672.84739954319
1.21,95658.32122699493
1.22,95646.1873865452
1.23,95630.73081139788
1.24,95618.46783297007
1.25,95602.0603170754
1.26,95587.98222605209
1.27,95572.20545293753
1.28,95558.01002876076
1.29,95541.96528261488
1.3,95529.5823940445
1.31,95513.93160227458
1.32,95498.45828727883
1.33,95483.94738934247
1.34,95467.63791233105
1.35,95451.50859942749
1.36,95435.76251258737
1.37,95419.47390038423
1.3800000000000001,95405.13034944341
1.3900000000000001,95386.8551160728
1.4000000000000001,95372.2865318177
1.41,95354.52067490004
1.42,95337.73406615805
1.43,95321.7235659539
1.44,95304.9652564277
1.45,95287.59026341206
1.46,95273.38694136331
1.47,95254.41485879716
1.48,95237.04063244998
1.49,95219.93595742136
1.5,95202.50476058826
1.51,95184.5460548611
1.52,95165.921464289
1.53,95147.41051723102
1.54,95129.49890902199
1.55,95111.75175923505
1.56,95093.25907139794
1.57,95074.54595589949
1.58,95057.73724563031
1.59,95037.54162931547
1.6,95018.46439934285
1.61,94999.78481679829
1.62,94981.27489783076
1.6300000000000001,94962.55854675893
1.6400000000000001,94941.66324150431
1.6500000000000001,94920.9546252166
1.6600000000000001,94902.57736676528
1.67,94882.76066844047
1.68,94863.97957352613
1.69,94841.08718931407
1.7,94822.32790365092
1.71,94802.52673685344
1.72,94783.39678295547
1.73,94760.68607043583
1.74,94741.4183967742
1.75,94719.04284580807
1.76,94698.536877628
1.77,94680.58871202901
1.78,94656.49046534074
1.79,94635.24181848356
1.8,94613.77128967433
1.81,94592.14678351788
1.82,94573.36054811493
1.83,94549.36838206708
1.84,94527.83678175259
1.85,94506.92383634561
1.86,94485.46355259929
1.87,94462.12449266759
1.8800000000000001,94438.71214644352
1.8900000000000001,94418.50828654776
1.9000000000000001,94394.7355694154
1.9100000000000001,94371.9153441465
1.92,94347.60127132568
1.93,94325.3923512187
1.94,94301.96739828977
1.95,94278.43110189469
1.96,94255.11031332178
1.97,94230.6791995711
1.98,94209.88259470947
1.99,94184.53165905627
2.0,94160.7761158925
2.0100000000000002,94136.90891817962
2.02,94112.89815902356
2.0300000000000002,94089.40767094336
2.04,94065.70099963834
2.05,94040.68392947005
2.06,94016.66808274743
2.07,93992.65826420029
2.08,93966.76011428944
2.09,93940.95059338676
2.1,93917.3253650015
2.11,93892.56701629689
2.12,93870.49811228446
2.13,93843.99951963853
2.14,93816.652432084
2.15,93790.40847629767
2.16,93766.28198710595
2.17,93740.7359329423
2.18,93715.28324529243
2.19,93688.60870179189
2.2,93660.72172258272
2.21,93636.34808475626
2.22,93610.1275441484
2.23,93584.43674922704
2.24,93558.44645919466
2.25,93532.22878676756
2.2600000000000002,93504.70566389398
2.27,93478.54803364843
2.2800000000000002,93451.55808267844
2.29,93424.76325409887
2.3000000000000003,93395.42483006141
2.31,93369.09958743575
2.32,93344.02231852572
2.33,93316.34771104158
2.34,93287.99792257352
2.35,93261.36971188035
2.36,93234.21867210604
2.37,93206.3408060542
2.38,93179.33344630971
2.39,93149.95070108766
2.4,93123.39161115052
2.41,93096.1706232911
2.42,93066.01827063703
2.43,93038.73224322966
2.44,93012.54018647157
2.45,92981.86742236478
2.46,92953.2547071871
2.47,92924.99821049551
2.48,92899.05746379575
2.49,92869.67741256878
2.5,92839.85975126183
2.5100000000000002,92812.48274954766
2.52,92782.88470764195
2.5300000000000002,92755.18582185781
2.54,92728.02119578821
2.5500000000000003,92698.98098241205
2.56,92669.64725990221
2.57,92639.968768473
2.58,92609.48503856492
2.59,92580.72726093643
2.6,92552.83949189752
2.61,92521.20535095234
2.62,92495.41063993823
2.63,92466.98055911911
2.64,92437.89839567125
2.65,92408.74595850357
2.66,92379.77414115632
2.67,92351.43551237514
2.68,92320.71230632595
2.69,92292.6504713796
2.7,92263.42105779648
2.71,92236.76012168397
2.72,92205.57606027396
2.73,92175.52458808002
2.74,92147.80798537837
2.75,92117.0292433438
2.7600000000000002,92088.38030511113
2.77,92056.77139988776
2.7800000000000002,92028.14433666895
2.79,91999.28962315105
2.8000000000000003,91971.49957370554
2.81,91940.58901835661
2.82,91910.85865864524
2.83,91880.83320140086
2.84,91853.0296952564
2.85,91822.76379549401
2.86,91791.93910749741
2.87,91762.43733209973
2.88,91734.17871634554
2.89,91702.79262616253
2.9,91675.19013942644
2.91,91645.20190567191
2.92,91614.54228278284
2.93,91584.77605552909
2.94,91554.62378013234
2.95,91526.86943546947
2.96,91497.11441802456
2.97,91466.09684531116
2.98,91434.58086580865
2.99,91406.08952404463
3.0,91377.93984816613
3.0100000000000002,91346.44552708762
3.02,91315.86707141247
3.0300000000000002,91288.16069006563
3.04,91258.57394586712
3.0500000000000003,91226.67806992734
3.06,91197.39842995661
3.0700000000000003,91167.64390786488
3.08,91136.4874828265
3.09,91106.96374205648
3.1,91078.02136070533
3.11,91047.10622573519
3.12,91016.79875001262
3.13,90986.52425593174
3.14,90956.26014311412
3.15,90925.31823888449
3.16,90896.17209490873
3.17,90867.46310530152
3.18,90834.90224417216
3.19,90806.59982839046
3.2,90775.53940622685
3.21,90745.58444942103
3.22,90717.42429494481
3.23,90684.45778383028
3.24,90655.60107370946
3.25,90624.87352460918
3.2600000000000002,90594.87500523984
3.27,90563.23531742682
3.2800000000000002,90533.90099009659
3.29,90504.84584326521
3.3000000000000003,90473.88336081324
3.31,90442.98461214064
3.3200000000000003,90411.4187925513
3.33,90382.59434171143
3.34,90352.24981352437
3.35,90323.28794503449
3.36,90292.75514768287
3.37,90262.00668988752
3.38,90231.34329416048
3.39,90201.64284790342
3.4,90171.15692999733
3.41,90140.9396676842
3.42,90110.02336127323
3.43,90079.1618198107
3.44,90050.30825375963
3.45,90018.46657591328
3.46,89988.64586248927
3.47,89958.30477168992
3.48,89927.79033285673
3.49,89897.90218090607
3.5,89867.88386085174
3.5100000000000002,89837.41234912178
3.52,89808.02870437973
3.5300000000000002,89777.6101803528
3.54,89747.13911433402
3.5500000000000003,89716.90304139684
3.56,89686.88751435404
3.5700000000000003,89657.38126813796
3.58,89628.67445557447
3.59,89597.02576448795
3.6,89567.71402772557
3.61,89536.7741063286
3.62,89506.48558063885
3.63,89479.4282638742
3.64,89447.63057741828
3.65,89417.35770791382
3.66,89386.56765031927
3.67,89357.76734387779
3.68,89328.21867129942
3.69,89297.75018013096
3.7,89267.66843947554
3.71,89238.26531361394
3.72,89209.05305853086
3.73,89179.74898717974
3.74,89151.66492807903
3.75,89119.95974713258
3.7600000000000002,89089.97032652143
3.77,89060.9704003107
3.7800000000000002,89031.16688649426
3.79,89002.08745381991
3.8000000000000003,88970.48888193845
3.81,88944.92155864408
3.8200000000000003,88916.35683553318
3.83,88886.79843027372
3.84,88856.79983270232
3.85,88826.98643264618
3.86,88796.20305722377
3.87,88767.36215172517
3.88,88738.48390951725
3.89,88711.64384204756
3.9,88680.58202902776
3.91,88651.18499539669
3.92,88619.87891254378
3.93,88593.40199815
3.94,88564.46567469163
3.95,88535.51093832485
3.96,88505.72797022064
3.97,88477.64111219818
3.98,88450.34660167168
3.99,88420.11601560388
4.0,88392.45220731146
4.01,88364.20062661963
4.0200000000000005,88335.2654448813
4.03,88305.80194717376
4.04,88279.61561317819
4.05,88248.02825079659
4.0600000000000005,88220.16485088867
4.07,88193.49575100387
4.08,88163.52571790967
4.09,88136.1455285994
4.1,88107.93990182506
4.11,88078.904532847
4.12,88050.25109115684
4.13,88023.5883672159
4.14,87995.04366433976
4.15,87965.23448826079
4.16,87939.52902449902
4.17,87910.25401820941
4.18,87880.34629328258
4.19,87854.26617069662
4.2,87825.78751634013
4.21,87799.6401377271
4.22,87769.16288890042
4.23,87741.10901030115
4.24,87714.4596285343
4.25,87688.05802589393
4.26,87660.07488410221
4.2700000000000005,87630.97903513095
4.28,87604.58928091312
4.29,87574.85417337743
4.3,87549.21118780135
4.3100000000000005,87519.01269279078
4.32,87492.4630853247
4.33,87465.70061442717
4.34,87439.08287313065
4.3500000000000005,87410.39905408148
4.36,87380.6669662262
4.37,87353.3297731638
4.38,87328.25863174615
4.39,87301.26908541267
4.4,87273.04191194406
4.41,87245.58048793113
4.42,87218.64527169356
4.43,87191.79645477569
4.44,87162.33714059723
4.45,87138.68439114472
4.46,87108.83907099761
4.47,87082.27386252064
4.48,87055.61276112545
4.49,87027.80631286434
4.5,87001.00082809293
4.51,86974.8541822606
4.5200000000000005,86946.33787130516
4.53,86920.01064809445
4.54,86893.31499410744
4.55,86866.45749638828
4.5600000000000005,86839.3871229836
4.57,86811.87687269658
4.58,86785.23716526384
4.59,86760.08626680139
4.6000000000000005,86733.52465380459
4.61,86704.58747185487
4.62,86680.58563451545
4.63,86653.32456991385
4.64,86625.57145713938
4.65,86600.25707028895
4.66,86573.57019075305
4.67,86547.19369894773
4.68,86519.13157833877
4.69,86492.29097644152
4.7,86466.89992074492
4.71,86440.65952837496
4.72,86415.15813448417
4.73,86388.8969455875
4.74,86359.78262441303
4.75,86334.61364449066
4.76,86309.73520839147
4.7700000000000005,86283.15606400021
4.78,86257.00368314145
4.79,86231.09153412747
4.8,86204.39485798091
4.8100000000000005,86180.23491471264
4.82,86152.11589251534
4.83,86126.97091651536
4.84,86101.05144126693
4.8500000000000005,86075.16751807314
4.86,86047.69935072912
4.87,86023.2467453561
4.88,85997.77256993568
4.89,85970.54399867642
4.9,85944.28949562229
4.91,85918.91884331065
4.92,85894.28144008074
4.93,85869.5888612412
4.94,85842.9194002753
4.95,85817.26700284342
4.96,85792.3300771606
4.97,85767.26645178978
4.98,85740.34820708958
4.99,85714.9957276256
5.0,85690.43852639302
5.01,85662.93648520041
5.0200000000000005,85639.20107889027
5.03,85611.74471091486
5.04,85588.5639533716
5.05,85561.401179177
5.0600000000000005,85536.6249895682
5.07,85510.11450360429
5.08,85486.60849006531
5.09,85460.9878850773
5.1000000000000005,85434.47006030004
5.11,85408.45005012133
5.12,85385.76915940359
5.13,85359.87295709387
5.14,85335.45991005379
5.15,85308.66053652197
5.16,85283.06709004226
5.17,85260.25707602907
5.18,85235.11757375249
5.19,85208.45082822979
5.2,85184.76065062995
5.21,85160.4336655322
5.22,85133.61690126425
5.23,85110.86535328961
5.24,85084.78446002156
5.25,85059.78582065285
5.26,85035.20575391265
5.2700000000000005,85010.69979611482
5.28,84986.1916036789
5.29,84960.61643304581
5.3,84935.74555550556
5.3100000000000005,84911.24022511757
5.32,84886.88667375334
5.33,84863.51049325267
5.34,84837.14926850902
5.3500000000000005,84815.74155213956
5.36,84788.41608606106
5.37,84766.09745906509
5.38,84742.22100307619
5.39,84717.655074527
5.4,84691.63899829396
5.41,84667.16506202894
5.42,84643.95478255276
5.43,84618.04643879125
5.44,84595.22592891112
5.45,84571.3487503404
5.46,84546.38519803953
5.47,84521.33505956382
5.48,84498.8383465673
5.49,84473.55536965546
5.5,84449.79080145196
5.51,84425.47784256029
5.5200000000000005,84402.29152521162
5.53,84375.92612682823
5.54,84354.23016259975
5.55,84329.02834890962
5.5600000000000005,84305.83436413648
5.57,84282.37375264101
5.58,84256.76416553049
5.59,84234.04634783555
5.6000000000000005,84210.01113052721
5.61,84184.95991499616
5.62,84160.1602086173
5.63,84137.4478437395
5.64,84112.54413423946
5.65,84090.93003306616
5.66,84065.51004620384
5.67,84042.6326857469
5.68,84017.55637079194
5.69,83995.54451512759
5.7,83968.67541369505
5.71,83948.73897249809
5.72,83924.1431682312
5.73,83899.94818738458
5.74,83876.73162315835
5.75,83854.0460716303
5.76,83831.51079727725
5.7700000000000005,83807.57890940427
5.78,83781.93809121649
5.79,83759.99862484499
5.8,83737.13953203025
5.8100000000000005,83713.38454406348
5.82,83691.49843532259
5.83,83667.82544098941
5.84,83643.43483907057
5.8500000000000005,83619.15551091552
5.86,83597.62442890319
5.87,83573.13228633135
5.88,83552.2731862272
5.89,83529.37052165017
5.9,83504.89272801082
5.91,83482.34030656109
5.92,83459.91659660968
5.93,83435.42398421698
5.94,83411.3603185359
5.95,83390.84283448092
5.96,83367.2847766153
5.97,83345.01449119636
5.98,83319.21841739501
5.99,83297.70238259688
6.0,83275.35664557178
6.01,83252.43213209251
6.0200000000000005,83230.65849720238
6.03,83205.73837959037
6.04,83183.42592969368
6.05,83159.49503359164
6.0600000000000005,83138.88084353459
6.07,83114.42318607678
6.08,83092.6912861083
6.09,83071.99171670269
6.1000000000000005,83048.05102043452
6.11,83026.73752648989
6.12,83001.79389271564
6.13,82981.46509821696
6.140000000000001,82955.13429599724
6.15,82935.37255664
6.16,82912.21272064408
6.17,82892.69173298196
6.18,82867.42502294647
6.19,82844.42066789132
6.2,82822.2443878821
6.21,82799.19851900252
6.22,82777.04317978611
6.23,82755.9625755928
6.24,82731.60013717067
6.25,82711.31567544787
6.26,82687.71563136422
6.2700000000000005,82665.2725585348
6.28,82643.7247590636
6.29,82620.24294146054
6.3,82599.50650870074
6.3100000000000005,82577.823801396
6.32,82556.96039872202
6.33,82532.2263401844
6.34,82511.65203933444
6.3500000000000005,82488.51266092363
6.36,82468.14520811875
6.37,82446.61548715037
6.38,82423.65378721758
6.390000000000001,82401.99138066612
6.4,82380.51406180894
6.41,82359.76541367815
6.42,82336.73433512193
6.43,82313.50518791043
6.44,82291.27678109733
6.45,82272.09647526722
6.46,82248.01259726327
6.47,82226.08461393673
6.48,82204.73561559363
6.49,82181.00810437281
6.5,82162.48317117678
6.51,82139.89119345033
6.5200000000000005,82118.78375648936
6.53,82097.39553863075
6.54,82073.89435439897
6.55,82054.67718957092
6.5600000000000005,82034.32476937892
6.57,82010.12159147525
6.58,81987.89972932744
6.59,81967.35261208197
6.6000000000000005,81946.47225867886
6.61,81923.93158300343
6.62,81902.91597412438
6.63,81879.94936155026
6.640000000000001,81859.01456223056
6.65,81836.59145632258
6.66,81818.93134152927
6.67,81794.78284890807
6.68,81773.90054691072
6.69,81753.30908223879
6.7,81730.76882838515
6.71,81711.20081187667
6.72,81689.83008418241
6.73,81667.16302644191
6.74,81647.60562517717
6.75,81626.28121240587
6.76,81605.77307490374
6.7700000000000005,81584.34572933229
6.78,81563.5446530591
6.79,81542.20301128473
6.8,81519.15078239025
6.8100000000000005,81499.33406662803
6.82,81479.9287512469
6.83,81458.26569327187
6.84,81436.45316196584
6.8500000000000005,81417.1871480673
6.86,81394.54552468397
6.87,81375.58691248567
6.88,81353.39607354156
6.890000000000001,81331.85339510204
6.9,81311.05736975938
6.91,81290.28108959457
6.92,81270.09089401088
6.93,81250.74006370647
6.94,81229.36584812829
6.95,81209.47093347792
6.96,81186.86492812038
6.97,81167.69115290925
6.98,81146.15588570805
6.99,81124.49931482544
7.0,81105.1904140567
7.01,81083.89398628566
7.0200000000000005,81061.86796586818
7.03,81041.29244978426
7.04,81022.15087805128
7.05,81001.52916945786
7.0600000000000005,80980.04405239115
7.07,80960.458496523
7.08,80941.41867619425
7.09,80920.85813413102
7.1000000000000005,80900.40671663509
7.11,80878.82037348064
7.12,80857.69266407764
7.13,80840.25495049547
7.140000000000001,80818.86995281342
7.15,80799.18363426431
7.16,80776.79109934901
7.17,80757.79176576227
7.18,80739.17827133377
7.19,80717.51037336522
7.2,80696.75197213428
7.21,80676.32191411148
7.22,80655.29422459567
7.23,80636.36185017847
7.24,80616.24058095536
7.25,80596.01448106005
7.26,80576.61894814688
7.2700000000000005,80556.6562017922
7.28,80537.61452000044
7.29,80515.78335426467
7.3,80495.3948781492
7.3100000000000005,80476.6672757899
7.32,80456.84015597578
7.33,80437.63885448492
7.34,80417.21600766173
7.3500000000000005,80397.7507445759
7.36,80376.34707371064
7.37,80358.21063552232
7.38,80337.05881850654
7.390000000000001,80318.4581637503
7.4,80297.64108254443
7.41,80278.4632841493
7.42,80256.53889918551
7.43,80238.44836245263
7.44,80220.47988743907
7.45,80198.71324579464
7.46,80181.43955237517
7.47,80157.82822422107
7.48,80141.43436743542
7.49,80121.4148498019
7.5,80103.19067121464
7.51,80082.07047712791
7.5200000000000005,80060.69082397629
7.53,80042.90212108442
7.54,80024.09082172351
7.55,80004.11968454291
7.5600000000000005,79985.87183837882
7.57,79964.20438706811
7.58,79945.50758105915
7.59,79925.52308461763
7.6000000000000005,79906.13330718219
7.61,79887.72807723857
7.62,79869.77918122496
7.63,79849.72147581603
7.640000000000001,79831.43490822158
7.65,79811.90358752504
7.66,79791.4663730977
7.67,79771.8874958973
7.68,79753.09093614406
7.69,79734.83968987559
7.7,79714.58067617124
7.71,79693.94517392507
7.72,79677.9877618665
7.73,79656.74994090386
7.74,79635.24735837012
7.75,79619.92915654322
7.76,79600.36502131428
7.7700000000000005,79580.82630702475
7.78,79562.49560808232
7.79,79543.18851002994
7.8,79523.7416598976
7.8100000000000005,79504.86820920768
7.82,79485.48096583666
7.83,79468.54051026278
7.84,79449.20910437449
7.8500000000000005,79427.78623828544
7.86,79410.13564039057
7.87,79393.18932464796
7.88,79373.59495275868
7.890000000000001,79353.11556227716
7.9,79336.47814274457
7.91,79315.17036327804
7.92,79298.12778200237
7.930000000000001,79278.7252452903
7.94,79259.3275955565
7.95,79240.99593717672
7.96,79222.90819606105
7.97,79204.39323991475
7.98,79188.07757226376
7.99,79166.78133941222
8.0,79147.59320548178
8.01,79128.6878111305
8.02,79110.22854890414
8.03,79092.5699213482
8.040000000000001,79074.6676325376
8.05,79057.23387404614
8.06,79035.8025530317
8.07,79018.67272974846
8.08,79001.21567861312
8.09,78984.30640939897
8.1,78963.42851765144
8.11,78944.83484465012
8.120000000000001,78925.2680085112
8.13,78907.41585609411
8.14,78888.0649978316
8.15,78873.20544787169
8.16,78852.69847959092
8.17,78836.37406496899
8.18,78817.1942971019
8.19,78798.77719218477
8.2,78778.73911512244
8.21,78761.56973544075
8.22,78746.19562174124
8.23,78725.99543949249
8.24,78710.76052220762
8.25,78689.96053658955
8.26,78673.37989224418
8.27,78654.24466776905
8.28,78635.27039246689
8.290000000000001,78617.7628632705
8.3,78599.12748933297
8.31,78581.32105074922
8.32,78563.23687548074
8.33,78546.97671972043
8.34,78526.33632105439
8.35,78508.42421911548
8.36,78492.53588053802
8.370000000000001,78472.68101954277
8.38,78456.63770038281
8.39,78438.74084544688
8.4,78420.53929788877
8.41,78403.01895391912
8.42,78386.5911983711
8.43,78367.99437681657
8.44,78350.08423767744
8.45,78332.63340588241
8.46,78315.29325513163
8.47,78296.81673049754
8.48,78279.76898855745
8.49,78260.88632677755
8.5,78245.24652816866
8.51,78226.99825636584
8.52,78209.21612531315
8.53,78191.85744893993
8.540000000000001,78173.79961066919
8.55,78155.36449302996
8.56,78138.5588607958
8.57,78120.55232408432
8.58,78103.1185743092
8.59,78085.51115185946
8.6,78068.10128702571
8.61,78048.66628126294
8.620000000000001,78032.452297754
8.63,78014.30482388263
8.64,77997.46523432339
8.65,77980.21586050425
8.66,77963.46798509413
8.67,77946.40798458252
8.68,77929.18238766154
8.69,77912.6855288387
8.700000000000001,77896.08447097917
8.71,77877.87442231634
8.72,77860.06296092784
8.73,77842.20009097205
8.74,77825.48916756372
8.75,77809.22184883498
8.76,77793.25844473687
8.77,77772.71699780443
8.78,77757.33059768345
8.790000000000001,77739.77543037261
8.8,77721.07762031672
8.81,77706.4170071194
8.82,77689.14830374012
8.83,77672.7665062046
8.84,77656.43252777492
8.85,77636.86022137156
8.86,77620.11252741287
8.870000000000001,77603.07323675373
8.88,77585.65059947215
8.89,77568.7313766403
8.9,77553.41121209013
8.91,77536.43684513394
8.92,77517.94074905565
8.93,77503.2639379519
8.94,77484.38223607336
8.950000000000001,77466.79991407499
8.96,77451.11397108878
8.97,77434.74964343458
8.98,77416.36014956556
8.99,77400.27545204046
9.0,77385.98229425946
9.01,77366.83726671108
9.02,77348.82083865783
9.03,77333.99596923056
9.040000000000001,77316.25952581485
9.05,77300.72255908947
9.06,77284.6955798208
9.07,77267.29360886422
9.08,77251.82356405017
9.09,77232.76797808109
9.1,77216.59629585173
9.11,77198.90996964856
9.120000000000001,77183.89026388233
9.13,77167.05571461181
9.14,77150.5143615645
9.15,77135.5281964982
9.16,77116.31431312964
9.17,77100.22270929492
9.18,77084.66087495862
9.19,77068.49467458023
9.200000000000001,77054.14663020591
9.21,77035.92341984723
9.22,77019.01597740583
9.23,77001.7329159409
9.24,76986.2546585859
9.25,76969.19662611336
9.26,76953.40154572281
9.27,76938.57368199513
9.28,76920.962146112
9.290000000000001,76906.10325520636
9.3,76888.07890801116
9.31,76873.0601298591
9.32,76856.37157344134
9.33,76840.02931620453
9.34,76823.26379082688
9.35,76806.76290315413
9.36,76791.41972106698
9.370000000000001,76776.68258453447
9.38,76760.59223810071
9.39,76742.35097486601
9.4,76727.55566348568
9.41,76710.81442162876
9.42,76693.95163012415
9.43,76678.36898527243
9.44,76662.72504920032
9.450000000000001,76647.85552776155
9.46,76630.40924229268
9.47,76614.59696560286
9.48,76599.38031446375
9.49,76583.7550938613
9.5,76567.48134031204
9.51,76550.81189226305
9.52,76536.07108885866
9.53,76520.94747522153
9.540000000000001,76505.19263241353
9.55,76487.58212250692
9.56,76472.08661577122
9.57,76456.73680870925
9.58,76442.73023668073
9.59,76424.1797246972
9.6,76409.41765828397
9.61,76392.9239288367
9.620000000000001,76378.04009872652
9.63,76362.13728803281
9.64,76345.90434684364
9.65,76330.30619112833
9.66,76313.17153013933
9.67,76298.8389608325
9.68,76282.81603497754
9.69,76267.56702056313
9.700000000000001,76253.9555808139
9.71,76236.43853112606
9.72,76220.13687777838
9.73,76207.24498895035
9.74,76189.65085986313
9.75,76174.32432712664
9.76,76160.11451295439
9.77,76144.72417167854
9.78,76128.36725385951
9.790000000000001,76112.87806737518
9.8,76095.46293455693
9.81,76082.5182866283
9.82,76066.09668834563
9.83,76053.28739141808
9.84,76034.97351615965
9.85,76020.16551486506
9.86,76006.24333708482
9.870000000000001,75990.00628604805
9.88,75974.30836519272
9.89,75957.75845725351
9.9,75944.03555806681
9.91,75927.91404316525
9.92,75913.10715538659
9.93,75899.43748225278
9.94,75881.34426217312
9.950000000000001,75866.0109891351
9.96,75851.47418037071
9.97,75835.93388059849
9.98,75820.73809547814
9.99,75807.15043852139
10.0,75790.12105976322
10.01,75774.6606127956
10.02,75763.12646860747
10.03,75747.7520635725
10.040000000000001,75730.906546044
10.05,75717.46879569301
10.06,75701.08513000041
10.07,75688.17041770964
10.08,75672.53733427387
10.09,75655.09422566924
10.1,75641.94181761518
10.11,75626.85176041284
10.120000000000001,75613.18985929928
10.13,75595.31367803532
10.14,75580.3035471951
10.15,75566.33071027225
10.16,75550.5178630807
10.17,75536.39378222212
10.18,75520.88568824744
10.19,75507.36112628825
10.200000000000001,75491.4404287874
10.21,75476.13331101373
10.22,75463.59018005093
10.23,75450.06191821501
10.24,75432.31126426028
10.25,75416.22247394254
10.26,75403.51239808102
10.27,75390.26117474593
10.28,75374.90793198034
10.290000000000001,75360.77142394934
10.3,75345.74883737073
10.31,75330.07223024333
10.32,75316.92859781646
10.33,75300.39678512461
10.34,75286.18879226771
10.35,75272.4487935112
10.36,75258.60014950288
10.370000000000001,75241.8528472239
10.38,75227.72621191462
10.39,75215.0626356657
10.4,75200.52614161964
10.41,75186.10316404201
10.42,75170.98252154213
10.43,75157.00550397336
10.44,75141.91594603205
10.450000000000001,75126.48352966695
10.46,75112.96174785373
10.47,75097.15628363143
10.48,75084.90514768614
10.49,75069.33175905286
10.5,75055.41469679492
10.51,75041.19622135183
10.52,75025.86227657554
10.53,75010.8499257136
10.540000000000001,74997.27013672881
10.55,74982.14606789344
10.56,74969.5050205032
10.57,74955.14606156384
10.58,74938.55467900218
10.59,74926.91332136195
10.6,74912.7397842689
10.61,74898.6353531696
10.620000000000001,74883.93531161126
10.63,74870.3574634392
10.64,74855.78887510099
10.65,74840.56363049628
10.66,74825.9781316611
10.67,74812.39984193069
10.68,74798.65452133518
10.69,74785.80931022562
10.700000000000001,74771.12992187949
10.71,74757.83232519001
10.72,74742.42892291544
10.73,74728.78259064874
10.74,74714.59591334042
10.75,74700.69389558563
10.76,74685.6750486723
10.77,74673.45828001709
10.78,74658.6366169183
10.790000000000001,74644.4422860859
10.8,74632.25269948444
10.81,74615.88370232287
10.82,74604.30767002655
10.83,74589.79950414658
10.84,74576.09387451508
10.85,74563.114789115
10.86,74548.516619238
10.870000000000001,74533.32418367793
10.88,74520.99484790517
10.89,74507.22813678862
10.9,74492.47369752526
10.91,74478.44978068385
10.92,74463.73968200474
10.93,74450.57165007027
10.94,74438.29228573285
10.950000000000001,74425.5813284916
10.96,74410.8255379723
10.97,74397.44830652444
10.98,74384.62828830945
10.99,74369.43803384663
11.0,74356.97721385457
11.01,74341.69130070863
11.02,74327.45409888976
11.03,74314.48697016794
11.040000000000001,74301.64930560577
11.05,74287.47732260004
11.06,74274.54510189981
11.07,74260.21027529164
11.08,74246.53867136883
11.09,74233.5010602604
11.1,74220.19280404273
11.11,74205.91288606692
11.120000000000001,74192.94739543641
11.13,74181.04931638506
11.14,74166.4512173253
11.15,74152.5980686817
11.16,74139.13943000231
11.17,74126.29385700039
11.18,74112.87024412463
11.19,74099.87987088841
11.200000000000001,74085.65194679832
11.21,74073.66434621485
11.22,74059.501442206
11.23,74045.75441910926
11.24,74033.47133157343
11.25,74019.66445897933
11.26,74006.74278824222
11.27,73991.76271733704
11.28,73979.67173737593
11.290000000000001,73968.33204231
11.3,73952.25447467937
11.31,73939.74223056274
11.32,73926.6208478715
11.33,73912.31510485822
11.34,73900.97868281341
11.35,73887.75692279299
11.36,73876.06372181502
11.370000000000001,73862.78030579328
11.38,73848.3351018397
11.39,73836.32464168368
11.4,73822.33624369978
11.41,73811.1511266133
11.42,73796.58955761271
11.43,73783.51419323227
11.44,73770.99565348026
11.450000000000001,73757.30257563855
11.46,73746.04402670413
11.47,73732.3994201761
11.48,73719.06088084025
11.49,73705.110127581
11.5,73691.93575713229
11.51,73678.58009580908
11.52,73668.095525163
11.53,73653.26548731963
11.540000000000001,73641.64424892807
11.55,73627.648346141
11.56,73614.33723555633
11.57,73601.91169799681
11.58,73588.43556479187
11.59,73575.606468898
11.6,73564.13423563977
11.61,73550.70201728817
11.620000000000001,73539.83020657513
11.63,73524.21128590083
11.64,73514.23149415142
11.65,73500.76900855958
11.66,73486.7640847633
11.67,73475.69304783114
11.68,73461.4662542169
11.69,73451.4420342669
11.700000000000001,73437.00445401939
11.71,73425.36240905241
11.72,73409.97804533466
11.73,73400.36436966175
11.74,73386.87635020944
11.75,73375.59770707155
11.76,73362.35099247996
11.77,73349.41445232567
11.78,73335.61517337327
11.790000000000001,73325.01088000552
11.8,73310.650328701
11.81,73298.53563039015
11.82,73285.12038651243
11.83,73274.50749802424
11.84,73260.00205992212
11.85,73249.00638203813
11.86,73236.74335355226
11.870000000000001,73222.80193121899
11.88,73210.03046754631
11.89,73202.37618876396
11.9,73186.17389741365
11.91,73173.17260364273
11.92,73161.53412574987
11.93,73150.57193112074
11.94,73136.47476403562
11.950000000000001,73127.1201297985
11.96,73113.03933113799
11.97,73101.21079987625
11.98,73088.5100134963
11.99,73076.75517958384
12.0,73064.69665723479
12.01,73051.38878265485
12.02,73038.46284940788
12.030000000000001,73025.77865944571
12.040000000000001,73015.67931691569
12.05,73002.55774076248
12.06,72990.23353736995
12.07,72976.26304244413
12.08,72966.97003131379
12.09,72953.64170247622
12.1,72942.56240873747
12.11,72929.7458624181
12.120000000000001,72917.7661615651
12.13,72905.48878578338
12.14,72894.19761366615
12.15,72880.66576810193
12.16,72870.92498083375
12.17,72857.23078962063
12.18,72844.76383648152
12.19,72834.35939844651
12.200000000000001,72820.31644610838
12.21,72808.24662627348
12.22,72796.95197432695
12.23,72784.88603005183
12.24,72773.88325338095
12.25,72763.08428660732
12.26,72750.17732140997
12.27,72738.68991262815
12.280000000000001,72724.75455435722
12.290000000000001,72716.43397070537
12.3,72701.43459868488
12.31,72688.95797159463
12.32,72678.54629532815
12.33,72667.18872544433
12.34,72655.20640519263
12.35,72643.04555061532
12.36,72631.92617333386
12.370000000000001,72619.24659538042
12.38,72608.77294039054
12.39,72598.06575297184
12.4,72585.96452577472
12.41,72572.64548459442
12.42,72559.95209779637
12.43,72548.21337691825
12.44,72537.33356960578
12.450000000000001,72526.7110646551
12.46,72515.74162930207
12.47,72503.6601186273
12.48,72492.71103631276
12.49,72479.98817846765
12.5,72466.53939587298
12.51,72457.62990411889
12.52,72444.15946728039
12.530000000000001,72433.22546597496
12.540000000000001,72420.40976998622
12.55,72410.35100176363
12.56,72396.57882990423
12.57,72385.87949668424
12.58,72376.42935540147
12.59,72362.96662353862
12.6,72354.71586708885
12.61,72341.73353192685
12.620000000000001,72331.0733180978
12.63,72317.85627983382
12.64,72307.1883086057
12.65,72294.85590190224
12.66,72282.40237516172
12.67,72272.00335905893
12.68,72261.28047777947
12.69,72251.56724579967
12.700000000000001,72238.00566355394
12.71,72226.58956200043
12.72,72216.96236743186
12.73,72204.67025879695
12.74,72192.51138059118
12.75,72183.55202549328
12.76,72168.73180434892
12.77,72158.69963807189
12.780000000000001,72147.25064399918
12.790000000000001,72137.98912672092
12.8,72125.98283276157
12.81,72114.16077923926
12.82,72103.73178895496
12.83,72092.1983577091
12.84,72081.51478480575
12.85,72069.51429795011
12.86,72060.78082309371
12.870000000000001,72047.85150593943
12.88,72035.19017755405
12.89,72024.12933143844
12.9,72014.90819799359
12.91,72002.45376860898
12.92,71992.18488189932
12.93,71980.627543748
12.94,71969.80650049367
12.950000000000001,71959.02157531801
12.96,71946.32036774067
12.97,71936.2284868697
12.98,71926.00029103691
12.99,71913.22338927562
13.0,71904.8233254706
13.01,71892.03465701849
13.02,71881.96889626245
13.030000000000001,71870.7609559737
13.040000000000001,71859.5352843937
13.05,71849.34049720109
13.06,71836.72208348417
13.07,71828.45152738041
13.08,71816.97285729724
13.09,71805.36026845766
13.1,71795.46280534867
13.11,71785.07566541072
13.120000000000001,71772.57779308672
13.13,71761.58536336805
13.14,71750.14184370452
13.15,71741.52000208599
13.16,71729.93545896736
13.17,71718.41971272512
13.18,71707.44138317938
13.19,71696.26138542843
13.200000000000001,71687.55774574744
13.21,71675.90389826354
13.22,71664.74837237562
13.23,71654.42850887375
13.24,71644.82463241085
13.25,71634.3316390978
13.26,71622.89411488432
13.27,71610.58861544453
13.280000000000001,71600.76713596634
13.290000000000001,71590.76472740853
13.3,71581.7178030853
13.31,71569.82222132842
13.32,71558.05475938496
13.33,71548.62508320692
13.34,71539.37368550312
13.35,71525.2245157725
13.36,71517.6756251958
13.370000000000001,71504.66840944414
13.38,71497.29391958808
13.39,71483.19995891275
13.4,71473.29284045978
13.41,71464.43573142726
13.42,71453.35491512115
13.43,71442.41138256049
13.44,71432.36803926784
13.450000000000001,71422.2179808126
13.46,71412.22028777075
13.47,71403.1696239237
13.48,71392.09593497346
13.49,71382.12072601424
13.5,71370.96900801206
13.51,71359.28551812138
13.52,71350.77000366438
13.530000000000001,71340.5445061243
13.540000000000001,71328.29505879724
13.55,71319.29613315144
13.56,71307.56693901305
13.57,71298.68840159534
13.58,71288.44712256358
13.59,71278.0620938713
13.6,71268.0490344023
13.61,71256.96541987089
13.620000000000001,71246.23399779163
13.63,71238.66898010568
13.64,71224.25014278777
13.65,71217.06199604449
13.66,71205.34089665535
13.67,71197.60477930664
13.68,71186.34302635057
13.69,71175.92138764447
13.700000000000001,71166.30507589626
13.71,71157.31476278318
13.72,71144.7240866744
13.73,71136.68116032275
13.74,71124.85309460577
13.75,71116.40115706991
13.76,71103.31270521443
13.77,71095.34708678539
13.780000000000001,71084.98965264816
13.790000000000001,71075.57683107042
13.8,71065.79888479959
13.81,71056.5089549073
13.82,71045.70188880381
13.83,71033.91502184006
13.84,71024.005331064
13.85,71015.36329505585
13.86,71003.72970149019
13.870000000000001,70995.08893638832
13.88,70984.53542604484
13.89,70973.5578656468
13.9,70965.02976667133
13.91,70953.51887853292
13.92,70945.40552166635
13.93,70935.37092762257
13.94,70925.99939750112
13.950000000000001,70915.49558649493
13.96,70907.83114432325
13.97,70893.9115763279
13.98,70886.4756711043
13.99,70877.65508121123
14.0,70866.742757716
14.01,70857.84174546535
14.02,70845.78059163669
14.030000000000001,70837.63170682889
14.040000000000001,70826.6831061303
14.05,70819.3963758429
14.06,70807.65414970263
14.07,70799.98293261028
14.08,70788.10716763145
14.09,70779.18622387404
14.1,70769.10812992993
14.11,70762.38923194322
14.120000000000001,70748.96440908771
14.13,70742.0972437696
14.14,70729.36506337395
14.15,70719.35279220463
14.16,70709.55956751946
14.17,70702.51024478387
14.18,70691.75662762485
14.19,70683.7997595998
14.200000000000001,70674.96609439456
14.21,70663.55825598726
14.22,70654.62112887239
14.23,70644.48219573093
14.24,70635.33214270622
14.25,70626.12558958317
14.26,70617.17462614308
14.27,70607.81540928045
14.280000000000001,70597.12001362363
14.290000000000001,70588.85588324895
14.3,70577.42118918807
14.31,70568.52031116828
14.32,70560.35027553547
14.33,70550.48023288454
14.34,70540.88036821221
14.35,70531.01702915212
14.36,70521.27955714441
14.370000000000001,70511.4096957753
14.38,70502.66773429349
14.39,70493.54754092968
14.4,70482.81154996081
14.41,70475.78919860063
14.42,70464.84008726965
14.43,70455.54573437315
14.44,70446.46782945884
14.450000000000001,70437.8804554597
14.46,70426.73127372227
14.47,70419.63450250187
14.48,70410.7868968845
14.49,70399.99722986235
14.5,70391.71066275408
14.51,70381.96415183207
14.52,70372.46242956903
14.530000000000001,70364.91301240405
14.540000000000001,70356.24476514218
14.55,70346.17565802523
14.56,70338.73033390129
14.57,70328.08578135032
14.58,70320.07135968357
14.59,70306.4239701127
14.6,70298.75378316257
14.61,70292.58210311829
14.620000000000001,70283.44604121089
14.63,70272.62110822316
14.64,70264.07089066561
14.65,70254.08374783276
14.66,70244.56831486827
14.67,70235.92744151907
14.68,70228.40333848547
14.69,70218.190578894
14.700000000000001,70208.05647131418
14.71,70199.15170525516
14.72,70192.11995744724
14.73,70180.36793018934
14.74,70176.62446992277
14.75,70164.08591466474
14.76,70154.99887229546
14.77,70146.69337340363
14.780000000000001,70136.1128840507
14.790000000000001,70128.0711888327
14.8,70120.58036906665
14.81,70112.46937551707
14.82,70102.62528495285
14.83,70092.80567259576
14.84,70083.19413686091
14.85,70075.70566291954
14.86,70067.59462426882
14.870000000000001,70059.57664440108
14.88,70048.84647656171
14.89,70039.27909084587
14.9,70031.89221874057
14.91,70022.62848787429
14.92,70014.9628884593
14.93,70004.78224958398
14.94,69997.15422516961
14.950000000000001,69987.19198799424
14.96,69979.54954289988
14.97,69970.6910140309
14.98,69961.14853665477
14.99,69952.81603184708
15.0,69944.48069654017
15.01,69935.17200077456
15.02,69927.46523683301
15.030000000000001,69918.44902155148
15.040000000000001,69911.27462295539
15.05,69899.75745856918
15.06,69892.45041408893
15.07,69882.18719700573
15.08,69875.58331048452
15.09,69866.81342852868
15.1,69860.17102163464
15.11,69849.80752817812
15.120000000000001,69839.22152443926
15.13,69833.19828577478
15.14,69824.13710685406
15.15,69814.1220926812
15.16,69806.8935649088
15.17,69799.23460146216
15.18,69790.39323097924
15.19,69781.3162327372
15.200000000000001,69771.85898874686
15.21,69765.17869625177
15.22,69757.77813680131
15.23,69747.1207856084
15.24,69737.78885734605
15.25,69733.23643315272
15.26,69721.85345592738
15.27,69713.25994026015
15.280000000000001,69705.28529533272
15.290000000000001,69697.57871870139
15.3,69688.38754558159
15.31,69680.07629997042
15.32,69672.15358123113
15.33,69663.1392280604
15.34,69654.00771458601
15.35,69645.62092270142
15.36,69640.24452532078
15.370000000000001,69629.4900719772
15.38,69622.35374856704
15.39,69612.44419351964
15.4,69605.53341014784
15.41,69598.85702098
15.42,69588.65319379127
15.43,69581.16082088147
15.44,69573.73527582997
15.450000000000001,69563.75418306225
15.46,69556.37907370007
15.47,69546.56644694165
15.48,69540.13926001362
15.49,69531.89903952226
15.5,69523.25085606659
15.51,69515.69978417814
15.52,69508.4575918563
15.530000000000001,69500.86815195587
15.540000000000001,69492.65011889211
15.55,69483.69748759725
15.56,69475.19046148835
15.57,69468.05168402917
15.58,69457.90073362482
15.59,69451.90583613125
15.6,69442.21120934247
15.610000000000001,69433.93357783674
15.620000000000001,69426.61249441894
15.63,69418.84134662586
15.64,69412.69340443047
15.65,69402.86630248198
15.66,69396.17947157413
15.67,69387.79823945767
15.68,69381.56928995966
15.69,69372.10204299456
15.700000000000001,69362.43457000372
15.71,69356.56140972787
15.72,69347.12858412047
15.73,69341.49032138126
15.74,69330.64966124507
15.75,69324.05792951469
15.76,69315.15371415639
15.77,69309.32366025612
15.780000000000001,69298.90298398836
15.790000000000001,69292.88109903607
15.8,69284.22184654369
15.81,69278.93045336076
15.82,69269.24767695378
15.83,69261.46424619289
15.84,69252.91025704575
15.85,69242.96083147517
15.860000000000001,69238.0496969384
15.870000000000001,69229.31412822903
15.88,69221.14853132874
15.89,69214.39129102598
15.9,69206.68222721726
15.91,69201.11648452288
15.92,69188.77089641294
15.93,69183.6683490572
15.94,69175.85135236378
15.950000000000001,69168.59514079274
15.96,69159.33070556838
15.97,69151.97473536855
15.98,69143.57476095013
15.99,69137.26072512628
16.0,69129.59031497625
16.01,69122.27300167599
16.02,69114.65673725255
16.03,69106.75770827093
16.04,69098.88611160453
16.05,69091.0976262282
16.06,69085.40751182735
16.07,69077.38214213189
16.080000000000002,69071.01464795924
16.09,69060.71002199082
16.1,69054.56719177059
16.11,69047.33628816558
16.12,69038.10283571163
16.13,69031.68271945271
16.14,69024.29052142633
16.15,69014.78592802092
16.16,69008.74018366601
16.17,69002.2640267006
16.18,68994.47385947872
16.19,68986.34888569638
16.2,68978.51382358524
16.21,68971.42816231905
16.22,68964.0773090152
16.23,68956.48276601841
16.240000000000002,68949.25535955145
16.25,68942.94128828662
16.26,68934.52861311463
16.27,68926.91579110496
16.28,68919.90282827026
16.29,68913.34113484429
16.3,68907.61677427425
16.31,68897.89535973406
16.32,68888.03508719213
16.330000000000002,68885.07732014143
16.34,68877.68302117322
16.35,68869.21762429076
16.36,68862.43401398075
16.37,68855.45951993445
16.38,68847.98309021829
16.39,68838.97760163521
16.4,68834.30060959056
16.41,68825.90746947391
16.42,68817.72959090139
16.43,68812.21845783338
16.44,68804.00849671611
16.45,68795.52453209968
16.46,68791.1946290124
16.47,68781.11245380316
16.48,68776.4152989242
16.490000000000002,68769.71834061788
16.5,68762.03602409629
16.51,68753.45444862002
16.52,68747.12432729726
16.53,68739.81819932243
16.54,68732.73266536975
16.55,68726.62230640493
16.56,68717.87319150497
16.57,68710.95056529313
16.580000000000002,68703.29895491939
16.59,68696.52590190407
16.6,68690.56213519278
16.61,68684.19233102718
16.62,68675.19520134514
16.63,68668.39896304325
16.64,68663.96052189708
16.65,68656.01593423968
16.66,68649.6120685135
16.67,68641.6374688678
16.68,68635.89353029261
16.69,68628.2129330977
16.7,68619.82452614798
16.71,68613.3133099601
16.72,68605.78812120817
16.73,68600.05991899359
16.740000000000002,68594.11863260632
16.75,68586.28728344949
16.76,68582.40173912283
16.77,68573.33152654684
16.78,68565.65697399409
16.79,68558.37291106756
16.8,68550.6168022061
16.81,68545.23594389508
16.82,68538.22338326277
16.830000000000002,68532.88784625434
16.84,68524.9278991023
16.85,68517.82767373642
16.86,68512.41521928363
16.87,68503.26171860604
16.88,68498.80316869573
16.89,68492.75587328199
16.9,68483.49882566271
16.91,68479.06067617936
16.92,68471.79034284771
16.93,68464.58113672922
16.94,68458.01372695089
16.95,68451.24163027092
16.96,68444.0014810715
16.97,68438.7275360438
16.98,68429.99190428073
16.990000000000002,68426.51528849032
17.0,68418.35638910667
17.01,68410.86901883244
17.02,68405.69612810583
17.03,68398.60449897386
17.04,68392.1834625201
17.05,68385.06494526866
17.06,68378.69466821749
17.07,68373.65808073926
17.080000000000002,68367.4583619959
17.09,68358.65473874503
17.1,68352.57747917525
17.11,68346.22813579992
17.12,68340.68212789399
17.13,68331.80243385714
17.14,68325.12205482242
17.150000000000002,68319.01648024573
17.16,68313.86415887177
17.17,68304.66815839875
17.18,68301.00115545189
17.19,68293.96364541918
17.2,68288.01670681576
17.21,68281.5817777808
17.22,68274.29546018882
17.23,68269.20466955095
17.240000000000002,68263.27105082931
17.25,68253.1520089683
17.26,68250.06891879624
17.27,68242.50465229784
17.28,68235.62529105613
17.29,68231.1471966808
17.3,68223.35802370243
17.31,68216.23845767588
17.32,68209.63962280756
17.330000000000002,68205.7732889017
17.34,68197.85363131757
17.35,68191.28893241916
17.36,68185.54920753304
17.37,68178.92912762407
17.38,68174.53189379926
17.39,68167.83690792191
17.400000000000002,68159.43841888085
17.41,68153.0717930061
17.42,68147.89633203838
17.43,68143.94311245195
17.44,68137.0933612571
17.45,68130.7328726128
17.46,68124.2028108187
17.47,68116.4737945776
17.48,68111.9464374606
17.490000000000002,68105.97380908801
17.5,68097.18369635045
17.51,68092.15927328012
17.52,68086.22245749096
17.53,68080.66587722421
17.54,68074.56832370389
17.55,68069.44183417929
17.56,68061.99781148002
17.57,68054.35991089215
17.580000000000002,68050.05613951341
17.59,68044.11831722494
17.6,68037.30301153488
17.61,68032.15039140437
17.62,68025.15340624253
17.63,68022.62041645913
17.64,68014.2746851531
17.650000000000002,68008.49110745627
17.66,67999.97466407444
17.67,67995.83648532852
17.68,67990.23667746538
17.69,67985.01046967771
17.7,67978.80120404308
17.71,67971.06529900056
17.72,67966.58009494601
17.73,67959.09414688774
17.740000000000002,67953.63227978858
17.75,67949.89356821326
17.76,67941.52469174925
17.77,67935.77352116437
17.78,67931.36009723762
17.79,67926.62010960253
17.8,67919.1648313908
17.81,67913.55621392903
17.82,67907.04067547493
17.830000000000002,67899.10980686321
17.84,67896.14793913213
17.85,67890.84450314014
17.86,67882.54325116782
17.87,67878.20062151071
17.88,67873.22281875013
17.89,67866.32173809982
17.900000000000002,67860.50694700929
17.91,67857.05216674462
17.92,67848.09060571485
17.93,67843.76937217245
17.94,67838.27852957202
17.95,67832.35654527348
17.96,67826.90274698075
17.97,67819.65442133024
17.98,67814.66097460149
17.990000000000002,67810.45848875269
18.0,67805.97604331515
18.01,67796.2493197145
18.02,67793.27461598796
18.03,67787.74981977565
18.04,67779.95104892616
18.05,67776.36946072332
18.06,67769.07029822834
18.07,67764.07608450858
18.080000000000002,67758.85147993696
18.09,67751.95844990619
18.1,67748.29052965625
18.11,67743.09129378556
18.12,67738.22141912275
18.13,67731.55274155647
18.14,67726.23518250264
18.150000000000002,67719.82457683435
18.16,67714.6986688117
18.17,67710.41020495853
18.18,67702.71862756801
18.19,67696.25182701823
18.2,67693.59874642687
18.21,67687.67106382456
18.22,67678.82928065189
18.23,67676.48088899169
18.240000000000002,67671.78200767133
18.25,67666.236348941
18.26,67660.1615284502
18.27,67653.80710087114
18.28,67649.30215270481
18.29,67644.3709313843
18.3,67636.38127072042
18.31,67633.98547021877
18.32,67626.4972508564
18.330000000000002,67622.03335445088
18.34,67619.11999723066
18.35,67610.88051045475
18.36,67606.01551819447
18.37,67601.14938733233
18.38,67593.91403175415
18.39,67590.03579553937
18.400000000000002,67582.49964704734
18.41,67579.81777726607
18.42,67573.24406283523
18.43,67569.42322192283
18.44,67563.97987406864
18.45,67555.93875783253
18.46,67553.14889192316
18.47,67547.68722618929
18.48,67542.31322759543
18.490000000000002,67538.81700455057
18.5,67532.88561044964
18.51,67526.89618719225
18.52,67521.8551219875
18.53,67516.56102913183
18.54,67512.0406227165
18.55,67505.16700860369
18.56,67501.79898542598
18.57,67496.4397446178
18.580000000000002,67492.15255589227
18.59,67486.51507902003
18.6,67480.56560549482
18.61,67474.01235507586
18.62,67470.10919787818
18.63,67465.29190767244
18.64,67458.5901520672
18.650000000000002,67455.62110737823
18.66,67449.91044296089
18.67,67445.77186174417
18.68,67441.0563670382
18.69,67435.0914165031
18.7,67429.38855476103
18.71,67424.40717304788
18.72,67418.4012170608
18.73,67414.53456202336
18.740000000000002,67411.40634340944
18.75,67404.61255768682
18.76,67401.08039892069
18.77,67395.0653585656
18.78,67387.90342509322
18.79,67384.38318679118
18.8,67380.17028471496
18.81,67372.70367036738
18.82,67370.75717851403
18.830000000000002,67365.87084982348
18.84,67360.01900258432
18.85,67356.22990808354
18.86,67350.93074259286
18.87,67345.50810096166
18.88,67340.49794799212
18.89,67335.76603851849
18.900000000000002,67331.70009029437
18.91,67326.67249684439
18.92,67322.79272128535
18.93,67317.85757692254
18.94,67310.02513985254
18.95,67305.38711005969
18.96,67300.51386715285
18.97,67296.37072518667
18.98,67292.24323497352
18.990000000000002,67287.93455163146
19.0,67283.30580432227
19.01,67279.18390995188
19.02,67274.86481584332
19.03,67269.38284728066
19.04,67263.6514932471
19.05,67260.09284664737
19.06,67253.92518510073
19.07,67250.22834639097
19.080000000000002,67246.16995339082
19.09,67240.52000226072
19.1,67234.41208641557
19.11,67231.22434230593
19.12,67227.07300982812
19.13,67221.1648299383
19.14,67218.33877379265
19.150000000000002,67214.20353961427
19.16,67208.98101697373
19.17,67203.62955151671
19.18,67198.11861279584
19.19,67195.38959818722
19.2,67188.92454262111
19.21,67186.24713671645
19.22,67180.7076887578
19.23,67176.36710412719
19.240000000000002,67172.28575735197
19.25,67167.8308780384
19.26,67161.66517328304
19.27,67158.93078529212
19.28,67153.80066490096
19.29,67149.14804819316
19.3,67146.78094608395
19.31,67140.60452601846
19.32,67135.42063069427
19.330000000000002,67132.22580096468
19.34,67127.47960218004
19.35,67121.67811465802
19.36,67117.61184082228
19.37,67114.07152723082
19.38,67109.35946930783
19.39,67105.29781008337
19.400000000000002,67100.84785514428
19.41,67096.43777619928
19.42,67092.82215140376
19.43,67087.4997445914
19.44,67084.17287928665
19.45,67079.69860971511
19.46,67073.60964996813
19.47,67070.82486090914
19.48,67064.17114392189
19.490000000000002,67061.8830795715
19.5,67056.29698883434
19.51,67054.13991811454
19.52,67047.98225064376
19.53,67043.57120707569
19.54,67040.5624775031
19.55,67035.07529775641
19.56,67030.96425584392
19.57,67027.76012811164
19.580000000000002,67023.43099984537
19.59,67018.98184998085
19.6,67014.26398621232
19.61,67009.71424069187
19.62,67006.03266959512
19.63,67002.98532430813
19.64,66996.35234942137
19.650000000000002,66994.85886055446
19.66,66989.755877201
19.67,66986.39560211728
19.68,66980.94923930193
19.69,66977.89647986925
19.7,66971.73504292025
19.71,66969.03232620026
19.72,66964.90913799431
19.73,66962.55786192814
19.740000000000002,66958.10760572928
19.75,66953.07476750895
19.76,66950.6817900953
19.77,66944.85009917468
19.78,66941.17579770183
19.79,66937.47964386869
19.8,66932.10977281161
19.81,66926.9158968577
19.82,66925.25826586045
19.830000000000002,66920.58848892394
19.84,66915.84574613927
19.85,66910.94716857471
19.86,66905.98582386013
19.87,66902.74951301598
19.88,66899.87705924842
19.89,66896.08225732548
19.900000000000002,66889.77562447886
19.91,66886.40706944819
19.92,66885.44273389147
19.93,66880.95092900164
19.94,66874.82436259981
19.95,66873.51029026037
19.96,66868.81474812419
19.97,66864.87456848175
19.98,66860.67241483992
19.990000000000002,66858.58484894098
20.0,66853.01215851674
20.01,66848.4638564217
20.02,66846.81573008429
20.03,66842.18510296415
20.04,66838.80202581566
20.05,66833.8377858884
20.06,66831.09755716001
20.07,66826.52872747561
20.080000000000002,66822.10957730767
20.09,66820.22551240682
20.1,66813.78586019551
20.11,66811.56008549816
20.12,66807.40206051432
20.13,66803.63741320015
20.14,66799.3677269871
20.150000000000002,66795.43981411662
20.16,66793.38422250832
20.17,66788.33638405756
20.18,66784.86150681133
20.19,66781.45762221394
20.2,66777.09989421586
20.21,66774.97403189396
20.22,66768.92286877388
20.23,66767.76870952419
20.240000000000002,66763.16012095602
20.25,66760.24065390317
20.26,66755.20294950722
20.27,66751.81097272497
20.28,66748.46098843256
20.29,66743.47089151546
20.3,66741.2429200072
20.31,66738.64054699826
20.32,66736.00317702998
20.330000000000002,66731.48832431073
20.34,66726.699403969
20.35,66725.15139373548
20.36,66720.69678941678
20.37,66716.15942903643
20.38,66714.48588549139
20.39,66708.82449368312
20.400000000000002,66706.43409860639
20.41,66703.39854206551
20.42,66700.70239749824
20.43,66694.45715167967
20.44,66692.48174928255
20.45,66687.3664805133
20.46,66685.13458646242
20.47,66682.46658766609
20.48,66677.67474350693
20.490000000000002,66674.93754652837
20.5,66671.69553350873
20.51,66667.33843265171
20.52,66664.9547971819
20.53,66660.39989712143
20.54,66659.33569174327
20.55,66655.8980653709
20.56,66650.11756287357
20.57,66646.59921993052
20.580000000000002,66644.27730030792
20.59,66641.25650267457
20.6,66637.88240297108
20.61,66633.37888743158
20.62,66630.26262795118
20.63,66628.05736793674
20.64,66625.16359601567
20.650000000000002,66619.47792610226
20.66,66619.52883964073
20.67,66614.7227093613
20.68,66611.43604616204
20.69,66605.5274742568
20.7,66605.17752431531
20.71,66603.41591157977
20.72,66598.25354864408
20.73,66595.11390809053
20.740000000000002,66593.67197744104
20.75,66588.6422879532
20.76,66585.35412202321
20.77,66584.83944988814
20.78,66579.78094430052
20.79,66575.26583944794
20.8,66572.0238522703
20.81,66568.74746994054
20.82,66566.41076310173
20.830000000000002,66564.27439079147
20.84,66562.29325847694
20.85,66557.11816045726
20.86,66554.04186862128
20.87,66550.86446932965
20.88,66547.40358693174
20.89,66545.31812752473
20.900000000000002,66540.92513401236
20.91,66536.9366564768
20.92,66536.10605616243
20.93,66534.01394583582
20.94,66530.0540379506
20.95,66528.07554732362
20.96,66524.15538049517
20.97,66519.39479422318
20.98,66516.08154317325
20.990000000000002,66514.82778156173
21.0,66509.9379646785
21.01,66508.05841826054
21.02,66504.17741780668
21.03,66502.99835650601
21.04,66499.37002109346
21.05,66496.91378409929
21.06,66494.37046724517
21.07,66491.25991647318
21.080000000000002,66488.42438234905
21.09,66484.00281584344
21.1,66482.2918967544
21.11,66479.72584193817
21.12,66474.71470820674
21.13,66472.54201956649
21.14,66470.08859122756
21.150000000000002,66468.23730896747
21.16,66464.04996029606
21.17,66462.74757044978
21.18,66460.91346744998
21.19,66456.66124164134
21.2,66453.8050545068
21.21,66450.31945787111
21.22,66448.78050987297
21.23,66446.05197424054
21.240000000000002,66442.06852629963
21.25,66439.36297378929
21.26,66438.82716252784
21.27,66435.92794811279
21.28,66430.04985357392
21.29,66428.10343501206
21.3,66425.50018529916
21.31,66423.98740695759
21.32,66422.92188536505
21.330000000000002,66417.99699173331
21.34,66415.8379157647
21.35,66412.471227794
21.36,66410.74014975112
21.37,66406.86591105003
21.38,66402.83470293698
21.39,66401.82027059386
21.400000000000002,66399.80644457758
21.41,66395.21575742854
21.42,66394.47203032943
21.43,66391.14883763819
21.44,66388.55307317124
21.45,66385.65121609042
21.46,66383.92296958539
21.47,66381.82322922784
21.48,66377.04908406043
21.490000000000002,66376.14838447543
21.5,66374.47913682263
21.51,66370.61367219259
21.52,66367.64541441448
21.53,66365.0969690615
21.54,66361.32750307754
21.55,66360.99862277335
21.56,66356.17359850282
21.57,66356.00427831251
21.580000000000002,66350.94820051212
21.59,66351.3529302695
21.6,66349.46707033047
21.61,66345.04398141177
21.62,66344.33313905311
21.63,66340.88826117753
21.64,66337.07494245483
21.650000000000002,66336.68889895066
21.66,66331.45649093283
21.67,66331.47500920505
21.68,66326.76019747292
21.69,66325.90962546074
21.7,66323.8603856605
21.71,66322.43002094867
21.72,66317.59203123904
21.73,66316.47690716611
21.740000000000002,66315.76516394915
21.75,66311.26901319301
21.76,66310.37385585431
21.77,66306.37978890783
21.78,66302.32117819594
21.79,66300.36517227923
21.8,66298.1820108978
21.81,66296.92017755134
21.82,66296.55589675927
21.830000000000002,66293.3950149252
21.84,66289.90559826128
21.85,66289.98700318788
21.86,66287.23566262046
21.87,66283.28868855044
21.88,66281.56950199264
21.89,66279.59923780902
21.900000000000002,66278.89170468989
21.91,66275.18309051485
21.92,66273.12890720075
21.93,66271.24229083736
21.94,66268.79031547601
21.95,66266.71796997194
21.96,66263.85022005705
21.97,66262.36195911217
21.98,66260.16782315799
21.990000000000002,66257.78130406323
22.0,66255.01604504323
22.01,66255.39319652032
22.02,66251.7638888975
22.03,66250.55315532081
22.04,66247.76498874358
22.05,66244.4012727063
22.06,66243.53409594018
22.07,66240.17597868697
22.080000000000002,66239.33839056523
22.09,66235.83495390986
22.1,66234.68534698953
22.11,66232.1279415255
22.12,66230.63041346935
22.13,66228.30000148108
22.14,66225.45917744668
22.150000000000002,66223.93816205986
22.16,66220.89085853225
22.17,66220.40585590538
22.18,66218.05641498548
22.19,66217.20545328278
22.2,66214.9002012939
22.21,66213.93057474757
22.22,66209.91461292053
22.23,66208.38560260893
22.240000000000002,66207.48370871753
22.25,66204.0947564073
22.26,66202.75124467956
22.27,66199.62603641002
22.28,66199.8629861368
22.29,66197.24660967987
22.3,66195.2619248187
22.31,66195.35297516831
22.32,66192.48485639051
22.330000000000002,66190.12195891011
22.34,66186.94525241433
22.35,66185.12877382622
22.36,66184.2426589723
22.37,66182.4173438883
22.38,66181.2898761334
22.39,66180.13040710315
22.400000000000002,66174.37610711985
22.41,66173.8373650371
22.42,66173.96940021314
22.43,66172.46512522912
22.44,66169.24645167268
22.45,66165.918600375
22.46,66166.01237089388
22.47,66163.88549746458
22.48,66161.76589451129
22.490000000000002,66159.36771774416
22.5,66158.41062601282
22.51,66159.13935232506
22.52,66157.76898252852
22.53,66155.36520967206
22.54,66151.94450792346
22.55,66152.45156670353
22.56,66148.65035021126
22.57,66146.36311196646
22.580000000000002,66147.13478823521
22.59,66144.39349298803
22.6,66143.41605668495
22.61,66140.4927889572
22.62,66137.90831024558
22.63,66138.64062950066
22.64,66135.27579604895
22.650000000000002,66133.95196067973
22.66,66131.35441484513
22.67,66132.93256087009
22.68,66129.24849841
22.69,66129.51709433034
22.7,66126.2871520728
22.71,66124.30199051692
22.72,66125.18460584783
22.73,66121.52479109533
22.740000000000002,66119.08489777902
22.75,66119.84935299776
22.76,66119.1740396898
22.77,66116.9663868967
22.78,66113.41288285388
22.79,66112.40457765273
22.8,66112.51976705891
22.81,66111.92336114042
22.82,66109.9468237267
22.830000000000002,66109.13610508286
22.84,66105.23451179377
22.85,66102.9893561747
22.86,66105.93058257949
22.87,66101.64488437273
22.88,66100.48563364588
22.89,66098.56400792375
22.900000000000002,66098.42192556582
22.91,66096.56916728464
22.92,66093.83652937165
22.93,66092.3835904444
22.94,66092.39597035295
22.95,66091.0896169274
22.96,66089.93994865511
22.97,66087.71913414897
22.98,66086.55684347289
22.990000000000002,66085.49633326892
23.0,66082.21902046389
23.01,66083.06370256518
23.02,66081.22727103073
23.03,66079.57375716063
23.04,66079.3014614425
23.05,66078.65157146454
23.06,66076.53453486605
23.07,66074.11025139874
23.080000000000002,66073.63299670361
23.09,66071.7826098172
23.1,66071.52704492984
23.11,66069.77641757953
23.12,66069.45741284252
23.13,66067.30327218665
23.14,66065.58909919123
23.150000000000002,66066.5816809386
23.16,66064.73872008765
23.17,66061.72913613245
23.18,66062.10022765512
23.19,66062.39423743462
23.2,66061.5435711994
23.21,66057.73545672561
23.22,66056.96054994588
23.23,66055.68050340914
23.240000000000002,66055.6046968355
23.25,66054.23057635037
23.26,66052.10434156879
23.27,66050.25061645216
23.28,66049.86941703723
23.29,66050.18415273445
23.3,66048.3255349937
23.31,66046.70759305828
23.32,66047.24231361334
23.330000000000002,66047.17390469072
23.34,66044.32762434644
23.35,66044.6068039008
23.36,66041.20078698789
23.37,66040.88115541023
23.38,66040.66609879491
23.39,66037.9881494972
23.400000000000002,66038.8331165703
23.41,66036.79912330996
23.42,66035.91674535643
23.43,66035.36363491263
23.44,66032.7382909629
23.45,66034.2302436391
23.46,66033.21487546994
23.47,66032.05119388418
23.48,66031.58227833989
23.490000000000002,66028.23524816275
23.5,66029.36822403359
23.51,66026.68992865802
23.52,66026.19771439285
23.53,66025.93684262861
23.54,66025.77376802803
23.55,66025.71390568194
23.56,66025.16650384206
23.57,66024.33916386002
23.580000000000002,66022.57147632245
23.59,66020.05171931522
23.6,66018.59846897946
23.61,66018.76516642437
23.62,66018.87452061762
23.63,66017.89334669131
23.64,66015.56434493737
23.650000000000002,66015.95456145432
23.66,66016.6793479901
23.67,66013.91596635115
23.68,66015.25794220563
23.69,66013.80371207431
23.7,66011.94364315872
23.71,66012.8327544393
23.72,66009.35341356325
23.73,66009.75414296925
23.740000000000002,66008.72068331766
23.75,66007.60743396636
23.76,66009.2494814349
23.77,66007.29017344194
23.78,66007.1447494069
23.79,66008.66233021935
23.8,66005.51501772669
23.81,66003.91670003442
23.82,66003.1937344848
23.830000000000002,66004.84010436822
23.84,66004.74074072677
23.85,66002.79686398717
23.86,66001.0517469919
23.87,66001.97988655703
23.88,66001.66330938316
23.89,66001.09863582767
23.900000000000002,65998.73355177797
23.91,65998.68959609054
23.92,65998.41726044458
23.93,65998.8874621158
23.94,65997.35793482518
23.95,65997.69729955398
23.96,65996.56393269115
23.97,65995.88373721359
23.98,65993.74923841338
23.990000000000002,65995.10942443821
24.0,65993.81683234245
24.01,65994.88108013637
24.02,65994.34533450552
24.03,65992.41742167382
24.04,65992.13652377672
24.05,65993.27499849179
24.060000000000002,65992.14032960674
24.07,65992.47845539171
24.080000000000002,65991.38470148931
24.09,65989.35786049196
24.1,65987.72156227806
24.11,65989.74481244627
24.12,65992.27732156997
24.13,65989.144884559
24.14,65987.66829637752
24.150000000000002,65988.35932459414
24.16,65987.49561192363
24.17,65986.69410166687
24.18,65988.73509267402
24.19,65985.5138690196
24.2,65985.58646844582
24.21,65986.18038833856
24.22,65987.10829087206
24.23,65988.37654348895
24.240000000000002,65985.67074448355
24.25,65984.48477107362
24.26,65983.64338433117
24.27,65983.32529448625
24.28,65983.61093245761
24.29,65982.29613080568
24.3,65983.17607100689
24.310000000000002,65983.09991619135
24.32,65983.46785979829
24.330000000000002,65981.99056461915
24.34,65982.67304404995
24.35,65982.43188570785
24.36,65982.01086805071
24.37,65982.91075984969
24.38,65982.08542583934
24.39,65981.19541774095
24.400000000000002,65982.5860217035
24.41,65981.23086989006
24.42,65982.16027625205
24.43,65980.02684880492
24.44,65980.26325544924
24.45,65981.15711622713
24.46,65981.63682180743
24.47,65980.12930076571
24.48,65980.60982587583
24.490000000000002,65979.05325027258
24.5,65979.96657463977
24.51,65980.71902797473
24.52,65980.55418916544
24.53,65979.0725229444
24.54,65980.73046770509
24.55,65979.04454875468
24.560000000000002,65979.71758173531
24.57,65979.4248452529
24.580000000000002,65979.5343964628
24.59,65978.53776798252
24.6,65981.09968388556
24.61,65979.4622145277
24.62,65979.32192846254
24.63,65979.0186652683
24.64,65979.86712894848
24.650000000000002,65980.41889203983
24.66,65979.74251343633
24.67,65981.18106663719
24.68,65979.15195773708
24.69,65981.1687401285
24.7,65980.60948582333
24.71,65981.97083402354
24.72,65980.56193508515
24.73,65980.27237603378
24.740000000000002,65980.05873716083
24.75,65980.3883269878
24.76,65982.57071967413
24.77,65980.22808232077
24.78,65980.49861622282
24.79,65979.48661837859
24.8,65982.03671849823
24.810000000000002,65982.34427594734
24.82,65982.44539257597
24.830000000000002,65982.43888421572
24.84,65982.25268214228
24.85,65982.1034434798
24.86,65981.3364186247
24.87,65982.3377145295
24.88,65982.91967841054
24.89,65982.82830244463
24.900000000000002,65983.58551241274
24.91,65982.39344297972
24.92,65983.75356570665
24.93,65983.2030130807
24.94,65982.1727085002
24.95,65985.08364552032
24.96,65984.25616523963
24.97,65983.83246737541
24.98,65984.30225390266
24.990000000000002,65985.28824365058
25.0,65984.21723665342
25.01,65985.11384300883
25.02,65984.05146879001
25.03,65984.84944632991
25.04,65985.7606163095
25.05,65985.29087545832
25.060000000000002,65985.6926367624
25.07,65985.50376223806
25.080000000000002,65987.78946543533
25.09,65986.72936714451
25.1,65988.4230878682
25.11,65987.10110945659
25.12,65987.92469483276
25.13,65986.79315097275
25.14,65989.45107735044
25.150000000000002,65989.21808057945
25.16,65989.00615320224
25.17,65987.48276218824
25.18,65990.97559026859
25.19,65989.38634217405
25.2,65990.43595490555
25.21,65990.74648723548
25.22,65991.41437264794
25.23,65991.58610016032
25.240000000000002,65991.39558381858
25.25,65993.36019422527
25.26,65992.60411345931
25.27,65993.9739239928
25.28,65995.16296601601
25.29,65993.74254159321
25.3,65994.81337296306
25.310000000000002,65994.62695222444
25.32,65996.24207176399
25.330000000000002,65994.62266772626
25.34,65996.2281565163
25.35,65998.32638013501
25.36,65996.40629712872
25.37,65995.723150621
25.38,65997.0851407006
25.39,65997.1662183212
25.400000000000002,65998.76093249003
25.41,65998.3848280823
25.42,65997.4159495948
25.43,66000.0334368264
25.44,66002.00896469079
25.45,66002.1334403204
25.46,66000.55990411587
25.47,66000.61032637909
25.48,66001.79613599507
25.490000000000002,66003.42883094732
25.5,66002.91296492063
25.51,66004.29009987428
25.52,66003.81556164507
25.53,66003.1764093239
25.54,66002.81505103469
25.55,66004.35837407899
25.560000000000002,66006.82107583497
25.57,66005.37467918616
25.580000000000002,66007.87076669444
25.59,66007.40864320357
25.6,66008.23473525884
25.61,66008.83165599826
25.62,66008.13782556087
25.63,66009.38387076728
25.64,66011.12617183692
25.650000000000002,66010.23281428085
25.66,66011.31014074199
25.67,66012.44275424755
25.68,66012.33813864406
25.69,66013.87260801616
25.7,66013.70089866978
25.71,66013.67862981018
25.72,66014.37342471894
25.73,66017.071964115
25.740000000000002,66017.16959449554
25.75,66013.92878494649
25.76,66017.26897102424
25.77,66017.55923409206
25.78,66018.71208285635
25.79,66018.95802008301
25.8,66018.83267253285
25.810000000000002,66020.80534613307
25.82,66021.13133668009
25.830000000000002,66022.15148121242
25.84,66022.99610439679
25.85,66021.27012742922
25.86,66025.86396405671
25.87,66025.08045993772
25.88,66025.0022449582
25.89,66026.8325618131
25.900000000000002,66025.86724849459
25.91,66026.91466306095
25.92,66027.08939148097
25.93,66028.578490933
25.94,66027.77348482906
25.95,66032.15400103477
25.96,66031.41278807203
25.97,66031.67799647978
25.98,66033.06746590445
25.990000000000002,66033.83891247766
26.0,66034.18370167672
26.01,66034.01101220939
26.02,66035.0945915928
26.03,66036.13517675325
26.04,66036.27519442342
26.05,66035.40540018702
26.060000000000002,66038.19368555416
26.07,66038.46858286596
26.080000000000002,66040.099935256
26.09,66039.02948151775
26.1,66040.75876077614
26.11,66042.27200193163
26.12,66041.39625237015
26.13,66043.30900925945
26.14,66045.97774786816
26.150000000000002,66045.36061401248
26.16,66045.21575817703
26.17,66046.84386037443
26.18,66047.58524788338
26.19,66049.09625967284
26.2,66049.07838859229
26.21,66047.0859754212
26.22,66050.15067480886
26.23,66050.00351735881
26.240000000000002,66054.34282131739
26.25,66054.72114811906
26.26,66053.43935126449
26.27,66056.35082300016
26.28,66055.6333692674
26.29,66057.81805759024
26.3,66056.36032438274
26.310000000000002,66058.572498859
26.32,66059.99271130741
26.330000000000002,66060.86757640149
26.34,66061.76152461322
26.35,66061.11325885398
26.36,66063.27809868248
26.37,66062.9790481608
26.38,66065.95255249049
26.39,66065.14715538528
26.400000000000002,66066.08438870273
26.41,66066.18545915499
26.42,66068.66083846944
26.43,66069.24063217425
26.44,66068.11475934788
26.45,66068.87038960305
26.46,66070.52391470375
26.47,66072.7948667066
26.48,66073.19318405657
26.490000000000002,66076.30293448202
26.5,66075.70693097984
26.51,66076.85110649487
26.52,66077.32421846424
26.53,66078.57809378898
26.54,66078.3624298695
26.55,66080.07792989325
26.560000000000002,66078.48934447367
26.57,66080.12884213439
26.580000000000002,66083.49647024514
26.59,66085.43554902653
26.6,66087.38558482421
26.61,66086.35963921332
26.62,66086.25644264404
26.63,66088.54486902969
26.64,66090.51333024538
26.650000000000002,66090.11506368632
26.66,66092.66826010923
26.67,66094.27060859987
26.68,66092.21464552559
26.69,66095.46833008474
26.7,66096.04788801474
26.71,66095.64253190119
26.72,66098.2062582017
26.73,66097.49620353339
26.740000000000002,66100.8240510501
26.75,66102.63551634058
26.76,66101.18443559515
26.77,66101.51610472817
26.78,66105.25758731097
26.79,66104.38262875678
26.8,66105.13282145411
26.810000000000002,66106.2835644668
26.82,66108.11985913636
26.830000000000002,66108.6270362557
26.84,66113.34001998499
26.85,66111.2539873458
26.86,66113.94421892104
26.87,66116.1351262889
26.88,66114.65858683936
26.89,66116.37696477432
26.900000000000002,66117.51882360376
26.91,66117.70724305023
26.92,66119.59810813915
26.93,66121.33430463495
26.94,66122.09197590082
26.95,66123.60738072351
26.96,66123.3831407583
26.97,66124.71126668934
26.98,66128.23267507947
26.990000000000002,66126.16802646195
27.0,66129.68440816368
27.01,66129.09005844434
27.02,66131.95638236564
27.03,66132.39630049451
27.04,66134.34393526023
27.05,66134.07718828662
27.060000000000002,66135.12323719158
27.07,66137.16063666383
27.080000000000002,66138.8365737399
27.09,66140.90885480407
27.1,66141.12829805957
27.11,66141.16115002795
27.12,66142.67623809155
27.13,66143.15075770082
27.14,66145.39828168531
27.150000000000002,66146.07303876615
27.16,66147.47905174177
27.17,66147.18821418003
27.18,66152.75089991298
27.19,66151.82204877348
27.2,66151.93241342016
27.21,66153.20189176117
27.22,66155.77561022226
27.23,66156.55841987874
27.240000000000002,66156.72682811649
27.25,66159.58782039986
27.26,66161.40277165546
27.27,66161.91259620088
27.28,66161.54989532949
27.29,66163.81866136483
27.3,66165.64925884645
27.310000000000002,66167.37491261799
27.32,66167.4871524122
27.330000000000002,66168.88949712856
27.34,66172.01629954106
27.35,66172.09135786821
27.36,66173.57318304018
27.37,66175.62633014018
27.38,66176.450902033
27.39,66177.74399209417
27.400000000000002,66176.97765423004
27.41,66178.71637366393
27.42,66181.84872088442
27.43,66182.54470090277
27.44,66183.3723262063
27.45,66186.50215388878
27.46,66187.04818662391
27.47,66187.09509613457
27.48,66186.33576123818
27.490000000000002,66191.60109098752
27.5,66190.72417455698
27.51,66192.07057827004
27.52,66195.29843865996
27.53,66195.39411323919
27.54,66196.80102083611
27.55,66196.5680356135
27.560000000000002,66199.90614149671
27.57,66202.70277608784
27.580000000000002,66199.89842620037
27.59,66202.74061842896
27.6,66203.78609649366
27.61,66206.24697958825
27.62,66207.77399463697
27.63,66209.47562148994
27.64,66211.72046353234
27.650000000000002,66211.6450661279
27.66,66212.83916825162
27.67,66215.21862607196
27.68,66216.31777531061
27.69,66218.51189128998
27.7,66218.51245021148
27.71,66220.35252874864
27.72,66223.22306849233
27.73,66224.31601530947
27.740000000000002,66224.55524883997
27.75,66226.38907984071
27.76,66226.76714328126
27.77,66229.95191135287
27.78,66230.51749014901
27.79,66231.96254657519
27.8,66231.88176084287
27.810000000000002,66235.40627849348
27.82,66234.32366041429
27.830000000000002,66238.12591756345
27.84,66241.60010383635
27.85,66241.12004743339
27.86,66242.17596071838
27.87,66243.18336214502
27.88,66245.0825325869
27.89,66246.6903812176
27.900000000000002,66249.30783970295
27.91,66250.79150775618
27.92,66252.38261657282
27.93,66252.89100636999
27.94,66254.2906395082
27.95,66255.66774857484
27.96,66257.88982442842
27.97,66258.53722141664
27.98,66259.68965335403
27.990000000000002,66261.63848211177
28.0,66264.96719932371
28.01,66265.61080536386
28.02,66267.21662633667
28.03,66268.51119571306
28.04,66270.12605756815
28.05,66272.93340732456
28.060000000000002,66271.28429885049
28.07,66274.3318570535
28.080000000000002,66275.75893208185
28.09,66276.58879380456
28.1,66279.29832850474
28.11,66279.1888776998
28.12,66283.06646945904
28.13,66282.92430762069
28.14,66285.2890652565
28.150000000000002,66285.37439086838
28.16,66289.16097964387
28.17,66290.55203611973
28.18,66290.17251922401
28.19,66291.95605490934
28.2,66296.7338086929
28.21,66296.54127197417
28.22,66297.70117407122
28.23,66299.84007797782
28.240000000000002,66299.59140241583
28.25,66302.53707865659
28.26,66303.72776665451
28.27,66306.11264969393
28.28,66307.19067584013
28.29,66308.77450236441
28.3,66311.80887812545
28.310000000000002,66311.57758017519
28.32,66314.64037191482
28.330000000000002,66315.24026486247
28.34,66317.87007999212
28.35,66319.268783056
28.36,66320.59069662874
28.37,66321.47674022256
28.38,66323.18093019289
28.39,66325.2205384646
28.400000000000002,66326.22769559987
28.41,66328.13392032275
28.42,66329.91224311064
28.43,66331.46486746862
28.44,66333.28724312877
28.45,66335.3610678856
28.46,66335.84044385322
28.47,66340.35382172701
28.48,66340.17534269008
28.490000000000002,66341.44361260826
28.5,66344.80702356195
28.51,66344.81261607038
28.52,66347.11479232991
28.53,66349.67874922378
28.54,66348.86232741372
28.55,66351.938169981
28.560000000000002,66354.67128179138
28.57,66356.77938222446
28.580000000000002,66356.59101190651
28.59,66359.78649229376
28.6,66360.26249920293
28.61,66361.67674216797
28.62,66362.27354615595
28.63,66365.75729898656
28.64,66367.53718108645
28.650000000000002,66368.03472702616
28.66,66369.1680372521
28.67,66372.84356543666
28.68,66374.94284305217
28.69,66375.29231203953
28.7,66376.17555879483
28.71,66380.17985018669
28.72,66379.94404845299
28.73,66384.26786574667
28.740000000000002,66384.82934347993
28.75,66386.39688951983
28.76,66386.5885648087
28.77,66389.48500229552
28.78,66389.5005965832
28.79,66394.74496101767
28.8,66394.78992440166
28.810000000000002,66398.3274284226
28.82,66398.81844057253
28.830000000000002,66401.33355390612
28.84,66403.40003369533
28.85,66403.83088099188
28.86,66405.45001747413
28.87,66406.3202362529
28.88,66409.07052478069
28.89,66411.25147370654
28.900000000000002,66412.38469798432
28.91,66415.23255806357
28.92,66417.83149865217
28.93,66417.3540891622
28.94,66420.17613383765
28.95,66420.66514711958
28.96,66423.51753449574
28.97,66426.87839899228
28.98,66427.0799212897
28.990000000000002,66427.02731387525
29.0,66430.10806796016
29.01,66431.57558916307
29.02,66435.7214033356
29.03,66437.07413769128
29.04,66437.48854368331
29.05,66436.96565343656
29.060000000000002,66441.55829528901
29.07,66442.79740207097
29.080000000000002,66445.94371202696
29.09,66446.84927381609
29.1,66448.13924284787
29.11,66451.48948316292
29.12,66452.74586314705
29.13,66455.81793497171
29.14,66456.88842754002
29.150000000000002,66458.42191398764
29.16,66459.14508711295
29.17,66461.18526162332
29.18,66463.95851772602
29.19,66466.65545580738
29.2,66466.269564523
29.21,66470.03086661833
29.22,66470.87393267598
29.23,66474.42410147494
29.240000000000002,66475.24882736243
29.25,66477.20043094642
29.26,66479.78449128434
29.27,66479.18477101761
29.28,66481.6580841831
29.29,66485.0481850398
29.3,66486.51793816203
29.310000000000002,66486.83494890171
29.32,66491.20837767
29.330000000000002,66491.42341493936
29.34,66493.23775768702
29.35,66493.86520043568
29.36,66495.97599812968
29.37,66500.5132803807
29.38,66501.7994742979
29.39,66503.71877396124
29.400000000000002,66506.3883392111
29.41,66504.72262586575
29.42,66508.57310947235
29.43,66512.27944773331
29.44,66511.59219035936
29.45,66513.38679279378
29.46,66516.27599082219
29.47,66516.55231655255
29.48,66518.83041436861
29.490000000000002,66521.92983284018
29.5,66523.4684288762
29.51,66525.13506951273
29.52,66528.7989479272
29.53,66529.96153992937
29.54,66532.74470111488
29.55,66533.21488612368
29.560000000000002,66536.84591379987
29.57,66537.39724780552
29.580000000000002,66537.57706029838
29.59,66543.19874830099
29.6,66542.09335296064
29.61,66544.95210658656
29.62,66546.5214254449
29.63,66547.39337482487
29.64,66550.40423816069
29.650000000000002,66552.57485258795
29.66,66555.36624551483
29.67,66556.69160914053
29.68,66556.9748266973
29.69,66559.37532788844
29.7,66562.53570185704
29.71,66563.77908368963
29.72,66564.6484487041
29.73,66566.72338357607
29.740000000000002,66569.6176387807
29.75,66572.03529765722
29.76,66575.84522991406
29.77,66575.93689274813
29.78,66579.30941608163
29.79,66581.47244324743
29.8,66582.90973973255
29.810000000000002,66583.84869591042
29.82,66587.10520820516
29.830000000000002,66588.2204029636
29.84,66589.49382432614
29.85,66592.82908584757
29.86,66594.31914432878
29.87,66596.83936275062
29.88,66599.63243487115
29.89,66600.89387518546
29.900000000000002,66602.29434217032
29.91,66605.30761985238
29.92,66605.81646477869
29.93,66608.02097656531
29.94,66610.14674248117
29.95,66609.73605670025
29.96,66613.728252794
29.97,66615.8034140684
29.98,66617.9705705095
29.990000000000002,66621.75111446237
30.0,66620.9732949118
30.01,66624.84510280885
30.02,66627.35405758358
30.03,66627.3511488934
30.04,66632.18169096616
30.05,66633.09530108406
30.060000000000002,66634.0273736104
30.07,66636.86497404602
30.080000000000002,66639.8709746698
30.09,66641.53692262719
30.1,66641.46844384653
30.11,66644.21816251836
30.12,66647.74073088635
30.13,66648.20931796788
30.14,66649.15875860788
30.150000000000002,66651.07977263644
30.16,66653.63829738514
30.17,66656.60243876379
30.18,66658.87142262563
30.19,66660.09994489099
30.2,66661.89975543902
30.21,66663.74789604613
30.22,66666.58851847338
30.23,66668.19407253424
30.240000000000002,66672.90097523517
30.25,66672.84963124778
30.26,66675.84678994735
30.27,66678.87445465401
30.28,66678.71260196186
30.29,66679.9522212961
30.3,66683.75188741816
30.310000000000002,66685.59699144379
30.32,66688.55396742205
30.330000000000002,66690.5818778895
30.34,66692.3452986119
30.35,66694.51123318497
30.36,66696.10114729068
30.37,66696.68522413826
30.38,66701.02852068585
30.39,66701.53513611466
30.400000000000002,66705.48071649167
30.41,66704.97794522901
30.42,66708.52685927809
30.43,66712.6972629719
30.44,66712.14665109971
30.45,66715.62559208395
30.46,66717.15219108536
30.47,66718.00781851412
30.48,66722.16265043135
30.490000000000002,66723.18479254199
30.5,66726.16178281108
30.51,66728.4679548508
30.52,66728.94060667748
30.53,66731.97091700413
30.54,66732.84939083944
30.55,66735.63565902696
30.560000000000002,66737.07114071786
30.57,66741.32360450894
30.580000000000002,66742.09219325935
30.59,66744.19572706244
30.6,66746.86881201592
30.61,66748.85092577545
30.62,66749.53899662716
30.63,66753.49291553731
30.64,66754.6027103469
30.650000000000002,66755.93089017259
30.66,66759.80554635235
30.67,66762.7038101924
30.68,66763.91984089604
30.69,66764.80708536578
30.7,66767.06058343669
30.71,66770.74103981881
30.72,66772.27044297889
30.73,66774.00171788984
30.740000000000002,66774.4635025831
30.75,66778.41512072839
30.76,66780.40960992467
30.77,66783.59819571623
30.78,66785.63955273095
30.79,66786.68739220232
30.8,66789.39149877995
30.810000000000002,66792.26414061674
30.82,66790.92604752284
30.830000000000002,66794.93661663287
30.84,66798.2121427642
30.85,66799.68683356456
30.86,66801.33320671349
30.87,66805.01339194823
30.88,66806.83116162571
30.89,66808.98864404675
30.900000000000002,66811.83053404857
30.91,66813.06516227267
30.92,66815.35772175633
30.93,66815.51417540047
30.94,66819.00123826943
30.95,66820.45450846215
30.96,66823.91926419866
30.970000000000002,66825.0119866065
30.98,66827.35303606951
30.990000000000002,66829.6778315169
31.0,66832.40653839814
31.01,66836.18126215844
31.02,66836.84037221903
31.03,66838.03865969345
31.04,66840.98814371783
31.05,66843.26243355456
31.060000000000002,66844.1710301546
31.07,66847.2950505124
31.080000000000002,66850.83829200135
31.09,66853.1099588584
31.1,66853.78213979033
31.11,66855.95885806029
31.12,66859.75624558334
31.13,66861.00312609487
31.14,66861.45223810313
31.150000000000002,66867.64261927782
31.16,66867.56779531912
31.17,66868.3065138669
31.18,66870.73562831088
31.19,66874.36371624954
31.2,66876.5622650019
31.21,66878.09453078118
31.220000000000002,66881.03619975453
31.23,66883.64087014795
31.240000000000002,66885.50293325802
31.25,66885.44624787498
31.26,66890.5632602675
31.27,66890.58138603186
31.28,66894.51812785995
31.29,66897.95059396442
31.3,66899.31122576223
31.310000000000002,66899.74761247306
31.32,66902.83582328826
31.330000000000002,66904.39079786549
31.34,66906.47551774658
31.35,66910.87772145237
31.36,66910.7351482615
31.37,66913.48887970614
31.38,66916.7135917747
31.39,66917.22850652816
31.400000000000002,66920.27353024948
31.41,66922.94032525009
31.42,66924.6949880595
31.43,66927.63208146347
31.44,66928.71465247656
31.45,66932.45299770772
31.46,66933.11829221851
31.470000000000002,66936.2175673285
31.48,66939.9237005872
31.490000000000002,66942.56272658406
31.5,66942.62460276745
31.51,66945.12935230703
31.52,66946.96046519723
31.53,66948.23491326942
31.54,66951.52870496364
31.55,66952.7613981451
31.560000000000002,66955.36298461483
31.57,66957.85075801719
31.580000000000002,66960.49215323605
31.59,66962.40993764253
31.6,66965.59301872336
31.61,66967.90272268436
31.62,66969.20438017286
31.63,66973.28875329602
31.64,66974.72607181664
31.650000000000002,66977.19449868127
31.66,66979.4917955726
31.67,66981.591289424
31.68,66982.1562962349
31.69,66983.91274698474
31.7,66987.09648213924
31.71,66989.92944716394
31.720000000000002,66991.79449500251
31.73,66994.2205781281
31.740000000000002,66996.2801492375
31.75,66999.73665154421
31.76,67001.06020974973
31.77,67004.00436217297
31.78,67004.79152286449
31.79,67006.45281521413
31.8,67010.4254421813
31.810000000000002,67013.82658595374
31.82,67015.14542003085
31.830000000000002,67016.87887268436
31.84,67020.68808920875
31.85,67021.26210163903
31.86,67023.50587514229
31.87,67027.5892559057
31.88,67027.33342071605
31.89,67030.32962556274
31.900000000000002,67034.03395949317
31.91,67034.85666532897
31.92,67037.12558256445
31.93,67038.94107879902
31.94,67042.25632611269
31.95,67044.08354411252
31.96,67047.74973374067
31.970000000000002,67049.01970766646
31.98,67051.4086065194
31.990000000000002,67054.83278164656
32.0,67056.33852465592
32.01,67058.5586498427
32.02,67060.09789521086
32.03,67062.75433676172
32.04,67064.70136300488
32.05,67065.36446363397
32.06,67068.40127298851
32.07,67072.29620947254
32.08,67075.99737144733
32.09,67076.4035748182
32.1,67078.3130189812
32.11,67082.36509267677
32.12,67082.53458245857
32.13,67086.13553888266
32.14,67088.91534790667
32.15,67091.23070924415
32.160000000000004,67091.75849380436
32.17,67094.04606964428
32.18,67095.37725803089
32.19,67099.59905029586
32.2,67102.09922509546
32.21,67105.58653759213
32.22,67107.0526568963
32.230000000000004,67109.51211179666
32.24,67111.3265147585
32.25,67113.30561872797
32.26,67113.86729332306
32.27,67118.21290285196
32.28,67118.45680675986
32.29,67121.32860779502
32.3,67125.10723330798
32.31,67126.13147267803
32.32,67128.34594529495
32.33,67131.43392163617
32.34,67133.58136596301
32.35,67135.18397211582
32.36,67137.8285835048
32.37,67142.34273692456
32.38,67143.12113432794
32.39,67145.65349961951
32.4,67147.5520102781
32.410000000000004,67150.01358327994
32.42,67151.7867660768
32.43,67156.38478591501
32.44,67156.4509847394
32.45,67160.30515974438
32.46,67163.32535485027
32.47,67165.53177213517
32.480000000000004,67166.19022775485
32.49,67167.9300302442
32.5,67169.1904048675
32.51,67172.91717778496
32.52,67175.76146616763
32.53,67178.06670188477
32.54,67181.75924133488
32.55,67182.80572804723
32.56,67186.64724262194
32.57,67188.00748498974
32.58,67189.77545977608
32.59,67191.55477712852
32.6,67194.9818531616
32.61,67196.50184808346
32.62,67198.62352679767
32.63,67200.69740055228
32.64,67203.80099658939
32.65,67204.98218365884
32.660000000000004,67207.46573790377
32.67,67209.51223537316
32.68,67213.2227641199
32.69,67216.20980691654
32.7,67217.8100444464
32.71,67220.01205932473
32.72,67222.44706551974
32.730000000000004,67223.43194614827
32.74,67225.88751231699
32.75,67229.3236648926
32.76,67233.275231426
32.77,67235.14732877062
32.78,67234.99463526052
32.79,67238.72629337928
32.8,67240.12175993611
32.81,67245.20332107841
32.82,67246.6063927516
32.83,67249.82477862108
32.84,67249.13748789109
32.85,67253.06010077929
32.86,67255.58868450251
32.87,67257.7382907011
32.88,67259.22560286729
32.89,67262.13222674085
32.9,67262.94068104551
32.910000000000004,67265.86472697582
32.92,67271.1331281147
32.93,67272.54565661204
32.94,67274.45999946674
32.95,67274.52159696037
32.96,67279.63074115418
32.97,67281.61813516208
32.980000000000004,67284.61917974887
32.99,67285.41709708156
33.0,67287.81925325406
33.01,67291.52705600575
33.02,67293.38653340636
33.03,67295.13676383167
33.04,67299.27092427199
33.05,67299.96917281237
33.06,67302.78551228641
33.07,67305.32119173775
33.08,67306.97722280932
33.09,67310.61448312728
33.1,67312.59409902254
33.11,67315.19157766223
33.12,67316.84321349101
33.13,67317.80086669093
33.14,67319.71406913406
33.15,67325.59498161323
33.160000000000004,67324.49489353062
33.17,67326.62932082223
33.18,67330.83314818738
33.19,67332.7307983703
33.2,67335.97424432266
33.21,67337.65741166018
33.22,67339.99580077086
33.230000000000004,67344.24521030272
33.24,67346.11566834993
33.25,67347.60956291923
33.26,67351.2517727406
33.27,67352.93226081159
33.28,67354.64855078277
33.29,67356.64964557605
33.3,67359.04950439313
33.31,67362.3894196114
33.32,67364.57847322721
33.33,67366.13722578529
33.34,67368.83615646145
33.35,67371.42733183037
33.36,67375.21094195337
33.37,67376.05028112832
33.38,67380.37473199352
33.39,67380.17782565151
33.4,67382.25972246016
33.410000000000004,67386.81439265436
33.42,67390.14056491423
33.43,67390.8226204936
33.44,67392.96086343323
33.45,67395.4909087896
33.46,67397.19895621782
33.47,67399.83553866173
33.480000000000004,67401.2328651065
33.49,67403.50236142713
33.5,67406.17539639548
33.51,67409.3505646055
33.52,67411.41082782227
33.53,67413.84822602129
33.54,67417.81465088055
33.55,67418.1500040522
33.56,67421.87694074993
33.57,67424.38834993592
33.58,67427.01142910846
33.59,67429.31692796736
33.6,67430.3463686773
33.61,67434.7003940676
33.62,67433.81102688197
33.63,67438.11372711528
33.64,67442.40597788723
33.65,67442.08744284805
33.660000000000004,67447.08188740202
33.67,67447.85896704785
33.68,67450.0690142229
33.69,67452.74476318932
33.7,67455.98539693227
33.71,67458.24757161505
33.72,67459.83883535075
33.730000000000004,67464.11878565
33.74,67464.0498365808
33.75,67466.6365691403
33.76,67470.83443540032
33.77,67470.8638902563
33.78,67473.02417838413
33.79,67478.0192648631
33.8,67478.84948903305
33.81,67483.4088149214
33.82,67482.59267142999
33.83,67487.50853766805
33.84,67488.2285514973
33.85,67491.1590279308
33.86,67492.92292555011
33.87,67495.43528642757
33.88,67497.5543667138
33.89,67500.85485641993
33.9,67502.58040465893
33.910000000000004,67505.55115758292
33.92,67507.57163207729
33.93,67511.20292284434
33.94,67514.57791643275
33.95,67515.28649688861
33.96,67519.17626176724
33.97,67520.71807457936
33.980000000000004,67522.99981479715
33.99,67525.55570084698
34.0,67527.50003224322
34.01,67530.09890013881
34.02,67533.14007062808
34.03,67535.53900022683
34.04,67537.69215319655
34.05,67538.20813333252
34.06,67541.6059961957
34.07,67544.3175209865
34.08,67547.13804679598
34.09,67550.97002502064
34.1,67553.68243952793
34.11,67552.54695291749
34.12,67557.64889589361
34.13,67559.7695993814
34.14,67561.0769669831
34.15,67561.49825299418
34.160000000000004,67566.16563499198
34.17,67568.14171865793
34.18,67570.6734187858
34.19,67573.65051380356
34.2,67574.07407297342
34.21,67578.36330749812
34.22,67579.74431686176
34.230000000000004,67582.3298467188
34.24,67585.65417714424
34.25,67588.11404254605
34.26,67590.74501356091
34.27,67592.82954342794
34.28,67595.52980586981
34.29,67597.19356117994
34.300000000000004,67600.52252427312
34.31,67603.36606402176
34.32,67605.84203288128
34.33,67607.32317860008
34.34,67610.41261162022
34.35,67611.73699194343
34.36,67615.50457421089
34.37,67617.67366494476
34.38,67619.42533954914
34.39,67622.08928230639
34.4,67623.78908609854
34.410000000000004,67625.3531381953
34.42,67627.80268559023
34.43,67633.16701246462
34.44,67634.39514134904
34.45,67637.2809055423
34.46,67637.06048925937
34.47,67641.63148727802
34.480000000000004,67642.46856737814
34.49,67646.3002104195
34.5,67647.51685139796
34.51,67651.10872394367
34.52,67653.56040834576
34.53,67657.00984775665
34.54,67659.06938145179
34.550000000000004,67660.53036139985
34.56,67663.98717479919
34.57,67666.17059142218
34.58,67668.0797368801
34.59,67671.88441378226
34.6,67672.33187721003
34.61,67676.03257348498
34.62,67678.19002044894
34.63,67679.34027986755
34.64,67684.32978882617
34.65,67686.50348015143
34.660000000000004,67688.17274906104
34.67,67690.8570240242
34.68,67694.20360360421
34.69,67693.98529375592
34.7,67696.96045185524
34.71,67699.98114776232
34.72,67701.63612696539
34.730000000000004,67704.02303560388
34.74,67708.3233088329
34.75,67708.1499584684
34.76,67712.00919800997
34.77,67715.0409239978
34.78,67717.02396687272
34.79,67717.8389870267
34.800000000000004,67721.40913232623
34.81,67723.61038307995
34.82,67729.2163752871
34.83,67730.01495170187
34.84,67730.77947709647
34.85,67734.61505189336
34.86,67737.55790221273
34.87,67740.689066819
34.88,67740.75468656707
34.89,67744.59867228755
34.9,67746.67459226874
34.910000000000004,67750.69023541924
34.92,67752.7664436333
34.93,67752.98751532743
34.94,67754.63909844086
34.95,67759.73964664762
34.96,67762.11562338159
34.97,67765.28617986916
34.980000000000004,67767.89654069622
34.99,67768.13967237844
35.0,67770.59921390437
35.01,67773.28717837819
35.02,67776.73440704691
35.03,67777.22450136274
35.04,67781.49465221069
35.050000000000004,67784.72005055174
35.06,67784.6095927143
35.07,67789.40359258828
35.08,67790.63117655987
35.09,67792.42009724701
35.1,67797.0791449189
35.11,67799.21349307844
35.12,67802.07838443966
35.13,67802.10708323651
35.14,67805.7151167178
35.15,67807.59600620395
35.160000000000004,67809.18149273137
35.17,67813.2617536656
35.18,67815.54468575165
35.19,67818.47888000977
35.2,67821.70571552463
35.21,67823.80114295568
35.22,67826.01933122204
35.230000000000004,67825.55825832988
35.24,67828.8632744146
35.25,67831.75243213818
35.26,67835.45467355737
35.27,67838.45124758212
35.28,67840.79913522948
35.29,67843.8739944376
35.300000000000004,67844.45311815721
35.31,67845.80115013951
35.32,67851.39783117145
35.33,67851.48262934703
35.34,67855.62588886653
35.35,67857.2518197602
35.36,67857.85519965454
35.37,67862.36958362647
35.38,67865.19431751136
35.39,67866.83955119635
35.4,67869.36857204694
35.410000000000004,67872.32418555435
35.42,67875.67240098213
35.43,67876.58831884392
35.44,67879.83183502548
35.45,67880.63344934076
35.46,67883.29988631082
35.47,67888.96603252426
35.480000000000004,67887.26742716895
35.49,67890.42362896964
35.5,67894.76089918823
35.51,67897.56422849077
35.52,67899.65666633703
35.53,67901.2181536442
35.54,67903.85089304576
35.550000000000004,67906.92451574442
35.56,67908.960288561
35.57,67908.84668197413
35.58,67914.61991454077
35.59,67918.07022867989
35.6,67919.53750831504
35.61,67921.5018025586
35.62,67923.93959462957
35.63,67925.01991196917
35.64,67930.18900254519
35.65,67929.97264285789
35.660000000000004,67933.83493256304
35.67,67935.4583415649
35.68,67940.206170151
35.69,67942.12876559631
35.7,67943.45554060157
35.71,67946.98172068571
35.72,67949.58961564032
35.730000000000004,67949.58619265199
35.74,67953.20417487073
35.75,67956.51869638577
35.76,67958.62341823775
35.77,67960.84268994212
35.78,67962.7351264602
35.79,67967.00649976594
35.800000000000004,67968.97123066483
35.81,67970.81866418858
35.82,67973.40835798573
35.83,67975.8678171126
35.84,67980.63450233829
35.85,67981.38898848224
35.86,67982.13431787862
35.87,67986.81473403271
35.88,67987.9039336097
35.89,67992.02577134353
35.9,67993.2344672038
35.910000000000004,67996.5988479769
35.92,67997.62706894596
35.93,68001.5668994311
35.94,68004.25572108086
35.95,68004.73218516695
35.96,68008.01265693623
35.97,68009.80056599561
35.980000000000004,68012.86852202677
35.99,68015.51868216165
36.0,68018.56549473225
36.01,68020.33356761107
36.02,68021.46664804449
36.03,68026.00975677851
36.04,68027.49565569301
36.050000000000004,68031.03389767613
36.06,68033.7505131994
36.07,68036.31873091863
36.08,68038.6624358479
36.09,68037.52742127681
36.1,68043.16350454032
36.11,68044.1555987059
36.12,68047.2436072038
36.13,68048.97721311144
36.14,68051.48744512592
36.15,68054.69293543974
36.160000000000004,68057.95535539031
36.17,68061.26957594097
36.18,68062.74985590216
36.19,68067.20134414951
36.2,68068.87579037111
36.21,68069.55570533832
36.22,68071.15921566357
36.230000000000004,68075.03658722587
36.24,68079.18228383495
36.25,68081.02325768294
36.26,68082.58163244651
36.27,68086.84287690825
36.28,68089.66712762612
36.29,68090.49716143607
36.300000000000004,68092.08170327447
36.31,68095.93468466938
36.32,68097.713716926
36.33,68099.24887768533
36.34,68101.77375936747
36.35,68104.04080366743
36.36,68107.51591766134
36.37,68111.23824258611
36.38,68112.59300902116
36.39,68114.44811842241
36.4,68119.14349101226
36.410000000000004,68121.39630324616
36.42,68120.16943707656
36.43,68125.7135795694
36.44,68127.0806818789
36.45,68128.95088236821
36.46,68132.77981064995
36.47,68136.28681363109
36.480000000000004,68136.11451593523
36.49,68139.45340713672
36.5,68142.6518290643
36.51,68146.06785738593
36.52,68145.59401922485
36.53,68149.38332988435
36.54,68151.18602678666
36.550000000000004,68156.19240959841
36.56,68158.22485053491
36.57,68158.63872481404
36.58,68162.51328691845
36.59,68164.04061693637
36.6,68167.06535192401
36.61,68170.82129664838
36.62,68173.97947744952
36.63,68175.22886068489
36.64,68176.64000097141
36.65,68180.14722747925
36.660000000000004,68181.86601695599
36.67,68183.9127375311
36.68,68186.5010372402
36.69,68190.11097675309
36.7,68192.48039216541
36.71,68195.79665230482
36.72,68198.04925442027
36.730000000000004,68200.33435740316
36.74,68204.39350821733
36.75,68206.27490254925
36.76,68206.11585811757
36.77,68210.14868220597
36.78,68211.92854255498
36.79,68214.44721546641
36.800000000000004,68217.40850709764
36.81,68219.41713949792
36.82,68222.38328313122
36.83,68224.45535200772
36.84,68227.27359858336
36.85,68229.67316003586
36.86,68230.36628480161
36.87,68233.81783155155
36.88,68238.30595160613
36.89,68241.44275486215
36.9,68242.11170055023
36.910000000000004,68243.4316337487
36.92,68246.6967453688
36.93,68250.2239747235
36.94,68252.840554785
36.95,68253.76164855281
36.96,68257.42988936309
36.97,68257.92214369662
36.980000000000004,68260.58651468626
36.99,68264.64622144472
37.0,68266.29611192363
37.01,68270.04650615432
37.02,68272.20203073438
37.03,68274.71659582053
37.04,68275.80823311223
37.050000000000004,68281.2361140923
37.06,68282.10074466222
37.07,68285.78148169845
37.08,68286.95552291899
37.09,68290.34834708287
37.1,68291.76128173406
37.11,68295.57215893811
37.12,68296.79410709013
37.13,68297.8631991952
37.14,68301.24935700773
37.15,68306.05976107456
37.160000000000004,68308.04638622334
37.17,68309.82502523252
37.18,68312.11300364105
37.19,68313.40473518088
37.2,68317.61185415444
37.21,68320.86633410786
37.22,68321.28747897455
37.230000000000004,68324.5255802339
37.24,68327.30747492776
37.25,68330.42649798983
37.26,68331.50784388206
37.27,68334.87457481104
37.28,68337.1380099538
37.29,68339.05607452091
37.300000000000004,68343.13449349871
37.31,68343.78947616443
37.32,68348.1249510777
37.33,68350.39493766006
37.34,68352.25899588814
37.35,68355.45035551557
37.36,68356.4568313272
37.37,68361.30498123233
37.38,68363.20489216744
37.39,68365.30138897403
37.4,68367.26634714157
37.410000000000004,68368.21845329959
37.42,68372.60155108155
37.43,68374.276024649
37.44,68376.89049240967
37.45,68381.66305001656
37.46,68380.90298841518
37.47,68384.98164265155
37.480000000000004,68387.37251853533
37.49,68391.0373861384
37.5,68390.77875327309
37.51,68395.67405244036
37.52,68396.52779603265
37.53,68400.02036257449
37.54,68402.3903212671
37.550000000000004,68401.59860911459
37.56,68407.52691812014
37.57,68409.30160401596
37.58,68412.07215302114
37.59,68415.97144439259
37.6,68418.13546611335
37.61,68418.90060050006
37.62,68423.16492648135
37.63,68426.74820749107
37.64,68428.32851324507
37.65,68430.51138306552
37.660000000000004,68432.26322062116
37.67,68435.1158881738
37.68,68436.69847335097
37.69,68440.46879973191
37.7,68441.37341253037
37.71,68445.06287152963
37.72,68447.4447007892
37.730000000000004,68450.7436692741
37.74,68451.56339467208
37.75,68454.64153388636
37.76,68457.4605760863
37.77,68461.76622491817
37.78,68462.42682996311
37.79,68464.35502272026
37.800000000000004,68466.54158145929
37.81,68471.4584554603
37.82,68472.59932045708
37.83,68474.43286508633
37.84,68476.63630369058
37.85,68479.41446899508
37.86,68481.33120279347
37.87,68484.48895555278
37.88,68489.3374504175
37.89,68490.70486617215
37.9,68494.20369873894
37.910000000000004,68492.35930742903
37.92,68498.10800281304
37.93,68500.03226594739
37.94,68504.14193557524
37.95,68507.30896091076
37.96,68506.19134744498
37.97,68509.56502867331
37.980000000000004,68512.21027231902
37.99,68516.77112867158
38.0,68517.81393065218
38.01,68519.7442288032
38.02,68523.39841108971
38.03,68527.20050026065
38.04,68527.97842632433
38.050000000000004,68532.85065531694
38.06,68532.71172308523
38.07,68535.57819488645
38.08,68536.99245247543
38.09,68538.46618102955
38.1,68543.71901420239
38.11,68543.91249052263
38.12,68547.70846020407
38.13,68551.03566063587
38.14,68552.37337221816
38.15,68555.52257916135
38.160000000000004,68558.13275727152
38.17,68560.84543311945
38.18,68564.5468074487
38.19,68568.05794915247
38.2,68568.41846380018
38.21,68571.48156302086
38.22,68573.24088321078
38.230000000000004,68576.331162441
38.24,68578.40879616949
38.25,68580.62273703709
38.26,68582.74393551171
38.27,68586.08734827049
38.28,68588.84896285355
38.29,68591.61123964023
38.300000000000004,68593.41591104242
38.31,68595.87536883222
38.32,68597.28537004962
38.33,68600.86985779162
38.34,68605.67257302643
38.35,68606.25419092343
38.36,68608.15241317071
38.37,68609.87934165826
38.38,68613.0858055962
38.39,68617.4754606918
38.4,68619.321239984
38.410000000000004,68620.73038146883
38.42,68624.11140062081
38.43,68627.94651077635
38.44,68629.22884827144
38.45,68631.23953493948
38.46,68633.75150650425
38.47,68637.13964109839
38.480000000000004,68639.43449691012
38.49,68642.5764282513
38.5,68644.53778060012
38.51,68645.8463650569
38.52,68646.70234876375
38.53,68651.54514794266
38.54,68653.86937993004
38.550000000000004,68655.61438235515
38.56,68658.58795434592
38.57,68660.36949316038
38.58,68664.03468005075
38.59,68667.17035999117
38.6,68669.16315739782
38.61,68672.34813997199
38.62,68673.80934475808
38.63,68675.73451403431
38.64,68679.02637776478
38.65,68681.5199553829
38.660000000000004,68681.78537154935
38.67,68687.5679237678
38.68,68689.52422590788
38.69,68692.19301049574
38.7,68695.1875154107
38.71,68696.97759053757
38.72,68698.85796724298
38.730000000000004,68702.35314009196
38.74,68704.09070539394
38.75,68707.58534827954
38.76,68709.49986399594
38.77,68711.214051936
38.78,68713.45246329358
38.79,68716.4439878829
38.800000000000004,68717.40711364218
38.81,68722.11812601557
38.82,68723.28377323192
38.83,68726.14195020034
38.84,68730.53739248727
38.85,68732.2327856763
38.86,68734.8430263082
38.87,68736.1246594002
38.88,68740.38021172021
38.89,68742.25838574329
38.9,68745.24309175297
38.910000000000004,68746.00434172916
38.92,68751.45030419265
38.93,68753.63779994326
38.94,68755.27772677521
38.95,68759.37197461938
38.96,68760.52554867406
38.97,68762.31077619262
38.980000000000004,68764.51102358881
38.99,68767.20946347223
39.0,68770.20448609765
39.01,68773.80217559329
39.02,68774.23086652103
39.03,68779.68972157328
39.04,68779.36439963877
39.050000000000004,68782.05023139514
39.06,68784.1835878468
39.07,68788.40108125078
39.08,68789.1492649057
39.09,68793.1009596261
39.1,68795.84500998187
39.11,68798.34192612223
39.12,68799.96993070937
39.13,68803.29388128499
39.14,68804.55935416292
39.15,68807.70159653766
39.160000000000004,68810.15781127516
39.17,68812.44250202368
39.18,68815.30128932944
39.19,68818.01689334729
39.2,68819.87953062188
39.21,68822.44076613539
39.22,68825.15848139922
39.230000000000004,68828.85069747588
39.24,68830.31758078937
39.25,68832.57871145682
39.26,68834.77734232097
39.27,68836.49797296368
39.28,68841.72547522688
39.29,68843.63074801843
39.300000000000004,68844.11288519115
39.31,68850.35956065728
39.32,68849.72459266905
39.33,68853.88058952207
39.34,68857.70614449494
39.35,68858.53825872255
39.36,68859.71302126616
39.37,68863.11521917811
39.38,68866.47793426266
39.39,68868.27580381377
39.4,68871.10788885439
39.410000000000004,68872.44960620985
39.42,68874.01701408136
39.43,68877.6514693467
39.44,68880.79380800335
39.45,68885.17308092499
39.46,68886.67313585308
39.47,68888.89128669201
39.480000000000004,68892.8479340991
39.49,68894.34838741402
39.5,68895.08275460188
39.51,68899.39814114066
39.52,68899.66481035754
39.53,68903.3399386734
39.54,68906.91759040084
39.550000000000004,68907.9529229594
39.56,68909.72685233697
39.57,68916.05234891882
39.58,68916.30435216623
39.59,68919.59326202016
39.6,68923.12906433444
39.61,68923.4687718418
39.62,68925.7585745286
39.63,68929.74662105707
39.64,68932.44901942812
39.65,68934.17470712322
39.660000000000004,68937.28997524225
39.67,68938.67637194616
39.68,68941.74825057831
39.69,68944.84907714228
39.7,68947.43391110767
39.71,68950.09447899174
39.72,68950.81641553556
39.730000000000004,68952.40930532718
39.74,68958.38605171336
39.75,68959.68941390043
39.76,68962.00302991066
39.77,68962.54992442037
39.78,68967.39443546133
39.79,68969.63277287078
39.800000000000004,68972.14045277816
39.81,68974.01041623496
39.82,68978.00460633426
39.83,68979.91198639077
39.84,68982.79138935397
39.85,68984.14318949373
39.86,68986.48230484728
39.87,68990.20503048906
39.88,68992.1381464771
39.89,68993.30414838328
39.9,68997.21665083211
39.910000000000004,68999.59052650991
39.92,69003.98716073179
39.93,69005.14850144113
39.94,69007.59060977411
39.95,69009.78846315666
39.96,69012.24046181912
39.97,69018.42583550756
39.980000000000004,69017.33714681787
39.99,69018.54798777474
40.0,69020.59503530936
40.01,69025.08269423334
40.02,69028.26343563062
40.03,69030.13824279828
40.04,69032.84585164703
40.050000000000004,69035.90357863814
40.06,69038.33846399772
40.07,69040.27406486591
40.08,69043.57549513687
40.09,69044.45989127384
40.1,69046.68289421407
40.11,69050.56284439555
40.12,69053.94372332768
40.13,69055.98324329255
40.14,69057.49018165011
40.15,69060.26846134607
40.160000000000004,69063.7056316389
40.17,69066.65514278832
40.18,69067.32256916435
40.19,69071.5478067071
40.2,69072.9239802567
40.21,69074.49481854927
40.22,69079.7729422566
40.230000000000004,69079.52804656312
40.24,69084.02411140189
40.25,69088.16555913043
40.26,69087.3819740967
40.27,69091.55967572959
40.28,69094.07565320673
40.29,69096.61991826267
40.300000000000004,69098.59799941715
40.31,69101.5490630985
40.32,69104.16728885342
40.33,69106.30676775654
40.34,69109.0319312654
40.35,69109.5366696501
40.36,69115.24469543337
40.37,69114.92827554814
40.38,69120.69290342773
40.39,69121.54650162435
40.4,69124.56624349701
40.410000000000004,69126.2938248754
40.42,69129.72450673654
40.43,69131.78565180085
40.44,69133.6180135123
40.45,69136.51053097245
40.46,69139.82911532513
40.47,69140.40419775668
40.480000000000004,69145.3985591236
40.49,69146.99061818737
40.5,69150.45713979744
40.51,69150.79279130771
40.52,69154.64235561115
40.53,69158.37519608074
40.54,69159.3006738213
40.550000000000004,69161.73710457211
40.56,69164.05499363811
40.57,69167.08272611538
40.58,69168.4872913275
40.59,69171.4641149699
40.6,69174.13276735088
40.61,69176.53824611907
40.62,69180.22558032592
40.63,69182.38729217043
40.64,69186.13697653198
40.65,69187.52840445358
40.660000000000004,69189.80461409225
40.67,69193.18308033759
40.68,69196.4180374831
40.69,69197.85017706716
40.7,69200.25365220678
40.71,69202.32603552316
40.72,69206.11991224442
40.730000000000004,69207.82400415656
40.74,69212.53102084894
40.75,69213.87185108011
40.76,69215.81517218368
40.77,69217.50335874522
40.78,69220.12856741199
40.79,69222.53107161034
40.800000000000004,69225.56079109336
40.81,69228.9082700461
40.82,69231.73408795576
40.83,69232.55089581356
40.84,69237.69226088068
40.85,69235.93575244886
40.86,69241.16320886192
40.87,69243.36975492076
40.88,69245.58639638044
40.89,69247.29071689569
40.9,69249.97128955642
40.910000000000004,69253.86308044428
40.92,69256.6552405483
40.93,69257.60157656083
40.94,69260.83963840878
40.95,69263.53477036237
40.96,69265.70913941876
40.97,69268.91161630326
40.980000000000004,69270.83077474764
40.99,69275.66014773589
41.0,69275.5442554901
41.01,69279.21075198037
41.02,69282.73175408936
41.03,69285.33009610459
41.04,69286.89453695164
41.050000000000004,69287.71904829645
41.06,69289.45570162819
41.07,69295.55099273425
41.08,69296.7188894199
41.09,69298.48851241395
41.1,69302.69510967609
41.11,69305.18419087867
41.12,69306.85378255852
41.13,69310.35142595747
41.14,69313.4294172364
41.15,69314.69350086288
41.160000000000004,69316.78831051916
41.17,69320.69736916419
41.18,69322.26628490287
41.19,69322.93815643704
41.2,69325.76602633615
41.21,69329.98261765418
41.22,69330.73046628664
41.230000000000004,69334.59556981506
41.24,69337.4719012762
41.25,69340.39694958263
41.26,69342.08255824218
41.27,69347.03340667559
41.28,69347.57396847614
41.29,69350.75888342461
41.300000000000004,69351.00791439584
41.31,69354.7343799856
41.32,69357.3747909862
41.33,69360.97934245615
41.34,69362.89657615547
41.35,69364.73996884676
41.36,69368.10376317725
41.37,69368.7310307384
41.38,69373.2743402249
41.39,69376.50612231279
41.4,69378.66798074968
41.410000000000004,69380.41056107773
41.42,69381.65724332242
41.43,69386.75809723315
41.44,69389.08782887207
41.45,69390.77459334664
41.46,69394.80012669503
41.47,69395.79593873414
41.480000000000004,69399.14413922539
41.49,69400.25296068726
41.5,69402.4956781577
41.51,69407.03603444417
41.52,69410.18002621438
41.53,69411.7133811021
41.54,69414.54821150473
41.550000000000004,69416.3562767488
41.56,69417.46841759387
41.57,69421.5465524986
41.58,69425.72282104856
41.59,69426.97396830563
41.6,69427.88453610284
41.61,69432.14626239982
41.62,69432.65230194655
41.63,69434.71549541409
41.64,69437.55705582099
41.65,69442.07825065899
41.660000000000004,69444.8888389807
41.67,69446.4296499566
41.68,69448.34166775557
41.69,69451.6139468298
41.7,69454.37334070585
41.71,69455.29931967366
41.72,69459.10943176689
41.730000000000004,69461.70099704135
41.74,69464.62462262552
41.75,69467.35468324907
41.76,69469.2890973092
41.77,69471.92487755498
41.78,69474.52599560945
41.79,69478.00593207724
41.800000000000004,69479.5456782873
41.81,69482.19227556678
41.82,69484.4990180253
41.83,69488.27683688937
41.84,69487.60670876829
41.85,69492.6742727515
41.86,69494.01149233054
41.87,69497.90178080306
41.88,69500.14375486945
41.89,69502.3016758818
41.9,69505.6930006445
41.910000000000004,69507.33086600142
41.92,69510.86134267591
41.93,69511.9588214089
41.94,69515.15362217228
41.95,69517.1904262147
41.96,69519.68191113313
41.97,69521.53653033887
41.980000000000004,69525.97989681354
41.99,69526.30097890366
42.0,69531.72563139355
42.01,69532.27986645936
42.02,69535.50677158489
42.03,69539.40244994855
42.04,69542.09152195993
42.050000000000004,69543.4000047342
42.06,69546.83404636486
42.07,69549.93990595384
42.08,69551.5701611328
42.09,69554.14392241988
42.1,69556.0124350797
42.11,69556.45401731654
42.12,69561.77817936457
42.13,69563.76970049413
42.14,69564.30995107167
42.15,69568.69026594421
42.160000000000004,69569.86012357348
42.17,69573.49257214967
42.18,69577.30146737245
42.19,69578.27283482108
42.2,69582.57925918614
42.21,69584.31757655028
42.22,69587.39532288823
42.230000000000004,69588.30024072858
42.24,69590.16893246626
42.25,69593.477002447
42.26,69595.78267780479
42.27,69600.00758862708
42.28,69604.12357102375
42.29,69601.97518933074
42.300000000000004,69603.33918558495
42.31,69610.20172981148
42.32,69612.23490870322
42.33,69614.03550097985
42.34,69617.39179949825
42.35,69618.43332589649
42.36,69622.42027757996
42.37,69625.19113825668
42.38,69627.4219239311
42.39,69629.37927566502
42.4,69633.20666076009
42.410000000000004,69634.98907203668
42.42,69637.49181677992
42.43,69639.51872282865
42.44,69642.78828388258
42.45,69644.9371744615
42.46,69648.74232895832
42.47,69649.51960491618
42.480000000000004,69652.93940826338
42.49,69654.94003953066
42.5,69657.56382179244
42.51,69658.67848225644
42.52,69664.1876663779
42.53,69664.29271120977
42.54,69668.0459335896
42.550000000000004,69669.37153594346
42.56,69674.34212225025
42.57,69675.00086891669
42.58,69677.38769900787
42.59,69680.87518272278
42.6,69681.40495988641
42.61,69685.53022564063
42.62,69686.7845078384
42.63,69690.22556366226
42.64,69692.47550673663
42.65,69694.34587770957
42.660000000000004,69698.53728002816
42.67,69702.06375064807
42.68,69703.7930140762
42.69,69706.7676040391
42.7,69708.57549730882
42.71,69710.58700942299
42.72,69713.54857263582
42.730000000000004,69715.58184933128
42.74,69718.09638666194
42.75,69721.84509143735
42.76,69724.77551893791
42.77,69728.1062657958
42.78,69729.28251382434
42.79,69732.03146126054
42.800000000000004,69734.5321924045
42.81,69738.13465710402
42.82,69742.1715589506
42.83,69742.3355801444
42.84,69743.30479039093
42.85,69747.90242336641
42.86,69749.70247266568
42.87,69752.45885819299
42.88,69754.50004646035
42.89,69754.74659101419
42.9,69758.52789951576
42.910000000000004,69763.60487504362
42.92,69766.02011427793
42.93,69767.16735645373
42.94,69770.7295005196
42.95,69773.01900110651
42.96,69775.22715053406
42.97,69775.27983746772
42.980000000000004,69779.38292209782
42.99,69784.16071525325
43.0,69785.47643504837
43.01,69787.22514326319
43.02,69790.25858609121
43.03,69793.20266031116
43.04,69795.07900762073
43.050000000000004,69799.36443051195
43.06,69800.65012298578
43.07,69802.52349956657
43.08,69804.68983183891
43.09,69809.1642327805
43.1,69810.94589277414
43.11,69814.18090705309
43.12,69814.49543139321
43.13,69817.67113048378
43.14,69820.91460163721
43.15,69822.01049292932
43.160000000000004,69825.51175428514
43.17,69829.49261935339
43.18,69830.35014502541
43.19,69833.55052080587
43.2,69836.2838904307
43.21,69839.4450840716
43.22,69840.22471914167
43.230000000000004,69844.81564711913
43.24,69847.00697580133
43.25,69848.05969023754
43.26,69853.61959345874
43.27,69854.539574047
43.28,69856.53589817388
43.29,69859.45644051836
43.300000000000004,69862.22655036197
43.31,69865.64093478445
43.32,69866.92487524214
43.33,69871.14386636038
43.34,69871.95833500878
43.35,69873.8340494003
43.36,69877.29853859587
43.37,69878.67133428069
43.38,69882.75505260279
43.39,69885.32802105327
43.4,69887.11861865937
43.410000000000004,69892.05095658633
43.42,69895.17342854607
43.43,69895.2937155693
43.44,69899.13753792392
43.45,69898.76061513566
43.46,69904.59685593461
43.47,69903.70632905829
43.480000000000004,69908.4702922413
43.49,69912.04696020535
43.5,69914.97478486689
43.51,69916.70180363167
43.52,69917.83535542681
43.53,69919.1654593875
43.54,69923.33625649523
43.550000000000004,69923.3373971493
43.56,69927.46398856591
43.57,69929.07971602667
43.58,69932.32678473995
43.59,69936.23787987417
43.6,69938.19576965386
43.61,69941.32988601521
43.62,69944.08381070026
43.63,69943.94574992482
43.64,69949.71557533265
43.65,69952.50277153996
43.660000000000004,69953.19232806387
43.67,69954.42040566729
43.68,69956.479576819
43.69,69961.94250088796
43.7,69963.6490038282
43.71,69967.96553131721
43.72,69968.6427254769
43.730000000000004,69973.32282742561
43.74,69975.30657683862
43.75,69974.30287940953
43.76,69979.73787481117
43.77,69980.80269296045
43.78,69985.83285871564
43.79,69984.96220871666
43.800000000000004,69989.2808760824
43.81,69992.36720188423
43.82,69992.18825335859
43.83,69997.55934103538
43.84,69999.27701724332
43.85,70002.91441117787
43.86,70003.61898909822
43.87,70007.83998633415
43.88,70009.84237619603
43.89,70012.29159365609
43.9,70014.36608147871
43.910000000000004,70017.57365838285
43.92,70021.56513809961
43.93,70021.23107365375
43.94,70024.38103827968
43.95,70026.83406418629
43.96,70031.2924129458
43.97,70033.27063609513
43.980000000000004,70034.71948254161
43.99,70038.02368205866
44.0,70040.36557810937
44.01,70041.66160620337
44.02,70046.98678690458
44.03,70050.14801252451
44.04,70049.05512098978
44.050000000000004,70052.87430009105
44.06,70055.79797945314
44.07,70058.8922559777
44.08,70062.48690222415
44.09,70062.66475913716
44.1,70066.04130225901
44.11,70068.14910367638
44.12,70071.4739719348
44.13,70072.94597162049
44.14,70077.03807593323
44.15,70079.01945544622
44.160000000000004,70081.08064539365
44.17,70083.18016515193
44.18,70086.54454041534
44.19,70089.24474032977
44.2,70090.94756593069
44.21,70092.63484797397
44.22,70097.38993261948
44.230000000000004,70098.89500248527
44.24,70101.17081628185
44.25,70104.49275842027
44.26,70105.79657059655
44.27,70109.391866601
44.28,70112.54192509585
44.29,70114.17169367558
44.300000000000004,70116.05368873721
44.31,70119.47531168118
44.32,70121.5938682238
44.33,70125.11755741946
44.34,70126.95817415224
44.35,70129.5678682456
44.36,70131.87678527198
44.37,70136.26990602151
44.38,70138.06946497511
44.39,70139.0506020821
44.4,70143.75192883833
44.410000000000004,70144.69661274907
44.42,70148.30516898292
44.43,70150.40757837551
44.44,70153.81397718308
44.45,70155.57621426992
44.46,70156.713769977
44.47,70161.57001222487
44.480000000000004,70162.55214249484
44.49,70164.29648041184
44.5,70167.94826875096
44.51,70170.44971081588
44.52,70173.108976577
44.53,70176.38608320204
44.54,70178.97675964254
44.550000000000004,70179.95833610145
44.56,70182.48356673894
44.57,70186.7633761067
44.58,70188.39016149654
44.59,70190.10548410635
44.6,70193.9364246076
44.61,70194.96351297363
44.62,70199.17840030283
44.63,70202.34385192655
44.64,70203.47269535836
44.65,70206.91300062113
44.660000000000004,70208.03313978914
44.67,70209.49842563635
44.68,70214.0659432516
44.69,70215.37325504066
44.7,70219.30859386847
44.71,70222.63324668405
44.72,70224.78168914834
44.730000000000004,70226.7131834506
44.74,70230.81434674386
44.75,70229.9773093316
44.76,70234.55436462442
44.77,70238.65335826958
44.78,70238.53881307252
44.79,70243.06947518351
44.800000000000004,70247.12528858434
44.81,70248.69879959185
44.82,70252.85883478115
44.83,70251.43228639296
44.84,70255.53619070144
44.85,70256.95546088753
44.86,70259.92604409742
44.87,70263.18412274434
44.88,70265.45206464491
44.89,70267.4450872633
44.9,70272.09858440755
44.910000000000004,70273.41529677053
44.92,70276.13213152962
44.93,70278.11822127746
44.94,70279.38091844956
44.95,70282.21961482128
44.96,70285.97424905829
44.97,70289.59115945446
44.980000000000004,70290.21603059664
44.99,70293.97746606523
45.0,70296.26683532594
45.01,70300.03867288443
45.02,70300.44527561872
45.03,70303.99362988786
45.04,70306.21901848604
45.050000000000004,70309.03446965899
45.06,70310.09680900331
45.07,70315.27839821695
45.08,70315.59830998752
45.09,70318.45247788752
45.1,70320.86040577327
45.11,70322.57254453746
45.12,70326.32917526925
45.13,70329.26269460736
45.14,70331.8969727167
45.15,70336.18507628587
45.160000000000004,70337.18398012393
45.17,70340.61884722729
45.18,70342.56572182881
45.19,70346.72433306724
45.2,70350.07616752505
45.21,70348.70044472867
45.22,70352.89219896057
45.230000000000004,70355.1009627573
45.24,70357.23537424699
45.25,70359.14590119905
45.26,70362.85618693336
45.27,70364.32099119587
45.28,70367.42188010893
45.29,70369.86210837247
45.300000000000004,70373.09299711896
45.31,70374.4994273669
45.32,70376.503543183
45.33,70378.46944249547
45.34,70382.75639755224
45.35,70386.8003372623
45.36,70387.77864777485
45.37,70391.3572550797
45.38,70393.26781268895
45.39,70397.21571365725
45.4,70397.50978692071
45.410000000000004,70401.43244290903
45.42,70404.04762091432
45.43,70405.6375773517
45.44,70406.53422382785
45.45,70410.87618553665
45.46,70413.0895611702
45.47,70415.64365247035
45.480000000000004,70418.52338084784
45.49,70423.1242418962
45.5,70422.99505724758
45.51,70428.02175359083
45.52,70429.4394794592
45.53,70432.42705139633
45.54,70434.46843996846
45.550000000000004,70436.49092187469
45.56,70437.87280443923
45.57,70440.81906180909
45.58,70443.16522434368
45.59,70447.6058964027
45.6,70451.16305885294
45.61,70452.94407274359
45.62,70455.8355746745
45.63,70457.07115871563
45.64,70459.71650738904
45.65,70461.63756469947
45.660000000000004,70465.6872540791
45.67,70467.14449711858
45.68,70470.09345698447
45.69,70472.33910340593
45.7,70473.95422315648
45.71,70477.06181980798
45.72,70479.30676610176
45.730000000000004,70484.18418145245
45.74,70485.3043921777
45.75,70487.71142018221
45.76,70491.55539907068
45.77,70492.36170683325
45.78,70494.61463199719
45.79,70498.66923191791
45.800000000000004,70500.87593927929
45.81,70504.3332310204
45.82,70505.69883015747
45.83,70508.44687182638
45.84,70513.4722895706
45.85,70513.39922618725
45.86,70514.95085333292
45.87,70517.24672483165
45.88,70521.48267179827
45.89,70523.50483503456
45.9,70525.76039999667
45.910000000000004,70528.58959210213
45.92,70531.77107816192
45.93,70534.30613615231
45.94,70535.44775247437
45.95,70540.14590920533
45.96,70542.15914846858
45.97,70543.36575593812
45.980000000000004,70547.70319209268
45.99,70549.46912685123
46.0,70551.94254469914
46.01,70554.90695004763
46.02,70556.405013459
46.03,70559.44305208798
46.04,70565.51408827335
46.050000000000004,70564.59564251259
46.06,70566.63898085862
46.07,70571.7014298174
46.08,70572.8638139378
46.09,70574.54508404588
46.1,70578.02543088033
46.11,70579.31550529574
46.12,70582.92878054782
46.13,70584.63661890496
46.14,70586.95957645081
46.15,70590.43527107076
46.160000000000004,70593.19781072788
46.17,70596.83029357709
46.18,70598.18076314304
46.19,70601.29839620013
46.2,70603.21682410645
46.21,70606.19031204458
46.22,70606.42866989903
46.230000000000004,70610.14036969737
46.24,70613.44824577737
46.25,70618.06026661494
46.26,70616.78656046344
46.27,70622.15616796128
46.28,70624.54315582104
46.29,70627.1495980194
46.300000000000004,70628.35017706682
46.31,70631.85233131918
46.32,70633.68383843602
46.33,70637.23648859827
46.34,70639.17889205027
46.35,70640.93265193202
46.36,70644.47317737788
46.37,70646.02631650218
46.38,70649.6375874631
46.39,70652.76530965386
46.4,70655.13321496129
46.410000000000004,70656.99449806065
46.42,70659.68280875793
46.43,70661.10139834505
46.44,70665.21624514533
46.45,70669.90258904557
46.46,70669.64666983727
46.47,70672.90887635334
46.480000000000004,70677.19222926175
46.49,70677.85865406945
46.5,70679.64385734581
46.51,70682.24968628491
46.52,70685.46716532037
46.53,70686.66559197019
46.54,70691.98309483641
46.550000000000004,70692.41734590306
46.56,70694.7096881635
46.57,70698.67462706503
46.58,70701.09784028397
46.59,70703.16166522313
46.6,70705.47696436114
46.61,70706.79307531232
46.62,70709.92761186545
46.63,70714.0687976516
46.64,70716.53519736812
46.65,70719.45938029594
46.660000000000004,70719.61901044118
46.67,70723.82430169586
46.68,70727.00154298144
46.69,70728.90117806058
46.7,70732.26457725726
46.71,70734.02918031922
46.72,70735.64848612859
46.730000000000004,70738.61508732972
46.74,70741.38497553537
46.75,70743.40113327201
46.76,70746.12587322012
46.77,70748.81076778242
46.78,70751.94313245272
46.79,70754.34458004519
46.800000000000004,70756.84863029479
46.81,70760.98856371595
46.82,70763.68002594989
46.83,70765.85663585545
46.84,70766.78520830539
46.85,70769.3022269793
46.86,70772.62165919799
46.87,70775.33655039838
46.88,70779.16254825123
46.89,70780.92721442915
46.9,70781.21260992145
46.910000000000004,70785.63754850061
46.92,70789.95151274136
46.93,70788.62641776033
46.94,70793.3207380448
46.95,70796.18514815283
46.96,70798.66394173508
46.97,70800.91239237745
46.980000000000004,70803.83525197522
46.99,70806.64253032568
47.0,70805.83671703198
47.01,70811.45484826544
47.02,70813.84939516403
47.03,70816.10604071215
47.04,70818.7787127191
47.050000000000004,70821.93637137166
47.06,70824.61021529233
47.07,70826.2974157094
47.08,70828.54535957151
47.09,70832.27337002855
47.1,70835.06461335358
47.11,70836.84586239845
47.12,70840.12336722086
47.13,70841.31721931975
47.14,70844.3890637374
47.15,70847.32775997878
47.160000000000004,70849.76649558064
47.17,70851.6721706723
47.18,70855.32462899198
47.19,70856.53696027928
47.2,70857.26231479732
47.21,70862.89292717748
47.22,70864.88626875058
47.230000000000004,70867.37511285453
47.24,70868.68890114891
47.25,70873.65506589977
47.26,70874.6906352907
47.27,70877.38743493734
47.28,70879.67932039818
47.29,70883.00818875215
47.300000000000004,70885.1669296947
47.31,70888.19962857624
47.32,70890.25152169279
47.33,70892.91611364316
47.34,70896.1012930007
47.35,70897.6881601195
47.36,70899.9730471695
47.37,70901.34848661406
47.38,70906.64271378788
47.39,70909.24047872069
47.4,70911.10942601971
47.410000000000004,70911.76401649602
47.42,70916.49903693274
47.43,70917.51418750692
47.44,70921.39255518894
47.45,70924.21751932334
47.46,70925.44496924784
47.47,70928.65012753323
47.480000000000004,70931.17850502396
47.49,70934.04562926452
47.5,70937.82532774657
47.51,70940.89562299696
47.52,70941.78367000118
47.53,70944.27615457572
47.54,70947.54359153999
47.550000000000004,70950.8270791054
47.56,70951.45011920265
47.57,70955.20705896849
47.58,70957.34955175295
47.59,70961.87095489237
47.6,70963.0515464549
47.61,70965.82791558052
47.62,70967.93170481843
47.63,70972.17739869881
47.64,70973.5400463607
47.65,70975.6387987167
47.660000000000004,70979.77047135153
47.67,70979.45561656196
47.68,70981.25547949436
47.69,70985.18584836795
47.7,70989.47543390616
47.71,70990.62059951581
47.72,70993.0211972426
47.730000000000004,70996.24198906557
47.74,70998.10406006926
47.75,71002.08367886793
47.76,71002.44782324288
47.77,71005.24223373951
47.78,71008.31136264294
47.79,71009.93572617277
47.800000000000004,71014.19381763524
47.81,71018.19666046526
47.82,71018.46371892303
47.83,71022.0875747734
47.84,71025.17561516797
47.85,71028.4270336583
47.86,71029.75411414521
47.870000000000005,71031.942383837
47.88,71036.64427310499
47.89,71035.13853289661
47.9,71040.21550872969
47.910000000000004,71042.76716679304
47.92,71044.40528681129
47.93,71046.29409880808
47.94,71049.87810228035
47.95,71051.47729409568
47.96,71055.85165533397
47.97,71057.24872772854
47.980000000000004,71059.60888812663
47.99,71060.91001988853
48.0,71065.24418852103
48.01,71069.42107351581
48.02,71070.61619880208
48.03,71071.34212667802
48.04,71075.89504593896
48.050000000000004,71076.14097432331
48.06,71080.4620780123
48.07,71081.9522945067
48.08,71087.8145135724
48.09,71089.78800228759
48.1,71091.60533234372
48.11,71096.1274468782
48.120000000000005,71096.46184739677
48.13,71098.79974103135
48.14,71102.22347084143
48.15,71104.45761755794
48.160000000000004,71107.2782364827
48.17,71110.33722598973
48.18,71112.61838872262
48.19,71113.90675242792
48.2,71119.02514868301
48.21,71120.8514389372
48.22,71118.74020976997
48.230000000000004,71123.07080109393
48.24,71127.15436983865
48.25,71130.81759358932
48.26,71132.82651339578
48.27,71134.22471265947
48.28,71139.74479835399
48.29,71139.50853188528
48.300000000000004,71142.43071303483
48.31,71143.8581506058
48.32,71148.47165586158
48.33,71150.81024275618
48.34,71151.62510518452
48.35,71155.73098716591
48.36,71159.62755803202
48.370000000000005,71160.92818333601
48.38,71163.25928800137
48.39,71166.43008442453
48.4,71167.92735009464
48.410000000000004,71169.78972047717
48.42,71172.49839448374
48.43,71175.62725094317
48.44,71178.25012668206
48.45,71178.51878635041
48.46,71182.12974516662
48.47,71185.51697997791
48.480000000000004,71188.03052891258
48.49,71190.79842226965
48.5,71193.7884140038
48.51,71196.5516247785
48.52,71199.53049314921
48.53,71201.19156804532
48.54,71203.52025202713
48.550000000000004,71206.74513923589
48.56,71208.58725706498
48.57,71212.07500559257
48.58,71215.99004338605
48.59,71215.94766951445
48.6,71219.7138607944
48.61,71224.00351193047
48.620000000000005,71224.24662922084
48.63,71227.7695778591
48.64,71229.96869384758
48.65,71233.0188233475
48.660000000000004,71234.41494512722
48.67,71238.02748970436
48.68,71241.0942087216
48.69,71244.06949733038
48.7,71244.40678504028
48.71,71246.90230171506
48.72,71250.77651263305
48.730000000000004,71252.99921453596
48.74,71256.61139075365
48.75,71260.52591400601
48.76,71261.24789426838
48.77,71263.39898162002
48.78,71268.6512314423
48.79,71268.22331453554
48.800000000000004,71271.56671701999
48.81,71274.63243251339
48.82,71276.8346473551
48.83,71278.99014640562
48.84,71281.17889758993
48.85,71285.14878717277
48.86,71287.19818984819
48.870000000000005,71288.53774521839
48.88,71289.77880169828
48.89,71293.85466332818
48.9,71296.8349197789
48.910000000000004,71299.799256849
48.92,71302.20534464036
48.93,71305.78424117502
48.94,71307.28841748246
48.95,71309.60837622972
48.96,71313.69558762548
48.97,71315.34485917982
48.980000000000004,71318.25800866126
48.99,71320.75403096536
49.0,71322.4826847449
49.01,71323.79422313668
49.02,71328.64997807721
49.03,71331.30209839118
49.04,71334.72702016805
49.050000000000004,71336.23326751885
49.06,71337.20748004776
49.07,71339.33860166077
49.08,71343.63967549399
49.09,71345.84522642275
49.1,71349.52088396833
49.11,71351.07508075787
49.120000000000005,71354.97920342587
49.13,71356.3576855742
49.14,71358.31991625518
49.15,71362.1456783845
49.160000000000004,71363.39730679491
49.17,71365.22061462603
49.18,71368.27679460688
49.19,71371.24963328635
49.2,71373.90060709364
49.21,71377.27518882317
49.22,71379.03968563363
49.230000000000004,71382.98202400738
49.24,71384.42902917891
49.25,71388.73442030753
49.26,71389.78393248287
49.27,71391.94627933142
49.28,71395.17198485458
49.29,71397.0011958677
49.300000000000004,71400.62615441222
49.31,71402.20084647472
49.32,71405.03923820074
49.33,71406.76621970582
49.34,71408.1536862584
49.35,71412.79276120252
49.36,71415.04527387703
49.370000000000005,71418.06152059107
49.38,71420.56583440074
49.39,71424.24381174827
49.4,71427.50239580935
49.410000000000004,71428.0761859543
49.42,71430.28705103553
49.43,71433.47320830432
49.44,71435.99582526511
49.45,71438.08594792617
49.46,71442.02177376053
49.47,71443.62544262827
49.480000000000004,71446.40571968323
49.49,71447.49941636427
49.5,71449.59619491115
49.51,71455.09031654437
49.52,71457.58520076412
49.53,71458.82434253476
49.54,71460.36424362706
49.550000000000004,71463.49579238161
49.56,71467.48768910993
49.57,71469.28782756976
49.58,71473.10717530017
49.59,71475.57833289314
49.6,71478.30193108073
49.61,71480.34990334856
49.620000000000005,71483.40755333814
49.63,71485.24631483424
49.64,71488.53981397332
49.65,71491.8051260647
49.660000000000004,71492.84735248343
49.67,71494.16670412917
49.68,71498.97735247228
49.69,71501.34168931808
49.7,71503.24293842968
49.71,71504.9130235807
49.72,71507.38499999183
49.730000000000004,71510.761384194
49.74,71513.00513936499
49.75,71515.5960542837
49.76,71516.8911946555
49.77,71520.82105360142
49.78,71524.28801746228
49.79,71527.18818419527
49.800000000000004,71528.90997731719
49.81,71532.22253114576
49.82,71534.34748584582
49.83,71535.89099445113
49.84,71539.9100246828
49.85,71543.14255659757
49.86,71545.52616073145
49.870000000000005,71546.77235109267
49.88,71549.67818444133
49.89,71552.30800349907
49.9,71554.78437004275
49.910000000000004,71558.10438095662
49.92,71558.82895055144
49.93,71561.78537138867
49.94,71565.85166102249
49.95,71567.67669967844
49.96,71570.94912801361
49.97,71571.44408548597
49.980000000000004,71574.8646595179
49.99,71578.61395229661
50.0,71579.7558585785
50.01,71581.58795587036
50.02,71585.01690313478
50.03,71588.41324560657
50.04,71591.32915331634
50.050000000000004,71592.18777043137
50.06,71594.70870752374
50.07,71598.84369993454
50.08,71601.0638571931
50.09,71604.99087837021
50.1,71605.22090101166
50.11,71609.1275783026
50.120000000000005,71610.20484911671
50.13,71614.20221778819
50.14,71615.71415391109
50.15,71618.28697552888
50.160000000000004,71622.47416580842
50.17,71623.58135673322
50.18,71624.92419844026
50.19,71629.83263204969
50.2,71630.75600373358
50.21,71635.06606518943
50.22,71638.71640787786
50.230000000000004,71638.5614761612
50.24,71643.62807975481
50.25,71644.5079995462
50.26,71647.8555626116
50.27,71648.51560181224
50.28,71653.25976996588
50.29,71653.40358901171
50.300000000000004,71657.53235439856
50.31,71660.60711502723
50.32,71662.12928328673
50.33,71665.55808748318
50.34,71666.5330808621
50.35,71670.13686943153
50.36,71673.68233923288
50.370000000000005,71673.05686154464
50.38,71679.53032740962
50.39,71680.12106155932
50.4,71685.02782596707
50.410000000000004,71686.42028144133
50.42,71689.95590215633
50.43,71689.80719422198
50.44,71694.00864567928
50.45,71696.50517010507
50.46,71700.62757225751
50.47,71701.03461588456
50.480000000000004,71704.46917159586
50.49,71706.83519866476
50.5,71709.81613258155
50.51,71713.1841663212
50.52,71714.18778445515
50.53,71718.25801924641
50.54,71720.43712174328
50.550000000000004,71723.3777986675
50.56,71723.82936670349
50.57,71725.02612187108
50.58,71730.97037642836
50.59,71731.82577484613
50.6,71735.37622480672
50.61,71736.38475040915
50.620000000000005,71742.84920364805
50.63,71742.71862213852
50.64,71745.79536027099
50.65,71748.26046691703
50.660000000000004,71749.4575899548
50.67,71753.97266135478
50.68,71756.38733785826
50.69,71758.55168831669
50.7,71760.40001181715
50.71,71763.29574579689
50.72,71764.45551248876
50.730000000000004,71768.56363912209
50.74,71773.26164179454
50.75,71775.26210705508
50.76,71775.16004572007
50.77,71779.26461857255
50.78,71781.26758414431
50.79,71784.27606285794
50.800000000000004,71787.1568109481
50.81,71790.78759331838
50.82,71791.17389797464
50.83,71795.58126652801
50.84,71797.47837226752
50.85,71798.54102704172
50.86,71802.36270918832
50.870000000000005,71804.73773025293
50.88,71807.8950203581
50.89,71810.50719478614
50.9,71812.30243235388
50.910000000000004,71816.260084714
50.92,71819.01612383104
50.93,71821.98008398803
50.94,71823.07964320896
50.95,71825.41777533409
50.96,71827.7886614586
50.97,71831.19496941505
50.980000000000004,71833.1210965001
50.99,71836.39963111689
51.0,71837.85785037532
51.01,71841.23982078231
51.02,71843.3266775615
51.03,71845.84270010196
51.04,71847.76333778174
51.050000000000004,71852.72860452777
51.06,71853.96722201175
51.07,71854.66603541182
51.08,71859.8386308673
51.09,71862.58757533945
51.1,71863.08166000314
51.11,71867.74418891084
51.120000000000005,71868.41690114024
51.13,71874.37921681942
51.14,71874.2444442261
51.15,71876.5244880721
51.160000000000004,71881.71257031034
51.17,71882.26855280058
51.18,71885.17190267799
51.19,71887.69989066923
51.2,71890.28356524894
51.21,71891.42061903523
51.22,71894.25021032091
51.230000000000004,71898.41646008189
51.24,71902.68747471758
51.25,71902.93133370105
51.26,71904.97254210431
51.27,71907.11242046401
51.28,71909.4610664727
51.29,71912.36217827404
51.300000000000004,71915.35800249108
51.31,71918.77893100845
51.32,71922.74487555596
51.33,71922.94738780193
51.34,71926.88926082345
51.35,71929.03368111754
51.36,71931.96068169968
51.370000000000005,71933.79930793773
51.38,71936.25424022415
51.39,71939.7127900907
51.4,71942.01359193897
51.410000000000004,71942.72092866243
51.42,71949.28349411624
51.43,71951.41571998654
51.44,71951.16174270805
51.45,71954.54412268347
51.46,71956.91450611851
51.47,71960.13440902594
51.480000000000004,71964.99782278549
51.49,71964.41395984766
51.5,71968.41288203676
51.51,71968.89872916469
51.52,71973.96493566578
51.53,71975.59968760904
51.54,71977.89998880481
51.550000000000004,71979.94412399498
51.56,71982.2542938026
51.57,71984.24108285597
51.58,71988.63592552255
51.59,71989.85639076379
51.6,71995.55981693762
51.61,71994.62880386956
51.620000000000005,71998.01462427262
51.63,72001.76271713657
51.64,72004.28245675245
51.65,72006.39183344947
51.660000000000004,72007.10563480196
51.67,72012.75337801488
51.68,72013.70045402303
51.69,72014.4621668475
51.7,72018.47573224666
51.71,72021.01904766828
51.72,72024.02767321572
51.730000000000004,72027.96451557644
51.74,72029.35737150339
51.75,72031.74125526065
51.76,72033.76894255239
51.77,72037.44953579738
51.78,72039.3307711163
51.79,72042.4195779431
51.800000000000004,72045.10377986496
51.81,72049.7277631
51.82,72050.48982043781
51.83,72055.02634179864
51.84,72054.40104700181
51.85,72057.38768957865
51.86,72060.07149562126
51.870000000000005,72064.00282019292
51.88,72066.41829712549
51.89,72067.84479837201
51.9,72069.73518545461
51.910000000000004,72073.65983858737
51.92,72076.45050560868
51.93,72079.746670476
51.94,72079.2573351181
51.95,72083.79706921964
51.96,72088.34997454824
51.97,72088.50168034574
51.980000000000004,72092.10361839963
51.99,72094.89665070074
52.0,72095.2094844886
52.01,72101.41924362807
52.02,72101.95990946589
52.03,72104.5099212285
52.04,72105.65634265376
52.050000000000004,72109.99062978169
52.06,72112.17582787682
52.07,72114.02901748508
52.08,72118.36868022165
52.09,72119.18290918977
52.1,72122.29187976648
52.11,72125.69220332203
52.120000000000005,72127.00987175797
52.13,72130.35617900874
52.14,72133.50793234525
52.15,72136.32258672475
52.160000000000004,72138.60465924528
52.17,72141.37884539212
52.18,72143.23230183045
52.19,72145.67078673239
52.2,72150.94399124135
52.21,72152.43716504938
52.22,72154.70051057532
52.230000000000004,72156.89420459708
52.24,72160.02642155906
52.25,72163.0412126406
52.26,72163.81253579028
52.27,72165.78509201447
52.28,72169.62799066716
52.29,72172.10545019212
52.300000000000004,72174.37781666493
52.31,72177.60808659591
52.32,72180.79872327935
52.33,72181.8350899758
52.34,72185.8937907635
52.35,72189.07396665461
52.36,72188.04153451785
52.370000000000005,72192.26150723796
52.38,72194.1988654996
52.39,72198.84839012864
52.4,72201.87727849277
52.410000000000004,72203.10152764173
52.42,72204.62651918178
52.43,72207.95917986735
52.44,72209.3019669563
52.45,72211.64893373495
52.46,72216.44875318334
52.47,72218.09544374992
52.480000000000004,72219.6814711768
52.49,72223.58593841939
52.5,72227.4733906188
52.51,72229.36926741705
52.52,72230.10374738747
52.53,72234.50489088391
52.54,72234.8664198644
52.550000000000004,72236.9061902212
52.56,72243.06695926949
52.57,72244.83611019584
52.58,72246.67462376785
52.59,72249.10775030786
52.6,72252.19768523895
52.61,72255.16333122873
52.620000000000005,72255.11903183888
52.63,72260.56152702903
52.64,72261.05743760239
52.65,72264.79071141029
52.660000000000004,72269.41028011018
52.67,72269.30490949663
52.68,72273.88676099615
52.69,72273.61847132079
52.7,72278.59082033199
52.71,72281.6227005344
52.72,72284.44448371632
52.730000000000004,72284.13098593029
52.74,72289.02224740504
52.75,72290.32198705334
52.76,72292.82847437004
52.77,72294.82156389549
52.78,72297.68294474673
52.79,72300.7620143194
52.800000000000004,72303.50513779123
52.81,72307.02517641374
52.82,72310.637101327
52.83,72312.95004297876
52.84,72313.57412858192
52.85,72315.83563973354
52.86,72320.05376387376
52.870000000000005,72323.10483987331
52.88,72325.00061943394
52.89,72328.66861079592
52.9,72327.89447546832
52.910000000000004,72332.64378705238
52.92,72335.3734755173
52.93,72336.6018532934
52.94,72339.08492834386
52.95,72343.57929333519
52.96,72345.92054755038
52.97,72347.67109853601
52.980000000000004,72349.96209178634
52.99,72354.07978702974
53.0,72355.07484419589
53.01,72358.79425358964
53.02,72361.67807679936
53.03,72361.93217860626
53.04,72366.95516168271
53.050000000000004,72368.28757219955
53.06,72368.62054353504
53.07,72373.11232352143
53.08,72376.04039851486
53.09,72377.63857234642
53.1,72381.41897088947
53.11,72385.16436119685
53.120000000000005,72384.77518938045
53.13,72387.17138390205
53.14,72390.68545513289
53.15,72394.29147077943
53.160000000000004,72397.36634646276
53.17,72399.05031095754
53.18,72402.79733495727
53.19,72405.61420330692
53.2,72407.63460163842
53.21,72408.83150067869
53.22,72412.5579701465
53.230000000000004,72414.9596051817
53.24,72418.12735054076
53.25,72421.45588586238
53.26,72423.06066596841
53.27,72426.1011670827
53.28,72426.79401358594
53.29,72430.13263062111
53.300000000000004,72433.07658892078
53.31,72435.45643991792
53.32,72438.01402054676
53.33,72440.4714089077
53.34,72445.19210172463
53.35,72444.7497958643
53.36,72448.29122820921
53.370000000000005,72451.31528086652
53.38,72455.02890706035
53.39,72456.35007033453
53.4,72458.82678712132
53.410000000000004,72461.3495192227
53.42,72464.47034019529
53.43,72466.59678718497
53.44,72469.89502533237
53.45,72471.44991479765
53.46,72474.83417474631
53.47,72476.57318188284
53.480000000000004,72479.8167985352
53.49,72481.01180526642
53.5,72484.26726376856
53.51,72487.57213623743
53.52,72492.11839796357
53.53,72492.76798572953
53.54,72494.68449964382
53.550000000000004,72497.35660769627
53.56,72500.40622799056
53.57,72504.57863781965
53.58,72505.79341989335
53.59,72508.97945522952
53.6,72510.43564165349
53.61,72514.04980732023
53.620000000000005,72515.55660172431
53.63,72519.70906708046
53.64,72521.87001437048
53.65,72525.19127822648
53.660000000000004,72527.28129421157
53.67,72529.22915780862
53.68,72532.93546104808
53.69,72534.57522310267
53.7,72537.5589061355
53.71,72539.60609289551
53.72,72543.9323806359
53.730000000000004,72545.16174559138
53.74,72549.50502406877
53.75,72548.22218874257
53.76,72552.85487969845
53.77,72555.62672047237
53.78,72556.9512924414
53.79,72561.26695394081
53.800000000000004,72561.5695313104
53.81,72565.46501161382
53.82,72566.65627828732
53.83,72571.33647452095
53.84,72572.16540028853
53.85,72575.48341694994
53.86,72577.21202339602
53.870000000000005,72582.81804683279
53.88,72584.23697817989
53.89,72586.41808440171
53.9,72589.27103054535
53.910000000000004,72592.68445394354
53.92,72595.67906035902
53.93,72597.0902895629
53.94,72599.11922135006
53.95,72601.87009993168
53.96,72606.32743685594
53.97,72607.89930553219
53.980000000000004,72610.17997547663
53.99,72612.49219047755
54.0,72614.00076883096
54.01,72618.41769943097
54.02,72620.4614753655
54.03,72622.44835655761
54.04,72624.30387538447
54.050000000000004,72626.61024588153
54.06,72632.33918535618
54.07,72632.67603753386
54.08,72634.69816351299
54.09,72638.93914186484
54.1,72641.042852438
54.11,72643.26184158413
54.120000000000005,72645.61707268898
54.13,72648.019539766
54.14,72652.92586048803
54.15,72654.58062267974
54.160000000000004,72655.18848707825
54.17,72656.91116179826
54.18,72660.22544905134
54.19,72663.86804973701
54.2,72666.61110399064
54.21,72670.03246654662
54.22,72670.47974729544
54.230000000000004,72673.35449225915
54.24,72676.2817477037
54.25,72680.76640498232
54.26,72681.5925948251
54.27,72683.56332038337
54.28,72685.46897344103
54.29,72691.31518239719
54.300000000000004,72691.54296994058
54.31,72693.22702699988
54.32,72695.60257534329
54.33,72700.1572389993
54.34,72703.20344110088
54.35,72704.40387969856
54.36,72709.0016896176
54.370000000000005,72711.7554313741
54.38,72713.9049446036
54.39,72715.71380493538
54.4,72720.11501163623
54.410000000000004,72721.32218016147
54.42,72724.88090561998
54.43,72725.4609411798
54.44,72729.39864496393
54.45,72730.62865708409
54.46,72735.72095369521
54.47,72737.85904147629
54.480000000000004,72740.21236347078
54.49,72741.77343086828
54.5,72746.22380163409
54.51,72747.69162054292
54.52,72751.95351080746
54.53,72750.83845547277
54.54,72755.88313176155
54.550000000000004,72756.62630716682
54.56,72760.65545977492
54.57,72763.23273683077
54.58,72766.80669593009
54.59,72768.16678173434
54.6,72770.53826964337
54.61,72773.07377449001
54.620000000000005,72777.02186335872
54.63,72778.44421552791
54.64,72779.60506576039
54.65,72784.02838675739
54.660000000000004,72786.67731433276
54.67,72788.45428734539
54.68,72791.27682671108
54.69,72795.9880391658
54.7,72795.54208861107
54.71,72799.93863666737
54.72,72803.697058705
54.730000000000004,72804.50741748455
54.74,72806.21156503155
54.75,72809.05936421726
54.76,72812.04805887006
54.77,72814.24202088639
54.78,72817.14386842343
54.79,72820.16949226987
54.800000000000004,72822.34516197589
54.81,72826.30082977662
54.82,72826.80974409428
54.83,72829.5887597295
54.84,72834.72151121384
54.85,72835.55995253773
54.86,72840.32253573382
54.870000000000005,72840.87017967545
54.88,72843.2623260442
54.89,72845.87218499905
54.9,72849.03686360594
54.910000000000004,72851.26854184577
54.92,72852.09357830457
54.93,72855.85090267818
54.94,72858.66830896735
54.95,72861.95886912032
54.96,72866.285846423
54.97,72866.83920218014
54.980000000000004,72867.27483238514
54.99,72872.06976435687
55.0,72874.3795520018
55.01,72878.62018902902
55.02,72878.59486186487
55.03,72881.66117133574
55.04,72883.92882050178
55.050000000000004,72887.48375109117
55.06,72890.47934415925
55.07,72893.53456545903
55.08,72892.83986941517
55.09,72898.88460212508
55.1,72899.61746405397
55.11,72902.1112736008
55.120000000000005,72907.12851824406
55.13,72909.21191152115
55.14,72911.93139232953
55.15,72913.49418551008
55.160000000000004,72915.05737522752
55.17,72917.9327019466
55.18,72920.07844466539
55.19,72923.70185960812
55.2,72926.67397567404
55.21,72927.90864960442
55.22,72930.23981934965
55.230000000000004,72935.18297993846
55.24,72935.52928072774
55.25,72939.40174909764
55.26,72943.6594749424
55.27,72943.68061307781
55.28,72946.84660613384
55.29,72950.45055643041
55.300000000000004,72953.80765438323
55.31,72955.2398504211
55.32,72958.82815351702
55.33,72960.77201990376
55.34,72962.86458588159
55.35,72965.57569668158
55.36,72967.85695185508
55.370000000000005,72969.47046159835
55.38,72973.61626015381
55.39,72976.52474342514
55.4,72977.71031635202
55.410000000000004,72981.73054971921
55.42,72985.21626628171
55.43,72985.39710944633
55.44,72990.09474303431
55.45,72991.09907112691
55.46,72995.58934449595
55.47,72996.80343958466
55.480000000000004,73000.19164673929
55.49,73001.97558972542
55.5,73005.30968557448
55.51,73007.12798779714
55.52,73008.64736154891
55.53,73011.2976376816
55.54,73014.9224275659
55.550000000000004,73019.0306586458
55.56,73020.43427998503
55.57,73023.67074918615
55.58,73024.83636020798
55.59,73029.43145131026
55.6,73029.09389035283
55.61,73033.39831556648
55.620000000000005,73035.89186035306
55.63,73038.8594457773
55.64,73042.02566519601
55.65,73043.70389267056
55.660000000000004,73047.08187032708
55.67,73047.58057332586
55.68,73050.54131759633
55.69,73055.26911306527
55.7,73057.00838172427
55.71,73058.77266111913
55.72,73061.46320613888
55.730000000000004,73064.78948959261
55.74,73066.10984276024
55.75,73070.05919713787
55.76,73069.78249297412
55.77,73075.8416358783
55.78,73076.32054788475
55.79,73081.48934792231
55.800000000000004,73081.11911354428
55.81,73084.58199823948
55.82,73086.61209879564
55.83,73090.30305898203
55.84,73092.89438276479
55.85,73093.32674631668
55.86,73099.66057664901
55.870000000000005,73100.20112608201
55.88,73102.82092957044
55.89,73105.70908162562
55.9,73108.31119242325
55.910000000000004,73111.84478806586
55.92,73112.5376916338
55.93,73115.72965293858
55.94,73118.80580937503
55.95,73120.22365043037
55.96,73124.95618299703
55.97,73127.15955791052
55.980000000000004,73126.94185584506
55.99,73132.01255274548
56.0,73134.94245868118
56.01,73137.51451917607
56.02,73138.62423349552
56.03,73141.79091521601
56.04,73145.81714006326
56.050000000000004,73147.93599161312
56.06,73150.58030454787
56.07,73152.33511185317
56.08,73155.46373929661
56.09,73158.18043404554
56.1,73159.7194693513
56.11,73163.19003845353
56.120000000000005,73165.2579828186
56.13,73168.64526754226
56.14,73170.9260727411
56.15,73174.47323270148
56.160000000000004,73176.34292689936
56.17,73179.44124602654
56.18,73181.06177318993
56.19,73184.9888909684
56.2,73185.94866160316
56.21,73191.33107662095
56.22,73192.34896012585
56.230000000000004,73194.88736444795
56.24,73195.96786198586
56.25,73199.79038966922
56.26,73202.25485202856
56.27,73203.85804576972
56.28,73206.16101503304
56.29,73210.95315032873
56.300000000000004,73212.4561073472
56.31,73214.44747712609
56.32,73217.88262544063
56.33,73217.45971572847
56.34,73221.4117517074
56.35,73224.34450025567
56.36,73227.16355034993
56.370000000000005,73230.87790656924
56.38,73233.07229137924
56.39,73235.6377752908
56.4,73237.43694387673
56.410000000000004,73241.80393989345
56.42,73244.3619431354
56.43,73246.1941062792
56.44,73251.61640350398
56.45,73252.76461759841
56.46,73255.16665560844
56.47,73256.95048386024
56.480000000000004,73258.68602082608
56.49,73263.4379780475
56.5,73265.50071389788
56.51,73266.33761321302
56.52,73268.165197712
56.53,73272.99414727779
56.54,73276.07793497604
56.550000000000004,73274.84638038452
56.56,73279.94094120464
56.57,73282.0743887257
56.58,73285.37811198292
56.59,73288.56401653044
56.6,73290.47072076813
56.61,73294.07892027954
56.620000000000005,73296.70640023664
56.63,73298.43682205756
56.64,73302.6802928079
56.65,73303.34586876382
56.660000000000004,73305.69945618697
56.67,73307.71616774554
56.68,73310.26267104637
56.69,73314.7928635388
56.7,73317.16785579716
56.71,73319.57495865288
56.72,73322.1381365494
56.730000000000004,73326.09914840509
56.74,73325.4027460689
56.75,73329.10059600568
56.76,73332.62297131121
56.77,73332.2603845606
56.78,73336.15205157011
56.79,73341.87917926988
56.800000000000004,73341.89564811937
56.81,73347.33584655833
56.82,73348.23449847077
56.83,73350.00207951051
56.84,73353.95407934289
56.85,73353.23777819969
56.86,73359.2938706882
56.870000000000005,73359.38524710458
56.88,73364.41173109475
56.89,73365.078131364
56.9,73369.67938068371
56.910000000000004,73372.2909855196
56.92,73373.99642236471
56.93,73377.01163387412
56.94,73378.79921983505
56.95,73381.41476679414
56.96,73383.26786855198
56.97,73385.84627348547
56.980000000000004,73391.01997407517
56.99,73392.08933584712
57.0,73392.85384552389
57.01,73396.61501251571
57.02,73399.89138277808
57.03,73402.10671091365
57.04,73404.77896941612
57.050000000000004,73407.74318652392
57.06,73410.61037363374
57.07,73412.9265188491
57.08,73416.58600825511
57.09,73416.79250144557
57.1,73419.84115183385
57.11,73424.9424975602
57.120000000000005,73426.64839781035
57.13,73426.00131697184
57.14,73432.21793560135
57.15,73434.35471995802
57.160000000000004,73436.53784271696
57.17,73438.8455868825
57.18,73440.8306790763
57.19,73444.64121048627
57.2,73444.97916699911
57.21,73449.63812656741
57.22,73451.30824316901
57.230000000000004,73455.16257141947
57.24,73457.1951514552
57.25,73459.34600422745
57.26,73462.28348112333
57.27,73465.39209153414
57.28,73466.78581850558
57.29,73471.67182662945
57.300000000000004,73474.22371706883
57.31,73478.23130635497
57.32,73475.51518026617
57.33,73480.31375393589
57.34,73481.45060772693
57.35,73486.98309388781
57.36,73488.22161828382
57.370000000000005,73491.70354004721
57.38,73494.54969339084
57.39,73496.78916183648
57.4,73498.21353291643
57.410000000000004,73501.35409146053
57.42,73503.56889326795
57.43,73507.16917396989
57.44,73509.54630138022
57.45,73510.12077943892
57.46,73513.84345548958
57.47,73516.35699063067
57.480000000000004,73520.85021346288
57.49,73521.68684195893
57.5,73524.11995590651
57.51,73526.07303603408
57.52,73531.70133887659
57.53,73532.78753145436
57.54,73537.2214713635
57.550000000000004,73537.91923780546
57.56,73541.26132782662
57.57,73543.71003462827
57.58,73547.97134762135
57.59,73548.81652675402
57.6,73551.85077834042
57.61,73553.911405608
57.620000000000005,73556.50309342671
57.63,73559.99831804726
57.64,73560.5181900381
57.65,73562.98248483885
57.660000000000004,73566.4779975888
57.67,73569.44194014693
57.68,73571.27002615186
57.69,73572.00271237578
57.7,73577.05837399077
57.71,73580.1955493869
57.72,73584.14407551408
57.730000000000004,73584.47100293466
57.74,73586.57803011098
57.75,73591.80794955703
57.76,73593.66133138485
57.77,73595.42143470247
57.78,73598.3127298563
57.79,73599.13755152549
57.800000000000004,73602.81629609202
57.81,73605.99782151039
57.82,73606.98475377455
57.83,73611.86807266629
57.84,73614.17133792504
57.85,73616.2569625864
57.86,73618.05326625558
57.870000000000005,73621.37570057737
57.88,73624.86514351133
57.89,73624.77158082987
57.9,73630.11104343702
57.910000000000004,73629.9622313786
57.92,73635.83055522821
57.93,73637.80654144063
57.94,73638.67560680099
57.95,73641.91836935387
57.96,73644.85209662952
57.97,73648.2255365639
57.980000000000004,73651.44763093619
57.99,73652.26625480002
58.0,73654.86104280746
58.01,73658.13918483842
58.02,73661.28025950592
58.03,73662.9889158618
58.04,73666.4490626887
58.050000000000004,73668.11352939751
58.06,73671.03294431357
58.07,73674.14087079691
58.08,73675.9521042338
58.09,73678.41523270657
58.1,73682.26484538849
58.11,73684.95889243236
58.120000000000005,73687.60873904878
58.13,73690.59997444418
58.14,73691.27413315687
58.15,73694.92305475393
58.160000000000004,73698.3263488218
58.17,73700.75177512337
58.18,73700.85326964072
58.19,73705.78362176866
58.2,73706.66701915427
58.21,73709.84199446073
58.22,73712.50071343424
58.230000000000004,73714.70812643082
58.24,73717.24410899845
58.25,73720.70000379968
58.26,73721.99488559153
58.27,73727.5247987047
58.28,73730.21269691388
58.29,73731.54056739598
58.300000000000004,73733.86326716152
58.31,73736.27252869215
58.32,73739.93792878617
58.33,73741.66225350102
58.34,73744.83193163307
58.35,73747.27903844818
58.36,73750.08170494529
58.370000000000005,73753.49992904393
58.38,73756.14748636843
58.39,73756.61971298399
58.4,73760.56330714878
58.410000000000004,73762.96109262086
58.42,73764.70267760723
58.43,73768.15606337985
58.44,73771.31908739472
58.45,73774.6014955176
58.46,73775.68957733767
58.47,73777.76989283832
58.480000000000004,73780.64159014387
58.49,73784.46514790083
58.5,73786.76145309105
58.51,73790.149255449
58.52,73791.45664191432
58.53,73792.76011642354
58.54,73796.49091690034
58.550000000000004,73801.04429082436
58.56,73801.65399412968
58.57,73804.29755323383
58.58,73807.61674723013
58.59,73810.16626853427
58.6,73812.13097916436
58.61,73814.12036885148
58.620000000000005,73816.75189373823
58.63,73822.93735890396
58.64,73824.32285502486
58.65,73827.03531664696
58.660000000000004,73827.78730263791
58.67,73830.97230341294
58.68,73831.6741906912
58.69,73834.06440993173
58.7,73838.14915764223
58.71,73842.38697052705
58.72,73844.98727815237
58.730000000000004,73844.90716860667
58.74,73847.81344048191
58.75,73851.02561451345
58.76,73853.79411703673
58.77,73857.16673703055
58.78,73860.2689187451
58.79,73862.69936773712
58.800000000000004,73864.51235643141
58.81,73866.44293010328
58.82,73869.95062572569
58.83,73872.99030836853
58.84,73875.05910230715
58.85,73877.58538851257
58.86,73881.32148420863
58.870000000000005,73883.57285147924
58.88,73883.56085721428
58.89,73887.55905601065
58.9,73890.04099082718
58.910000000000004,73894.07204338857
58.92,73896.47924979827
58.93,73898.29332359356
58.94,73900.24892179915
58.95,73902.33952704081
58.96,73905.5741925325
58.97,73909.54804325882
58.980000000000004,73911.30353910409
58.99,73913.61589403832
59.0,73917.82543688166
59.01,73919.21917701844
59.02,73922.51417656131
59.03,73924.21707834677
59.04,73928.15927968123
59.050000000000004,73931.83718527148
59.06,73933.53928789568
59.07,73934.86369553907
59.08,73938.69400161093
59.09,73940.3614206858
59.1,73943.1773797534
59.11,73946.06014589255
59.120000000000005,73946.81778593893
59.13,73950.11377869436
59.14,73953.99103996117
59.15,73954.711928757
59.160000000000004,73958.88589322417
59.17,73963.80744992281
59.18,73963.00036016073
59.19,73966.54139011879
59.2,73967.89171058523
59.21,73971.50752683834
59.22,73972.29926145799
59.230000000000004,73977.6842478497
59.24,73979.88186558255
59.25,73981.6106257344
59.26,73983.92434440262
59.27,73987.16362365152
59.28,73989.17241318416
59.29,73992.0421724115
59.300000000000004,73994.9836207799
59.31,73997.78426908598
59.32,74001.6489900422
59.33,74003.33097478012
59.34,74004.96304830497
59.35,74007.10340106871
59.36,74011.48542809868
59.370000000000005,74013.01375250952
59.38,74017.36696076466
59.39,74018.13533193171
59.4,74021.54045604292
59.410000000000004,74023.36300709812
59.42,74026.18788827804
59.43,74028.36822116595
59.44,74032.2522383172
59.45,74032.59689708828
59.46,74037.1534049811
59.47,74037.07703284035
59.480000000000004,74043.70149963796
59.49,74044.53683579694
59.5,74047.09163746094
59.51,74050.81670649927
59.52,74052.65442939942
59.53,74055.01913575483
59.54,74058.49544812035
59.550000000000004,74059.3185493414
59.56,74063.9963175841
59.57,74064.75484699916
59.58,74067.8247174605
59.59,74069.73737423302
59.6,74072.25272315736
59.61,74075.49853117713
59.620000000000005,74078.16932150518
59.63,74082.72395992905
59.64,74083.81973188488
59.65,74088.38945027065
59.660000000000004,74091.65423901437
59.67,74093.16816999341
59.68,74095.66378110417
59.69,74096.78198581925
59.7,74101.14987220622
59.71,74102.34985983817
59.72,74105.60742866587
59.730000000000004,74109.09555142521
59.74,74110.0676246473
59.75,74111.37790207283
59.76,74116.5434470337
59.77,74117.27751500806
59.78,74120.38427875932
59.79,74123.48494996625
59.800000000000004,74126.27105923076
59.81,74128.5186645817
59.82,74130.06746168443
59.83,74132.61095728453
59.84,74136.59636807049
59.85,74138.28625682268
59.86,74141.83859893255
59.870000000000005,74144.60310113705
59.88,74146.29193829946
59.89,74149.4649416115
59.9,74151.48942528496
59.910000000000004,74154.10957550342
59.92,74158.46046521617
59.93,74158.33936729524
59.94,74163.23689748846
59.95,74163.02841250833
59.96,74167.41663779427
59.97,74171.80342459772
59.980000000000004,74172.26745828518
59.99,74176.13152394732
60.0,74180.06224329893
60.01,74180.49768971198
60.02,74184.02248627148
60.03,74185.93967173978
60.04,74189.30634371513
60.050000000000004,74189.45777475723
60.06,74195.7563285436
60.07,74195.2986802504
60.08,74199.68309636156
60.09,74200.52492372613
60.1,74205.9357086612
60.11,74206.95928245941
60.120000000000005,74208.98688345948
60.13,74210.96184151975
60.14,74213.7807111572
60.15,74217.93214123906
60.160000000000004,74220.5315494628
60.17,74219.73409011678
60.18,74226.46003386677
60.19,74226.50736953154
60.2,74231.72714521294
60.21,74233.21946446571
60.22,74234.93083272339
60.230000000000004,74237.12390507714
60.24,74239.47283471742
60.25,74243.8830820928
60.26,74245.49379382007
60.27,74247.16829046283
60.28,74251.90298585365
60.29,74254.22588225512
60.300000000000004,74258.23775088912
60.31,74258.5672857275
60.32,74261.6958111518
60.33,74264.63071474856
60.34,74267.13094517805
60.35,74269.37762751016
60.36,74271.57521489168
60.370000000000005,74275.10827072879
60.38,74278.26668316722
60.39,74278.0647458143
60.4,74282.7459952216
60.410000000000004,74286.49001751927
60.42,74286.89596375849
60.43,74293.03283107253
60.44,74292.90587951367
60.45,74295.69673427474
60.46,74299.00667578765
60.47,74299.99088161325
60.480000000000004,74302.88325327844
60.49,74306.631556966
60.5,74309.5798237933
60.51,74311.19138897362
60.52,74314.1603928711
60.53,74315.54516599332
60.54,74319.90575517356
60.550000000000004,74321.38845341772
60.56,74325.09265710066
60.57,74327.2606809184
60.58,74329.2504079419
60.59,74332.29018535778
60.6,74335.75250252089
60.61,74337.9164840707
60.620000000000005,74340.09597790781
60.63,74343.69853596245
60.64,74344.77969730522
60.65,74347.3261201153
60.660000000000004,74351.2240911882
60.67,74352.85728122747
60.68,74356.7464175043
60.69,74359.56477062422
60.7,74360.75539958812
60.71,74362.63461356077
60.72,74367.33748431494
60.730000000000004,74368.65463480772
60.74,74371.84311980006
60.75,74374.22022662856
60.76,74378.47530708383
60.77,74378.92800496706
60.78,74381.7786623414
60.79,74385.43248170058
60.800000000000004,74387.48185980937
60.81,74392.010432636
60.82,74395.50126598054
60.83,74395.09413478024
60.84,74397.2075597273
60.85,74400.9460765683
60.86,74402.60715054277
60.870000000000005,74404.42762846885
60.88,74408.91240768871
60.89,74410.00894320502
60.9,74413.34145905875
60.910000000000004,74417.30746789955
60.92,74419.9931104897
60.93,74422.87253791958
60.94,74422.76739227472
60.95,74426.88999006976
60.96,74429.89835457654
60.97,74432.86518103028
60.980000000000004,74434.66515543773
60.99,74438.27868911486
61.0,74438.04016484847
61.01,74440.99632386635
61.02,74447.51465313675
61.03,74448.65647240051
61.04,74451.79576308494
61.050000000000004,74451.74415866028
61.06,74454.66597529264
61.07,74458.78796354997
61.08,74461.62106967549
61.09,74462.88052521416
61.1,74464.19684791502
61.11,74469.2191826944
61.120000000000005,74469.93862240728
61.13,74475.21189743251
61.14,74477.3677832558
61.15,74479.80268711847
61.160000000000004,74483.72061191474
61.17,74486.26796729359
61.18,74487.97684187385
61.19,74490.56889566475
61.2,74490.99007746458
61.21,74494.70842104127
61.22,74497.42925835124
61.230000000000004,74500.73493486048
61.24,74503.32488836037
61.25,74505.32170163243
61.26,74508.74861176396
61.27,74511.315338512
61.28,74512.51945365628
61.29,74515.56676524041
61.300000000000004,74519.56404263478
61.31,74521.27913224646
61.32,74525.0097491368
61.33,74526.34236413374
61.34,74530.47078292858
61.35,74533.25839749354
61.36,74534.80457464291
61.370000000000005,74538.22473223893
61.38,74540.67095524988
61.39,74542.01583351898
61.4,74545.48335363124
61.410000000000004,74546.57695411684
61.42,74550.50072207628
61.43,74551.58470391016
61.44,74556.63059937999
61.45,74558.47877668706
61.46,74560.93823299804
61.47,74563.42173241993
61.480000000000004,74565.22387264701
61.49,74568.71942027276
61.5,74569.0904462384
61.51,74575.40872865592
61.52,74575.58685936421
61.53,74579.20808408939
61.54,74582.04093817131
61.550000000000004,74586.30474847858
61.56,74587.76917187119
61.57,74587.75998057741
61.58,74594.88078709251
61.59,74593.96511858718
61.6,74596.94267205258
61.61,74602.37981501606
61.620000000000005,74602.91945160445
61.63,74604.41919124781
61.64,74609.20100305133
61.65,74612.359726804
61.660000000000004,74613.70994477635
61.67,74614.71741410477
61.68,74616.71551911617
61.690000000000005,74621.05639802605
61.7,74624.62980052244
61.71,74626.55612791213
61.72,74629.39922258619
61.730000000000004,74631.81393111106
61.74,74632.41815790579
61.75,74636.64282083645
61.76,74640.60584709111
61.77,74643.2243659956
61.78,74642.31813494522
61.79,74649.2532302906
61.800000000000004,74649.97827937131
61.81,74652.67091157674
61.82,74655.56478000504
61.83,74655.70924782126
61.84,74660.53197905087
61.85,74662.99925984965
61.86,74664.51709063906
61.870000000000005,74669.17041527
61.88,74669.97898345857
61.89,74674.70482167145
61.9,74677.66555708586
61.910000000000004,74678.85599201372
61.92,74681.8797627758
61.93,74682.65856149147
61.940000000000005,74686.62806721196
61.95,74687.87032127411
61.96,74693.6669110388
61.97,74695.07435252267
61.980000000000004,74697.71151021184
61.99,74698.20903603839
62.0,74702.46524292155
62.01,74703.87060947096
62.02,74708.6796736105
62.03,74711.32903424725
62.04,74711.89531516818
62.050000000000004,74715.41835607377
62.06,74716.64480063172
62.07,74722.83388756867
62.08,74721.7910300805
62.09,74727.14564143748
62.1,74729.07758193412
62.11,74732.05254458556
62.120000000000005,74733.06660383366
62.13,74737.048944544
62.14,74738.42492322315
62.15,74741.75793215768
62.160000000000004,74744.3579522311
62.17,74746.63543967731
62.18,74750.100810094
62.190000000000005,74752.57918949139
62.2,74755.92542983463
62.21,74756.01921082239
62.22,74760.44244649478
62.230000000000004,74760.68292872388
62.24,74763.8837635689
62.25,74768.36910275959
62.26,74768.7010880565
62.27,74772.91303304439
62.28,74776.43471374566
62.29,74779.14245790725
62.300000000000004,74781.31734446088
62.31,74783.34140997376
62.32,74785.23149722898
62.33,74789.74634392772
62.34,74791.40605876679
62.35,74794.81621989259
62.36,74795.10734634197
62.370000000000005,74799.43747016515
62.38,74800.0220258967
62.39,74806.82040813866
62.4,74807.06547047313
62.410000000000004,74810.74090825314
62.42,74814.35595640128
62.43,74816.58849478718
62.440000000000005,74817.03964856463
62.45,74821.05880287175
62.46,74822.33547694112
62.47,74825.95003502468
62.480000000000004,74828.3617996211
62.49,74831.68525620222
62.5,74834.26003955981
62.51,74836.54771712873
62.52,74840.11409578707
62.53,74839.46546077172
62.54,74842.32837250202
62.550000000000004,74846.52990035397
62.56,74849.8663112675
62.57,74851.66091429623
62.58,74853.9773442028
62.59,74857.30211044344
62.6,74860.96917032624
62.61,74862.86752920464
62.620000000000005,74865.34177425737
62.63,74866.70004235997
62.64,74869.84011915776
62.65,74873.34579051168
62.660000000000004,74877.2983971147
62.67,74878.19252942778
62.68,74881.59026695165
62.690000000000005,74885.04030192186
62.7,74888.29453527962
62.71,74890.32709926249
62.72,74892.29569650943
62.730000000000004,74894.04251309784
62.74,74897.14817948015
62.75,74897.94927786541
62.76,74903.6474964473
62.77,74904.50017070977
62.78,74908.25261427501
62.79,74909.98918587368
62.800000000000004,74911.32692711687
62.81,74916.59574126262
62.82,74916.92758084237
62.83,74919.95074967491
62.84,74923.19184479032
62.85,74926.75630078885
62.86,74928.33002913829
62.870000000000005,74932.48703615386
62.88,74934.49157762267
62.89,74937.35779930514
62.9,74937.67862786222
62.910000000000004,74940.6461844431
62.92,74943.28559463231
62.93,74946.1896681217
62.940000000000005,74949.1036450477
62.95,74951.65457521749
62.96,74953.75656242977
62.97,74956.9134713888
62.980000000000004,74959.71424456358
62.99,74961.89557475196
63.0,74965.60630804217
63.01,74967.99623141153
63.02,74969.7458367592
63.03,74973.20060701879
63.04,74976.41756277223
63.050000000000004,74978.43470100133
63.06,74979.88093164277
63.07,74982.23573832386
63.08,74985.62991642859
63.09,74987.88146170363
63.1,74989.64950790601
63.11,74993.94796938218
63.120000000000005,74998.84088852686
63.13,74998.728428784
63.14,75001.57934948562
63.15,75003.8574876881
63.160000000000004,75007.96338864697
63.17,75008.14299747255
63.18,75012.34945595698
63.190000000000005,75014.51974938411
63.2,75017.16020188696
63.21,75019.47235949227
63.22,75022.32922459905
63.230000000000004,75024.65782180145
63.24,75028.39550305723
63.25,75030.66154147334
63.26,75033.06664689076
63.27,75035.99856064646
63.28,75038.91161350001
63.29,75043.23599870583
63.300000000000004,75044.22579059597
63.31,75045.59641949825
63.32,75049.253458334
63.33,75052.25975886863
63.34,75054.1523856728
63.35,75056.11842347056
63.36,75059.21120642497
63.370000000000005,75062.81963928121
63.38,75064.71542374606
63.39,75068.47712349078
63.4,75071.1978277937
63.410000000000004,75072.1430052683
63.42,75075.82557211311
63.43,75078.43516889548
63.440000000000005,75079.28121870915
63.45,75082.17407560117
63.46,75086.47631137955
63.47,75088.26199891619
63.480000000000004,75091.39548298946
63.49,75094.31034941622
63.5,75096.83252711952
63.51,75099.74569295572
63.52,75103.9352680031
63.53,75104.72883226798
63.54,75105.13714893034
63.550000000000004,75108.16906430277
63.56,75112.1611468196
63.57,75115.82943592379
63.58,75116.17374996775
63.59,75121.41911493555
63.6,75121.51690689183
63.61,75126.01751851545
63.620000000000005,75127.47616357986
63.63,75131.08611195635
63.64,75133.84414653022
63.65,75135.85025679226
63.660000000000004,75138.17421919225
63.67,75141.9235885894
63.68,75142.63768215869
63.690000000000005,75146.15316426648
63.7,75149.0668042515
63.71,75152.79536126857
63.72,75155.2968818394
63.730000000000004,75157.43454550524
63.74,75160.96179176723
63.75,75162.27102523725
63.76,75163.49817188353
63.77,75167.81098180762
63.78,75170.06070303697
63.79,75171.65176142938
63.800000000000004,75176.93622159288
63.81,75179.18948827655
63.82,75180.43677663046
63.83,75183.9414830702
63.84,75187.61390125711
63.85,75188.13702928516
63.86,75191.0546420473
63.870000000000005,75193.36640258503
63.88,75196.42585861828
63.89,75199.52269555794
63.9,75201.70980346497
63.910000000000004,75205.84396040255
63.92,75207.83612032318
63.93,75209.22941246766
63.940000000000005,75210.52759234907
63.95,75216.40227703554
63.96,75218.47135491134
63.97,75219.3374430134
63.980000000000004,75223.67990910147
63.99,75226.41628407399
64.0,75226.8477992928
64.01,75232.12907695623
64.02,75233.86197869833
64.03,75235.65684125574
64.04,75239.07050310828
64.05,75242.30424797622
64.06,75245.91632247026
64.07000000000001,75245.88653247782
64.08,75250.17985458334
64.09,75251.55423742518
64.1,75254.90827356011
64.11,75256.49169390113
64.12,75260.01150949596
64.13,75261.4483123786
64.14,75265.18002669074
64.15,75266.05636930295
64.16,75269.91997021713
64.17,75272.75650314674
64.18,75276.37955378556
64.19,75279.33419234144
64.2,75281.74802280024
64.21000000000001,75284.2136905127
64.22,75286.08619354099
64.23,75289.42970933685
64.24,75291.47323104348
64.25,75293.76159753675
64.26,75296.30546966608
64.27,75299.17056479155
64.28,75302.8289643305
64.29,75304.64046879341
64.3,75306.26960980456
64.31,75308.56907662882
64.32000000000001,75310.7201040211
64.33,75313.69331944658
64.34,75317.68510057036
64.35,75318.53212474399
64.36,75324.55824725471
64.37,75323.79934019691
64.38,75328.1318617218
64.39,75330.5002547515
64.4,75331.3789955613
64.41,75335.59015237993
64.42,75338.6778545604
64.43,75340.97018187179
64.44,75343.62773546812
64.45,75346.71990891182
64.46000000000001,75350.43021438597
64.47,75352.38486913613
64.48,75354.79241585714
64.49,75356.27736775327
64.5,75361.91558556934
64.51,75362.42455378511
64.52,75362.04800527185
64.53,75367.30985743135
64.54,75370.62294831671
64.55,75372.23466437325
64.56,75375.68909788404
64.57000000000001,75379.74263989142
64.58,75380.63688990561
64.59,75381.01025988253
64.6,75385.45470326414
64.61,75387.84110182938
64.62,75393.46705761328
64.63,75395.6736303717
64.64,75397.27409786617
64.65,75400.27911954187
64.66,75401.52927117655
64.67,75403.75143365705
64.68,75406.67390470243
64.69,75409.06714001305
64.7,75411.94785602101
64.71000000000001,75416.3583693286
64.72,75418.68015745224
64.73,75421.83188798463
64.74,75421.8198533269
64.75,75426.34405016074
64.76,75429.95432035203
64.77,75429.90179002778
64.78,75433.45336074488
64.79,75435.41251993184
64.8,75437.40962203439
64.81,75441.52526059048
64.82000000000001,75443.58940573888
64.83,75447.75858437475
64.84,75448.66675201597
64.85,75452.90829071222
64.86,75453.87660048735
64.87,75457.2415291609
64.88,75459.00476769889
64.89,75462.15161235988
64.9,75464.1880646277
64.91,75467.82902748072
64.92,75469.93023682378
64.93,75473.47743876994
64.94,75475.57764219902
64.95,75477.85163584955
64.96000000000001,75482.1191037111
64.97,75483.48688834316
64.98,75487.18679496243
64.99,75489.16128847472
65.0,75490.4606301387
65.01,75494.16006624633
65.02,75496.14971062465
65.03,75499.87994663019
65.04,75501.49143017725
65.05,75504.40316935416
65.06,75507.62085202476
65.07000000000001,75511.32235315065
65.08,75511.31422178542
65.09,75514.94203739356
65.1,75517.9856331932
65.11,75521.55726792633
65.12,75522.55596981903
65.13,75524.33740072574
65.14,75528.71123038915
65.15,75532.10130653884
65.16,75533.18352303156
65.17,75535.09392041543
65.18,75539.1201262981
65.19,75540.66108690636
65.2,75543.541682671
65.21000000000001,75546.18943875293
65.22,75549.37083342845
65.23,75551.67512889994
65.24,75554.78358454368
65.25,75557.63758526299
65.26,75561.52449157844
65.27,75564.1009152685
65.28,75564.32617083646
65.29,75567.32026413342
65.3,75569.64350572047
65.31,75573.24680329028
65.32000000000001,75575.5971304926
65.33,75577.7556966074
65.34,75581.64447741631
65.35,75583.47121811747
65.36,75589.2210725395
65.37,75589.58206226684
65.38,75591.5143826731
65.39,75594.87250255437
65.4,75597.0171759832
65.41,75600.0234581329
65.42,75603.05608866729
65.43,75605.93147028425
65.44,75607.29976215355
65.45,75611.12125927466
65.46000000000001,75612.88056382528
65.47,75614.62145589342
65.48,75618.89704690367
65.49,75620.70299465276
65.5,75621.70251752822
65.51,75625.47187639892
65.52,75626.94302326789
65.53,75629.79204214005
65.54,75635.8556621298
65.55,75635.43028671567
65.56,75639.15023737043
65.57000000000001,75642.2917265709
65.58,75643.89624099211
65.59,75647.27632283066
65.6,75650.11819888659
65.61,75650.89119234013
65.62,75655.95602209459
65.63,75659.5149015044
65.64,75658.67176458426
65.65,75663.45568289013
65.66,75663.40078951244
65.67,75667.58057745283
65.68,75672.16604094765
65.69,75672.25567044625
65.7,75676.75057701448
65.71000000000001,75677.03134958507
65.72,75682.09840051565
65.73,75682.85830163135
65.74,75688.03689778807
65.75,75689.61741109932
65.76,75691.91669932981
65.77,75694.71407340326
65.78,75697.66484111131
65.79,75699.60719054037
65.8,75702.57540647074
65.81,75706.16735770673
65.82000000000001,75708.56891599065
65.83,75710.23624750783
65.84,75712.22282197488
65.85,75713.86343206461
65.86,75716.91078189856
65.87,75721.0928497097
65.88,75724.15885298497
65.89,75727.5956361125
65.9,75729.35811755479
65.91,75733.33657280213
65.92,75734.52415808832
65.93,75736.97010479994
65.94,75739.79046640961
65.95,75743.51013267535
65.96000000000001,75742.7531970567
65.97,75746.973380658
65.98,75751.38741152009
65.99,75751.82571599219
66.0,75753.89194036732
66.01,75757.01884727404
66.02,75763.32760479323
66.03,75763.36470009343
66.04,75765.87101602084
66.05,75768.1401052159
66.06,75771.07326886065
66.07000000000001,75773.48989228641
66.08,75777.05856123556
66.09,75778.9076681711
66.1,75782.11923161826
66.11,75784.53639339747
66.12,75787.05263182706
66.13,75789.30631653572
66.14,75791.63633146243
66.15,75794.8936805298
66.16,75799.12491410997
66.17,75799.37813903636
66.18,75801.10605719317
66.19,75804.68536893846
66.2,75808.28820495294
66.21000000000001,75812.46382289639
66.22,75814.31701379555
66.23,75816.06852667056
66.24,75819.61576454024
66.25,75821.5085429994
66.26,75822.40708484211
66.27,75826.8109923646
66.28,75827.3339778378
66.29,75833.60923727213
66.3,75834.92359407517
66.31,75837.86889640341
66.32000000000001,75838.86506678008
66.33,75841.11221165815
66.34,75845.50900022294
66.35,75847.45607625949
66.36,75849.81829508822
66.37,75853.80455111945
66.38,75854.25703442404
66.39,75859.2211521663
66.4,75860.6591459124
66.41,75863.2980453832
66.42,75866.45848297993
66.43,75867.78741634525
66.44,75871.2544183721
66.45,75873.56677182949
66.46000000000001,75878.51616351202
66.47,75879.06068840077
66.48,75882.1150542997
66.49,75884.12897211203
66.5,75888.42017235205
66.51,75891.85788148009
66.52,75894.16637831314
66.53,75895.73979108503
66.54,75896.93263104536
66.55,75901.19733921705
66.56,75902.5847710494
66.57000000000001,75903.31816762309
66.58,75907.95176698842
66.59,75912.12993326316
66.6,75914.12166032603
66.61,75916.7819999389
66.62,75919.67656047424
66.63,75921.07400097947
66.64,75923.40385440055
66.65,75927.79738836877
66.66,75929.84125142454
66.67,75931.77771458229
66.68,75934.31040152108
66.69,75938.1242050385
66.7,75939.71368479641
66.71000000000001,75943.72813013286
66.72,75946.1204595088
66.73,75947.26972203454
66.74,75950.55980342017
66.75,75953.84424661919
66.76,75955.37919469099
66.77,75958.37681112695
66.78,75960.57452927863
66.79,75965.0846518515
66.8,75965.70210820952
66.81,75969.83917650305
66.82000000000001,75970.76855281736
66.83,75976.91898400392
66.84,75977.2003326237
66.85,75978.57740481444
66.86,75982.04971482202
66.87,75984.45821361191
66.88,75989.0433062425
66.89,75991.49726321004
66.9,75993.56964932726
66.91,75994.99650563793
66.92,75999.65581251403
66.93,76001.05343070735
66.94,76003.22644852457
66.95,76006.01567233934
66.96000000000001,76009.4935893324
66.97,76013.47226535964
66.98,76015.18029872062
66.99,76017.72002338516
67.0,76020.94435388104
67.01,76022.16016654683
67.02,76023.8183039739
67.03,76029.51164831182
67.04,76030.77426121451
67.05,76031.83739293636
67.06,76037.35302717221
67.07000000000001,76038.97957115657
67.08,76042.29721943382
67.09,76045.15282235792
67.1,76048.74710387367
67.11,76048.41611278479
67.12,76053.06913579274
67.13,76053.76216439674
67.14,76056.76085112707
67.15,76060.39836988084
67.16,76063.2672641726
67.17,76064.7050454946
67.18,76067.97389302326
67.19,76071.35659886958
67.2,76070.15091679858
67.21000000000001,76076.75585878165
67.22,76076.29730884072
67.23,76080.63005088222
67.24,76083.70647499028
67.25,76085.6000651407
67.26,76090.06770869771
67.27,76091.68406666814
67.28,76093.15931665177
67.29,76096.8833370557
67.3,76098.5620252339
67.31,76100.88379309408
67.32000000000001,76104.86389650227
67.33,76105.8162163528
67.34,76108.08484403169
67.35,76112.92259882021
67.36,76115.62706661221
67.37,76116.9858420655
67.38,76120.0527136525
67.39,76121.76721708533
67.4,76125.00020781826
67.41,76129.14902850991
67.42,76129.31510446641
67.43,76134.12465872962
67.44,76136.17922680432
67.45,76138.62944695116
67.46000000000001,76141.2889098144
67.47,76145.40976481579
67.48,76146.65985492547
67.49,76148.70540330338
67.5,76152.31844493997
67.51,76155.99903119139
67.52,76156.41403189179
67.53,76159.6025504572
67.54,76161.74270330863
67.55,76165.6180353181
67.56,76167.24887588697
67.57000000000001,76169.8888840826
67.58,76172.07060212431
67.59,76174.9358041952
67.6,76180.19365760068
67.61,76181.16206047799
67.62,76182.90259063525
67.63,76184.83408327786
67.64,76187.78690307801
67.65,76190.55446934068
67.66,76192.25053464233
67.67,76195.49867222513
67.68,76200.0307822691
67.69,76203.72471487768
67.7,76204.91418562976
67.71000000000001,76208.5390712142
67.72,76211.86869336823
67.73,76212.74089711091
67.74,76216.70642072197
67.75,76218.95406675906
67.76,76221.46339278966
67.77,76223.459036031
67.78,76225.31967363274
67.79,76227.3579229809
67.8,76231.14721251579
67.81,76235.58507829809
67.82000000000001,76236.40101220996
67.83,76238.3029938571
67.84,76241.0686279173
67.85,76243.7571567003
67.86,76247.86347596308
67.87,76251.06092479496
67.88,76254.15534152203
67.89,76255.647427768
67.9,76256.93258923397
67.91,76260.44317388858
67.92,76262.24451715752
67.93,76265.23690040378
67.94,76269.45429068214
67.95,76271.24415250319
67.96000000000001,76274.33167329464
67.97,76276.51241915737
67.98,76280.17427096439
67.99,76281.14172225431
68.0,76285.11359989987
68.01,76286.64897477876
68.02,76288.81563824059
68.03,76290.98798324958
68.04,76295.24782415944
68.05,76297.72071619671
68.06,76300.55744236233
68.07000000000001,76302.48500804567
68.08,76304.87679627699
68.09,76308.81397545453
68.1,76310.79039694823
68.11,76313.67801612896
68.12,76315.56067928892
68.13,76317.94537642629
68.14,76321.25490791451
68.15,76321.71053070166
68.16,76327.88497947923
68.17,76329.06428962633
68.18,76331.84749112396
68.19,76333.91663302422
68.2,76335.92454973441
68.21000000000001,76340.44940072519
68.22,76342.22981559871
68.23,76345.62522264582
68.24,76348.69667275241
68.25,76350.8753477254
68.26,76354.05819113221
68.27,76357.02882194382
68.28,76358.19261941036
68.29,76360.58633523068
68.3,76364.28873702731
68.31,76365.74808347083
68.32000000000001,76370.80536062925
68.33,76370.09783990105
68.34,76373.07480284986
68.35000000000001,76377.56020758937
68.36,76380.8375835579
68.37,76382.54740574866
68.38,76383.75197133882
68.39,76388.02422303676
68.4,76391.53645483442
68.41,76392.87540766271
68.42,76394.91142576768
68.43,76397.98150038859
68.44,76400.96387670742
68.45,76404.35975311461
68.46000000000001,76406.34257736985
68.47,76409.33766515693
68.48,76411.81593675802
68.49,76413.67349061185
68.5,76417.7444002014
68.51,76419.81965234099
68.52,76423.30892294207
68.53,76424.53625882504
68.54,76426.95185834247
68.55,76432.58564497824
68.56,76432.34636986988
68.57000000000001,76436.10982723343
68.58,76435.93570412858
68.59,76439.63888431374
68.60000000000001,76442.99855641782
68.61,76447.51576816582
68.62,76448.85648174671
68.63,76450.69278684708
68.64,76453.936864078
68.65,76454.84312042616
68.66,76460.31935101889
68.67,76461.19863651872
68.68,76463.0739662082
68.69,76466.81285039254
68.7,76467.88411581032
68.71000000000001,76470.7710797221
68.72,76475.17412105335
68.73,76477.19050793075
68.74,76480.80196232362
68.75,76483.57118051332
68.76,76485.377166362
68.77,76488.44146829126
68.78,76490.06596444984
68.79,76493.50524345525
68.8,76496.58667460446
68.81,76498.85888260533
68.82000000000001,76501.32877470153
68.83,76503.98149261952
68.84,76508.62238671319
68.85000000000001,76510.97698485946
68.86,76511.14972196773
68.87,76513.28097393294
68.88,76516.20196028872
68.89,76521.64839503037
68.9,76523.96253126167
68.91,76527.06070152376
68.92,76529.37052810231
68.93,76530.73527272615
68.94,76534.72186744811
68.95,76534.78778346357
68.96000000000001,76538.82135419894
68.97,76541.19076591989
68.98,76542.97087242988
68.99,76547.22951222971
69.0,76550.56076641426
69.01,76551.73677493288
69.02,76554.70346380465
69.03,76556.66774171304
69.04,76559.16911888302
69.05,76562.01709213773
69.06,76566.57733074435
69.07000000000001,76568.29245334826
69.08,76570.72401412485
69.09,76572.25509005492
69.10000000000001,76576.95978214826
69.11,76577.56166180801
69.12,76581.14973839105
69.13,76584.86616585091
69.14,76586.006824866
69.15,76588.98910972856
69.16,76592.7988081945
69.17,76594.0278650656
69.18,76597.43800118285
69.19,76601.59470523224
69.2,76603.79469608728
69.21000000000001,76604.25622915204
69.22,76606.9584015188
69.23,76611.16561834558
69.24,76612.95744773913
69.25,76615.37559258229
69.26,76618.47970600311
69.27,76622.28759264397
69.28,76621.46935066134
69.29,76624.8030525347
69.3,76629.35907973307
69.31,76633.2711952639
69.32000000000001,76634.11308853919
69.33,76638.4246005402
69.34,76639.49083268303
69.35000000000001,76643.14942880646
69.36,76642.48496945575
69.37,76646.81998193529
69.38,76651.4074173676
69.39,76653.95427016883
69.4,76655.28365561392
69.41,76660.14177297268
69.42,76663.66539827758
69.43,76663.24772214898
69.44,76666.80280688744
69.45,76667.35317030504
69.46000000000001,76673.09111874386
69.47,76675.14730772494
69.48,76678.4001040189
69.49,76678.27839125348
69.5,76681.61250265212
69.51,76683.78936028996
69.52,76687.15681624784
69.53,76689.5513349032
69.54,76692.30597420518
69.55,76693.27266534869
69.56,76698.41575110951
69.57000000000001,76700.46093098664
69.58,76704.84169323767
69.59,76706.19633527008
69.60000000000001,76708.09944182906
69.61,76712.18057445185
69.62,76715.6555389119
69.63,76716.0918599102
69.64,76718.07865842176
69.65,76720.68189023608
69.66,76723.97306277465
69.67,76727.09909238994
69.68,76729.8492336296
69.69,76731.5725546231
69.7,76734.77142281295
69.71000000000001,76736.50866623997
69.72,76740.95355047986
69.73,76742.75033010308
69.74,76746.30020003734
69.75,76746.1366996068
69.76,76751.24601327261
69.77,76754.22975690947
69.78,76756.46460276312
69.79,76758.62569084036
69.8,76762.00280562854
69.81,76765.50499289135
69.82000000000001,76766.48420142492
69.83,76769.46263614902
69.84,76771.93597281631
69.85000000000001,76773.97414471295
69.86,76775.70641953169
69.87,76780.09391378307
69.88,76782.49585940417
69.89,76785.16946223943
69.9,76786.30198968439
69.91,76790.64773988524
69.92,76793.7088544589
69.93,76798.26119772242
69.94,76798.97565929286
69.95,76802.0528142245
69.96000000000001,76803.66998625122
69.97,76807.65781897081
69.98,76807.08782223119
69.99,76813.51701847216
70.0,76813.62611604348
70.01,76816.89680617145
70.02,76818.2146872848
70.03,76823.22045900312
70.04,76825.61068952733
70.05,76829.00179874219
70.06,76830.99806912158
70.07000000000001,76830.41413204669
70.08,76835.97747286264
70.09,76839.13162632767
70.10000000000001,76841.84400105078
70.11,76845.04541143132
70.12,76845.63770847095
70.13,76848.98224580842
70.14,76850.22588703252
70.15,76854.79789509531
70.16,76856.63413100221
70.17,76860.49004694444
70.18,76860.33947435133
70.19,76868.23453585204
70.2,76868.49685459878
70.21000000000001,76871.03100648611
70.22,76873.13061990893
70.23,76876.12917029281
70.24,76879.71085263621
70.25,76880.4246613682
70.26,76882.76812381465
70.27,76885.82988590667
70.28,76887.82259029162
70.29,76892.85215372147
70.3,76895.6583308591
70.31,76896.73688868227
70.32000000000001,76898.65075080917
70.33,76902.23802057205
70.34,76905.16780967408
70.35000000000001,76907.51303679269
70.36,76910.83406748205
70.37,76911.66475920907
70.38,76915.99383672001
70.39,76918.78029805404
70.4,76919.61435549297
70.41,76923.42586197164
70.42,76926.71832462621
70.43,76928.7066028699
70.44,76931.5547412359
70.45,76934.71200339703
70.46000000000001,76936.74557926564
70.47,76939.90484198133
70.48,76943.15160084689
70.49,76943.20582114448
70.5,76947.68292905498
70.51,76951.94399645866
70.52,76953.03702947024
70.53,76954.4870978407
70.54,76957.31787542292
70.55,76960.27690361273
70.56,76964.16330858314
70.57000000000001,76965.4869746906
70.58,76967.72131485527
70.59,76972.14815173506
70.60000000000001,76975.25244629724
70.61,76976.83888366917
70.62,76978.43469472534
70.63,76981.43502305058
70.64,76986.35449640256
70.65,76987.15239923507
70.66,76990.5773860906
70.67,76992.01897689198
70.68,76994.7569575983
70.69,76997.4784569379
70.7,76999.65659683342
70.71000000000001,77002.57960193855
70.72,77005.00964320605
70.73,77008.8322584043
70.74,77010.43967195252
70.75,77013.03702033228
70.76,77016.22576828978
70.77,77020.33406259042
70.78,77022.62998532936
70.79,77028.17516379702
70.8,77026.8349662753
70.81,77030.93554946406
70.82000000000001,77030.8617059395
70.83,77035.22115635352
70.84,77036.41180090526
70.85000000000001,77040.38964731089
70.86,77043.26511768677
70.87,77044.55757580212
70.88,77047.77505526856
70.89,77052.80304498995
70.9,77054.47664761926
70.91,77055.90791559099
70.92,77059.25236984438
70.93,77060.93515844831
70.94,77064.64853359413
70.95,77066.21127540836
70.96000000000001,77069.1496050586
70.97,77072.69889598584
70.98,77074.86830798008
70.99,77077.92779769869
71.0,77081.64783703054
71.01,77083.40228323362
71.02,77086.53272946423
71.03,77087.82291188503
71.04,77091.64163982266
71.05,77095.03541834932
71.06,77096.96816367302
71.07000000000001,77100.01932626522
71.08,77102.59776145291
71.09,77104.90824710288
71.10000000000001,77108.13785083518
71.11,77108.33229257674
71.12,77110.14339197002
71.13,77116.16945792949
71.14,77119.33153361485
71.15,77119.90514470058
71.16,77124.23702176286
71.17,77125.6752784607
71.18,77128.69214547434
71.19,77130.2649371226
71.2,77132.59383872432
71.21000000000001,77136.45247816258
71.22,77138.15870400761
71.23,77141.4065410558
71.24,77143.04893615172
71.25,77147.94425515937
71.26,77148.86958220931
71.27,77151.51241179123
71.28,77155.29980961981
71.29,77155.20192498909
71.3,77160.1172004912
71.31,77161.50342866596
71.32000000000001,77164.3303467367
71.33,77169.07532918002
71.34,77171.74674055899
71.35000000000001,77172.17973808854
71.36,77174.05206281459
71.37,77180.02696269246
71.38,77183.23259495181
71.39,77182.4725138514
71.4,77187.73833096922
71.41,77190.01226417374
71.42,77189.89375164584
71.43,77194.7249870987
71.44,77196.41094146036
71.45,77201.22906956938
71.46000000000001,77201.94701734187
71.47,77205.26707163178
71.48,77207.48625113895
71.49,77211.61679266168
71.5,77213.64920852307
71.51,77217.26075866944
71.52,77221.24875082952
71.53,77220.7940316785
71.54,77223.82301150856
71.55,77226.40704462117
71.56,77228.88418120037
71.57000000000001,77232.55158685749
71.58,77234.83525561102
71.59,77235.8101017412
71.60000000000001,77239.09822195355
71.61,77242.3482548973
71.62,77245.5226643029
71.63,77248.38680227668
71.64,77251.95788549042
71.65,77251.77931622612
71.66,77255.83038067678
71.67,77258.57972281994
71.68,77261.20111480329
71.69,77261.99117062257
71.7,77267.02046845877
71.71000000000001,77269.59856702997
71.72,77272.22217261643
71.73,77274.1756175716
71.74,77277.97977536292
71.75,77279.60039111844
71.76,77281.92018129864
71.77,77285.78709342654
71.78,77287.86674333249
71.79,77291.73023053221
71.8,77294.12190882127
71.81,77295.23945175364
71.82000000000001,77297.96146699376
71.83,77299.96165171276
71.84,77304.52442990172
71.85000000000001,77306.19771427433
71.86,77309.30028245434
71.87,77311.78559761748
71.88,77314.90492173987
71.89,77317.5853467029
71.9,77319.7093392801
71.91,77321.91848660636
71.92,77325.95751298318
71.93,77327.98254493989
71.94,77329.42503294893
71.95,77332.36067266235
71.96000000000001,77335.7567069913
71.97,77338.73934651588
71.98,77342.61333007683
71.99,77344.14054504698
72.0,77346.36445082615
72.01,77347.02641524909
72.02,77350.39092362399
72.03,77356.49665431994
72.04,77355.59877700878
72.05,77361.63077818426
72.06,77362.46949143932
72.07000000000001,77364.71635762119
72.08,77367.22165369615
72.09,77369.41440879492
72.10000000000001,77370.56932586333
72.11,77377.10776602315
72.12,77379.38403200937
72.13,77382.95982893345
72.14,77382.71045109902
72.15,77387.18848739489
72.16,77388.21290587427
72.17,77391.36865190626
72.18,77395.20187511435
72.19,77398.3156831349
72.2,77400.84880424738
72.21000000000001,77400.54180658738
72.22,77404.17543379802
72.23,77407.39378844664
72.24,77412.89274226034
72.25,77413.12133891867
72.26,77417.47404435967
72.27,77417.98229063829
72.28,77421.98499527546
72.29,77423.84721905738
72.3,77426.6034928739
72.31,77430.85359370545
72.32000000000001,77430.7160748411
72.33,77433.94930203377
72.34,77438.86543906361
72.35000000000001,77439.61867944535
72.36,77441.25740499467
72.37,77445.8568863176
72.38,77446.31109976188
72.39,77451.01619379765
72.4,77453.00793966527
72.41,77456.3611798056
72.42,77457.36719863742
72.43,77460.79793910513
72.44,77463.77691133851
72.45,77465.69378844283
72.46000000000001,77469.73068776223
72.47,77470.53269160558
72.48,77474.67050810246
72.49,77477.56795835977
72.5,77479.07390284026
72.51,77480.73415851001
72.52,77483.85419511485
72.53,77488.92123163464
72.54,77490.38602465297
72.55,77491.26581293026
72.56,77497.18290054456
72.57000000000001,77497.21829365192
72.58,77499.77480647738
72.59,77504.69587271092
72.60000000000001,77508.14793786444
72.61,77508.96797857204
72.62,77510.66701650142
72.63,77513.51314333972
72.64,77517.04712448546
72.65,77519.1307450169
72.66,77522.09838285518
72.67,77524.25266890421
72.68,77526.16001491564
72.69,77529.45106737452
72.7,77532.16343744857
72.71000000000001,77536.52570917661
72.72,77539.10625105728
72.73,77540.8503085486
72.74,77543.60811433416
72.75,77546.17192892967
72.76,77548.51908363374
72.77,77551.00722796471
72.78,77555.1866120571
72.79,77556.28862204587
72.8,77560.53264701997
72.81,77561.8690873914
72.82000000000001,77566.49937014146
72.83,77565.1466715097
72.84,77570.33432503203
72.85000000000001,77571.47506581598
72.86,77575.28131796948
72.87,77577.87027756844
72.88,77580.92753092691
72.89,77585.6449890255
72.9,77586.07005463478
72.91,77589.31526306015
72.92,77591.49276450701
72.93,77594.77779204058
72.94,77595.87294566458
72.95,77601.09930946266
72.96000000000001,77602.81437694984
72.97,77605.24987720411
72.98,77606.66967285059
72.99,77611.4357875516
73.0,77613.72315893108
73.01,77615.36609257503
73.02,77618.25436475276
73.03,77620.87451020321
73.04,77623.55998131515
73.05,77627.84445701323
73.06,77627.11836070704
73.07000000000001,77632.83629130742
73.08,77634.53496202982
73.09,77637.17532421596
73.10000000000001,77640.18433490342
73.11,77641.66367316205
73.12,77645.81208776207
73.13,77648.1288522071
73.14,77649.99076155447
73.15,77653.36771779915
73.16,77655.3700304787
73.17,77658.55129998922
73.18,77661.68834478976
73.19,77664.30848624367
73.2,77667.57324048465
73.21000000000001,77668.11074917621
73.22,77671.8037385497
73.23,77675.70135414143
73.24,77677.96429392991
73.25,77678.30768161522
73.26,77682.0784269641
73.27,77684.9432409406
73.28,77686.77299399856
73.29,77689.86649401473
73.3,77694.01698996502
73.31,77696.08958190717
73.32000000000001,77700.07549602506
73.33,77699.96041066467
73.34,77703.19242968342
73.35000000000001,77707.55873903845
73.36,77709.39417758324
73.37,77711.26136678914
73.38,77713.93400592469
73.39,77717.1195116457
73.4,77720.06560988366
73.41,77720.5822498372
73.42,77726.41394067217
73.43,77726.20616246361
73.44,77730.2761062259
73.45,77732.65023894137
73.46000000000001,77736.27576464793
73.47,77737.31043974879
73.48,77741.36412457725
73.49,77743.20021662643
73.5,77744.70239708749
73.51,77747.01157521759
73.52,77750.7609771067
73.53,77754.80569545856
73.54,77757.56288535208
73.55,77760.04924490007
73.56,77764.62912985486
73.57000000000001,77764.83349318008
73.58,77765.80046935311
73.59,77768.3893658736
73.60000000000001,77772.94094512967
73.61,77776.37200078412
73.62,77777.71520602766
73.63,77779.63442328323
73.64,77783.81899096043
73.65,77786.93303591145
73.66,77790.25119524274
73.67,77789.79704774528
73.68,77794.86341397336
73.69,77795.99439055541
73.7,77800.23755602488
73.71000000000001,77800.47426955984
73.72,77804.03003250885
73.73,77807.28070269346
73.74,77810.4563021704
73.75,77813.00128798728
73.76,77815.58372839267
73.77,77818.32495797002
73.78,77820.42114120277
73.79,77821.75104439408
73.8,77828.74198322836
73.81,77829.34213291635
73.82000000000001,77830.41071032042
73.83,77835.27467447415
73.84,77837.0234469173
73.85000000000001,77840.14790007648
73.86,77842.72131715289
73.87,77845.38100328972
73.88,77848.96852599722
73.89,77850.34866166412
73.9,77852.54873260659
73.91,77857.35973208387
73.92,77859.09354759216
73.93,77859.45571055064
73.94,77862.72741785775
73.95,77867.28263825318
73.96000000000001,77870.89923154192
73.97,77872.62601457234
73.98,77873.14106018248
73.99,77877.05043408547
74.0,77878.79358685105
74.01,77883.95108041135
74.02,77884.20605065423
74.03,77888.93970134249
74.04,77888.68356784638
74.05,77890.91771731283
74.06,77895.67147086878
74.07000000000001,77898.86716155063
74.08,77901.56366363198
74.09,77904.27495228263
74.10000000000001,77907.43530145696
74.11,77909.69727100697
74.12,77910.41336532506
74.13,77914.98964656654
74.14,77917.255663085
74.15,77917.68461739697
74.16,77923.17560126218
74.17,77925.63816145774
74.18,77927.68494230544
74.19,77929.46123502139
74.2,77932.69379435212
74.21000000000001,77934.89746954296
74.22,77936.84993608516
74.23,77941.05927336679
74.24,77943.18844104493
74.25,77946.211736733
74.26,77948.29874531656
74.27,77952.83953385972
74.28,77954.54112685367
74.29,77957.79281592426
74.3,77958.13832941209
74.31,77962.52861343212
74.32000000000001,77965.48615382783
74.33,77967.54684846949
74.34,77970.24469342803
74.35000000000001,77972.54702893463
74.36,77976.4232162351
74.37,77979.64428309503
74.38,77981.30819650962
74.39,77983.57814779166
74.4,77986.95649512055
74.41,77987.63795000341
74.42,77991.91506315678
74.43,77996.57703832265
74.44,77996.13094713153
74.45,77999.4288038475
74.46000000000001,78003.1664548232
74.47,78004.09535640941
74.48,78007.82445428985
74.49,78009.26958702238
74.5,78012.84120619741
74.51,78015.90416712366
74.52,78016.62803449146
74.53,78019.21112235697
74.54,78024.34596635976
74.55,78027.83554065693
74.56,78028.42834616361
74.57000000000001,78031.41384937109
74.58,78034.95632320171
74.59,78035.62913123565
74.60000000000001,78041.08052766265
74.61,78043.13877030439
74.62,78044.6677417815
74.63,78049.57789793018
74.64,78050.909979903
74.65,78054.84615433823
74.66,78055.45378483497
74.67,78058.93915230702
74.68,78062.60308566147
74.69,78064.40864455492
74.7,78067.51422586854
74.71000000000001,78068.89915113388
74.72,78072.09770553088
74.73,78074.04890191348
74.74,78076.63020227039
74.75,78081.67908663729
74.76,78082.10145388673
74.77,78084.97734662221
74.78,78088.7791058809
74.79,78088.88336562306
74.8,78095.50718761432
74.81,78096.03391998186
74.82000000000001,78099.24532280344
74.83,78101.57003683937
74.84,78102.88817543916
74.85000000000001,78106.04354185078
74.86,78108.43399600509
74.87,78113.70075629053
74.88,78115.84177485353
74.89,78117.33363175482
74.9,78118.92495747896
74.91,78121.44803710852
74.92,78125.62540401943
74.93,78127.33348803484
74.94,78129.02253190345
74.95,78133.45026295469
74.96000000000001,78135.228243699
74.97,78138.48674489884
74.98,78142.33336754903
74.99,78142.19544292797
75.0,78147.11986361223
75.01,78148.79389287237
75.02,78152.07619234044
75.03,78155.26437726508
75.04,78157.76931667385
75.05,78160.21429469678
75.06,78162.61298199129
75.07000000000001,78165.23396993916
75.08,78170.31143136941
75.09,78172.26505627843
75.10000000000001,78173.76560067962
75.11,78176.25850072734
75.12,78179.00557133323
75.13,78179.65779072476
75.14,78182.4771283461
75.15,78186.59090384019
75.16,78188.25815477643
75.17,78193.12126441968
75.18,78195.25751265764
75.19,78197.87401239767
75.2,78201.34804940742
75.21000000000001,78202.89326231019
75.22,78204.66292496971
75.23,78207.57756579522
75.24,78210.97093833216
75.25,78215.59336563667
75.26,78217.1156095831
75.27,78218.01241697579
75.28,78221.46488631124
75.29,78224.12206502288
75.3,78225.56789219058
75.31,78228.0187991099
75.32000000000001,78232.05525098325
75.33,78235.37757443302
75.34,78236.95738867429
75.35000000000001,78240.42974234199
75.36,78245.05919191879
75.37,78245.36425472227
75.38,78247.51034055192
75.39,78250.8398589337
75.4,78255.1027437595
75.41,78256.05401035586
75.42,78259.68488566723
75.43,78261.98642292531
75.44,78263.96653871809
75.45,78266.1505523161
75.46000000000001,78270.12343172495
75.47,78272.16927777036
75.48,78276.43775491489
75.49,78276.53685882343
75.5,78279.3427216578
75.51,78283.1137270413
75.52,78284.76048568667
75.53,78289.28008807111
75.54,78289.93906061431
75.55,78293.37440304572
75.56,78296.81682314485
75.57000000000001,78300.22827241266
75.58,78301.8919556595
75.59,78305.86000897846
75.60000000000001,78309.51814429926
75.61,78309.49792566455
75.62,78312.48379636244
75.63,78316.951738143
75.64,78319.19905119001
75.65,78321.56269041456
75.66,78323.96391215624
75.67,78326.66964098022
75.68,78328.56148547489
75.69,78330.82913608098
75.7,78333.77273449326
75.71000000000001,78335.608189908
75.72,78340.55049199035
75.73,78342.55573053831
75.74,78343.76336640332
75.75,78345.57027018731
75.76,78348.70963207916
75.77,78352.86413211186
75.78,78353.77373024501
75.79,78358.62573512424
75.8,78360.11209986848
75.81,78362.80814332604
75.82000000000001,78366.39405119809
75.83,78369.72456174107
75.84,78370.36106639777
75.85000000000001,78372.87712004612
75.86,78377.6779925936
75.87,78380.82441482089
75.88,78380.02553071009
75.89,78385.00814683364
75.9,78387.49355132252
75.91,78389.97568382372
75.92,78393.76455182901
75.93,78394.5904794181
75.94,78400.64912311222
75.95,78401.61673924753
75.96000000000001,78404.12927771348
75.97,78408.23152076629
75.98,78408.6936901953
75.99,78411.92995483904
76.0,78413.93829376901
76.01,78416.15116873558
76.02,78419.92169401821
76.03,78422.44667629602
76.04,78424.85170879385
76.05,78428.37884810615
76.06,78430.05781686984
76.07000000000001,78433.20548645093
76.08,78436.76033751156
76.09,78437.0164126179
76.10000000000001,78440.56210026133
76.11,78444.42692368916
76.12,78445.99720691566
76.13,78448.75050784649
76.14,78452.29349248762
76.15,78453.6350744603
76.16,78457.37166326823
76.17,78459.95164998953
76.18,78462.29575530352
76.19,78463.6170127605
76.2,78466.72006884744
76.21000000000001,78471.40756123635
76.22,78473.68011787627
76.23,78475.63265318674
76.24,78479.6091203365
76.25,78478.81686060854
76.26,78483.88372225137
76.27,78488.51200269429
76.28,78491.24250129242
76.29,78490.89062017527
76.3,78494.9726971397
76.31,78499.01500034977
76.32000000000001,78499.88825857326
76.33,78504.51136145751
76.34,78504.46663550701
76.35000000000001,78507.85797428935
76.36,78509.7571533659
76.37,78515.40901640129
76.38,78516.56813896084
76.39,78521.29889651288
76.4,78520.65213833813
76.41,78524.61430792256
76.42,78527.983488426
76.43,78530.5398062891
76.44,78532.46977487052
76.45,78535.53815017654
76.46000000000001,78536.1968621359
76.47,78542.00135804218
76.48,78542.82679374576
76.49,78544.9212861372
76.5,78548.67517617895
76.51,78552.5076566723
76.52,78553.14255856731
76.53,78556.86655879139
76.54,78559.2204244097
76.55,78561.56921370352
76.56,78563.50715789541
76.57000000000001,78566.77857350021
76.58,78570.09296280381
76.59,78569.1610605473
76.60000000000001,78574.8342911137
76.61,78578.86218376762
76.62,78580.47978999886
76.63,78583.06323118974
76.64,78586.71566885704
76.65,78587.25365699992
76.66,78591.22335412058
76.67,78594.23490451438
76.68,78596.99788123125
76.69,78599.75262372747
76.7,78601.4022569473
76.71000000000001,78605.45229283023
76.72,78606.5188552507
76.73,78609.92208030069
76.74,78613.05300637957
76.75,78614.88473949581
76.76,78617.9619087929
76.77,78621.6429512848
76.78,78624.33919064052
76.79,78626.49455680724
76.8,78631.07421443959
76.81,78632.40996047454
76.82000000000001,78634.72924717751
76.83,78635.20991123981
76.84,78640.68882522672
76.85000000000001,78642.26480428592
76.86,78644.7577582904
76.87,78647.64469257515
76.88,78650.86485695804
76.89,78653.3042816797
76.9,78655.75947628367
76.91,78659.79204485059
76.92,78662.19766569334
76.93,78663.39616072144
76.94,78667.79549765014
76.95,78669.31265405225
76.96000000000001,78672.44400060581
76.97,78675.64597104768
76.98,78679.06225337712
76.99,78679.13377018945
77.0,78682.53083539764
77.01,78686.22901512697
77.02,78687.31964919555
77.03,78690.05372442408
77.04,78693.92002251925
77.05,78694.26489243536
77.06,78697.82445687056
77.07000000000001,78701.49761070649
77.08,78705.08089678596
77.09,78705.8517529562
77.10000000000001,78709.92538476088
77.11,78711.3367660362
77.12,78715.21424303447
77.13,78717.82207694928
77.14,78720.8721759521
77.15,78724.13103031825
77.16,78724.40687085732
77.17,78727.21563927317
77.18,78730.7250336153
77.19,78734.86261578568
77.2,78736.52894339878
77.21000000000001,78738.84767893112
77.22,78742.06229761582
77.23,78745.07958452581
77.24,78745.98541800474
77.25,78750.77810500268
77.26,78752.27958130586
77.27,78753.54526386857
77.28,78757.80886103967
77.29,78759.36368933243
77.3,78762.93437446142
77.31,78765.56102643967
77.32000000000001,78769.12626469278
77.33,78769.54331667627
77.34,78772.84118981606
77.35000000000001,78774.39059538615
77.36,78779.55337901987
77.37,78783.25045535062
77.38,78784.94438366618
77.39,78785.20880576441
77.4,78788.48256144764
77.41,78791.54323238251
77.42,78795.87520848411
77.43,78800.26082202226
77.44,78801.86739821077
77.45,78802.75423500803
77.46000000000001,78805.39302172771
77.47,78807.63110280519
77.48,78810.91798714876
77.49,78814.70539769685
77.5,78815.45273957764
77.51,78816.19634217063
77.52,78821.72283571702
77.53,78825.01683910105
77.54,78826.59414158414
77.55,78831.18845007101
77.56,78833.60560236617
77.57000000000001,78834.97858037605
77.58,78839.7515614328
77.59,78840.22812974034
77.60000000000001,78844.37199208845
77.61,78845.86624524709
77.62,78849.38213819651
77.63,78850.97181349767
77.64,78853.19294033633
77.65,78857.49290623177
77.66,78858.18758328678
77.67,78863.51879649228
77.68,78867.00055112732
77.69,78869.35637594272
77.7,78870.11363675412
77.71000000000001,78871.5212771529
77.72,78876.12415341896
77.73,78879.94650600181
77.74,78881.27194780242
77.75,78882.76628217744
77.76,78886.08661062659
77.77,78889.17191726569
77.78,78889.97208838096
77.79,78893.51122941675
77.8,78897.28565371514
77.81,78900.08562495162
77.82000000000001,78903.20254126299
77.83,78903.17754693459
77.84,78907.70201774151
77.85000000000001,78910.5719740113
77.86,78913.68402657048
77.87,78914.5541014362
77.88,78919.48810836756
77.89,78920.31377529871
77.9,78923.65618564431
77.91,78927.57919517087
77.92,78928.2799087586
77.93,78931.86420781625
77.94,78936.7819692294
77.95,78938.12725876246
77.96000000000001,78939.75394023504
77.97,78944.18846749331
77.98,78945.3637025443
77.99,78946.94559375902
78.0,78950.28747322543
78.01,78952.6894211949
78.02,78956.11095048607
78.03,78959.18005989691
78.04,78962.43128237735
78.05,78964.4621232244
78.06,78967.29134491814
78.07000000000001,78968.5818837444
78.08,78971.92453100339
78.09,78974.56850894346
78.10000000000001,78978.51049305806
78.11,78979.98413488168
78.12,78982.7660119162
78.13,78986.32892034911
78.14,78986.062694204
78.15,78992.11455021128
78.16,78993.0801777062
78.17,78995.85911547246
78.18,78998.8006414576
78.19,79001.49251980045
78.2,79003.72593908005
78.21000000000001,79007.4494790697
78.22,79009.19792123685
78.23,79013.90719995394
78.24,79016.28421952056
78.25,79018.7664052022
78.26,79020.83837737267
78.27,79023.64121173856
78.28,79026.90677192216
78.29,79029.27608883122
78.3,79031.88106012785
78.31,79034.82771942942
78.32000000000001,79036.30456417587
78.33,79040.02157350793
78.34,79041.91470912684
78.35000000000001,79043.4866918729
78.36,79047.0801627681
78.37,79052.47107545273
78.38,79053.10107991273
78.39,79055.10392608799
78.4,79057.82697268722
78.41,79061.43683836455
78.42,79064.86125420275
78.43,79066.7345556099
78.44,79068.40749548996
78.45,79072.14691423497
78.46000000000001,79073.73742214961
78.47,79075.8518284787
78.48,79078.80593747334
78.49,79082.8931433803
78.5,79085.57495057855
78.51,79086.19674652907
78.52,79089.72708997101
78.53,79093.6661181291
78.54,79097.8895546553
78.55,79098.72922581297
78.56,79100.52387710917
78.57000000000001,79104.5723434405
78.58,79105.72715568682
78.59,79110.45860186187
78.60000000000001,79112.07736837318
78.61,79116.2411788951
78.62,79115.83395538185
78.63,79120.25417516798
78.64,79123.54475291753
78.65,79125.38790072658
78.66,79126.07497906158
78.67,79129.06207810147
78.68,79132.98011657783
78.69,79134.21164259357
78.7,79137.77953960348
78.71000000000001,79141.12455720946
78.72,79146.08195642794
78.73,79147.64917272916
78.74,79149.50240294525
78.75,79152.86723105666
78.76,79154.43917140095
78.77,79157.98853366991
78.78,79159.93069096445
78.79,79163.20214815451
78.8,79163.98645171641
78.81,79167.369330306
78.82000000000001,79171.29036386729
78.83,79171.98538034815
78.84,79176.46977053121
78.85000000000001,79179.21496882671
78.86,79181.2955206049
78.87,79184.72830435607
78.88,79187.47174273616
78.89,79189.73503719084
78.9,79192.30026476338
78.91,79196.6577046929
78.92,79197.69053298952
78.93,79199.60978945438
78.94,79205.11776562166
78.95,79206.25455903797
78.96000000000001,79207.73295095426
78.97,79211.06505424669
78.98,79214.01260802055
78.99,79215.37003420065
79.0,79219.22940025348
79.01,79219.48805650626
79.02,79223.7294145484
79.03,79226.34957215494
79.04,79228.35404781779
79.05,79233.75122079955
79.06,79234.52493365893
79.07000000000001,79237.41377284857
79.08,79240.50815392198
79.09,79243.35319182405
79.10000000000001,79245.98071716854
79.11,79248.8103197923
79.12,79251.07808307641
79.13,79255.44291300706
79.14,79256.981276341
79.15,79258.70062624967
79.16,79261.03317403687
79.17,79266.24487466879
79.18,79267.90424734986
79.19,79269.98895048704
79.2,79271.78994390526
79.21000000000001,79276.90590223511
79.22,79281.08443824452
79.23,79281.33422517478
79.24,79283.31649198213
79.25,79285.32750035243
79.26,79288.95444643842
79.27,79291.32957381624
79.28,79294.76675020331
79.29,79296.50856027451
79.3,79300.23230860675
79.31,79303.09885880465
79.32000000000001,79305.11783628001
79.33,79306.65195725861
79.34,79311.43536394407
79.35000000000001,79313.61479276551
79.36,79314.57546002563
79.37,79318.65090116828
79.38,79322.0893174412
79.39,79323.51924567556
79.4,79326.75064839609
79.41,79329.73174261849
79.42,79332.84351874658
79.43,79334.46722167525
79.44,79337.4157748679
79.45,79341.26196816878
79.46000000000001,79342.1414431526
79.47,79345.32345040998
79.48,79347.65623061896
79.49,79351.40235843069
79.5,79351.3737544525
79.51,79354.5598379254
79.52,79358.80361912628
79.53,79360.96953313006
79.54,79364.79630455325
79.55,79367.80550867006
79.56,79370.56451065882
79.57000000000001,79373.49332037584
79.58,79375.24885777946
79.59,79377.55776886837
79.60000000000001,79381.17739137828
79.61,79382.78438286629
79.62,79385.58299038453
79.63,79387.29294361421
79.64,79389.99253899015
79.65,79392.68287838918
79.66,79395.3049231676
79.67,79400.22456452309
79.68,79401.60530651182
79.69,79406.00840619167
79.7,79407.76466147882
79.71000000000001,79408.99430480186
79.72,79412.91568556995
79.73,79415.62933845675
79.74,79417.58277645383
79.75,79420.60069690185
79.76,79423.31561895083
79.77,79426.39585213213
79.78,79428.19827449607
79.79,79429.21855187665
79.8,79435.04906624279
79.81,79437.60854239998
79.82000000000001,79439.28560459788
79.83,79443.57194935366
79.84,79446.27014231849
79.85000000000001,79446.87904461261
79.86,79449.6993791897
79.87,79453.33764200285
79.88,79456.10297020416
79.89,79458.84559787952
79.9,79462.69508570705
79.91,79465.21161845163
79.92,79466.5939570293
79.93,79467.78861836759
79.94,79472.60233828228
79.95,79476.12248392665
79.96000000000001,79478.22381567988
79.97,79478.03582332186
79.98,79482.08925975753
79.99,79485.424220784
80.0,79487.21538514983
80.01,79490.26114246153
80.02,79493.33576540371
80.03,79494.706882636
80.04,79499.03481558783
80.05,79501.54244824097
80.06,79504.51824046095
80.07000000000001,79507.7911337344
80.08,79509.22771675356
80.09,79512.57189065279
80.10000000000001,79515.78041167246
80.11,79517.25682400455
80.12,79520.38262484876
80.13,79523.645200821
80.14,79527.07227709764
80.15,79528.50089726005
80.16,79531.99327500766
80.17,79533.57242448656
80.18,79535.81988967725
80.19,79540.92947874889
80.2,79541.27931663189
80.21000000000001,79545.70453476188
80.22,79548.11328470032
80.23,79550.17546619914
80.24,79552.80626351354
80.25,79555.9411198381
80.26,79558.922558696
80.27,79559.70773256764
80.28,79563.40638241534
80.29,79568.04389155399
80.3,79569.66894367788
80.31,79571.58026414759
80.32000000000001,79573.2127281691
80.33,79575.2328910868
80.34,79578.74535709397
80.35000000000001,79582.06251998503
80.36,79585.4893969526
80.37,79588.91965248657
80.38,79590.2569793482
80.39,79592.74886371515
80.4,79595.25189970611
80.41,79597.4578700572
80.42,79601.90173313158
80.43,79605.49540111473
80.44,79607.23584185421
80.45,79609.35757079013
80.46000000000001,79612.06600840972
80.47,79614.72586422974
80.48,79617.00968790987
80.49,79618.4441726403
80.5,79623.48854342394
80.51,79627.47697837513
80.52,79629.0794671414
80.53,79631.07735791954
80.54,79633.51161776953
80.55,79636.09127058224
80.56,79640.06974553868
80.57000000000001,79642.8642455467
80.58,79642.47686768492
80.59,79646.45317328654
80.60000000000001,79648.57619313087
80.61,79653.77112268051
80.62,79655.95483029929
80.63,79657.33059300989
80.64,79659.09884117162
80.65,79663.08030728529
80.66,79665.14305190118
80.67,79668.88071715114
80.68,79671.63341533579
80.69,79673.06729503341
80.7,79677.08081696749
80.71000000000001,79680.95618853884
80.72,79681.77642154119
80.73,79685.04271286805
80.74,79687.2631061819
80.75,79689.34420718173
80.76,79692.86133317101
80.77,79693.70710849123
80.78,79699.184256523
80.79,79700.89802168091
80.8,79703.72839710496
80.81,79705.52871003251
80.82000000000001,79709.31665299957
80.83,79712.78360624333
80.84,79716.65482898723
80.85000000000001,79717.79510770013
80.86,79718.9005879989
80.87,79722.75564763091
80.88,79726.2755745179
80.89,79728.22413755441
80.9,79728.67095546564
80.91,79733.72867955503
80.92,79737.44257562539
80.93,79738.35599747827
80.94,79741.26695434778
80.95,79744.61443656171
80.96000000000001,79747.80158984539
80.97,79748.97138595472
80.98,79752.50834365004
80.99,79754.6310953525
81.0,79756.20026465517
81.01,79760.15239640407
81.02,79763.41364169081
81.03,79767.09683876167
81.04,79769.18738920974
81.05,79771.41938739555
81.06,79774.7131513278
81.07000000000001,79776.32711192175
81.08,79777.17394702218
81.09,79780.21827059978
81.10000000000001,79785.22296608164
81.11,79788.12813346657
81.12,79791.05393832491
81.13,79793.30464040818
81.14,79795.8815762385
81.15,79797.00039270769
81.16,79799.59393226501
81.17,79803.09752253196
81.18,79805.15623351745
81.19,79807.24454639229
81.2,79811.5651075624
81.21000000000001,79813.66083911921
81.22,79816.0571529377
81.23,79819.12107580117
81.24,79823.07477706345
81.25,79823.80926256946
81.26,79828.1787058558
81.27,79831.81497847431
81.28,79834.82824140594
81.29,79835.3825567918
81.3,79838.17625254745
81.31,79841.40861549646
81.32000000000001,79845.4166122809
81.33,79846.78926891166
81.34,79848.48377584359
81.35000000000001,79852.5661433993
81.36,79854.70724618202
81.37,79857.9898296545
81.38,79860.5245251545
81.39,79863.80296684698
81.4,79864.3591335908
81.41,79868.98735300785
81.42,79870.93888147002
81.43,79872.09604718517
81.44,79876.75703017814
81.45,79878.32627795293
81.46000000000001,79881.72168625366
81.47,79884.21840838113
81.48,79885.904625468
81.49,79888.75719474992
81.5,79894.5194956396
81.51,79895.90641530708
81.52,79897.0145120522
81.53,79899.38854166245
81.54,79903.4328269703
81.55,79905.03948225772
81.56,79906.70863102295
81.57000000000001,79911.23557460163
81.58,79914.52323645851
81.59,79916.36608702678
81.60000000000001,79919.17175619345
81.61,79922.76672755368
81.62,79925.34589893484
81.63,79928.10673169862
81.64,79930.41192460037
81.65,79934.07141847779
81.66,79936.93879666756
81.67,79937.84350399677
81.68,79941.57312215913
81.69,79942.83108114582
81.7,79946.3478309172
81.71000000000001,79948.04187512188
81.72,79951.53689952957
81.73,79955.74043827303
81.74,79957.13530981302
81.75,79958.67927601915
81.76,79961.649036892
81.77,79966.67438692016
81.78,79969.26520773584
81.79,79970.97904665733
81.8,79972.5401333212
81.81,79977.22854647777
81.82000000000001,79979.88216123503
81.83,79983.44527599256
81.84,79983.12143509413
81.85000000000001,79987.00374950949
81.86,79989.6082598588
81.87,79992.32985682906
81.88,79995.63422302378
81.89,79998.27230581387
81.9,79999.57343705095
81.91,80002.57801911137
81.92,80006.01685686504
81.93,80009.03359137612
81.94,80012.44484398943
81.95,80013.56977102329
81.96000000000001,80016.47372561203
81.97,80017.68777054171
81.98,80022.55372338669
81.99,80025.97991001116
82.0,80026.79407793947
82.01,80029.90712652485
82.02,80033.10707184911
82.03,80035.05176286829
82.04,80038.3239378821
82.05,80041.39872371538
82.06,80043.45778195067
82.07000000000001,80046.33259373154
82.08,80048.82441713377
82.09,80052.15420890531
82.10000000000001,80054.5498502315
82.11,80056.34961056584
82.12,80058.39812862885
82.13,80062.47730923379
82.14,80065.45522183659
82.15,80066.94841965458
82.16,80070.90838834998
82.17,80073.33051025061
82.18,80076.44155596077
82.19,80078.12299526957
82.2,80082.18218866897
82.21000000000001,80083.71797695755
82.22,80084.44262636302
82.23,80088.17673748468
82.24,80091.97023665103
82.25,80094.78668900229
82.26,80097.94387982237
82.27,80099.43400947758
82.28,80101.17104302326
82.29,80105.81613586562
82.3,80108.00013182814
82.31,80109.87489323458
82.32000000000001,80113.88871966032
82.33,80119.04292832073
82.34,80116.93145452859
82.35000000000001,80118.63811400037
82.36,80124.71158451079
82.37,80127.5234553603
82.38,80128.91687292093
82.39,80131.75452807083
82.4,80136.74318862095
82.41,80138.42401998618
82.42,80140.04449495208
82.43,80143.61618182452
82.44,80144.00080643961
82.45,80149.74214666171
82.46000000000001,80150.09300396674
82.47,80152.82452109098
82.48,80156.32936564393
82.49,80159.48775360294
82.5,80160.42960065082
82.51,80166.63378294735
82.52,80168.35676198416
82.53,80169.98712407814
82.54,80171.73997113052
82.55,80174.40728683156
82.56,80178.21706356952
82.57000000000001,80178.86072381641
82.58,80183.7085525749
82.59,80187.75358522854
82.60000000000001,80190.35908956705
82.61,80189.05777435066
82.62,80193.5524687373
82.63,80195.62434008857
82.64,80197.37965336778
82.65,80203.87618480426
82.66,80204.06150645968
82.67,80208.35193668277
82.68,80211.37936328798
82.69,80213.80099146154
82.7,80215.49552755206
82.71000000000001,80217.52535728445
82.72,80220.60593902736
82.73,80224.33615280467
82.74,80224.21268467425
82.75,80229.18899651823
82.76,80233.74480616972
82.77,80236.65129543754
82.78,80238.02051521627
82.79,80240.98500417788
82.8,80241.97182773244
82.81,80246.06313706902
82.82000000000001,80249.09899172407
82.83,80250.8409243911
82.84,80254.27531740135
82.85000000000001,80256.11033104626
82.86,80259.96983665126
82.87,80262.10898415034
82.88,80265.97383253938
82.89,80267.91956320652
82.9,80270.01357062031
82.91,80273.29928391133
82.92,80273.60502847994
82.93,80278.44442270015
82.94,80279.3330646746
82.95,80282.50142526113
82.96000000000001,80286.18794226114
82.97,80289.84589918956
82.98,80292.3866354623
82.99,80292.74262204739
83.0,80297.9081177698
83.01,80299.98395071129
83.02,80302.27300534405
83.03,80305.38923338517
83.04,80308.79198045818
83.05,80310.0573830692
83.06,80313.79849465085
83.07000000000001,80318.33751819585
83.08,80319.14689526825
83.09,80321.09784992448
83.10000000000001,80323.18470804062
83.11,80328.11512781959
83.12,80330.2785086594
83.13,80330.50639648593
83.14,80333.68803075087
83.15,80337.67208895105
83.16,80340.73071632501
83.17,80344.30875575695
83.18,80345.28568093924
83.19,80348.64213048252
83.2,80351.53283123838
83.21000000000001,80354.93953354002
83.22,80355.92279268857
83.23,80360.72832141755
83.24,80361.77062803702
83.25,80363.2405048983
83.26,80367.88308262933
83.27,80370.33508903046
83.28,80372.07808991485
83.29,80376.22938741054
83.3,80378.21559433943
83.31,80380.97607818594
83.32000000000001,80383.19828862164
83.33,80385.93633968465
83.34,80390.49785357305
83.35000000000001,80392.3285078401
83.36,80396.45922811105
83.37,80397.44219067346
83.38,80397.72674045464
83.39,80402.10228152413
83.4,80405.0726555793
83.41,80409.33545594443
83.42,80410.68822862847
83.43,80411.21992823869
83.44,80415.78179572271
83.45,80419.26951844995
83.46000000000001,80421.66499484584
83.47,80424.43859760753
83.48,80429.05725312053
83.49,80427.1400665251
83.5,80431.29903500418
83.51,80433.06178150859
83.52,80437.96871576576
83.53,80440.84966176024
83.54,80443.27881249151
83.55,80445.92287874794
83.56,80450.14527155156
83.57000000000001,80450.41521844621
83.58,80455.0618649657
83.59,80456.7162922367
83.60000000000001,80459.46056983739
83.61,80461.90625675804
83.62,80465.28718070532
83.63,80468.54843087365
83.64,80469.3499010708
83.65,80471.87411779452
83.66,80476.00428960111
83.67,80478.96017215894
83.68,80482.07936601379
83.69,80483.05321983833
83.7,80485.77113495077
83.71000000000001,80489.71201501842
83.72,80491.21699441719
83.73,80492.92619807972
83.74,80498.52532110237
83.75,80501.09765608916
83.76,80501.877224085
83.77,80505.13536698125
83.78,80509.55517590007
83.79,80507.77709250124
83.8,80511.4551294654
83.81,80515.8279029068
83.82000000000001,80518.75086739504
83.83,80520.72588874112
83.84,80525.91286035924
83.85000000000001,80526.34756742169
83.86,80529.91437724992
83.87,80531.11300621514
83.88,80535.65744308282
83.89,80537.45641573201
83.9,80541.77511481027
83.91,80543.8717434683
83.92,80546.0920597409
83.93,80549.19577238821
83.94,80551.16232452088
83.95,80553.28433448408
83.96000000000001,80557.72954434663
83.97,80559.08565182977
83.98,80561.15382362854
83.99,80565.8532699401
84.0,80567.6802759165
84.01,80571.81649961567
84.02,80573.14305370607
84.03,80576.04759495694
84.04,80578.11729290805
84.05,80581.19199038086
84.06,80585.11759201663
84.07000000000001,80585.25418306813
84.08,80588.07092112294
84.09,80591.97998516436
84.10000000000001,80595.37013273257
84.11,80597.47497644261
84.12,80599.7079090575
84.13,80602.4210620549
84.14,80604.93485534487
84.15,80607.99494340936
84.16,80613.21200163211
84.17,80612.04142752234
84.18,80615.8318167775
84.19,80620.46614098
84.2,80620.43906332829
84.21000000000001,80624.9681296678
84.22,80628.71892861328
84.23,80628.94209703273
84.24,80632.75392774916
84.25,80635.14631039156
84.26,80640.7535797981
84.27,80640.50558837326
84.28,80643.77681670537
84.29,80646.30611757854
84.3,80649.84341476648
84.31,80651.65076504392
84.32000000000001,80653.6792444827
84.33,80656.94788367169
84.34,80659.19470193949
84.35000000000001,80663.55871382174
84.36,80665.79490967438
84.37,80668.75048394018
84.38,80670.11294716466
84.39,80671.86815119025
84.4,80674.55949319841
84.41,80679.9863892775
84.42,80681.24385219335
84.43,80684.80621385896
84.44,80685.52558488339
84.45,80689.52531662626
84.46000000000001,80692.10953506765
84.47,80694.80607241068
84.48,80696.56740313687
84.49,80700.41791237149
84.5,80703.2611799582
84.51,80707.45959371369
84.52,80707.4295165583
84.53,80710.77396900099
84.54,80712.67647920252
84.55,80717.56906954228
84.56,80720.52186220145
84.57000000000001,80722.66456432172
84.58,80723.5381872723
84.59,80725.9790333433
84.60000000000001,80730.46121775082
84.61,80734.38289558953
84.62,80736.00465941096
84.63,80738.54825030323
84.64,80740.25197759806
84.65,80742.9978034456
84.66,80745.2827657781
84.67,80747.73525256752
84.68,80750.44025174686
84.69,80753.39653993891
84.7,80754.81137332572
84.71000000000001,80759.39576686385
84.72,80762.02022312938
84.73,80765.57933828514
84.74,80767.58259722545
84.75,80769.82920164827
84.76,80771.29310817705
84.77,80775.62414937647
84.78,80780.7170452638
84.79,80781.45959482684
84.8,80784.9602542983
84.81,80786.89406448472
84.82000000000001,80791.36840141307
84.83,80792.15723527283
84.84,80795.38605327171
84.85000000000001,80799.47113264908
84.86,80800.03680106656
84.87,80804.011714478
84.88,80806.55707815285
84.89,80809.11897559138
84.9,80809.1317551662
84.91,80814.41556643152
84.92,80816.29998799869
84.93,80819.45849433444
84.94,80822.11111992587
84.95,80825.72191030034
84.96000000000001,80826.1075488707
84.97,80831.08752668012
84.98,80830.59411083003
84.99,80834.9147327039
85.0,80838.0192473308
85.01,80841.27205818881
85.02,80842.86796369357
85.03,80845.40792859884
85.04,80849.78988961846
85.05,80853.1702658002
85.06,80854.75468876946
85.07000000000001,80855.46161972728
85.08,80860.50964497574
85.09,80861.41085445549
85.10000000000001,80864.57078327233
85.11,80869.75383104321
85.12,80868.97036590836
85.13,80873.2761367381
85.14,80876.04921573831
85.15,80879.86692583693
85.16,80881.71903102616
85.17,80883.70973478994
85.18,80887.86055456585
85.19,80890.15566089064
85.2,80892.86755008709
85.21000000000001,80893.99251265783
85.22,80897.15247337906
85.23,80903.02691900446
85.24,80902.93755379677
85.25,80905.31661702335
85.26,80909.249496336
85.27,80911.05308473435
85.28,80913.52804628658
85.29,80916.91260268432
85.3,80919.12070238838
85.31,80921.39531927444
85.32000000000001,80924.04057699654
85.33,80925.3779493396
85.34,80930.35618690327
85.35000000000001,80933.7379643482
85.36,80935.76563515363
85.37,80936.23592978064
85.38,80941.3520341168
85.39,80943.90311173555
85.4,80944.90949270996
85.41,80950.53946193594
85.42,80952.0822210037
85.43,80955.1987794778
85.44,80959.76583446751
85.45,80958.4903290928
85.46000000000001,80963.8453136403
85.47,80964.62630699319
85.48,80970.25230019043
85.49,80969.78321884347
85.5,80973.28273274738
85.51,80976.46950991817
85.52,80977.47997241467
85.53,80981.22492283469
85.54,80984.00275729052
85.55,80984.47493654754
85.56,80988.09606544506
85.57000000000001,80992.74837061578
85.58,80995.05611352109
85.59,80997.22175180945
85.60000000000001,80999.85026295307
85.61,81004.60939965621
85.62,81006.76390360174
85.63,81010.1270816962
85.64,81009.76110633541
85.65,81014.6241437529
85.66,81016.30872703165
85.67,81020.76558587124
85.68,81023.63620614748
85.69,81023.90572732133
85.7,81028.63600460901
85.71000000000001,81030.55563252576
85.72,81033.62515928927
85.73,81036.20874615105
85.74,81037.40556262074
85.75,81040.58748058819
85.76,81043.76997950663
85.77,81045.71068407495
85.78,81047.73425688264
85.79,81051.5855584437
85.8,81055.55151762789
85.81,81058.67367333417
85.82000000000001,81059.19134734014
85.83,81063.1651356579
85.84,81066.69774967936
85.85000000000001,81068.53486122642
85.86,81071.05893868391
85.87,81072.79085981345
85.88,81076.57994190663
85.89,81078.84559639925
85.9,81082.1818249259
85.91,81084.60345789768
85.92,81088.6139978669
85.93,81091.87851654284
85.94,81093.83533439456
85.95,81094.39511812049
85.96000000000001,81098.60560351906
85.97,81101.36164396632
85.98,81103.99930016045
85.99,81104.64293476427
86.0,81109.07605317821
86.01,81110.74851861515
86.02,81113.99243540743
86.03,81116.92036653422
86.04,81119.1748583534
86.05,81122.16116098581
86.06,81125.78290498313
86.07000000000001,81126.8832857117
86.08,81130.94854587103
86.09,81133.30415659468
86.10000000000001,81135.79010523361
86.11,81136.50640440338
86.12,81143.07589563116
86.13,81144.78100772701
86.14,81147.94895395877
86.15,81150.40987515566
86.16,81151.72607746503
86.17,81154.21052172434
86.18,81157.23100097622
86.19,81160.38287027087
86.2,81166.85254872752
86.21000000000001,81165.11000690302
86.22,81168.9097462883
86.23,81170.40872479482
86.24,81173.18887488113
86.25,81178.06244882502
86.26,81179.64035437157
86.27,81182.82427058871
86.28,81187.31197075977
86.29,81188.26180195433
86.3,81190.63658833892
86.31,81193.35374497871
86.32000000000001,81195.59844505542
86.33,81197.95375119931
86.34,81201.94120118585
86.35000000000001,81205.48920675267
86.36,81206.75568641895
86.37,81207.7854493492
86.38,81212.61972110224
86.39,81214.65262172624
86.4,81215.67675207402
86.41,81220.20925282557
86.42,81222.24567733491
86.43,81224.92133330501
86.44,81227.48306923384
86.45,81234.3574022178
86.46000000000001,81235.60775921389
86.47,81235.28418798937
86.48,81239.4130777518
86.49,81242.82482632596
86.5,81245.94974617887
86.51,81248.10175897101
86.52,81250.42919547744
86.53,81253.49317667392
86.54,81254.17219663602
86.55,81258.16454387095
86.56,81262.87441280835
86.57000000000001,81263.44913153177
86.58,81266.77882697714
86.59,81269.24337146626
86.60000000000001,81272.64212195152
86.61,81275.07560940135
86.62,81277.23069310232
86.63,81279.99150004672
86.64,81282.34407032255
86.65,81285.88661669014
86.66,81289.0163173914
86.67,81290.92436430584
86.68,81292.72697861923
86.69,81298.28260123832
86.7,81299.35467060535
86.71000000000001,81302.65025052817
86.72,81303.50500807584
86.73,81306.77989974529
86.74,81311.03907945447
86.75,81314.14534282296
86.76,81313.43897630485
86.77,81319.16243667892
86.78,81321.84688588265
86.79,81324.04812216204
86.8,81326.66738639731
86.81,81328.34145440233
86.82000000000001,81329.67608096743
86.83,81334.05109082296
86.84,81336.65847495549
86.85000000000001,81339.66038948638
86.86,81342.66344395817
86.87,81345.88972772914
86.88,81348.45925891741
86.89,81350.12733155984
86.9,81352.22997596164
86.91,81354.8264362636
86.92,81358.98436222454
86.93,81361.04014978067
86.94,81365.52758511755
86.95,81366.24832361752
86.96000000000001,81369.4646440769
86.97,81373.1225701189
86.98,81374.77861686831
86.99,81378.34652922067
87.0,81380.44486648538
87.01,81385.5016473361
87.02,81388.68577883496
87.03,81389.8822607582
87.04,81390.33585246562
87.05,81393.69685981658
87.06,81395.6791195337
87.07000000000001,81402.15324718782
87.08,81400.7983183307
87.09,81404.24651823516
87.10000000000001,81407.4180195692
87.11,81409.63347527006
87.12,81412.32733422927
87.13,81413.82360648602
87.14,81417.44836312473
87.15,81421.64236893837
87.16,81423.2235105125
87.17,81423.71012072335
87.18,81430.58863757104
87.19,81430.721098774
87.2,81433.78078226672
87.21000000000001,81437.88736559452
87.22,81439.75537262698
87.23,81441.74310613658
87.24,81445.51220878381
87.25,81448.69949806423
87.26,81450.9783291478
87.27,81452.34648501874
87.28,81456.12888694239
87.29,81461.60484872916
87.3,81462.44143147676
87.31,81463.67014355092
87.32000000000001,81464.23861348955
87.33,81468.97235364896
87.34,81471.59410153326
87.35000000000001,81474.73988466161
87.36,81477.79447558144
87.37,81481.51168695412
87.38,81483.7487257722
87.39,81485.0560730642
87.4,81488.10180587067
87.41,81492.32189117794
87.42,81492.67830385118
87.43,81496.6916690871
87.44,81500.90647203705
87.45,81501.94144965026
87.46000000000001,81505.34879185839
87.47,81509.38990459946
87.48,81510.76427838688
87.49,81514.46003404644
87.5,81516.04264841082
87.51,81519.85084523703
87.52,81520.51063049228
87.53,81524.82619603357
87.54,81527.0638435838
87.55,81530.53877665971
87.56,81532.31238803665
87.57000000000001,81535.7466212894
87.58,81537.61400349997
87.59,81541.24657151599
87.60000000000001,81542.02394139531
87.61,81544.11443964764
87.62,81549.2978465715
87.63,81550.4290547604
87.64,81554.40947617388
87.65,81556.61560789432
87.66,81560.06596296557
87.67,81562.95385497202
87.68,81562.5116899826
87.69,81566.86547210831
87.7,81570.613199556
87.71000000000001,81574.19806153534
87.72,81576.85843666358
87.73,81578.570600973
87.74,81580.79101748273
87.75,81584.61956718618
87.76,81586.35858356296
87.77,81589.13438672364
87.78,81591.03498015161
87.79,81594.97690046622
87.8,81597.39501085873
87.81,81598.74523231237
87.82000000000001,81602.54515068224
87.83,81604.67992138253
87.84,81609.18288857286
87.85000000000001,81611.95746175418
87.86,81613.40406678343
87.87,81617.07406618641
87.88,81619.37154820315
87.89,81621.53682365788
87.9,81624.63879611957
87.91,81626.91439255235
87.92,81630.10169873109
87.93,81633.46689764706
87.94,81633.78853554043
87.95,81637.29643732797
87.96000000000001,81640.05917147952
87.97,81642.65707574664
87.98,81647.8787723526
87.99,81648.19740982818
88.0,81654.75759797075
88.01,81655.21772630601
88.02,81657.80730246373
88.03,81660.61709676778
88.04,81663.89162839307
88.05,81666.41572021376
88.06,81667.7400526687
88.07000000000001,81671.11459679087
88.08,81672.76494371268
88.09,81677.62017585363
88.10000000000001,81678.0238779337
88.11,81682.43169245037
88.12,81684.72404390082
88.13,81685.91006577152
88.14,81691.02815278956
88.15,81691.50248153016
88.16,81695.02992034519
88.17,81697.3993338569
88.18,81702.16579391436
88.19,81705.46150977867
88.2,81706.50072468382
88.21000000000001,81709.69466103417
88.22,81711.55044171696
88.23,81713.83552231456
88.24,81717.15227972726
88.25,81720.25428195416
88.26,81721.16064098928
88.27,81725.7410500339
88.28,81726.39569375226
88.29,81731.67991335482
88.3,81732.83033869205
88.31,81736.88202164079
88.32000000000001,81739.1689165948
88.33,81742.02066825528
88.34,81744.64211887504
88.35000000000001,81746.5337001638
88.36,81748.81399638792
88.37,81751.85794286303
88.38,81756.00629554651
88.39,81757.5258336817
88.4,81761.43664038685
88.41,81762.68624980235
88.42,81767.1949425929
88.43,81768.14102433455
88.44,81771.28125974044
88.45,81774.47882900962
88.46000000000001,81777.63007416525
88.47,81780.978380513
88.48,81781.1945360452
88.49,81785.71162560504
88.5,81786.79419899403
88.51,81791.10395068617
88.52,81792.34923359391
88.53,81795.98580836607
88.54,81797.93027959358
88.55,81802.17511073034
88.56,81803.2054523305
88.57000000000001,81807.30824380336
88.58,81810.50405763608
88.59,81814.1192496757
88.60000000000001,81813.93424877572
88.61,81817.92838929441
88.62,81821.92000196266
88.63,81823.39223868803
88.64,81825.97674763651
88.65,81827.44602392781
88.66,81832.21172131787
88.67,81832.79958173982
88.68,81835.12112541181
88.69,81838.84123917147
88.7,81841.462105032
88.71000000000001,81846.290499739
88.72,81848.17647980237
88.73,81851.4019222068
88.74,81853.53151086559
88.75,81856.7012053222
88.76,81858.63082532036
88.77,81860.29157151023
88.78,81865.07452189425
88.79,81867.644284787
88.8,81869.31048500522
88.81,81872.14351910146
88.82000000000001,81874.91963078629
88.83,81879.79719185388
88.84,81880.11413149645
88.85000000000001,81882.88765809443
88.86,81886.14799850034
88.87,81886.87755506125
88.88,81890.04407652418
88.89,81894.9067819081
88.9,81898.49773984632
88.91,81898.21520552575
88.92,81900.99280384737
88.93,81904.54645564206
88.94,81908.4274223099
88.95,81909.7918331332
88.96000000000001,81913.68478265639
88.97,81915.16977444594
88.98,81918.56027265749
88.99,81921.00413043858
89.0,81925.44729950438
89.01,81925.88333229223
89.02,81928.12170490627
89.03,81932.41898045903
89.04,81935.29443577147
89.05,81936.7954439604
89.06,81940.46927390213
89.07000000000001,81943.5327951128
89.08,81945.98068581759
89.09,81948.02979852787
89.10000000000001,81951.22226795579
89.11,81954.06784351937
89.12,81955.47849658167
89.13,81960.23733600223
89.14,81962.3055332077
89.15,81964.3709480822
89.16,81967.21656278915
89.17,81970.05493133153
89.18,81972.90834898337
89.19,81976.0595830706
89.2,81979.14221345643
89.21000000000001,81982.41268097206
89.22,81983.7799411599
89.23,81987.10763013105
89.24,81990.91844605174
89.25,81993.41144420422
89.26,81995.66880635134
89.27,81998.65304087581
89.28,82002.75941086706
89.29,82001.950998849
89.3,82006.8544736644
89.31,82008.1938955961
89.32000000000001,82011.21173593645
89.33,82014.63669171685
89.34,82016.35041177967
89.35000000000001,82018.29633927769
89.36,82023.27821008096
89.37,82022.27654457925
89.38,82027.41907043495
89.39,82032.15731760458
89.4,82033.28602185419
89.41,82036.56990212564
89.42,82038.73386466886
89.43,82041.37572945093
89.44,82044.94440105226
89.45,82046.00352668868
89.46000000000001,82049.8886657245
89.47,82052.77661964718
89.48,82055.93023422053
89.49,82057.3739760649
89.5,82059.73157255656
89.51,82062.05150306917
89.52,82065.47160303824
89.53,82067.58534531864
89.54,82069.82155391702
89.55,82074.82673790527
89.56,82076.51034362237
89.57000000000001,82078.32616142217
89.58,82081.98962630892
89.59,82084.33236583025
89.60000000000001,82087.25052972438
89.61,82091.61593104328
89.62,82094.63930870294
89.63,82095.32931621977
89.64,82099.2726021496
89.65,82102.57499441238
89.66,82104.61152724543
89.67,82107.51748347007
89.68,82108.51645912549
89.69,82113.29811326682
89.7,82113.59944484907
89.71000000000001,82116.77067226543
89.72,82120.99759472125
89.73,82122.81015415747
89.74,82124.44788809672
89.75,82127.41557882221
89.76,82132.74681195953
89.77,82135.28219663554
89.78,82137.01153390403
89.79,82139.36800185761
89.8,82141.2552461626
89.81,82143.12714702122
89.82000000000001,82147.03800442322
89.83,82149.10115498578
89.84,82153.40522256574
89.85000000000001,82155.9168699383
89.86,82157.23884512889
89.87,82162.36473755515
89.88,82164.5620419007
89.89,82166.7504412414
89.9,82169.24644393186
89.91,82171.85250905821
89.92,82175.23636599783
89.93,82177.97914786733
89.94,82181.89464391184
89.95,82182.49266001949
89.96000000000001,82184.79649573946
89.97,82188.84259983609
89.98,82191.06912488624
89.99,82192.23194032678
90.0,82195.71972383736
90.01,82198.45554854954
90.02,82200.2811564028
90.03,82206.53841158582
90.04,82206.68606274445
90.05,82210.22345244039
90.06,82213.36021372638
90.07000000000001,82216.29660616553
90.08,82218.24996546344
90.09,82221.51177987135
90.10000000000001,82224.53847687157
90.11,82225.69215982102
90.12,82228.50951070385
90.13,82232.38043815173
90.14,82234.04768388037
90.15,82237.31598219034
90.16,82240.18284312538
90.17,82243.21185453916
90.18,82244.76561990527
90.19,82249.26652756624
90.2,82249.37477038332
90.21000000000001,82254.27619995821
90.22,82255.75881724074
90.23,82258.09009976854
90.24,82262.30748032789
90.25,82264.45828560118
90.26,82265.58637304048
90.27,82270.64072838356
90.28,82272.99067782272
90.29,82276.06291972438
90.3,82278.4037627668
90.31,82281.36288746708
90.32000000000001,82282.945967578
90.33,82285.6631954061
90.34,82290.02370435433
90.35000000000001,82290.85190783156
90.36,82294.87213075106
90.37,82295.4878239386
90.38,82299.34466269892
90.39,82301.76464313461
90.4,82304.13456904274
90.41,82309.29961766394
90.42,82310.66575405217
90.43,82312.63087017843
90.44,82316.89336115537
90.45,82318.24393346305
90.46000000000001,82320.6748201658
90.47,82325.35180514031
90.48,82325.78616205293
90.49,82330.72577123485
90.5,82331.05250257284
90.51,82334.83431147847
90.52,82338.75806602891
90.53,82343.64078442931
90.54,82343.06134712082
90.55,82346.09679449764
90.56,82348.49945552772
90.57000000000001,82350.33006297288
90.58,82352.90241344315
90.59,82357.61847683006
90.60000000000001,82359.81353753572
90.61,82361.67220351951
90.62,82367.23088811964
90.63,82369.30611347304
90.64,82369.880407765
90.65,82371.50174081902
90.66,82376.60229800097
90.67,82377.19947395427
90.68,82381.18141650855
90.69,82384.38835257315
90.7,82386.82670879424
90.71000000000001,82390.33952000535
90.72,82390.7089705644
90.73,82396.14097547358
90.74,82397.10612938128
90.75,82400.44565268351
90.76,82401.85693518851
90.77,82405.01940116749
90.78,82409.4802377472
90.79,82413.5564258332
90.8,82415.18662325112
90.81,82416.88526092387
90.82000000000001,82420.50138345806
90.83,82421.95300687755
90.84,82424.61042459213
90.85000000000001,82428.96971935601
90.86,82429.4801091382
90.87,82433.23386308769
90.88,82437.6115541723
90.89,82438.89293272824
90.9,82441.68216419226
90.91,82442.90767301516
90.92,82446.71906648246
90.93,82449.01900630497
90.94,82451.35418855744
90.95,82456.2747607319
90.96000000000001,82456.49709977901
90.97,82462.00967607787
90.98,82464.74657644633
90.99,82466.15487356839
91.0,82469.57113393694
91.01,82470.80387039678
91.02,82474.94082103115
91.03,82474.79233010804
91.04,82477.93250786958
91.05,82482.05504969443
91.06,82486.6840674255
91.07000000000001,82487.17732380262
91.08,82491.60033265289
91.09,82494.26676043196
91.10000000000001,82496.43129552223
91.11,82498.97514834988
91.12,82502.55729919966
91.13,82504.49667934823
91.14,82506.61054084098
91.15,82509.11655955783
91.16,82512.2586885598
91.17,82516.92029728534
91.18,82517.48101347411
91.19,82521.2497254466
91.2,82523.29114121053
91.21000000000001,82525.65648386686
91.22,82529.97544201289
91.23,82530.76471214012
91.24,82535.15960616528
91.25,82537.61416944853
91.26,82539.65867681296
91.27,82542.73554155693
91.28,82546.56434164036
91.29,82548.81491677515
91.3,82550.00437980455
91.31,82553.41988707942
91.32000000000001,82555.73667366075
91.33,82557.70468173274
91.34,82561.8750139704
91.35000000000001,82564.5805966123
91.36,82567.66505798564
91.37,82569.59489709555
91.38,82572.6529492744
91.39,82574.98575003784
91.4,82578.09574872792
91.41,82580.46731303712
91.42,82581.77265558451
91.43,82585.53976399654
91.44,82588.88551660374
91.45,82591.64894107929
91.46000000000001,82595.5222253288
91.47,82597.18158082556
91.48,82600.18979916789
91.49,82602.54630467747
91.5,82605.37079499068
91.51,82607.36871218566
91.52,82610.45537082288
91.53,82616.23270565944
91.54,82615.97059766566
91.55,82619.11972518868
91.56,82621.63729922692
91.57000000000001,82624.41428332812
91.58,82628.88854888079
91.59,82629.3410291461
91.60000000000001,82632.56194529506
91.61,82635.37956034098
91.62,82639.38477924236
91.63,82642.67380485067
91.64,82644.76656696401
91.65,82646.22945533709
91.66,82649.80771618534
91.67,82651.46830098586
91.68,82656.1830266288
91.69,82657.29488374366
91.7,82658.87896187358
91.71000000000001,82662.61338127634
91.72,82664.79494822802
91.73,82668.1093180136
91.74,82670.56563797584
91.75,82673.26173940786
91.76,82676.2602221611
91.77,82679.22436855784
91.78,82682.42511532267
91.79,82685.97310353121
91.8,82687.64079148177
91.81,82690.29608593532
91.82000000000001,82691.68630025526
91.83,82696.5561211184
91.84,82698.05544468133
91.85000000000001,82701.02623820122
91.86,82705.16928410086
91.87,82706.15447870622
91.88,82708.39214402855
91.89,82713.46739193243
91.9,82714.35495434185
91.91,82717.09103230007
91.92,82722.0103989987
91.93,82723.59563885014
91.94,82726.85337278395
91.95,82726.23453648704
91.96000000000001,82732.11154085396
91.97,82733.19306777256
91.98,82734.64636886533
91.99,82740.59895543782
92.0,82741.91385882911
92.01,82745.56721547942
92.02,82747.02512903041
92.03,82749.03658370473
92.04,82752.92579011989
92.05,82756.49733174965
92.06,82755.9182248643
92.07000000000001,82758.96347830458
92.08,82762.87593529069
92.09,82765.69641578963
92.10000000000001,82770.62251625984
92.11,82773.47579371308
92.12,82772.96750745388
92.13,82776.63630284106
92.14,82779.6350292601
92.15,82783.1918882666
92.16,82786.20057021905
92.17,82788.6922461512
92.18,82792.03380328481
92.19,82795.12075264817
92.2,82795.67247169012
92.21000000000001,82800.02933872075
92.22,82801.30755109164
92.23,82804.40486512448
92.24,82806.76223995928
92.25,82810.63981231571
92.26,82812.73844899892
92.27,82814.91127574306
92.28,82818.13790263918
92.29,82821.88105471726
92.3,82823.4238117697
92.31,82825.97710817719
92.32000000000001,82829.26529397328
92.33,82829.53739592042
92.34,82835.39068568785
92.35000000000001,82836.36232914492
92.36,82840.07065260115
92.37,82844.01397412985
92.38,82844.64562125104
92.39,82847.34965565623
92.4,82851.78028531237
92.41,82854.34528490638
92.42,82856.6387984634
92.43,82859.91646393057
92.44,82862.19542754354
92.45,82864.26998506556
92.46000000000001,82868.12630503053
92.47,82870.43977234821
92.48,82874.5099588309
92.49,82875.59464639977
92.5,82877.64515598942
92.51,82882.20295112584
92.52,82884.0047919553
92.53,82887.88735205073
92.54,82889.63239312309
92.55,82890.63281025318
92.56,82895.87198861156
92.57000000000001,82898.11019554896
92.58,82901.54632955517
92.59,82903.8174199421
92.60000000000001,82905.70668841348
92.61,82907.14605256703
92.62,82911.26379191977
92.63,82913.2402585894
92.64,82915.3335513584
92.65,82918.7836348281
92.66,82921.35449419943
92.67,82925.37735621836
92.68,82926.35452019355
92.69,82930.94786172807
92.7,82934.34975385499
92.71000000000001,82935.2536500853
92.72,82938.8885118334
92.73,82940.30263019084
92.74,82944.84068570397
92.75,82946.52773863434
92.76,82949.01371741375
92.77,82953.27144455096
92.78,82953.68011290337
92.79,82957.19829313214
92.8,82960.40444184451
92.81,82963.21835369231
92.82000000000001,82965.01943901613
92.83,82969.78625964506
92.84,82970.97632322104
92.85000000000001,82973.37019651826
92.86,82976.96074705677
92.87,82978.01930742522
92.88,82982.69985119042
92.89,82984.70846560289
92.9,82988.0609301525
92.91,82988.92348283589
92.92,82993.00581756818
92.93,82996.9457693752
92.94,82997.96410909374
92.95,82999.9450044637
92.96000000000001,83005.85051581038
92.97,83006.32895673376
92.98,83007.4190241835
92.99,83012.11469815877
93.0,83014.88395533165
93.01,83016.17551899474
93.02,83020.7037177225
93.03,83023.12218272293
93.04,83024.71255615742
93.05,83027.82984681585
93.06,83032.09052468222
93.07000000000001,83034.88327121778
93.08,83036.92677737612
93.09,83038.73065126708
93.10000000000001,83041.60733341462
93.11,83046.05481033781
93.12,83047.56468977589
93.13,83051.62352122861
93.14,83052.24739223054
93.15,83055.80951445948
93.16,83060.88972532206
93.17,83060.92363124382
93.18,83063.0626524401
93.19,83064.03746076126
93.2,83069.94374744566
93.21000000000001,83071.73223534411
93.22,83077.05888799447
93.23,83078.06061671991
93.24,83079.958500576
93.25,83083.22534386544
93.26,83084.23115886532
93.27,83089.4898106945
93.28,83089.86585368593
93.29,83094.75826537165
93.3,83097.99449807768
93.31,83099.47847943341
93.32000000000001,83103.0512080569
93.33,83106.20793944402
93.34,83108.86836849748
93.35000000000001,83111.31433742997
93.36,83114.55324395464
93.37,83115.4139904586
93.38,83120.01873529103
93.39,83121.98660933331
93.4,83121.54982055069
93.41,83126.74442952921
93.42,83128.5109838675
93.43,83132.06953774576
93.44,83134.2362386129
93.45,83138.62644383828
93.46000000000001,83140.84064335485
93.47,83142.44683993257
93.48,83147.98663353799
93.49,83147.86710363196
93.5,83151.07328383731
93.51,83154.72923876246
93.52,83157.13058243397
93.53,83161.22058362175
93.54,83162.56743988274
93.55,83168.26565278713
93.56,83167.49783811913
93.57000000000001,83171.3151492078
93.58,83172.78575459456
93.59,83176.98792576874
93.60000000000001,83179.89169235261
93.61,83182.31890798426
93.62,83183.54649532262
93.63,83187.37952212353
93.64,83191.36032960644
93.65,83192.99531190064
93.66,83196.25823702669
93.67,83197.27135613725
93.68,83199.9446002026
93.69,83204.16381121408
93.7,83206.72636465263
93.71000000000001,83209.39792226824
93.72,83213.00752666655
93.73,83216.13772108407
93.74,83218.39207492268
93.75,83220.34662375391
93.76,83222.3394338319
93.77,83223.57384115524
93.78,83228.72479773464
93.79,83228.06881703468
93.8,83234.75070399401
93.81,83235.99050022884
93.82000000000001,83239.71879211023
93.83,83242.00604880472
93.84,83245.62822984504
93.85000000000001,83247.71668850543
93.86,83249.12012936002
93.87,83252.39621284217
93.88,83253.25978410414
93.89,83259.20226176732
93.9,83260.61087460975
93.91,83263.11792365386
93.92,83266.42787180589
93.93,83270.13886374961
93.94,83272.57800152864
93.95,83275.08119500593
93.96000000000001,83278.45999575104
93.97,83280.18755567279
93.98,83284.45436608052
93.99,83286.19501847189
94.0,83288.03940413844
94.01,83291.55310067227
94.02,83294.56182174444
94.03,83294.87317005104
94.04,83301.57940782927
94.05,83301.93178899166
94.06,83306.24638571065
94.07000000000001,83305.8812168973
94.08,83310.15161925777
94.09,83314.63982869529
94.10000000000001,83316.49572313445
94.11,83319.74122264437
94.12,83321.73712869345
94.13,83324.06766990923
94.14,83326.97896260055
94.15,83329.05802185503
94.16,83332.22309982454
94.17,83335.74886516141
94.18,83339.85509684386
94.19,83340.45124787954
94.2,83344.10829087322
94.21000000000001,83346.04146033061
94.22,83350.69115018792
94.23,83350.67128541111
94.24,83352.91671040247
94.25,83357.39634931093
94.26,83360.63512950086
94.27,83361.9339565274
94.28,83365.24828204219
94.29,83367.11889546737
94.3,83370.93130983227
94.31,83372.42885394892
94.32000000000001,83376.3461924888
94.33,83377.69980557729
94.34,83381.28616631597
94.35000000000001,83383.87227370267
94.36,83386.87122343984
94.37,83389.2349913043
94.38,83392.43216560557
94.39,83395.48179259495
94.4,83397.8728123702
94.41,83400.69500138414
94.42,83403.17299309744
94.43,83404.19625533902
94.44,83411.02969401776
94.45,83412.311949082
94.46000000000001,83414.24429635704
94.47,83417.1203032177
94.48,83419.40921014018
94.49,83423.58604540197
94.5,83424.80280229141
94.51,83426.38186214675
94.52,83430.60624912864
94.53,83435.10579516969
94.54,83436.53308654271
94.55,83439.28196431698
94.56,83441.77720326504
94.57000000000001,83444.25527792242
94.58,83448.6117206207
94.59,83449.44928720269
94.60000000000001,83451.7908782929
94.61,83455.28823331179
94.62,83458.77903306867
94.63,83460.14285453866
94.64,83464.78395288053
94.65,83466.21237208121
94.66,83467.4257156032
94.67,83473.35309722046
94.68,83473.37684512173
94.69,83476.6520294554
94.7,83478.68553130249
94.71000000000001,83483.76756777006
94.72,83485.7950534304
94.73,83486.82168841884
94.74,83491.06890658643
94.75,83495.45850737333
94.76,83495.84579614551
94.77,83500.20485583198
94.78,83503.04958939979
94.79,83504.0645509273
94.8,83508.21940958813
94.81,83511.22296999958
94.82000000000001,83512.04893293524
94.83,83516.96577249061
94.84,83518.49791423984
94.85000000000001,83523.2215313293
94.86,83522.76910388442
94.87,83526.38646524362
94.88,83530.10985086235
94.89,83532.28897152701
94.9,83535.27755966292
94.91,83537.64674681472
94.92,83540.89263302974
94.93,83542.29517552807
94.94,83545.68210386168
94.95,83548.91926874233
94.96000000000001,83552.0531934167
94.97,83553.30258670014
94.98,83557.23846594663
94.99,83558.77875526855
95.0,83562.649068176
95.01,83565.93531683365
95.02,83567.73954225503
95.03,83572.20230629283
95.04,83571.53785996923
95.05,83575.74686138378
95.06,83580.48993858258
95.07000000000001,83580.706856721
95.08,83584.56321132503
95.09,83587.24804372946
95.10000000000001,83589.11696629727
95.11,83591.72610450376
95.12,83593.92469754738
95.13,83599.8279190986
95.14,83601.14361527908
95.15,83602.36619576137
95.16,83606.53055861511
95.17,83610.285560561
95.18,83611.7645924196
95.19,83615.07456506036
95.2,83618.09235834405
95.21000000000001,83620.12995723741
95.22,83621.77890091584
95.23,83626.45886281408
95.24,83629.73759256651
95.25,83629.63207402824
95.26,83633.83442680836
95.27,83636.17425189204
95.28,83638.92559658206
95.29,83641.79045839896
95.3,83645.1116906576
95.31,83646.08813578325
95.32000000000001,83648.96382956383
95.33,83652.32150484505
95.34,83655.2882167007
95.35000000000001,83657.07348013064
95.36,83660.29080115762
95.37,83663.97992687441
95.38,83665.79381543233
95.39,83670.39422510436
95.4,83672.0133609592
95.41,83674.55141900151
95.42,83676.86411753729
95.43,83680.58373056649
95.44,83682.89150356573
95.45,83685.72734328329
95.46000000000001,83687.16177441445
95.47,83692.0424421116
95.48,83695.01605772586
95.49,83696.86202688787
95.5,83700.1892365868
95.51,83702.66619244419
95.52,83705.4274480127
95.53,83707.92904780433
95.54,83710.07971912931
95.55,83714.56246259522
95.56,83715.73112631487
95.57000000000001,83717.61580797717
95.58,83721.50682558423
95.59,83722.7441966745
95.60000000000001,83729.63773791333
95.61,83728.9822576041
95.62,83730.96286248905
95.63,83735.19787457767
95.64,83737.95526948052
95.65,83741.3964342754
95.66,83743.9670320104
95.67,83746.47639085603
95.68,83747.38657282037
95.69,83752.3335674249
95.7,83755.43054749002
95.71000000000001,83755.87600808729
95.72,83759.69757141845
95.73,83762.0231169188
95.74000000000001,83764.60205239648
95.75,83769.20794963735
95.76,83771.08144172335
95.77,83773.17181179253
95.78,83776.01086102225
95.79,83778.69732013607
95.8,83782.60239777881
95.81,83784.19228497284
95.82000000000001,83786.32894354856
95.83,83788.91119771582
95.84,83793.82794777905
95.85000000000001,83794.71959120211
95.86,83797.24601901621
95.87,83800.25038531724
95.88,83802.62623741932
95.89,83803.7366795721
95.9,83808.51132660401
95.91,83812.81235227681
95.92,83814.78450672813
95.93,83818.00885086767
95.94,83821.31641064562
95.95,83823.5678083882
95.96000000000001,83825.11957143637
95.97,83828.5735983617
95.98,83831.02476423307
95.99000000000001,83833.8287385622
96.0,83836.6171688649
96.01,83839.99476542042
96.02,83843.79004238315
96.03,83845.28960092999
96.04,83847.98635054869
96.05,83850.76690923303
96.06,83854.38215988247
96.07000000000001,83854.8141526858
96.08,83857.45629715454
96.09,83861.60367103727
96.10000000000001,83863.6744479835
96.11,83868.53506406418
96.12,83868.30484735477
96.13,83869.00932901919
96.14,83874.11492041155
96.15,83878.49129368846
96.16,83878.28864113995
96.17,83882.75736850822
96.18,83885.4410197034
96.19,83890.52791466533
96.2,83892.28888011129
96.21000000000001,83895.14261470783
96.22,83897.22185473361
96.23,83899.91729481817
96.24000000000001,83903.79089742752
96.25,83904.3931042152
96.26,83906.62309992229
96.27,83910.80516129146
96.28,83912.5492976741
96.29,83917.03169604797
96.3,83918.60714379998
96.31,83922.37330204694
96.32000000000001,83923.08694228133
96.33,83927.84608885447
96.34,83930.89405095797
96.35000000000001,83934.26603829984
96.36,83934.22813099917
96.37,83940.09021310876
96.38,83941.47442821568
96.39,83944.7503672442
96.4,83946.64796987963
96.41,83948.15436593702
96.42,83952.03993522102
96.43,83954.97229890573
96.44,83956.00793059974
96.45,83958.72186272641
96.46000000000001,83962.86335433336
96.47,83965.03249972669
96.48,83967.25243872264
96.49000000000001,83971.65219180903
96.5,83973.54883524257
96.51,83976.96531866977
96.52,83979.28218694052
96.53,83981.04404310811
96.54,83983.5620620222
96.55,83987.38113801075
96.56,83991.36094870647
96.57000000000001,83993.61660944864
96.58,83995.62361502003
96.59,83998.5888097367
96.60000000000001,84002.85022570116
96.61,84003.08929484978
96.62,84005.0279025895
96.63,84009.20818093032
96.64,84012.01004921489
96.65,84012.9157101303
96.66,84018.9655680663
96.67,84022.1551930494
96.68,84023.13991383309
96.69,84027.15233873286
96.7,84029.73100511357
96.71000000000001,84030.76040972762
96.72,84034.16270142443
96.73,84037.9320365972
96.74000000000001,84038.89897856125
96.75,84042.49783415321
96.76,84047.01675404738
96.77,84047.37200394811
96.78,84050.80470731085
96.79,84052.65454940977
96.8,84056.38924132884
96.81,84059.49984737772
96.82000000000001,84061.56047784847
96.83,84064.39463424314
96.84,84067.47861021695
96.85000000000001,84069.91043438761
96.86,84072.64208950942
96.87,84073.42863014353
96.88,84078.36983708362
96.89,84078.60702734643
96.9,84081.51006055088
96.91,84085.83382100766
96.92,84087.82113366028
96.93,84092.56710408173
96.94,84094.65152272188
96.95,84097.98288903829
96.96000000000001,84099.91254334828
96.97,84101.266890813
96.98,84106.4653049028
96.99000000000001,84108.39408969392
97.0,84109.77325192372
97.01,84112.2285010945
97.02,84116.375325174
97.03,84119.07662090553
97.04,84121.39967526057
97.05,84125.32192482924
97.06,84127.4095095077
97.07000000000001,84128.83586464182
97.08,84132.46268525688
97.09,84136.15170603798
97.10000000000001,84138.85203059684
97.11,84141.74296917122
97.12,84143.9936317259
97.13,84147.79711944042
97.14,84148.81797398858
97.15,84151.55546865548
97.16,84155.76236367448
97.17,84157.13160913023
97.18,84159.1476067037
97.19,84165.6894743554
97.2,84166.71782524286
97.21000000000001,84168.53022634855
97.22,84170.27234805032
97.23,84174.06896189711
97.24000000000001,84179.79293423571
97.25,84179.03487240749
97.26,84182.21480843588
97.27,84185.1451730732
97.28,84189.11062345598
97.29,84190.07288978627
97.3,84193.76344881623
97.31,84197.15024442872
97.32000000000001,84199.77240874166
97.33,84200.95224830187
97.34,84205.15518607976
97.35000000000001,84208.76814716498
97.36,84210.71354032081
97.37,84213.40350157204
97.38,84214.97203317768
97.39,84218.47277562229
97.4,84221.46219199355
97.41,84222.91437454756
97.42,84226.47527708553
97.43,84229.53507266706
97.44,84230.18654887703
97.45,84235.3284845834
97.46000000000001,84237.64442588128
97.47,84239.81463393274
97.48,84242.45270018156
97.49000000000001,84245.63987995243
97.5,84248.23984799095
97.51,84251.65420092511
97.52,84255.33462036721
97.53,84255.95076411976
97.54,84258.93410721718
97.55,84263.69745789378
97.56,84264.13625616328
97.57000000000001,84268.04157105928
97.58,84270.03641473709
97.59,84272.74821308194
97.60000000000001,84275.91486879232
97.61,84279.91873447635
97.62,84281.4088473108
97.63,84284.87004609597
97.64,84286.701439957
97.65,84292.32489580115
97.66,84292.89395909054
97.67,84294.90582337278
97.68,84297.29798013999
97.69,84300.44948623086
97.7,84303.73003962493
97.71000000000001,84305.24617035608
97.72,84309.29967235231
97.73,84312.47567420888
97.74000000000001,84314.88218238123
97.75,84316.02151537934
97.76,84320.835527789
97.77,84323.449345695
97.78,84324.81457365866
97.79,84327.42695751037
97.8,84330.86705708501
97.81,84333.49949658939
97.82000000000001,84336.56984961915
97.83,84342.09794321672
97.84,84340.4322917283
97.85000000000001,84344.4739065431
97.86,84347.37376632253
97.87,84351.01018497066
97.88,84355.06357235584
97.89,84357.45322706868
97.9,84357.06793850535
97.91,84360.6071419734
97.92,84365.48809430907
97.93,84367.55112981424
97.94,84368.96946180325
97.95,84372.87854035475
97.96000000000001,84373.87857413688
97.97,84375.95009743689
97.98,84380.80659647861
97.99000000000001,84383.03325812335
98.0,84384.9591312598
98.01,84389.25263320286
98.02,84390.08453926975
98.03,84393.96083861068
98.04,84395.04842213538
98.05,84399.91633418034
98.06,84400.53511603427
98.07000000000001,84404.16707812517
98.08,84408.32791953508
98.09,84410.04086578845
98.10000000000001,84414.38123101118
98.11,84415.72461508938
98.12,84419.62659483454
98.13,84422.2792040071
98.14,84424.00460053966
98.15,84427.51883723239
98.16,84430.76324892954
98.17,84433.29130433916
98.18,84435.82947175554
98.19,84437.3810107118
98.2,84440.61201216947
98.21000000000001,84443.76759799404
98.22,84445.39899228489
98.23,84450.26898322675
98.24000000000001,84450.6053081929
98.25,84454.08106733736
98.26,84456.91314792109
98.27,84459.0547937265
98.28,84462.09556065305
98.29,84463.99949702059
98.3,84468.94857873853
98.31,84471.57928023975
98.32000000000001,84473.50720457298
98.33,84476.99859040673
98.34,84480.10559255599
98.35000000000001,84482.74600481577
98.36,84485.14720950228
98.37,84486.82525462912
98.38,84491.09702553776
98.39,84494.99715340797
98.4,84499.06013393949
98.41,84499.71823959648
98.42,84498.85804288786
98.43,84502.23002189174
98.44,84504.93550227575
98.45,84510.65379576365
98.46000000000001,84511.95567111552
98.47,84514.25417766604
98.48,84518.9404882962
98.49000000000001,84520.6963164648
98.5,84524.77557711398
98.51,84526.05780301636
98.52,84528.54181426909
98.53,84530.94095362491
98.54,84535.81145297574
98.55,84535.60732050615
98.56,84539.44107303405
98.57000000000001,84540.99843669958
98.58,84545.60017261104
98.59,84549.61955373843
98.60000000000001,84550.17899659889
98.61,84552.74244590213
98.62,84556.51799156844
98.63,84559.17841745594
98.64,84561.34712753972
98.65,84565.76297222296
98.66,84569.57172503376
98.67,84570.43691236456
98.68,84575.24602249748
98.69,84575.24848551663
98.7,84578.72924067633
98.71000000000001,84581.49066900127
98.72,84582.30005126199
98.73,84586.88688133369
98.74000000000001,84590.48507084075
98.75,84591.58825788394
98.76,84594.10980311788
98.77,84597.23328894663
98.78,84599.95581733604
98.79,84603.37598144653
98.8,84606.36421062321
98.81,84608.75332736691
98.82000000000001,84610.22327147078
98.83,84614.88540661488
98.84,84617.16630937533
98.85000000000001,84618.83754227808
98.86,84622.93947190266
98.87,84626.2813318181
98.88,84626.96961661942
98.89,84630.41555117963
98.9,84633.3732569869
98.91,84637.26908198833
98.92,84639.23657110857
98.93,84641.09154004278
98.94,84645.41594827667
98.95,84646.69461662284
98.96000000000001,84650.5865341754
98.97,84652.60130938882
98.98,84655.09561808477
98.99000000000001,84657.54759735141
99.0,84660.73516114969
99.01,84663.48968729863
99.02,84666.47971660872
99.03,84668.75873437905
99.04,84669.36280869585
99.05,84673.9593352043
99.06,84676.10013001823
99.07000000000001,84680.72755453488
99.08,84683.40387791695
99.09,84685.90811989892
99.10000000000001,84687.75000690312
99.11,84689.50892031511
99.12,84695.23767588555
99.13,84695.36431117427
99.14,84700.58832792766
99.15,84701.02871594504
99.16,84705.70625573967
99.17,84708.58507950076
99.18,84709.58533271823
99.19,84712.76550841148
99.2,84717.21542139327
99.21000000000001,84718.3118685841
99.22,84721.30388466327
99.23,84725.32313530496
99.24000000000001,84725.75474968112
99.25,84730.52413661616
99.26,84732.00160363814
99.27,84734.33493407021
99.28,84738.38951441467
99.29,84742.87598308314
99.3,84744.04100848631
99.31,84746.13860352148
99.32000000000001,84749.26496622193
99.33,84751.20088749197
99.34,84754.74288947329
99.35000000000001,84758.32463889134
99.36,84762.3662906289
99.37,84763.8298645539
99.38,84766.15837839746
99.39,84769.07353993198
99.4,84772.38809117058
99.41,84773.96713574302
99.42,84777.04907949425
99.43,84778.66309043317
99.44,84785.03916990334
99.45,84785.26231892154
99.46000000000001,84788.8563284932
99.47,84789.74015167143
99.48,84792.63542483104
99.49000000000001,84796.02691860202
99.5,84799.49295899339
99.51,84800.8864444374
99.52,84802.91102837931
99.53,84807.02921923583
99.54,84809.66343478563
99.55,84812.88497535617
99.56,84814.29611477583
99.57000000000001,84819.3365696958
99.58,84820.22746732073
99.59,84822.93482952064
99.60000000000001,84827.20141229997
99.61,84829.5922169612
99.62,84831.04161495535
99.63,84835.70556990616
99.64,84836.66691710247
99.65,84840.31350318366
99.66,84843.80384784915
99.67,84845.3672016403
99.68,84847.09439549474
99.69,84851.64359338579
99.7,84853.2139807565
99.71000000000001,84857.34222186593
99.72,84859.58245956847
99.73,84861.6510201135
99.74000000000001,84865.34371880569
99.75,84868.24638026753
99.76,84870.1616155097
99.77,84873.65646008933
99.78,84875.82183349282
99.79,84879.95071122315
99.8,84879.82527552078
99.81,84884.38652911186
99.82000000000001,84886.47511874346
99.83,84889.19074411348
99.84,84894.36245590802
99.85000000000001,84895.06915426053
99.86,84898.68218456228
99.87,84900.32148756836
99.88,84904.07386510797
99.89,84906.43429178571
99.9,84909.00310452146
99.91,84910.33757306225
99.92,84914.45891731273
99.93,84915.73187271618
99.94,84919.3579860196
99.95,84924.43165051172
99.96000000000001,84924.43061916664
99.97,84928.9347666448
99.98,84931.11467887908
99.99000000000001,84933.4436665905
100.0,84936.2019533521
100.01,84938.26263082902
100.02,84940.7012222872
100.03,84945.23565640267
100.04,84946.42493628759
100.05,84951.04431056172
100.06,84953.99158718997
100.07000000000001,84955.363249565
100.08,84957.59691136905
100.09,84961.90962295391
100.10000000000001,84962.64805887899
100.11,84967.14834872664
100.12,84968.29086800879
100.13,84973.00481186027
100.14,84977.1049741759
100.15,84978.92577800178
100.16,84980.4385052027
100.17,84982.88857712272
100.18,84984.88567673673
100.19,84989.09357558773
100.2,84993.46256834819
100.21000000000001,84994.80037900654
100.22,84996.54137927938
100.23,85000.16935824978
100.24000000000001,85002.62125708452
100.25,85005.70600068507
100.26,85008.82306047762
100.27,85010.64125173463
100.28,85014.02422217983
100.29,85014.85114183668
100.3,85020.79965607409
100.31,85021.91421582231
100.32000000000001,85025.90002161574
100.33,85027.96071794083
100.34,85030.8207970484
100.35000000000001,85032.06481022055
100.36,85034.98759030073
100.37,85039.56618174257
100.38,85042.78675142414
100.39,85043.48459320069
100.4,85047.38999369166
100.41,85049.69512293508
100.42,85052.53592895868
100.43,85054.28683001256
100.44,85058.39456644304
100.45,85058.92049403657
100.46000000000001,85062.97234834362
100.47,85066.26913253918
100.48,85069.1292823433
100.49000000000001,85071.41640015271
100.5,85074.40272869196
100.51,85077.80846514477
100.52,85080.59425096521
100.53,85082.78826374497
100.54,85084.36473296581
100.55,85087.50981758942
100.56,85090.80452714737
100.57000000000001,85094.11307321132
100.58,85096.70658842397
100.59,85101.35346943479
100.60000000000001,85101.26693930583
100.61,85102.96112453059
100.62,85107.15671470473
100.63,85109.93526747712
100.64,85113.60632151813
100.65,85114.32359905608
100.66,85117.4825508006
100.67,85121.49225075122
100.68,85125.38599615937
100.69,85126.52585697292
100.7,85129.86193490395
100.71000000000001,85132.67325972489
100.72,85134.5938145056
100.73,85137.15730782942
100.74000000000001,85141.56288544853
100.75,85141.98410469209
100.76,85147.79452080865
100.77,85148.56769501243
100.78,85152.18514977659
100.79,85153.94643568729
100.8,85155.28785010001
100.81,85159.99373732842
100.82000000000001,85164.7792594093
100.83,85164.5079936345
100.84,85168.27424204179
100.85000000000001,85171.17741873056
100.86,85173.25927879916
100.87,85176.23457771447
100.88,85177.94484828055
100.89,85182.47244708544
100.9,85184.15755751579
100.91,85187.91717614564
100.92,85190.38186375209
100.93,85192.06063149658
100.94,85195.80570299785
100.95,85197.49626709551
100.96000000000001,85201.99232239962
100.97,85204.31799902741
100.98,85206.4914259481
100.99000000000001,85209.09631114732
101.0,85213.78298469249
101.01,85215.88122921619
101.02,85218.13935045771
101.03,85219.43770738524
101.04,85223.23193741972
101.05,85226.11535995029
101.06,85228.09910591903
101.07000000000001,85232.0984053951
101.08,85234.66792135636
101.09,85238.26025832666
101.10000000000001,85239.88555100569
101.11,85242.27064690136
101.12,85245.89329786056
101.13,85247.17252167297
101.14,85251.48070558746
101.15,85253.69274714052
101.16,85256.17216737011
101.17,85259.87161173283
101.18,85262.29021718552
101.19,85265.43041932156
101.2,85267.4440313037
101.21000000000001,85269.73717574286
101.22,85273.40313834253
101.23,85275.52315390372
101.24000000000001,85279.19538046126
101.25,85281.84366439645
101.26,85285.2239283814
101.27,85285.12918664806
101.28,85288.42992907409
101.29,85292.84128273865
101.3,85295.81340623794
101.31,85298.85016578568
101.32000000000001,85301.89751142744
101.33,85303.74926266163
101.34,85304.51756869695
101.35000000000001,85309.42218568063
101.36,85311.13477612993
101.37,85314.80985290912
101.38,85318.59290754875
101.39,85319.16857036999
101.4,85321.9406615768
101.41,85325.92373023249
101.42,85328.4558828608
101.43,85332.47474212431
101.44,85334.48380040913
101.45,85335.52321398379
101.46000000000001,85338.502500873
101.47,85343.89531460383
101.48,85345.16881199174
101.49000000000001,85347.66345675508
101.5,85351.07007641824
101.51,85353.25230128111
101.52,85354.32869579531
101.53,85360.2749548803
101.54,85362.2688541378
101.55,85364.27274349281
101.56,85366.38089105401
101.57000000000001,85369.03604966405
101.58,85373.80691084955
101.59,85376.29372889288
101.60000000000001,85378.5241567439
101.61,85380.67474401007
101.62,85382.24636475973
101.63,85387.63256000768
101.64,85389.11126109131
101.65,85392.51558011425
101.66,85393.55577150184
101.67,85396.3911618198
101.68,85397.9105804595
101.69,85402.99975227803
101.7,85406.96106411614
101.71000000000001,85409.11532656956
101.72,85409.87496430191
101.73,85415.0401872396
101.74000000000001,85417.6760389321
101.75,85418.52965542683
101.76,85423.67429038123
101.77,85424.84124022911
101.78,85427.74754183927
101.79,85431.1329743164
101.8,85433.76683220177
101.81,85435.30449764135
101.82000000000001,85439.50140663925
101.83,85442.46351168616
101.84,85443.8059125199
101.85000000000001,85447.6064079995
101.86,85451.56489756561
101.87,85453.58081951457
101.88,85456.69206572129
101.89,85457.45027103082
101.9,85459.60862523493
101.91,85463.12275883964
101.92,85466.12996054409
101.93,85467.9537271911
101.94,85473.4933078775
101.95,85475.64497202037
101.96000000000001,85477.9058650728
101.97,85481.07845694179
101.98,85484.60948235699
101.99000000000001,85486.32938309776
102.0,85488.69503753865
102.01,85491.62686819995
102.02,85496.37471398924
102.03,85497.27085490424
102.04,85500.46952923476
102.05,85502.54272455703
102.06,85502.85407109135
102.07000000000001,85507.50566662809
102.08,85509.32441061991
102.09,85512.15376041025
102.10000000000001,85517.2014896805
102.11,85520.87201881387
102.12,85521.74734946006
102.13,85524.14584773283
102.14,85526.47093089612
102.15,85530.17428672672
102.16,85532.82744041336
102.17,85535.89507095482
102.18,85539.43421942137
102.19,85542.04536949891
102.2,85544.27211286512
102.21000000000001,85546.46878829414
102.22,85549.73907065329
102.23,85552.27683601253
102.24000000000001,85555.12400785914
102.25,85559.3645513333
102.26,85561.81067862379
102.27,85562.21829308203
102.28,85565.89321130284
102.29,85568.63850013449
102.3,85569.60154030487
102.31,85576.50057874313
102.32000000000001,85577.9700000966
102.33,85579.99451219212
102.34,85581.81117797464
102.35000000000001,85586.34091771205
102.36,85587.8930293191
102.37,85589.48013914368
102.38,85594.60453685798
102.39,85598.76569872262
102.4,85599.56184015935
102.41,85602.77179258705
102.42,85606.21408913743
102.43,85606.77789801695
102.44,85610.69915150316
102.45,85612.64095405025
102.46000000000001,85616.7780841484
102.47,85616.89474832054
102.48,85622.01438123512
102.49000000000001,85624.79887881197
102.5,85626.75083660927
102.51,85629.59743670351
102.52,85634.82489708118
102.53,85634.93635960345
102.54,85637.43059658351
102.55,85641.12784029667
102.56,85641.99371645502
102.57000000000001,85648.35672470237
102.58,85648.61698448332
102.59,85652.47868155749
102.60000000000001,85654.17857690132
102.61,85655.37659583625
102.62,85659.86954534957
102.63,85662.64789942483
102.64,85666.25623951416
102.65,85665.48253245986
102.66,85671.55065309274
102.67,85675.16134003576
102.68,85676.56757942734
102.69,85677.76988429048
102.7,85680.99508970279
102.71000000000001,85683.59724910413
102.72,85687.7528852222
102.73,85690.1750310669
102.74000000000001,85694.64934754428
102.75,85696.15707953915
102.76,85697.21250192328
102.77,85702.75120601675
102.78,85702.5086550354
102.79,85708.6673177714
102.8,85710.46617236997
102.81,85712.49099884288
102.82000000000001,85714.45893829266
102.83,85717.90912610457
102.84,85721.5619690739
102.85000000000001,85725.68520926726
102.86,85727.72844841755
102.87,85727.9047124373
102.88,85732.67312457981
102.89,85735.32338820142
102.9,85738.58523736514
102.91,85738.34062454509
102.92,85743.85751133187
102.93,85744.54774823108
102.94,85748.98185326069
102.95,85752.2216189116
102.96000000000001,85754.55317964645
102.97,85756.82889404781
102.98,85759.94953016474
102.99000000000001,85763.63170598503
103.0,85765.59775107769
103.01,85766.0137720168
103.02,85770.18325321135
103.03,85773.32369547363
103.04,85777.30175232071
103.05,85777.87649926638
103.06,85780.20377610005
103.07000000000001,85783.33106201628
103.08,85787.9182727943
103.09,85790.00643366332
103.10000000000001,85791.59038079692
103.11,85795.08027504724
103.12,85798.53650072259
103.13,85801.37887568003
103.14,85804.90681919442
103.15,85807.20703217939
103.16,85809.71765253038
103.17,85813.49365913593
103.18,85815.23419402004
103.19,85818.17143329396
103.2,85819.97085747699
103.21000000000001,85822.76676985642
103.22,85828.22109959844
103.23,85828.68288588822
103.24000000000001,85831.24397434077
103.25,85835.15175293971
103.26,85836.57108542876
103.27,85839.4791238701
103.28,85842.27532926376
103.29,85845.5190564908
103.3,85847.57873217769
103.31,85850.70573500851
103.32000000000001,85852.03151775186
103.33,85857.12135835002
103.34,85858.79062936355
103.35000000000001,85862.64632298915
103.36,85864.45885098598
103.37,85868.38692986868
103.38,85870.40463173119
103.39,85872.91705796524
103.4,85876.86291832813
103.41,85879.07124647535
103.42,85881.49342248416
103.43,85884.997550303
103.44,85889.10145768177
103.45,85889.79330318727
103.46000000000001,85893.64132948585
103.47,85895.18553169162
103.48,85897.69658563712
103.49000000000001,85900.48456489114
103.5,85906.73585386209
103.51,85906.95689861958
103.52,85911.02605413055
103.53,85912.89631647247
103.54,85914.01203498183
103.55,85917.15792249722
103.56,85921.4240629207
103.57000000000001,85920.44148301237
103.58,85926.65339013556
103.59,85929.14892147276
103.60000000000001,85932.33097912374
103.61,85934.20072816587
103.62,85936.89368316463
103.63,85941.08706275
103.64,85941.31210811384
103.65,85946.0910000906
103.66,85947.24260620071
103.67,85951.21364993603
103.68,85953.42305328923
103.69,85955.99990146217
103.7,85959.36877631786
103.71000000000001,85960.5042498032
103.72,85965.97173120771
103.73,85968.17518776323
103.74000000000001,85968.80271397799
103.75,85973.49843491224
103.76,85977.45638287095
103.77,85978.1283238119
103.78,85981.93308208535
103.79,85982.42598544572
103.8,85987.53725267178
103.81,85990.46321419685
103.82000000000001,85993.4939090021
103.83,85994.97561711392
103.84,85998.617033204
103.85000000000001,86000.2759531387
103.86,86003.45794705658
103.87,86007.38243137175
103.88,86007.52685154341
103.89,86012.78368021804
103.9,86015.08902361357
103.91,86018.50565158187
103.92,86021.59283320273
103.93,86024.65767299422
103.94,86026.65078167255
103.95,86029.24296551815
103.96000000000001,86031.24891577104
103.97,86033.32710859708
103.98,86035.26417941929
103.99000000000001,86038.54204055431
104.0,86042.46462521114
104.01,86046.15144436742
104.02,86047.72788106401
104.03,86051.7271378371
104.04,86053.96074989937
104.05,86057.17565712752
104.06,86058.82315326115
104.07000000000001,86060.6594102894
104.08,86063.45946188638
104.09,86067.16855536586
104.10000000000001,86069.61521854594
104.11,86074.1202896453
104.12,86075.59461186799
104.13,86078.38561739396
104.14,86081.44911554529
104.15,86082.96589717505
104.16,86086.68612558793
104.17,86090.23005211545
104.18,86092.97481531673
104.19,86093.78149969198
104.2,86099.22968715927
104.21000000000001,86102.26089549142
104.22,86102.00806662813
104.23,86104.98811799409
104.24000000000001,86107.96462113844
104.25,86112.78040624321
104.26,86113.77970313419
104.27,86118.26121444076
104.28,86119.7350932055
104.29,86122.25570731609
104.3,86127.20137997803
104.31,86128.5863149152
104.32000000000001,86131.97968628611
104.33,86135.88294122885
104.34,86134.97031383455
104.35000000000001,86139.15793300683
104.36,86140.75868007306
104.37,86144.48189684245
104.38,86148.20345411413
104.39,86149.4694525543
104.4,86153.0877547747
104.41,86157.61622581609
104.42,86158.89968224571
104.43,86162.15863841596
104.44,86165.63972409308
104.45,86166.83771212751
104.46000000000001,86169.51398671695
104.47,86173.51988756287
104.48,86176.3667897777
104.49000000000001,86177.94916874592
104.5,86179.19517530112
104.51,86183.5850042804
104.52,86187.35253635458
104.53,86188.36445946633
104.54,86191.81379206317
104.55,86195.07108230873
104.56,86197.69373130276
104.57000000000001,86200.90328176501
104.58,86203.20772351835
104.59,86206.05348550579
104.60000000000001,86209.46123101028
104.61,86211.48698510934
104.62,86216.01023560736
104.63,86217.86088197755
104.64,86219.34014998557
104.65,86221.90707010706
104.66,86226.16645396872
104.67,86228.74379785918
104.68,86231.81517518507
104.69,86233.20982314745
104.7,86236.30256429063
104.71000000000001,86238.54529210336
104.72,86241.14941264503
104.73,86244.9925178713
104.74000000000001,86248.60260214204
104.75,86250.46911663913
104.76,86252.83808569625
104.77,86256.23277845878
104.78,86257.81273775299
104.79,86262.40006050727
104.8,86265.34891679838
104.81,86265.2609987358
104.82000000000001,86269.28042954426
104.83,86272.74633871751
104.84,86275.07080420521
104.85000000000001,86278.81053364322
104.86,86281.3083778195
104.87,86284.73057581685
104.88,86284.60469041315
104.89,86289.27638924314
104.9,86291.16601952529
104.91,86295.19348065725
104.92,86296.57858620267
104.93,86301.00906255466
104.94,86304.31570430208
104.95,86305.9247541454
104.96000000000001,86307.91852129552
104.97,86312.25326974285
104.98,86316.20953175635
104.99000000000001,86316.27340937675
105.0,86319.06007179187
105.01,86322.44596517703
105.02,86326.9617404482
105.03,86328.44263769701
105.04,86329.7460468697
105.05,86332.71716844144
105.06,86335.84617648188
105.07000000000001,86339.2410619154
105.08,86343.39921937417
105.09,86346.31842771563
105.10000000000001,86348.41744407582
105.11,86350.70164857608
105.12,86352.5563106552
105.13,86356.64475037559
105.14,86357.43492460866
105.15,86359.90115008905
105.16,86364.12249093986
105.17,86367.72019969353
105.18,86370.2996562667
105.19,86373.10552353595
105.2,86374.93531785259
105.21000000000001,86376.21049467445
105.22,86381.85606355687
105.23,86383.35592391761
105.24000000000001,86386.63706734331
105.25,86389.33977456442
105.26,86392.06839049545
105.27,86393.40578445788
105.28,86397.14323958446
105.29,86400.83641340306
105.3,86403.64289060779
105.31,86405.65753586405
105.32000000000001,86408.02753247449
105.33,86410.69786655785
105.34,86413.25962386372
105.35000000000001,86415.78504240344
105.36,86419.74965093636
105.37,86420.70009851581
105.38,86425.20266291869
105.39,86427.98798160236
105.4,86431.74301957716
105.41,86433.33273843871
105.42,86436.7685487161
105.43,86436.9757219588
105.44,86442.91796845756
105.45,86445.42559774405
105.46000000000001,86448.04983524932
105.47,86451.25708210593
105.48,86454.53126459268
105.49000000000001,86454.81983710178
105.5,86458.63050048845
105.51,86463.23112668599
105.52,86465.0294505332
105.53,86466.4872600117
105.54,86469.46479379207
105.55,86471.29811734325
105.56,86473.25458377051
105.57000000000001,86479.93294456285
105.58,86480.4875502816
105.59,86482.69250916927
105.60000000000001,86487.26370573834
105.61,86489.7810366464
105.62,86493.21987620006
105.63,86494.48387596074
105.64,86497.37727373355
105.65,86500.12658319481
105.66,86503.77746376536
105.67,86506.19688470269
105.68,86508.8636742012
105.69,86511.11739737338
105.7,86513.76929892745
105.71000000000001,86518.92119629403
105.72,86520.21839123472
105.73,86522.21355899183
105.74000000000001,86524.95880405648
105.75,86528.90626542538
105.76,86529.64591227588
105.77,86532.88500526593
105.78,86535.65420985961
105.79,86538.9441742931
105.8,86541.50671817425
105.81,86544.33453991186
105.82000000000001,86547.07256586639
105.83,86550.96725079782
105.84,86554.09457923502
105.85000000000001,86554.45916084047
105.86,86558.30672316637
105.87,86561.68516893205
105.88,86563.65463433116
105.89,86568.28156025153
105.9,86570.40101427637
105.91,86573.1605225764
105.92,86575.96640950232
105.93,86578.74350456831
105.94,86582.92022037909
105.95,86583.3788089662
105.96000000000001,86586.37676587964
105.97,86591.09557779244
105.98,86592.6573863183
105.99000000000001,86594.48589037747
106.0,86597.1498669963
106.01,86600.58597564418
106.02,86604.96350301677
106.03,86607.34308929523
106.04,86608.83605850521
106.05,86611.00619895088
106.06,86616.5652582359
106.07000000000001,86616.41608513004
106.08,86620.38416588654
106.09,86624.70703371939
106.10000000000001,86625.8488592409
106.11,86628.06843600368
106.12,86632.3539089537
106.13,86632.64260055327
106.14,86637.59418784089
106.15,86637.94060911868
106.16,86641.79246521818
106.17,86645.94993480293
106.18,86649.25525173446
106.19,86651.89241770968
106.2,86653.66581882536
106.21000000000001,86655.77752976581
106.22,86656.97206596653
106.23,86661.6039754984
106.24000000000001,86665.97456889675
106.25,86666.02851100995
106.26,86670.15736222759
106.27,86670.49849730634
106.28,86675.5093523119
106.29,86677.11253139883
106.3,86680.73008661682
106.31,86685.51944533731
106.32000000000001,86687.44758801868
106.33,86689.62711266913
106.34,86691.41062356961
106.35000000000001,86694.8090053702
106.36,86696.07292536084
106.37,86701.88406550455
106.38,86702.95431121439
106.39,86706.06077858461
106.4,86708.78465267051
106.41,86712.34458300377
106.42,86714.38006509427
106.43,86716.5579001207
106.44,86719.14079722893
106.45,86721.1969364672
106.46000000000001,86725.8844009018
106.47,86727.52461136687
106.48,86732.8333970902
106.49000000000001,86732.270760079
106.5,86735.6432689362
106.51,86738.68900069523
106.52,86741.75937108125
106.53,86744.87678008128
106.54,86747.37554219365
106.55,86751.47002031878
106.56,86752.28038500725
106.57000000000001,86756.30209323902
106.58,86759.81377912509
106.59,86762.257674666
106.60000000000001,86765.284406219
106.61,86768.08926014254
106.62,86769.2047916377
106.63,86772.67437587111
106.64,86775.54346393162
106.65,86779.88732312396
106.66,86781.36254476236
106.67,86785.50054902423
106.68,86786.0023349449
106.69,86789.35019077113
106.7,86791.31974662501
106.71000000000001,86796.36087314862
106.72,86798.75093852819
106.73,86802.06501900667
106.74000000000001,86804.81293001593
106.75,86806.613206697
106.76,86809.43528598035
106.77,86811.71678822677
106.78,86815.2798015358
106.79,86816.07799646285
106.8,86820.90900070519
106.81,86821.90947317329
106.82000000000001,86825.59205051504
106.83,86828.15336019469
106.84,86830.83165836352
106.85000000000001,86835.02809621776
106.86,86835.60606090087
106.87,86838.55935085649
106.88,86844.12328504861
106.89,86845.6001229446
106.9,86847.39262120152
106.91,86847.94944332994
106.92,86851.99290660598
106.93,86857.35868001955
106.94,86858.52230449354
106.95,86863.65676628015
106.96000000000001,86865.55998348595
106.97,86867.65669441655
106.98,86871.67104928853
106.99000000000001,86871.99289229704
107.0,86875.28160365701
107.01,86878.67166293792
107.02,86881.53634756745
107.03,86883.9986903045
107.04,86888.62808016407
107.05,86889.9052761116
107.06,86891.70095294373
107.07000000000001,86894.02880556734
107.08,86899.98837783799
107.09,86900.02838658047
107.10000000000001,86903.7073672018
107.11,86906.6217798115
107.12,86908.75027472139
107.13,86914.46920619495
107.14,86915.07019908889
107.15,86917.28297593551
107.16,86920.09008506685
107.17,86924.47821760141
107.18,86927.00924066908
107.19,86929.18164419818
107.2,86929.46834629099
107.21000000000001,86934.48163339497
107.22,86937.21135384534
107.23,86939.33483123571
107.24000000000001,86942.53716408226
107.25,86944.9601559439
107.26,86949.91509022126
107.27,86950.39023321896
107.28,86954.51993381845
107.29,86957.16583440245
107.3,86960.05396586203
107.31,86961.69594283817
107.32000000000001,86964.47227094667
107.33,86967.83012465056
107.34,86970.51399295637
107.35000000000001,86973.36310959476
107.36,86975.05419698308
107.37,86978.3759950945
107.38,86980.15721563518
107.39,86985.32311468807
107.4,86988.91254912007
107.41,86988.82941580299
107.42,86993.9050543494
107.43,86996.84511693903
107.44,86997.63172400321
107.45,87001.38968569103
107.46000000000001,87003.70126428228
107.47,87007.92046350666
107.48,87009.0004344411
107.49000000000001,87010.31757682578
107.5,87015.00430236147
107.51,87018.61880606892
107.52,87020.4037766868
107.53,87023.27918289477
107.54,87026.93184771854
107.55,87026.83035646213
107.56,87030.86840229925
107.57000000000001,87035.05426905473
107.58,87036.49542730369
107.59,87038.4844676607
107.60000000000001,87044.43301836794
107.61,87045.02134928598
107.62,87049.29758406912
107.63,87051.40288012974
107.64,87053.12866997298
107.65,87058.86666432503
107.66,87058.02094659084
107.67,87061.96794102265
107.68,87065.8870185391
107.69,87068.21373042968
107.7,87071.17611955268
107.71000000000001,87071.93597018665
107.72,87074.5761456464
107.73,87080.18888865752
107.74000000000001,87081.59064542584
107.75,87085.5519215871
107.76,87088.81663421764
107.77,87090.16031865818
107.78,87093.04226735164
107.79,87096.17789935776
107.8,87097.94193324179
107.81,87100.71330766784
107.82000000000001,87104.39860828433
107.83,87107.12115695493
107.84,87111.00975423747
107.85000000000001,87111.251399885
107.86,87115.74392744465
107.87,87118.56140150112
107.88,87121.36636002525
107.89,87122.90806640271
107.9,87126.27663872768
107.91,87128.26315212353
107.92,87131.61481618378
107.93,87134.70929740819
107.94,87138.71911913669
107.95,87139.43351311755
107.96000000000001,87143.27522037025
107.97,87146.30142034176
107.98,87149.28583798213
107.99000000000001,87151.75853840144
108.0,87153.8666542567
108.01,87156.44470128922
108.02,87156.65541513976
108.03,87162.17153204631
108.04,87168.56343019912
108.05,87169.39938604609
108.06,87170.42782242206
108.07000000000001,87173.5666024559
108.08,87176.54393180257
108.09,87180.64134645755
108.10000000000001,87182.7572151419
108.11,87185.58047855008
108.12,87186.01099563157
108.13,87190.569461102
108.14,87192.925630691
108.15,87196.50246254657
108.16,87198.71000180111
108.17,87202.65716176105
108.18,87205.16869575456
108.19,87208.3520190674
108.2,87210.30083365868
108.21000000000001,87213.74434455548
108.22,87217.50539479933
108.23,87218.66332486524
108.24000000000001,87221.9242592079
108.25,87225.48325979557
108.26,87226.01641192398
108.27,87227.74023438994
108.28,87233.50278920846
108.29,87235.39580196512
108.3,87237.70058719469
108.31,87239.9709077188
108.32000000000001,87243.30749344276
108.33,87245.34558433757
108.34,87249.45731229399
108.35000000000001,87251.31359968933
108.36,87256.87493882117
108.37,87259.17106806015
108.38,87260.59916012334
108.39,87263.57946889513
108.4,87267.17508881833
108.41,87268.42862648203
108.42,87269.73995228126
108.43,87275.84997549359
108.44,87276.9080351137
108.45,87281.07949896959
108.46000000000001,87282.21847142163
108.47,87285.67071787467
108.48,87288.17857738736
108.49000000000001,87291.98725558443
108.5,87292.94805517801
108.51,87296.15703621776
108.52,87298.34090923534
108.53,87302.57954180594
108.54,87304.74958328706
108.55,87308.43403534107
108.56,87309.96035800148
108.57000000000001,87312.44025245945
108.58,87316.67770609996
108.59,87318.58858087727
108.60000000000001,87319.52875541286
108.61,87324.58171070571
108.62,87326.53341410561
108.63,87329.91483294788
108.64,87333.08322822246
108.65,87336.7742693408
108.66,87336.18473368393
108.67,87342.46258030266
108.68,87345.97215547651
108.69,87348.04311614763
108.7,87351.044072562
108.71000000000001,87352.87790489756
108.72,87354.44433717542
108.73,87357.03839061684
108.74000000000001,87359.82424422246
108.75,87363.38218377196
108.76,87367.21660243967
108.77,87369.45770337404
108.78,87374.18725390591
108.79,87374.29272486537
108.8,87377.14539911502
108.81,87380.76597781615
108.82000000000001,87384.2683194946
108.83,87385.2872679289
108.84,87388.60124288731
108.85000000000001,87389.58909302599
108.86,87394.88462277844
108.87,87395.53520651905
108.88,87400.81991824896
108.89,87402.73099305139
108.9,87404.25541583609
108.91,87407.39811158035
108.92,87410.92667516595
108.93,87413.5111630886
108.94,87415.85842643162
108.95,87418.74282553431
108.96000000000001,87423.58039315652
108.97,87426.02279208548
108.98,87427.3359561063
108.99000000000001,87429.36729795394
109.0,87433.82782269521
109.01,87438.17207913582
109.02,87438.6403968479
109.03,87441.65758707048
109.04,87444.50671648124
109.05,87447.89455346034
109.06,87450.9914542446
109.07000000000001,87453.16313826363
109.08,87455.6695498712
109.09,87457.41431977434
109.10000000000001,87461.40795386554
109.11,87463.32846922764
109.12,87467.56281563643
109.13,87469.0223380348
109.14,87473.89343594931
109.15,87475.49886129091
109.16,87479.15030904989
109.17,87482.08755839847
109.18,87482.49853247579
109.19,87486.42595990084
109.2,87488.97622945445
109.21000000000001,87492.69948888157
109.22,87495.79139991451
109.23,87496.1634026561
109.24000000000001,87499.9268190871
109.25,87503.5319819939
109.26,87504.84846591724
109.27,87510.08706200328
109.28,87512.14340264033
109.29,87515.19426893615
109.3,87517.74319688362
109.31,87520.17520121795
109.32000000000001,87521.7099229818
109.33,87523.53537903317
109.34,87529.11271335669
109.35000000000001,87530.32215356926
109.36,87533.4389807889
109.37,87535.4358970409
109.38,87540.28860662707
109.39,87543.27609564483
109.4,87544.72905791557
109.41,87547.98952196038
109.42,87549.57072009594
109.43,87551.73664526443
109.44,87555.38172997806
109.45,87560.16476880827
109.46000000000001,87562.21134836556
109.47,87564.88266854016
109.48,87569.14889183019
109.49000000000001,87569.20099670067
109.5,87574.42550356504
109.51,87576.3930432387
109.52,87578.50683162715
109.53,87582.21818835018
109.54,87584.4693832594
109.55,87586.49657409002
109.56,87589.84126456092
109.57000000000001,87593.37191668805
109.58,87595.2973330223
109.59,87597.84563372069
109.60000000000001,87599.68912025692
109.61,87602.34478177632
109.62,87607.5643462438
109.63,87608.4549627151
109.64,87611.13736958681
109.65,87615.0110976258
109.66,87617.68531337046
109.67,87622.61561240793
109.68,87624.15726936515
109.69,87627.79502187291
109.7,87629.04482705843
109.71000000000001,87630.50757111589
109.72,87636.88594327809
109.73,87637.49801087772
109.74000000000001,87639.90532696512
109.75,87641.71286165647
109.76,87645.55128415754
109.77,87649.00028667109
109.78,87651.56959647266
109.79,87653.91111870972
109.8,87655.71910895909
109.81,87660.13242262574
109.82000000000001,87662.84111217326
109.83,87665.67239815394
109.84,87668.04170613636
109.85000000000001,87670.30513567806
109.86,87673.24918347991
109.87,87674.84762003878
109.88,87678.4826532596
109.89,87684.49462322176
109.9,87685.9476464078
109.91,87687.98048352123
109.92,87690.8725281975
109.93,87694.05952489993
109.94,87697.20143745307
109.95,87698.89353680753
109.96000000000001,87702.07937157906
109.97,87703.84489562635
109.98,87709.69257197272
109.99000000000001,87709.52264951477
110.0,87712.7036011949
110.01,87715.43214966761
110.02,87719.21610408553
110.03,87720.45011465761
110.04,87722.56845179558
110.05,87726.45499772551
110.06,87729.44878471184
110.07000000000001,87731.79394521788
110.08,87734.98493778075
110.09,87740.35940507075
110.10000000000001,87740.06578574989
110.11,87743.70560826099
110.12,87745.6431825361
110.13,87748.7563869318
110.14,87752.41861860405
110.15,87755.29831922687
110.16,87758.69858581678
110.17,87760.57921052592
110.18,87762.11907760419
110.19,87766.41993324757
110.2,87768.04591481586
110.21000000000001,87771.43958530875
110.22,87774.93292311954
110.23,87777.86120037657
110.24000000000001,87780.72031307047
110.25,87782.9340209972
110.26,87786.11320758409
110.27,87788.68952079558
110.28,87793.36411116969
110.29,87794.67122660577
110.3,87797.92354982709
110.31,87799.1731220307
110.32000000000001,87804.71269021682
110.33,87804.54744352915
110.34,87807.38973271471
110.35000000000001,87809.84334425388
110.36,87813.8189743115
110.37,87816.64671819509
110.38,87819.03529808526
110.39,87822.57996805412
110.4,87825.48727252042
110.41,87827.73356214692
110.42,87830.42331955406
110.43,87833.65982526819
110.44,87833.91655944232
110.45,87837.73358631336
110.46000000000001,87839.93112587715
110.47,87844.10442384431
110.48,87846.31217510345
110.49000000000001,87850.95371846078
110.5,87853.12165085837
110.51,87855.54292003757
110.52,87858.46785326854
110.53,87860.78400680049
110.54,87862.70503863516
110.55,87865.03585483585
110.56,87870.70966620618
110.57000000000001,87871.7506526889
110.58,87876.16880697079
110.59,87877.82048718083
110.60000000000001,87880.92610936458
110.61,87885.40276806119
110.62,87884.40388781481
110.63,87888.2284635373
110.64,87892.01327518176
110.65,87895.40387646995
110.66,87896.4433403287
110.67,87902.20734338656
110.68,87905.10376233434
110.69,87906.90736218325
110.7,87908.8537778991
110.71000000000001,87912.38983137929
110.72,87915.537787048
110.73,87917.36746920215
110.74000000000001,87921.21600924428
110.75,87924.63390283028
110.76,87924.85962076491
110.77,87927.55998960951
110.78,87933.35082932476
110.79,87934.38736439167
110.8,87939.3555207232
110.81,87939.03459440275
110.82000000000001,87943.630541156
110.83,87945.31914712604
110.84,87948.37599709806
110.85000000000001,87949.20329512822
110.86,87955.63909796035
110.87,87957.31090835124
110.88,87959.84959528846
110.89,87962.94466512425
110.9,87965.78446030515
110.91,87967.41094386413
110.92,87970.09198135552
110.93,87973.92901160748
110.94,87976.06844528367
110.95,87978.83836372042
110.96000000000001,87980.81313793163
110.97,87985.2020945674
110.98,87986.66285812222
110.99000000000001,87990.10155004896
111.0,87993.7908979017
111.01,87996.41142560048
111.02,87999.27246685662
111.03,87999.85308339204
111.04,88004.56271877069
111.05,88006.36486822559
111.06,88009.15434539548
111.07000000000001,88012.0675983842
111.08,88015.12468549215
111.09,88018.33552296326
111.10000000000001,88021.38701501676
111.11,88026.62247959526
111.12,88026.78800567648
111.13,88028.30823443978
111.14,88030.79514865778
111.15,88033.39286468404
111.16,88037.01013001082
111.17,88040.61586636769
111.18,88043.91275501857
111.19,88046.30055862844
111.2,88047.91751982213
111.21000000000001,88052.44934890863
111.22,88055.74431778931
111.23,88055.98916875229
111.24000000000001,88060.21616166405
111.25,88062.67300665179
111.26,88065.96839886723
111.27,88068.15040738422
111.28,88070.83199015539
111.29,88074.97511700045
111.3,88077.83923006082
111.31,88080.02575219303
111.32000000000001,88082.66070119613
111.33,88081.55832232055
111.34,88087.56308146466
111.35000000000001,88090.29348941652
111.36,88095.28090591705
111.37,88097.05457327295
111.38,88098.39502186415
111.39,88102.59560470202
111.4,88106.38066275364
111.41,88108.15418199061
111.42,88110.08574319475
111.43,88114.37917207814
111.44,88115.49284288951
111.45,88119.10017968983
111.46000000000001,88123.0487926796
111.47,88122.42064228708
111.48,88127.76925051099
111.49000000000001,88129.41323264048
111.5,88133.08282710933
111.51,88137.14667633138
111.52,88140.00824120555
111.53,88142.8807498488
111.54,88144.5656842557
111.55,88147.45051961829
111.56,88148.40652835953
111.57000000000001,88153.35238907057
111.58,88155.83231692508
111.59,88159.95826842793
111.60000000000001,88161.95818305801
111.61,88165.55549206222
111.62,88164.9531294959
111.63,88169.9725310951
111.64,88170.57810475765
111.65,88175.77752433668
111.66,88178.36939025078
111.67,88180.6154206518
111.68,88184.3867252053
111.69,88187.65881926201
111.7,88190.24659292033
111.71000000000001,88192.50389131118
111.72,88193.8350072382
111.73,88199.12891896996
111.74000000000001,88200.15008204835
111.75,88201.98927579717
111.76,88204.9178471647
111.77,88209.87700162572
111.78,88212.06420603533
111.79,88211.74053702514
111.8,88218.56303950187
111.81,88219.34713281071
111.82000000000001,88222.48671217912
111.83,88227.18521090718
111.84,88227.251178829
111.85000000000001,88231.17239699852
111.86,88233.0127258783
111.87,88237.94523122296
111.88,88239.8255452374
111.89,88241.97535605631
111.9,88245.55550592551
111.91,88248.10089633428
111.92,88250.20366680583
111.93,88251.87908282303
111.94,88258.50412713517
111.95,88258.63674197764
111.96000000000001,88261.2187316575
111.97,88264.68006271617
111.98,88265.95871347429
111.99000000000001,88269.77986252702
112.0,88274.47061554414
112.01,88276.67536523989
112.02,88279.12611508656
112.03,88280.14494909898
112.04,88284.46754037036
112.05,88287.02135624997
112.06,88290.10674120029
112.07000000000001,88292.91294877615
112.08,88296.43319159895
112.09,88298.73019798043
112.10000000000001,88302.81384290202
112.11,88304.0752075205
112.12,88307.08507580537
112.13,88311.67681033323
112.14,88312.90423246761
112.15,88315.66198411306
112.16,88319.53704392885
112.17,88322.20123742757
112.18,88324.32316282643
112.19,88327.16190944388
112.2,88328.60411190715
112.21000000000001,88330.44454606429
112.22,88334.38051607291
112.23,88337.37861570249
112.24000000000001,88339.922119926
112.25,88342.85326305097
112.26,88346.08502894262
112.27,88348.22387943213
112.28,88352.62049945377
112.29,88354.41558865822
112.3,88356.93028921148
112.31,88359.18958126302
112.32000000000001,88363.59418675986
112.33,88366.62393009126
112.34,88369.83996265844
112.35000000000001,88371.45463243603
112.36,88374.31053831297
112.37,88378.53548683906
112.38,88380.47970308157
112.39,88383.10320427983
112.4,88386.35930991099
112.41,88389.36902000099
112.42,88391.52617766624
112.43,88393.50725162224
112.44,88397.38954615532
112.45,88400.26321583889
112.46000000000001,88401.04857440386
112.47,88406.21106448339
112.48,88406.68670100979
112.49000000000001,88410.82192849115
112.5,88412.55427402018
112.51,88418.10620558231
112.52,88419.8030242911
112.53,88420.69739430679
112.54,88424.94010293124
112.55,88427.20157012834
112.56,88430.95429844386
112.57000000000001,88433.26230572426
112.58,88434.69151118497
112.59,88439.22477329339
112.60000000000001,88442.48844271575
112.61,88443.17430804718
112.62,88447.42953957804
112.63,88450.84938913856
112.64,88451.88755834673
112.65,88456.9113012543
112.66,88458.71105928122
112.67,88460.77115375122
112.68,88464.96290365269
112.69,88467.12734465778
112.7,88470.06187809161
112.71000000000001,88472.61547838191
112.72,88475.24129608668
112.73,88479.6401072771
112.74000000000001,88481.77877163714
112.75,88483.53251440707
112.76,88486.38988865446
112.77,88490.53912254315
112.78,88492.17157218834
112.79,88494.72391357538
112.8,88499.03180116611
112.81,88501.20549046305
112.82000000000001,88502.27660321587
112.83,88506.76719993012
112.84,88509.28160621149
112.85000000000001,88510.97132015455
112.86,88513.90010699518
112.87,88518.39218200189
112.88,88519.18459001304
112.89,88523.30073807122
112.9,88527.03391795464
112.91,88530.23125407439
112.92,88531.66182854267
112.93,88534.09068102193
112.94,88537.1575119639
112.95,88539.82162357029
112.96000000000001,88541.35273141183
112.97,88545.24574410425
112.98,88549.07709626129
112.99000000000001,88550.10159125563
113.0,88554.95508743315
113.01,88558.37428485307
113.02,88561.20181808819
113.03,88562.2934149812
113.04,88567.15770968057
113.05,88567.95918635833
113.06,88569.32350567529
113.07000000000001,88574.03204791427
113.08,88576.5104666574
113.09,88580.76849153488
113.10000000000001,88583.50192594304
113.11,88582.27043539449
113.12,88589.14401905348
113.13,88589.74453786836
113.14,88593.58994018959
113.15,88596.46451557765
113.16,88599.4869564291
113.17,88602.4737668586
113.18,88604.5448852149
113.19,88605.5901356072
113.2,88609.63399768838
113.21000000000001,88611.7104485135
113.22,88618.28006850353
113.23,88616.94387014642
113.24000000000001,88621.33791578919
113.25,88623.45165445982
113.26,88627.01452818888
113.27,88628.882080161
113.28,88632.11911225753
113.29,88635.56672428615
113.3,88638.00951598791
113.31,88641.483455064
113.32000000000001,88642.50677253444
113.33,88645.91520595283
113.34,88648.89305366632
113.35000000000001,88651.70311064627
113.36,88654.37547238107
113.37,88657.90845614388
113.38,88660.96607394537
113.39,88664.10390315649
113.4,88667.55145909941
113.41,88667.467565627
113.42,88672.15072591607
113.43,88675.55455157881
113.44,88678.2039781249
113.45,88679.08225986535
113.46000000000001,88684.11960558899
113.47,88685.31545471896
113.48,88689.42144378657
113.49000000000001,88691.81028420372
113.5,88694.66101083167
113.51,88698.54755283413
113.52,88700.32883160037
113.53,88704.68275107212
113.54,88705.90881056858
113.55,88709.26793808075
113.56,88709.67705067486
113.57000000000001,88713.17492635164
113.58,88718.38243493659
113.59,88718.7723108204
113.60000000000001,88722.0017465245
113.61,88724.58663071354
113.62,88729.08111058151
113.63,88732.12165401847
113.64,88734.83683970515
113.65,88738.04813649692
113.66,88739.69261593473
113.67,88741.59808159064
113.68,88746.09781302496
113.69,88749.890569542
113.7,88751.90658512969
113.71000000000001,88752.68133381993
113.72,88756.54517365666
113.73,88759.75238965907
113.74000000000001,88762.11978093947
113.75,88764.92580776132
113.76,88767.902052182
113.77,88771.41868470248
113.78,88772.18297421245
113.79,88777.23625157733
113.8,88778.89332914374
113.81,88782.12564042813
113.82000000000001,88783.74764343025
113.83,88786.60044834105
113.84,88790.04116887352
113.85000000000001,88791.51016829014
113.86,88796.88465914603
113.87,88800.0853795845
113.88,88800.97874163253
113.89,88805.61069143216
113.9,88807.04055777841
113.91,88810.53195863661
113.92,88811.96718409163
113.93,88814.57741965957
113.94,88818.06045525681
113.95,88823.67741527851
113.96000000000001,88823.65246751961
113.97,88828.16473915393
113.98,88830.64432954464
113.99000000000001,88833.45884704572
114.0,88836.20914040503
114.01,88837.82382974654
114.02,88841.47742392468
114.03,88846.55239705855
114.04,88845.9466639531
114.05,88849.80684903883
114.06,88852.2641551589
114.07000000000001,88854.09575108658
114.08,88857.63634072247
114.09,88861.05619616693
114.10000000000001,88863.59190018437
114.11,88865.95080877551
114.12,88868.30150536497
114.13,88872.05816774025
114.14,88875.74932923733
114.15,88878.02287338027
114.16,88879.93634806931
114.17,88883.08867620975
114.18,88885.28653417561
114.19,88889.45260747636
114.2,88891.53813176884
114.21000000000001,88894.26532844956
114.22,88896.3151711221
114.23,88900.91504621948
114.24000000000001,88903.08242221136
114.25,88905.53600261066
114.26,88909.68109811902
114.27,88912.13121770395
114.28,88913.25004358485
114.29,88916.05612327233
114.3,88919.29749753111
114.31,88923.00285069415
114.32000000000001,88925.04593446838
114.33,88928.53076018163
114.34,88931.08970752892
114.35000000000001,88932.67617690019
114.36,88937.85881372447
114.37,88939.46388933952
114.38,88940.40174939725
114.39,88945.96830261973
114.4,88946.5935597521
114.41,88949.74951378645
114.42,88953.47392307282
114.43,88958.00036064014
114.44,88960.93341522991
114.45,88961.52842533402
114.46000000000001,88965.81486729435
114.47,88967.87868087184
114.48,88970.06718163851
114.49000000000001,88973.91009188586
114.5,88976.68544645266
114.51,88978.66889213756
114.52,88981.35417345124
114.53,88984.95620524863
114.54,88989.63082414333
114.55,88992.13967009891
114.56,88992.70272430261
114.57000000000001,88995.98168821703
114.58,89000.17886522987
114.59,89000.58410734494
114.60000000000001,89002.7773699455
114.61,89008.04895906828
114.62,89009.64437105658
114.63,89012.8291038888
114.64,89015.52029117728
114.65,89020.00113911246
114.66,89022.42265955439
114.67,89026.50513943352
114.68,89026.7199056696
114.69,89030.10470675494
114.7,89032.38154460362
114.71000000000001,89033.61247422964
114.72,89038.10113454022
114.73,89042.52382741988
114.74000000000001,89044.65737511094
114.75,89046.82290006311
114.76,89050.70674840528
114.77,89053.87727956173
114.78,89056.95155305164
114.79,89059.21303415543
114.8,89062.76746241121
114.81,89063.2832572854
114.82000000000001,89066.15956451124
114.83,89069.28061166043
114.84,89071.0603657383
114.85000000000001,89076.07003620556
114.86,89077.47199509642
114.87,89079.89911927277
114.88,89083.75981914684
114.89,89087.63678757532
114.9,89089.39476934439
114.91,89093.25342200688
114.92,89094.66838257079
114.93,89096.59752969006
114.94,89098.93840929268
114.95,89104.0562433779
114.96000000000001,89106.58782217809
114.97,89107.20849062571
114.98,89110.31470711388
114.99000000000001,89115.61780414579
115.0,89118.64153670632
115.01,89120.26221586892
115.02,89121.724697906
115.03,89126.3426541603
115.04,89129.88294777609
115.05,89129.67319385381
115.06,89134.92579895139
115.07000000000001,89136.29534212346
115.08,89141.62710132038
115.09,89143.86160379657
115.10000000000001,89145.18497782899
115.11,89148.30259698113
115.12,89149.56206408834
115.13,89155.06291148359
115.14,89156.38538549481
115.15,89160.38654187099
115.16,89161.58948574793
115.17,89163.60739667216
115.18,89167.83766764624
115.19,89169.8398904326
115.2,89173.6811801582
115.21000000000001,89177.99450235805
115.22,89180.35565115612
115.23,89181.80092266995
115.24000000000001,89186.69031556799
115.25,89187.19571715443
115.26,89191.77404716893
115.27,89192.97956644007
115.28,89197.68487125348
115.29,89198.91607489926
115.3,89200.45017129937
115.31,89206.65924638178
115.32000000000001,89206.35852603723
115.33,89211.94241924067
115.34,89214.25312889158
115.35000000000001,89217.38837546298
115.36,89218.95577377202
115.37,89222.24518234393
115.38,89223.77753043045
115.39,89227.78447718518
115.4,89230.09960889423
115.41,89233.03461063564
115.42,89236.13118296814
115.43,89239.34248883849
115.44,89240.73821082756
115.45,89244.23950218307
115.46000000000001,89248.3368980594
115.47,89249.90936741844
115.48,89250.9408913451
115.49000000000001,89254.04898351144
115.5,89257.50083168979
115.51,89261.91797236174
115.52,89265.24202869381
115.53,89264.75224688131
115.54,89268.70896403218
115.55,89273.504359524
115.56,89276.31571923221
115.57000000000001,89277.05339943239
115.58,89280.40109843867
115.59,89282.9749211174
115.60000000000001,89287.72069561692
115.61,89289.4521533686
115.62,89290.27526374877
115.63,89293.71180783713
115.64,89297.68643298063
115.65,89299.5795578406
115.66,89305.03607088626
115.67,89304.18916303571
115.68,89309.1259417915
115.69,89312.72966561982
115.7,89317.71236305947
115.71000000000001,89317.7740073995
115.72,89319.0452666367
115.73,89322.38651908883
115.74000000000001,89327.71103811447
115.75,89331.16225897716
115.76,89330.26769493715
115.77,89333.69357136087
115.78,89335.87985712191
115.79,89339.54827311453
115.8,89343.35022073306
115.81,89345.46447806562
115.82000000000001,89348.24494927308
115.83,89354.78794737451
115.84,89353.56684523576
115.85000000000001,89357.04308398468
115.86,89358.92919053558
115.87,89364.37668356768
115.88,89365.22501012422
115.89,89368.45015692545
115.9,89370.45235716944
115.91,89373.22705185623
115.92,89377.15350612398
115.93,89379.88604584584
115.94,89383.14436587474
115.95,89387.6713914894
115.96000000000001,89387.88275896471
115.97,89390.40407884214
115.98,89393.68980123532
115.99000000000001,89396.1106943914
116.0,89399.61402788496
116.01,89401.3142785127
116.02,89405.72457828722
116.03,89407.93616354378
116.04,89409.54267009739
116.05,89413.80020097097
116.06,89415.9597522672
116.07000000000001,89418.08828842932
116.08,89423.2730015782
116.09,89423.5834010111
116.10000000000001,89428.24698847464
116.11,89431.90196168862
116.12,89433.95550156565
116.13,89434.67209050509
116.14,89438.8220894004
116.15,89442.1535059412
116.16,89443.05134077997
116.17,89448.46666216079
116.18,89451.21465489664
116.19,89454.90422403112
116.2,89453.8896024201
116.21000000000001,89459.32269337997
116.22,89462.42552510388
116.23,89463.9821777598
116.24000000000001,89467.58520502533
116.25,89470.22804369374
116.26,89472.86551423915
116.27,89475.18252514399
116.28,89477.82961069913
116.29,89481.17956362349
116.3,89486.07244102337
116.31,89488.22875936917
116.32000000000001,89488.37244594941
116.33,89492.76708146461
116.34,89493.61851249704
116.35000000000001,89498.38089452828
116.36,89501.16242734285
116.37,89505.19247338685
116.38,89506.6268344763
116.39,89510.14011419786
116.4,89510.98835054826
116.41,89516.28007429709
116.42,89518.50870943173
116.43,89521.62107166821
116.44,89523.26137725222
116.45,89527.67936414726
116.46000000000001,89529.13083200954
116.47,89532.84914018528
116.48,89533.99940033696
116.49000000000001,89537.98770294212
116.5,89539.86275831188
116.51,89545.12499598778
116.52,89546.49674580088
116.53,89549.48674211433
116.54,89551.67259163663
116.55,89554.27146293507
116.56,89559.03159093512
116.57000000000001,89561.0860075137
116.58,89561.5475248717
116.59,89565.8777306294
116.60000000000001,89567.53016903986
116.61,89571.35462108067
116.62,89573.74981099795
116.63,89577.67841360721
116.64,89580.08978128931
116.65,89583.89962345682
116.66,89585.99562642923
116.67,89588.42427906489
116.68,89592.01458017863
116.69,89594.44217696907
116.7,89596.05782428526
116.71000000000001,89601.44823150383
116.72,89601.28288849247
116.73,89605.60272007626
116.74000000000001,89607.5836271904
116.75,89612.10577083379
116.76,89614.54755162887
116.77,89616.93755958985
116.78,89620.28516979565
116.79,89622.21597258406
116.8,89626.86005548005
116.81,89628.05539505438
116.82000000000001,89631.19341310552
116.83,89633.52312439679
116.84,89637.46987538181
116.85000000000001,89640.21925665396
116.86,89644.50740740944
116.87,89644.79275948269
116.88,89646.41657757008
116.89,89650.58223281232
116.9,89655.02931748099
116.91,89657.22656628207
116.92,89660.39372341972
116.93,89662.29394746089
116.94,89665.1568099691
116.95,89668.3719149245
116.96000000000001,89672.46419579996
116.97,89671.8655887657
116.98,89676.29640031377
116.99000000000001,89678.42382542927
117.0,89682.04710639683
117.01,89685.27263859769
117.02,89687.54984976025
117.03,89691.14595436743
117.04,89692.4491924067
117.05,89696.16093608741
117.06,89701.32947303737
117.07000000000001,89701.47987024255
117.08,89705.34831167899
117.09,89706.94623122884
117.10000000000001,89712.60355111038
117.11,89712.38981756239
117.12,89717.28015474002
117.13,89718.62228707875
117.14,89722.36655773982
117.15,89724.60906489244
117.16,89727.46707322868
117.17,89730.68709396258
117.18,89732.21055593748
117.19,89737.85425031731
117.2,89736.6103977876
117.21000000000001,89742.96469778687
117.22,89745.64482855327
117.23,89746.89447022752
117.24000000000001,89749.78942207717
117.25,89754.12403652919
117.26,89755.6037814942
117.27,89759.6070209338
117.28,89763.12263258737
117.29,89765.4681844268
117.3,89768.80076855706
117.31,89769.67319248138
117.32000000000001,89772.39390880104
117.33,89776.05575406468
117.34,89779.55728181421
117.35000000000001,89780.85739009244
117.36,89783.79467581633
117.37,89785.51695306724
117.38,89790.43683655676
117.39,89792.0738746214
117.4,89795.29329399171
117.41,89797.7244124484
117.42,89802.64163202471
117.43,89803.15431711746
117.44,89806.80079236093
117.45,89810.00032595004
117.46000000000001,89811.36764013227
117.47,89814.95933072874
117.48,89816.75800335052
117.49000000000001,89820.93060293875
117.5,89823.36773681742
117.51,89825.90180175863
117.52,89827.05200397868
117.53,89833.30111493239
117.54,89834.68171345598
117.55,89837.84276852696
117.56,89842.52372916014
117.57000000000001,89846.42138152897
117.58,89846.22997416827
117.59,89848.7733953043
117.60000000000001,89852.23150569516
117.61,89855.73642542078
117.62,89857.46541295352
117.63,89860.91831796616
117.64,89865.09964176905
117.65,89865.58519283164
117.66,89869.66741732335
117.67,89870.32583320659
117.68,89874.6585564944
117.69,89877.55777424182
117.7,89879.79511822395
117.71000000000001,89882.50128785336
117.72,89886.58286297484
117.73,89889.59505529917
117.74000000000001,89892.38571083128
117.75,89895.02313802911
117.76,89898.31500223793
117.77,89900.86305387913
117.78,89902.3912937648
117.79,89905.46531652627
117.8,89908.03576256572
117.81,89911.89878263808
117.82000000000001,89915.10962228476
117.83,89916.94550650215
117.84,89921.75561918948
117.85000000000001,89923.58132068874
117.86,89924.13412149466
117.87,89927.70731638496
117.88,89931.61808990063
117.89,89935.58226262806
117.9,89936.28339538464
117.91,89939.83073023321
117.92,89943.53334854888
117.93,89947.62993063018
117.94,89947.49796732816
117.95,89950.40861167379
117.96000000000001,89956.83270035117
117.97,89957.76508629063
117.98,89959.7958315079
117.99000000000001,89963.29732030198
118.0,89963.96462125226
118.01,89968.75560308534
118.02,89970.52153438068
118.03,89973.54121564627
118.04,89977.53474955875
118.05,89978.909882874
118.06,89983.94681119548
118.07000000000001,89985.6865561611
118.08,89988.19644577656
118.09,89989.96364677644
118.10000000000001,89993.73458022368
118.11,89996.86300637659
118.12,90000.26657620755
118.13,90002.26568359112
118.14,90005.60188586856
118.15,90007.15450138788
118.16,90011.3468222013
118.17,90013.62107245524
118.18,90018.76048592423
118.19,90021.03100687561
118.2,90021.53401054932
118.21000000000001,90025.05544424715
118.22,90029.11528506047
118.23,90030.54893692229
118.24000000000001,90033.73184179176
118.25,90036.7515277723
118.26,90039.33807039224
118.27,90042.38913167722
118.28,90046.48846189257
118.29,90048.57507031757
118.3,90049.79913533403
118.31,90052.21442555556
118.32000000000001,90054.46936229333
118.33,90058.57803863003
118.34,90062.32357472363
118.35000000000001,90063.71364982781
118.36,90065.6045043893
118.37,90069.99556010021
118.38,90072.75364010241
118.39,90075.38284231548
118.4,90078.43695441095
118.41,90083.31078546615
118.42,90086.34101622176
118.43,90085.23379637972
118.44,90087.82445595243
118.45,90092.15114011029
118.46000000000001,90096.23694136195
118.47,90098.37143364172
118.48,90102.42376674344
118.49000000000001,90103.32923196386
118.5,90106.09146331188
118.51,90111.6542536222
118.52,90111.96732322146
118.53,90117.09715400734
118.54,90118.53599993089
118.55,90123.15050604098
118.56,90123.97218361738
118.57000000000001,90127.68072810408
118.58,90130.18208129486
118.59,90132.8563458933
118.60000000000001,90135.36103073112
118.61,90139.28608813442
118.62,90141.3790778159
118.63,90143.49128422466
118.64,90147.15659169425
118.65,90150.13142260903
118.66,90153.13859701903
118.67,90156.74429040054
118.68,90158.94381667208
118.69,90160.81755835733
118.7,90162.78675159736
118.71000000000001,90166.50693529983
118.72,90170.25818363605
118.73,90173.09634778838
118.74000000000001,90174.2501617435
118.75,90178.56488984355
118.76,90181.48924789415
118.77,90183.52685012028
118.78,90186.22652125271
118.79,90190.26170660775
118.8,90192.58540612177
118.81,90195.77895584774
118.82000000000001,90198.1770097601
118.83,90201.53611391634
118.84,90202.67236006829
118.85000000000001,90207.22764211636
118.86,90210.68184292546
118.87,90212.88604958652
118.88,90216.77265406432
118.89,90217.5885968386
118.9,90222.17543096104
118.91,90225.06046426376
118.92,90226.6781650357
118.93,90229.9362822448
118.94,90232.25720414225
118.95,90235.10957138699
118.96000000000001,90237.58822785491
118.97,90241.61872310555
118.98,90242.99847637309
118.99000000000001,90246.88144717774
119.0,90247.67804247703
119.01,90251.70275104008
119.02,90254.77363870846
119.03,90257.40071092609
119.04,90260.041118695
119.05,90263.55173378912
119.06,90265.93205535345
119.07000000000001,90270.06641310205
119.08,90270.70053351518
119.09,90274.81430220691
119.10000000000001,90278.01821237596
119.11,90280.30397766976
119.12,90283.9644449034
119.13,90285.91407076482
119.14,90286.76407331794
119.15,90292.23742842583
119.16,90296.29584066798
119.17,90298.15200161906
119.18,90301.05137197512
119.19,90302.3187228163
119.2,90305.39191646058
119.21000000000001,90307.69316561925
119.22,90311.84409532914
119.23,90313.84893884593
119.24000000000001,90314.91075498593
119.25,90321.40022554641
119.26,90322.99395648249
119.27,90326.64486166091
119.28,90329.02802064415
119.29,90331.98973995073
119.3,90334.0657455631
119.31,90337.24931160611
119.32000000000001,90341.83730255607
119.33,90341.00683555569
119.34,90346.56017173576
119.35000000000001,90349.45116643823
119.36,90351.3349028678
119.37,90354.38345887537
119.38,90356.78041692714
119.39,90361.07477490637
119.4,90360.59303661544
119.41,90366.52366951205
119.42,90367.86321851007
119.43,90370.1149345456
119.44,90375.09903429198
119.45,90376.64889013293
119.46000000000001,90379.69041410343
119.47,90383.91347466157
119.48,90384.7481618646
119.49000000000001,90387.6075785006
119.5,90391.80482235324
119.51,90393.44144528385
119.52,90397.08353008128
119.53,90397.85780517616
119.54,90401.50316631344
119.55,90406.91082315039
119.56,90408.47779690305
119.57000000000001,90411.11744445184
119.58,90413.75855699768
119.59,90417.58002319484
119.60000000000001,90421.68805209926
119.61,90420.74827421777
119.62,90425.87319779588
119.63,90426.45497763586
119.64,90431.97904687827
119.65,90434.7568720116
119.66,90435.81504417626
119.67,90439.02038244386
119.68,90442.70602600918
119.69,90446.53150697405
119.7,90448.1319874639
119.71000000000001,90450.09381154602
119.72,90452.40121184029
119.73,90457.2679281064
119.74000000000001,90458.62263795515
119.75,90464.50772052839
119.76,90465.20381459192
119.77,90465.64727937558
119.78,90471.1404777289
119.79,90473.43283551192
119.8,90478.1676693762
119.81,90479.63533353273
119.82000000000001,90481.79673484707
119.83,90483.85979283444
119.84,90487.78892385708
119.85000000000001,90491.05894033464
119.86,90492.45712107314
119.87,90495.99135790086
119.88,90498.86956049217
119.89,90503.05399964754
119.9,90505.53870323737
119.91,90506.81571950269
119.92,90511.198034412
119.93,90513.34917793248
119.94,90516.00355693867
119.95,90519.45033850479
119.96000000000001,90522.23771693188
119.97,90524.20819314876
119.98,90527.03863292055
119.99000000000001,90531.09543249493
120.0,90534.84641749394
120.01,90535.97142988372
120.02,90539.58093252104
120.03,90541.16694515578
120.04,90544.23835571032
120.05,90547.86783037473
120.06,90550.18383659268
120.07000000000001,90553.36405786901
120.08,90556.5708325422
120.09,90560.19182642741
120.10000000000001,90560.95476775689
120.11,90564.11375420139
120.12,90568.72870033258
120.13,90570.10569063705
120.14,90575.04797441245
120.15,90576.33089389114
120.16,90578.8338560713
120.17,90583.47858092825
120.18,90584.03029860911
120.19,90588.29935445095
120.2,90591.44476555535
120.21000000000001,90594.32697494706
120.22,90595.98632394048
120.23,90599.24912577787
120.24000000000001,90600.7608202668
120.25,90603.3703599297
120.26,90606.1776240819
120.27,90610.5241823441
120.28,90612.12189773821
120.29,90614.02263873507
120.3,90619.17510249937
120.31,90621.69839760625
120.32000000000001,90624.9895351671
120.33,90627.27999650672
120.34,90630.12984017967
120.35000000000001,90632.119431214
120.36,90635.1510752655
120.37,90638.57059628898
120.38,90641.49066309635
120.39,90644.1723863125
120.4,90646.9186398387
120.41,90649.8092453928
120.42,90652.05268281775
120.43,90655.02375223002
120.44,90657.4431009668
120.45,90661.37626611766
120.46000000000001,90664.10272031948
120.47,90668.45018595707
120.48,90670.27108874319
120.49000000000001,90673.87800436371
120.5,90676.83652945308
120.51,90677.79284970084
120.52,90681.7813659451
120.53,90684.62298502603
120.54,90686.3554622525
120.55,90689.06498634741
120.56,90693.09338667289
120.57000000000001,90696.09172368063
120.58,90698.09857241239
120.59,90701.59056386807
120.60000000000001,90704.01905226306
120.61,90707.08832511005
120.62,90711.87955911148
120.63,90714.28982797943
120.64,90714.64229037527
120.65,90717.06960936915
120.66,90721.70283434226
120.67,90723.54308464297
120.68,90727.66141041336
120.69,90729.91876641767
120.7,90733.69954269993
120.71000000000001,90736.36261901696
120.72,90737.56189300292
120.73,90740.95903315615
120.74000000000001,90743.84487951455
120.75,90745.55818725545
120.76,90749.87364345028
120.77,90751.54164283365
120.78,90755.1261976322
120.79,90759.23594890273
120.8,90761.4311120698
120.81,90764.33712746343
120.82000000000001,90766.85988636523
120.83,90770.87159582585
120.84,90771.90455269311
120.85000000000001,90777.31225642556
120.86,90778.70399109322
120.87,90781.33614668113
120.88,90785.57443441314
120.89,90786.66545486616
120.9,90789.0051659733
120.91,90793.30010680437
120.92,90794.04967495834
120.93,90799.69390223756
120.94,90800.45530365303
120.95,90804.87003612937
120.96000000000001,90807.26319368026
120.97,90809.63102943482
120.98,90812.92823619867
120.99000000000001,90814.76119548251
121.0,90818.08268526518
121.01,90821.31620955329
121.02,90822.52378380936
121.03,90826.84762437518
121.04,90830.20158822101
121.05,90833.28525595629
121.06,90836.52789951264
121.07000000000001,90838.73077781659
121.08,90840.46353520744
121.09,90842.63421873958
121.10000000000001,90846.52993632088
121.11,90851.2007119202
121.12,90851.81903852317
121.13,90854.91453365462
121.14,90859.79773490693
121.15,90862.46005792786
121.16,90865.61851451652
121.17,90866.24606155102
121.18,90870.18286123207
121.19,90873.72790681971
121.2,90876.40283952282
121.21000000000001,90878.08551693782
121.22,90881.26799044537
121.23,90883.40390192428
121.24000000000001,90886.34729528594
121.25,90891.2260859185
121.26,90890.94816964753
121.27,90895.20575265614
121.28,90899.79209797423
121.29,90900.89272847258
121.3,90903.51489873712
121.31,90906.72217507345
121.32000000000001,90908.1154723563
121.33,90911.6243729752
121.34,90915.84796381945
121.35000000000001,90917.69176287312
121.36,90922.02626469856
121.37,90923.11928104174
121.38,90925.65454899757
121.39,90929.77171258231
121.4,90931.79335456839
121.41,90935.09545604099
121.42,90937.26275742245
121.43,90940.70099855644
121.44,90943.62448983821
121.45,90949.38028123035
121.46000000000001,90949.78937340788
121.47,90953.20365784524
121.48,90955.82502830037
121.49000000000001,90957.81487082037
121.5,90961.88741390995
121.51,90964.33978707397
121.52,90967.69146207908
121.53,90971.3545096341
121.54,90971.49743818617
121.55,90975.41814768563
121.56,90978.09514011825
121.57000000000001,90980.79394885029
121.58,90984.02922963556
121.59,90984.4652431519
121.60000000000001,90988.5157669494
121.61,90993.34363420864
121.62,90995.80396701164
121.63,90998.08235115539
121.64,90999.85039567234
121.65,91003.55555637542
121.66,91008.98879966278
121.67,91009.99794975962
121.68,91011.89301807241
121.69,91013.94813605442
121.7,91018.83948378374
121.71000000000001,91018.906309939
121.72,91023.66749491738
121.73,91024.80379444342
121.74000000000001,91029.63803834096
121.75,91032.63947833695
121.76,91033.89114566389
121.77,91037.7197278259
121.78,91042.59895640261
121.79,91042.9148256204
121.8,91046.56144160629
121.81,91050.5854269989
121.82000000000001,91050.68799559693
121.83,91054.57207300003
121.84,91059.1133967864
121.85000000000001,91060.68621814178
121.86,91063.67667885803
121.87,91067.85240408011
121.88,91070.99271534143
121.89,91073.20845701302
121.9,91076.04090918419
121.91,91077.3847426739
121.92,91080.35200339793
121.93,91083.27522388467
121.94,91087.20233621536
121.95,91089.96863829887
121.96000000000001,91092.33341147495
121.97,91093.61614822787
121.98,91098.39012551187
121.99000000000001,91099.37805257314
122.0,91105.34711897132
122.01,91105.57279415798
122.02,91110.40495082973
122.03,91112.64880261356
122.04,91116.24338368342
122.05,91118.40239972828
122.06,91120.74064026098
122.07000000000001,91122.45101090964
122.08,91126.8830994812
122.09,91128.95935072254
122.10000000000001,91131.98294686647
122.11,91135.95151284862
122.12,91139.8834797758
122.13,91139.88443566737
122.14,91143.2920409575
122.15,91147.86543076845
122.16,91150.75622009423
122.17,91152.36280264193
122.18,91154.95922175466
122.19,91158.887892497
122.2,91158.97346058008
122.21000000000001,91164.19270974836
122.22,91165.70545028178
122.23,91167.6803474641
122.24000000000001,91172.20337823131
122.25,91175.5937452843
122.26,91177.4513354636
122.27,91183.09053747605
122.28,91183.08240327932
122.29,91187.24217491296
122.3,91188.83309946183
122.31,91190.19250893351
122.32000000000001,91196.60428116583
122.33,91196.30301799302
122.34,91200.74758404314
122.35000000000001,91202.75846399953
122.36,91206.09186304169
122.37,91209.97643945669
122.38,91212.49934927013
122.39,91216.14527393486
122.4,91217.20442448437
122.41,91220.18561098355
122.42,91225.80860007407
122.43,91228.00703236416
122.44,91230.42380325324
122.45,91233.9826088941
122.46000000000001,91236.82647015603
122.47,91237.39896406548
122.48,91240.85488075943
122.49000000000001,91243.77314371629
122.5,91245.94629307737
122.51,91248.79795685777
122.52,91251.56134557413
122.53,91255.35496073746
122.54,91259.22922543203
122.55,91261.99483156479
122.56,91264.92631300907
122.57000000000001,91267.02954881861
122.58,91270.06545689837
122.59,91272.37295999604
122.60000000000001,91275.35099853785
122.61,91277.88877922937
122.62,91280.5917327277
122.63,91282.69592447716
122.64,91287.69479973934
122.65,91290.16108580041
122.66,91291.66595725971
122.67,91295.55949939818
122.68,91298.98724884265
122.69,91301.08587373554
122.7,91304.8197824425
122.71000000000001,91306.78957379403
122.72,91311.24272960049
122.73,91311.62080374721
122.74000000000001,91317.22293233714
122.75,91318.32452891224
122.76,91320.38084246508
122.77,91326.73026798616
122.78,91326.76842863404
122.79,91327.30197501411
122.8,91331.64620640929
122.81,91335.56538205457
122.82000000000001,91336.7825211357
122.83,91341.98738575222
122.84,91344.28814208691
122.85000000000001,91346.89704231737
122.86,91349.90510558884
122.87,91351.2465496934
122.88,91355.08621238315
122.89,91359.93728507424
122.9,91360.06999092309
122.91,91364.09848906043
122.92,91366.43250284101
122.93,91368.99750694167
122.94,91371.52897086773
122.95,91376.05547830467
122.96000000000001,91379.21343581399
122.97,91378.93346342468
122.98,91383.77906844394
122.99000000000001,91386.28152937541
123.0,91390.18597321738
123.01,91393.05538622817
123.02,91394.13966774807
123.03,91397.24151061877
123.04,91401.75331010921
123.05,91403.03258067557
123.06,91407.12616925185
123.07000000000001,91410.3526598014
123.08,91412.63127937497
123.09,91414.63151940033
123.10000000000001,91418.37440567483
123.11,91422.46397143939
123.12,91423.41362612526
123.13000000000001,91425.7694093642
123.14,91431.42405799711
123.15,91434.54809997125
123.16,91436.77532360301
123.17,91437.3800083742
123.18,91440.53192361482
123.19,91443.05219909443
123.2,91446.00049176395
123.21000000000001,91447.82338988832
123.22,91451.80084480606
123.23,91454.02432399543
123.24000000000001,91457.993067631
123.25,91460.09930394722
123.26,91465.02593482267
123.27,91468.29199356996
123.28,91471.00117448515
123.29,91473.0247040233
123.3,91475.43122116989
123.31,91479.2709350686
123.32000000000001,91479.09666376092
123.33,91484.74126096696
123.34,91488.90948219955
123.35000000000001,91489.76183125813
123.36,91493.49063604178
123.37,91495.96677447237
123.38000000000001,91498.35590346971
123.39,91500.36800111661
123.4,91504.76056486994
123.41,91508.07551469188
123.42,91509.57650420399
123.43,91511.47283168689
123.44,91514.51086106103
123.45,91519.25938877134
123.46000000000001,91521.68135779497
123.47,91524.73222779213
123.48,91526.77247851237
123.49000000000001,91530.092114309
123.5,91534.34954563525
123.51,91535.774428791
123.52,91537.81126675066
123.53,91540.62951972925
123.54,91545.13248327811
123.55,91547.10948068851
123.56,91550.16162863081
123.57000000000001,91554.59265124015
123.58,91554.76931985315
123.59,91558.35713689875
123.60000000000001,91561.69628546374
123.61,91564.18440135429
123.62,91569.54869552112
123.63000000000001,91570.39186130241
123.64,91573.51383105788
123.65,91574.48539982265
123.66,91575.27512142813
123.67,91581.64874533603
123.68,91585.98325692369
123.69,91587.03228969972
123.7,91590.70220928013
123.71000000000001,91593.35808548452
123.72,91595.54521277726
123.73,91598.76906678962
123.74000000000001,91601.43648646964
123.75,91604.27036234406
123.76,91605.99707131487
123.77,91610.42545411746
123.78,91612.0797427099
123.79,91617.11330861857
123.8,91620.47390609462
123.81,91620.7913685563
123.82000000000001,91626.38488468977
123.83,91626.19837563079
123.84,91629.92682106458
123.85000000000001,91632.74604066447
123.86,91635.90460830869
123.87,91639.32233373908
123.88000000000001,91640.83687821691
123.89,91643.60884050229
123.9,91649.38855775414
123.91,91649.7677820703
123.92,91653.12800499624
123.93,91656.10561244152
123.94,91659.82610413688
123.95,91660.10412373369
123.96000000000001,91665.33531410176
123.97,91667.75673060607
123.98,91672.18387318002
123.99000000000001,91673.33900764938
124.0,91676.19866131831
124.01,91678.69250105062
124.02,91681.35312286689
124.03,91684.83658519137
124.04,91687.56984781595
124.05,91690.22218456768
124.06,91694.42892802115
124.07000000000001,91695.55599422289
124.08,91699.5049792288
124.09,91702.39113330569
124.10000000000001,91704.20451181095
124.11,91707.85985435754
124.12,91712.33027702813
124.13000000000001,91712.84636659849
124.14,91716.14499133191
124.15,91720.2522924728
124.16,91722.35595106235
124.17,91726.15478863426
124.18,91726.63734546353
124.19,91729.7708676731
124.2,91732.67246769964
124.21000000000001,91735.80499613869
124.22,91738.04802749594
124.23,91741.56194482326
124.24000000000001,91744.34365603795
124.25,91747.72014673585
124.26,91752.6882044678
124.27,91753.46006372642
124.28,91757.33678059976
124.29,91758.65686831009
124.3,91761.97889624216
124.31,91765.36646697395
124.32000000000001,91767.69444622484
124.33,91771.24060632985
124.34,91773.919724327
124.35000000000001,91775.6776326423
124.36,91779.68069294089
124.37,91781.64845318146
124.38000000000001,91786.66347210674
124.39,91787.82038405322
124.4,91789.76286284851
124.41,91792.87075307612
124.42,91797.79947954472
124.43,91800.92562279123
124.44,91801.95723119879
124.45,91805.3112916954
124.46000000000001,91808.40841423259
124.47,91811.8537526036
124.48,91813.38342840837
124.49000000000001,91816.73115599748
124.5,91819.823108508
124.51,91821.26839364442
124.52,91826.04027483742
124.53,91828.80221781255
124.54,91831.42827633223
124.55,91835.11967989775
124.56,91839.29080972784
124.57000000000001,91839.41591894341
124.58,91844.10670361012
124.59,91845.51587699633
124.60000000000001,91848.5005514349
124.61,91850.0596429736
124.62,91854.44889149457
124.63000000000001,91856.4124655911
124.64,91859.81065609076
124.65,91862.83488134613
124.66,91864.07431232891
124.67,91868.61732037352
124.68,91871.90764812523
124.69,91872.95136189114
124.7,91877.34870688133
124.71000000000001,91881.06145945756
124.72,91884.36883650787
124.73,91886.02522714906
124.74000000000001,91888.6605203925
124.75,91892.2098827557
124.76,91893.59802633346
124.77,91897.12806941781
124.78,91901.01095166779
124.79,91901.86495218736
124.8,91905.8671812799
124.81,91910.11965294668
124.82000000000001,91910.70845714552
124.83,91912.37469836089
124.84,91917.03624085002
124.85000000000001,91918.52172443038
124.86,91923.25752407854
124.87,91926.46414454441
124.88000000000001,91927.98338500869
124.89,91930.59815678187
124.9,91932.10126218163
124.91,91935.89017925
124.92,91939.70345525787
124.93,91940.90920546933
124.94,91945.01660317558
124.95,91948.80147347221
124.96000000000001,91949.20357308799
124.97,91951.49305822476
124.98,91954.29612071541
124.99000000000001,91954.93999666737
125.0,91957.45548190521
125.01,91960.10425766655
125.02,91960.52314939638
125.03,91962.98339835765
125.04,91964.76454261015
125.05,91965.93167922195
125.06,91968.02766662497
125.07000000000001,91969.26638905001
125.08,91972.85093828266
125.09,91972.11998897268
125.10000000000001,91974.29917198815
125.11,91976.63230876555
125.12,91977.66174248063
125.13000000000001,91978.4945223541
125.14,91980.65985626572
125.15,91983.04819475993
125.16,91983.30808087796
125.17,91984.40818772101
125.18,91986.71158798096
125.19,91986.26327263191
125.2,91988.82160850591
125.21000000000001,91989.98145113281
125.22,91990.57593204692
125.23,91991.16301734207
125.24000000000001,91993.14683489926
125.25,91993.03555241287
125.26,91996.98396231115
125.27,91997.56570200576
125.28,91998.13970029497
125.29,91999.70144610105
125.3,92000.77700387717
125.31,92000.27781084317
125.32000000000001,92000.20350263787
125.33,92003.10217332373
125.34,92005.94065747234
125.35000000000001,92007.05128438263
125.36,92007.40120475202
125.37,92007.18261235143
125.38000000000001,92009.35907337202
125.39,92009.88443185705
125.4,92009.00397190546
125.41,92011.88037209808
125.42,92012.41581698276
125.43,92015.1755808528
125.44,92014.49715173664
125.45,92016.37793963891
125.46000000000001,92016.56874366752
125.47,92016.18420360115
125.48,92017.55965499967
125.49000000000001,92021.38977818305
125.5,92020.08543948777
125.51,92022.33691464474
125.52,92021.59123040241
125.53,92024.79609544894
125.54,92023.12595307776
125.55,92025.42567040422
125.56,92026.0561487227
125.57000000000001,92024.85355042547
125.58,92026.57851387993
125.59,92026.51159711297
125.60000000000001,92031.74590200857
125.61,92030.40643581445
125.62,92028.48060772782
125.63000000000001,92032.63025936598
125.64,92032.3153907742
125.65,92033.57191303975
125.66,92034.54889748535
125.67,92035.21695714002
125.68,92035.00815513766
125.69,92036.79403449177
125.7,92037.5674681548
125.71000000000001,92038.19027094619
125.72,92037.75660016506
125.73,92039.91267971498
125.74000000000001,92041.78242588472
125.75,92042.58234148622
125.76,92043.68455665957
125.77,92043.9270998968
125.78,92044.47904509466
125.79,92043.8226796778
125.8,92045.59360285342
125.81,92045.28827299048
125.82000000000001,92045.89847426715
125.83,92047.27592560851
125.84,92047.557634075
125.85000000000001,92050.54215202449
125.86,92051.41525199257
125.87,92050.18527627901
125.88000000000001,92052.15400628459
125.89,92052.57664882373
125.9,92052.95517167714
125.91,92052.7991431891
125.92,92053.61540117765
125.93,92054.24019334615
125.94,92056.19282766424
125.95,92056.98283759627
125.96000000000001,92055.7372701472
125.97,92060.10970011188
125.98,92058.4104897964
125.99000000000001,92060.97009353818
126.0,92061.32420476322
126.01,92061.02519959351
126.02,92059.70964436271
126.03,92062.90422375449
126.04,92061.86576274247
126.05,92065.4668085829
126.06,92063.29289859609
126.07000000000001,92065.19226598322
126.08,92066.24246079367
126.09,92065.78839192948
126.10000000000001,92067.23578506653
126.11,92068.34118158238
126.12,92069.87639217537
126.13000000000001,92070.45777247728
126.14,92072.57485748889
126.15,92069.92967230229
126.16,92070.78371806446
126.17,92072.72828562946
126.18,92074.06988071732
126.19,92074.10379327236
126.2,92076.06812570362
126.21000000000001,92074.80678632243
126.22,92075.09776075048
126.23,92077.63842218627
126.24000000000001,92076.27451654548
126.25,92078.39416962066
126.26,92078.68570388807
126.27,92078.76496429954
126.28,92080.76503245483
126.29,92080.836301674
126.3,92080.86122515959
126.31,92081.34302032366
126.32000000000001,92082.6689889799
126.33,92084.54729853541
126.34,92082.96430400685
126.35000000000001,92085.0694674475
126.36,92085.16925146729
126.37,92085.95718912384
126.38000000000001,92088.16763323231
126.39,92087.8981383628
126.4,92088.49308658595
126.41,92088.28382459574
126.42,92088.08548207568
126.43,92091.31939127135
126.44,92091.89347492243
126.45,92091.77976714446
126.46000000000001,92092.85007156248
126.47,92090.65214110243
126.48,92095.93175776175
126.49000000000001,92095.32253835986
126.5,92095.43708821863
126.51,92094.93681432572
126.52,92096.68105644954
126.53,92097.06220766575
126.54,92097.23757720173
126.55,92098.71069830158
126.56,92099.59803605713
126.57000000000001,92100.37577936139
126.58,92100.1016007079
126.59,92101.85969079497
126.60000000000001,92101.77672433773
126.61,92103.83773207522
126.62,92102.2547625372
126.63000000000001,92104.91540785907
126.64,92102.59840180665
126.65,92105.90867554976
126.66,92104.86868149412
126.67,92106.65306705575
126.68,92107.57392250178
126.69,92106.72412783785
126.7,92106.91663230633
126.71000000000001,92108.01748417785
126.72,92108.8028337301
126.73,92110.59447446813
126.74000000000001,92111.56160710107
126.75,92112.4188710424
126.76,92111.11564482625
126.77,92113.03226092615
126.78,92113.15586163585
126.79,92114.3749976815
126.8,92114.48217095739
126.81,92116.36454091218
126.82000000000001,92114.43566737893
126.83,92116.35430547646
126.84,92116.15005607753
126.85000000000001,92117.4170443172
126.86,92119.21404972638
126.87,92118.71274055794
126.88000000000001,92119.42572633892
126.89,92121.73103958378
126.9,92120.51932239193
126.91,92124.18839516211
126.92,92120.36428203722
126.93,92121.83480289657
126.94,92123.37639998586
126.95,92122.48874949901
126.96000000000001,92122.96250285505
126.97,92125.17052413076
126.98,92124.98878106123
126.99000000000001,92125.81990250757
127.0,92126.80713485161
127.01,92130.01301571142
127.02,92129.7810350982
127.03,92129.65109100708
127.04,92128.69124881718
127.05,92130.48688951043
127.06,92130.32504209291
127.07000000000001,92131.74038110777
127.08,92134.16957754797
127.09,92134.58142820191
127.10000000000001,92135.85435768736
127.11,92133.88431593434
127.12,92136.38951123352
127.13000000000001,92135.00897935223
127.14,92137.6671176302
127.15,92137.60590161776
127.16,92139.03248323378
127.17,92139.57018449157
127.18,92139.70049323367
127.19,92139.579215013
127.2,92140.96642204403
127.21000000000001,92140.78906022802
127.22,92141.63435261426
127.23,92142.40901975363
127.24000000000001,92142.23934565744
127.25,92143.74653420462
127.26,92143.07155600243
127.27,92145.49757521725
127.28,92146.75310970905
127.29,92146.83634608953
127.3,92147.00163239572
127.31,92148.30367243734
127.32000000000001,92147.81942540382
127.33,92149.06687156057
127.34,92149.50123890115
127.35000000000001,92151.12058281658
127.36,92152.33093412049
127.37,92150.6994743999
127.38000000000001,92153.54148490101
127.39,92151.7053393756
127.4,92154.1906884698
127.41,92153.56026421204
127.42,92154.52498989853
127.43,92156.75232075278
127.44,92155.36788565206
127.45,92156.48473377324
127.46000000000001,92158.79227970357
127.47,92158.4861943615
127.48,92157.69562994587
127.49000000000001,92159.0283251826
127.5,92158.47507628612
127.51,92159.45417352539
127.52,92162.71893611993
127.53,92161.59226779408
127.54,92160.26849649499
127.55,92164.18744937767
127.56,92166.75274789221
127.57000000000001,92164.63917136409
127.58,92165.10621998213
127.59,92166.72044763259
127.60000000000001,92165.28685169465
127.61,92166.13127161509
127.62,92170.17411666176
127.63000000000001,92167.87799261427
127.64,92168.22145890706
127.65,92169.38888522002
127.66,92168.74554656027
127.67,92170.03341076664
127.68,92170.29295724312
127.69,92172.56120904848
127.7,92173.16739833343
127.71000000000001,92172.74000358318
127.72,92173.99061162294
127.73,92175.32965054268
127.74000000000001,92174.41725752717
127.75,92175.18420454318
127.76,92175.39297375044
127.77,92176.28636295443
127.78,92177.76910329814
127.79,92177.85053390206
127.8,92177.71089096232
127.81,92180.33780552448
127.82000000000001,92180.27242917343
127.83,92183.79218671827
127.84,92181.92004719927
127.85000000000001,92180.7987145059
127.86,92183.26582103883
127.87,92183.57460793655
127.88000000000001,92185.14337519948
127.89,92184.79998508167
127.9,92185.4686062877
127.91,92186.01767962839
127.92,92186.52470605513
127.93,92188.31575512524
127.94,92186.9969252179
127.95,92188.54836346612
127.96000000000001,92189.89506761899
127.97,92189.17535878779
127.98,92190.32162978084
127.99000000000001,92190.85798741008
128.0,92192.00718828672
128.01,92192.41579299147
128.02,92193.64664104443
128.03,92193.02951485662
128.04,92194.41535546818
128.05,92194.5660599575
128.06,92195.05822100058
128.07,92198.0376241324
128.08,92198.64805776549
128.09,92199.63138397131
128.1,92197.94755687182
128.11,92198.84411029704
128.12,92198.82992314681
128.13,92198.42192728168
128.14000000000001,92201.6621705322
128.15,92201.39992751427
128.16,92201.13932565777
128.17000000000002,92202.25228448844
128.18,92201.07616858413
128.19,92204.77486285914
128.2,92202.70217648213
128.21,92205.92069649129
128.22,92206.02428800729
128.23,92208.38414913283
128.24,92206.44696174342
128.25,92207.40290315647
128.26,92210.06319530611
128.27,92209.43838214024
128.28,92209.89141202967
128.29,92210.05896171585
128.3,92210.23738727925
128.31,92209.98500143661
128.32,92213.49977720897
128.33,92213.79029970341
128.34,92212.8178051413
128.35,92214.5001957753
128.36,92215.06017892047
128.37,92215.35417875243
128.38,92215.93688714344
128.39000000000001,92216.31496045065
128.4,92219.6807339139
128.41,92217.44654225973
128.42000000000002,92219.92882079665
128.43,92220.37118713747
128.44,92219.24229759551
128.45,92220.10994055227
128.46,92220.8689127975
128.47,92221.94762852658
128.48,92223.55307619202
128.49,92222.51034963744
128.5,92224.26032891413
128.51,92224.4365610464
128.52,92223.80818368407
128.53,92226.64028160612
128.54,92227.71485597201
128.55,92225.70936711653
128.56,92226.07514802218
128.57,92229.5907248597
128.58,92227.9838030281
128.59,92228.47059751065
128.6,92231.6441829527
128.61,92229.34831449759
128.62,92231.81736440731
128.63,92232.56233804244
128.64000000000001,92232.09784084668
128.65,92233.31463098504
128.66,92233.60236645474
128.67000000000002,92232.79064006914
128.68,92235.52146634567
128.69,92236.5564495735
128.7,92234.83679817944
128.71,92238.10619693004
128.72,92236.58608858693
128.73,92238.49944548207
128.74,92238.61452478984
128.75,92240.13930638989
128.76,92240.18319095665
128.77,92241.82305772934
128.78,92241.36944301242
128.79,92242.18955859801
128.8,92242.43644997923
128.81,92244.40589183042
128.82,92243.50102925823
128.83,92245.526926095
128.84,92244.87239302167
128.85,92244.20929290685
128.86,92247.88633178819
128.87,92247.55813846864
128.88,92248.79106943426
128.89000000000001,92247.4484800904
128.9,92248.50598234506
128.91,92250.43776092994
128.92000000000002,92249.30264960275
128.93,92251.35696837828
128.94,92250.52119783939
128.95,92253.07486590727
128.96,92252.55792596267
128.97,92254.2628922413
128.98,92252.91002269936
128.99,92255.3229367705
129.0,92257.49941436632
129.01,92259.0485534522
129.02,92256.96582037506
129.03,92257.7981984203
129.04,92257.44893798696
129.05,92259.40787009885
129.06,92259.48400335171
129.07,92260.30837240671
129.08,92261.83325140021
129.09,92261.3661779961
129.1,92261.69039014915
129.11,92262.7290756666
129.12,92264.36124042376
129.13,92263.99332110267
129.14000000000001,92265.7550769084
129.15,92266.97019975635
129.16,92265.17499923603
129.17000000000002,92265.48259018338
129.18,92266.98426753156
129.19,92266.59209517155
129.2,92267.6232761057
129.21,92268.93490674782
129.22,92270.18296143392
129.23,92269.57019254511
129.24,92269.43371364239
129.25,92272.09984038588
129.26,92272.83251529408
129.27,92272.36524397002
129.28,92274.1063916776
129.29,92273.72636616215
129.3,92276.23698814368
129.31,92277.04797339512
129.32,92277.1791589056
129.33,92276.9914535118
129.34,92277.20044058637
129.35,92276.71547562459
129.36,92280.21802568051
129.37,92277.93542455224
129.38,92279.88566940569
129.39000000000001,92280.58782848438
129.4,92281.99957642164
129.41,92282.40358912597
129.42000000000002,92283.03226768109
129.43,92282.33853722051
129.44,92282.32615492634
129.45,92285.53023187809
129.46,92284.23470211726
129.47,92286.45921883106
129.48,92286.15626546086
129.49,92287.59359581758
129.5,92288.39733953262
129.51,92288.39812266764
129.52,92289.43530888297
129.53,92291.09998584898
129.54,92290.89648544524
129.55,92290.46653900376
129.56,92290.44913591878
129.57,92292.02869647277
129.58,92293.55549458652
129.59,92292.29830907904
129.6,92295.89514994976
129.61,92293.33734228321
129.62,92294.31050211006
129.63,92295.7277113544
129.64000000000001,92297.40949812465
129.65,92298.93863047186
129.66,92297.3884730541
129.67000000000002,92297.99468800802
129.68,92299.35569839402
129.69,92300.18483726893
129.7,92300.09898523279
129.71,92300.80439671772
129.72,92302.49987073992
129.73,92300.71055734681
129.74,92301.79083979751
129.75,92302.82724205492
129.76,92303.38191045508
129.77,92304.90371013226
129.78,92306.6767190286
129.79,92305.69429415722
129.8,92307.60256650338
129.81,92308.54934479037
129.82,92309.54048601938
129.83,92307.76607243442
129.84,92308.36877423315
129.85,92310.17888954631
129.86,92308.94042929511
129.87,92309.67979635383
129.88,92312.90971759778
129.89000000000001,92312.3204543749
129.9,92312.19153151668
129.91,92314.79103407425
129.92000000000002,92316.07157303867
129.93,92314.48438263203
129.94,92317.29829094601
129.95,92315.00470672006
129.96,92316.27084818925
129.97,92317.4867777405
129.98,92318.78008134922
129.99,92318.45034643765
130.0,92319.84924101598
130.01,92319.46674032022
130.02,92320.66805518055
130.03,92322.39986830538
130.04,92322.21922244568
130.05,92322.18455467392
130.06,92321.55461519027
130.07,92322.43665580198
130.08,92323.52417846755
130.09,92325.33793123634
130.1,92325.16818604506
130.11,92327.16705309195
130.12,92327.88687919956
130.13,92327.07505714361
130.14000000000001,92328.23238150844
130.15,92329.97008730666
130.16,92328.57387414569
130.17000000000002,92330.52621304568
130.18,92329.40308718199
130.19,92331.53375550653
130.2,92331.43948700842
130.21,92333.55344062932
130.22,92333.44433609041
130.23,92333.93981281869
130.24,92334.95894596381
130.25,92334.97618187686
130.26,92335.20026391154
130.27,92336.53226737323
130.28,92337.20878939018
130.29,92338.33745970494
130.3,92340.03471066915
130.31,92340.69423445998
130.32,92340.22583007482
130.33,92342.2486256221
130.34,92339.4681440469
130.35,92340.44591859325
130.36,92343.9773681715
130.37,92343.19827259467
130.38,92344.02371314372
130.39000000000001,92344.9618195754
130.4,92344.51904954565
130.41,92344.84727547762
130.42000000000002,92347.04781094294
130.43,92346.60670551656
130.44,92347.76643890321
130.45,92349.64630258435
130.46,92350.53371224551
130.47,92350.75579582698
130.48,92350.74213514506
130.49,92351.73100976257
130.5,92352.91547241916
130.51,92351.62218903807
130.52,92351.4399370562
130.53,92353.4835430187
130.54,92352.33871663977
130.55,92354.0323722
130.56,92353.54117715039
130.57,92356.94125071182
130.58,92356.9318851147
130.59,92357.73997072905
130.6,92358.391821167
130.61,92359.78815495672
130.62,92359.8441829501
130.63,92359.17998946908
130.64000000000001,92357.37243133057
130.65,92360.68770933057
130.66,92359.85791757335
130.67000000000002,92362.72343339154
130.68,92363.84219129586
130.69,92362.13209881503
130.7,92364.47283527793
130.71,92365.27954507449
130.72,92364.37545051912
130.73,92365.90110656539
130.74,92365.42795799169
130.75,92367.29450506836
130.76,92367.76979057031
130.77,92368.33892984141
130.78,92371.2411036527
130.79,92369.16901969507
130.8,92371.30763459268
130.81,92370.17645748642
130.82,92371.8542196423
130.83,92373.25081589798
130.84,92371.75440564433
130.85,92374.97379939136
130.86,92373.51423015523
130.87,92375.74026285032
130.88,92374.18239820802
130.89000000000001,92375.33629786895
130.9,92376.30817264171
130.91,92377.88856672669
130.92000000000002,92378.32220020215
130.93,92379.54358440485
130.94,92380.05628618946
130.95,92379.43821946846
130.96,92380.74665293157
130.97,92380.63980604167
130.98,92380.15935750061
130.99,92381.87596357794
131.0,92382.3661524143
131.01,92384.62312294217
131.02,92385.93339494521
131.03,92385.25571608898
131.04,92386.41293242197
131.05,92387.40488966396
131.06,92387.07605437585
131.07,92388.65192272988
131.08,92387.93408902039
131.09,92388.84945719862
131.1,92389.3912077467
131.11,92389.74307355942
131.12,92391.08067221129
131.13,92391.01451123157
131.14000000000001,92392.4245134368
131.15,92392.73437152557
131.16,92393.2728942153
131.17000000000002,92393.53240275943
131.18,92396.16401437897
131.19,92394.52805023469
131.2,92396.49087060781
131.21,92397.39871332653
131.22,92396.92055393937
131.23,92397.38721104938
131.24,92398.995130155
131.25,92397.72984267454
131.26,92399.4753081498
131.27,92401.28815038156
131.28,92400.6733230941
131.29,92400.5920664447
131.3,92400.80984870988
131.31,92404.54568180781
131.32,92403.44394537776
131.33,92405.39551642111
131.34,92403.9657212913
131.35,92404.25357927616
131.36,92407.452770151
131.37,92405.53550703738
131.38,92407.21241394346
131.39000000000001,92408.33315812923
131.4,92407.86971005857
131.41,92410.30621565192
131.42000000000002,92409.77751485669
131.43,92412.23898394484
131.44,92412.3240392076
131.45,92411.6958758595
131.46,92414.02266935895
131.47,92412.48511562622
131.48,92412.63055660634
131.49,92414.16811013268
131.5,92413.45798183387
131.51,92415.4266068462
131.52,92416.10552016199
131.53,92417.66129790124
131.54,92416.30898868525
131.55,92420.01235424106
131.56,92418.83973416431
131.57,92420.57020611751
131.58,92419.82750202327
131.59,92421.32206628716
131.6,92422.4848884106
131.61,92421.93830353643
131.62,92424.20972399958
131.63,92423.55859168849
131.64000000000001,92423.77081576917
131.65,92424.65368186682
131.66,92424.98563666646
131.67000000000002,92426.73396577388
131.68,92426.58829724837
131.69,92426.14848571332
131.7,92427.07612413965
131.71,92430.09410102028
131.72,92429.99995306728
131.73,92429.6327577654
131.74,92430.96311987942
131.75,92431.00892291698
131.76,92432.54431411283
131.77,92433.04161884499
131.78,92432.70717617463
131.79,92435.81251450173
131.8,92434.41651607782
131.81,92433.91458268452
131.82,92434.89823931367
131.83,92435.61365774996
131.84,92436.55817031853
131.85,92437.5145789133
131.86,92437.68734016847
131.87,92439.33201109999
131.88,92440.2564563249
131.89000000000001,92439.09967877249
131.9,92441.23398747618
131.91,92441.72670112402
131.92000000000002,92440.84887808665
131.93,92443.06895166813
131.94,92444.14218415787
131.95,92445.28074984957
131.96,92443.68108923198
131.97,92445.18257771053
131.98,92447.71667288423
131.99,92446.59226021451
132.0,92446.5678300801
132.01,92449.86977996654
132.02,92449.43844228263
132.03,92447.8992790492
132.04,92449.83392494947
132.05,92449.85190713863
132.06,92451.87180673007
132.07,92451.43309147506
132.08,92452.30097069964
132.09,92453.49543733355
132.1,92454.85933506757
132.11,92453.10553875474
132.12,92454.7848694233
132.13,92457.25494163854
132.14000000000001,92456.50498369214
132.15,92455.73063031798
132.16,92458.22358748851
132.17000000000002,92457.6077056366
132.18,92458.80185296138
132.19,92459.42180540694
132.2,92459.37657522583
132.21,92458.50225814655
132.22,92461.43382755593
132.23,92462.90874770028
132.24,92462.5328228049
132.25,92464.65774078439
132.26,92463.96552666648
132.27,92462.80729874327
132.28,92465.91115124023
132.29,92465.06915126315
132.3,92467.95897997053
132.31,92467.37154662555
132.32,92465.54241263092
132.33,92469.06434332974
132.34,92469.4509692842
132.35,92470.33059112864
132.36,92470.17136137925
132.37,92470.55616801222
132.38,92471.2886484524
132.39000000000001,92470.7945037444
132.4,92471.87577344126
132.41,92472.88466681575
132.42000000000002,92475.86324100642
132.43,92474.3039401552
132.44,92476.29522327993
132.45,92476.23219430588
132.46,92478.01039123604
132.47,92477.41166631832
132.48,92478.42817821378
132.49,92477.55596895963
132.5,92479.35885949938
132.51,92479.288952784
132.52,92480.7607751019
132.53,92481.43809852978
132.54,92480.44335278629
132.55,92482.36413288483
132.56,92483.20727434465
132.57,92483.87875906083
132.58,92483.80658005452
132.59,92485.59107624527
132.6,92486.04912429207
132.61,92485.62665404273
132.62,92486.07140219811
132.63,92486.47539794918
132.64000000000001,92488.22729465125
132.65,92488.59579322358
132.66,92488.50195364049
132.67000000000002,92492.15557255296
132.68,92490.60795854504
132.69,92489.80349937828
132.7,92490.26278440148
132.71,92490.75853281117
132.72,92493.32335324015
132.73,92492.33806060038
132.74,92492.13408985415
132.75,92496.73616345738
132.76,92494.13096714088
132.77,92495.26075198274
132.78,92496.659725761
132.79,92498.4798829403
132.8,92498.50583213814
132.81,92499.68321104837
132.82,92498.92344417119
132.83,92500.37939608762
132.84,92499.42225849233
132.85,92501.08620142679
132.86,92503.59570129072
132.87,92501.16874840127
132.88,92504.31224284896
132.89000000000001,92502.66166228527
132.9,92505.54189561942
132.91,92504.58091589832
132.92000000000002,92505.4300826658
132.93,92505.65392497431
132.94,92509.1468918317
132.95,92506.6305334879
132.96,92508.01839306501
132.97,92508.71040487672
132.98,92510.62948197233
132.99,92509.66038085206
133.0,92511.69048328396
133.01,92510.94649625986
133.02,92513.05025497447
133.03,92512.91644794427
133.04,92514.09139625561
133.05,92513.49679339112
133.06,92513.01411483587
133.07,92516.68258243937
133.08,92515.82591976224
133.09,92518.4366315444
133.1,92516.05070061116
133.11,92517.29972808363
133.12,92519.9263169884
133.13,92519.56366489605
133.14000000000001,92519.67544021865
133.15,92520.91809615
133.16,92521.49525071195
133.17000000000002,92522.13048703763
133.18,92523.51042792136
133.19,92522.26870786895
133.2,92524.70383393574
133.21,92524.58046188804
133.22,92526.6313983456
133.23,92523.90585321015
133.24,92526.16525839588
133.25,92525.62659591185
133.26,92526.5000495268
133.27,92525.97364928886
133.28,92528.99226799577
133.29,92529.42444351276
133.3,92530.3008912101
133.31,92532.64193747303
133.32,92531.68472362797
133.33,92531.63055239183
133.34,92532.56304204528
133.35,92533.8212436706
133.36,92536.40564371021
133.37,92534.39856802029
133.38,92536.26071910268
133.39000000000001,92536.21715316227
133.4,92537.40818675964
133.41,92537.38770025868
133.42000000000002,92537.55045233929
133.43,92538.87649452906
133.44,92539.07490181248
133.45,92539.0861075033
133.46,92540.4491394419
133.47,92541.41593398884
133.48,92544.28189248085
133.49,92542.59572109031
133.5,92542.84795328182
133.51,92543.58533193708
133.52,92545.19047669305
133.53,92544.59754057761
133.54,92547.11875530766
133.55,92546.24737489245
133.56,92545.83452497644
133.57,92548.26979332542
133.58,92547.86342037044
133.59,92548.10293262497
133.6,92548.36317179893
133.61,92550.22593444945
133.62,92551.14490276473
133.63,92550.97110246873
133.64000000000001,92550.76319718901
133.65,92550.9458504382
133.66,92553.13924604536
133.67000000000002,92552.86874474252
133.68,92555.46080872043
133.69,92556.13317926125
133.7,92554.78244869463
133.71,92556.32892254507
133.72,92556.30784190696
133.73,92556.94471370196
133.74,92558.84674649953
133.75,92558.63891757067
133.76,92560.37829111828
133.77,92560.5161388448
133.78,92560.95604760453
133.79,92562.20125565771
133.8,92561.62951079805
133.81,92563.63062699637
133.82,92563.44717161941
133.83,92562.27168070983
133.84,92563.88216830131
133.85,92565.70416523752
133.86,92566.78397364248
133.87,92565.99966129112
133.88,92568.09489257584
133.89000000000001,92568.16131297342
133.9,92567.19943138897
133.91,92569.89621222674
133.92000000000002,92571.49287594993
133.93,92568.74032233043
133.94,92573.24151528077
133.95,92571.01395431459
133.96,92572.3442201489
133.97,92572.43989144925
133.98,92573.02909167831
133.99,92576.08249251604
134.0,92572.38917077887
134.01,92576.0450101287
134.02,92577.57939455153
134.03,92576.69798739644
134.04,92577.54265419126
134.05,92578.27191518893
134.06,92578.62164625443
134.07,92578.05665783345
134.08,92580.24612157771
134.09,92579.0497360783
134.1,92579.67234366995
134.11,92581.17786405575
134.12,92582.7203306079
134.13,92583.55233143987
134.14000000000001,92583.56286250238
134.15,92583.40385011776
134.16,92587.48968870951
134.17000000000002,92586.8756865589
134.18,92585.30826405382
134.19,92587.36041398025
134.2,92586.77322726743
134.21,92588.26782279384
134.22,92589.43490714696
134.23,92589.3252221088
134.24,92590.5726408845
134.25,92590.73572676587
134.26,92591.30559789785
134.27,92589.69949990461
134.28,92592.020765883
134.29,92594.15287081129
134.3,92593.37538822286
134.31,92595.52404832566
134.32,92596.61657169455
134.33,92596.98660479693
134.34,92596.44282225276
134.35,92596.26337379708
134.36,92599.01780146858
134.37,92598.18605857628
134.38,92597.90319115549
134.39000000000001,92599.86393384293
134.4,92600.31588859399
134.41,92601.9262998376
134.42000000000002,92603.04553813444
134.43,92601.41356099222
134.44,92603.2349573214
134.45,92602.61370701542
134.46,92604.39952586239
134.47,92605.42431306165
134.48,92606.00373985543
134.49,92604.98802718254
134.5,92607.92120200144
134.51,92606.75949141008
134.52,92607.8010625486
134.53,92608.74918247409
134.54,92610.12918460977
134.55,92611.18657184578
134.56,92611.77087834518
134.57,92611.34579630943
134.58,92611.97293686155
134.59,92612.12338599315
134.6,92611.9513583751
134.61,92614.55926851797
134.62,92615.39882252592
134.63,92615.56385405215
134.64000000000001,92615.25239992693
134.65,92615.45230609502
134.66,92617.1986482113
134.67000000000002,92617.86891361959
134.68,92618.17699835489
134.69,92618.58480752967
134.7,92620.72335438279
134.71,92621.43683261653
134.72,92620.96910056799
134.73,92621.96263370811
134.74,92621.20188094625
134.75,92622.4050962839
134.76,92622.2986099174
134.77,92622.97513452149
134.78,92622.64991781552
134.79,92626.97697786777
134.8,92624.76100205736
134.81,92626.57327408437
134.82,92627.22221257247
134.83,92627.91974738956
134.84,92627.7483697494
134.85,92630.14274657158
134.86,92629.8292287043
134.87,92629.8613927471
134.88,92630.79536400085
134.89000000000001,92630.68968338441
134.9,92633.82898534114
134.91,92634.85312180001
134.92000000000002,92632.60931802723
134.93,92633.18978490593
134.94,92633.88158671332
134.95,92637.70385194468
134.96,92635.23954045182
134.97,92638.5009061859
134.98,92638.66547215165
134.99,92638.13554664161
135.0,92638.55225686064
135.01,92639.32491343713
135.02,92641.28757867546
135.03,92642.29058709224
135.04,92641.45505324192
135.05,92642.50548512256
135.06,92642.1572373507
135.07,92645.00196286323
135.08,92642.90126277346
135.09,92645.2870163619
135.1,92645.21532600673
135.11,92646.0631736741
135.12,92647.49521471275
135.13,92647.46212885395
135.14000000000001,92647.96071617426
135.15,92649.94029025792
135.16,92648.77509153051
135.17000000000002,92648.54730524289
135.18,92648.33626731946
135.19,92650.96756145955
135.2,92652.48894983149
135.21,92653.6840457198
135.22,92650.80344981894
135.23,92653.79013874334
135.24,92654.54130271003
135.25,92654.78017214051
135.26,92655.59479517075
135.27,92656.49742065789
135.28,92658.35949601706
135.29,92657.34631782223
135.3,92657.43319376349
135.31,92659.64653917828
135.32,92660.72005087693
135.33,92660.14525659989
135.34,92659.50450619
135.35,92660.49649900486
135.36,92661.81743752041
135.37,92663.4902786995
135.38,92664.20622536902
135.39000000000001,92664.52673769114
135.4,92664.22862449281
135.41,92664.91717351812
135.42000000000002,92665.09181778577
135.43,92667.02606526512
135.44,92667.55220390004
135.45,92669.66310037678
135.46,92669.10311236818
135.47,92667.48081063683
135.48,92668.47435935207
135.49,92672.05232168255
135.5,92671.15903267439
135.51,92671.0211667224
135.52,92672.98923703296
135.53,92672.49935395374
135.54,92672.34107800241
135.55,92674.5820354893
135.56,92674.64574768185
135.57,92675.8110910091
135.58,92676.8750379185
135.59,92677.15747613288
135.6,92677.12323976173
135.61,92677.62880930856
135.62,92678.32573616429
135.63,92678.39310319425
135.64000000000001,92678.4136828564
135.65,92680.76237835876
135.66,92679.50364115993
135.67000000000002,92681.80405841945
135.68,92681.39749229647
135.69,92681.7401597263
135.7,92684.0531560009
135.71,92684.62200150873
135.72,92685.25579873254
135.73,92686.49646519966
135.74,92685.6309185036
135.75,92685.05141023465
135.76,92686.17313510706
135.77,92689.31696155315
135.78,92689.04317345489
135.79,92689.71933067811
135.8,92689.66749889147
135.81,92689.71960084444
135.82,92690.92214881949
135.83,92692.62676971559
135.84,92693.78518044957
135.85,92691.97639558594
135.86,92691.52964305032
135.87,92696.23604054039
135.88,92695.61201996206
135.89000000000001,92695.00828724768
135.9,92695.27786728521
135.91,92695.9269991792
135.92000000000002,92698.26038158516
135.93,92698.74328304762
135.94,92697.63159495122
135.95,92699.48223169766
135.96,92700.16248734713
135.97,92699.52004298169
135.98,92702.77786867572
135.99,92703.15083162086
136.0,92703.00297348703
136.01,92703.10654219259
136.02,92703.10973014677
136.03,92705.07651506946
136.04,92704.0896391119
136.05,92705.02304902593
136.06,92705.91544554886
136.07,92707.13971693376
136.08,92707.20350120425
136.09,92707.81559015864
136.1,92710.24568270805
136.11,92709.00801958634
136.12,92710.56581730001
136.13,92711.49541915901
136.14000000000001,92714.5007286312
136.15,92714.29818583102
136.16,92715.45599224993
136.17000000000002,92715.15644284154
136.18,92713.93654923412
136.19,92714.97114724206
136.2,92716.41016647198
136.21,92715.91796024612
136.22,92715.87022684854
136.23,92716.94418896564
136.24,92718.48637830757
136.25,92718.51456000212
136.26,92720.13720055872
136.27,92720.24710778649
136.28,92721.13400471216
136.29,92722.52485165079
136.3,92722.08412599456
136.31,92721.35103811363
136.32,92724.64761564531
136.33,92723.9476446248
136.34,92724.65852151031
136.35,92726.11541677515
136.36,92726.15832945365
136.37,92725.92075334204
136.38,92729.1540159181
136.39000000000001,92726.54722880542
136.4,92726.86820953629
136.41,92728.61551947428
136.42000000000002,92730.17314492713
136.43,92730.33989141775
136.44,92730.6164863056
136.45,92731.66663613336
136.46,92732.9752861358
136.47,92732.5843375119
136.48,92733.91139261339
136.49,92734.59418104538
136.5,92735.49393017653
136.51,92735.50700760701
136.52,92736.73865356993
136.53,92737.5755601535
136.54,92738.94701822453
136.55,92735.28162164248
136.56,92739.57758508621
136.57,92740.33323685906
136.58,92738.15752966245
136.59,92740.8384210207
136.6,92742.03378001551
136.61,92742.83406001105
136.62,92743.36186515265
136.63,92743.13807017202
136.64000000000001,92743.96496969939
136.65,92744.93039095617
136.66,92745.45384017781
136.67000000000002,92743.85777177887
136.68,92746.44772493183
136.69,92747.57829718091
136.70000000000002,92746.37672987593
136.71,92747.08984756669
136.72,92748.07924128252
136.73,92749.39265444347
136.74,92750.00147082708
136.75,92749.14114152131
136.76,92753.39306795722
136.77,92753.65126148512
136.78,92752.10169666067
136.79,92753.02914023302
136.8,92753.48854919813
136.81,92756.1342436123
136.82,92755.40041299013
136.83,92755.38457757678
136.84,92755.3712031393
136.85,92757.37418733514
136.86,92758.35610230228
136.87,92756.69661463241
136.88,92759.11226446742
136.89000000000001,92759.88101473809
136.9,92761.08151462035
136.91,92760.47801707717
136.92000000000002,92760.19837579636
136.93,92762.73469677447
136.94,92761.45621406104
136.95000000000002,92762.46792088561
136.96,92764.9062928818
136.97,92764.39648995215
136.98,92765.56872961279
136.99,92766.58918222469
137.0,92765.51249982449
137.01,92769.6935937942
137.02,92767.40164146523
137.03,92768.4853336236
137.04,92769.62279271915
137.05,92769.12146922023
137.06,92769.26544417642
137.07,92769.14238199203
137.08,92773.12131325612
137.09,92773.64550188159
137.1,92773.20293147226
137.11,92773.34005246015
137.12,92775.80996885916
137.13,92773.05476092415
137.14000000000001,92774.24287004829
137.15,92775.75570481781
137.16,92777.13085447797
137.17000000000002,92776.34463723357
137.18,92777.8107825833
137.19,92778.3996924056
137.20000000000002,92782.03239083162
137.21,92779.5651566431
137.22,92780.98115402159
137.23,92781.69402896203
137.24,92784.66630185398
137.25,92780.70794943243
137.26,92783.54442628453
137.27,92782.33495337321
137.28,92785.38097381737
137.29,92786.22948209182
137.3,92785.1264346846
137.31,92787.39307404452
137.32,92787.92072650041
137.33,92787.58825371212
137.34,92789.8808533393
137.35,92789.64681784455
137.36,92789.10179421242
137.37,92791.59266086784
137.38,92790.60546669533
137.39000000000001,92791.56158884743
137.4,92791.94131705153
137.41,92793.79377444593
137.42000000000002,92794.7484604563
137.43,92792.83583208238
137.44,92794.81332455
137.45000000000002,92795.80724581881
137.46,92793.83237473872
137.47,92799.2191065248
137.48,92797.57077008512
137.49,92797.80172382403
137.5,92798.56665318711
137.51,92799.17072389025
137.52,92798.57679436475
137.53,92801.97208218888
137.54,92800.40557681247
137.55,92802.14784212258
137.56,92801.67049889016
137.57,92802.41511260277
137.58,92802.48845771451
137.59,92803.46280277187
137.6,92806.45168896733
137.61,92805.50856132536
137.62,92805.25816264466
137.63,92807.735370893
137.64000000000001,92807.62551335321
137.65,92806.93457118224
137.66,92808.24725956986
137.67000000000002,92809.51415085355
137.68,92811.59736342264
137.69,92810.48373930878
137.70000000000002,92810.63724309507
137.71,92811.1266013657
137.72,92813.86258564449
137.73,92811.89908806638
137.74,92814.84590642167
137.75,92815.98501109717
137.76,92815.29203415733
137.77,92816.13300483697
137.78,92817.06997850053
137.79,92817.50353472673
137.8,92817.56414440047
137.81,92818.14653275059
137.82,92818.12054327955
137.83,92821.4873317151
137.84,92819.48818641815
137.85,92820.22654266411
137.86,92820.20861655663
137.87,92820.1915593373
137.88,92822.2177542356
137.89000000000001,92825.35500414345
137.9,92825.00141065232
137.91,92824.96839785679
137.92000000000002,92826.35925550312
137.93,92824.3316249041
137.94,92826.40680537916
137.95000000000002,92827.02085371611
137.96,92828.48155483813
137.97,92827.61635037106
137.98,92830.03996684744
137.99,92829.96893350095
138.0,92832.09099843794
138.01,92832.33420765451
138.02,92830.62727610374
138.03,92833.80084585062
138.04,92832.90156342104
138.05,92834.86977166985
138.06,92833.97686667928
138.07,92835.096671242
138.08,92835.970918628
138.09,92835.96464639847
138.1,92836.76968921973
138.11,92839.91008245431
138.12,92839.12664068202
138.13,92837.71859682979
138.14000000000001,92840.22957861
138.15,92840.9131119665
138.16,92841.34160830338
138.17000000000002,92843.57545404308
138.18,92843.02651805438
138.19,92843.9928176162
138.20000000000002,92843.8750973584
138.21,92845.01505473827
138.22,92845.8571364036
138.23,92846.17057802182
138.24,92846.67659067042
138.25,92846.85220960143
138.26,92846.22765762683
138.27,92848.71153226538
138.28,92849.48160777903
138.29,92849.14605447745
138.3,92847.64846865677
138.31,92851.40184043722
138.32,92852.94353407041
138.33,92852.47501120016
138.34,92852.74796032859
138.35,92852.70578862386
138.36,92853.26360383039
138.37,92853.16204954684
138.38,92855.48683380624
138.39000000000001,92856.06908931464
138.4,92857.2526332662
138.41,92856.24166923664
138.42000000000002,92859.58486786437
138.43,92857.86380608579
138.44,92859.44273779364
138.45000000000002,92862.39520539495
138.46,92862.35643533873
138.47,92861.10180033988
138.48,92860.9075981388
138.49,92862.57259720961
138.5,92862.61204590347
138.51,92864.1753248836
138.52,92862.5731638969
138.53,92864.92899595891
138.54,92864.70321634547
138.55,92866.2462028497
138.56,92866.63557937538
138.57,92869.33917482918
138.58,92869.59427188626
138.59,92867.89263924432
138.6,92869.37697603976
138.61,92871.35697831144
138.62,92871.07493918059
138.63,92871.23642612368
138.64000000000001,92872.75492291337
138.65,92871.92375339854
138.66,92871.45849325479
138.67000000000002,92875.22958253125
138.68,92873.93702621531
138.69,92876.46663069111
138.70000000000002,92875.49660190557
138.71,92875.08159411521
138.72,92875.26738419186
138.73,92876.69761309757
138.74,92877.4540864123
138.75,92879.18462446466
138.76,92879.51449767832
138.77,92879.47208331495
138.78,92881.95114625052
138.79,92881.5373093987
138.8,92883.57800983285
138.81,92884.509684413
138.82,92882.21500002484
138.83,92884.86703288108
138.84,92885.342332705
138.85,92885.03334967679
138.86,92885.06571110208
138.87,92886.6569915081
138.88,92886.98909726164
138.89000000000001,92886.14505562176
138.9,92888.85109606237
138.91,92888.2151677253
138.92000000000002,92889.29620361867
138.93,92890.63086850356
138.94,92893.48969547215
138.95000000000002,92891.8079009972
138.96,92892.1241199368
138.97,92892.46488973958
138.98,92894.17651776121
138.99,92892.9275083569
139.0,92893.92839218293
139.01,92895.09128114521
139.02,92896.11106514877
139.03,92897.07650958453
139.04,92897.76477944055
139.05,92899.81404698153
139.06,92898.03977417748
139.07,92897.7599533743
139.08,92899.97183401995
139.09,92899.93953093769
139.1,92900.90433691247
139.11,92902.21271686973
139.12,92902.40416620852
139.13,92902.87487633343
139.14000000000001,92903.48732929966
139.15,92904.99352699927
139.16,92905.38974187062
139.17000000000002,92907.20670218216
139.18,92906.07271220401
139.19,92907.26269924856
139.20000000000002,92907.93980660455
139.21,92908.43028578073
139.22,92910.5964866429
139.23,92910.24042579168
139.24,92911.14897677298
139.25,92911.60221790647
139.26,92911.4795965497
139.27,92912.59395792136
139.28,92912.85857632685
139.29,92912.61589614433
139.3,92914.5150058263
139.31,92916.64498820186
139.32,92914.6764725051
139.33,92916.40781964456
139.34,92915.06731669918
139.35,92917.58710139751
139.36,92916.36094948255
139.37,92918.65275162821
139.38,92919.09455968627
139.39000000000001,92919.14248171142
139.4,92920.80645496355
139.41,92920.57430149731
139.42000000000002,92921.849955684
139.43,92922.08125010591
139.44,92924.24690980712
139.45000000000002,92925.02066006135
139.46,92924.77815019553
139.47,92923.30238879494
139.48,92926.01720833125
139.49,92925.91437386659
139.5,92925.32462003379
139.51,92926.58259946347
139.52,92927.25856124634
139.53,92928.96386674183
139.54,92927.07663157495
139.55,92931.60629207548
139.56,92932.17977629809
139.57,92932.602704468
139.58,92930.79535231071
139.59,92932.55623044318
139.6,92931.15716873632
139.61,92933.47555438994
139.62,92936.03921773967
139.63,92937.12794531627
139.64000000000001,92934.83588391062
139.65,92937.20832785149
139.66,92939.68642243804
139.67000000000002,92938.9598808531
139.68,92936.66891557536
139.69,92940.11475011078
139.70000000000002,92940.49801465032
139.71,92939.62926425027
139.72,92938.49688737295
139.73,92941.22308290757
139.74,92940.5344066924
139.75,92943.2473991536
139.76,92942.23845636142
139.77,92945.75076849089
139.78,92944.10034856488
139.79,92944.2447195479
139.8,92946.95014572552
139.81,92944.79178311123
139.82,92947.67694612684
139.83,92946.83176637084
139.84,92948.56541030789
139.85,92951.1480568158
139.86,92947.90963981085
139.87,92948.6598989492
139.88,92951.06051739956
139.89000000000001,92950.42958079046
139.9,92952.85992328514
139.91,92951.81999363679
139.92000000000002,92952.55777504684
139.93,92954.20346691378
139.94,92955.55027449153
139.95000000000002,92955.39362665823
139.96,92958.0309330337
139.97,92956.12725281234
139.98,92957.74805968453
139.99,92959.70143784859
140.0,92960.60596809779
140.01,92959.60957727666
140.02,92959.28887862062
140.03,92960.0624111541
140.04,92961.54900677029
140.05,92960.9569932589
140.06,92963.7058032397
140.07,92965.29542328359
140.08,92964.759911639
140.09,92964.56158511325
140.1,92965.971502571
140.11,92967.0484189816
140.12,92967.70395525976
140.13,92966.22052026671
140.14000000000001,92968.52550370478
140.15,92968.41807844717
140.16,92970.14285418262
140.17000000000002,92971.15842464243
140.18,92970.9265214629
140.19,92971.00659038893
140.20000000000002,92972.90032718262
140.21,92972.2669338249
140.22,92971.78687220698
140.23,92971.63408517382
140.24,92974.02576030932
140.25,92973.57781374613
140.26,92973.88006532202
140.27,92976.28194430843
140.28,92975.56026243432
140.29,92978.05841714724
140.3,92978.55171238676
140.31,92977.32467899683
140.32,92980.32464426168
140.33,92981.27163032183
140.34,92980.67533707789
140.35,92980.70609535143
140.36,92981.18076952017
140.37,92982.48953457268
140.38,92982.28600239968
140.39000000000001,92985.14610772367
140.4,92985.78494421823
140.41,92984.79491245342
140.42000000000002,92988.17238498031
140.43,92986.09938490746
140.44,92987.75674908873
140.45000000000002,92986.46590467122
140.46,92987.56775240997
140.47,92988.4712015533
140.48,92987.64515977142
140.49,92989.50414207697
140.5,92991.22106446982
140.51,92991.39916055392
140.52,92992.07873494411
140.53,92992.98594690718
140.54,92993.18262589401
140.55,92993.76105913256
140.56,92993.81825471931
140.57,92994.836010174
140.58,92997.24225391133
140.59,92995.08284815766
140.6,92998.03852671996
140.61,92998.38795753992
140.62,92997.55622271253
140.63,93002.15723776518
140.64000000000001,92999.29112501116
140.65,93000.60176198123
140.66,92999.90542800652
140.67000000000002,93002.11038727981
140.68,93002.76303214407
140.69,93003.08103419078
140.70000000000002,93002.83773854838
140.71,93004.44074994794
140.72,93004.55039504688
140.73,93004.38183502505
140.74,93005.77672595752
140.75,93008.1864392651
140.76,93008.26736309659
140.77,93007.79172746222
140.78,93009.53762871033
140.79,93009.52948248411
140.8,93009.33070695547
140.81,93010.4466832825
140.82,93013.02144917009
140.83,93010.3408848311
140.84,93013.16569323724
140.85,93012.77102523117
140.86,93014.0884093591
140.87,93014.34055677822
140.88,93015.21230575621
140.89000000000001,93015.11873809231
140.9,93014.6356344457
140.91,93016.92566997709
140.92000000000002,93018.40546747562
140.93,93020.4581184131
140.94,93018.98081899792
140.95000000000002,93020.92133245974
140.96,93019.572081362
140.97,93020.74233044386
140.98,93021.25199139335
140.99,93022.04418624699
141.0,93023.11521941169
141.01,93024.43124025974
141.02,93022.563898229
141.03,93025.17607795437
141.04,93025.92245829367
141.05,93025.56917507756
141.06,93026.55728592823
141.07,93027.4939087782
141.08,93029.60050906175
141.09,93029.55055321619
141.1,93028.59209294575
141.11,93030.19770971486
141.12,93029.1925868638
141.13,93031.0784564223
141.14000000000001,93030.53382419053
141.15,93031.74288797911
141.16,93032.4117787323
141.17000000000002,93031.97106545689
141.18,93035.05520307647
141.19,93035.23301481921
141.20000000000002,93036.29031645655
141.21,93036.87379392562
141.22,93035.57305991369
141.23,93037.70184051407
141.24,93038.77709378135
141.25,93036.88238073577
141.26,93039.57355806498
141.27,93041.40841857484
141.28,93040.09542188834
141.29,93041.90231565658
141.3,93042.76525834957
141.31,93041.21014568624
141.32,93043.86048286459
141.33,93042.47016535577
141.34,93044.87014790674
141.35,93044.2339865542
141.36,93046.86282596184
141.37,93047.24967098131
141.38,93046.88264554944
141.39000000000001,93047.72075165277
141.4,93048.25270503438
141.41,93049.36243609525
141.42000000000002,93051.06113044379
141.43,93048.13087243032
141.44,93050.74432600969
141.45000000000002,93050.03853444573
141.46,93050.55609133787
141.47,93053.68236311128
141.48,93053.01196351054
141.49,93053.80027611031
141.5,93056.05486714709
141.51,93056.71990616774
141.52,93057.25044289132
141.53,93059.5666481166
141.54,93056.92525176455
141.55,93059.55913947897
141.56,93058.23745943341
141.57,93060.04725719534
141.58,93060.27740935526
141.59,93060.61221028796
141.6,93061.8830370215
141.61,93061.80860847725
141.62,93063.95415496998
141.63,93063.44293665832
141.64000000000001,93064.493861758
141.65,93066.7524997268
141.66,93066.3052539467
141.67000000000002,93065.79960702028
141.68,93064.81733131739
141.69,93068.14036808167
141.70000000000002,93068.72268653949
141.71,93068.04327215518
141.72,93068.26502830705
141.73,93068.6171809123
141.74,93070.26863275525
141.75,93072.45651877312
141.76,93072.11535054624
141.77,93072.47090080474
141.78,93074.31003528729
141.79,93073.07541741608
141.8,93072.12935690064
141.81,93074.08761631564
141.82,93076.88361302216
141.83,93076.15173857386
141.84,93075.72225883261
141.85,93079.10277050489
141.86,93077.33966015179
141.87,93078.11864942445
141.88,93079.73023249515
141.89000000000001,93080.46909324157
141.9,93079.85087974173
141.91,93080.1425923858
141.92000000000002,93081.77800478003
141.93,93081.8663374489
141.94,93083.60657755015
141.95000000000002,93084.09943561676
141.96,93083.41692509252
141.97,93086.27709029139
141.98,93086.58999623603
141.99,93085.2566812623
142.0,93086.69712417679
142.01,93087.13106382976
142.02,93087.23939726976
142.03,93088.91526030119
142.04,93090.01428249705
142.05,93088.13179850498
142.06,93091.20939636978
142.07,93091.75919642724
142.08,93091.53652331824
142.09,93091.35302811362
142.1,93094.39887221626
142.11,93094.36232444466
142.12,93094.01023536545
142.13,93095.3988811767
142.14000000000001,93094.72916229452
142.15,93097.29227609858
142.16,93098.71031106893
142.17000000000002,93097.80346652058
142.18,93098.28358101333
142.19,93100.04477520283
142.20000000000002,93100.38005541258
142.21,93101.27479893794
142.22,93100.73098524548
142.23,93104.40424337199
142.24,93102.03170567888
142.25,93101.52422806523
142.26,93103.53398952387
142.27,93105.30703659705
142.28,93104.34353767386
142.29,93106.7581975739
142.3,93105.88418154622
142.31,93105.37330446896
142.32,93105.85678876746
142.33,93109.55371535069
142.34,93109.42465299387
142.35,93109.71616124151
142.36,93108.82911559843
142.37,93110.58959848966
142.38,93111.18296018704
142.39000000000001,93110.34652324922
142.4,93113.18379461564
142.41,93113.96235002729
142.42000000000002,93113.1925509388
142.43,93114.00400263333
142.44,93115.54990537935
142.45000000000002,93116.84492109671
142.46,93114.79569821333
142.47,93117.95442835877
142.48,93119.47012437833
142.49,93119.26406813979
142.5,93118.62247945515
142.51,93121.118094472
142.52,93122.05502532722
142.53,93120.66432734167
142.54,93121.04136523488
142.55,93120.97117066027
142.56,93123.35204987347
142.57,93122.61423980353
142.58,93125.66111962011
142.59,93127.03845279569
142.6,93124.96147879897
142.61,93126.06738017223
142.62,93127.47103253799
142.63,93126.89992133956
142.64000000000001,93128.31676648559
142.65,93128.72459516687
142.66,93128.63625372552
142.67000000000002,93128.43185644624
142.68,93130.64411117643
142.69,93133.04121686728
142.70000000000002,93131.68044601797
142.71,93132.08359594291
142.72,93133.71012926871
142.73,93133.48511516284
142.74,93133.99906685713
142.75,93134.93516958762
142.76,93136.22684098364
142.77,93136.38208655456
142.78,93137.0048313086
142.79,93137.00003462154
142.8,93136.70013529701
142.81,93138.95504629367
142.82,93140.11944055131
142.83,93139.64741328539
142.84,93141.12609711401
142.85,93142.55646562336
142.86,93142.39334505815
142.87,93141.4811973316
142.88,93144.1757313077
142.89000000000001,93143.97233439868
142.9,93143.5759461131
142.91,93143.97635349978
142.92000000000002,93146.83756576528
142.93,93147.23708281995
142.94,93146.3318222213
142.95000000000002,93148.54907729449
142.96,93150.19148514658
142.97,93148.20623300609
142.98,93149.75722254865
142.99,93149.13406160075
143.0,93150.82134638123
143.01,93153.59044693809
143.02,93150.64488427795
143.03,93152.71841157647
143.04,93152.23636326595
143.05,93153.96336642081
143.06,93154.48902283999
143.07,93154.81678815797
143.08,93156.05224940201
143.09,93155.42639013156
143.1,93157.31573723027
143.11,93157.96301317302
143.12,93156.58052945699
143.13,93159.39613322663
143.14000000000001,93158.6578877511
143.15,93159.7705025731
143.16,93162.56377351315
143.17000000000002,93161.25586498996
143.18,93161.8298540639
143.19,93163.74111028435
143.20000000000002,93165.22697125204
143.21,93163.77486684271
143.22,93165.83024921345
143.23,93164.39889039297
143.24,93166.12290277843
143.25,93168.00599555558
143.26,93168.61292465753
143.27,93167.97036696372
143.28,93169.06581880375
143.29,93171.50172358159
143.3,93171.51506760204
143.31,93170.96473670877
143.32,93171.52365112596
143.33,93171.08854745116
143.34,93171.6691310124
143.35,93175.03881014908
143.36,93171.94888193088
143.37,93175.00175924618
143.38,93173.76451286358
143.39000000000001,93175.79519727519
143.4,93176.88438864898
143.41,93178.14231643091
143.42000000000002,93179.28753712344
143.43,93179.1161603343
143.44,93178.61803019803
143.45000000000002,93179.93202987203
143.46,93179.43182758563
143.47,93181.25469054603
143.48,93181.18123131411
143.49,93183.05741027392
143.5,93182.17030471715
143.51,93184.08319199995
143.52,93186.19450647107
143.53,93185.50911385765
143.54,93186.36950972512
143.55,93184.88802100038
143.56,93185.93069575836
143.57,93186.88834890713
143.58,93188.2237462711
143.59,93187.89515286603
143.6,93188.78549304139
143.61,93191.0942104217
143.62,93188.71514568308
143.63,93192.05707162937
143.64000000000001,93191.50574951424
143.65,93192.98113384652
143.66,93195.59687182681
143.67000000000002,93193.83686686882
143.68,93194.94169460953
143.69,93195.31336304583
143.70000000000002,93197.76938685909
143.71,93197.69291733562
143.72,93199.52099871647
143.73,93197.25106711352
143.74,93198.3431886199
143.75,93198.62747115035
143.76,93200.16209440939
143.77,93201.10917193655
143.78,93200.93523068276
143.79,93202.45463070936
143.8,93201.56045410261
143.81,93202.24503480701
143.82,93204.98124150829
143.83,93204.26605151067
143.84,93205.81541584787
143.85,93205.63629906489
143.86,93206.2814796015
143.87,93206.56367698804
143.88,93207.25993225594
143.89000000000001,93207.20899482306
143.9,93208.44538909158
143.91,93209.552293117
143.92000000000002,93209.15929932662
143.93,93209.86559053483
143.94,93212.85196722588
143.95000000000002,93212.72743308554
143.96,93213.29872116649
143.97,93213.2268164703
143.98,93213.883809777
143.99,93214.72137113067
144.0,93215.21324727399
144.01,93215.52051084899
144.02,93215.53012252507
144.03,93216.86369308514
144.04,93218.23806355105
144.05,93218.46302595708
144.06,93218.32181251173
144.07,93218.7958501653
144.08,93219.60761695723
144.09,93220.8186882106
144.1,93221.7941400833
144.11,93224.95821400677
144.12,93222.01314758552
144.13,93223.10356928602
144.14000000000001,93224.49785867684
144.15,93225.73519531888
144.16,93223.71994328719
144.17000000000002,93225.73302095229
144.18,93229.13811587753
144.19,93226.09705178888
144.20000000000002,93227.28765796628
144.21,93228.45963351079
144.22,93228.80582204746
144.23,93229.47912405814
144.24,93230.24254101505
144.25,93231.07279811795
144.26,93231.79491010412
144.27,93230.98883964814
144.28,93234.79710978006
144.29,93234.10604794465
144.3,93235.6462470512
144.31,93234.50940857378
144.32,93236.43938991897
144.33,93235.22450106168
144.34,93236.55289796619
144.35,93236.59768402162
144.36,93238.97514485172
144.37,93238.47475592261
144.38,93238.10677833215
144.39000000000001,93241.71992553727
144.4,93241.7385789414
144.41,93241.44827794383
144.42000000000002,93242.78279374016
144.43,93243.55756218509
144.44,93243.27379359296
144.45000000000002,93244.98860634894
144.46,93244.41196692035
144.47,93246.23565177764
144.48,93245.9399183366
144.49,93247.28814147488
144.5,93247.10599707959
144.51,93249.64769732243
144.52,93247.90445965018
144.53,93250.55313018837
144.54,93249.13932764469
144.55,93248.74224541488
144.56,93250.5608707086
144.57,93251.92460603658
144.58,93251.64528008996
144.59,93252.9529088395
144.6,93253.27452698883
144.61,93253.48065352828
144.62,93254.95962478273
144.63,93254.6719149487
144.64000000000001,93258.47011827659
144.65,93255.28208382947
144.66,93257.16037004512
144.67000000000002,93258.7282249973
144.68,93258.99159828851
144.69,93258.83149675305
144.70000000000002,93260.17549139936
144.71,93260.21056175673
144.72,93260.05767749947
144.73,93262.2281252218
144.74,93261.93454341781
144.75,93264.32221009728
144.76,93262.72323297296
144.77,93264.2140182554
144.78,93265.56954626468
144.79,93266.17228945432
144.8,93266.12687351152
144.81,93268.13269595537
144.82,93269.72871206747
144.83,93268.86301719195
144.84,93266.8256621814
144.85,93269.6519166405
144.86,93271.42509832034
144.87,93269.84252708398
144.88,93272.23701916463
144.89000000000001,93273.76383593061
144.9,93272.08139477466
144.91,93273.47426524648
144.92000000000002,93274.38483869335
144.93,93273.87184709456
144.94,93275.13277787204
144.95000000000002,93276.41749933956
144.96,93276.296141326
144.97,93277.98943309601
144.98,93278.71477448802
144.99,93279.12993772492
145.0,93278.67436838294
145.01,93280.31316522016
145.02,93280.54109511722
145.03,93281.85712448781
145.04,93281.82943624424
145.05,93282.39157676161
145.06,93285.8189729478
145.07,93284.17058083645
145.08,93283.13850373986
145.09,93284.80239637363
145.1,93287.22475980238
145.11,93287.2432913322
145.12,93285.36524120778
145.13,93288.0219560086
145.14000000000001,93286.6210100097
145.15,93289.89445695138
145.16,93287.93287955204
145.17000000000002,93291.29796053092
145.18,93292.11307536095
145.19,93292.65006000073
145.20000000000002,93292.75994982198
145.21,93292.42845463882
145.22,93294.57999982341
145.23,93293.74253644278
145.24,93295.55374634505
145.25,93294.97229787691
145.26,93295.14652618035
145.27,93297.05624956258
145.28,93296.75923802624
145.29,93297.68309427226
145.3,93300.72312251497
145.31,93298.24159273221
145.32,93301.20746732588
145.33,93300.099024371
145.34,93301.20139435401
145.35,93301.92025556343
145.36,93302.55475693065
145.37,93301.10843204158
145.38,93305.30698490988
145.39000000000001,93303.77981564932
145.4,93304.333408963
145.41,93304.89775638399
145.42000000000002,93306.51671965967
145.43,93307.35144819038
145.44,93308.30887722128
145.45000000000002,93306.16336803875
145.46,93309.97222447966
145.47,93309.65899342421
145.48,93309.92296786535
145.49,93309.83837395713
145.5,93311.23791626535
145.51,93311.96356900323
145.52,93312.05090393504
145.53,93313.53080001632
145.54,93315.53487709683
145.55,93313.198668872
145.56,93314.27597372714
145.57,93315.86295620927
145.58,93315.47402674776
145.59,93316.58953014853
145.6,93316.78936885188
145.61,93319.42787939262
145.62,93318.47041209486
145.63,93320.12279801305
145.64000000000001,93320.37913825158
145.65,93321.37426617615
145.66,93322.6835890616
145.67000000000002,93323.40694543382
145.68,93322.85325335772
145.69,93325.05782250028
145.70000000000002,93325.87968518185
145.71,93322.84125863944
145.72,93324.23595749983
145.73,93326.04757938354
145.74,93326.0563170022
145.75,93327.42993782579
145.76,93327.54673985878
145.77,93329.83983755372
145.78,93328.68604268105
145.79,93330.42281306286
145.8,93330.00464861443
145.81,93331.90393705106
145.82,93332.79536759625
145.83,93332.72298567128
145.84,93333.04172746846
145.85,93333.73280979005
145.86,93335.48461142003
145.87,93334.42051195612
145.88,93337.3430681631
145.89000000000001,93337.47765861021
145.9,93336.4063857868
145.91,93336.76019237503
145.92000000000002,93339.6784334766
145.93,93338.57192222061
145.94,93340.79832402241
145.95000000000002,93342.87312875384
145.96,93341.18399054246
145.97,93342.57072276
145.98,93340.7403624501
145.99,93344.15183825907
146.0,93344.87346876162
146.01,93344.03635556539
146.02,93345.04913645997
146.03,93346.2087608719
146.04,93346.27792799279
146.05,93346.15336844453
146.06,93347.65485922951
146.07,93347.22361425108
146.08,93348.76323924979
146.09,93350.39330238706
146.1,93349.65309148925
146.11,93351.10849390976
146.12,93350.62717438024
146.13,93351.42971500414
146.14000000000001,93353.41847796067
146.15,93353.46001128254
146.16,93355.36212403943
146.17000000000002,93354.72618984328
146.18,93355.61859760674
146.19,93355.29697175225
146.20000000000002,93355.50189540007
146.21,93356.4974268043
146.22,93358.15287902273
146.23,93358.98404163918
146.24,93358.53314196164
146.25,93359.73321703375
146.26,93360.4972584676
146.27,93361.40338221344
146.28,93362.57980243304
146.29,93361.68231207873
146.3,93363.07188724026
146.31,93364.54296946224
146.32,93363.94986194104
146.33,93366.20148896115
146.34,93364.95317117196
146.35,93365.58130701266
146.36,93368.23609223645
146.37,93369.3503247296
146.38,93367.46321729552
146.39000000000001,93368.09292816104
146.4,93370.27047904534
146.41,93369.30511166631
146.42000000000002,93370.84273836583
146.43,93371.75949878687
146.44,93372.20603377443
146.45000000000002,93370.23393745389
146.46,93372.71232214847
146.47,93374.63657982355
146.48,93374.53063837194
146.49,93373.89192294492
146.5,93375.48579345763
146.51,93376.31257195985
146.52,93375.9679615508
146.53,93376.72584184812
146.54,93378.79194068017
146.55,93377.11019745508
146.56,93379.80088847222
146.57,93377.59022836333
146.58,93382.47876154314
146.59,93382.28513855071
146.6,93382.68173969994
146.61,93381.92910257031
146.62,93382.4894473503
146.63,93384.11573443728
146.64000000000001,93384.73624199793
146.65,93385.67677942125
146.66,93384.24432953469
146.67000000000002,93384.96228209746
146.68,93388.75307567492
146.69,93388.43132592904
146.70000000000002,93388.45510367677
146.71,93390.90786401725
146.72,93387.80164672181
146.73,93389.63387717782
146.74,93390.95178454198
146.75,93392.96870935848
146.76,93392.25054335267
146.77,93394.39442868497
146.78,93394.24721773449
146.79,93393.84398556253
146.8,93395.42981270984
146.81,93395.02118146738
146.82,93398.58282795093
146.83,93396.48828443229
146.84,93398.0377249403
146.85,93396.92021857419
146.86,93398.13776250991
146.87,93399.54915613015
146.88,93402.1631952568
146.89000000000001,93401.26055183355
146.9,93400.66766855305
146.91,93404.01390509403
146.92000000000002,93403.31265353566
146.93,93402.36950537277
146.94,93403.59519175987
146.95000000000002,93404.03602187264
146.96,93405.88426590878
146.97,93405.5326820712
146.98,93405.6339892938
146.99,93406.73158156543
147.0,93407.87600476299
147.01,93408.26623872285
147.02,93408.61498779952
147.03,93410.49773837643
147.04,93411.35432788606
147.05,93412.66943077672
147.06,93410.45587923992
147.07,93411.9715139316
147.08,93414.12388251802
147.09,93411.98462846587
147.1,93411.74919041994
147.11,93415.42330898288
147.12,93416.23201690677
147.13,93416.37964355452
147.14000000000001,93416.56514696493
147.15,93418.18740614252
147.16,93418.83446401003
147.17000000000002,93418.2215385847
147.18,93421.12067412146
147.19,93420.8234770245
147.20000000000002,93422.06720725435
147.21,93421.43981581806
147.22,93423.4122574033
147.23,93423.03462311195
147.24,93424.434454504
147.25,93423.68350942855
147.26,93424.93468591318
147.27,93424.27134663214
147.28,93426.68320129134
147.29,93424.27994595212
147.3,93425.7299365305
147.31,93425.75574281106
147.32,93427.60425425111
147.33,93429.13383323363
147.34,93429.91528043327
147.35,93431.51252813845
147.36,93431.58976463103
147.37,93430.9354633293
147.38,93432.321352324
147.39000000000001,93431.09873675433
147.4,93433.83142174757
147.41,93433.41995724561
147.42000000000002,93434.03742770525
147.43,93433.74524122129
147.44,93436.03442870188
147.45000000000002,93436.21964120149
147.46,93437.91382265839
147.47,93437.56717699593
147.48,93438.37394669755
147.49,93439.68423967772
147.5,93439.25053589485
147.51,93441.20489272698
147.52,93440.71936541656
147.53,93440.91884547121
147.54,93440.97317886072
147.55,93443.71114466549
147.56,93444.6582877968
147.57,93445.0726107483
147.58,93445.93150282811
147.59,93444.44125978576
147.6,93446.41069834407
147.61,93447.85264267103
147.62,93446.56723248537
147.63,93448.23454680575
147.64000000000001,93449.47813786998
147.65,93450.25543503946
147.66,93451.26759313975
147.67000000000002,93452.03797677689
147.68,93451.3792533069
147.69,93452.5712068347
147.70000000000002,93452.08554889911
147.71,93453.01519338289
147.72,93453.17911032481
147.73,93455.4068065057
147.74,93456.43228524821
147.75,93455.18644156623
147.76,93456.3466978266
147.77,93455.20346289917
147.78,93458.59421600787
147.79,93459.64878902886
147.8,93458.81347293066
147.81,93458.2854619386
147.82,93459.392441026
147.83,93461.33812593976
147.84,93461.01737191186
147.85,93461.5400847494
147.86,93461.91482330053
147.87,93462.42371120855
147.88,93466.20868373108
147.89000000000001,93465.58293781536
147.9,93466.00206045469
147.91,93466.4083569566
147.92000000000002,93468.68171361524
147.93,93466.47365430868
147.94,93469.42750395174
147.95000000000002,93469.98415527494
147.96,93469.91249374626
147.97,93470.70931175762
147.98,93469.48763158088
147.99,93471.26032327049
148.0,93472.301183579
148.01,93472.55422492698
148.02,93473.76177365168
148.03,93474.65481003503
148.04,93475.50740578292
148.05,93475.10866798772
148.06,93476.65466797841
148.07,93477.36389862222
148.08,93476.13645203967
148.09,93476.65726631193
148.1,93476.94148654367
148.11,93478.16888653196
148.12,93480.92852694292
148.13,93479.56255563864
148.14000000000001,93482.4403297265
148.15,93483.24034035919
148.16,93482.1203343861
148.17000000000002,93483.97768240805
148.18,93483.21431197577
148.19,93485.00750977675
148.20000000000002,93485.53155684551
148.21,93486.320314764
148.22,93485.80287932006
148.23,93487.00744681759
148.24,93486.53295978121
148.25,93487.83902302834
148.26,93488.0854556575
148.27,93489.09822398899
148.28,93488.68974483045
148.29,93490.38328753953
148.3,93491.24277415476
148.31,93490.53759066663
148.32,93492.55674314764
148.33,93494.61901647579
148.34,93492.3970986447
148.35,93494.3768841058
148.36,93494.63632963537
148.37,93494.98597674923
148.38,93496.26353074145
148.39000000000001,93497.39830280196
148.4,93498.11524021297
148.41,93497.8295295472
148.42000000000002,93500.66229956465
148.43,93498.72290170896
148.44,93499.7798180346
148.45000000000002,93502.04977121139
148.46,93500.53937757245
148.47,93500.98593128228
148.48,93503.71596932002
148.49,93501.50989296263
148.5,93504.71185363604
148.51,93506.3965075767
148.52,93505.28933285967
148.53,93506.5027130132
148.54,93508.84264075953
148.55,93505.17860030216
148.56,93507.93962146179
148.57,93509.82143559883
148.58,93510.42042095127
148.59,93510.54036209632
148.6,93510.17800233394
148.61,93509.34350079266
148.62,93512.05800656829
148.63,93513.42342441725
148.64000000000001,93512.93949806181
148.65,93513.36790031208
148.66,93515.54724747517
148.67000000000002,93514.75453497398
148.68,93516.9423867053
148.69,93515.53996575058
148.70000000000002,93518.19398507442
148.71,93517.76909423294
148.72,93518.72319803986
148.73,93518.41674332124
148.74,93519.71345984745
148.75,93520.40487875974
148.76,93520.74955505203
148.77,93521.74114972062
148.78,93521.6271759126
148.79,93522.24522122424
148.8,93523.415379632
148.81,93524.69330476501
148.82,93523.88095912724
148.83,93525.93815112257
148.84,93526.5572817819
148.85,93523.37693747184
148.86,93526.2525248458
148.87,93528.94339453691
148.88,93528.28877652665
148.89000000000001,93531.10375011642
148.9,93529.97844163832
148.91,93530.13617565256
148.92000000000002,93530.59736918745
148.93,93531.30707610797
148.94,93533.27387384606
148.95000000000002,93532.73306022117
148.96,93533.60849145359
148.97,93533.93146531092
148.98,93534.27240335282
148.99,93536.07050988778
149.0,93536.34216090376
149.01,93539.04049627377
149.02,93538.97349468921
149.03,93537.73010712031
149.04,93538.50984910961
149.05,93538.6943333586
149.06,93538.83525611891
149.07,93539.9549215954
149.08,93541.50574019329
149.09,93543.15839293641
149.1,93544.65511690763
149.11,93543.07034425605
149.12,93542.4705156414
149.13,93544.92880594275
149.14000000000001,93545.3248064408
149.15,93546.60366737953
149.16,93546.36855123746
149.17000000000002,93547.24944096344
149.18,93550.48807410352
149.19,93549.05480492178
149.20000000000002,93548.80427268097
149.21,93549.0566512081
149.22,93548.88032159362
149.23,93550.5791543533
149.24,93551.57294702757
149.25,93553.51933170483
149.26,93552.79819855232
149.27,93554.69228220712
149.28,93554.97643172136
149.29,93555.0091367694
149.3,93555.13961857013
149.31,93556.39500345029
149.32,93558.3768930273
149.33,93557.95162900555
149.34,93558.94643139691
149.35,93557.6161134858
149.36,93560.05597479262
149.37,93558.04888435596
149.38,93560.34524034568
149.39000000000001,93562.4192514495
149.4,93561.6143884257
149.41,93563.06156967186
149.42000000000002,93562.05858438885
149.43,93562.39067994192
149.44,93566.62966069975
149.45000000000002,93564.66049109196
149.46,93565.9959108992
149.47,93566.80315715134
149.48,93568.42950224144
149.49,93568.91356212403
149.5,93566.64670499593
149.51,93569.73368674496
149.52,93569.74658608667
149.53,93570.63308468557
149.54,93571.18004128951
149.55,93571.30383107669
149.56,93571.95124330079
149.57,93573.7101292939
149.58,93574.76343722218
149.59,93574.52969400247
149.6,93575.92536385117
149.61,93575.9930917159
149.62,93575.7461354564
149.63,93576.03444771492
149.64000000000001,93578.13183440726
149.65,93577.41084329273
149.66,93577.83611974922
149.67000000000002,93579.91149375189
149.68,93580.23104019223
149.69,93580.43440058225
149.70000000000002,93581.54999991311
149.71,93582.31029337384
149.72,93580.19535570849
149.73,93581.41995570374
149.74,93584.33782115248
149.75,93583.6691760559
149.76,93585.60085923203
149.77,93583.84366276141
149.78,93587.0013023216
149.79,93588.296128253
149.8,93588.27868769852
149.81,93587.2252396253
149.82,93589.23082420786
149.83,93588.60129334284
149.84,93591.12914799726
149.85,93592.16900362022
149.86,93591.00162942121
149.87,93592.09572510584
149.88,93594.14759272398
149.89000000000001,93594.46491432122
149.9,93595.08941585453
149.91,93594.92904086181
149.92000000000002,93594.78636695753
149.93,93597.2536377322
149.94,93595.60076280091
149.95000000000002,93596.97566770083
149.96,93597.36631001259
149.97,93599.16544643448
149.98,93598.48839185378
149.99,93599.31565301093
150.0,93602.03476311246
150.01,93600.89143486592
150.02,93602.84027620542
150.03,93602.67537708356
150.04,93603.00022617352
150.05,93605.27169138356
150.06,93603.67308181783
150.07,93604.74151261101
150.08,93606.58552352231
150.09,93606.10688452711
150.1,93608.92251469208
150.11,93608.00011524609
150.12,93608.08052610149
150.13,93607.33936017434
150.14000000000001,93609.44116616577
150.15,93610.35593545539
150.16,93612.08582426197
150.17000000000002,93612.28264666493
150.18,93612.15608894084
150.19,93613.59848756998
150.20000000000002,93613.96457270549
150.21,93613.81424252648
150.22,93614.6701781453
150.23,93613.91688941482
150.24,93616.05735587553
150.25,93615.9759860247
150.26,93618.83427746122
150.27,93618.23336061506
150.28,93618.93026668494
150.29,93617.37991418627
150.3,93621.16418977559
150.31,93620.45563355513
150.32,93621.27777710363
150.33,93621.16556135782
150.34,93621.05731795954
150.35,93623.78154482266
150.36,93623.67230112082
150.37,93624.69960846243
150.38,93624.64994296547
150.39000000000001,93626.68371541864
150.4,93625.52759489405
150.41,93626.24258279864
150.42000000000002,93627.48265566185
150.43,93628.56328115198
150.44,93629.10437817311
150.45000000000002,93630.04104081872
150.46,93629.92186838496
150.47,93632.40871277217
150.48,93630.58031790025
150.49,93630.68895022488
150.5,93633.84036624467
150.51,93632.75640203622
150.52,93634.1792752418
150.53,93635.41430758568
150.54,93634.84916766407
150.55,93635.3721913852
150.56,93637.25118545759
150.57,93638.03638969053
150.58,93637.51088101063
150.59,93638.17588797356
150.6,93639.77920879287
150.61,93640.58957801454
150.62,93638.92984952575
150.63,93641.08629842127
150.64000000000001,93641.68912473597
150.65,93642.29219168189
150.66,93643.96646288177
150.67000000000002,93641.72902702099
150.68,93644.66768654596
150.69,93645.1135851318
150.70000000000002,93644.952094322
150.71,93647.36087438709
150.72,93648.60458253155
150.73,93649.21138738486
150.74,93647.15566316685
150.75,93648.82233597529
150.76,93647.97959978033
150.77,93650.97751845018
150.78,93650.71048112788
150.79,93650.50231983245
150.8,93652.6957909347
150.81,93652.43230438909
150.82,93653.85861745235
150.83,93651.33355641078
150.84,93655.79701815026
150.85,93654.43199727837
150.86,93655.86959113959
150.87,93654.2672674127
150.88,93655.82885223188
150.89000000000001,93657.8317331676
150.9,93658.65306054859
150.91,93658.20772482584
150.92000000000002,93660.63552717281
150.93,93659.70254975652
150.94,93661.2610034599
150.95000000000002,93659.17552654141
150.96,93661.71405867655
150.97,93661.51205427486
150.98,93662.99846815104
150.99,93663.06757628903
151.0,93664.12153169759
151.01,93664.80906266953
151.02,93667.09848628865
151.03,93666.89323922583
151.04,93667.67084117419
151.05,93668.11631031177
151.06,93669.4613284032
151.07,93670.67734007494
151.08,93669.02312834735
151.09,93670.69111868212
151.1,93672.97432651691
151.11,93671.30905054994
151.12,93672.82506566796
151.13,93674.8742035376
151.14000000000001,93675.45481598157
151.15,93676.72287646846
151.16,93674.71426561134
151.17000000000002,93676.8618611662
151.18,93675.02298043967
151.19,93678.41970395498
151.20000000000002,93678.21594700564
151.21,93679.03647773725
151.22,93678.55636244408
151.23,93678.92247484665
151.24,93680.66208478136
151.25,93680.80673340714
151.26,93682.40256373442
151.27,93682.06160662105
151.28,93683.10445748952
151.29,93683.86849538276
151.3,93684.14612928138
151.31,93685.09479340767
151.32,93684.71944071542
151.33,93686.00004446931
151.34,93685.2217054141
151.35,93686.18671101487
151.36,93686.7732848205
151.37,93688.88357479636
151.38,93691.41761432076
151.39000000000001,93689.25722639149
151.4,93691.4609081756
151.41,93689.64640726896
151.42000000000002,93692.59851133073
151.43,93692.63166089173
151.44,93693.36135705163
151.45000000000002,93691.72030018059
151.46,93692.27238933538
151.47,93694.24277752357
151.48,93695.40195998616
151.49,93696.98376737244
151.5,93697.99736853791
151.51,93698.31255044702
151.52,93699.20608531054
151.53,93699.72649578257
151.54,93700.65702730797
151.55,93698.56371013245
151.56,93700.60726710131
151.57,93699.9573876379
151.58,93702.00611518076
151.59,93702.49767547748
151.6,93704.9606302249
151.61,93703.69679786652
151.62,93702.69829747225
151.63,93705.8561783001
151.64000000000001,93705.97567014738
151.65,93706.05271996613
151.66,93707.62223663286
151.67000000000002,93708.77368756707
151.68,93710.608059467
151.69,93709.36772849038
151.70000000000002,93710.8088939924
151.71,93709.23854859869
151.72,93709.89043622425
151.73,93710.2741335831
151.74,93712.9275016151
151.75,93712.61836001459
151.76,93711.62111835489
151.77,93714.3395300413
151.78,93713.45709697113
151.79,93715.8981395014
151.8,93716.7520674337
151.81,93716.91169409729
151.82,93719.22421870234
151.83,93717.66982248845
151.84,93718.22987845489
151.85,93718.02651314274
151.86,93721.1505506323
151.87,93721.03777439416
151.88,93721.74883285633
151.89000000000001,93722.51296849072
151.9,93722.11935045375
151.91,93723.03584678312
151.92000000000002,93723.47802066607
151.93,93724.31320408167
151.94,93725.1086843938
151.95000000000002,93727.03621418533
151.96,93724.77696399494
151.97,93728.56022315216
151.98,93728.90322877803
151.99,93727.08041303026
152.0,93729.5042404016
152.01,93730.10866875312
152.02,93730.56707047505
152.03,93731.64836208732
152.04,93732.24920543488
152.05,93730.62350784997
152.06,93733.56934872644
152.07,93733.64045519358
152.08,93734.28069172369
152.09,93736.1934181402
152.1,93735.36715051404
152.11,93735.12620896065
152.12,93737.10602768151
152.13,93738.75694305214
152.14000000000001,93737.81652068537
152.15,93738.7306791247
152.16,93741.17305515172
152.17000000000002,93739.75018649691
152.18,93740.73433147997
152.19,93741.87594668068
152.20000000000002,93740.84956831638
152.21,93741.93238236656
152.22,93743.83477080498
152.23,93742.40851973223
152.24,93744.76246206205
152.25,93747.50659664384
152.26,93746.55701132613
152.27,93748.11702513215
152.28,93747.87803205104
152.29,93746.92310991211
152.3,93749.84238936852
152.31,93748.68741195966
152.32,93749.54890828783
152.33,93747.5977421885
152.34,93752.09738647252
152.35,93751.2267464474
152.36,93751.53546255176
152.37,93751.46174101597
152.38,93752.5415736222
152.39000000000001,93753.24955426964
152.4,93755.06568984325
152.41,93756.00387979348
152.42000000000002,93755.81543007711
152.43,93755.9868399079
152.44,93757.17890264076
152.45000000000002,93757.98542724481
152.46,93759.99319552735
152.47,93760.7424225317
152.48,93760.4013941296
152.49,93761.50268514967
152.5,93761.1148612892
152.51,93759.90195406013
152.52,93762.32420152727
152.53,93763.27028916846
152.54,93762.83779005463
152.55,93766.0370564169
152.56,93765.01186299106
152.57,93764.9930686322
152.58,93765.30755053188
152.59,93765.58503951564
152.6,93766.39376932353
152.61,93768.79725745949
152.62,93770.05103013299
152.63,93770.13724133658
152.64000000000001,93770.44577856154
152.65,93770.97344006361
152.66,93770.45917906336
152.67000000000002,93773.14741181461
152.68,93772.36138836341
152.69,93775.64957991849
152.70000000000002,93772.52215603481
152.71,93775.98664548759
152.72,93777.21377406846
152.73,93775.88601061182
152.74,93777.2674424792
152.75,93777.28740202916
152.76,93778.9211328636
152.77,93778.84883995612
152.78,93779.21571611274
152.79,93781.07744342943
152.8,93782.17547083834
152.81,93779.80139358882
152.82,93781.4670820213
152.83,93782.48934866668
152.84,93782.7627885737
152.85,93785.61717237873
152.86,93785.16008635696
152.87,93786.54421119859
152.88,93785.76537916942
152.89000000000001,93786.55454768364
152.9,93787.74872930007
152.91,93786.69140952235
152.92000000000002,93788.8442333776
152.93,93789.08022558903
152.94,93791.37297928255
152.95000000000002,93789.60653427556
152.96,93791.9724510029
152.97,93792.85344125348
152.98,93792.13914910186
152.99,93792.08415817736
153.0,93792.5749064599
153.01,93794.1231356361
153.02,93792.9053405434
153.03,93796.33299362402
153.04,93795.43860891317
153.05,93797.54485858575
153.06,93797.16975170578
153.07,93799.01083679055
153.08,93797.57272171587
153.09,93799.1219560987
153.1,93801.36525274585
153.11,93799.66074867197
153.12,93800.69184449987
153.13,93802.7723450671
153.14000000000001,93803.0561823037
153.15,93802.91423708024
153.16,93804.0024792896
153.17000000000002,93803.33273940302
153.18,93806.15518132478
153.19,93806.93198976142
153.20000000000002,93805.66627975489
153.21,93806.874562072
153.22,93807.01919003054
153.23,93810.26011671335
153.24,93810.5492427184
153.25,93809.08905377385
153.26,93810.00517484357
153.27,93811.70645966157
153.28,93811.95006851666
153.29,93811.90213186562
153.3,93812.9376132073
153.31,93814.06519153401
153.32,93814.01482427988
153.33,93816.026937373
153.34,93815.61036704708
153.35,93815.95663763047
153.36,93818.23887200613
153.37,93816.93063881333
153.38,93817.85099176281
153.39000000000001,93819.03070728133
153.4,93820.41763999111
153.41,93818.11308365506
153.42000000000002,93820.70642574372
153.43,93820.50349801069
153.44,93821.48063008052
153.45000000000002,93822.00559855686
153.46,93823.98578944725
153.47,93824.0755053147
153.48,93825.55170753723
153.49,93826.52519770303
153.5,93824.67072292561
153.51,93827.00946877725
153.52,93827.96765937317
153.53,93827.66698632632
153.54,93827.77440662608
153.55,93829.27398340066
153.56,93829.97125654618
153.57,93830.85061402527
153.58,93831.3175026893
153.59,93831.41351373188
153.6,93831.50930881509
153.61,93833.75811409658
153.62,93831.06911650946
153.63,93831.9007345352
153.64000000000001,93834.42771968644
153.65,93834.5119563923
153.66,93836.03551829385
153.67000000000002,93836.54837219905
153.68,93835.80371843681
153.69,93838.27735915605
153.70000000000002,93839.47129637528
153.71,93839.24131742693
153.72,93838.86815275927
153.73,93840.98017842336
153.74,93840.9580226262
153.75,93841.20998894225
153.76,93841.5259846189
153.77,93842.62493985523
153.78,93844.65534395842
153.79,93844.2934026426
153.8,93843.6250346021
153.81,93846.14846868538
153.82,93847.4301741973
153.83,93847.23112503302
153.84,93846.60361682477
153.85,93849.60673435174
153.86,93848.88355674729
153.87,93848.39378512975
153.88,93850.78671769385
153.89000000000001,93848.9189827
153.9,93850.7762426938
153.91,93851.8015312743
153.92000000000002,93852.25109032892
153.93,93854.59939923648
153.94,93853.59853680234
153.95000000000002,93855.24541862425
153.96,93854.31956445835
153.97,93854.79442869549
153.98,93857.57309104879
153.99,93856.30324598752
154.0,93858.8593170777
154.01,93858.68450774979
154.02,93861.0892436755
154.03,93860.78903833035
154.04,93859.96235076696
154.05,93860.99674184533
154.06,93861.57935618305
154.07,93863.49983649283
154.08,93861.08322933182
154.09,93864.20553179375
154.1,93864.96107936652
154.11,93866.04402271537
154.12,93865.89548070502
154.13,93867.08650139917
154.14000000000001,93866.96496579121
154.15,93868.91976180345
154.16,93867.60750624508
154.17000000000002,93867.35661066827
154.18,93868.60249357983
154.19,93869.63199541967
154.20000000000002,93872.19601165823
154.21,93870.57885994094
154.22,93875.03910644265
154.23,93873.07132876286
154.24,93873.35918112191
154.25,93873.6407011329
154.26,93876.23709401682
154.27,93875.30945770392
154.28,93875.29861206847
154.29,93876.19599926512
154.3,93876.64982996437
154.31,93878.32092892769
154.32,93879.20156603602
154.33,93880.24135350614
154.34,93880.03907552762
154.35,93880.73930672479
154.36,93881.41212334498
154.37,93881.56144564421
154.38,93881.4097728577
154.39000000000001,93884.53929449257
154.4,93884.29880782394
154.41,93885.06582742125
154.42000000000002,93884.83542145463
154.43,93883.04552457704
154.44,93886.59322444687
154.45000000000002,93887.14851689161
154.46,93885.48124712666
154.47,93887.27550469337
154.48,93889.24838433813
154.49,93889.19190820826
154.5,93889.19769781051
154.51,93890.14377644841
154.52,93891.40076621641
154.53,93891.04673297024
154.54,93891.3682961687
154.55,93894.80997381688
154.56,93893.04730636865
154.57,93895.07833397099
154.58,93896.48861622713
154.59,93896.4931850662
154.6,93895.44074089795
154.61,93896.7888869572
154.62,93897.11306886167
154.63,93896.05909024885
154.64000000000001,93898.48134427762
154.65,93900.89851470024
154.66,93899.75579626167
154.67000000000002,93901.89943929872
154.68,93901.63776256578
154.69,93901.80063188473
154.70000000000002,93902.97967986064
154.71,93904.74266225805
154.72,93903.58218878834
154.73,93906.885643176
154.74,93905.70308741987
154.75,93905.04106799138
154.76,93906.23860461198
154.77,93907.1562870281
154.78,93908.48944350917
154.79,93909.64595800838
154.8,93911.15947738613
154.81,93910.73313731347
154.82,93910.01994107949
154.83,93911.19255750363
154.84,93913.12360842591
154.85,93912.23075184127
154.86,93914.11901042385
154.87,93914.39493799266
154.88,93914.63867123557
154.89000000000001,93915.92831348366
154.9,93916.43744745258
154.91,93917.73923794807
154.92000000000002,93917.38897817001
154.93,93917.02462698016
154.94,93920.05485225712
154.95000000000002,93916.66754119666
154.96,93918.33724316055
154.97,93920.60024135518
154.98,93921.80023769852
154.99,93923.06400666089
155.0,93921.69040779887
155.01,93921.73626070574
155.02,93922.4519523457
155.03,93923.86058422206
155.04,93925.95767584226
155.05,93925.1766842752
155.06,93928.38428215479
155.07,93928.62402300116
155.08,93927.0840138504
155.09,93925.46564670742
155.1,93927.35591154688
155.11,93927.44874507247
155.12,93930.14685044714
155.13,93929.73722897866
155.14000000000001,93930.40663985202
155.15,93930.5851464473
155.16,93931.68000996942
155.17000000000002,93932.86127238354
155.18,93933.38115072368
155.19,93932.44207968125
155.20000000000002,93935.02675878361
155.21,93935.71195915254
155.22,93937.34558562303
155.23,93937.09897507934
155.24,93939.73938180145
155.25,93937.11554087263
155.26,93940.88325197701
155.27,93939.72263190163
155.28,93940.70129158521
155.29,93939.74162508557
155.3,93941.7569399245
155.31,93941.51835471354
155.32,93943.42549583074
155.33,93944.33603645161
155.34,93942.14224088175
155.35,93945.75795503038
155.36,93945.1378347286
155.37,93945.58196841927
155.38,93947.55547437773
155.39000000000001,93946.32409850035
155.4,93948.43270627571
155.41,93948.2295038206
155.42000000000002,93949.75322192948
155.43,93947.65425855004
155.44,93948.99248117443
155.45000000000002,93952.55920901995
155.46,93952.90143917744
155.47,93953.1600564296
155.48,93953.74825818541
155.49,93953.40648132397
155.5,93955.00073684593
155.51,93955.31524638824
155.52,93955.31672301136
155.53,93957.2628967834
155.54,93955.71116164276
155.55,93957.58371588196
155.56,93957.97798502755
155.57,93958.03444089949
155.58,93958.85513252916
155.59,93959.92256740155
155.6,93961.04275184752
155.61,93961.08820349064
155.62,93960.17903900433
155.63,93961.8955816765
155.64000000000001,93961.91464856095
155.65,93962.98538181765
155.66,93964.6856104893
155.67000000000002,93965.73673962076
155.68,93963.40527351438
155.69,93964.64846094127
155.70000000000002,93967.56344281629
155.71,93967.6396338391
155.72,93968.93778885966
155.73,93967.96286195623
155.74,93970.99791924053
155.75,93971.36806004627
155.76,93971.34866711755
155.77,93970.43486082807
155.78,93971.38725290049
155.79,93971.2750778623
155.8,93974.3862563468
155.81,93975.68647890813
155.82,93974.26209087798
155.83,93976.11967471296
155.84,93975.74426475732
155.85,93978.32448469622
155.86,93977.3913644523
155.87,93977.71008097932
155.88,93978.99890824138
155.89000000000001,93979.58167183974
155.9,93980.97727633292
155.91,93980.77480711469
155.92000000000002,93982.32608585771
155.93,93983.93358992528
155.94,93982.84877706741
155.95000000000002,93982.29400340222
155.96,93984.28063579118
155.97,93985.89824615286
155.98,93985.34319332536
155.99,93984.72165837583
156.0,93986.64007474974
156.01,93987.37370722395
156.02,93986.63040338148
156.03,93987.92852770504
156.04,93990.26247479579
156.05,93988.08228472933
156.06,93991.08351070009
156.07,93992.2551322107
156.08,93992.15827745192
156.09,93990.99231755717
156.1,93994.34826400963
156.11,93994.31853694093
156.12,93994.91398971617
156.13,93994.5918266672
156.14000000000001,93996.08083885147
156.15,93994.78242558481
156.16,93997.3913498362
156.17000000000002,93998.48323641134
156.18,93997.55500790408
156.19,93999.06953274683
156.20000000000002,93999.33773546187
156.21,93999.70571754436
156.22,94001.74520152665
156.23,94001.39562118665
156.24,94001.23479238297
156.25,94003.20868820856
156.26,94004.9438817147
156.27,94004.3123788988
156.28,94003.75033149765
156.29,94003.77105232273
156.3,94005.18850315498
156.31,94004.51649413737
156.32,94005.80113280624
156.33,94007.97638779768
156.34,94009.4973601162
156.35,94010.18155049336
156.36,94009.34208140738
156.37,94010.22944552301
156.38,94009.66602801677
156.39000000000001,94012.75564564763
156.4,94013.08370422803
156.41,94012.57709195164
156.42000000000002,94014.15793127441
156.43,94012.7527187546
156.44,94016.21518603721
156.45000000000002,94015.40277053714
156.46,94014.53612890064
156.47,94016.58027792242
156.48,94016.79301631887
156.49,94018.49395072596
156.5,94018.37715246143
156.51,94020.10959582284
156.52,94019.56545671046
156.53,94022.292540008
156.54,94021.60690539444
156.55,94022.76701595224
156.56,94021.8610449485
156.57,94022.81259441667
156.58,94023.51487061914
156.59,94023.35512032703
156.6,94026.09721603566
156.61,94025.3847742205
156.62,94024.24108643137
156.63,94026.43423929824
156.64000000000001,94028.13959641794
156.65,94029.23785396307
156.66,94028.63369056482
156.67000000000002,94029.44836402027
156.68,94030.80541735508
156.69,94031.1280090314
156.70000000000002,94029.93805082157
156.71,94033.29020274202
156.72,94035.06774373447
156.73,94032.78124107738
156.74,94030.65004279873
156.75,94035.90534193975
156.76,94034.20883705023
156.77,94036.99986030038
156.78,94035.9990396186
156.79,94039.43512965814
156.8,94039.7537481994
156.81,94036.05183429595
156.82,94040.13279885211
156.83,94040.88653196777
156.84,94038.30384286157
156.85,94040.77619093351
156.86,94041.09044115846
156.87,94040.73673731179
156.88,94043.9575313761
156.89000000000001,94045.02145603373
156.9,94045.42459714817
156.91,94045.43802289272
156.92000000000002,94045.77764053374
156.93,94047.3927438752
156.94,94046.70009544125
156.95000000000002,94047.1657858164
156.96,94048.67083399084
156.97,94048.36580236291
156.98,94049.7871835961
156.99,94051.32419446605
157.0,94051.22727952141
157.01,94051.90840344381
157.02,94053.18536330275
157.03,94053.02793636238
157.04,94053.71051917245
157.05,94054.4835167806
157.06,94053.53263837886
157.07,94055.90704882811
157.08,94054.6475186388
157.09,94055.97915420853
157.1,94057.84995589468
157.11,94056.38793073299
157.12,94060.36616243924
157.13,94058.80201615718
157.14000000000001,94060.4302367238
157.15,94060.77105010564
157.16,94060.65322815366
157.17000000000002,94061.32505192429
157.18,94060.63296310308
157.19,94062.06835812227
157.20000000000002,94062.00739056322
157.21,94065.09029303533
157.22,94063.65798272764
157.23,94065.64232366784
157.24,94065.23422976474
157.25,94064.96754145277
157.26,94068.40671944308
157.27,94069.0008367783
157.28,94068.15121176862
157.29,94070.57215503814
157.3,94071.58063410009
157.31,94069.83999141208
157.32,94073.01294546037
157.33,94070.59852926501
157.34,94072.17046477798
157.35,94075.2006332113
157.36,94073.20598740631
157.37,94072.69620977296
157.38,94076.49005124986
157.39000000000001,94075.38631640271
157.4,94076.17716096352
157.41,94075.64665638296
157.42000000000002,94077.86268280544
157.43,94076.86269371939
157.44,94080.06204812479
157.45000000000002,94079.5860302969
157.46,94081.28237425476
157.47,94081.358215598
157.48,94080.09302428176
157.49,94082.7171634315
157.5,94083.13094073803
157.51,94085.7837457399
157.52,94085.17258285389
157.53,94085.82557115656
157.54,94086.43090303146
157.55,94085.73418482057
157.56,94086.89335550189
157.57,94087.40543595664
157.58,94088.10286248128
157.59,94089.67187753982
157.6,94090.53670234975
157.61,94089.91660460156
157.62,94089.82064008682
157.63,94090.37633667601
157.64000000000001,94093.90093629692
157.65,94093.59014866101
157.66,94094.37009779298
157.67000000000002,94096.03097238514
157.68,94094.40844942394
157.69,94094.5146015233
157.70000000000002,94097.81956876286
157.71,94097.46672899002
157.72,94097.2754732512
157.73,94097.89618350177
157.74,94096.13898192006
157.75,94099.86468132815
157.76,94099.34181134128
157.77,94100.24062073341
157.78,94102.79891699506
157.79,94102.19713394975
157.8,94102.84872366021
157.81,94104.13825148423
157.82,94104.94718731799
157.83,94103.15992014659
157.84,94105.1212074342
157.85,94105.40914210884
157.86,94106.17715900176
157.87,94104.87935125922
157.88,94107.28112154937
157.89000000000001,94107.5519491009
157.9,94108.78282591373
157.91,94109.08183431253
157.92000000000002,94110.93973446482
157.93,94109.13959795513
157.94,94110.61709831285
157.95000000000002,94110.39197468554
157.96,94113.13932679857
157.97,94114.5836736224
157.98,94114.53996988015
157.99,94115.07457501348
158.0,94116.8115246993
158.01,94115.71002843621
158.02,94117.05511828754
158.03,94117.05665160045
158.04,94118.4140687662
158.05,94117.8956770638
158.06,94120.42741949043
158.07,94119.80772144269
158.08,94120.49958743421
158.09,94123.41122491722
158.1,94120.5674206437
158.11,94122.04212814434
158.12,94124.11606397694
158.13,94123.73444085335
158.14000000000001,94125.02053243818
158.15,94122.5771294174
158.16,94126.18443290005
158.17000000000002,94126.12968791745
158.18,94126.63337615276
158.19,94126.19087332956
158.20000000000002,94128.69304067193
158.21,94130.36578056014
158.22,94129.28725139351
158.23,94131.74817060985
158.24,94130.30149455999
158.25,94130.08075907285
158.26,94130.65155480329
158.27,94134.40683084622
158.28,94133.45309311176
158.29,94133.60054879403
158.3,94135.85963639499
158.31,94135.10211288738
158.32,94136.93701243718
158.33,94137.14472894315
158.34,94135.72373785928
158.35,94138.8261322993
158.36,94139.68777700148
158.37,94139.85315662151
158.38,94140.71568822445
158.39000000000001,94140.04376910295
158.4,94141.51775583866
158.41,94142.23024838655
158.42000000000002,94142.30812686916
158.43,94143.00740945003
158.44,94144.22959543331
158.45000000000002,94145.18671583892
158.46,94145.07463243984
158.47,94146.37133515906
158.48,94146.60159055595
158.49,94145.25717629548
158.5,94148.65043034639
158.51,94148.5158090739
158.52,94149.82808097197
158.53,94148.88123707958
158.54,94149.03229155554
158.55,94150.6537939078
158.56,94151.51589039846
158.57,94149.70004314948
158.58,94152.31558934641
158.59,94153.45899257544
158.6,94154.75247297379
158.61,94154.61750502947
158.62,94156.17337263713
158.63,94156.26535466539
158.64000000000001,94156.51533062207
158.65,94157.40069568153
158.66,94158.30954618029
158.67000000000002,94157.47688493392
158.68,94159.20193327827
158.69,94159.79451648262
158.70000000000002,94161.4498897084
158.71,94161.38374138948
158.72,94161.74215269329
158.73,94163.61633894482
158.74,94162.0535246137
158.75,94162.26252472421
158.76,94164.08155657738
158.77,94166.31371632316
158.78,94164.96858907674
158.79,94166.66159014501
158.8,94167.65131361937
158.81,94166.1590939131
158.82,94168.54294110139
158.83,94168.92154863247
158.84,94168.46480526321
158.85,94170.74289641758
158.86,94171.06210340795
158.87,94170.7780080154
158.88,94171.73075502882
158.89000000000001,94171.76439185653
158.9,94171.7310638549
158.91,94173.34767757692
158.92000000000002,94175.7349401843
158.93,94173.91227223218
158.94,94173.175224161
158.95000000000002,94176.44528518672
158.96,94176.90519417629
158.97,94177.71580840365
158.98,94179.82706949943
158.99,94179.60009116867
159.0,94180.33513569928
159.01,94180.2553291419
159.02,94182.75820406851
159.03,94183.62724575646
159.04,94180.51068385426
159.05,94182.53031234049
159.06,94183.47275121568
159.07,94185.1277116762
159.08,94185.40617306993
159.09,94186.30592739044
159.1,94185.90074011867
159.11,94187.30343122818
159.12,94187.50182313043
159.13,94191.5703539086
159.14000000000001,94188.52906382419
159.15,94192.29005733416
159.16,94190.35148807346
159.17000000000002,94191.76178133144
159.18,94191.95556789551
159.19,94192.77696152382
159.20000000000002,94192.6221330673
159.21,94191.54093380361
159.22,94194.26161171896
159.23,94195.71779836985
159.24,94196.95706524131
159.25,94195.1567672209
159.26,94195.47268791225
159.27,94198.15339121778
159.28,94197.13099499328
159.29,94197.75218398495
159.3,94198.56028230682
159.31,94198.81512756071
159.32,94199.65439877611
159.33,94201.05776397762
159.34,94201.43469564813
159.35,94201.44171210873
159.36,94201.69347203342
159.37,94203.55732251897
159.38,94205.9366109989
159.39000000000001,94207.01257445382
159.4,94204.59979750785
159.41,94206.61260822428
159.42000000000002,94207.95138357494
159.43,94207.10087753809
159.44,94208.90280850262
159.45000000000002,94208.76225882139
159.46,94208.45440621258
159.47,94210.51671666875
159.48,94210.29746799187
159.49,94212.65381861349
159.5,94211.9497913681
159.51,94213.41798918661
159.52,94212.45002870943
159.53,94212.34265522017
159.54,94213.8480654462
159.55,94215.86101062565
159.56,94214.34885101083
159.57,94217.0331802433
159.58,94216.13958707023
159.59,94216.81028741998
159.6,94218.41893916063
159.61,94219.96769193257
159.62,94220.00812137044
159.63,94218.50233387417
159.64000000000001,94218.22835711837
159.65,94220.36820376826
159.66,94222.33115061843
159.67000000000002,94224.36639733276
159.68,94222.34104435354
159.69,94225.5314969097
159.70000000000002,94224.11767303635
159.71,94226.79023455965
159.72,94225.95495937715
159.73,94228.01775396796
159.74,94227.058439584
159.75,94227.49965871738
159.76,94229.50392830165
159.77,94228.79528166905
159.78,94230.36931841073
159.79,94230.9460632689
159.8,94229.96738542983
159.81,94233.01592369493
159.82,94233.23422489395
159.83,94233.09731891476
159.84,94233.90127619547
159.85,94235.86396684848
159.86,94234.98410475477
159.87,94234.63197436788
159.88,94233.94264561876
159.89000000000001,94235.79279246998
159.9,94239.78624805412
159.91,94236.60468107805
159.92000000000002,94239.33409255
159.93,94240.85501421509
159.94,94240.68959044102
159.95000000000002,94241.84592054665
159.96,94241.31106609291
159.97,94244.42808241234
159.98,94243.23267090836
159.99,94243.15607852995
160.0,94245.65825487848
160.01,94245.56697548769
160.02,94244.99702646185
160.03,94246.53507666104
160.04,94246.39912137325
160.05,94247.61939598912
160.06,94248.35835639488
160.07,94249.38494546688
160.08,94248.57977311742
160.09,94249.23194525854
160.1,94249.82104900308
160.11,94251.4518378657
160.12,94249.97426262386
160.13,94252.82037335177
160.14000000000001,94252.51917528128
160.15,94253.32388482575
160.16,94254.1382430879
160.17000000000002,94255.23844140045
160.18,94257.05139537482
160.19,94257.21569557794
160.20000000000002,94256.56524762747
160.21,94256.13980499936
160.22,94259.35665377998
160.23,94259.91871629485
160.24,94259.8011486539
160.25,94261.6404128874
160.26,94260.15475259315
160.27,94261.18418422331
160.28,94261.81626723292
160.29,94262.54241288257
160.3,94264.76055983308
160.31,94265.0279306076
160.32,94265.27086891128
160.33,94265.03519854111
160.34,94264.2041938986
160.35,94267.86799980782
160.36,94268.81067434669
160.37,94269.07924986996
160.38,94269.55887849758
160.39000000000001,94269.98558402158
160.4,94270.78989137213
160.41,94270.38192316068
160.42000000000002,94272.64771890083
160.43,94272.83917727174
160.44,94271.97267128584
160.45000000000002,94274.24806831371
160.46,94273.74592070431
160.47,94274.46151717276
160.48,94275.50973585196
160.49,94276.1761248025
160.5,94276.0544064959
160.51,94278.88308301485
160.52,94277.1875700975
160.53,94279.3395472098
160.54,94279.52505129272
160.55,94277.63366618025
160.56,94279.21885908746
160.57,94282.59927669808
160.58,94280.68167908501
160.59,94281.64839288141
160.6,94282.94095647351
160.61,94283.79246262948
160.62,94283.80341437097
160.63,94282.94606373562
160.64000000000001,94286.88832363348
160.65,94285.23905156286
160.66,94287.39841672298
160.67000000000002,94288.1045772227
160.68,94287.77325058368
160.69,94287.60701520513
160.70000000000002,94289.58148095805
160.71,94289.96378316992
160.72,94290.82097072345
160.73,94291.69581392428
160.74,94291.2072660186
160.75,94292.84442094195
160.76,94292.34893018668
160.77,94293.29939539262
160.78,94294.58796608556
160.79,94294.83401818422
160.8,94294.65945711113
160.81,94296.72847680909
160.82,94297.70865979485
160.83,94296.92281357988
160.84,94297.11351867818
160.85,94297.42273102471
160.86,94300.89976371724
160.87,94300.4997386247
160.88,94300.7459494219
160.89000000000001,94301.62158866599
160.9,94301.79479285449
160.91,94302.05303300939
160.92000000000002,94303.47008918662
160.93,94303.9471267895
160.94,94304.00522353774
160.95000000000002,94305.3122208057
160.96,94306.9148620307
160.97,94305.47568593656
160.98,94307.34492208334
160.99,94309.4982689198
161.0,94309.1086557417
161.01,94308.82879905109
161.02,94309.58773538674
161.03,94310.58912472196
161.04,94310.59894858289
161.05,94311.40806448988
161.06,94314.18004547324
161.07,94311.66876630367
161.08,94314.38897532053
161.09,94313.33801490738
161.1,94316.65614451749
161.11,94316.66092845699
161.12,94315.92491989787
161.13,94317.71220888263
161.14000000000001,94315.26000632197
161.15,94318.58937812698
161.16,94318.37236593459
161.17000000000002,94319.57842825884
161.18,94321.6367184827
161.19,94319.83320393701
161.20000000000002,94322.11013340714
161.21,94322.59816101824
161.22,94321.89232508649
161.23,94322.85791781134
161.24,94323.56995096261
161.25,94324.24748344083
161.26,94325.49419787257
161.27,94326.77728630585
161.28,94326.21791169001
161.29,94326.54065715894
161.3,94327.8819951565
161.31,94331.3397516827
161.32,94329.04599403568
161.33,94329.27930853695
161.34,94329.64441661762
161.35,94330.03719282075
161.36,94332.78623669667
161.37,94332.62154694393
161.38,94331.261707223
161.39000000000001,94334.77693647699
161.4,94335.01987636628
161.41,94333.96835592073
161.42000000000002,94335.92267303601
161.43,94334.32204760682
161.44,94337.44405306346
161.45000000000002,94338.21413323608
161.46,94337.747191737
161.47,94338.64840839493
161.48,94338.64877919908
161.49,94338.91308565822
161.5,94341.35701433523
161.51,94342.86372732469
161.52,94341.8796843641
161.53,94342.35295792711
161.54,94342.96284422415
161.55,94345.41194242728
161.56,94344.07084205466
161.57,94346.80058289674
161.58,94345.81807871399
161.59,94345.51721229177
161.6,94346.8596190371
161.61,94348.15228311758
161.62,94349.32604892578
161.63,94351.77290242125
161.64000000000001,94349.52756454225
161.65,94350.82796856281
161.66,94352.46550595733
161.67000000000002,94351.50820843838
161.68,94352.61900220088
161.69,94352.04046212924
161.70000000000002,94354.05824119969
161.71,94353.40161637463
161.72,94356.55161748493
161.73,94354.51432452444
161.74,94356.0741908663
161.75,94357.38871437639
161.76,94356.20479810175
161.77,94358.66341864385
161.78,94360.01057048752
161.79,94359.77843570051
161.8,94358.74115558773
161.81,94362.07361275735
161.82,94361.72642099035
161.83,94361.09133104894
161.84,94362.44849797462
161.85,94363.1737773575
161.86,94363.44006636264
161.87,94365.3143565674
161.88,94363.9458152345
161.89000000000001,94367.20059908667
161.9,94366.86141019296
161.91,94366.9002170825
161.92000000000002,94367.37227871071
161.93,94367.34717804642
161.94,94368.27884775592
161.95000000000002,94370.36354286483
161.96,94370.43334982163
161.97,94370.95192897334
161.98,94371.33761961598
161.99,94373.14217857564
162.0,94372.05923441901
162.01,94372.87770291511
162.02,94375.89280145228
162.03,94376.15733286645
162.04,94375.15770267165
162.05,94375.41245404712
162.06,94375.34015727235
162.07,94379.0272340433
162.08,94377.2227945688
162.09,94379.74495796693
162.1,94378.28173233342
162.11,94378.52777245751
162.12,94378.74934117089
162.13,94379.64143743765
162.14000000000001,94382.34354310982
162.15,94381.12046261072
162.16,94382.34832696915
162.17000000000002,94382.91717374312
162.18,94384.67600875592
162.19,94385.58766538808
162.20000000000002,94384.8538055251
162.21,94388.91192956272
162.22,94386.16121305221
162.23,94389.0428145809
162.24,94387.06374556062
162.25,94389.75026552365
162.26,94390.00265259555
162.27,94391.65416006654
162.28,94390.36454618686
162.29,94392.89864623005
162.3,94393.24426051287
162.31,94394.24211764116
162.32,94393.65696349241
162.33,94393.50848953481
162.34,94395.94008781455
162.35,94395.52695179904
162.36,94396.7852295047
162.37,94396.92993913073
162.38,94396.59726082005
162.39000000000001,94397.55253387666
162.4,94398.11535947374
162.41,94398.90412076803
162.42000000000002,94399.48098257597
162.43,94398.8530363068
162.44,94402.44029910475
162.45000000000002,94402.19026296466
162.46,94402.20378091153
162.47,94401.94757724571
162.48,94404.44931009774
162.49,94405.01505139998
162.5,94406.13931008171
162.51,94405.238672761
162.52,94406.24402332278
162.53,94407.31387155186
162.54,94408.21537990411
162.55,94408.46744084812
162.56,94409.74308644293
162.57,94409.45719490823
162.58,94408.29729029209
162.59,94412.0022508663
162.6,94412.52834413145
162.61,94411.26155972425
162.62,94412.5419464308
162.63,94412.43764139616
162.64000000000001,94413.95739912277
162.65,94412.64588018904
162.66,94415.87177621362
162.67000000000002,94416.5172127761
162.68,94415.06901830215
162.69,94417.87213040995
162.70000000000002,94418.15870542564
162.71,94420.23477230355
162.72,94418.26789354236
162.73,94419.62640304746
162.74,94420.43900603069
162.75,94422.19756548679
162.76,94419.73319262588
162.77,94423.60244685532
162.78,94422.88509378121
162.79,94423.4166537093
162.8,94425.45682294949
162.81,94425.8107822199
162.82,94425.3768175716
162.83,94427.00426649927
162.84,94429.94666907298
162.85,94427.15120846417
162.86,94429.21988946617
162.87,94427.838542271
162.88,94428.00468947779
162.89000000000001,94429.78407707314
162.9,94430.08443583421
162.91,94433.00913466846
162.92000000000002,94433.04905710531
162.93,94432.12175771079
162.94,94432.69338071517
162.95000000000002,94435.10012670062
162.96,94435.52142676864
162.97,94435.80338367831
162.98,94436.15888016595
162.99,94435.47327270922
163.0,94438.2941247544
163.01,94440.01099871584
163.02,94438.64132716658
163.03,94439.45685679647
163.04,94438.65296058083
163.05,94440.2121547741
163.06,94439.81829372556
163.07,94441.22734749828
163.08,94444.05486100439
163.09,94439.67942345174
163.1,94444.52245267913
163.11,94444.1146538217
163.12,94443.46542305028
163.13,94445.5333668056
163.14000000000001,94446.2860410588
163.15,94448.14701377333
163.16,94449.31011890927
163.17000000000002,94447.9154458173
163.18,94449.23388584662
163.19,94449.26371309542
163.20000000000002,94449.14253744285
163.21,94451.11687957133
163.22,94451.31389745839
163.23,94452.15732491395
163.24,94451.71168107288
163.25,94455.41791156172
163.26,94455.43753036272
163.27,94453.42632589824
163.28,94454.89857215577
163.29,94456.88022593579
163.3,94455.58040692878
163.31,94456.85149469328
163.32,94458.98978487808
163.33,94459.34523640605
163.34,94461.03288180503
163.35,94459.52082040338
163.36,94462.20546710477
163.37,94461.07777573298
163.38,94463.12583077142
163.39000000000001,94463.51793763305
163.4,94463.0290365955
163.41,94463.46848424654
163.42000000000002,94462.96490262669
163.43,94465.97209386533
163.44,94465.5365949791
163.45000000000002,94466.41348437298
163.46,94466.16077977903
163.47,94467.08903597259
163.48,94469.38589164676
163.49,94468.0983283913
163.5,94469.99244573574
163.51,94470.41903129479
163.52,94468.46982428341
163.53,94471.74032311777
163.54,94472.45754173229
163.55,94472.4771153766
163.56,94475.5593885213
163.57,94472.709720388
163.58,94476.37569635575
163.59,94474.8676772729
163.6,94475.830431195
163.61,94477.19666741551
163.62,94476.1156579278
163.63,94478.48312742819
163.64000000000001,94479.53295550932
163.65,94478.58893797312
163.66,94480.67449413007
163.67000000000002,94481.32049313621
163.68,94481.97857798537
163.69,94481.34452283499
163.70000000000002,94481.95939582582
163.71,94484.7034104869
163.72,94485.80059571772
163.73,94484.58589868656
163.74,94486.29433339841
163.75,94484.37543920516
163.76,94486.77991512077
163.77,94487.92004818529
163.78,94488.85467969938
163.79,94488.86825173462
163.8,94488.19117383461
163.81,94489.39187081347
163.82,94490.85730939251
163.83,94490.09395136462
163.84,94489.93565256157
163.85,94491.80888386905
163.86,94495.4584458999
163.87,94493.34720828943
163.88,94493.57969142032
163.89000000000001,94494.82451264479
163.9,94494.852852675
163.91,94497.0866874203
163.92000000000002,94497.63439253617
163.93,94497.54824291245
163.94,94497.3431460206
163.95000000000002,94497.15193446365
163.96,94499.41759180199
163.97,94500.72165156536
163.98,94500.25222017786
163.99,94501.99517814585
164.0,94500.90907765062
164.01,94502.90736774782
164.02,94502.888006307
164.03,94503.93230567919
164.04,94505.06954239313
164.05,94505.23958481125
164.06,94505.0472283133
164.07,94506.63631553864
164.08,94508.20405623206
164.09,94505.33457584845
164.1,94508.39904062996
164.11,94507.9940606249
164.12,94510.05051931625
164.13,94509.88365759162
164.14000000000001,94510.91585535131
164.15,94511.84319554128
164.16,94512.67237074656
164.17000000000002,94511.45557785264
164.18,94513.08642333663
164.19,94513.3107304831
164.20000000000002,94513.02405023403
164.21,94517.20598999181
164.22,94516.7400089152
164.23,94515.11430499893
164.24,94518.5131853584
164.25,94517.95355803153
164.26,94519.87440947443
164.27,94521.7930595582
164.28,94521.5347328106
164.29,94520.8156947705
164.3,94522.63461163487
164.31,94522.11392634708
164.32,94522.28275990649
164.33,94523.10491249508
164.34,94525.38241627779
164.35,94523.608601942
164.36,94524.40458586294
164.37,94524.6210284769
164.38,94526.10031465898
164.39000000000001,94527.2424535996
164.4,94527.7299016446
164.41,94528.57460931859
164.42000000000002,94528.53441019508
164.43,94530.56369697116
164.44,94529.90142115158
164.45000000000002,94529.14517353091
164.46,94531.68321798649
164.47,94530.44434310625
164.48,94531.66802334072
164.49,94533.70427776508
164.5,94535.09283218002
164.51,94536.45432276576
164.52,94535.39044291877
164.53,94535.02839967533
164.54,94536.82448380694
164.55,94535.91691952062
164.56,94538.33711641566
164.57,94538.34068449732
164.58,94537.80582121061
164.59,94539.4125461663
164.6,94539.30378435424
164.61,94542.65299514691
164.62,94543.95272299228
164.63,94542.57430784119
164.64000000000001,94542.90414236569
164.65,94543.37444160305
164.66,94543.89195733039
164.67000000000002,94547.11864881327
164.68,94544.29764730822
164.69,94546.00256545389
164.70000000000002,94547.44725596622
164.71,94548.53197910385
164.72,94547.59648770055
164.73,94549.38039012
164.74,94551.07723365774
164.75,94551.00538950271
164.76,94551.44171122374
164.77,94549.78389474661
164.78,94551.35568596219
164.79,94553.0910401241
164.8,94553.83513552292
164.81,94552.55688607063
164.82,94554.199192037
164.83,94554.9881489041
164.84,94556.75683247928
164.85,94556.16241245186
164.86,94556.4877197743
164.87,94557.87691617936
164.88,94559.86031513277
164.89000000000001,94561.38009374676
164.9,94561.94483502545
164.91,94561.68628595858
164.92000000000002,94561.34281183324
164.93,94563.80782480801
164.94,94561.97151933795
164.95000000000002,94564.05402500273
164.96,94563.68048010193
164.97,94566.31462346905
164.98,94563.79769554979
164.99,94566.68599998597
165.0,94568.66787544284
165.01,94567.0419370333
165.02,94566.6486297319
165.03,94567.76778029802
165.04,94569.02723044936
165.05,94567.9025894085
165.06,94569.36352072944
165.07,94570.69252159912
165.08,94571.97896482679
165.09,94573.5909453485
165.1,94572.82476866546
165.11,94573.45543344691
165.12,94574.16987216039
165.13,94576.1173288186
165.14000000000001,94575.55995417219
165.15,94575.96794241018
165.16,94576.36840907329
165.17000000000002,94578.00037121748
165.18,94578.04949496
165.19,94577.58518819543
165.20000000000002,94580.590341931
165.21,94580.4073512519
165.22,94580.40179653255
165.23,94582.26232974551
165.24,94582.42532952406
165.25,94582.28095429637
165.26,94586.48866523348
165.27,94584.8193504187
165.28,94585.53050956228
165.29,94585.85426989941
165.3,94583.84724739558
165.31,94588.90376206007
165.32,94586.27225218901
165.33,94586.61302333602
165.34,94588.98284624312
165.35,94587.90572718177
165.36,94589.49922638708
165.37,94589.862875859
165.38,94592.20106583247
165.39000000000001,94590.25186993153
165.4,94591.71890348852
165.41,94595.17119667838
165.42000000000002,94594.38916936079
165.43,94593.74812081338
165.44,94596.10438122485
165.45000000000002,94595.35168020011
165.46,94595.94948334697
165.47,94597.90745981972
165.48,94597.46592302824
165.49,94595.88101157773
165.5,94599.55565965167
165.51,94598.42095586917
165.52,94600.23378177978
165.53,94600.29557773552
165.54,94601.36245873095
165.55,94601.12148297949
165.56,94604.35801462772
165.57,94602.31503414795
165.58,94603.5022947186
165.59,94604.38994716686
165.6,94603.62685572132
165.61,94606.15149297548
165.62,94606.54277744934
165.63,94606.56929291441
165.64000000000001,94608.98721252105
165.65,94608.99866575365
165.66,94608.4679231932
165.67000000000002,94611.50470530002
165.68,94610.55240471296
165.69,94611.09170482535
165.70000000000002,94612.10578495824
165.71,94612.17371469934
165.72,94611.51459409628
165.73,94615.22470902915
165.74,94613.95712519038
165.75,94615.47883197716
165.76,94614.4181541693
165.77,94616.48643209404
165.78,94616.00866935574
165.79,94617.81916027593
165.8,94617.03669452672
165.81,94619.14667146883
165.82,94617.2224110183
165.83,94620.5102748079
165.84,94621.13425968216
165.85,94619.9279042235
165.86,94622.68475746832
165.87,94623.84547245505
165.88,94623.62298035112
165.89000000000001,94626.72405377527
165.9,94624.80501818127
165.91,94626.75669971392
165.92000000000002,94626.53770770697
165.93,94628.42730731744
165.94,94625.65084019427
165.95000000000002,94628.33725949451
165.96,94627.63501956657
165.97,94629.34159206154
165.98,94630.59368720981
165.99,94630.43925170832
166.0,94631.49576417361
166.01,94632.54887339353
166.02,94633.17321507662
166.03,94632.5604373884
166.04,94633.60338795838
166.05,94635.22444496959
166.06,94636.69688955127
166.07,94635.25499097175
166.08,94637.66889562082
166.09,94636.54992052841
166.1,94638.48362859242
166.11,94638.08803486056
166.12,94639.45519355425
166.13,94637.85179212598
166.14000000000001,94638.75095406163
166.15,94640.74745020582
166.16,94641.6384040976
166.17000000000002,94644.17857005425
166.18,94642.12217403292
166.19,94643.29070536952
166.20000000000002,94642.19043537165
166.21,94643.20392722164
166.22,94646.62789819228
166.23,94646.7973308978
166.24,94645.55558246611
166.25,94648.24704356166
166.26,94647.78898091137
166.27,94648.19767471617
166.28,94649.15702733774
166.29,94648.66716599453
166.3,94650.1027854156
166.31,94649.81345217061
166.32,94650.40254446247
166.33,94650.8459540032
166.34,94653.87239057734
166.35,94652.69008317156
166.36,94654.05465583943
166.37,94656.39042498535
166.38,94656.81260004976
166.39000000000001,94656.87894262791
166.4,94655.13695065868
166.41,94657.83221468917
166.42000000000002,94659.22179473135
166.43,94657.98888868032
166.44,94659.1492844583
166.45000000000002,94661.30315944526
166.46,94661.16204766078
166.47,94660.22236916426
166.48,94664.52211740684
166.49,94662.7194358333
166.5,94663.63859846348
166.51,94662.64665779713
166.52,94662.84925827564
166.53,94665.35157716123
166.54,94665.92007986332
166.55,94665.96531084228
166.56,94667.38038245628
166.57,94668.38726193801
166.58,94667.5417857428
166.59,94668.93887245646
166.6,94670.233296569
166.61,94670.95779073412
166.62,94669.98775976777
166.63,94672.59235793802
166.64000000000001,94671.09178422396
166.65,94672.88189191099
166.66,94673.23091061764
166.67000000000002,94674.55535144698
166.68,94674.93336923086
166.69,94676.671707051
166.70000000000002,94674.84383740423
166.71,94676.66298266029
166.72,94677.55383151864
166.73,94677.51632393734
166.74,94678.465633795
166.75,94679.1306213745
166.76,94681.18836018132
166.77,94681.17390753585
166.78,94681.05462579052
166.79,94681.42533478608
166.8,94681.0003101707
166.81,94685.19904480092
166.82,94684.7040977585
166.83,94684.10651864232
166.84,94684.89257323602
166.85,94685.17100808077
166.86,94687.16552456975
166.87,94686.77542985712
166.88,94688.01441177195
166.89000000000001,94688.7565037186
166.9,94691.10878296162
166.91,94690.5156671786
166.92000000000002,94690.76085643073
166.93,94690.40007896596
166.94,94691.28775488399
166.95000000000002,94691.74001868216
166.96,94694.04496983909
166.97,94694.414516955
166.98,94695.17001448963
166.99,94694.59340882894
167.0,94695.5478264557
167.01,94695.61814075266
167.02,94694.97172451745
167.03,94698.45264928453
167.04,94697.6113984304
167.05,94699.58651528288
167.06,94699.88354967395
167.07,94699.34628504224
167.08,94700.82767768261
167.09,94700.9445264065
167.1,94702.18771444118
167.11,94703.22499798707
167.12,94702.74150855905
167.13,94703.64188232967
167.14000000000001,94704.25160293169
167.15,94705.61372267778
167.16,94705.52004753165
167.17000000000002,94705.34795480223
167.18,94707.00004891239
167.19,94708.82368932804
167.20000000000002,94708.38562216781
167.21,94709.08565843802
167.22,94708.97801622628
167.23,94710.1812437376
167.24,94712.60859210104
167.25,94713.02159077178
167.26,94712.81092253457
167.27,94713.21503144194
167.28,94711.84601364585
167.29,94713.06645003225
167.3,94712.53108386601
167.31,94716.83220007793
167.32,94717.26089191248
167.33,94716.27400892013
167.34,94717.3810164604
167.35,94717.0106822959
167.36,94718.20018277294
167.37,94720.56527547566
167.38,94722.43680273446
167.39000000000001,94720.6632867473
167.4,94721.05768223651
167.41,94724.19893726101
167.42000000000002,94721.8228726238
167.43,94723.0835923447
167.44,94722.38198712555
167.45000000000002,94725.1288501915
167.46,94725.86738634386
167.47,94724.13870550544
167.48,94726.26585577364
167.49,94727.52307760487
167.5,94730.08204656922
167.51,94727.26509121363
167.52,94729.0734573069
167.53,94730.94698042721
167.54,94730.13877733886
167.55,94731.41269756488
167.56,94732.15648392512
167.57,94732.47844483147
167.58,94732.22370581175
167.59,94732.21354151158
167.6,94732.64372681183
167.61,94735.15221204773
167.62,94734.8365650357
167.63,94736.25427542547
167.64000000000001,94738.47522344574
167.65,94736.57244486215
167.66,94736.82688764729
167.67000000000002,94739.6901699541
167.68,94737.75186095104
167.69,94739.59529282323
167.70000000000002,94740.89611826418
167.71,94740.60710396475
167.72,94742.1793106419
167.73,94743.2558777505
167.74,94743.35447549327
167.75,94743.87335983418
167.76,94745.43657877938
167.77,94745.78407722802
167.78,94745.53961515131
167.79,94747.29429889178
167.8,94749.29115660048
167.81,94748.28071242968
167.82,94749.23394546896
167.83,94749.35884962368
167.84,94748.66746100977
167.85,94747.85955149263
167.86,94750.617426153
167.87,94751.78479877752
167.88,94753.09516334369
167.89000000000001,94754.18240716816
167.9,94753.71135527884
167.91,94753.21116836404
167.92000000000002,94753.79067776565
167.93,94755.9245629656
167.94,94756.43632728673
167.95000000000002,94755.3877720759
167.96,94757.27301620127
167.97,94759.95774594898
167.98,94760.08620247222
167.99,94759.08564066168
168.0,94761.28095397116
168.01,94760.1081620153
168.02,94762.34209283887
168.03,94762.35032613823
168.04,94762.08588342344
168.05,94763.08933894461
168.06,94761.79950623379
168.07,94764.4565962494
168.08,94765.82119071043
168.09,94766.13623010952
168.1,94767.49689578213
168.11,94767.33795960443
168.12,94766.84347254933
168.13,94767.76102866378
168.14000000000001,94769.8270036795
168.15,94768.9022555007
168.16,94771.87869448525
168.17000000000002,94770.96801867717
168.18,94771.33621418844
168.19,94772.9139193164
168.20000000000002,94773.06879271563
168.21,94773.98820969553
168.22,94777.18354759838
168.23,94776.000093243
168.24,94773.41629325313
168.25,94774.67120954701
168.26,94775.9855308223
168.27,94778.49183539095
168.28,94777.61959128808
168.29,94779.62782122452
168.3,94780.34249597885
168.31,94780.06186443774
168.32,94780.10043064356
168.33,94780.13542046842
168.34,94780.21071775009
168.35,94782.23941273318
168.36,94783.92868283919
168.37,94783.0965065529
168.38,94784.41525943947
168.39000000000001,94786.34608126862
168.4,94787.26672100648
168.41,94785.61907670434
168.42000000000002,94788.0342818943
168.43,94789.21294662435
168.44,94787.44338424517
168.45000000000002,94788.74242041363
168.46,94791.06349183831
168.47,94790.87950499661
168.48,94788.593984161
168.49,94792.06011589481
168.5,94791.1482849361
168.51,94794.36118024726
168.52,94790.55622288656
168.53,94793.41992695913
168.54,94795.34043217122
168.55,94794.33760726081
168.56,94797.68497528914
168.57,94795.6159430729
168.58,94798.17589617842
168.59,94798.70833380282
168.6,94799.25638992756
168.61,94798.90337021399
168.62,94799.07186736533
168.63,94801.80589983928
168.64000000000001,94800.5884568173
168.65,94803.03258807566
168.66,94803.15215098734
168.67000000000002,94803.7279446735
168.68,94805.07521805393
168.69,94803.06341263288
168.70000000000002,94805.56824646344
168.71,94805.47016162466
168.72,94805.91941980923
168.73,94806.08023273417
168.74,94807.36129105746
168.75,94808.55551048361
168.76,94809.28312835195
168.77,94811.84143781464
168.78,94810.80944530066
168.79,94811.72295305731
168.8,94811.57707493816
168.81,94811.73425711044
168.82,94812.27207419902
168.83,94814.0300054068
168.84,94813.19531987268
168.85,94815.18864099162
168.86,94816.67045630628
168.87,94818.91417040063
168.88,94817.19758669741
168.89000000000001,94818.06773209767
168.9,94818.54518228416
168.91,94818.95585191269
168.92000000000002,94817.8793289955
168.93,94819.07104092342
168.94,94821.40286392244
168.95000000000002,94822.10065538724
168.96,94822.17555263487
168.97,94823.71484750809
168.98,94823.54814541842
168.99,94824.75030547693
169.0,94825.70437782501
169.01,94824.7391301653
169.02,94823.08861455336
169.03,94826.99838169964
169.04,94827.75669014332
169.05,94829.51637867406
169.06,94826.42107104894
169.07,94829.06166587026
169.08,94829.52586702078
169.09,94830.32049631383
169.1,94831.56873501804
169.11,94830.22221354427
169.12,94834.78752197805
169.13,94832.47085863345
169.14000000000001,94833.4865374241
169.15,94834.41103995497
169.16,94835.45542058631
169.17000000000002,94836.74963184132
169.18,94836.31533959073
169.19,94838.19957194467
169.20000000000002,94839.10854721132
169.21,94837.81387911903
169.22,94839.37047629253
169.23,94840.05180292293
169.24,94842.044112932
169.25,94840.89923301908
169.26,94841.34718560564
169.27,94843.08986448096
169.28,94842.73100700788
169.29,94843.05780202709
169.3,94843.09603134436
169.31,94845.52061697814
169.32,94844.78343229135
169.33,94846.3391994709
169.34,94845.22940992341
169.35,94846.04551535749
169.36,94849.48256297139
169.37,94848.74821597767
169.38,94848.69631656706
169.39000000000001,94851.15700873827
169.4,94851.97866388425
169.41,94851.93000794946
169.42000000000002,94852.79065122218
169.43,94853.1544936431
169.44,94851.39340201174
169.45000000000002,94853.60820278243
169.46,94855.13572143899
169.47,94856.24717881554
169.48,94854.64335933667
169.49,94854.28512512615
169.5,94857.28422037775
169.51,94858.60077370383
169.52,94859.30566821193
169.53,94860.11949112143
169.54,94859.95443320076
169.55,94861.4799127729
169.56,94860.28092456739
169.57,94863.32516611398
169.58,94863.21686661075
169.59,94861.3360976252
169.6,94863.05980041747
169.61,94862.91791363232
169.62,94864.25550797409
169.63,94865.49757242583
169.64000000000001,94866.72182636303
169.65,94866.45765503979
169.66,94870.19825391662
169.67000000000002,94869.4787715856
169.68,94867.86808454439
169.69,94869.06317238674
169.70000000000002,94870.27698145447
169.71,94871.48161883779
169.72,94872.60257286142
169.73,94871.20325684731
169.74,94872.161729254
169.75,94873.36913594732
169.76,94874.20135097971
169.77,94874.24359698044
169.78,94874.38615205731
169.79,94874.54263644067
169.8,94876.67816876878
169.81,94877.55160767591
169.82,94875.53366515163
169.83,94879.21540503009
169.84,94878.76565604375
169.85,94880.77586421679
169.86,94880.06873071898
169.87,94880.82319633984
169.88,94882.75715485313
169.89000000000001,94882.30142033016
169.9,94882.59722083027
169.91,94882.45852355569
169.92000000000002,94884.48385744583
169.93,94883.79798267056
169.94,94886.7816740596
169.95000000000002,94886.87868877946
169.96,94888.40796037312
169.97,94887.65881827526
169.98,94888.90876246805
169.99,94889.60310945236
170.0,94888.69627631489
170.01,94889.49046625676
170.02,94888.91979881705
170.03,94891.31330897864
170.04,94892.11778284173
170.05,94892.80791170774
170.06,94896.80566175035
170.07,94892.3732027185
170.08,94894.53220367387
170.09,94894.5429441989
170.1,94894.07244220331
170.11,94896.27898407051
170.12,94897.78740772365
170.13,94897.9023070197
170.14000000000001,94898.52144138215
170.15,94898.38070646343
170.16,94897.34911326604
170.17000000000002,94900.37258179323
170.18,94900.76013505402
170.19,94901.27918829891
170.20000000000002,94902.65273450699
170.21,94904.00320815883
170.22,94903.35289737461
170.23,94902.82423641795
170.24,94906.10426572508
170.25,94905.60589293537
170.26,94904.52066148874
170.27,94906.99353939197
170.28,94908.27757915326
170.29,94907.71367646958
170.3,94908.32441515489
170.31,94908.53011222558
170.32,94911.38597626727
170.33,94910.78677376798
170.34,94912.50208696698
170.35,94913.1747781754
170.36,94912.68457474439
170.37,94910.94066782242
170.38,94913.10311209531
170.39000000000001,94914.28005263065
170.4,94913.85609643495
170.41,94914.25510261171
170.42000000000002,94917.10509235915
170.43,94915.13037749934
170.44,94918.31862659725
170.45000000000002,94917.94179963722
170.46,94919.97825136442
170.47,94918.86454892176
170.48,94919.2680137817
170.49,94923.75657553093
170.5,94922.43332783603
170.51,94922.71002183057
170.52,94925.97272585005
170.53,94924.86194670328
170.54,94925.53238321538
170.55,94923.00638217163
170.56,94925.66148634956
170.57,94925.34755441941
170.58,94927.3066704507
170.59,94930.83174526427
170.6,94927.6867751458
170.61,94926.57459180511
170.62,94929.5906005941
170.63,94929.0991672566
170.64000000000001,94931.51455045397
170.65,94931.08731709172
170.66,94930.68584757038
170.67000000000002,94933.34607694403
170.68,94932.43306415701
170.69,94934.02962693272
170.70000000000002,94934.48290811104
170.71,94934.0284155813
170.72,94935.75577650029
170.73,94933.5994019228
170.74,94936.30116579034
170.75,94937.11504833959
170.76,94939.34269748862
170.77,94937.17607914886
170.78,94942.4154405482
170.79,94941.35071542535
170.8,94941.93421793365
170.81,94940.95530320563
170.82,94943.25172195247
170.83,94943.49670396345
170.84,94946.43151773268
170.85,94944.17718413925
170.86,94945.72905438057
170.87,94946.50490649871
170.88,94947.61286063251
170.89000000000001,94946.30306085997
170.9,94948.39324737822
170.91,94947.55316092081
170.92000000000002,94950.05289953072
170.93,94947.86070748948
170.94,94948.49322799688
170.95000000000002,94950.63012053307
170.96,94950.0188551395
170.97,94950.9118064832
170.98,94952.31499270207
170.99,94953.53641282706
171.0,94953.9523354011
171.01,94956.44809361848
171.02,94954.16415490383
171.03,94955.32584257149
171.04,94957.73499333952
171.05,94957.20624179543
171.06,94958.08321039731
171.07,94958.17641583353
171.08,94959.286874079
171.09,94959.72828316633
171.1,94959.41773991747
171.11,94960.67153638507
171.12,94961.62541686781
171.13,94962.54633446429
171.14000000000001,94961.179711487
171.15,94964.62441408802
171.16,94963.89864739883
171.17000000000002,94964.69857313215
171.18,94965.59958800169
171.19,94966.72192868116
171.20000000000002,94966.75403364959
171.21,94967.89861068297
171.22,94966.98972927307
171.23,94968.85707331417
171.24,94970.10092122846
171.25,94969.91022102057
171.26,94970.7843989737
171.27,94970.9133842784
171.28,94971.82968900786
171.29,94972.86741680627
171.3,94973.88522368678
171.31,94973.69726203653
171.32,94974.4890131944
171.33,94976.52144224069
171.34,94975.00543728801
171.35,94977.14022335089
171.36,94977.49316252928
171.37,94975.98370814289
171.38,94977.49289726718
171.39000000000001,94978.052831558
171.4,94979.57788880254
171.41,94979.73222060462
171.42000000000002,94983.03280472108
171.43,94981.25392145182
171.44,94981.15124202252
171.45000000000002,94983.37640684341
171.46,94983.9894829998
171.47,94984.69157753364
171.48,94985.20422257783
171.49,94984.91867832984
171.5,94987.58704842786
171.51,94985.17325772061
171.52,94988.37545241338
171.53,94988.81942742616
171.54,94987.5885307654
171.55,94989.6052778989
171.56,94990.26839760283
171.57,94991.08185846607
171.58,94992.16415406123
171.59,94990.89071005811
171.6,94991.23110438384
171.61,94993.90998880714
171.62,94993.11444925723
171.63,94994.01831791506
171.64000000000001,94996.57919557531
171.65,94996.32172725395
171.66,94997.2419455741
171.67000000000002,94998.38893922145
171.68,94997.29249753991
171.69,94997.73182143769
171.70000000000002,94998.65375394022
171.71,95001.1392964623
171.72,95000.82003494009
171.73,95001.77843625344
171.74,95001.38222669074
171.75,95002.31538813803
171.76,95001.63062486835
171.77,95002.74962196221
171.78,95004.2207301143
171.79,95005.81913388881
171.8,95005.25350693533
171.81,95004.91268413546
171.82,95005.74646357403
171.83,95007.80349641095
171.84,95009.20967295677
171.85,95008.1473573076
171.86,95010.42639503887
171.87,95010.00549995496
171.88,95010.33863165548
171.89000000000001,95010.92217215624
171.9,95012.2774638542
171.91,95011.29485204349
171.92000000000002,95012.46307528912
171.93,95012.20441216505
171.94,95014.62954263833
171.95000000000002,95014.03346761131
171.96,95015.79758629136
171.97,95016.75781299466
171.98,95018.01514608112
171.99,95018.97058260032
172.0,95019.74461930721
172.01,95019.73646631413
172.02,95019.47214769233
172.03,95021.63763134589
172.04,95020.54408145724
172.05,95022.03908928634
172.06,95023.31612097188
172.07,95022.39523802411
172.08,95022.62885507134
172.09,95024.9720429313
172.1,95026.55681176341
172.11,95027.05242067331
172.12,95026.81889160947
172.13,95028.88904361043
172.14000000000001,95026.65471284793
172.15,95027.03630906928
172.16,95030.00615902341
172.17000000000002,95026.82773260551
172.18,95030.2167888083
172.19,95032.10524743157
172.20000000000002,95032.17648607794
172.21,95030.11102658982
172.22,95032.32101928937
172.23,95033.89927282301
172.24,95034.23818808743
172.25,95036.03750183663
172.26,95036.83605101745
172.27,95037.07468140057
172.28,95034.79411299551
172.29,95036.5077182885
172.3,95038.19770917346
172.31,95039.98509846386
172.32,95038.67194315128
172.33,95039.92578232301
172.34,95040.06565452703
172.35,95040.88886122158
172.36,95041.06962886857
172.37,95041.60064555606
172.38,95043.00927633549
172.39000000000001,95043.7316773312
172.4,95044.70439463739
172.41,95045.7223556699
172.42000000000002,95044.29271546478
172.43,95045.03358714635
172.44,95047.55668365737
172.45000000000002,95047.00670152869
172.46,95048.01660771095
172.47,95048.95270160842
172.48,95049.11407210109
172.49,95049.76841589718
172.5,95050.04404895265
172.51,95051.71497892126
172.52,95051.68434236244
172.53,95051.26623941958
172.54,95053.39027702421
172.55,95053.70575185194
172.56,95055.63926844316
172.57,95054.32912655178
172.58,95056.37332487517
172.59,95056.34823159364
172.6,95058.6397446061
172.61,95056.98849334888
172.62,95057.9308547696
172.63,95059.03895842483
172.64000000000001,95059.93539371091
172.65,95061.27111757331
172.66,95061.38714253438
172.67000000000002,95059.68004246827
172.68,95061.64582111436
172.69,95062.36216805731
172.70000000000002,95064.82694447241
172.71,95065.38322424621
172.72,95065.2525210176
172.73,95066.48050954372
172.74,95066.43603780729
172.75,95065.90940598883
172.76,95067.96754205719
172.77,95070.04117780928
172.78,95068.12479904007
172.79,95069.40471259375
172.8,95069.9021154674
172.81,95070.47399966216
172.82,95071.96025898498
172.83,95072.55526213083
172.84,95073.43243057863
172.85,95073.62191962592
172.86,95075.48119499578
172.87,95076.75519431516
172.88,95075.85208030365
172.89000000000001,95075.90937379374
172.9,95076.94403168073
172.91,95077.02260090526
172.92000000000002,95079.80906495954
172.93,95079.84819297175
172.94,95079.29613149156
172.95000000000002,95080.78057879808
172.96,95080.39303567
172.97,95083.86997604545
172.98,95081.39774227362
172.99,95081.90302235962
173.0,95083.44117745305
173.01,95085.3059225187
173.02,95084.0942125672
173.03,95084.26143073084
173.04,95085.06229625508
173.05,95084.40246974239
173.06,95087.48736642214
173.07,95086.36829785108
173.08,95087.0477053023
173.09,95089.10217621386
173.1,95091.55498483851
173.11,95091.23913350348
173.12,95090.09978692728
173.13,95091.73246849042
173.14000000000001,95093.29092087457
173.15,95091.53237439238
173.16,95093.23389094604
173.17000000000002,95094.22685210434
173.18,95096.12248946376
173.19,95095.55701746645
173.20000000000002,95098.85744927597
173.21,95096.72931825039
173.22,95098.84972358789
173.23,95098.05490582185
173.24,95098.09909701889
173.25,95100.32166663151
173.26,95098.41611143133
173.27,95100.36339116654
173.28,95102.37368662337
173.29,95102.50081242756
173.3,95102.59590560327
173.31,95104.11916766383
173.32,95103.93246840143
173.33,95106.32430689607
173.34,95104.94481939991
173.35,95105.77383053422
173.36,95107.17172993439
173.37,95108.25715799532
173.38,95107.64052011669
173.39000000000001,95107.18008021396
173.4,95108.5215458672
173.41,95109.30872508294
173.42000000000002,95111.38313847088
173.43,95111.54679929996
173.44,95111.97854339048
173.45000000000002,95113.45380673987
173.46,95112.89770669669
173.47,95112.27963026451
173.48,95113.84558397776
173.49,95113.85367846132
173.5,95115.41687082197
173.51,95116.6260597684
173.52,95114.46604189897
173.53,95116.4357626378
173.54,95117.14125757791
173.55,95119.78787103537
173.56,95118.82959863706
173.57,95120.81110306406
173.58,95121.85696508466
173.59,95121.91540624312
173.6,95121.12514107605
173.61,95124.29372478336
173.62,95123.86132319039
173.63,95122.97364924423
173.64000000000001,95123.6304329357
173.65,95126.36021097747
173.66,95125.8454696553
173.67000000000002,95125.4292336986
173.68,95126.62475703405
173.69,95128.13819587154
173.70000000000002,95129.38615981994
173.71,95127.34007327147
173.72,95129.10394865282
173.73,95131.19969017907
173.74,95127.91336438818
173.75,95131.58293888505
173.76,95132.03486836082
173.77,95133.95620753462
173.78,95131.89987210066
173.79,95136.60594594218
173.8,95135.02604472601
173.81,95135.97702107011
173.82,95135.19624454918
173.83,95136.8138309172
173.84,95137.0881670355
173.85,95137.42080695559
173.86,95138.88830680407
173.87,95139.16978186411
173.88,95139.82590195331
173.89000000000001,95139.94848714505
173.9,95140.34343772994
173.91,95142.40020722682
173.92000000000002,95143.0469442305
173.93,95142.57800491483
173.94,95143.9147119374
173.95000000000002,95144.1945547346
173.96,95143.65147800217
173.97,95147.03533566007
173.98,95147.72347788622
173.99,95147.9318169552
174.0,95147.10047754509
174.01,95147.45158086126
174.02,95147.51920168485
174.03,95147.95245192572
174.04,95149.73099353901
174.05,95150.10872105276
174.06,95152.59716295525
174.07,95154.57691254481
174.08,95152.94508789881
174.09,95153.33147839921
174.1,95154.28401897228
174.11,95156.55755187181
174.12,95156.33446852588
174.13,95154.70133603155
174.14000000000001,95157.78061001301
174.15,95157.65837371442
174.16,95158.29891585666
174.17000000000002,95160.87148272048
174.18,95159.68696875066
174.19,95160.00738832161
174.20000000000002,95160.86040133252
174.21,95160.7668648448
174.22,95161.67468495609
174.23,95163.13081771006
174.24,95160.71002409978
174.25,95164.3605508367
174.26,95164.37175749076
174.27,95165.29404821909
174.28,95166.37219094488
174.29,95168.70371846585
174.3,95166.67254693518
174.31,95168.1745066903
174.32,95168.02090112718
174.33,95169.40075423032
174.34,95169.07314909916
174.35,95171.19324950848
174.36,95171.2397360501
174.37,95171.74562336647
174.38,95173.31146399723
174.39000000000001,95171.45550503522
174.4,95173.85713701813
174.41,95174.86791969542
174.42000000000002,95173.30535835677
174.43,95173.5749844713
174.44,95177.39086670867
174.45000000000002,95176.87706294656
174.46,95177.8483744497
174.47,95176.48392887725
174.48,95178.0299604739
174.49,95179.47009512881
174.5,95179.49534727902
174.51,95181.22770182602
174.52,95178.97439300148
174.53,95181.57108331965
174.54,95182.14850746508
174.55,95184.32927274285
174.56,95182.05754355928
174.57,95185.13017476506
174.58,95185.93716477779
174.59,95184.83586191946
174.6,95186.59202866202
174.61,95186.79045576647
174.62,95188.23363746192
174.63,95188.90523028474
174.64000000000001,95188.07485827462
174.65,95189.6195559027
174.66,95190.70658264235
174.67000000000002,95190.86047343387
174.68,95191.16213683155
174.69,95191.08346418093
174.70000000000002,95191.29361128257
174.71,95192.97295168211
174.72,95194.4417211317
174.73,95194.91885766067
174.74,95197.17659720652
174.75,95197.22039789519
174.76,95197.57236884024
174.77,95198.47623994821
174.78,95197.26619067039
174.79,95198.88525735412
174.8,95200.4033176779
174.81,95199.42648424984
174.82,95201.00064554183
174.83,95201.93949330723
174.84,95202.84866211389
174.85,95202.20562436311
174.86,95202.30711583764
174.87,95203.96840921417
174.88,95205.52776733236
174.89000000000001,95205.16252613813
174.9,95207.92350142097
174.91,95207.16194129857
174.92000000000002,95207.56128220346
174.93,95207.62694480811
174.94,95209.96863391991
174.95000000000002,95209.03227633248
174.96,95211.33160120853
174.97,95210.00730463414
174.98,95212.3174829087
174.99,95212.09681673518
175.0,95214.10236038793
175.01,95213.43501732733
175.02,95213.887598149
175.03,95213.93928564506
175.04,95215.40756681268
175.05,95215.34670321729
175.06,95215.87101002164
175.07,95216.93391207632
175.08,95216.87959716869
175.09,95219.53030163172
175.1,95219.34932741943
175.11,95218.63291733571
175.12,95218.67444115556
175.13,95222.21313826286
175.14000000000001,95220.3116798947
175.15,95220.61357363964
175.16,95222.37677460321
175.17000000000002,95223.30014139005
175.18,95223.37916510533
175.19,95224.52809389899
175.20000000000002,95225.4578315461
175.21,95226.79062747592
175.22,95228.0769599491
175.23,95226.9672802707
175.24,95228.01192237496
175.25,95229.15624859223
175.26,95230.64223480316
175.27,95228.7709487633
175.28,95230.50636910708
175.29,95232.03053417362
175.3,95231.98652922577
175.31,95233.26851363751
175.32,95234.80791450164
175.33,95234.03726320414
175.34,95233.49556038063
175.35,95234.81487673362
175.36,95236.94128478998
175.37,95236.01840557206
175.38,95237.37265073045
175.39000000000001,95235.56499142811
175.4,95236.66538465043
175.41,95238.47730352262
175.42000000000002,95240.45618403418
175.43,95240.6438798397
175.44,95240.12975073859
175.45000000000002,95240.59522377339
175.46,95240.80761351199
175.47,95242.79333694806
175.48,95244.68056116177
175.49,95244.77869183115
175.5,95244.05251517508
175.51,95245.00684373168
175.52,95246.20304697462
175.53,95245.96816086046
175.54,95246.3129372335
175.55,95248.9140635933
175.56,95249.62676105219
175.57,95248.06588642471
175.58,95251.08554256741
175.59,95250.79847872499
175.6,95253.04139366507
175.61,95252.0791462026
175.62,95251.31577325524
175.63,95252.53635267833
175.64000000000001,95254.90406527184
175.65,95252.43276447312
175.66,95255.1887361178
175.67000000000002,95254.80999334808
175.68,95256.15547235482
175.69,95256.51050691484
175.70000000000002,95256.71345126546
175.71,95258.09299867447
175.72,95258.93167394202
175.73,95260.25995837328
175.74,95260.03419277328
175.75,95260.98561075708
175.76,95262.71934911073
175.77,95261.2688449631
175.78,95262.60402385729
175.79,95261.62472350385
175.8,95264.20535119649
175.81,95262.93575329246
175.82,95264.49384064022
175.83,95262.99659504337
175.84,95266.79227715086
175.85,95267.19003887077
175.86,95268.72835170831
175.87,95267.6458315942
175.88,95270.51064495063
175.89000000000001,95270.52401926885
175.9,95271.77900311397
175.91,95271.99871503013
175.92000000000002,95270.44805766239
175.93,95273.12018079555
175.94,95272.93156702087
175.95000000000002,95274.35527137564
175.96,95273.5011121807
175.97,95274.61370166934
175.98,95276.80944969978
175.99,95275.93234296952
176.0,95279.16202825171
176.01,95277.63192360448
176.02,95278.5712780278
176.03,95279.54822081966
176.04,95277.17092117124
176.05,95279.51646043267
176.06,95280.14033884398
176.07,95279.94668747841
176.08,95284.08641277389
176.09,95283.63921405846
176.1,95282.5372635112
176.11,95283.42636980482
176.12,95282.04868007329
176.13,95286.85610756768
176.14000000000001,95285.78809315478
176.15,95287.7348949291
176.16,95287.63501250182
176.17000000000002,95287.51050487705
176.18,95289.24247859536
176.19,95288.65953553082
176.20000000000002,95290.82712898916
176.21,95290.82663232875
176.22,95291.1856428024
176.23,95291.53863462433
176.24,95293.85791215638
176.25,95292.3936304451
176.26,95294.89389435566
176.27,95293.73653049424
176.28,95293.6795528795
176.29,95294.53401333198
176.3,95295.0320434363
176.31,95296.19525026008
176.32,95295.43553841987
176.33,95298.35676767996
176.34,95298.58949123486
176.35,95299.79068116951
176.36,95299.89310768162
176.37,95300.07546779385
176.38,95301.79571656414
176.39000000000001,95302.8525970137
176.4,95302.51297644952
176.41,95303.5627796254
176.42000000000002,95303.95205089796
176.43,95305.18731929133
176.44,95303.33334298014
176.45000000000002,95305.07695838441
176.46,95307.20369404943
176.47,95308.10407326696
176.48,95308.69046170327
176.49,95308.70323871213
176.5,95308.45496340544
176.51,95311.18815185485
176.52,95310.94227270104
176.53,95311.26183903721
176.54,95312.28275883925
176.55,95313.21641331226
176.56,95314.73474933204
176.57,95313.77447973582
176.58,95314.9442408973
176.59,95314.84509704149
176.6,95316.34639953368
176.61,95317.50830580077
176.62,95317.81466167005
176.63,95317.55397177281
176.64000000000001,95318.89542935237
176.65,95317.42029286691
176.66,95319.11399486571
176.67000000000002,95322.67171130166
176.68,95320.48020700716
176.69,95322.34310011983
176.70000000000002,95320.72024757114
176.71,95323.39259553843
176.72,95323.9068893553
176.73,95325.86208669214
176.74,95327.14832996653
176.75,95325.17741680928
176.76,95326.55417371244
176.77,95326.44460357516
176.78,95329.1278191967
176.79,95327.32145765107
176.8,95329.08822146643
176.81,95328.50737195162
176.82,95329.05234754158
176.83,95331.82855861126
176.84,95331.07389228394
176.85,95331.53664782192
176.86,95332.02470202545
176.87,95331.9108408805
176.88,95336.40503406007
176.89000000000001,95334.42487325237
176.9,95333.74429619618
176.91,95336.4059868721
176.92000000000002,95336.48920516978
176.93,95335.72942113811
176.94,95336.97166619165
176.95000000000002,95338.44918674899
176.96,95338.16666885486
176.97,95340.87327983761
176.98,95340.5544198564
176.99,95340.52642253626
177.0,95339.65825131691
177.01,95344.14662572785
177.02,95343.63933275585
177.03,95343.85123830459
177.04,95346.01665999854
177.05,95344.84201224367
177.06,95345.95518739661
177.07,95345.81925455846
177.08,95347.99215246177
177.09,95347.76600143498
177.1,95347.81741325355
177.11,95348.06592988905
177.12,95350.00142432065
177.13,95348.40023877655
177.14000000000001,95352.46134477567
177.15,95352.56639291909
177.16,95351.0572581494
177.17000000000002,95352.21133279723
177.18,95353.69428587926
177.19,95353.30978563272
177.20000000000002,95355.38634074086
177.21,95354.5046098941
177.22,95355.1387270141
177.23,95357.05212765193
177.24,95357.11313589201
177.25,95357.22775547157
177.26,95358.95027591301
177.27,95360.55816836664
177.28,95359.78850214809
177.29,95360.2424637493
177.3,95359.92741836722
177.31,95363.42293665081
177.32,95361.91202330652
177.33,95362.99626665079
177.34,95364.3373978899
177.35,95364.25738542205
177.36,95365.98515330175
177.37,95365.73861012844
177.38,95365.11965343707
177.39000000000001,95367.67429135676
177.4,95366.97437797739
177.41,95367.8386367996
177.42000000000002,95368.14524683979
177.43,95368.42776218386
177.44,95370.83216116705
177.45000000000002,95370.07200841639
177.46,95371.13819550301
177.47,95373.67623933127
177.48,95372.51655160853
177.49,95374.3562777209
177.5,95374.92782652949
177.51,95374.29166147774
177.52,95374.58059400611
177.53,95376.59533832778
177.54,95379.3829723128
177.55,95377.29767544489
177.56,95378.53445439223
177.57,95379.98235431038
177.58,95380.3150128266
177.59,95380.84017590452
177.6,95380.48908962045
177.61,95380.68883924722
177.62,95382.82253940657
177.63,95381.13275050909
177.64000000000001,95383.16749967761
177.65,95383.7596904766
177.66,95386.34692181487
177.67000000000002,95386.26564724358
177.68,95383.9557993451
177.69,95385.3752158622
177.70000000000002,95387.24314929024
177.71,95387.79097227924
177.72,95388.7808388145
177.73,95388.07586888567
177.74,95389.76102576134
177.75,95390.70183638313
177.76,95389.56582951943
177.77,95391.57554683238
177.78,95390.84275653238
177.79,95392.42105548797
177.8,95392.29906953171
177.81,95394.01849274607
177.82,95394.79274292478
177.83,95395.23360474766
177.84,95396.41926837903
177.85,95396.56093744938
177.86,95397.39322237232
177.87,95398.19238137074
177.88,95397.85043172678
177.89000000000001,95396.2585704708
177.9,95399.69091714188
177.91,95401.2325273557
177.92000000000002,95401.7764125225
177.93,95399.36583779471
177.94,95403.61076926198
177.95000000000002,95403.96755983548
177.96,95404.41089133976
177.97,95405.63404034846
177.98,95404.87170957326
177.99,95407.32595300907
178.0,95407.56987581396
178.01,95408.02984861236
178.02,95410.13130979892
178.03,95408.19593239983
178.04,95407.05626439444
178.05,95409.68281691663
178.06,95410.84955593088
178.07,95409.86974266512
178.08,95412.16378797696
178.09,95412.61727638342
178.1,95413.52002944748
178.11,95414.81178291257
178.12,95413.01000438814
178.13,95415.28436933085
178.14000000000001,95413.7391606854
178.15,95415.12533642884
178.16,95416.3867478714
178.17000000000002,95418.10351096223
178.18,95418.64518454413
178.19,95417.9490752549
178.20000000000002,95419.59729694568
178.21,95419.18680647726
178.22,95418.39380085704
178.23,95422.22183006715
178.24,95420.2453497298
178.25,95423.15967697173
178.26,95420.8727455574
178.27,95423.22803913285
178.28,95424.32538008229
178.29,95427.12460048239
178.3,95424.52605367995
178.31,95427.16134467012
178.32,95427.64585165624
178.33,95428.15496282456
178.34,95428.39643487551
178.35,95430.0518578579
178.36,95428.0615827115
178.37,95432.51232688405
178.38,95429.20536963268
178.39000000000001,95432.76030047587
178.4,95432.66342695724
178.41,95432.29900524755
178.42000000000002,95432.90183818652
178.43,95433.62664561054
178.44,95433.19583796574
178.45000000000002,95435.39927446171
178.46,95434.93653403365
178.47,95436.75024996894
178.48,95436.69010839346
178.49,95437.39450237222
178.5,95438.42434705466
178.51,95438.88083972414
178.52,95440.63530681668
178.53,95438.56106427484
178.54,95440.48157128404
178.55,95441.67181759811
178.56,95443.28163359656
178.57,95442.87743446151
178.58,95445.04070664624
178.59,95443.81921923527
178.6,95445.47853786274
178.61,95446.0016732023
178.62,95444.71693059297
178.63,95448.17588136245
178.64000000000001,95448.27806370358
178.65,95448.91818298628
178.66,95448.10073964234
178.67000000000002,95448.97324112071
178.68,95450.18983120976
178.69,95452.304239207
178.70000000000002,95451.48551131497
178.71,95452.95956792495
178.72,95451.9788959775
178.73,95450.88407685635
178.74,95455.92791020167
178.75,95457.06666347563
178.76,95453.45984391081
178.77,95456.42357075814
178.78,95457.57022915492
178.79,95456.05961454693
178.8,95457.66176603653
178.81,95460.90957620351
178.82,95460.33028682019
178.83,95457.86487054129
178.84,95461.49719410564
178.85,95461.77987691508
178.86,95462.74569200256
178.87,95462.73977135193
178.88,95464.87326878973
178.89000000000001,95462.85226075137
178.9,95463.72516334773
178.91,95465.54009524528
178.92000000000002,95466.20882407059
178.93,95465.97063482102
178.94,95465.91757291717
178.95000000000002,95467.15840089666
178.96,95468.6693772835
178.97,95469.24116595114
178.98,95468.30798165394
178.99,95470.73745496084
179.0,95469.39828003585
179.01,95470.52451436715
179.02,95472.33361498445
179.03,95472.22388158937
179.04,95475.0251444558
179.05,95473.22915272493
179.06,95475.84454177458
179.07,95475.90315379301
179.08,95476.53173776512
179.09,95477.21777024215
179.1,95476.73404956033
179.11,95477.67709080293
179.12,95478.21809385247
179.13,95480.27090704304
179.14000000000001,95479.8696457143
179.15,95480.04714954784
179.16,95479.99391667629
179.17000000000002,95483.55849658402
179.18,95483.01248355997
179.19,95482.89411285169
179.20000000000002,95483.22272682523
179.21,95486.1512760568
179.22,95483.92835046294
179.23,95485.9614766684
179.24,95485.18137708794
179.25,95486.51962605635
179.26,95487.30131423887
179.27,95488.74096514162
179.28,95489.48512784796
179.29,95488.66211105612
179.3,95489.93753293584
179.31,95491.21911115656
179.32,95491.24804089381
179.33,95493.06083412965
179.34,95493.29298065328
179.35,95494.43281012724
179.36,95494.3873179207
179.37,95494.19232375955
179.38,95496.20541488582
179.39000000000001,95495.17289771629
179.4,95498.23125748971
179.41,95496.84019433822
179.42000000000002,95498.62558828898
179.43,95498.12262852052
179.44,95500.83526326837
179.45000000000002,95499.91904587016
179.46,95500.45179923036
179.47,95503.54520932147
179.48,95501.14943819962
179.49,95502.20038435784
179.5,95503.02490640567
179.51,95504.77217323967
179.52,95505.39251139696
179.53,95504.71459266522
179.54,95505.68787097001
179.55,95508.31898975057
179.56,95507.52177885642
179.57,95506.67076342038
179.58,95507.47474921754
179.59,95507.73987961464
179.6,95509.001213434
179.61,95509.52022907983
179.62,95510.20281051862
179.63,95511.37455394279
179.64000000000001,95512.43432330489
179.65,95513.48086097787
179.66,95513.5351420343
179.67000000000002,95514.59137964912
179.68,95514.89009219933
179.69,95516.22570659893
179.70000000000002,95516.09458269046
179.71,95516.4996202626
179.72,95517.58905537595
179.73,95517.91018066781
179.74,95518.57685423017
179.75,95518.77789437001
179.76,95519.62659974683
179.77,95520.56502252858
179.78,95521.04605933574
179.79,95521.15507438449
179.8,95522.61532686066
179.81,95521.61066812846
179.82,95522.13602087265
179.83,95523.37495534398
179.84,95524.39325118001
179.85,95525.50764498302
179.86,95527.02518501763
179.87,95526.12049337728
179.88,95528.70733487073
179.89000000000001,95530.1849220248
179.9,95528.74315136178
179.91,95531.30808177417
179.92000000000002,95529.36935342546
179.93,95532.39372884706
179.94,95532.84467322672
179.95000000000002,95532.26826817924
179.96,95531.72424722047
179.97,95534.44830514636
179.98,95533.74237680133
179.99,95535.993052954
180.0,95536.62460998593
180.01,95535.98552730672
180.02,95537.04975198288
180.03,95535.03372380212
180.04,95537.98738020625
180.05,95536.2176310268
180.06,95536.994333619
180.07,95542.32341056556
180.08,95541.68354083263
180.09,95541.0478867072
180.1,95542.01940456677
180.11,95543.97960540302
180.12,95542.93322335498
180.13,95542.78437761695
180.14000000000001,95543.16278835229
180.15,95545.78980992595
180.16,95546.53988670018
180.17000000000002,95549.2874195218
180.18,95547.67053112393
180.19,95547.11761707319
180.20000000000002,95547.31803715743
180.21,95549.77025010214
180.22,95550.35613725016
180.23,95550.44064354632
180.24,95551.04835493668
180.25,95552.36018510327
180.26,95553.8865331979
180.27,95549.36689613678
180.28,95555.63090049312
180.29,95555.58841433199
180.3,95557.15317996491
180.31,95555.41991962252
180.32,95556.6871856634
180.33,95557.03629543043
180.34,95557.6181372617
180.35,95560.30970653926
180.36,95560.00135960679
180.37,95560.283512463
180.38,95561.49228023195
180.39000000000001,95559.63733881366
180.4,95561.46953982578
180.41,95562.482954089
180.42000000000002,95562.53771975737
180.43,95563.18925608856
180.44,95562.58287798656
180.45000000000002,95565.8443836501
180.46,95565.36664032486
180.47,95565.53008076228
180.48,95566.31707703951
180.49,95568.59612248519
180.5,95566.55549001285
180.51,95568.49578397578
180.52,95570.36205902613
180.53,95571.31952845736
180.54,95571.72366835241
180.55,95570.86359012024
180.56,95572.12312747404
180.57,95570.94986362329
180.58,95573.89154333339
180.59,95576.35524685384
180.6,95573.7394917856
180.61,95573.94930369714
180.62,95575.3969604745
180.63,95576.1365799046
180.64000000000001,95577.70472731495
180.65,95577.82412010149
180.66,95577.76359269687
180.67000000000002,95580.42734220132
180.68,95580.24222340656
180.69,95580.76122346298
180.70000000000002,95580.19395914958
180.71,95581.89075514078
180.72,95582.98069554266
180.73,95583.17189864273
180.74,95584.02451480932
180.75,95584.50309614452
180.76,95584.65846440404
180.77,95584.25406345054
180.78,95586.05645114355
180.79,95587.0373342373
180.8,95587.23175434217
180.81,95590.91577820152
180.82,95588.83534410047
180.83,95589.16667329596
180.84,95589.95799876186
180.85,95590.35360930435
180.86,95590.83867853602
180.87,95593.34732864075
180.88,95593.50676965684
180.89000000000001,95592.91009739591
180.9,95591.54896258506
180.91,95595.58135052653
180.92000000000002,95594.01271342098
180.93,95594.7044987028
180.94,95594.44004479825
180.95000000000002,95596.1278772649
180.96,95597.13034331617
180.97,95600.40125021007
180.98,95597.56985765058
180.99,95598.34735498557
181.0,95600.7578862185
181.01,95601.42027262377
181.02,95603.93812264329
181.03,95602.09689857892
181.04,95603.75655655745
181.05,95604.94815174413
181.06,95603.02316747924
181.07,95605.85464954781
181.08,95605.21329603376
181.09,95605.53344377488
181.1,95606.60546489766
181.11,95605.95224073168
181.12,95606.3302266911
181.13,95606.73267408607
181.14000000000001,95611.06559085689
181.15,95611.34909044155
181.16,95610.47821473696
181.17000000000002,95612.80231509762
181.18,95611.00344593788
181.19,95612.54561407035
181.20000000000002,95611.75209489792
181.21,95614.57253580593
181.22,95614.80813505572
181.23,95615.07811331676
181.24,95615.24936849557
181.25,95616.01643096845
181.26,95617.23877444507
181.27,95618.16034463866
181.28,95619.33901490823
181.29,95619.2617593854
181.3,95620.57558624157
181.31,95620.0143014774
181.32,95623.12723926765
181.33,95620.89516319071
181.34,95621.77772021062
181.35,95623.30266614717
181.36,95625.2888199146
181.37,95623.34785689242
181.38,95625.68352167726
181.39000000000001,95623.94598812891
181.4,95626.27447423649
181.41,95625.96993421958
181.42000000000002,95626.80661616186
181.43,95629.98822860277
181.44,95630.41187674241
181.45000000000002,95630.82998918615
181.46,95631.0631423513
181.47,95630.62043190912
181.48,95631.07034341223
181.49,95632.2069601255
181.5,95631.20373294818
181.51,95634.10906264496
181.52,95632.13981588563
181.53,95635.93205086238
181.54,95634.96862385847
181.55,95635.81279996186
181.56,95635.08768402155
181.57,95636.16895887625
181.58,95640.11144342783
181.59,95640.15370142537
181.6,95639.01024033624
181.61,95640.77346376514
181.62,95640.20341724025
181.63,95642.20538211575
181.64000000000001,95641.35974975639
181.65,95643.14658387045
181.66,95641.83462259252
181.67000000000002,95643.7624569671
181.68,95644.64067167247
181.69,95647.25288190358
181.70000000000002,95645.8528665763
181.71,95646.4645192937
181.72,95649.36145724844
181.73,95647.45024880872
181.74,95648.21364755917
181.75,95649.54756332387
181.76,95648.95306876046
181.77,95648.29121628944
181.78,95650.89494186713
181.79,95650.08371666056
181.8,95651.92532605014
181.81,95652.71391510821
181.82,95654.41048849768
181.83,95653.55286609143
181.84,95655.31854446785
181.85,95654.61388497692
181.86,95656.54334835138
181.87,95657.39228917669
181.88,95657.98377240059
181.89000000000001,95657.37265434478
181.9,95660.25349597608
181.91,95660.56462273463
181.92000000000002,95659.70196029604
181.93,95661.43835735598
181.94,95660.95011282255
181.95000000000002,95662.61832782222
181.96,95663.10170465425
181.97,95662.24420894771
181.98,95664.3901793899
181.99,95665.67480789998
182.0,95664.0540638854
182.01,95665.86083342454
182.02,95666.94516349862
182.03,95666.23466176819
182.04,95667.58124855162
182.05,95669.48724137727
182.06,95668.9935192184
182.07,95669.28322905693
182.08,95668.75290812069
182.09,95670.80558202478
182.1,95670.28866204424
182.11,95672.08507805703
182.12,95672.60982266442
182.13,95674.04844785009
182.14000000000001,95675.30245139978
182.15,95674.53019056769
182.16,95676.16630477358
182.17000000000002,95677.47565136827
182.18,95678.45295870081
182.19,95677.48248934366
182.20000000000002,95677.42927647285
182.21,95679.25035511758
182.22,95678.05767433185
182.23,95681.62724872775
182.24,95682.29146746907
182.25,95681.88138380059
182.26,95681.06722191477
182.27,95683.71956727008
182.28,95683.77579135922
182.29,95684.94133751655
182.3,95687.0408664156
182.31,95685.76372279493
182.32,95686.28013271344
182.33,95686.03555809223
182.34,95687.00359135367
182.35,95688.0468842251
182.36,95690.23888070954
182.37,95689.55628625985
182.38,95689.76353469153
182.39000000000001,95689.65740363905
182.4,95692.266363995
182.41,95691.58804447971
182.42000000000002,95691.34050345002
182.43,95693.42049179679
182.44,95695.18122153505
182.45000000000002,95692.20061188095
182.46,95695.10291851638
182.47,95695.22104626441
182.48,95697.30115192766
182.49,95697.69934743582
182.5,95698.98926774121
182.51,95699.58514799355
182.52,95698.79495848817
182.53,95699.65914327036
182.54,95699.58784022628
182.55,95699.25770691103
182.56,95702.110971934
182.57,95701.77732420353
182.58,95701.16327401818
182.59,95704.47603581083
182.6,95703.12314210179
182.61,95704.47489731466
182.62,95704.82814822084
182.63,95706.07329844643
182.64000000000001,95706.71088302354
182.65,95706.81476191602
182.66,95707.84294772091
182.67000000000002,95710.36620317653
182.68,95708.68653221922
182.69,95709.59801706662
182.70000000000002,95711.04962553558
182.71,95710.1035133262
182.72,95710.76229869733
182.73,95710.91240063758
182.74,95712.97106805087
182.75,95711.59249147441
182.76,95715.58395897695
182.77,95711.73123738547
182.78,95716.39074202561
182.79,95718.43981349035
182.8,95717.18936171115
182.81,95716.1309347862
182.82,95719.39325588568
182.83,95720.5897901321
182.84,95718.9840954828
182.85,95718.29594672729
182.86,95721.71465760279
182.87,95719.23754245818
182.88,95721.92686733801
182.89000000000001,95720.75279709604
182.9,95724.52661490832
182.91,95723.7846444832
182.92000000000002,95723.6914452718
182.93,95724.73770188248
182.94,95727.38248706679
182.95000000000002,95725.46998074523
182.96,95728.2411007888
182.97,95727.42513203695
182.98,95729.37265619001
182.99,95729.52651574231
183.0,95729.55632677671
183.01,95730.133690763
183.02,95731.02378400878
183.03,95730.9744874881
183.04,95733.84715738929
183.05,95731.6778527865
183.06,95732.8875812086
183.07,95734.58623949684
183.08,95733.45563686822
183.09,95733.46236504096
183.1,95737.21557461427
183.11,95735.8365846266
183.12,95737.59122667511
183.13,95738.5296221555
183.14000000000001,95740.22483289048
183.15,95739.45326964429
183.16,95741.68656140311
183.17000000000002,95740.69342426538
183.18,95741.89926521144
183.19,95743.00273400125
183.20000000000002,95743.98172865387
183.21,95744.70252812486
183.22,95743.332188272
183.23,95742.04293100472
183.24,95745.27735468253
183.25,95746.29507861137
183.26,95746.92346612923
183.27,95745.59548474557
183.28,95748.4365203973
183.29,95749.0590264242
183.3,95749.77979721119
183.31,95750.35076060686
183.32,95749.9218668188
183.33,95750.45703969136
183.34,95751.66631486123
183.35,95754.92345328158
183.36,95753.230365462
183.37,95751.89143346752
183.38,95755.51428675065
183.39000000000001,95754.19826992691
183.4,95755.49693189534
183.41,95757.12027675875
183.42000000000002,95756.91110624404
183.43,95757.48459513467
183.44,95757.4457861262
183.45000000000002,95759.73784358673
183.46,95760.39081932303
183.47,95759.45983963489
183.48,95757.95119692963
183.49,95761.49804324938
183.5,95761.52855211752
183.51,95763.56612633255
183.52,95764.26694903891
183.53,95764.1273170673
183.54,95764.86265560646
183.55,95763.5818230906
183.56,95764.1716922846
183.57,95765.78825488292
183.58,95766.16826072677
183.59,95767.19771454847
183.6,95769.06335735066
183.61,95769.92054398544
183.62,95770.5922704533
183.63,95772.08307164439
183.64000000000001,95772.1986389835
183.65,95771.07858091779
183.66,95772.88939639741
183.67000000000002,95772.48122583766
183.68,95773.18429037058
183.69,95773.60854858026
183.70000000000002,95776.20737622459
183.71,95776.72069824424
183.72,95776.4489490523
183.73,95776.04771649945
183.74,95777.73970826637
183.75,95777.70256689834
183.76,95778.55859772777
183.77,95779.02215553776
183.78,95779.3977603636
183.79,95781.87121932715
183.8,95781.11857887954
183.81,95780.87571014595
183.82,95781.64029092462
183.83,95782.6232467768
183.84,95786.60438103083
183.85,95784.37028876216
183.86,95784.74473446244
183.87,95785.28724955923
183.88,95785.7217328452
183.89000000000001,95788.39253501527
183.9,95788.87626347717
183.91,95788.1622586765
183.92000000000002,95789.80861505771
183.93,95790.2264104177
183.94,95790.55344950575
183.95000000000002,95791.52764740726
183.96,95792.03864432909
183.97,95792.98947050051
183.98,95792.8737381678
183.99,95794.77310098347
184.0,95793.84876654914
184.01,95793.03405572877
184.02,95795.46969812956
184.03,95795.86698262386
184.04,95796.78397791943
184.05,95797.85776072447
184.06,95799.27909420978
184.07,95799.32213521909
184.08,95799.76716686868
184.09,95800.01264717744
184.1,95802.2423149635
184.11,95802.41665185279
184.12,95801.35653272935
184.13,95803.86972377986
184.14000000000001,95802.61335364259
184.15,95803.9837245221
184.16,95806.42546151334
184.17000000000002,95805.78174128545
184.18,95804.18799340788
184.19,95807.15522818906
184.20000000000002,95807.92386975772
184.21,95808.01553854063
184.22,95807.60196986917
184.23,95809.69083365974
184.24,95808.85219024098
184.25,95811.61459250729
184.26,95810.67034442887
184.27,95810.46318622745
184.28,95811.61585727092
184.29,95812.85587142786
184.3,95812.84262827992
184.31,95814.24989523752
184.32,95815.29806202278
184.33,95815.99172822168
184.34,95816.65744574263
184.35,95817.17513503048
184.36,95818.01509552743
184.37,95819.38140281038
184.38,95820.39134134284
184.39000000000001,95821.65725381476
184.4,95819.62961418879
184.41,95820.38264810764
184.42000000000002,95824.2383366403
184.43,95822.68895805825
184.44,95822.22044896513
184.45000000000002,95824.69385643252
184.46,95823.05204958984
184.47,95822.70535434477
184.48,95825.20762972499
184.49,95825.69369819618
184.5,95825.65043811908
184.51,95827.5855238563
184.52,95827.45956355685
184.53,95830.15688135431
184.54,95829.38351414076
184.55,95829.68444208003
184.56,95831.6796063168
184.57,95831.09692025365
184.58,95831.9718603383
184.59,95830.97054484018
184.6,95832.73925612964
184.61,95832.74109221125
184.62,95834.72635641042
184.63,95836.01202863966
184.64000000000001,95835.84769422778
184.65,95837.16767139766
184.66,95839.08023009454
184.67000000000002,95838.84852475506
184.68,95839.4125432528
184.69,95838.04784080491
184.70000000000002,95840.87429146243
184.71,95840.42971220368
184.72,95841.2263612473
184.73,95840.6101255397
184.74,95843.0248757573
184.75,95842.50117736953
184.76,95842.45168872202
184.77,95844.40064941366
184.78,95845.06018643465
184.79,95844.7462652585
184.8,95846.82792266861
184.81,95846.96605551761
184.82,95846.55876482638
184.83,95848.04449911282
184.84,95847.30862212782
184.85,95851.43937054084
184.86,95849.76540500902
184.87,95850.37933334812
184.88,95852.45940480081
184.89000000000001,95853.80565186984
184.9,95852.44511870337
184.91,95852.19062475392
184.92000000000002,95854.49656158159
184.93,95854.10890994986
184.94,95855.18733081635
184.95000000000002,95855.67583718259
184.96,95857.42665261192
184.97,95856.61483519802
184.98,95860.06355919078
184.99,95857.59583793246
185.0,95860.98865284293
185.01,95860.82886411103
185.02,95860.0083310049
185.03,95860.39845109284
185.04,95859.13630039111
185.05,95863.74062381734
185.06,95861.61573947778
185.07,95865.19540644588
185.08,95865.61657540764
185.09,95864.0298893648
185.1,95864.83073208615
185.11,95866.13651691593
185.12,95866.0811547721
185.13,95867.19640032027
185.14000000000001,95868.65963165295
185.15,95868.6208055201
185.16,95867.00073177507
185.17000000000002,95870.60562123315
185.18,95870.0901300776
185.19,95870.98147649784
185.20000000000002,95874.15527339336
185.21,95873.08980192183
185.22,95873.62630129074
185.23,95874.16503656679
185.24,95873.40848833897
185.25,95874.12816439208
185.26,95874.4705503097
185.27,95876.01974233978
185.28,95876.53073546334
185.29,95877.17150498975
185.3,95878.78769317569
185.31,95879.12242140889
185.32,95880.76152336989
185.33,95882.03000514921
185.34,95880.88165865873
185.35,95882.38732129602
185.36,95881.1636115373
185.37,95883.17392949683
185.38,95884.09490209357
185.39000000000001,95886.14966380913
185.4,95885.48063297346
185.41,95886.33176785307
185.42000000000002,95888.24573560417
185.43,95885.70791592072
185.44,95886.68037900978
185.45000000000002,95887.99363294522
185.46,95887.83281024145
185.47,95890.71859273965
185.48,95891.15498127496
185.49,95890.14929038032
185.5,95890.7397111412
185.51,95894.16005040584
185.52,95895.10913806615
185.53,95893.85798010307
185.54,95895.30715569427
185.55,95895.99311157272
185.56,95895.42796449826
185.57,95897.29380906295
185.58,95896.5299899891
185.59,95898.43974969699
185.6,95898.78918436744
185.61,95899.05494704004
185.62,95898.41618983776
185.63,95900.86120544115
185.64000000000001,95899.83937168453
185.65,95900.74801327355
185.66,95902.42871285172
185.67000000000002,95902.37429150498
185.68,95902.74075356772
185.69,95903.5519774566
185.70000000000002,95905.25676068761
185.71,95906.53540682809
185.72,95904.8709399721
185.73,95905.80083602387
185.74,95907.4031987553
185.75,95907.66241023608
185.76,95907.64178069691
185.77,95908.43345773824
185.78,95908.43053482218
185.79,95909.0953898694
185.8,95912.932723053
185.81,95911.85844829297
185.82,95912.42136556124
185.83,95913.31363726339
185.84,95912.21495867055
185.85,95916.93459404445
185.86,95915.61266081131
185.87,95915.13120847025
185.88,95915.61987547859
185.89000000000001,95917.56637513303
185.9,95916.76683990557
185.91,95918.77519897823
185.92000000000002,95920.895709478
185.93,95921.14299976036
185.94,95921.05078188535
185.95000000000002,95919.46273178943
185.96,95921.10274056709
185.97,95923.43214393179
185.98,95923.77966557382
185.99,95924.44171035265
186.0,95924.92843498493
186.01,95924.48466506624
186.02,95923.51806603097
186.03,95926.17695883215
186.04,95927.35554391886
186.05,95927.43688966378
186.06,95928.49123187187
186.07,95929.21457406548
186.08,95927.26248512251
186.09,95928.08182020334
186.1,95930.88170257368
186.11,95930.53524572455
186.12,95931.25618329682
186.13,95933.38734310126
186.14000000000001,95936.68304761639
186.15,95933.29258591759
186.16,95933.9730597715
186.17000000000002,95932.94788787469
186.18,95935.99012243241
186.19,95936.4891274957
186.20000000000002,95936.63692379526
186.21,95937.16542418522
186.22,95939.54899712482
186.23,95936.94437616123
186.24,95940.15407456053
186.25,95939.52001665306
186.26,95941.52002943418
186.27,95941.89763521541
186.28,95942.7119953582
186.29,95943.49361955046
186.3,95944.45539258556
186.31,95944.42745059686
186.32,95944.29101570953
186.33,95947.48289257345
186.34,95945.60564494767
186.35,95945.45413983075
186.36,95949.04976914193
186.37,95945.92537150114
186.38,95949.3967338759
186.39000000000001,95948.5558522345
186.4,95950.63502897818
186.41,95950.1307298901
186.42000000000002,95952.32116676465
186.43,95953.50637471623
186.44,95951.8704954474
186.45000000000002,95950.51851315876
186.46,95952.83700674662
186.47,95954.48617169143
186.48,95955.32299403794
186.49,95956.0728345699
186.5,95956.68903268159
186.51,95955.85045309733
186.52,95955.95873831771
186.53,95960.35331328686
186.54,95959.7918039967
186.55,95959.04902127747
186.56,95961.07833712662
186.57,95960.98945843738
186.58,95961.82556037494
186.59,95961.50895963574
186.6,95964.29754553958
186.61,95964.67798446328
186.62,95964.85313454669
186.63,95963.71060935677
186.64000000000001,95966.0905724609
186.65,95965.87112158808
186.66,95966.77358738561
186.67000000000002,95967.82157087403
186.68,95967.84109613636
186.69,95968.22243992654
186.70000000000002,95969.38561521354
186.71,95970.32390000275
186.72,95971.70656240475
186.73,95972.67549997503
186.74,95972.21156425981
186.75,95971.97638072724
186.76,95971.64840864694
186.77,95973.71546095653
186.78,95974.26734390731
186.79,95975.80681708838
186.8,95974.77090570067
186.81,95976.25440923565
186.82,95977.4701667235
186.83,95978.20105780184
186.84,95978.44531576872
186.85,95977.50245864599
186.86,95980.92195428385
186.87,95979.41211268282
186.88,95980.55891566821
186.89000000000001,95982.69686266946
186.9,95983.38181103936
186.91,95984.53281512758
186.92000000000002,95983.54207062573
186.93,95984.77448871672
186.94,95985.23795996518
186.95000000000002,95985.62953901102
186.96,95985.55018152049
186.97,95986.2000371794
186.98,95988.16731531516
186.99,95986.64808292297
187.0,95988.45377664504
187.01,95990.21808430656
187.02,95990.9860756924
187.03,95991.05077539197
187.04,95991.64368352763
187.05,95992.79390772521
187.06,95993.48462403666
187.07,95993.98052430309
187.08,95992.88001245492
187.09,95995.45746003145
187.1,95994.6909286452
187.11,95997.25193530784
187.12,95997.69731409162
187.13,95998.75193023436
187.14000000000001,95997.87083588746
187.15,95998.93609877475
187.16,95998.87976021486
187.17000000000002,96001.15938364496
187.18,96000.23551728438
187.19,96000.2407067962
187.20000000000002,96003.5151802407
187.21,96002.11077194076
187.22,96002.86802118747
187.23,96002.28603180702
187.24,96005.1843263494
187.25,96005.98793759252
187.26,96005.98323264609
187.27,96005.5782967067
187.28,96007.3814461972
187.29,96006.8177784757
187.3,96008.85953513373
187.31,96008.71475961423
187.32,96010.23434127668
187.33,96009.1977629727
187.34,96011.23565951758
187.35,96011.39366032321
187.36,96012.98099258401
187.37,96012.4999052954
187.38,96011.37757300632
187.39000000000001,96013.59658286278
187.4,96013.60959212066
187.41,96016.41861515304
187.42000000000002,96016.48444421853
187.43,96017.32583172512
187.44,96016.64315181052
187.45000000000002,96018.65975423233
187.46,96019.63622366897
187.47,96019.64533821667
187.48,96019.2862674585
187.49,96018.15706379026
187.5,96020.55447590882
187.51,96021.88095598652
187.52,96022.55394931258
187.53,96023.95501319943
187.54,96023.10530158813
187.55,96023.48369862339
187.56,96024.04371752444
187.57,96025.55041154532
187.58,96026.39394215084
187.59,96028.45440732707
187.6,96027.76760277932
187.61,96028.05166416932
187.62,96027.46335061123
187.63,96030.19239847203
187.64000000000001,96029.78401793691
187.65,96029.41991474423
187.66,96030.63777846603
187.67000000000002,96031.88920943836
187.68,96034.20517550316
187.69,96032.93448682193
187.70000000000002,96034.03663197099
187.71,96035.21924558059
187.72,96035.48905028282
187.73,96035.18739034716
187.74,96036.84391557127
187.75,96037.99525629378
187.76,96038.37239710242
187.77,96039.47690492778
187.78,96039.84248089386
187.79,96039.44267377447
187.8,96040.53261054517
187.81,96040.59883915963
187.82,96041.55668189004
187.83,96042.86701210086
187.84,96043.82858601709
187.85,96045.73434623364
187.86,96043.54523393103
187.87,96046.53993071096
187.88,96047.66003329848
187.89000000000001,96046.86765213493
187.9,96047.87319756062
187.91,96048.41462751829
187.92000000000002,96048.64680786377
187.93,96048.27798644683
187.94,96050.2226725204
187.95000000000002,96050.90890834782
187.96,96050.4445242746
187.97,96051.70880384288
187.98,96052.61299318362
187.99,96052.23898595695
188.0,96052.09097526594
188.01,96053.59713463501
188.02,96054.72272788314
188.03,96056.51598692045
188.04,96055.90650899487
188.05,96057.61587151459
188.06,96057.58726997404
188.07,96057.39979389959
188.08,96059.96261903082
188.09,96059.15106118888
188.1,96060.12252369654
188.11,96062.81472244623
188.12,96060.55708148282
188.13,96061.47018781325
188.14000000000001,96063.48498352444
188.15,96062.01942360413
188.16,96065.17467077907
188.17000000000002,96065.99242966951
188.18,96065.05292825794
188.19,96065.46588293614
188.20000000000002,96065.15860563325
188.21,96066.98671968246
188.22,96067.67206981564
188.23,96069.15959570906
188.24,96068.963265367
188.25,96070.75995863232
188.26,96070.64935270982
188.27,96071.96772571122
188.28,96070.6724775265
188.29,96070.55127702936
188.3,96074.01158954472
188.31,96074.08503006471
188.32,96073.12202168063
188.33,96075.1729387382
188.34,96074.19164931214
188.35,96076.50060532577
188.36,96076.40897055223
188.37,96077.56324443987
188.38,96078.90360778675
188.39000000000001,96079.41467054722
188.4,96079.90893097209
188.41,96080.13944886894
188.42000000000002,96083.1324146296
188.43,96082.29714435055
188.44,96084.72410257335
188.45000000000002,96081.4198105531
188.46,96083.5769102818
188.47,96084.40167663018
188.48,96084.00094026177
188.49,96085.23599442789
188.5,96086.47995484096
188.51,96086.0699295437
188.52,96087.60674352877
188.53,96089.29588270278
188.54,96086.81470226804
188.55,96089.1718517422
188.56,96091.08440906322
188.57,96088.71058433187
188.58,96091.28599212652
188.59,96090.52702453885
188.6,96091.44906036272
188.61,96092.53988262272
188.62,96094.81172180295
188.63,96094.36803843158
188.64000000000001,96093.50265143653
188.65,96095.48817911549
188.66,96095.98076210855
188.67000000000002,96097.77565053655
188.68,96096.69039083991
188.69,96098.36371150885
188.70000000000002,96098.47430033675
188.71,96101.68930535059
188.72,96100.21629377577
188.73,96101.12241489263
188.74,96099.49331897407
188.75,96103.79779071125
188.76,96103.95984719315
188.77,96103.04394649543
188.78,96102.37604341695
188.79,96104.93508527272
188.8,96104.67828801644
188.81,96105.31751523192
188.82,96107.39610099621
188.83,96107.12301492022
188.84,96107.7232934403
188.85,96109.02797934873
188.86,96108.77343125305
188.87,96110.37859100188
188.88,96111.77429627608
188.89000000000001,96110.86682554094
188.9,96112.01296267533
188.91,96112.21220998483
188.92000000000002,96112.44394768027
188.93,96113.5966603888
188.94,96114.71308809194
188.95000000000002,96116.3248019087
188.96,96114.77622999238
188.97,96117.17777115999
188.98,96116.53963786876
188.99,96117.49624557284
189.0,96117.95470407761
189.01,96119.02465990922
189.02,96121.08900327086
189.03,96119.80528184224
189.04,96121.01252301509
189.05,96120.94734541351
189.06,96122.6203132828
189.07,96122.24586563715
189.08,96122.69966516149
189.09,96124.38202494958
189.1,96122.8047869442
189.11,96124.61990572159
189.12,96126.18714248037
189.13,96128.31990677233
189.14000000000001,96126.45170341105
189.15,96129.04471334392
189.16,96127.56115378204
189.17000000000002,96129.06792183529
189.18,96129.2792384074
189.19,96132.31366671537
189.20000000000002,96130.26413221772
189.21,96130.97059186746
189.22,96132.71731273536
189.23,96133.06541389866
189.24,96135.14074795967
189.25,96134.67074141205
189.26,96135.83169556303
189.27,96136.49578436662
189.28,96136.81552821402
189.29,96138.77410578605
189.3,96136.64658502056
189.31,96138.80193325355
189.32,96137.2644675415
189.33,96139.31445020127
189.34,96140.83915772825
189.35,96141.26610784906
189.36,96140.65124758218
189.37,96141.62623455992
189.38,96144.4865502763
189.39000000000001,96143.72704236953
189.4,96144.85243566101
189.41,96144.21600640082
189.42000000000002,96145.68081898965
189.43,96146.65792028091
189.44,96146.247194934
189.45000000000002,96146.60804149313
189.46,96147.1441369468
189.47,96149.53743658304
189.48,96149.71208733176
189.49,96149.52020627267
189.5,96150.18648689924
189.51,96150.14101750853
189.52,96150.27215175517
189.53,96151.99757970453
189.54,96154.05313310435
189.55,96152.8317386196
189.56,96156.05093034063
189.57,96156.45588974544
189.58,96155.31117438934
189.59,96157.87935482469
189.6,96158.11887642372
189.61,96156.9498972134
189.62,96158.44927193955
189.63,96159.26897622162
189.64000000000001,96160.15357217542
189.65,96160.01088872134
189.66,96162.06047419319
189.67000000000002,96161.0049851867
189.68,96163.72742936855
189.69,96163.36984775192
189.70000000000002,96163.4597159165
189.71,96164.25005731976
189.72,96163.48309751763
189.73,96165.78623232956
189.74,96166.75599974631
189.75,96165.83898152524
189.76,96167.24943811518
189.77,96165.70875414931
189.78,96169.9472836041
189.79,96171.22096844415
189.8,96170.26695581715
189.81,96169.96110237288
189.82,96171.30345215832
189.83,96171.9822968328
189.84,96172.57466096338
189.85,96173.45479151617
189.86,96172.30646648342
189.87,96175.77882929475
189.88,96175.45271932027
189.89000000000001,96177.22144687691
189.9,96177.5584006013
189.91,96177.59160350624
189.92000000000002,96178.96990007821
189.93,96180.3168380855
189.94,96176.85743922698
189.95000000000002,96177.85829538373
189.96,96181.39874101072
189.97,96181.7274979966
189.98,96182.60338487358
189.99,96182.24181506946
190.0,96182.32985721085
190.01,96183.12971522273
190.02,96183.96845749201
190.03,96182.75488815557
190.04,96185.17961302084
190.05,96187.13136959236
190.06,96186.93694676044
190.07,96188.9159728576
190.08,96188.21769763812
190.09,96187.65438948311
190.1,96190.20364446432
190.11,96189.62018821253
190.12,96192.00165361412
190.13,96191.57432934217
190.14000000000001,96190.30612588873
190.15,96192.67495632067
190.16,96193.01175405279
190.17000000000002,96194.6823587321
190.18,96195.78557620043
190.19,96194.74535071195
190.20000000000002,96196.87949334322
190.21,96196.63931904228
190.22,96197.44444264928
190.23,96198.53557678631
190.24,96199.002464468
190.25,96199.53201166893
190.26,96200.89917383139
190.27,96201.51023978727
190.28,96199.91776197555
190.29,96201.80590453414
190.3,96202.29914984124
190.31,96204.12131001345
190.32,96204.08267278688
190.33,96205.4477004622
190.34,96205.85660404326
190.35,96205.21701696751
190.36,96206.08770513714
190.37,96206.84500063273
190.38,96207.49841884784
190.39000000000001,96208.8831454342
190.4,96209.33439173813
190.41,96210.80809628968
190.42000000000002,96209.22538794918
190.43,96210.17356656528
190.44,96212.22344068438
190.45000000000002,96213.85733900884
190.46,96211.81640616992
190.47,96213.23136047166
190.48,96215.57720773401
190.49,96212.76004958933
190.5,96216.39514995893
190.51,96215.5367171976
190.52,96217.46368941203
190.53,96216.89273444765
190.54,96217.15053942648
190.55,96217.78740335815
190.56,96218.34720053393
190.57,96219.58399806528
190.58,96219.901742087
190.59,96220.9689843056
190.6,96223.50853046773
190.61,96223.6342542363
190.62,96223.80087699473
190.63,96223.73701920884
190.64000000000001,96224.17668168097
190.65,96225.48233853845
190.66,96226.35724158394
190.67000000000002,96226.27949432953
190.68,96225.81833529285
190.69,96226.81902568578
190.70000000000002,96228.43204447153
190.71,96229.76158955113
190.72,96229.41837338632
190.73,96228.96648835813
190.74,96228.64825872972
190.75,96231.88521952904
190.76,96234.06068025423
190.77,96231.51431002951
190.78,96232.84665585257
190.79,96234.0964209878
190.8,96234.28739293395
190.81,96234.19942514793
190.82,96236.87789429295
190.83,96235.79343373234
190.84,96237.28068554364
190.85,96238.78656240329
190.86,96239.83289169539
190.87,96237.09137043961
190.88,96237.99648063794
190.89000000000001,96240.43569002172
190.9,96242.64837758121
190.91,96242.02788433676
190.92000000000002,96242.4785631011
190.93,96244.83051048985
190.94,96244.25670689503
190.95000000000002,96245.18026287781
190.96,96244.435515508
190.97,96245.04688377095
190.98,96246.93094838715
190.99,96246.20815967016
191.0,96247.48167567952
191.01,96248.37760725482
191.02,96248.72322122823
191.03,96250.22557357536
191.04,96249.74080148168
191.05,96252.27827312502
191.06,96252.19732140515
191.07,96251.2089751353
191.08,96252.90394146305
191.09,96253.65377234701
191.1,96253.88180075432
191.11,96254.81273446284
191.12,96255.13487728049
191.13,96256.6092839133
191.14000000000001,96258.52148994712
191.15,96258.95530333495
191.16,96258.8080360571
191.17000000000002,96258.74760610737
191.18,96257.19254411066
191.19,96258.49963599657
191.20000000000002,96260.05184872224
191.21,96262.36721922012
191.22,96262.37616196559
191.23000000000002,96261.63566390821
191.24,96263.33827255
191.25,96264.72047891589
191.26,96262.73308374605
191.27,96265.65686769848
191.28,96266.71209589709
191.29,96267.66239173914
191.3,96267.45097344568
191.31,96267.7983762954
191.32,96268.26893970901
191.33,96268.92717560305
191.34,96269.79994103052
191.35,96270.87444915388
191.36,96271.05847826132
191.37,96271.26391953373
191.38,96272.58363473855
191.39000000000001,96271.61429843398
191.4,96274.06887799488
191.41,96273.76602406733
191.42000000000002,96274.72426703676
191.43,96274.44888998757
191.44,96276.17074077224
191.45000000000002,96275.9351749223
191.46,96278.73728277753
191.47,96277.98394008256
191.48000000000002,96280.7118833214
191.49,96280.17543008397
191.5,96279.37738065576
191.51,96280.78137743242
191.52,96281.93614455473
191.53,96283.83643191934
191.54,96281.00756426345
191.55,96281.9987909191
191.56,96284.32315737865
191.57,96284.03976030851
191.58,96284.67116542993
191.59,96285.238860439
191.6,96283.95480224476
191.61,96287.64972343887
191.62,96288.04738048486
191.63,96288.24567735541
191.64000000000001,96287.0349531582
191.65,96288.90871614072
191.66,96290.81379048635
191.67000000000002,96289.63919258422
191.68,96291.75679027247
191.69,96293.21220026913
191.70000000000002,96293.28044898582
191.71,96293.65196251853
191.72,96294.4768363084
191.73000000000002,96294.44980439835
191.74,96294.072986881
191.75,96296.78092545396
191.76,96296.70633194965
191.77,96297.92628868936
191.78,96298.70502412859
191.79,96297.69779271045
191.8,96296.57871870314
191.81,96298.65764237403
191.82,96299.78015803958
191.83,96301.64663014325
191.84,96302.87011411384
191.85,96302.47056858765
191.86,96303.82606665642
191.87,96303.7528759651
191.88,96305.54232154932
191.89000000000001,96305.60118157351
191.9,96307.23342123903
191.91,96307.61418276397
191.92000000000002,96308.05158450286
191.93,96306.86566215218
191.94,96309.66971324764
191.95000000000002,96308.96694184878
191.96,96311.26331586379
191.97,96310.09480855743
191.98000000000002,96312.1425926188
191.99,96311.71845741189
192.0,96314.34304376622
192.01,96313.76423146192
192.02,96312.41210441432
192.03,96315.12211918466
192.04,96317.4821635352
192.05,96318.0414950646
192.06,96315.68158676119
192.07,96317.5348656625
192.08,96317.39876148655
192.09,96318.61701635973
192.1,96318.44485413107
192.11,96319.28571247892
192.12,96321.6130604347
192.13,96320.61264964576
192.14000000000001,96322.23680214607
192.15,96324.10132841999
192.16,96324.28521255158
192.17000000000002,96323.76930742919
192.18,96323.37417964682
192.19,96325.69101218058
192.20000000000002,96324.78337598745
192.21,96326.23067394232
192.22,96327.61108128524
192.23000000000002,96325.93888081308
192.24,96327.00217328289
192.25,96328.64481583658
192.26,96329.47185186416
192.27,96329.56551178153
192.28,96330.22361855666
192.29,96331.5501520877
192.3,96331.30539505344
192.31,96332.09466410804
192.32,96335.51031344011
192.33,96335.45232901517
192.34,96334.69861179923
192.35,96336.45460942526
192.36,96335.72298665399
192.37,96334.63949709525
192.38,96338.09153713018
192.39000000000001,96337.28002663932
192.4,96338.65264186388
192.41,96338.70097584883
192.42000000000002,96338.94048555153
192.43,96342.0371448739
192.44,96342.65383109555
192.45000000000002,96341.36834311909
192.46,96341.28537812717
192.47,96343.67523165859
192.48000000000002,96343.5476302403
192.49,96346.54902404206
192.5,96344.5857732974
192.51,96345.54380934758
192.52,96345.11680882175
192.53,96346.64559004553
192.54,96347.07395661823
192.55,96347.58875877238
192.56,96349.23186628928
192.57,96349.4255408975
192.58,96350.89887041438
192.59,96352.18270487801
192.6,96350.16990007804
192.61,96351.982692107
192.62,96353.50907453308
192.63,96353.48366301876
192.64000000000001,96353.96371587337
192.65,96356.31786976127
192.66,96354.58467712392
192.67000000000002,96355.11980179136
192.68,96356.9366759337
192.69,96359.19030340013
192.70000000000002,96356.85300421192
192.71,96358.28958645712
192.72,96359.8243499205
192.73000000000002,96360.03787141432
192.74,96359.90808395013
192.75,96359.14475813907
192.76,96361.44424210461
192.77,96360.91112773592
192.78,96363.12625765236
192.79,96363.60008266271
192.8,96364.35797334685
192.81,96365.4688950295
192.82,96363.89263282905
192.83,96368.11376576728
192.84,96368.34233334626
192.85,96366.64696154605
192.86,96366.88703358971
192.87,96368.77951133825
192.88,96368.1737901833
192.89000000000001,96368.95144897231
192.9,96371.62429433329
192.91,96371.76579555793
192.92000000000002,96371.96647621748
192.93,96374.38104330063
192.94,96372.85511594327
192.95000000000002,96374.57379518893
192.96,96374.72223188428
192.97,96375.39385605056
192.98000000000002,96375.7037429106
192.99,96375.93122984329
193.0,96377.9070977457
193.01,96377.44435228933
193.02,96378.19747260227
193.03,96378.65976302976
193.04,96381.76989785388
193.05,96379.87317929053
193.06,96380.3844397236
193.07,96382.81774080817
193.08,96384.75516369462
193.09,96382.97926921917
193.1,96384.47848696433
193.11,96384.38441185528
193.12,96384.39916986434
193.13,96386.85411835938
193.14000000000001,96385.58819574492
193.15,96387.60240622426
193.16,96387.07120096436
193.17000000000002,96390.19110348674
193.18,96390.47165145322
193.19,96390.43249056146
193.20000000000002,96390.3651148631
193.21,96389.80905505283
193.22,96392.41287326661
193.23000000000002,96391.82080513785
193.24,96393.88953235767
193.25,96390.43895411474
193.26,96393.39701871866
193.27,96395.09653153813
193.28,96396.53737118263
193.29,96396.65019309401
193.3,96396.82510598727
193.31,96396.58093912546
193.32,96398.51145266583
193.33,96398.04082902963
193.34,96401.48583822456
193.35,96400.66507493047
193.36,96401.51664119994
193.37,96401.8101986871
193.38,96400.40178342184
193.39000000000001,96402.98244751463
193.4,96404.2196363726
193.41,96403.66297392931
193.42000000000002,96404.84627327896
193.43,96405.16428406893
193.44,96405.4127611129
193.45000000000002,96407.33354028962
193.46,96406.55261146379
193.47,96408.53038483707
193.48000000000002,96408.53259426565
193.49,96408.92476217014
193.5,96411.37976632628
193.51,96411.44695281402
193.52,96412.80022727513
193.53,96412.87004690012
193.54,96411.63176012441
193.55,96413.55273292071
193.56,96413.67148148686
193.57,96414.33315978394
193.58,96415.99441991093
193.59,96416.7087099062
193.6,96416.59003596725
193.61,96415.82541170088
193.62,96417.79803345626
193.63,96416.56160328758
193.64000000000001,96417.2260745279
193.65,96420.6665087445
193.66,96420.29732865923
193.67000000000002,96420.85934405557
193.68,96420.82640916998
193.69,96423.56299827338
193.70000000000002,96423.00881960243
193.71,96422.21957515294
193.72,96422.36465636094
193.73000000000002,96425.80829999362
193.74,96425.96858480551
193.75,96426.38336862002
193.76,96426.6229118479
193.77,96428.18970161559
193.78,96426.61883349871
193.79,96428.89719436123
193.8,96428.529540912
193.81,96430.89887870432
193.82,96429.82298495388
193.83,96431.83436937688
193.84,96431.82772448678
193.85,96432.72602925487
193.86,96432.08355490127
193.87,96432.5633654688
193.88,96434.57362841758
193.89000000000001,96435.6770155517
193.9,96437.2465112244
193.91,96437.92366495491
193.92000000000002,96436.1469025137
193.93,96435.68147757048
193.94,96437.77290197686
193.95000000000002,96439.95429711862
193.96,96440.48523104835
193.97,96440.76021468893
193.98000000000002,96441.31314248916
193.99,96439.30995979105
194.0,96441.41813787361
194.01,96442.51836167186
194.02,96443.21640661635
194.03,96441.98519282188
194.04,96445.07601009154
194.05,96444.96713344679
194.06,96446.23877915736
194.07,96447.47759614067
194.08,96445.45569310305
194.09,96447.70370576753
194.1,96447.50868764307
194.11,96448.41383968439
194.12,96451.44586416168
