time_s,barometer_v1
0.0,96454.02083860147
0.01,96455.87458843649
0.02,96454.11919317394
0.03,96457.50929363609
0.04,96454.91359482863
0.05,96453.69501404883
0.06,96452.24066401664
0.07,96453.66584393448
0.08,96453.36775865057
0.09,96452.49745694581
0.1,96450.84085499699
0.11,96450.42924586387
0.12,96449.09663147034
0.13,96447.89368402015
0.14,96447.14881357539
0.15,96445.273425029
0.16,96444.99379617673
0.17,96444.23572937486
0.18,96441.4640338726
0.19,96439.19515511545
0.2,96438.08508581416
0.21,96435.4234059126
0.22,96432.06281763414
0.23,96432.81300036186
0.24,96428.48741036504
0.25,96428.03110916486
0.26,96423.10694139975
0.27,96419.74642970228
0.28,96418.74735126791
0.29,96415.66550929804
0.3,96412.9527435236
0.31,96411.45723275478
0.32,96407.8552937954
0.33,96403.4100301007
0.34,96400.56300274796
0.35000000000000003,96395.48891717623
0.36,96392.98241936255
0.37,96389.47699840496
0.38,96386.26905263634
0.39,96381.12881879036
0.4,96378.16124202892
0.41000000000000003,96374.84702416549
0.42,96367.56113463138
0.43,96365.90168620838
0.44,96361.16354302898
0.45,96358.1846072399
0.46,96349.52603732694
0.47000000000000003,96347.64389723641
0.48,96341.47124789076
0.49,96336.15849641719
0.5,96329.44297526487
0.51,96324.37688058084
0.52,96320.67855762152
0.53,96315.35051055893
0.54,96309.23896548562
0.55,96305.57690316321
0.56,96296.9126900177
0.5700000000000001,96291.74643680835
0.58,96286.19227825836
0.59,96279.61059477883
0.6,96272.92055690342
0.61,96268.13906741775
0.62,96259.52301214212
0.63,96252.7766831605
0.64,96247.69582143018
0.65,96240.25910214482
0.66,96233.1916871864
0.67,96227.16500858092
0.68,96219.65118038663
0.6900000000000001,96210.99979014658
0.7000000000000001,96204.9001141978
0.71,96196.68007572014
0.72,96189.9810371127
0.73,96182.89538614723
0.74,96172.14496815356
0.75,96164.22392389688
0.76,96157.19325361641
0.77,96149.12863292616
0.78,96139.91632937286
0.79,96130.32241593182
0.8,96122.35150220325
0.81,96114.21036211979
0.8200000000000001,96105.23882199831
0.8300000000000001,96095.00988645227
0.84,96086.808087657
0.85,96078.6235199005
0.86,96067.03377619591
0.87,96057.57134791154
0.88,96049.0655152061
0.89,96039.60127792263
0.9,96029.16547879232
0.91,96018.25441307813
0.92,96009.18403846683
0.93,95998.54743153151
0.9400000000000001,95989.27072286364
0.9500000000000001,95978.60726502346
0.96,95967.69195696732
0.97,95954.91110516185
0.98,95944.62275724176
0.99,95934.0678214943
1.0,95922.71545948136
1.01,95911.86065819523
1.02,95900.68862949178
1.03,95888.52761147475
1.04,95876.95621896815
1.05,95864.20227356114
1.06,95853.5764037744
1.07,95843.00505984869
1.08,95830.03564596716
1.09,95816.59083970949
1.1,95804.37867428751
1.11,95790.98175175578
1.12,95779.77255785035
1.1300000000000001,95768.74744480087
1.1400000000000001,95754.12455949685
1.1500000000000001,95742.27303564677
1.16,95725.59928854727
1.17,95714.13277678774
1.18,95699.74120791246
1.19,95688.67506369542
1.2,95673.4812465101
1.21,95658.57837242783
1.22,95644.12169673326
1.23,95633.20478594933
1.24,95616.95566293273
1.25,95601.37679812853
1.26,95587.92936853245
1.27,95573.88814357316
1.28,95559.51803132005
1.29,95543.38725632693
1.3,95531.08795270568
1.31,95514.54959604057
1.32,95496.4643000291
1.33,95484.9391227357
1.34,95467.67835646785
1.35,95451.6202508814
1.36,95435.17893130686
1.37,95420.33410789474
1.3800000000000001,95403.73661737282
1.3900000000000001,95388.58652404905
1.4000000000000001,95370.72447557337
1.41,95356.45653568454
1.42,95339.40529376661
1.43,95322.18631679991
1.44,95305.8838274649
1.45,95287.49210589186
1.46,95270.24570409353
1.47,95252.99421439123
1.48,95237.25359507297
1.49,95221.8732522321
1.5,95202.1213733762
1.51,95183.93650884861
1.52,95164.64139232523
1.53,95148.09534675372
1.54,95129.70027032237
1.55,95110.96387435458
1.56,95092.96063264139
1.57,95073.72633632296
1.58,95056.29376294804
1.59,95037.23625082399
1.6,95020.08000597752
1.61,95000.35963925139
1.62,94980.41178522553
1.6300000000000001,94961.66006853968
1.6400000000000001,94942.88044836544
1.6500000000000001,94921.20479166217
1.6600000000000001,94903.80983167228
1.67,94885.1345243306
1.68,94865.25563586949
1.69,94845.33233632313
1.7,94821.94233657504
1.71,94802.70757273512
1.72,94782.80282676301
1.73,94762.01430400988
1.74,94741.94264122505
1.75,94720.04130487803
1.76,94701.16668566545
1.77,94679.59637080136
1.78,94658.46949885503
1.79,94635.45348916351
1.8,94614.37654089529
1.81,94593.65071461385
1.82,94571.98561234024
1.83,94550.41391516635
1.84,94527.09409172925
1.85,94504.04650117467
1.86,94484.80694725938
1.87,94462.26683291052
1.8800000000000001,94440.27720465661
1.8900000000000001,94416.11290082196
1.9000000000000001,94394.5268439806
1.9100000000000001,94372.83116669586
1.92,94350.00641129835
1.93,94324.82676333746
1.94,94302.55842664243
1.95,94281.71778691243
1.96,94256.39649602801
1.97,94232.04969642928
1.98,94209.4283699104
1.99,94185.89078990833
2.0,94161.18515916655
2.0100000000000002,94137.95617320208
2.02,94113.42508569497
2.0300000000000002,94090.60349291113
2.04,94065.13933865864
2.05,94041.0764265858
2.06,94017.85892139026
2.07,93992.41159472695
2.08,93966.38442359386
2.09,93941.11959777975
2.1,93917.07097095861
2.11,93892.2939215767
2.12,93867.45309055809
2.13,93840.62546433021
2.14,93815.99454355444
2.15,93789.59852998739
2.16,93765.194984327
2.17,93739.96773138443
2.18,93715.79640848405
2.19,93689.58674287892
2.2,93663.43077736258
2.21,93636.13081456895
2.22,93610.66550703406
2.23,93584.20312903333
2.24,93559.14019906268
2.25,93531.2110540961
2.2600000000000002,93505.18450255589
2.27,93478.86078290624
2.2800000000000002,93452.97349093034
2.29,93423.46373436895
2.3000000000000003,93397.70606611435
2.31,93370.19943048105
2.32,93344.23175700815
2.33,93315.29975618559
2.34,93289.82100559829
2.35,93260.36275874438
2.36,93235.16873322638
2.37,93205.97840575756
2.38,93179.26093179337
2.39,93150.71143120987
2.4,93122.99689743911
2.41,93095.29969270331
2.42,93066.17719245199
2.43,93038.48074999038
2.44,93011.23250843426
2.45,92981.07854535551
2.46,92953.28988136986
2.47,92925.33727688788
2.48,92898.13234102882
2.49,92869.4180697849
2.5,92839.95163779255
2.5100000000000002,92811.28421177721
2.52,92784.18297448849
2.5300000000000002,92755.61848672343
2.54,92725.03096739986
2.5500000000000003,92697.41523269362
2.56,92669.94922934471
2.57,92640.84155014239
2.58,92612.79596162093
2.59,92583.73089839326
2.6,92551.78322312536
2.61,92524.7829719977
2.62,92494.93907338269
2.63,92466.7794567142
2.64,92437.81075874725
2.65,92409.90664183405
2.66,92380.19699947338
2.67,92348.97073701145
2.68,92320.62653398153
2.69,92291.96494518891
2.7,92262.00987355887
2.71,92232.66304536998
2.72,92206.07691628444
2.73,92174.76414742769
2.74,92146.88340215832
2.75,92117.31295112768
2.7600000000000002,92087.26301490505
2.77,92059.3411839432
2.7800000000000002,92028.88760557999
2.79,92000.23243869384
2.8000000000000003,91971.16661115781
2.81,91939.57480708077
2.82,91910.82349719189
2.83,91882.54083344518
2.84,91852.21484814094
2.85,91823.59919108436
2.86,91793.20020213698
2.87,91762.88795400267
2.88,91734.8383766454
2.89,91705.38260709327
2.9,91675.04557329477
2.91,91643.65385250597
2.92,91613.21732570886
2.93,91585.58187229
2.94,91556.22502715603
2.95,91526.91063582218
2.96,91494.55399344243
2.97,91466.92418886315
2.98,91434.9034315543
2.99,91406.36564880409
3.0,91375.42882095287
3.0100000000000002,91346.28485733974
3.02,91316.75369742395
3.0300000000000002,91285.683870049
3.04,91259.0993020313
3.0500000000000003,91227.5062518784
3.06,91197.6184210947
3.0700000000000003,91166.90085586635
3.08,91135.40770459217
3.09,91107.21330767621
3.1,91076.73453110743
3.11,91047.6293452923
3.12,91016.55610503958
3.13,90984.02272448273
3.14,90957.12036589056
3.15,90928.00884342201
3.16,90896.17983581637
3.17,90866.27153420624
3.18,90835.46919162765
3.19,90806.25154477771
3.2,90775.47005231655
3.21,90743.01235786839
3.22,90715.2451808918
3.23,90683.62051141442
3.24,90656.17136884667
3.25,90625.88059838174
3.2600000000000002,90593.9558145182
3.27,90563.57133959097
3.2800000000000002,90534.69527936731
3.29,90502.91228790412
3.3000000000000003,90475.16947341771
3.31,90442.61737219132
3.3200000000000003,90413.18915660669
3.33,90380.64919281914
3.34,90351.32833053848
3.35,90322.02979503312
3.36,90291.21245806353
3.37,90261.37690258338
3.38,90230.5566735313
3.39,90201.50881296227
3.4,90171.44492774541
3.41,90140.74837914426
3.42,90110.69708660462
3.43,90078.6829511958
3.44,90047.67588345823
3.45,90018.03351966817
3.46,89988.23389282025
3.47,89956.42091925883
3.48,89927.28647223952
3.49,89899.51439257381
3.5,89866.8533977375
3.5100000000000002,89836.369046639
3.52,89808.92319252391
3.5300000000000002,89777.3633632177
3.54,89747.03065956886
3.5500000000000003,89717.55529441824
3.56,89685.86836334581
3.5700000000000003,89655.40961730249
3.58,89625.12898094775
3.59,89597.08126299355
3.6,89566.90474597698
3.61,89536.61536975468
3.62,89507.39766382349
3.63,89477.75329879367
3.64,89448.835343089
3.65,89417.55323102354
3.66,89388.5918636644
3.67,89357.29541544507
3.68,89325.165879826
3.69,89297.7113196132
3.7,89267.56373332425
3.71,89239.20235308206
3.72,89209.56886479474
3.73,89179.5213078696
3.74,89147.60744383541
3.75,89121.99562215984
3.7600000000000002,89090.65824869041
3.77,89061.85904709462
3.7800000000000002,89033.21481639346
3.79,89002.5095538251
3.8000000000000003,88974.04281652995
3.81,88943.74604101812
3.8200000000000003,88915.0043470029
3.83,88883.43564107889
3.84,88856.20614080841
3.85,88827.28307835029
3.86,88798.65985957997
3.87,88768.76557758884
3.88,88737.47535473199
3.89,88709.13523498643
3.9,88680.89667629923
3.91,88650.56690843856
3.92,88623.7337912786
3.93,88592.89772805672
3.94,88564.24241696153
3.95,88538.52225490967
3.96,88509.30200721964
3.97,88477.86006885962
3.98,88448.2231740244
3.99,88421.3888509729
4.0,88393.51993367808
4.01,88363.77528728798
4.0200000000000005,88334.62668674784
4.03,88306.0942518767
4.04,88277.40766560985
4.05,88248.85093673335
4.0600000000000005,88221.08906484694
4.07,88193.01118187871
4.08,88162.85676507496
4.09,88135.05675288492
4.1,88108.25378000937
4.11,88078.45997616166
4.12,88051.76904241825
4.13,88021.29576963707
4.14,87995.96745917204
4.15,87966.98533321387
4.16,87937.10045039846
4.17,87909.57822982715
4.18,87881.48655424753
4.19,87853.32737096152
4.2,87826.23099517445
4.21,87797.38911124326
4.22,87770.16705206082
4.23,87743.30836874363
4.24,87714.08508497778
4.25,87685.17003365031
4.26,87658.92288432292
4.2700000000000005,87631.34689587427
4.28,87603.06438330753
4.29,87576.40089260037
4.3,87547.95389870211
4.3100000000000005,87519.45702959814
4.32,87492.33264852037
4.33,87466.61890027483
4.34,87437.0161123968
4.3500000000000005,87408.78407607257
4.36,87383.9969282849
4.37,87354.26301913256
4.38,87328.08416686389
4.39,87301.42584389828
4.4,87272.6221189713
4.41,87244.93761344318
4.42,87217.88842616108
4.43,87191.31025451036
4.44,87163.75286845899
4.45,87134.86948512058
4.46,87109.99852865611
4.47,87082.1986620388
4.48,87054.36428175046
4.49,87027.6366560557
4.5,87001.85135424795
4.51,86972.11053677746
4.5200000000000005,86948.07518886372
4.53,86921.73202363575
4.54,86895.4383700423
4.55,86866.07968556628
4.5600000000000005,86841.0622564705
4.57,86811.66055218097
4.58,86786.54437495074
4.59,86758.99399056868
4.6000000000000005,86731.43286300836
4.61,86707.0983749444
4.62,86679.70124813863
4.63,86650.81879272331
4.64,86627.86562405199
4.65,86599.72121707688
4.66,86573.91215853581
4.67,86545.14416817257
4.68,86519.5288362866
4.69,86491.77474350609
4.7,86466.4012281206
4.71,86440.8550588431
4.72,86417.47043911977
4.73,86388.29964757634
4.74,86362.18759227618
4.75,86335.06981063429
4.76,86309.11899624391
4.7700000000000005,86284.15006381302
4.78,86255.99580730157
4.79,86232.32763304035
4.8,86206.80531771545
4.8100000000000005,86179.16769184385
4.82,86152.17629978966
4.83,86127.55010257277
4.84,86100.13200117798
4.8500000000000005,86075.17659623061
4.86,86048.75848418064
4.87,86023.05580539287
4.88,85993.96213264058
4.89,85972.96321836901
4.9,85945.23265360743
4.91,85919.31791265194
4.92,85895.10422047274
4.93,85865.25694352908
4.94,85844.17735155862
4.95,85816.39138616281
4.96,85792.3369730505
4.97,85767.37342005472
4.98,85740.59324534444
4.99,85715.59619150749
5.0,85689.88260075332
5.01,85664.46450138405
5.0200000000000005,85639.28346910462
5.03,85614.02434005299
5.04,85586.88361239678
5.05,85562.51345911999
5.0600000000000005,85538.0230336225
5.07,85510.47348558425
5.08,85486.6871472589
5.09,85458.09015309313
5.1000000000000005,85435.52515985935
5.11,85410.13079903413
5.12,85385.75616877043
5.13,85359.10737986065
5.14,85333.85327519449
5.15,85309.18319807514
5.16,85284.31263476469
5.17,85260.68526155439
5.18,85232.72764067724
5.19,85209.2028041761
5.2,85184.80627782334
5.21,85160.23707160773
5.22,85136.40591813152
5.23,85109.16227895889
5.24,85086.87739449737
5.25,85060.22153771606
5.26,85035.26036873089
5.2700000000000005,85011.38826986698
5.28,84987.36280625392
5.29,84962.70008954723
5.3,84936.75570518059
5.3100000000000005,84911.98133640327
5.32,84887.5838442585
5.33,84863.40749352433
5.34,84838.87071357705
5.3500000000000005,84813.61830821465
5.36,84788.46357866499
5.37,84764.82713697862
5.38,84739.63253269263
5.39,84715.558180898
5.4,84692.26717524558
5.41,84666.77347862831
5.42,84641.38106018768
5.43,84618.04957153248
5.44,84593.30781851277
5.45,84570.57399317775
5.46,84546.77048902218
5.47,84521.78854571303
5.48,84497.44317623028
5.49,84473.68942570116
5.5,84449.39369428874
5.51,84424.62682048065
5.5200000000000005,84401.54392748927
5.53,84377.65012879406
5.54,84352.83894185329
5.55,84329.89550647668
5.5600000000000005,84301.76086185525
5.57,84280.53106680527
5.58,84257.74938367566
5.59,84232.11669159785
5.6000000000000005,84209.21925029246
5.61,84185.56040843246
5.62,84160.83002605049
5.63,84138.66262156478
5.64,84113.07189867788
5.65,84088.58348630067
5.66,84065.18171079355
5.67,84044.55625865905
5.68,84018.3154970273
5.69,83996.22362514751
5.7,83971.41751282863
5.71,83949.21805315175
5.72,83924.33188685168
5.73,83899.7098675414
5.74,83877.57142902874
5.75,83851.95769435103
5.76,83832.33933944312
5.7700000000000005,83808.92699857721
5.78,83784.50151544192
5.79,83759.84526851414
5.8,83737.83273477828
5.8100000000000005,83713.17056896944
5.82,83690.78046284986
5.83,83668.12380774556
5.84,83644.22681984366
5.8500000000000005,83622.79159278002
5.86,83598.64822091247
5.87,83574.6317672523
5.88,83550.25550153034
5.89,83527.68022192358
5.9,83505.21190567112
5.91,83480.3747089227
5.92,83459.93334368091
5.93,83435.44164489345
5.94,83412.41604531663
5.95,83389.27251624339
5.96,83366.09238729213
5.97,83344.41306029342
5.98,83320.32871772132
5.99,83298.21462615226
6.0,83274.77551930098
6.01,83254.04333419677
6.0200000000000005,83227.84184326927
6.03,83207.06756530398
6.04,83183.32793025882
6.05,83161.56773815633
6.0600000000000005,83139.38312977356
6.07,83114.92518548884
6.08,83092.49813244752
6.09,83071.10761581348
6.1000000000000005,83048.3000645639
6.11,83023.72853501626
6.12,83002.9404912659
6.13,82981.72667991836
6.140000000000001,82958.25516286395
6.15,82935.31574907117
6.16,82914.59604858216
6.17,82888.61901368888
6.18,82865.72561167467
6.19,82845.35926175589
6.2,82822.50091991399
6.21,82800.94221070281
6.22,82776.80200686022
6.23,82757.3008261275
6.24,82732.14866534926
6.25,82707.4535521038
6.26,82687.56176791425
6.2700000000000005,82664.13214526323
6.28,82645.01119387119
6.29,82620.2619527017
6.3,82599.97985108697
6.3100000000000005,82578.03758354243
6.32,82554.0429710914
6.33,82532.6648888114
6.34,82511.08772721373
6.3500000000000005,82489.7873575995
6.36,82465.46386516023
6.37,82445.65323974998
6.38,82423.7083489906
6.390000000000001,82399.73388243106
6.4,82379.13151139424
6.41,82357.90657787287
6.42,82336.47813989865
6.43,82315.12542754335
6.44,82292.16946287832
6.45,82269.80188878263
6.46,82247.92071850746
6.47,82225.3775874738
6.48,82206.17787964489
6.49,82182.30044317392
6.5,82162.13072174577
6.51,82138.79054860248
6.5200000000000005,82119.03117803237
6.53,82094.70499268637
6.54,82073.18173956007
6.55,82051.64403292275
6.5600000000000005,82032.43703081665
6.57,82010.326597511
6.58,81989.06263056009
6.59,81965.6909903617
6.6000000000000005,81945.70304630192
6.61,81924.84514000459
6.62,81903.3491956421
6.63,81881.35580695292
6.640000000000001,81860.58913891901
6.65,81839.51011105088
6.66,81816.72198446206
6.67,81794.72752850698
6.68,81773.65280380948
6.69,81754.34885614732
6.7,81731.76077918657
6.71,81711.42152677084
6.72,81689.42480391393
6.73,81669.03554277659
6.74,81647.1216023634
6.75,81627.54965745233
6.76,81604.34829933786
6.7700000000000005,81584.27187469378
6.78,81563.5954337367
6.79,81543.14661611624
6.8,81520.9003047752
6.8100000000000005,81498.86911039262
6.82,81478.87286496552
6.83,81457.37369713717
6.84,81438.57155179406
6.8500000000000005,81414.991360922
6.86,81394.67987153893
6.87,81373.57603654674
6.88,81352.93456911098
6.890000000000001,81332.50580821019
6.9,81311.16632650595
6.91,81290.69259082338
6.92,81271.63543591059
6.93,81250.6753280654
6.94,81229.62338606967
6.95,81207.78234949868
6.96,81187.06018239631
6.97,81168.90419421908
6.98,81145.63825024769
6.99,81123.71939594205
7.0,81104.08130449275
7.01,81084.33691389184
7.0200000000000005,81064.23049567893
7.03,81042.99971021553
7.04,81022.98639421271
7.05,81002.70237592449
7.0600000000000005,80982.44781845805
7.07,80960.2426440299
7.08,80939.00389399464
7.09,80920.02993231721
7.1000000000000005,80899.30129044989
7.11,80878.06475572793
7.12,80859.89350720817
7.13,80839.45581810828
7.140000000000001,80818.1820316461
7.15,80798.21023581685
7.16,80778.1024950472
7.17,80756.6474935771
7.18,80737.94420299701
7.19,80718.35751717676
7.2,80698.5542971643
7.21,80676.65756594925
7.22,80657.3437903815
7.23,80637.3383565339
7.24,80617.17851534381
7.25,80594.91895642763
7.26,80577.37171501855
7.2700000000000005,80554.98641926864
7.28,80536.18862265274
7.29,80516.99963181073
7.3,80494.32781452958
7.3100000000000005,80475.56526843968
7.32,80455.18684589713
7.33,80440.22681068342
7.34,80418.01838590285
7.3500000000000005,80396.35734757378
7.36,80375.50767225407
7.37,80357.73659311252
7.38,80338.74803961847
7.390000000000001,80317.60441014392
7.4,80297.40554906496
7.41,80278.34097681749
7.42,80257.98047917814
7.43,80239.67656485365
7.44,80220.01102796926
7.45,80197.76080261046
7.46,80180.67123356178
7.47,80159.41974582954
7.48,80141.32219176556
7.49,80120.83589047709
7.5,80101.73358037895
7.51,80081.26919312403
7.5200000000000005,80062.6836150013
7.53,80043.7704473097
7.54,80022.68937998243
7.55,80002.82991209134
7.5600000000000005,79985.72403564728
7.57,79963.14596321963
7.58,79945.44592695728
7.59,79925.62037205792
7.6000000000000005,79906.47254997776
7.61,79886.86800865548
7.62,79869.68757298568
7.63,79849.41121063163
7.640000000000001,79829.26699309594
7.65,79810.37351699088
7.66,79792.16690308381
7.67,79773.86252210801
7.68,79752.74329743281
7.69,79734.12240068596
7.7,79713.50417771432
7.71,79695.30048805558
7.72,79675.99270417697
7.73,79655.86411799568
7.74,79638.37328382106
7.75,79618.21111085909
7.76,79597.6191456511
7.7700000000000005,79581.2943447005
7.78,79559.94307905562
7.79,79542.45935240659
7.8,79524.73667065255
7.8100000000000005,79505.65070060255
7.82,79485.27132431265
7.83,79466.90143422937
7.84,79449.37852484251
7.8500000000000005,79429.99492336578
7.86,79410.51491193986
7.87,79391.9137319127
7.88,79372.6526547398
7.890000000000001,79352.80371804915
7.9,79334.83495258004
7.91,79316.35159516193
7.92,79295.83578894446
7.930000000000001,79279.88408889617
7.94,79261.43769092688
7.95,79239.9145877776
7.96,79223.12222362965
7.97,79205.75872613936
7.98,79183.99398160311
7.99,79168.21827454935
8.0,79149.2294391745
8.01,79132.54859208656
8.02,79109.74553157647
8.03,79092.36562033834
8.040000000000001,79073.47501156673
8.05,79055.67720138673
8.06,79037.10364590625
8.07,79020.68593928941
8.08,79001.09994049901
8.09,78982.96348429385
8.1,78963.8714313367
8.11,78945.60641831215
8.120000000000001,78926.95462043867
8.13,78908.69894601255
8.14,78890.68662869264
8.15,78872.66632046916
8.16,78854.6431865751
8.17,78834.39627336746
8.18,78818.16939089425
8.19,78799.05797796247
8.2,78781.36735685833
8.21,78764.12581847177
8.22,78745.22626185416
8.23,78725.95897157297
8.24,78708.12344255828
8.25,78689.81112045706
8.26,78671.4256142605
8.27,78653.94804324876
8.28,78635.89610223167
8.290000000000001,78617.5400365056
8.3,78599.90903538109
8.31,78581.5127393949
8.32,78564.10678951774
8.33,78545.48386491358
8.34,78528.5886586245
8.35,78511.54736759009
8.36,78494.13825275999
8.370000000000001,78475.40068866631
8.38,78457.2716329312
8.39,78438.83495069832
8.4,78421.59127419298
8.41,78402.74849833274
8.42,78385.26230438058
8.43,78367.81974664085
8.44,78351.95122819586
8.45,78333.31011547442
8.46,78315.36207047933
8.47,78298.83578179423
8.48,78278.91726442816
8.49,78261.87762641074
8.5,78244.4626027036
8.51,78225.61643985017
8.52,78207.95982754754
8.53,78191.05037466435
8.540000000000001,78176.0003010096
8.55,78157.65623937572
8.56,78139.71550344357
8.57,78120.41579546752
8.58,78104.06706964591
8.59,78085.68412224573
8.6,78066.63838423057
8.61,78048.55755045246
8.620000000000001,78036.24089580464
8.63,78017.18534044962
8.64,77999.26198577535
8.65,77982.83153920998
8.66,77963.89453040679
8.67,77946.37213952569
8.68,77930.04017062415
8.69,77913.36318095279
8.700000000000001,77893.31081746994
8.71,77878.10357170597
8.72,77859.49887209087
8.73,77843.5532148115
8.74,77827.2370114682
8.75,77809.58172960958
8.76,77790.53386822128
8.77,77773.99540163742
8.78,77757.463939092
8.790000000000001,77737.60954379436
8.8,77720.44583517622
8.81,77704.56344375151
8.82,77687.71597177668
8.83,77672.02042305701
8.84,77652.8813548447
8.85,77637.25777437922
8.86,77619.3830840807
8.870000000000001,77602.03278620211
8.88,77585.19943659788
8.89,77570.27929210036
8.9,77552.07269507839
8.91,77535.68688291062
8.92,77518.06291926291
8.93,77502.14338375241
8.94,77485.19443160783
8.950000000000001,77467.52701199974
8.96,77450.62301748904
8.97,77434.8921599151
8.98,77417.49613705282
8.99,77401.16844389439
9.0,77382.67722869544
9.01,77366.26551089437
9.02,77349.94861066152
9.03,77330.83777329969
9.040000000000001,77315.8630003828
9.05,77299.22216593669
9.06,77284.14396462358
9.07,77266.22040229612
9.08,77250.94840797865
9.09,77234.71673712514
9.1,77218.4726914581
9.11,77199.46121934368
9.120000000000001,77184.63865165021
9.13,77167.86695266717
9.14,77151.1011629738
9.15,77133.4794083552
9.16,77119.65714278702
9.17,77101.4859871164
9.18,77085.20308667167
9.19,77067.96415557805
9.200000000000001,77050.1154030634
9.21,77035.10438515763
9.22,77018.35152801753
9.23,77004.21391335718
9.24,76986.61629920585
9.25,76970.24245734527
9.26,76952.73516456205
9.27,76936.65996378798
9.28,76921.1679843589
9.290000000000001,76906.79017272912
9.3,76889.27472283004
9.31,76871.53096720343
9.32,76856.34987932502
9.33,76840.09512571193
9.34,76822.27046270767
9.35,76808.55619847836
9.36,76792.30388432048
9.370000000000001,76774.94220721003
9.38,76760.3079822193
9.39,76743.55621633343
9.4,76724.89912186039
9.41,76712.52841649181
9.42,76694.13298738896
9.43,76679.93780008562
9.44,76663.7269303255
9.450000000000001,76645.95113020307
9.46,76631.34349841774
9.47,76613.73269299514
9.48,76598.3108443113
9.49,76582.14535399241
9.5,76568.73216477002
9.51,76551.2534282799
9.52,76536.13466046705
9.53,76520.72335928884
9.540000000000001,76504.04941822862
9.55,76488.10252439453
9.56,76472.80403736811
9.57,76456.32739087116
9.58,76440.49946067046
9.59,76425.55094178415
9.6,76408.10623233664
9.61,76393.62837993339
9.620000000000001,76379.18146568452
9.63,76359.1277529621
9.64,76345.30395807693
9.65,76330.32389758731
9.66,76314.07565764224
9.67,76298.84686537676
9.68,76283.33701004535
9.69,76265.30410397322
9.700000000000001,76251.24270779753
9.71,76237.63754070557
9.72,76221.11198572711
9.73,76204.10719153887
9.74,76190.9273660189
9.75,76172.17559130737
9.76,76159.1009392926
9.77,76145.02204608115
9.78,76126.56085863462
9.790000000000001,76112.65812381991
9.8,76096.14881484068
9.81,76079.55694207097
9.82,76066.74703742148
9.83,76049.86406599337
9.84,76035.9604102564
9.85,76021.27022711479
9.86,76003.86047113073
9.870000000000001,75990.38155401977
9.88,75972.63067880645
9.89,75959.22191976252
9.9,75943.68174421937
9.91,75928.83135585734
9.92,75914.82688510625
9.93,75898.48729243714
9.94,75885.60671382392
9.950000000000001,75867.45167632625
9.96,75852.11201555227
9.97,75836.35853665737
9.98,75820.05774240533
9.99,75806.07875725321
10.0,75792.67496237776
10.01,75776.66617923866
10.02,75762.93487308502
10.03,75746.10489821744
10.040000000000001,75730.28200237862
10.05,75716.1357512295
10.06,75702.65620301486
10.07,75686.66911727216
10.08,75669.92972762503
10.09,75653.7158115783
10.1,75643.37646383297
10.11,75626.60351537874
10.120000000000001,75610.23791483021
10.13,75595.2737185651
10.14,75583.00677341233
10.15,75567.71033864625
10.16,75550.4760757575
10.17,75536.81941131536
10.18,75521.05965443351
10.19,75507.23951245511
10.200000000000001,75491.37270437473
10.21,75477.27134416667
10.22,75463.96523852524
10.23,75450.499150488
10.24,75434.95456677036
10.25,75416.90067684397
10.26,75403.25400201537
10.27,75388.6595726953
10.28,75373.61203421628
10.290000000000001,75360.1448793716
10.3,75343.91584940023
10.31,75328.9417599624
10.32,75314.12735724568
10.33,75301.62826865514
10.34,75284.49238881342
10.35,75272.57866935553
10.36,75258.40236414726
10.370000000000001,75243.6237122971
10.38,75227.71271912771
10.39,75214.29635502894
10.4,75200.71638581173
10.41,75185.07834612747
10.42,75170.2873958424
10.43,75156.77134594152
10.44,75142.16460495938
10.450000000000001,75127.46911095665
10.46,75113.05407379553
10.47,75098.165325593
10.48,75084.10370279134
10.49,75069.72559184743
10.5,75054.26479718895
10.51,75043.18026731606
10.52,75027.02629038208
10.53,75012.13381492469
10.540000000000001,74997.72790639881
10.55,74980.72972114268
10.56,74969.63115884573
10.57,74954.680092359
10.58,74939.62829452846
10.59,74927.92166621615
10.6,74913.35031903826
10.61,74896.7841243167
10.620000000000001,74881.54729589184
10.63,74869.37516093405
10.64,74856.32277279216
10.65,74840.68244776811
10.66,74825.86772673257
10.67,74811.9111324863
10.68,74798.90623540689
10.69,74785.62569841807
10.700000000000001,74770.97881384005
10.71,74755.68051538165
10.72,74743.10260304132
10.73,74728.16620704035
10.74,74715.50404506136
10.75,74700.15516913077
10.76,74688.58934847903
10.77,74673.24755769338
10.78,74657.47647176654
10.790000000000001,74645.18448415694
10.8,74630.92806266862
10.81,74616.84947586527
10.82,74603.97984066352
10.83,74590.54762143422
10.84,74575.71414667791
10.85,74561.28577433185
10.86,74547.95970138858
10.870000000000001,74534.43515463387
10.88,74520.79894936908
10.89,74507.02684895594
10.9,74492.6881484818
10.91,74477.70759955538
10.92,74465.35271781446
10.93,74450.8401206497
10.94,74435.9024738769
10.950000000000001,74423.41026027805
10.96,74410.96091853087
10.97,74397.55250663165
10.98,74384.32651627624
10.99,74369.52176134675
11.0,74354.04495235819
11.01,74342.6319251536
11.02,74328.90891437308
11.03,74315.41569444448
11.040000000000001,74301.81394302922
11.05,74287.20598234092
11.06,74275.68949761718
11.07,74262.74209421578
11.08,74247.98563336814
11.09,74234.55849947571
11.1,74220.44100735812
11.11,74206.59569049522
11.120000000000001,74195.15034592609
11.13,74180.77942752483
11.14,74166.88130166965
11.15,74153.34232666562
11.16,74139.35802738504
11.17,74125.86082233163
11.18,74113.62550190152
11.19,74100.29435239418
11.200000000000001,74085.94737947028
11.21,74073.58776583987
11.22,74059.96539034131
11.23,74046.61576383423
11.24,74031.93046226102
11.25,74020.11171870038
11.26,74005.8333045899
11.27,73993.23787762843
11.28,73981.08693434927
11.290000000000001,73966.41400687558
11.3,73953.08534700696
11.31,73939.49964642584
11.32,73926.5496936822
11.33,73913.57553250038
11.34,73899.976755644
11.35,73888.10160644713
11.36,73872.66768887964
11.370000000000001,73860.55996300475
11.38,73848.43322797629
11.39,73834.72629173425
11.4,73822.0496519568
11.41,73809.65672284452
11.42,73799.75719962192
11.43,73785.69515585038
11.44,73770.74886637527
11.450000000000001,73754.0028840667
11.46,73746.39275977964
11.47,73732.17987932907
11.48,73719.60099219011
11.49,73706.44239247797
11.5,73692.94963201384
11.51,73680.76008911223
11.52,73666.10319277094
11.53,73652.95534414452
11.540000000000001,73640.50122752546
11.55,73628.41240600399
11.56,73615.0533537027
11.57,73601.02448325051
11.58,73591.5177442527
11.59,73577.25015784655
11.6,73565.06069938872
11.61,73549.81760360772
11.620000000000001,73539.84314710076
11.63,73528.61583918394
11.64,73513.19118386447
11.65,73501.72675210191
11.66,73487.84924176484
11.67,73476.03905277475
11.68,73460.97768280392
11.69,73449.94306473393
11.700000000000001,73437.50747396596
11.71,73423.10456110326
11.72,73412.14833445381
11.73,73399.68120261733
11.74,73386.06837422516
11.75,73372.8212915206
11.76,73361.17892686022
11.77,73349.01121573515
11.78,73335.27591119494
11.790000000000001,73322.81927141
11.8,73311.48605074867
11.81,73300.26952301242
11.82,73287.08417295826
11.83,73274.06501997497
11.84,73261.08499828458
11.85,73248.49381676131
11.86,73237.10030179855
11.870000000000001,73224.02002929439
11.88,73212.58003004968
11.89,73200.15930868876
11.9,73188.18461955583
11.91,73173.9192417389
11.92,73162.1221400183
11.93,73149.36906842192
11.94,73137.3777359515
11.950000000000001,73125.27373814248
11.96,73111.38200856427
11.97,73099.46541948122
11.98,73089.2805835109
11.99,73075.98107114944
12.0,73062.87945656762
12.01,73053.20039306318
12.02,73041.15453298068
12.030000000000001,73028.25396465861
12.040000000000001,73013.81827749714
12.05,73002.88250429404
12.06,72989.50351946565
12.07,72978.07539683061
12.08,72966.4483180994
12.09,72953.71040585932
12.1,72943.88162447674
12.11,72931.21577661234
12.120000000000001,72918.13089184515
12.13,72905.58671273518
12.14,72893.41572007968
12.15,72881.68989743027
12.16,72870.79354438801
12.17,72858.72328259464
12.18,72844.16529184557
12.19,72835.53626596973
12.200000000000001,72821.81756029157
12.21,72809.04341736963
12.22,72796.07322410097
12.23,72785.8334366769
12.24,72773.88024421802
12.25,72759.69956456825
12.26,72751.1159637689
12.27,72738.39737304188
12.280000000000001,72726.2122778869
12.290000000000001,72713.47522715984
12.3,72702.20406468744
12.31,72692.73506658338
12.32,72680.06539026822
12.33,72666.64514743697
12.34,72655.47758426501
12.35,72642.6575662886
12.36,72630.77835861912
12.370000000000001,72618.86330535123
12.38,72607.43617067234
12.39,72594.78833217944
12.4,72584.75145780301
12.41,72574.13047132397
12.42,72561.82025443681
12.43,72548.85572813515
12.44,72537.6819672069
12.450000000000001,72526.4777734882
12.46,72514.62236642957
12.47,72502.41953283042
12.48,72487.95773183153
12.49,72480.77408566361
12.5,72470.04740498129
12.51,72456.70085043155
12.52,72445.13613900838
12.530000000000001,72431.28390046804
12.540000000000001,72420.46864746552
12.55,72411.70792518611
12.56,72396.73274265275
12.57,72386.74740922143
12.58,72374.45704858212
12.59,72364.04665661609
12.6,72352.62110623445
12.61,72342.61847965252
12.620000000000001,72329.23680216804
12.63,72319.60494909978
12.64,72306.94569153732
12.65,72294.9260317309
12.66,72283.51807530403
12.67,72273.00043375844
12.68,72261.06786498138
12.69,72250.69446732351
12.700000000000001,72238.41575157797
12.71,72226.07812324872
12.72,72214.26487311993
12.73,72203.8106159463
12.74,72192.4546781964
12.75,72182.07514561719
12.76,72170.44850192891
12.77,72159.84040519854
12.780000000000001,72149.78122376751
12.790000000000001,72136.0976948947
12.8,72127.37353904548
12.81,72115.27911633668
12.82,72102.11163127307
12.83,72091.16017783043
12.84,72079.59584943275
12.85,72068.13467876374
12.86,72058.54956877575
12.870000000000001,72046.97340798598
12.88,72036.19575285549
12.89,72025.312026183
12.9,72013.65513883709
12.91,72000.43120196629
12.92,71990.67109866122
12.93,71979.36255365424
12.94,71969.92039824073
12.950000000000001,71960.24930632602
12.96,71948.09793044417
12.97,71935.92510642264
12.98,71925.42390140575
12.99,71915.24205172683
13.0,71902.81368909786
13.01,71894.14767261286
13.02,71882.23671488515
13.030000000000001,71870.0048010256
13.040000000000001,71859.36303268402
13.05,71850.2652867542
13.06,71838.22789872333
13.07,71828.27255634857
13.08,71815.2815624619
13.09,71806.37875163168
13.1,71795.51834517675
13.11,71784.95695531875
13.120000000000001,71772.96154682897
13.13,71761.92227429485
13.14,71750.68450023803
13.15,71740.83914818041
13.16,71730.2143363939
13.17,71719.30321241028
13.18,71708.88384965794
13.19,71699.35138131429
13.200000000000001,71686.88160872679
13.21,71676.49816583045
13.22,71665.00867015355
13.23,71654.9012273399
13.24,71643.18317491311
13.25,71633.82835765259
13.26,71622.72114252984
13.27,71611.5710291618
13.280000000000001,71599.75476707614
13.290000000000001,71592.31344247781
13.3,71580.62046288431
13.31,71570.579180448
13.32,71558.05400105313
13.33,71550.41954765352
13.34,71538.15378836446
13.35,71529.28133967
13.36,71516.53091771908
13.370000000000001,71506.61737663494
13.38,71496.26758620367
13.39,71484.57227106481
13.4,71473.87896319378
13.41,71465.32824954286
13.42,71454.81351892953
13.43,71442.80892362587
13.44,71434.18727527022
13.450000000000001,71422.26982550362
13.46,71410.95849162315
13.47,71402.59722862394
13.48,71390.74998341744
13.49,71380.98858980738
13.5,71370.53917501045
13.51,71361.01106028985
13.52,71350.40626514351
13.530000000000001,71338.01387635861
13.540000000000001,71330.00068185986
13.55,71319.30390299587
13.56,71309.34772800087
13.57,71298.04524467538
13.58,71288.79760811794
13.59,71278.24629699362
13.6,71265.28573440372
13.61,71256.28478166198
13.620000000000001,71245.55326298418
13.63,71236.05569325118
13.64,71226.63058397136
13.65,71218.31869104708
13.66,71206.6438740967
13.67,71197.20543942173
13.68,71184.97908282824
13.69,71176.80423519075
13.700000000000001,71164.29207113764
13.71,71157.05792373169
13.72,71146.11304380518
13.73,71137.23495809548
13.74,71125.50964623553
13.75,71114.96436017906
13.76,71105.80055485458
13.77,71095.21428231291
13.780000000000001,71083.08105634355
13.790000000000001,71077.13666144111
13.8,71064.57312476549
13.81,71053.7587489268
13.82,71044.30187780639
13.83,71035.57733814705
13.84,71024.1490470422
13.85,71014.94804447118
13.86,71005.95591632271
13.870000000000001,70993.98054763416
13.88,70985.18076299099
13.89,70975.01326182723
13.9,70964.63039982352
13.91,70955.86553599968
13.92,70946.12117447007
13.93,70935.35997812316
13.94,70923.82989163307
13.950000000000001,70916.35091391366
13.96,70907.1508494747
13.97,70895.48227090732
13.98,70885.19462049633
13.99,70877.59538259095
14.0,70865.29986346379
14.01,70856.75860678006
14.02,70847.66224542442
14.030000000000001,70837.38667588176
14.040000000000001,70828.09915026155
14.05,70817.37495397222
14.06,70808.62127220632
14.07,70797.52364340783
14.08,70788.6594704011
14.09,70778.54699181643
14.1,70769.70927353505
14.11,70758.81977876417
14.120000000000001,70749.14833718144
14.13,70741.14871648437
14.14,70730.20187870559
14.15,70720.45581446828
14.16,70710.57326420961
14.17,70702.94859196796
14.18,70692.38518105885
14.19,70683.8484521777
14.200000000000001,70672.72139253793
14.21,70665.71163469511
14.22,70654.40735402692
14.23,70644.53690335916
14.24,70636.0900815219
14.25,70626.07562142819
14.26,70615.96874662463
14.27,70608.50378183469
14.280000000000001,70598.66794549777
14.290000000000001,70588.84319846322
14.3,70579.18299200883
14.31,70569.9085733887
14.32,70559.0231885431
14.33,70548.92984970484
14.34,70540.91570140334
14.35,70530.93641864655
14.36,70523.02275337625
14.370000000000001,70511.8513986188
14.38,70502.71592979855
14.39,70494.69762431843
14.4,70484.80920999414
14.41,70475.0677895939
14.42,70466.30882479076
14.43,70455.54309120848
14.44,70446.17593711568
14.450000000000001,70438.05836035214
14.46,70426.85553652313
14.47,70419.12120703075
14.48,70407.15813736412
14.49,70399.62860145533
14.5,70391.35261933251
14.51,70381.5955593781
14.52,70374.30331947796
14.530000000000001,70361.83739469676
14.540000000000001,70355.09031393555
14.55,70346.97733838273
14.56,70337.58354073623
14.57,70325.43639829877
14.58,70317.87475829768
14.59,70309.9402370164
14.6,70299.87077133825
14.61,70292.0719710865
14.620000000000001,70281.31978316877
14.63,70271.14403023438
14.64,70264.99101831295
14.65,70253.56546337101
14.66,70247.16715267261
14.67,70236.6625819861
14.68,70226.73637992705
14.69,70218.24512866409
14.700000000000001,70207.81553910646
14.71,70200.55195546526
14.72,70189.9276074293
14.73,70182.39649337123
14.74,70173.96870119007
14.75,70164.30827936415
14.76,70154.45008853769
14.77,70147.1013008883
14.780000000000001,70136.62155180871
14.790000000000001,70127.61825110343
14.8,70119.37822802716
14.81,70111.03251597549
14.82,70102.13527558371
14.83,70091.60069835918
14.84,70084.08308760295
14.85,70074.60799702878
14.86,70067.04259704803
14.870000000000001,70058.20903342
14.88,70051.35525299025
14.89,70042.4187641619
14.9,70031.45165714539
14.91,70023.99017991782
14.92,70014.73218484868
14.93,70004.046328342
14.94,69997.75323581317
14.950000000000001,69988.58797196235
14.96,69981.05593033222
14.97,69969.87647641155
14.98,69960.79935991814
14.99,69952.95885525401
15.0,69945.48479088675
15.01,69936.28252578586
15.02,69927.4670228858
15.030000000000001,69917.01579446872
15.040000000000001,69908.77821973298
15.05,69899.87917771177
15.06,69891.17154564847
15.07,69884.9989210505
15.08,69875.38328424124
15.09,69866.30422263766
15.1,69858.15185403718
15.11,69849.64971094714
15.120000000000001,69841.80448178817
15.13,69830.4716753935
15.14,69824.56381356694
15.15,69814.06568018458
15.16,69805.17098130714
15.17,69800.30850626744
15.18,69788.84654634327
15.19,69781.69400187657
15.200000000000001,69771.61833976925
15.21,69763.60727558701
15.22,69757.62457162152
15.23,69747.28037838987
15.24,69741.00598234106
15.25,69728.61576923811
15.26,69722.64602522305
15.27,69713.9293000783
15.280000000000001,69706.3069276151
15.290000000000001,69695.65278864071
15.3,69690.12884448904
15.31,69681.52374777354
15.32,69672.02252893461
15.33,69662.52502530799
15.34,69655.1950998727
15.35,69648.38231929504
15.36,69639.81232695932
15.370000000000001,69630.88378806316
15.38,69622.7264021967
15.39,69613.89854384284
15.4,69605.49328438578
15.41,69597.75365459628
15.42,69589.32654509397
15.43,69581.45951458761
15.44,69570.50034142322
15.450000000000001,69563.68490384614
15.46,69557.56622433985
15.47,69549.381659823
15.48,69537.7458073342
15.49,69532.4083538923
15.5,69523.42866692226
15.51,69516.48887588599
15.52,69508.43017073367
15.530000000000001,69499.84803110475
15.540000000000001,69491.13087175843
15.55,69483.81814217761
15.56,69475.58285231277
15.57,69467.14296800617
15.58,69460.18349580841
15.59,69449.32847004221
15.6,69442.74492833989
15.610000000000001,69434.8555979345
15.620000000000001,69425.38345808028
15.63,69420.32273038109
15.64,69412.69801270906
15.65,69401.08839602036
15.66,69394.73352108605
15.67,69386.6897773735
15.68,69378.87914360591
15.69,69370.53974758816
15.700000000000001,69363.29862783523
15.71,69355.73007248926
15.72,69346.53059905152
15.73,69340.23838431522
15.74,69334.15919584718
15.75,69323.89103750524
15.76,69314.22046063298
15.77,69308.74239797416
15.780000000000001,69299.91639743804
15.790000000000001,69290.66152381653
15.8,69285.10315175293
15.81,69276.32134873816
15.82,69267.98285055268
15.83,69258.71175042701
15.84,69253.64994253505
15.85,69246.33350920553
15.860000000000001,69236.95605479353
15.870000000000001,69229.60937062562
15.88,69222.13595112119
15.89,69215.08704603919
15.9,69209.05302513023
15.91,69197.5385432951
15.92,69192.09156353354
15.93,69186.6834774867
15.94,69175.79854004284
15.950000000000001,69168.00628529693
15.96,69158.7663306453
15.97,69154.69671474557
15.98,69144.92150854033
15.99,69138.31956667482
16.0,69129.64811044089
16.01,69121.91325459407
16.02,69115.16042739603
16.03,69104.80899975378
16.04,69099.43377502577
16.05,69094.28278215574
16.06,69085.37140819813
16.07,69076.63963354848
16.080000000000002,69067.68599577181
16.09,69060.9082586226
16.1,69054.41232918564
16.11,69046.60282307645
16.12,69040.76817240249
16.13,69032.80580843371
16.14,69024.91100150724
16.15,69017.05817145236
16.16,69008.91162732997
16.17,69003.14167065073
16.18,68993.51387225186
16.19,68987.81805234631
16.2,68978.45673413678
16.21,68973.74066355753
16.22,68963.8770071869
16.23,68956.8085668434
16.240000000000002,68949.95243015798
16.25,68942.405665188
16.26,68935.73237602095
16.27,68927.74639116766
16.28,68920.32738945335
16.29,68913.32255179904
16.3,68904.35433913583
16.31,68899.1698521811
16.32,68890.83730207378
16.330000000000002,68883.27926276755
16.34,68875.75347883349
16.35,68869.90229002983
16.36,68862.5886886231
16.37,68855.65825489514
16.38,68845.94336564474
16.39,68842.22498047349
16.4,68833.5195940224
16.41,68825.02589601107
16.42,68817.40808076732
16.43,68810.28815364005
16.44,68803.66028767725
16.45,68795.16344336524
16.46,68790.71002447339
16.47,68782.3260137938
16.48,68775.41538030308
16.490000000000002,68770.05606279334
16.5,68762.80582367351
16.51,68753.5778684967
16.52,68745.95375704634
16.53,68739.27737402622
16.54,68732.24659348154
16.55,68726.06240810084
16.56,68720.09751521815
16.57,68712.92616259321
16.580000000000002,68703.18054565463
16.59,68699.1083692884
16.6,68689.98566790736
16.61,68683.89724330793
16.62,68676.85239367909
16.63,68670.29098559645
16.64,68663.11032567464
16.65,68655.99005638206
16.66,68647.68677938414
16.67,68642.84145298252
16.68,68635.76562847031
16.69,68629.33328098238
16.7,68621.31975814293
16.71,68613.61937654647
16.72,68607.83571697572
16.73,68600.34964219209
16.740000000000002,68593.42102917327
16.75,68586.44794100955
16.76,68580.53920885359
16.77,68572.53440097376
16.78,68566.13994591245
16.79,68559.51955129656
16.8,68554.25101091841
16.81,68548.09556753201
16.82,68540.19353697606
16.830000000000002,68533.07023236215
16.84,68525.19097245763
16.85,68520.29387493175
16.86,68510.70286525955
16.87,68506.10732228389
16.88,68497.93182147118
16.89,68491.76381076273
16.9,68484.03281485905
16.91,68477.48138993068
16.92,68471.85309508904
16.93,68463.24387323906
16.94,68456.43930929404
16.95,68450.19281501984
16.96,68445.95069869893
16.97,68438.3006169783
16.98,68432.4650833218
16.990000000000002,68425.7743426488
17.0,68417.38334832164
17.01,68411.56016256723
17.02,68404.82413666396
17.03,68398.87505499054
17.04,68391.70413540781
17.05,68386.18595474368
17.06,68379.44008040045
17.07,68372.32641769519
17.080000000000002,68365.94008330903
17.09,68358.35970333211
17.1,68351.59743446164
17.11,68347.14841012482
17.12,68338.8866748431
17.13,68332.13560708793
17.14,68327.33511266581
17.150000000000002,68320.50477647869
17.16,68312.735351104
17.17,68308.1597828778
17.18,68298.99897821965
17.19,68291.62596705834
17.2,68287.8170130016
17.21,68282.31537631132
17.22,68274.57690384341
17.23,68269.34017064264
17.240000000000002,68261.49028559505
17.25,68254.01411657095
17.26,68249.01029041817
17.27,68243.03043157332
17.28,68237.60140052592
17.29,68228.45043122217
17.3,68223.76119735734
17.31,68215.92401112031
17.32,68210.54976425237
17.330000000000002,68206.28888115281
17.34,68198.90104758371
17.35,68191.4926442967
17.36,68185.57052374806
17.37,68180.22526951598
17.38,68172.81999529935
17.39,68166.23218683542
17.400000000000002,68161.41351863353
17.41,68153.38031335121
17.42,68149.87782439296
17.43,68139.70880870403
17.44,68135.39270504196
17.45,68129.06532138186
17.46,68123.19395992653
17.47,68117.2752855103
17.48,68112.81663473466
17.490000000000002,68105.4128326189
17.5,68099.77124241862
17.51,68093.61496279573
17.52,68085.95310525705
17.53,68080.10224903448
17.54,68073.92660268236
17.55,68069.2604698373
17.56,68061.61189037684
17.57,68055.37248722886
17.580000000000002,68048.64977800632
17.59,68045.41649211208
17.6,68036.55172635952
17.61,68032.77717957855
17.62,68026.50796771636
17.63,68021.0240939515
17.64,68014.40339779852
17.650000000000002,68007.40727641486
17.66,68003.19379370016
17.67,67995.97788534862
17.68,67990.40213908015
17.69,67983.93721772323
17.7,67977.2753687966
17.71,67972.14850211701
17.72,67966.1349633301
17.73,67958.50457625987
17.740000000000002,67955.41999058326
17.75,67946.57291589929
17.76,67941.94254772144
17.77,67935.83664528516
17.78,67931.70934543962
17.79,67924.03259335035
17.8,67918.6376290312
17.81,67912.11368574155
17.82,67908.29602047389
17.830000000000002,67903.16263278188
17.84,67896.5861143476
17.85,67890.3518761261
17.86,67881.80501016791
17.87,67878.2665398692
17.88,67872.10376580802
17.89,67868.23158425611
17.900000000000002,67860.37589167476
17.91,67854.73111968636
17.92,67851.80108205508
17.93,67843.05234481258
17.94,67837.45035144144
17.95,67833.22864134332
17.96,67826.77958194494
17.97,67820.01502767157
17.98,67814.43997702858
17.990000000000002,67807.74886583858
18.0,67802.90184764209
18.01,67797.6540170371
18.02,67793.61707669117
18.03,67785.9162740968
18.04,67779.3459983497
18.05,67775.6472771315
18.06,67768.45457409379
18.07,67765.83706626698
18.080000000000002,67759.0615595159
18.09,67752.95568647268
18.1,67747.45607005518
18.11,67741.01115646334
18.12,67734.29511201054
18.13,67729.96765008448
18.14,67725.69337452127
18.150000000000002,67720.23090076481
18.16,67715.53349938929
18.17,67707.26719600977
18.18,67703.6411550953
18.19,67698.76874253702
18.2,67691.18767333032
18.21,67687.39596105341
18.22,67681.48019979679
18.23,67675.2208795605
18.240000000000002,67669.50788195035
18.25,67665.60248852344
18.26,67659.58417794283
18.27,67652.54965555905
18.28,67649.39198587187
18.29,67643.37409796486
18.3,67636.83258687887
18.31,67633.39887059476
18.32,67628.75572318929
18.330000000000002,67623.35173559054
18.34,67619.63202384046
18.35,67611.5318686327
18.36,67606.26073226567
18.37,67600.6570203337
18.38,67594.88122642391
18.39,67589.35826665083
18.400000000000002,67583.82877304604
18.41,67578.84798732155
18.42,67573.87691481222
18.43,67567.9917170742
18.44,67561.48380095011
18.45,67557.87339773099
18.46,67554.65597111279
18.47,67548.59434966254
18.48,67542.47124181241
18.490000000000002,67535.06997348847
18.5,67532.84084737918
18.51,67527.48359310706
18.52,67522.99457778763
18.53,67516.4978606687
18.54,67511.96224126386
18.55,67505.55437889823
18.56,67501.66036928823
18.57,67496.34465075987
18.580000000000002,67489.94195542602
18.59,67485.28249242784
18.6,67478.9109712429
18.61,67475.77548697397
18.62,67471.5804764172
18.63,67466.3238763896
18.64,67459.6571020237
18.650000000000002,67456.41921309078
18.66,67449.22353083426
18.67,67445.12401092771
18.68,67439.33836680681
18.69,67436.15390401697
18.7,67430.76737458557
18.71,67425.45461114489
18.72,67419.32711666716
18.73,67414.35166594636
18.740000000000002,67409.03867577408
18.75,67405.61929278082
18.76,67399.61192476668
18.77,67394.21090219059
18.78,67390.8004691139
18.79,67383.73063671545
18.8,67378.903686336
18.81,67374.13106676776
18.82,67369.89401294432
18.830000000000002,67365.34447097091
18.84,67360.45345137961
18.85,67357.02643069145
18.86,67350.3763279595
18.87,67345.80623110627
18.88,67342.67892572064
18.89,67335.91589897545
18.900000000000002,67330.12094653699
18.91,67325.74185672376
18.92,67321.82021623924
18.93,67315.32910854464
18.94,67312.21715781293
18.95,67306.48301674488
18.96,67303.69135426228
18.97,67297.19723437949
18.98,67292.82370665613
18.990000000000002,67286.43906092062
19.0,67284.87544326384
19.01,67277.26332165116
19.02,67274.74549969076
19.03,67267.37836589722
19.04,67264.8920712131
19.05,67259.97303506346
19.06,67252.84654139602
19.07,67249.99578113017
19.080000000000002,67244.77160114625
19.09,67241.71213865276
19.1,67237.47275459064
19.11,67230.30926317841
19.12,67226.74706737555
19.13,67224.64680823722
19.14,67217.3922764045
19.150000000000002,67213.25085240489
19.16,67208.6344445075
19.17,67204.18418043839
19.18,67199.21967705342
19.19,67195.59857480708
19.2,67190.07561434116
19.21,67185.13387227064
19.22,67181.72520459534
19.23,67177.10563344459
19.240000000000002,67173.27268839812
19.25,67168.26617058576
19.26,67163.07058212686
19.27,67157.1940114259
19.28,67153.54128366093
19.29,67148.20724858655
19.3,67145.40152981126
19.31,67141.73356908045
19.32,67135.77175506996
19.330000000000002,67130.31697487767
19.34,67128.56800711901
19.35,67123.36829248977
19.36,67117.50496283168
19.37,67113.60931083812
19.38,67109.7503168995
19.39,67103.4978156593
19.400000000000002,67099.95581976535
19.41,67094.86752964402
19.42,67092.2775263999
19.43,67087.88919908476
19.44,67082.34966854345
19.45,67078.9787781099
19.46,67073.73353945014
19.47,67068.56067126802
19.48,67064.68366060905
19.490000000000002,67061.5685250365
19.5,67057.10216253322
19.51,67051.33436983216
19.52,67048.76879782206
19.53,67044.96545083784
19.54,67039.39251356013
19.55,67036.23439035642
19.56,67031.4072041836
19.57,67026.87852274213
19.580000000000002,67024.43824634608
19.59,67020.42605397684
19.6,67015.84550004246
19.61,67010.04017554318
19.62,67005.9702884563
19.63,67002.276575663
19.64,67000.15028662766
19.650000000000002,66994.54123645951
19.66,66987.52934723228
19.67,66986.69354955335
19.68,66983.22297710938
19.69,66978.40767791845
19.7,66974.24387623052
19.71,66968.26609671277
19.72,66965.4115528789
19.73,66960.8438719565
19.740000000000002,66957.16803189919
19.75,66953.95368803207
19.76,66946.59311838086
19.77,66942.68871050126
19.78,66939.48842010196
19.79,66936.72926131278
19.8,66933.27292641997
19.81,66927.55323654725
19.82,66925.02856838722
19.830000000000002,66920.37574662191
19.84,66915.84549396369
19.85,66912.91674557443
19.86,66908.12567531099
19.87,66905.05951720473
19.88,66900.86443381639
19.89,66896.97324895118
19.900000000000002,66894.11879727231
19.91,66888.61103998957
19.92,66884.19900384788
19.93,66880.48584526253
19.94,66876.93373681347
19.95,66873.90349348805
19.96,66866.83279847368
19.97,66863.82535796337
19.98,66860.16372863598
19.990000000000002,66857.95034673237
20.0,66854.256619362
20.01,66850.39381909823
20.02,66845.96536168619
20.03,66841.27657214052
20.04,66839.7001897454
20.05,66833.22010295653
20.06,66830.4670378917
20.07,66825.46281717243
20.080000000000002,66823.379321171
20.09,66820.03773242956
20.1,66814.71286145286
20.11,66812.51057275447
20.12,66806.95234880985
20.13,66801.86665655405
20.14,66799.97576232206
20.150000000000002,66796.47130133548
20.16,66789.16194865196
20.17,66789.41505827506
20.18,66787.73247384824
20.19,66782.53192189304
20.2,66780.13610531235
20.21,66774.33446423615
20.22,66770.00535602779
20.23,66767.40053357817
20.240000000000002,66764.76943407174
20.25,66760.74728251464
20.26,66757.92079065662
20.27,66753.53498973916
20.28,66747.99296536585
20.29,66744.96971735111
20.3,66741.8021874103
20.31,66735.73484925118
20.32,66733.95753104523
20.330000000000002,66731.32856291755
20.34,66726.5697225025
20.35,66726.65448658743
20.36,66721.04686853357
20.37,66716.98248702595
20.38,66713.5647679512
20.39,66709.18400071135
20.400000000000002,66707.99226665651
20.41,66703.38065429319
20.42,66699.35631863693
20.43,66696.18559491927
20.44,66691.89829924467
20.45,66691.12717966264
20.46,66684.63972227428
20.47,66682.3863492381
20.48,66678.36290249701
20.490000000000002,66676.74209078883
20.5,66672.23717025245
20.51,66669.23749894054
20.52,66665.30835754506
20.53,66661.76446323654
20.54,66657.91407890718
20.55,66652.31204432664
20.56,66650.97527358057
20.57,66649.64710086543
20.580000000000002,66644.26622982825
20.59,66642.14128259853
20.6,66636.82895394489
20.61,66634.88860280368
20.62,66630.88337408061
20.63,66629.1513985087
20.64,66623.62369749405
20.650000000000002,66620.78763673056
20.66,66618.68910766968
20.67,66614.4311488616
20.68,66611.97000900422
20.69,66609.31533354311
20.7,66603.90192520282
20.71,66602.48609726584
20.72,66597.02202022306
20.73,66594.02827384612
20.740000000000002,66592.81766764748
20.75,66590.4213225107
20.76,66585.11064051196
20.77,66582.97641473291
20.78,66579.72777732862
20.79,66575.34204099892
20.8,66573.41008974536
20.81,66570.35476515748
20.82,66568.96998997263
20.830000000000002,66562.98474001206
20.84,66559.57726317669
20.85,66556.0798582507
20.86,66554.0473319475
20.87,66551.43932035824
20.88,66547.15737473161
20.89,66544.45691034273
20.900000000000002,66540.78863794444
20.91,66540.20139279007
20.92,66534.92632247419
20.93,66531.87366489497
20.94,66528.445087968
20.95,66525.1636304977
20.96,66524.58262603695
20.97,66520.19573135379
20.98,66519.95825870124
20.990000000000002,66512.21995123645
21.0,66510.86395831122
21.01,66508.3373325966
21.02,66505.5261269011
21.03,66504.24753658906
21.04,66501.23877823778
21.05,66495.93549368609
21.06,66493.7645233498
21.07,66489.4121459588
21.080000000000002,66487.23820570168
21.09,66484.39501556121
21.1,66481.189813177
21.11,66479.48412507643
21.12,66475.79146677945
21.13,66473.27100093666
21.14,66470.61379772371
21.150000000000002,66468.69202155866
21.16,66465.35659602346
21.17,66463.28533000738
21.18,66459.06039712361
21.19,66457.4760349393
21.2,66454.84238043508
21.21,66450.51993862937
21.22,66449.50805686651
21.23,66446.11107892661
21.240000000000002,66443.384851011
21.25,66440.61429685251
21.26,66436.27348940965
21.27,66435.05408488793
21.28,66432.17667787091
21.29,66427.50825783194
21.3,66426.41010331483
21.31,66422.5597936982
21.32,66418.55038694252
21.330000000000002,66418.37888467204
21.34,66415.21548268401
21.35,66411.79620179627
21.36,66407.99023139632
21.37,66407.4456535643
21.38,66404.81352148896
21.39,66401.87897461798
21.400000000000002,66398.11682517208
21.41,66394.588532097
21.42,66393.3596175039
21.43,66391.61018833584
21.44,66389.33915844132
21.45,66387.36786181381
21.46,66382.37059123008
21.47,66379.87470423986
21.48,66377.61381444897
21.490000000000002,66376.21425837312
21.5,66372.76665856889
21.51,66370.6619755492
21.52,66368.71165977755
21.53,66366.19997342794
21.54,66363.19203495044
21.55,66360.45292055025
21.56,66358.92549433335
21.57,66355.13994965338
21.580000000000002,66352.81138773327
21.59,66350.19326226386
21.6,66348.06146520906
21.61,66345.76960784083
21.62,66343.51141741496
21.63,66341.50169860362
21.64,66337.86122357879
21.650000000000002,66334.58156018124
21.66,66332.95614361911
21.67,66329.51866048884
21.68,66326.96128278409
21.69,66328.17858475992
21.7,66321.95618293245
21.71,66321.23655602547
21.72,66317.6056846002
21.73,66315.47316330971
21.740000000000002,66312.98432751112
21.75,66311.41018136994
21.76,66310.0768125389
21.77,66305.48175764059
21.78,66304.47614007122
21.79,66302.34073559547
21.8,66299.95243050304
21.81,66297.76788043129
21.82,66294.51028383756
21.830000000000002,66293.6664777046
21.84,66288.71082063984
21.85,66288.69689867066
21.86,66285.15869722025
21.87,66284.56211729597
21.88,66281.9457641397
21.89,66282.47015865277
21.900000000000002,66277.17192090752
21.91,66273.18730339623
21.92,66272.90821137307
21.93,66271.60957679825
21.94,66267.68025580954
21.95,66267.2548117801
21.96,66262.95830838032
21.97,66262.64489623984
21.98,66259.85362898154
21.990000000000002,66255.87069022613
22.0,66255.01378458929
22.01,66252.49262129584
22.02,66254.69541686882
22.03,66247.71749465683
22.04,66247.16318451938
22.05,66245.16058617877
22.06,66243.10452244864
22.07,66241.64611447066
22.080000000000002,66238.35761066744
22.09,66235.85748037389
22.1,66234.0954491074
22.11,66232.46369946667
22.12,66231.57620723105
22.13,66229.10498790303
22.14,66225.96518729834
22.150000000000002,66224.75100686707
22.16,66221.8635226707
22.17,66220.1042063258
22.18,66218.41250584366
22.19,66216.7258821862
22.2,66215.84036684509
22.21,66214.30518607143
22.22,66210.04311722984
22.23,66207.9572125487
22.240000000000002,66206.41306823851
22.25,66206.06258522904
22.26,66203.70920762134
22.27,66199.82541464697
22.28,66200.18584014142
22.29,66197.04072045094
22.3,66194.05158138703
22.31,66192.75086518642
22.32,66192.07524026814
22.330000000000002,66188.19094389604
22.34,66187.95002081527
22.35,66185.96318359229
22.36,66183.5256888981
22.37,66180.57672963089
22.38,66180.15650571114
22.39,66180.70789813194
22.400000000000002,66176.22330673892
22.41,66174.7550531025
22.42,66172.82404714203
22.43,66169.45167695012
22.44,66169.5134702835
22.45,66167.73744620974
22.46,66165.14889533246
22.47,66163.9617828975
22.48,66163.29554812015
22.490000000000002,66162.15444427646
22.5,66158.40839724797
22.51,66158.53645246531
22.52,66157.25186817905
22.53,66156.04551600537
22.54,66152.2668956897
22.55,66152.59188488501
22.56,66149.15438468398
22.57,66147.55602699293
22.580000000000002,66146.15965919525
22.59,66145.30146993931
22.6,66143.18858686967
22.61,66140.88900657481
22.62,66138.80498966375
22.63,66136.37680863781
22.64,66135.57418273277
22.650000000000002,66133.45759636829
22.66,66132.21724576301
22.67,66131.12150182763
22.68,66129.53088429305
22.69,66128.16007569642
22.7,66126.75745949599
22.71,66125.62781888578
22.72,66123.68301635605
22.73,66121.62396622394
22.740000000000002,66118.6487462626
22.75,66118.51542515951
22.76,66118.10006414466
22.77,66116.26608876335
22.78,66111.91957551746
22.79,66111.67212258048
22.8,66110.95972767263
22.81,66108.82250385042
22.82,66107.10181281134
22.830000000000002,66108.78457434579
22.84,66105.13669575602
22.85,66103.69631831632
22.86,66103.80848427025
22.87,66101.84669713987
22.88,66101.62822599332
22.89,66099.01410709522
22.900000000000002,66098.01745309366
22.91,66096.90512415684
22.92,66093.52832803215
22.93,66094.92492839832
22.94,66090.96613557427
22.95,66090.942338466
22.96,66089.34174386943
22.97,66088.02657208356
22.98,66087.601328632
22.990000000000002,66086.11963166775
23.0,66085.22901236165
23.01,66082.17753825473
23.02,66080.83570995773
23.03,66079.63431725003
23.04,66077.18913979399
23.05,66076.75020800103
23.06,66077.60692338092
23.07,66075.62979409723
23.080000000000002,66073.41364398104
23.09,66071.5066907561
23.1,66072.20323267701
23.11,66070.95285279186
23.12,66068.79405415997
23.13,66067.4140330408
23.14,66066.26843474201
23.150000000000002,66064.31619058242
23.16,66063.217056361
23.17,66063.00700423018
23.18,66059.54653531911
23.19,66060.14112839742
23.2,66060.80363707583
23.21,66059.01679796728
23.22,66054.99357647065
23.23,66055.27929715796
23.240000000000002,66057.00090897041
23.25,66053.06623720725
23.26,66051.25010651187
23.27,66051.23689970453
23.28,66050.31793901313
23.29,66049.8341966073
23.3,66049.6129310859
23.31,66048.9384262347
23.32,66046.79247128725
23.330000000000002,66044.53603312251
23.34,66044.22663225624
23.35,66043.17011343274
23.36,66042.24032905856
23.37,66039.73360749656
23.38,66039.14230368363
23.39,66039.12365135978
23.400000000000002,66040.30976933416
23.41,66038.7949858027
23.42,66037.34872846218
23.43,66034.46490587362
23.44,66034.31050395829
23.45,66033.56526276816
23.46,66032.45750241962
23.47,66032.14489932866
23.48,66031.45090928086
23.490000000000002,66030.96511743222
23.5,66027.46143950948
23.51,66028.32475722702
23.52,66029.19265369375
23.53,66026.59774092927
23.54,66025.05106733649
23.55,66024.95103614357
23.56,66022.9104342163
23.57,66022.0450304791
23.580000000000002,66022.06861940167
23.59,66020.64435974183
23.6,66022.08119765158
23.61,66019.48181211558
23.62,66018.51785565536
23.63,66018.55456993192
23.64,66019.21410752823
23.650000000000002,66015.12330047255
23.66,66017.08559187951
23.67,66015.86068446915
23.68,66012.66981770165
23.69,66014.71440244181
23.7,66012.20408120811
23.71,66011.34388320829
23.72,66011.09264449493
23.73,66011.37251245683
23.740000000000002,66010.27712737162
23.75,66011.69940132265
23.76,66006.56079839052
23.77,66007.0307925396
23.78,66009.57369541471
23.79,66005.09037825944
23.8,66004.51129399374
23.81,66004.3638311907
23.82,66004.39803485661
23.830000000000002,66003.88001725519
23.84,66002.43492928731
23.85,66002.54373780127
23.86,66002.26156479413
23.87,66002.86471181911
23.88,66002.41371481889
23.89,66000.6797992356
23.900000000000002,65999.23725860538
23.91,66000.07203234147
23.92,65999.90686777304
23.93,65998.98169358786
23.94,65996.48428117181
23.95,65999.69041030161
23.96,65997.02452424567
23.97,65995.74214054295
23.98,65994.14573174747
23.990000000000002,65995.16809875902
24.0,65992.76415020283
24.01,65994.83140662017
24.02,65994.44195759977
24.03,65992.33390225115
24.04,65992.25131495392
24.05,65992.13780575282
24.060000000000002,65992.50376187451
24.07,65989.8979676779
24.080000000000002,65992.72588468652
24.09,65988.048318718
24.1,65990.09215584608
24.11,65989.20491802151
24.12,65989.94398217455
24.13,65988.81761964165
24.14,65986.84790745283
24.150000000000002,65987.89447199063
24.16,65987.20170456172
24.17,65987.74803012403
24.18,65986.74424836134
24.19,65986.84100231295
24.2,65986.50653536411
24.21,65987.52216369293
24.22,65985.90570904521
24.23,65986.30152125585
24.240000000000002,65983.57674275238
24.25,65985.25066639151
24.26,65983.32679148532
24.27,65984.30872998676
24.28,65984.4294903137
24.29,65983.77587596992
24.3,65984.08734475951
24.310000000000002,65984.49062399984
24.32,65983.01439686219
24.330000000000002,65984.52576538135
24.34,65983.3822407985
24.35,65982.53080612533
24.36,65982.15886073183
24.37,65983.53478918098
24.38,65979.86778157233
24.39,65983.67993434152
24.400000000000002,65980.3027731016
24.41,65982.64754944993
24.42,65982.66487788108
24.43,65979.55145883023
24.44,65980.93765197681
24.45,65979.84529575183
24.46,65979.43050096973
24.47,65982.59196899987
24.48,65981.68522300546
24.490000000000002,65980.59135363696
24.5,65981.0920355067
24.51,65982.58135842277
24.52,65978.64461203455
24.53,65980.71234102325
24.54,65981.74458483291
24.55,65979.02870759669
24.560000000000002,65979.85342273515
24.57,65980.30922971565
24.580000000000002,65978.92098778828
24.59,65978.72761966141
24.6,65978.95504558903
24.61,65980.24539892148
24.62,65979.78931173304
24.63,65980.87032327052
24.64,65980.11350304466
24.650000000000002,65979.3575888948
24.66,65980.13180234689
24.67,65979.57791948234
24.68,65979.78540426772
24.69,65978.90659499659
24.7,65980.89933428515
24.71,65980.7770011087
24.72,65980.27694972696
24.73,65981.21376466616
24.740000000000002,65981.68927376601
24.75,65981.22179945122
24.76,65980.9438012044
24.77,65981.23162895952
24.78,65981.20081999361
24.79,65982.31526177391
24.8,65979.85825729975
24.810000000000002,65981.96833647789
24.82,65982.0411994158
24.830000000000002,65982.50949563792
24.84,65981.26483342878
24.85,65981.43523854403
24.86,65980.03672239014
24.87,65984.84230270646
24.88,65982.57456358879
24.89,65981.93317873632
24.900000000000002,65982.02479574176
24.91,65984.56809442621
24.92,65984.45638095145
24.93,65982.40728890136
24.94,65983.86651174724
24.95,65983.54999176868
24.96,65982.4811519906
24.97,65983.99833181908
24.98,65984.66615524949
24.990000000000002,65984.50441280518
25.0,65986.36103534813
25.01,65986.52721621514
25.02,65985.951046248
25.03,65985.04704661589
25.04,65986.47998097248
25.05,65985.88413573899
25.060000000000002,65986.20023589022
25.07,65986.18321207733
25.080000000000002,65987.66723580097
25.09,65985.49054141877
25.1,65986.13749539175
25.11,65987.89133598297
25.12,65989.76616541842
25.13,65988.09229091957
25.14,65989.20744219002
25.150000000000002,65988.56196049876
25.16,65990.57929285849
25.17,65989.36732862072
25.18,65989.73337713403
25.19,65990.5427545285
25.2,65990.70167363134
25.21,65989.33532260792
25.22,65991.06816170762
25.23,65991.09825077007
25.240000000000002,65992.451912736
25.25,65991.9123509958
25.26,65992.4347134788
25.27,65993.3083901604
25.28,65994.34643298412
25.29,65994.55885271639
25.3,65994.11081443203
25.310000000000002,65995.3809356592
25.32,65995.27845338744
25.330000000000002,65993.80049797833
25.34,65995.73983975708
25.35,65997.0127719886
25.36,65997.79398741548
25.37,65996.41569201805
25.38,65998.20970611737
25.39,65996.65246908086
25.400000000000002,65998.35694191123
25.41,65998.77932008303
25.42,65999.35082343663
25.43,65998.01763773855
25.44,66000.54535176672
25.45,65999.45891455527
25.46,66000.84391484947
25.47,66000.18834476956
25.48,66003.43195359009
25.490000000000002,66001.79085250685
25.5,66001.51408701797
25.51,66002.72846658324
25.52,66002.92854339119
25.53,66003.42973790782
25.54,66003.19942726567
25.55,66005.3463779329
25.560000000000002,66004.00866234876
25.57,66006.26444873217
25.580000000000002,66005.21478014017
25.59,66006.20214329456
25.6,66010.0461959514
25.61,66005.96079623919
25.62,66007.6012323759
25.63,66010.94770544085
25.64,66009.37448119138
25.650000000000002,66011.30115396345
25.66,66011.89317281668
25.67,66011.12095517154
25.68,66011.98229304118
25.69,66012.32650788099
25.7,66014.08570329884
25.71,66014.07513354762
25.72,66015.43703030799
25.73,66015.07507252308
25.740000000000002,66014.29483852869
25.75,66016.76258021154
25.76,66019.00589541924
25.77,66017.16715839527
25.78,66018.9524434284
25.79,66018.6749233204
25.8,66018.69539303282
25.810000000000002,66021.65360365635
25.82,66020.54154855445
25.830000000000002,66020.85615817698
25.84,66023.07740531785
25.85,66021.99127977804
25.86,66022.73817958904
25.87,66024.47729685684
25.88,66023.75046947526
25.89,66024.9170714593
25.900000000000002,66027.80550520579
25.91,66027.00229754603
25.92,66027.64241743277
25.93,66027.66325617486
25.94,66030.40673414718
25.95,66029.79924647113
25.96,66028.42142833021
25.97,66032.03741857022
25.98,66031.49199016695
25.990000000000002,66031.76460152007
26.0,66034.79256599121
26.01,66034.67311953369
26.02,66033.17921922807
26.03,66036.13083751292
26.04,66036.6042458938
26.05,66036.82241180156
26.060000000000002,66039.12359465136
26.07,66038.75635304689
26.080000000000002,66037.20898500438
26.09,66038.92416182747
26.1,66041.26823448636
26.11,66042.6578362779
26.12,66041.4880441691
26.13,66043.58078735114
26.14,66044.29682311196
26.150000000000002,66046.26328178181
26.16,66045.56953304088
26.17,66046.18022052027
26.18,66048.22307155273
26.19,66047.36775974819
26.2,66047.5939745405
26.21,66049.67141572614
26.22,66050.85676578681
26.23,66051.2910976167
26.240000000000002,66053.16026028065
26.25,66054.43905326245
26.26,66055.2775514155
26.27,66054.33416051404
26.28,66055.18814777925
26.29,66058.13986708563
26.3,66057.86364170462
26.310000000000002,66059.44448110984
26.32,66057.74990040569
26.330000000000002,66059.54908134646
26.34,66062.13434441433
26.35,66061.32404117173
26.36,66063.42116964434
26.37,66061.81215564677
26.38,66064.11458649939
26.39,66064.9127325096
26.400000000000002,66065.47436292138
26.41,66066.05233936392
26.42,66070.00737964603
26.43,66070.34052848462
26.44,66070.2221520046
26.45,66071.48614286323
26.46,66070.588395434
26.47,66070.96372251546
26.48,66074.19009917814
26.490000000000002,66074.69556915422
26.5,66075.0163485163
26.51,66079.1709707841
26.52,66077.02665912427
26.53,66078.28497013378
26.54,66078.96774878162
26.55,66079.18738433019
26.560000000000002,66081.05859096511
26.57,66080.80711850316
26.580000000000002,66082.54316401116
26.59,66084.72547927518
26.6,66086.28635361046
26.61,66087.39424840889
26.62,66087.64854820882
26.63,66087.96961106648
26.64,66088.69677324696
26.650000000000002,66090.21232621752
26.66,66092.14166907979
26.67,66091.54100577696
26.68,66092.22756427842
26.69,66094.46745024563
26.7,66094.92540835525
26.71,66096.59683477123
26.72,66098.00172720588
26.73,66098.72230587427
26.740000000000002,66100.11805586187
26.75,66100.88145842968
26.76,66100.6929621857
26.77,66103.4810487916
26.78,66104.38218736867
26.79,66103.17051319266
26.8,66105.9049629529
26.810000000000002,66105.37490387194
26.82,66109.20902734352
26.830000000000002,66108.80979525496
26.84,66110.77585037546
26.85,66111.72213270584
26.86,66113.07826484862
26.87,66113.05529671203
26.88,66113.20732265653
26.89,66114.65786160553
26.900000000000002,66118.26366203229
26.91,66117.24090074042
26.92,66119.50703177814
26.93,66119.47926704027
26.94,66123.41505246342
26.95,66124.64919999795
26.96,66123.97723718452
26.97,66124.77314409472
26.98,66128.59275612376
26.990000000000002,66126.6356627072
27.0,66128.39288478011
27.01,66129.49714990793
27.02,66128.97675477128
27.03,66131.9242581158
27.04,66134.68511872648
27.05,66134.44651268721
27.060000000000002,66135.47418702154
27.07,66136.60562900659
27.080000000000002,66138.12887092201
27.09,66139.0464670862
27.1,66140.20077749758
27.11,66141.22564529048
27.12,66141.46949537264
27.13,66143.42775039075
27.14,66144.86341247516
27.150000000000002,66146.20736919645
27.16,66146.2912454158
27.17,66148.56294995148
27.18,66151.48929598962
27.19,66152.28641408047
27.2,66153.84362783925
27.21,66152.16310910179
27.22,66155.91213748246
27.23,66157.29199001617
27.240000000000002,66158.19879458623
27.25,66160.97597893167
27.26,66160.95265020248
27.27,66162.63588818413
27.28,66162.78694683964
27.29,66165.64526351806
27.3,66165.37593205766
27.310000000000002,66167.70953216526
27.32,66167.39897496934
27.330000000000002,66168.17624813352
27.34,66173.02472045158
27.35,66171.79675202341
27.36,66172.89991844982
27.37,66173.43481731517
27.38,66175.15926600082
27.39,66177.76077441944
27.400000000000002,66180.71140098343
27.41,66180.59725692606
27.42,66181.9901397627
27.43,66182.1490474094
27.44,66183.67484609093
27.45,66186.11035643583
27.46,66185.81941665184
27.47,66186.14323671408
27.48,66188.81505112574
27.490000000000002,66190.76149791895
27.5,66191.0420489119
27.51,66194.57956377603
27.52,66193.14110291206
27.53,66196.43834690114
27.54,66197.05347183143
27.55,66198.98342083026
27.560000000000002,66197.7250951181
27.57,66201.78162632762
27.580000000000002,66203.17536131215
27.59,66204.27808771355
27.6,66207.11540085221
27.61,66207.50115828165
27.62,66209.77093732124
27.63,66208.45046218815
27.64,66212.20435267812
27.650000000000002,66210.62522917229
27.66,66212.15672556483
27.67,66213.82223273556
27.68,66215.35685352847
27.69,66218.42230230811
27.7,66218.88859023937
27.71,66219.59339129868
27.72,66223.20178051411
27.73,66224.25684451217
27.740000000000002,66224.39997033002
27.75,66227.24631043943
27.76,66229.29372281817
27.77,66231.2530686351
27.78,66232.19214477416
27.79,66231.87860816733
27.8,66233.01997953134
27.810000000000002,66236.49986096351
27.82,66235.97126323245
27.830000000000002,66238.86493808677
27.84,66240.83572659886
27.85,66239.8367133154
27.86,66244.23791956149
27.87,66243.84660526807
27.88,66246.36718136695
27.89,66248.43529953343
27.900000000000002,66249.60552455766
27.91,66250.400990457
27.92,66251.6695490636
27.93,66253.35294487665
27.94,66254.2860308987
27.95,66256.12918893999
27.96,66257.70397985402
27.97,66258.87305494548
27.98,66259.75632527145
27.990000000000002,66261.48993317483
28.0,66264.63427552555
28.01,66266.11132021686
28.02,66266.96125663778
28.03,66267.79033774375
28.04,66269.23222500263
28.05,66273.15772081257
28.060000000000002,66273.03111356687
28.07,66275.35264284369
28.080000000000002,66275.09247459794
28.09,66277.13887140523
28.1,66279.15095642253
28.11,66280.87402537298
28.12,66282.8004472254
28.13,66284.21377437693
28.14,66285.2467480939
28.150000000000002,66287.07267677177
28.16,66287.3777342085
28.17,66288.48484666979
28.18,66291.41351155701
28.19,66292.96164518021
28.2,66294.99542886237
28.21,66296.1592880356
28.22,66295.61830535573
28.23,66298.89319604386
28.240000000000002,66300.88944717207
28.25,66301.27525988703
28.26,66303.69732868674
28.27,66304.5376428554
28.28,66306.24836893796
28.29,66309.68941695857
28.3,66309.89876043725
28.310000000000002,66312.81611449405
28.32,66313.09549528382
28.330000000000002,66315.78846506424
28.34,66317.98493748427
28.35,66320.33660801647
28.36,66319.65937800765
28.37,66321.25464821473
28.38,66324.26407234796
28.39,66325.68560717751
28.400000000000002,66327.0042481905
28.41,66328.08256660897
28.42,66331.30572750715
28.43,66330.16102509656
28.44,66333.8348346834
28.45,66333.77759451984
28.46,66336.41057381991
28.47,66340.11378529794
28.48,66340.61745801641
28.490000000000002,66340.87149210917
28.5,66341.62953577132
28.51,66345.92973848137
28.52,66347.71958088345
28.53,66346.80427163774
28.54,66350.92919107308
28.55,66352.69447277935
28.560000000000002,66354.32894370423
28.57,66355.54871073042
28.580000000000002,66358.37120490526
28.59,66359.98924028361
28.6,66360.24735155993
28.61,66361.09537012622
28.62,66363.94927694384
28.63,66366.21245803717
28.64,66367.40244470218
28.650000000000002,66367.97117059045
28.66,66369.40946220949
28.67,66371.44597806878
28.68,66372.947480604
28.69,66376.57946395873
28.7,66376.32041425639
28.71,66378.08213498055
28.72,66382.37046102335
28.73,66383.45773531072
28.740000000000002,66385.86421508635
28.75,66385.97973623154
28.76,66389.10602275952
28.77,66388.58642610237
28.78,66391.7958987371
28.79,66393.8448613234
28.8,66395.53588843113
28.810000000000002,66396.82018878989
28.82,66398.69319565842
28.830000000000002,66401.76229195451
28.84,66402.6650469298
28.85,66403.28750177221
28.86,66405.07999505062
28.87,66407.56073203318
28.88,66409.15424221975
28.89,66410.23209799468
28.900000000000002,66412.89966415855
28.91,66416.02614054462
28.92,66416.2727209455
28.93,66416.83426331349
28.94,66420.22329146287
28.95,66421.93838273492
28.96,66423.13486144722
28.97,66425.16177539175
28.98,66425.08285225925
28.990000000000002,66428.98325050996
29.0,66429.3358477859
29.01,66431.6068474283
29.02,66435.96070878574
29.03,66438.35502399458
29.04,66436.86025190545
29.05,66439.87799436117
29.060000000000002,66440.72609584988
29.07,66444.59760985433
29.080000000000002,66445.56255935563
29.09,66446.63616910871
29.1,66447.49379930663
29.11,66450.23971940584
29.12,66451.35794525417
29.13,66455.61478771674
29.14,66456.37855352445
29.150000000000002,66458.60809443651
29.16,66460.56547387695
29.17,66462.43089209912
29.18,66463.89586333295
29.19,66466.48985971248
29.2,66465.91889011397
29.21,66469.93093175876
29.22,66469.50925447719
29.23,66472.94382674288
29.240000000000002,66473.05409072712
29.25,66476.6134897253
29.26,66480.00042660127
29.27,66480.72988458094
29.28,66481.87339091467
29.29,66484.55353937752
29.3,66485.47384091544
29.310000000000002,66487.65596671475
29.32,66489.58094738651
29.330000000000002,66489.97467936293
29.34,66492.01962095001
29.35,66496.89774598717
29.36,66497.9576952578
29.37,66502.3981294231
29.38,66498.11228583941
29.39,66504.02074063933
29.400000000000002,66504.73667275674
29.41,66505.70619864058
29.42,66508.47667717845
29.43,66509.61144712457
29.44,66511.28377729417
29.45,66513.23463340975
29.46,66516.71634578136
29.47,66518.9779652371
29.48,66519.5477051497
29.490000000000002,66520.93053779444
29.5,66525.65056804619
29.51,66525.2530038721
29.52,66528.03884759566
29.53,66531.17639986586
29.54,66531.8419096933
29.55,66532.67886361238
29.560000000000002,66535.50703294046
29.57,66540.02035013566
29.580000000000002,66538.04919613973
29.59,66542.1006928553
29.6,66543.03581402038
29.61,66545.85391701896
29.62,66548.29520647711
29.63,66548.42414560993
29.64,66550.68332346609
29.650000000000002,66553.2123188001
29.66,66553.38823710078
29.67,66555.4790109485
29.68,66559.22089561177
29.69,66562.58038222631
29.7,66562.15757603683
29.71,66563.97964562867
29.72,66566.13039944973
29.73,66569.70919823105
29.740000000000002,66570.79564203469
29.75,66572.05207748842
29.76,66573.88221812125
29.77,66577.54532219536
29.78,66578.3234964133
29.79,66579.64862623204
29.8,66584.24414775449
29.810000000000002,66584.82808481136
29.82,66586.37980568386
29.830000000000002,66588.6404192238
29.84,66590.4811824064
29.85,66593.78328460017
29.86,66593.87335044051
29.87,66596.30604414549
29.88,66598.5469633052
29.89,66602.01997034816
29.900000000000002,66603.2089008911
29.91,66606.43799458144
29.92,66605.21899869152
29.93,66608.55138168547
29.94,66611.75080949478
29.95,66612.51221227134
29.96,66614.16692917922
29.97,66616.81755799851
29.98,66617.7338588991
29.990000000000002,66620.13344885314
30.0,66620.11526291457
30.01,66624.19689974043
30.02,66627.19371531933
30.03,66629.37578998163
30.04,66629.01556383942
30.05,66633.96537523922
30.060000000000002,66635.72485101472
30.07,66636.9872568612
30.080000000000002,66638.52782526932
30.09,66641.32049924471
30.1,66643.0424494728
30.11,66645.43963029994
30.12,66645.36803715659
30.13,66646.93415270881
30.14,66652.90470702686
30.150000000000002,66653.74603849843
30.16,66654.73159071399
30.17,66656.74859205697
30.18,66660.35825296311
30.19,66660.0932554462
30.2,66663.10577024116
30.21,66666.75746378985
30.22,66664.73755506855
30.23,66668.44809296282
30.240000000000002,66672.84721827351
30.25,66675.54963434766
30.26,66675.34884646231
30.27,66677.53732228873
30.28,66678.48029248591
30.29,66683.61798064802
30.3,66684.07322367102
30.310000000000002,66686.07043619305
30.32,66687.15353207124
30.330000000000002,66690.20226967098
30.34,66693.07476743804
30.35,66695.96917686678
30.36,66696.32123514723
30.37,66696.2102561172
30.38,66699.18002629862
30.39,66702.26332402896
30.400000000000002,66704.61388569244
30.41,66706.28404572442
30.42,66709.78069600118
30.43,66710.34281311308
30.44,66713.28206526428
30.45,66714.65705282961
30.46,66715.57873275343
30.47,66718.03261191508
30.48,66722.513259997
30.490000000000002,66725.27823560155
30.5,66724.72909011078
30.51,66727.16081346861
30.52,66731.4972556444
30.53,66730.85616760237
30.54,66732.37397852768
30.55,66735.89841614876
30.560000000000002,66738.00363429337
30.57,66740.35334984347
30.580000000000002,66743.12462427071
30.59,66744.02306419217
30.6,66748.10104380798
30.61,66749.30352585
30.62,66749.21835526782
30.63,66751.84688506338
30.64,66755.98124340351
30.650000000000002,66756.68866904844
30.66,66761.13721292424
30.67,66761.16686563744
30.68,66762.45043130539
30.69,66764.69248981262
30.7,66767.96789995469
30.71,66769.48359427716
30.72,66772.82903394575
30.73,66774.61631910964
30.740000000000002,66775.8470865172
30.75,66778.8250149346
30.76,66780.83495225388
30.77,66783.26809569373
30.78,66785.73350512933
30.79,66787.48870940886
30.8,66788.15311348547
30.810000000000002,66790.19958750434
30.82,66792.6796044616
30.830000000000002,66794.78704780049
30.84,66797.06044254493
30.85,66801.16764226314
30.86,66801.75566518024
30.87,66803.68399755104
30.88,66805.84171418363
30.89,66809.39532430998
30.900000000000002,66808.33766976708
30.91,66814.84752792878
30.92,66816.1185588401
30.93,66819.23222521362
30.94,66819.59053189575
30.95,66822.20555686465
30.96,66822.90684906651
30.970000000000002,66826.07732225065
30.98,66828.32047598095
30.990000000000002,66829.92705534076
31.0,66832.12546936197
31.01,66833.56258915715
31.02,66835.97142314469
31.03,66839.87497865329
31.04,66843.15636721265
31.05,66844.99041546845
31.060000000000002,66845.67469175416
31.07,66846.42120437817
31.080000000000002,66849.55470025574
31.09,66851.09449977771
31.1,66853.82524530198
31.11,66855.75159712038
31.12,66859.15106953947
31.13,66861.30193377066
31.14,66863.45908339883
31.150000000000002,66864.30709384168
31.16,66867.3755256984
31.17,66870.29354511034
31.18,66873.3159709512
31.19,66874.48971496525
31.2,66877.04219411698
31.21,66877.70768248514
31.220000000000002,66879.8089169317
31.23,66881.90691898038
31.240000000000002,66883.89951720327
31.25,66886.83375683796
31.26,66889.20649321706
31.27,66892.81446196607
31.28,66893.2462405282
31.29,66895.21943834616
31.3,66897.767326059
31.310000000000002,66901.57500882956
31.32,66902.30015516173
31.330000000000002,66904.98573048177
31.34,66906.64131205178
31.35,66909.84351745235
31.36,66911.49639069843
31.37,66911.60563531228
31.38,66917.90653390819
31.39,66918.5753210066
31.400000000000002,66918.8075158033
31.41,66923.73662800463
31.42,66924.49495969425
31.43,66926.63158268883
31.44,66930.86070930318
31.45,66932.43148842176
31.46,66933.7136884443
31.470000000000002,66937.15519406374
31.48,66939.07167177391
31.490000000000002,66940.57611961172
31.5,66944.58514038722
31.51,66945.00720799953
31.52,66946.61620966198
31.53,66949.88654621394
31.54,66952.59287431027
31.55,66954.23183774074
31.560000000000002,66956.30332894999
31.57,66957.96233906601
31.580000000000002,66961.66587242771
31.59,66962.5133375218
31.6,66965.00107626237
31.61,66966.70768320012
31.62,66969.83805661825
31.63,66972.52920944495
31.64,66973.06662714454
31.650000000000002,66977.52415145666
31.66,66978.52253004568
31.67,66979.52127621988
31.68,66983.08387241187
31.69,66984.68674809481
31.7,66985.91021227856
31.71,66989.2643709707
31.720000000000002,66993.04938336478
31.73,66993.949960559
31.740000000000002,66996.88779492995
31.75,66997.85821768685
31.76,67001.8021517724
31.77,67004.91607149057
31.78,67006.49725979632
31.79,67009.91758517921
31.8,67010.28285549802
31.810000000000002,67012.03299497864
31.82,67014.04961563363
31.830000000000002,67018.62015049926
31.84,67018.85637941722
31.85,67021.55522473164
31.86,67024.50257076451
31.87,67025.6927429733
31.88,67031.13489060458
31.89,67031.3468431045
31.900000000000002,67033.43291692952
31.91,67034.52311540667
31.92,67035.92694280512
31.93,67037.27987055958
31.94,67042.79178547434
31.95,67044.77143689574
31.96,67047.16176275487
31.970000000000002,67048.9579517943
31.98,67052.47627640085
31.990000000000002,67054.75511501421
32.0,67056.93687216486
32.01,67058.78402461772
32.02,67061.62240855586
32.03,67061.10524225186
32.04,67067.36515403324
32.05,67066.48497152628
32.06,67068.71299503886
32.07,67074.01489593695
32.08,67075.06844204488
32.09,67076.74909962107
32.1,67077.05794813645
32.11,67082.0841487195
32.12,67081.72271815178
32.13,67086.08981154895
32.14,67089.0333964538
32.15,67091.10701312935
32.160000000000004,67093.52650890441
32.17,67096.12504108956
32.18,67097.17017706006
32.19,67099.61184258986
32.2,67100.7327521343
32.21,67104.62958435788
32.22,67107.45638279633
32.230000000000004,67109.6102660266
32.24,67111.41141682238
32.25,67114.47551501595
32.26,67114.43498176317
32.27,67117.85121912237
32.28,67122.0052554326
32.29,67123.00476988876
32.3,67125.13533301408
32.31,67126.3188437735
32.32,67130.56223356398
32.33,67130.68346855708
32.34,67135.40002510916
32.35,67136.95334440765
32.36,67137.59415805162
32.37,67139.91144393395
32.38,67144.66037241272
32.39,67143.89973605203
32.4,67149.14561369029
32.410000000000004,67149.75250411035
32.42,67152.53304883181
32.43,67155.65599439578
32.44,67157.93601846756
32.45,67159.33140374486
32.46,67161.62865935857
32.47,67166.12648409492
32.480000000000004,67166.78355263542
32.49,67167.93184735553
32.5,67170.71267201447
32.51,67174.15494682294
32.52,67176.513540342
32.53,67177.64274381679
32.54,67180.7299385987
32.55,67182.98869447595
32.56,67185.53207011979
32.57,67188.4528450934
32.58,67190.71681597615
32.59,67191.6189428092
32.6,67193.64127674008
32.61,67196.19355378464
32.62,67199.17909534361
32.63,67202.67522678443
32.64,67203.86907342053
32.65,67206.4093099745
32.660000000000004,67208.90020459099
32.67,67213.49392660896
32.68,67213.62879500398
32.69,67217.16606800156
32.7,67217.52167005344
32.71,67220.73205249541
32.72,67224.54356851119
32.730000000000004,67224.83543356245
32.74,67227.17121834493
32.75,67229.26797006304
32.76,67231.44193531449
32.77,67234.5477391669
32.78,67236.17252438389
32.79,67237.5923602295
32.8,67241.69546451046
32.81,67242.86966979467
32.82,67245.1553099066
32.83,67248.01543510226
32.84,67251.9340396204
32.85,67253.53916005656
32.86,67255.98390322992
32.87,67257.47118517122
32.88,67257.69992800838
32.89,67262.56796278291
32.9,67265.90519353686
32.910000000000004,67268.59022356074
32.92,67271.5609743058
32.93,67272.29726340415
32.94,67274.60018166654
32.95,67276.27349572888
32.96,67278.53592241717
32.97,67281.29325509586
32.980000000000004,67283.06059953729
32.99,67285.58347761423
33.0,67288.38055092776
33.01,67290.75053815752
33.02,67293.30059141772
33.03,67296.29664667141
33.04,67298.16676888353
33.05,67298.83036349306
33.06,67302.24304734671
33.07,67305.52143703951
33.08,67308.36776055835
33.09,67308.4578163576
33.1,67313.36896739797
33.11,67315.31969728642
33.12,67316.76726790483
33.13,67318.66556446446
33.14,67323.1102162155
33.15,67324.55643890773
33.160000000000004,67326.55438284887
33.17,67328.8351536937
33.18,67333.07646377856
33.19,67334.35294332377
33.2,67338.05292375849
33.21,67338.53413721906
33.22,67339.55119286278
33.230000000000004,67342.65064950546
33.24,67346.34140811616
33.25,67346.13879990214
33.26,67350.99959927602
33.27,67352.47287454839
33.28,67355.47189647735
33.29,67358.06360658824
33.3,67358.63673219316
33.31,67362.59527985926
33.32,67364.16081505822
33.33,67364.97505216351
33.34,67367.18188642997
33.35,67371.43418751955
33.36,67372.91767945095
33.37,67374.9486390279
33.38,67377.60929108603
33.39,67379.25386497304
33.4,67382.39663307826
33.410000000000004,67386.00702352289
33.42,67387.87504330854
33.43,67390.07210760182
33.44,67391.19452141442
33.45,67394.22930950552
33.46,67396.44202865695
33.47,67401.73641229243
33.480000000000004,67402.51550682232
33.49,67404.73884864632
33.5,67407.49581938658
33.51,67407.98071505051
33.52,67412.29034019953
33.53,67414.01009747967
33.54,67416.88313396707
33.55,67419.43203071904
33.56,67423.59292879605
33.57,67423.9873770421
33.58,67427.99369172905
33.59,67428.29479356449
33.6,67432.15419663944
33.61,67434.70809516092
33.62,67436.92995223973
33.63,67437.67978516394
33.64,67440.99916864918
33.65,67443.42531822115
33.660000000000004,67445.61850748453
33.67,67448.32789817153
33.68,67451.06936878455
33.69,67451.99691014626
33.7,67455.71226330589
33.71,67456.33037245588
33.72,67461.93516102631
33.730000000000004,67464.83242437548
33.74,67464.68275895416
33.75,67468.55310267866
33.76,67469.09642502046
33.77,67470.7787410361
33.78,67474.98563624732
33.79,67476.40000596325
33.8,67478.048708264
33.81,67481.61163150398
33.82,67483.22717397014
33.83,67487.31568518601
33.84,67488.35343367382
33.85,67492.09547076511
33.86,67494.72792445982
33.87,67496.227600437
33.88,67498.36804677862
33.89,67502.55153100826
33.9,67505.23317683663
33.910000000000004,67504.57316280542
33.92,67507.8640460528
33.93,67511.85766233395
33.94,67512.11522946443
33.95,67514.3162736124
33.96,67519.38844528288
33.97,67520.02396713416
33.980000000000004,67524.58082604382
33.99,67524.74604357938
34.0,67527.68493504422
34.01,67530.19932143387
34.02,67532.37471669455
34.03,67534.83090417512
34.04,67537.68819868317
34.05,67541.48002407688
34.06,67541.01758770882
34.07,67545.1802844623
34.08,67546.40575801053
34.09,67550.14334118967
34.1,67551.02703012973
34.11,67553.44904418496
34.12,67555.19005260643
34.13,67559.59321809307
34.14,67561.4343197535
34.15,67563.09762729291
34.160000000000004,67565.28269852855
34.17,67567.98669993313
34.18,67572.29694152766
34.19,67572.74101295572
34.2,67577.290621728
34.21,67579.87896816703
34.22,67582.09601703007
34.230000000000004,67582.48414665362
34.24,67587.62954966853
34.25,67587.80755789827
34.26,67591.22852153188
34.27,67592.80941258142
34.28,67595.32733412775
34.29,67596.59093300051
34.300000000000004,67600.0336756357
34.31,67604.29440328463
34.32,67604.46966748992
34.33,67606.14820914879
34.34,67609.26545791056
34.35,67611.81004480958
34.36,67615.77615215445
34.37,67618.40046081468
34.38,67620.74172684803
34.39,67623.25086380533
34.4,67626.18800538489
34.410000000000004,67626.59052050329
34.42,67629.85766571328
34.43,67631.85191262334
34.44,67635.65392544391
34.45,67636.37845251674
34.46,67640.06532044876
34.47,67641.74954261555
34.480000000000004,67643.8122858762
34.49,67647.79327111537
34.5,67647.76248532743
34.51,67652.4000273592
34.52,67654.76777609655
34.53,67654.11618769652
34.54,67658.39572262246
34.550000000000004,67661.61063587511
34.56,67663.9960444905
34.57,67667.79478774163
34.58,67667.18722639307
34.59,67670.98737029218
34.6,67674.53862963733
34.61,67674.83069626168
34.62,67679.68343472913
34.63,67681.39110297541
34.64,67683.48690064477
34.65,67688.04847492429
34.660000000000004,67689.08913607961
34.67,67692.5685691038
34.68,67693.75608968185
34.69,67697.45305752158
34.7,67698.11347423101
34.71,67698.75436750536
34.72,67703.31220579502
34.730000000000004,67703.68111757241
34.74,67705.97263225263
34.75,67709.57537775306
34.76,67712.9580156982
34.77,67715.5700965856
34.78,67718.71593880268
34.79,67719.48054942602
34.800000000000004,67721.66356540924
34.81,67726.4280167026
34.82,67727.00234583815
34.83,67730.7573967923
34.84,67733.64088003091
34.85,67735.18148128793
34.86,67738.84787160685
34.87,67739.35954839578
34.88,67741.88585288667
34.89,67743.57998193664
34.9,67748.87741780072
34.910000000000004,67749.33887809342
34.92,67752.71119810063
34.93,67753.9703320491
34.94,67756.16437743473
34.95,67757.70862595965
34.96,67763.52627447201
34.97,67764.24175029088
34.980000000000004,67765.03991820346
34.99,67767.85466570662
35.0,67770.28766218443
35.01,67773.12108831308
35.02,67775.95299257041
35.03,67779.53623504579
35.04,67782.62279601143
35.050000000000004,67782.37818186074
35.06,67786.76435826985
35.07,67788.78184887311
35.08,67788.39185680967
35.09,67793.35336612638
35.1,67795.60383829023
35.11,67798.3977299424
35.12,67800.74844225112
35.13,67803.94557353952
35.14,67805.8478623124
35.15,67807.90183576146
35.160000000000004,67809.4953968282
35.17,67815.79817825236
35.18,67815.09871219055
35.19,67818.73034926972
35.2,67821.06345551496
35.21,67823.85030356764
35.22,67825.41675582167
35.230000000000004,67828.10368524207
35.24,67831.74686356349
35.25,67831.5220343782
35.26,67835.2447284974
35.27,67836.4292062619
35.28,67838.88446553705
35.29,67843.68691526992
35.300000000000004,67845.28635003902
35.31,67846.32952278788
35.32,67849.78066969174
35.33,67852.24777510157
35.34,67853.97335538345
35.35,67858.16312381586
35.36,67861.5961544036
35.37,67862.98926856405
35.38,67863.36164133041
35.39,67866.07594253952
35.4,67868.80702779956
35.410000000000004,67871.77940111462
35.42,67874.40440588754
35.43,67877.13509899356
35.44,67879.32168850041
35.45,67881.42650381813
35.46,67885.25175642886
35.47,67886.90204696589
35.480000000000004,67888.74367116761
35.49,67892.16397865677
35.5,67892.93730385482
35.51,67896.73341370047
35.52,67900.38812668898
35.53,67899.98786133502
35.54,67902.73765820017
35.550000000000004,67907.14277802662
35.56,67909.25144761648
35.57,67912.68400854777
35.58,67913.57113761971
35.59,67915.68424768813
35.6,67918.92717909117
35.61,67921.96411786904
35.62,67923.54451654114
35.63,67925.2273627703
35.64,67928.75210318057
35.65,67931.93094437814
35.660000000000004,67933.04270733538
35.67,67935.26577533636
35.68,67939.55377423421
35.69,67940.82291696132
35.7,67942.8024028588
35.71,67945.82191745336
35.72,67946.84807630036
35.730000000000004,67952.01493100046
35.74,67951.33643419386
35.75,67955.93093834634
35.76,67958.37980032364
35.77,67961.92531500118
35.78,67963.55756555674
35.79,67965.2060706534
35.800000000000004,67967.86488174305
35.81,67971.02461888573
35.82,67974.34047241572
35.83,67975.32744528078
35.84,67978.38021352811
35.85,67979.05015613307
35.86,67982.99788799511
35.87,67986.35088125293
35.88,67989.38196617576
35.89,67990.09548833313
35.9,67994.38593157094
35.910000000000004,67995.35045259212
35.92,67999.01314380996
35.93,67997.850726808
35.94,68004.282655088
35.95,68005.57981886007
35.96,68007.21780574265
35.97,68010.38240301849
35.980000000000004,68015.79151360835
35.99,68014.86115655722
36.0,68016.3846744344
36.01,68020.46214513855
36.02,68024.35354059289
36.03,68025.13422885256
36.04,68027.4970589545
36.050000000000004,68032.20233422863
36.06,68033.16792351732
36.07,68035.9659763708
36.08,68037.99741242522
36.09,68040.29349099207
36.1,68042.36755518845
36.11,68046.23559866557
36.12,68048.403553929
36.13,68050.83265489218
36.14,68051.50545436479
36.15,68055.8371327807
36.160000000000004,68060.81631750661
36.17,68059.67736222903
36.18,68062.05532321332
36.19,68064.74602204424
36.2,68067.18308587739
36.21,68070.20331881687
36.22,68072.05403729998
36.230000000000004,68075.94724100128
36.24,68077.65928867452
36.25,68079.52832774041
36.26,68081.35494805226
36.27,68085.29690842533
36.28,68088.56381877625
36.29,68089.64822011293
36.300000000000004,68091.76964037839
36.31,68094.89031701928
36.32,68097.28983087884
36.33,68101.47138798136
36.34,68103.28292098235
36.35,68103.41955980516
36.36,68108.14016497022
36.37,68110.83040013546
36.38,68112.1627955843
36.39,68115.43549547963
36.4,68118.05979514336
36.410000000000004,68117.723307923
36.42,68123.15998049223
36.43,68126.10680381094
36.44,68127.01603792518
36.45,68129.7554119259
36.46,68134.2267172594
36.47,68136.61819271442
36.480000000000004,68136.88386883926
36.49,68139.26563470368
36.5,68142.84640883053
36.51,68147.06408334532
36.52,68146.6157976049
36.53,68150.084935959
36.54,68153.3271173841
36.550000000000004,68155.6419521856
36.56,68156.68766290546
36.57,68159.51875490969
36.58,68162.52396447546
36.59,68165.16612700217
36.6,68166.69606276187
36.61,68169.82382814332
36.62,68172.97876507229
36.63,68175.79188736214
36.64,68176.10314317452
36.65,68178.91655786798
36.660000000000004,68182.41129106222
36.67,68184.5594724923
36.68,68186.22853524839
36.69,68189.27565749027
36.7,68190.85830295709
36.71,68194.99443941843
36.72,68197.81362768608
36.730000000000004,68200.79851342573
36.74,68202.58792106924
36.75,68204.4724347679
36.76,68209.23593583333
36.77,68210.12414962122
36.78,68213.6155962975
36.79,68214.91963910195
36.800000000000004,68217.65139717751
36.81,68219.73514676387
36.82,68223.34504128876
36.83,68223.6541459192
36.84,68229.29052144954
36.85,68229.39135138482
36.86,68231.25985575431
36.87,68235.06566930625
36.88,68237.23874778203
36.89,68239.35502711408
36.9,68241.69433675212
36.910000000000004,68245.1776057571
36.92,68246.22817840445
36.93,68251.30787141768
36.94,68252.4127743193
36.95,68255.43372646741
36.96,68256.15248737825
36.97,68259.81129919637
36.980000000000004,68261.542324489
36.99,68266.09041286417
37.0,68264.91553374974
37.01,68268.76509818318
37.02,68271.7054160662
37.03,68275.85781826597
37.04,68277.46977263302
37.050000000000004,68279.6446473146
37.06,68281.90519390555
37.07,68286.93376229575
37.08,68289.133124218
37.09,68290.31014384149
37.1,68290.45200392457
37.11,68292.40591025223
37.12,68296.13757895563
37.13,68300.16930922227
37.14,68302.33434110634
37.15,68305.38442388434
37.160000000000004,68307.15176078159
37.17,68309.96952382186
37.18,68311.6787868907
37.19,68315.1293918139
37.2,68317.8377085527
37.21,68318.26334898575
37.22,68322.17363261974
37.230000000000004,68326.25601094723
37.24,68325.82417023048
37.25,68329.16549279886
37.26,68332.72595522927
37.27,68336.11447058695
37.28,68337.9239282993
37.29,68339.19205918998
37.300000000000004,68344.01102047287
37.31,68344.18445254966
37.32,68345.64173132414
37.33,68350.46998431654
37.34,68353.92699991535
37.35,68355.8502837484
37.36,68357.81067460804
37.37,68359.48650826431
37.38,68362.06361290344
37.39,68363.5244711445
37.4,68368.01816663642
37.410000000000004,68371.04060298578
37.42,68373.37112017568
37.43,68374.18148489998
37.44,68376.66924612779
37.45,68380.26991766371
37.46,68381.44525680513
37.47,68385.12245667198
37.480000000000004,68386.79253973864
37.49,68390.0385811167
37.5,68394.25161482449
37.51,68394.17553589559
37.52,68397.1708346795
37.53,68401.16355938402
37.54,68403.60483962232
37.550000000000004,68402.98584445012
37.56,68407.16015343604
37.57,68408.64659995584
37.58,68412.26963140165
37.59,68413.23069649434
37.6,68417.67387135925
37.61,68419.07427087349
37.62,68422.70991802172
37.63,68424.93389599635
37.64,68425.619393734
37.65,68429.52228079378
37.660000000000004,68431.73142416695
37.67,68434.54399738355
37.68,68437.33406714848
37.69,68440.43784674404
37.7,68442.42251977303
37.71,68446.39739720861
37.72,68448.64854409361
37.730000000000004,68448.9756010094
37.74,68454.02976177397
37.75,68453.29675590819
37.76,68459.5526216633
37.77,68458.75246556834
37.78,68461.78241867352
37.79,68465.59421359
37.800000000000004,68467.2164013689
37.81,68471.33455735039
37.82,68472.1601352011
37.83,68475.61582137867
37.84,68476.85791065675
37.85,68479.85070896168
37.86,68483.77268854948
37.87,68485.61355024243
37.88,68488.17305645981
37.89,68490.91918778387
37.9,68492.15289110494
37.910000000000004,68494.631569062
37.92,68499.61453330761
37.93,68501.1711940748
37.94,68504.58324454179
37.95,68505.43116634585
37.96,68508.46096574336
37.97,68512.43643642722
37.980000000000004,68511.76392098697
37.99,68514.63858714332
38.0,68517.30750759823
38.01,68521.14729563765
38.02,68523.09893720556
38.03,68527.07516445326
38.04,68527.23214358132
38.050000000000004,68530.88520375571
38.06,68532.65566603716
38.07,68534.83312121048
38.08,68539.62103203301
38.09,68540.39145875305
38.1,68541.81877130014
38.11,68547.41687367535
38.12,68549.31913919313
38.13,68549.61819399935
38.14,68552.27865528819
38.15,68556.39228313815
38.160000000000004,68560.9013094347
38.17,68560.91794552011
38.18,68563.01650190551
38.19,68563.93762594125
38.2,68569.86122855112
38.21,68569.60576942057
38.22,68572.67216842655
38.230000000000004,68575.71876678934
38.24,68577.03194313603
38.25,68579.97559208532
38.26,68582.94449481316
38.27,68585.43056833986
38.28,68589.756680164
38.29,68589.81429655297
38.300000000000004,68593.23011310931
38.31,68596.48651471575
38.32,68599.54288926885
38.33,68602.21436778829
38.34,68604.99223900311
38.35,68605.74282369058
38.36,68609.32346370757
38.37,68610.00239770676
38.38,68613.36571174885
38.39,68616.23585042253
38.4,68618.52999915724
38.410000000000004,68621.90089623997
38.42,68624.87319591126
38.43,68625.95077049169
38.44,68628.25148647398
38.45,68631.14901391836
38.46,68634.3681682029
38.47,68637.53307350507
38.480000000000004,68639.01552931637
38.49,68640.3176143126
38.5,68643.7794104777
38.51,68647.47905099698
38.52,68649.62485844987
38.53,68651.30767804456
38.54,68653.84513080861
38.550000000000004,68655.93950744731
38.56,68660.85252579115
38.57,68661.44090596116
38.58,68662.72116409917
38.59,68668.57269531285
38.6,68669.85909844132
38.61,68671.48019087981
38.62,68674.90736559666
38.63,68677.66281358823
38.64,68680.34135240238
38.65,68681.00810956545
38.660000000000004,68684.81531819858
38.67,68687.83934090838
38.68,68688.62067469764
38.69,68690.78158237952
38.7,68695.38206121916
38.71,68699.38595121977
38.72,68700.55668226397
38.730000000000004,68703.01663744943
38.74,68703.7813251949
38.75,68707.6760825169
38.76,68708.78858158423
38.77,68712.54975769557
38.78,68715.02913775094
38.79,68717.13846652921
38.800000000000004,68719.1118267016
38.81,68721.77406008176
38.82,68724.17017845303
38.83,68726.52679888299
38.84,68730.81645084528
38.85,68732.19682076827
38.86,68733.61036019545
38.87,68736.66061717283
38.88,68738.2657515956
38.89,68742.95961783051
38.9,68743.41539117722
38.910000000000004,68748.23357807672
38.92,68750.35224312493
38.93,68753.63193548511
38.94,68755.19298210228
38.95,68756.59021958786
38.96,68759.57414196747
38.97,68762.30130891211
38.980000000000004,68765.08070517151
38.99,68768.01724979047
39.0,68768.62073976535
39.01,68772.75833472567
39.02,68775.08768716734
39.03,68777.98800994434
39.04,68779.39215419785
39.050000000000004,68781.16193551797
39.06,68784.3078016514
39.07,68788.85536888674
39.08,68791.33859781927
39.09,68793.8212746819
39.1,68795.70589686329
39.11,68798.24156804332
39.12,68801.24792335958
39.13,68801.43736543026
39.14,68806.78010102733
39.15,68808.18197890179
39.160000000000004,68811.07101980456
39.17,68814.90532612625
39.18,68816.41083484144
39.19,68817.84043475651
39.2,68820.3401653608
39.21,68822.66258496672
39.22,68825.62231787524
39.230000000000004,68828.53192820355
39.24,68829.88877699203
39.25,68832.64261349462
39.26,68835.1757016875
39.27,68838.85515184657
39.28,68840.75074060813
39.29,68842.57254660914
39.300000000000004,68846.38204287087
39.31,68847.06461171168
39.32,68850.41387616268
39.33,68853.77233160671
39.34,68856.81563153987
39.35,68858.11055726378
39.36,68861.18862704694
39.37,68863.20530279881
39.38,68863.68472480142
39.39,68868.26336619696
39.4,68871.53023887514
39.410000000000004,68872.85081796632
39.42,68873.99786064522
39.43,68878.75191401086
39.44,68881.6963543326
39.45,68882.4009429476
39.46,68887.1953906649
39.47,68887.53910435714
39.480000000000004,68890.34224373868
39.49,68894.3290137329
39.5,68897.36747698323
39.51,68897.85629300201
39.52,68901.43752865342
39.53,68904.69982105134
39.54,68907.17171697023
39.550000000000004,68908.1359555088
39.56,68912.33639342528
39.57,68913.74148400208
39.58,68915.10694380295
39.59,68919.97458667908
39.6,68920.6952420466
39.61,68924.46170430433
39.62,68925.21413065893
39.63,68929.21776099528
39.64,68932.38290525958
39.65,68934.24951505831
39.660000000000004,68936.52838566263
39.67,68940.17801363126
39.68,68943.18463701745
39.69,68943.80831115453
39.7,68946.94545612633
39.71,68948.49029600027
39.72,68950.9102184736
39.730000000000004,68955.94206322555
39.74,68957.98407225354
39.75,68959.7508922745
39.76,68960.8934253027
39.77,68964.21121603274
39.78,68966.20496615424
39.79,68969.12655614589
39.800000000000004,68972.08306373106
39.81,68972.3897697078
39.82,68978.20477463276
39.83,68979.79926234054
39.84,68981.32761225982
39.85,68984.64829553859
39.86,68986.03560755924
39.87,68990.02544018949
39.88,68992.26250139358
39.89,68996.4978597974
39.9,68995.07357603667
39.910000000000004,69000.30970382903
39.92,69001.81177543435
39.93,69004.22065216857
39.94,69007.52829264611
39.95,69009.08530979774
39.96,69011.87324101462
39.97,69014.45877648154
39.980000000000004,69017.37302217535
39.99,69021.14014141545
40.0,69022.00590364996
40.01,69025.50936600732
40.02,69027.1949158108
40.03,69029.97255368989
40.04,69032.07188766434
40.050000000000004,69035.94848321912
40.06,69038.69081513732
40.07,69037.6583349135
40.08,69042.43570998864
40.09,69045.67857066783
40.1,69048.28374689045
40.11,69048.5800777932
40.12,69053.66870280144
40.13,69055.46653967624
40.14,69058.39322362852
40.15,69059.09434692621
40.160000000000004,69061.64802604672
40.17,69064.59332815201
40.18,69068.20161175924
40.19,69070.02619245811
40.2,69073.08437665303
40.21,69076.2755430798
40.22,69078.48787082445
40.230000000000004,69079.6957592912
40.24,69085.76387436484
40.25,69084.70973499579
40.26,69088.08339567852
40.27,69091.65318740395
40.28,69090.51269848383
40.29,69095.88700235385
40.300000000000004,69099.46723566053
40.31,69101.89754848638
40.32,69102.60424068729
40.33,69107.33076146731
40.34,69108.57894746576
40.35,69111.04335235797
40.36,69112.91915704742
40.37,69118.4601967283
40.38,69118.43971748158
40.39,69122.17207666587
40.4,69124.21088949426
40.410000000000004,69127.09405364805
40.42,69129.08356049263
40.43,69129.87280603111
40.44,69135.65359339734
40.45,69138.66153276237
40.46,69138.81791455108
40.47,69141.2618012601
40.480000000000004,69142.94204264344
40.49,69146.80835339536
40.5,69150.05383159482
40.51,69152.50679097953
40.52,69153.87718441468
40.53,69155.88416196486
40.54,69158.91359613882
40.550000000000004,69160.35143767389
40.56,69164.89649071386
40.57,69168.33006142979
40.58,69169.54175528733
40.59,69171.3841047434
40.6,69174.15134798536
40.61,69177.26105458946
40.62,69179.24342529789
40.63,69183.57155214927
40.64,69185.30930252004
40.65,69187.73099677818
40.660000000000004,69190.25944573224
40.67,69191.09260993874
40.68,69193.86159679729
40.69,69197.11225747947
40.7,69201.13642509846
40.71,69202.61552729539
40.72,69203.84233029438
40.730000000000004,69208.46384959508
40.74,69211.73161427642
40.75,69211.3780748499
40.76,69214.91728563415
40.77,69218.99668513396
40.78,69222.56034168044
40.79,69223.61108562045
40.800000000000004,69225.8957095653
40.81,69228.16941648583
40.82,69230.14951301661
40.83,69233.8021057292
40.84,69235.6500259382
40.85,69237.5838942047
40.86,69240.64910454469
40.87,69244.0616968081
40.88,69246.43576202058
40.89,69245.88753676406
40.9,69251.87561896756
40.910000000000004,69252.23965159454
40.92,69257.03171313254
40.93,69257.82818758626
40.94,69260.33500000706
40.95,69263.36239084422
40.96,69268.26404927703
40.97,69268.0623032349
40.980000000000004,69272.99221653269
40.99,69272.57661537801
41.0,69276.1688100926
41.01,69277.92504087511
41.02,69281.51253704511
41.03,69283.87515397665
41.04,69286.67968683105
41.050000000000004,69289.1427243255
41.06,69291.57524870227
41.07,69295.66618435243
41.08,69298.44682146952
41.09,69298.6677154036
41.1,69301.39409096367
41.11,69304.1600481275
41.12,69307.11671179514
41.13,69310.82821751907
41.14,69314.12115174116
41.15,69315.30830004724
41.160000000000004,69317.14710888367
41.17,69319.37902158071
41.18,69322.73727638235
41.19,69323.93886700786
41.2,69328.17299727295
41.21,69328.80521889312
41.22,69331.77817861468
41.230000000000004,69334.1239682248
41.24,69335.94686788775
41.25,69337.75342281572
41.26,69341.21015230032
41.27,69343.76815822389
41.28,69348.12686949862
41.29,69351.16305683485
41.300000000000004,69353.16340414726
41.31,69355.01877059237
41.32,69357.96965160735
41.33,69360.13910822781
41.34,69361.76698666495
41.35,69364.11439182064
41.36,69369.35535604408
41.37,69369.28401463546
41.38,69370.84282082687
41.39,69374.94660753252
41.4,69378.09802001069
41.410000000000004,69379.76000548905
41.42,69382.92630879718
41.43,69386.3535554831
41.44,69387.57430513085
41.45,69390.62227925092
41.46,69393.44891874853
41.47,69396.58585313754
41.480000000000004,69397.1807026907
41.49,69400.24937337222
41.5,69402.35556283199
41.51,69405.99921523212
41.52,69408.91746863384
41.53,69408.07684374026
41.54,69414.88024780719
41.550000000000004,69415.65926289592
41.56,69418.60497690998
41.57,69421.17919907313
41.58,69423.37826917834
41.59,69427.1250235615
41.6,69427.63779994883
41.61,69431.41212071423
41.62,69435.09744710434
41.63,69435.92161642048
41.64,69438.30145668291
41.65,69443.1842179211
41.660000000000004,69445.30799956436
41.67,69445.53217804276
41.68,69449.56103767075
41.69,69452.74149158751
41.7,69454.89967811924
41.71,69457.2842265237
41.72,69459.85439819685
41.730000000000004,69461.38559253405
41.74,69465.3424341316
41.75,69465.54194493043
41.76,69468.5543207767
41.77,69472.28279140627
41.78,69475.5669089082
41.79,69478.30833615953
41.800000000000004,69479.03724564113
41.81,69480.8065609838
41.82,69484.13405270499
41.83,69486.96467622391
41.84,69490.43470219098
41.85,69492.923692088
41.86,69496.70441303554
41.87,69497.05163890608
41.88,69501.95239951221
41.89,69502.11705887651
41.9,69503.87314037277
41.910000000000004,69506.6424081733
41.92,69509.17572732439
41.93,69511.50889839475
41.94,69515.06956658469
41.95,69516.2016102786
41.96,69521.32456586155
41.97,69523.54206551562
41.980000000000004,69527.15448499899
41.99,69529.6652470002
42.0,69531.88228045446
42.01,69534.16258990655
42.02,69534.90280459954
42.03,69537.59790254966
42.04,69541.17473188294
42.050000000000004,69542.65137703782
42.06,69546.70728862015
42.07,69548.42552782243
42.08,69549.36569682795
42.09,69552.22203138763
42.1,69555.4475148608
42.11,69557.26077403157
42.12,69561.41313069171
42.13,69565.11964523888
42.14,69564.97987590056
42.15,69567.92168901283
42.160000000000004,69570.7416173173
42.17,69574.35534620444
42.18,69574.60151526946
42.19,69577.54346734734
42.2,69584.01007101932
42.21,69582.05772883359
42.22,69587.5073085774
42.230000000000004,69586.09807364765
42.24,69592.71440948077
42.25,69595.35548696695
42.26,69598.06412518119
42.27,69598.1116885313
42.28,69598.70812172622
42.29,69604.43582563242
42.300000000000004,69606.53750128328
42.31,69607.42228218901
42.32,69611.48952788244
42.33,69614.50582464227
42.34,69616.12745712395
42.35,69619.70811706338
42.36,69621.35469579892
42.37,69626.27819680436
42.38,69626.39597333886
42.39,69629.52475793278
42.4,69632.24806293115
42.410000000000004,69633.39748334551
42.42,69637.8130825322
42.43,69637.90488160147
42.44,69643.59528483063
42.45,69643.4104102312
42.46,69649.41112450541
42.47,69648.37290558798
42.480000000000004,69653.10158626699
42.49,69654.40771807794
42.5,69658.9508505838
42.51,69659.81517932263
42.52,69662.67197224528
42.53,69665.68743234592
42.54,69668.63376896079
42.550000000000004,69672.56794318638
42.56,69673.60780112764
42.57,69675.99576256827
42.58,69676.67186404196
42.59,69681.71200491441
42.6,69683.4449567956
42.61,69685.68133225378
42.62,69689.69232789539
42.63,69690.93838348892
42.64,69694.31704759982
42.65,69695.220503793
42.660000000000004,69696.49849209432
42.67,69699.46218236578
42.68,69703.26429223556
42.69,69707.6247535395
42.7,69709.6448860494
42.71,69709.62398449397
42.72,69714.17731205838
42.730000000000004,69716.08686605933
42.74,69718.86966174566
42.75,69722.10256560893
42.76,69723.78829439342
42.77,69726.19384546846
42.78,69729.44286865043
42.79,69731.92732478313
42.800000000000004,69732.6039566042
42.81,69736.53597778307
42.82,69737.4576791838
42.83,69741.98042541159
42.84,69744.04362082816
42.85,69746.1524194073
42.86,69749.39561635276
42.87,69751.75420257998
42.88,69753.86301650619
42.89,69758.06523639735
42.9,69759.73961926672
42.910000000000004,69762.88546838293
42.92,69765.29145396965
42.93,69769.19658818691
42.94,69769.08733809613
42.95,69771.20051014167
42.96,69775.94863241493
42.97,69777.62400087685
42.980000000000004,69779.05791765983
42.99,69781.73838637762
43.0,69783.06287289572
43.01,69786.97517522152
43.02,69789.6736952096
43.03,69792.58005533279
43.04,69794.7910362029
43.050000000000004,69798.13776513419
43.06,69800.91816342525
43.07,69805.25168102459
43.08,69806.05840954892
43.09,69809.88043503523
43.1,69810.59635543886
43.11,69811.68288597808
43.12,69816.08893291466
43.13,69818.42616134473
43.14,69820.36407660572
43.15,69823.01792345101
43.160000000000004,69827.11381676632
43.17,69828.59866138009
43.18,69832.22152000887
43.19,69833.15618659036
43.2,69835.3264109679
43.21,69839.5049194729
43.22,69841.16531593823
43.230000000000004,69845.26088066098
43.24,69846.03046378496
43.25,69850.81866166952
43.26,69849.68805205323
43.27,69854.53220990003
43.28,69856.35364732155
43.29,69859.81405326474
43.300000000000004,69864.16283148911
43.31,69864.72368769321
43.32,69867.70518048276
43.33,69869.37399823868
43.34,69872.06463710993
43.35,69875.28992235333
43.36,69876.92118667683
43.37,69880.953268419
43.38,69882.49748961024
43.39,69885.63876037319
43.4,69887.03025889411
43.410000000000004,69889.73143421607
43.42,69892.13387971443
43.43,69895.0892567748
43.44,69896.74171306624
43.45,69900.0979806717
43.46,69901.97516075626
43.47,69907.6560938189
43.480000000000004,69907.68599225536
43.49,69910.97094719976
43.5,69916.00720871323
43.51,69914.75408236335
43.52,69918.40701351098
43.53,69921.93390615795
43.54,69922.23797661622
43.550000000000004,69924.85277154058
43.56,69927.75513491004
43.57,69931.28044976034
43.58,69933.75483568945
43.59,69935.93594280338
43.6,69937.82777313987
43.61,69940.94973708289
43.62,69943.65212087736
43.63,69947.2347529742
43.64,69948.61060974478
43.65,69952.59146729094
43.660000000000004,69953.20326460814
43.67,69955.96680141674
43.68,69959.48355342259
43.69,69961.74452677944
43.7,69962.8222976545
43.71,69966.64826241096
43.72,69969.10736692554
43.730000000000004,69971.96627124799
43.74,69974.79194754193
43.75,69978.3267261389
43.76,69977.83275585427
43.77,69984.10502786946
43.78,69985.06400188924
43.79,69988.26239131979
43.800000000000004,69988.27634826764
43.81,69991.98474823477
43.82,69993.8805819308
43.83,69996.43271796287
43.84,69998.54406772011
43.85,70001.93680351815
43.86,70004.40103747147
43.87,70007.93418840037
43.88,70009.32444179793
43.89,70013.66154464358
43.9,70016.12483903936
43.910000000000004,70016.5871983752
43.92,70019.81443183182
43.93,70022.26338804528
43.94,70024.27615517606
43.95,70027.08056237859
43.96,70030.12875735055
43.97,70033.30258663958
43.980000000000004,70036.46540299879
43.99,70039.67512637474
44.0,70041.65556443066
44.01,70043.26814122395
44.02,70045.18067665734
44.03,70048.33393582213
44.04,70050.82719106511
44.050000000000004,70052.31029836957
44.06,70057.59352157345
44.07,70058.48222216027
44.08,70060.6958575631
44.09,70062.30152464852
44.1,70066.00155339488
44.11,70067.0018072797
44.12,70070.8075138042
44.13,70072.30984353744
44.14,70075.38498822013
44.15,70079.13610301002
44.160000000000004,70081.09925957321
44.17,70084.26580653743
44.18,70086.96527409456
44.19,70088.88845025204
44.2,70093.21176590577
44.21,70094.49144438124
44.22,70096.03709708973
44.230000000000004,70101.3280948994
44.24,70099.26506311173
44.25,70103.6702597038
44.26,70104.38514574151
44.27,70108.58219418439
44.28,70112.56588867756
44.29,70115.14602908313
44.300000000000004,70116.90985747598
44.31,70119.99725571927
44.32,70121.25325432445
44.33,70122.4874117127
44.34,70128.46177632894
44.35,70129.60993344458
44.36,70132.18477833152
44.37,70133.42781407389
44.38,70138.55974134772
44.39,70141.04289855866
44.4,70143.00977574039
44.410000000000004,70145.6881605228
44.42,70147.36300975883
44.43,70149.5499949145
44.44,70154.19192539781
44.45,70154.49627736585
44.46,70157.41960785586
44.47,70160.94573905959
44.480000000000004,70161.7267440698
44.49,70165.77366752783
44.5,70168.01930477563
44.51,70171.74588435874
44.52,70173.79703896247
44.53,70176.74247464935
44.54,70176.79453761427
44.550000000000004,70180.6753837996
44.56,70184.30493618197
44.57,70184.33372588328
44.58,70188.14266201612
44.59,70191.7670333586
44.6,70193.55897175138
44.61,70197.30621324177
44.62,70198.25650729425
44.63,70201.5867895118
44.64,70202.81986122885
44.65,70207.61531200775
44.660000000000004,70210.77896755352
44.67,70211.83777108455
44.68,70215.00325048722
44.69,70217.00892678367
44.7,70217.70775092099
44.71,70221.48656624368
44.72,70224.3329413618
44.730000000000004,70226.70325626068
44.74,70229.82331304756
44.75,70231.37035721443
44.76,70234.19379073098
44.77,70235.00142723169
44.78,70240.34569637745
44.79,70242.7673401918
44.800000000000004,70246.29052286108
44.81,70248.75274817458
44.82,70250.75487529623
44.83,70253.74827658082
44.84,70255.95755034557
44.85,70257.31728176096
44.86,70261.14164789359
44.87,70261.28402076934
44.88,70264.35987684758
44.89,70268.48598859945
44.9,70270.08119563662
44.910000000000004,70273.09145991255
44.92,70273.61093222178
44.93,70278.87255041586
44.94,70279.31570690773
44.95,70280.64807061752
44.96,70285.2702652841
44.97,70287.90032840609
44.980000000000004,70290.81406179398
44.99,70294.23118800468
45.0,70295.61041196245
45.01,70297.80392356626
45.02,70299.44494772221
45.03,70303.34172097921
45.04,70306.78728063586
45.050000000000004,70309.05411042298
45.06,70311.99089611723
45.07,70315.91432278845
45.08,70316.31384531366
45.09,70318.23864049117
45.1,70322.11446948088
45.11,70324.95643863794
45.12,70328.12912167313
45.13,70329.60015353283
45.14,70332.21313438042
45.15,70333.909740988
45.160000000000004,70336.66570482636
45.17,70339.0022330164
45.18,70342.87675230982
45.19,70345.56885378587
45.2,70347.00521283037
45.21,70350.13316563916
45.22,70353.82971003235
45.230000000000004,70354.46498727755
45.24,70357.4890784579
45.25,70360.27923975282
45.26,70362.65640285278
45.27,70364.9492488727
45.28,70367.9952985141
45.29,70369.62938182049
45.300000000000004,70373.43062227
45.31,70375.19783220517
45.32,70377.28807224157
45.33,70380.5407479735
45.34,70382.83597516506
45.35,70384.13094728433
45.36,70388.96099175428
45.37,70390.53962730707
45.38,70392.89970027425
45.39,70395.60307722272
45.4,70397.44858120443
45.410000000000004,70400.04797460845
45.42,70403.2433606994
45.43,70408.57203008409
45.44,70407.75769690068
45.45,70411.48385669761
45.46,70413.70148872974
45.47,70417.70104294871
45.480000000000004,70418.34543200916
45.49,70422.37877538208
45.5,70422.55771517254
45.51,70426.39424706885
45.52,70429.39421051939
45.53,70431.76359552072
45.54,70433.81720964897
45.550000000000004,70436.49921404626
45.56,70439.06785533534
45.57,70442.62107958733
45.58,70444.89663806386
45.59,70448.20870122522
45.6,70448.49315712879
45.61,70454.38272809732
45.62,70455.62579712603
45.63,70458.25686780899
45.64,70458.94735000552
45.65,70464.8605446275
45.660000000000004,70465.42849245774
45.67,70467.35818267615
45.68,70469.89315366407
45.69,70473.4688896042
45.7,70476.50649216045
45.71,70479.31021369
45.72,70481.60786714485
45.730000000000004,70483.91674162581
45.74,70485.64451246579
45.75,70487.62537305205
45.76,70489.49732370033
45.77,70493.22377279664
45.78,70494.90621165762
45.79,70498.92103174943
45.800000000000004,70501.57514874302
45.81,70502.88469106017
45.82,70507.8222654355
45.83,70508.73413392862
45.84,70512.13398471106
45.85,70515.05203902513
45.86,70516.47207704604
45.87,70519.05197280944
45.88,70521.03415442398
45.89,70523.70994900749
45.9,70525.0887348146
45.910000000000004,70529.34421538889
45.92,70531.65518146123
45.93,70533.92293530947
45.94,70537.75771097782
45.95,70540.3074059609
45.96,70542.27181844722
45.97,70543.36364339986
45.980000000000004,70549.33480792213
45.99,70548.12617826513
46.0,70551.98195948634
46.01,70554.15670994557
46.02,70557.94949947606
46.03,70559.52220138769
46.04,70562.88369987589
46.050000000000004,70565.00638487344
46.06,70568.79364238083
46.07,70570.33506470417
46.08,70573.79884533018
46.09,70575.94212262804
46.1,70579.40663147323
46.11,70579.2232867181
46.12,70581.27507992813
46.13,70585.49550314924
46.14,70587.84849787047
46.15,70590.20286901687
46.160000000000004,70595.56908202398
46.17,70597.46773887682
46.18,70597.96867590483
46.19,70599.47913923868
46.2,70602.74462095066
46.21,70605.11846537796
46.22,70607.77597095503
46.230000000000004,70611.9162090456
46.24,70612.99926086792
46.25,70617.45211583859
46.26,70619.72816870372
46.27,70622.70811904091
46.28,70624.39579041488
46.29,70626.24229206023
46.300000000000004,70629.02129046839
46.31,70631.89260650125
46.32,70634.6090493837
46.33,70636.9295796148
46.34,70639.37915984716
46.35,70643.5935243484
46.36,70645.03531486557
46.37,70647.0584363158
46.38,70651.09536454552
46.39,70653.70648060265
46.4,70656.71131233922
46.410000000000004,70656.20093780813
46.42,70658.38932592647
46.43,70662.79837022162
46.44,70663.62198769055
46.45,70666.77254863015
46.46,70669.75899538214
46.47,70672.53135207808
46.480000000000004,70674.91597549945
46.49,70677.63835613718
46.5,70679.85276605342
46.51,70681.62692891789
46.52,70684.83575092646
46.53,70688.4875481917
46.54,70690.94343836424
46.550000000000004,70692.86266759217
46.56,70696.21674852054
46.57,70698.32142658974
46.58,70700.82966042399
46.59,70704.2897971063
46.6,70706.31975359353
46.61,70710.38460880582
46.62,70711.15509704348
46.63,70714.12044839303
46.64,70715.01844739495
46.65,70720.16267604922
46.660000000000004,70720.96049561635
46.67,70723.18518119166
46.68,70726.46178735947
46.69,70731.35429987528
46.7,70733.29615224928
46.71,70733.79427965493
46.72,70737.0394312376
46.730000000000004,70738.80340377935
46.74,70741.04734022531
46.75,70743.80217422977
46.76,70746.06953123938
46.77,70750.81867543234
46.78,70751.12748338313
46.79,70755.92796242927
46.800000000000004,70757.37933044402
46.81,70761.79937155271
46.82,70761.2842280203
46.83,70765.14172852896
46.84,70767.23951602454
46.85,70770.64395469187
46.86,70771.09508982336
46.87,70774.6366425867
46.88,70778.1418839325
46.89,70778.49562661396
46.9,70784.33307947978
46.910000000000004,70785.57267557125
46.92,70788.69208414703
46.93,70790.98597875127
46.94,70794.32528145215
46.95,70798.39570150457
46.96,70800.26842430879
46.97,70800.83673417266
46.980000000000004,70802.82448505449
46.99,70806.64544542307
47.0,70807.41422939047
47.01,70811.58592934281
47.02,70813.39494236615
47.03,70816.24397537176
47.04,70817.56465237487
47.050000000000004,70822.26611530213
47.06,70824.7252915211
47.07,70826.33426198491
47.08,70831.46386429283
47.09,70833.27233620381
47.1,70833.85661931474
47.11,70839.01941028342
47.12,70840.12992918317
47.13,70840.1163408313
47.14,70844.06550409395
47.15,70846.4935169103
47.160000000000004,70850.7170616774
47.17,70852.2628976709
47.18,70854.5630337078
47.19,70856.52656328003
47.2,70859.62392667423
47.21,70862.4118235108
47.22,70866.62753201822
47.230000000000004,70868.0885930874
47.24,70868.46665729755
47.25,70871.93734720476
47.26,70875.19472844509
47.27,70877.96696837345
47.28,70879.79797532006
47.29,70882.93983637168
47.300000000000004,70886.00051733329
47.31,70890.24638063228
47.32,70890.35875319518
47.33,70893.08893009908
47.34,70894.31532428219
47.35,70897.97140632359
47.36,70899.74042930924
47.37,70902.09920392343
47.38,70905.65951865105
47.39,70909.28975749118
47.4,70911.42086802331
47.410000000000004,70914.64482103684
47.42,70918.58918212044
47.43,70920.10843357131
47.44,70922.26315776166
47.45,70924.05642203875
47.46,70926.11227230041
47.47,70930.50061645739
47.480000000000004,70931.2125580523
47.49,70934.77995495577
47.5,70937.60829043415
47.51,70939.59557456119
47.52,70943.08230483986
47.53,70944.65033188192
47.54,70945.6765428313
47.550000000000004,70950.9277452497
47.56,70951.32328715669
47.57,70954.77256255377
47.58,70957.89705263377
47.59,70960.59532743946
47.6,70964.6833071226
47.61,70964.98964099241
47.62,70966.62673268224
47.63,70971.41397283835
47.64,70973.76877609566
47.65,70974.03474269755
47.660000000000004,70979.0664788418
47.67,70979.3065910177
47.68,70983.00641874466
47.69,70984.24785386054
47.7,70988.95643470717
47.71,70990.73902348257
47.72,70993.00321630642
47.730000000000004,70996.10461902356
47.74,70997.42403590953
47.75,71001.0952088856
47.76,71003.28507419434
47.77,71007.00514142645
47.78,71008.9034524409
47.79,71010.95591189964
47.800000000000004,71014.20165258554
47.81,71016.4633210981
47.82,71020.38461141776
47.83,71023.28610264855
47.84,71022.57073554755
47.85,71027.05881218682
47.86,71030.4437082024
47.870000000000005,71031.38132967794
47.88,71034.34961362166
47.89,71036.36269113886
47.9,71039.44546360355
47.910000000000004,71042.61124120635
47.92,71045.19747340982
47.93,71047.49189998061
47.94,71051.5601501706
47.95,71054.55360303498
47.96,71055.12646187464
47.97,71058.45731749391
47.980000000000004,71061.82016662089
47.99,71063.87379480836
48.0,71067.60959272654
48.01,71067.7772197312
48.02,71069.66927587392
48.03,71072.09364985024
48.04,71074.910685354
48.050000000000004,71077.37819141152
48.06,71081.15314067266
48.07,71083.76974962828
48.08,71086.72641671379
48.09,71089.29387092708
48.1,71090.24292350255
48.11,71092.44898287929
48.120000000000005,71097.54178483035
48.13,71097.86055087119
48.14,71101.01874905414
48.15,71105.05679648838
48.160000000000004,71107.82224628088
48.17,71110.21194812485
48.18,71109.74197909994
48.19,71114.14758111916
48.2,71116.2427901926
48.21,71119.73194100898
48.22,71120.8309656407
48.230000000000004,71125.44015760573
48.24,71127.92772644717
48.25,71129.32893507637
48.26,71131.8516715289
48.27,71135.27719459332
48.28,71138.08242335457
48.29,71140.72863496588
48.300000000000004,71142.81236229512
48.31,71146.08713887443
48.32,71149.94332164919
48.33,71150.24054212855
48.34,71152.80628066
48.35,71154.78226541332
48.36,71156.6947736143
48.370000000000005,71161.62638802276
48.38,71162.79942855756
48.39,71165.45041568844
48.4,71167.88746760495
48.410000000000004,71170.88835191655
48.42,71173.60236271773
48.43,71175.98229604537
48.44,71177.27562548862
48.45,71182.86505863426
48.46,71181.94736455302
48.47,71186.60101776292
48.480000000000004,71189.36191836816
48.49,71191.93756568858
48.5,71193.50038724304
48.51,71196.79949149083
48.52,71199.5257578896
48.53,71202.01854809484
48.54,71205.1566962654
48.550000000000004,71207.68224613057
48.56,71208.39906450654
48.57,71212.22060171847
48.58,71215.49314715457
48.59,71217.21122456677
48.6,71221.99193833278
48.61,71222.21032592653
48.620000000000005,71224.19739763477
48.63,71228.50197270614
48.64,71228.15955366234
48.65,71232.28714557036
48.660000000000004,71234.50033002275
48.67,71239.57634440107
48.68,71240.8767050156
48.69,71240.45487023484
48.7,71246.07249275474
48.71,71249.13866421746
48.72,71250.06352640342
48.730000000000004,71252.79499906179
48.74,71256.68561422978
48.75,71258.47950629254
48.76,71260.03804772555
48.77,71264.46211121081
48.78,71266.41750669149
48.79,71268.58824662409
48.800000000000004,71272.90839340969
48.81,71274.70431182762
48.82,71276.30842248065
48.83,71277.60716651496
48.84,71281.57449677131
48.85,71283.52929582838
48.86,71285.94473973582
48.870000000000005,71286.60120909575
48.88,71291.42191854001
48.89,71294.86427667082
48.9,71298.09424748234
48.910000000000004,71300.94082093118
48.92,71301.51437400334
48.93,71303.89534387934
48.94,71305.8382632909
48.95,71308.36360542923
48.96,71313.4820793429
48.97,71315.15841994372
48.980000000000004,71317.7102964615
48.99,71321.29144652768
49.0,71322.16940122866
49.01,71326.44448345024
49.02,71326.67063499396
49.03,71328.50182103067
49.04,71333.03125506888
49.050000000000004,71334.89540998303
49.06,71338.52246837037
49.07,71341.70135960447
49.08,71342.19753839403
49.09,71344.6931972987
49.1,71348.62739247434
49.11,71350.19610543724
49.120000000000005,71353.75182568733
49.13,71356.3455932549
49.14,71359.63921150612
49.15,71361.97657590256
49.160000000000004,71366.62175532701
49.17,71366.30622863564
49.18,71368.99047377096
49.19,71371.28348069766
49.2,71373.56858581422
49.21,71376.53667142979
49.22,71379.81855570163
49.230000000000004,71381.95098435762
49.24,71386.11521425756
49.25,71386.50533258662
49.26,71390.52879757801
49.27,71393.90238739787
49.28,71393.7318659417
49.29,71397.44605416337
49.300000000000004,71400.86749333235
49.31,71401.44725445456
49.32,71406.28464508039
49.33,71406.68761443708
49.34,71409.85915116002
49.35,71412.4067865123
49.36,71415.74808035973
49.370000000000005,71418.67273708509
49.38,71420.99391576371
49.39,71424.79598838002
49.4,71427.2176779011
49.410000000000004,71429.85553713785
49.42,71431.08094791441
49.43,71432.37431303659
49.44,71435.54736285839
49.45,71439.70691053772
49.46,71439.74997260312
49.47,71444.27004178068
49.480000000000004,71447.38841655324
49.49,71448.24960248888
49.5,71452.19941844133
49.51,71454.67720548858
49.52,71456.42732404992
49.53,71458.58187295894
49.54,71463.00833103852
49.550000000000004,71463.7953049639
49.56,71466.97894873885
49.57,71470.95650986471
49.58,71471.93860775331
49.59,71475.71444427807
49.6,71478.25836287838
49.61,71481.33141995387
49.620000000000005,71481.91204929161
49.63,71483.70515314396
49.64,71489.34930937931
49.65,71490.2132651081
49.660000000000004,71493.05091756475
49.67,71494.8137559351
49.68,71499.23548199056
49.69,71502.22713885327
49.7,71503.1543407669
49.71,71505.30078671529
49.72,71510.55209835504
49.730000000000004,71511.35661008666
49.74,71513.95759414224
49.75,71514.79760646228
49.76,71519.63550168306
49.77,71521.02472700462
49.78,71523.9909383519
49.79,71526.1680184853
49.800000000000004,71527.48767627464
49.81,71530.85503589598
49.82,71536.17210573325
49.83,71536.54747213099
49.84,71536.75581284997
49.85,71541.5661665109
49.86,71544.2896010997
49.870000000000005,71547.99970865936
49.88,71550.171567908
49.89,71553.05155435308
49.9,71553.06684015876
49.910000000000004,71556.98090893739
49.92,71561.91119037241
49.93,71561.20292293871
49.94,71564.89169460861
49.95,71565.20332343817
49.96,71568.34451432283
49.97,71574.47828403358
49.980000000000004,71575.34853359727
49.99,71577.48391583435
50.0,71581.62192307731
50.01,71583.42542039674
50.02,71586.5279214716
50.03,71587.3781919479
50.04,71589.62801854532
50.050000000000004,71592.870283093
50.06,71596.56668838681
50.07,71597.57658205989
50.08,71600.56185118889
50.09,71602.38799547688
50.1,71606.55203609726
50.11,71609.4278040067
50.120000000000005,71612.06827942703
50.13,71613.32156564815
50.14,71616.22870385827
50.15,71617.78035401175
50.160000000000004,71622.51393718447
50.17,71624.80666395123
50.18,71627.30438327098
50.19,71630.4339280513
50.2,71630.89921075421
50.21,71634.25328394202
50.22,71638.86662069782
50.230000000000004,71640.82225899486
50.24,71643.3592449883
50.25,71645.00275553731
50.26,71648.14911890772
50.27,71651.10325526302
50.28,71653.9275237761
50.29,71654.75525212882
50.300000000000004,71657.77991128885
50.31,71658.54597746942
50.32,71663.19843260966
50.33,71664.52285897257
50.34,71667.84661961919
50.35,71669.29487012698
50.36,71673.90352894086
50.370000000000005,71675.48021238424
50.38,71678.1307167171
50.39,71679.19133760074
50.4,71681.68291452301
50.410000000000004,71684.94319632024
50.42,71688.58253897629
50.43,71693.69029489621
50.44,71693.89222355867
50.45,71697.27670297842
50.46,71699.09382996359
50.47,71701.62321598775
50.480000000000004,71705.53987587907
50.49,71705.56163599102
50.5,71707.60564947018
50.51,71711.52053721155
50.52,71713.9365792678
50.53,71717.31091365339
50.54,71721.1328645666
50.550000000000004,71722.9540527437
50.56,71724.05110552117
50.57,71727.12496085049
50.58,71729.87927559752
50.59,71733.10149307079
50.6,71737.9489923971
50.61,71737.85490404788
50.620000000000005,71740.92421268031
50.63,71743.52333743326
50.64,71745.79552976949
50.65,71749.47216622991
50.660000000000004,71749.90093486823
50.67,71752.12467544027
50.68,71755.10462808452
50.69,71759.31319333035
50.7,71759.58680168256
50.71,71762.88364595757
50.72,71765.10359583485
50.730000000000004,71767.2818453615
50.74,71772.22767953316
50.75,71774.70361551039
50.76,71775.81840295024
50.77,71779.3479379864
50.78,71783.14702410775
50.79,71783.61719083045
50.800000000000004,71785.67164726826
50.81,71789.7937264141
50.82,71791.54605408048
50.83,71796.21425018864
50.84,71796.42019562794
50.85,71800.84602617328
50.86,71804.0042601341
50.870000000000005,71803.02122067526
50.88,71807.39746942672
50.89,71811.66288027693
50.9,71811.60002812404
50.910000000000004,71815.64924451754
50.92,71816.87116420949
50.93,71822.0494718178
50.94,71822.33785345791
50.95,71824.30863075846
50.96,71828.61631335158
50.97,71831.51914163008
50.980000000000004,71833.55326860184
50.99,71834.95422312571
51.0,71839.01490533173
51.01,71841.88759173178
51.02,71844.15837113645
51.03,71845.46403099755
51.04,71849.56371165106
51.050000000000004,71849.85686158465
51.06,71853.98791666837
51.07,71856.51675580771
51.08,71858.37109823323
51.09,71863.49774898318
51.1,71864.00809310406
51.11,71866.6091418117
51.120000000000005,71869.95563566708
51.13,71871.48181350753
51.14,71874.84897241967
51.15,71878.03003477618
51.160000000000004,71879.5872185028
51.17,71883.58111023421
51.18,71885.71939559709
51.19,71887.58142241642
51.2,71890.96588194148
51.21,71891.31253177795
51.22,71894.61397664362
51.230000000000004,71899.22270591286
51.24,71901.07381273572
51.25,71902.23639942026
51.26,71905.67625434759
51.27,71907.35509691783
51.28,71911.37344841736
51.29,71913.60567856737
51.300000000000004,71915.66482212525
51.31,71920.01989628228
51.32,71923.94896937913
51.33,71925.2733668731
51.34,71925.22854443437
51.35,71930.02289600525
51.36,71931.08030718002
51.370000000000005,71934.50548130959
51.38,71937.93410214789
51.39,71940.15677789772
51.4,71941.81022243793
51.410000000000004,71945.3319074467
51.42,71945.82237323695
51.43,71952.52415214371
51.44,71952.79291694074
51.45,71954.15096199673
51.46,71955.94392993285
51.47,71959.12889244697
51.480000000000004,71963.36873108066
51.49,71967.27044975696
51.5,71966.94719683862
51.51,71970.95273112967
51.52,71973.20491612655
51.53,71974.5703080359
51.54,71976.29337763801
51.550000000000004,71979.4932533953
51.56,71984.60810091718
51.57,71987.300257383
51.58,71989.46977927545
51.59,71990.66550618084
51.6,71992.40474697395
51.61,71995.84130079864
51.620000000000005,71996.94352235153
51.63,72000.95904663738
51.64,72003.39716555263
51.65,72006.0076927466
51.660000000000004,72006.47776337319
51.67,72012.33525680946
51.68,72014.0575991686
51.69,72016.17347259528
51.7,72019.16930436538
51.71,72021.7329461406
51.72,72023.85327333365
51.730000000000004,72027.6442354831
51.74,72029.08999692021
51.75,72032.26566315709
51.76,72034.75330827643
51.77,72037.94316682447
51.78,72039.61707096698
51.79,72043.24584586774
51.800000000000004,72045.73798830836
51.81,72047.3485275414
51.82,72052.3675877928
51.83,72052.06403812535
51.84,72054.69843753151
51.85,72060.12755185632
51.86,72061.0736120719
51.870000000000005,72062.44949081478
51.88,72067.92690859067
51.89,72069.04348635593
51.9,72071.1072695755
51.910000000000004,72073.274523896
51.92,72075.88220022591
51.93,72078.07479964143
51.94,72080.1410472524
51.95,72083.51301679025
51.96,72086.36445241803
51.97,72088.44808379281
51.980000000000004,72094.9379227621
51.99,72095.50666190615
52.0,72096.59728364594
52.01,72100.92334467712
52.02,72102.40855045906
52.03,72105.59173297025
52.04,72108.32114251339
52.050000000000004,72111.05907823684
52.06,72113.57127675872
52.07,72115.85558416862
52.08,72117.46291131988
52.09,72121.92028535531
52.1,72123.34605762197
52.11,72126.15073410173
52.120000000000005,72128.57893090877
52.13,72130.09680277253
52.14,72132.79872726795
52.15,72136.69631543243
52.160000000000004,72138.63427274735
52.17,72140.56360937933
52.18,72143.4698031606
52.19,72146.07938296685
52.2,72147.80136287645
52.21,72150.43231383045
52.22,72153.50417284161
52.230000000000004,72157.24417456008
52.24,72157.53152076877
52.25,72160.94556905927
52.26,72166.82218336577
52.27,72166.17897459709
52.28,72168.4541675139
52.29,72171.96907270362
52.300000000000004,72174.09753702598
52.31,72176.7393286916
52.32,72180.85957613139
52.33,72183.42878950096
52.34,72185.1052589121
52.35,72188.3565380187
52.36,72191.45996319278
52.370000000000005,72193.10181952601
52.38,72195.9107782736
52.39,72198.2508854729
52.4,72199.7605272552
52.410000000000004,72202.44282559205
52.42,72205.60190523858
52.43,72207.82959898504
52.44,72208.55133759342
52.45,72213.20174083815
52.46,72216.03902137118
52.47,72217.7153088635
52.480000000000004,72221.66900491343
52.49,72223.75080752994
52.5,72226.26178498773
52.51,72228.26651745991
52.52,72231.65961555448
52.53,72233.38834793068
52.54,72235.82464609685
52.550000000000004,72240.56958940365
52.56,72242.11762045622
52.57,72244.44749271093
52.58,72245.92495111875
52.59,72249.94730189758
52.6,72252.43918767259
52.61,72256.16024793054
52.620000000000005,72256.17171271611
52.63,72258.5005562252
52.64,72262.67588980315
52.65,72265.14792297628
52.660000000000004,72267.54761105255
52.67,72269.94892497924
52.68,72273.59698932916
52.69,72274.06971550874
52.7,72277.46833749423
52.71,72280.46282807221
52.72,72283.22796228432
52.730000000000004,72286.759110753
52.74,72287.63015519765
52.75,72290.60177989215
52.76,72291.38163816168
52.77,72296.24542274053
52.78,72299.29815714272
52.79,72300.45114566461
52.800000000000004,72305.65332324657
52.81,72305.8673263926
52.82,72310.98281639292
52.83,72311.21907557154
52.84,72314.60213168593
52.85,72317.47465842495
52.86,72319.70476461777
52.870000000000005,72322.42862010498
52.88,72324.1140646847
52.89,72328.19973948359
52.9,72329.44734585454
52.910000000000004,72332.02553606125
52.92,72333.85282945418
52.93,72338.90013120657
52.94,72340.76652375213
52.95,72341.92390775018
52.96,72346.49421316106
52.97,72346.32199532518
52.980000000000004,72349.72707711802
52.99,72352.42799634475
53.0,72355.98341228132
53.01,72358.8855005289
53.02,72362.74577136026
53.03,72363.29331242283
53.04,72366.35276471658
53.050000000000004,72370.5676637164
53.06,72370.91972036476
53.07,72371.93709035874
53.08,72375.14908154018
53.09,72378.93815052354
53.1,72382.61841467947
53.11,72384.80953191688
53.120000000000005,72386.91110084843
53.13,72389.41434550613
53.14,72391.87404918883
53.15,72395.31530040735
53.160000000000004,72398.5295135399
53.17,72401.62969975238
53.18,72400.87802661663
53.19,72405.37665626021
53.2,72407.95700756097
53.21,72410.28982240599
53.22,72413.9795802692
53.230000000000004,72415.40106546694
53.24,72417.98356941635
53.25,72420.70064600998
53.26,72422.68630668901
53.27,72425.30218026733
53.28,72431.43350727251
53.29,72433.8360528096
53.300000000000004,72432.56859476735
53.31,72434.49145082886
53.32,72438.22977893813
53.33,72441.64057904309
53.34,72444.53689251066
53.35,72445.27843622497
53.36,72447.85142382892
53.370000000000005,72452.57436873997
53.38,72452.84461113879
53.39,72456.70979366566
53.4,72458.07937878341
53.410000000000004,72462.50875766008
53.42,72464.55436167905
53.43,72467.30839053875
53.44,72468.3187256742
53.45,72472.0544648009
53.46,72475.43644292161
53.47,72478.078456678
53.480000000000004,72479.05557978812
53.49,72481.89484867026
53.5,72486.86441058529
53.51,72488.226161009
53.52,72489.65205530898
53.53,72493.54812207863
53.54,72494.75506628132
53.550000000000004,72499.89400028576
53.56,72501.12212649097
53.57,72503.0604414228
53.58,72507.15885325221
53.59,72507.38913422966
53.6,72512.9795781355
53.61,72514.22509392393
53.620000000000005,72515.8648007289
53.63,72516.69756081734
53.64,72521.21063856823
53.65,72524.18372769552
53.660000000000004,72526.4411653452
53.67,72527.50637106724
53.68,72530.93788725251
53.69,72534.2003797924
53.7,72538.2541111058
53.71,72538.9256734437
53.72,72542.91096750338
53.730000000000004,72544.51982454212
53.74,72547.16408666865
53.75,72549.72353942996
53.76,72552.55620868917
53.77,72553.08715936853
53.78,72557.47606735867
53.79,72560.3316398814
53.800000000000004,72562.69399377579
53.81,72565.1059085523
53.82,72568.87312695473
53.83,72570.35342990335
53.84,72572.96205989036
53.85,72576.6213124032
53.86,72578.25188538404
53.870000000000005,72582.27786555975
53.88,72586.05033366848
53.89,72587.48833810874
53.9,72589.05349077824
53.910000000000004,72591.95690663742
53.92,72591.84180206996
53.93,72597.37614477474
53.94,72600.34636549366
53.95,72604.40324440305
53.96,72604.24723285723
53.97,72608.14275400485
53.980000000000004,72609.61289484437
53.99,72611.94761507721
54.0,72613.85286066913
54.01,72616.44686802296
54.02,72621.7995920323
54.03,72623.8751211965
54.04,72624.67660855934
54.050000000000004,72627.34262978066
54.06,72630.11496534
54.07,72633.47579092796
54.08,72634.36227087557
54.09,72638.88984347729
54.1,72640.19250184209
54.11,72643.07659389055
54.120000000000005,72645.62164108589
54.13,72648.02084750666
54.14,72650.97404566396
54.15,72655.04088612513
54.160000000000004,72655.80243703404
54.17,72659.32022769524
54.18,72660.61899127372
54.19,72663.8730532601
54.2,72666.45583070688
54.21,72669.65841734361
54.22,72672.22834982372
54.230000000000004,72674.89772243798
54.24,72677.87387411157
54.25,72677.94073208474
54.26,72682.75164231136
54.27,72685.04836274969
54.28,72688.0630603526
54.29,72689.92581082998
54.300000000000004,72691.61617435294
54.31,72696.36163519818
54.32,72697.80981249659
54.33,72699.74019031381
54.34,72703.53380459407
54.35,72705.76810515627
54.36,72706.5474609667
54.370000000000005,72711.4047389449
54.38,72713.67604328779
54.39,72717.1756228969
54.4,72718.53127690066
54.410000000000004,72721.26485729731
54.42,72724.89644231294
54.43,72724.55090744556
54.44,72728.91118770887
54.45,72732.04011378699
54.46,72734.39321556478
54.47,72736.45071046082
54.480000000000004,72738.18050963613
54.49,72740.53840090266
54.5,72742.68544573794
54.51,72747.77615087539
54.52,72750.6002223316
54.53,72753.22897125738
54.54,72756.11650545256
54.550000000000004,72757.97272209835
54.56,72759.72990471355
54.57,72762.01707688534
54.58,72765.21634458666
54.59,72766.85911431353
54.6,72769.72043512831
54.61,72772.81448136974
54.620000000000005,72776.23956745263
54.63,72777.72764996334
54.64,72781.8666228443
54.65,72783.88863646718
54.660000000000004,72784.75974627963
54.67,72788.60533527516
54.68,72790.91449045253
54.69,72795.00025939927
54.7,72795.8318969933
54.71,72799.46171952868
54.72,72803.2027927602
54.730000000000004,72806.34545226076
54.74,72806.13986561669
54.75,72809.22323573506
54.76,72811.48604818962
54.77,72813.25727891264
54.78,72818.15670976686
54.79,72820.42359846793
54.800000000000004,72823.07341038354
54.81,72824.99949575184
54.82,72829.22091414525
54.83,72830.42097052482
54.84,72833.71691844192
54.85,72835.03837925186
54.86,72838.2849591727
54.870000000000005,72840.05341075987
54.88,72844.38149056764
54.89,72845.85486793931
54.9,72848.14691414467
54.910000000000004,72851.95901186361
54.92,72853.39568404105
54.93,72856.9701563984
54.94,72859.45512897115
54.95,72861.2009509089
54.96,72865.25773395058
54.97,72865.80059918955
54.980000000000004,72868.62636501594
54.99,72871.36682842398
55.0,72873.94548879676
55.01,72877.9962030048
55.02,72879.3684051842
55.03,72883.0144371543
55.04,72885.92912196682
55.050000000000004,72887.82022098104
55.06,72889.92009786441
55.07,72892.37363442812
55.08,72895.18511612441
55.09,72897.94394035691
55.1,72900.72746627252
55.11,72903.45493633581
55.120000000000005,72906.06842780313
55.13,72907.1493233802
55.14,72910.09862155752
55.15,72913.51200848108
55.160000000000004,72914.16343706498
55.17,72918.91019469187
55.18,72921.50861676387
55.19,72922.57939626154
55.2,72926.8494373731
55.21,72931.8607861125
55.22,72931.92524606931
55.230000000000004,72934.02453858432
55.24,72937.7080102147
55.25,72940.90183097203
55.26,72940.68546103888
55.27,72944.03683488029
55.28,72947.30831129622
55.29,72948.991344309
55.300000000000004,72953.31391108251
55.31,72954.89180250217
55.32,72960.42605413451
55.33,72962.13490926854
55.34,72961.65143675232
55.35,72964.95662218142
55.36,72967.17830229491
55.370000000000005,72970.08531318435
55.38,72973.92467971526
55.39,72974.94729253065
55.4,72980.25984977819
55.410000000000004,72981.84673540866
55.42,72983.10585845413
55.43,72984.9198974271
55.44,72990.16699460364
55.45,72991.47933951484
55.46,72992.46099474552
55.47,72998.33705759453
55.480000000000004,72997.2945119015
55.49,73001.57807116087
55.5,73003.43019827343
55.51,73007.25864240479
55.52,73009.8150861213
55.53,73012.88051291638
55.54,73014.59155608824
55.550000000000004,73017.218334621
55.56,73020.30554443905
55.57,73021.54748824784
55.58,73025.74759355425
55.59,73028.07505373629
55.6,73029.38351834899
55.61,73033.95987460372
55.620000000000005,73036.92995958246
55.63,73038.99860716662
55.64,73043.16193254208
55.65,73043.76836203608
55.660000000000004,73046.54577295158
55.67,73049.02873693297
55.68,73050.3414021023
55.69,73054.384454098
55.7,73057.08012606643
55.71,73059.67885235956
55.72,73064.27301657626
55.730000000000004,73064.18918677876
55.74,73066.91495135293
55.75,73069.42539309243
55.76,73072.8966675809
55.77,73077.01031633985
55.78,73077.74658853725
55.79,73078.58277047469
55.800000000000004,73082.11204942295
55.81,73085.21771336254
55.82,73088.47253033546
55.83,73088.6867694367
55.84,73091.7366565
55.85,73094.33610120878
55.86,73099.0722534222
55.870000000000005,73098.50804924582
55.88,73103.29832198922
55.89,73103.84903677688
55.9,73110.31264895746
55.910000000000004,73110.73155733285
55.92,73114.14634660975
55.93,73116.70632569566
55.94,73119.49510689887
55.95,73120.96409923889
55.96,73125.16344396597
55.97,73127.57890841733
55.980000000000004,73128.07399665011
55.99,73134.17360805305
56.0,73134.15777578996
56.01,73135.48341031291
56.02,73138.120769093
56.03,73142.08846486332
56.04,73144.46194709747
56.050000000000004,73146.85600136747
56.06,73151.50142621595
56.07,73153.77942101585
56.08,73155.66292335762
56.09,73155.82275322685
56.1,73162.10995922526
56.11,73162.13193031427
56.120000000000005,73166.10012738964
56.13,73169.43430033026
56.14,73171.71045589469
56.15,73172.9320347419
56.160000000000004,73174.98415034122
56.17,73177.78651572928
56.18,73180.94509795067
56.19,73182.11044929986
56.2,73187.60134773298
56.21,73189.13894749637
56.22,73190.95768790392
56.230000000000004,73194.03734472243
56.24,73195.06007255036
56.25,73198.40169483518
56.26,73201.17051609348
56.27,73205.76908048852
56.28,73207.93170329534
56.29,73209.44876339032
56.300000000000004,73212.6582311885
56.31,73214.22062891706
56.32,73217.52583332083
56.33,73220.94630662474
56.34,73224.66255913052
56.35,73226.99883893724
56.36,73228.04437591606
56.370000000000005,73231.84749197296
56.38,73232.495668271
56.39,73235.4151460605
56.4,73237.5018173553
56.410000000000004,73241.27179772875
56.42,73243.55905277599
56.43,73246.69166730803
56.44,73249.7232303549
56.45,73250.76161068244
56.46,73255.40827811431
56.47,73256.52919924875
56.480000000000004,73261.37575798255
56.49,73261.80255456564
56.5,73265.14426923853
56.51,73266.36884633804
56.52,73269.53714604303
56.53,73272.45852704639
56.54,73275.35456600935
56.550000000000004,73279.43238529081
56.56,73280.99192990806
56.57,73282.32165156263
56.58,73286.00267287197
56.59,73287.88811249187
56.6,73293.11185125724
56.61,73293.68714423117
56.620000000000005,73294.11935895222
56.63,73299.48897072679
56.64,73300.78219874989
56.65,73304.8531203022
56.660000000000004,73307.27088554112
56.67,73309.29128664122
56.68,73311.58002340051
56.69,73313.46411411426
56.7,73316.9892574647
56.71,73319.42113388247
56.72,73322.33695140324
56.730000000000004,73323.80134842191
56.74,73327.59776500882
56.75,73329.38180723123
56.76,73331.25994255657
56.77,73335.10704428522
56.78,73337.35693531176
56.79,73341.61219773951
56.800000000000004,73341.77150624161
56.81,73346.31618416222
56.82,73346.99095949352
56.83,73351.41552695162
56.84,73352.8545921136
56.85,73354.46966906766
56.86,73358.49379411522
56.870000000000005,73359.68433073036
56.88,73363.48912331973
56.89,73366.95523432543
56.9,73367.20025885865
56.910000000000004,73369.81028170796
56.92,73370.90562155802
56.93,73377.02914676025
56.94,73376.96683432061
56.95,73381.04790808611
56.96,73384.4612250754
56.97,73390.34458112506
56.980000000000004,73389.93584050513
56.99,73392.28466112858
57.0,73394.2004155563
57.01,73398.5370905598
57.02,73399.16569286778
57.03,73402.87465227455
57.04,73406.07357174817
57.050000000000004,73408.1230209404
57.06,73409.98890473187
57.07,73413.23304670403
57.08,73416.88809377198
57.09,73417.67564512233
57.1,73420.60345188332
57.11,73422.53423556131
57.120000000000005,73426.02331933941
57.13,73429.316969816
57.14,73430.52423303538
57.15,73433.32847189796
57.160000000000004,73436.7956327839
57.17,73438.05299864906
57.18,73443.29635952871
57.19,73443.7001141432
57.2,73447.61874645883
57.21,73450.37072651873
57.22,73453.30644646416
57.230000000000004,73453.84431392183
57.24,73457.14180937936
57.25,73458.4434036963
57.26,73461.40288923093
57.27,73466.15870493991
57.28,73467.74739254445
57.29,73469.65753923368
57.300000000000004,73473.20222336036
57.31,73473.14649686891
57.32,73476.77045875243
57.33,73482.33829361692
57.34,73482.99526655373
57.35,73485.26048300609
57.36,73487.21248810083
57.370000000000005,73491.14771658224
57.38,73494.08382331046
57.39,73495.89273918263
57.4,73499.022797239
57.410000000000004,73501.68253007816
57.42,73504.77265131327
57.43,73507.12535112597
57.44,73510.21527034645
57.45,73511.5752410036
57.46,73515.28400694786
57.47,73516.32832880855
57.480000000000004,73520.2772847288
57.49,73521.19660140511
57.5,73525.80423162488
57.51,73526.5363361209
57.52,73532.15891978967
57.53,73532.52072729575
57.54,73535.67926785511
57.550000000000004,73535.54590149061
57.56,73541.62984947344
57.57,73543.89390331034
57.58,73544.55598317653
57.59,73548.6197542306
57.6,73550.61293149523
57.61,73554.13265249973
57.620000000000005,73555.32642400051
57.63,73558.02640025242
57.64,73562.02099037998
57.65,73566.00037838488
57.660000000000004,73566.5051386737
57.67,73570.34146608741
57.68,73572.59741125345
57.69,73575.30232403135
57.7,73576.62256992722
57.71,73581.20697330347
57.72,73582.19614723104
57.730000000000004,73586.94426709585
57.74,73588.93782118414
57.75,73589.68486442413
57.76,73593.07993845313
57.77,73595.31666207491
57.78,73599.2463121973
57.79,73599.37704518142
57.800000000000004,73603.98635387313
57.81,73605.51781904747
57.82,73609.0653726866
57.83,73610.54090343729
57.84,73614.71499478244
57.85,73616.49079823373
57.86,73619.75124352738
57.870000000000005,73621.27319085268
57.88,73625.3785351371
57.89,73627.11465606088
57.9,73628.12901985079
57.910000000000004,73632.16871446588
57.92,73635.19194791133
57.93,73637.19479262644
57.94,73638.40136703878
57.95,73642.08539363476
57.96,73643.99808856376
57.97,73647.554443622
57.980000000000004,73650.16065358497
57.99,73651.97296112358
58.0,73654.30977436226
58.01,73658.19967411953
58.02,73660.54482576522
58.03,73661.39978350163
58.04,73667.49527703562
58.050000000000004,73666.66428112298
58.06,73672.90094610576
58.07,73674.79914667591
58.08,73676.5349079557
58.09,73679.20708753781
58.1,73680.71075145698
58.11,73685.79891000637
58.120000000000005,73686.73978613749
58.13,73688.23264024485
58.14,73692.67377334883
58.15,73694.68770585557
58.160000000000004,73696.89742175487
58.17,73700.07351472878
58.18,73702.79930911105
58.19,73704.93401310912
58.2,73708.00513033196
58.21,73709.18798353257
58.22,73712.644406143
58.230000000000004,73714.42918553847
58.24,73717.88619817469
58.25,73720.58009428717
58.26,73723.52813333926
58.27,73725.80719701013
58.28,73729.61220836463
58.29,73730.33111257819
58.300000000000004,73734.85134571344
58.31,73735.96868155232
58.32,73738.41173460819
58.33,73741.75323336497
58.34,73745.00239967018
58.35,73748.30819855639
58.36,73751.12201105624
58.370000000000005,73752.07554393196
58.38,73755.37604965121
58.39,73756.92932439217
58.4,73760.14669357942
58.410000000000004,73762.18882326127
58.42,73763.26823082607
58.43,73766.60999193581
58.44,73771.72306337753
58.45,73772.1126998053
58.46,73776.81113546556
58.47,73779.22065476801
58.480000000000004,73779.45015635068
58.49,73783.59627655154
58.5,73785.60356256599
58.51,73788.94112856702
58.52,73791.33035120569
58.53,73793.05923538274
58.54,73795.70819523079
58.550000000000004,73798.8029301286
58.56,73801.77965648509
58.57,73803.10732350206
58.58,73807.06522766408
58.59,73808.25865278298
58.6,73813.85041733329
58.61,73813.98639272501
58.620000000000005,73818.01233190263
58.63,73819.48456637021
58.64,73822.21836399937
58.65,73823.8568752006
58.660000000000004,73827.03098193691
58.67,73829.6941278532
58.68,73833.62627482341
58.69,73836.38792777689
58.7,73837.26566033447
58.71,73840.57857292728
58.72,73841.5864513396
58.730000000000004,73846.58042865468
58.74,73849.35759324364
58.75,73851.34194778952
58.76,73852.73743330418
58.77,73856.70029109663
58.78,73859.27722093197
58.79,73861.96303450136
58.800000000000004,73864.37159574455
58.81,73866.56851000527
58.82,73869.32083224735
58.83,73871.93749957137
58.84,73873.6206603906
58.85,73878.80499144283
58.86,73881.13941565657
58.870000000000005,73881.16445295326
58.88,73884.91942880349
58.89,73889.50817153262
58.9,73889.11767417814
58.910000000000004,73893.52950361192
58.92,73895.77890134176
58.93,73899.32480198792
58.94,73901.39866281344
58.95,73903.8668627983
58.96,73906.27285295309
58.97,73908.20073572123
58.980000000000004,73909.51407982344
58.99,73912.85909656032
59.0,73916.62707722042
59.01,73919.52604849215
59.02,73922.65103980353
59.03,73926.4689464359
59.04,73926.61092261586
59.050000000000004,73928.88538619888
59.06,73931.50733832925
59.07,73935.09789371582
59.08,73937.08686949116
59.09,73940.12563992705
59.1,73942.03341646376
59.11,73946.14449369661
59.120000000000005,73948.86467627164
59.13,73950.9494909236
59.14,73953.34591702462
59.15,73955.7470137675
59.160000000000004,73956.00177492115
59.17,73961.41197131554
59.18,73964.01239479092
59.19,73967.5546031053
59.2,73969.31151627339
59.21,73971.82076129975
59.22,73974.75751146978
59.230000000000004,73977.29018283296
59.24,73979.73285829776
59.25,73982.8126964484
59.26,73984.12536401
59.27,73988.78979321718
59.28,73989.24183081696
59.29,73992.41186936914
59.300000000000004,73994.62077465779
59.31,73998.75259041516
59.32,74000.33490050165
59.33,74004.51728433293
59.34,74006.49312076914
59.35,74007.68529294083
59.36,74012.90970771723
59.370000000000005,74012.3844145412
59.38,74016.74751242643
59.39,74018.77265411135
59.4,74019.28896307039
59.410000000000004,74023.88591756814
59.42,74028.01936461095
59.43,74029.13029802051
59.44,74031.0298175112
59.45,74033.35125280655
59.46,74037.02489166666
59.47,74037.32258406057
59.480000000000004,74042.61299815503
59.49,74044.01547887568
59.5,74046.6259841968
59.51,74052.42989852115
59.52,74053.6094018829
59.53,74057.14001121566
59.54,74058.21050148622
59.550000000000004,74061.00597593446
59.56,74063.64522042531
59.57,74066.53777431555
59.58,74068.53711793813
59.59,74069.75944030691
59.6,74073.43189431042
59.61,74076.56791550198
59.620000000000005,74080.29235039263
59.63,74081.1263266944
59.64,74085.22121299466
59.65,74086.22299311885
59.660000000000004,74090.02889461332
59.67,74092.34536529102
59.68,74094.8150159007
59.69,74099.95059895284
59.7,74100.29902320399
59.71,74102.51312141528
59.72,74105.36932619358
59.730000000000004,74107.36073935684
59.74,74111.76699302552
59.75,74112.53117514569
59.76,74114.01406433556
59.77,74119.0746275335
59.78,74119.9721546153
59.79,74124.32388736402
59.800000000000004,74127.52881305266
59.81,74127.54461113877
59.82,74132.06672555626
59.83,74134.92074616629
59.84,74136.60662384769
59.85,74138.98274561699
59.86,74142.02048326383
59.870000000000005,74142.46947884548
59.88,74146.17645662105
59.89,74148.82559982258
59.9,74152.03505830913
59.910000000000004,74154.0330958637
59.92,74157.08304250147
59.93,74160.42811907677
59.94,74162.64674685341
59.95,74164.29511853145
59.96,74167.82526814363
59.97,74168.77139054933
59.980000000000004,74172.12597124685
59.99,74175.34835828691
60.0,74177.99533463825
60.01,74179.32255838854
60.02,74182.76974339662
60.03,74185.57737899489
60.04,74187.95519143266
60.050000000000004,74190.09739648458
60.06,74193.30462849487
60.07,74197.50171051767
60.08,74198.96182615162
60.09,74201.2593906706
60.1,74204.95339786065
60.11,74207.45143518237
60.120000000000005,74209.5623440647
60.13,74212.21422438901
60.14,74214.11976645085
60.15,74216.56685016956
60.160000000000004,74220.01258707837
60.17,74223.40059572249
60.18,74224.50093682948
60.19,74227.2320687527
60.2,74231.24557465423
60.21,74235.40670693286
60.22,74234.97795550126
60.230000000000004,74239.12959078286
60.24,74241.35887681798
60.25,74244.39122968764
60.26,74246.88443141578
60.27,74250.55569122921
60.28,74252.07384350365
60.29,74253.60722713616
60.300000000000004,74258.58501058303
60.31,74260.50669992378
60.32,74262.97240558593
60.33,74266.17851580206
60.34,74267.16310464212
60.35,74268.02183832273
60.36,74272.59999090797
60.370000000000005,74275.89194006428
60.38,74277.64277816392
60.39,74280.36344834523
60.4,74279.76265007727
60.410000000000004,74285.67165635653
60.42,74288.64122675454
60.43,74290.23318555394
60.44,74294.1378355105
60.45,74295.09404889973
60.46,74297.8395956244
60.47,74301.509597474
60.480000000000004,74304.6214904061
60.49,74307.134782437
60.5,74307.50660207437
60.51,74311.4735624991
60.52,74313.12185976189
60.53,74316.41873925804
60.54,74319.54237578443
60.550000000000004,74320.98715157564
60.56,74324.62601892733
60.57,74328.10497092386
60.58,74330.0732016414
60.59,74333.07077736447
60.6,74337.4486428193
60.61,74335.8599480155
60.620000000000005,74338.41052234161
60.63,74343.37062008701
60.64,74344.83567561173
60.65,74349.44548464539
60.660000000000004,74351.90249712717
60.67,74353.56689334409
60.68,74354.60908060368
60.69,74358.58914502546
60.7,74361.28744295411
60.71,74363.9628939452
60.72,74366.57735426008
60.730000000000004,74369.8465769653
60.74,74373.07442723041
60.75,74374.20413784229
60.76,74378.02580835443
60.77,74380.1750462286
60.78,74381.0164956421
60.79,74384.46526815585
60.800000000000004,74387.51675772102
60.81,74388.90405659232
60.82,74393.91351284733
60.83,74397.59916604991
60.84,74395.94724244677
60.85,74401.10523938775
60.86,74402.5762592289
60.870000000000005,74404.11008699
60.88,74406.95578750341
60.89,74411.71402125238
60.9,74414.0086361961
60.910000000000004,74414.70417580631
60.92,74418.18309726144
60.93,74422.90137054831
60.94,74424.91126246068
60.95,74426.24972374279
60.96,74429.25965664932
60.97,74430.92738576005
60.980000000000004,74433.72838691642
60.99,74437.18419825328
61.0,74438.4977656348
61.01,74441.85734524779
61.02,74444.43996784587
61.03,74448.34013135193
61.04,74451.55778368324
61.050000000000004,74454.67917657086
61.06,74456.29362573793
61.07,74458.47595575593
61.08,74462.06690598014
61.09,74462.20589070444
61.1,74465.03133876686
61.11,74468.49573879705
61.120000000000005,74472.22800898412
61.13,74473.84186499832
61.14,74475.33005116903
61.15,74480.3946907051
61.160000000000004,74481.6375569591
61.17,74484.56293492805
61.18,74487.55517813124
61.19,74489.61437774726
61.2,74494.38505624238
61.21,74493.27938013962
61.22,74497.88488790959
61.230000000000004,74500.46121335334
61.24,74502.61465312631
61.25,74505.13436399859
61.26,74506.85872787815
61.27,74510.63888748053
61.28,74513.01820843063
61.29,74515.64558868797
61.300000000000004,74519.67726964135
61.31,74520.87612274622
61.32,74523.44496029973
61.33,74528.14669183284
61.34,74528.48570030801
61.35,74532.19383342778
61.36,74531.8005901034
61.370000000000005,74537.80299761437
61.38,74539.0749491641
61.39,74541.9894563867
61.4,74544.62008398322
61.410000000000004,74546.75747260007
61.42,74553.86676623322
61.43,74552.13178677208
61.44,74554.97456253585
61.45,74557.62864096998
61.46,74560.0846543306
61.47,74562.34544581358
61.480000000000004,74564.85560588902
61.49,74567.79086963406
61.5,74571.77195648533
61.51,74574.20902654926
61.52,74574.942890546
61.53,74580.62286173909
61.54,74582.41146294361
61.550000000000004,74584.24167513549
61.56,74585.96476095631
61.57,74589.14539264464
61.58,74592.06264007941
61.59,74595.93023751916
61.6,74597.834591572
61.61,74600.22612742666
61.620000000000005,74602.39645589258
61.63,74604.29086544522
61.64,74608.0276215278
61.65,74610.84163239869
61.660000000000004,74614.28555144892
61.67,74615.28436130559
61.68,74618.24366294152
61.690000000000005,74620.9051825235
61.7,74623.37108835895
61.71,74626.82706596027
61.72,74628.49210740202
61.730000000000004,74631.49440650905
61.74,74633.29338362951
61.75,74636.72842567776
61.76,74639.06137787174
61.77,74643.54065789028
61.78,74643.44404242297
61.79,74648.7112403277
61.800000000000004,74650.5014087899
61.81,74652.47285592342
61.82,74657.9603292138
61.83,74658.77655126883
61.84,74660.61460714694
61.85,74663.29908383543
61.86,74665.20251005747
61.870000000000005,74669.13946345319
61.88,74672.40976188936
61.89,74673.49957253216
61.9,74677.10023505118
61.910000000000004,74677.62420402186
61.92,74680.67153338979
61.93,74683.44145546599
61.940000000000005,74687.89679174077
61.95,74691.21639333872
61.96,74693.24932111205
61.97,74696.57830988649
61.980000000000004,74698.11160184124
61.99,74699.54630698552
62.0,74701.86738769455
62.01,74704.81973693368
62.02,74706.3660896769
62.03,74709.81844597297
62.04,74713.00581647108
62.050000000000004,74715.02965460611
62.06,74717.78491739323
62.07,74718.9810598005
62.08,74724.16643527002
62.09,74726.11901053134
62.1,74728.56540269748
62.11,74732.23536602207
62.120000000000005,74734.33099575771
62.13,74735.08706518439
62.14,74738.46791910272
62.15,74740.73885809956
62.160000000000004,74743.6676130771
62.17,74747.35017238036
62.18,74749.91326245964
62.190000000000005,74753.0949316876
62.2,74753.34102863037
62.21,74756.44009604497
62.22,74760.43658058826
62.230000000000004,74761.8183012556
62.24,74766.198851956
62.25,74768.9949729087
62.26,74770.74448610331
62.27,74775.33946093767
62.28,74775.4963906208
62.29,74781.08669530654
62.300000000000004,74782.99032108216
62.31,74784.51148945921
62.32,74786.84515554966
62.33,74790.86087785116
62.34,74791.83541675807
62.35,74794.40570746057
62.36,74797.19850305382
62.370000000000005,74800.11873004281
62.38,74801.94291963587
62.39,74802.71537341697
62.4,74806.82721824208
62.410000000000004,74811.46063798455
62.42,74813.59370680238
62.43,74816.51257997946
62.440000000000005,74817.76050044905
62.45,74821.17002244637
62.46,74822.93949424071
62.47,74826.06164460549
62.480000000000004,74826.75027328085
62.49,74833.53274072948
62.5,74831.73632206013
62.51,74836.3329026648
62.52,74839.95064878234
62.53,74842.33714837798
62.54,74842.76391435518
62.550000000000004,74847.42034369594
62.56,74850.0794789565
62.57,74852.813874238
62.58,74853.85194710846
62.59,74857.9532637628
62.6,74860.24556744067
62.61,74863.66232752158
62.620000000000005,74862.92118731758
62.63,74867.9069401361
62.64,74871.02587063253
62.65,74873.72888228431
62.660000000000004,74873.8463357688
62.67,74878.68197014845
62.68,74881.78051361234
62.690000000000005,74884.07330036841
62.7,74885.38796610705
62.71,74890.45293429132
62.72,74893.5456314513
62.730000000000004,74895.64726955692
62.74,74898.74604437027
62.75,74898.73185657937
62.76,74902.93505078166
62.77,74903.99007644904
62.78,74907.68668863608
62.79,74907.96945365296
62.800000000000004,74912.3638536321
62.81,74913.10766590845
62.82,74917.82649565658
62.83,74920.48345585006
62.84,74923.19206809322
62.85,74925.2259518456
62.86,74928.18543313569
62.870000000000005,74933.21816967755
62.88,74934.92331352695
62.89,74936.28694443364
62.9,74939.81296804752
62.910000000000004,74940.99015103593
62.92,74943.66519057019
62.93,74945.14602989457
62.940000000000005,74950.53167157937
62.95,74951.59317752127
62.96,74953.29142989032
62.97,74958.03290726553
62.980000000000004,74958.20430486914
62.99,74963.84062771355
63.0,74966.37028304132
63.01,74967.0630621133
63.02,74969.93531343056
63.03,74973.34782261902
63.04,74974.28486453903
63.050000000000004,74979.98384702687
63.06,74980.50939633771
63.07,74982.88574822084
63.08,74986.76236649092
63.09,74989.36910488707
63.1,74990.12284184789
63.11,74993.55234475013
63.120000000000005,74997.05643351281
63.13,74999.63055026802
63.14,75001.35285177169
63.15,75007.11086177548
63.160000000000004,75005.66765417227
63.17,75009.74730163382
63.18,75012.25227297508
63.190000000000005,75015.84279428855
63.2,75018.82273508175
63.21,75019.63160471657
63.22,75021.91392233346
63.230000000000004,75026.509623405
63.24,75028.00421200159
63.25,75030.16897990527
63.26,75034.51399609537
63.27,75036.4549703719
63.28,75039.10895345239
63.29,75040.42745728542
63.300000000000004,75044.53908753085
63.31,75045.58931635995
63.32,75048.21834875786
63.33,75050.16189199433
63.34,75054.9701837573
63.35,75056.63175496225
63.36,75060.35294852556
63.370000000000005,75062.31530572053
63.38,75063.94602657323
63.39,75067.73982377736
63.4,75069.9246984061
63.410000000000004,75071.90470845475
63.42,75076.32128758375
63.43,75077.01836210705
63.440000000000005,75080.66015318815
63.45,75083.48055214876
63.46,75086.45535732436
63.47,75089.03153446522
63.480000000000004,75091.07015200576
63.49,75091.77345617386
63.5,75096.39787007318
63.51,75099.96770876562
63.52,75101.99333602973
63.53,75105.71849903978
63.54,75106.53022960816
63.550000000000004,75110.15165895804
63.56,75111.95996274707
63.57,75116.6594279881
63.58,75117.36795553293
63.59,75123.22404107917
63.6,75122.55252290943
63.61,75124.35632647267
63.620000000000005,75126.13846797163
63.63,75130.80348946205
63.64,75132.87206378406
63.65,75135.7650900395
63.660000000000004,75136.65427719918
63.67,75140.41950695093
63.68,75144.63567145295
63.690000000000005,75146.35210762889
63.7,75149.04639816777
63.71,75151.33495566876
63.72,75154.07458087472
63.730000000000004,75157.13262940884
63.74,75160.94519519187
63.75,75160.68647762683
63.76,75161.95274030359
63.77,75168.58246884945
63.78,75169.50955033976
63.79,75173.18921914256
63.800000000000004,75175.39159623135
63.81,75178.37617110787
63.82,75180.14849096132
63.83,75183.54820759095
63.84,75185.55420748846
63.85,75187.08854416576
63.86,75191.40362829884
63.870000000000005,75194.59198497779
63.88,75196.92767571476
63.89,75198.29515414545
63.9,75202.27869801025
63.910000000000004,75204.34931360855
63.92,75208.5796988126
63.93,75209.43388092905
63.940000000000005,75211.08855180674
63.95,75214.13805313253
63.96,75217.52652487069
63.97,75220.02330760773
63.980000000000004,75222.00992877086
63.99,75227.07202470346
64.0,75228.08819962094
64.01,75230.38382637498
64.02,75233.75746460805
64.03,75237.27070070249
64.04,75238.04430356224
64.05,75240.88776585815
64.06,75244.45538133483
64.07000000000001,75246.32790492587
64.08,75248.37824311078
64.09,75251.73226461712
64.1,75252.7461441864
64.11,75258.74117072369
64.12,75260.21063368011
64.13,75263.18271173433
64.14,75264.69114368544
64.15,75266.96848333377
64.16,75269.02512974835
64.17,75273.13881300938
64.18,75275.22908047964
64.19,75277.84026392965
64.2,75280.67397883475
64.21000000000001,75284.23554902912
64.22,75286.63753365104
64.23,75288.31049243607
64.24,75291.77148134344
64.25,75292.34337268333
64.26,75296.55332253671
64.27,75301.35919015964
64.28,75300.52143570043
64.29,75304.40255518521
64.3,75307.54552348703
64.31,75310.37486293787
64.32000000000001,75312.8254576323
64.33,75314.20597276922
64.34,75318.29931952793
64.35,75321.47697105994
64.36,75323.35314860211
64.37,75323.56910354568
64.38,75327.79463294864
64.39,75329.48615743763
64.4,75332.76072809583
64.41,75334.34748322876
64.42,75340.13874453978
64.43,75341.61540112497
64.44,75343.83340876845
64.45,75348.20370112374
64.46000000000001,75346.88999508218
64.47,75352.46567119022
64.48,75355.1303082852
64.49,75356.86902863653
64.5,75360.70415090396
64.51,75362.50966218139
64.52,75366.1454864609
64.53,75366.849652307
64.54,75369.645654125
64.55,75372.22366009688
64.56,75375.8125239731
64.57000000000001,75377.9646869515
64.58,75380.28148491762
64.59,75384.27649071923
64.6,75387.10143112633
64.61,75390.08176103246
64.62,75392.88046195879
64.63,75394.84503108327
64.64,75393.68206838288
64.65,75401.54021282948
64.66,75401.52049272088
64.67,75404.15693451176
64.68,75407.6163668823
64.69,75410.01482494269
64.7,75410.77434456577
64.71000000000001,75414.43679248779
64.72,75416.31494043251
64.73,75417.96700952988
64.74,75421.99965894499
64.75,75426.20261012667
64.76,75428.06206238588
64.77,75430.2588403972
64.78,75432.87865430613
64.79,75436.41807729779
64.8,75438.41868999782
64.81,75441.03902834661
64.82000000000001,75445.9060045497
64.83,75447.15305025988
64.84,75449.14882000553
64.85,75452.55786259584
64.86,75453.42859770762
64.87,75456.1664061131
64.88,75460.46046092373
64.89,75462.28272930777
64.9,75463.82227926626
64.91,75468.08219633241
64.92,75470.35285291297
64.93,75472.01071497513
64.94,75476.33285770958
64.95,75478.9764451688
64.96000000000001,75481.11219122725
64.97,75482.57303822506
64.98,75485.65254048455
64.99,75491.21357412155
65.0,75492.49621460475
65.01,75494.25843604506
65.02,75496.89940967422
65.03,75499.3584960674
65.04,75501.69271769554
65.05,75505.6111146224
65.06,75507.74997529894
65.07000000000001,75510.6702763846
65.08,75511.1960653409
65.09,75514.87991289033
65.1,75516.48143441544
65.11,75520.91960106233
65.12,75523.28242389193
65.13,75525.67719379006
65.14,75527.5704921576
65.15,75531.43203488282
65.16,75531.24580028905
65.17,75535.2035625898
65.18,75538.6653580635
65.19,75540.54672541538
65.2,75543.57821152691
65.21000000000001,75546.4027892889
65.22,75548.9688124473
65.23,75551.3238031252
65.24,75556.78958850761
65.25,75557.71286059592
65.26,75560.93582244012
65.27,75563.53642307606
65.28,75565.46437303498
65.29,75567.74452653344
65.3,75570.03012627557
65.31,75573.40175362978
65.32000000000001,75575.34574574324
65.33,75577.5768363863
65.34,75581.77023641438
65.35,75583.98330738755
65.36,75588.03231158693
65.37,75589.9895764169
65.38,75591.17002515167
65.39,75595.76789031176
65.4,75596.20550711102
65.41,75600.27683433298
65.42,75602.05776346997
65.43,75604.5194385922
65.44,75608.63075931743
65.45,75609.09476593143
65.46000000000001,75613.65172902409
65.47,75614.88173407782
65.48,75617.86901522294
65.49,75622.35173194467
65.5,75623.77030120099
65.51,75625.37718203613
65.52,75629.03959167188
65.53,75630.24376964413
65.54,75634.34324005836
65.55,75635.61380812882
65.56,75637.83229024701
65.57000000000001,75641.57739469611
65.58,75644.39024223779
65.59,75648.438824224
65.6,75650.74309572394
65.61,75653.17947302753
65.62,75656.87350380752
65.63,75658.05726832403
65.64,75659.9473662191
65.65,75662.47668288107
65.66,75666.66144693791
65.67,75668.4650124788
65.68,75671.53945528012
65.69,75674.21400480473
65.7,75675.81145303535
65.71000000000001,75677.25151587007
65.72,75681.95006279545
65.73,75683.70693633526
65.74,75686.85776468572
65.75,75688.17303950168
65.76,75692.69906981371
65.77,75693.82438936338
65.78,75698.46488315
65.79,75699.09721513053
65.8,75701.94755651781
65.81,75705.24428908057
65.82000000000001,75707.77791605314
65.83,75710.30823243764
65.84,75714.39105966051
65.85,75715.82727213546
65.86,75717.66902871487
65.87,75721.2350464022
65.88,75724.72268809451
65.89,75725.83377908495
65.9,75729.87542566424
65.91,75731.62896592954
65.92,75733.41340931861
65.93,75736.27981754488
65.94,75741.0828848288
65.95,75742.842152755
65.96000000000001,75745.32664626699
65.97,75747.76557221806
65.98,75750.03105506221
65.99,75752.8972886388
66.0,75756.93471794676
66.01,75757.94798917956
66.02,75761.62085701835
66.03,75763.82368347804
66.04,75763.62058518118
66.05,75767.11514433459
66.06,75771.21003237204
66.07000000000001,75772.85704113179
66.08,75776.77628497621
66.09,75778.29200851584
66.1,75781.51494669892
66.11,75784.25729792716
66.12,75787.40484649024
66.13,75790.16470823101
66.14,75793.04725528134
66.15,75795.39186435743
66.16,75798.63663099412
66.17,75801.93488577365
66.18,75802.32535721434
66.19,75805.42984023166
66.2,75807.69667904763
66.21000000000001,75809.24836836598
66.22,75812.29248422086
66.23,75815.86557626368
66.24,75817.58602369811
66.25,75821.55072273241
66.26,75823.81731324704
66.27,75825.78918223955
66.28,75829.90099278551
66.29,75831.52471467275
66.3,75834.32522656681
66.31,75836.51604950921
66.32000000000001,75839.526417475
66.33,75842.18120938538
66.34,75847.10223538923
66.35,75848.41536904461
66.36,75850.79204302869
66.37,75853.93717124834
66.38,75856.23752367373
66.39,75859.5514135838
66.4,75860.20234720617
66.41,75862.33724462922
66.42,75866.88079911366
66.43,75868.9971564697
66.44,75871.56376779449
66.45,75873.87322862445
66.46000000000001,75877.8216785624
66.47,75879.51922568507
66.48,75882.21162273968
66.49,75884.12575498658
66.5,75886.09151079258
66.51,75890.66888805662
66.52,75892.61290421318
66.53,75896.65414680085
66.54,75899.20409852403
66.55,75899.85346181795
66.56,75901.34948354027
66.57000000000001,75905.3764606953
66.58,75907.7539567095
66.59,75911.55602911467
66.6,75914.4967617495
66.61,75915.11040168442
66.62,75918.72067557444
66.63,75922.41572458364
66.64,75924.61189011141
66.65,75926.50099622934
66.66,75929.7866259913
66.67,75933.04403381019
66.68,75934.37008205839
66.69,75938.10509271949
66.7,75940.54259181782
66.71000000000001,75943.37605813917
66.72,75944.39718897108
66.73,75950.0030009251
66.74,75951.28960828693
66.75,75954.02080682167
66.76,75955.07419349047
66.77,75960.04358290593
66.78,75962.18531051888
66.79,75962.84820295338
66.8,75968.5796197448
66.81,75967.79323132236
66.82000000000001,75973.31662777999
66.83,75975.55731328514
66.84,75977.92289444513
66.85,75979.99152949336
66.86,75981.7966182047
66.87,75986.21737612142
66.88,75987.19677555485
66.89,75990.44109363153
66.9,75994.2028415149
66.91,75995.41240070552
66.92,75996.72442517626
66.93,76002.14574016175
66.94,76005.1403450939
66.95,76007.29928429169
66.96000000000001,76008.25395738933
66.97,76012.90645510209
66.98,76014.02014072554
66.99,76018.09897507573
67.0,76020.15898924877
67.01,76020.33194170224
67.02,76023.61132862352
67.03,76027.74623341337
67.04,76030.26325300754
67.05,76030.55548147728
67.06,76034.35940833631
67.07000000000001,76037.42367614676
67.08,76040.56070513633
67.09,76041.14355473014
67.1,76045.766835921
67.11,76049.97087370785
67.12,76052.45754879933
67.13,76052.81609238913
67.14,76056.94060841533
67.15,76059.10595216686
67.16,76061.34416733484
67.17,76065.36422055315
67.18,76067.18001412637
67.19,76070.05061353404
67.2,76074.40477747061
67.21000000000001,76074.2277571471
67.22,76078.27247283226
67.23,76081.69647462614
67.24,76083.74441591302
67.25,76085.78615512382
67.26,76089.53372043846
67.27,76090.93499708519
67.28,76094.39381507422
67.29,76095.80737801548
67.3,76098.12819393318
67.31,76101.89851880645
67.32000000000001,76104.01978049475
67.33,76106.48375901757
67.34,76109.42460044652
67.35,76111.09278087183
67.36,76116.22786187014
67.37,76117.67004806912
67.38,76119.94073917044
67.39,76122.98577578587
67.4,76125.62199410291
67.41,76127.4731607054
67.42,76131.9233361817
67.43,76133.57886367453
67.44,76134.88539791625
67.45,76138.36969563417
67.46000000000001,76140.64216973541
67.47,76145.48109694141
67.48,76148.1424288325
67.49,76151.2542179975
67.5,76150.20924801962
67.51,76157.28646181332
67.52,76156.52006474945
67.53,76159.45136153499
67.54,76161.45783582365
67.55,76165.51522734799
67.56,76167.55815737172
67.57000000000001,76171.0111682633
67.58,76172.68383472873
67.59,76174.93885655358
67.6,76179.25375937765
67.61,76180.52308506833
67.62,76184.60386824208
67.63,76186.4205044014
67.64,76190.00267619162
67.65,76193.95859142169
67.66,76194.71932665816
67.67,76195.3120126675
67.68,76198.74148005414
67.69,76201.14359247459
67.7,76204.87064358647
67.71000000000001,76207.81418375873
67.72,76211.30802953224
67.73,76211.34249949262
67.74,76216.20117754313
67.75,76218.63166112833
67.76,76220.26036320998
67.77,76224.7954682653
67.78,76226.83327420315
67.79,76228.86597796317
67.8,76230.61618423152
67.81,76233.69472417921
67.82000000000001,76237.82696479809
67.83,76240.12162797041
67.84,76242.44678668844
67.85,76243.54784741564
67.86,76247.374508192
67.87,76252.15797685558
67.88,76252.38714637973
67.89,76255.26583820052
67.9,76259.10955943652
67.91,76261.17830118192
67.92,76262.87692497009
67.93,76264.5364137868
67.94,76266.85378668855
67.95,76269.45902133832
67.96000000000001,76273.53455683735
67.97,76276.07931412001
67.98,76279.31032836884
67.99,76282.26930975055
68.0,76285.15549541144
68.01,76286.96194550603
68.02,76290.33275290995
68.03,76291.58687896718
68.04,76295.50498064565
68.05,76296.9554800668
68.06,76300.21761587115
68.07000000000001,76303.234620184
68.08,76304.70597308589
68.09,76307.77197926001
68.1,76310.86259878398
68.11,76312.23608378533
68.12,76315.65196798008
68.13,76319.60044498787
68.14,76321.07007715407
68.15,76325.39964338076
68.16,76326.65168234015
68.17,76328.81125731772
68.18,76329.48038526763
68.19,76334.5348798442
68.2,76338.17934148965
68.21000000000001,76340.39051028271
68.22,76342.0039486495
68.23,76345.84546083899
68.24,76349.14366378581
68.25,76350.52148367774
68.26,76351.04426981226
68.27,76354.86929737793
68.28,76358.80522903873
68.29,76361.67961709545
68.3,76363.6069540302
68.31,76367.72668341808
68.32000000000001,76371.47931189356
68.33,76369.67889165143
68.34,76375.16739289486
68.35000000000001,76377.53870103174
68.36,76381.91077363049
68.37,76382.03455813848
68.38,76386.09669041609
68.39,76386.58752355602
68.4,76390.15485951892
68.41,76392.33466628907
68.42,76395.35431691002
68.43,76400.05538877878
68.44,76401.22671209068
68.45,76402.67891107341
68.46000000000001,76405.56371080563
68.47,76408.33830308642
68.48,76410.1928253619
68.49,76414.82090392384
68.5,76416.97251785622
68.51,76418.5754968573
68.52,76423.81487804552
68.53,76425.7103329445
68.54,76429.42032046716
68.55,76428.84759491206
68.56,76432.34100614571
68.57000000000001,76435.28607823775
68.58,76438.07056209962
68.59,76440.67508708972
68.60000000000001,76443.57471099393
68.61,76444.15474593456
68.62,76449.29695650758
68.63,76449.86722525893
68.64,76455.18966350296
68.65,76458.02718862808
68.66,76458.13189284493
68.67,76462.25784009391
68.68,76463.364864267
68.69,76468.21636309191
68.7,76469.29273142491
68.71000000000001,76472.24884182171
68.72,76474.97053716051
68.73,76474.77443226424
68.74,76481.62900581959
68.75,76482.54540998673
68.76,76487.85233310166
68.77,76487.7500313752
68.78,76490.87626195703
68.79,76494.84476121687
68.8,76497.14292882934
68.81,76497.67439923761
68.82000000000001,76502.83235275192
68.83,76503.44189474496
68.84,76507.28976748968
68.85000000000001,76507.81597642832
68.86,76512.2789229784
68.87,76515.48307019321
68.88,76518.58689578803
68.89,76519.11446182952
68.9,76523.35902004415
68.91,76525.70475971857
68.92,76526.53841390468
68.93,76530.33854554783
68.94,76534.16170838551
68.95,76534.84977779632
68.96000000000001,76537.97705001135
68.97,76543.11294203473
68.98,76542.26023169555
68.99,76547.12942497164
69.0,76548.96305621782
69.01,76551.23399375602
69.02,76555.79078670262
69.03,76556.79294900796
69.04,76561.25541286905
69.05,76562.66689551425
69.06,76567.1709541423
69.07000000000001,76566.38244339766
69.08,76571.13484333984
69.09,76573.74826575819
69.10000000000001,76576.27758105853
69.11,76579.58598587167
69.12,76581.88584751368
69.13,76583.22425774003
69.14,76587.45892353136
69.15,76588.76504626559
69.16,76591.37860227477
69.17,76594.24101487477
69.18,76597.85114399264
69.19,76600.66403357458
69.2,76600.28366386438
69.21000000000001,76604.49402777986
69.22,76607.95636333505
69.23,76608.97394517486
69.24,76613.14393640913
69.25,76615.95476830969
69.26,76618.90036863169
69.27,76620.80178084508
69.28,76623.17504423617
69.29,76625.48947637525
69.3,76627.16296041504
69.31,76632.01109833014
69.32000000000001,76634.97477769478
69.33,76637.31660559733
69.34,76639.19097493781
69.35000000000001,76643.27980217455
69.36,76644.3533545943
69.37,76646.55765577196
69.38,76647.98604896004
69.39,76653.60316805853
69.4,76654.08799396042
69.41,76658.49027176708
69.42,76660.27751545102
69.43,76663.90431062208
69.44,76667.98370273727
69.45,76671.14277274554
69.46000000000001,76671.10785385093
69.47,76673.7957030928
69.48,76677.72882728103
69.49,76678.79601419606
69.5,76682.38154491417
69.51,76685.23768144581
69.52,76686.68883886449
69.53,76690.92965288412
69.54,76693.93586183156
69.55,76694.68152201115
69.56,76697.9043320996
69.57000000000001,76700.72665107707
69.58,76702.10292148178
69.59,76707.35491186831
69.60000000000001,76708.98132262038
69.61,76708.91376509142
69.62,76715.02345032203
69.63,76715.3254521863
69.64,76719.48305557876
69.65,76721.83883008265
69.66,76724.59253459274
69.67,76726.40722131447
69.68,76730.07711721881
69.69,76731.97078417768
69.7,76733.86857025605
69.71000000000001,76738.69180904776
69.72,76740.13751340775
69.73,76741.81083928609
69.74,76746.35245029189
69.75,76747.55529489205
69.76,76750.56317244054
69.77,76752.87258363765
69.78,76756.23518476868
69.79,76758.82464850787
69.8,76760.91049119833
69.81,76762.72594762576
69.82000000000001,76768.19665112313
69.83,76770.95984867665
69.84,76773.77862691756
69.85000000000001,76774.71571354933
69.86,76777.33182595292
69.87,76779.34479728914
69.88,76783.12810408827
69.89,76785.97214781081
69.9,76787.76763759898
69.91,76790.0153656303
69.92,76793.8464737103
69.93,76797.20573472489
69.94,76799.41949997183
69.95,76800.22223224836
69.96000000000001,76803.75527398608
69.97,76807.13977184508
69.98,76809.14329711912
69.99,76811.67469672518
70.0,76815.06244195826
70.01,76817.95424538791
70.02,76821.091844954
70.03,76822.31804562478
70.04,76822.77639105878
70.05,76827.96981310891
70.06,76829.25067160156
70.07000000000001,76830.62329515115
70.08,76834.88952633766
70.09,76838.87046434637
70.10000000000001,76842.35042271823
70.11,76844.63025714313
70.12,76846.81192645882
70.13,76850.41726770635
70.14,76851.87912615623
70.15,76855.1143188043
70.16,76857.82606577026
70.17,76860.53714569489
70.18,76862.97081115378
70.19,76864.3402580373
70.2,76869.09842792331
70.21000000000001,76869.56354039101
70.22,76874.22785925106
70.23,76877.59405985208
70.24,76878.02679387963
70.25,76881.04877787488
70.26,76883.87210314849
70.27,76884.18938812337
70.28,76887.35228165676
70.29,76891.60414515321
70.3,76894.94882847804
70.31,76897.10416020408
70.32000000000001,76901.33346875159
70.33,76900.95655542109
70.34,76904.26719303732
70.35000000000001,76906.4723321722
70.36,76910.47395880686
70.37,76912.00997523285
70.38,76914.76922170272
70.39,76917.4858644123
70.4,76921.41566844484
70.41,76923.9219563166
70.42,76925.9567595596
70.43,76929.2820327521
70.44,76930.83931039764
70.45,76935.36314777669
70.46000000000001,76936.81316380172
70.47,76938.10165827115
70.48,76943.09076488484
70.49,76944.2586996808
70.5,76948.16400013819
70.51,76949.08387743558
70.52,76952.02177228156
70.53,76954.47102177358
70.54,76959.8941279878
70.55,76961.03694048672
70.56,76964.23263216577
70.57000000000001,76966.6899570305
70.58,76967.65462354766
70.59,76971.28157687925
70.60000000000001,76974.7430638919
70.61,76979.03078975134
70.62,76978.81724441495
70.63,76982.17560402413
70.64,76984.57712907744
70.65,76989.89999428966
70.66,76990.4169199333
70.67,76992.7161037777
70.68,76994.63118364169
70.69,76997.80652326609
70.7,77000.22639978753
70.71000000000001,77003.59065646557
70.72,77006.22445728762
70.73,77010.49912490544
70.74,77009.56914256529
70.75,77013.34654899241
70.76,77016.81812155165
70.77,77018.26815090064
70.78,77023.54635494864
70.79,77025.41777085756
70.8,77026.0509449412
70.81,77030.53796144396
70.82000000000001,77032.99096543154
70.83,77034.07201397534
70.84,77036.2173129072
70.85000000000001,77039.44246331444
70.86,77041.9377201794
70.87,77046.11378734143
70.88,77048.14998744077
70.89,77050.71200464426
70.9,77053.4196696712
70.91,77055.32486046485
70.92,77059.9842778586
70.93,77061.99062406686
70.94,77064.53700252609
70.95,77067.8852644814
70.96000000000001,77069.17486303454
70.97,77072.2597413185
70.98,77075.55251869763
70.99,77076.19019422615
71.0,77081.8985556832
71.01,77084.98839386585
71.02,77085.01025166023
71.03,77087.82567228068
71.04,77092.17889502915
71.05,77092.64542375316
71.06,77095.1374419066
71.07000000000001,77098.0045743047
71.08,77101.9724248709
71.09,77104.73891669739
71.10000000000001,77107.59668337283
71.11,77107.2109916233
71.12,77111.78661722907
71.13,77116.82881593566
71.14,77117.80541681519
71.15,77120.3042919917
71.16,77122.14414924348
71.17,77126.0443131862
71.18,77128.56754366969
71.19,77130.81118163023
71.2,77132.79157322457
71.21000000000001,77136.72066209144
71.22,77140.06272582783
71.23,77142.93393523981
71.24,77145.40702757696
71.25,77146.2313306916
71.26,77148.54719827928
71.27,77153.27869632785
71.28,77154.98520789323
71.29,77158.25916387798
71.3,77157.75424649575
71.31,77162.40544735994
71.32000000000001,77166.10889957377
71.33,77169.39857893712
71.34,77170.16926943569
71.35000000000001,77172.00932255342
71.36,77174.95951632316
71.37,77179.9573866863
71.38,77180.4889756904
71.39,77183.8043833025
71.4,77186.39986264161
71.41,77188.15513445086
71.42,77191.50752445536
71.43,77193.33408393605
71.44,77196.00619962584
71.45,77199.70727029351
71.46000000000001,77201.15545639941
71.47,77204.34499634203
71.48,77207.71070323818
71.49,77211.63640474348
71.5,77214.67738596044
71.51,77216.67420999821
71.52,77218.08526844237
71.53,77220.20906507758
71.54,77223.04050780403
71.55,77227.26361346507
71.56,77228.83168304052
71.57000000000001,77230.57716606374
71.58,77234.18739950166
71.59,77237.61509488044
71.60000000000001,77238.03179242011
71.61,77243.23498259798
71.62,77246.77823580804
71.63,77248.53595498596
71.64,77249.94719001756
71.65,77253.1935599909
71.66,77256.4191938517
71.67,77259.50607912969
71.68,77261.45326891582
71.69,77263.77536061849
71.7,77265.69245570198
71.71000000000001,77270.6481786767
71.72,77271.75677482765
71.73,77274.12276835514
71.74,77277.22720726595
71.75,77281.8943839106
71.76,77283.32309374386
71.77,77284.24058080673
71.78,77287.84043895794
71.79,77291.2233748104
71.8,77292.11182195836
71.81,77296.1333161685
71.82000000000001,77298.63561764956
71.83,77300.29512967441
71.84,77303.2134975342
71.85000000000001,77306.34007229844
71.86,77310.83244458176
71.87,77311.07302193035
71.88,77315.24058749601
71.89,77317.75374710113
71.9,77318.81081782607
71.91,77323.5612814778
71.92,77325.70611282
71.93,77328.13321876425
71.94,77331.5604667588
71.95,77333.03665993908
71.96000000000001,77336.35730109515
71.97,77337.45309105744
71.98,77340.7575398845
71.99,77344.51388814447
72.0,77347.22693859958
72.01,77349.00327613583
72.02,77352.30126709666
72.03,77354.37782635483
72.04,77356.69946695965
72.05,77359.03697890282
72.06,77362.11855463404
72.07000000000001,77365.5193329217
72.08,77367.48119585261
72.09,77371.40614809297
72.10000000000001,77374.09781316068
72.11,77375.69299190602
72.12,77379.28697353865
72.13,77382.54353598582
72.14,77383.4975511871
72.15,77387.26704593447
72.16,77389.77650416161
72.17,77391.22329032497
72.18,77396.22384714265
72.19,77397.04436044858
72.2,77399.46175652758
72.21000000000001,77402.409224638
72.22,77405.24543525743
72.23,77405.71020667854
72.24,77409.68782805234
72.25,77411.78544417712
72.26,77414.64692780621
72.27,77416.82779139647
72.28,77420.93712613496
72.29,77422.79025684118
72.3,77424.64113419161
72.31,77427.50800429372
72.32000000000001,77432.25506663673
72.33,77434.12280999751
72.34,77435.39552376974
72.35000000000001,77440.38730844541
72.36,77441.39548757434
72.37,77442.6792618089
72.38,77448.8168818061
72.39,77451.98158178617
72.4,77449.97311641712
72.41,77455.02204916751
72.42,77460.38783611273
72.43,77462.1658911875
72.44,77463.60250592738
72.45,77466.98037231245
72.46000000000001,77465.90777120243
72.47,77472.17628786455
72.48,77475.24411704323
72.49,77476.4708010641
72.5,77480.39314943184
72.51,77482.40629597417
72.52,77485.40465746431
72.53,77487.63851600084
72.54,77491.77321482798
72.55,77493.22510903892
72.56,77496.42473258385
72.57000000000001,77499.07657407777
72.58,77501.1995734781
72.59,77504.79544143165
72.60000000000001,77506.3526334035
72.61,77508.66910225195
72.62,77511.28443057969
72.63,77514.60020486759
72.64,77518.20300391183
72.65,77519.11781958229
72.66,77523.06489754662
72.67,77524.43941401209
72.68,77527.78974696812
72.69,77529.27262410309
72.7,77533.86769005317
72.71000000000001,77536.8679490748
72.72,77535.53085373342
72.73,77541.14035854481
72.74,77544.37214762841
72.75,77547.31812821094
72.76,77549.36875753102
72.77,77553.94221150741
72.78,77555.30769520797
72.79,77558.5877125945
72.8,77559.4140556325
72.81,77563.03313387846
72.82000000000001,77564.77556957792
72.83,77567.27421125476
72.84,77568.67119934491
72.85000000000001,77571.15042092532
72.86,77576.99996191857
72.87,77578.76613851654
72.88,77582.10277247461
72.89,77583.89163154252
72.9,77586.44574165951
72.91,77589.2429617417
72.92,77591.96541518575
72.93,77592.53831025196
72.94,77595.52488369371
72.95,77601.92218852119
72.96000000000001,77600.4178556676
72.97,77603.62430571312
72.98,77606.79422611008
72.99,77611.8486700132
73.0,77614.90656375537
73.01,77617.1685848071
73.02,77619.6302811722
73.03,77622.06799543776
73.04,77623.53541793468
73.05,77624.99665783336
73.06,77629.50012219226
73.07000000000001,77632.84555648723
73.08,77633.77221896929
73.09,77636.19489276559
73.10000000000001,77639.93799936638
73.11,77641.21797168348
73.12,77645.77812812499
73.13,77647.63910851773
73.14,77650.72243153038
73.15,77653.2728659726
73.16,77656.95252640209
73.17,77658.68675301808
73.18,77659.8539756241
73.19,77663.52265271309
73.2,77667.7056997661
73.21000000000001,77669.18252950734
73.22,77671.92507685356
73.23,77673.40787850265
73.24,77675.738011135
73.25,77677.96955577003
73.26,77682.97148574123
73.27,77684.4628912755
73.28,77688.73525227555
73.29,77689.00381918647
73.3,77693.65502311429
73.31,77694.95427729288
73.32000000000001,77699.47125053193
73.33,77700.50072952562
73.34,77703.88867466597
73.35000000000001,77704.09365201913
73.36,77708.3612444748
73.37,77709.51065407993
73.38,77716.3778183654
73.39,77717.13831349128
73.4,77719.92974629179
73.41,77721.13949511501
73.42,77724.58756373425
73.43,77727.58524741224
73.44,77731.67279294947
73.45,77732.56379383695
73.46000000000001,77735.38168400867
73.47,77738.67973244646
73.48,77741.32759459277
73.49,77742.13046412724
73.5,77745.45267275885
73.51,77748.86883914957
73.52,77752.39250243544
73.53,77756.47519863321
73.54,77757.3612210611
73.55,77759.09706126373
73.56,77763.03430098528
73.57000000000001,77765.58902590747
73.58,77766.22781747182
73.59,77768.03508707219
73.60000000000001,77772.88826338892
73.61,77776.45891017214
73.62,77780.021257786
73.63,77780.64722565562
73.64,77784.57986447556
73.65,77785.75687045626
73.66,77788.52845767722
73.67,77792.22992534353
73.68,77793.5239706482
73.69,77798.96024798034
73.7,77801.87135237003
73.71000000000001,77802.94353368343
73.72,77805.23945292787
73.73,77807.52463645482
73.74,77810.53010270566
73.75,77814.42061361713
73.76,77815.28482165838
73.77,77818.7859505802
73.78,77818.58230944994
73.79,77821.22503717638
73.8,77826.24461098421
73.81,77828.30944882522
73.82000000000001,77830.7740936613
73.83,77837.25919012426
73.84,77835.96477206919
73.85000000000001,77840.33050897144
73.86,77844.82197525365
73.87,77844.63607201733
73.88,77847.52571087713
73.89,77850.8593861443
73.9,77852.91701595453
73.91,77857.0989451214
73.92,77859.7809482689
73.93,77861.54910219248
73.94,77863.02437000138
73.95,77866.74000837276
73.96000000000001,77869.95672915567
73.97,77870.73972762529
73.98,77875.89012895351
73.99,77876.44126079301
74.0,77878.50926236685
74.01,77881.58524233653
74.02,77886.55286493947
74.03,77886.56738641337
74.04,77890.3008419735
74.05,77893.13536912313
74.06,77895.23919181484
74.07000000000001,77898.8685649468
74.08,77900.21266513588
74.09,77902.33805229403
74.10000000000001,77906.692785238
74.11,77907.93935801527
74.12,77911.24279826965
74.13,77914.21582939578
74.14,77918.51481480322
74.15,77921.14357005032
74.16,77922.87925114884
74.17,77926.04962797319
74.18,77928.3532571971
74.19,77930.53249206189
74.2,77933.1492360587
74.21000000000001,77936.07930010531
74.22,77937.01664610668
74.23,77939.44599472702
74.24,77942.52796333173
74.25,77946.02646384046
74.26,77949.01958307599
74.27,77952.22019875143
74.28,77953.3957464323
74.29,77957.21244048327
74.3,77959.5779157703
74.31,77962.26786056996
74.32000000000001,77964.55861805988
74.33,77968.07790868032
74.34,77968.83025713808
74.35000000000001,77973.82869142805
74.36,77976.96321763302
74.37,77979.00683856725
74.38,77981.1352041792
74.39,77985.1877720333
74.4,77986.65136791392
74.41,77989.60191531452
74.42,77992.9049127557
74.43,77994.6438772164
74.44,77996.42186112834
74.45,77998.8326858569
74.46000000000001,78004.02792629864
74.47,78005.32216327946
74.48,78004.95113391965
74.49,78009.40987075031
74.5,78015.7714887898
74.51,78016.92064476888
74.52,78018.62412710079
74.53,78020.81404181987
74.54,78024.1417524601
74.55,78026.52115531616
74.56,78029.36768198982
74.57000000000001,78031.94494057908
74.58,78036.35075461694
74.59,78038.59321348197
74.60000000000001,78039.19686360043
74.61,78042.88028200666
74.62,78044.2275181924
74.63,78049.30486798107
74.64,78048.40779497601
74.65,78052.29738325512
74.66,78056.76716301017
74.67,78057.19182263606
74.68,78061.18922491651
74.69,78062.5384936045
74.7,78065.77728524533
74.71000000000001,78070.03107272236
74.72,78071.35877933282
74.73,78075.39516989684
74.74,78078.1111263636
74.75,78079.64680963833
74.76,78084.25017203903
74.77,78086.70459212434
74.78,78088.73532645969
74.79,78091.16875436528
74.8,78093.13577811394
74.81,78097.34976699894
74.82000000000001,78099.16944926094
74.83,78101.45996606405
74.84,78103.23644269328
74.85000000000001,78106.4488319917
74.86,78109.91965130714
74.87,78113.02852953567
74.88,78114.51194978556
74.89,78117.29343011962
74.9,78120.51742444132
74.91,78121.27433908902
74.92,78125.41876592473
74.93,78129.07376431423
74.94,78130.90948328478
74.95,78133.67927306466
74.96000000000001,78136.72753422537
74.97,78138.49881922016
74.98,78142.29612066966
74.99,78144.51701049187
75.0,78145.39504807387
75.01,78150.81631177146
75.02,78150.35810497227
75.03,78155.21861735125
75.04,78157.88800028866
75.05,78160.14524185532
75.06,78162.68846408563
75.07000000000001,78166.81103193178
75.08,78166.86131597908
75.09,78170.45630489239
75.10000000000001,78174.92999651765
75.11,78177.6015346443
75.12,78179.03187204384
75.13,78181.30634364046
75.14,78183.46973781755
75.15,78187.71382698527
75.16,78190.16831522624
75.17,78192.91439103831
75.18,78196.02105148023
75.19,78198.74251193689
75.2,78201.25984972218
75.21000000000001,78203.50884143294
75.22,78204.88660151979
75.23,78207.96788363288
75.24,78211.24311554372
75.25,78214.4993531648
75.26,78216.93705359889
75.27,78219.01715793711
75.28,78221.16052749867
75.29,78224.31273711797
75.3,78227.36657182984
75.31,78229.55013813742
75.32000000000001,78231.65652451736
75.33,78236.05570938019
75.34,78236.15920129983
75.35000000000001,78241.72729842301
75.36,78242.88512456082
75.37,78245.55867780549
75.38,78247.95681717237
75.39,78251.45397265707
75.4,78253.86233262227
75.41,78257.16951591114
75.42,78259.92258981324
75.43,78261.95224736002
75.44,78263.44426078296
75.45,78266.81698636687
75.46000000000001,78270.98994180447
75.47,78272.00887838517
75.48,78275.45100854927
75.49,78276.86827978754
75.5,78280.29782701237
75.51,78282.39821465062
75.52,78285.13333302824
75.53,78288.41550191712
75.54,78290.35045741365
75.55,78293.67851071473
75.56,78296.28503870682
75.57000000000001,78300.82667647059
75.58,78302.61749211572
75.59,78306.2840668724
75.60000000000001,78307.19907898195
75.61,78308.74522417896
75.62,78311.8955573527
75.63,78315.46854951428
75.64,78318.60912878624
75.65,78321.5025471728
75.66,78324.40425770929
75.67,78325.90809939991
75.68,78328.30113757712
75.69,78331.36450624734
75.7,78331.80971167565
75.71000000000001,78336.75065726184
75.72,78338.85646506581
75.73,78343.74919438924
75.74,78344.59946344915
75.75,78348.14784062048
75.76,78349.68256710039
75.77,78354.86233794427
75.78,78356.62773067107
75.79,78358.63761326816
75.8,78362.25566919081
75.81,78363.82908828785
75.82000000000001,78367.16919501443
75.83,78369.61211692588
75.84,78372.81140235768
75.85000000000001,78375.93861277963
75.86,78375.38110332034
75.87,78381.57788938249
75.88,78381.9798790404
75.89,78384.94889813784
75.9,78387.73648622053
75.91,78392.59551791595
75.92,78391.66797261864
75.93,78396.70290663712
75.94,78398.40056226302
75.95,78401.7568292795
75.96000000000001,78403.05460704374
75.97,78404.53034901158
75.98,78410.63507428496
75.99,78411.09112742223
76.0,78415.36787075808
76.01,78415.39247852155
76.02,78420.18932670518
76.03,78422.67570990957
76.04,78427.1442404205
76.05,78429.464212083
76.06,78432.94170387233
76.07000000000001,78432.63699108033
76.08,78436.48875496171
76.09,78439.44705309738
76.10000000000001,78443.37187662176
76.11,78443.09087041646
76.12,78445.41754679296
76.13,78449.22810081816
76.14,78452.64045374343
76.15,78453.41610096993
76.16,78458.60875441061
76.17,78459.27214340218
76.18,78463.38769194385
76.19,78466.19817609437
76.2,78467.4308963451
76.21000000000001,78470.63407040054
76.22,78473.85810020241
76.23,78476.3629963722
76.24,78478.29933850412
76.25,78480.37133023323
76.26,78483.20276443135
76.27,78486.34454591057
76.28,78489.89833526235
76.29,78493.02596252135
76.3,78493.151032826
76.31,78498.3385724684
76.32000000000001,78499.44061117894
76.33,78502.86557236711
76.34,78505.74341727782
76.35000000000001,78508.9576874159
76.36,78511.5823006017
76.37,78513.11816033647
76.38,78517.82801212714
76.39,78520.74441468292
76.4,78521.83581812897
76.41,78523.9453594572
76.42,78528.03034915317
76.43,78528.8028476649
76.44,78532.2067199947
76.45,78534.01734035347
76.46000000000001,78537.06267057447
76.47,78539.406262067
76.48,78542.69605063558
76.49,78544.68266645394
76.5,78550.34578744651
76.51,78549.50423840154
76.52,78554.18422782134
76.53,78556.03652530914
76.54,78556.58137257873
76.55,78562.60027573869
76.56,78564.41567493913
76.57000000000001,78567.95141152847
76.58,78570.88864416546
76.59,78572.10396027836
76.60000000000001,78576.11385620841
76.61,78577.36505350284
76.62,78580.0378568602
76.63,78581.79842560408
76.64,78585.36376005872
76.65,78589.57517130658
76.66,78591.92800395566
76.67,78593.5801061858
76.68,78597.71058684305
76.69,78599.68353309446
76.7,78601.33825402652
76.71000000000001,78604.87619211698
76.72,78608.64244133094
76.73,78611.28456194766
76.74,78613.92475277804
76.75,78617.83091031916
76.76,78618.45568246576
76.77,78621.9185250936
76.78,78625.92177209315
76.79,78626.17891731903
76.8,78627.41999220962
76.81,78632.0932935807
76.82000000000001,78633.40076005172
76.83,78636.3342332162
76.84,78639.83441398824
76.85000000000001,78642.66406592536
76.86,78644.5079857084
76.87,78649.11554187181
76.88,78650.33220910151
76.89,78652.34582644717
76.9,78657.93263987123
76.91,78657.33830137514
76.92,78660.24493388215
76.93,78661.32744621485
76.94,78666.36354778508
76.95,78668.96253106695
76.96000000000001,78672.96149582816
76.97,78674.80075616532
76.98,78676.48572493035
76.99,78679.72468090712
77.0,78682.91778378046
77.01,78685.59944234639
77.02,78688.70265569737
77.03,78689.03354078374
77.04,78692.92977867284
77.05,78697.2366578026
77.06,78698.09864831672
77.07000000000001,78702.5394109047
77.08,78704.00596779367
77.09,78706.5210729138
77.10000000000001,78709.10192707456
77.11,78713.06069247903
77.12,78714.82948930556
77.13,78717.4549811445
77.14,78718.66246408339
77.15,78721.75543828036
77.16,78726.36554741101
77.17,78728.20048980981
77.18,78730.86093453543
77.19,78733.69894653307
77.2,78734.9428163815
77.21000000000001,78738.38540225048
77.22,78742.30309443356
77.23,78744.28121177605
77.24,78748.6194705655
77.25,78749.73228923371
77.26,78754.06507371318
77.27,78751.65037153015
77.28,78757.78081552747
77.29,78760.99532296581
77.3,78761.9591463851
77.31,78765.92356891671
77.32000000000001,78768.51947697463
77.33,78769.71718319524
77.34,78771.99516966393
77.35000000000001,78775.25250591624
77.36,78778.9189359149
77.37,78781.35183168756
77.38,78783.54267665811
77.39,78786.79014197171
77.4,78788.58939632449
77.41,78793.86922881448
77.42,78796.14385382678
77.43,78796.76165632851
77.44,78800.82801081463
77.45,78801.8302526563
77.46000000000001,78804.47061063342
77.47,78807.7437320364
77.48,78812.99254583694
77.49,78814.33276069722
77.5,78817.00791913143
77.51,78819.02755416538
77.52,78823.10417174465
77.53,78823.76301745731
77.54,78826.64308485654
77.55,78829.09474495449
77.56,78832.15123033745
77.57000000000001,78835.01803067084
77.58,78839.09837825656
77.59,78840.14211593397
77.60000000000001,78843.59913531275
77.61,78846.55484905792
77.62,78849.25868450501
77.63,78851.86072230272
77.64,78854.99075073416
77.65,78857.82891849217
77.66,78860.60743396694
77.67,78861.82460186443
77.68,78865.4121196733
77.69,78866.35741998602
77.7,78869.50275558299
77.71000000000001,78873.49744693817
77.72,78875.26698312517
77.73,78877.23876171806
77.74,78880.76782549248
77.75,78884.44631076956
77.76,78886.97839802246
77.77,78889.97531578313
77.78,78892.75098840473
77.79,78895.51512019719
77.8,78898.18824165505
77.81,78899.98946069677
77.82000000000001,78903.23915680085
77.83,78903.66523346456
77.84,78908.3983349144
77.85000000000001,78910.00224079417
77.86,78912.43156886986
77.87,78915.8061264403
77.88,78918.9750482186
77.89,78919.96214440865
77.9,78922.24734766594
77.91,78926.3409486119
77.92,78928.47979448094
77.93,78932.69619379695
77.94,78934.15745796182
77.95,78937.83492871858
77.96000000000001,78939.59807120122
77.97,78942.95145593626
77.98,78944.6891402322
77.99,78947.6258680777
78.0,78951.92849196629
78.01,78954.38094369606
78.02,78954.55959825363
78.03,78959.86215475379
78.04,78958.99453928652
78.05,78964.57051736276
78.06,78967.93695428643
78.07000000000001,78968.7555613711
78.08,78971.17782938265
78.09,78974.2498707237
78.10000000000001,78976.76501873744
78.11,78977.14619220683
78.12,78982.96602208176
78.13,78986.30494444394
78.14,78987.90899293161
78.15,78989.97764873455
78.16,78992.54424579564
78.17,78995.73789888223
78.18,78999.37513221269
78.19,79000.67097721243
78.2,79004.97743288464
78.21000000000001,79006.15580116717
78.22,79010.89100156269
78.23,79014.04472760514
78.24,79014.52944570876
78.25,79017.1026139546
78.26,79019.54890252468
78.27,79024.73800168304
78.28,79025.23357024476
78.29,79029.21504452422
78.3,79032.12977043321
78.31,79033.10549251731
78.32000000000001,79035.54640473203
78.33,79039.13189885342
78.34,79041.61475543238
78.35000000000001,79044.48772084495
78.36,79048.66536787873
78.37,79051.8744108611
78.38,79053.46535553136
78.39,79053.53639688344
78.4,79055.80053000829
78.41,79059.72190876922
78.42,79063.99997929302
78.43,79066.1762947429
78.44,79068.24695498403
78.45,79071.56308456487
78.46000000000001,79074.72318144664
78.47,79078.35535906693
78.48,79078.44112352573
78.49,79082.41930743828
78.5,79085.22017960748
78.51,79088.6481659617
78.52,79089.27670769094
78.53,79093.00773294247
78.54,79095.53441252746
78.55,79098.08761122335
78.56,79100.97651332486
78.57000000000001,79102.68745533639
78.58,79106.58663398895
78.59,79109.71867710387
78.60000000000001,79113.28585654714
78.61,79114.85113081856
78.62,79118.07962969936
78.63,79118.69766579989
78.64,79122.30935290075
78.65,79124.33164316606
78.66,79128.56632117466
78.67,79130.25964455974
78.68,79131.82288755762
78.69,79136.71412481292
78.7,79138.49646115632
78.71000000000001,79141.28491889972
78.72,79144.37180344413
78.73,79145.8954112066
78.74,79147.97926961505
78.75,79151.90197684187
78.76,79155.33185995143
78.77,79157.79660096887
78.78,79159.33286886194
78.79,79163.18021708317
78.8,79163.9988226979
78.81,79168.13055642809
78.82000000000001,79171.45422154175
78.83,79175.28816989914
78.84,79176.56642485557
78.85000000000001,79177.92212618732
78.86,79180.46280423102
78.87,79184.52092201097
78.88,79185.8983404854
78.89,79189.73037055932
78.9,79192.95421397313
78.91,79194.65531553685
78.92,79199.68951283654
78.93,79200.81078640296
78.94,79202.39433237223
78.95,79205.50187873654
78.96000000000001,79208.0109739537
78.97,79209.09013234056
78.98,79212.68624193172
78.99,79216.18381997073
79.0,79218.37783386937
79.01,79220.99370998894
79.02,79225.815124004
79.03,79227.92187714265
79.04,79228.6285470008
79.05,79234.45833351562
79.06,79235.59488904144
79.07000000000001,79237.7577004193
79.08,79241.47377274741
79.09,79244.19894327488
79.10000000000001,79246.87087576481
79.11,79250.72676085666
79.12,79250.49975522424
79.13,79254.91390887568
79.14,79258.64975896123
79.15,79259.35436062522
79.16,79262.79472129216
79.17,79266.3163459344
79.18,79267.17087252167
79.19,79272.83184549626
79.2,79273.44891533935
79.21000000000001,79276.19084714763
79.22,79278.7887970536
79.23,79280.95386011052
79.24,79285.79445417252
79.25,79287.91642712036
79.26,79288.66459527782
79.27,79293.11696674292
79.28,79293.73792881865
79.29,79298.2942622153
79.3,79299.94041454363
79.31,79302.7887620212
79.32000000000001,79304.81670060848
79.33,79307.34041354642
79.34,79310.55285497665
79.35000000000001,79313.43180810836
79.36,79315.60187943873
79.37,79320.38122386078
79.38,79321.67912870366
79.39,79324.07747536269
79.4,79326.89946506965
79.41,79330.51776556665
79.42,79333.91846194035
79.43,79334.18782673734
79.44,79338.46483543355
79.45,79339.67468273889
79.46000000000001,79343.90318666701
79.47,79346.63697657078
79.48,79350.00752682037
79.49,79352.8698931947
79.5,79353.92081568792
79.51,79354.43323446302
79.52,79357.18768983403
79.53,79362.71850338372
79.54,79364.96627836411
79.55,79366.51739481899
79.56,79372.22894954243
79.57000000000001,79372.49327782622
79.58,79376.02224215641
79.59,79378.65619701637
79.60000000000001,79383.04018863765
79.61,79384.32601866443
79.62,79384.54985161041
79.63,79388.91296620786
79.64,79390.95316269217
79.65,79394.13566188193
79.66,79397.01835301366
79.67,79399.64191351304
79.68,79403.56502552194
79.69,79405.510038697
79.7,79408.25972662668
79.71000000000001,79410.17684303202
79.72,79414.26342597207
79.73,79415.51353058666
79.74,79418.66336486771
79.75,79419.81142720381
79.76,79422.49140925227
79.77,79425.59240656969
79.78,79429.29553841888
79.79,79431.50414664944
79.8,79433.7084478304
79.81,79438.76411203366
79.82000000000001,79438.87990075891
79.83,79442.99718849198
79.84,79445.17554683883
79.85000000000001,79448.42993990007
79.86,79450.70435692542
79.87,79453.25449015205
79.88,79454.54512711034
79.89,79457.88776799465
79.9,79460.99637680013
79.91,79464.99381223091
79.92,79466.03966483384
79.93,79468.40142924458
79.94,79473.66863847143
79.95,79475.41744767118
79.96000000000001,79477.59263891341
79.97,79478.15025453697
79.98,79481.58444952624
79.99,79486.01713057523
80.0,79487.1942258703
80.01,79490.7738067499
80.02,79493.61362532304
80.03,79495.94174344372
80.04,79499.86999947687
80.05,79502.36514548243
80.06,79505.44787191226
80.07000000000001,79506.7825815834
80.08,79509.00091239663
80.09,79512.5543181833
80.10000000000001,79514.55661951141
80.11,79517.06354625068
80.12,79519.439756043
80.13,79522.72588226212
80.14,79528.11301762829
80.15,79528.12480983634
80.16,79530.48082518305
80.17,79531.702867449
80.18,79536.52512730891
80.19,79539.69762282124
80.2,79543.21586526619
80.21000000000001,79545.20898180066
80.22,79548.48650030108
80.23,79549.03319309391
80.24,79552.25935817268
80.25,79556.11887256724
80.26,79558.85006245333
80.27,79559.89087313229
80.28,79564.9138945675
80.29,79564.3885380824
80.3,79568.88845510189
80.31,79572.89797859454
80.32000000000001,79574.66905067973
80.33,79577.03813626574
80.34,79577.82243195518
80.35000000000001,79583.05830682396
80.36,79584.3123864224
80.37,79588.66233190952
80.38,79590.96773609078
80.39,79592.47932737505
80.4,79596.16001667283
80.41,79597.15116650239
80.42,79601.90556682531
80.43,79604.19722565834
80.44,79606.57990250281
80.45,79608.6682906585
80.46000000000001,79613.59574631856
80.47,79612.23503465574
80.48,79615.93873671023
80.49,79620.79567139652
80.5,79622.69063476544
80.51,79626.10828130021
80.52,79628.16597348603
80.53,79630.31636402126
80.54,79634.68125653117
80.55,79636.86500442556
80.56,79640.87219585155
80.57000000000001,79642.18005815377
80.58,79646.05035540127
80.59,79647.1291238192
80.60000000000001,79650.35857948856
80.61,79652.84997261669
80.62,79655.49117123045
80.63,79658.0293893847
80.64,79660.93421654237
80.65,79662.96284071113
80.66,79666.95894438989
80.67,79670.17074779945
80.68,79670.24166272038
80.69,79673.66223134352
80.7,79675.83724712646
80.71000000000001,79680.60270896189
80.72,79681.53137221819
80.73,79685.69256952935
80.74,79685.61308773684
80.75,79689.87783446595
80.76,79692.18816751237
80.77,79695.22474313405
80.78,79697.9396438052
80.79,79700.20438517304
80.8,79703.5345685772
80.81,79707.39059391813
80.82000000000001,79708.47038221353
80.83,79712.04760346159
80.84,79713.809264176
80.85000000000001,79717.97865447287
80.86,79719.32009825071
80.87,79720.19980105845
80.88,79725.81953997159
80.89,79728.74912339756
80.9,79730.72495520879
80.91,79734.32381530073
80.92,79735.81065195565
80.93,79738.43268398859
80.94,79741.58699243507
80.95,79743.07801093125
80.96000000000001,79745.35065981194
80.97,79749.86321955672
80.98,79751.85377996485
80.99,79756.01184229011
81.0,79756.11980644421
81.01,79759.5733580718
81.02,79763.58290032968
81.03,79766.44120146491
81.04,79768.67883244614
81.05,79770.24071342351
81.06,79774.57485133965
81.07000000000001,79775.84988403892
81.08,79779.3685171103
81.09,79781.21282956527
81.10000000000001,79784.29503759928
81.11,79786.17073815582
81.12,79789.25258974501
81.13,79792.56115341405
81.14,79795.54978027592
81.15,79799.40434278976
81.16,79799.63301576988
81.17,79801.9320602736
81.18,79805.20554022126
81.19,79810.96132440238
81.2,79810.15023679653
81.21000000000001,79815.39718843439
81.22,79817.07656811716
81.23,79818.28374987429
81.24,79820.91252986042
81.25,79823.81658195966
81.26,79829.42117840427
81.27,79830.39010242555
81.28,79833.02587875896
81.29,79835.00186120124
81.3,79835.73861272109
81.31,79841.28590720642
81.32000000000001,79843.94333277174
81.33,79847.27479970896
81.34,79849.9327667312
81.35000000000001,79851.05628484415
81.36,79855.72334924644
81.37,79857.7171599082
81.38,79860.78960283719
81.39,79862.95714216305
81.4,79866.7279605179
81.41,79868.54134919704
81.42,79870.86915560564
81.43,79872.54805645767
81.44,79877.12118929034
81.45,79879.98738896039
81.46000000000001,79881.64583062963
81.47,79884.47278347763
81.48,79887.349997536
81.49,79889.9447477207
81.5,79891.60281416427
81.51,79895.96692720149
81.52,79898.84317898066
81.53,79902.13950483223
81.54,79903.62700001476
81.55,79905.31298750758
81.56,79909.74528883645
81.57000000000001,79911.3997669547
81.58,79913.33006316019
81.59,79916.39735023782
81.60000000000001,79919.33030574766
81.61,79920.92344968047
81.62,79925.06863307599
81.63,79928.48629985422
81.64,79929.57037030085
81.65,79932.39614240287
81.66,79936.04196826491
81.67,79937.05321990483
81.68,79940.0833864239
81.69,79942.52051907025
81.7,79948.1910066719
81.71000000000001,79949.10443733782
81.72,79952.05742053471
81.73,79954.45847834373
81.74,79955.86814166134
81.75,79959.40298145082
81.76,79963.08207302814
81.77,79965.7931082598
81.78,79967.56358081746
81.79,79969.2411729579
81.8,79973.3968884849
81.81,79975.7704332985
81.82000000000001,79978.56430263704
81.83,79981.09574372953
81.84,79984.2970721852
81.85000000000001,79987.40233245182
81.86,79989.3389279589
81.87,79991.40796460147
81.88,79995.66185019024
81.89,79997.7443044392
81.9,80001.8693415719
81.91,80003.10522148121
81.92,80005.63087273261
81.93,80008.67055032765
81.94,80009.67425517764
81.95,80012.89196200478
81.96000000000001,80016.45259077444
81.97,80018.35198257359
81.98,80022.23414637976
81.99,80023.71895635467
82.0,80028.5219475607
82.01,80029.86678909214
82.02,80031.41073467006
82.03,80035.90438440982
82.04,80036.48449110633
82.05,80039.6808230852
82.06,80042.3451928332
82.07000000000001,80046.09586143424
82.08,80048.39634352445
82.09,80051.34857418778
82.10000000000001,80053.37782025221
82.11,80056.14041659523
82.12,80061.30680473572
82.13,80062.44119044562
82.14,80064.72465247235
82.15,80067.04222677
82.16,80070.3439803825
82.17,80074.28777217567
82.18,80075.82110687533
82.19,80078.59302555931
82.2,80080.5956944117
82.21000000000001,80081.89002187703
82.22,80087.49417943807
82.23,80089.82892345144
82.24,80089.43565957778
82.25,80092.95460872437
82.26,80097.42451954026
82.27,80099.09600212799
82.28,80103.62693993187
82.29,80106.43247389188
82.3,80108.99122627237
82.31,80110.91167031505
82.32000000000001,80113.10618348503
82.33,80115.59449450101
82.34,80121.29862170901
82.35000000000001,80121.77946304753
82.36,80121.50537705366
82.37,80125.54069096305
82.38,80129.10562758314
82.39,80131.84282527264
82.4,80135.6325077331
82.41,80138.51648126058
82.42,80139.98745119332
82.43,80144.29103128631
82.44,80147.2959654459
82.45,80148.5851835731
82.46000000000001,80153.77018423424
82.47,80153.78092445403
82.48,80156.29871305451
82.49,80158.01577497144
82.5,80162.79783730659
82.51,80164.2585725971
82.52,80166.18050098338
82.53,80170.98380017513
82.54,80173.81361184952
82.55,80173.28948284312
82.56,80177.36811170161
82.57000000000001,80179.67385895614
82.58,80183.69582897257
82.59,80186.20216900898
82.60000000000001,80189.57135646713
82.61,80191.27327062271
82.62,80194.7060373513
82.63,80197.74323229499
82.64,80199.2515223085
82.65,80203.40414921232
82.66,80205.38400827363
82.67,80209.47338731747
82.68,80209.96528698779
82.69,80212.01712143265
82.7,80215.83173070948
82.71000000000001,80219.99294855756
82.72,80220.66517881444
82.73,80224.44929480935
82.74,80225.91032785413
82.75,80229.03165348624
82.76,80233.75753337072
82.77,80235.36063608676
82.78,80238.50691679241
82.79,80240.81990400246
82.8,80242.42718075581
82.81,80244.59083617007
82.82000000000001,80247.55172809528
82.83,80250.97230975554
82.84,80254.78136020641
82.85000000000001,80257.34906808243
82.86,80259.01590695493
82.87,80261.82869893059
82.88,80264.58694985491
82.89,80266.36565853609
82.9,80272.28915243858
82.91,80271.38229439774
82.92,80275.61983205623
82.93,80278.94133691576
82.94,80281.30555880204
82.95,80283.11623759725
82.96000000000001,80286.19590123481
82.97,80289.54868717844
82.98,80292.79915961917
82.99,80294.98252036792
83.0,80297.04971630705
83.01,80298.97689834364
83.02,80301.37841236863
83.03,80305.04832809868
83.04,80308.74047576009
83.05,80312.57402380113
83.06,80313.11421957496
83.07000000000001,80317.84597439198
83.08,80318.56656592747
83.09,80320.37851057072
83.10000000000001,80326.15658801772
83.11,80326.21430712492
83.12,80329.36042586972
83.13,80333.34336189141
83.14,80335.3674931855
83.15,80339.11466774982
83.16,80342.94978337281
83.17,80343.26339082088
83.18,80345.97093425765
83.19,80349.91289697798
83.2,80354.11016299964
83.21000000000001,80354.25886484492
83.22,80356.937685947
83.23,80359.49916369922
83.24,80362.41435677937
83.25,80366.17780657524
83.26,80368.6470794779
83.27,80371.94018025204
83.28,80372.96701261605
83.29,80374.22912826718
83.3,80379.22276974644
83.31,80380.85329940253
83.32000000000001,80383.24733299068
83.33,80387.89465170454
83.34,80385.60262597527
83.35000000000001,80392.05520858637
83.36,80394.83696098502
83.37,80397.39849241702
83.38,80400.2807706725
83.39,80401.58422499665
83.4,80405.30975221339
83.41,80408.9922693398
83.42,80413.24369730854
83.43,80412.95440645417
83.44,80416.07190398856
83.45,80419.29510440484
83.46000000000001,80421.04463547088
83.47,80424.69774389597
83.48,80426.58709498594
83.49,80428.84936511901
83.5,80430.01385960304
83.51,80435.37032400674
83.52,80437.74478769039
83.53,80440.52968669937
83.54,80442.48692654374
83.55,80445.58478007781
83.56,80448.0647142617
83.57000000000001,80451.09027964615
83.58,80453.66531777586
83.59,80455.98710999875
83.60000000000001,80460.25393508015
83.61,80461.52656777031
83.62,80464.9216901539
83.63,80467.61054405608
83.64,80469.76136913622
83.65,80473.05116880692
83.66,80476.0456635502
83.67,80479.09671999817
83.68,80478.79417168128
83.69,80482.38095201932
83.7,80485.85544272326
83.71000000000001,80488.13628365705
83.72,80492.31441448636
83.73,80494.09413495297
83.74,80497.9788065094
83.75,80499.28426000586
83.76,80503.85695593039
83.77,80505.1174040652
83.78,80507.96301481531
83.79,80511.01068110387
83.8,80513.7798208192
83.81,80514.92075619042
83.82000000000001,80517.57781983983
83.83,80522.99152768632
83.84,80524.74112536955
83.85000000000001,80526.05890551029
83.86,80531.3967701725
83.87,80533.81703652536
83.88,80534.7155713001
83.89,80536.22093712441
83.9,80543.07251394782
83.91,80544.6696180521
83.92,80544.0877233346
83.93,80547.68785466843
83.94,80551.02551643767
83.95,80553.7540379029
83.96000000000001,80556.06205046369
83.97,80560.42363794013
83.98,80563.22357815428
83.99,80563.9127244211
84.0,80566.94148997849
84.01,80571.76491537663
84.02,80571.25230926787
84.03,80576.06331931172
84.04,80577.04628875043
84.05,80580.68665575942
84.06,80583.09148913866
84.07000000000001,80586.51354759603
84.08,80589.66940513009
84.09,80592.38243702003
84.10000000000001,80593.22217480312
84.11,80598.0365055474
84.12,80599.9424626349
84.13,80601.54017623788
84.14,80606.16594431823
84.15,80608.8867412097
84.16,80610.20840433445
84.17,80613.32812506173
84.18,80616.56492446011
84.19,80619.08631312869
84.2,80622.03797553685
84.21000000000001,80623.93925166273
84.22,80627.33416843318
84.23,80630.06303662104
84.24,80633.36272723794
84.25,80636.61068393568
84.26,80637.63093302
84.27,80638.58425853749
84.28,80642.71520385798
84.29,80645.97602961764
84.3,80648.20615694893
84.31,80651.792536583
84.32000000000001,80654.68456063299
84.33,80657.42198630104
84.34,80660.19681209179
84.35000000000001,80662.38787553915
84.36,80665.36793580464
84.37,80668.40861573088
84.38,80669.26682771125
84.39,80672.22807020572
84.4,80675.86744437854
84.41,80679.14269845464
84.42,80681.43658847685
84.43,80684.75141260098
84.44,80686.57851434384
84.45,80688.68794483595
84.46000000000001,80693.06554853146
84.47,80696.34628013776
84.48,80698.18717598192
84.49,80698.36874905895
84.5,80700.44491160147
84.51,80707.05576203621
84.52,80710.30616129264
84.53,80711.00416550128
84.54,80713.30691135375
84.55,80717.19973822322
84.56,80720.17239400429
84.57000000000001,80722.618980465
84.58,80724.06267365007
84.59,80727.93475989511
84.60000000000001,80730.22787154013
84.61,80732.61903817515
84.62,80734.9425288111
84.63,80738.64025665203
84.64,80740.52578440488
84.65,80743.24138293623
84.66,80748.90355895089
84.67,80747.11941470702
84.68,80753.09002552246
84.69,80756.1176495234
84.7,80757.18243217276
84.71000000000001,80759.90008011155
84.72,80763.19307483849
84.73,80765.61778375728
84.74,80767.0797313718
84.75,80769.62772312995
84.76,80772.13597080004
84.77,80774.78777738984
84.78,80778.61015642318
84.79,80780.69271706753
84.8,80782.03575550352
84.81,80788.01858015863
84.82000000000001,80788.02529237188
84.83,80791.72451036301
84.84,80793.37480488812
84.85000000000001,80797.9257990799
84.86,80798.70389850729
84.87,80800.68260127072
84.88,80807.51294863051
84.89,80809.45622120691
84.9,80812.21677114586
84.91,80813.63047243212
84.92,80817.80783521218
84.93,80820.18964440635
84.94,80822.70856160407
84.95,80824.79259170973
84.96000000000001,80826.66087166974
84.97,80829.17218406046
84.98,80832.27739450663
84.99,80834.38543341587
85.0,80837.68886701293
85.01,80841.83614054594
85.02,80843.0927100362
85.03,80847.2543725761
85.04,80849.57015906929
85.05,80851.96638306744
85.06,80856.32676819446
85.07000000000001,80856.4822557581
85.08,80859.60944424184
85.09,80864.03264772685
85.10000000000001,80866.42422700375
85.11,80867.14951507094
85.12,80869.11606016476
85.13,80874.07654878436
85.14,80875.97398373169
85.15,80877.46487054622
85.16,80881.11103583804
85.17,80883.75779740143
85.18,80887.35561235812
85.19,80888.95051655135
85.2,80892.50697168711
85.21000000000001,80895.7856832112
85.22,80896.61911263039
85.23,80900.44817774686
85.24,80901.48547406336
85.25,80905.11993604187
85.26,80907.6187080139
85.27,80910.37162004191
85.28,80913.87510817038
85.29,80916.65466548712
85.3,80917.73843975757
85.31,80920.14536144167
85.32000000000001,80924.22610603936
85.33,80928.11581509223
85.34,80928.6741235148
85.35000000000001,80933.86253527977
85.36,80936.70106636545
85.37,80940.01088431111
85.38,80940.32927544891
85.39,80941.68757244914
85.4,80949.3674340708
85.41,80949.3361694437
85.42,80951.89810362052
85.43,80954.44182834582
85.44,80956.42394977229
85.45,80957.96938428523
85.46000000000001,80964.68744621506
85.47,80964.25789406482
85.48,80968.2844244921
85.49,80971.46715513525
85.5,80974.64060716177
85.51,80976.66165953739
85.52,80979.17370994735
85.53,80981.81062382176
85.54,80985.13247328479
85.55,80987.05540653878
85.56,80989.70203385453
85.57000000000001,80990.6917275744
85.58,80995.29988890156
85.59,80997.1023213245
85.60000000000001,81002.17518094716
85.61,81003.05231194648
85.62,81007.31071408087
85.63,81008.92562925816
85.64,81011.3915376941
85.65,81014.3395006105
85.66,81015.97083695345
85.67,81019.31316570283
85.68,81022.21428371807
85.69,81026.40940047741
85.7,81029.05782204214
85.71000000000001,81031.18464875809
85.72,81031.47262226141
85.73,81035.493273324
85.74,81038.97502514413
85.75,81041.0042357814
85.76,81045.41874713347
85.77,81047.66761428391
85.78,81050.51850343056
85.79,81051.1055457895
85.8,81055.63222059909
85.81,81058.22216187343
85.82000000000001,81060.05776888778
85.83,81063.20227696325
85.84,81066.36562004464
85.85000000000001,81067.56190694241
85.86,81070.4044019728
85.87,81072.99489734985
85.88,81077.99794227761
85.89,81080.83599986784
85.9,81081.25691962843
85.91,81087.32232856519
85.92,81086.80003187123
85.93,81089.03684217721
85.94,81093.98568596908
85.95,81095.8077880688
85.96000000000001,81097.9232569229
85.97,81102.52800389497
85.98,81105.25933504522
85.99,81106.11065580377
86.0,81108.4363348626
86.01,81112.3029791069
86.02,81114.69825873067
86.03,81118.17438260847
86.04,81119.66172120365
86.05,81121.65241026173
86.06,81124.5066791203
86.07000000000001,81128.74411069276
86.08,81131.87413732428
86.09,81133.82399957956
86.10000000000001,81136.1306100725
86.11,81138.92637292057
86.12,81143.55263977259
86.13,81143.69434560233
86.14,81147.29278748043
86.15,81149.54137036519
86.16,81152.58560694098
86.17,81155.70465426861
86.18,81159.22096335323
86.19,81161.03572971479
86.2,81162.8546326333
86.21000000000001,81165.16438280274
86.22,81168.07828847079
86.23,81172.2029018242
86.24,81176.51246724783
86.25,81177.80907822415
86.26,81179.15609604989
86.27,81181.81107842777
86.28,81185.48949304965
86.29,81186.86189421461
86.3,81190.08233540253
86.31,81191.76429973329
86.32000000000001,81194.85714714296
86.33,81198.41950799958
86.34,81202.12168497407
86.35000000000001,81203.04517829233
86.36,81208.02250629688
86.37,81208.9056745809
86.38,81210.22761172302
86.39,81214.82626434177
86.4,81217.02232586383
86.41,81219.27976008934
86.42,81223.49644889364
86.43,81228.9715146486
86.44,81229.26986294752
86.45,81230.28292712856
86.46000000000001,81235.81504585498
86.47,81237.15458319597
86.48,81240.1617604254
86.49,81242.00742063113
86.5,81246.04798761125
86.51,81248.37547819751
86.52,81249.70433385084
86.53,81254.63021502741
86.54,81255.63207680851
86.55,81257.45939969436
86.56,81262.2280326263
86.57000000000001,81262.91500463257
86.58,81265.99465059844
86.59,81267.7623709792
86.60000000000001,81272.59625467287
86.61,81273.44212414169
86.62,81278.8997614484
86.63,81281.10190329161
86.64,81282.47255123087
86.65,81285.52426712988
86.66,81288.81087116161
86.67,81290.35165195462
86.68,81295.23251139828
86.69,81295.2518925915
86.7,81299.62400622775
86.71000000000001,81300.40747964292
86.72,81304.54217775264
86.73,81306.9458386204
86.74,81309.71544809171
86.75,81310.76079072016
86.76,81316.30727263755
86.77,81316.88012221002
86.78,81319.46426099671
86.79,81324.53277285182
86.8,81325.96467590588
86.81,81330.07947977395
86.82000000000001,81331.55096970577
86.83,81334.81885850342
86.84,81337.63910157584
86.85000000000001,81338.13328238539
86.86,81342.620672691
86.87,81344.10676213446
86.88,81348.34481508526
86.89,81347.29641034028
86.9,81352.48212379302
86.91,81354.6281181182
86.92,81360.85218678141
86.93,81362.47482047095
86.94,81364.66124488016
86.95,81367.27331916403
86.96000000000001,81369.91637041136
86.97,81371.7334339963
86.98,81374.83014539686
86.99,81376.8163446279
87.0,81381.92255708261
87.01,81384.44049389787
87.02,81386.27451360361
87.03,81388.83444829768
87.04,81391.02309077824
87.05,81394.86260214163
87.06,81395.98400933351
87.07000000000001,81398.7073692496
87.08,81401.70981616803
87.09,81407.05413873475
87.10000000000001,81406.57851999359
87.11,81408.70647543365
87.12,81413.14430464075
87.13,81415.46365540163
87.14,81418.47972773493
87.15,81421.08939022776
87.16,81423.71141247857
87.17,81426.80342016563
87.18,81430.02573290719
87.19,81432.38075415666
87.2,81432.52848486054
87.21000000000001,81438.69540984706
87.22,81438.80007863445
87.23,81442.2556335208
87.24,81445.57643642637
87.25,81446.01039532076
87.26,81452.5412601747
87.27,81453.99557280318
87.28,81456.76241933009
87.29,81461.09141947658
87.3,81463.62884631538
87.31,81464.95921383702
87.32000000000001,81467.85288245327
87.33,81470.82049975551
87.34,81471.97337517388
87.35000000000001,81474.60775021558
87.36,81478.5366299227
87.37,81480.54905776403
87.38,81482.47704725496
87.39,81486.61439233675
87.4,81488.94926546949
87.41,81492.31181796183
87.42,81494.31955287926
87.43,81497.49024511813
87.44,81501.59236738461
87.45,81504.05056804276
87.46000000000001,81506.06604633975
87.47,81509.25299672186
87.48,81510.78769747195
87.49,81514.42161089895
87.5,81515.26940321621
87.51,81517.57938975483
87.52,81522.48212303409
87.53,81523.90094079038
87.54,81526.91032355663
87.55,81529.99414501511
87.56,81532.28838942536
87.57000000000001,81536.41361481548
87.58,81538.26215386322
87.59,81540.17770837116
87.60000000000001,81544.01752941731
87.61,81544.6311486507
87.62,81549.7528625957
87.63,81551.16702146802
87.64,81554.75231142237
87.65,81557.72292090775
87.66,81561.01978458451
87.67,81563.00508533178
87.68,81564.63906405953
87.69,81569.55824413481
87.7,81570.48212761719
87.71000000000001,81574.51935191549
87.72,81576.9268794086
87.73,81577.3377499283
87.74,81580.74259862815
87.75,81583.799976911
87.76,81588.15142247156
87.77,81589.16429634852
87.78,81592.31554254849
87.79,81596.28667478214
87.8,81596.7248191659
87.81,81602.22482585683
87.82000000000001,81601.36532911635
87.83,81605.67653648647
87.84,81607.8576141241
87.85000000000001,81613.86567789606
87.86,81613.69454456854
87.87,81616.36343652497
87.88,81621.32123685098
87.89,81621.29556833665
87.9,81623.90926207254
87.91,81628.41620329783
87.92,81632.122338409
87.93,81632.92455453349
87.94,81636.91277937042
87.95,81637.15260437447
87.96000000000001,81641.72157252938
87.97,81645.11907060992
87.98,81647.68348694373
87.99,81649.69819262676
88.0,81651.9139567689
88.01,81655.43439335286
88.02,81658.46111489781
88.03,81661.36209154695
88.04,81661.66499865343
88.05,81666.25455671799
88.06,81668.18881039749
88.07000000000001,81671.64822342336
88.08,81673.19880847249
88.09,81676.65754885171
88.10000000000001,81680.0809767591
88.11,81683.11811361577
88.12,81686.29262563224
88.13,81689.21859199375
88.14,81689.23311876417
88.15,81694.2131596792
88.16,81695.84448076448
88.17,81699.82612998619
88.18,81702.36238986987
88.19,81702.48231460228
88.2,81707.56187608633
88.21000000000001,81709.37929760956
88.22,81711.32142359832
88.23,81713.79143172008
88.24,81715.53900238882
88.25,81721.38435491697
88.26,81725.32026211156
88.27,81726.02286713828
88.28,81726.86580904835
88.29,81731.8995747945
88.3,81733.73866756048
88.31,81735.99042919773
88.32000000000001,81739.0686721547
88.33,81741.53929733722
88.34,81744.8850523803
88.35000000000001,81748.54789280491
88.36,81750.09435780745
88.37,81752.35033960799
88.38,81756.03891494524
88.39,81757.7186951187
88.4,81759.62019147973
88.41,81763.53783594008
88.42,81767.0189383439
88.43,81769.92957371834
88.44,81773.5268581035
88.45,81775.95634864298
88.46000000000001,81776.70307486622
88.47,81780.09527679368
88.48,81783.71431585701
88.49,81786.25357270752
88.5,81790.98110804375
88.51,81789.30936992815
88.52,81792.02517892621
88.53,81796.5049656922
88.54,81800.87834216839
88.55,81803.59888148567
88.56,81803.65954879094
88.57000000000001,81808.1350355899
88.58,81807.92827463611
88.59,81813.96079304624
88.60000000000001,81815.92477710992
88.61,81818.30378319182
88.62,81820.93788054613
88.63,81823.23581246984
88.64,81826.06491654272
88.65,81829.02167301466
88.66,81831.92113223256
88.67,81835.71923273153
88.68,81838.29673912504
88.69,81841.31163313884
88.7,81842.53316160948
88.71000000000001,81844.62320023774
88.72,81846.2637451246
88.73,81849.82835153451
88.74,81852.8466175475
88.75,81857.08378021134
88.76,81858.42801729095
88.77,81861.81304851096
88.78,81865.50133307872
88.79,81867.11421238871
88.8,81869.62481300047
88.81,81871.90482943167
88.82000000000001,81876.23311570301
88.83,81879.64754779202
88.84,81880.76160668678
88.85000000000001,81882.93054693029
88.86,81886.1480106746
88.87,81889.7974652321
88.88,81890.7989999536
88.89,81895.15802310436
88.9,81896.04617858694
88.91,81898.98053849449
88.92,81902.78723064633
88.93,81905.07813873618
88.94,81908.12995438564
88.95,81910.12018171998
88.96000000000001,81913.51169510088
88.97,81914.94301305496
88.98,81918.98983367441
88.99,81921.51192241383
89.0,81923.58241827105
89.01,81928.4317518262
89.02,81929.37405776592
89.03,81932.64852551903
89.04,81933.20228119502
89.05,81936.07453570038
89.06,81937.92060315203
89.07000000000001,81944.3659512608
89.08,81946.48865071312
89.09,81947.57081726544
89.10000000000001,81950.69073112932
89.11,81953.3893383123
89.12,81956.78426944262
89.13,81959.37061925294
89.14,81962.13190019976
89.15,81965.00997832799
89.16,81967.75184304113
89.17,81970.6930716167
89.18,81971.73278347222
89.19,81976.79278636623
89.2,81977.6733613958
89.21000000000001,81980.91529198282
89.22,81984.32837999139
89.23,81986.85563359172
89.24,81990.5363589265
89.25,81990.83015830122
89.26,81993.94713555982
89.27,81999.18805082358
89.28,82001.09228213834
89.29,82003.14491370688
89.3,82006.8193123097
89.31,82007.86216972348
89.32000000000001,82009.54461595634
89.33,82013.22706781894
89.34,82016.19961557844
89.35000000000001,82020.09894772558
89.36,82024.43625065438
89.37,82024.26248557783
89.38,82028.91586213434
89.39,82028.8461448599
89.4,82031.83320584819
89.41,82036.91084026023
89.42,82037.00986021307
89.43,82041.4874572828
89.44,82044.82380531046
89.45,82047.27764604532
89.46000000000001,82047.83442681163
89.47,82052.00530621289
89.48,82055.85619340718
89.49,82056.2942854725
89.5,82060.45330701908
89.51,82061.30953722705
89.52,82066.60912366964
89.53,82067.67959851524
89.54,82070.73531082626
89.55,82073.19204107378
89.56,82073.96935299566
89.57000000000001,82078.18765994074
89.58,82081.43458239148
89.59,82084.99980484281
89.60000000000001,82088.18454927125
89.61,82089.46076496702
89.62,82092.63436266074
89.63,82096.06858979283
89.64,82099.29633911233
89.65,82100.72788548798
89.66,82104.4861295334
89.67,82105.7979839451
89.68,82109.56849248154
89.69,82111.0227618915
89.7,82115.75741171726
89.71000000000001,82118.50590346506
89.72,82118.86930671391
89.73,82123.17163183927
89.74,82124.10689747531
89.75,82127.66287067819
89.76,82129.57534155232
89.77,82133.37770065473
89.78,82138.1719957806
89.79,82138.92485488669
89.8,82142.61978523662
89.81,82144.40054593542
89.82000000000001,82146.65612704642
89.83,82150.27601992118
89.84,82152.43514648423
89.85000000000001,82155.1990960782
89.86,82157.07176756834
89.87,82159.78144052949
89.88,82164.32612472268
89.89,82166.21826128286
89.9,82170.15447723315
89.91,82173.14343027341
89.92,82174.76409691831
89.93,82177.23769568713
89.94,82180.58762718936
89.95,82183.75007268136
89.96000000000001,82184.22094053408
89.97,82189.3680593534
89.98,82191.24826683775
89.99,82194.34633091165
90.0,82196.75104527952
90.01,82199.36341098727
90.02,82201.04183630914
90.03,82205.72048682766
90.04,82206.4325161624
90.05,82210.11212196873
90.06,82212.99759633932
90.07000000000001,82215.37460936824
90.08,82217.71479711113
90.09,82219.67371633784
90.10000000000001,82222.79119693715
90.11,82226.96511346864
90.12,82228.59799047235
90.13,82232.48181108088
90.14,82234.17835887476
90.15,82236.16932933219
90.16,82240.36260254045
90.17,82244.80952436673
90.18,82245.05520220246
90.19,82248.56459472701
90.2,82249.38831052401
90.21000000000001,82253.82365179052
90.22,82256.18973733041
90.23,82258.78480099978
90.24,82262.4899084334
90.25,82264.71749271541
90.26,82266.51022246807
90.27,82268.52234288937
90.28,82273.07358071397
90.29,82273.90202008432
90.3,82278.19376793918
90.31,82281.81534700224
90.32000000000001,82283.88732174676
90.33,82287.28938693421
90.34,82287.81397378942
90.35000000000001,82292.55688968532
90.36,82292.6739205482
90.37,82295.90502657255
90.38,82300.73233296462
90.39,82302.07351807995
90.4,82306.31145622533
90.41,82307.64700108355
90.42,82312.04942676875
90.43,82310.9409169876
90.44,82314.59070894754
90.45,82320.4176307109
90.46000000000001,82319.98746162935
90.47,82325.33795188498
90.48,82326.85920442532
90.49,82329.97357294708
90.5,82332.11417173076
90.51,82335.2889350154
90.52,82338.59553764871
90.53,82340.5454894676
90.54,82344.91670452442
90.55,82345.86616408592
90.56,82349.91174821829
90.57000000000001,82351.3631366253
90.58,82354.09436592033
90.59,82359.49045099007
90.60000000000001,82360.66135687263
90.61,82361.45962090428
90.62,82365.35798494723
90.63,82367.7141039697
90.64,82371.90086166663
90.65,82373.29393515598
90.66,82375.2491175566
90.67,82379.1670582332
90.68,82381.08608890406
90.69,82384.76124614761
90.7,82386.82925504775
90.71000000000001,82389.2221401394
90.72,82393.07435203798
90.73,82394.07315410266
90.74,82398.2182526204
90.75,82401.05567805807
90.76,82405.142848171
90.77,82405.1838831732
90.78,82408.95848994533
90.79,82410.75414415848
90.8,82414.24161240355
90.81,82415.18767563265
90.82000000000001,82420.19511102978
90.83,82422.29886683916
90.84,82424.59162994214
90.85000000000001,82427.93984463894
90.86,82431.63897241466
90.87,82433.3133644716
90.88,82434.53391222765
90.89,82438.0740388702
90.9,82441.35255978261
90.91,82444.57674075529
90.92,82447.54900299033
90.93,82450.66054428756
90.94,82453.58516823694
90.95,82454.51465210681
90.96000000000001,82456.42108398989
90.97,82460.59131552096
90.98,82463.63842847779
90.99,82466.59434681262
91.0,82468.32660673022
91.01,82474.71548847189
91.02,82474.769980917
91.03,82477.14221306471
91.04,82479.72911331624
91.05,82482.39631921715
91.06,82485.7024897253
91.07000000000001,82489.07311947193
91.08,82490.36016984371
91.09,82492.32909529527
91.10000000000001,82495.82318809602
91.11,82499.96553285926
91.12,82501.65758577031
91.13,82504.10807199613
91.14,82508.31653498356
91.15,82510.09735900728
91.16,82513.33883112394
91.17,82515.34431328416
91.18,82517.90366076646
91.19,82522.178852464
91.2,82524.33246779029
91.21000000000001,82526.41033826467
91.22,82528.42838661018
91.23,82532.55915300806
91.24,82533.91187183645
91.25,82537.58736692334
91.26,82537.63115415965
91.27,82541.73040850482
91.28,82546.36197073905
91.29,82547.97262443822
91.3,82550.39984594127
91.31,82553.28465624992
91.32000000000001,82555.27940314416
91.33,82558.5111587647
91.34,82561.32294560048
91.35000000000001,82564.3283002077
91.36,82567.02640457066
91.37,82569.82843193605
91.38,82572.6423168267
91.39,82575.74246478915
91.4,82578.99204487789
91.41,82581.45187824215
91.42,82584.03254812123
91.43,82585.33590240995
91.44,82589.0656607307
91.45,82591.68291910859
91.46000000000001,82594.01348958314
91.47,82597.72721045106
91.48,82599.70571610681
91.49,82602.2777449189
91.5,82607.11047013187
91.51,82607.11837578776
91.52,82611.40687373017
91.53,82614.82753805553
91.54,82616.97533000691
91.55,82618.94276306272
91.56,82621.45538695848
91.57000000000001,82623.16002660152
91.58,82626.40146895338
91.59,82629.91505257017
91.60000000000001,82631.69447186544
91.61,82635.51772695567
91.62,82639.95154513478
91.63,82640.78407516472
91.64,82643.90739775375
91.65,82645.80800908805
91.66,82649.58984412995
91.67,82650.90136216483
91.68,82653.8401392092
91.69,82655.10704717525
91.7,82659.90813543358
91.71000000000001,82662.06183175331
91.72,82666.02663804413
91.73,82667.3871274386
91.74,82669.10432695677
91.75,82673.05064724437
91.76,82676.3655088511
91.77,82679.51017969675
91.78,82682.99391066427
91.79,82683.45422294272
91.8,82687.59710219024
91.81,82690.17122861253
91.82000000000001,82691.98651328792
91.83,82694.99418626133
91.84,82698.45852562899
91.85000000000001,82701.12158254161
91.86,82703.54989134008
91.87,82706.81577142261
91.88,82708.83803087314
91.89,82713.87248234948
91.9,82715.65721562393
91.91,82716.92017811333
91.92,82718.29570901928
91.93,82722.06681789784
91.94,82724.3845631931
91.95,82728.64916344045
91.96000000000001,82732.05718258144
91.97,82734.40709326282
91.98,82735.82666383861
91.99,82737.76963625586
92.0,82740.98909306506
92.01,82744.45683376174
92.02,82748.50167284968
92.03,82749.94097737457
92.04,82751.89616372949
92.05,82754.62539720008
92.06,82758.01082833401
92.07000000000001,82759.50259556687
92.08,82761.6185776595
92.09,82766.04238654906
92.10000000000001,82768.43301468568
92.11,82771.8144715105
92.12,82775.3330717332
92.13,82776.32995632512
92.14,82780.41568684173
92.15,82784.62962874363
92.16,82785.60667355228
92.17,82789.58197996201
92.18,82791.30188137645
92.19,82792.17419721463
92.2,82796.75875373252
92.21000000000001,82799.79907797958
92.22,82802.73410840826
92.23,82805.49780996997
92.24,82807.62560658871
92.25,82808.49468607396
92.26,82811.43181559918
92.27,82816.24143946363
92.28,82819.01046733485
92.29,82819.43727161002
92.3,82823.50594785986
92.31,82828.17920711273
92.32000000000001,82829.227578558
92.33,82831.97094339874
92.34,82833.54071899939
92.35000000000001,82837.43601946959
92.36,82838.52490284503
92.37,82842.33346722534
92.38,82845.66033088142
92.39,82848.73743907864
92.4,82850.80502504912
92.41,82852.98074967857
92.42,82855.78514287346
92.43,82860.5124005087
92.44,82861.84815938566
92.45,82865.17848143194
92.46000000000001,82867.7420288365
92.47,82869.83392956013
92.48,82873.08691555401
92.49,82876.70865759552
92.5,82876.40261154993
92.51,82881.12002532258
92.52,82882.88491395029
92.53,82886.34644901604
92.54,82889.54067479473
92.55,82893.48724580416
92.56,82894.21200819335
92.57000000000001,82896.90524241471
92.58,82900.73812456612
92.59,82901.37915301246
92.60000000000001,82905.4269934631
92.61,82909.09209487907
92.62,82911.90173146116
92.63,82915.51326122027
92.64,82917.2364516989
92.65,82918.38084642909
92.66,82922.67162980122
92.67,82923.25433005091
92.68,82927.34778044326
92.69,82930.77383060053
92.7,82933.60578499045
92.71000000000001,82935.93939108278
92.72,82937.96873201936
92.73,82940.22037637781
92.74,82943.53081766305
92.75,82945.74041950305
92.76,82950.7542511635
92.77,82951.7631881076
92.78,82955.03280265305
92.79,82958.57392280274
92.8,82960.96064089364
92.81,82963.77580331198
92.82000000000001,82966.17781442768
92.83,82968.94559071567
92.84,82970.77006049827
92.85000000000001,82974.88543733477
92.86,82977.26345770614
92.87,82981.13080220539
92.88,82982.98325866909
92.89,82984.38401715238
92.9,82987.05803258174
92.91,82990.11058345863
92.92,82991.63964915436
92.93,82996.3611780489
92.94,82997.6529515759
92.95,83001.02117637833
92.96000000000001,83004.17753521573
92.97,83006.7183769115
92.98,83009.85456191174
92.99,83013.02454372283
93.0,83013.68827962215
93.01,83017.48709112262
93.02,83019.59681312017
93.03,83023.33382445038
93.04,83025.4504117864
93.05,83028.97084281608
93.06,83030.75112614933
93.07000000000001,83033.79396919129
93.08,83036.19544792574
93.09,83040.02476989068
93.10000000000001,83042.44661178802
93.11,83046.8858689647
93.12,83047.09009550897
93.13,83050.75034145494
93.14,83053.22917636084
93.15,83056.62024193106
93.16,83058.58040490877
93.17,83061.95737581962
93.18,83063.75267840107
93.19,83066.17777078172
93.2,83069.7422906232
93.21000000000001,83073.04385223611
93.22,83074.91731724421
93.23,83076.34263377688
93.24,83082.2024694623
93.25,83082.80185474266
93.26,83086.08971540678
93.27,83091.37927620752
93.28,83091.86438171736
93.29,83095.19011691154
93.3,83097.88442094828
93.31,83098.19044215034
93.32000000000001,83101.29986359291
93.33,83104.26287143497
93.34,83106.53117589855
93.35000000000001,83111.17042621075
93.36,83112.96394449942
93.37,83116.04972991702
93.38,83119.61902056559
93.39,83122.1258415997
93.4,83123.19183781811
93.41,83128.19185649294
93.42,83130.84166856445
93.43,83132.39448470605
93.44,83135.26188481682
93.45,83137.09310363847
93.46000000000001,83141.11790924716
93.47,83142.56879469262
93.48,83144.79485974617
93.49,83147.54454323683
93.5,83152.03577590041
93.51,83155.22477919617
93.52,83156.05360669347
93.53,83159.88389880548
93.54,83162.878006393
93.55,83163.54744244764
93.56,83168.45257185963
93.57000000000001,83171.28936803769
93.58,83173.65106925307
93.59,83176.85045624553
93.60000000000001,83177.65220747003
93.61,83182.13791485377
93.62,83185.02036088887
93.63,83188.61712661099
93.64,83191.02509842151
93.65,83191.69383362946
93.66,83195.21394942628
93.67,83198.31555916701
93.68,83199.46639082154
93.69,83202.754932246
93.7,83204.5008085582
93.71000000000001,83209.7863961733
93.72,83211.7950855144
93.73,83214.28952188531
93.74,83216.33812331718
93.75,83221.23703973967
93.76,83222.15011092521
93.77,83224.42567893318
93.78,83227.416027107
93.79,83230.10362245944
93.8,83233.75457618362
93.81,83237.86210624212
93.82000000000001,83237.67475975184
93.83,83242.86985149648
93.84,83244.94071570918
93.85000000000001,83248.9970047045
93.86,83249.59545140667
93.87,83253.22470654146
93.88,83255.10118521315
93.89,83258.80940555001
93.9,83262.04949746009
93.91,83264.02303749061
93.92,83266.24721596736
93.93,83267.49849569437
93.94,83271.60767160599
93.95,83275.91366234765
93.96000000000001,83277.39621631187
93.97,83279.56448650062
93.98,83281.45627442583
93.99,83284.10450560597
94.0,83287.90027384962
94.01,83291.02264149206
94.02,83294.08597111468
94.03,83297.56823087076
94.04,83299.67714499605
94.05,83302.30630740564
94.06,83303.92880972399
94.07000000000001,83308.50833117128
94.08,83310.56875813768
94.09,83312.9853279569
94.10000000000001,83314.52224948123
94.11,83318.62456878243
94.12,83320.48598356891
94.13,83324.71679006169
94.14,83328.55907774283
94.15,83329.39810185568
94.16,83331.88726224354
94.17,83335.61733059346
94.18,83338.14330827125
94.19,83341.29984343988
94.2,83342.91886914684
94.21000000000001,83346.16247842408
94.22,83348.87382710451
94.23,83352.1895355278
94.24,83354.8782774924
94.25,83357.02137334441
94.26,83357.69311260489
94.27,83361.9171202185
94.28,83364.95143354754
94.29,83366.68461242938
94.3,83369.97449656107
94.31,83373.55048246877
94.32000000000001,83375.40022292933
94.33,83377.82792142328
94.34,83381.16424410386
94.35000000000001,83383.83872496895
94.36,83386.45084186268
94.37,83388.57292892782
94.38,83392.15503583636
94.39,83393.28641825277
94.4,83399.03797751348
94.41,83400.26625790121
94.42,83402.85519383487
94.43,83405.04991544173
94.44,83410.00126992654
94.45,83409.03158659276
94.46000000000001,83415.18712615973
94.47,83417.01925726449
94.48,83418.65535542546
94.49,83423.34982861031
94.5,83425.01768694964
94.51,83427.22583297639
94.52,83430.76627430339
94.53,83432.87276602919
94.54,83436.41702692343
94.55,83438.4072254798
94.56,83442.45477374156
94.57000000000001,83445.85795444224
94.58,83447.00829861082
94.59,83450.04583656942
94.60000000000001,83452.45576991368
94.61,83453.06580188141
94.62,83459.18277060927
94.63,83461.4426732659
94.64,83463.53100500224
94.65,83466.75381624815
94.66,83469.08032691362
94.67,83471.80755621345
94.68,83474.45834649203
94.69,83476.55977798016
94.7,83480.71034733552
94.71000000000001,83482.6609232348
94.72,83485.12462243238
94.73,83488.11538140418
94.74,83489.1140861054
94.75,83494.32023363843
94.76,83496.94992102458
94.77,83500.51034418085
94.78,83501.66515770032
94.79,83505.34088973165
94.8,83507.01837301209
94.81,83510.37294824343
94.82000000000001,83510.90123354692
94.83,83515.6135940748
94.84,83518.81396274976
94.85000000000001,83522.23369751265
94.86,83523.33501894274
94.87,83527.37292434723
94.88,83528.24823642995
94.89,83530.7324195783
94.9,83534.38851256354
94.91,83536.78723789965
94.92,83542.1416805688
94.93,83542.69951901297
94.94,83544.5011697263
94.95,83547.23843411528
94.96000000000001,83551.20039388597
94.97,83553.15729003928
94.98,83555.51853378446
94.99,83560.12263146615
95.0,83563.9338930329
95.01,83564.37783130714
95.02,83569.8734138586
95.03,83571.68848783034
95.04,83574.355034618
95.05,83575.36893540608
95.06,83577.6208803399
95.07000000000001,83581.2189623975
95.08,83585.05414679542
95.09,83587.75660114425
95.10000000000001,83589.46383244789
95.11,83592.36033087663
95.12,83595.22333143117
95.13,83598.77254478112
95.14,83600.38799375162
95.15,83603.1602127895
95.16,83605.54360775444
95.17,83609.90974048409
95.18,83610.47682778991
95.19,83613.87969466907
95.2,83617.09163506067
95.21000000000001,83620.95423925311
95.22,83622.30085352015
95.23,83624.46650025401
95.24,83629.39845101773
95.25,83630.26442782368
95.26,83634.8180605132
95.27,83636.85152633996
95.28,83639.78216726106
95.29,83640.78381556645
95.3,83645.11160354961
95.31,83647.34592512608
95.32000000000001,83649.27414118234
95.33,83653.66549252233
95.34,83655.62266112916
95.35000000000001,83657.96629089037
95.36,83662.26797732867
95.37,83662.8686802659
95.38,83664.52592892843
95.39,83668.24127790336
95.4,83671.04579888457
95.41,83676.1231906741
95.42,83678.86140883353
95.43,83683.01241067321
95.44,83682.20322167878
95.45,83686.8185944786
95.46000000000001,83689.55648170772
95.47,83690.2797669678
95.48,83693.21117782246
95.49,83697.5333420389
95.5,83697.78914115005
95.51,83701.93747662989
95.52,83704.73416747524
95.53,83707.57136646922
95.54,83710.43392990177
95.55,83713.48613179066
95.56,83714.02575684404
95.57000000000001,83719.50799729001
95.58,83721.78516827867
95.59,83724.17016913205
95.60000000000001,83726.77675619457
95.61,83731.8070357126
95.62,83731.12895566704
95.63,83735.81313973323
95.64,83737.93789682921
95.65,83742.23074930222
95.66,83744.14418087338
95.67,83748.84101391424
95.68,83749.25245601611
95.69,83751.43673086439
95.7,83754.51871663661
95.71000000000001,83756.7076625494
95.72,83759.90292274396
95.73,83763.38864652615
95.74000000000001,83766.24104666722
95.75,83768.86629618818
95.76,83772.2129947132
95.77,83773.10328611158
95.78,83776.26918119486
95.79,83777.50279564441
95.8,83782.09482669138
95.81,83783.80201208708
95.82000000000001,83788.33557484984
95.83,83791.09435759266
95.84,83790.90870250134
95.85000000000001,83793.60839578767
95.86,83798.61457589702
95.87,83799.64853691222
95.88,83803.72932243544
95.89,83805.11414024097
95.9,83809.24321715829
95.91,83812.46933104844
95.92,83815.77147837568
95.93,83815.8014787149
95.94,83820.59034177466
95.95,83823.48205562338
95.96000000000001,83824.64939395564
95.97,83828.64215193616
95.98,83832.59110948002
95.99000000000001,83834.78108000514
96.0,83836.13961178543
96.01,83838.8630000651
96.02,83842.33434648286
96.03,83847.30674427288
96.04,83848.13781998103
96.05,83851.14554371916
96.06,83854.46827504423
96.07000000000001,83853.87263167824
96.08,83860.35100988734
96.09,83860.02382547049
96.10000000000001,83864.54537683827
96.11,83867.77007738779
96.12,83868.78690841733
96.13,83872.81381656992
96.14,83875.54033836549
96.15,83878.83861233953
96.16,83880.35948471643
96.17,83883.65205024755
96.18,83884.99944536225
96.19,83887.75486771719
96.2,83891.03545100332
96.21000000000001,83894.82922610232
96.22,83896.61908886647
96.23,83899.79911725994
96.24000000000001,83903.32229730756
96.25,83906.74494046827
96.26,83907.2456684211
96.27,83912.6445903232
96.28,83912.56936162346
96.29,83917.23433058657
96.3,83918.10094354009
96.31,83921.66495352973
96.32000000000001,83924.12547973123
96.33,83926.82129568206
96.34,83929.66688987223
96.35000000000001,83931.42036696864
96.36,83933.47495002474
96.37,83937.93006290426
96.38,83941.40428793145
96.39,83943.64340438308
96.4,83946.63001290463
96.41,83947.91855222223
96.42,83950.99755175505
96.43,83954.61126075184
96.44,83957.20577212147
96.45,83959.3439420838
96.46000000000001,83963.23322965868
96.47,83963.35328577754
96.48,83966.34506417841
96.49000000000001,83971.11025270975
96.5,83974.69703601072
96.51,83976.11462954759
96.52,83976.89665145993
96.53,83981.15853920892
96.54,83984.60279511684
96.55,83986.9769482058
96.56,83991.72876792398
96.57000000000001,83992.55048347796
96.58,83995.79188359495
96.59,83997.68516244048
96.60000000000001,84002.03227623428
96.61,84002.57217128348
96.62,84006.14890522696
96.63,84009.08796212563
96.64,84011.69127257986
96.65,84015.29695651302
96.66,84019.21717546406
96.67,84020.19512110122
96.68,84022.95280588047
96.69,84027.93159680137
96.7,84028.03607979933
96.71000000000001,84031.36623266689
96.72,84035.3710889384
96.73,84037.31495935841
96.74000000000001,84037.56467406891
96.75,84042.9979416973
96.76,84045.75779394821
96.77,84046.92631171794
96.78,84051.22668184298
96.79,84055.88518096549
96.8,84055.83897866431
96.81,84058.53558083362
96.82000000000001,84062.10844452842
96.83,84063.84433462162
96.84,84067.23398832293
96.85000000000001,84068.9775113655
96.86,84071.63941299696
96.87,84076.02474609348
96.88,84077.60528330025
96.89,84080.94543669063
96.9,84083.06778055898
96.91,84085.98389988842
96.92,84089.56774850891
96.93,84090.30121657107
96.94,84094.24223803282
96.95,84099.10372843445
96.96000000000001,84098.57972025691
96.97,84106.18824767812
96.98,84107.73174539853
96.99000000000001,84109.81730295566
97.0,84110.609822599
97.01,84111.97066213978
97.02,84116.60401531526
97.03,84119.19132217312
97.04,84122.82936172895
97.05,84124.66443540363
97.06,84127.01523492682
97.07000000000001,84131.81820764315
97.08,84134.56677486064
97.09,84136.23559672534
97.10000000000001,84139.11260378713
97.11,84140.52560918778
97.12,84144.71477344568
97.13,84145.66819667548
97.14,84149.04527882101
97.15,84151.59074934415
97.16,84155.78804416442
97.17,84159.79685978281
97.18,84161.37964564338
97.19,84162.12891637895
97.2,84164.44523374774
97.21000000000001,84167.75303781661
97.22,84171.39466339335
97.23,84174.52604923563
97.24000000000001,84178.39335612282
97.25,84179.15140113227
97.26,84181.88272645876
97.27,84186.54544438502
97.28,84186.55577477996
97.29,84190.44114457323
97.3,84193.77328064246
97.31,84197.59900465752
97.32000000000001,84198.3473763905
97.33,84203.83479767137
97.34,84204.76002151522
97.35000000000001,84208.82452654827
97.36,84209.28491095867
97.37,84212.65167279389
97.38,84216.47827703533
97.39,84218.0878816721
97.4,84220.37022809731
97.41,84222.93395964336
97.42,84225.86634703545
97.43,84229.01691605635
97.44,84231.66095721044
97.45,84235.5508853731
97.46000000000001,84236.85409435707
97.47,84240.16431017513
97.48,84243.48004423117
97.49000000000001,84246.42961638495
97.5,84249.45263369998
97.51,84251.16007876214
97.52,84254.83974311953
97.53,84257.6078471453
97.54,84257.93266448729
97.55,84263.76704908817
97.56,84265.48236648687
97.57000000000001,84267.01566762416
97.58,84270.98700187517
97.59,84271.98340732073
97.60000000000001,84277.0083370564
97.61,84278.689916504
97.62,84282.82861203638
97.63,84284.2186577793
97.64,84287.42271280898
97.65,84289.88101677492
97.66,84293.46191885133
97.67,84296.59868937741
97.68,84298.05910579642
97.69,84299.94118569256
97.7,84303.48076825852
97.71000000000001,84306.17635768857
97.72,84308.43799797496
97.73,84312.12656581526
97.74000000000001,84314.81976131909
97.75,84315.69903202703
97.76,84320.06282026626
97.77,84321.22238155031
97.78,84324.79982831169
97.79,84329.09629922065
97.8,84330.00156059764
97.81,84334.41303514385
97.82000000000001,84336.3194802637
97.83,84338.75057376089
97.84,84341.77448322055
97.85000000000001,84342.15361030101
97.86,84346.63182571543
97.87,84349.74530046953
97.88,84352.27443734337
97.89,84355.15989259418
97.9,84357.37687586251
97.91,84360.85039761242
97.92,84362.61872352452
97.93,84366.02327507087
97.94,84366.88264838193
97.95,84370.90940504312
97.96000000000001,84376.1315777787
97.97,84377.1608100052
97.98,84382.39723624519
97.99000000000001,84384.22236663793
98.0,84384.7201599102
98.01,84388.19512398096
98.02,84391.40249163128
98.03,84394.3291806568
98.04,84396.8067313496
98.05,84400.18500641566
98.06,84402.58750672237
98.07000000000001,84405.6916515934
98.08,84408.38752816562
98.09,84409.4201510941
98.10000000000001,84415.25249431514
98.11,84416.41127416216
98.12,84418.99185270975
98.13,84422.11438880881
98.14,84422.86744946559
98.15,84428.0799682764
98.16,84430.13600578705
98.17,84432.19893174821
98.18,84434.88449661424
98.19,84438.25692783645
98.2,84440.54491669656
98.21000000000001,84444.53005280126
98.22,84448.50549157873
98.23,84451.0043604515
98.24000000000001,84451.93254797076
98.25,84454.13854835788
98.26,84456.77715973195
98.27,84459.70144596264
98.28,84462.23872339644
98.29,84466.33744684579
98.3,84467.50366726427
98.31,84471.6959078461
98.32000000000001,84473.18966862065
98.33,84478.010123887
98.34,84479.43040722139
98.35000000000001,84484.05535976766
98.36,84485.38579472063
98.37,84488.669890853
98.38,84490.58993932788
98.39,84494.1884375018
98.4,84496.34057205073
98.41,84498.84574348059
98.42,84502.32468087491
98.43,84503.70392612746
98.44,84506.2089890622
98.45,84509.04947039748
98.46000000000001,84513.34855135332
98.47,84517.6968559209
98.48,84516.28954878173
98.49000000000001,84521.78581480106
98.5,84523.51690960074
98.51,84526.57808708909
98.52,84527.731000817
98.53,84531.48085426156
98.54,84533.74075898189
98.55,84538.11631434444
98.56,84539.29199333102
98.57000000000001,84542.73828694221
98.58,84546.12026302167
98.59,84546.48504698295
98.60000000000001,84550.2760843217
98.61,84553.3652081378
98.62,84556.65637666058
98.63,84559.21746369702
98.64,84562.79256775192
98.65,84564.04929985141
98.66,84565.82268423027
98.67,84570.08075510403
98.68,84571.79564441224
98.69,84575.2727675855
98.7,84578.32751298684
98.71000000000001,84580.98099938084
98.72,84583.66408024565
98.73,84586.7314916785
98.74000000000001,84589.6674883977
98.75,84592.63870913564
98.76,84594.15938737614
98.77,84596.28289551857
98.78,84600.03348706808
98.79,84603.83126788003
98.8,84606.9143605072
98.81,84608.53460187078
98.82000000000001,84612.95983552239
98.83,84614.02789520097
98.84,84614.43570374593
98.85000000000001,84620.0799077502
98.86,84623.74443141081
98.87,84625.29066528486
98.88,84628.46852479626
98.89,84631.60402691715
98.9,84631.35257306551
98.91,84636.41338848951
98.92,84638.65486376459
98.93,84642.5011248134
98.94,84643.73240871077
98.95,84647.55859085421
98.96000000000001,84649.50509809866
98.97,84654.11131930293
98.98,84656.6729864238
98.99000000000001,84657.40965008385
99.0,84660.29933852633
99.01,84663.13381402593
99.02,84665.86212185894
99.03,84670.50248925245
99.04,84670.71984499978
99.05,84673.84554828703
99.06,84676.78866903762
99.07000000000001,84679.77520843214
99.08,84684.51041483627
99.09,84686.58970674658
99.10000000000001,84689.17643675562
99.11,84691.68229366012
99.12,84692.55546759529
99.13,84697.81376803634
99.14,84702.1920781085
99.15,84702.88759078979
99.16,84704.94550739965
99.17,84708.25866878076
99.18,84710.30763051588
99.19,84713.22816091675
99.2,84714.9453740826
99.21000000000001,84717.89927096327
99.22,84721.62505383608
99.23,84725.00273319978
99.24000000000001,84728.34469470102
99.25,84731.23689559379
99.26,84730.24224056417
99.27,84737.76963202105
99.28,84739.72359748154
99.29,84740.95110941974
99.3,84742.30110813788
99.31,84747.53892802926
99.32000000000001,84748.8714869349
99.33,84751.29177262523
99.34,84754.90081128826
99.35000000000001,84758.04732930618
99.36,84759.48260552986
99.37,84762.03925529301
99.38,84766.62341153072
99.39,84769.66697647022
99.4,84770.44537628685
99.41,84773.69840210557
99.42,84776.62967889536
99.43,84779.92426751989
99.44,84781.2242387444
99.45,84786.55282744473
99.46000000000001,84789.19338529583
99.47,84790.34630751317
99.48,84792.7730634042
99.49000000000001,84794.57563424598
99.5,84799.83132704331
99.51,84801.64035770245
99.52,84805.2758428133
99.53,84806.86204553324
99.54,84810.0083716528
99.55,84811.44856467572
99.56,84815.48724740175
99.57000000000001,84818.86696202088
99.58,84820.26823291824
99.59,84822.8354334396
99.60000000000001,84825.5453237791
99.61,84829.24938327158
99.62,84833.00412890852
99.63,84835.49426247386
99.64,84839.0363832161
99.65,84838.71399988332
99.66,84842.43255118503
99.67,84845.80386455501
99.68,84846.92398605625
99.69,84850.46255532998
99.7,84855.15776927222
99.71000000000001,84857.69094995082
99.72,84859.54680313435
99.73,84862.90617717455
99.74000000000001,84865.87550296455
99.75,84867.83821569738
99.76,84868.94589966866
99.77,84871.87950997757
99.78,84875.90148980061
99.79,84878.50743852866
99.8,84882.62539051274
99.81,84885.23605865294
99.82000000000001,84886.19084274265
99.83,84889.91828706629
99.84,84893.93408026603
99.85000000000001,84895.12477968565
99.86,84897.04722317818
99.87,84901.61071583476
99.88,84900.58836324091
99.89,84906.91737019345
99.9,84909.17565873325
99.91,84912.18436594919
99.92,84915.68837787987
99.93,84917.41250475298
99.94,84919.33364579148
99.95,84922.13230648373
99.96000000000001,84924.17104870891
99.97,84926.79718603623
99.98,84930.32087166478
99.99000000000001,84932.88380265173
100.0,84937.5811609781
100.01,84939.50345004867
100.02,84939.99867104874
100.03,84944.67757188999
100.04,84947.23333496148
100.05,84948.8610267149
100.06,84953.21058960968
100.07000000000001,84955.18111336246
100.08,84960.65273229677
100.09,84961.18403272431
100.10000000000001,84964.36323734802
100.11,84967.91301271727
100.12,84970.1653937279
100.13,84970.25062319453
100.14,84975.60690371286
100.15,84978.65523049122
100.16,84981.7478221467
100.17,84982.43030268629
100.18,84986.36948695983
100.19,84989.37051950896
100.2,84990.61666062099
100.21000000000001,84994.46780298022
100.22,84997.58866357007
100.23,85000.64966089987
100.24000000000001,85003.34373858442
100.25,85006.10075551274
100.26,85008.62184141966
100.27,85012.08701486366
100.28,85015.1631616919
100.29,85015.94287584425
100.3,85019.29710167788
100.31,85021.9443031216
100.32000000000001,85024.80477100644
100.33,85026.72454386651
100.34,85033.52881329405
100.35000000000001,85030.34299235982
100.36,85036.64518543961
100.37,85039.1067769493
100.38,85042.52458757018
100.39,85044.28721264811
100.4,85046.04864603908
100.41,85049.04793718683
100.42,85052.72934661826
100.43,85053.64545367198
100.44,85058.16893051726
100.45,85059.92651966117
100.46000000000001,85062.90342477096
100.47,85067.08367106269
100.48,85070.52640833394
100.49000000000001,85071.71817867272
100.5,85074.51980387447
100.51,85077.66736666263
100.52,85079.3253292594
100.53,85080.58005566032
100.54,85085.07391701647
100.55,85088.40670567508
100.56,85091.32937282119
100.57000000000001,85093.7936309734
100.58,85097.135135465
100.59,85100.30332775008
100.60000000000001,85102.55242494663
100.61,85104.75357132434
100.62,85109.28744245793
100.63,85111.6972703333
100.64,85114.27124542593
100.65,85115.88156903983
100.66,85117.9590963127
100.67,85121.34292153259
100.68,85122.89778712059
100.69,85126.92607070535
100.7,85127.59960085628
100.71000000000001,85131.84390351448
100.72,85134.25074817865
100.73,85137.43656469959
100.74000000000001,85140.65132920218
100.75,85143.02153264348
100.76,85145.56950481582
100.77,85149.44992037117
100.78,85150.35537083451
100.79,85154.70794360117
100.8,85156.36139202926
100.81,85157.97766864214
100.82000000000001,85161.85713411985
100.83,85164.62856892445
100.84,85168.11867540603
100.85000000000001,85171.40203019665
100.86,85174.0855613185
100.87,85177.32662116896
100.88,85179.5108436878
100.89,85181.998321209
100.9,85185.83618020071
100.91,85187.04879169095
100.92,85187.72714002598
100.93,85193.63581726953
100.94,85196.11969721472
100.95,85197.8169767556
100.96000000000001,85200.43452572096
100.97,85202.11688099909
100.98,85207.11166888817
100.99000000000001,85208.83968121526
101.0,85211.75582463985
101.01,85212.15521497911
101.02,85217.28433078581
101.03,85219.78686495121
101.04,85223.2382783156
101.05,85226.52164296272
101.06,85228.02892323026
101.07000000000001,85233.51446591358
101.08,85234.97633413426
101.09,85238.011665371
101.10000000000001,85239.47169086165
101.11,85242.32650467528
101.12,85247.11918799974
101.13,85248.09692622241
101.14,85251.6192724492
101.15,85254.60952119793
101.16,85255.20485588646
101.17,85259.2216257346
101.18,85263.13926951651
101.19,85265.28586321099
101.2,85266.86419310777
101.21000000000001,85269.71099202058
101.22,85272.57670248956
101.23,85274.58476623338
101.24000000000001,85280.32769477402
101.25,85282.07602006603
101.26,85283.90294858036
101.27,85287.64618345833
101.28,85288.40756285594
101.29,85293.47223607916
101.3,85295.14890080347
101.31,85297.9372079292
101.32000000000001,85302.49039829033
101.33,85303.64193638192
101.34,85305.25633707418
101.35000000000001,85307.77686015473
101.36,85312.48188050724
101.37,85313.80716597734
101.38,85319.68672113777
101.39,85320.93018844529
101.4,85321.0961833264
101.41,85324.09942098366
101.42,85327.97193437604
101.43,85331.66888646458
101.44,85334.67938334413
101.45,85335.61687285492
101.46000000000001,85339.58756898594
101.47,85342.84725464476
101.48,85345.17079732088
101.49000000000001,85346.70013610333
101.5,85350.75711577831
101.51,85354.59427693297
101.52,85356.75213109635
101.53,85359.94610738916
101.54,85361.34010305918
101.55,85364.78098101803
101.56,85367.42858541936
101.57000000000001,85369.49079196012
101.58,85372.987243858
101.59,85376.73986489161
101.60000000000001,85379.08388537161
101.61,85379.9390007715
101.62,85383.45398428827
101.63,85387.23054357438
101.64,85390.12737727554
101.65,85391.03589994606
101.66,85394.71329713495
101.67,85397.7595266725
101.68,85402.71544134653
101.69,85401.70930404961
101.7,85406.09352653076
101.71000000000001,85407.18250338711
101.72,85410.59125346258
101.73,85413.30513530165
101.74000000000001,85417.09506716688
101.75,85420.16902518395
101.76,85423.53724364072
101.77,85426.43780470561
101.78,85427.60234542159
101.79,85430.48535451108
101.8,85433.6856561433
101.81,85434.4912615555
101.82000000000001,85438.92273010992
101.83,85442.97363105255
101.84,85443.48071179788
101.85000000000001,85447.6127918468
101.86,85450.64494007683
101.87,85452.6461114815
101.88,85455.37965768507
101.89,85457.7099097405
101.9,85460.52010208966
101.91,85464.41714248568
101.92,85466.31853542956
101.93,85469.34001460753
101.94,85471.34121158339
101.95,85476.20572808631
101.96000000000001,85477.74871545304
101.97,85479.64345933672
101.98,85483.3164152738
101.99000000000001,85485.3087165435
102.0,85488.51800040364
102.01,85493.2415381965
102.02,85495.57449162772
102.03,85495.46787471608
102.04,85498.58074368905
102.05,85501.59583679405
102.06,85505.69859516804
102.07000000000001,85508.49877399497
102.08,85511.2907795447
102.09,85511.79353940979
102.10000000000001,85515.7146203829
102.11,85518.74834501755
102.12,85522.38268900082
102.13,85524.52219476676
102.14,85527.17416759806
102.15,85528.34424110438
102.16,85533.49937916195
102.17,85535.18562297881
102.18,85539.80369372603
102.19,85541.67548901033
102.2,85543.043670946
102.21000000000001,85547.59899701219
102.22,85549.98231055315
102.23,85552.49151328443
102.24000000000001,85555.3402999464
102.25,85556.43529610263
102.26,85561.06729909896
102.27,85563.45249361858
102.28,85565.70631846008
102.29,85568.81071076436
102.3,85570.75200748515
102.31,85574.04080372259
102.32000000000001,85576.84589128455
102.33,85580.61032983787
102.34,85582.92563020291
102.35000000000001,85584.37880978394
102.36,85590.63908370327
102.37,85590.38794821201
102.38,85594.8182786782
102.39,85596.45663976799
102.4,85600.50293479911
102.41,85602.42627114433
102.42,85604.93433541949
102.43,85607.20571069098
102.44,85610.40800213223
102.45,85613.59717702653
102.46000000000001,85616.23114483939
102.47,85618.52427431969
102.48,85623.01466625828
102.49000000000001,85625.06103325053
102.5,85626.90543289509
102.51,85628.06612404644
102.52,85633.11746898614
102.53,85635.04180070243
102.54,85639.40696043907
102.55,85642.29049350276
102.56,85643.73671263564
102.57000000000001,85646.86747833122
102.58,85649.75114115553
102.59,85651.3262694886
102.60000000000001,85654.4703693814
102.61,85657.88574277748
102.62,85658.76815360315
102.63,85662.73502269281
102.64,85665.36270717172
102.65,85665.92056366098
102.66,85673.1053528452
102.67,85673.63910434872
102.68,85676.31605449176
102.69,85678.99091750168
102.7,85682.78191488005
102.71000000000001,85684.42670024243
102.72,85688.66187731113
102.73,85688.7471910271
102.74000000000001,85693.70463805235
102.75,85694.96061696825
102.76,85698.66251071036
102.77,85702.38505999497
102.78,85704.91096830762
102.79,85707.17601335423
102.8,85709.40565361717
102.81,85714.14170288558
102.82000000000001,85713.74730376103
102.83,85718.3264583487
102.84,85723.32213624218
102.85000000000001,85724.70321388361
102.86,85726.31486392205
102.87,85728.90986751171
102.88,85731.23255095648
102.89,85735.63562859749
102.9,85736.81593680728
102.91,85739.54102757596
102.92,85743.5893039205
102.93,85747.50394760606
102.94,85746.92047754141
102.95,85751.0695158965
102.96000000000001,85754.50577368579
102.97,85756.69699362299
102.98,85760.82710716901
102.99000000000001,85761.73909246326
103.0,85764.07262497814
103.01,85769.11909871656
103.02,85769.99104377114
103.03,85775.44143850733
103.04,85775.64579711868
103.05,85781.2311147045
103.06,85780.55059264286
103.07000000000001,85785.81772041063
103.08,85788.02388379871
103.09,85789.98336660316
103.10000000000001,85794.34758802822
103.11,85796.42482627495
103.12,85799.39543398826
103.13,85802.6903768868
103.14,85804.04169532094
103.15,85807.04816968589
103.16,85808.77364698918
103.17,85812.76491872635
103.18,85815.61468735253
103.19,85818.40215010251
103.2,85821.16532851919
103.21000000000001,85823.62995546665
103.22,85826.81918657327
103.23,85827.89392952058
103.24000000000001,85832.78971791317
103.25,85835.76162759335
103.26,85837.76237806927
103.27,85838.77461864796
103.28,85843.04564583272
103.29,85845.51532508708
103.3,85847.72424381463
103.31,85852.34099525961
103.32000000000001,85855.05255880553
103.33,85857.98965392153
103.34,85858.90905179417
103.35000000000001,85863.63050298071
103.36,85864.0070622908
103.37,85867.53058385718
103.38,85869.24653226818
103.39,85873.30332633614
103.4,85875.81747644985
103.41,85878.42785045328
103.42,85882.72876937083
103.43,85883.95091103757
103.44,85886.77316805914
103.45,85890.14414438113
103.46000000000001,85894.33963169013
103.47,85895.54646619849
103.48,85896.65205585858
103.49000000000001,85900.92166162553
103.5,85905.21066797285
103.51,85905.489882347
103.52,85909.07519883591
103.53,85911.67656533782
103.54,85915.88477512293
103.55,85919.334164631
103.56,85922.88597889265
103.57000000000001,85923.10884425181
103.58,85925.7768977011
103.59,85926.97038316616
103.60000000000001,85930.6970371853
103.61,85935.55732809802
103.62,85937.86719332232
103.63,85942.54945913787
103.64,85943.48845715857
103.65,85945.11055404624
103.66,85948.23779236419
103.67,85949.35787271312
103.68,85954.61347699985
103.69,85955.96153486529
103.7,85958.30031310514
103.71000000000001,85961.41903242267
103.72,85966.84653173303
103.73,85968.27005756124
103.74000000000001,85968.88285254546
103.75,85971.14116800902
103.76,85976.68927997252
103.77,85978.3349652134
103.78,85980.18098723347
103.79,85985.14916878456
103.8,85987.18837304163
103.81,85990.5947115827
103.82000000000001,85991.35575304176
103.83,85992.74359456997
103.84,85999.70210787453
103.85000000000001,85999.04357629792
103.86,86003.89450359745
103.87,86007.44050777222
103.88,86008.51201806366
103.89,86011.46634175537
103.9,86013.45496182238
103.91,86018.39513290771
103.92,86018.05997342241
103.93,86024.27527111096
103.94,86026.82968558595
103.95,86028.14747342403
103.96000000000001,86031.2193040147
103.97,86033.23393746644
103.98,86036.19353522695
103.99000000000001,86039.26138505465
104.0,86041.63275045266
104.01,86045.36929951752
104.02,86048.11827045378
104.03,86051.23691238783
104.04,86053.1991415115
104.05,86057.8094786226
104.06,86060.16602626131
104.07000000000001,86061.44603043782
104.08,86064.18566220615
104.09,86067.99414353454
104.10000000000001,86070.15957451733
104.11,86072.32614592492
104.12,86073.75444308147
104.13,86077.77074035599
104.14,86082.46614965721
104.15,86084.51336300171
104.16,86085.60000026396
104.17,86088.28354039342
104.18,86092.14842905404
104.19,86095.37100545196
104.2,86098.72444898468
104.21000000000001,86099.19506409243
104.22,86103.32666504727
104.23,86105.79259539401
104.24000000000001,86108.88529431341
104.25,86112.02906155602
104.26,86112.60164453421
104.27,86116.7716474402
104.28,86120.5350006276
104.29,86122.46606102707
104.3,86125.45550721422
104.31,86129.3543290701
104.32000000000001,86129.91189827086
104.33,86133.26245517813
104.34,86136.15439855892
104.35000000000001,86139.20664995161
104.36,86143.39540170427
104.37,86143.73250174792
104.38,86147.77825674917
104.39,86149.56413627676
104.4,86154.73117552194
104.41,86155.79819234995
104.42,86157.80453925503
104.43,86160.33522584589
104.44,86165.04602603168
104.45,86166.64151393961
104.46000000000001,86170.40588061036
104.47,86172.10167589737
104.48,86174.70016283754
104.49000000000001,86179.46482037498
104.5,86181.9593728775
104.51,86183.33405173625
104.52,86187.78070187586
104.53,86188.19156826362
104.54,86192.29983096868
104.55,86193.93663306421
104.56,86197.35240604314
104.57000000000001,86199.62420581363
104.58,86202.34678484939
104.59,86205.95164018655
104.60000000000001,86210.54487458557
104.61,86209.87745075204
104.62,86215.03020396868
104.63,86216.50975569109
104.64,86221.5590312208
104.65,86221.44353350952
104.66,86225.3147380622
104.67,86229.49277086796
104.68,86231.53793160529
104.69,86234.72333527541
104.7,86236.25621361774
104.71000000000001,86238.26410036175
104.72,86241.72913672839
104.73,86245.37116255882
104.74000000000001,86247.84952879645
104.75,86249.48325214435
104.76,86254.08641049104
104.77,86257.4918817198
104.78,86259.56396613787
104.79,86262.14156778839
104.8,86264.33794505989
104.81,86267.38308244543
104.82000000000001,86269.81481867844
104.83,86270.73614807251
104.84,86276.19743801041
104.85000000000001,86278.63848489584
104.86,86280.66328321681
104.87,86283.33904057127
104.88,86286.3435531494
104.89,86290.12962114294
104.9,86291.81262373392
104.91,86295.38572640106
104.92,86296.54436926966
104.93,86301.77089758597
104.94,86302.5386482934
104.95,86305.62730279974
104.96000000000001,86308.54588071733
104.97,86312.76300412999
104.98,86317.1412016521
104.99000000000001,86317.7953337956
105.0,86318.64583617331
105.01,86322.09843186926
105.02,86325.15265171642
105.03,86328.77075596424
105.04,86331.29629242654
105.05,86334.63634235214
105.06,86335.6508078229
105.07000000000001,86337.92073930369
105.08,86341.15747770459
105.09,86344.10410976
105.10000000000001,86349.04903009953
105.11,86350.98141138369
105.12,86353.99312946822
105.13,86355.79809993408
105.14,86358.55896235144
105.15,86361.30287901843
105.16,86365.21738647719
105.17,86366.76466108883
105.18,86370.10838379426
105.19,86372.14669532885
105.2,86374.71782369264
105.21000000000001,86379.16471871547
105.22,86380.2872827413
105.23,86382.64312479299
105.24000000000001,86387.43067504471
105.25,86390.16347752104
105.26,86390.62093064205
105.27,86395.04097115868
105.28,86397.81352284705
105.29,86399.70781492665
105.3,86403.27622048394
105.31,86404.53821095898
105.32000000000001,86408.01682587521
105.33,86411.69930314367
105.34,86412.91747829605
105.35000000000001,86416.41886066018
105.36,86420.56561401638
105.37,86423.64866409237
105.38,86426.46161113709
105.39,86426.69486912986
105.4,86430.8728433245
105.41,86432.11332624589
105.42,86434.29449671063
105.43,86440.76959506351
105.44,86439.12336031023
105.45,86446.06993320918
105.46000000000001,86446.54750652281
105.47,86449.0269306112
105.48,86454.71843337516
105.49000000000001,86455.2537720684
105.5,86459.1565053243
105.51,86461.79801593434
105.52,86464.91161871675
105.53,86466.55745220162
105.54,86470.5439760642
105.55,86472.45125618008
105.56,86475.93404100757
105.57000000000001,86478.4980121418
105.58,86482.48959443913
105.59,86482.81543069798
105.60000000000001,86486.72125897011
105.61,86491.23317710846
105.62,86490.9560281945
105.63,86495.07039699517
105.64,86498.1353162825
105.65,86499.83165648975
105.66,86501.86802239409
105.67,86507.96798879516
105.68,86507.10914571055
105.69,86511.36610066869
105.7,86512.6456673497
105.71000000000001,86516.82025320592
105.72,86520.71226442857
105.73,86522.65817929615
105.74000000000001,86524.5027696354
105.75,86527.60866886315
105.76,86531.208675004
105.77,86533.00302969172
105.78,86537.35482544293
105.79,86538.4781684923
105.8,86542.57634470747
105.81,86545.67032513068
105.82000000000001,86548.75636765407
105.83,86550.51893533756
105.84,86555.58780803077
105.85000000000001,86557.68692108197
105.86,86557.65370072312
105.87,86562.85007551813
105.88,86565.19027224371
105.89,86568.90681060597
105.9,86569.03353093023
105.91,86573.2545367091
105.92,86575.85252941813
105.93,86578.40321982658
105.94,86580.67628609543
105.95,86583.74258467545
105.96000000000001,86588.53149016472
105.97,86590.3743906916
105.98,86594.52368265092
105.99000000000001,86593.88806127757
106.0,86596.2448074694
106.01,86600.73470164505
106.02,86602.05331739073
106.03,86605.65648383547
106.04,86609.47248230036
106.05,86609.86825177349
106.06,86613.88176679758
106.07000000000001,86614.08572425852
106.08,86618.21517838418
106.09,86622.46766419317
106.10000000000001,86626.49296847773
106.11,86628.78574882835
106.12,86632.13566611131
106.13,86634.03762930408
106.14,86636.72405214797
106.15,86639.8293519642
106.16,86643.39905856384
106.17,86644.5904032232
106.18,86647.19493243226
106.19,86650.24665563839
106.2,86654.7545162272
106.21000000000001,86656.71654764022
106.22,86655.55655215941
106.23,86662.87612269302
106.24000000000001,86665.01869822464
106.25,86667.47276212377
106.26,86669.54894136012
106.27,86671.41504353742
106.28,86675.41767427145
106.29,86678.90521793303
106.3,86679.43120511893
106.31,86683.4727434856
106.32000000000001,86684.94214634573
106.33,86689.77775249726
106.34,86693.31937034836
106.35000000000001,86694.02092506057
106.36,86697.89479165987
106.37,86701.02856335041
106.38,86702.35552785141
106.39,86704.91363983919
106.4,86709.02532530056
106.41,86710.4290815664
106.42,86714.9452444742
106.43,86717.4549296248
106.44,86720.79269338647
106.45,86721.27205981247
106.46000000000001,86724.60702598967
106.47,86728.04768765651
106.48,86731.0394787399
106.49000000000001,86734.23716355662
106.5,86738.22253637982
106.51,86739.47916156625
106.52,86740.11962982849
106.53,86745.87224050345
106.54,86748.497110518
106.55,86752.5293309844
106.56,86753.84802468531
106.57000000000001,86756.62501634369
106.58,86758.88149078548
106.59,86761.18144216895
106.60000000000001,86763.78094916018
106.61,86767.55971237748
106.62,86770.39350750663
106.63,86773.7612151446
106.64,86776.046135671
106.65,86778.2660025048
106.66,86778.82595476779
106.67,86782.379944837
106.68,86787.56720635996
106.69,86788.67227599757
106.7,86792.51230609938
106.71000000000001,86795.71655331091
106.72,86797.28058239636
106.73,86801.78369867084
106.74000000000001,86801.92054856743
106.75,86805.88313729517
106.76,86809.12433364644
106.77,86811.4689122104
106.78,86814.78595370869
106.79,86815.78044832402
106.8,86820.05015133772
106.81,86822.88751073125
106.82000000000001,86826.86764539014
106.83,86828.74345204364
106.84,86830.77635818333
106.85000000000001,86833.97269301809
106.86,86836.80081019732
106.87,86839.09260260152
106.88,86842.05768712505
106.89,86844.0752791669
106.9,86848.2778763435
106.91,86849.98111216367
106.92,86852.79569752389
106.93,86857.12449331128
106.94,86859.25555178669
106.95,86863.04770898471
106.96000000000001,86864.54609879803
106.97,86867.49971671308
106.98,86870.24514150115
106.99000000000001,86873.13182605279
107.0,86875.52040014882
107.01,86879.95687619205
107.02,86880.3656876937
107.03,86883.54291997482
107.04,86885.6223284571
107.05,86890.44909469342
107.06,86891.61455967098
107.07000000000001,86895.99552485859
107.08,86899.38937937113
107.09,86900.78836638377
107.10000000000001,86903.81925056207
107.11,86906.99118221401
107.12,86910.1042468208
107.13,86912.68189002224
107.14,86914.29264823034
107.15,86917.7811577565
107.16,86921.33716103289
107.17,86921.71734728054
107.18,86926.96120149085
107.19,86928.64877371855
107.2,86929.62653832605
107.21000000000001,86933.2689184995
107.22,86939.98356202722
107.23,86939.67787009606
107.24000000000001,86942.1571745989
107.25,86947.18251800825
107.26,86946.55964817456
107.27,86951.14090336981
107.28,86953.88463309723
107.29,86955.52180990373
107.3,86958.60705669216
107.31,86964.05155138532
107.32000000000001,86965.62980057672
107.33,86967.06869809693
107.34,86970.80264811894
107.35000000000001,86972.72824924762
107.36,86973.99252483889
107.37,86978.54028285628
107.38,86981.89625102057
107.39,86983.46521397876
107.4,86987.52450258548
107.41,86989.49989206155
107.42,86993.12734417722
107.43,86996.52461417923
107.44,86999.06645708265
107.45,87000.92738324977
107.46000000000001,87005.70654195148
107.47,87004.61939200042
107.48,87008.10976179775
107.49000000000001,87009.85835229584
107.5,87014.65103517727
107.51,87018.75592491405
107.52,87021.08709445188
107.53,87022.8563236938
107.54,87025.97571272634
107.55,87028.47119213663
107.56,87032.38512444393
107.57000000000001,87033.11055266015
107.58,87038.7305497869
107.59,87040.41978677387
107.60000000000001,87042.34306462578
107.61,87046.1411332098
107.62,87050.30190274207
107.63,87052.56019547104
107.64,87054.54072266347
107.65,87056.78891862051
107.66,87058.42863111757
107.67,87062.3971405887
107.68,87065.4815534268
107.69,87067.7447048133
107.7,87070.65982068593
107.71000000000001,87072.9425474259
107.72,87077.78211875305
107.73,87078.85125611277
107.74000000000001,87083.18960117805
107.75,87083.89166321851
107.76,87087.8738164166
107.77,87091.03303002844
107.78,87093.08678513239
107.79,87094.83208159632
107.8,87097.7104830557
107.81,87102.20889041819
107.82000000000001,87103.98977632595
107.83,87108.01867939137
107.84,87110.85458596784
107.85000000000001,87111.9826356047
107.86,87114.86169396326
107.87,87118.48008672346
107.88,87120.42786060674
107.89,87126.47232281926
107.9,87125.33026235967
107.91,87129.4162023977
107.92,87130.02950744415
107.93,87133.3847648038
107.94,87137.26080217186
107.95,87141.75027833022
107.96000000000001,87143.01632500767
107.97,87144.68627032422
107.98,87147.55293452453
107.99000000000001,87152.1582815135
108.0,87153.40405834603
108.01,87155.00540940976
108.02,87158.96696328137
108.03,87159.66676259115
108.04,87164.59353101609
108.05,87170.00770021116
108.06,87170.10455243614
108.07000000000001,87172.61120789193
108.08,87176.92412725402
108.09,87179.36732022883
108.10000000000001,87180.33966718419
108.11,87185.88221907492
108.12,87186.85164097745
108.13,87192.16766367458
108.14,87193.25086833807
108.15,87197.10308975326
108.16,87200.89408237585
108.17,87201.24129360466
108.18,87205.00495817063
108.19,87206.93988099985
108.2,87208.53359763426
108.21000000000001,87213.86731020274
108.22,87215.50811820157
108.23,87218.25123376513
108.24000000000001,87223.13724633864
108.25,87224.21075793276
108.26,87226.73409727341
108.27,87229.23414895408
108.28,87231.29407316286
108.29,87235.3950965571
108.3,87237.83869917227
108.31,87240.62722017913
108.32000000000001,87243.32137830216
108.33,87248.338896476
108.34,87249.35797632433
108.35000000000001,87251.9985354756
108.36,87254.69394066384
108.37,87259.43217346756
108.38,87260.90042521345
108.39,87262.95649570432
108.4,87266.36079372051
108.41,87269.0507060969
108.42,87270.89037912636
108.43,87272.71386401895
108.44,87278.21737711111
108.45,87280.5075012882
108.46000000000001,87282.80010770509
108.47,87285.5180318968
108.48,87289.03308824264
108.49000000000001,87289.6559019961
108.5,87292.9677310956
108.51,87296.91397948026
108.52,87299.8964635865
108.53,87301.40093980725
108.54,87305.32711911228
108.55,87307.30154291801
108.56,87308.50140717208
108.57000000000001,87311.10595309419
108.58,87315.26377567233
108.59,87320.98829080716
108.60000000000001,87321.3625737351
108.61,87324.31514597913
108.62,87327.2665382984
108.63,87329.97024384575
108.64,87333.61176693175
108.65,87334.84448445615
108.66,87339.5221295188
108.67,87340.88198823141
108.68,87342.57334224507
108.69,87346.67220910284
108.7,87349.79971316707
108.71000000000001,87354.29036362552
108.72,87353.0811852347
108.73,87359.25320873946
108.74000000000001,87362.94012089435
108.75,87364.37524423184
108.76,87365.99650102656
108.77,87368.66707381148
108.78,87372.68320165337
108.79,87374.38747088163
108.8,87377.46504972497
108.81,87380.23771209558
108.82000000000001,87383.87350532241
108.83,87386.0185971349
108.84,87389.9568683103
108.85000000000001,87392.19881283524
108.86,87394.1340458309
108.87,87398.88204816439
108.88,87401.48948287501
108.89,87403.21955992177
108.9,87404.82902666618
108.91,87408.5529762434
108.92,87410.5411436628
108.93,87415.30802376129
108.94,87416.29642601055
108.95,87420.17178815382
108.96000000000001,87423.03254041122
108.97,87426.9700046525
108.98,87428.31796121137
108.99000000000001,87431.83505388202
109.0,87434.15435735953
109.01,87434.97397204899
109.02,87439.54548686185
109.03,87443.71378770939
109.04,87444.50244988925
109.05,87447.9416719835
109.06,87451.61666352685
109.07000000000001,87453.30853078571
109.08,87457.26937601654
109.09,87459.5672435317
109.10000000000001,87458.77128228905
109.11,87463.53225030945
109.12,87465.34284010086
109.13,87469.15618131052
109.14,87472.7209451012
109.15,87474.81745416492
109.16,87479.83251097421
109.17,87482.30206362615
109.18,87484.43643405777
109.19,87486.3853130641
109.2,87488.08577143092
109.21000000000001,87492.58914236593
109.22,87495.67179718995
109.23,87496.70660494354
109.24000000000001,87500.4395003945
109.25,87503.53149729359
109.26,87507.02265734594
109.27,87509.30057720216
109.28,87511.5200397226
109.29,87513.93775858624
109.3,87518.05821702603
109.31,87520.44570013441
109.32000000000001,87519.98695557775
109.33,87525.68377580646
109.34,87528.57469201765
109.35000000000001,87532.5864459833
109.36,87533.71761939814
109.37,87536.67342107192
109.38,87538.66422793285
109.39,87542.03602721065
109.4,87543.96088863058
109.41,87548.21936261482
109.42,87550.71589331649
109.43,87552.00865071641
109.44,87558.20330433354
109.45,87558.2323561343
109.46000000000001,87559.71656404698
109.47,87567.13072096549
109.48,87568.66995964905
109.49000000000001,87569.98316722561
109.5,87575.67323571334
109.51,87575.62254464971
109.52,87580.19004489471
109.53,87582.67208563338
109.54,87584.85003298106
109.55,87585.89954875216
109.56,87590.39436712276
109.57000000000001,87593.8173717025
109.58,87594.52656721785
109.59,87596.6912749308
109.60000000000001,87601.37465468331
109.61,87606.04132869573
109.62,87605.61101789623
109.63,87610.22754365859
109.64,87611.64857947953
109.65,87616.57460684987
109.66,87618.16925002975
109.67,87621.22585071398
109.68,87623.06741229536
109.69,87626.07806792398
109.7,87629.8577304785
109.71000000000001,87632.81925749045
109.72,87633.95035570618
109.73,87639.6379970807
109.74000000000001,87640.35671967853
109.75,87643.06254526714
109.76,87647.13553760378
109.77,87648.8308869911
109.78,87651.87996736768
109.79,87653.02243435515
109.8,87657.74265185684
109.81,87660.08198426497
109.82000000000001,87662.65350653876
109.83,87666.50625160277
109.84,87669.03079797151
109.85000000000001,87670.6917412957
109.86,87674.31136015715
109.87,87676.62014750285
109.88,87678.96387544805
109.89,87682.19650948035
109.9,87684.62817928217
109.91,87687.34114229829
109.92,87689.52269474982
109.93,87694.29897736285
109.94,87697.62171398489
109.95,87698.72298614698
109.96000000000001,87701.00000378191
109.97,87703.0478978765
109.98,87708.84314957328
109.99000000000001,87711.8576985709
110.0,87713.67713836262
110.01,87714.51354017328
110.02,87719.10701149708
110.03,87720.59006477371
110.04,87724.30088823661
110.05,87726.7019034025
110.06,87729.00386792487
110.07000000000001,87732.70141027539
110.08,87735.08157150805
110.09,87736.73850177597
110.10000000000001,87741.25929119565
110.11,87744.44434603139
110.12,87743.78688861123
110.13,87747.36041343046
110.14,87753.17382707879
110.15,87756.2586237865
110.16,87757.4733228582
110.17,87761.4058168367
110.18,87764.88159878236
110.19,87767.2109365284
110.2,87768.89052942726
110.21000000000001,87770.91333576792
110.22,87774.91643744026
110.23,87778.39543645285
110.24000000000001,87778.87323711638
110.25,87781.88023874545
110.26,87785.85239693704
110.27,87788.66456490148
110.28,87791.68057120677
110.29,87794.4131308788
110.3,87796.69648045234
110.31,87799.48805206441
110.32000000000001,87800.74812423886
110.33,87805.88164889622
110.34,87807.04123152957
110.35000000000001,87810.39299916218
110.36,87813.50857476401
110.37,87816.192616646
110.38,87817.38340822459
110.39,87824.1195045008
110.4,87826.46680212779
110.41,87826.7904385603
110.42,87829.9705874974
110.43,87834.94691483356
110.44,87835.83578834115
110.45,87838.22328624761
110.46000000000001,87841.11518983827
110.47,87843.50042553748
110.48,87848.83158049107
110.49000000000001,87849.94400707624
110.5,87854.90244074626
110.51,87855.37052893291
110.52,87857.81359057127
110.53,87862.70991759974
110.54,87863.85672109807
110.55,87866.32764871213
110.56,87870.10502042492
110.57000000000001,87872.22554658297
110.58,87875.3575828586
110.59,87879.3454294712
110.60000000000001,87882.86915314618
110.61,87885.12558171622
110.62,87887.61561189836
110.63,87889.39354515403
110.64,87891.75547454257
110.65,87895.28768359225
110.66,87897.8485778613
110.67,87901.15698262311
110.68,87902.29936012512
110.69,87905.67791425262
110.7,87911.23477531337
110.71000000000001,87912.04067007916
110.72,87914.04251241586
110.73,87916.44629451158
110.74000000000001,87919.31810978054
110.75,87923.50628135893
110.76,87924.94474541812
110.77,87927.30180398397
110.78,87931.09144442332
110.79,87935.70562119313
110.8,87937.72213960417
110.81,87939.00857705298
110.82000000000001,87942.35510097264
110.83,87945.75489585841
110.84,87948.06934549472
110.85000000000001,87949.43829252412
110.86,87953.32381183359
110.87,87958.0406102481
110.88,87957.41404843784
110.89,87963.28137683614
110.9,87965.67958606339
110.91,87967.51489261059
110.92,87969.86442707195
110.93,87972.58437847487
110.94,87974.78792006044
110.95,87979.47404952119
110.96000000000001,87981.93589341528
110.97,87983.34596312333
110.98,87986.50729259895
110.99000000000001,87991.89232986879
111.0,87991.3693940897
111.01,87995.80487041864
111.02,87999.05400641476
111.03,87999.02311761558
111.04,88004.83652420618
111.05,88007.42188167022
111.06,88008.7113770984
111.07000000000001,88012.91153121155
111.08,88014.92915822698
111.09,88020.0414534873
111.10000000000001,88021.4741328365
111.11,88023.29587874001
111.12,88027.07227878115
111.13,88028.93621626504
111.14,88032.509294777
111.15,88035.48033442697
111.16,88038.85281857425
111.17,88039.91477467514
111.18,88043.11045214858
111.19,88046.95406928229
111.2,88048.3669271223
111.21000000000001,88051.7608397642
111.22,88054.66141166989
111.23,88057.4418137918
111.24000000000001,88059.253880627
111.25,88062.88675649562
111.26,88065.38859748344
111.27,88069.01469230778
111.28,88073.40914287292
111.29,88072.26531788254
111.3,88077.81252785212
111.31,88081.10105692355
111.32000000000001,88080.96179067412
111.33,88086.00286446397
111.34,88087.629639798
111.35000000000001,88090.81636885185
111.36,88094.06855106898
111.37,88098.16696969813
111.38,88098.50725964889
111.39,88099.86011933778
111.4,88105.09345347366
111.41,88108.96003524448
111.42,88110.62554980595
111.43,88113.69244288698
111.44,88115.62252234666
111.45,88120.48932987123
111.46000000000001,88121.23948131008
111.47,88123.61492452318
111.48,88127.45529422593
111.49000000000001,88130.41982136334
111.5,88132.33681639702
111.51,88133.53310321512
111.52,88138.1927711142
111.53,88140.2926929819
111.54,88144.40485117
111.55,88146.70680033114
111.56,88150.32766363154
111.57000000000001,88150.40933847241
111.58,88156.28138529409
111.59,88155.98993167155
111.60000000000001,88159.83214151923
111.61,88163.41987250364
111.62,88165.32433187522
111.63,88169.61869517612
111.64,88172.57355686578
111.65,88174.56085950314
111.66,88179.11115786301
111.67,88180.86196744243
111.68,88183.70637933203
111.69,88188.23379663368
111.7,88190.34925183743
111.71000000000001,88191.6171544043
111.72,88196.10220604402
111.73,88196.38162524856
111.74000000000001,88200.50571769447
111.75,88203.1696111062
111.76,88207.36066785055
111.77,88208.88017436228
111.78,88212.3182645975
111.79,88215.33786745186
111.8,88217.25105932169
111.81,88220.67022960023
111.82000000000001,88222.82023709475
111.83,88227.12807147825
111.84,88229.11346354683
111.85000000000001,88230.8752164231
111.86,88235.17679571836
111.87,88237.72182270336
111.88,88241.38732133547
111.89,88241.5172381326
111.9,88245.84330315868
111.91,88247.89755806142
111.92,88248.61995523717
111.93,88253.72674776186
111.94,88256.33692625647
111.95,88259.40126072498
111.96000000000001,88262.35051037252
111.97,88266.0628159797
111.98,88267.4764176753
111.99000000000001,88271.08771453728
112.0,88273.38823046074
112.01,88274.67070200728
112.02,88278.8068308002
112.03,88281.27307494909
112.04,88283.91905426524
112.05,88286.46577930445
112.06,88291.36280003116
112.07000000000001,88291.63529283644
112.08,88294.96893232093
112.09,88299.8487463065
112.10000000000001,88300.49903903004
112.11,88302.5209055947
112.12,88305.55762539485
112.13,88308.3364570156
112.14,88312.14964107359
112.15,88314.64796892223
112.16,88319.58300649293
112.17,88320.03639411146
112.18,88323.87062315266
112.19,88326.35857180541
112.2,88328.52556125769
112.21000000000001,88331.45009202107
112.22,88335.43033274067
112.23,88337.04407343382
112.24000000000001,88341.16293721838
112.25,88345.09797108013
112.26,88346.97047640558
112.27,88348.31020131242
112.28,88353.03212825187
112.29,88355.54011225516
112.3,88356.47321235761
112.31,88361.12286280004
112.32000000000001,88363.00487467267
112.33,88365.05090742622
112.34,88369.60122252489
112.35000000000001,88372.20461624385
112.36,88373.14691483487
112.37,88376.27548347125
112.38,88381.54648354059
112.39,88385.73098806251
112.4,88384.53808831207
112.41,88387.18559988547
112.42,88391.45838937709
112.43,88393.45807410998
112.44,88396.51596743296
112.45,88400.20989523537
112.46000000000001,88403.16309453426
112.47,88404.6803390426
112.48,88407.39620389567
112.49000000000001,88410.73325942637
112.5,88413.07553699226
112.51,88417.65157724344
112.52,88418.48086573709
112.53,88421.75638662744
112.54,88423.95821513991
112.55,88427.05863695448
112.56,88430.03518437319
112.57000000000001,88434.05448331793
112.58,88434.65843314157
112.59,88438.64290015888
112.60000000000001,88441.68996726909
112.61,88445.57395034385
112.62,88445.9786866181
112.63,88448.95330208472
112.64,88453.06579292404
112.65,88456.12882165759
112.66,88458.27572726613
112.67,88460.62132039288
112.68,88463.96812436167
112.69,88466.68633601868
112.7,88471.15528189132
112.71000000000001,88473.08563169796
112.72,88475.41167107341
112.73,88479.98069017389
112.74000000000001,88481.40172375509
112.75,88484.65478520766
112.76,88487.0067591225
112.77,88488.9772407527
112.78,88492.68062016781
112.79,88496.7490034528
112.8,88498.4508440783
112.81,88500.52658260221
112.82000000000001,88504.17164384441
112.83,88507.02122237775
112.84,88510.58452191259
112.85000000000001,88510.9558904354
112.86,88515.40536860231
112.87,88516.09402507299
112.88,88520.97877316544
112.89,88523.02318614587
112.9,88527.02034180818
112.91,88528.72014779442
112.92,88531.15158387562
112.93,88535.3454477299
112.94,88536.58178868178
112.95,88539.79972235797
112.96000000000001,88543.06382734796
112.97,88547.19257170177
112.98,88547.15860370555
112.99000000000001,88552.25296861242
113.0,88555.92386590599
113.01,88556.3341349372
113.02,88559.29363139706
113.03,88563.56295552956
113.04,88565.09980920212
113.05,88569.112913659
113.06,88570.52766974532
113.07000000000001,88574.53057071383
113.08,88578.00354583014
113.09,88581.1439557373
113.10000000000001,88581.48635173867
113.11,88585.53465718366
113.12,88586.80053045864
113.13,88591.17144559922
113.14,88592.9718864462
113.15,88594.76488461586
113.16,88599.55695247639
113.17,88601.43471568562
113.18,88601.56793548861
113.19,88606.88461734634
113.2,88611.91710064515
113.21000000000001,88611.86794161821
113.22,88615.36153474782
113.23,88618.05237044126
113.24000000000001,88623.03934238918
113.25,88625.2115857474
113.26,88625.17351444176
113.27,88631.2428385774
113.28,88632.13854784968
113.29,88635.85856509914
113.3,88637.74324710033
113.31,88644.04335635954
113.32000000000001,88643.02126307222
113.33,88647.06896097123
113.34,88649.6383700882
113.35000000000001,88653.1515154134
113.36,88656.26036708863
113.37,88659.65929683346
113.38,88661.39394466355
113.39,88664.56841382716
113.4,88667.52561970211
113.41,88669.10638811307
113.42,88672.57808368899
113.43,88672.90050176754
113.44,88677.23704075106
113.45,88680.04703926796
113.46000000000001,88683.85210772022
113.47,88686.35547567799
113.48,88689.42416168173
113.49000000000001,88690.47397187664
113.5,88695.12810485643
113.51,88696.78201989271
113.52,88700.06687474574
113.53,88703.77772446991
113.54,88707.22008532085
113.55,88708.58992895762
113.56,88711.36048771201
113.57000000000001,88713.41742936139
113.58,88716.65981259619
113.59,88720.06995663552
113.60000000000001,88722.67350535374
113.61,88725.9990993187
113.62,88728.21622759105
113.63,88730.93421991196
113.64,88732.79306873573
113.65,88737.36542709534
113.66,88738.96843048594
113.67,88743.13063870333
113.68,88744.24917629507
113.69,88747.75004450743
113.7,88751.79198181766
113.71000000000001,88753.23784706647
113.72,88755.12024969657
113.73,88758.4006291507
113.74000000000001,88760.95353306278
113.75,88765.21042329668
113.76,88768.90415162782
113.77,88770.15134865163
113.78,88773.10167732343
113.79,88776.43188768013
113.8,88777.72681024022
113.81,88782.74915424362
113.82000000000001,88785.83529907219
113.83,88788.22144400695
113.84,88791.6536121824
113.85000000000001,88794.6929573453
113.86,88797.86971882041
113.87,88798.27725378759
113.88,88801.53233874867
113.89,88805.05169466784
113.9,88807.2439390458
113.91,88809.39921937186
113.92,88811.56553181139
113.93,88815.05604107569
113.94,88820.62664200299
113.95,88819.8549170522
113.96000000000001,88826.33579053431
113.97,88826.11591282536
113.98,88830.38208575669
113.99000000000001,88831.9683610839
114.0,88834.49194196066
114.01,88839.24706240541
114.02,88840.48846886646
114.03,88843.42468198904
114.04,88847.06905954215
114.05,88849.55004614276
114.06,88852.08000591096
114.07000000000001,88855.11201546139
114.08,88857.60247179533
114.09,88860.2078346741
114.10000000000001,88864.36573345121
114.11,88867.4421326705
114.12,88869.72144160386
114.13,88873.09657447295
114.14,88873.77628217467
114.15,88877.50964712017
114.16,88880.69928006615
114.17,88882.55024096314
114.18,88886.15371595057
114.19,88890.37019514127
114.2,88892.83233263165
114.21000000000001,88895.01088950763
114.22,88898.7128096828
114.23,88899.10367361223
114.24000000000001,88902.92576596365
114.25,88905.63821241957
114.26,88908.86351613056
114.27,88911.88746153044
114.28,88913.12156059587
114.29,88916.76989904209
114.3,88919.28139584993
114.31,88922.13474322486
114.32000000000001,88924.74028930566
114.33,88927.56593344198
114.34,88930.9357057394
114.35000000000001,88935.49298267126
114.36,88937.9639442861
114.37,88940.05744654813
114.38,88943.18307351979
114.39,88945.69089285714
114.4,88946.87734823108
114.41,88949.58379183366
114.42,88952.67589010762
114.43,88955.42676143724
114.44,88960.08768787111
114.45,88962.54309690783
114.46000000000001,88963.34155634952
114.47,88968.39190667385
114.48,88970.53147798737
114.49000000000001,88972.62583426516
114.5,88976.42662229772
114.51,88980.8511765878
114.52,88981.49517454642
114.53,88985.4534721473
114.54,88986.37206860943
114.55,88991.0854431381
114.56,88993.11940096636
114.57000000000001,88997.12878632155
114.58,89000.1235649205
114.59,89002.99192746317
114.60000000000001,89004.49120740418
114.61,89006.54449554427
114.62,89009.36906228609
114.63,89013.04808655525
114.64,89014.24669379345
114.65,89019.74322733885
114.66,89022.64558521876
114.67,89025.47753718306
114.68,89025.891013845
114.69,89028.85917106665
114.7,89032.30911098832
114.71000000000001,89036.46530137032
114.72,89038.63864121359
114.73,89040.23582226758
114.74000000000001,89044.30299685485
114.75,89047.16132093882
114.76,89048.7937087453
114.77,89052.07740667861
114.78,89054.50873078685
114.79,89056.87151939778
114.8,89061.07127745949
114.81,89062.65140964581
114.82000000000001,89066.66097929131
114.83,89068.93579584884
114.84,89070.3669671655
114.85000000000001,89075.74376355943
114.86,89077.43008779171
114.87,89080.01810001633
114.88,89082.75753571694
114.89,89085.78780653985
114.9,89087.83969687026
114.91,89090.94743975748
114.92,89093.67748084241
114.93,89097.60247965308
114.94,89100.28208050251
114.95,89102.44002387421
114.96000000000001,89106.63996678867
114.97,89107.62738743325
114.98,89112.99750342818
114.99000000000001,89114.02996154397
115.0,89118.38801378809
115.01,89120.10819448614
115.02,89122.82282869815
115.03,89124.89168297157
115.04,89127.89503159028
115.05,89131.7105493537
115.06,89135.12262712092
115.07000000000001,89136.77226087081
115.08,89139.2127955976
115.09,89142.29682731284
115.10000000000001,89146.97296297128
115.11,89148.465088587
115.12,89151.42693813817
115.13,89154.75969264317
115.14,89156.066265744
115.15,89157.85928951189
115.16,89162.40996131742
115.17,89164.32833214053
115.18,89169.41507678747
115.19,89169.30970084557
115.2,89174.64934870643
115.21000000000001,89178.29047177052
115.22,89178.953143941
115.23,89183.22556286048
115.24000000000001,89186.34611853989
115.25,89189.22528727258
115.26,89190.72616676704
115.27,89194.5415578364
115.28,89197.199596286
115.29,89199.44385322234
115.3,89201.40159990391
115.31,89203.40842810243
115.32000000000001,89206.70471562627
115.33,89211.664520808
115.34,89213.0901947766
115.35000000000001,89215.8420094223
115.36,89219.98624306427
115.37,89222.96971831187
115.38,89225.53874647402
115.39,89226.7226708231
115.4,89228.61864985016
115.41,89235.99195177447
115.42,89233.30664928816
115.43,89237.72550477502
115.44,89239.8466252558
115.45,89244.55632290251
115.46000000000001,89247.68248901214
115.47,89248.06882216036
115.48,89255.07741177546
115.49000000000001,89257.31268318965
115.5,89259.52770938077
115.51,89262.41035302325
115.52,89264.80076623672
115.53,89266.6179026314
115.54,89271.22231400045
115.55,89272.20586502178
115.56,89277.45618655566
115.57000000000001,89278.03437991909
115.58,89280.8499857741
115.59,89284.169454573
115.60000000000001,89286.81319910333
115.61,89290.68465420282
115.62,89294.31377034506
115.63,89295.5618626811
115.64,89297.35681945857
115.65,89299.41198811408
115.66,89304.05916024002
115.67,89306.4086406496
115.68,89308.87901924422
115.69,89310.78096800773
115.7,89313.72406413639
115.71000000000001,89316.97591863413
115.72,89319.80689355514
115.73,89324.44278057004
115.74000000000001,89327.26369023538
115.75,89329.2571079093
115.76,89331.89121025783
115.77,89333.00726802768
115.78,89337.34181374515
115.79,89339.41442926225
115.8,89341.33260747175
115.81,89343.50157409935
115.82000000000001,89348.06598261774
115.83,89349.7501095408
115.84,89353.15521477624
115.85000000000001,89357.92429445987
115.86,89358.84142746509
115.87,89361.45756133896
115.88,89364.44647951382
115.89,89366.34248104213
115.9,89370.23141258708
115.91,89372.78379851716
115.92,89377.28119461484
115.93,89381.26376883265
115.94,89382.7722007817
115.95,89386.37926292876
115.96000000000001,89388.2895966535
115.97,89389.53434950797
115.98,89395.2506118936
115.99000000000001,89397.26605774151
116.0,89401.04612373495
116.01,89403.05630009268
116.02,89405.0072907268
116.03,89407.59685720781
116.04,89409.76870884749
116.05,89414.97994750479
116.06,89419.5611560976
116.07000000000001,89419.55889219673
116.08,89421.07608523183
116.09,89424.02350980273
116.10000000000001,89425.7126071632
116.11,89429.44759873192
116.12,89434.61059216651
116.13,89436.7330603591
116.14,89437.48333066565
116.15,89442.37917403516
116.16,89444.20421352258
116.17,89447.06435479417
116.18,89449.6894616433
116.19,89453.40621156727
116.2,89455.87426012142
116.21000000000001,89460.80704101684
116.22,89461.058738948
116.23,89465.98022326786
116.24000000000001,89468.98999764869
116.25,89469.34141459058
116.26,89471.19801242252
116.27,89478.63718229897
116.28,89478.17830404767
116.29,89479.38310166332
116.3,89483.65759362157
116.31,89487.1687937343
116.32000000000001,89490.11870143628
116.33,89492.93222893872
116.34,89495.86249370275
116.35000000000001,89497.32425674044
116.36,89500.78768275824
116.37,89502.96618056722
116.38,89506.91760063675
116.39,89508.81665904584
116.4,89512.86200123806
116.41,89515.37052694068
116.42,89518.3480695698
116.43,89521.84827166123
116.44,89523.0013294503
116.45,89526.81243486068
116.46000000000001,89529.74745327324
116.47,89531.91702726201
116.48,89533.94817965172
116.49000000000001,89537.43900578217
116.5,89540.69079344311
116.51,89542.95956787943
116.52,89547.82117772412
116.53,89549.03019596223
116.54,89552.61350669159
116.55,89555.81437908129
116.56,89556.56243515409
116.57000000000001,89561.283223711
116.58,89564.16614780814
116.59,89565.79532032592
116.60000000000001,89567.5511554899
116.61,89570.27834547606
116.62,89574.67223206363
116.63,89577.6698201481
116.64,89580.47902902972
116.65,89582.18000102893
116.66,89585.5160484503
116.67,89588.79106799506
116.68,89591.33605071588
116.69,89595.55425685461
116.7,89597.78172387075
116.71000000000001,89601.37057239059
116.72,89602.17838868957
116.73,89605.16698376207
116.74000000000001,89610.27800755743
116.75,89612.71656027816
116.76,89614.81321343733
116.77,89617.27816551558
116.78,89619.63324375788
116.79,89621.25450184505
116.8,89626.82911375737
116.81,89628.9762970835
116.82000000000001,89631.43546438141
116.83,89635.14119481681
116.84,89637.75856153131
116.85000000000001,89638.81765224379
116.86,89641.49180358856
116.87,89645.76681383433
116.88,89649.54568863552
116.89,89650.72701990978
116.9,89654.04056384276
116.91,89656.17665633882
116.92,89658.52637070623
116.93,89662.58308956125
116.94,89664.90570979136
116.95,89668.302473704
116.96000000000001,89672.77238307144
116.97,89673.85113148193
116.98,89675.9899641775
116.99000000000001,89680.09339895214
117.0,89682.46665313905
117.01,89684.7012381788
117.02,89686.87655466652
117.03,89690.42129979434
117.04,89693.0614965569
117.05,89697.3570828039
117.06,89699.02446529947
117.07000000000001,89702.45409197286
117.08,89703.63302690309
117.09,89709.0606313602
117.10000000000001,89711.71783683605
117.11,89712.76169838382
117.12,89717.65276111841
117.13,89720.15334424368
117.14,89722.9090128521
117.15,89725.66008327766
117.16,89726.91714295592
117.17,89731.23379285847
117.18,89735.1897864703
117.19,89737.42593158082
117.2,89738.83088109747
117.21000000000001,89740.68050161307
117.22,89741.8336444319
117.23,89748.29260710381
117.24000000000001,89749.7407831342
117.25,89753.83586249141
117.26,89756.44112691526
117.27,89759.1863302766
117.28,89761.23463095952
117.29,89764.51374886297
117.3,89766.2576500127
117.31,89768.90815164123
117.32000000000001,89773.15982664004
117.33,89774.6414730129
117.34,89778.9472472369
117.35000000000001,89780.41536605623
117.36,89783.93624463682
117.37,89787.67642759733
117.38,89789.06417331655
117.39,89793.01155763396
117.4,89795.46283214088
117.41,89797.46385813627
117.42,89800.03891696795
117.43,89801.94019770787
117.44,89807.26381479218
117.45,89808.87109060583
117.46000000000001,89812.68197021389
117.47,89814.49592933738
117.48,89819.27519429414
117.49000000000001,89821.18901286004
117.5,89824.20206349148
117.51,89827.70379561203
117.52,89830.84233031885
117.53,89831.27178834999
117.54,89833.9824250395
117.55,89840.05196903562
117.56,89841.34860070828
117.57000000000001,89842.3372265218
117.58,89846.71688340564
117.59,89848.96571068869
117.60000000000001,89851.57493212922
117.61,89854.79245739926
117.62,89858.61985630062
117.63,89860.76158083939
117.64,89862.85353702224
117.65,89866.17423782805
117.66,89869.63985434014
117.67,89871.56632438143
117.68,89873.20742936019
117.69,89876.46271706553
117.7,89880.03549452109
117.71000000000001,89884.16268905411
117.72,89883.6234463692
117.73,89889.46941771678
117.74000000000001,89892.08463074254
117.75,89893.07670793506
117.76,89898.01189512628
117.77,89899.61892687716
117.78,89903.7166923405
117.79,89906.18968729975
117.8,89908.06346302127
117.81,89912.20881744935
117.82000000000001,89914.33736625094
117.83,89918.18072513191
117.84,89921.33387807602
117.85000000000001,89923.4450875558
117.86,89924.93807660304
117.87,89928.61036271068
117.88,89931.8517422784
117.89,89934.59106205616
117.9,89936.72409094362
117.91,89939.33691646262
117.92,89943.205673374
117.93,89946.87249235499
117.94,89949.28638116097
117.95,89951.49922099418
117.96000000000001,89954.07158492356
117.97,89958.30120737856
117.98,89958.60657182548
117.99000000000001,89963.3380402785
118.0,89967.15170014415
118.01,89967.80441543562
118.02,89971.40349686777
118.03,89974.22351134352
118.04,89976.1308233941
118.05,89979.67907713771
118.06,89982.71827915582
118.07000000000001,89984.8328162765
118.08,89986.89659187409
118.09,89990.12263637327
118.10000000000001,89994.37855757044
118.11,89997.6683876853
118.12,90000.2263064143
118.13,90002.58854411423
118.14,90005.66493278812
118.15,90008.70518393214
118.16,90010.71001914002
118.17,90013.8749323532
118.18,90016.71620156584
118.19,90018.09958306505
118.2,90023.40754531213
118.21000000000001,90024.64808731698
118.22,90028.08254170208
118.23,90030.13124841927
118.24000000000001,90034.57760921698
118.25,90035.82595049354
118.26,90039.74436514784
118.27,90042.0107021101
118.28,90044.838770884
118.29,90047.9798550256
118.3,90051.01716552542
118.31,90053.00255659451
118.32000000000001,90056.0906584466
118.33,90058.69805497132
118.34,90060.28210559778
118.35000000000001,90064.80140800732
118.36,90068.27794192522
118.37,90069.60380657471
118.38,90073.56130071041
118.39,90076.44923648999
118.4,90079.1601555967
118.41,90082.51590908764
118.42,90084.40035128889
118.43,90088.78438731155
118.44,90088.53094207046
118.45,90091.74621382983
118.46000000000001,90096.84202608319
118.47,90099.40622560856
118.48,90101.09523008432
118.49000000000001,90104.59724065024
118.5,90106.51014409543
118.51,90111.90833999847
118.52,90112.28555359098
118.53,90117.14675671977
118.54,90119.93754306292
118.55,90121.6963190589
118.56,90124.49416580219
118.57000000000001,90128.90647863179
118.58,90130.50159767193
118.59,90132.2350273236
118.60000000000001,90136.37585920043
118.61,90140.58369307846
118.62,90140.19587618906
118.63,90144.30772070015
118.64,90148.18253575421
118.65,90149.19207837945
118.66,90153.90093254128
118.67,90157.11083261509
118.68,90159.01535770626
118.69,90161.79661169364
118.7,90164.34594930886
118.71000000000001,90166.68425028212
118.72,90170.7786553856
118.73,90173.5345699168
118.74000000000001,90175.08941255999
118.75,90176.45359191268
118.76,90179.88562753185
118.77,90184.29362026493
118.78,90186.92789526228
118.79,90190.80197379505
118.8,90190.34044134064
118.81,90195.48602667768
118.82000000000001,90199.1157302402
118.83,90200.77304945354
118.84,90202.89508667223
118.85000000000001,90206.6218733053
118.86,90208.54973092434
118.87,90211.35056790462
118.88,90215.5155484091
118.89,90218.79684584614
118.9,90221.72779128113
118.91,90224.43307247983
118.92,90226.75840697388
118.93,90230.04532186915
118.94,90232.28452178965
118.95,90236.47747738745
118.96000000000001,90237.69777049744
118.97,90240.21373460637
118.98,90240.95240670949
118.99000000000001,90248.03871575455
119.0,90249.1605547679
119.01,90250.61368348124
119.02,90254.78854043181
119.03,90256.22757793099
119.04,90260.17667399299
119.05,90263.42399081666
119.06,90267.93538459326
119.07000000000001,90269.48720148813
119.08,90269.52829716445
119.09,90274.26471978967
119.10000000000001,90277.65153259035
119.11,90279.8519235346
119.12,90282.66852766223
119.13,90284.95047428434
119.14,90289.6126681445
119.15,90292.16242017536
119.16,90294.26002633985
119.17,90297.42674633364
119.18,90299.32889885532
119.19,90302.05907768538
119.2,90307.7771918526
119.21000000000001,90307.92610745295
119.22,90313.65332062297
119.23,90315.8161217968
119.24000000000001,90318.65307731196
119.25,90320.85645119606
119.26,90323.7728917974
119.27,90326.71365138398
119.28,90327.80263445416
119.29,90330.10863391658
119.3,90334.24307135367
119.31,90337.78247373692
119.32000000000001,90339.31200057075
119.33,90343.05005289821
119.34,90344.33840784123
119.35000000000001,90349.75115270108
119.36,90350.60339993644
119.37,90354.83450659676
119.38,90357.93946885219
119.39,90361.30203458542
119.4,90362.54187926953
119.41,90364.93368029888
119.42,90369.26922410264
119.43,90372.27567348814
119.44,90374.8791336764
119.45,90376.67423233962
119.46000000000001,90379.58002949489
119.47,90383.32264698847
119.48,90384.45261760181
119.49000000000001,90388.29234024258
119.5,90390.20716119575
119.51,90394.33793931037
119.52,90396.90546301269
119.53,90400.28687724643
119.54,90401.68330517833
119.55,90405.1407583878
119.56,90408.67785322371
119.57000000000001,90411.36512160882
119.58,90415.67772260103
119.59,90417.04224606673
119.60000000000001,90419.96160577971
119.61,90423.856283666
119.62,90425.35802105145
119.63,90427.84318569189
119.64,90429.56340724378
119.65,90433.71089565348
119.66,90438.35675117378
119.67,90440.5511840252
119.68,90444.06814344574
119.69,90445.04470925758
119.7,90447.64933373882
119.71000000000001,90451.42413078493
119.72,90453.33827812433
119.73,90457.95696715254
119.74000000000001,90460.61311358381
119.75,90462.12935319141
119.76,90467.78037395453
119.77,90466.72592210297
119.78,90470.58289947697
119.79,90474.66093971032
119.8,90476.24435360439
119.81,90478.98534160106
119.82000000000001,90479.70432489764
119.83,90486.01464332595
119.84,90488.41352216393
119.85000000000001,90490.53495324562
119.86,90494.34178939249
119.87,90496.51876531304
119.88,90499.96025078442
119.89,90502.57939963603
119.9,90503.8867676628
119.91,90508.05904687796
119.92,90509.13941283396
119.93,90512.51092456101
119.94,90515.51098562394
119.95,90519.028810812
119.96000000000001,90522.35691845398
119.97,90524.30130597732
119.98,90526.91800097268
119.99000000000001,90531.53662063206
120.0,90534.72246792974
120.01,90537.88171297891
120.02,90539.82550937097
120.03,90541.66689774464
120.04,90543.78672602249
120.05,90549.52163566626
120.06,90550.31122648212
120.07000000000001,90552.6921897625
120.08,90554.7184877749
120.09,90560.00252289367
120.10000000000001,90562.91229297381
120.11,90566.02544732226
120.12,90568.00545400787
120.13,90572.08114867918
120.14,90574.53696526351
120.15,90575.65834970913
120.16,90579.61773082976
120.17,90579.47562766323
120.18,90584.41151809465
120.19,90586.97634660591
120.2,90588.67794952211
120.21000000000001,90593.94697596162
120.22,90596.020369856
120.23,90598.6221831416
120.24000000000001,90601.92944852173
120.25,90605.40602696988
120.26,90607.74520051657
120.27,90608.09531033642
120.28,90613.94289043969
120.29,90614.97816296777
120.3,90619.90300563509
120.31,90622.87607402689
120.32000000000001,90624.71721683427
120.33,90624.18943039261
120.34,90629.96018279069
120.35000000000001,90632.89039955095
120.36,90637.10875255968
120.37,90637.62168806285
120.38,90642.08825831728
120.39,90643.07710343049
120.4,90648.25985276351
120.41,90649.90974950693
120.42,90651.9528195728
120.43,90656.41947863482
120.44,90657.24923241591
120.45,90661.42106514014
120.46000000000001,90662.75641354462
120.47,90669.06579223087
120.48,90669.91490479719
120.49000000000001,90675.54495121996
120.5,90675.65951684437
120.51,90677.71657141024
120.52,90682.15797915577
120.53,90684.23089048755
120.54,90687.30844350661
120.55,90690.80755422999
120.56,90692.46314297168
120.57000000000001,90695.78340769025
120.58,90698.63621118765
120.59,90702.82773533333
120.60000000000001,90705.32798303981
120.61,90706.95955896162
120.62,90710.98134276977
120.63,90712.9781944872
120.64,90716.43171455327
120.65,90719.0612158363
120.66,90721.70810967601
120.67,90724.7868450555
120.68,90727.51138403191
120.69,90730.38106880589
120.7,90732.32171295617
120.71000000000001,90735.34304148516
120.72,90739.21396099453
120.73,90742.02542624684
120.74000000000001,90744.37629721318
120.75,90745.1794964044
120.76,90749.204009603
120.77,90753.48205700728
120.78,90756.34878372579
120.79,90760.57122596302
120.8,90760.96958762575
120.81,90762.11395139417
120.82000000000001,90766.85060283981
120.83,90769.28726144078
120.84,90770.73839962386
120.85000000000001,90774.8102614593
120.86,90777.3110358663
120.87,90781.84496182941
120.88,90784.90951972759
120.89,90786.45021163223
120.9,90790.1295453398
120.91,90792.05471494018
120.92,90794.892617509
120.93,90796.89234304364
120.94,90800.78694280387
120.95,90803.98313788153
120.96000000000001,90806.35673767424
120.97,90810.70251241425
120.98,90813.40675152269
120.99000000000001,90815.88728035915
121.0,90817.88393187585
121.01,90821.4963369195
121.02,90822.90166557887
121.03,90825.30822076068
121.04,90829.84013541855
121.05,90832.63538668749
121.06,90835.8239368214
121.07000000000001,90840.55929897574
121.08,90840.97291426056
121.09,90844.47760917862
121.10000000000001,90848.1220820251
121.11,90847.72245670015
121.12,90853.04709150533
121.13,90855.3998815821
121.14,90857.17387821707
121.15,90861.58620923337
121.16,90862.27316295636
121.17,90867.4715488072
121.18,90870.5788101453
121.19,90874.49854750543
121.2,90876.31185784424
121.21000000000001,90877.14490739584
121.22,90881.95673952853
121.23,90885.58432115665
121.24000000000001,90887.57605327004
121.25,90890.45232173154
121.26,90892.91762808655
121.27,90895.76353056099
121.28,90897.37348968368
121.29,90900.61128149931
121.3,90903.65936865643
121.31,90907.91987966625
121.32000000000001,90910.670808338
121.33,90912.09528020004
121.34,90915.87071339742
121.35000000000001,90917.06022679035
121.36,90919.16655123176
121.37,90925.78235936651
121.38,90927.8178709869
121.39,90930.94446689964
121.4,90932.37046310777
121.41,90936.24345560787
121.42,90937.4231926208
121.43,90940.86400121948
121.44,90944.13161884362
121.45,90947.99041543626
121.46000000000001,90949.98483334057
121.47,90953.695700171
121.48,90955.83493784258
121.49000000000001,90958.1944313595
121.5,90961.35505128336
121.51,90965.78348054118
121.52,90966.37812517298
121.53,90969.22374773645
121.54,90972.38713174114
121.55,90974.23311138774
121.56,90976.08958055476
121.57000000000001,90980.87612119941
121.58,90983.00671352843
121.59,90988.28314961362
121.60000000000001,90988.01895119519
121.61,90992.65546065287
121.62,90994.2638265585
121.63,90998.71808100058
121.64,91001.05641994267
121.65,91003.91902967691
121.66,91006.27387336895
121.67,91009.08982823085
121.68,91011.36625375377
121.69,91014.6267055305
121.7,91017.93011569983
121.71000000000001,91022.72223468432
121.72,91022.95156858435
121.73,91025.51708304555
121.74000000000001,91029.65261553304
121.75,91032.3792567732
121.76,91034.47221568019
121.77,91038.81883553113
121.78,91040.88537821906
121.79,91041.657036237
121.8,91046.66836520724
121.81,91050.124051412
121.82000000000001,91053.31570346754
121.83,91054.63976953714
121.84,91058.03316867967
121.85000000000001,91061.05019890642
121.86,91064.99889462447
121.87,91066.08611870761
121.88,91069.62989665149
121.89,91072.85187365861
121.9,91074.66988584794
121.91,91077.97072732144
121.92,91081.99455092687
121.93,91083.2088729936
121.94,91087.37642239274
121.95,91088.48771333434
121.96000000000001,91092.40303458409
121.97,91094.70979758572
121.98,91097.23241304352
121.99000000000001,91100.00239478805
122.0,91103.238906055
122.01,91105.92407416829
122.02,91111.08089172446
122.03,91112.43339371117
122.04,91116.09334197697
122.05,91118.86938022597
122.06,91119.98887734278
122.07000000000001,91124.73851661674
122.08,91126.57954093968
122.09,91127.33621448367
122.10000000000001,91132.4458391232
122.11,91135.78734032378
122.12,91137.86144542642
122.13,91140.1876232119
122.14,91144.91836810282
122.15,91146.70494758325
122.16,91149.53452651495
122.17,91150.94920903769
122.18,91152.96727341467
122.19,91158.76978845404
122.2,91161.49081328345
122.21000000000001,91164.27417055002
122.22,91165.5061905953
122.23,91168.97152779416
122.24000000000001,91172.39112899886
122.25,91176.20303582256
122.26,91177.37848139984
122.27,91179.67987589815
122.28,91184.58664052116
122.29,91186.97008356622
122.3,91189.08227016979
122.31,91193.32786656296
122.32000000000001,91195.79992506048
122.33,91198.38262458876
122.34,91200.65651505202
122.35000000000001,91202.14398353582
122.36,91207.82514944428
122.37,91210.43010010102
122.38,91213.08481528646
122.39,91214.05041076273
122.4,91218.27862477957
122.41,91220.67472766401
122.42,91223.74163904075
122.43,91226.43294047125
122.44,91227.50379445063
122.45,91232.31164305372
122.46000000000001,91235.91043501288
122.47,91238.43517762361
122.48,91240.40637902923
122.49000000000001,91244.15180824819
122.5,91246.1432743336
122.51,91250.23587834786
122.52,91253.2310244891
122.53,91256.4939460083
122.54,91258.52007088209
122.55,91262.17554085223
122.56,91265.35497187846
122.57000000000001,91266.62735466166
122.58,91269.87349908096
122.59,91274.72005637683
122.60000000000001,91275.25077139138
122.61,91277.93984964279
122.62,91281.72729668961
122.63,91283.65161981474
122.64,91287.84864281028
122.65,91289.3948791045
122.66,91292.24527185126
122.67,91293.5381196699
122.68,91299.66204388166
122.69,91300.91920525773
122.7,91304.34645479002
122.71000000000001,91307.40938451084
122.72,91310.28100952241
122.73,91315.20578717523
122.74000000000001,91315.4848973419
122.75,91318.60564354985
122.76,91321.78605623859
122.77,91323.3728095719
122.78,91325.49903261603
122.79,91329.60589349718
122.8,91333.35602753928
122.81,91336.42129923441
122.82000000000001,91337.92327781403
122.83,91341.8055580716
122.84,91345.43485815231
122.85000000000001,91347.42798993137
122.86,91348.85277484609
122.87,91352.68325686362
122.88,91354.19251425688
122.89,91357.6194392125
122.9,91359.98650343523
122.91,91364.52756589695
122.92,91365.04613635414
122.93,91369.3267399788
122.94,91371.94455886079
122.95,91374.64270739422
122.96000000000001,91376.2924705177
122.97,91381.63398022027
122.98,91381.2439816924
122.99000000000001,91386.16631288512
123.0,91390.62870912504
123.01,91391.10619809377
123.02,91396.67060099373
123.03,91398.41126146972
123.04,91401.16392236413
123.05,91403.05066413444
123.06,91406.75703688891
123.07000000000001,91408.344520856
123.08,91412.17870863258
123.09,91413.9157735714
123.10000000000001,91419.66222846696
123.11,91420.31660942762
123.12,91426.24946017536
123.13000000000001,91426.06461982321
123.14,91428.26784555372
123.15,91432.6689448655
123.16,91436.09509134502
123.17,91439.19551141433
123.18,91441.31821263692
123.19,91444.12502816376
123.2,91446.13534953636
123.21000000000001,91449.6213397179
123.22,91452.01325564874
123.23,91454.97879402024
123.24000000000001,91459.46084850772
123.25,91462.0964438889
123.26,91465.6014305573
123.27,91466.66044229065
123.28,91469.84637955706
123.29,91473.73572436122
123.3,91477.10355335115
123.31,91479.1959073459
123.32000000000001,91480.75339182615
123.33,91483.03500480556
123.34,91487.98010675251
123.35000000000001,91489.18288734736
123.36,91492.77715950928
123.37,91495.5844714209
123.38000000000001,91498.36467477666
123.39,91500.4664494533
123.4,91505.39391255163
123.41,91507.05446679592
123.42,91510.12676311382
123.43,91512.15374352601
123.44,91515.1495544198
123.45,91520.08480035997
123.46000000000001,91518.88363943124
123.47,91524.62083725995
123.48,91528.38311225128
123.49000000000001,91530.82112856937
123.5,91531.21098832463
123.51,91536.67855110357
123.52,91537.7258926538
123.53,91540.61007813114
123.54,91543.91960268652
123.55,91546.86107576986
123.56,91550.05760379318
123.57000000000001,91551.74176043853
123.58,91553.85060034003
123.59,91561.09099643058
123.60000000000001,91561.0210849575
123.61,91564.32429360639
123.62,91567.62384967209
123.63000000000001,91569.80662589615
123.64,91573.72684789254
123.65,91576.08632511408
123.66,91578.902087434
123.67,91581.65371865995
123.68,91585.33892733316
123.69,91587.03211290315
123.7,91590.66577679718
123.71000000000001,91591.31623393223
123.72,91594.59510814367
123.73,91596.6788918402
123.74000000000001,91601.84749468438
123.75,91603.43787881573
123.76,91605.86091442178
123.77,91610.41649068642
123.78,91611.93449375275
123.79,91614.95631027594
123.8,91618.49575067025
123.81,91620.76261066519
123.82000000000001,91623.67300304503
123.83,91626.9228209189
123.84,91629.48983995152
123.85000000000001,91633.63045119209
123.86,91637.13507170953
123.87,91639.95697818615
123.88000000000001,91643.51085258913
123.89,91646.19476614504
123.9,91647.36467704055
123.91,91652.18375780853
123.92,91654.14256419279
123.93,91656.55427648594
123.94,91657.5562035744
123.95,91660.85886660672
123.96000000000001,91664.97551804857
123.97,91666.22022729742
123.98,91670.07145223599
123.99000000000001,91673.00837508618
124.0,91676.84441231456
124.01,91679.34026234054
124.02,91680.18759499255
124.03,91683.72420437017
124.04,91686.47930618079
124.05,91691.04839758898
124.06,91693.80472755207
124.07000000000001,91696.12491196554
124.08,91698.54548568833
124.09,91701.56430067602
124.10000000000001,91704.70932909087
124.11,91707.76276999619
124.12,91710.2258595128
124.13000000000001,91713.34666307295
124.14,91715.88381039389
124.15,91718.36098251944
124.16,91722.16725453136
124.17,91723.57082154434
124.18,91727.22115165807
124.19,91732.16805482417
124.2,91733.70707996337
124.21000000000001,91735.85689585368
124.22,91738.31293533776
124.23,91743.27626213933
124.24000000000001,91745.0401655222
124.25,91748.12560883685
124.26,91750.93782184449
124.27,91755.28368579916
124.28,91756.9819372774
124.29,91758.22335726803
124.3,91761.29389357487
124.31,91764.79069478855
124.32000000000001,91767.94060989346
124.33,91769.32736814133
124.34,91773.75778918501
124.35000000000001,91776.47805415143
124.36,91778.69367988221
124.37,91780.7332788201
124.38000000000001,91784.91944037112
124.39,91787.26440552033
124.4,91791.01357514127
124.41,91793.72607517667
124.42,91796.35065865194
124.43,91798.21092352025
124.44,91803.18814066004
124.45,91805.46047865544
124.46000000000001,91806.82593778781
124.47,91812.73090856819
124.48,91811.76915671733
124.49000000000001,91816.64165681046
124.5,91818.04328480945
124.51,91822.30977155958
124.52,91824.71861765314
124.53,91827.66941472243
124.54,91831.3086583025
124.55,91834.95048516126
124.56,91836.88506879254
124.57000000000001,91841.22284851779
124.58,91843.98748886002
124.59,91845.98591605769
124.60000000000001,91848.67319445517
124.61,91852.26201521954
124.62,91854.72555393523
124.63000000000001,91856.57480039546
124.64,91859.85905203299
124.65,91862.48895276825
124.66,91865.53165118389
124.67,91869.10837473163
124.68,91872.16175288502
124.69,91875.6347376153
124.7,91875.30165071468
124.71000000000001,91882.25565618282
124.72,91883.14816942584
124.73,91885.78148635093
124.74000000000001,91887.68928264953
124.75,91893.58915449874
124.76,91893.15911321364
124.77,91896.16906046783
124.78,91900.52377581722
124.79,91903.05481730138
124.8,91905.51042399429
124.81,91908.5932465674
124.82000000000001,91910.77164186341
124.83,91914.53125215454
124.84,91916.98194252887
124.85000000000001,91919.89840284728
124.86,91923.0412986561
124.87,91925.58533214126
124.88000000000001,91928.4601946551
124.89,91930.18383020854
124.9,91934.94612330286
124.91,91936.77868433214
124.92,91942.2137822936
124.93,91940.92649890437
124.94,91942.88242976317
124.95,91946.04973821253
124.96000000000001,91948.91545893786
124.97,91952.13469629898
124.98,91954.98222921934
124.99000000000001,91954.61070796697
125.0,91956.68675777885
125.01,91958.36775455385
125.02,91959.99192677879
125.03,91962.58599489578
125.04,91966.69177020203
125.05,91964.43180188196
125.06,91966.91437022119
125.07000000000001,91970.1749919468
125.08,91972.43374178761
125.09,91972.5318375423
125.10000000000001,91973.62021841382
125.11,91976.48860054488
125.12,91976.75500032656
125.13000000000001,91980.4232230649
125.14,91982.24522048303
125.15,91980.027050259
125.16,91984.17574194192
125.17,91984.68006608894
125.18,91985.1984146306
125.19,91987.17270208195
125.2,91989.08951650005
125.21000000000001,91988.9795835461
125.22,91990.97965778544
125.23,91992.26164122084
125.24000000000001,91992.90475326129
125.25,91994.83085724933
125.26,91996.05295319099
125.27,91995.68374257055
125.28,91998.34809188399
125.29,91997.63948808995
125.3,91999.49074697937
125.31,91999.83397653663
125.32000000000001,92003.34391506888
125.33,92003.38592853906
125.34,92005.46601502049
125.35000000000001,92006.56155232355
125.36,92007.06933488647
125.37,92008.94290988396
125.38000000000001,92009.03956675399
125.39,92009.69934689907
125.4,92008.78568190712
125.41,92011.72908207474
125.42,92013.58813013589
125.43,92013.6739376449
125.44,92014.06683285833
125.45,92016.44388630052
125.46000000000001,92018.78438031781
125.47,92018.39347034732
125.48,92019.08114917784
125.49000000000001,92019.15977908976
125.5,92019.8184767445
125.51,92019.82826585748
125.52,92022.69716013601
125.53,92024.32270397179
125.54,92025.12287355315
125.55,92024.68927669903
125.56,92026.70016243866
125.57000000000001,92026.44316002064
125.58,92028.6564242849
125.59,92029.56457760408
125.60000000000001,92029.1830648162
125.61,92029.86648968708
125.62,92031.499582735
125.63000000000001,92032.05441596333
125.64,92033.8712975318
125.65,92033.12015917279
125.66,92034.99162392324
125.67,92033.67946174668
125.68,92034.7687040019
125.69,92036.23783620875
125.7,92037.82692735567
125.71000000000001,92039.67110201601
125.72,92039.23184715581
125.73,92040.81644672692
125.74000000000001,92041.40451554263
125.75,92039.43438802651
125.76,92041.47716493734
125.77,92045.09353646112
125.78,92043.84078257465
125.79,92044.59981459375
125.8,92046.83298058783
125.81,92045.92121148261
125.82000000000001,92047.94306972291
125.83,92049.78695527157
125.84,92048.12056312757
125.85000000000001,92047.93683384542
125.86,92049.23323422598
125.87,92049.74483871822
125.88000000000001,92051.72237501202
125.89,92052.97782793315
125.9,92053.74721373156
125.91,92053.79410554063
125.92,92053.91738811361
125.93,92055.2178380474
125.94,92056.36375085515
125.95,92055.48178719294
125.96000000000001,92057.59976498417
125.97,92059.75555311318
125.98,92058.69245411505
125.99000000000001,92058.27602734684
126.0,92061.83162663353
126.01,92061.10692702899
126.02,92062.39380226965
126.03,92062.77293492483
126.04,92064.69666371073
126.05,92066.24655876971
126.06,92065.82997096019
126.07000000000001,92064.45904243104
126.08,92066.47219250133
126.09,92066.17430326584
126.10000000000001,92065.72037547613
126.11,92068.42793524009
126.12,92069.38500042952
126.13000000000001,92068.31333537848
126.14,92069.5486805788
126.15,92072.33542306934
126.16,92072.24016328176
126.17,92072.06144472095
126.18,92072.47194767294
126.19,92072.80411769041
126.2,92075.60204962605
126.21000000000001,92074.46177699266
126.22,92075.96024940093
126.23,92075.71602962007
126.24000000000001,92075.7694280575
126.25,92077.95510845399
126.26,92079.26928092183
126.27,92080.31787396215
126.28,92081.75192073986
126.29,92080.22707651707
126.3,92080.19745583918
126.31,92081.29698556634
126.32000000000001,92082.29426416835
126.33,92084.73911828063
126.34,92084.9991197932
126.35000000000001,92082.97504225069
126.36,92085.30155935137
126.37,92086.13564137003
126.38000000000001,92087.22867077574
126.39,92086.22275578654
126.4,92088.59555447893
126.41,92087.84157822117
126.42,92089.06340391022
126.43,92090.49076006445
126.44,92091.49924773954
126.45,92091.20964365118
126.46000000000001,92093.29354349413
126.47,92092.85383219818
126.48,92094.16473457696
126.49000000000001,92094.25482639796
126.5,92095.11337678174
126.51,92095.62937677598
126.52,92094.6440676716
126.53,92097.52724231023
126.54,92098.4594615728
126.55,92099.11979807311
126.56,92099.34693214492
126.57000000000001,92099.68699334847
126.58,92098.49155019443
126.59,92101.40488851845
126.60000000000001,92102.53791943005
126.61,92101.36102113184
126.62,92101.7913319082
126.63000000000001,92104.72215192756
126.64,92104.61236581171
126.65,92105.17736932752
126.66,92104.35172266733
126.67,92106.73887077608
126.68,92107.14755507966
126.69,92107.81483635886
126.7,92109.50288288634
126.71000000000001,92108.60430200932
126.72,92107.89382767743
126.73,92109.13748531374
126.74000000000001,92110.6213552146
126.75,92111.38695660776
126.76,92113.3083436695
126.77,92111.0064245902
126.78,92113.9021441365
126.79,92115.47304778652
126.8,92116.88781536535
126.81,92114.56471829528
126.82000000000001,92116.0029229708
126.83,92117.89596340983
126.84,92117.64124018958
126.85000000000001,92115.11106579432
126.86,92117.41647585835
126.87,92119.3967813318
126.88000000000001,92120.42111303077
126.89,92121.0721382345
126.9,92121.13774098508
126.91,92122.94275493902
126.92,92122.95334167016
126.93,92121.4993584152
126.94,92124.21846034353
126.95,92124.79879298703
126.96000000000001,92124.50181157312
126.97,92126.17635245541
126.98,92126.74091714146
126.99000000000001,92126.93927077825
127.0,92126.782157536
127.01,92128.61366243513
127.02,92127.82166761893
127.03,92131.55157675625
127.04,92128.18507434915
127.05,92131.73177022522
127.06,92131.61333723702
127.07000000000001,92131.49327738275
127.08,92132.65770070885
127.09,92133.28703477628
127.10000000000001,92133.14320030043
127.11,92135.43768081174
127.12,92135.39143192669
127.13000000000001,92137.38080439602
127.14,92135.41739857852
127.15,92136.47720655185
127.16,92135.95799386877
127.17,92138.34427300017
127.18,92139.34287180616
127.19,92142.15557767276
127.2,92142.11884341041
127.21000000000001,92140.8825842978
127.22,92143.05416161378
127.23,92142.28878849042
127.24000000000001,92145.92698802994
127.25,92142.69694112445
127.26,92145.29557175134
127.27,92145.15085102867
127.28,92146.99863880158
127.29,92145.36818254556
127.3,92147.40143629484
127.31,92147.76631959209
127.32000000000001,92148.91824616394
127.33,92148.87963947786
127.34,92148.44263425503
127.35000000000001,92149.60684731639
127.36,92148.39711709868
127.37,92152.35056294
127.38000000000001,92151.06232849692
127.39,92152.14842431557
127.4,92152.75802900881
127.41,92155.36342475085
127.42,92155.08909472567
127.43,92154.44962856108
127.44,92154.25268661944
127.45,92157.7953087208
127.46000000000001,92157.52339293648
127.47,92158.52035559504
127.48,92158.44893224702
127.49000000000001,92159.93989821285
127.5,92160.84138309276
127.51,92160.67981309563
127.52,92160.11650883214
127.53,92159.94255353996
127.54,92162.29703582186
127.55,92162.46043098212
127.56,92164.904127305
127.57000000000001,92164.75523832643
127.58,92165.04104610125
127.59,92166.55382561247
127.60000000000001,92164.5623280639
127.61,92166.86175846153
127.62,92167.2301409034
127.63000000000001,92168.41956961462
127.64,92168.49592702274
127.65,92169.82893008814
127.66,92170.0569033406
127.67,92171.85847513861
127.68,92171.00551267438
127.69,92172.30106957765
127.7,92171.73018262553
127.71000000000001,92173.63859358414
127.72,92173.9694980854
127.73,92173.95532790836
127.74000000000001,92175.2807203093
127.75,92174.49456940252
127.76,92175.42496512602
127.77,92178.72413125091
127.78,92177.09730383125
127.79,92177.91726523242
127.8,92180.02868777051
127.81,92178.61066399711
127.82000000000001,92180.9019965189
127.83,92181.68531583097
127.84,92181.71131007432
127.85000000000001,92182.7814621871
127.86,92182.90531447151
127.87,92184.56051836256
127.88000000000001,92183.35479294727
127.89,92184.20802799458
127.9,92185.02099119691
127.91,92186.23364565766
127.92,92186.0665996926
127.93,92187.06409983194
127.94,92189.31950649993
127.95,92188.14386258805
127.96000000000001,92189.96218023833
127.97,92190.54858867732
127.98,92191.57780868323
127.99000000000001,92192.65600770008
128.0,92192.18113966838
128.01,92190.62169492865
128.02,92192.98091302157
128.03,92192.93425270336
128.04,92193.88378656065
128.05,92195.87660066887
128.06,92194.26570083898
128.07,92197.48768776901
128.08,92194.97641398862
128.09,92197.2657844028
128.1,92198.85933204491
128.11,92199.73369014576
128.12,92198.96068578704
128.13,92199.49260237158
128.14000000000001,92198.69115723776
128.15,92202.9890474685
128.16,92202.51976873717
128.17000000000002,92202.30507088795
128.18,92203.34405575712
128.19,92203.61713703746
128.2,92205.395917889
128.21,92204.54048002251
128.22,92204.14371956154
128.23,92206.17432753254
128.24,92207.0660943239
128.25,92207.48815977076
128.26,92209.03621606625
128.27,92207.75741561323
128.28,92209.30317051277
128.29,92211.99881534737
128.3,92211.1000648077
128.31,92210.80516934964
128.32,92212.38548666221
128.33,92211.8787481251
128.34,92213.14337172695
128.35,92214.79830195078
128.36,92215.11678512354
128.37,92215.33983549454
128.38,92215.58478902793
128.39000000000001,92216.46281451802
128.4,92218.99946706611
128.41,92217.65016160945
128.42000000000002,92217.55234995853
128.43,92218.53894162473
128.44,92222.05091616415
128.45,92219.90019928878
128.46,92220.38220568754
128.47,92223.18769642891
128.48,92221.915944535
128.49,92221.58011025544
128.5,92221.71688982134
128.51,92223.26855697582
128.52,92224.73019622212
128.53,92225.4615466687
128.54,92225.2492388425
128.55,92226.41694480643
128.56,92225.95021194714
128.57,92225.40773829664
128.58,92230.13976665573
128.59,92230.52968231004
128.6,92230.71004668932
128.61,92230.10002772258
128.62,92231.33085067516
128.63,92232.5885261928
128.64000000000001,92232.1305193383
128.65,92232.41214823279
128.66,92234.29072984406
128.67000000000002,92235.48131015038
128.68,92235.01045941234
128.69,92235.2925930289
128.7,92236.42044542448
128.71,92238.32658410148
128.72,92238.28330503694
128.73,92237.85821917772
128.74,92239.56715470525
128.75,92239.91286793696
128.76,92240.13417338762
128.77,92241.08097494325
128.78,92241.23160039356
128.79,92241.92721785815
128.8,92241.95535087217
128.81,92244.50928880059
128.82,92245.18361825647
128.83,92243.92895060038
128.84,92244.91760660704
128.85,92246.55997333338
128.86,92246.86239507896
128.87,92246.5914601829
128.88,92247.46509006016
128.89000000000001,92248.58063999277
128.9,92249.65700385434
128.91,92249.80002420643
128.92000000000002,92251.34864380836
128.93,92251.01838320516
128.94,92251.11323384383
128.95,92253.61394997955
128.96,92253.9566442324
128.97,92252.84286374996
128.98,92255.95460428033
128.99,92254.38662745149
129.0,92257.58180201045
129.01,92254.9682024823
129.02,92258.53013760335
129.03,92257.72471573392
129.04,92259.00077168547
129.05,92258.64891223883
129.06,92256.44790631109
129.07,92261.96446348347
129.08,92260.05094278314
129.09,92259.94248518645
129.1,92261.48889022614
129.11,92263.48607210608
129.12,92263.28382065581
129.13,92262.49808745006
129.14000000000001,92264.18841630021
129.15,92264.98392467365
129.16,92266.23440748401
129.17000000000002,92267.75402850412
129.18,92268.25770727279
129.19,92268.39713794083
129.2,92268.59737803305
129.21,92270.63206220335
129.22,92270.9567568691
129.23,92270.67799467371
129.24,92269.69563046869
129.25,92271.12433663121
129.26,92272.04891150857
129.27,92271.66107634304
129.28,92274.96176905918
129.29,92273.33559914162
129.3,92274.62050428438
129.31,92276.46262531585
129.32,92276.49554504194
129.33,92275.17919465182
129.34,92278.52943410844
129.35,92277.68012335556
129.36,92277.91401039666
129.37,92280.0452047197
129.38,92278.34788480919
129.39000000000001,92280.06481208242
129.4,92281.85081316753
129.41,92284.21135737191
129.42000000000002,92281.67489569355
129.43,92284.07193354775
129.44,92285.49785256296
129.45,92283.92825484369
129.46,92285.32314598712
129.47,92285.76994324963
129.48,92286.65610045871
129.49,92285.49817391812
129.5,92286.17954646441
129.51,92289.15792427723
129.52,92289.83427959678
129.53,92288.87493508188
129.54,92289.92060492327
129.55,92291.51512825956
129.56,92290.60749334775
129.57,92291.74650644089
129.58,92292.94479256794
129.59,92292.22677058104
129.6,92293.76328461627
129.61,92294.98595849569
129.62,92293.57479231941
129.63,92294.92051591627
129.64000000000001,92296.77729349332
129.65,92298.00472666047
129.66,92295.9506039409
129.67000000000002,92297.40403887114
129.68,92299.35544129816
129.69,92297.98645128813
129.7,92301.8716660661
129.71,92302.3751626303
129.72,92301.66273937053
129.73,92301.4727337023
129.74,92303.38588731838
129.75,92304.53373557932
129.76,92302.9981657397
129.77,92303.23602155045
129.78,92305.6189799881
129.79,92306.42390029399
129.8,92304.63225535322
129.81,92308.42254354763
129.82,92307.31927877071
129.83,92306.54671180628
129.84,92308.3779134625
129.85,92308.05937460184
129.86,92310.63756229308
129.87,92310.21613984791
129.88,92311.95463524053
129.89000000000001,92312.34215020284
129.9,92314.69608959633
129.91,92313.41143412495
129.92000000000002,92314.84819353506
129.93,92314.43911573148
129.94,92314.9320450484
129.95,92315.7381473839
129.96,92316.3567707696
129.97,92317.32909172891
129.98,92316.97150071386
129.99,92317.16355674932
130.0,92317.28344310846
130.01,92320.92535015632
130.02,92320.54373454225
130.03,92320.884760765
130.04,92323.35194156997
130.05,92323.7385082444
130.06,92322.89187107216
130.07,92324.97067675195
130.08,92323.80297785238
130.09,92326.1986647995
130.1,92326.5300659653
130.11,92327.2012711765
130.12,92328.3629998748
130.13,92327.59827420114
130.14000000000001,92327.644639713
130.15,92327.99254525144
130.16,92331.11476432376
130.17000000000002,92330.99121449464
130.18,92330.09556382732
130.19,92330.17607160515
130.2,92332.04358590592
130.21,92330.89894351698
130.22,92333.64255777931
130.23,92333.03181808254
130.24,92336.66826391668
130.25,92334.28264976876
130.26,92334.94794043936
130.27,92336.74359781964
130.28,92336.33394655537
130.29,92338.46811585038
130.3,92338.53503809533
130.31,92339.76648538583
130.32,92340.52747379769
130.33,92344.15244470064
130.34,92343.57773421919
130.35,92342.03254408004
130.36,92341.0863534142
130.37,92344.34179372969
130.38,92343.69214539438
130.39000000000001,92341.94335320996
130.4,92346.48511488318
130.41,92345.36912298726
130.42000000000002,92345.80820722906
130.43,92347.66382948207
130.44,92348.61813380322
130.45,92348.2677273772
130.46,92348.64624086248
130.47,92348.34574872963
130.48,92351.27252934697
130.49,92350.3865630027
130.5,92350.95476671259
130.51,92351.14245672175
130.52,92351.23585841009
130.53,92353.52407512025
130.54,92357.02147047616
130.55,92353.099244155
130.56,92356.67248329305
130.57,92357.02355209627
130.58,92358.28012039642
130.59,92357.43491263568
130.6,92356.7913175921
130.61,92357.9115882032
130.62,92359.58665159452
130.63,92357.9015386057
130.64000000000001,92360.28302164619
130.65,92359.89921130972
130.66,92359.65340743178
130.67000000000002,92361.44778940977
130.68,92362.50201530874
130.69,92360.40306589645
130.7,92363.04781721614
130.71,92363.20902644913
130.72,92365.91246153193
130.73,92365.77589568046
130.74,92366.2398487957
130.75,92368.35045780317
130.76,92368.64115104277
130.77,92368.74763641131
130.78,92369.60822686594
130.79,92371.95710568364
130.8,92370.23087479286
130.81,92371.18415602624
130.82,92371.71802451673
130.83,92371.04490269016
130.84,92376.0984186348
130.85,92376.2343761099
130.86,92372.80703251724
130.87,92373.71370722019
130.88,92376.56026941618
130.89000000000001,92376.3912095833
130.9,92376.1543255966
130.91,92376.89471897334
130.92000000000002,92377.40360823832
130.93,92379.51785646526
130.94,92380.25474357551
130.95,92378.59983922
130.96,92380.31559208424
130.97,92382.23369474456
130.98,92381.00767520191
130.99,92382.69113457856
131.0,92383.92908745995
131.01,92384.32899959893
131.02,92384.00431447959
131.03,92383.6560672571
131.04,92388.22265152949
131.05,92385.54171984959
131.06,92387.28728220302
131.07,92386.96657052224
131.08,92388.39486888413
131.09,92388.54732711142
131.1,92389.19316006696
131.11,92391.41355603232
131.12,92389.90233803347
131.13,92394.38616820377
131.14000000000001,92393.57801848261
131.15,92393.03815255393
131.16,92394.74257507827
131.17000000000002,92393.16946198003
131.18,92393.52502096356
131.19,92395.638882281
131.2,92398.04373211623
131.21,92396.5878904203
131.22,92397.84290831616
131.23,92397.45279729262
131.24,92397.78180961085
131.25,92398.6664980385
131.26,92398.07412886647
131.27,92399.77874547617
131.28,92400.4318384599
131.29,92401.10062598165
131.3,92401.93659373191
131.31,92402.14892021011
131.32,92406.22188477326
131.33,92404.29807217311
131.34,92405.54566861344
131.35,92405.57304722711
131.36,92407.60747068231
131.37,92406.51571716354
131.38,92407.96406801221
131.39000000000001,92409.0654686625
131.4,92408.5847284063
131.41,92408.82952759127
131.42000000000002,92410.45086603421
131.43,92410.65673621622
131.44,92410.5080902263
131.45,92411.90285826
131.46,92414.3091141669
131.47,92412.06646084905
131.48,92414.84651050661
131.49,92415.60959165884
131.5,92416.81728354501
131.51,92416.90673190706
131.52,92417.77327955274
131.53,92416.41523027894
131.54,92417.67111105697
131.55,92418.64839313355
131.56,92418.63568326864
131.57,92419.40136012167
131.58,92420.09041946469
131.59,92419.14592814325
131.6,92420.63088610617
131.61,92423.63716599229
131.62,92423.02306357598
131.63,92423.3537176061
131.64000000000001,92423.73985202564
131.65,92424.92042475633
131.66,92424.94949402589
131.67000000000002,92425.85618320752
131.68,92426.2508081372
131.69,92426.65116449565
131.7,92427.55444833578
131.71,92428.68934829989
131.72,92428.24002845358
131.73,92429.86750038835
131.74,92430.25640218078
131.75,92429.97779752946
131.76,92431.52879748128
131.77,92434.52706461684
131.78,92433.03389935129
131.79,92435.40633682701
131.8,92434.03657692704
131.81,92433.25353656727
131.82,92436.6075798718
131.83,92434.51986352002
131.84,92436.30004850782
131.85,92437.60379825068
131.86,92437.65903048294
131.87,92437.05752377755
131.88,92440.67940834217
131.89000000000001,92439.67630834768
131.9,92441.67058178796
131.91,92442.33178809125
131.92000000000002,92440.62664938874
131.93,92443.98148001918
131.94,92443.83829197314
131.95,92444.20402881707
131.96,92445.19014870556
131.97,92445.92500713965
131.98,92446.38909343952
131.99,92447.0230860176
132.0,92446.09460541536
132.01,92446.52791633511
132.02,92448.42182668643
132.03,92451.02193070966
132.04,92450.57686001768
132.05,92452.1009690271
132.06,92452.29947659044
132.07,92452.24373143252
132.08,92452.14305916101
132.09,92455.2702645148
132.1,92454.34673188382
132.11,92454.51387139638
132.12,92455.41330836529
132.13,92455.29173645034
132.14000000000001,92455.5960434446
132.15,92456.86849574333
132.16,92457.78665472864
132.17000000000002,92459.2535984118
132.18,92459.62265983278
132.19,92459.27556829668
132.2,92459.17423503063
132.21,92461.47955396879
132.22,92461.8679756439
132.23,92462.1354091331
132.24,92460.6383674597
132.25,92463.09289275637
132.26,92464.53990081222
132.27,92464.91951141751
132.28,92464.74654197434
132.29,92465.83799195242
132.3,92465.28076566741
132.31,92469.09536673814
132.32,92467.20468471316
132.33,92468.03422329346
132.34,92469.67745169126
132.35,92468.62388863447
132.36,92469.73219853594
132.37,92473.81918206804
132.38,92471.5538669541
132.39000000000001,92471.17425515065
132.4,92473.21217319721
132.41,92473.01519365373
132.42000000000002,92474.59406840455
132.43,92474.82872152643
132.44,92475.76569561254
132.45,92477.81751864831
132.46,92475.80641560449
132.47,92477.74322146963
132.48,92477.38513753554
132.49,92479.45911422373
132.5,92479.04797251562
132.51,92478.46144698205
132.52,92480.35836231329
132.53,92480.57633543966
132.54,92482.66362032105
132.55,92483.35405309522
132.56,92482.16992074513
132.57,92485.05444889543
132.58,92484.72777191104
132.59,92484.75499601121
132.6,92486.13251667553
132.61,92485.45226924116
132.62,92487.30347083425
132.63,92488.94962585736
132.64000000000001,92487.5701914354
132.65,92489.26426498679
132.66,92486.46671969054
132.67000000000002,92491.13908507556
132.68,92490.25841835346
132.69,92491.83364927412
132.7,92491.81928770243
132.71,92493.69802009242
132.72,92492.98912085146
132.73,92491.72665248036
132.74,92496.44590697964
132.75,92495.53804100835
132.76,92495.68904351843
132.77,92497.74949142161
132.78,92497.35226349311
132.79,92498.44232227378
132.8,92497.65357838836
132.81,92499.4735289334
132.82,92499.6753414393
132.83,92500.90087102375
132.84,92501.21108289188
132.85,92502.83543596964
132.86,92502.06020156486
132.87,92503.9856103616
132.88,92502.14766458762
132.89000000000001,92503.16170793111
132.9,92504.01765032271
132.91,92505.38354837176
132.92000000000002,92505.77660706145
132.93,92506.76542486546
132.94,92506.1242747611
132.95,92506.8451290651
132.96,92507.91265334666
132.97,92508.91245336016
132.98,92508.92181614353
132.99,92510.53834907546
133.0,92510.4536950524
133.01,92511.14211992566
133.02,92513.12588512119
133.03,92512.08888972984
133.04,92512.28592828795
133.05,92514.33113882871
133.06,92515.90669613719
133.07,92514.20560382449
133.08,92516.1557416011
133.09,92516.90119901374
133.1,92518.68156133102
133.11,92518.27230548902
133.12,92519.61472930977
133.13,92518.29150299121
133.14000000000001,92521.2325938759
133.15,92520.56743441249
133.16,92520.3039733916
133.17000000000002,92524.069899169
133.18,92524.12485948062
133.19,92522.90714541472
133.2,92524.70370703567
133.21,92524.6590716865
133.22,92522.98469667189
133.23,92526.08278578341
133.24,92525.60602189378
133.25,92525.35272505513
133.26,92527.24769975692
133.27,92528.02972773752
133.28,92529.29252397716
133.29,92528.87047590523
133.3,92530.48217150441
133.31,92528.89669994333
133.32,92531.89066971242
133.33,92531.01092300106
133.34,92531.70597818805
133.35,92532.52160392591
133.36,92533.99296683293
133.37,92535.46700185929
133.38,92534.68245010455
133.39000000000001,92537.9034671674
133.4,92536.8102240007
133.41,92539.38261021
133.42000000000002,92537.70766909751
133.43,92537.07655507268
133.44,92539.29292353732
133.45,92539.87286319857
133.46,92540.6084864651
133.47,92540.35534385449
133.48,92542.48060119613
133.49,92541.6181156741
133.5,92543.32385929993
133.51,92542.74150920218
133.52,92544.26443732786
133.53,92545.24343954079
133.54,92545.4168774693
133.55,92545.95955108048
133.56,92545.98031228285
133.57,92545.37328986195
133.58,92547.53537972683
133.59,92549.17498415151
133.6,92548.73803701752
133.61,92552.0002669735
133.62,92552.01998934166
133.63,92552.0589411462
133.64000000000001,92551.57064998065
133.65,92552.14847919237
133.66,92552.47026369978
133.67000000000002,92553.16304947167
133.68,92554.87649653928
133.69,92554.5105406033
133.7,92555.1352460761
133.71,92557.17629894688
133.72,92556.7878909041
133.73,92557.76469694072
133.74,92557.54890409166
133.75,92558.84600404413
133.76,92560.5835349348
133.77,92558.86678487323
133.78,92559.45744632624
133.79,92561.36523158889
133.8,92562.32684072707
133.81,92562.29085912014
133.82,92562.06553878552
133.83,92562.04781137327
133.84,92564.01394888906
133.85,92564.99141334082
133.86,92566.3048936328
133.87,92567.36151380524
133.88,92566.59097986334
133.89000000000001,92567.36597289029
133.9,92568.13912286777
133.91,92571.73000787076
133.92000000000002,92568.0314778705
133.93,92571.02364488033
133.94,92571.37064921341
133.95,92571.4498111297
133.96,92573.06933820786
133.97,92574.3911536184
133.98,92572.91012459112
133.99,92572.72036959288
134.0,92575.96573826208
134.01,92576.93296560874
134.02,92576.18020808052
134.03,92576.78412547117
134.04,92578.30272019035
134.05,92577.40581829617
134.06,92579.33948215695
134.07,92579.57076078875
134.08,92580.45791437269
134.09,92580.57643649384
134.1,92581.15668273608
134.11,92581.88252377031
134.12,92583.94155956159
134.13,92582.31490960685
134.14000000000001,92581.3763119961
134.15,92587.29186234644
134.16,92584.65242840837
134.17000000000002,92585.71247121748
134.18,92586.11453757795
134.19,92586.74296739197
134.2,92587.60070724798
134.21,92589.17299469978
134.22,92587.7491751471
134.23,92588.82232615088
134.24,92590.88261486724
134.25,92591.14244272068
134.26,92590.9965405857
134.27,92591.55753032572
134.28,92592.13597414969
134.29,92592.76350125426
134.3,92594.07241074882
134.31,92595.67783644568
134.32,92595.08262982407
134.33,92596.20501903516
134.34,92596.83674647985
134.35,92598.54559615502
134.36,92598.35064049266
134.37,92599.72874311134
134.38,92598.30486153494
134.39000000000001,92597.83712627646
134.4,92601.18177066151
134.41,92601.95947843969
134.42000000000002,92602.85599806737
134.43,92601.68617399898
134.44,92603.32592510943
134.45,92603.33938138335
134.46,92604.18409222063
134.47,92603.45458128123
134.48,92607.38324278341
134.49,92606.26925930376
134.5,92605.90463461367
134.51,92607.63824652863
134.52,92607.50341383317
134.53,92609.40215143202
134.54,92609.78758414353
134.55,92609.04087502469
134.56,92609.94350116103
134.57,92609.37689819942
134.58,92610.97854035517
134.59,92611.261134938
134.6,92614.21355365985
134.61,92613.84745841751
134.62,92614.75806744487
134.63,92615.21510918433
134.64000000000001,92616.09872516847
134.65,92617.18656172592
134.66,92616.22456786336
134.67000000000002,92617.1202208029
134.68,92618.62972604892
134.69,92620.0579783718
134.7,92617.3519117062
134.71,92620.73193674606
134.72,92621.47217687564
134.73,92621.43944636644
134.74,92620.27657814289
134.75,92623.19589621449
134.76,92623.29064776961
134.77,92623.99783166203
134.78,92624.04387472583
134.79,92623.61669893056
134.8,92626.14153473526
134.81,92627.453489556
134.82,92626.4367843008
134.83,92627.38035503683
134.84,92627.18791875568
134.85,92631.30052224355
134.86,92630.12977477889
134.87,92628.6062526482
134.88,92629.96903760544
134.89000000000001,92632.18862727744
134.9,92631.37754832557
134.91,92634.07762297678
134.92000000000002,92633.4503711598
134.93,92632.20197881215
134.94,92634.12901523364
134.95,92635.91572553037
134.96,92636.6712567626
134.97,92637.81193242071
134.98,92637.87524055265
134.99,92638.70987983016
135.0,92638.22107639462
135.01,92639.0545083614
135.02,92640.97239235399
135.03,92641.40050996833
135.04,92642.44515677023
135.05,92641.21038205257
135.06,92642.22182284099
135.07,92642.65925688639
135.08,92643.87444740818
135.09,92646.07328137754
135.1,92645.44922514775
135.11,92644.2594072228
135.12,92645.97263854326
135.13,92645.45525543024
135.14000000000001,92648.5737905383
135.15,92649.18151188608
135.16,92648.50356142274
135.17000000000002,92651.02191928953
135.18,92650.11061893594
135.19,92652.44679520009
135.2,92652.98157075001
135.21,92651.92445624626
135.22,92652.44301210025
135.23,92653.23647749129
135.24,92657.1691679442
135.25,92654.32523992792
135.26,92656.41045746973
135.27,92655.33967715556
135.28,92657.92364458287
135.29,92657.75402712268
135.3,92659.04141461493
135.31,92660.314725501
135.32,92658.90839214425
135.33,92658.84728441911
135.34,92659.44708109154
135.35,92662.21117307896
135.36,92660.51664983771
135.37,92662.12618360561
135.38,92664.28981190904
135.39000000000001,92663.71049020106
135.4,92665.64531262047
135.41,92665.80880520595
135.42000000000002,92665.80317877971
135.43,92666.83873342565
135.44,92666.67066997218
135.45,92666.80604817676
135.46,92669.23407368353
135.47,92668.8789988556
135.48,92669.68721008606
135.49,92671.75919563611
135.5,92672.23750858431
135.51,92673.21107992719
135.52,92672.01972383255
135.53,92672.01967967286
135.54,92674.16761297833
135.55,92674.05919111984
135.56,92673.50676337967
135.57,92675.62227682503
135.58,92675.63171301883
135.59,92675.75320344363
135.6,92676.60043173603
135.61,92680.23258715676
135.62,92678.20924561078
135.63,92680.01675099738
135.64000000000001,92679.00226622117
135.65,92679.09691460528
135.66,92680.88611935909
135.67000000000002,92681.23292441633
135.68,92682.27419060058
135.69,92684.89263989682
135.7,92683.00379020262
135.71,92685.5499959376
135.72,92681.78688662735
135.73,92684.15653382336
135.74,92686.96972255211
135.75,92688.83681963658
135.76,92687.49493650235
135.77,92688.18546812469
135.78,92688.12055605554
135.79,92688.50940976093
135.8,92690.1835309655
135.81,92691.93743948248
135.82,92690.0447057835
135.83,92692.32424935808
135.84,92694.06661474357
135.85,92693.1848224219
135.86,92692.30375595902
135.87,92695.33238372959
135.88,92693.80196947705
135.89000000000001,92696.24002596046
135.9,92697.147314845
135.91,92696.80637739762
135.92000000000002,92697.33855996496
135.93,92696.60722485976
135.94,92698.34739242228
135.95,92700.8367872963
135.96,92701.75939242823
135.97,92700.52254196553
135.98,92702.66187976162
135.99,92702.42871782387
136.0,92703.32950570817
136.01,92703.95811993578
136.02,92703.17616567877
136.03,92705.89713322438
136.04,92706.86659367476
136.05,92705.29554267267
136.06,92705.75026723673
136.07,92706.74563912972
136.08,92708.37241447272
136.09,92707.51388825686
136.1,92710.13719586022
136.11,92709.10784132131
136.12,92709.97643723014
136.13,92711.7253832662
136.14000000000001,92711.10247570394
136.15,92710.98067084503
136.16,92712.33141317654
136.17000000000002,92713.9318959131
136.18,92714.18212363578
136.19,92713.54715767577
136.2,92716.9098304663
136.21,92717.08400993422
136.22,92715.91716271594
136.23,92718.0523495447
136.24,92718.11577980628
136.25,92720.3684985443
136.26,92719.14096814359
136.27,92721.03353069648
136.28,92721.30913411376
136.29,92720.56347099558
136.3,92723.12202568926
136.31,92723.27513558346
136.32,92722.54205531094
136.33,92723.8797251451
136.34,92724.2513592485
136.35,92724.48893045807
136.36,92726.36594567713
136.37,92726.25555272204
136.38,92726.6107196999
136.39000000000001,92727.45592727706
136.4,92728.52859318028
136.41,92728.91498832004
136.42000000000002,92730.60317452613
136.43,92730.2156614588
136.44,92729.60958911422
136.45,92732.66208396717
136.46,92732.52958626952
136.47,92734.29505907417
136.48,92734.3937312821
136.49,92732.78492230811
136.5,92734.96805788085
136.51,92735.16140249342
136.52,92737.68497213039
136.53,92735.46935976372
136.54,92737.57213497486
136.55,92736.93012430308
136.56,92737.61544271615
136.57,92738.14985554166
136.58,92738.152569813
136.59,92742.21245010791
136.6,92741.6742093921
136.61,92743.38868025113
136.62,92742.17344463876
136.63,92743.5037878863
136.64000000000001,92742.4386389579
136.65,92745.2937270432
136.66,92744.62532290143
136.67000000000002,92746.96094243336
136.68,92745.51857327917
136.69,92745.35148849683
136.70000000000002,92747.85969304593
136.71,92747.27202998025
136.72,92748.72355427263
136.73,92750.14527273652
136.74,92750.0162233356
136.75,92748.73440801978
136.76,92752.85096119174
136.77,92752.18459274877
136.78,92753.2699212586
136.79,92753.45938063535
136.8,92753.21911627693
136.81,92755.18753403967
136.82,92755.39214576922
136.83,92755.03014434612
136.84,92755.43517624911
136.85,92757.0858915991
136.86,92756.24696785687
136.87,92758.74410055266
136.88,92759.05466025109
136.89000000000001,92759.18620929909
136.9,92759.43849199217
136.91,92760.26961792218
136.92000000000002,92761.52693988691
136.93,92764.98637325263
136.94,92762.95521167475
136.95000000000002,92763.89492801279
136.96,92763.20083575342
136.97,92764.21401511953
136.98,92764.04169837764
136.99,92767.79988564673
137.0,92766.31187517256
137.01,92767.7701429894
137.02,92767.22700087131
137.03,92768.46113736837
137.04,92768.56351932902
137.05,92768.11702184379
137.06,92769.45203638697
137.07,92771.90692882532
137.08,92769.77185363224
137.09,92772.8925153699
137.1,92772.36981398222
137.11,92774.1011595734
137.12,92774.57380543393
137.13,92776.38879010911
137.14000000000001,92776.48931547144
137.15,92775.85875775073
137.16,92776.91177577684
137.17000000000002,92776.4548594062
137.18,92777.8473316375
137.19,92778.18313996395
137.20000000000002,92780.43061851981
137.21,92781.54711394441
137.22,92780.58077680993
137.23,92782.53520830245
137.24,92781.30619478019
137.25,92782.10321763215
137.26,92782.99005990014
137.27,92784.00624032627
137.28,92785.6361060773
137.29,92783.59591585437
137.3,92785.4132468674
137.31,92785.80156858735
137.32,92786.84862215964
137.33,92788.10865650048
137.34,92788.60163057313
137.35,92792.05640051386
137.36,92789.45502074681
137.37,92791.06508616656
137.38,92790.2270834754
137.39000000000001,92792.19727386707
137.4,92793.09283973808
137.41,92794.07187033116
137.42000000000002,92793.62605022901
137.43,92794.80862675085
137.44,92794.71281732201
137.45000000000002,92795.74651845651
137.46,92796.37525433592
137.47,92796.92282841532
137.48,92797.13552212776
137.49,92799.4911587361
137.5,92799.69534314358
137.51,92800.12447677088
137.52,92797.76502732265
137.53,92799.30177565245
137.54,92802.50406105124
137.55,92803.22939440695
137.56,92801.18319734682
137.57,92803.99658364894
137.58,92802.92563362388
137.59,92802.88312830581
137.6,92806.13895202978
137.61,92805.07792990976
137.62,92806.47357345615
137.63,92806.98728592816
137.64000000000001,92808.75719058987
137.65,92807.70500268231
137.66,92809.65121352239
137.67000000000002,92810.79744697445
137.68,92809.7093709006
137.69,92810.4856700031
137.70000000000002,92812.04599416415
137.71,92812.19705134608
137.72,92812.79232236688
137.73,92812.87533109623
137.74,92813.85291244241
137.75,92814.97207489247
137.76,92816.05007511331
137.77,92816.43262133047
137.78,92816.38432877368
137.79,92817.73645259693
137.8,92818.18076593154
137.81,92818.77119051649
137.82,92819.66492308957
137.83,92818.10435896693
137.84,92822.83379964408
137.85,92820.0494931609
137.86,92823.90508728857
137.87,92822.83048526909
137.88,92823.79417602015
137.89000000000001,92823.33199711566
137.9,92823.48671153602
137.91,92825.00387418743
137.92000000000002,92825.40249853453
137.93,92825.36112028573
137.94,92826.08344357829
137.95000000000002,92827.24411273093
137.96,92826.43686214123
137.97,92829.9359850125
137.98,92829.43647847413
137.99,92828.71123892878
138.0,92830.74706398798
138.01,92833.02422828601
138.02,92832.8843092202
138.03,92832.36897891363
138.04,92833.59731891709
138.05,92833.69573904925
138.06,92832.88282130873
138.07,92834.64056453691
138.08,92836.65080809052
138.09,92837.82099298548
138.1,92835.44827614154
138.11,92838.21084757942
138.12,92839.98463857191
138.13,92840.75512445543
138.14000000000001,92839.78386345351
138.15,92840.88608947556
138.16,92840.6977281706
138.17000000000002,92842.20911380425
138.18,92844.71456342927
138.19,92845.0740000313
138.20000000000002,92843.41588864884
138.21,92844.3433331748
138.22,92843.02922781317
138.23,92844.87156238969
138.24,92846.47454672326
138.25,92848.55529115877
138.26,92847.11406425785
138.27,92847.24044691895
138.28,92849.11804019962
138.29,92848.48728932608
138.3,92850.71643879087
138.31,92850.36690779528
138.32,92849.9665229696
138.33,92851.37202316592
138.34,92853.0886121426
138.35,92850.74188011991
138.36,92855.35016757676
138.37,92853.88697565811
138.38,92854.18226602957
138.39000000000001,92857.74798899199
138.4,92856.97491208208
138.41,92856.08488180206
138.42000000000002,92856.81825803749
138.43,92857.4908150682
138.44,92858.14842578722
138.45000000000002,92859.40966316922
138.46,92861.85726920032
138.47,92861.32802966771
138.48,92862.29104448864
138.49,92863.33605534217
138.5,92863.03213046952
138.51,92864.47508827808
138.52,92864.09910769059
138.53,92862.82745772494
138.54,92865.41611435749
138.55,92866.40282342305
138.56,92867.39333935076
138.57,92865.83773366823
138.58,92867.9592294035
138.59,92868.22012657976
138.6,92870.05503564262
138.61,92869.91474440873
138.62,92870.62976870198
138.63,92869.01735667897
138.64000000000001,92871.9064196423
138.65,92872.39889332134
138.66,92872.37293232208
138.67000000000002,92873.72444298877
138.68,92875.20761321773
138.69,92874.54049275308
138.70000000000002,92876.18361933174
138.71,92876.65177396397
138.72,92877.21603847313
138.73,92877.08537282434
138.74,92876.77526190634
138.75,92877.46976979455
138.76,92878.51528416754
138.77,92882.25903668752
138.78,92881.19795913236
138.79,92882.02997922347
138.8,92883.88329719933
138.81,92881.85334701021
138.82,92882.19545786174
138.83,92883.17274322592
138.84,92883.69430788807
138.85,92884.50874928749
138.86,92888.11658514856
138.87,92885.32159213636
138.88,92886.67132252488
138.89000000000001,92887.29516988495
138.9,92887.99489620369
138.91,92889.63140656652
138.92000000000002,92890.37364036514
138.93,92891.27892851435
138.94,92890.9005791676
138.95000000000002,92890.6768475619
138.96,92890.50103632962
138.97,92892.42763444106
138.98,92894.16362557722
138.99,92894.27456900147
139.0,92896.93357184554
139.01,92896.80637657153
139.02,92895.5009754767
139.03,92895.70854964266
139.04,92896.88662056765
139.05,92896.29198643932
139.06,92899.69828519905
139.07,92899.98875193532
139.08,92899.37202524481
139.09,92901.2932120707
139.1,92901.34207740237
139.11,92902.70697674101
139.12,92899.88644474786
139.13,92902.74828412938
139.14000000000001,92904.73625988163
139.15,92905.61196372802
139.16,92907.03759279384
139.17000000000002,92905.31257410743
139.18,92907.09133643964
139.19,92907.14809227452
139.20000000000002,92908.17932540017
139.21,92907.37313982703
139.22,92909.18958229928
139.23,92909.44154146947
139.24,92908.93118258906
139.25,92912.1099883613
139.26,92911.05177196678
139.27,92913.25626258051
139.28,92915.16196644954
139.29,92914.61144698033
139.3,92915.5304540271
139.31,92915.18406085679
139.32,92914.95359108184
139.33,92916.74492139192
139.34,92917.3531098355
139.35,92916.0839557149
139.36,92917.00351992165
139.37,92917.50522750562
139.38,92918.92713775109
139.39000000000001,92919.38632345955
139.4,92919.76480040987
139.41,92921.73776545654
139.42000000000002,92923.41908467325
139.43,92921.75252667758
139.44,92924.7692996387
139.45000000000002,92921.0882208222
139.46,92923.80056946764
139.47,92924.84754786908
139.48,92929.2553908418
139.49,92926.54439637068
139.5,92927.2789363497
139.51,92927.41094726685
139.52,92928.02545497671
139.53,92926.79842436874
139.54,92929.60263328347
139.55,92929.0000186009
139.56,92930.2634951643
139.57,92931.74416028135
139.58,92931.65338109412
139.59,92933.33041275632
139.6,92932.17570802862
139.61,92935.54336500951
139.62,92934.33615564952
139.63,92934.76343230587
139.64000000000001,92936.09722019156
139.65,92935.66665842978
139.66,92936.76499765905
139.67000000000002,92937.63204202442
139.68,92937.89329938308
139.69,92939.66753607545
139.70000000000002,92940.34495258017
139.71,92940.27152887116
139.72,92939.70281175744
139.73,92943.76541593988
139.74,92942.02321956735
139.75,92942.90063392809
139.76,92942.67153794198
139.77,92943.58529121432
139.78,92946.68086645371
139.79,92946.82511360415
139.8,92945.47177433925
139.81,92947.87885791804
139.82,92947.02981311639
139.83,92945.84486530258
139.84,92947.41074707388
139.85,92949.52424042966
139.86,92949.8015048622
139.87,92950.54634452665
139.88,92949.95185721877
139.89000000000001,92951.55816920858
139.9,92954.05369736232
139.91,92952.44776198447
139.92000000000002,92955.81379228437
139.93,92952.66340037265
139.94,92956.36570808783
139.95000000000002,92955.65977240606
139.96,92956.78310869576
139.97,92957.32784562004
139.98,92957.0224209772
139.99,92958.66999049131
140.0,92959.5291030409
140.01,92959.42572521807
140.02,92960.45067502116
140.03,92961.13723321212
140.04,92961.49536224265
140.05,92961.60870649492
140.06,92962.00359596351
140.07,92962.6406395031
140.08,92965.39869014647
140.09,92965.63413875127
140.1,92965.1395680327
140.11,92966.22535805021
140.12,92967.82086109245
140.13,92967.18943305509
140.14000000000001,92967.3602533233
140.15,92969.5815152892
140.16,92970.29190595039
140.17000000000002,92968.74673139447
140.18,92971.6962311769
140.19,92970.10205784369
140.20000000000002,92971.02606206703
140.21,92970.62518757794
140.22,92972.65340268264
140.23,92972.86812739227
140.24,92973.59645600895
140.25,92975.82546736127
140.26,92974.70588762868
140.27,92976.2474695934
140.28,92977.7851439917
140.29,92977.33268546789
140.3,92977.79206160641
140.31,92978.46228521336
140.32,92978.46754590517
140.33,92980.25196307992
140.34,92981.05231582411
140.35,92982.39598518219
140.36,92983.77764128894
140.37,92983.70603597
140.38,92984.18874107293
140.39000000000001,92985.86961241785
140.4,92984.59353271913
140.41,92985.84817773101
140.42000000000002,92985.8219611256
140.43,92986.68771685236
140.44,92988.48190057866
140.45000000000002,92988.70965055593
140.46,92987.46362708094
140.47,92989.5393843288
140.48,92989.3761925286
140.49,92990.42413066202
140.5,92991.24447354556
140.51,92992.85710288586
140.52,92992.06345690646
140.53,92994.95928498618
140.54,92992.28477589852
140.55,92992.80680072405
140.56,92995.37726863178
140.57,92994.80579027453
140.58,92995.61929743199
140.59,92996.96756090283
140.6,92997.50848875902
140.61,92998.66016760831
140.62,92997.82703138438
140.63,92998.70757206979
140.64000000000001,92999.6493273988
140.65,93002.11595192182
140.66,92999.85676862928
140.67000000000002,93001.79910301871
140.68,93002.53315070785
140.69,93004.5558999603
140.70000000000002,93002.59699718963
140.71,93003.81614991935
140.72,93005.10257638758
140.73,93005.77639615703
140.74,93006.56895332549
140.75,93006.1315417644
140.76,93008.02170692035
140.77,93008.88522828544
140.78,93008.6835346286
140.79,93008.65808199486
140.8,93011.02545129735
140.81,93011.0553754622
140.82,93009.68632873487
140.83,93012.69564891329
140.84,93013.36929285624
140.85,93015.85072110614
140.86,93014.1226374988
140.87,93015.05825754389
140.88,93013.73335071762
140.89000000000001,93014.81480188978
140.9,93015.38090761266
140.91,93014.87738914722
140.92000000000002,93016.5194105955
140.93,93018.46618061978
140.94,93019.15435093622
140.95000000000002,93020.53170699046
140.96,93020.33862859134
140.97,93021.003058343
140.98,93023.60314607018
140.99,93021.22940752578
141.0,93024.18689493027
141.01,93022.01006578974
141.02,93023.21642468445
141.03,93025.92924916172
141.04,93024.21376343134
141.05,93026.67642203812
141.06,93026.87890282144
141.07,93026.90443364
141.08,93028.90119108651
141.09,93029.00306238414
141.1,93029.73266277375
141.11,93030.96918212855
141.12,93028.87494141597
141.13,93031.42182145658
141.14000000000001,93032.17393683972
141.15,93033.1901824329
141.16,93033.59822791068
141.17000000000002,93034.50558122064
141.18,93032.97201018613
141.19,93035.72904961178
141.20000000000002,93035.98031852499
141.21,93035.19692182563
141.22,93035.48210584142
141.23,93038.42496444723
141.24,93039.31272912036
141.25,93039.18232222492
141.26,93037.07065661131
141.27,93039.62414746537
141.28,93040.19076080571
141.29,93041.76262769177
141.3,93042.77419573235
141.31,93043.41570465568
141.32,93043.97849333721
141.33,93044.31641534135
141.34,93043.64847850087
141.35,93044.61656598124
141.36,93045.4346523332
141.37,93046.59590399983
141.38,93049.17403313902
141.39000000000001,93048.29962113294
141.4,93049.57042688165
141.41,93049.57499536028
141.42000000000002,93050.64946606942
141.43,93051.0670431954
141.44,93050.44944442205
141.45000000000002,93051.3195075088
141.46,93052.46724096638
141.47,93051.51498421846
141.48,93053.93142712892
141.49,93052.95872561046
141.5,93056.80650806344
141.51,93053.8277696723
141.52,93056.24701999484
141.53,93054.53746990698
141.54,93057.27441923534
141.55,93058.16115900426
141.56,93060.08743557974
141.57,93061.0150412546
141.58,93058.38125301182
141.59,93060.03161077881
141.6,93061.38429829922
141.61,93061.44211641939
141.62,93062.48318132586
141.63,93061.53021655999
141.64000000000001,93062.57056141387
141.65,93063.85614295129
141.66,93063.83297168631
141.67000000000002,93065.96929954134
141.68,93067.97351286872
141.69,93068.45204910892
141.70000000000002,93067.1207394576
141.71,93067.96375051238
141.72,93068.37228259911
141.73,93069.11664946556
141.74,93069.96272748995
141.75,93070.32184803986
141.76,93071.53175712432
141.77,93070.67895232642
141.78,93073.49541750926
141.79,93072.53095950656
141.8,93077.12963710813
141.81,93074.9864239785
141.82,93073.7654224291
141.83,93077.94872380637
141.84,93077.22713267637
141.85,93078.14239001337
141.86,93078.71671025381
141.87,93078.76407863248
141.88,93080.79261219956
141.89000000000001,93080.08420317134
141.9,93079.6590643638
141.91,93079.77443335185
141.92000000000002,93080.88870050778
141.93,93081.58352027085
141.94,93082.68005436548
141.95000000000002,93082.30295663737
141.96,93084.14514795042
141.97,93085.13632635587
141.98,93086.78201953591
141.99,93085.0378814404
142.0,93086.98238775716
142.01,93086.81687341914
142.02,93088.93610132506
142.03,93090.81863303285
142.04,93090.15493958353
142.05,93090.0250000249
142.06,93093.31465280268
142.07,93093.1288740674
142.08,93093.30190157557
142.09,93094.17172698527
142.1,93095.53511264117
142.11,93093.81269021182
142.12,93095.16860360808
142.13,93094.72967098396
142.14000000000001,93096.77630206001
142.15,93097.25185175163
142.16,93097.99628549117
142.17000000000002,93097.56610351129
142.18,93099.1798300671
142.19,93100.43211508938
142.20000000000002,93098.12868705718
142.21,93099.93211005638
142.22,93102.81531502494
142.23,93101.3455343977
142.24,93103.55276025788
142.25,93104.44540196123
142.26,93102.45021695932
142.27,93105.54101691759
142.28,93106.76695116557
142.29,93105.31594015838
142.3,93105.2329810095
142.31,93107.61579973668
142.32,93108.83861164282
142.33,93110.70463299415
142.34,93109.20185919818
142.35,93110.35404463868
142.36,93110.5290623415
142.37,93112.34666630902
142.38,93110.2271157075
142.39000000000001,93113.68967727375
142.4,93113.39755700815
142.41,93113.65257093447
142.42000000000002,93115.24603809167
142.43,93113.93608145144
142.44,93112.92320134601
142.45000000000002,93114.97552032313
142.46,93116.58996685664
142.47,93117.48277503501
142.48,93115.98750849419
142.49,93118.15843884324
142.5,93119.48900848227
142.51,93119.33243647938
142.52,93121.33491270193
142.53,93119.08902854891
142.54,93122.02786464027
142.55,93123.3224454502
142.56,93122.66705002666
142.57,93125.52336750184
142.58,93123.9378380576
142.59,93128.09637196071
142.6,93126.20429664501
142.61,93127.9027078075
142.62,93127.75158838187
142.63,93126.53699079681
142.64000000000001,93128.64407597047
142.65,93128.98847366583
142.66,93130.1517660252
142.67000000000002,93130.50637646667
142.68,93130.73626055986
142.69,93131.13398069325
142.70000000000002,93130.43741818944
142.71,93132.78634596065
142.72,93132.56049729443
142.73,93133.62385707867
142.74,93134.24563006595
142.75,93135.07415719463
142.76,93137.72310650992
142.77,93139.25009509402
142.78,93140.05245886683
142.79,93137.99539167793
142.8,93137.98710423546
142.81,93138.84292725431
142.82,93137.96397703598
142.83,93140.61370215812
142.84,93141.40170963024
142.85,93141.0810349268
142.86,93140.83009977268
142.87,93145.31046427888
142.88,93143.57436666139
142.89000000000001,93144.51529545008
142.9,93145.57065051641
142.91,93145.93438131324
142.92000000000002,93146.67508375467
142.93,93145.58742602427
142.94,93147.28179854051
142.95000000000002,93146.39236117913
142.96,93147.8613066865
142.97,93147.97822366466
142.98,93149.75125572325
142.99,93150.83296946621
143.0,93149.594289055
143.01,93151.63105161263
143.02,93153.11050299049
143.03,93153.05914784885
143.04,93152.82855867862
143.05,93151.53769785425
143.06,93156.93052115437
143.07,93155.8599493341
143.08,93157.58891142244
143.09,93157.39444524054
143.1,93156.26329134559
143.11,93159.0108618298
143.12,93158.58466932863
143.13,93159.68154009525
143.14000000000001,93160.57508198534
143.15,93160.99690143135
143.16,93162.34089727925
143.17000000000002,93162.69347724054
143.18,93163.27507190968
143.19,93162.16808922272
143.20000000000002,93163.12971393183
143.21,93164.87803502491
143.22,93165.62587068783
143.23,93165.65781048164
143.24,93167.86030994175
143.25,93166.72285285307
143.26,93167.36933520772
143.27,93166.92160430459
143.28,93170.27434802719
143.29,93167.7383308347
143.3,93172.25687222583
143.31,93173.04107709705
143.32,93172.93833224643
143.33,93173.01064753196
143.34,93173.12797511811
143.35,93172.97129103015
143.36,93173.50592008058
143.37,93175.23103955362
143.38,93174.70969651756
143.39000000000001,93178.03680306437
143.4,93177.87083076703
143.41,93178.04907281927
143.42000000000002,93178.27640574315
143.43,93179.12117591096
143.44,93180.10372618207
143.45000000000002,93178.60502539638
143.46,93181.03481383284
143.47,93180.62502293316
143.48,93180.78728942884
143.49,93183.62259171713
143.5,93183.75361421591
143.51,93182.13714594573
143.52,93186.08539559282
143.53,93185.5398416803
143.54,93186.61652998545
143.55,93186.4414088668
143.56,93189.32944135898
143.57,93188.7096677991
143.58,93189.24643458365
143.59,93188.65456324907
143.6,93188.27444472656
143.61,93191.11144052626
143.62,93191.2510681995
143.63,93192.56984847075
143.64000000000001,93193.24318280522
143.65,93191.86896141108
143.66,93193.05475540798
143.67000000000002,93194.33751509916
143.68,93195.39673102064
143.69,93194.80252735932
143.70000000000002,93197.10327604854
143.71,93196.37383344732
143.72,93197.49430453408
143.73,93198.2769231152
143.74,93199.18114106226
143.75,93197.59709330143
143.76,93200.89535312193
143.77,93199.95117824354
143.78,93200.08461532735
143.79,93201.19341155609
143.8,93203.62399408473
143.81,93202.34267563256
143.82,93202.72835852407
143.83,93202.73566392547
143.84,93205.13447865008
143.85,93204.98119227069
143.86,93205.6872912488
143.87,93207.85731204468
143.88,93208.43945453843
143.89000000000001,93208.6968446329
143.9,93208.78928077752
143.91,93210.15273359313
143.92000000000002,93211.49356641591
143.93,93209.92449264071
143.94,93211.98099474896
143.95000000000002,93211.39429214329
143.96,93211.05771621435
143.97,93214.24543879722
143.98,93213.65276846306
143.99,93214.49525726595
144.0,93216.34841914018
144.01,93215.69287628641
144.02,93217.4229852174
144.03,93217.51479071792
144.04,93217.98330159624
144.05,93218.45621119441
144.06,93219.92804548454
144.07,93220.5162502694
144.08,93220.74199109481
144.09,93222.18222225935
144.1,93221.26131811341
144.11,93223.28221343861
144.12,93223.1406921211
144.13,93224.34730818823
144.14000000000001,93225.17358905352
144.15,93225.86029819472
144.16,93225.25451058798
144.17000000000002,93223.97656688899
144.18,93228.02177373406
144.19,93228.34586041358
144.20000000000002,93227.06178191394
144.21,93227.70725371383
144.22,93230.75479291222
144.23,93229.91547408605
144.24,93229.55059693546
144.25,93231.06560709464
144.26,93233.1556300004
144.27,93233.26128401006
144.28,93233.64251552965
144.29,93233.59585985185
144.3,93235.01485779235
144.31,93235.49191964278
144.32,93233.68350527609
144.33,93238.18617548839
144.34,93238.37357995343
144.35,93238.03931410717
144.36,93238.37676060596
144.37,93240.30129020331
144.38,93239.35685238098
144.39000000000001,93241.23722862758
144.4,93240.54760127036
144.41,93242.88996803551
144.42000000000002,93242.76367529953
144.43,93242.76768587966
144.44,93243.81985022458
144.45000000000002,93243.75159656975
144.46,93243.62830767427
144.47,93243.98785053832
144.48,93245.51345727223
144.49,93246.59505779797
144.5,93247.81748397315
144.51,93247.67380185126
144.52,93249.23930488354
144.53,93248.82368941906
144.54,93250.37864758927
144.55,93251.80958326667
144.56,93252.05852589173
144.57,93251.81826598832
144.58,93251.73710702147
144.59,93254.08139571537
144.6,93253.68222916067
144.61,93254.22269302224
144.62,93254.23053963798
144.63,93254.01170000026
144.64000000000001,93257.25186970682
144.65,93254.40858135733
144.66,93257.95608954625
144.67000000000002,93258.9701775015
144.68,93260.26160906002
144.69,93259.17961511694
144.70000000000002,93260.4322684774
144.71,93261.98802069016
144.72,93260.32427890897
144.73,93259.61345182292
144.74,93263.20922552832
144.75,93263.12787946085
144.76,93261.82631376525
144.77,93262.95341250808
144.78,93264.64609905181
144.79,93269.69194069196
144.8,93266.60501823277
144.81,93265.1847560259
144.82,93268.53139031799
144.83,93268.48814139687
144.84,93269.64925827325
144.85,93269.69773057048
144.86,93271.00557648452
144.87,93270.97970306661
144.88,93272.67109961473
144.89000000000001,93272.51426874845
144.9,93274.2726918633
144.91,93274.10238015563
144.92000000000002,93275.15360782767
144.93,93275.38945579292
144.94,93275.094790862
144.95000000000002,93274.86063402481
144.96,93276.07021763064
144.97,93279.30389477534
144.98,93278.1930052011
144.99,93280.04000238498
145.0,93280.56379625377
145.01,93280.10749983965
145.02,93281.09995310448
145.03,93283.59034152832
145.04,93281.39234083542
145.05,93281.18626585913
145.06,93282.14828223365
145.07,93283.80585330207
145.08,93285.64446068068
145.09,93286.31317882544
145.1,93285.5644706616
145.11,93284.84373586795
145.12,93287.49148326532
145.13,93287.19710972007
145.14000000000001,93288.6779840027
145.15,93287.93654889577
145.16,93290.81041492356
145.17000000000002,93289.98364079664
145.18,93292.17236993143
145.19,93290.94545653046
145.20000000000002,93290.83393400731
145.21,93292.54089318776
145.22,93291.78022287544
145.23,93293.19850870829
145.24,93294.99770752715
145.25,93295.36300022328
145.26,93296.72023606472
145.27,93295.90180449667
145.28,93298.67468182117
145.29,93297.8505477637
145.3,93297.93125575937
145.31,93300.50763804364
145.32,93299.3772931392
145.33,93301.65803236337
145.34,93300.90731591589
145.35,93301.81688861146
145.36,93302.47405691829
145.37,93303.17510069799
145.38,93305.07209847293
145.39000000000001,93303.01392842724
145.4,93304.78337144923
145.41,93305.21580847936
145.42000000000002,93305.44507903882
145.43,93307.02126352154
145.44,93307.23433538768
145.45000000000002,93308.66329254699
145.46,93309.27822140195
145.47,93309.50876139359
145.48,93310.10513139643
145.49,93312.25160311742
145.5,93310.25869713392
145.51,93311.64514282625
145.52,93314.39599660723
145.53,93313.59417320351
145.54,93313.16344348181
145.55,93315.12467837927
145.56,93315.02904198368
145.57,93318.073035412
145.58,93316.86166429752
145.59,93316.17838190257
145.6,93317.07702817973
145.61,93319.19408935457
145.62,93318.60051187157
145.63,93318.98134670994
145.64000000000001,93321.54988183883
145.65,93320.79217190275
145.66,93322.56774343431
145.67000000000002,93322.79381075081
145.68,93323.9070522923
145.69,93323.69729367449
145.70000000000002,93322.65623846199
145.71,93325.35993433752
145.72,93325.96418404678
145.73,93325.24530193648
145.74,93327.20652817412
145.75,93329.53376840756
145.76,93328.32216847595
145.77,93328.67391612101
145.78,93330.28901952368
145.79,93330.30230471693
145.8,93331.48036583328
145.81,93333.48714267477
145.82,93332.2646568893
145.83,93333.54998842273
145.84,93335.0649012856
145.85,93333.11515574019
145.86,93336.33198231235
145.87,93334.43481465889
145.88,93333.95306162914
145.89000000000001,93338.24954706659
145.9,93336.05422566757
145.91,93339.05369735451
145.92000000000002,93339.82608161139
145.93,93339.32744276982
145.94,93338.4860921448
145.95000000000002,93339.02620567543
145.96,93340.2024247707
145.97,93340.24513288683
145.98,93342.03431546346
145.99,93342.78238280107
146.0,93341.97651744123
146.01,93345.79386270662
146.02,93344.20436013899
146.03,93343.63571810315
146.04,93346.84420773704
146.05,93346.73027491702
146.06,93347.09757776522
146.07,93347.81381925949
146.08,93348.81303572356
146.09,93348.1644311511
146.1,93349.7265277473
146.11,93350.94299318141
146.12,93351.25535993047
146.13,93352.39811906943
146.14000000000001,93352.88414026362
146.15,93352.6472730216
146.16,93354.98542071598
146.17000000000002,93353.3383611831
146.18,93354.1499414144
146.19,93354.751104109
146.20000000000002,93356.59302355202
146.21,93357.68931454823
146.22,93355.40670329
146.23,93359.22770541087
146.24,93357.84153105551
146.25,93358.46049199848
146.26,93359.70698774132
146.27,93361.69460447368
146.28,93363.31381200765
146.29,93361.32717320806
146.3,93362.22660260907
146.31,93364.1143430158
146.32,93364.97295985301
146.33,93367.38025526723
146.34,93365.99880478892
146.35,93364.7624667161
146.36,93367.1194057742
146.37,93369.2966490665
146.38,93368.23724681606
146.39000000000001,93367.16239282832
146.4,93368.01342378742
146.41,93370.53884785748
146.42000000000002,93371.79799026229
146.43,93372.65268932591
146.44,93372.01973654027
146.45000000000002,93373.58133567496
146.46,93373.73024269774
146.47,93373.70816602894
146.48,93374.47419153924
146.49,93374.09654527491
146.5,93374.46380370592
146.51,93379.696055867
146.52,93378.15462091727
146.53,93378.46817240838
146.54,93377.14822347208
146.55,93378.80086827186
146.56,93379.54876511195
146.57,93382.46958574757
146.58,93380.95201141924
146.59,93382.20957563358
146.6,93382.99368019598
146.61,93382.26027112947
146.62,93383.05512772016
146.63,93384.66897684315
146.64000000000001,93384.8349635882
146.65,93388.58657519032
146.66,93384.89183589912
146.67000000000002,93385.75750182934
146.68,93390.38495560776
146.69,93389.02001680034
146.70000000000002,93389.32672791825
146.71,93390.68394227615
146.72,93390.80915952343
146.73,93391.11896958132
146.74,93390.34477854827
146.75,93391.61104225028
146.76,93393.94647898478
146.77,93393.32407297807
146.78,93392.11331779939
146.79,93395.54277084477
146.8,93396.97505440615
146.81,93395.8864616974
146.82,93394.90442607751
146.83,93397.66792485556
146.84,93398.68370225343
146.85,93398.29086033901
146.86,93399.43026305703
146.87,93399.54847317257
146.88,93400.64128834775
146.89000000000001,93400.49929420609
146.9,93401.58745808767
146.91,93402.88211580108
146.92000000000002,93401.13698792469
146.93,93403.06920948566
146.94,93402.56738741201
146.95000000000002,93403.51748570311
146.96,93406.33884392037
146.97,93405.77838983394
146.98,93406.56473829383
146.99,93407.69428886144
147.0,93406.28107485385
147.01,93408.90849959271
147.02,93409.82468282951
147.03,93410.17561139239
147.04,93409.30921162995
147.05,93412.19115786604
147.06,93411.57809741009
147.07,93412.18660502047
147.08,93413.1815637242
147.09,93414.290297146
147.1,93412.36986061672
147.11,93414.8207870617
147.12,93416.424786386
147.13,93415.82914677751
147.14000000000001,93417.47403975474
147.15,93416.27070712869
147.16,93417.76396071372
147.17000000000002,93420.56581385067
147.18,93421.44277209169
147.19,93419.99150320778
147.20000000000002,93420.06215916084
147.21,93422.69729279063
147.22,93421.36826282207
147.23,93422.95766717666
147.24,93423.0862938946
147.25,93422.59065211928
147.26,93424.87953760635
147.27,93424.99606569618
147.28,93424.62154900563
147.29,93427.49945827395
147.3,93425.37109194358
147.31,93426.08885341101
147.32,93428.64701390738
147.33,93428.84708391858
147.34,93430.05565759425
147.35,93431.37201201702
147.36,93431.21258780829
147.37,93432.21203795687
147.38,93431.87555384684
147.39000000000001,93431.82915294927
147.4,93433.5757004955
147.41,93432.39697037186
147.42000000000002,93433.97586165398
147.43,93436.31728596712
147.44,93436.11093442743
147.45000000000002,93437.33137694848
147.46,93437.43975852068
147.47,93438.43455431612
147.48,93439.6504139711
147.49,93439.91620435705
147.5,93438.85385028062
147.51,93439.72973515818
147.52,93442.94872216233
147.53,93442.35015746158
147.54,93444.05257531742
147.55,93442.92937204403
147.56,93443.30570558575
147.57,93443.75810788524
147.58,93444.23210311658
147.59,93446.03556522574
147.6,93446.12607546175
147.61,93445.47200382895
147.62,93446.71047282164
147.63,93448.51486696133
147.64000000000001,93448.48595049226
147.65,93449.8589298386
147.66,93451.06678828796
147.67000000000002,93449.81845554938
147.68,93453.26735828926
147.69,93453.63818860431
147.70000000000002,93452.51410786962
147.71,93453.97586859808
147.72,93455.35688344628
147.73,93454.08263897695
147.74,93456.21844902654
147.75,93455.84437759475
147.76,93456.99250093497
147.77,93456.7890584501
147.78,93457.78036642789
147.79,93458.80878745984
147.8,93459.92745529767
147.81,93459.17621176621
147.82,93460.29605585894
147.83,93461.77225507339
147.84,93461.8234457518
147.85,93462.46543085422
147.86,93463.36273341163
147.87,93462.50545978047
147.88,93463.92330978361
147.89000000000001,93466.09133806417
147.9,93466.76990950937
147.91,93466.41440782804
147.92000000000002,93467.37799878808
147.93,93466.16176573612
147.94,93468.45797510847
147.95000000000002,93468.64462973706
147.96,93470.5935828305
147.97,93472.040715961
147.98,93470.74626383984
147.99,93471.22906582234
148.0,93472.96287748919
148.01,93473.97301944322
148.02,93474.7310143577
148.03,93474.9022967739
148.04,93476.12904558184
148.05,93475.57901476997
148.06,93474.18312428132
148.07,93477.69786515637
148.08,93476.82092848218
148.09,93476.15538440425
148.1,93480.05311683226
148.11,93478.55154099563
148.12,93480.23821844408
148.13,93482.40129895996
148.14000000000001,93481.42858229147
148.15,93481.21735805555
148.16,93483.0258067287
148.17000000000002,93482.671417702
148.18,93482.34456775754
148.19,93484.43151252856
148.20000000000002,93485.8974856116
148.21,93485.2579951889
148.22,93487.07322677778
148.23,93486.54381558626
148.24,93488.42897536766
148.25,93485.57168595276
148.26,93487.73629070642
148.27,93492.17043294339
148.28,93488.95583076541
148.29,93489.54714615992
148.3,93493.0892869519
148.31,93492.51945802371
148.32,93490.3311472917
148.33,93494.8834981012
148.34,93492.2859370615
148.35,93494.09499388597
148.36,93497.49966064686
148.37,93494.58810544873
148.38,93495.15887292415
148.39000000000001,93497.60539148538
148.4,93497.81962056816
148.41,93498.51072270094
148.42000000000002,93499.61094426906
148.43,93499.45246064772
148.44,93499.70860138538
148.45000000000002,93500.89027459941
148.46,93500.83310939053
148.47,93502.50747856639
148.48,93502.48037695991
148.49,93504.98137124021
148.5,93503.18475612743
148.51,93506.31978776389
148.52,93506.22506951432
148.53,93507.28745499392
148.54,93507.4187464269
148.55,93507.36740555069
148.56,93508.42065788266
148.57,93507.7940187258
148.58,93510.7839715822
148.59,93509.00328456295
148.6,93509.84546472873
148.61,93511.44984371406
148.62,93511.74734512149
148.63,93513.90235784625
148.64000000000001,93513.6276472242
148.65,93515.21488528035
148.66,93513.56981747471
148.67000000000002,93515.73231158098
148.68,93517.7533961794
148.69,93516.97796805091
148.70000000000002,93517.209888397
148.71,93518.33794742751
148.72,93517.77972048528
148.73,93520.62897577547
148.74,93520.10036620067
148.75,93521.7489777069
148.76,93523.44193910275
148.77,93522.50931507225
148.78,93523.36811691974
148.79,93522.44209593884
148.8,93522.62190707884
148.81,93523.23635843932
148.82,93525.80319797095
148.83,93526.69097051074
148.84,93527.55232899675
148.85,93524.28592125385
148.86,93527.84870246759
148.87,93527.40095243609
148.88,93529.16086843565
148.89000000000001,93529.56458059214
148.9,93528.83064317986
148.91,93529.38114068456
148.92000000000002,93529.69941539913
148.93,93531.19657759047
148.94,93533.03164494618
148.95000000000002,93533.52672494906
148.96,93535.80340229074
148.97,93534.18731760322
148.98,93534.10237260425
148.99,93536.45702902744
149.0,93536.39461995082
149.01,93537.05527279536
149.02,93537.65585690149
149.03,93538.70219293184
149.04,93539.55354497912
149.05,93539.79041092632
149.06,93539.34334611928
149.07,93542.20856199949
149.08,93540.4626289007
149.09,93541.24391634541
149.1,93541.61451901637
149.11,93542.62104610368
149.12,93544.18623269917
149.13,93544.64569730785
149.14000000000001,93545.49303333819
149.15,93546.51529465345
149.16,93545.96420354652
149.17000000000002,93547.07071183214
149.18,93549.25041590647
149.19,93548.24129538647
149.20000000000002,93548.04987134214
149.21,93548.19450648208
149.22,93551.36558698301
149.23,93550.6425769982
149.24,93551.88363702607
149.25,93553.67999680666
149.26,93552.84130648391
149.27,93553.34024568013
149.28,93555.05495600357
149.29,93556.20520411257
149.3,93555.10437500321
149.31,93557.1224945002
149.32,93556.53151300829
149.33,93558.44830501515
149.34,93559.6859772393
149.35,93559.256447038
149.36,93560.59604685364
149.37,93562.09856050185
149.38,93561.02596504659
149.39000000000001,93561.46947881556
149.4,93562.97326145289
149.41,93563.49542753838
149.42000000000002,93563.24762720328
149.43,93563.37857360176
149.44,93564.33503692648
149.45000000000002,93564.15460113244
149.46,93566.83357842793
149.47,93567.85237565132
149.48,93567.95557187659
149.49,93568.39631445712
149.5,93567.89508522248
149.51,93568.07195169343
149.52,93571.21532578398
149.53,93570.5019580543
149.54,93570.66519738111
149.55,93573.33969041049
149.56,93572.84854054003
149.57,93573.1580415189
149.58,93573.67635308915
149.59,93575.18922878227
149.6,93575.64311396128
149.61,93575.93272912328
149.62,93576.3450426147
149.63,93575.7488760391
149.64000000000001,93578.88281754233
149.65,93578.55554077483
149.66,93578.61310299869
149.67000000000002,93580.80349879626
149.68,93578.83087552161
149.69,93581.28692297022
149.70000000000002,93581.50946004402
149.71,93580.96123366719
149.72,93583.31983647226
149.73,93584.26663249303
149.74,93583.41693949647
149.75,93584.5839403297
149.76,93584.25893517195
149.77,93586.52910454033
149.78,93585.54517543962
149.79,93586.59363527583
149.8,93587.80109041597
149.81,93587.4308832796
149.82,93589.05328681546
149.83,93591.00695812984
149.84,93590.9612718643
149.85,93589.4864880708
149.86,93592.91150616518
149.87,93590.80385355053
149.88,93592.17496055448
149.89000000000001,93593.67437847321
149.9,93593.73421832551
149.91,93593.92073295926
149.92000000000002,93596.06731162644
149.93,93596.44339820577
149.94,93596.24711247251
149.95000000000002,93597.44493781474
149.96,93595.90400499597
149.97,93598.18027846703
149.98,93597.35586852298
149.99,93598.90695114557
150.0,93599.78556327625
150.01,93599.99300694253
150.02,93601.50340505647
150.03,93602.7943090725
150.04,93603.17254818835
150.05,93603.29323228185
150.06,93605.41301007906
150.07,93604.45100104579
150.08,93606.09910008471
150.09,93608.63297308683
150.1,93608.3310269809
150.11,93607.21608183342
150.12,93608.61663968184
150.13,93609.81729697438
150.14000000000001,93608.82895519579
150.15,93611.37610937076
150.16,93609.73373668488
150.17000000000002,93613.44798052349
150.18,93611.80452644084
150.19,93610.96454585122
150.20000000000002,93613.28778589332
150.21,93612.44602546829
150.22,93613.4996767639
150.23,93614.50275572644
150.24,93617.53491975192
150.25,93616.97369870041
150.26,93616.46254325967
150.27,93619.1703099545
150.28,93618.1679421423
150.29,93620.39533340294
150.3,93618.49151369657
150.31,93620.8719999717
150.32,93622.56221224712
150.33,93623.78042966918
150.34,93623.13725172359
150.35,93623.43457566958
150.36,93622.73199693105
150.37,93624.62332306449
150.38,93624.64728704054
150.39000000000001,93626.2611457464
150.4,93626.2665841197
150.41,93627.82930436739
150.42000000000002,93628.81661252522
150.43,93628.65479400585
150.44,93627.98785844592
150.45000000000002,93628.850051272
150.46,93629.82762365548
150.47,93629.89154437046
150.48,93630.65684792021
150.49,93631.86874264562
150.5,93632.73365888956
150.51,93634.55361017036
150.52,93633.0283099306
150.53,93634.56754765427
150.54,93636.97130846037
150.55,93634.41979536877
150.56,93635.66735886085
150.57,93637.45819413915
150.58,93637.7277983366
150.59,93637.87803949688
150.6,93638.88449718991
150.61,93641.28506667263
150.62,93641.02520022381
150.63,93641.16824693636
150.64000000000001,93642.28068603731
150.65,93641.71887714604
150.66,93643.96046226722
150.67000000000002,93643.46560841858
150.68,93642.96932115631
150.69,93645.18925484078
150.70000000000002,93645.23062864249
150.71,93646.29152114742
150.72,93645.97878166015
150.73,93647.84149018083
150.74,93646.74965154346
150.75,93647.50612082206
150.76,93647.92871020724
150.77,93649.08950699013
150.78,93651.55602322426
150.79,93649.2819652045
150.8,93650.38043589087
150.81,93652.26212768407
150.82,93652.88996680228
150.83,93654.6286272613
150.84,93653.09668607463
150.85,93656.43941894034
150.86,93657.01448467125
150.87,93655.49764669826
150.88,93656.12572001026
150.89000000000001,93658.62039097262
150.9,93659.74531602666
150.91,93658.31823469815
150.92000000000002,93660.97535560199
150.93,93660.69325504181
150.94,93660.53867741035
150.95000000000002,93661.44406735519
150.96,93661.18388889664
150.97,93663.63807492575
150.98,93663.61911467217
150.99,93665.38681165219
151.0,93664.28188840761
151.01,93663.57377297306
151.02,93666.00447785309
151.03,93667.70206454411
151.04,93668.34624184605
151.05,93668.36744631395
151.06,93667.80975804398
151.07,93670.28656852178
151.08,93669.27211875205
151.09,93670.1414186067
151.1,93671.11449885812
151.11,93672.92929043162
151.12,93673.75247697411
151.13,93672.74698878967
151.14000000000001,93676.03651925229
151.15,93672.8775988912
151.16,93676.97491756263
151.17000000000002,93676.66805516066
151.18,93676.70385084012
151.19,93677.51242502382
151.20000000000002,93676.64020848622
151.21,93678.01634306526
151.22,93679.3313138726
151.23,93680.86679974137
151.24,93679.69037556223
151.25,93680.07251807919
151.26,93683.05725306607
151.27,93682.01750737528
151.28,93684.14847547856
151.29,93683.5662861098
151.3,93684.81727080708
151.31,93684.84782661074
151.32,93686.01079225937
151.33,93686.15376411504
151.34,93686.34424036916
151.35,93688.21490084723
151.36,93687.26509759355
151.37,93689.70442842983
151.38,93687.07791715824
151.39000000000001,93691.43165000154
151.4,93690.50431611508
151.41,93690.74851012703
151.42000000000002,93693.08217214045
151.43,93693.0479270291
151.44,93695.06211091601
151.45000000000002,93695.86502397081
151.46,93693.51516104357
151.47,93695.28208827061
151.48,93694.51895178042
151.49,93696.17586171138
151.5,93698.84591034852
151.51,93698.19365471785
151.52,93696.76629298579
151.53,93701.25736444889
151.54,93699.14027295672
151.55,93699.80687685766
151.56,93701.82838530344
151.57,93701.65696193342
151.58,93702.9827146778
151.59,93704.7726427466
151.6,93703.21882627721
151.61,93705.26687811787
151.62,93703.90446209237
151.63,93706.32934892915
151.64000000000001,93704.7962458682
151.65,93706.63624423812
151.66,93707.74807092341
151.67000000000002,93708.91281612402
151.68,93708.61161260087
151.69,93708.53594721021
151.70000000000002,93709.13989305313
151.71,93710.93435971848
151.72,93710.86527294556
151.73,93711.08907163345
151.74,93711.87601179421
151.75,93714.01444362228
151.76,93712.48379719633
151.77,93714.27890150063
151.78,93716.42503791153
151.79,93716.02908452987
151.8,93715.3846968815
151.81,93716.40107107432
151.82,93717.983745037
151.83,93716.03737536471
151.84,93718.71125675386
151.85,93719.91967069465
151.86,93720.31782355577
151.87,93720.13235538526
151.88,93720.08019824365
151.89000000000001,93724.25108223721
151.9,93722.26436038382
151.91,93722.87355383375
151.92000000000002,93725.32019930535
151.93,93722.27526075214
151.94,93726.60432918815
151.95000000000002,93725.08395325052
151.96,93727.1721324826
151.97,93727.93390675102
151.98,93728.34134717069
151.99,93729.23143594392
152.0,93728.00740994481
152.01,93730.46281344297
152.02,93729.9491690887
152.03,93729.24573436155
152.04,93730.2557559075
152.05,93731.83125150052
152.06,93733.8549212255
152.07,93733.0248569446
152.08,93734.70070073767
152.09,93734.7566243951
152.1,93734.65170804904
152.11,93735.43223809746
152.12,93737.01454829097
152.13,93737.52224284799
152.14000000000001,93738.81165804931
152.15,93737.28674258683
152.16,93740.66679825581
152.17000000000002,93738.45032552234
152.18,93742.74498402627
152.19,93742.9452967468
152.20000000000002,93741.45031871743
152.21,93742.12390400491
152.22,93741.85100909769
152.23,93744.98645184413
152.24,93745.51103441634
152.25,93746.63465747815
152.26,93746.61156642502
152.27,93747.25694286931
152.28,93747.94426187527
152.29,93748.9650399693
152.3,93748.66523379918
152.31,93748.54214230554
152.32,93749.20944360307
152.33,93751.22208492784
152.34,93751.4091356705
152.35,93753.74118153112
152.36,93753.9883939651
152.37,93751.45095633154
152.38,93754.6331106623
152.39000000000001,93754.4410680185
152.4,93753.62002218852
152.41,93756.52424308362
152.42000000000002,93757.02011744933
152.43,93758.34218692908
152.44,93757.71930334413
152.45000000000002,93758.29933016538
152.46,93758.5390371562
152.47,93760.014301297
152.48,93759.54768019721
152.49,93759.35169099119
152.5,93761.82945654738
152.51,93761.59029468037
152.52,93762.56202813354
152.53,93762.4879334877
152.54,93764.04536772757
152.55,93765.04373397313
152.56,93764.8592767014
152.57,93765.27742917745
152.58,93765.14287565186
152.59,93767.73876232533
152.6,93766.14602831246
152.61,93766.95831143801
152.62,93768.47827048284
152.63,93770.72970477835
152.64000000000001,93771.30119474973
152.65,93771.0367986117
152.66,93772.05175144439
152.67000000000002,93773.11337869699
152.68,93773.44134015817
152.69,93774.29074133436
152.70000000000002,93773.21879827924
152.71,93775.4648508935
152.72,93776.16658237127
152.73,93775.01191335499
152.74,93777.33574391024
152.75,93777.99671479598
152.76,93779.82702075626
152.77,93781.65191238727
152.78,93778.47405875949
152.79,93781.12002356625
152.8,93783.0851056678
152.81,93780.07512858458
152.82,93781.47510667592
152.83,93782.20844804231
152.84,93783.06843499147
152.85,93784.0954413034
152.86,93782.97713237868
152.87,93785.10823085363
152.88,93786.01637880814
152.89000000000001,93785.27285141393
152.9,93786.85354369393
152.91,93786.95045222534
152.92000000000002,93787.17585309784
152.93,93789.25077107332
152.94,93789.28648235761
152.95000000000002,93792.51651979105
152.96,93790.13583364504
152.97,93790.82829897231
152.98,93791.82605910882
152.99,93792.27083167907
153.0,93795.45579350485
153.01,93794.57535129864
153.02,93795.12446011997
153.03,93794.79234999715
153.04,93795.14773175267
153.05,93795.70344966606
153.06,93796.67641718761
153.07,93797.0006881008
153.08,93799.07774112825
153.09,93799.04644962345
153.1,93800.91068738836
153.11,93800.35701913969
153.12,93802.16508085986
153.13,93803.53257633107
153.14000000000001,93800.32377921014
153.15,93803.89459452195
153.16,93805.49652599204
153.17000000000002,93804.26859605269
153.18,93803.62304102958
153.19,93807.1218612368
153.20000000000002,93805.6096960163
153.21,93806.79956615451
153.22,93808.61327389612
153.23,93808.79366546137
153.24,93807.05724469936
153.25,93809.95963406091
153.26,93811.14181841092
153.27,93813.07428173494
153.28,93811.27908223776
153.29,93810.51004119728
153.3,93811.19220489803
153.31,93813.65266146896
153.32,93814.11180539145
153.33,93814.61944111458
153.34,93815.14511162846
153.35,93815.04177458947
153.36,93818.89192810598
153.37,93817.09554909641
153.38,93817.67340376783
153.39000000000001,93819.88038855027
153.4,93821.03053249982
153.41,93818.06377185916
153.42000000000002,93821.05869442146
153.43,93821.31031570659
153.44,93822.11969787099
153.45000000000002,93821.78915263545
153.46,93824.80191116294
153.47,93824.1280977445
153.48,93823.03281513005
153.49,93827.53194093528
153.5,93825.57850888441
153.51,93823.60829103182
153.52,93827.75186400968
153.53,93826.00376782079
153.54,93829.07033963139
153.55,93830.1777684673
153.56,93829.54004100019
153.57,93831.2391839453
153.58,93830.92291762664
153.59,93832.28195989963
153.6,93832.76024490107
153.61,93832.19115168336
153.62,93832.70055314737
153.63,93834.63792470517
153.64000000000001,93836.49607851684
153.65,93835.00568887756
153.66,93835.8093604894
153.67000000000002,93837.3790153712
153.68,93838.02427168115
153.69,93838.74380669193
153.70000000000002,93837.08358292976
153.71,93838.38314755593
153.72,93839.9527151562
153.73,93838.48010557222
153.74,93839.87322334548
153.75,93842.26297640029
153.76,93839.51338779091
153.77,93843.0679659159
153.78,93844.4894682737
153.79,93842.47546684979
153.8,93845.42111401478
153.81,93845.3506521321
153.82,93845.85284807844
153.83,93847.17123857631
153.84,93848.10408557356
153.85,93848.79021645946
153.86,93848.33649538687
153.87,93849.5824811978
153.88,93850.96321152085
153.89000000000001,93850.47829063881
153.9,93852.09056123869
153.91,93849.89875284367
153.92000000000002,93853.16803410342
153.93,93852.14242610404
153.94,93852.41820224485
153.95000000000002,93854.94171535043
153.96,93855.25927728628
153.97,93856.63993245481
153.98,93855.4517051941
153.99,93855.864934235
154.0,93856.81400899007
154.01,93856.90050818824
154.02,93858.2162404979
154.03,93860.28542618835
154.04,93860.65427169492
154.05,93862.88036041181
154.06,93861.40733165073
154.07,93861.35398290174
154.08,93866.00590286545
154.09,93862.97623597844
154.1,93864.00468865689
154.11,93865.84557410776
154.12,93866.20679498278
154.13,93865.53337825774
154.14000000000001,93864.81340520416
154.15,93867.39005284566
154.16,93868.4389444954
154.17000000000002,93870.40999671617
154.18,93869.71667967335
154.19,93870.13587011791
154.20000000000002,93870.46997264276
154.21,93871.4545223543
154.22,93871.48750752404
154.23,93871.98377099766
154.24,93872.064304467
154.25,93873.0206764547
154.26,93873.17157821213
154.27,93874.42633941857
154.28,93877.73413372916
154.29,93874.44646376299
154.3,93876.47202754936
154.31,93876.79905263647
154.32,93878.87008017162
154.33,93878.09974928477
154.34,93879.3083535629
154.35,93879.85235273468
154.36,93881.0537068537
154.37,93881.173826402
154.38,93882.43816914043
154.39000000000001,93882.24567552579
154.4,93883.57207477326
154.41,93885.73364818512
154.42000000000002,93885.90843879458
154.43,93887.20353728603
154.44,93886.9265281226
154.45000000000002,93887.569280913
154.46,93886.49166437391
154.47,93886.21369791991
154.48,93888.66062479222
154.49,93888.84106520553
154.5,93890.46572079512
154.51,93890.38025195406
154.52,93891.48308468435
154.53,93890.98201409221
154.54,93892.38626420159
154.55,93894.21039478036
154.56,93895.26985938683
154.57,93893.21031904637
154.58,93895.86059685063
154.59,93895.23264582639
154.6,93895.96936279268
154.61,93898.50403668104
154.62,93898.92183512858
154.63,93898.33795389865
154.64000000000001,93900.39287975054
154.65,93898.23349665357
154.66,93897.75222387111
154.67000000000002,93902.62073912885
154.68,93901.33923875832
154.69,93903.47698928355
154.70000000000002,93904.02184150448
154.71,93903.50851339758
154.72,93904.85426517818
154.73,93903.31604940434
154.74,93904.62338734732
154.75,93906.45689510953
154.76,93907.14092263347
154.77,93905.9139755111
154.78,93906.48789119434
154.79,93908.39248303686
154.8,93908.79057702723
154.81,93910.16218272418
154.82,93910.318781117
154.83,93911.48284603684
154.84,93911.29660530644
154.85,93911.73965998394
154.86,93912.76728016598
154.87,93915.01319513368
154.88,93913.77992756592
154.89000000000001,93915.71430513245
154.9,93916.00961711252
154.91,93917.14224077862
154.92000000000002,93918.6818064328
154.93,93918.72762995078
154.94,93917.9937053142
154.95000000000002,93917.85358642522
154.96,93920.29941252482
154.97,93919.78111186415
154.98,93921.9885457661
154.99,93921.13915775294
155.0,93922.51531584661
155.01,93922.17026765918
155.02,93923.88150455072
155.03,93923.1524694961
155.04,93925.76366689043
155.05,93924.10262088692
155.06,93925.66086099157
155.07,93926.3204088019
155.08,93926.760800886
155.09,93927.42905912807
155.1,93928.75359335159
155.11,93931.0980562928
155.12,93930.16156203728
155.13,93928.62220136194
155.14000000000001,93930.51941372214
155.15,93932.15720854097
155.16,93932.77686882841
155.17000000000002,93932.28617929619
155.18,93934.24278699356
155.19,93934.06128355235
155.20000000000002,93935.01435198047
155.21,93936.42237832103
155.22,93936.02489180832
155.23,93937.16459092067
155.24,93937.62977590614
155.25,93938.83072154658
155.26,93938.36341984906
155.27,93940.84239148666
155.28,93941.85015225661
155.29,93940.51811905132
155.3,93941.7728940034
155.31,93942.07993843027
155.32,93941.79052156095
155.33,93945.37109642541
155.34,93943.1123093908
155.35,93945.08731778439
155.36,93945.0203068955
155.37,93943.29526840088
155.38,93946.10408774462
155.39000000000001,93947.1083680441
155.4,93946.07069909912
155.41,93949.54588896465
155.42000000000002,93949.02780702764
155.43,93950.0862296495
155.44,93951.16331071737
155.45000000000002,93951.57842718446
155.46,93951.26736708087
155.47,93950.41708977059
155.48,93950.94014409189
155.49,93955.25107707374
155.5,93954.56400958535
155.51,93954.86228346979
155.52,93956.43268761403
155.53,93954.62843729075
155.54,93956.52307470069
155.55,93958.17444766758
155.56,93957.79784010907
155.57,93957.61267074502
155.58,93957.56494009934
155.59,93960.64929880008
155.6,93960.33092804253
155.61,93963.12682661394
155.62,93962.68182548543
155.63,93965.16966754127
155.64000000000001,93964.87555376091
155.65,93963.33650446056
155.66,93963.06669201565
155.67000000000002,93963.47099753658
155.68,93964.23811570954
155.69,93966.35086111554
155.70000000000002,93966.0203493035
155.71,93968.70033924046
155.72,93970.2775103654
155.73,93969.88769400203
155.74,93970.6226739829
155.75,93970.25302919999
155.76,93969.544549767
155.77,93970.67979485604
155.78,93971.78359851128
155.79,93973.03033238478
155.8,93973.48561739002
155.81,93972.09917579051
155.82,93973.53428969067
155.83,93976.01715556878
155.84,93975.95408704938
155.85,93977.47940042219
155.86,93976.94783327788
155.87,93978.83215973603
155.88,93980.62777882683
155.89000000000001,93978.49935065265
155.9,93977.75372695587
155.91,93979.66514893847
155.92000000000002,93980.83697163097
155.93,93983.5489858964
155.94,93981.82430454635
155.95000000000002,93982.94398308368
155.96,93983.85767466917
155.97,93985.70346539062
155.98,93984.63111661327
155.99,93985.96348015397
156.0,93985.94730038694
156.01,93988.1116951924
156.02,93989.24728992465
156.03,93987.61391225463
156.04,93988.71496329329
156.05,93989.03200662373
156.06,93990.29996571215
156.07,93991.50229700076
156.08,93990.90200473025
156.09,93992.45306204022
156.1,93991.52355296371
156.11,93993.6578529277
156.12,93993.51967971877
156.13,93995.6278534993
156.14000000000001,93996.10381120293
156.15,93995.27989780069
156.16,93998.08246355776
156.17000000000002,93998.2218960436
156.18,93997.59502414177
156.19,93998.57758282455
156.20000000000002,93999.2715686456
156.21,93998.38859158198
156.22,94000.7721015564
156.23,94000.68396782473
156.24,93999.70759647744
156.25,94000.03831809068
156.26,94005.33685001275
156.27,94003.02795930927
156.28,94006.47549882287
156.29,94005.24293819278
156.3,94006.0827752914
156.31,94005.24030922142
156.32,94008.19231788316
156.33,94007.43831383447
156.34,94008.57023568985
156.35,94008.11860236766
156.36,94009.60060995125
156.37,94009.8979072102
156.38,94011.23390146995
156.39000000000001,94011.86461335827
156.4,94010.72318005869
156.41,94013.22464243646
156.42000000000002,94013.30193381195
156.43,94014.63945742272
156.44,94013.48894938911
156.45000000000002,94017.4085299006
156.46,94017.62080889966
156.47,94017.03724539699
156.48,94019.30682004531
156.49,94015.69074557575
156.5,94019.84124960803
156.51,94018.09713582403
156.52,94020.42855249289
156.53,94022.112509922
156.54,94021.59085330053
156.55,94021.2553190548
156.56,94021.55325664066
156.57,94024.97028782663
156.58,94024.00915859359
156.59,94024.2279804311
156.6,94026.9593604385
156.61,94025.95940822583
156.62,94026.12172924
156.63,94027.89824395225
156.64000000000001,94028.40340315015
156.65,94028.90271515165
156.66,94029.29548231428
156.67000000000002,94029.60051429854
156.68,94030.5106691592
156.69,94030.69766774464
156.70000000000002,94030.82352392684
156.71,94033.21769250819
156.72,94031.2296488164
156.73,94032.5108915217
156.74,94034.8529637898
156.75,94036.523659852
156.76,94035.85772654225
156.77,94034.85945163784
156.78,94038.66712466466
156.79,94037.18732032359
156.8,94037.00974607818
156.81,94036.82799642597
156.82,94040.29987013804
156.83,94040.47571004268
156.84,94041.61940850409
156.85,94041.38729318441
156.86,94039.65570847358
156.87,94042.30597218964
156.88,94043.067496462
156.89000000000001,94043.41879344621
156.9,94043.80195164768
156.91,94043.94246389007
156.92000000000002,94045.68108222345
156.93,94044.90406524802
156.94,94047.22461661328
156.95000000000002,94047.52022875361
156.96,94048.0207182134
156.97,94047.96691060913
156.98,94049.43256763472
156.99,94050.41228743728
157.0,94053.17585207128
157.01,94053.23279404343
157.02,94052.45225111439
157.03,94051.82063060158
157.04,94054.00591924155
157.05,94053.4288222855
157.06,94053.96349631916
157.07,94056.82189932231
157.08,94055.86459313586
157.09,94054.67801716289
157.1,94056.73473275383
157.11,94058.20991794208
157.12,94057.48584813075
157.13,94060.60924844009
157.14000000000001,94061.44106683787
157.15,94061.07176826987
157.16,94061.62199201298
157.17000000000002,94062.40004118117
157.18,94060.92910605742
157.19,94064.7609994122
157.20000000000002,94064.06253374355
157.21,94064.15231677683
157.22,94065.4320161842
157.23,94066.07238266517
157.24,94066.10743876059
157.25,94067.4554208902
157.26,94068.05299508669
157.27,94067.39578747159
157.28,94069.23811143203
157.29,94070.47925472652
157.3,94071.04149652795
157.31,94070.05169238128
157.32,94071.45443875426
157.33,94073.4892973671
157.34,94073.64799016569
157.35,94072.83117201245
157.36,94073.99235269481
157.37,94074.68551177593
157.38,94075.25714678313
157.39000000000001,94076.35722081104
157.4,94077.45669261932
157.41,94078.25343653241
157.42000000000002,94079.50681295554
157.43,94078.24326585022
157.44,94080.06300716978
157.45000000000002,94079.81134701405
157.46,94079.18037121161
157.47,94081.15124203748
157.48,94081.35717109113
157.49,94082.69464771492
157.5,94084.70930462317
157.51,94083.25331279641
157.52,94086.1676599295
157.53,94085.13376907294
157.54,94085.25867440134
157.55,94086.6785767334
157.56,94088.35194424358
157.57,94087.97085083452
157.58,94088.94707568776
157.59,94088.92733899641
157.6,94089.66426667132
157.61,94090.89476708231
157.62,94089.91848332419
157.63,94091.23046641044
157.64000000000001,94093.50649361958
157.65,94092.00672310723
157.66,94094.03410797988
157.67000000000002,94093.79846265599
157.68,94095.17982422924
157.69,94094.34501533257
157.70000000000002,94096.97579064405
157.71,94095.19295130468
157.72,94096.82356273242
157.73,94098.54237927828
157.74,94098.4235735214
157.75,94099.65964652936
157.76,94099.85868913736
157.77,94102.47328033253
157.78,94101.41089329039
157.79,94100.46604383025
157.8,94101.01536776022
157.81,94102.98292319053
157.82,94102.25904780506
157.83,94103.0651817864
157.84,94105.5388679381
157.85,94106.78487108844
157.86,94106.51663363632
157.87,94106.4287897875
157.88,94107.84990038755
157.89000000000001,94109.36000443043
157.9,94108.88189834
157.91,94110.99889591975
157.92000000000002,94109.8211078048
157.93,94111.23001077487
157.94,94112.40153998243
157.95000000000002,94111.78663207452
157.96,94111.9861561361
157.97,94114.85454717629
157.98,94113.55947027415
157.99,94112.34410205833
158.0,94114.6553146337
158.01,94118.20922728772
158.02,94116.79202667024
158.03,94118.23915403454
158.04,94117.71194885389
158.05,94117.66595863413
158.06,94118.26385367077
158.07,94119.46620456471
158.08,94121.06818165569
158.09,94121.03801495468
158.1,94122.43252677834
158.11,94122.40545864949
158.12,94122.13258573881
158.13,94123.73053630453
158.14000000000001,94122.74149077132
158.15,94125.77673437801
158.16,94124.65922442127
158.17000000000002,94127.21304575223
158.18,94126.26868554627
158.19,94126.69255511003
158.20000000000002,94127.9833091384
158.21,94128.44834777222
158.22,94130.71556074543
158.23,94129.87881994183
158.24,94130.82650083094
158.25,94132.11884270352
158.26,94132.2514668999
158.27,94133.5683072291
158.28,94132.83157591106
158.29,94134.82547776678
158.3,94133.10310642373
158.31,94134.99613871507
158.32,94134.41333396801
158.33,94136.70174694367
158.34,94136.49626660059
158.35,94138.17450213539
158.36,94138.73683515136
158.37,94138.81375862783
158.38,94139.24057556577
158.39000000000001,94142.2625332682
158.4,94142.63895040701
158.41,94141.16925618357
158.42000000000002,94143.36499003806
158.43,94143.61916018635
158.44,94143.9374631606
158.45000000000002,94145.50281693057
158.46,94144.55779113984
158.47,94145.81571998981
158.48,94144.43126731414
158.49,94146.59730261296
158.5,94145.6807766694
158.51,94150.76121153125
158.52,94148.51894886878
158.53,94151.04595761477
158.54,94149.28756868422
158.55,94149.48627991667
158.56,94151.5905553881
158.57,94151.55442250258
158.58,94152.53305143508
158.59,94152.22293477853
158.6,94152.49522621093
158.61,94153.5058560241
158.62,94154.40896037135
158.63,94155.24450220779
158.64000000000001,94156.01337860197
158.65,94156.79253853031
158.66,94157.81536461164
158.67000000000002,94157.56925548299
158.68,94158.7770144616
158.69,94159.4470980384
158.70000000000002,94160.69098381489
158.71,94160.87828290982
158.72,94161.4728184569
158.73,94159.80891107078
158.74,94162.10114633672
158.75,94163.11900922385
158.76,94164.00228584632
158.77,94165.7700338855
158.78,94164.27477705338
158.79,94165.81126495135
158.8,94164.06711805389
158.81,94165.33806048147
158.82,94168.86849416103
158.83,94167.49116734936
158.84,94169.18747706518
158.85,94171.59537536744
158.86,94171.90467959053
158.87,94172.85254860832
158.88,94171.64260741751
158.89000000000001,94172.77312076442
158.9,94172.95055925829
158.91,94174.2550009157
158.92000000000002,94175.8586183713
158.93,94176.98523937592
158.94,94178.59648237238
158.95000000000002,94178.82853815162
158.96,94176.43957831414
158.97,94179.05498312642
158.98,94179.39647214497
158.99,94179.04682406879
159.0,94180.39987358487
159.01,94178.93266888037
159.02,94182.31670313445
159.03,94181.48167431125
159.04,94180.17473193645
159.05,94182.12687814674
159.06,94183.53665544064
159.07,94184.62062355746
159.08,94184.10197185929
159.09,94184.71773078291
159.1,94186.49855281375
159.11,94187.24085301197
159.12,94187.75362901218
159.13,94187.75678345891
159.14000000000001,94187.59330185653
159.15,94187.89738008952
159.16,94190.79783022025
159.17000000000002,94190.20702477495
159.18,94190.84777851564
159.19,94190.99025168255
159.20000000000002,94193.49447848916
159.21,94193.68088096805
159.22,94192.83378126877
159.23,94194.45854650272
159.24,94196.0437173046
159.25,94195.15000693209
159.26,94198.01143539231
159.27,94197.0116159779
159.28,94198.75645774792
159.29,94199.60879875923
159.3,94198.95958992372
159.31,94200.16178289287
159.32,94200.8036900882
159.33,94200.97870996493
159.34,94201.2736263537
159.35,94202.71052324335
159.36,94202.91851458377
159.37,94204.38197986622
159.38,94203.0811433653
159.39000000000001,94203.59869510603
159.4,94206.05560157515
159.41,94205.01322734817
159.42000000000002,94207.16852396351
159.43,94208.12261571403
159.44,94207.10778081312
159.45000000000002,94208.4326650928
159.46,94208.66369558261
159.47,94209.65870372384
159.48,94210.94340598492
159.49,94212.11088736476
159.5,94212.76231125243
159.51,94210.76775680065
159.52,94214.41004624788
159.53,94213.99947766974
159.54,94216.95733492059
159.55,94215.43061371066
159.56,94216.33940966488
159.57,94216.0764900018
159.58,94216.50375724747
159.59,94218.35576703731
159.6,94217.01458262028
159.61,94219.5154280176
159.62,94220.2429056099
159.63,94220.67048319663
159.64000000000001,94221.24599108155
159.65,94222.91013443147
159.66,94221.73368827812
159.67000000000002,94222.57288638568
159.68,94223.55201582651
159.69,94222.4032297686
159.70000000000002,94225.31211177506
159.71,94225.82918311283
159.72,94226.78181747167
159.73,94227.05136600597
159.74,94226.26089872899
159.75,94227.61399155065
159.76,94228.07352655476
159.77,94228.52519258208
159.78,94228.26137527091
159.79,94228.59373209439
159.8,94231.42492260832
159.81,94232.4825802423
159.82,94232.70389897909
159.83,94232.81798754042
159.84,94232.80815476345
159.85,94232.50052910773
159.86,94234.24267532495
159.87,94235.82491460971
159.88,94237.18628368144
159.89000000000001,94237.22371872817
159.9,94237.77129732218
159.91,94238.65972945577
159.92000000000002,94238.47847001093
159.93,94237.78116758539
159.94,94239.60880755595
159.95000000000002,94240.86846064328
159.96,94241.79477754558
159.97,94242.57130541472
159.98,94242.96040323326
159.99,94242.67335883583
160.0,94244.95897321794
160.01,94246.0543209814
160.02,94245.83070674581
160.03,94246.1308115442
160.04,94245.26513933844
160.05,94247.74147078158
160.06,94246.08142041747
160.07,94249.37497247511
160.08,94248.89766268185
160.09,94248.60729175362
160.1,94250.14872958859
160.11,94250.43473463997
160.12,94252.29688675751
160.13,94252.88309748513
160.14000000000001,94252.2691711577
160.15,94254.62111288856
160.16,94255.1873863615
160.17000000000002,94254.15595910896
160.18,94255.16689031906
160.19,94256.26398454154
160.20000000000002,94257.59345491846
160.21,94256.82500374835
160.22,94258.08798881392
160.23,94259.81440986412
160.24,94260.41365546688
160.25,94260.54677317892
160.26,94261.1191716541
160.27,94261.59897960487
160.28,94263.82135316754
160.29,94263.71606627844
160.3,94263.78337044983
160.31,94265.40217412036
160.32,94264.55021516154
160.33,94265.51659941462
160.34,94264.96225621353
160.35,94266.47744764466
160.36,94267.95986681763
160.37,94266.29443205686
160.38,94268.50301628881
160.39000000000001,94267.13183450857
160.4,94270.33654686951
160.41,94271.75610076198
160.42000000000002,94270.7272790826
160.43,94270.35719333404
160.44,94273.59395247487
160.45000000000002,94272.26743789196
160.46,94273.14582508292
160.47,94275.2261032248
160.48,94275.98320031223
160.49,94273.9103225422
160.5,94277.55856645087
160.51,94276.63202874654
160.52,94276.74808972162
160.53,94278.821243275
160.54,94280.62477145254
160.55,94278.09097819294
160.56,94280.76292893331
160.57,94280.7386950506
160.58,94280.69741410208
160.59,94281.82778966762
160.6,94281.42265647918
160.61,94281.99055612681
160.62,94283.95415489697
160.63,94284.18684617867
160.64000000000001,94283.900736182
160.65,94285.5822746901
160.66,94287.11400530096
160.67000000000002,94287.65377324511
160.68,94289.19547447297
160.69,94288.50760256406
160.70000000000002,94289.7369645143
160.71,94290.51045227471
160.72,94289.90185750219
160.73,94292.59400564578
160.74,94289.55216702439
160.75,94293.0908156655
160.76,94292.8310495142
160.77,94293.56170274853
160.78,94294.02762517509
160.79,94294.96096212964
160.8,94296.27718691815
160.81,94296.56255126759
160.82,94297.72777176439
160.83,94297.54022996583
160.84,94297.38794743553
160.85,94299.56127229687
160.86,94298.05255749164
160.87,94300.7491830613
160.88,94300.52851680193
160.89000000000001,94301.60712963247
160.9,94301.73949530092
160.91,94302.65194795621
160.92000000000002,94301.22191032619
160.93,94304.16574067934
160.94,94304.35066476779
160.95000000000002,94304.88777620136
160.96,94305.3832446943
160.97,94307.39886200399
160.98,94307.32191841392
160.99,94307.41557677419
161.0,94305.99737081873
161.01,94310.28002334487
161.02,94308.88650195644
161.03,94310.46445313768
161.04,94311.85105419232
161.05,94311.79206918935
161.06,94312.75634816269
161.07,94313.07476451123
161.08,94313.2357704917
161.09,94313.37811592554
161.1,94316.60524588349
161.11,94314.30673763588
161.12,94314.05431997102
161.13,94317.98815356492
161.14000000000001,94316.53535705134
161.15,94317.91677308733
161.16,94318.24791254493
161.17000000000002,94320.0712205432
161.18,94319.03904678559
161.19,94321.10462698371
161.20000000000002,94321.31469503122
161.21,94321.54163520096
161.22,94322.20343103778
161.23,94326.38232229943
161.24,94323.0672498362
161.25,94324.23569921863
161.26,94325.62782421948
161.27,94326.64072655015
161.28,94326.87761428062
161.29,94327.30848583509
161.3,94328.61285360275
161.31,94327.91143331042
161.32,94329.49375786741
161.33,94329.05362335143
161.34,94331.54619439619
161.35,94331.69767757106
161.36,94331.84397772088
161.37,94332.52222572264
161.38,94332.58228431261
161.39000000000001,94335.69749843558
161.4,94336.41264632625
161.41,94333.78745284876
161.42000000000002,94336.18719024464
161.43,94336.53432328162
161.44,94335.22000729319
161.45000000000002,94337.85342426448
161.46,94338.39960590469
161.47,94340.37334024726
161.48,94340.79884192659
161.49,94340.8155647312
161.5,94339.83480599712
161.51,94341.70272041482
161.52,94341.61346331946
161.53,94343.6094409731
161.54,94343.52889309864
161.55,94342.91666001642
161.56,94344.67603492661
161.57,94345.46566258966
161.58,94348.30760265877
161.59,94345.02948063539
161.6,94347.17375761738
161.61,94348.00855972328
161.62,94349.20522407173
161.63,94349.26119214948
161.64000000000001,94347.67539302252
161.65,94350.77855650737
161.66,94350.66326541512
161.67000000000002,94353.35574985661
161.68,94353.20917703489
161.69,94355.02563415015
161.70000000000002,94353.58145149349
161.71,94353.01619445407
161.72,94355.65002868004
161.73,94354.64844124667
161.74,94356.71117406558
161.75,94356.40024787257
161.76,94357.8462792794
161.77,94358.31902349947
161.78,94360.64546342823
161.79,94359.83794968654
161.8,94360.19848396604
161.81,94361.35559580954
161.82,94363.15341589347
161.83,94363.52214888894
161.84,94362.20693733431
161.85,94363.28912387637
161.86,94364.62722123502
161.87,94364.60191500364
161.88,94365.79190732118
161.89000000000001,94364.35068911889
161.9,94364.940796454
161.91,94366.66344921754
161.92000000000002,94369.08761985286
161.93,94367.68482035135
161.94,94368.7330911355
161.95000000000002,94370.53339098478
161.96,94369.11908570738
161.97,94371.08608146796
161.98,94372.00400093744
161.99,94374.9675205777
162.0,94375.25006928378
162.01,94372.79245657766
162.02,94374.62958123433
162.03,94375.52219252971
162.04,94375.8875047363
162.05,94376.17047188804
162.06,94375.88998155644
162.07,94378.74349480642
162.08,94378.27512844808
162.09,94378.30994906458
162.1,94379.37131502037
162.11,94380.61505927479
162.12,94381.6719867896
162.13,94382.82291720668
162.14000000000001,94383.21123435345
162.15,94384.91159267553
162.16,94383.76191652156
162.17000000000002,94383.32807858208
162.18,94386.14400997783
162.19,94383.60875499973
162.20000000000002,94387.74687453533
162.21,94386.87069772686
162.22,94387.19870784515
162.23,94388.36354725761
162.24,94387.73739062673
162.25,94388.44609622644
162.26,94388.46612234894
162.27,94390.40803063213
162.28,94390.77933568344
162.29,94391.97675341826
162.3,94391.70880981775
162.31,94393.50494523306
162.32,94393.05058926482
162.33,94392.0821628551
162.34,94396.66236873558
162.35,94393.92639103997
162.36,94395.2077600524
162.37,94398.43655547594
162.38,94396.74833430965
162.39000000000001,94397.59030924249
162.4,94398.2297138366
162.41,94399.34403602524
162.42000000000002,94399.14847862958
162.43,94401.11992780611
162.44,94400.74285707995
162.45000000000002,94403.76378135168
162.46,94403.64008968243
162.47,94403.44587789722
162.48,94402.33792876643
162.49,94404.52230386066
162.5,94405.54277523106
162.51,94405.10177409019
162.52,94407.30736893413
162.53,94406.55350515388
162.54,94407.10166266096
162.55,94409.22936472643
162.56,94410.10471715637
162.57,94410.13542640969
162.58,94410.74723460835
162.59,94413.06590079523
162.6,94411.35192369351
162.61,94413.57873210579
162.62,94411.81957687455
162.63,94414.43756991293
162.64000000000001,94413.73392764397
162.65,94417.25516897505
162.66,94416.81814516925
162.67000000000002,94415.48868365129
162.68,94417.73009864107
162.69,94418.01822682549
162.70000000000002,94418.59868272633
162.71,94418.99176980465
162.72,94419.36939371904
162.73,94420.83757052699
162.74,94421.67241333638
162.75,94419.8915024709
162.76,94423.21574126795
162.77,94422.69524380253
162.78,94422.25942624855
162.79,94425.08367901668
162.8,94424.29208402128
162.81,94426.62683146376
162.82,94427.40862675922
162.83,94426.47987913933
162.84,94428.2114930982
162.85,94428.18091625214
162.86,94429.91456039636
162.87,94430.97634092007
162.88,94430.43864624969
162.89000000000001,94430.69848804966
162.9,94430.44108762147
162.91,94431.32090518875
162.92000000000002,94430.97320326642
162.93,94432.9122922668
162.94,94433.47795409965
162.95000000000002,94433.84029750338
162.96,94434.13650425206
162.97,94433.99206075353
162.98,94434.84016532604
162.99,94437.76540199817
163.0,94439.70461867716
163.01,94436.80061431866
163.02,94437.49214605668
163.03,94438.54197538293
163.04,94440.62497703137
163.05,94441.84512912389
163.06,94441.70394617406
163.07,94443.0386209057
163.08,94444.51371342406
163.09,94443.93996522235
163.1,94445.58589157702
163.11,94445.74932311206
163.12,94446.33561327454
163.13,94445.09923905654
163.14000000000001,94446.66356168363
163.15,94447.73391739454
163.16,94448.35683277257
163.17000000000002,94449.58468510058
163.18,94449.00810934253
163.19,94448.3751845404
163.20000000000002,94450.07098308479
163.21,94449.89909383231
163.22,94452.60033330973
163.23,94451.63300676752
163.24,94451.53299238333
163.25,94454.24459556195
163.26,94454.00235571532
163.27,94455.57157292608
163.28,94455.00991095103
163.29,94456.37116952962
163.3,94455.83584987132
163.31,94457.52990929058
163.32,94457.92570018838
163.33,94459.50789224647
163.34,94458.84221987078
163.35,94459.55451008919
163.36,94459.69754575894
163.37,94460.82420916294
163.38,94460.94082116665
163.39000000000001,94461.5912662752
163.4,94462.86372475735
163.41,94461.38352913113
163.42000000000002,94464.78283307145
163.43,94465.07568920488
163.44,94464.89323635533
163.45000000000002,94466.66987320215
163.46,94466.59724114825
163.47,94469.45620804977
163.48,94468.19070441084
163.49,94469.44934101611
163.5,94470.58362597357
163.51,94469.88426521886
163.52,94470.67617195021
163.53,94472.66296892108
163.54,94470.90052015505
163.55,94472.71214390037
163.56,94474.08511144547
163.57,94474.98042122272
163.58,94475.68223557236
163.59,94475.75400358452
163.6,94474.87576979716
163.61,94477.58948687506
163.62,94478.17137641949
163.63,94479.72447903089
163.64000000000001,94478.18353576984
163.65,94478.48196362001
163.66,94479.97738099705
163.67000000000002,94479.7845219255
163.68,94481.72919125891
163.69,94481.92472224627
163.70000000000002,94482.39846095961
163.71,94485.07578471022
163.72,94483.98998913489
163.73,94487.40399029218
163.74,94485.288673678
163.75,94487.76662170496
163.76,94488.05371063665
163.77,94488.69280902036
163.78,94489.56287366217
163.79,94488.71495504987
163.8,94488.48787084447
163.81,94490.44301707736
163.82,94490.8581804103
163.83,94490.32713498294
163.84,94491.49117974681
163.85,94492.7532409178
163.86,94493.71576364094
163.87,94491.9427113385
163.88,94492.841403587
163.89000000000001,94495.50697635167
163.9,94496.21858109208
163.91,94496.62385108435
163.92000000000002,94497.12626278827
163.93,94495.94902989079
163.94,94499.43683444543
163.95000000000002,94499.59553934244
163.96,94498.50262910272
163.97,94501.52202540972
163.98,94500.40305703129
163.99,94503.96968072708
164.0,94500.91462608431
164.01,94502.95799865418
164.02,94503.48069133621
164.03,94504.24304295152
164.04,94504.46101563706
164.05,94505.7449079586
164.06,94506.60287341413
164.07,94506.39299942975
164.08,94507.7673379226
164.09,94507.65457806675
164.1,94507.93925845514
164.11,94509.18358844906
164.12,94509.83323728202
164.13,94510.34699442508
164.14000000000001,94512.28853595759
164.15,94512.34920028289
164.16,94513.07134815864
164.17000000000002,94511.75094046976
164.18,94513.2462272721
164.19,94513.90786507109
164.20000000000002,94515.78620745683
164.21,94516.40118803052
164.22,94514.82414524982
164.23,94516.23600564677
164.24,94516.51609370693
164.25,94518.4487960287
164.26,94518.45117907094
164.27,94517.79780968737
164.28,94518.67172021768
164.29,94520.8248353342
164.3,94523.40592036833
164.31,94521.20031976594
164.32,94524.24886608882
164.33,94522.87112416679
164.34,94523.57950936812
164.35,94525.73377208592
164.36,94523.66582820662
164.37,94525.92430335692
164.38,94528.12988700232
164.39000000000001,94525.70730079256
164.4,94527.67768795603
164.41,94529.91430647283
164.42000000000002,94527.62813940273
164.43,94530.40105683643
164.44,94531.51015364329
164.45000000000002,94533.26252990303
164.46,94530.6837848986
164.47,94533.66996290525
164.48,94533.0580839277
164.49,94532.64601145747
164.5,94534.03766468861
164.51,94534.62167107403
164.52,94535.4063632552
164.53,94536.83178785481
164.54,94537.55063767284
164.55,94537.00303406833
164.56,94539.12458732276
164.57,94538.50867293647
164.58,94540.72267338015
164.59,94540.58731417193
164.6,94540.64437446445
164.61,94541.18094340971
164.62,94542.98444814899
164.63,94542.68992287897
164.64000000000001,94543.07957391192
164.65,94544.01232509369
164.66,94545.28057075183
164.67000000000002,94545.55681702968
164.68,94545.48659439628
164.69,94547.2725341595
164.70000000000002,94547.90872720751
164.71,94548.96227422809
164.72,94548.8737051969
164.73,94547.82907772224
164.74,94549.17490627657
164.75,94550.4708216569
164.76,94552.43591227842
164.77,94550.21667819098
164.78,94552.77749446666
164.79,94553.46048384502
164.8,94552.33650706624
164.81,94554.7502382109
164.82,94557.07480992627
164.83,94557.15684313724
164.84,94556.80321322457
164.85,94557.37646445008
164.86,94557.21440992289
164.87,94556.49991516188
164.88,94557.34323236842
164.89000000000001,94558.98530916557
164.9,94559.0501402708
164.91,94561.94275718591
164.92000000000002,94561.80591316058
164.93,94562.52901582383
164.94,94562.88327551546
164.95000000000002,94563.65428480037
164.96,94563.1615088964
164.97,94564.20473801572
164.98,94566.02290722358
164.99,94566.05637790392
165.0,94566.7594760597
165.01,94569.01803208319
165.02,94568.60722272992
165.03,94568.93605164246
165.04,94568.74542449482
165.05,94571.85914439277
165.06,94567.7240086183
165.07,94571.92938172084
165.08,94573.2800742698
165.09,94572.04571005702
165.1,94573.61956234164
165.11,94575.30032383914
165.12,94573.00815658263
165.13,94574.95278016216
165.14000000000001,94576.29951078373
165.15,94576.86081699126
165.16,94577.21562441788
165.17000000000002,94576.8873394859
165.18,94577.26853296296
165.19,94578.29932546835
165.20000000000002,94578.93005858739
165.21,94580.41359253698
165.22,94581.87650666157
165.23,94581.33799393862
165.24,94581.55110617496
165.25,94584.64459610124
165.26,94581.56317443507
165.27,94583.48291455302
165.28,94585.85782718427
165.29,94586.28373532818
165.3,94585.67276325465
165.31,94584.42166984637
165.32,94587.1229661219
165.33,94586.896656769
165.34,94588.20986240437
165.35,94589.47111843502
165.36,94588.79649519686
165.37,94590.70916709409
165.38,94591.03280805539
165.39000000000001,94591.78405989558
165.4,94593.22743522431
165.41,94593.4005750702
165.42000000000002,94592.76698054052
165.43,94593.23121606551
165.44,94595.6963792434
165.45000000000002,94596.29911057322
165.46,94596.03551077234
165.47,94599.79616709014
165.48,94597.36164873691
165.49,94597.92438229005
165.5,94598.15170927526
165.51,94598.55268279092
165.52,94598.26540794248
165.53,94601.0980282601
165.54,94600.30292738057
165.55,94602.61751154865
165.56,94601.67672649004
165.57,94601.52120595015
165.58,94603.95916240173
165.59,94606.35391870353
165.6,94606.00060751609
165.61,94606.41198785123
165.62,94607.42167880542
165.63,94607.8362175145
165.64000000000001,94609.58067589205
165.65,94609.23530658988
165.66,94607.90799049601
165.67000000000002,94609.92272914156
165.68,94608.08761387106
165.69,94610.21807091206
165.70000000000002,94611.17507854647
165.71,94612.25939054765
165.72,94612.6911360626
165.73,94612.60067480449
165.74,94614.27857826033
165.75,94614.69255736831
165.76,94615.18869961787
165.77,94616.91784525273
165.78,94616.88568616007
165.79,94617.03041139623
165.8,94619.22033568693
165.81,94616.86527925296
165.82,94619.75538651185
165.83,94620.50094163239
165.84,94621.66964459629
165.85,94623.92316790523
165.86,94622.84927884079
165.87,94622.71280423828
165.88,94623.95647359607
165.89000000000001,94624.32313102351
165.9,94625.14038000698
165.91,94624.25508155806
165.92000000000002,94627.30420235422
165.93,94626.26143724148
165.94,94627.12433545104
165.95000000000002,94626.56579569816
165.96,94627.44593144723
165.97,94629.45095616506
165.98,94628.74032057021
165.99,94631.48932488124
166.0,94629.64748017135
166.01,94630.15739480892
166.02,94631.95567315987
166.03,94633.27035578385
166.04,94634.97350945984
166.05,94633.35655880392
166.06,94634.51687682512
166.07,94636.67073390508
166.08,94634.02614286134
166.09,94638.0110073711
166.1,94636.80241677612
166.11,94638.24103315861
166.12,94638.1209025828
166.13,94638.2225063507
166.14000000000001,94639.8635393703
166.15,94639.95558412271
166.16,94641.62105197141
166.17000000000002,94641.27295762576
166.18,94641.789506908
166.19,94645.47060845786
166.20000000000002,94643.47268073274
166.21,94643.50118898127
166.22,94645.1750841423
166.23,94645.2563403645
166.24,94645.19475095358
166.25,94647.29542252231
166.26,94648.29700076973
166.27,94650.72257035079
166.28,94647.46860082012
166.29,94650.27823226993
166.3,94650.09935305879
166.31,94651.0407634823
166.32,94649.90279113165
166.33,94653.82239391406
166.34,94652.23412831432
166.35,94654.3696654817
166.36,94653.58050757681
166.37,94654.90646603314
166.38,94656.17864948107
166.39000000000001,94655.33089911274
166.4,94656.0098573487
166.41,94655.4172348141
166.42000000000002,94658.45023271
166.43,94658.64248396327
166.44,94658.66557665358
166.45000000000002,94660.6350532079
166.46,94660.01846933953
166.47,94661.08894039417
166.48,94661.35814994446
166.49,94661.230156296
166.5,94662.63904176647
166.51,94663.00252149896
166.52,94666.64059181228
166.53,94666.82665878462
166.54,94667.73562713835
166.55,94668.23052761987
166.56,94666.66065454272
166.57,94666.16531038731
166.58,94667.35677313808
166.59,94669.09837866748
166.6,94669.06886943715
166.61,94669.18110265472
166.62,94670.83982382245
166.63,94671.22796935301
166.64000000000001,94670.77676948899
166.65,94673.61528343886
166.66,94673.405062931
166.67000000000002,94673.09214833727
166.68,94674.99605413008
166.69,94673.94237009043
166.70000000000002,94674.63564486238
166.71,94678.0460153915
166.72,94677.2388835195
166.73,94677.81853246629
166.74,94680.62261796734
166.75,94680.175378991
166.76,94682.09248837578
166.77,94679.75804274419
166.78,94681.96759152146
166.79,94681.5012473556
166.8,94682.82363526525
166.81,94680.77202638215
166.82,94684.85642396356
166.83,94686.7541984034
166.84,94685.61363759737
166.85,94684.25567197708
166.86,94685.8076997303
166.87,94687.49224313583
166.88,94687.94653694834
166.89000000000001,94688.76284456166
166.9,94689.21129332084
166.91,94689.8093383481
166.92000000000002,94692.92651337392
166.93,94689.26765566465
166.94,94692.25165138506
166.95000000000002,94692.90188573791
166.96,94692.84689832146
166.97,94695.19586747122
166.98,94692.98807263556
166.99,94696.61382758386
167.0,94695.82152422918
167.01,94695.50733955253
167.02,94696.53427795896
167.03,94695.3408968214
167.04,94698.07388477544
167.05,94697.74458013865
167.06,94697.4722351315
167.07,94700.29218269154
167.08,94700.19394142317
167.09,94701.53951915175
167.1,94701.38548643397
167.11,94701.76910180277
167.12,94704.2270385502
167.13,94703.03571627356
167.14000000000001,94705.63638339897
167.15,94705.8716364543
167.16,94706.87055173202
167.17000000000002,94706.6277638017
167.18,94707.23866702711
167.19,94708.81831711059
167.20000000000002,94708.88125117747
167.21,94709.63892137457
167.22,94708.90244871621
167.23,94709.97608618856
167.24,94710.1686813885
167.25,94712.31531578104
167.26,94712.46229936226
167.27,94713.16953710826
167.28,94715.73950480888
167.29,94715.19784982785
167.3,94714.79039190877
167.31,94716.29214288485
167.32,94716.05961181049
167.33,94718.13685789054
167.34,94716.05936584139
167.35,94717.60252262502
167.36,94718.71308335364
167.37,94718.74499734261
167.38,94722.36886180934
167.39000000000001,94719.72769915154
167.4,94721.08552231677
167.41,94722.69184610993
167.42000000000002,94722.41168387444
167.43,94724.28331012366
167.44,94724.60610230171
167.45000000000002,94725.53899603595
167.46,94725.23173415453
167.47,94725.80610760498
167.48,94728.21630706539
167.49,94726.18285861923
167.5,94728.31673592853
167.51,94728.5898098331
167.52,94728.80279644598
167.53,94729.46956962511
167.54,94732.49213833442
167.55,94732.056822712
167.56,94731.64090037499
167.57,94732.65805590518
167.58,94734.15352606926
167.59,94731.91810951348
167.6,94735.06783452266
167.61,94735.20002767678
167.62,94734.96069516618
167.63,94736.76069033226
167.64000000000001,94735.99188004264
167.65,94737.34778117144
167.66,94738.3168997427
167.67000000000002,94738.1979046432
167.68,94741.2674290367
167.69,94738.67684750685
167.70000000000002,94739.79353795642
167.71,94743.53637849767
167.72,94744.22363742984
167.73,94743.15983654249
167.74,94743.50369878732
167.75,94743.03153928777
167.76,94744.62230475301
167.77,94745.74125604691
167.78,94745.88151365292
167.79,94745.86782288403
167.8,94746.27351792064
167.81,94747.26194738803
167.82,94750.04012403524
167.83,94747.26620609016
167.84,94750.21753701709
167.85,94749.39153694673
167.86,94750.57128293598
167.87,94752.33636409345
167.88,94753.70723374296
167.89000000000001,94752.10218902421
167.9,94753.56196164485
167.91,94755.61809788477
167.92000000000002,94754.09051601293
167.93,94757.12429847254
167.94,94757.47815311175
167.95000000000002,94757.50116737836
167.96,94757.25384884726
167.97,94758.63316702463
167.98,94759.86473046924
167.99,94759.90912485827
168.0,94759.17076333145
168.01,94762.35259520539
168.02,94762.03635430285
168.03,94761.9733917107
168.04,94762.54754843908
168.05,94763.58125410434
168.06,94764.89785683303
168.07,94763.84903167239
168.08,94764.67386643014
168.09,94766.46519874017
168.1,94768.80560424898
168.11,94767.37334582295
168.12,94768.33108745873
168.13,94769.11267254713
168.14000000000001,94770.0722216578
168.15,94770.07380978098
168.16,94770.64148574305
168.17000000000002,94771.3295576224
168.18,94771.61272134753
168.19,94772.9532623874
168.20000000000002,94773.61392877753
168.21,94774.73549764941
168.22,94773.24755141091
168.23,94776.25121494189
168.24,94775.10990286504
168.25,94776.26694232377
168.26,94777.32316995808
168.27,94777.56730391069
168.28,94777.90111497471
168.29,94779.63909244849
168.3,94779.11903630805
168.31,94779.64773640383
168.32,94781.48770159723
168.33,94780.29198403514
168.34,94783.53757143297
168.35,94781.87297711152
168.36,94782.65456668368
168.37,94784.81245389569
168.38,94783.72411420132
168.39000000000001,94784.8249473672
168.4,94785.90924600129
168.41,94785.81202029249
168.42000000000002,94787.06626289384
168.43,94786.96104411001
168.44,94789.02788799429
168.45000000000002,94789.24367042631
168.46,94790.330651616
168.47,94790.40923563177
168.48,94791.11223551858
168.49,94792.84613561362
168.5,94792.84563627411
168.51,94794.2104831261
168.52,94794.93798026693
168.53,94793.13580289687
168.54,94795.51016962618
168.55,94795.25810022942
168.56,94795.75997624504
168.57,94795.79866506388
168.58,94798.1498425837
168.59,94797.55550806108
168.6,94800.36882160016
168.61,94799.47323910086
168.62,94799.90519449131
168.63,94802.09383034846
168.64000000000001,94802.47444230213
168.65,94802.2569278384
168.66,94802.7494895839
168.67000000000002,94804.49758448896
168.68,94803.83778219334
168.69,94805.04942876662
168.70000000000002,94805.698092456
168.71,94807.19409617697
168.72,94806.42060093462
168.73,94808.41870303696
168.74,94808.70596996752
168.75,94809.50000344342
168.76,94810.65196593649
168.77,94809.7119878503
168.78,94810.48441988848
168.79,94811.02582378582
168.8,94811.14909320764
168.81,94811.58941920138
168.82,94811.77964638546
168.83,94815.06967885174
168.84,94815.46057089197
168.85,94814.06179172399
168.86,94816.46468527001
168.87,94814.66581251503
168.88,94817.5653138013
168.89000000000001,94816.40613876184
168.9,94818.48919324903
168.91,94818.0968788212
168.92000000000002,94818.60935083461
168.93,94820.59468036878
168.94,94821.42052702687
168.95000000000002,94819.47424306419
168.96,94821.71361062392
168.97,94822.68621560045
168.98,94824.18615891082
168.99,94824.43458138808
169.0,94825.21168989029
169.01,94823.79890492093
169.02,94825.10193065074
169.03,94827.24948140277
169.04,94828.21620630352
169.05,94827.60375445006
169.06,94831.7790128982
169.07,94829.14685364543
169.08,94830.07918146596
169.09,94830.75197179808
169.1,94832.67118837046
169.11,94831.89097759278
169.12,94833.39352745861
169.13,94834.5295144774
169.14000000000001,94836.32302762967
169.15,94835.58226219931
169.16,94833.8198489466
169.17000000000002,94837.67594369905
169.18,94837.0807541344
169.19,94836.61745816813
169.20000000000002,94837.91266479113
169.21,94835.0692946325
169.22,94840.40947054791
169.23,94839.11656491243
169.24,94841.10581905616
169.25,94842.00201313556
169.26,94840.84685254094
169.27,94842.47103980336
169.28,94840.97738173348
169.29,94844.71380921443
169.3,94843.45054032502
169.31,94843.19866860675
169.32,94845.58883474034
169.33,94847.99090888601
169.34,94845.51697837708
169.35,94845.93896526837
169.36,94847.88263371977
169.37,94849.44655422277
169.38,94849.5326084136
169.39000000000001,94849.16308245725
169.4,94851.91101647931
169.41,94851.61927847436
169.42000000000002,94852.85789987759
169.43,94851.39022864777
169.44,94852.48200505193
169.45000000000002,94855.3289811354
169.46,94853.65017572542
169.47,94855.53785745862
169.48,94856.63018748982
169.49,94855.91032306729
169.5,94856.96421992357
169.51,94857.02647190032
169.52,94858.31795372038
169.53,94858.26743798068
169.54,94859.76965692212
169.55,94858.36146361894
169.56,94860.8957422115
169.57,94864.22451521494
169.58,94862.79850370812
169.59,94861.7218558161
169.6,94864.76729239445
169.61,94865.3029817117
169.62,94864.05577610315
169.63,94864.03353287985
169.64000000000001,94867.86556365636
169.65,94866.38644915249
169.66,94868.16040975634
169.67000000000002,94867.45631775196
169.68,94869.38510568351
169.69,94868.85107549671
169.70000000000002,94871.12681213983
169.71,94870.025038495
169.72,94870.90573593376
169.73,94871.60232148941
169.74,94873.54962612446
169.75,94872.55408435175
169.76,94873.60837647085
169.77,94874.66327177334
169.78,94874.82620148065
169.79,94875.70631419624
169.8,94875.96192578525
169.81,94878.56357354022
169.82,94876.9199489571
169.83,94877.89342035989
169.84,94880.71149209821
169.85,94879.75977511492
169.86,94881.43811799347
169.87,94880.44610024244
169.88,94879.58584269801
169.89000000000001,94882.09087072461
169.9,94881.10127950858
169.91,94884.14018688208
169.92000000000002,94882.23742406997
169.93,94884.01913702507
169.94,94884.54636495939
169.95000000000002,94888.38217104977
169.96,94887.28785063948
169.97,94887.04124338743
169.98,94887.95341645202
169.99,94889.66005342461
170.0,94889.76986405224
170.01,94890.60738797227
170.02,94891.1559286169
170.03,94891.55513222166
170.04,94891.59058410159
170.05,94892.33707070531
170.06,94892.98849126973
170.07,94895.00616705907
170.08,94894.76277881539
170.09,94895.50353526516
170.1,94895.83937333808
170.11,94898.42452203565
170.12,94896.52383004899
170.13,94899.08663126873
170.14000000000001,94900.61251262098
170.15,94898.79074616994
170.16,94900.38128980118
170.17000000000002,94900.3447623214
170.18,94902.6893675991
170.19,94901.12222504966
170.20000000000002,94902.40110913578
170.21,94902.16451875464
170.22,94903.52876473528
170.23,94902.8065661146
170.24,94906.76844305795
170.25,94905.60256676139
170.26,94906.4184419206
170.27,94908.3868189368
170.28,94908.0435017493
170.29,94906.21549396074
170.3,94907.01919942226
170.31,94909.2847511898
170.32,94910.44862653788
170.33,94910.32663747048
170.34,94911.54079060318
170.35,94910.76781952952
170.36,94912.29083295571
170.37,94914.52250936806
170.38,94912.90070108628
170.39000000000001,94915.36038453555
170.4,94915.08805253226
170.41,94915.8393440121
170.42000000000002,94918.10219946604
170.43,94916.33125584143
170.44,94916.45086284509
170.45000000000002,94918.45060435125
170.46,94919.32169159454
170.47,94919.22424265192
170.48,94920.34623365318
170.49,94922.10063960135
170.5,94923.65495263787
170.51,94921.88399170717
170.52,94923.73346948574
170.53,94924.07312098905
170.54,94923.91885050648
170.55,94925.04088027216
170.56,94924.91756394824
170.57,94928.18510947587
170.58,94927.46771142996
170.59,94927.31788841421
170.6,94928.21273526903
170.61,94929.12370144436
170.62,94929.21260078001
170.63,94930.74932380127
170.64000000000001,94929.02960687643
170.65,94931.26572656323
170.66,94931.8794521574
170.67000000000002,94935.40874039143
170.68,94935.13167500233
170.69,94933.05923839893
170.70000000000002,94935.43661115656
170.71,94936.3330263019
170.72,94934.92303970769
170.73,94936.06814447873
170.74,94937.08860600444
170.75,94937.46859861593
170.76,94939.73630407568
170.77,94939.6380818592
170.78,94941.10782587974
170.79,94939.4919811679
170.8,94941.1356085186
170.81,94941.80227645994
170.82,94941.0304875706
170.83,94944.83021094545
170.84,94943.76624093723
170.85,94944.17710837221
170.86,94945.82921765928
170.87,94943.00676117392
170.88,94947.39000325893
170.89000000000001,94949.84500045946
170.9,94947.24541741044
170.91,94946.34738940658
170.92000000000002,94948.1889590191
170.93,94949.84121062004
170.94,94950.6028384943
170.95000000000002,94949.76539378693
170.96,94951.58392294355
170.97,94952.04527623077
170.98,94952.53361745868
170.99,94952.30979672908
171.0,94953.67528092793
171.01,94954.97922808182
171.02,94954.07020562922
171.03,94953.9555878432
171.04,94957.52324041503
171.05,94954.59039505379
171.06,94958.86602229727
171.07,94959.31929508955
171.08,94960.34744148789
171.09,94959.40501727157
171.1,94961.55295206228
171.11,94963.10079555497
171.12,94960.54738512414
171.13,94961.88999178045
171.14000000000001,94963.40010191253
171.15,94963.37404196436
171.16,94964.80736185824
171.17000000000002,94964.1339893004
171.18,94965.99506583507
171.19,94966.23448145895
171.20000000000002,94966.23830187002
171.21,94967.74159237393
171.22,94968.75478956595
171.23,94969.14750632757
171.24,94970.66832285425
171.25,94970.36604472625
171.26,94969.68719647921
171.27,94970.15022181893
171.28,94971.3155758184
171.29,94973.14136538716
171.3,94974.54188856122
171.31,94974.80196057216
171.32,94975.74494447683
171.33,94975.10933177572
171.34,94978.19251173479
171.35,94976.80559950252
171.36,94978.45791154409
171.37,94978.07469960494
171.38,94977.87713689935
171.39000000000001,94980.09314046537
171.4,94980.9746392287
171.41,94981.2722673327
171.42000000000002,94980.27367610784
171.43,94981.82093620779
171.44,94983.12840306612
171.45000000000002,94983.41770951514
171.46,94982.95429292067
171.47,94985.78174848059
171.48,94986.1231508943
171.49,94985.83058750785
171.5,94986.2369034946
171.51,94988.09294543815
171.52,94987.0906297994
171.53,94988.07590774917
171.54,94989.44428040796
171.55,94990.19524466796
171.56,94990.88377671299
171.57,94988.11483882743
171.58,94991.30784424125
171.59,94992.49718055961
171.6,94991.63593764575
171.61,94993.6450197464
171.62,94995.17307960191
171.63,94994.60667089155
171.64000000000001,94997.69091853814
171.65,94995.29384267081
171.66,94996.11597620658
171.67000000000002,94996.97925754052
171.68,94999.32832336014
171.69,94999.34313044249
171.70000000000002,95000.08431569028
171.71,94998.3412472757
171.72,95001.80149561209
171.73,95002.34139976419
171.74,95002.6644687662
171.75,95004.80384317967
171.76,95002.26480760257
171.77,95004.62913922995
171.78,95003.26881179823
171.79,95005.69686179815
171.8,95006.22871987137
171.81,95004.24599288369
171.82,95006.40537974329
171.83,95006.74444879555
171.84,95007.8056024791
171.85,95009.08996315213
171.86,95009.36941810141
171.87,95009.0950632872
171.88,95010.60263969483
171.89000000000001,95010.67474343696
171.9,95012.67681272967
171.91,95011.72637515489
171.92000000000002,95013.60313915218
171.93,95014.1681299329
171.94,95012.221721659
171.95000000000002,95015.45058075464
171.96,95016.97316765862
171.97,95017.26072668469
171.98,95017.40238837124
171.99,95017.66283362758
172.0,95018.40805300117
172.01,95021.0765708668
172.02,95020.24672699746
172.03,95021.75390930753
172.04,95020.00391379226
172.05,95022.05225675815
172.06,95023.11563355185
172.07,95021.34416044083
172.08,95023.59820376884
172.09,95025.52095299699
172.1,95026.09192663078
172.11,95026.12723186311
172.12,95026.37056627865
172.13,95026.96578837029
172.14000000000001,95027.53486607777
172.15,95028.45851097775
172.16,95027.55380560798
172.17000000000002,95029.60834250246
172.18,95030.60828511992
172.19,95031.09035834351
172.20000000000002,95032.32818966547
172.21,95031.98681139185
172.22,95032.3891082622
172.23,95034.41701761549
172.24,95034.12729951387
172.25,95034.01791161665
172.26,95034.14187269611
172.27,95035.94525909572
172.28,95035.75181851555
172.29,95037.27627069983
172.3,95039.22806293477
172.31,95038.50094156606
172.32,95038.440857453
172.33,95040.73185947431
172.34,95038.96147674641
172.35,95040.19087908648
172.36,95041.65706597814
172.37,95041.50999547972
172.38,95041.4348338265
172.39000000000001,95042.56523052212
172.4,95045.20067894156
172.41,95044.51989994598
172.42000000000002,95044.54474144129
172.43,95047.23923822651
172.44,95047.1849731224
172.45000000000002,95047.95377455077
172.46,95047.84554490144
172.47,95050.24883408277
172.48,95049.42580413197
172.49,95050.38587889938
172.5,95050.46350678081
172.51,95050.79242374237
172.52,95050.99824081625
172.53,95053.66666627888
172.54,95052.85254189787
172.55,95054.37541155922
172.56,95054.26723588447
172.57,95055.08343288649
172.58,95055.25383646793
172.59,95057.55872183197
172.6,95057.1206702109
172.61,95056.97963484784
172.62,95058.30915140844
172.63,95058.58981808265
172.64000000000001,95060.61996655098
172.65,95059.0352462282
172.66,95060.23108992414
172.67000000000002,95061.35674038254
172.68,95062.28004895044
172.69,95063.72309965812
172.70000000000002,95062.31459663999
172.71,95061.9989707137
172.72,95064.15285948974
172.73,95064.5377208711
172.74,95065.49646993919
172.75,95065.88710616001
172.76,95067.1406807832
172.77,95067.65631371392
172.78,95068.14745820222
172.79,95069.18480947072
172.8,95068.29393305123
172.81,95070.60311963389
172.82,95071.36187199433
172.83,95072.4813697731
172.84,95071.41709305176
172.85,95073.4112857073
172.86,95072.54826740334
172.87,95073.51261577825
172.88,95075.15592964084
172.89000000000001,95075.4616455027
172.9,95076.0693107917
172.91,95076.78081783836
172.92000000000002,95078.5405369119
172.93,95078.19949957059
172.94,95079.6302811119
172.95000000000002,95079.77744341089
172.96,95081.40606775918
172.97,95081.37033297551
172.98,95082.34899288042
172.99,95081.2331866932
173.0,95084.6614700812
173.01,95081.89193829973
173.02,95082.37551100724
173.03,95084.086365726
173.04,95084.94731315968
173.05,95085.93830175247
173.06,95088.18365168548
173.07,95090.82531088269
173.08,95088.62495186491
173.09,95088.5813623527
173.1,95090.86859921236
173.11,95089.64094781538
173.12,95089.4459831639
173.13,95092.65226531918
173.14000000000001,95091.19808607933
173.15,95091.48592503775
173.16,95093.07480447621
173.17000000000002,95092.60581748791
173.18,95093.72907787624
173.19,95094.14600186585
173.20000000000002,95096.00981810268
173.21,95098.74115907127
173.22,95095.92260385868
173.23,95097.92859461936
173.24,95098.57750971791
173.25,95099.88560441477
173.26,95100.01512827219
173.27,95100.80405738084
173.28,95101.49819003887
173.29,95102.43516582387
173.3,95101.36607592738
173.31,95100.853042269
173.32,95104.80436836081
173.33,95104.30024421154
173.34,95106.34162502554
173.35,95106.92485322885
173.36,95107.09183779602
173.37,95108.18479077233
173.38,95106.0210252586
173.39000000000001,95107.93748129375
173.4,95111.68564066553
173.41,95109.52501013265
173.42000000000002,95109.11799260374
173.43,95110.46914231863
173.44,95112.47628909664
173.45000000000002,95112.17315543964
173.46,95112.40335982674
173.47,95114.32878192845
173.48,95113.71384854893
173.49,95114.16044847919
173.5,95116.01097146234
173.51,95117.0285633818
173.52,95116.13582963304
173.53,95117.01966060934
173.54,95117.23069814284
173.55,95117.553393818
173.56,95119.16011711932
173.57,95118.01039766538
173.58,95120.98223857152
173.59,95123.46076543505
173.6,95119.97149483103
173.61,95121.40681819298
173.62,95120.95292070293
173.63,95123.63763047577
173.64000000000001,95123.44870009692
173.65,95125.34979938056
173.66,95125.56348036883
173.67000000000002,95126.180599455
173.68,95126.37274721514
173.69,95127.35164395144
173.70000000000002,95128.41588464954
173.71,95127.49557562491
173.72,95129.41182086179
173.73,95130.87777581747
173.74,95129.30904034793
173.75,95131.37201196737
173.76,95133.67653711095
173.77,95134.054210076
173.78,95134.0752499031
173.79,95133.20528694335
173.8,95133.23425981436
173.81,95136.13606249464
173.82,95137.06765760819
173.83,95137.78538960841
173.84,95138.37058566735
173.85,95137.9787597543
173.86,95138.20008216899
173.87,95139.66574391456
173.88,95140.99621395142
173.89000000000001,95142.10369770203
173.9,95141.8037576097
173.91,95141.21536279317
173.92000000000002,95142.94888255026
173.93,95143.38514483094
173.94,95142.16079064287
173.95000000000002,95145.51573979399
173.96,95144.88586061585
173.97,95145.5071477901
173.98,95145.33725006411
173.99,95147.21086606919
174.0,95150.26705066687
174.01,95150.07231810037
174.02,95150.10808097702
174.03,95150.27761975833
174.04,95150.63650686496
174.05,95151.02414792012
174.06,95152.220666106
174.07,95152.90571947426
174.08,95152.74971875445
174.09,95152.01072520626
174.1,95154.72476317619
174.11,95156.37675963186
174.12,95155.16285453536
174.13,95155.41295632668
174.14000000000001,95158.33052779734
174.15,95157.77051979443
174.16,95157.83727332808
174.17000000000002,95159.1583189456
174.18,95159.47255469496
174.19,95159.63934846313
174.20000000000002,95159.85675058002
174.21,95162.06804083343
174.22,95161.52741600129
174.23,95163.41107552956
174.24,95163.07534032519
174.25,95164.5338526127
174.26,95166.02898593471
174.27,95164.7512405329
174.28,95165.83826913731
174.29,95166.97657204018
174.3,95167.73057112363
174.31,95167.40237991151
174.32,95167.86283171854
174.33,95170.20849231725
174.34,95169.85094347128
174.35,95170.44955613329
174.36,95172.18202024729
174.37,95170.32501454292
174.38,95172.8304169238
174.39000000000001,95174.78484337899
174.4,95174.39054214841
174.41,95173.1936002074
174.42000000000002,95175.00229701954
174.43,95174.40495529838
174.44,95176.16801934513
174.45000000000002,95176.68229422563
174.46,95177.62804350346
174.47,95178.64632358219
174.48,95179.47000059308
174.49,95178.76226413318
174.5,95180.10527739393
174.51,95181.80598010171
174.52,95181.03376965947
174.53,95182.81008156428
174.54,95182.21631695771
174.55,95184.47120599447
174.56,95183.09459058696
174.57,95184.00704652246
174.58,95185.08799722156
174.59,95186.18708351135
174.6,95185.24602230063
174.61,95187.88899508835
174.62,95188.30925088855
174.63,95188.49010038485
174.64000000000001,95189.42668849064
174.65,95190.66501533535
174.66,95190.63912857758
174.67000000000002,95191.27347191481
174.68,95191.83570353038
174.69,95191.92681468542
174.70000000000002,95193.34498964674
174.71,95194.99311402348
174.72,95192.63723534413
174.73,95194.8473948464
174.74,95194.04760060857
174.75,95194.9810114521
174.76,95197.61859396816
174.77,95196.74367651489
174.78,95196.9580281424
174.79,95198.92894923354
174.8,95198.81208440024
174.81,95200.66672648692
174.82,95200.34157481388
174.83,95201.3591859818
174.84,95202.51403326767
174.85,95200.80303345637
174.86,95203.02086724935
174.87,95203.99479305359
174.88,95206.44441637848
174.89000000000001,95205.93089751176
174.9,95207.2468359747
174.91,95206.9815030051
174.92000000000002,95204.4393149687
174.93,95208.09249689385
174.94,95207.91055472696
174.95000000000002,95210.1375878647
174.96,95210.09405913643
174.97,95210.97806769231
174.98,95211.99945441785
174.99,95211.65790032895
175.0,95211.37504250376
175.01,95214.41383790347
175.02,95213.14215604868
175.03,95212.64028427284
175.04,95214.92488552243
175.05,95217.86283252035
175.06,95217.66553802756
175.07,95216.54312677254
175.08,95217.51271954294
175.09,95216.91244967157
175.1,95219.4472235834
175.11,95218.20913618387
175.12,95219.2368707131
175.13,95221.29596247451
175.14000000000001,95220.70967242566
175.15,95220.03174844576
175.16,95222.36850345845
175.17000000000002,95223.25544766303
175.18,95223.53259475276
175.19,95225.67152403577
175.20000000000002,95226.07625080687
175.21,95225.71080822495
175.22,95225.06565006514
175.23,95228.68878413722
175.24,95227.84957759576
175.25,95227.91465041049
175.26,95228.46116204129
175.27,95229.44615774395
175.28,95229.20773457206
175.29,95231.62573815131
175.3,95231.89751179791
175.31,95231.9673921777
175.32,95233.51108138236
175.33,95233.30944890382
175.34,95234.65476978073
175.35,95234.14621079365
175.36,95235.16918992372
175.37,95236.59472223347
175.38,95236.63207388305
175.39000000000001,95237.28343956661
175.4,95237.71188932967
175.41,95238.68244802818
175.42000000000002,95240.18535608896
175.43,95239.81853209152
175.44,95240.86329312
175.45000000000002,95241.481739281
175.46,95241.57324781884
175.47,95241.73644432299
175.48,95243.64475678414
175.49,95245.02118375945
175.5,95245.98063850337
175.51,95243.08944077468
175.52,95247.18468380604
175.53,95245.52436532684
175.54,95245.504023981
175.55,95247.76451721344
175.56,95247.61160193362
175.57,95249.30652008984
175.58,95249.07299650117
175.59,95249.55262211274
175.6,95249.86097877518
175.61,95251.48985187792
175.62,95252.17502252274
175.63,95253.5601381993
175.64000000000001,95254.62016320304
175.65,95255.29112632053
175.66,95253.8729999002
175.67000000000002,95256.21334756108
175.68,95256.90010612007
175.69,95256.59201652533
175.70000000000002,95256.27839889303
175.71,95260.34990212368
175.72,95256.59357944995
175.73,95258.38712442925
175.74,95260.66629961881
175.75,95260.72290359746
175.76,95259.79815987595
175.77,95261.5822170577
175.78,95262.35468399475
175.79,95264.16564288759
175.8,95264.92972031685
175.81,95264.83050617027
175.82,95264.74343272955
175.83,95268.96467745268
175.84,95266.92294717519
175.85,95267.17155305516
175.86,95268.23173610713
175.87,95268.2911739323
175.88,95270.97368618072
175.89000000000001,95269.59309539375
175.9,95272.94134184091
175.91,95270.92620057863
175.92000000000002,95271.50558727763
175.93,95272.14989713415
175.94,95272.56482714432
175.95000000000002,95272.80643818427
175.96,95274.12169747932
175.97,95275.20174643463
175.98,95276.59090075581
175.99,95276.7137983345
176.0,95277.44086909606
176.01,95276.68260913687
176.02,95278.7196858274
176.03,95280.18113522546
176.04,95279.25590096388
176.05,95280.12821416117
176.06,95280.67061758981
176.07,95280.52607726712
176.08,95281.84556731065
176.09,95283.68579740493
176.1,95284.20878449162
176.11,95284.12754425622
176.12,95284.9385836751
176.13,95286.18271153561
176.14000000000001,95286.37412685769
176.15,95285.64265119116
176.16,95287.2936475291
176.17000000000002,95289.80758013383
176.18,95286.98243856149
176.19,95287.95881445271
176.20000000000002,95291.54882158912
176.21,95292.00187133114
176.22,95291.0634515569
176.23,95293.44030818314
176.24,95290.4633230006
176.25,95294.82736202171
176.26,95295.29596719838
176.27,95294.72749395594
176.28,95296.62327335996
176.29,95295.12460316878
176.3,95296.29397696911
176.31,95295.66131862665
176.32,95297.1542531261
176.33,95299.13444526092
176.34,95298.57514747624
176.35,95300.20842168442
176.36,95299.3674444152
176.37,95301.9405732339
176.38,95302.1284132482
176.39000000000001,95303.04007024468
176.4,95303.38019254984
176.41,95303.82851363045
176.42000000000002,95303.714591393
176.43,95304.5030218452
176.44,95306.66698345183
176.45000000000002,95306.05258513115
176.46,95306.10985444282
176.47,95305.87101059995
176.48,95308.06578355654
176.49,95308.68845551342
176.5,95309.69197491597
176.51,95309.63120930102
176.52,95311.31586649695
176.53,95312.68661868041
176.54,95311.86823886177
176.55,95312.79541564516
176.56,95312.21151119939
176.57,95314.17019878257
176.58,95315.87816971744
176.59,95315.8852758782
176.6,95314.41407465472
176.61,95315.42910503328
176.62,95318.12563211909
176.63,95317.55299292158
176.64000000000001,95318.28122414142
176.65,95316.94590272292
176.66,95317.90156481988
176.67000000000002,95318.21219185556
176.68,95321.17452299433
176.69,95320.75222769815
176.70000000000002,95322.41081942647
176.71,95320.70059807277
176.72,95322.73255238474
176.73,95325.29082666176
176.74,95325.2434966005
176.75,95325.66936159924
176.76,95326.39409236907
176.77,95325.8518542393
176.78,95327.12151607223
176.79,95327.74284937112
176.8,95329.03133317156
176.81,95329.29891249983
176.82,95329.6353112523
176.83,95331.21348225018
176.84,95331.50310296973
176.85,95331.51646571734
176.86,95332.9757638694
176.87,95331.94030306437
176.88,95334.17735856204
176.89000000000001,95334.54178760655
176.9,95335.01386661778
176.91,95336.80780400985
176.92000000000002,95337.0524366323
176.93,95336.90203488336
176.94,95336.68793746737
176.95000000000002,95340.05360887988
176.96,95337.80818186872
176.97,95338.37973660236
176.98,95339.62685189417
176.99,95341.2751771875
177.0,95343.02480546816
177.01,95342.35770399406
177.02,95343.55641502053
177.03,95342.27984515595
177.04,95342.24601941569
177.05,95343.43521140348
177.06,95345.64169787674
177.07,95346.19533115579
177.08,95346.83464975741
177.09,95347.75739190172
177.1,95348.68182595978
177.11,95348.80404749818
177.12,95350.81149213557
177.13,95349.57835378553
177.14000000000001,95351.89318508613
177.15,95350.49593785386
177.16,95351.91517011455
177.17000000000002,95351.80884143927
177.18,95353.44370054692
177.19,95353.3642819909
177.20000000000002,95353.5852002714
177.21,95354.04339801535
177.22,95355.17485711342
177.23,95354.74050144268
177.24,95357.58584919063
177.25,95358.53417561048
177.26,95357.91498203155
177.27,95359.09699238013
177.28,95361.63893339336
177.29,95359.4179074341
177.3,95362.22668250834
177.31,95362.77634372596
177.32,95361.39730361203
177.33,95363.6707309107
177.34,95364.88605523654
177.35,95366.23399527502
177.36,95365.3556467767
177.37,95366.33726558421
177.38,95364.84290342379
177.39000000000001,95364.55802205286
177.4,95365.53344283506
177.41,95369.43627818323
177.42000000000002,95368.33610730327
177.43,95369.25674220819
177.44,95370.73956312242
177.45000000000002,95371.47315278574
177.46,95371.82043938068
177.47,95373.62307295238
177.48,95374.01061656392
177.49,95373.54517236381
177.5,95374.44976379102
177.51,95373.42440405076
177.52,95374.89618669644
177.53,95375.87138422024
177.54,95375.95074095234
177.55,95377.408627934
177.56,95377.34170622539
177.57,95378.31297341292
177.58,95378.05597322529
177.59,95380.95764559555
177.6,95381.6092184634
177.61,95379.30659278676
177.62,95382.02041583479
177.63,95380.13367935139
177.64000000000001,95382.32502520893
177.65,95384.669271295
177.66,95384.37128818904
177.67000000000002,95385.0175340658
177.68,95385.55696734811
177.69,95386.08604749387
177.70000000000002,95387.42935713309
177.71,95387.14404245112
177.72,95387.58021787944
177.73,95388.91486424644
177.74,95389.31684875919
177.75,95389.99080977612
177.76,95391.57433342666
177.77,95390.5683592051
177.78,95392.30119127053
177.79,95392.87641718514
177.8,95393.43046862603
177.81,95394.29126564115
177.82,95394.50810327986
177.83,95394.855145312
177.84,95395.01922790364
177.85,95396.23765394444
177.86,95398.0061284643
177.87,95398.61870083158
177.88,95396.72601460849
177.89000000000001,95398.15525488947
177.9,95399.82231918485
177.91,95399.94141504698
177.92000000000002,95401.37365289305
177.93,95402.02223942382
177.94,95404.3813445363
177.95000000000002,95402.26343412053
177.96,95403.3440597683
177.97,95406.3769586518
177.98,95404.49524979678
177.99,95407.06723411422
178.0,95407.08581172876
178.01,95406.07542908809
178.02,95407.18945975194
178.03,95408.09690737024
178.04,95409.22883726351
178.05,95409.00710388696
178.06,95409.14695378642
178.07,95410.43326478901
178.08,95410.4840143269
178.09,95412.91201597916
178.1,95413.5984191737
178.11,95413.97187254677
178.12,95414.2413989335
178.13,95414.40557887139
178.14000000000001,95417.262288419
178.15,95418.65679212127
178.16,95417.25943291148
178.17000000000002,95416.13466739448
178.18,95418.91005168488
178.19,95419.61911000618
178.20000000000002,95419.88308704775
178.21,95419.7154533592
178.22,95421.22480579106
178.23,95420.3408185984
178.24,95421.73490122164
178.25,95423.41964067823
178.26,95422.65014601326
178.27,95424.76326996021
178.28,95423.85009492288
178.29,95425.94202749338
178.3,95425.96938150261
178.31,95425.92461302942
178.32,95428.27363662275
178.33,95427.45927669849
178.34,95427.51761782682
178.35,95428.67617414964
178.36,95429.9380147699
178.37,95430.57642706527
178.38,95431.24283658169
178.39000000000001,95433.01549692557
178.4,95431.1492674666
178.41,95433.70312957707
178.42000000000002,95433.41414258686
178.43,95434.31848945761
178.44,95433.73472014123
178.45000000000002,95435.50473812677
178.46,95437.7716313021
178.47,95437.77281832138
178.48,95437.03200876812
178.49,95438.9901392178
178.5,95438.37867789589
178.51,95439.63563224673
178.52,95441.22934602185
178.53,95441.26147862982
178.54,95441.444032666
178.55,95442.21137386031
178.56,95442.98659407177
178.57,95443.47965803364
178.58,95443.50442101782
178.59,95443.86844674037
178.6,95444.16153439812
178.61,95445.21203821982
178.62,95447.16128557255
178.63,95446.25001551305
178.64000000000001,95447.2011947876
178.65,95447.62348654587
178.66,95451.01425564247
178.67000000000002,95448.05648633263
178.68,95449.60583759123
178.69,95451.20636554982
178.70000000000002,95451.53803129643
178.71,95449.83841125469
178.72,95451.86931093792
178.73,95453.44680996597
178.74,95454.57252496516
178.75,95456.26208288508
178.76,95454.73615248705
178.77,95457.15903382874
178.78,95457.93481015116
178.79,95458.58754445841
178.8,95458.5295301088
178.81,95459.46554781828
178.82,95459.59024708885
178.83,95458.63847401518
178.84,95462.63906526663
178.85,95460.51549698606
178.86,95462.76177708499
178.87,95462.83683690896
178.88,95462.82769335122
178.89000000000001,95463.50679645524
178.9,95463.51455138621
178.91,95465.91500866984
178.92000000000002,95465.60580855432
178.93,95466.02514843296
178.94,95469.06291590384
178.95000000000002,95468.20157457284
178.96,95467.62893758233
178.97,95470.39950429564
178.98,95470.46996763283
178.99,95471.22040595337
179.0,95469.87716788701
179.01,95472.57605488061
179.02,95472.60266203606
179.03,95472.33695607472
179.04,95474.79437709664
179.05,95474.89677473216
179.06,95474.29698496404
179.07,95474.6815458671
179.08,95476.90448961659
179.09,95476.67357518394
179.1,95476.10242671182
179.11,95479.45904081794
179.12,95479.61749047699
179.13,95478.50952299764
179.14000000000001,95480.7102087175
179.15,95481.3788142153
179.16,95481.91398850082
179.17000000000002,95482.83446780148
179.18,95483.42768907681
179.19,95482.6254351328
179.20000000000002,95484.46625391906
179.21,95485.15816358224
179.22,95486.24915168891
179.23,95486.1991893174
179.24,95487.12639722096
179.25,95486.72041133605
179.26,95486.8599717378
179.27,95490.384895068
179.28,95489.72289972377
179.29,95488.87386754494
179.3,95490.10594846451
179.31,95491.77740922789
179.32,95493.14239496228
179.33,95492.51316841628
179.34,95491.67754534926
179.35,95493.91952821818
179.36,95495.2704985546
179.37,95495.5296610754
179.38,95496.09666626187
179.39000000000001,95496.2026836084
179.4,95497.25341367308
179.41,95497.74628522868
179.42000000000002,95497.42204725016
179.43,95499.52046816281
179.44,95501.11618138054
179.45000000000002,95499.5656717124
179.46,95498.66436296803
179.47,95501.38938971485
179.48,95502.44009447515
179.49,95502.52395600082
179.5,95503.29592170744
179.51,95504.1376640841
179.52,95505.46695775782
179.53,95506.569913067
179.54,95508.20119092336
179.55,95506.82149514373
179.56,95508.05768275433
179.57,95508.07452817263
179.58,95508.2110225103
179.59,95510.31807326751
179.6,95509.11120086306
179.61,95514.04647047748
179.62,95511.40271184454
179.63,95513.34577973965
179.64000000000001,95510.9699533814
179.65,95513.21099465601
179.66,95513.54349767091
179.67000000000002,95513.28345508364
179.68,95514.80623184607
179.69,95515.33689797382
179.70000000000002,95514.92649768747
179.71,95515.32806737177
179.72,95517.70521267405
179.73,95519.92308268315
179.74,95518.23008680054
179.75,95518.07461069705
179.76,95520.82446651568
179.77,95521.04070877463
179.78,95521.01227614128
179.79,95522.38345410497
179.8,95524.58194452654
179.81,95522.27916601535
179.82,95523.478891059
179.83,95523.82422839112
179.84,95525.51164237331
179.85,95525.98157711687
179.86,95525.74211003196
179.87,95526.31252290023
179.88,95529.00143792789
179.89000000000001,95527.81118594474
179.9,95531.02809156544
179.91,95528.83116737644
179.92000000000002,95532.59100161691
179.93,95531.68492505117
179.94,95534.0171080034
179.95000000000002,95532.16710547713
179.96,95534.19850143412
179.97,95534.52218208706
179.98,95533.67476798194
179.99,95535.92750787662
180.0,95537.49888725308
180.01,95534.43794415075
180.02,95535.49304424801
180.03,95538.3245730098
180.04,95538.00949730717
180.05,95539.62665601422
180.06,95538.91888571449
180.07,95540.85769001338
180.08,95542.02783037731
180.09,95542.5718542924
180.1,95542.64225116133
180.11,95542.19509617116
180.12,95544.09584261189
180.13,95545.04142197446
180.14000000000001,95545.57168030301
180.15,95545.49604533912
180.16,95546.30696565722
180.17000000000002,95546.2559753895
180.18,95548.38917267801
180.19,95546.98898409553
180.20000000000002,95549.86621161392
180.21,95548.98353367911
180.22,95548.80086373074
180.23,95551.15517393289
180.24,95552.74027984355
180.25,95550.89124585432
180.26,95551.86263337512
180.27,95553.07102803643
180.28,95554.34033492213
180.29,95555.53990923117
180.3,95555.5895691277
180.31,95557.40882819642
180.32,95556.35631569504
180.33,95557.29754276939
180.34,95557.48035457927
180.35,95558.09568886894
180.36,95559.85808978224
180.37,95559.08216372793
180.38,95560.01213342667
180.39000000000001,95562.1299880175
180.4,95560.50979721644
180.41,95564.403425608
180.42000000000002,95564.20261930226
180.43,95563.39571485549
180.44,95565.00920608416
180.45000000000002,95564.45671969675
180.46,95567.31323152049
180.47,95566.44402352339
180.48,95566.60059835808
180.49,95567.19622401927
180.5,95568.99755145099
180.51,95569.8057817397
180.52,95570.03259752328
180.53,95569.50826623518
180.54,95571.6221990056
180.55,95571.88379770124
180.56,95571.51289559418
180.57,95573.13186617063
180.58,95573.12147392775
180.59,95573.34419392813
180.6,95573.00525665627
180.61,95576.51041456164
180.62,95574.84831290298
180.63,95574.76633040862
180.64000000000001,95577.34454383624
180.65,95577.05411070657
180.66,95578.5011438498
180.67000000000002,95577.48131868671
180.68,95579.76791478791
180.69,95580.75188552441
180.70000000000002,95582.21695749956
180.71,95582.77618585259
180.72,95582.4516823652
180.73,95583.92095135375
180.74,95584.12371692911
180.75,95584.76730194333
180.76,95586.00019714767
180.77,95586.82204227708
180.78,95586.41657191451
180.79,95586.6131661451
180.8,95587.59518539355
180.81,95586.42955795808
180.82,95587.97047985002
180.83,95588.79538514136
180.84,95589.78122472345
180.85,95591.48647888286
180.86,95591.11349633777
180.87,95592.25017999194
180.88,95592.88435329619
180.89000000000001,95590.76368352115
180.9,95593.47126801305
180.91,95595.56789616072
180.92000000000002,95595.64111791787
180.93,95594.33109459901
180.94,95597.0807519809
180.95000000000002,95597.89118524254
180.96,95597.58239551011
180.97,95599.57874011103
180.98,95598.02669799681
180.99,95599.59355118504
181.0,95599.40107753144
181.01,95599.14743671857
181.02,95603.03571717606
181.03,95601.00494534236
181.04,95603.36417516579
181.05,95602.90828750805
181.06,95603.44567264876
181.07,95605.50850481204
181.08,95606.42255416905
181.09,95605.69707295374
181.1,95605.25590281464
181.11,95607.36507701252
181.12,95608.12758715218
181.13,95607.74754089353
181.14000000000001,95608.53790998818
181.15,95610.30242035253
181.16,95610.65646101235
181.17000000000002,95610.51495970612
181.18,95612.25518247607
181.19,95613.12519645323
181.20000000000002,95612.09556943984
181.21,95614.17848266874
181.22,95615.00192842464
181.23,95614.46158589104
181.24,95615.90880611292
181.25,95615.27336455169
181.26,95616.81160746395
181.27,95618.29027570545
181.28,95618.87968261277
181.29,95618.37732659745
181.3,95619.81482211911
181.31,95620.98609138257
181.32,95620.43012225466
181.33,95622.0298305808
181.34,95621.9275742875
181.35,95622.21827883045
181.36,95623.84027896538
181.37,95625.01341190156
181.38,95623.37599063115
181.39000000000001,95624.84253105127
181.4,95627.48972288908
181.41,95626.48712708328
181.42000000000002,95628.6503635954
181.43,95628.4549058323
181.44,95628.7354222357
181.45000000000002,95629.00447692318
181.46,95629.7740674722
181.47,95631.55619435768
181.48,95631.921687473
181.49,95631.73040336961
181.5,95634.91389069104
181.51,95632.48783245844
181.52,95635.30988407374
181.53,95634.2847536194
181.54,95635.45020908065
181.55,95634.95944045886
181.56,95637.25734016484
181.57,95638.09285174483
181.58,95638.21808074455
181.59,95638.44366989241
181.6,95640.49742299816
181.61,95640.55645427099
181.62,95640.00407784188
181.63,95640.52708137059
181.64000000000001,95643.14475931777
181.65,95642.63108060391
181.66,95643.798604285
181.67000000000002,95643.18461233281
181.68,95643.8862409562
181.69,95645.70693346238
181.70000000000002,95646.29859755943
181.71,95645.9917531611
181.72,95646.2462310439
181.73,95648.7843521783
181.74,95647.5589179504
181.75,95647.22270207007
181.76,95647.81442678686
181.77,95650.33768840236
181.78,95650.56536026682
181.79,95650.55629950248
181.8,95651.45809184399
181.81,95652.44396122555
181.82,95652.8241213527
181.83,95655.90248996527
181.84,95653.1832436111
181.85,95655.21192210472
181.86,95655.00069258765
181.87,95657.20976946587
181.88,95657.00491248218
181.89000000000001,95658.50268460355
181.9,95659.59924846156
181.91,95659.28128416938
181.92000000000002,95659.90227695068
181.93,95662.51097441878
181.94,95662.38161901647
181.95000000000002,95662.29588035968
181.96,95663.37346149836
181.97,95662.41969644872
181.98,95663.13345420029
181.99,95665.46714777849
182.0,95666.16882794972
182.01,95664.85241864168
182.02,95665.81507090731
182.03,95667.59446355226
182.04,95669.47225924717
182.05,95668.10214500154
182.06,95669.06395020257
182.07,95669.2746702182
182.08,95670.39108675896
182.09,95670.05471384009
182.1,95672.15902231238
182.11,95671.96739440986
182.12,95673.69722979503
182.13,95671.38635016709
182.14000000000001,95672.39257784035
182.15,95674.54743433147
182.16,95675.86880998177
182.17000000000002,95676.35496522597
182.18,95677.85968140874
182.19,95678.17296526961
182.20000000000002,95676.95433386869
182.21,95677.83738150455
182.22,95677.35979598781
182.23,95681.14517237729
182.24,95679.58225605017
182.25,95680.6889558979
182.26,95683.65484741247
182.27,95680.96755561516
182.28,95684.36402213313
182.29,95682.48310138793
182.3,95684.14085764634
182.31,95686.55769449913
182.32,95686.07003726174
182.33,95687.41167343472
182.34,95686.37657727092
182.35,95687.57151239636
182.36,95688.43222954578
182.37,95688.03210908425
182.38,95689.90529630068
182.39000000000001,95693.03103718818
182.4,95689.42971490402
182.41,95691.94659225871
182.42000000000002,95692.97022356569
182.43,95691.47642015135
182.44,95692.93946554835
182.45000000000002,95693.79972840492
182.46,95694.13642708198
182.47,95696.17292487591
182.48,95696.12413561784
182.49,95696.70838242398
182.5,95698.4767749449
182.51,95698.7376996984
182.52,95699.48284610224
182.53,95699.93546812849
182.54,95700.27870647595
182.55,95700.11486804644
182.56,95700.01692552725
182.57,95701.82552933549
182.58,95703.14105805986
182.59,95703.04269143844
182.6,95703.64673837437
182.61,95703.45539814686
182.62,95705.52110831528
182.63,95707.54185212069
182.64000000000001,95709.06955665626
182.65,95708.1763813463
182.66,95706.20366336976
182.67000000000002,95706.37436142881
182.68,95709.30209042653
182.69,95708.66359487832
182.70000000000002,95710.93305460551
182.71,95711.37789191448
182.72,95710.46192557836
182.73,95712.80377557054
182.74,95710.99225808145
182.75,95711.42237050302
182.76,95715.31526890534
182.77,95715.41914450764
182.78,95716.5906301973
182.79,95715.16355695427
182.8,95718.56484523954
182.81,95718.28360068593
182.82,95716.98383579076
182.83,95717.95542925406
182.84,95720.83049500981
182.85,95721.36294473805
182.86,95722.2412107372
182.87,95720.98348943285
182.88,95723.27811070446
182.89000000000001,95721.05338632913
182.9,95723.7700495012
182.91,95723.28709483518
182.92000000000002,95724.73323382002
182.93,95723.74810544385
182.94,95726.41434492907
182.95000000000002,95725.24997075109
182.96,95726.70211185372
182.97,95729.32390268407
182.98,95729.83621568963
182.99,95730.15963198418
183.0,95729.81572167523
183.01,95727.80918226685
183.02,95731.55458555496
183.03,95731.45011313108
183.04,95732.696753852
183.05,95732.92188251205
183.06,95732.17894492966
183.07,95735.74934937533
183.08,95734.6271462732
183.09,95736.76436162468
183.1,95737.77294462734
183.11,95739.15931726916
183.12,95734.61098372727
183.13,95738.75169593816
183.14000000000001,95740.2389452736
183.15,95738.63919900935
183.16,95740.87044779018
183.17000000000002,95741.94456742203
183.18,95742.51258746411
183.19,95743.06363197719
183.20000000000002,95742.49036452812
183.21,95743.76414941797
183.22,95745.04583021406
183.23,95743.05878288385
183.24,95745.66405074265
183.25,95746.76842077597
183.26,95746.42178590612
183.27,95746.99778353657
183.28,95748.8459237457
183.29,95749.38154973231
183.3,95749.93550644841
183.31,95750.0234411371
183.32,95749.37011760224
183.33,95750.40333493025
183.34,95753.24937778863
183.35,95751.94186283437
183.36,95753.21891906486
183.37,95754.88709287709
183.38,95754.90951417087
183.39000000000001,95755.76456915302
183.4,95755.58140203697
183.41,95756.81449947321
183.42000000000002,95757.00084194852
183.43,95757.0524514549
183.44,95758.32356519382
183.45000000000002,95757.85771527287
183.46,95757.52529175204
183.47,95761.17181185828
183.48,95760.72161029569
183.49,95762.17672961997
183.5,95761.57527239036
183.51,95763.21655203993
183.52,95764.65179481303
183.53,95762.4296957844
183.54,95763.04566822242
183.55,95764.75021633563
183.56,95766.7740190256
183.57,95767.02403103409
183.58,95767.58029610896
183.59,95769.38169944887
183.6,95768.0716105541
183.61,95768.6334281006
183.62,95769.29315041083
183.63,95770.38714917221
183.64000000000001,95772.90935420792
183.65,95773.37413693123
183.66,95771.97077642914
183.67000000000002,95774.68781862507
183.68,95773.37673091501
183.69,95773.44848672446
183.70000000000002,95775.59435730046
183.71,95774.34977611946
183.72,95775.64165869306
183.73,95776.65808696592
183.74,95776.10084176686
183.75,95778.10268030428
183.76,95778.14962670217
183.77,95780.91468880113
183.78,95778.07633441268
183.79,95781.27490355844
183.8,95779.95735572818
183.81,95783.24717471238
183.82,95782.77156554598
183.83,95783.01961953909
183.84,95784.0292638625
183.85,95784.89808546679
183.86,95785.0199778741
183.87,95783.75412068958
183.88,95787.43273888405
183.89000000000001,95788.2930432685
183.9,95789.3327891888
183.91,95788.44885907762
183.92000000000002,95789.0663080211
183.93,95790.71242947209
183.94,95792.9701793913
183.95000000000002,95791.1948365116
183.96,95791.63504888728
183.97,95789.99769936588
183.98,95793.63240492177
183.99,95793.66071810928
184.0,95794.89301532594
184.01,95795.15089535824
184.02,95795.3532527175
184.03,95796.59315343133
184.04,95797.9619068904
184.05,95798.45903684736
184.06,95797.3606231944
184.07,95798.90214121951
184.08,95799.85672246676
184.09,95800.52367819555
184.1,95802.01279011584
184.11,95801.12051844379
184.12,95802.36911048235
184.13,95802.68518758535
184.14000000000001,95801.82638096545
184.15,95804.02188626959
184.16,95805.25214005221
184.17000000000002,95806.13183875871
184.18,95808.4381286538
184.19,95807.24456140793
184.20000000000002,95807.70018955588
184.21,95807.7241862868
184.22,95809.16060636121
184.23,95809.14052936845
184.24,95809.6864759632
184.25,95811.55239725586
184.26,95811.06820154107
184.27,95810.44503347232
184.28,95811.32738020147
184.29,95813.97475976471
184.3,95814.69286014071
184.31,95812.97115695116
184.32,95813.76009039377
184.33,95815.51160596199
184.34,95816.52494004215
184.35,95818.5382526902
184.36,95818.48436776618
184.37,95818.4824629034
184.38,95819.19552773707
184.39000000000001,95820.40678592767
184.4,95820.67763872545
184.41,95820.38276147199
184.42000000000002,95820.42616209584
184.43,95821.30501970895
184.44,95823.59256394648
184.45000000000002,95822.15676197721
184.46,95824.41605275428
184.47,95823.87215058201
184.48,95825.71920674617
184.49,95827.66533612485
184.5,95827.78343717866
184.51,95826.25922595167
184.52,95827.69517713471
184.53,95827.81005560818
184.54,95830.17646990033
184.55,95830.17173903323
184.56,95831.78652319642
184.57,95830.9464021567
184.58,95830.88861493203
184.59,95832.1379054164
184.6,95834.516681632
184.61,95833.62457853995
184.62,95833.45164220005
184.63,95834.6764722439
184.64000000000001,95836.52813449047
184.65,95837.16806656997
184.66,95837.00068009905
184.67000000000002,95839.42822304991
184.68,95837.64534913239
184.69,95839.0407551422
184.70000000000002,95840.67762035725
184.71,95839.8320443981
184.72,95840.66005639723
184.73,95839.88604077812
184.74,95842.24982601086
184.75,95841.26611686025
184.76,95843.76474288684
184.77,95844.10913202996
184.78,95845.17788366492
184.79,95846.04918170882
184.8,95847.92394249266
184.81,95850.34869616915
184.82,95847.09529482506
184.83,95850.22719624787
184.84,95848.65144416604
184.85,95849.70577924684
184.86,95850.08790532993
184.87,95851.74942267807
184.88,95852.16803856521
184.89000000000001,95850.55714736816
184.9,95852.66270447681
184.91,95854.50559988267
184.92000000000002,95851.80712061547
184.93,95855.09159735648
184.94,95855.76278999611
184.95000000000002,95855.28169594455
184.96,95857.67741347183
184.97,95856.72821658787
184.98,95857.16744868924
184.99,95858.06678358137
185.0,95858.9059754933
185.01,95861.1441967109
185.02,95859.61072536015
185.03,95860.30674488381
185.04,95862.24040265499
185.05,95862.64099173812
185.06,95863.15457515788
185.07,95862.91289619092
185.08,95864.93726519475
185.09,95865.85758918534
185.1,95867.39106152162
185.11,95867.10246209592
185.12,95866.33232389628
185.13,95868.5320860667
185.14000000000001,95868.84161151305
185.15,95868.7652656425
185.16,95869.03459707125
185.17000000000002,95870.22206476404
185.18,95870.58453313625
185.19,95872.70600116011
185.20000000000002,95872.92472355276
185.21,95873.7301759875
185.22,95873.7131901807
185.23,95871.9829545583
185.24,95873.88954585533
185.25,95876.31198346187
185.26,95876.64828988779
185.27,95876.26140386352
185.28,95876.07533685793
185.29,95877.84326663753
185.3,95879.24897505311
185.31,95881.22123163374
185.32,95879.44761020168
185.33,95879.59246395333
185.34,95880.50986218531
185.35,95881.80216453593
185.36,95882.63246834258
185.37,95882.83915475
185.38,95882.40451970157
185.39000000000001,95883.68819645095
185.4,95886.22976796656
185.41,95884.69416565921
185.42000000000002,95886.04752713635
185.43,95889.49722449554
185.44,95889.20165830165
185.45000000000002,95888.8251047518
185.46,95889.0197853245
185.47,95889.7722464583
185.48,95889.29645486244
185.49,95890.29353642625
185.5,95889.55759083848
185.51,95892.58182476166
185.52,95892.19592159685
185.53,95893.7470549965
185.54,95895.01857344089
185.55,95897.10711300715
185.56,95895.88859736868
185.57,95895.24851644678
185.58,95898.04326731832
185.59,95896.96707960818
185.6,95897.93343146307
185.61,95898.33356940969
185.62,95900.35309634915
185.63,95902.54506504582
185.64000000000001,95902.62476844601
185.65,95900.12859769096
185.66,95901.86796303683
185.67000000000002,95902.47363520462
185.68,95902.05924257902
185.69,95903.7395876328
185.70000000000002,95906.20990127651
185.71,95906.10336352838
185.72,95906.26161269989
185.73,95906.65445932964
185.74,95905.84261488303
185.75,95906.86346764106
185.76,95908.94246638777
185.77,95906.89495484807
185.78,95910.16617805803
185.79,95911.71659139292
185.8,95911.1494757301
185.81,95910.60552143704
185.82,95912.17448241821
185.83,95914.70317394611
185.84,95913.29622039244
185.85,95914.98589216267
185.86,95916.02942820855
185.87,95915.04526538998
185.88,95916.71153179991
185.89000000000001,95917.18051558077
185.9,95917.96751259334
185.91,95918.00060520136
185.92000000000002,95916.87048787897
185.93,95918.467316248
185.94,95920.93824607616
185.95000000000002,95921.83840533988
185.96,95920.43825506978
185.97,95922.9371752978
185.98,95922.74049265264
185.99,95925.65996870105
186.0,95923.78163046426
186.01,95924.10298401161
186.02,95923.9478312154
186.03,95925.42685497587
186.04,95927.00348362
186.05,95927.85585411942
186.06,95928.64819481308
186.07,95930.22074482426
186.08,95928.46385935423
186.09,95930.13928549185
186.1,95930.20155445107
186.11,95929.9590669494
186.12,95931.21983245114
186.13,95931.19350620016
186.14000000000001,95934.26577875296
186.15,95932.24555471777
186.16,95934.23276720611
186.17000000000002,95934.38223576944
186.18,95934.52785254235
186.19,95936.70769570871
186.20000000000002,95937.06612128842
186.21,95937.07727583851
186.22,95938.39407223382
186.23,95940.68282315826
186.24,95939.94416174237
186.25,95939.23507875677
186.26,95940.26204874743
186.27,95941.34587434381
186.28,95943.39444884198
186.29,95944.59007599259
186.3,95945.25439147753
186.31,95945.10329450134
186.32,95944.1210610921
186.33,95946.42244804674
186.34,95947.14395843774
186.35,95946.73228380691
186.36,95946.37293045783
186.37,95948.81929040067
186.38,95948.68489622878
186.39000000000001,95949.98018113239
186.4,95949.83808430914
186.41,95951.29766350046
186.42000000000002,95954.27414245636
186.43,95951.22659687715
186.44,95952.47054722035
186.45000000000002,95953.22641891998
186.46,95954.66114472163
186.47,95953.64007864741
186.48,95954.22842928181
186.49,95956.17401871979
186.5,95955.3303174982
186.51,95956.5121583866
186.52,95958.33675547961
186.53,95959.31282842626
186.54,95956.7490719606
186.55,95959.39863281748
186.56,95960.43744662045
186.57,95960.29766176832
186.58,95959.23976816444
186.59,95963.48484237217
186.6,95964.05567391601
186.61,95963.40331561491
186.62,95965.9843099349
186.63,95965.75976639932
186.64000000000001,95965.49199015385
186.65,95967.39287838493
186.66,95968.30199991543
186.67000000000002,95966.9705647015
186.68,95967.77993182738
186.69,95968.14493290348
186.70000000000002,95970.44303918739
186.71,95969.50995517205
186.72,95970.8855270943
186.73,95970.96098325241
186.74,95971.93396608713
186.75,95972.53697286763
186.76,95971.59724153853
186.77,95974.20545500315
186.78,95975.5708400014
186.79,95973.62961180147
186.8,95975.15271807462
186.81,95976.5786447311
186.82,95977.29577661202
186.83,95977.54865402073
186.84,95978.4652741122
186.85,95978.26013591468
186.86,95979.98389121746
186.87,95981.79207496467
186.88,95981.9506008426
186.89000000000001,95981.55516854071
186.9,95983.84642996477
186.91,95984.56637131493
186.92000000000002,95984.63068330899
186.93,95984.93778438056
186.94,95986.00828526545
186.95000000000002,95986.33354916453
186.96,95986.78543525771
186.97,95986.190450369
186.98,95985.69723941496
186.99,95988.07088352501
187.0,95988.33625444709
187.01,95990.11286020941
187.02,95988.91281871851
187.03,95990.91998210583
187.04,95992.89065055964
187.05,95993.11784589813
187.06,95992.72843811955
187.07,95994.44547456651
187.08,95995.40578196743
187.09,95994.34144142646
187.1,95995.15497063665
187.11,95996.2387075329
187.12,95995.39518714586
187.13,95996.69518025173
187.14000000000001,95999.79577106658
187.15,95998.65890323298
187.16,95999.10679408122
187.17000000000002,96001.14533302578
187.18,96001.5515919046
187.19,96001.14214266771
187.20000000000002,96001.40943805594
187.21,96001.07327749334
187.22,96004.25086067656
187.23,96002.95946878915
187.24,96003.15278864198
187.25,96006.45952946304
187.26,96004.7459737343
187.27,96004.25360783402
187.28,96005.50471980254
187.29,96008.03429442464
187.3,96007.62838640822
187.31,96006.60389987814
187.32,96010.63857921881
187.33,96009.19554803705
187.34,96010.96685857147
187.35,96011.03775684384
187.36,96011.79505832968
187.37,96011.41273013076
187.38,96013.56264909271
187.39000000000001,96013.70194424137
187.4,96016.1221639352
187.41,96015.7707776004
187.42000000000002,96016.4015787709
187.43,96015.93467252664
187.44,96016.7536092476
187.45000000000002,96019.01548249355
187.46,96019.16766424074
187.47,96018.61961776146
187.48,96022.06070123981
187.49,96018.81736225616
187.5,96022.05646614343
187.51,96021.16469772908
187.52,96022.35458099113
187.53,96022.649061404
187.54,96022.62139790125
187.55,96023.63040537784
187.56,96023.90068250839
187.57,96026.56178592678
187.58,96027.58223456645
187.59,96027.24236725808
187.6,96026.5505791496
187.61,96028.98896954504
187.62,96030.08409452059
187.63,96028.74253544329
187.64000000000001,96031.0196709408
187.65,96032.78665116012
187.66,96031.00872182575
187.67000000000002,96033.27084766112
187.68,96031.08126638051
187.69,96033.68137097645
187.70000000000002,96034.83252622683
187.71,96034.0747619898
187.72,96036.08364155014
187.73,96037.405767016
187.74,96037.52443209407
187.75,96036.79948946678
187.76,96038.36217648577
187.77,96037.12615952757
187.78,96040.16739390619
187.79,96039.679903075
187.8,96040.89588309244
187.81,96040.77681123168
187.82,96041.83711327758
187.83,96041.52312059216
187.84,96042.71663399393
187.85,96044.05800962965
187.86,96044.00032742048
187.87,96044.82510406661
187.88,96045.81772447946
187.89000000000001,96045.69971050827
187.9,96048.59125569268
187.91,96048.62288781226
187.92000000000002,96049.64417078935
187.93,96047.48341190326
187.94,96051.0030785184
187.95000000000002,96048.98625608247
187.96,96051.75402564558
187.97,96051.92190221592
187.98,96052.36076861594
187.99,96055.16426324956
188.0,96051.81560702129
188.01,96053.78278974452
188.02,96054.24353814858
188.03,96054.54877498525
188.04,96054.40012343084
188.05,96056.80267312468
188.06,96058.98089940517
188.07,96060.00293026926
188.08,96057.88038720482
188.09,96059.07715900699
188.1,96058.4597072095
188.11,96060.60873746185
188.12,96061.40603011477
188.13,96062.8703397446
188.14000000000001,96061.60746738367
188.15,96062.76973391573
188.16,96062.4223460327
188.17000000000002,96066.21677030443
188.18,96064.56495118041
188.19,96067.23091486604
188.20000000000002,96066.4111382233
188.21,96066.678702011
188.22,96066.5304096565
188.23,96069.329344786
188.24,96067.23371813084
188.25,96069.47253903444
188.26,96069.27515122779
188.27,96070.23547335564
188.28,96072.27984769766
188.29,96071.53501969925
188.3,96072.63164985226
188.31,96073.07114397304
188.32,96074.73704763757
188.33,96077.22206202557
188.34,96075.7880923121
188.35,96076.38331872184
188.36,96076.64541455246
188.37,96078.16304448523
188.38,96076.15259682454
188.39000000000001,96077.8948235214
188.4,96079.18255232993
188.41,96081.10754798712
188.42000000000002,96080.9948715691
188.43,96081.66360647483
188.44,96080.15977086824
188.45000000000002,96082.43393515263
188.46,96083.58974310666
188.47,96084.42822237134
188.48,96085.31287694961
188.49,96083.75562105571
188.5,96085.68621702083
188.51,96087.26165892158
188.52,96088.46051594536
188.53,96088.6274366439
188.54,96088.11713060002
188.55,96088.1879570743
188.56,96088.00136691004
188.57,96090.24964718762
188.58,96091.49769531473
188.59,96092.60023658027
188.6,96092.48227210245
188.61,96094.73224124285
188.62,96094.0661657379
188.63,96094.79393516557
188.64000000000001,96095.27609526929
188.65,96094.98884057849
188.66,96095.14545435195
188.67000000000002,96096.32865375737
188.68,96095.69208985456
188.69,96097.88666447884
188.70000000000002,96099.55159485791
188.71,96101.16425791969
188.72,96099.12954332186
188.73,96101.2709490461
188.74,96101.47910839693
188.75,96102.04750714521
188.76,96102.8582979979
188.77,96103.86686835495
188.78,96103.0985687013
188.79,96104.40787020189
188.8,96103.63697838137
188.81,96106.22766272318
188.82,96106.82261375463
188.83,96107.47990200525
188.84,96109.44307586635
188.85,96107.80840965195
188.86,96109.94730734054
188.87,96109.24111974849
188.88,96111.66123278889
188.89000000000001,96111.25130396955
188.9,96111.24581005904
188.91,96113.99817994412
188.92000000000002,96113.03427698054
188.93,96111.97234296642
188.94,96114.47409067315
188.95000000000002,96116.706060652
188.96,96115.70168761464
188.97,96116.26906117526
188.98,96118.62649466668
188.99,96117.1801277967
189.0,96117.66384192296
189.01,96119.06822167781
189.02,96118.4094847594
189.03,96121.83798185426
189.04,96119.97333539586
189.05,96121.49741062416
189.06,96122.429397707
189.07,96122.60664014879
189.08,96123.24793118941
189.09,96124.42878327958
189.1,96124.8330463119
189.11,96124.78450775352
189.12,96123.45810732103
189.13,96125.68053302326
189.14000000000001,96127.80472158045
189.15,96127.93293024143
189.16,96128.97621482426
189.17000000000002,96128.84344554014
189.18,96131.12677716612
189.19,96131.73797221038
189.20000000000002,96130.04654984584
189.21,96132.79544655356
189.22,96133.01776095116
189.23,96131.87667928987
189.24,96135.19491333759
189.25,96134.38183907025
189.26,96133.79535586185
189.27,96134.99817633045
189.28,96136.34020385123
189.29,96136.50987745679
189.3,96139.4304880337
189.31,96138.91865387872
189.32,96140.80435764215
189.33,96139.56263266245
189.34,96140.10300808852
189.35,96141.58276652737
189.36,96141.38571345396
189.37,96143.63818386136
189.38,96143.61422854693
189.39000000000001,96143.36387084537
189.4,96144.23579081701
189.41,96145.44139872011
189.42000000000002,96146.74183713933
189.43,96145.52689394783
189.44,96146.25778680683
189.45000000000002,96147.20518601133
189.46,96147.98208038144
189.47,96148.87896492117
189.48,96148.6588522473
189.49,96150.2263169341
189.5,96150.27526655275
189.51,96150.04668963075
189.52,96152.06996244041
189.53,96152.84608962885
189.54,96152.7779984279
189.55,96154.5431602095
189.56,96154.61514847832
189.57,96155.72024696943
189.58,96155.67378204828
189.59,96156.0166430109
189.6,96156.444691772
189.61,96157.30614719489
189.62,96159.3534014173
189.63,96158.69005085215
189.64000000000001,96159.94016895717
189.65,96160.17733033573
189.66,96160.35861671928
189.67000000000002,96161.05103184235
189.68,96162.71071202408
189.69,96164.70264350116
189.70000000000002,96161.18464063464
189.71,96162.99582862014
189.72,96163.86863113672
189.73,96165.72646131995
189.74,96165.8663200487
189.75,96168.43862876411
189.76,96168.2106449684
189.77,96167.50266732661
189.78,96168.80467421301
189.79,96170.55158778
189.8,96170.28319802071
189.81,96170.36011150983
189.82,96171.1883614513
189.83,96170.86300213
189.84,96172.82559443284
189.85,96173.73449618142
189.86,96174.47427649683
189.87,96174.17801289649
189.88,96173.76483381
189.89000000000001,96176.1321994482
189.9,96174.66639019808
189.91,96175.17386087727
189.92000000000002,96176.26377530392
189.93,96178.81120337454
189.94,96179.40298135
189.95000000000002,96180.26560086195
189.96,96181.95874508782
189.97,96181.9162461308
189.98,96180.09338945159
189.99,96182.70998913143
190.0,96181.71187887352
190.01,96184.78018795422
190.02,96183.55621472493
190.03,96183.79776045633
190.04,96185.51386936511
190.05,96185.06417212434
190.06,96185.89865358941
190.07,96187.50690150457
190.08,96189.73030250722
190.09,96188.74690369293
190.1,96188.25734488691
190.11,96191.61394649855
190.12,96189.3909832091
190.13,96190.73327093174
190.14000000000001,96190.39425214396
190.15,96192.08571936756
190.16,96193.6168814114
190.17000000000002,96194.53263489706
190.18,96194.18490607015
190.19,96194.74561700906
190.20000000000002,96197.84909585021
190.21,96197.1673075456
190.22,96196.28752414334
190.23,96198.75483631282
190.24,96197.65307187551
190.25,96197.89186347643
190.26,96200.33546341838
190.27,96198.61761972398
190.28,96201.44780382178
190.29,96199.46101727308
190.3,96201.38772404446
190.31,96203.65016040567
190.32,96205.10444874891
190.33,96203.22393271889
190.34,96205.71458619059
190.35,96206.21952142807
190.36,96206.75910369483
190.37,96206.85997026271
190.38,96209.08013318578
190.39000000000001,96207.93915741677
190.4,96209.46324988882
190.41,96208.32767134516
190.42000000000002,96208.71243367641
190.43,96211.31268600257
190.44,96212.1035487956
190.45000000000002,96211.9171108179
190.46,96212.63828660159
190.47,96214.54031827272
190.48,96211.97659577952
190.49,96213.42039140432
190.5,96214.85801236099
190.51,96215.0186694326
190.52,96216.96697658562
190.53,96217.20432569318
190.54,96218.84031000533
190.55,96219.94220930652
190.56,96218.99390722999
190.57,96218.9059147588
190.58,96222.35522809222
190.59,96219.0793855168
190.6,96223.00911468842
190.61,96224.43277864957
190.62,96223.11045558247
190.63,96224.43380580872
190.64000000000001,96224.72347664008
190.65,96226.08503596745
190.66,96224.08942814656
190.67000000000002,96226.90045399402
190.68,96226.15312480489
190.69,96229.48340584058
190.70000000000002,96227.10748514476
190.71,96228.75393035356
190.72,96230.0861162772
190.73,96230.55079226395
190.74,96232.53987043342
190.75,96232.25323475328
190.76,96232.75993935106
190.77,96233.06849263776
190.78,96233.3039558628
190.79,96233.00462058565
190.8,96235.27675117407
190.81,96234.87696501386
190.82,96235.41253948015
190.83,96238.26618626516
190.84,96237.66605295675
190.85,96236.52049744489
190.86,96238.31327473717
190.87,96240.86267466958
190.88,96240.67346242616
190.89000000000001,96241.89097654588
190.9,96241.04066121754
190.91,96242.70998285286
190.92000000000002,96241.35535988878
190.93,96243.03620383362
190.94,96242.43929527512
190.95000000000002,96245.40449708348
190.96,96245.00906814559
190.97,96246.73097243365
190.98,96245.68904521491
190.99,96246.85118429916
191.0,96248.36008968881
191.01,96247.3936658521
191.02,96249.8148412558
191.03,96250.21313295992
191.04,96249.0478077538
191.05,96248.68557754588
191.06,96250.14606544902
191.07,96251.35978329783
191.08,96253.6795238408
191.09,96253.96725781656
191.1,96254.44777564213
191.11,96255.62787855868
191.12,96255.49405592916
191.13,96257.32005627555
191.14000000000001,96256.28379757771
191.15,96258.80821733788
191.16,96258.29187584014
191.17000000000002,96260.35154480676
191.18,96259.6664561838
191.19,96259.59339731798
191.20000000000002,96261.18180808365
191.21,96260.4314692691
191.22,96261.50850325305
191.23000000000002,96261.39460010504
191.24,96264.75857907698
191.25,96262.96384845566
191.26,96266.4455654909
191.27,96265.57535042113
191.28,96264.55264201468
191.29,96265.71668286317
191.3,96266.40577955014
191.31,96267.47318344642
191.32,96269.30247018042
191.33,96268.68055389619
191.34,96270.90163748217
191.35,96269.28599320215
191.36,96272.2870990447
191.37,96271.77818065087
191.38,96273.4485285244
191.39000000000001,96273.02469672222
191.4,96274.00135512547
191.41,96276.64836135521
191.42000000000002,96273.46665559172
191.43,96275.10292338817
191.44,96277.22287256728
191.45000000000002,96277.87037883104
191.46,96278.65852580858
191.47,96277.91581465674
191.48000000000002,96277.95637297527
191.49,96278.7477919167
191.5,96279.36671318182
191.51,96279.3402372776
191.52,96281.73337698638
191.53,96282.62748077646
191.54,96282.20329522298
191.55,96284.6518021949
191.56,96283.2646323415
191.57,96284.49690556241
191.58,96285.54079782641
191.59,96288.44016067428
191.6,96284.80618076258
191.61,96287.70623993549
191.62,96288.07806231914
191.63,96287.61227909761
191.64000000000001,96289.72856577362
191.65,96290.81171137096
191.66,96290.79235889277
191.67000000000002,96290.38524929107
191.68,96292.47505514948
191.69,96293.23442074907
191.70000000000002,96293.58000108821
191.71,96294.06103342421
191.72,96294.83639605183
191.73000000000002,96293.93519123363
191.74,96298.13836635616
191.75,96298.25491630935
191.76,96297.43413897918
191.77,96298.31292626204
191.78,96298.27318010376
191.79,96299.41344172946
191.8,96300.48450196588
191.81,96301.48994639673
191.82,96302.40017892781
191.83,96301.45995428853
191.84,96301.06863018812
191.85,96304.28158594698
191.86,96304.29229849143
191.87,96303.75798614598
191.88,96304.04188037924
191.89000000000001,96304.60563100723
191.9,96305.52220377467
191.91,96307.50270643836
191.92000000000002,96307.7468182888
191.93,96308.2140499919
191.94,96308.71053981762
191.95000000000002,96309.32793097274
191.96,96311.40770842548
191.97,96311.51237816748
191.98000000000002,96310.14046601616
191.99,96311.31330005293
192.0,96311.92508542539
192.01,96313.32832342263
192.02,96315.12428827558
192.03,96315.10536553194
192.04,96313.31165412816
192.05,96316.03160420341
192.06,96316.27613905977
192.07,96317.2717173556
192.08,96318.07826392211
192.09,96316.861840802
192.1,96320.33474018307
192.11,96320.12951616703
192.12,96319.48822799492
192.13,96320.79445610833
192.14000000000001,96321.63764095784
192.15,96323.44280544981
192.16,96324.01933294241
192.17000000000002,96324.77675251642
192.18,96323.66276187623
192.19,96324.85507917553
192.20000000000002,96326.06458770616
192.21,96325.47000693873
192.22,96326.8346890076
192.23000000000002,96327.15391357732
192.24,96327.11486574216
192.25,96327.17678396714
192.26,96330.44741578339
192.27,96329.6128738895
192.28,96330.1514907515
192.29,96330.41641698763
192.3,96331.566088191
192.31,96331.56520104308
192.32,96334.5104469773
192.33,96333.7675728331
192.34,96337.26274449668
192.35,96335.267492919
192.36,96335.71715878745
192.37,96335.34424863885
192.38,96338.33020658803
192.39000000000001,96336.61565265532
192.4,96338.39756844194
192.41,96337.9884745906
192.42000000000002,96339.60477819694
192.43,96339.50525687422
192.44,96341.83982853529
192.45000000000002,96341.08031324451
192.46,96341.55190430285
192.47,96342.65400836771
192.48000000000002,96344.9404446989
192.49,96345.14857256977
192.5,96343.37358600216
192.51,96344.29637520963
192.52,96347.0671850111
192.53,96347.50674703061
192.54,96346.98481647058
192.55,96348.22276985682
192.56,96350.46253923414
192.57,96349.75912646108
192.58,96351.14981197407
192.59,96351.72861185975
192.6,96350.87362156407
192.61,96351.3797290095
192.62,96353.88423042351
192.63,96354.12566514855
192.64000000000001,96352.81656656801
192.65,96352.56789522401
192.66,96356.39180362844
192.67000000000002,96354.83006678625
192.68,96355.36132659721
192.69,96356.25419195968
192.70000000000002,96357.63485704582
192.71,96357.76091738454
192.72,96359.54293988702
192.73000000000002,96360.32352833272
192.74,96360.97145599136
192.75,96361.96256444893
192.76,96364.63325737891
192.77,96362.1626733803
192.78,96363.63227814769
192.79,96362.3138705359
192.8,96363.61035235992
192.81,96364.6078658845
192.82,96365.09109256559
192.83,96364.99910021134
192.84,96367.16297553573
192.85,96366.68905014785
192.86,96368.08570205572
192.87,96368.09408293752
192.88,96369.91220727906
192.89000000000001,96369.71144505685
192.9,96369.38911490611
192.91,96371.40721000278
192.92000000000002,96372.1158193986
192.93,96373.96510397
192.94,96372.39143740082
192.95000000000002,96375.10283145406
192.96,96377.21006862611
192.97,96376.43249480608
192.98000000000002,96376.36017718085
192.99,96377.84113447154
193.0,96379.594865174
193.01,96379.16432377713
193.02,96379.14609937831
193.03,96378.80138404724
193.04,96380.71686404673
193.05,96382.37436814913
193.06,96383.01174857929
193.07,96381.45755330802
193.08,96383.3164878382
193.09,96382.21784577625
193.1,96384.50651057331
193.11,96384.86926027636
193.12,96384.32458107968
193.13,96385.70455508509
193.14000000000001,96389.96016600449
193.15,96386.77748559132
193.16,96389.01618699137
193.17000000000002,96389.8900647831
193.18,96389.71109595786
193.19,96390.67909530918
193.20000000000002,96390.74721183392
193.21,96389.1934120599
193.22,96390.45362818228
193.23000000000002,96391.5836947794
193.24,96392.0780482386
193.25,96393.79580510024
193.26,96393.7929160967
193.27,96397.00578709964
193.28,96396.95094696218
193.29,96396.23804387667
193.3,96397.6510938903
193.31,96396.74445434066
193.32,96399.69091351052
193.33,96398.95283446844
193.34,96398.64206999856
193.35,96398.90539857505
193.36,96400.77242839249
193.37,96401.83834982786
193.38,96402.79937293413
193.39000000000001,96402.7521571463
193.4,96403.7998281451
193.41,96403.67681189936
193.42000000000002,96405.9360159007
193.43,96405.41346919544
193.44,96407.12449872856
193.45000000000002,96407.33428988869
193.46,96407.27046600204
193.47,96408.43510801454
193.48000000000002,96406.74106420932
193.49,96408.0069376923
193.5,96409.66844042102
193.51,96410.37052375343
193.52,96410.12571483337
193.53,96411.78778482208
193.54,96413.20261949326
193.55,96412.53566182526
193.56,96414.26534151308
193.57,96413.86882480646
193.58,96415.86269219001
193.59,96416.07660897066
193.6,96415.96911880981
193.61,96416.34635065224
193.62,96416.53377133663
193.63,96419.2783076882
193.64000000000001,96416.92721018518
193.65,96419.14314207232
193.66,96419.71272251863
193.67000000000002,96421.14499094889
193.68,96421.53919864593
193.69,96422.29837155704
193.70000000000002,96422.86924243483
193.71,96422.08832820672
193.72,96423.80632776461
193.73000000000002,96424.87132590775
193.74,96424.87300994775
193.75,96425.69583021768
193.76,96427.24393028533
193.77,96428.63858355673
193.78,96426.56466809585
193.79,96429.09144524699
193.8,96429.61703752769
193.81,96430.16291625144
193.82,96431.25234174439
193.83,96432.38758385385
193.84,96430.46263213565
193.85,96432.64630047166
193.86,96431.82724668192
193.87,96433.44734394817
193.88,96433.40967171718
193.89000000000001,96432.4107441447
193.9,96438.35985867986
193.91,96437.78575249603
193.92000000000002,96437.52128910342
193.93,96440.12962408716
193.94,96437.54070529452
193.95000000000002,96438.79168241743
193.96,96438.77197581172
193.97,96438.85861403449
193.98000000000002,96442.88963334609
193.99,96441.78609302395
194.0,96441.95672304244
194.01,96442.01713446889
194.02,96442.83680966141
194.03,96444.75200255035
194.04,96443.66390148115
194.05,96444.77823443554
194.06,96444.93352823585
194.07,96448.01720069486
194.08,96447.55926176126
194.09,96447.2493945392
194.1,96447.90637344611
194.11,96448.69019150607
194.12,96448.60836411797
